category,uid,view,class,fg_ratio,bbox_width,bbox_height,bbox_area_ratio,path
bottle,00a64fb677b7f0d9d61e067672356ed1,front,ok,0.219036,456,180,0.313110,docs/tmp/bottle-blank-investigation/center_offset_rerender/bottle/00a64fb677b7f0d9d61e067672356ed1/front.png
bottle,00a64fb677b7f0d9d61e067672356ed1,left,ok,0.134949,119,367,0.166599,docs/tmp/bottle-blank-investigation/center_offset_rerender/bottle/00a64fb677b7f0d9d61e067672356ed1/left.png
bottle,00a64fb677b7f0d9d61e067672356ed1,back,ok,0.219238,457,180,0.313797,docs/tmp/bottle-blank-investigation/center_offset_rerender/bottle/00a64fb677b7f0d9d61e067672356ed1/back.png
bottle,00a64fb677b7f0d9d61e067672356ed1,right,ok,0.095413,78,388,0.115448,docs/tmp/bottle-blank-investigation/center_offset_rerender/bottle/00a64fb677b7f0d9d61e067672356ed1/right.png
bottle,00c47f45cd33a2960d332618824d01c6,front,ok,0.222233,463,144,0.254333,docs/tmp/bottle-blank-investigation/center_offset_rerender/bottle/00c47f45cd33a2960d332618824d01c6/front.png
bottle,00c47f45cd33a2960d332618824d01c6,left,ok,0.208969,216,352,0.290039,docs/tmp/bottle-blank-investigation/center_offset_rerender/bottle/00c47f45cd33a2960d332618824d01c6/left.png
bottle,00c47f45cd33a2960d332618824d01c6,back,ok,0.222191,463,144,0.254333,docs/tmp/bottle-blank-investigation/center_offset_rerender/bottle/00c47f45cd33a2960d332618824d01c6/back.png
bottle,00c47f45cd33a2960d332618824d01c6,right,ok,0.172176,162,356,0.220001,docs/tmp/bottle-blank-investigation/center_offset_rerender/bottle/00c47f45cd33a2960d332618824d01c6/right.png
bottle,013fb794b1f4679e24f57ca687b2a23c,front,ok,0.188049,457,142,0.247551,docs/tmp/bottle-blank-investigation/center_offset_rerender/bottle/013fb794b1f4679e24f57ca687b2a23c/front.png
bottle,013fb794b1f4679e24f57ca687b2a23c,left,ok,0.193531,206,345,0.271111,docs/tmp/bottle-blank-investigation/center_offset_rerender/bottle/013fb794b1f4679e24f57ca687b2a23c/left.png
bottle,013fb794b1f4679e24f57ca687b2a23c,back,ok,0.187626,458,142,0.248093,docs/tmp/bottle-blank-investigation/center_offset_rerender/bottle/013fb794b1f4679e24f57ca687b2a23c/back.png
bottle,013fb794b1f4679e24f57ca687b2a23c,right,ok,0.110809,136,366,0.189880,docs/tmp/bottle-blank-investigation/center_offset_rerender/bottle/013fb794b1f4679e24f57ca687b2a23c/right.png
bottle,0177d045454baecd84e25257f9642cc8,front,ok,0.182957,456,138,0.240051,docs/tmp/bottle-blank-investigation/center_offset_rerender/bottle/0177d045454baecd84e25257f9642cc8/front.png
bottle,0177d045454baecd84e25257f9642cc8,left,ok,0.164871,181,343,0.236828,docs/tmp/bottle-blank-investigation/center_offset_rerender/bottle/0177d045454baecd84e25257f9642cc8/left.png
bottle,0177d045454baecd84e25257f9642cc8,back,ok,0.187542,454,141,0.244194,docs/tmp/bottle-blank-investigation/center_offset_rerender/bottle/0177d045454baecd84e25257f9642cc8/back.png
bottle,0177d045454baecd84e25257f9642cc8,right,ok,0.109638,125,353,0.168324,docs/tmp/bottle-blank-investigation/center_offset_rerender/bottle/0177d045454baecd84e25257f9642cc8/right.png
bottle,019adc7dd73fdd009f4e3ab6804651b1,front,ok,0.428516,474,274,0.495438,docs/tmp/bottle-blank-investigation/center_offset_rerender/bottle/019adc7dd73fdd009f4e3ab6804651b1/front.png
bottle,019adc7dd73fdd009f4e3ab6804651b1,left,ok,0.407017,354,379,0.511803,docs/tmp/bottle-blank-investigation/center_offset_rerender/bottle/019adc7dd73fdd009f4e3ab6804651b1/left.png
bottle,019adc7dd73fdd009f4e3ab6804651b1,back,ok,0.433029,473,274,0.494392,docs/tmp/bottle-blank-investigation/center_offset_rerender/bottle/019adc7dd73fdd009f4e3ab6804651b1/back.png
bottle,019adc7dd73fdd009f4e3ab6804651b1,right,ok,0.357044,324,370,0.457306,docs/tmp/bottle-blank-investigation/center_offset_rerender/bottle/019adc7dd73fdd009f4e3ab6804651b1/right.png
bottle,01d1b94ffd9c81ce23d9ebdf423a6f03,front,ok,0.292252,480,173,0.316772,docs/tmp/bottle-blank-investigation/center_offset_rerender/bottle/01d1b94ffd9c81ce23d9ebdf423a6f03/front.png
bottle,01d1b94ffd9c81ce23d9ebdf423a6f03,left,ok,0.287903,292,370,0.412140,docs/tmp/bottle-blank-investigation/center_offset_rerender/bottle/01d1b94ffd9c81ce23d9ebdf423a6f03/left.png
bottle,01d1b94ffd9c81ce23d9ebdf423a6f03,back,ok,0.293598,480,173,0.316772,docs/tmp/bottle-blank-investigation/center_offset_rerender/bottle/01d1b94ffd9c81ce23d9ebdf423a6f03/back.png
bottle,01d1b94ffd9c81ce23d9ebdf423a6f03,right,ok,0.287884,294,370,0.414963,docs/tmp/bottle-blank-investigation/center_offset_rerender/bottle/01d1b94ffd9c81ce23d9ebdf423a6f03/right.png
bottle,01f27c1a96d01cb2529616358da2c7b8,front,ok,0.160381,473,114,0.205696,docs/tmp/bottle-blank-investigation/center_offset_rerender/bottle/01f27c1a96d01cb2529616358da2c7b8/front.png
bottle,01f27c1a96d01cb2529616358da2c7b8,left,ok,0.168941,184,354,0.248474,docs/tmp/bottle-blank-investigation/center_offset_rerender/bottle/01f27c1a96d01cb2529616358da2c7b8/left.png
bottle,01f27c1a96d01cb2529616358da2c7b8,back,ok,0.163620,474,112,0.202515,docs/tmp/bottle-blank-investigation/center_offset_rerender/bottle/01f27c1a96d01cb2529616358da2c7b8/back.png
bottle,01f27c1a96d01cb2529616358da2c7b8,right,ok,0.112823,124,351,0.166031,docs/tmp/bottle-blank-investigation/center_offset_rerender/bottle/01f27c1a96d01cb2529616358da2c7b8/right.png
bottle,0209ccaed35203f51af7df64971c6eaa,front,ok,0.200859,454,148,0.256317,docs/tmp/bottle-blank-investigation/center_offset_rerender/bottle/0209ccaed35203f51af7df64971c6eaa/front.png
bottle,0209ccaed35203f51af7df64971c6eaa,left,ok,0.188038,184,346,0.242859,docs/tmp/bottle-blank-investigation/center_offset_rerender/bottle/0209ccaed35203f51af7df64971c6eaa/left.png
bottle,0209ccaed35203f51af7df64971c6eaa,back,ok,0.201000,454,148,0.256317,docs/tmp/bottle-blank-investigation/center_offset_rerender/bottle/0209ccaed35203f51af7df64971c6eaa/back.png
bottle,0209ccaed35203f51af7df64971c6eaa,right,ok,0.155998,162,342,0.211349,docs/tmp/bottle-blank-investigation/center_offset_rerender/bottle/0209ccaed35203f51af7df64971c6eaa/right.png
bottle,02f0980a9d72f1f58f4ccbb5fca7b24b,front,ok,0.354164,450,217,0.372505,docs/tmp/bottle-blank-investigation/center_offset_rerender/bottle/02f0980a9d72f1f58f4ccbb5fca7b24b/front.png
bottle,02f0980a9d72f1f58f4ccbb5fca7b24b,left,ok,0.322647,308,381,0.447647,docs/tmp/bottle-blank-investigation/center_offset_rerender/bottle/02f0980a9d72f1f58f4ccbb5fca7b24b/left.png
bottle,02f0980a9d72f1f58f4ccbb5fca7b24b,back,ok,0.355686,450,217,0.372505,docs/tmp/bottle-blank-investigation/center_offset_rerender/bottle/02f0980a9d72f1f58f4ccbb5fca7b24b/back.png
bottle,02f0980a9d72f1f58f4ccbb5fca7b24b,right,ok,0.320000,308,381,0.447647,docs/tmp/bottle-blank-investigation/center_offset_rerender/bottle/02f0980a9d72f1f58f4ccbb5fca7b24b/right.png
bottle,03043a8cf7e5ef575be50a42b8521b7c,front,ok,0.190342,451,138,0.237419,docs/tmp/bottle-blank-investigation/center_offset_rerender/bottle/03043a8cf7e5ef575be50a42b8521b7c/front.png
bottle,03043a8cf7e5ef575be50a42b8521b7c,left,ok,0.157257,170,337,0.218544,docs/tmp/bottle-blank-investigation/center_offset_rerender/bottle/03043a8cf7e5ef575be50a42b8521b7c/left.png
bottle,03043a8cf7e5ef575be50a42b8521b7c,back,ok,0.189926,448,138,0.235840,docs/tmp/bottle-blank-investigation/center_offset_rerender/bottle/03043a8cf7e5ef575be50a42b8521b7c/back.png
bottle,03043a8cf7e5ef575be50a42b8521b7c,right,ok,0.128685,136,343,0.177948,docs/tmp/bottle-blank-investigation/center_offset_rerender/bottle/03043a8cf7e5ef575be50a42b8521b7c/right.png
bottle,0339a33c619fc45c0c171d9ac885e963,front,ok,0.195511,460,132,0.231628,docs/tmp/bottle-blank-investigation/center_offset_rerender/bottle/0339a33c619fc45c0c171d9ac885e963/front.png
bottle,0339a33c619fc45c0c171d9ac885e963,left,ok,0.184376,196,344,0.257202,docs/tmp/bottle-blank-investigation/center_offset_rerender/bottle/0339a33c619fc45c0c171d9ac885e963/left.png
bottle,0339a33c619fc45c0c171d9ac885e963,back,ok,0.196178,460,132,0.231628,docs/tmp/bottle-blank-investigation/center_offset_rerender/bottle/0339a33c619fc45c0c171d9ac885e963/back.png
bottle,0339a33c619fc45c0c171d9ac885e963,right,ok,0.142128,140,346,0.184784,docs/tmp/bottle-blank-investigation/center_offset_rerender/bottle/0339a33c619fc45c0c171d9ac885e963/right.png
bottle,0341504615d325859cc11d0ef706c48f,front,ok,0.345413,450,216,0.370789,docs/tmp/bottle-blank-investigation/center_offset_rerender/bottle/0341504615d325859cc11d0ef706c48f/front.png
bottle,0341504615d325859cc11d0ef706c48f,left,ok,0.318279,308,381,0.447647,docs/tmp/bottle-blank-investigation/center_offset_rerender/bottle/0341504615d325859cc11d0ef706c48f/left.png
bottle,0341504615d325859cc11d0ef706c48f,back,ok,0.343697,450,217,0.372505,docs/tmp/bottle-blank-investigation/center_offset_rerender/bottle/0341504615d325859cc11d0ef706c48f/back.png
bottle,0341504615d325859cc11d0ef706c48f,right,ok,0.317295,308,381,0.447647,docs/tmp/bottle-blank-investigation/center_offset_rerender/bottle/0341504615d325859cc11d0ef706c48f/right.png
bottle,0356ec2c0ef1e9c927ffee0c63e2afeb,front,ok,0.356163,338,303,0.390678,docs/tmp/bottle-blank-investigation/center_offset_rerender/bottle/0356ec2c0ef1e9c927ffee0c63e2afeb/front.png
bottle,0356ec2c0ef1e9c927ffee0c63e2afeb,left,ok,0.247013,274,399,0.417046,docs/tmp/bottle-blank-investigation/center_offset_rerender/bottle/0356ec2c0ef1e9c927ffee0c63e2afeb/left.png
bottle,0356ec2c0ef1e9c927ffee0c63e2afeb,back,ok,0.335121,338,303,0.390678,docs/tmp/bottle-blank-investigation/center_offset_rerender/bottle/0356ec2c0ef1e9c927ffee0c63e2afeb/back.png
bottle,0356ec2c0ef1e9c927ffee0c63e2afeb,right,ok,0.310677,274,399,0.417046,docs/tmp/bottle-blank-investigation/center_offset_rerender/bottle/0356ec2c0ef1e9c927ffee0c63e2afeb/right.png
bottle,037516885a561ef351ba52791ae2a8f5,front,ok,0.267590,450,199,0.341606,docs/tmp/bottle-blank-investigation/center_offset_rerender/bottle/037516885a561ef351ba52791ae2a8f5/front.png
bottle,037516885a561ef351ba52791ae2a8f5,left,ok,0.220730,204,351,0.273148,docs/tmp/bottle-blank-investigation/center_offset_rerender/bottle/037516885a561ef351ba52791ae2a8f5/left.png
bottle,037516885a561ef351ba52791ae2a8f5,back,ok,0.267628,450,199,0.341606,docs/tmp/bottle-blank-investigation/center_offset_rerender/bottle/037516885a561ef351ba52791ae2a8f5/back.png
bottle,037516885a561ef351ba52791ae2a8f5,right,ok,0.152542,152,356,0.206421,docs/tmp/bottle-blank-investigation/center_offset_rerender/bottle/037516885a561ef351ba52791ae2a8f5/right.png
bottle,037dac1784b9b49466b937b09bbb0f88,front,ok,0.206192,458,151,0.263817,docs/tmp/bottle-blank-investigation/center_offset_rerender/bottle/037dac1784b9b49466b937b09bbb0f88/front.png
bottle,037dac1784b9b49466b937b09bbb0f88,left,ok,0.186783,195,355,0.264072,docs/tmp/bottle-blank-investigation/center_offset_rerender/bottle/037dac1784b9b49466b937b09bbb0f88/left.png
bottle,037dac1784b9b49466b937b09bbb0f88,back,ok,0.206985,459,151,0.264393,docs/tmp/bottle-blank-investigation/center_offset_rerender/bottle/037dac1784b9b49466b937b09bbb0f88/back.png
bottle,037dac1784b9b49466b937b09bbb0f88,right,ok,0.124722,127,355,0.171986,docs/tmp/bottle-blank-investigation/center_offset_rerender/bottle/037dac1784b9b49466b937b09bbb0f88/right.png
bottle,03b79735c14a4f0cbfa26b9b4fcabd14,front,ok,0.165985,473,114,0.205696,docs/tmp/bottle-blank-investigation/center_offset_rerender/bottle/03b79735c14a4f0cbfa26b9b4fcabd14/front.png
bottle,03b79735c14a4f0cbfa26b9b4fcabd14,left,ok,0.170094,184,354,0.248474,docs/tmp/bottle-blank-investigation/center_offset_rerender/bottle/03b79735c14a4f0cbfa26b9b4fcabd14/left.png
bottle,03b79735c14a4f0cbfa26b9b4fcabd14,back,ok,0.164116,474,112,0.202515,docs/tmp/bottle-blank-investigation/center_offset_rerender/bottle/03b79735c14a4f0cbfa26b9b4fcabd14/back.png
bottle,03b79735c14a4f0cbfa26b9b4fcabd14,right,ok,0.113533,124,351,0.166031,docs/tmp/bottle-blank-investigation/center_offset_rerender/bottle/03b79735c14a4f0cbfa26b9b4fcabd14/right.png
bottle,04194c8895e27440af7cfb84ed0110aa,front,ok,0.188019,456,141,0.245270,docs/tmp/bottle-blank-investigation/center_offset_rerender/bottle/04194c8895e27440af7cfb84ed0110aa/front.png
bottle,04194c8895e27440af7cfb84ed0110aa,left,ok,0.166378,180,348,0.238953,docs/tmp/bottle-blank-investigation/center_offset_rerender/bottle/04194c8895e27440af7cfb84ed0110aa/left.png
bottle,04194c8895e27440af7cfb84ed0110aa,back,ok,0.183311,457,138,0.240578,docs/tmp/bottle-blank-investigation/center_offset_rerender/bottle/04194c8895e27440af7cfb84ed0110aa/back.png
bottle,04194c8895e27440af7cfb84ed0110aa,right,ok,0.108089,126,346,0.166306,docs/tmp/bottle-blank-investigation/center_offset_rerender/bottle/04194c8895e27440af7cfb84ed0110aa/right.png
bottle,04304efee0b4c6d92955b112f9325ad5,front,ok,0.152161,474,108,0.195282,docs/tmp/bottle-blank-investigation/center_offset_rerender/bottle/04304efee0b4c6d92955b112f9325ad5/front.png
bottle,04304efee0b4c6d92955b112f9325ad5,left,ok,0.159245,173,354,0.233620,docs/tmp/bottle-blank-investigation/center_offset_rerender/bottle/04304efee0b4c6d92955b112f9325ad5/left.png
bottle,04304efee0b4c6d92955b112f9325ad5,back,ok,0.154789,475,106,0.192070,docs/tmp/bottle-blank-investigation/center_offset_rerender/bottle/04304efee0b4c6d92955b112f9325ad5/back.png
bottle,04304efee0b4c6d92955b112f9325ad5,right,ok,0.106255,117,350,0.156212,docs/tmp/bottle-blank-investigation/center_offset_rerender/bottle/04304efee0b4c6d92955b112f9325ad5/right.png
bottle,0462e9b454b32ce7036005d6f9f3201e,front,ok,0.354614,450,217,0.372505,docs/tmp/bottle-blank-investigation/center_offset_rerender/bottle/0462e9b454b32ce7036005d6f9f3201e/front.png
bottle,0462e9b454b32ce7036005d6f9f3201e,left,ok,0.320908,308,381,0.447647,docs/tmp/bottle-blank-investigation/center_offset_rerender/bottle/0462e9b454b32ce7036005d6f9f3201e/left.png
bottle,0462e9b454b32ce7036005d6f9f3201e,back,ok,0.354576,450,217,0.372505,docs/tmp/bottle-blank-investigation/center_offset_rerender/bottle/0462e9b454b32ce7036005d6f9f3201e/back.png
bottle,0462e9b454b32ce7036005d6f9f3201e,right,ok,0.319584,308,381,0.447647,docs/tmp/bottle-blank-investigation/center_offset_rerender/bottle/0462e9b454b32ce7036005d6f9f3201e/right.png
bottle,0498dea42b160a172c69aabf75503a8d,front,ok,0.190342,451,138,0.237419,docs/tmp/bottle-blank-investigation/center_offset_rerender/bottle/0498dea42b160a172c69aabf75503a8d/front.png
bottle,0498dea42b160a172c69aabf75503a8d,left,ok,0.157257,170,337,0.218544,docs/tmp/bottle-blank-investigation/center_offset_rerender/bottle/0498dea42b160a172c69aabf75503a8d/left.png
bottle,0498dea42b160a172c69aabf75503a8d,back,ok,0.189926,448,138,0.235840,docs/tmp/bottle-blank-investigation/center_offset_rerender/bottle/0498dea42b160a172c69aabf75503a8d/back.png
bottle,0498dea42b160a172c69aabf75503a8d,right,ok,0.128685,136,343,0.177948,docs/tmp/bottle-blank-investigation/center_offset_rerender/bottle/0498dea42b160a172c69aabf75503a8d/right.png
bottle,04a98b437b4441d2480ac8b9327d5b34,front,ok,0.232044,430,185,0.303459,docs/tmp/bottle-blank-investigation/center_offset_rerender/bottle/04a98b437b4441d2480ac8b9327d5b34/front.png
bottle,04a98b437b4441d2480ac8b9327d5b34,left,ok,0.268463,296,320,0.361328,docs/tmp/bottle-blank-investigation/center_offset_rerender/bottle/04a98b437b4441d2480ac8b9327d5b34/left.png
bottle,04a98b437b4441d2480ac8b9327d5b34,back,ok,0.247547,431,186,0.305809,docs/tmp/bottle-blank-investigation/center_offset_rerender/bottle/04a98b437b4441d2480ac8b9327d5b34/back.png
bottle,04a98b437b4441d2480ac8b9327d5b34,right,ok,0.184059,224,326,0.278564,docs/tmp/bottle-blank-investigation/center_offset_rerender/bottle/04a98b437b4441d2480ac8b9327d5b34/right.png
bottle,04e73f686839e1b3cc45007dd1c38d20,front,ok,0.152893,466,117,0.207985,docs/tmp/bottle-blank-investigation/center_offset_rerender/bottle/04e73f686839e1b3cc45007dd1c38d20/front.png
bottle,04e73f686839e1b3cc45007dd1c38d20,left,ok,0.139286,152,351,0.203522,docs/tmp/bottle-blank-investigation/center_offset_rerender/bottle/04e73f686839e1b3cc45007dd1c38d20/left.png
bottle,04e73f686839e1b3cc45007dd1c38d20,back,ok,0.153244,466,117,0.207985,docs/tmp/bottle-blank-investigation/center_offset_rerender/bottle/04e73f686839e1b3cc45007dd1c38d20/back.png
bottle,04e73f686839e1b3cc45007dd1c38d20,right,ok,0.090076,88,350,0.117493,docs/tmp/bottle-blank-investigation/center_offset_rerender/bottle/04e73f686839e1b3cc45007dd1c38d20/right.png
bottle,05845c789b8d5abd2580bd8f1c86aca3,front,ok,0.354618,450,217,0.372505,docs/tmp/bottle-blank-investigation/center_offset_rerender/bottle/05845c789b8d5abd2580bd8f1c86aca3/front.png
bottle,05845c789b8d5abd2580bd8f1c86aca3,left,ok,0.320824,308,381,0.447647,docs/tmp/bottle-blank-investigation/center_offset_rerender/bottle/05845c789b8d5abd2580bd8f1c86aca3/left.png
bottle,05845c789b8d5abd2580bd8f1c86aca3,back,ok,0.352222,450,217,0.372505,docs/tmp/bottle-blank-investigation/center_offset_rerender/bottle/05845c789b8d5abd2580bd8f1c86aca3/back.png
bottle,05845c789b8d5abd2580bd8f1c86aca3,right,ok,0.320774,308,381,0.447647,docs/tmp/bottle-blank-investigation/center_offset_rerender/bottle/05845c789b8d5abd2580bd8f1c86aca3/right.png
bottle,058a7f81dfdaf957fba5eda7caa38358,front,ok,0.353996,436,224,0.372559,docs/tmp/bottle-blank-investigation/center_offset_rerender/bottle/058a7f81dfdaf957fba5eda7caa38358/front.png
bottle,058a7f81dfdaf957fba5eda7caa38358,left,ok,0.320190,308,376,0.441772,docs/tmp/bottle-blank-investigation/center_offset_rerender/bottle/058a7f81dfdaf957fba5eda7caa38358/left.png
bottle,058a7f81dfdaf957fba5eda7caa38358,back,ok,0.354004,436,224,0.372559,docs/tmp/bottle-blank-investigation/center_offset_rerender/bottle/058a7f81dfdaf957fba5eda7caa38358/back.png
bottle,058a7f81dfdaf957fba5eda7caa38358,right,ok,0.318375,308,376,0.441772,docs/tmp/bottle-blank-investigation/center_offset_rerender/bottle/058a7f81dfdaf957fba5eda7caa38358/right.png
bottle,05b2ac9d79338e1744ac82ea0a700195,front,ok,0.189617,451,138,0.237419,docs/tmp/bottle-blank-investigation/center_offset_rerender/bottle/05b2ac9d79338e1744ac82ea0a700195/front.png
bottle,05b2ac9d79338e1744ac82ea0a700195,left,ok,0.157158,170,337,0.218544,docs/tmp/bottle-blank-investigation/center_offset_rerender/bottle/05b2ac9d79338e1744ac82ea0a700195/left.png
bottle,05b2ac9d79338e1744ac82ea0a700195,back,ok,0.189922,448,138,0.235840,docs/tmp/bottle-blank-investigation/center_offset_rerender/bottle/05b2ac9d79338e1744ac82ea0a700195/back.png
bottle,05b2ac9d79338e1744ac82ea0a700195,right,ok,0.128685,136,343,0.177948,docs/tmp/bottle-blank-investigation/center_offset_rerender/bottle/05b2ac9d79338e1744ac82ea0a700195/right.png
bottle,05b338342eb597089839390f5ee422d1,front,ok,0.315689,437,209,0.348408,docs/tmp/bottle-blank-investigation/center_offset_rerender/bottle/05b338342eb597089839390f5ee422d1/front.png
bottle,05b338342eb597089839390f5ee422d1,left,ok,0.311359,324,347,0.428879,docs/tmp/bottle-blank-investigation/center_offset_rerender/bottle/05b338342eb597089839390f5ee422d1/left.png
bottle,05b338342eb597089839390f5ee422d1,back,ok,0.315735,437,209,0.348408,docs/tmp/bottle-blank-investigation/center_offset_rerender/bottle/05b338342eb597089839390f5ee422d1/back.png
bottle,05b338342eb597089839390f5ee422d1,right,ok,0.299591,292,352,0.392090,docs/tmp/bottle-blank-investigation/center_offset_rerender/bottle/05b338342eb597089839390f5ee422d1/right.png
bottle,06a8c1b150642fe7a850aabab1360407,front,ok,0.285248,479,162,0.296013,docs/tmp/bottle-blank-investigation/center_offset_rerender/bottle/06a8c1b150642fe7a850aabab1360407/front.png
bottle,06a8c1b150642fe7a850aabab1360407,left,ok,0.250587,240,382,0.349731,docs/tmp/bottle-blank-investigation/center_offset_rerender/bottle/06a8c1b150642fe7a850aabab1360407/left.png
bottle,06a8c1b150642fe7a850aabab1360407,back,ok,0.285633,479,164,0.299667,docs/tmp/bottle-blank-investigation/center_offset_rerender/bottle/06a8c1b150642fe7a850aabab1360407/back.png
bottle,06a8c1b150642fe7a850aabab1360407,right,ok,0.254978,246,382,0.358475,docs/tmp/bottle-blank-investigation/center_offset_rerender/bottle/06a8c1b150642fe7a850aabab1360407/right.png
bottle,072394c41d664826d195377b0e96a84f,front,ok,0.179180,460,121,0.212326,docs/tmp/bottle-blank-investigation/center_offset_rerender/bottle/072394c41d664826d195377b0e96a84f/front.png
bottle,072394c41d664826d195377b0e96a84f,left,ok,0.177753,192,336,0.246094,docs/tmp/bottle-blank-investigation/center_offset_rerender/bottle/072394c41d664826d195377b0e96a84f/left.png
bottle,072394c41d664826d195377b0e96a84f,back,ok,0.179493,460,121,0.212326,docs/tmp/bottle-blank-investigation/center_offset_rerender/bottle/072394c41d664826d195377b0e96a84f/back.png
bottle,072394c41d664826d195377b0e96a84f,right,ok,0.130013,140,337,0.179977,docs/tmp/bottle-blank-investigation/center_offset_rerender/bottle/072394c41d664826d195377b0e96a84f/right.png
bottle,07249a8ffce099b71b995ad9b8e15cd1,front,ok,0.115448,417,132,0.209976,docs/tmp/bottle-blank-investigation/center_offset_rerender/bottle/07249a8ffce099b71b995ad9b8e15cd1/front.png
bottle,07249a8ffce099b71b995ad9b8e15cd1,left,ok,0.077801,120,391,0.178986,docs/tmp/bottle-blank-investigation/center_offset_rerender/bottle/07249a8ffce099b71b995ad9b8e15cd1/left.png
bottle,07249a8ffce099b71b995ad9b8e15cd1,back,ok,0.119961,439,173,0.289715,docs/tmp/bottle-blank-investigation/center_offset_rerender/bottle/07249a8ffce099b71b995ad9b8e15cd1/back.png
bottle,07249a8ffce099b71b995ad9b8e15cd1,right,ok,0.132408,150,280,0.160217,docs/tmp/bottle-blank-investigation/center_offset_rerender/bottle/07249a8ffce099b71b995ad9b8e15cd1/right.png
bottle,073eb262d3d51b6d9ec1169f28e7538e,front,ok,0.194447,456,142,0.247009,docs/tmp/bottle-blank-investigation/center_offset_rerender/bottle/073eb262d3d51b6d9ec1169f28e7538e/front.png
bottle,073eb262d3d51b6d9ec1169f28e7538e,left,ok,0.178207,174,345,0.228996,docs/tmp/bottle-blank-investigation/center_offset_rerender/bottle/073eb262d3d51b6d9ec1169f28e7538e/left.png
bottle,073eb262d3d51b6d9ec1169f28e7538e,back,ok,0.194538,456,142,0.247009,docs/tmp/bottle-blank-investigation/center_offset_rerender/bottle/073eb262d3d51b6d9ec1169f28e7538e/back.png
bottle,073eb262d3d51b6d9ec1169f28e7538e,right,ok,0.149693,148,342,0.193085,docs/tmp/bottle-blank-investigation/center_offset_rerender/bottle/073eb262d3d51b6d9ec1169f28e7538e/right.png
bottle,0750fed0e04fbbdf4eb0599642ec7b0a,front,ok,0.305790,468,184,0.328491,docs/tmp/bottle-blank-investigation/center_offset_rerender/bottle/0750fed0e04fbbdf4eb0599642ec7b0a/front.png
bottle,0750fed0e04fbbdf4eb0599642ec7b0a,left,ok,0.266193,254,380,0.368195,docs/tmp/bottle-blank-investigation/center_offset_rerender/bottle/0750fed0e04fbbdf4eb0599642ec7b0a/left.png
bottle,0750fed0e04fbbdf4eb0599642ec7b0a,back,ok,0.305813,468,184,0.328491,docs/tmp/bottle-blank-investigation/center_offset_rerender/bottle/0750fed0e04fbbdf4eb0599642ec7b0a/back.png
bottle,0750fed0e04fbbdf4eb0599642ec7b0a,right,ok,0.280468,277,380,0.401535,docs/tmp/bottle-blank-investigation/center_offset_rerender/bottle/0750fed0e04fbbdf4eb0599642ec7b0a/right.png
bottle,0763828f5dabd43d4e3a35703b82f1c1,front,ok,0.194450,456,142,0.247009,docs/tmp/bottle-blank-investigation/center_offset_rerender/bottle/0763828f5dabd43d4e3a35703b82f1c1/front.png
bottle,0763828f5dabd43d4e3a35703b82f1c1,left,ok,0.178207,174,345,0.228996,docs/tmp/bottle-blank-investigation/center_offset_rerender/bottle/0763828f5dabd43d4e3a35703b82f1c1/left.png
bottle,0763828f5dabd43d4e3a35703b82f1c1,back,ok,0.194542,456,142,0.247009,docs/tmp/bottle-blank-investigation/center_offset_rerender/bottle/0763828f5dabd43d4e3a35703b82f1c1/back.png
bottle,0763828f5dabd43d4e3a35703b82f1c1,right,ok,0.149685,148,342,0.193085,docs/tmp/bottle-blank-investigation/center_offset_rerender/bottle/0763828f5dabd43d4e3a35703b82f1c1/right.png
bottle,0765634cfa63da5ddb8dac0ccfe2f8ba,front,ok,0.179218,460,121,0.212326,docs/tmp/bottle-blank-investigation/center_offset_rerender/bottle/0765634cfa63da5ddb8dac0ccfe2f8ba/front.png
bottle,0765634cfa63da5ddb8dac0ccfe2f8ba,left,ok,0.177750,192,336,0.246094,docs/tmp/bottle-blank-investigation/center_offset_rerender/bottle/0765634cfa63da5ddb8dac0ccfe2f8ba/left.png
bottle,0765634cfa63da5ddb8dac0ccfe2f8ba,back,ok,0.179497,460,121,0.212326,docs/tmp/bottle-blank-investigation/center_offset_rerender/bottle/0765634cfa63da5ddb8dac0ccfe2f8ba/back.png
bottle,0765634cfa63da5ddb8dac0ccfe2f8ba,right,ok,0.130013,140,337,0.179977,docs/tmp/bottle-blank-investigation/center_offset_rerender/bottle/0765634cfa63da5ddb8dac0ccfe2f8ba/right.png
bottle,079c605e553dc07a40a19c7c95402aff,front,ok,0.183006,446,135,0.229683,docs/tmp/bottle-blank-investigation/center_offset_rerender/bottle/079c605e553dc07a40a19c7c95402aff/front.png
bottle,079c605e553dc07a40a19c7c95402aff,left,ok,0.150810,162,332,0.205170,docs/tmp/bottle-blank-investigation/center_offset_rerender/bottle/079c605e553dc07a40a19c7c95402aff/left.png
bottle,079c605e553dc07a40a19c7c95402aff,back,ok,0.183784,449,135,0.231228,docs/tmp/bottle-blank-investigation/center_offset_rerender/bottle/079c605e553dc07a40a19c7c95402aff/back.png
bottle,079c605e553dc07a40a19c7c95402aff,right,ok,0.117073,134,336,0.171753,docs/tmp/bottle-blank-investigation/center_offset_rerender/bottle/079c605e553dc07a40a19c7c95402aff/right.png
bottle,08c39f48a87efb271053989885194f88,front,ok,0.187805,463,110,0.194283,docs/tmp/bottle-blank-investigation/center_offset_rerender/bottle/08c39f48a87efb271053989885194f88/front.png
bottle,08c39f48a87efb271053989885194f88,left,ok,0.148628,164,364,0.227722,docs/tmp/bottle-blank-investigation/center_offset_rerender/bottle/08c39f48a87efb271053989885194f88/left.png
bottle,08c39f48a87efb271053989885194f88,back,ok,0.142567,487,110,0.204353,docs/tmp/bottle-blank-investigation/center_offset_rerender/bottle/08c39f48a87efb271053989885194f88/back.png
bottle,08c39f48a87efb271053989885194f88,right,ok,0.117638,118,366,0.164749,docs/tmp/bottle-blank-investigation/center_offset_rerender/bottle/08c39f48a87efb271053989885194f88/right.png
bottle,08ea7b94c9ac25768b2ba447079bdee7,front,ok,0.160522,469,113,0.202168,docs/tmp/bottle-blank-investigation/center_offset_rerender/bottle/08ea7b94c9ac25768b2ba447079bdee7/front.png
bottle,08ea7b94c9ac25768b2ba447079bdee7,left,ok,0.143272,154,355,0.208549,docs/tmp/bottle-blank-investigation/center_offset_rerender/bottle/08ea7b94c9ac25768b2ba447079bdee7/left.png
bottle,08ea7b94c9ac25768b2ba447079bdee7,back,ok,0.148441,475,104,0.188446,docs/tmp/bottle-blank-investigation/center_offset_rerender/bottle/08ea7b94c9ac25768b2ba447079bdee7/back.png
bottle,08ea7b94c9ac25768b2ba447079bdee7,right,ok,0.096272,104,354,0.140442,docs/tmp/bottle-blank-investigation/center_offset_rerender/bottle/08ea7b94c9ac25768b2ba447079bdee7/right.png
bottle,09f92ed8c3ec29e040c019539ddd4453,front,ok,0.336864,441,213,0.358326,docs/tmp/bottle-blank-investigation/center_offset_rerender/bottle/09f92ed8c3ec29e040c019539ddd4453/front.png
bottle,09f92ed8c3ec29e040c019539ddd4453,left,ok,0.273205,264,375,0.377655,docs/tmp/bottle-blank-investigation/center_offset_rerender/bottle/09f92ed8c3ec29e040c019539ddd4453/left.png
bottle,09f92ed8c3ec29e040c019539ddd4453,back,ok,0.338177,441,214,0.360008,docs/tmp/bottle-blank-investigation/center_offset_rerender/bottle/09f92ed8c3ec29e040c019539ddd4453/back.png
bottle,09f92ed8c3ec29e040c019539ddd4453,right,ok,0.277191,248,386,0.365173,docs/tmp/bottle-blank-investigation/center_offset_rerender/bottle/09f92ed8c3ec29e040c019539ddd4453/right.png
bottle,0a1276eca5b792f6da5f45f67979d651,front,ok,0.189621,451,138,0.237419,docs/tmp/bottle-blank-investigation/center_offset_rerender/bottle/0a1276eca5b792f6da5f45f67979d651/front.png
bottle,0a1276eca5b792f6da5f45f67979d651,left,ok,0.157169,170,337,0.218544,docs/tmp/bottle-blank-investigation/center_offset_rerender/bottle/0a1276eca5b792f6da5f45f67979d651/left.png
bottle,0a1276eca5b792f6da5f45f67979d651,back,ok,0.189922,448,138,0.235840,docs/tmp/bottle-blank-investigation/center_offset_rerender/bottle/0a1276eca5b792f6da5f45f67979d651/back.png
bottle,0a1276eca5b792f6da5f45f67979d651,right,ok,0.128685,136,343,0.177948,docs/tmp/bottle-blank-investigation/center_offset_rerender/bottle/0a1276eca5b792f6da5f45f67979d651/right.png
bottle,0a60124c4691bf4e474efd3df1f953c5,front,ok,0.180462,465,120,0.212860,docs/tmp/bottle-blank-investigation/center_offset_rerender/bottle/0a60124c4691bf4e474efd3df1f953c5/front.png
bottle,0a60124c4691bf4e474efd3df1f953c5,left,ok,0.174511,186,345,0.244789,docs/tmp/bottle-blank-investigation/center_offset_rerender/bottle/0a60124c4691bf4e474efd3df1f953c5/left.png
bottle,0a60124c4691bf4e474efd3df1f953c5,back,ok,0.180679,465,120,0.212860,docs/tmp/bottle-blank-investigation/center_offset_rerender/bottle/0a60124c4691bf4e474efd3df1f953c5/back.png
bottle,0a60124c4691bf4e474efd3df1f953c5,right,ok,0.123993,126,343,0.164864,docs/tmp/bottle-blank-investigation/center_offset_rerender/bottle/0a60124c4691bf4e474efd3df1f953c5/right.png
bottle,0a61cd9607ac624c8d8cbdc7d3d602f9,front,ok,0.345894,436,224,0.372559,docs/tmp/bottle-blank-investigation/center_offset_rerender/bottle/0a61cd9607ac624c8d8cbdc7d3d602f9/front.png
bottle,0a61cd9607ac624c8d8cbdc7d3d602f9,left,ok,0.317371,308,376,0.441772,docs/tmp/bottle-blank-investigation/center_offset_rerender/bottle/0a61cd9607ac624c8d8cbdc7d3d602f9/left.png
bottle,0a61cd9607ac624c8d8cbdc7d3d602f9,back,ok,0.344807,436,224,0.372559,docs/tmp/bottle-blank-investigation/center_offset_rerender/bottle/0a61cd9607ac624c8d8cbdc7d3d602f9/back.png
bottle,0a61cd9607ac624c8d8cbdc7d3d602f9,right,ok,0.320911,308,376,0.441772,docs/tmp/bottle-blank-investigation/center_offset_rerender/bottle/0a61cd9607ac624c8d8cbdc7d3d602f9/right.png
bottle,0aee476bd8fbb3417e13d1d2286d5657,front,ok,0.183266,446,135,0.229683,docs/tmp/bottle-blank-investigation/center_offset_rerender/bottle/0aee476bd8fbb3417e13d1d2286d5657/front.png
bottle,0aee476bd8fbb3417e13d1d2286d5657,left,ok,0.150867,162,332,0.205170,docs/tmp/bottle-blank-investigation/center_offset_rerender/bottle/0aee476bd8fbb3417e13d1d2286d5657/left.png
bottle,0aee476bd8fbb3417e13d1d2286d5657,back,ok,0.183800,449,135,0.231228,docs/tmp/bottle-blank-investigation/center_offset_rerender/bottle/0aee476bd8fbb3417e13d1d2286d5657/back.png
bottle,0aee476bd8fbb3417e13d1d2286d5657,right,ok,0.117073,134,336,0.171753,docs/tmp/bottle-blank-investigation/center_offset_rerender/bottle/0aee476bd8fbb3417e13d1d2286d5657/right.png
bottle,0b2083a9e4764051fdce4a30629e7cb4,front,ok,0.227329,453,191,0.330059,docs/tmp/bottle-blank-investigation/center_offset_rerender/bottle/0b2083a9e4764051fdce4a30629e7cb4/front.png
bottle,0b2083a9e4764051fdce4a30629e7cb4,left,ok,0.142643,126,366,0.175919,docs/tmp/bottle-blank-investigation/center_offset_rerender/bottle/0b2083a9e4764051fdce4a30629e7cb4/left.png
bottle,0b2083a9e4764051fdce4a30629e7cb4,back,ok,0.227459,453,191,0.330059,docs/tmp/bottle-blank-investigation/center_offset_rerender/bottle/0b2083a9e4764051fdce4a30629e7cb4/back.png
bottle,0b2083a9e4764051fdce4a30629e7cb4,right,ok,0.099602,82,390,0.121994,docs/tmp/bottle-blank-investigation/center_offset_rerender/bottle/0b2083a9e4764051fdce4a30629e7cb4/right.png
bottle,0b7ae83a0d057f07d22c51015ff24b93,front,ok,0.341145,345,284,0.373764,docs/tmp/bottle-blank-investigation/center_offset_rerender/bottle/0b7ae83a0d057f07d22c51015ff24b93/front.png
bottle,0b7ae83a0d057f07d22c51015ff24b93,left,ok,0.354710,356,354,0.480743,docs/tmp/bottle-blank-investigation/center_offset_rerender/bottle/0b7ae83a0d057f07d22c51015ff24b93/left.png
bottle,0b7ae83a0d057f07d22c51015ff24b93,back,ok,0.340981,345,284,0.373764,docs/tmp/bottle-blank-investigation/center_offset_rerender/bottle/0b7ae83a0d057f07d22c51015ff24b93/back.png
bottle,0b7ae83a0d057f07d22c51015ff24b93,right,ok,0.324474,320,351,0.428467,docs/tmp/bottle-blank-investigation/center_offset_rerender/bottle/0b7ae83a0d057f07d22c51015ff24b93/right.png
bottle,0ba621123860758126764d301b88eedb,front,ok,0.179173,460,121,0.212326,docs/tmp/bottle-blank-investigation/center_offset_rerender/bottle/0ba621123860758126764d301b88eedb/front.png
bottle,0ba621123860758126764d301b88eedb,left,ok,0.177753,192,336,0.246094,docs/tmp/bottle-blank-investigation/center_offset_rerender/bottle/0ba621123860758126764d301b88eedb/left.png
bottle,0ba621123860758126764d301b88eedb,back,ok,0.179485,460,121,0.212326,docs/tmp/bottle-blank-investigation/center_offset_rerender/bottle/0ba621123860758126764d301b88eedb/back.png
bottle,0ba621123860758126764d301b88eedb,right,ok,0.130013,140,337,0.179977,docs/tmp/bottle-blank-investigation/center_offset_rerender/bottle/0ba621123860758126764d301b88eedb/right.png
bottle,0c4e9989779f890c3e51bb0c75684b40,front,ok,0.283100,365,267,0.371761,docs/tmp/bottle-blank-investigation/center_offset_rerender/bottle/0c4e9989779f890c3e51bb0c75684b40/front.png
bottle,0c4e9989779f890c3e51bb0c75684b40,left,ok,0.248322,238,374,0.339554,docs/tmp/bottle-blank-investigation/center_offset_rerender/bottle/0c4e9989779f890c3e51bb0c75684b40/left.png
bottle,0c4e9989779f890c3e51bb0c75684b40,back,ok,0.300907,365,267,0.371761,docs/tmp/bottle-blank-investigation/center_offset_rerender/bottle/0c4e9989779f890c3e51bb0c75684b40/back.png
bottle,0c4e9989779f890c3e51bb0c75684b40,right,ok,0.167122,188,353,0.253159,docs/tmp/bottle-blank-investigation/center_offset_rerender/bottle/0c4e9989779f890c3e51bb0c75684b40/right.png
bottle,0c97e9063ce3bed2d2850546d343ceb9,front,ok,0.179462,463,103,0.181919,docs/tmp/bottle-blank-investigation/center_offset_rerender/bottle/0c97e9063ce3bed2d2850546d343ceb9/front.png
bottle,0c97e9063ce3bed2d2850546d343ceb9,left,ok,0.141155,155,367,0.216999,docs/tmp/bottle-blank-investigation/center_offset_rerender/bottle/0c97e9063ce3bed2d2850546d343ceb9/left.png
bottle,0c97e9063ce3bed2d2850546d343ceb9,back,ok,0.144444,487,103,0.191349,docs/tmp/bottle-blank-investigation/center_offset_rerender/bottle/0c97e9063ce3bed2d2850546d343ceb9/back.png
bottle,0c97e9063ce3bed2d2850546d343ceb9,right,ok,0.103386,93,368,0.130554,docs/tmp/bottle-blank-investigation/center_offset_rerender/bottle/0c97e9063ce3bed2d2850546d343ceb9/right.png
bottle,0cc21839dfa4b700497ce735293ddaf9,front,ok,0.216373,453,158,0.273033,docs/tmp/bottle-blank-investigation/center_offset_rerender/bottle/0cc21839dfa4b700497ce735293ddaf9/front.png
bottle,0cc21839dfa4b700497ce735293ddaf9,left,ok,0.205276,222,346,0.293015,docs/tmp/bottle-blank-investigation/center_offset_rerender/bottle/0cc21839dfa4b700497ce735293ddaf9/left.png
bottle,0cc21839dfa4b700497ce735293ddaf9,back,ok,0.216427,453,158,0.273033,docs/tmp/bottle-blank-investigation/center_offset_rerender/bottle/0cc21839dfa4b700497ce735293ddaf9/back.png
bottle,0cc21839dfa4b700497ce735293ddaf9,right,ok,0.178272,158,354,0.213364,docs/tmp/bottle-blank-investigation/center_offset_rerender/bottle/0cc21839dfa4b700497ce735293ddaf9/right.png
bottle,0d1a65f865a30dccd20ae0163baba113,front,ok,0.291302,438,223,0.372597,docs/tmp/bottle-blank-investigation/center_offset_rerender/bottle/0d1a65f865a30dccd20ae0163baba113/front.png
bottle,0d1a65f865a30dccd20ae0163baba113,left,ok,0.253967,232,355,0.314178,docs/tmp/bottle-blank-investigation/center_offset_rerender/bottle/0d1a65f865a30dccd20ae0163baba113/left.png
bottle,0d1a65f865a30dccd20ae0163baba113,back,ok,0.291359,438,223,0.372597,docs/tmp/bottle-blank-investigation/center_offset_rerender/bottle/0d1a65f865a30dccd20ae0163baba113/back.png
bottle,0d1a65f865a30dccd20ae0163baba113,right,ok,0.175598,175,354,0.236320,docs/tmp/bottle-blank-investigation/center_offset_rerender/bottle/0d1a65f865a30dccd20ae0163baba113/right.png
bottle,0db16ac4cf36ae1cfac2c0ef0a1d3699,front,ok,0.382603,415,258,0.408440,docs/tmp/bottle-blank-investigation/center_offset_rerender/bottle/0db16ac4cf36ae1cfac2c0ef0a1d3699/front.png
bottle,0db16ac4cf36ae1cfac2c0ef0a1d3699,left,ok,0.282379,304,399,0.462708,docs/tmp/bottle-blank-investigation/center_offset_rerender/bottle/0db16ac4cf36ae1cfac2c0ef0a1d3699/left.png
bottle,0db16ac4cf36ae1cfac2c0ef0a1d3699,back,ok,0.379852,415,255,0.403690,docs/tmp/bottle-blank-investigation/center_offset_rerender/bottle/0db16ac4cf36ae1cfac2c0ef0a1d3699/back.png
bottle,0db16ac4cf36ae1cfac2c0ef0a1d3699,right,ok,0.285015,308,398,0.467621,docs/tmp/bottle-blank-investigation/center_offset_rerender/bottle/0db16ac4cf36ae1cfac2c0ef0a1d3699/right.png
bottle,0e188fa480272e2b5ec74ba0f5e6fae1,front,ok,0.327362,481,218,0.400002,docs/tmp/bottle-blank-investigation/center_offset_rerender/bottle/0e188fa480272e2b5ec74ba0f5e6fae1/front.png
bottle,0e188fa480272e2b5ec74ba0f5e6fae1,left,ok,0.309559,286,353,0.385124,docs/tmp/bottle-blank-investigation/center_offset_rerender/bottle/0e188fa480272e2b5ec74ba0f5e6fae1/left.png
bottle,0e188fa480272e2b5ec74ba0f5e6fae1,back,ok,0.327606,481,218,0.400002,docs/tmp/bottle-blank-investigation/center_offset_rerender/bottle/0e188fa480272e2b5ec74ba0f5e6fae1/back.png
bottle,0e188fa480272e2b5ec74ba0f5e6fae1,right,ok,0.226635,214,324,0.264496,docs/tmp/bottle-blank-investigation/center_offset_rerender/bottle/0e188fa480272e2b5ec74ba0f5e6fae1/right.png
bottle,0e98e028ae847119a085a038cd4dea91,front,ok,0.204617,440,154,0.258484,docs/tmp/bottle-blank-investigation/center_offset_rerender/bottle/0e98e028ae847119a085a038cd4dea91/front.png
bottle,0e98e028ae847119a085a038cd4dea91,left,ok,0.174568,186,332,0.235565,docs/tmp/bottle-blank-investigation/center_offset_rerender/bottle/0e98e028ae847119a085a038cd4dea91/left.png
bottle,0e98e028ae847119a085a038cd4dea91,back,ok,0.204941,437,154,0.256721,docs/tmp/bottle-blank-investigation/center_offset_rerender/bottle/0e98e028ae847119a085a038cd4dea91/back.png
bottle,0e98e028ae847119a085a038cd4dea91,right,ok,0.135456,154,334,0.196213,docs/tmp/bottle-blank-investigation/center_offset_rerender/bottle/0e98e028ae847119a085a038cd4dea91/right.png
bottle,0ee15fb3f91250556c10d8d22d329237,front,ok,0.107635,390,263,0.391273,docs/tmp/bottle-blank-investigation/center_offset_rerender/bottle/0ee15fb3f91250556c10d8d22d329237/front.png
bottle,0ee15fb3f91250556c10d8d22d329237,left,ok,0.076191,255,343,0.333652,docs/tmp/bottle-blank-investigation/center_offset_rerender/bottle/0ee15fb3f91250556c10d8d22d329237/left.png
bottle,0ee15fb3f91250556c10d8d22d329237,back,ok,0.072784,410,79,0.123558,docs/tmp/bottle-blank-investigation/center_offset_rerender/bottle/0ee15fb3f91250556c10d8d22d329237/back.png
bottle,0ee15fb3f91250556c10d8d22d329237,right,ok,0.061535,335,252,0.322037,docs/tmp/bottle-blank-investigation/center_offset_rerender/bottle/0ee15fb3f91250556c10d8d22d329237/right.png
bottle,0eff809f849f85bcfa5c9a39c1a12333,front,ok,0.366333,389,265,0.393238,docs/tmp/bottle-blank-investigation/center_offset_rerender/bottle/0eff809f849f85bcfa5c9a39c1a12333/front.png
bottle,0eff809f849f85bcfa5c9a39c1a12333,left,ok,0.337929,343,368,0.481506,docs/tmp/bottle-blank-investigation/center_offset_rerender/bottle/0eff809f849f85bcfa5c9a39c1a12333/left.png
bottle,0eff809f849f85bcfa5c9a39c1a12333,back,ok,0.367088,389,266,0.394722,docs/tmp/bottle-blank-investigation/center_offset_rerender/bottle/0eff809f849f85bcfa5c9a39c1a12333/back.png
bottle,0eff809f849f85bcfa5c9a39c1a12333,right,ok,0.349747,336,371,0.475525,docs/tmp/bottle-blank-investigation/center_offset_rerender/bottle/0eff809f849f85bcfa5c9a39c1a12333/right.png
bottle,0fb70473d8589649196e7c6b18839810,front,ok,0.200882,454,148,0.256317,docs/tmp/bottle-blank-investigation/center_offset_rerender/bottle/0fb70473d8589649196e7c6b18839810/front.png
bottle,0fb70473d8589649196e7c6b18839810,left,ok,0.188030,184,346,0.242859,docs/tmp/bottle-blank-investigation/center_offset_rerender/bottle/0fb70473d8589649196e7c6b18839810/left.png
bottle,0fb70473d8589649196e7c6b18839810,back,ok,0.200996,454,148,0.256317,docs/tmp/bottle-blank-investigation/center_offset_rerender/bottle/0fb70473d8589649196e7c6b18839810/back.png
bottle,0fb70473d8589649196e7c6b18839810,right,ok,0.156010,162,342,0.211349,docs/tmp/bottle-blank-investigation/center_offset_rerender/bottle/0fb70473d8589649196e7c6b18839810/right.png
bottle,0fe7d3e673c16959ec8a25527057639c,front,ok,0.172489,462,130,0.229111,docs/tmp/bottle-blank-investigation/center_offset_rerender/bottle/0fe7d3e673c16959ec8a25527057639c/front.png
bottle,0fe7d3e673c16959ec8a25527057639c,left,ok,0.191727,216,341,0.280975,docs/tmp/bottle-blank-investigation/center_offset_rerender/bottle/0fe7d3e673c16959ec8a25527057639c/left.png
bottle,0fe7d3e673c16959ec8a25527057639c,back,ok,0.172081,462,130,0.229111,docs/tmp/bottle-blank-investigation/center_offset_rerender/bottle/0fe7d3e673c16959ec8a25527057639c/back.png
bottle,0fe7d3e673c16959ec8a25527057639c,right,ok,0.119846,132,340,0.171204,docs/tmp/bottle-blank-investigation/center_offset_rerender/bottle/0fe7d3e673c16959ec8a25527057639c/right.png
bottle,104b97b50bf1113eb53c841b4e075fe2,front,ok,0.269024,466,180,0.319977,docs/tmp/bottle-blank-investigation/center_offset_rerender/bottle/104b97b50bf1113eb53c841b4e075fe2/front.png
bottle,104b97b50bf1113eb53c841b4e075fe2,left,ok,0.241737,232,346,0.306213,docs/tmp/bottle-blank-investigation/center_offset_rerender/bottle/104b97b50bf1113eb53c841b4e075fe2/left.png
bottle,104b97b50bf1113eb53c841b4e075fe2,back,ok,0.269241,466,181,0.321754,docs/tmp/bottle-blank-investigation/center_offset_rerender/bottle/104b97b50bf1113eb53c841b4e075fe2/back.png
bottle,104b97b50bf1113eb53c841b4e075fe2,right,ok,0.194443,186,353,0.250465,docs/tmp/bottle-blank-investigation/center_offset_rerender/bottle/104b97b50bf1113eb53c841b4e075fe2/right.png
bottle,10748e701e9dc2010f7e23f59d8e7dac,front,ok,0.172626,461,134,0.235649,docs/tmp/bottle-blank-investigation/center_offset_rerender/bottle/10748e701e9dc2010f7e23f59d8e7dac/front.png
bottle,10748e701e9dc2010f7e23f59d8e7dac,left,ok,0.147964,177,351,0.236996,docs/tmp/bottle-blank-investigation/center_offset_rerender/bottle/10748e701e9dc2010f7e23f59d8e7dac/left.png
bottle,10748e701e9dc2010f7e23f59d8e7dac,back,ok,0.171211,461,134,0.235649,docs/tmp/bottle-blank-investigation/center_offset_rerender/bottle/10748e701e9dc2010f7e23f59d8e7dac/back.png
bottle,10748e701e9dc2010f7e23f59d8e7dac,right,ok,0.101902,104,350,0.138855,docs/tmp/bottle-blank-investigation/center_offset_rerender/bottle/10748e701e9dc2010f7e23f59d8e7dac/right.png
bottle,109b1570e4a115f09050b71292fd6064,front,ok,0.200092,431,186,0.305809,docs/tmp/bottle-blank-investigation/center_offset_rerender/bottle/109b1570e4a115f09050b71292fd6064/front.png
bottle,109b1570e4a115f09050b71292fd6064,left,ok,0.267818,296,320,0.361328,docs/tmp/bottle-blank-investigation/center_offset_rerender/bottle/109b1570e4a115f09050b71292fd6064/left.png
bottle,109b1570e4a115f09050b71292fd6064,back,ok,0.248840,431,186,0.305809,docs/tmp/bottle-blank-investigation/center_offset_rerender/bottle/109b1570e4a115f09050b71292fd6064/back.png
bottle,109b1570e4a115f09050b71292fd6064,right,ok,0.184551,224,326,0.278564,docs/tmp/bottle-blank-investigation/center_offset_rerender/bottle/109b1570e4a115f09050b71292fd6064/right.png
bottle,1166b04acdc298b5f120e90e5c9e395a,front,ok,0.187229,456,139,0.241791,docs/tmp/bottle-blank-investigation/center_offset_rerender/bottle/1166b04acdc298b5f120e90e5c9e395a/front.png
bottle,1166b04acdc298b5f120e90e5c9e395a,left,ok,0.170235,183,346,0.241539,docs/tmp/bottle-blank-investigation/center_offset_rerender/bottle/1166b04acdc298b5f120e90e5c9e395a/left.png
bottle,1166b04acdc298b5f120e90e5c9e395a,back,ok,0.180653,456,137,0.238312,docs/tmp/bottle-blank-investigation/center_offset_rerender/bottle/1166b04acdc298b5f120e90e5c9e395a/back.png
bottle,1166b04acdc298b5f120e90e5c9e395a,right,ok,0.109669,128,347,0.169434,docs/tmp/bottle-blank-investigation/center_offset_rerender/bottle/1166b04acdc298b5f120e90e5c9e395a/right.png
bottle,12812d84b309468bf8ac3aeccd508a8d,front,ok,0.179462,463,103,0.181919,docs/tmp/bottle-blank-investigation/center_offset_rerender/bottle/12812d84b309468bf8ac3aeccd508a8d/front.png
bottle,12812d84b309468bf8ac3aeccd508a8d,left,ok,0.141155,155,367,0.216999,docs/tmp/bottle-blank-investigation/center_offset_rerender/bottle/12812d84b309468bf8ac3aeccd508a8d/left.png
bottle,12812d84b309468bf8ac3aeccd508a8d,back,ok,0.144444,487,103,0.191349,docs/tmp/bottle-blank-investigation/center_offset_rerender/bottle/12812d84b309468bf8ac3aeccd508a8d/back.png
bottle,12812d84b309468bf8ac3aeccd508a8d,right,ok,0.103382,93,368,0.130554,docs/tmp/bottle-blank-investigation/center_offset_rerender/bottle/12812d84b309468bf8ac3aeccd508a8d/right.png
bottle,12b1d1f84fc82dbc20eedfc54a3e5ce0,front,ok,0.222229,463,144,0.254333,docs/tmp/bottle-blank-investigation/center_offset_rerender/bottle/12b1d1f84fc82dbc20eedfc54a3e5ce0/front.png
bottle,12b1d1f84fc82dbc20eedfc54a3e5ce0,left,ok,0.208973,216,352,0.290039,docs/tmp/bottle-blank-investigation/center_offset_rerender/bottle/12b1d1f84fc82dbc20eedfc54a3e5ce0/left.png
bottle,12b1d1f84fc82dbc20eedfc54a3e5ce0,back,ok,0.222191,463,144,0.254333,docs/tmp/bottle-blank-investigation/center_offset_rerender/bottle/12b1d1f84fc82dbc20eedfc54a3e5ce0/back.png
bottle,12b1d1f84fc82dbc20eedfc54a3e5ce0,right,ok,0.172173,162,356,0.220001,docs/tmp/bottle-blank-investigation/center_offset_rerender/bottle/12b1d1f84fc82dbc20eedfc54a3e5ce0/right.png
bottle,12ce3b4db734ec1dbb0d32803717b730,front,ok,0.168285,455,120,0.208282,docs/tmp/bottle-blank-investigation/center_offset_rerender/bottle/12ce3b4db734ec1dbb0d32803717b730/front.png
bottle,12ce3b4db734ec1dbb0d32803717b730,left,ok,0.135429,146,339,0.188805,docs/tmp/bottle-blank-investigation/center_offset_rerender/bottle/12ce3b4db734ec1dbb0d32803717b730/left.png
bottle,12ce3b4db734ec1dbb0d32803717b730,back,ok,0.168774,457,120,0.209198,docs/tmp/bottle-blank-investigation/center_offset_rerender/bottle/12ce3b4db734ec1dbb0d32803717b730/back.png
bottle,12ce3b4db734ec1dbb0d32803717b730,right,ok,0.110451,118,342,0.153946,docs/tmp/bottle-blank-investigation/center_offset_rerender/bottle/12ce3b4db734ec1dbb0d32803717b730/right.png
bottle,135c62d3ad8b80f28272b42cf121a4c4,front,ok,0.186092,458,126,0.220139,docs/tmp/bottle-blank-investigation/center_offset_rerender/bottle/135c62d3ad8b80f28272b42cf121a4c4/front.png
bottle,135c62d3ad8b80f28272b42cf121a4c4,left,ok,0.177368,188,338,0.242401,docs/tmp/bottle-blank-investigation/center_offset_rerender/bottle/135c62d3ad8b80f28272b42cf121a4c4/left.png
bottle,135c62d3ad8b80f28272b42cf121a4c4,back,ok,0.186680,458,126,0.220139,docs/tmp/bottle-blank-investigation/center_offset_rerender/bottle/135c62d3ad8b80f28272b42cf121a4c4/back.png
bottle,135c62d3ad8b80f28272b42cf121a4c4,right,ok,0.129539,138,340,0.178986,docs/tmp/bottle-blank-investigation/center_offset_rerender/bottle/135c62d3ad8b80f28272b42cf121a4c4/right.png
bottle,1367a232d69997ba725a4ea5c366ef57,front,ok,0.138474,433,173,0.285755,docs/tmp/bottle-blank-investigation/center_offset_rerender/bottle/1367a232d69997ba725a4ea5c366ef57/front.png
bottle,1367a232d69997ba725a4ea5c366ef57,left,ok,0.129856,236,289,0.260178,docs/tmp/bottle-blank-investigation/center_offset_rerender/bottle/1367a232d69997ba725a4ea5c366ef57/left.png
bottle,1367a232d69997ba725a4ea5c366ef57,back,ok,0.147041,371,254,0.359474,docs/tmp/bottle-blank-investigation/center_offset_rerender/bottle/1367a232d69997ba725a4ea5c366ef57/back.png
bottle,1367a232d69997ba725a4ea5c366ef57,right,ok,0.123020,139,394,0.208916,docs/tmp/bottle-blank-investigation/center_offset_rerender/bottle/1367a232d69997ba725a4ea5c366ef57/right.png
bottle,13d4b97a7183f697eaddbbca1225271f,front,ok,0.260818,392,236,0.352905,docs/tmp/bottle-blank-investigation/center_offset_rerender/bottle/13d4b97a7183f697eaddbbca1225271f/front.png
bottle,13d4b97a7183f697eaddbbca1225271f,left,ok,0.305618,370,276,0.389557,docs/tmp/bottle-blank-investigation/center_offset_rerender/bottle/13d4b97a7183f697eaddbbca1225271f/left.png
bottle,13d4b97a7183f697eaddbbca1225271f,back,ok,0.263336,393,238,0.356804,docs/tmp/bottle-blank-investigation/center_offset_rerender/bottle/13d4b97a7183f697eaddbbca1225271f/back.png
bottle,13d4b97a7183f697eaddbbca1225271f,right,ok,0.222229,310,266,0.314560,docs/tmp/bottle-blank-investigation/center_offset_rerender/bottle/13d4b97a7183f697eaddbbca1225271f/right.png
bottle,13e92a453a3c5b2a2f64dbe1dddef527,front,ok,0.125046,454,119,0.206093,docs/tmp/bottle-blank-investigation/center_offset_rerender/bottle/13e92a453a3c5b2a2f64dbe1dddef527/front.png
bottle,13e92a453a3c5b2a2f64dbe1dddef527,left,ok,0.143021,170,334,0.216599,docs/tmp/bottle-blank-investigation/center_offset_rerender/bottle/13e92a453a3c5b2a2f64dbe1dddef527/left.png
bottle,13e92a453a3c5b2a2f64dbe1dddef527,back,ok,0.124886,454,119,0.206093,docs/tmp/bottle-blank-investigation/center_offset_rerender/bottle/13e92a453a3c5b2a2f64dbe1dddef527/back.png
bottle,13e92a453a3c5b2a2f64dbe1dddef527,right,ok,0.084061,108,327,0.134720,docs/tmp/bottle-blank-investigation/center_offset_rerender/bottle/13e92a453a3c5b2a2f64dbe1dddef527/right.png
bottle,1465436036dce99b9abe6e73919acb98,front,ok,0.354450,471,235,0.422230,docs/tmp/bottle-blank-investigation/center_offset_rerender/bottle/1465436036dce99b9abe6e73919acb98/front.png
bottle,1465436036dce99b9abe6e73919acb98,left,ok,0.319248,285,376,0.408783,docs/tmp/bottle-blank-investigation/center_offset_rerender/bottle/1465436036dce99b9abe6e73919acb98/left.png
bottle,1465436036dce99b9abe6e73919acb98,back,ok,0.354614,472,235,0.423126,docs/tmp/bottle-blank-investigation/center_offset_rerender/bottle/1465436036dce99b9abe6e73919acb98/back.png
bottle,1465436036dce99b9abe6e73919acb98,right,ok,0.220127,214,380,0.310211,docs/tmp/bottle-blank-investigation/center_offset_rerender/bottle/1465436036dce99b9abe6e73919acb98/right.png
bottle,14db6dba6c2648d663ffca700c88f1bc,front,ok,0.123619,463,109,0.192516,docs/tmp/bottle-blank-investigation/center_offset_rerender/bottle/14db6dba6c2648d663ffca700c88f1bc/front.png
bottle,14db6dba6c2648d663ffca700c88f1bc,left,ok,0.145721,169,342,0.220482,docs/tmp/bottle-blank-investigation/center_offset_rerender/bottle/14db6dba6c2648d663ffca700c88f1bc/left.png
bottle,14db6dba6c2648d663ffca700c88f1bc,back,ok,0.145878,465,108,0.191574,docs/tmp/bottle-blank-investigation/center_offset_rerender/bottle/14db6dba6c2648d663ffca700c88f1bc/back.png
bottle,14db6dba6c2648d663ffca700c88f1bc,right,ok,0.097553,114,340,0.147858,docs/tmp/bottle-blank-investigation/center_offset_rerender/bottle/14db6dba6c2648d663ffca700c88f1bc/right.png
bottle,14e22f109e4e9e0828c23267fd2c9cab,front,ok,0.216373,453,158,0.273033,docs/tmp/bottle-blank-investigation/center_offset_rerender/bottle/14e22f109e4e9e0828c23267fd2c9cab/front.png
bottle,14e22f109e4e9e0828c23267fd2c9cab,left,ok,0.205284,222,346,0.293015,docs/tmp/bottle-blank-investigation/center_offset_rerender/bottle/14e22f109e4e9e0828c23267fd2c9cab/left.png
bottle,14e22f109e4e9e0828c23267fd2c9cab,back,ok,0.216431,453,158,0.273033,docs/tmp/bottle-blank-investigation/center_offset_rerender/bottle/14e22f109e4e9e0828c23267fd2c9cab/back.png
bottle,14e22f109e4e9e0828c23267fd2c9cab,right,ok,0.178272,158,354,0.213364,docs/tmp/bottle-blank-investigation/center_offset_rerender/bottle/14e22f109e4e9e0828c23267fd2c9cab/right.png
bottle,14e4f070f7fc046970cd1dcb89751019,front,ok,0.264019,420,214,0.342865,docs/tmp/bottle-blank-investigation/center_offset_rerender/bottle/14e4f070f7fc046970cd1dcb89751019/front.png
bottle,14e4f070f7fc046970cd1dcb89751019,left,ok,0.272846,271,363,0.375263,docs/tmp/bottle-blank-investigation/center_offset_rerender/bottle/14e4f070f7fc046970cd1dcb89751019/left.png
bottle,14e4f070f7fc046970cd1dcb89751019,back,ok,0.304016,421,216,0.346893,docs/tmp/bottle-blank-investigation/center_offset_rerender/bottle/14e4f070f7fc046970cd1dcb89751019/back.png
bottle,14e4f070f7fc046970cd1dcb89751019,right,ok,0.245872,229,349,0.304874,docs/tmp/bottle-blank-investigation/center_offset_rerender/bottle/14e4f070f7fc046970cd1dcb89751019/right.png
bottle,150f07ef581cdf51107b76424594e60c,front,ok,0.222229,463,144,0.254333,docs/tmp/bottle-blank-investigation/center_offset_rerender/bottle/150f07ef581cdf51107b76424594e60c/front.png
bottle,150f07ef581cdf51107b76424594e60c,left,ok,0.208973,216,352,0.290039,docs/tmp/bottle-blank-investigation/center_offset_rerender/bottle/150f07ef581cdf51107b76424594e60c/left.png
bottle,150f07ef581cdf51107b76424594e60c,back,ok,0.222191,463,144,0.254333,docs/tmp/bottle-blank-investigation/center_offset_rerender/bottle/150f07ef581cdf51107b76424594e60c/back.png
bottle,150f07ef581cdf51107b76424594e60c,right,ok,0.172173,162,356,0.220001,docs/tmp/bottle-blank-investigation/center_offset_rerender/bottle/150f07ef581cdf51107b76424594e60c/right.png
bottle,15bde5d6b3cc94cbfab0206a439d47f9,front,ok,0.320976,478,207,0.377449,docs/tmp/bottle-blank-investigation/center_offset_rerender/bottle/15bde5d6b3cc94cbfab0206a439d47f9/front.png
bottle,15bde5d6b3cc94cbfab0206a439d47f9,left,ok,0.275364,248,377,0.356659,docs/tmp/bottle-blank-investigation/center_offset_rerender/bottle/15bde5d6b3cc94cbfab0206a439d47f9/left.png
bottle,15bde5d6b3cc94cbfab0206a439d47f9,back,ok,0.320782,478,207,0.377449,docs/tmp/bottle-blank-investigation/center_offset_rerender/bottle/15bde5d6b3cc94cbfab0206a439d47f9/back.png
bottle,15bde5d6b3cc94cbfab0206a439d47f9,right,ok,0.187042,184,380,0.266724,docs/tmp/bottle-blank-investigation/center_offset_rerender/bottle/15bde5d6b3cc94cbfab0206a439d47f9/right.png
bottle,15cfcc3dcbbc2a81263f61948a732997,front,ok,0.316162,375,241,0.344753,docs/tmp/bottle-blank-investigation/center_offset_rerender/bottle/15cfcc3dcbbc2a81263f61948a732997/front.png
bottle,15cfcc3dcbbc2a81263f61948a732997,left,ok,0.324387,322,360,0.442200,docs/tmp/bottle-blank-investigation/center_offset_rerender/bottle/15cfcc3dcbbc2a81263f61948a732997/left.png
bottle,15cfcc3dcbbc2a81263f61948a732997,back,ok,0.315300,375,240,0.343323,docs/tmp/bottle-blank-investigation/center_offset_rerender/bottle/15cfcc3dcbbc2a81263f61948a732997/back.png
bottle,15cfcc3dcbbc2a81263f61948a732997,right,ok,0.267666,286,328,0.357849,docs/tmp/bottle-blank-investigation/center_offset_rerender/bottle/15cfcc3dcbbc2a81263f61948a732997/right.png
bottle,15e612a610daa656ce14e5af83c681cc,front,ok,0.351913,450,217,0.372505,docs/tmp/bottle-blank-investigation/center_offset_rerender/bottle/15e612a610daa656ce14e5af83c681cc/front.png
bottle,15e612a610daa656ce14e5af83c681cc,left,ok,0.318840,308,381,0.447647,docs/tmp/bottle-blank-investigation/center_offset_rerender/bottle/15e612a610daa656ce14e5af83c681cc/left.png
bottle,15e612a610daa656ce14e5af83c681cc,back,ok,0.350784,450,217,0.372505,docs/tmp/bottle-blank-investigation/center_offset_rerender/bottle/15e612a610daa656ce14e5af83c681cc/back.png
bottle,15e612a610daa656ce14e5af83c681cc,right,ok,0.318703,308,381,0.447647,docs/tmp/bottle-blank-investigation/center_offset_rerender/bottle/15e612a610daa656ce14e5af83c681cc/right.png
bottle,16a0083bb45fb2a313314f918b545a5c,front,ok,0.168079,455,120,0.208282,docs/tmp/bottle-blank-investigation/center_offset_rerender/bottle/16a0083bb45fb2a313314f918b545a5c/front.png
bottle,16a0083bb45fb2a313314f918b545a5c,left,ok,0.135372,146,339,0.188805,docs/tmp/bottle-blank-investigation/center_offset_rerender/bottle/16a0083bb45fb2a313314f918b545a5c/left.png
bottle,16a0083bb45fb2a313314f918b545a5c,back,ok,0.168762,457,120,0.209198,docs/tmp/bottle-blank-investigation/center_offset_rerender/bottle/16a0083bb45fb2a313314f918b545a5c/back.png
bottle,16a0083bb45fb2a313314f918b545a5c,right,ok,0.110451,118,342,0.153946,docs/tmp/bottle-blank-investigation/center_offset_rerender/bottle/16a0083bb45fb2a313314f918b545a5c/right.png
bottle,173e246d5eb10f81265e2c174de2101d,front,ok,0.302425,256,335,0.327148,docs/tmp/bottle-blank-investigation/center_offset_rerender/bottle/173e246d5eb10f81265e2c174de2101d/front.png
bottle,173e246d5eb10f81265e2c174de2101d,left,ok,0.302326,274,380,0.397186,docs/tmp/bottle-blank-investigation/center_offset_rerender/bottle/173e246d5eb10f81265e2c174de2101d/left.png
bottle,173e246d5eb10f81265e2c174de2101d,back,ok,0.302662,256,335,0.327148,docs/tmp/bottle-blank-investigation/center_offset_rerender/bottle/173e246d5eb10f81265e2c174de2101d/back.png
bottle,173e246d5eb10f81265e2c174de2101d,right,ok,0.323055,288,391,0.429565,docs/tmp/bottle-blank-investigation/center_offset_rerender/bottle/173e246d5eb10f81265e2c174de2101d/right.png
bottle,17ac376d5d0707d8a88b478f7feae2e8,front,ok,0.192200,456,145,0.252228,docs/tmp/bottle-blank-investigation/center_offset_rerender/bottle/17ac376d5d0707d8a88b478f7feae2e8/front.png
bottle,17ac376d5d0707d8a88b478f7feae2e8,left,ok,0.197334,212,344,0.278198,docs/tmp/bottle-blank-investigation/center_offset_rerender/bottle/17ac376d5d0707d8a88b478f7feae2e8/left.png
bottle,17ac376d5d0707d8a88b478f7feae2e8,back,ok,0.191631,457,144,0.251038,docs/tmp/bottle-blank-investigation/center_offset_rerender/bottle/17ac376d5d0707d8a88b478f7feae2e8/back.png
bottle,17ac376d5d0707d8a88b478f7feae2e8,right,ok,0.113297,139,366,0.194069,docs/tmp/bottle-blank-investigation/center_offset_rerender/bottle/17ac376d5d0707d8a88b478f7feae2e8/right.png
bottle,18233e300e26431329241446c6384420,front,ok,0.318554,443,203,0.343052,docs/tmp/bottle-blank-investigation/center_offset_rerender/bottle/18233e300e26431329241446c6384420/front.png
bottle,18233e300e26431329241446c6384420,left,ok,0.260582,254,373,0.361412,docs/tmp/bottle-blank-investigation/center_offset_rerender/bottle/18233e300e26431329241446c6384420/left.png
bottle,18233e300e26431329241446c6384420,back,ok,0.315136,443,200,0.337982,docs/tmp/bottle-blank-investigation/center_offset_rerender/bottle/18233e300e26431329241446c6384420/back.png
bottle,18233e300e26431329241446c6384420,right,ok,0.248581,231,377,0.332211,docs/tmp/bottle-blank-investigation/center_offset_rerender/bottle/18233e300e26431329241446c6384420/right.png
bottle,1980626cc7c31888edd6eeeabdb4562f,front,ok,0.288250,480,173,0.316772,docs/tmp/bottle-blank-investigation/center_offset_rerender/bottle/1980626cc7c31888edd6eeeabdb4562f/front.png
bottle,1980626cc7c31888edd6eeeabdb4562f,left,ok,0.282013,292,370,0.412140,docs/tmp/bottle-blank-investigation/center_offset_rerender/bottle/1980626cc7c31888edd6eeeabdb4562f/left.png
bottle,1980626cc7c31888edd6eeeabdb4562f,back,ok,0.283371,479,173,0.316113,docs/tmp/bottle-blank-investigation/center_offset_rerender/bottle/1980626cc7c31888edd6eeeabdb4562f/back.png
bottle,1980626cc7c31888edd6eeeabdb4562f,right,ok,0.280102,294,370,0.414963,docs/tmp/bottle-blank-investigation/center_offset_rerender/bottle/1980626cc7c31888edd6eeeabdb4562f/right.png
bottle,1a3575502348211b805e7d75f19a1c65,front,ok,0.202271,452,137,0.236221,docs/tmp/bottle-blank-investigation/center_offset_rerender/bottle/1a3575502348211b805e7d75f19a1c65/front.png
bottle,1a3575502348211b805e7d75f19a1c65,left,ok,0.164642,172,348,0.228333,docs/tmp/bottle-blank-investigation/center_offset_rerender/bottle/1a3575502348211b805e7d75f19a1c65/left.png
bottle,1a3575502348211b805e7d75f19a1c65,back,ok,0.201588,452,137,0.236221,docs/tmp/bottle-blank-investigation/center_offset_rerender/bottle/1a3575502348211b805e7d75f19a1c65/back.png
bottle,1a3575502348211b805e7d75f19a1c65,right,ok,0.145180,148,341,0.192520,docs/tmp/bottle-blank-investigation/center_offset_rerender/bottle/1a3575502348211b805e7d75f19a1c65/right.png
bottle,1b2288e55a02b787656ccf1cecdf2525,front,ok,0.200119,431,186,0.305809,docs/tmp/bottle-blank-investigation/center_offset_rerender/bottle/1b2288e55a02b787656ccf1cecdf2525/front.png
bottle,1b2288e55a02b787656ccf1cecdf2525,left,ok,0.267815,296,320,0.361328,docs/tmp/bottle-blank-investigation/center_offset_rerender/bottle/1b2288e55a02b787656ccf1cecdf2525/left.png
bottle,1b2288e55a02b787656ccf1cecdf2525,back,ok,0.248863,431,186,0.305809,docs/tmp/bottle-blank-investigation/center_offset_rerender/bottle/1b2288e55a02b787656ccf1cecdf2525/back.png
bottle,1b2288e55a02b787656ccf1cecdf2525,right,ok,0.184532,224,326,0.278564,docs/tmp/bottle-blank-investigation/center_offset_rerender/bottle/1b2288e55a02b787656ccf1cecdf2525/right.png
bottle,1c6bc36fb5354526ef1384bd843d3948,front,ok,0.124584,451,152,0.261505,docs/tmp/bottle-blank-investigation/center_offset_rerender/bottle/1c6bc36fb5354526ef1384bd843d3948/front.png
bottle,1c6bc36fb5354526ef1384bd843d3948,left,ok,0.114796,184,338,0.237244,docs/tmp/bottle-blank-investigation/center_offset_rerender/bottle/1c6bc36fb5354526ef1384bd843d3948/left.png
bottle,1c6bc36fb5354526ef1384bd843d3948,back,ok,0.110870,451,152,0.261505,docs/tmp/bottle-blank-investigation/center_offset_rerender/bottle/1c6bc36fb5354526ef1384bd843d3948/back.png
bottle,1c6bc36fb5354526ef1384bd843d3948,right,ok,0.084534,130,338,0.167618,docs/tmp/bottle-blank-investigation/center_offset_rerender/bottle/1c6bc36fb5354526ef1384bd843d3948/right.png
bottle,1d0b687102526686a279c1f6f649997e,front,ok,0.236507,447,168,0.286469,docs/tmp/bottle-blank-investigation/center_offset_rerender/bottle/1d0b687102526686a279c1f6f649997e/front.png
bottle,1d0b687102526686a279c1f6f649997e,left,ok,0.221882,242,348,0.321259,docs/tmp/bottle-blank-investigation/center_offset_rerender/bottle/1d0b687102526686a279c1f6f649997e/left.png
bottle,1d0b687102526686a279c1f6f649997e,back,ok,0.236511,447,168,0.286469,docs/tmp/bottle-blank-investigation/center_offset_rerender/bottle/1d0b687102526686a279c1f6f649997e/back.png
bottle,1d0b687102526686a279c1f6f649997e,right,ok,0.181576,164,348,0.217712,docs/tmp/bottle-blank-investigation/center_offset_rerender/bottle/1d0b687102526686a279c1f6f649997e/right.png
bottle,1da1bfdd4d5a43c9f5e6e929be8a78f9,front,ok,0.352207,446,219,0.372597,docs/tmp/bottle-blank-investigation/center_offset_rerender/bottle/1da1bfdd4d5a43c9f5e6e929be8a78f9/front.png
bottle,1da1bfdd4d5a43c9f5e6e929be8a78f9,left,ok,0.297901,279,388,0.412949,docs/tmp/bottle-blank-investigation/center_offset_rerender/bottle/1da1bfdd4d5a43c9f5e6e929be8a78f9/left.png
bottle,1da1bfdd4d5a43c9f5e6e929be8a78f9,back,ok,0.353508,447,220,0.375137,docs/tmp/bottle-blank-investigation/center_offset_rerender/bottle/1da1bfdd4d5a43c9f5e6e929be8a78f9/back.png
bottle,1da1bfdd4d5a43c9f5e6e929be8a78f9,right,ok,0.284027,254,390,0.377884,docs/tmp/bottle-blank-investigation/center_offset_rerender/bottle/1da1bfdd4d5a43c9f5e6e929be8a78f9/right.png
bottle,1df67a23b5532cecbbca63f0b41e2524,front,ok,0.434841,485,274,0.506935,docs/tmp/bottle-blank-investigation/center_offset_rerender/bottle/1df67a23b5532cecbbca63f0b41e2524/front.png
bottle,1df67a23b5532cecbbca63f0b41e2524,left,ok,0.407013,354,379,0.511803,docs/tmp/bottle-blank-investigation/center_offset_rerender/bottle/1df67a23b5532cecbbca63f0b41e2524/left.png
bottle,1df67a23b5532cecbbca63f0b41e2524,back,ok,0.428959,473,274,0.494392,docs/tmp/bottle-blank-investigation/center_offset_rerender/bottle/1df67a23b5532cecbbca63f0b41e2524/back.png
bottle,1df67a23b5532cecbbca63f0b41e2524,right,ok,0.352112,324,352,0.435059,docs/tmp/bottle-blank-investigation/center_offset_rerender/bottle/1df67a23b5532cecbbca63f0b41e2524/right.png
bottle,1e162bae7772a09731b82cddc158fd9a,front,ok,0.227329,453,191,0.330059,docs/tmp/bottle-blank-investigation/center_offset_rerender/bottle/1e162bae7772a09731b82cddc158fd9a/front.png
bottle,1e162bae7772a09731b82cddc158fd9a,left,ok,0.142643,126,366,0.175919,docs/tmp/bottle-blank-investigation/center_offset_rerender/bottle/1e162bae7772a09731b82cddc158fd9a/left.png
bottle,1e162bae7772a09731b82cddc158fd9a,back,ok,0.227455,453,191,0.330059,docs/tmp/bottle-blank-investigation/center_offset_rerender/bottle/1e162bae7772a09731b82cddc158fd9a/back.png
bottle,1e162bae7772a09731b82cddc158fd9a,right,ok,0.099602,82,390,0.121994,docs/tmp/bottle-blank-investigation/center_offset_rerender/bottle/1e162bae7772a09731b82cddc158fd9a/right.png
bottle,1fbb8fc3e3920a9ba65822ed0ecac0eb,front,ok,0.352993,450,216,0.370789,docs/tmp/bottle-blank-investigation/center_offset_rerender/bottle/1fbb8fc3e3920a9ba65822ed0ecac0eb/front.png
bottle,1fbb8fc3e3920a9ba65822ed0ecac0eb,left,ok,0.321583,308,381,0.447647,docs/tmp/bottle-blank-investigation/center_offset_rerender/bottle/1fbb8fc3e3920a9ba65822ed0ecac0eb/left.png
bottle,1fbb8fc3e3920a9ba65822ed0ecac0eb,back,ok,0.353775,450,217,0.372505,docs/tmp/bottle-blank-investigation/center_offset_rerender/bottle/1fbb8fc3e3920a9ba65822ed0ecac0eb/back.png
bottle,1fbb8fc3e3920a9ba65822ed0ecac0eb,right,ok,0.318859,308,381,0.447647,docs/tmp/bottle-blank-investigation/center_offset_rerender/bottle/1fbb8fc3e3920a9ba65822ed0ecac0eb/right.png
bottle,1fffe2d1b85937bd9f26e2adfbb4d172,front,ok,0.268970,466,180,0.319977,docs/tmp/bottle-blank-investigation/center_offset_rerender/bottle/1fffe2d1b85937bd9f26e2adfbb4d172/front.png
bottle,1fffe2d1b85937bd9f26e2adfbb4d172,left,ok,0.241726,232,346,0.306213,docs/tmp/bottle-blank-investigation/center_offset_rerender/bottle/1fffe2d1b85937bd9f26e2adfbb4d172/left.png
bottle,1fffe2d1b85937bd9f26e2adfbb4d172,back,ok,0.269238,466,181,0.321754,docs/tmp/bottle-blank-investigation/center_offset_rerender/bottle/1fffe2d1b85937bd9f26e2adfbb4d172/back.png
bottle,1fffe2d1b85937bd9f26e2adfbb4d172,right,ok,0.194443,186,353,0.250465,docs/tmp/bottle-blank-investigation/center_offset_rerender/bottle/1fffe2d1b85937bd9f26e2adfbb4d172/right.png
bottle,200ef2c167ba5c82287aea27573e190b,front,ok,0.194431,456,142,0.247009,docs/tmp/bottle-blank-investigation/center_offset_rerender/bottle/200ef2c167ba5c82287aea27573e190b/front.png
bottle,200ef2c167ba5c82287aea27573e190b,left,ok,0.178211,174,345,0.228996,docs/tmp/bottle-blank-investigation/center_offset_rerender/bottle/200ef2c167ba5c82287aea27573e190b/left.png
bottle,200ef2c167ba5c82287aea27573e190b,back,ok,0.194538,456,142,0.247009,docs/tmp/bottle-blank-investigation/center_offset_rerender/bottle/200ef2c167ba5c82287aea27573e190b/back.png
bottle,200ef2c167ba5c82287aea27573e190b,right,ok,0.149658,148,342,0.193085,docs/tmp/bottle-blank-investigation/center_offset_rerender/bottle/200ef2c167ba5c82287aea27573e190b/right.png
bottle,202801c6a7c2b9e9d996442ad0ab1cc8,front,ok,0.159718,474,112,0.202515,docs/tmp/bottle-blank-investigation/center_offset_rerender/bottle/202801c6a7c2b9e9d996442ad0ab1cc8/front.png
bottle,202801c6a7c2b9e9d996442ad0ab1cc8,left,ok,0.168472,184,354,0.248474,docs/tmp/bottle-blank-investigation/center_offset_rerender/bottle/202801c6a7c2b9e9d996442ad0ab1cc8/left.png
bottle,202801c6a7c2b9e9d996442ad0ab1cc8,back,ok,0.164932,474,114,0.206131,docs/tmp/bottle-blank-investigation/center_offset_rerender/bottle/202801c6a7c2b9e9d996442ad0ab1cc8/back.png
bottle,202801c6a7c2b9e9d996442ad0ab1cc8,right,ok,0.112888,125,351,0.167370,docs/tmp/bottle-blank-investigation/center_offset_rerender/bottle/202801c6a7c2b9e9d996442ad0ab1cc8/right.png
bottle,2060d9258dc85f37aec6f543707e473f,front,ok,0.186100,458,126,0.220139,docs/tmp/bottle-blank-investigation/center_offset_rerender/bottle/2060d9258dc85f37aec6f543707e473f/front.png
bottle,2060d9258dc85f37aec6f543707e473f,left,ok,0.177368,188,338,0.242401,docs/tmp/bottle-blank-investigation/center_offset_rerender/bottle/2060d9258dc85f37aec6f543707e473f/left.png
bottle,2060d9258dc85f37aec6f543707e473f,back,ok,0.186687,458,126,0.220139,docs/tmp/bottle-blank-investigation/center_offset_rerender/bottle/2060d9258dc85f37aec6f543707e473f/back.png
bottle,2060d9258dc85f37aec6f543707e473f,right,ok,0.129539,138,340,0.178986,docs/tmp/bottle-blank-investigation/center_offset_rerender/bottle/2060d9258dc85f37aec6f543707e473f/right.png
bottle,20b91b536a335327004e6c2ad1a605eb,front,ok,0.320976,478,207,0.377449,docs/tmp/bottle-blank-investigation/center_offset_rerender/bottle/20b91b536a335327004e6c2ad1a605eb/front.png
bottle,20b91b536a335327004e6c2ad1a605eb,left,ok,0.275364,248,377,0.356659,docs/tmp/bottle-blank-investigation/center_offset_rerender/bottle/20b91b536a335327004e6c2ad1a605eb/left.png
bottle,20b91b536a335327004e6c2ad1a605eb,back,ok,0.320782,478,207,0.377449,docs/tmp/bottle-blank-investigation/center_offset_rerender/bottle/20b91b536a335327004e6c2ad1a605eb/back.png
bottle,20b91b536a335327004e6c2ad1a605eb,right,ok,0.185898,184,380,0.266724,docs/tmp/bottle-blank-investigation/center_offset_rerender/bottle/20b91b536a335327004e6c2ad1a605eb/right.png
bottle,21761f59d4beb332512447052b20363f,front,ok,0.355934,450,217,0.372505,docs/tmp/bottle-blank-investigation/center_offset_rerender/bottle/21761f59d4beb332512447052b20363f/front.png
bottle,21761f59d4beb332512447052b20363f,left,ok,0.322601,308,381,0.447647,docs/tmp/bottle-blank-investigation/center_offset_rerender/bottle/21761f59d4beb332512447052b20363f/left.png
bottle,21761f59d4beb332512447052b20363f,back,ok,0.356094,450,217,0.372505,docs/tmp/bottle-blank-investigation/center_offset_rerender/bottle/21761f59d4beb332512447052b20363f/back.png
bottle,21761f59d4beb332512447052b20363f,right,ok,0.284641,308,381,0.447647,docs/tmp/bottle-blank-investigation/center_offset_rerender/bottle/21761f59d4beb332512447052b20363f/right.png
bottle,220dd36d97465293be0dc68ccac136af,front,ok,0.192192,456,145,0.252228,docs/tmp/bottle-blank-investigation/center_offset_rerender/bottle/220dd36d97465293be0dc68ccac136af/front.png
bottle,220dd36d97465293be0dc68ccac136af,left,ok,0.197334,212,344,0.278198,docs/tmp/bottle-blank-investigation/center_offset_rerender/bottle/220dd36d97465293be0dc68ccac136af/left.png
bottle,220dd36d97465293be0dc68ccac136af,back,ok,0.191631,457,144,0.251038,docs/tmp/bottle-blank-investigation/center_offset_rerender/bottle/220dd36d97465293be0dc68ccac136af/back.png
bottle,220dd36d97465293be0dc68ccac136af,right,ok,0.113293,139,366,0.194069,docs/tmp/bottle-blank-investigation/center_offset_rerender/bottle/220dd36d97465293be0dc68ccac136af/right.png
bottle,22f0953705f26e5ae14f4bcab180718e,front,ok,0.179462,463,103,0.181919,docs/tmp/bottle-blank-investigation/center_offset_rerender/bottle/22f0953705f26e5ae14f4bcab180718e/front.png
bottle,22f0953705f26e5ae14f4bcab180718e,left,ok,0.141155,155,367,0.216999,docs/tmp/bottle-blank-investigation/center_offset_rerender/bottle/22f0953705f26e5ae14f4bcab180718e/left.png
bottle,22f0953705f26e5ae14f4bcab180718e,back,ok,0.144444,487,103,0.191349,docs/tmp/bottle-blank-investigation/center_offset_rerender/bottle/22f0953705f26e5ae14f4bcab180718e/back.png
bottle,22f0953705f26e5ae14f4bcab180718e,right,ok,0.103386,93,368,0.130554,docs/tmp/bottle-blank-investigation/center_offset_rerender/bottle/22f0953705f26e5ae14f4bcab180718e/right.png
bottle,2358f29ab72d60549816f3dab7c2c546,front,ok,0.317024,438,209,0.349205,docs/tmp/bottle-blank-investigation/center_offset_rerender/bottle/2358f29ab72d60549816f3dab7c2c546/front.png
bottle,2358f29ab72d60549816f3dab7c2c546,left,ok,0.313801,326,347,0.431526,docs/tmp/bottle-blank-investigation/center_offset_rerender/bottle/2358f29ab72d60549816f3dab7c2c546/left.png
bottle,2358f29ab72d60549816f3dab7c2c546,back,ok,0.317596,438,210,0.350876,docs/tmp/bottle-blank-investigation/center_offset_rerender/bottle/2358f29ab72d60549816f3dab7c2c546/back.png
bottle,2358f29ab72d60549816f3dab7c2c546,right,ok,0.301544,294,352,0.394775,docs/tmp/bottle-blank-investigation/center_offset_rerender/bottle/2358f29ab72d60549816f3dab7c2c546/right.png
bottle,23c089710b88f54b59889d0c3b57adb7,front,ok,0.353062,450,216,0.370789,docs/tmp/bottle-blank-investigation/center_offset_rerender/bottle/23c089710b88f54b59889d0c3b57adb7/front.png
bottle,23c089710b88f54b59889d0c3b57adb7,left,ok,0.321674,308,381,0.447647,docs/tmp/bottle-blank-investigation/center_offset_rerender/bottle/23c089710b88f54b59889d0c3b57adb7/left.png
bottle,23c089710b88f54b59889d0c3b57adb7,back,ok,0.353989,450,217,0.372505,docs/tmp/bottle-blank-investigation/center_offset_rerender/bottle/23c089710b88f54b59889d0c3b57adb7/back.png
bottle,23c089710b88f54b59889d0c3b57adb7,right,ok,0.318890,308,381,0.447647,docs/tmp/bottle-blank-investigation/center_offset_rerender/bottle/23c089710b88f54b59889d0c3b57adb7/right.png
bottle,247c08618a99186d9022c53c09d031fe,front,ok,0.183632,456,146,0.253967,docs/tmp/bottle-blank-investigation/center_offset_rerender/bottle/247c08618a99186d9022c53c09d031fe/front.png
bottle,247c08618a99186d9022c53c09d031fe,left,ok,0.165016,198,326,0.246231,docs/tmp/bottle-blank-investigation/center_offset_rerender/bottle/247c08618a99186d9022c53c09d031fe/left.png
bottle,247c08618a99186d9022c53c09d031fe,back,ok,0.190975,448,167,0.285400,docs/tmp/bottle-blank-investigation/center_offset_rerender/bottle/247c08618a99186d9022c53c09d031fe/back.png
bottle,247c08618a99186d9022c53c09d031fe,right,ok,0.149967,149,334,0.189842,docs/tmp/bottle-blank-investigation/center_offset_rerender/bottle/247c08618a99186d9022c53c09d031fe/right.png
bottle,24d6ad5552b78d472b75ec5f240ffebb,front,ok,0.133915,479,112,0.204651,docs/tmp/bottle-blank-investigation/center_offset_rerender/bottle/24d6ad5552b78d472b75ec5f240ffebb/front.png
bottle,24d6ad5552b78d472b75ec5f240ffebb,left,ok,0.130730,162,355,0.219383,docs/tmp/bottle-blank-investigation/center_offset_rerender/bottle/24d6ad5552b78d472b75ec5f240ffebb/left.png
bottle,24d6ad5552b78d472b75ec5f240ffebb,back,ok,0.133972,456,112,0.194824,docs/tmp/bottle-blank-investigation/center_offset_rerender/bottle/24d6ad5552b78d472b75ec5f240ffebb/back.png
bottle,24d6ad5552b78d472b75ec5f240ffebb,right,ok,0.073494,113,327,0.140957,docs/tmp/bottle-blank-investigation/center_offset_rerender/bottle/24d6ad5552b78d472b75ec5f240ffebb/right.png
bottle,2526fa239a28cd579d37dbccebd6dd98,front,ok,0.355106,450,217,0.372505,docs/tmp/bottle-blank-investigation/center_offset_rerender/bottle/2526fa239a28cd579d37dbccebd6dd98/front.png
bottle,2526fa239a28cd579d37dbccebd6dd98,left,ok,0.322079,308,381,0.447647,docs/tmp/bottle-blank-investigation/center_offset_rerender/bottle/2526fa239a28cd579d37dbccebd6dd98/left.png
bottle,2526fa239a28cd579d37dbccebd6dd98,back,ok,0.354038,450,217,0.372505,docs/tmp/bottle-blank-investigation/center_offset_rerender/bottle/2526fa239a28cd579d37dbccebd6dd98/back.png
bottle,2526fa239a28cd579d37dbccebd6dd98,right,ok,0.276905,308,381,0.447647,docs/tmp/bottle-blank-investigation/center_offset_rerender/bottle/2526fa239a28cd579d37dbccebd6dd98/right.png
bottle,253cfa4d4a0c428cb17bc8e6bb3b6c51,front,ok,0.279266,480,173,0.316772,docs/tmp/bottle-blank-investigation/center_offset_rerender/bottle/253cfa4d4a0c428cb17bc8e6bb3b6c51/front.png
bottle,253cfa4d4a0c428cb17bc8e6bb3b6c51,left,ok,0.287086,292,370,0.412140,docs/tmp/bottle-blank-investigation/center_offset_rerender/bottle/253cfa4d4a0c428cb17bc8e6bb3b6c51/left.png
bottle,253cfa4d4a0c428cb17bc8e6bb3b6c51,back,ok,0.289810,479,173,0.316113,docs/tmp/bottle-blank-investigation/center_offset_rerender/bottle/253cfa4d4a0c428cb17bc8e6bb3b6c51/back.png
bottle,253cfa4d4a0c428cb17bc8e6bb3b6c51,right,ok,0.286495,294,370,0.414963,docs/tmp/bottle-blank-investigation/center_offset_rerender/bottle/253cfa4d4a0c428cb17bc8e6bb3b6c51/right.png
bottle,25d433d582537df637e73037ed9e8229,front,ok,0.199745,460,117,0.205307,docs/tmp/bottle-blank-investigation/center_offset_rerender/bottle/25d433d582537df637e73037ed9e8229/front.png
bottle,25d433d582537df637e73037ed9e8229,left,ok,0.156178,172,368,0.241455,docs/tmp/bottle-blank-investigation/center_offset_rerender/bottle/25d433d582537df637e73037ed9e8229/left.png
bottle,25d433d582537df637e73037ed9e8229,back,ok,0.151176,487,116,0.215500,docs/tmp/bottle-blank-investigation/center_offset_rerender/bottle/25d433d582537df637e73037ed9e8229/back.png
bottle,25d433d582537df637e73037ed9e8229,right,ok,0.118042,114,370,0.160904,docs/tmp/bottle-blank-investigation/center_offset_rerender/bottle/25d433d582537df637e73037ed9e8229/right.png
bottle,2681d2ec5e8974786ee6060eb257c89f,front,ok,0.183262,446,135,0.229683,docs/tmp/bottle-blank-investigation/center_offset_rerender/bottle/2681d2ec5e8974786ee6060eb257c89f/front.png
bottle,2681d2ec5e8974786ee6060eb257c89f,left,ok,0.150867,162,332,0.205170,docs/tmp/bottle-blank-investigation/center_offset_rerender/bottle/2681d2ec5e8974786ee6060eb257c89f/left.png
bottle,2681d2ec5e8974786ee6060eb257c89f,back,ok,0.183800,449,135,0.231228,docs/tmp/bottle-blank-investigation/center_offset_rerender/bottle/2681d2ec5e8974786ee6060eb257c89f/back.png
bottle,2681d2ec5e8974786ee6060eb257c89f,right,ok,0.117069,134,336,0.171753,docs/tmp/bottle-blank-investigation/center_offset_rerender/bottle/2681d2ec5e8974786ee6060eb257c89f/right.png
bottle,2696c36f847643da4f16023f98ac610e,front,ok,0.185188,468,121,0.216019,docs/tmp/bottle-blank-investigation/center_offset_rerender/bottle/2696c36f847643da4f16023f98ac610e/front.png
bottle,2696c36f847643da4f16023f98ac610e,left,ok,0.177795,188,351,0.251724,docs/tmp/bottle-blank-investigation/center_offset_rerender/bottle/2696c36f847643da4f16023f98ac610e/left.png
bottle,2696c36f847643da4f16023f98ac610e,back,ok,0.185287,468,121,0.216019,docs/tmp/bottle-blank-investigation/center_offset_rerender/bottle/2696c36f847643da4f16023f98ac610e/back.png
bottle,2696c36f847643da4f16023f98ac610e,right,ok,0.134014,126,349,0.167747,docs/tmp/bottle-blank-investigation/center_offset_rerender/bottle/2696c36f847643da4f16023f98ac610e/right.png
bottle,26c13afa9125afd66e7d324b8891efa2,front,ok,0.177517,470,115,0.206184,docs/tmp/bottle-blank-investigation/center_offset_rerender/bottle/26c13afa9125afd66e7d324b8891efa2/front.png
bottle,26c13afa9125afd66e7d324b8891efa2,left,ok,0.178104,190,348,0.252228,docs/tmp/bottle-blank-investigation/center_offset_rerender/bottle/26c13afa9125afd66e7d324b8891efa2/left.png
bottle,26c13afa9125afd66e7d324b8891efa2,back,ok,0.177605,470,115,0.206184,docs/tmp/bottle-blank-investigation/center_offset_rerender/bottle/26c13afa9125afd66e7d324b8891efa2/back.png
bottle,26c13afa9125afd66e7d324b8891efa2,right,ok,0.134476,128,347,0.169434,docs/tmp/bottle-blank-investigation/center_offset_rerender/bottle/26c13afa9125afd66e7d324b8891efa2/right.png
bottle,27ec89ea796499a4251d07c2ba663d28,front,ok,0.184410,464,131,0.231873,docs/tmp/bottle-blank-investigation/center_offset_rerender/bottle/27ec89ea796499a4251d07c2ba663d28/front.png
bottle,27ec89ea796499a4251d07c2ba663d28,left,ok,0.162327,169,356,0.229507,docs/tmp/bottle-blank-investigation/center_offset_rerender/bottle/27ec89ea796499a4251d07c2ba663d28/left.png
bottle,27ec89ea796499a4251d07c2ba663d28,back,ok,0.184891,464,132,0.233643,docs/tmp/bottle-blank-investigation/center_offset_rerender/bottle/27ec89ea796499a4251d07c2ba663d28/back.png
bottle,27ec89ea796499a4251d07c2ba663d28,right,ok,0.114960,109,356,0.148026,docs/tmp/bottle-blank-investigation/center_offset_rerender/bottle/27ec89ea796499a4251d07c2ba663d28/right.png
bottle,2826fb1437b851c48c236121a09eaa52,front,ok,0.179180,460,121,0.212326,docs/tmp/bottle-blank-investigation/center_offset_rerender/bottle/2826fb1437b851c48c236121a09eaa52/front.png
bottle,2826fb1437b851c48c236121a09eaa52,left,ok,0.177753,192,336,0.246094,docs/tmp/bottle-blank-investigation/center_offset_rerender/bottle/2826fb1437b851c48c236121a09eaa52/left.png
bottle,2826fb1437b851c48c236121a09eaa52,back,ok,0.179489,460,121,0.212326,docs/tmp/bottle-blank-investigation/center_offset_rerender/bottle/2826fb1437b851c48c236121a09eaa52/back.png
bottle,2826fb1437b851c48c236121a09eaa52,right,ok,0.130013,140,337,0.179977,docs/tmp/bottle-blank-investigation/center_offset_rerender/bottle/2826fb1437b851c48c236121a09eaa52/right.png
bottle,292f26296e61558c8426c89bd506a82a,front,ok,0.157207,472,108,0.194458,docs/tmp/bottle-blank-investigation/center_offset_rerender/bottle/292f26296e61558c8426c89bd506a82a/front.png
bottle,292f26296e61558c8426c89bd506a82a,left,ok,0.161976,179,349,0.238308,docs/tmp/bottle-blank-investigation/center_offset_rerender/bottle/292f26296e61558c8426c89bd506a82a/left.png
bottle,292f26296e61558c8426c89bd506a82a,back,ok,0.136196,479,92,0.168106,docs/tmp/bottle-blank-investigation/center_offset_rerender/bottle/292f26296e61558c8426c89bd506a82a/back.png
bottle,292f26296e61558c8426c89bd506a82a,right,ok,0.108139,120,347,0.158844,docs/tmp/bottle-blank-investigation/center_offset_rerender/bottle/292f26296e61558c8426c89bd506a82a/right.png
bottle,2943e83894f5eab8985362fa1bc43307,front,ok,0.342701,450,217,0.372505,docs/tmp/bottle-blank-investigation/center_offset_rerender/bottle/2943e83894f5eab8985362fa1bc43307/front.png
bottle,2943e83894f5eab8985362fa1bc43307,left,ok,0.321678,307,381,0.446194,docs/tmp/bottle-blank-investigation/center_offset_rerender/bottle/2943e83894f5eab8985362fa1bc43307/left.png
bottle,2943e83894f5eab8985362fa1bc43307,back,ok,0.333366,450,217,0.372505,docs/tmp/bottle-blank-investigation/center_offset_rerender/bottle/2943e83894f5eab8985362fa1bc43307/back.png
bottle,2943e83894f5eab8985362fa1bc43307,right,ok,0.318722,308,381,0.447647,docs/tmp/bottle-blank-investigation/center_offset_rerender/bottle/2943e83894f5eab8985362fa1bc43307/right.png
bottle,2aa4a7151b8824ed974af050fc064ff9,front,ok,0.291313,438,223,0.372597,docs/tmp/bottle-blank-investigation/center_offset_rerender/bottle/2aa4a7151b8824ed974af050fc064ff9/front.png
bottle,2aa4a7151b8824ed974af050fc064ff9,left,ok,0.253967,232,355,0.314178,docs/tmp/bottle-blank-investigation/center_offset_rerender/bottle/2aa4a7151b8824ed974af050fc064ff9/left.png
bottle,2aa4a7151b8824ed974af050fc064ff9,back,ok,0.291355,438,223,0.372597,docs/tmp/bottle-blank-investigation/center_offset_rerender/bottle/2aa4a7151b8824ed974af050fc064ff9/back.png
bottle,2aa4a7151b8824ed974af050fc064ff9,right,ok,0.175594,175,354,0.236320,docs/tmp/bottle-blank-investigation/center_offset_rerender/bottle/2aa4a7151b8824ed974af050fc064ff9/right.png
bottle,2b4dae1e5de9f39994b9bde103e51b08,front,ok,0.179142,462,134,0.236160,docs/tmp/bottle-blank-investigation/center_offset_rerender/bottle/2b4dae1e5de9f39994b9bde103e51b08/front.png
bottle,2b4dae1e5de9f39994b9bde103e51b08,left,ok,0.165985,174,354,0.234970,docs/tmp/bottle-blank-investigation/center_offset_rerender/bottle/2b4dae1e5de9f39994b9bde103e51b08/left.png
bottle,2b4dae1e5de9f39994b9bde103e51b08,back,ok,0.190140,458,142,0.248093,docs/tmp/bottle-blank-investigation/center_offset_rerender/bottle/2b4dae1e5de9f39994b9bde103e51b08/back.png
bottle,2b4dae1e5de9f39994b9bde103e51b08,right,ok,0.105030,120,354,0.162048,docs/tmp/bottle-blank-investigation/center_offset_rerender/bottle/2b4dae1e5de9f39994b9bde103e51b08/right.png
bottle,2b5b133e05aada100b8b98d9592bbf6f,front,ok,0.123760,467,92,0.163895,docs/tmp/bottle-blank-investigation/center_offset_rerender/bottle/2b5b133e05aada100b8b98d9592bbf6f/front.png
bottle,2b5b133e05aada100b8b98d9592bbf6f,left,ok,0.140709,181,331,0.228542,docs/tmp/bottle-blank-investigation/center_offset_rerender/bottle/2b5b133e05aada100b8b98d9592bbf6f/left.png
bottle,2b5b133e05aada100b8b98d9592bbf6f,back,ok,0.123882,469,94,0.168175,docs/tmp/bottle-blank-investigation/center_offset_rerender/bottle/2b5b133e05aada100b8b98d9592bbf6f/back.png
bottle,2b5b133e05aada100b8b98d9592bbf6f,right,ok,0.100510,124,331,0.156570,docs/tmp/bottle-blank-investigation/center_offset_rerender/bottle/2b5b133e05aada100b8b98d9592bbf6f/right.png
bottle,2ced14cd976041f62906951d2822cb21,front,ok,0.168079,455,120,0.208282,docs/tmp/bottle-blank-investigation/center_offset_rerender/bottle/2ced14cd976041f62906951d2822cb21/front.png
bottle,2ced14cd976041f62906951d2822cb21,left,ok,0.135372,146,339,0.188805,docs/tmp/bottle-blank-investigation/center_offset_rerender/bottle/2ced14cd976041f62906951d2822cb21/left.png
bottle,2ced14cd976041f62906951d2822cb21,back,ok,0.168758,457,120,0.209198,docs/tmp/bottle-blank-investigation/center_offset_rerender/bottle/2ced14cd976041f62906951d2822cb21/back.png
bottle,2ced14cd976041f62906951d2822cb21,right,ok,0.110451,118,342,0.153946,docs/tmp/bottle-blank-investigation/center_offset_rerender/bottle/2ced14cd976041f62906951d2822cb21/right.png
bottle,2d830328500665ee4495ba46fb745441,front,ok,0.184376,461,132,0.232132,docs/tmp/bottle-blank-investigation/center_offset_rerender/bottle/2d830328500665ee4495ba46fb745441/front.png
bottle,2d830328500665ee4495ba46fb745441,left,ok,0.183624,196,345,0.257950,docs/tmp/bottle-blank-investigation/center_offset_rerender/bottle/2d830328500665ee4495ba46fb745441/left.png
bottle,2d830328500665ee4495ba46fb745441,back,ok,0.184250,461,132,0.232132,docs/tmp/bottle-blank-investigation/center_offset_rerender/bottle/2d830328500665ee4495ba46fb745441/back.png
bottle,2d830328500665ee4495ba46fb745441,right,ok,0.110180,134,365,0.186577,docs/tmp/bottle-blank-investigation/center_offset_rerender/bottle/2d830328500665ee4495ba46fb745441/right.png
bottle,2dbf39466131f49990665adad8437b83,front,ok,0.268982,466,180,0.319977,docs/tmp/bottle-blank-investigation/center_offset_rerender/bottle/2dbf39466131f49990665adad8437b83/front.png
bottle,2dbf39466131f49990665adad8437b83,left,ok,0.241734,232,346,0.306213,docs/tmp/bottle-blank-investigation/center_offset_rerender/bottle/2dbf39466131f49990665adad8437b83/left.png
bottle,2dbf39466131f49990665adad8437b83,back,ok,0.269238,466,181,0.321754,docs/tmp/bottle-blank-investigation/center_offset_rerender/bottle/2dbf39466131f49990665adad8437b83/back.png
bottle,2dbf39466131f49990665adad8437b83,right,ok,0.194439,186,353,0.250465,docs/tmp/bottle-blank-investigation/center_offset_rerender/bottle/2dbf39466131f49990665adad8437b83/right.png
bottle,2dc18a26b82d6a0e3f7b759eef026bdc,front,ok,0.234829,378,174,0.250900,docs/tmp/bottle-blank-investigation/center_offset_rerender/bottle/2dc18a26b82d6a0e3f7b759eef026bdc/front.png
bottle,2dc18a26b82d6a0e3f7b759eef026bdc,left,ok,0.124035,365,324,0.451126,docs/tmp/bottle-blank-investigation/center_offset_rerender/bottle/2dc18a26b82d6a0e3f7b759eef026bdc/left.png
bottle,2dc18a26b82d6a0e3f7b759eef026bdc,back,ok,0.122726,307,326,0.381783,docs/tmp/bottle-blank-investigation/center_offset_rerender/bottle/2dc18a26b82d6a0e3f7b759eef026bdc/back.png
bottle,2dc18a26b82d6a0e3f7b759eef026bdc,right,ok,0.133411,305,271,0.315304,docs/tmp/bottle-blank-investigation/center_offset_rerender/bottle/2dc18a26b82d6a0e3f7b759eef026bdc/right.png
bottle,2e544c656f9a010185fdb0530cfc243c,front,ok,0.200138,431,186,0.305809,docs/tmp/bottle-blank-investigation/center_offset_rerender/bottle/2e544c656f9a010185fdb0530cfc243c/front.png
bottle,2e544c656f9a010185fdb0530cfc243c,left,ok,0.267807,296,320,0.361328,docs/tmp/bottle-blank-investigation/center_offset_rerender/bottle/2e544c656f9a010185fdb0530cfc243c/left.png
bottle,2e544c656f9a010185fdb0530cfc243c,back,ok,0.248863,431,186,0.305809,docs/tmp/bottle-blank-investigation/center_offset_rerender/bottle/2e544c656f9a010185fdb0530cfc243c/back.png
bottle,2e544c656f9a010185fdb0530cfc243c,right,ok,0.184525,224,326,0.278564,docs/tmp/bottle-blank-investigation/center_offset_rerender/bottle/2e544c656f9a010185fdb0530cfc243c/right.png
bottle,2f03f0c6f6cbefcadc1137c1e620d176,front,ok,0.183262,446,135,0.229683,docs/tmp/bottle-blank-investigation/center_offset_rerender/bottle/2f03f0c6f6cbefcadc1137c1e620d176/front.png
bottle,2f03f0c6f6cbefcadc1137c1e620d176,left,ok,0.150867,162,332,0.205170,docs/tmp/bottle-blank-investigation/center_offset_rerender/bottle/2f03f0c6f6cbefcadc1137c1e620d176/left.png
bottle,2f03f0c6f6cbefcadc1137c1e620d176,back,ok,0.183800,449,135,0.231228,docs/tmp/bottle-blank-investigation/center_offset_rerender/bottle/2f03f0c6f6cbefcadc1137c1e620d176/back.png
bottle,2f03f0c6f6cbefcadc1137c1e620d176,right,ok,0.117073,134,336,0.171753,docs/tmp/bottle-blank-investigation/center_offset_rerender/bottle/2f03f0c6f6cbefcadc1137c1e620d176/right.png
bottle,30a990ebc15a71d7da8baeac0600664d,front,ok,0.272671,480,173,0.316772,docs/tmp/bottle-blank-investigation/center_offset_rerender/bottle/30a990ebc15a71d7da8baeac0600664d/front.png
bottle,30a990ebc15a71d7da8baeac0600664d,left,ok,0.280968,292,370,0.412140,docs/tmp/bottle-blank-investigation/center_offset_rerender/bottle/30a990ebc15a71d7da8baeac0600664d/left.png
bottle,30a990ebc15a71d7da8baeac0600664d,back,ok,0.288704,479,173,0.316113,docs/tmp/bottle-blank-investigation/center_offset_rerender/bottle/30a990ebc15a71d7da8baeac0600664d/back.png
bottle,30a990ebc15a71d7da8baeac0600664d,right,ok,0.279129,294,370,0.414963,docs/tmp/bottle-blank-investigation/center_offset_rerender/bottle/30a990ebc15a71d7da8baeac0600664d/right.png
bottle,30ba96a4f082b37f132e9653fbea9c15,front,ok,0.377003,414,254,0.401138,docs/tmp/bottle-blank-investigation/center_offset_rerender/bottle/30ba96a4f082b37f132e9653fbea9c15/front.png
bottle,30ba96a4f082b37f132e9653fbea9c15,left,ok,0.276394,250,402,0.383377,docs/tmp/bottle-blank-investigation/center_offset_rerender/bottle/30ba96a4f082b37f132e9653fbea9c15/left.png
bottle,30ba96a4f082b37f132e9653fbea9c15,back,ok,0.377445,414,254,0.401138,docs/tmp/bottle-blank-investigation/center_offset_rerender/bottle/30ba96a4f082b37f132e9653fbea9c15/back.png
bottle,30ba96a4f082b37f132e9653fbea9c15,right,ok,0.293320,260,411,0.407639,docs/tmp/bottle-blank-investigation/center_offset_rerender/bottle/30ba96a4f082b37f132e9653fbea9c15/right.png
bottle,312e1f34a6fd0ea7762fed294b7d9d89,front,ok,0.146484,477,100,0.181961,docs/tmp/bottle-blank-investigation/center_offset_rerender/bottle/312e1f34a6fd0ea7762fed294b7d9d89/front.png
bottle,312e1f34a6fd0ea7762fed294b7d9d89,left,ok,0.144382,156,357,0.212448,docs/tmp/bottle-blank-investigation/center_offset_rerender/bottle/312e1f34a6fd0ea7762fed294b7d9d89/left.png
bottle,312e1f34a6fd0ea7762fed294b7d9d89,back,ok,0.161575,470,111,0.199013,docs/tmp/bottle-blank-investigation/center_offset_rerender/bottle/312e1f34a6fd0ea7762fed294b7d9d89/back.png
bottle,312e1f34a6fd0ea7762fed294b7d9d89,right,ok,0.096054,105,354,0.141792,docs/tmp/bottle-blank-investigation/center_offset_rerender/bottle/312e1f34a6fd0ea7762fed294b7d9d89/right.png
bottle,314b19ea4876f0e0655e676e243972cf,front,ok,0.279503,426,198,0.321762,docs/tmp/bottle-blank-investigation/center_offset_rerender/bottle/314b19ea4876f0e0655e676e243972cf/front.png
bottle,314b19ea4876f0e0655e676e243972cf,left,ok,0.276859,279,350,0.372505,docs/tmp/bottle-blank-investigation/center_offset_rerender/bottle/314b19ea4876f0e0655e676e243972cf/left.png
bottle,314b19ea4876f0e0655e676e243972cf,back,ok,0.268494,411,192,0.301025,docs/tmp/bottle-blank-investigation/center_offset_rerender/bottle/314b19ea4876f0e0655e676e243972cf/back.png
bottle,314b19ea4876f0e0655e676e243972cf,right,ok,0.204254,240,327,0.299377,docs/tmp/bottle-blank-investigation/center_offset_rerender/bottle/314b19ea4876f0e0655e676e243972cf/right.png
bottle,314cceb346b19989f3aebacf8621612b,front,ok,0.269028,466,180,0.319977,docs/tmp/bottle-blank-investigation/center_offset_rerender/bottle/314cceb346b19989f3aebacf8621612b/front.png
bottle,314cceb346b19989f3aebacf8621612b,left,ok,0.241730,232,346,0.306213,docs/tmp/bottle-blank-investigation/center_offset_rerender/bottle/314cceb346b19989f3aebacf8621612b/left.png
bottle,314cceb346b19989f3aebacf8621612b,back,ok,0.269238,466,181,0.321754,docs/tmp/bottle-blank-investigation/center_offset_rerender/bottle/314cceb346b19989f3aebacf8621612b/back.png
bottle,314cceb346b19989f3aebacf8621612b,right,ok,0.194447,186,353,0.250465,docs/tmp/bottle-blank-investigation/center_offset_rerender/bottle/314cceb346b19989f3aebacf8621612b/right.png
bottle,3153d54f07dd4f15504e653769b39337,front,ok,0.186096,458,126,0.220139,docs/tmp/bottle-blank-investigation/center_offset_rerender/bottle/3153d54f07dd4f15504e653769b39337/front.png
bottle,3153d54f07dd4f15504e653769b39337,left,ok,0.177361,188,338,0.242401,docs/tmp/bottle-blank-investigation/center_offset_rerender/bottle/3153d54f07dd4f15504e653769b39337/left.png
bottle,3153d54f07dd4f15504e653769b39337,back,ok,0.186695,458,126,0.220139,docs/tmp/bottle-blank-investigation/center_offset_rerender/bottle/3153d54f07dd4f15504e653769b39337/back.png
bottle,3153d54f07dd4f15504e653769b39337,right,ok,0.129536,138,340,0.178986,docs/tmp/bottle-blank-investigation/center_offset_rerender/bottle/3153d54f07dd4f15504e653769b39337/right.png
bottle,32c94882e701219a85e6d7864f624774,front,ok,0.333607,448,209,0.357178,docs/tmp/bottle-blank-investigation/center_offset_rerender/bottle/32c94882e701219a85e6d7864f624774/front.png
bottle,32c94882e701219a85e6d7864f624774,left,ok,0.284958,270,385,0.396538,docs/tmp/bottle-blank-investigation/center_offset_rerender/bottle/32c94882e701219a85e6d7864f624774/left.png
bottle,32c94882e701219a85e6d7864f624774,back,ok,0.331299,447,207,0.352970,docs/tmp/bottle-blank-investigation/center_offset_rerender/bottle/32c94882e701219a85e6d7864f624774/back.png
bottle,32c94882e701219a85e6d7864f624774,right,ok,0.255325,236,381,0.343002,docs/tmp/bottle-blank-investigation/center_offset_rerender/bottle/32c94882e701219a85e6d7864f624774/right.png
bottle,34455a1739a48c3e82f3611bb3a56a42,front,ok,0.271870,403,271,0.416615,docs/tmp/bottle-blank-investigation/center_offset_rerender/bottle/34455a1739a48c3e82f3611bb3a56a42/front.png
bottle,34455a1739a48c3e82f3611bb3a56a42,left,ok,0.224522,431,278,0.457069,docs/tmp/bottle-blank-investigation/center_offset_rerender/bottle/34455a1739a48c3e82f3611bb3a56a42/left.png
bottle,34455a1739a48c3e82f3611bb3a56a42,back,ok,0.168999,339,273,0.353039,docs/tmp/bottle-blank-investigation/center_offset_rerender/bottle/34455a1739a48c3e82f3611bb3a56a42/back.png
bottle,34455a1739a48c3e82f3611bb3a56a42,right,ok,0.180290,337,282,0.362526,docs/tmp/bottle-blank-investigation/center_offset_rerender/bottle/34455a1739a48c3e82f3611bb3a56a42/right.png
bottle,348083faee227ffaebd97a4a75b56e67,front,ok,0.183262,446,135,0.229683,docs/tmp/bottle-blank-investigation/center_offset_rerender/bottle/348083faee227ffaebd97a4a75b56e67/front.png
bottle,348083faee227ffaebd97a4a75b56e67,left,ok,0.150867,162,332,0.205170,docs/tmp/bottle-blank-investigation/center_offset_rerender/bottle/348083faee227ffaebd97a4a75b56e67/left.png
bottle,348083faee227ffaebd97a4a75b56e67,back,ok,0.183800,449,135,0.231228,docs/tmp/bottle-blank-investigation/center_offset_rerender/bottle/348083faee227ffaebd97a4a75b56e67/back.png
bottle,348083faee227ffaebd97a4a75b56e67,right,ok,0.117069,134,336,0.171753,docs/tmp/bottle-blank-investigation/center_offset_rerender/bottle/348083faee227ffaebd97a4a75b56e67/right.png
bottle,35be58c92f6af2d53721788c80f7f1d6,front,ok,0.183262,446,135,0.229683,docs/tmp/bottle-blank-investigation/center_offset_rerender/bottle/35be58c92f6af2d53721788c80f7f1d6/front.png
bottle,35be58c92f6af2d53721788c80f7f1d6,left,ok,0.150867,162,332,0.205170,docs/tmp/bottle-blank-investigation/center_offset_rerender/bottle/35be58c92f6af2d53721788c80f7f1d6/left.png
bottle,35be58c92f6af2d53721788c80f7f1d6,back,ok,0.183800,449,135,0.231228,docs/tmp/bottle-blank-investigation/center_offset_rerender/bottle/35be58c92f6af2d53721788c80f7f1d6/back.png
bottle,35be58c92f6af2d53721788c80f7f1d6,right,ok,0.117069,134,336,0.171753,docs/tmp/bottle-blank-investigation/center_offset_rerender/bottle/35be58c92f6af2d53721788c80f7f1d6/right.png
bottle,35c8cf43dd7c300768b83551a489f57a,front,ok,0.233952,469,167,0.298779,docs/tmp/bottle-blank-investigation/center_offset_rerender/bottle/35c8cf43dd7c300768b83551a489f57a/front.png
bottle,35c8cf43dd7c300768b83551a489f57a,left,ok,0.231850,250,371,0.353813,docs/tmp/bottle-blank-investigation/center_offset_rerender/bottle/35c8cf43dd7c300768b83551a489f57a/left.png
bottle,35c8cf43dd7c300768b83551a489f57a,back,ok,0.233955,469,166,0.296989,docs/tmp/bottle-blank-investigation/center_offset_rerender/bottle/35c8cf43dd7c300768b83551a489f57a/back.png
bottle,35c8cf43dd7c300768b83551a489f57a,right,ok,0.196426,206,371,0.291542,docs/tmp/bottle-blank-investigation/center_offset_rerender/bottle/35c8cf43dd7c300768b83551a489f57a/right.png
bottle,36757695b7d5a576f0160e8a71e11f20,front,ok,0.227821,405,200,0.308990,docs/tmp/bottle-blank-investigation/center_offset_rerender/bottle/36757695b7d5a576f0160e8a71e11f20/front.png
bottle,36757695b7d5a576f0160e8a71e11f20,left,ok,0.239723,247,345,0.325069,docs/tmp/bottle-blank-investigation/center_offset_rerender/bottle/36757695b7d5a576f0160e8a71e11f20/left.png
bottle,36757695b7d5a576f0160e8a71e11f20,back,ok,0.227062,405,200,0.308990,docs/tmp/bottle-blank-investigation/center_offset_rerender/bottle/36757695b7d5a576f0160e8a71e11f20/back.png
bottle,36757695b7d5a576f0160e8a71e11f20,right,ok,0.176662,231,301,0.265240,docs/tmp/bottle-blank-investigation/center_offset_rerender/bottle/36757695b7d5a576f0160e8a71e11f20/right.png
bottle,38a83b629e4e445b66bd0d015443bf1b,front,ok,0.179184,460,121,0.212326,docs/tmp/bottle-blank-investigation/center_offset_rerender/bottle/38a83b629e4e445b66bd0d015443bf1b/front.png
bottle,38a83b629e4e445b66bd0d015443bf1b,left,ok,0.177750,192,336,0.246094,docs/tmp/bottle-blank-investigation/center_offset_rerender/bottle/38a83b629e4e445b66bd0d015443bf1b/left.png
bottle,38a83b629e4e445b66bd0d015443bf1b,back,ok,0.179489,460,121,0.212326,docs/tmp/bottle-blank-investigation/center_offset_rerender/bottle/38a83b629e4e445b66bd0d015443bf1b/back.png
bottle,38a83b629e4e445b66bd0d015443bf1b,right,ok,0.130013,140,337,0.179977,docs/tmp/bottle-blank-investigation/center_offset_rerender/bottle/38a83b629e4e445b66bd0d015443bf1b/right.png
bottle,3958f6635643a60e76276e57e62e9dd0,front,ok,0.344360,450,217,0.372505,docs/tmp/bottle-blank-investigation/center_offset_rerender/bottle/3958f6635643a60e76276e57e62e9dd0/front.png
bottle,3958f6635643a60e76276e57e62e9dd0,left,ok,0.321857,307,381,0.446194,docs/tmp/bottle-blank-investigation/center_offset_rerender/bottle/3958f6635643a60e76276e57e62e9dd0/left.png
bottle,3958f6635643a60e76276e57e62e9dd0,back,ok,0.345547,450,217,0.372505,docs/tmp/bottle-blank-investigation/center_offset_rerender/bottle/3958f6635643a60e76276e57e62e9dd0/back.png
bottle,3958f6635643a60e76276e57e62e9dd0,right,ok,0.319065,308,381,0.447647,docs/tmp/bottle-blank-investigation/center_offset_rerender/bottle/3958f6635643a60e76276e57e62e9dd0/right.png
bottle,3a6493c3609c88c577f13fbec7586b0c,front,ok,0.344379,450,217,0.372505,docs/tmp/bottle-blank-investigation/center_offset_rerender/bottle/3a6493c3609c88c577f13fbec7586b0c/front.png
bottle,3a6493c3609c88c577f13fbec7586b0c,left,ok,0.321854,307,381,0.446194,docs/tmp/bottle-blank-investigation/center_offset_rerender/bottle/3a6493c3609c88c577f13fbec7586b0c/left.png
bottle,3a6493c3609c88c577f13fbec7586b0c,back,ok,0.345539,450,217,0.372505,docs/tmp/bottle-blank-investigation/center_offset_rerender/bottle/3a6493c3609c88c577f13fbec7586b0c/back.png
bottle,3a6493c3609c88c577f13fbec7586b0c,right,ok,0.319069,308,381,0.447647,docs/tmp/bottle-blank-investigation/center_offset_rerender/bottle/3a6493c3609c88c577f13fbec7586b0c/right.png
bottle,3a6a11e43eac6eadfb7e70b7e5a97761,front,ok,0.280144,480,173,0.316772,docs/tmp/bottle-blank-investigation/center_offset_rerender/bottle/3a6a11e43eac6eadfb7e70b7e5a97761/front.png
bottle,3a6a11e43eac6eadfb7e70b7e5a97761,left,ok,0.281586,292,370,0.412140,docs/tmp/bottle-blank-investigation/center_offset_rerender/bottle/3a6a11e43eac6eadfb7e70b7e5a97761/left.png
bottle,3a6a11e43eac6eadfb7e70b7e5a97761,back,ok,0.281178,479,173,0.316113,docs/tmp/bottle-blank-investigation/center_offset_rerender/bottle/3a6a11e43eac6eadfb7e70b7e5a97761/back.png
bottle,3a6a11e43eac6eadfb7e70b7e5a97761,right,ok,0.280479,294,370,0.414963,docs/tmp/bottle-blank-investigation/center_offset_rerender/bottle/3a6a11e43eac6eadfb7e70b7e5a97761/right.png
bottle,3b7c8607fc596630da5a83dd27e6b007,front,ok,0.188046,456,141,0.245270,docs/tmp/bottle-blank-investigation/center_offset_rerender/bottle/3b7c8607fc596630da5a83dd27e6b007/front.png
bottle,3b7c8607fc596630da5a83dd27e6b007,left,ok,0.166351,180,348,0.238953,docs/tmp/bottle-blank-investigation/center_offset_rerender/bottle/3b7c8607fc596630da5a83dd27e6b007/left.png
bottle,3b7c8607fc596630da5a83dd27e6b007,back,ok,0.183281,457,138,0.240578,docs/tmp/bottle-blank-investigation/center_offset_rerender/bottle/3b7c8607fc596630da5a83dd27e6b007/back.png
bottle,3b7c8607fc596630da5a83dd27e6b007,right,ok,0.108097,126,346,0.166306,docs/tmp/bottle-blank-investigation/center_offset_rerender/bottle/3b7c8607fc596630da5a83dd27e6b007/right.png
bottle,3b959a988993ed8dadb69a34d65e9705,front,ok,0.179176,460,121,0.212326,docs/tmp/bottle-blank-investigation/center_offset_rerender/bottle/3b959a988993ed8dadb69a34d65e9705/front.png
bottle,3b959a988993ed8dadb69a34d65e9705,left,ok,0.177750,192,336,0.246094,docs/tmp/bottle-blank-investigation/center_offset_rerender/bottle/3b959a988993ed8dadb69a34d65e9705/left.png
bottle,3b959a988993ed8dadb69a34d65e9705,back,ok,0.179489,460,121,0.212326,docs/tmp/bottle-blank-investigation/center_offset_rerender/bottle/3b959a988993ed8dadb69a34d65e9705/back.png
bottle,3b959a988993ed8dadb69a34d65e9705,right,ok,0.130013,140,337,0.179977,docs/tmp/bottle-blank-investigation/center_offset_rerender/bottle/3b959a988993ed8dadb69a34d65e9705/right.png
bottle,3ba8adccd1e17005362ca084ac7c175b,front,ok,0.168079,455,120,0.208282,docs/tmp/bottle-blank-investigation/center_offset_rerender/bottle/3ba8adccd1e17005362ca084ac7c175b/front.png
bottle,3ba8adccd1e17005362ca084ac7c175b,left,ok,0.135372,146,339,0.188805,docs/tmp/bottle-blank-investigation/center_offset_rerender/bottle/3ba8adccd1e17005362ca084ac7c175b/left.png
bottle,3ba8adccd1e17005362ca084ac7c175b,back,ok,0.168758,457,120,0.209198,docs/tmp/bottle-blank-investigation/center_offset_rerender/bottle/3ba8adccd1e17005362ca084ac7c175b/back.png
bottle,3ba8adccd1e17005362ca084ac7c175b,right,ok,0.110451,118,342,0.153946,docs/tmp/bottle-blank-investigation/center_offset_rerender/bottle/3ba8adccd1e17005362ca084ac7c175b/right.png
bottle,3bd873d403ae147bd9a95b410fff26eb,front,ok,0.200886,454,148,0.256317,docs/tmp/bottle-blank-investigation/center_offset_rerender/bottle/3bd873d403ae147bd9a95b410fff26eb/front.png
bottle,3bd873d403ae147bd9a95b410fff26eb,left,ok,0.188030,184,346,0.242859,docs/tmp/bottle-blank-investigation/center_offset_rerender/bottle/3bd873d403ae147bd9a95b410fff26eb/left.png
bottle,3bd873d403ae147bd9a95b410fff26eb,back,ok,0.200993,454,148,0.256317,docs/tmp/bottle-blank-investigation/center_offset_rerender/bottle/3bd873d403ae147bd9a95b410fff26eb/back.png
bottle,3bd873d403ae147bd9a95b410fff26eb,right,ok,0.155998,162,342,0.211349,docs/tmp/bottle-blank-investigation/center_offset_rerender/bottle/3bd873d403ae147bd9a95b410fff26eb/right.png
bottle,3d1ddc98d7c1f1bc9d48344398d5c275,front,ok,0.227329,453,191,0.330059,docs/tmp/bottle-blank-investigation/center_offset_rerender/bottle/3d1ddc98d7c1f1bc9d48344398d5c275/front.png
bottle,3d1ddc98d7c1f1bc9d48344398d5c275,left,ok,0.142643,126,366,0.175919,docs/tmp/bottle-blank-investigation/center_offset_rerender/bottle/3d1ddc98d7c1f1bc9d48344398d5c275/left.png
bottle,3d1ddc98d7c1f1bc9d48344398d5c275,back,ok,0.227455,453,191,0.330059,docs/tmp/bottle-blank-investigation/center_offset_rerender/bottle/3d1ddc98d7c1f1bc9d48344398d5c275/back.png
bottle,3d1ddc98d7c1f1bc9d48344398d5c275,right,ok,0.099602,82,390,0.121994,docs/tmp/bottle-blank-investigation/center_offset_rerender/bottle/3d1ddc98d7c1f1bc9d48344398d5c275/right.png
bottle,3d32635e9aa71e334edd551b53d24a12,front,ok,0.261600,342,270,0.352249,docs/tmp/bottle-blank-investigation/center_offset_rerender/bottle/3d32635e9aa71e334edd551b53d24a12/front.png
bottle,3d32635e9aa71e334edd551b53d24a12,left,ok,0.261967,287,316,0.345963,docs/tmp/bottle-blank-investigation/center_offset_rerender/bottle/3d32635e9aa71e334edd551b53d24a12/left.png
bottle,3d32635e9aa71e334edd551b53d24a12,back,ok,0.310913,384,236,0.345703,docs/tmp/bottle-blank-investigation/center_offset_rerender/bottle/3d32635e9aa71e334edd551b53d24a12/back.png
bottle,3d32635e9aa71e334edd551b53d24a12,right,ok,0.243706,305,324,0.376968,docs/tmp/bottle-blank-investigation/center_offset_rerender/bottle/3d32635e9aa71e334edd551b53d24a12/right.png
bottle,3fbea76496bf04349440a969710847fc,front,ok,0.421894,478,272,0.495972,docs/tmp/bottle-blank-investigation/center_offset_rerender/bottle/3fbea76496bf04349440a969710847fc/front.png
bottle,3fbea76496bf04349440a969710847fc,left,ok,0.389412,344,379,0.497345,docs/tmp/bottle-blank-investigation/center_offset_rerender/bottle/3fbea76496bf04349440a969710847fc/left.png
bottle,3fbea76496bf04349440a969710847fc,back,ok,0.410416,464,267,0.472595,docs/tmp/bottle-blank-investigation/center_offset_rerender/bottle/3fbea76496bf04349440a969710847fc/back.png
bottle,3fbea76496bf04349440a969710847fc,right,ok,0.338604,315,353,0.424175,docs/tmp/bottle-blank-investigation/center_offset_rerender/bottle/3fbea76496bf04349440a969710847fc/right.png
bottle,404dd2da5b4a286fd6dd602038c69ba3,front,ok,0.280907,440,192,0.322266,docs/tmp/bottle-blank-investigation/center_offset_rerender/bottle/404dd2da5b4a286fd6dd602038c69ba3/front.png
bottle,404dd2da5b4a286fd6dd602038c69ba3,left,ok,0.265854,281,358,0.383751,docs/tmp/bottle-blank-investigation/center_offset_rerender/bottle/404dd2da5b4a286fd6dd602038c69ba3/left.png
bottle,404dd2da5b4a286fd6dd602038c69ba3,back,ok,0.269703,440,192,0.322266,docs/tmp/bottle-blank-investigation/center_offset_rerender/bottle/404dd2da5b4a286fd6dd602038c69ba3/back.png
bottle,404dd2da5b4a286fd6dd602038c69ba3,right,ok,0.213192,230,352,0.308838,docs/tmp/bottle-blank-investigation/center_offset_rerender/bottle/404dd2da5b4a286fd6dd602038c69ba3/right.png
bottle,41f5cda91cd46c23292d222e027e3c1a,front,ok,0.232021,231,402,0.354240,docs/tmp/bottle-blank-investigation/center_offset_rerender/bottle/41f5cda91cd46c23292d222e027e3c1a/front.png
bottle,41f5cda91cd46c23292d222e027e3c1a,left,ok,0.302048,312,301,0.358246,docs/tmp/bottle-blank-investigation/center_offset_rerender/bottle/41f5cda91cd46c23292d222e027e3c1a/left.png
bottle,41f5cda91cd46c23292d222e027e3c1a,back,ok,0.232018,230,402,0.352707,docs/tmp/bottle-blank-investigation/center_offset_rerender/bottle/41f5cda91cd46c23292d222e027e3c1a/back.png
bottle,41f5cda91cd46c23292d222e027e3c1a,right,ok,0.396141,424,285,0.460968,docs/tmp/bottle-blank-investigation/center_offset_rerender/bottle/41f5cda91cd46c23292d222e027e3c1a/right.png
bottle,427c195427a5716df469c9d279488e34,front,ok,0.355438,450,217,0.372505,docs/tmp/bottle-blank-investigation/center_offset_rerender/bottle/427c195427a5716df469c9d279488e34/front.png
bottle,427c195427a5716df469c9d279488e34,left,ok,0.322510,308,381,0.447647,docs/tmp/bottle-blank-investigation/center_offset_rerender/bottle/427c195427a5716df469c9d279488e34/left.png
bottle,427c195427a5716df469c9d279488e34,back,ok,0.354340,450,216,0.370789,docs/tmp/bottle-blank-investigation/center_offset_rerender/bottle/427c195427a5716df469c9d279488e34/back.png
bottle,427c195427a5716df469c9d279488e34,right,ok,0.273609,308,381,0.447647,docs/tmp/bottle-blank-investigation/center_offset_rerender/bottle/427c195427a5716df469c9d279488e34/right.png
bottle,428beced80e3dd74a2c1b37e860efef2,front,ok,0.162502,474,114,0.206131,docs/tmp/bottle-blank-investigation/center_offset_rerender/bottle/428beced80e3dd74a2c1b37e860efef2/front.png
bottle,428beced80e3dd74a2c1b37e860efef2,left,ok,0.170353,184,354,0.248474,docs/tmp/bottle-blank-investigation/center_offset_rerender/bottle/428beced80e3dd74a2c1b37e860efef2/left.png
bottle,428beced80e3dd74a2c1b37e860efef2,back,ok,0.164799,474,113,0.204323,docs/tmp/bottle-blank-investigation/center_offset_rerender/bottle/428beced80e3dd74a2c1b37e860efef2/back.png
bottle,428beced80e3dd74a2c1b37e860efef2,right,ok,0.113148,124,351,0.166031,docs/tmp/bottle-blank-investigation/center_offset_rerender/bottle/428beced80e3dd74a2c1b37e860efef2/right.png
bottle,42f6cefe823d3ad1464801abab1b628d,front,ok,0.185196,468,121,0.216019,docs/tmp/bottle-blank-investigation/center_offset_rerender/bottle/42f6cefe823d3ad1464801abab1b628d/front.png
bottle,42f6cefe823d3ad1464801abab1b628d,left,ok,0.177795,188,351,0.251724,docs/tmp/bottle-blank-investigation/center_offset_rerender/bottle/42f6cefe823d3ad1464801abab1b628d/left.png
bottle,42f6cefe823d3ad1464801abab1b628d,back,ok,0.185284,468,121,0.216019,docs/tmp/bottle-blank-investigation/center_offset_rerender/bottle/42f6cefe823d3ad1464801abab1b628d/back.png
bottle,42f6cefe823d3ad1464801abab1b628d,right,ok,0.134018,126,349,0.167747,docs/tmp/bottle-blank-investigation/center_offset_rerender/bottle/42f6cefe823d3ad1464801abab1b628d/right.png
bottle,44766ee86b84ecc6d30891965eb98ff0,front,ok,0.192200,456,145,0.252228,docs/tmp/bottle-blank-investigation/center_offset_rerender/bottle/44766ee86b84ecc6d30891965eb98ff0/front.png
bottle,44766ee86b84ecc6d30891965eb98ff0,left,ok,0.197334,212,344,0.278198,docs/tmp/bottle-blank-investigation/center_offset_rerender/bottle/44766ee86b84ecc6d30891965eb98ff0/left.png
bottle,44766ee86b84ecc6d30891965eb98ff0,back,ok,0.191631,457,144,0.251038,docs/tmp/bottle-blank-investigation/center_offset_rerender/bottle/44766ee86b84ecc6d30891965eb98ff0/back.png
bottle,44766ee86b84ecc6d30891965eb98ff0,right,ok,0.113293,139,366,0.194069,docs/tmp/bottle-blank-investigation/center_offset_rerender/bottle/44766ee86b84ecc6d30891965eb98ff0/right.png
bottle,47c4d004531c8fb456cddbf21b4c870d,front,ok,0.428520,474,274,0.495438,docs/tmp/bottle-blank-investigation/center_offset_rerender/bottle/47c4d004531c8fb456cddbf21b4c870d/front.png
bottle,47c4d004531c8fb456cddbf21b4c870d,left,ok,0.407013,354,379,0.511803,docs/tmp/bottle-blank-investigation/center_offset_rerender/bottle/47c4d004531c8fb456cddbf21b4c870d/left.png
bottle,47c4d004531c8fb456cddbf21b4c870d,back,ok,0.433029,473,274,0.494392,docs/tmp/bottle-blank-investigation/center_offset_rerender/bottle/47c4d004531c8fb456cddbf21b4c870d/back.png
bottle,47c4d004531c8fb456cddbf21b4c870d,right,ok,0.357052,324,370,0.457306,docs/tmp/bottle-blank-investigation/center_offset_rerender/bottle/47c4d004531c8fb456cddbf21b4c870d/right.png
bottle,4864951764f74b53cc1a9f8e4b899776,front,ok,0.184376,461,132,0.232132,docs/tmp/bottle-blank-investigation/center_offset_rerender/bottle/4864951764f74b53cc1a9f8e4b899776/front.png
bottle,4864951764f74b53cc1a9f8e4b899776,left,ok,0.183624,196,345,0.257950,docs/tmp/bottle-blank-investigation/center_offset_rerender/bottle/4864951764f74b53cc1a9f8e4b899776/left.png
bottle,4864951764f74b53cc1a9f8e4b899776,back,ok,0.184250,461,132,0.232132,docs/tmp/bottle-blank-investigation/center_offset_rerender/bottle/4864951764f74b53cc1a9f8e4b899776/back.png
bottle,4864951764f74b53cc1a9f8e4b899776,right,ok,0.110180,134,365,0.186577,docs/tmp/bottle-blank-investigation/center_offset_rerender/bottle/4864951764f74b53cc1a9f8e4b899776/right.png
bottle,48d781448d209a08b21263b1b45ec901,front,ok,0.192192,456,145,0.252228,docs/tmp/bottle-blank-investigation/center_offset_rerender/bottle/48d781448d209a08b21263b1b45ec901/front.png
bottle,48d781448d209a08b21263b1b45ec901,left,ok,0.197330,212,344,0.278198,docs/tmp/bottle-blank-investigation/center_offset_rerender/bottle/48d781448d209a08b21263b1b45ec901/left.png
bottle,48d781448d209a08b21263b1b45ec901,back,ok,0.191631,457,144,0.251038,docs/tmp/bottle-blank-investigation/center_offset_rerender/bottle/48d781448d209a08b21263b1b45ec901/back.png
bottle,48d781448d209a08b21263b1b45ec901,right,ok,0.113293,139,366,0.194069,docs/tmp/bottle-blank-investigation/center_offset_rerender/bottle/48d781448d209a08b21263b1b45ec901/right.png
bottle,49514ad36e92ad66895ea6d6d83ef101,front,ok,0.327362,481,218,0.400002,docs/tmp/bottle-blank-investigation/center_offset_rerender/bottle/49514ad36e92ad66895ea6d6d83ef101/front.png
bottle,49514ad36e92ad66895ea6d6d83ef101,left,ok,0.309555,286,353,0.385124,docs/tmp/bottle-blank-investigation/center_offset_rerender/bottle/49514ad36e92ad66895ea6d6d83ef101/left.png
bottle,49514ad36e92ad66895ea6d6d83ef101,back,ok,0.327610,481,218,0.400002,docs/tmp/bottle-blank-investigation/center_offset_rerender/bottle/49514ad36e92ad66895ea6d6d83ef101/back.png
bottle,49514ad36e92ad66895ea6d6d83ef101,right,ok,0.226635,214,324,0.264496,docs/tmp/bottle-blank-investigation/center_offset_rerender/bottle/49514ad36e92ad66895ea6d6d83ef101/right.png
bottle,4aa68d036f1e4d2449bc37e54ce214c7,front,ok,0.168285,455,120,0.208282,docs/tmp/bottle-blank-investigation/center_offset_rerender/bottle/4aa68d036f1e4d2449bc37e54ce214c7/front.png
bottle,4aa68d036f1e4d2449bc37e54ce214c7,left,ok,0.135429,146,339,0.188805,docs/tmp/bottle-blank-investigation/center_offset_rerender/bottle/4aa68d036f1e4d2449bc37e54ce214c7/left.png
bottle,4aa68d036f1e4d2449bc37e54ce214c7,back,ok,0.168777,457,120,0.209198,docs/tmp/bottle-blank-investigation/center_offset_rerender/bottle/4aa68d036f1e4d2449bc37e54ce214c7/back.png
bottle,4aa68d036f1e4d2449bc37e54ce214c7,right,ok,0.110451,118,342,0.153946,docs/tmp/bottle-blank-investigation/center_offset_rerender/bottle/4aa68d036f1e4d2449bc37e54ce214c7/right.png
bottle,4b8da75f8ce46fa39b9b6976fe4756f5,front,ok,0.399490,476,252,0.457581,docs/tmp/bottle-blank-investigation/center_offset_rerender/bottle/4b8da75f8ce46fa39b9b6976fe4756f5/front.png
bottle,4b8da75f8ce46fa39b9b6976fe4756f5,left,ok,0.370903,337,364,0.467941,docs/tmp/bottle-blank-investigation/center_offset_rerender/bottle/4b8da75f8ce46fa39b9b6976fe4756f5/left.png
bottle,4b8da75f8ce46fa39b9b6976fe4756f5,back,ok,0.399529,476,252,0.457581,docs/tmp/bottle-blank-investigation/center_offset_rerender/bottle/4b8da75f8ce46fa39b9b6976fe4756f5/back.png
bottle,4b8da75f8ce46fa39b9b6976fe4756f5,right,ok,0.337234,302,368,0.423950,docs/tmp/bottle-blank-investigation/center_offset_rerender/bottle/4b8da75f8ce46fa39b9b6976fe4756f5/right.png
bottle,4c03774c8d95f7ba0f5146a22a42365d,front,ok,0.428516,474,274,0.495438,docs/tmp/bottle-blank-investigation/center_offset_rerender/bottle/4c03774c8d95f7ba0f5146a22a42365d/front.png
bottle,4c03774c8d95f7ba0f5146a22a42365d,left,ok,0.407009,354,379,0.511803,docs/tmp/bottle-blank-investigation/center_offset_rerender/bottle/4c03774c8d95f7ba0f5146a22a42365d/left.png
bottle,4c03774c8d95f7ba0f5146a22a42365d,back,ok,0.433029,473,274,0.494392,docs/tmp/bottle-blank-investigation/center_offset_rerender/bottle/4c03774c8d95f7ba0f5146a22a42365d/back.png
bottle,4c03774c8d95f7ba0f5146a22a42365d,right,ok,0.357044,324,370,0.457306,docs/tmp/bottle-blank-investigation/center_offset_rerender/bottle/4c03774c8d95f7ba0f5146a22a42365d/right.png
bottle,4c17c4987af529e91fc36a1f56aeb908,front,ok,0.177559,470,115,0.206184,docs/tmp/bottle-blank-investigation/center_offset_rerender/bottle/4c17c4987af529e91fc36a1f56aeb908/front.png
bottle,4c17c4987af529e91fc36a1f56aeb908,left,ok,0.178104,190,348,0.252228,docs/tmp/bottle-blank-investigation/center_offset_rerender/bottle/4c17c4987af529e91fc36a1f56aeb908/left.png
bottle,4c17c4987af529e91fc36a1f56aeb908,back,ok,0.177589,470,115,0.206184,docs/tmp/bottle-blank-investigation/center_offset_rerender/bottle/4c17c4987af529e91fc36a1f56aeb908/back.png
bottle,4c17c4987af529e91fc36a1f56aeb908,right,ok,0.134476,128,347,0.169434,docs/tmp/bottle-blank-investigation/center_offset_rerender/bottle/4c17c4987af529e91fc36a1f56aeb908/right.png
bottle,4e8e59c6b862e5896d666b2ccc8b5c11,front,ok,0.199745,460,117,0.205307,docs/tmp/bottle-blank-investigation/center_offset_rerender/bottle/4e8e59c6b862e5896d666b2ccc8b5c11/front.png
bottle,4e8e59c6b862e5896d666b2ccc8b5c11,left,ok,0.156178,172,368,0.241455,docs/tmp/bottle-blank-investigation/center_offset_rerender/bottle/4e8e59c6b862e5896d666b2ccc8b5c11/left.png
bottle,4e8e59c6b862e5896d666b2ccc8b5c11,back,ok,0.151176,487,116,0.215500,docs/tmp/bottle-blank-investigation/center_offset_rerender/bottle/4e8e59c6b862e5896d666b2ccc8b5c11/back.png
bottle,4e8e59c6b862e5896d666b2ccc8b5c11,right,ok,0.118050,114,370,0.160904,docs/tmp/bottle-blank-investigation/center_offset_rerender/bottle/4e8e59c6b862e5896d666b2ccc8b5c11/right.png
bottle,4f2775f5bcb1559d0794f09ef6cb8f8a,front,ok,0.185211,468,121,0.216019,docs/tmp/bottle-blank-investigation/center_offset_rerender/bottle/4f2775f5bcb1559d0794f09ef6cb8f8a/front.png
bottle,4f2775f5bcb1559d0794f09ef6cb8f8a,left,ok,0.177795,188,351,0.251724,docs/tmp/bottle-blank-investigation/center_offset_rerender/bottle/4f2775f5bcb1559d0794f09ef6cb8f8a/left.png
bottle,4f2775f5bcb1559d0794f09ef6cb8f8a,back,ok,0.185291,468,121,0.216019,docs/tmp/bottle-blank-investigation/center_offset_rerender/bottle/4f2775f5bcb1559d0794f09ef6cb8f8a/back.png
bottle,4f2775f5bcb1559d0794f09ef6cb8f8a,right,ok,0.134018,126,349,0.167747,docs/tmp/bottle-blank-investigation/center_offset_rerender/bottle/4f2775f5bcb1559d0794f09ef6cb8f8a/right.png
bottle,4f676ea855236b22d221ab89d9ab9db0,front,ok,0.355461,450,217,0.372505,docs/tmp/bottle-blank-investigation/center_offset_rerender/bottle/4f676ea855236b22d221ab89d9ab9db0/front.png
bottle,4f676ea855236b22d221ab89d9ab9db0,left,ok,0.322594,308,381,0.447647,docs/tmp/bottle-blank-investigation/center_offset_rerender/bottle/4f676ea855236b22d221ab89d9ab9db0/left.png
bottle,4f676ea855236b22d221ab89d9ab9db0,back,ok,0.354305,450,217,0.372505,docs/tmp/bottle-blank-investigation/center_offset_rerender/bottle/4f676ea855236b22d221ab89d9ab9db0/back.png
bottle,4f676ea855236b22d221ab89d9ab9db0,right,ok,0.288338,308,381,0.447647,docs/tmp/bottle-blank-investigation/center_offset_rerender/bottle/4f676ea855236b22d221ab89d9ab9db0/right.png
bottle,501a5ac3cbdae92226c51c349e4e6a17,front,ok,0.346020,466,249,0.442635,docs/tmp/bottle-blank-investigation/center_offset_rerender/bottle/501a5ac3cbdae92226c51c349e4e6a17/front.png
bottle,501a5ac3cbdae92226c51c349e4e6a17,left,ok,0.347061,317,372,0.449844,docs/tmp/bottle-blank-investigation/center_offset_rerender/bottle/501a5ac3cbdae92226c51c349e4e6a17/left.png
bottle,501a5ac3cbdae92226c51c349e4e6a17,back,ok,0.348217,465,249,0.441685,docs/tmp/bottle-blank-investigation/center_offset_rerender/bottle/501a5ac3cbdae92226c51c349e4e6a17/back.png
bottle,501a5ac3cbdae92226c51c349e4e6a17,right,ok,0.269592,244,357,0.332291,docs/tmp/bottle-blank-investigation/center_offset_rerender/bottle/501a5ac3cbdae92226c51c349e4e6a17/right.png
bottle,5110cf450c58c157ae51820e4f8f5a70,front,ok,0.342693,450,217,0.372505,docs/tmp/bottle-blank-investigation/center_offset_rerender/bottle/5110cf450c58c157ae51820e4f8f5a70/front.png
bottle,5110cf450c58c157ae51820e4f8f5a70,left,ok,0.321671,307,381,0.446194,docs/tmp/bottle-blank-investigation/center_offset_rerender/bottle/5110cf450c58c157ae51820e4f8f5a70/left.png
bottle,5110cf450c58c157ae51820e4f8f5a70,back,ok,0.333328,450,217,0.372505,docs/tmp/bottle-blank-investigation/center_offset_rerender/bottle/5110cf450c58c157ae51820e4f8f5a70/back.png
bottle,5110cf450c58c157ae51820e4f8f5a70,right,ok,0.318779,308,381,0.447647,docs/tmp/bottle-blank-investigation/center_offset_rerender/bottle/5110cf450c58c157ae51820e4f8f5a70/right.png
bottle,512ed749857d54b770c8fb1d95ebe719,front,ok,0.162491,474,114,0.206131,docs/tmp/bottle-blank-investigation/center_offset_rerender/bottle/512ed749857d54b770c8fb1d95ebe719/front.png
bottle,512ed749857d54b770c8fb1d95ebe719,left,ok,0.170349,184,354,0.248474,docs/tmp/bottle-blank-investigation/center_offset_rerender/bottle/512ed749857d54b770c8fb1d95ebe719/left.png
bottle,512ed749857d54b770c8fb1d95ebe719,back,ok,0.164795,474,113,0.204323,docs/tmp/bottle-blank-investigation/center_offset_rerender/bottle/512ed749857d54b770c8fb1d95ebe719/back.png
bottle,512ed749857d54b770c8fb1d95ebe719,right,ok,0.113152,124,351,0.166031,docs/tmp/bottle-blank-investigation/center_offset_rerender/bottle/512ed749857d54b770c8fb1d95ebe719/right.png
bottle,51657fff4142cac375067af63e5f46a5,front,ok,0.152164,474,108,0.195282,docs/tmp/bottle-blank-investigation/center_offset_rerender/bottle/51657fff4142cac375067af63e5f46a5/front.png
bottle,51657fff4142cac375067af63e5f46a5,left,ok,0.159245,173,354,0.233620,docs/tmp/bottle-blank-investigation/center_offset_rerender/bottle/51657fff4142cac375067af63e5f46a5/left.png
bottle,51657fff4142cac375067af63e5f46a5,back,ok,0.154797,475,106,0.192070,docs/tmp/bottle-blank-investigation/center_offset_rerender/bottle/51657fff4142cac375067af63e5f46a5/back.png
bottle,51657fff4142cac375067af63e5f46a5,right,ok,0.106255,117,350,0.156212,docs/tmp/bottle-blank-investigation/center_offset_rerender/bottle/51657fff4142cac375067af63e5f46a5/right.png
bottle,52a8b574134363d8d714f7c0905e5a23,front,ok,0.286140,397,279,0.422527,docs/tmp/bottle-blank-investigation/center_offset_rerender/bottle/52a8b574134363d8d714f7c0905e5a23/front.png
bottle,52a8b574134363d8d714f7c0905e5a23,left,ok,0.236828,433,281,0.464146,docs/tmp/bottle-blank-investigation/center_offset_rerender/bottle/52a8b574134363d8d714f7c0905e5a23/left.png
bottle,52a8b574134363d8d714f7c0905e5a23,back,ok,0.176506,332,280,0.354614,docs/tmp/bottle-blank-investigation/center_offset_rerender/bottle/52a8b574134363d8d714f7c0905e5a23/back.png
bottle,52a8b574134363d8d714f7c0905e5a23,right,ok,0.197708,349,289,0.384754,docs/tmp/bottle-blank-investigation/center_offset_rerender/bottle/52a8b574134363d8d714f7c0905e5a23/right.png
bottle,535eb2876247eb78fe2fc2d73c370277,front,ok,0.277271,386,234,0.344559,docs/tmp/bottle-blank-investigation/center_offset_rerender/bottle/535eb2876247eb78fe2fc2d73c370277/front.png
bottle,535eb2876247eb78fe2fc2d73c370277,left,ok,0.255211,272,314,0.325806,docs/tmp/bottle-blank-investigation/center_offset_rerender/bottle/535eb2876247eb78fe2fc2d73c370277/left.png
bottle,535eb2876247eb78fe2fc2d73c370277,back,ok,0.277351,386,234,0.344559,docs/tmp/bottle-blank-investigation/center_offset_rerender/bottle/535eb2876247eb78fe2fc2d73c370277/back.png
bottle,535eb2876247eb78fe2fc2d73c370277,right,ok,0.219074,222,326,0.276077,docs/tmp/bottle-blank-investigation/center_offset_rerender/bottle/535eb2876247eb78fe2fc2d73c370277/right.png
bottle,5400f05e475b0a6254f90a92873d50f7,front,ok,0.434841,485,274,0.506935,docs/tmp/bottle-blank-investigation/center_offset_rerender/bottle/5400f05e475b0a6254f90a92873d50f7/front.png
bottle,5400f05e475b0a6254f90a92873d50f7,left,ok,0.407013,354,379,0.511803,docs/tmp/bottle-blank-investigation/center_offset_rerender/bottle/5400f05e475b0a6254f90a92873d50f7/left.png
bottle,5400f05e475b0a6254f90a92873d50f7,back,ok,0.428955,473,274,0.494392,docs/tmp/bottle-blank-investigation/center_offset_rerender/bottle/5400f05e475b0a6254f90a92873d50f7/back.png
bottle,5400f05e475b0a6254f90a92873d50f7,right,ok,0.352100,324,352,0.435059,docs/tmp/bottle-blank-investigation/center_offset_rerender/bottle/5400f05e475b0a6254f90a92873d50f7/right.png
bottle,54072cef39d85c24d19c5a9b585307c7,front,ok,0.185184,468,121,0.216019,docs/tmp/bottle-blank-investigation/center_offset_rerender/bottle/54072cef39d85c24d19c5a9b585307c7/front.png
bottle,54072cef39d85c24d19c5a9b585307c7,left,ok,0.177788,188,351,0.251724,docs/tmp/bottle-blank-investigation/center_offset_rerender/bottle/54072cef39d85c24d19c5a9b585307c7/left.png
bottle,54072cef39d85c24d19c5a9b585307c7,back,ok,0.185291,468,121,0.216019,docs/tmp/bottle-blank-investigation/center_offset_rerender/bottle/54072cef39d85c24d19c5a9b585307c7/back.png
bottle,54072cef39d85c24d19c5a9b585307c7,right,ok,0.134014,126,349,0.167747,docs/tmp/bottle-blank-investigation/center_offset_rerender/bottle/54072cef39d85c24d19c5a9b585307c7/right.png
bottle,5446d9db321a150d3fdd5de0c4ad8391,front,ok,0.295952,462,223,0.393013,docs/tmp/bottle-blank-investigation/center_offset_rerender/bottle/5446d9db321a150d3fdd5de0c4ad8391/front.png
bottle,5446d9db321a150d3fdd5de0c4ad8391,left,ok,0.255016,253,364,0.351303,docs/tmp/bottle-blank-investigation/center_offset_rerender/bottle/5446d9db321a150d3fdd5de0c4ad8391/left.png
bottle,5446d9db321a150d3fdd5de0c4ad8391,back,ok,0.273766,464,170,0.300903,docs/tmp/bottle-blank-investigation/center_offset_rerender/bottle/5446d9db321a150d3fdd5de0c4ad8391/back.png
bottle,5446d9db321a150d3fdd5de0c4ad8391,right,ok,0.247044,249,366,0.347649,docs/tmp/bottle-blank-investigation/center_offset_rerender/bottle/5446d9db321a150d3fdd5de0c4ad8391/right.png
bottle,544fcd703847ce2bce83524adc22f526,front,ok,0.209820,457,150,0.261497,docs/tmp/bottle-blank-investigation/center_offset_rerender/bottle/544fcd703847ce2bce83524adc22f526/front.png
bottle,544fcd703847ce2bce83524adc22f526,left,ok,0.205215,218,346,0.287735,docs/tmp/bottle-blank-investigation/center_offset_rerender/bottle/544fcd703847ce2bce83524adc22f526/left.png
bottle,544fcd703847ce2bce83524adc22f526,back,ok,0.220745,457,150,0.261497,docs/tmp/bottle-blank-investigation/center_offset_rerender/bottle/544fcd703847ce2bce83524adc22f526/back.png
bottle,544fcd703847ce2bce83524adc22f526,right,ok,0.172535,154,357,0.209724,docs/tmp/bottle-blank-investigation/center_offset_rerender/bottle/544fcd703847ce2bce83524adc22f526/right.png
bottle,5460e234d7ae589d2a4849ec9a8740e6,front,ok,0.291309,438,223,0.372597,docs/tmp/bottle-blank-investigation/center_offset_rerender/bottle/5460e234d7ae589d2a4849ec9a8740e6/front.png
bottle,5460e234d7ae589d2a4849ec9a8740e6,left,ok,0.253967,232,355,0.314178,docs/tmp/bottle-blank-investigation/center_offset_rerender/bottle/5460e234d7ae589d2a4849ec9a8740e6/left.png
bottle,5460e234d7ae589d2a4849ec9a8740e6,back,ok,0.291355,438,223,0.372597,docs/tmp/bottle-blank-investigation/center_offset_rerender/bottle/5460e234d7ae589d2a4849ec9a8740e6/back.png
bottle,5460e234d7ae589d2a4849ec9a8740e6,right,ok,0.175594,175,354,0.236320,docs/tmp/bottle-blank-investigation/center_offset_rerender/bottle/5460e234d7ae589d2a4849ec9a8740e6/right.png
bottle,5498de6c8bbc1a8c11ad8372dad01033,front,ok,0.189625,451,138,0.237419,docs/tmp/bottle-blank-investigation/center_offset_rerender/bottle/5498de6c8bbc1a8c11ad8372dad01033/front.png
bottle,5498de6c8bbc1a8c11ad8372dad01033,left,ok,0.157158,170,337,0.218544,docs/tmp/bottle-blank-investigation/center_offset_rerender/bottle/5498de6c8bbc1a8c11ad8372dad01033/left.png
bottle,5498de6c8bbc1a8c11ad8372dad01033,back,ok,0.189922,448,138,0.235840,docs/tmp/bottle-blank-investigation/center_offset_rerender/bottle/5498de6c8bbc1a8c11ad8372dad01033/back.png
bottle,5498de6c8bbc1a8c11ad8372dad01033,right,ok,0.128685,136,343,0.177948,docs/tmp/bottle-blank-investigation/center_offset_rerender/bottle/5498de6c8bbc1a8c11ad8372dad01033/right.png
bottle,55ced24594c88bee9bbc45eb1dea2388,front,ok,0.249039,359,242,0.331413,docs/tmp/bottle-blank-investigation/center_offset_rerender/bottle/55ced24594c88bee9bbc45eb1dea2388/front.png
bottle,55ced24594c88bee9bbc45eb1dea2388,left,ok,0.218399,234,303,0.270470,docs/tmp/bottle-blank-investigation/center_offset_rerender/bottle/55ced24594c88bee9bbc45eb1dea2388/left.png
bottle,55ced24594c88bee9bbc45eb1dea2388,back,ok,0.249054,359,242,0.331413,docs/tmp/bottle-blank-investigation/center_offset_rerender/bottle/55ced24594c88bee9bbc45eb1dea2388/back.png
bottle,55ced24594c88bee9bbc45eb1dea2388,right,ok,0.255539,328,280,0.350342,docs/tmp/bottle-blank-investigation/center_offset_rerender/bottle/55ced24594c88bee9bbc45eb1dea2388/right.png
bottle,561e2f5ddcc33496a9032842ff1d2251,front,ok,0.227329,453,191,0.330059,docs/tmp/bottle-blank-investigation/center_offset_rerender/bottle/561e2f5ddcc33496a9032842ff1d2251/front.png
bottle,561e2f5ddcc33496a9032842ff1d2251,left,ok,0.142643,126,366,0.175919,docs/tmp/bottle-blank-investigation/center_offset_rerender/bottle/561e2f5ddcc33496a9032842ff1d2251/left.png
bottle,561e2f5ddcc33496a9032842ff1d2251,back,ok,0.227459,453,191,0.330059,docs/tmp/bottle-blank-investigation/center_offset_rerender/bottle/561e2f5ddcc33496a9032842ff1d2251/back.png
bottle,561e2f5ddcc33496a9032842ff1d2251,right,ok,0.099606,82,390,0.121994,docs/tmp/bottle-blank-investigation/center_offset_rerender/bottle/561e2f5ddcc33496a9032842ff1d2251/right.png
bottle,567c02620505519314378ae81128e6b9,front,ok,0.352936,436,224,0.372559,docs/tmp/bottle-blank-investigation/center_offset_rerender/bottle/567c02620505519314378ae81128e6b9/front.png
bottle,567c02620505519314378ae81128e6b9,left,ok,0.319401,308,376,0.441772,docs/tmp/bottle-blank-investigation/center_offset_rerender/bottle/567c02620505519314378ae81128e6b9/left.png
bottle,567c02620505519314378ae81128e6b9,back,ok,0.353661,436,224,0.372559,docs/tmp/bottle-blank-investigation/center_offset_rerender/bottle/567c02620505519314378ae81128e6b9/back.png
bottle,567c02620505519314378ae81128e6b9,right,ok,0.317909,308,376,0.441772,docs/tmp/bottle-blank-investigation/center_offset_rerender/bottle/567c02620505519314378ae81128e6b9/right.png
bottle,571d76da604a73277545ba9f30669fed,front,ok,0.434837,485,274,0.506935,docs/tmp/bottle-blank-investigation/center_offset_rerender/bottle/571d76da604a73277545ba9f30669fed/front.png
bottle,571d76da604a73277545ba9f30669fed,left,ok,0.407009,354,379,0.511803,docs/tmp/bottle-blank-investigation/center_offset_rerender/bottle/571d76da604a73277545ba9f30669fed/left.png
bottle,571d76da604a73277545ba9f30669fed,back,ok,0.428963,474,274,0.495438,docs/tmp/bottle-blank-investigation/center_offset_rerender/bottle/571d76da604a73277545ba9f30669fed/back.png
bottle,571d76da604a73277545ba9f30669fed,right,ok,0.352104,324,352,0.435059,docs/tmp/bottle-blank-investigation/center_offset_rerender/bottle/571d76da604a73277545ba9f30669fed/right.png
bottle,573c96d5c920fec7c1b4f845b81181d9,front,ok,0.279881,426,197,0.320137,docs/tmp/bottle-blank-investigation/center_offset_rerender/bottle/573c96d5c920fec7c1b4f845b81181d9/front.png
bottle,573c96d5c920fec7c1b4f845b81181d9,left,ok,0.274929,278,349,0.370110,docs/tmp/bottle-blank-investigation/center_offset_rerender/bottle/573c96d5c920fec7c1b4f845b81181d9/left.png
bottle,573c96d5c920fec7c1b4f845b81181d9,back,ok,0.270546,409,205,0.319843,docs/tmp/bottle-blank-investigation/center_offset_rerender/bottle/573c96d5c920fec7c1b4f845b81181d9/back.png
bottle,573c96d5c920fec7c1b4f845b81181d9,right,ok,0.203369,240,327,0.299377,docs/tmp/bottle-blank-investigation/center_offset_rerender/bottle/573c96d5c920fec7c1b4f845b81181d9/right.png
bottle,585342f0411dd5cb4657535ac169f868,front,ok,0.292583,480,173,0.316772,docs/tmp/bottle-blank-investigation/center_offset_rerender/bottle/585342f0411dd5cb4657535ac169f868/front.png
bottle,585342f0411dd5cb4657535ac169f868,left,ok,0.287281,292,370,0.412140,docs/tmp/bottle-blank-investigation/center_offset_rerender/bottle/585342f0411dd5cb4657535ac169f868/left.png
bottle,585342f0411dd5cb4657535ac169f868,back,ok,0.284946,479,173,0.316113,docs/tmp/bottle-blank-investigation/center_offset_rerender/bottle/585342f0411dd5cb4657535ac169f868/back.png
bottle,585342f0411dd5cb4657535ac169f868,right,ok,0.286549,294,370,0.414963,docs/tmp/bottle-blank-investigation/center_offset_rerender/bottle/585342f0411dd5cb4657535ac169f868/right.png
bottle,58c5f4b01b3961a431a9eb9536c0c0fe,front,ok,0.152164,474,108,0.195282,docs/tmp/bottle-blank-investigation/center_offset_rerender/bottle/58c5f4b01b3961a431a9eb9536c0c0fe/front.png
bottle,58c5f4b01b3961a431a9eb9536c0c0fe,left,ok,0.159245,173,354,0.233620,docs/tmp/bottle-blank-investigation/center_offset_rerender/bottle/58c5f4b01b3961a431a9eb9536c0c0fe/left.png
bottle,58c5f4b01b3961a431a9eb9536c0c0fe,back,ok,0.154793,475,106,0.192070,docs/tmp/bottle-blank-investigation/center_offset_rerender/bottle/58c5f4b01b3961a431a9eb9536c0c0fe/back.png
bottle,58c5f4b01b3961a431a9eb9536c0c0fe,right,ok,0.106255,117,350,0.156212,docs/tmp/bottle-blank-investigation/center_offset_rerender/bottle/58c5f4b01b3961a431a9eb9536c0c0fe/right.png
bottle,58de8af0b326b57abaeb988f263b73cc,front,ok,0.172520,466,114,0.202652,docs/tmp/bottle-blank-investigation/center_offset_rerender/bottle/58de8af0b326b57abaeb988f263b73cc/front.png
bottle,58de8af0b326b57abaeb988f263b73cc,left,ok,0.174656,188,342,0.245270,docs/tmp/bottle-blank-investigation/center_offset_rerender/bottle/58de8af0b326b57abaeb988f263b73cc/left.png
bottle,58de8af0b326b57abaeb988f263b73cc,back,ok,0.172623,466,114,0.202652,docs/tmp/bottle-blank-investigation/center_offset_rerender/bottle/58de8af0b326b57abaeb988f263b73cc/back.png
bottle,58de8af0b326b57abaeb988f263b73cc,right,ok,0.124512,128,341,0.166504,docs/tmp/bottle-blank-investigation/center_offset_rerender/bottle/58de8af0b326b57abaeb988f263b73cc/right.png
bottle,5ab086a2ddbf47648c6b3d00df36eaeb,front,ok,0.434841,485,274,0.506935,docs/tmp/bottle-blank-investigation/center_offset_rerender/bottle/5ab086a2ddbf47648c6b3d00df36eaeb/front.png
bottle,5ab086a2ddbf47648c6b3d00df36eaeb,left,ok,0.407013,354,379,0.511803,docs/tmp/bottle-blank-investigation/center_offset_rerender/bottle/5ab086a2ddbf47648c6b3d00df36eaeb/left.png
bottle,5ab086a2ddbf47648c6b3d00df36eaeb,back,ok,0.428955,473,274,0.494392,docs/tmp/bottle-blank-investigation/center_offset_rerender/bottle/5ab086a2ddbf47648c6b3d00df36eaeb/back.png
bottle,5ab086a2ddbf47648c6b3d00df36eaeb,right,ok,0.352100,324,352,0.435059,docs/tmp/bottle-blank-investigation/center_offset_rerender/bottle/5ab086a2ddbf47648c6b3d00df36eaeb/right.png
bottle,5afba4862b89ce4978bca2fb4d2d0b74,front,ok,0.227329,453,191,0.330059,docs/tmp/bottle-blank-investigation/center_offset_rerender/bottle/5afba4862b89ce4978bca2fb4d2d0b74/front.png
bottle,5afba4862b89ce4978bca2fb4d2d0b74,left,ok,0.142643,126,366,0.175919,docs/tmp/bottle-blank-investigation/center_offset_rerender/bottle/5afba4862b89ce4978bca2fb4d2d0b74/left.png
bottle,5afba4862b89ce4978bca2fb4d2d0b74,back,ok,0.227459,453,191,0.330059,docs/tmp/bottle-blank-investigation/center_offset_rerender/bottle/5afba4862b89ce4978bca2fb4d2d0b74/back.png
bottle,5afba4862b89ce4978bca2fb4d2d0b74,right,ok,0.099606,82,390,0.121994,docs/tmp/bottle-blank-investigation/center_offset_rerender/bottle/5afba4862b89ce4978bca2fb4d2d0b74/right.png
bottle,5b19ee1841b31d4a569ef07f6bd95c77,front,ok,0.183266,373,226,0.321571,docs/tmp/bottle-blank-investigation/center_offset_rerender/bottle/5b19ee1841b31d4a569ef07f6bd95c77/front.png
bottle,5b19ee1841b31d4a569ef07f6bd95c77,left,ok,0.189373,240,280,0.256348,docs/tmp/bottle-blank-investigation/center_offset_rerender/bottle/5b19ee1841b31d4a569ef07f6bd95c77/left.png
bottle,5b19ee1841b31d4a569ef07f6bd95c77,back,ok,0.183117,373,226,0.321571,docs/tmp/bottle-blank-investigation/center_offset_rerender/bottle/5b19ee1841b31d4a569ef07f6bd95c77/back.png
bottle,5b19ee1841b31d4a569ef07f6bd95c77,right,ok,0.135162,184,307,0.215485,docs/tmp/bottle-blank-investigation/center_offset_rerender/bottle/5b19ee1841b31d4a569ef07f6bd95c77/right.png
bottle,5b6b3e43378339d9d4eabc23ee462459,front,ok,0.185188,468,121,0.216019,docs/tmp/bottle-blank-investigation/center_offset_rerender/bottle/5b6b3e43378339d9d4eabc23ee462459/front.png
bottle,5b6b3e43378339d9d4eabc23ee462459,left,ok,0.177795,188,351,0.251724,docs/tmp/bottle-blank-investigation/center_offset_rerender/bottle/5b6b3e43378339d9d4eabc23ee462459/left.png
bottle,5b6b3e43378339d9d4eabc23ee462459,back,ok,0.185299,468,121,0.216019,docs/tmp/bottle-blank-investigation/center_offset_rerender/bottle/5b6b3e43378339d9d4eabc23ee462459/back.png
bottle,5b6b3e43378339d9d4eabc23ee462459,right,ok,0.134018,126,349,0.167747,docs/tmp/bottle-blank-investigation/center_offset_rerender/bottle/5b6b3e43378339d9d4eabc23ee462459/right.png
bottle,5bd5c546e9f458e54a192a3195a598dd,front,ok,0.216373,453,158,0.273033,docs/tmp/bottle-blank-investigation/center_offset_rerender/bottle/5bd5c546e9f458e54a192a3195a598dd/front.png
bottle,5bd5c546e9f458e54a192a3195a598dd,left,ok,0.205276,222,346,0.293015,docs/tmp/bottle-blank-investigation/center_offset_rerender/bottle/5bd5c546e9f458e54a192a3195a598dd/left.png
bottle,5bd5c546e9f458e54a192a3195a598dd,back,ok,0.216427,453,158,0.273033,docs/tmp/bottle-blank-investigation/center_offset_rerender/bottle/5bd5c546e9f458e54a192a3195a598dd/back.png
bottle,5bd5c546e9f458e54a192a3195a598dd,right,ok,0.178272,158,354,0.213364,docs/tmp/bottle-blank-investigation/center_offset_rerender/bottle/5bd5c546e9f458e54a192a3195a598dd/right.png
bottle,5c042d7c2f32b50b54eac982a13b6909,front,ok,0.434841,485,274,0.506935,docs/tmp/bottle-blank-investigation/center_offset_rerender/bottle/5c042d7c2f32b50b54eac982a13b6909/front.png
bottle,5c042d7c2f32b50b54eac982a13b6909,left,ok,0.407013,354,379,0.511803,docs/tmp/bottle-blank-investigation/center_offset_rerender/bottle/5c042d7c2f32b50b54eac982a13b6909/left.png
bottle,5c042d7c2f32b50b54eac982a13b6909,back,ok,0.428959,473,274,0.494392,docs/tmp/bottle-blank-investigation/center_offset_rerender/bottle/5c042d7c2f32b50b54eac982a13b6909/back.png
bottle,5c042d7c2f32b50b54eac982a13b6909,right,ok,0.352104,324,352,0.435059,docs/tmp/bottle-blank-investigation/center_offset_rerender/bottle/5c042d7c2f32b50b54eac982a13b6909/right.png
bottle,5d36719f2b37671f108393847d7c7283,front,ok,0.282520,401,216,0.330414,docs/tmp/bottle-blank-investigation/center_offset_rerender/bottle/5d36719f2b37671f108393847d7c7283/front.png
bottle,5d36719f2b37671f108393847d7c7283,left,ok,0.250244,250,335,0.319481,docs/tmp/bottle-blank-investigation/center_offset_rerender/bottle/5d36719f2b37671f108393847d7c7283/left.png
bottle,5d36719f2b37671f108393847d7c7283,back,ok,0.282608,401,217,0.331944,docs/tmp/bottle-blank-investigation/center_offset_rerender/bottle/5d36719f2b37671f108393847d7c7283/back.png
bottle,5d36719f2b37671f108393847d7c7283,right,ok,0.227734,246,321,0.301231,docs/tmp/bottle-blank-investigation/center_offset_rerender/bottle/5d36719f2b37671f108393847d7c7283/right.png
bottle,61b38bd256642779ce1925544319605b,front,ok,0.354870,450,217,0.372505,docs/tmp/bottle-blank-investigation/center_offset_rerender/bottle/61b38bd256642779ce1925544319605b/front.png
bottle,61b38bd256642779ce1925544319605b,left,ok,0.321938,308,381,0.447647,docs/tmp/bottle-blank-investigation/center_offset_rerender/bottle/61b38bd256642779ce1925544319605b/left.png
bottle,61b38bd256642779ce1925544319605b,back,ok,0.353134,450,216,0.370789,docs/tmp/bottle-blank-investigation/center_offset_rerender/bottle/61b38bd256642779ce1925544319605b/back.png
bottle,61b38bd256642779ce1925544319605b,right,ok,0.319317,308,381,0.447647,docs/tmp/bottle-blank-investigation/center_offset_rerender/bottle/61b38bd256642779ce1925544319605b/right.png
bottle,61f388616edbb200e00864fb5b86bf87,front,ok,0.205292,440,154,0.258484,docs/tmp/bottle-blank-investigation/center_offset_rerender/bottle/61f388616edbb200e00864fb5b86bf87/front.png
bottle,61f388616edbb200e00864fb5b86bf87,left,ok,0.174614,186,332,0.235565,docs/tmp/bottle-blank-investigation/center_offset_rerender/bottle/61f388616edbb200e00864fb5b86bf87/left.png
bottle,61f388616edbb200e00864fb5b86bf87,back,ok,0.204945,437,154,0.256721,docs/tmp/bottle-blank-investigation/center_offset_rerender/bottle/61f388616edbb200e00864fb5b86bf87/back.png
bottle,61f388616edbb200e00864fb5b86bf87,right,ok,0.135456,154,334,0.196213,docs/tmp/bottle-blank-investigation/center_offset_rerender/bottle/61f388616edbb200e00864fb5b86bf87/right.png
bottle,61fe65dd207bdfc6a7fd763b250c9d01,front,ok,0.350651,406,248,0.384094,docs/tmp/bottle-blank-investigation/center_offset_rerender/bottle/61fe65dd207bdfc6a7fd763b250c9d01/front.png
bottle,61fe65dd207bdfc6a7fd763b250c9d01,left,ok,0.346935,348,359,0.476578,docs/tmp/bottle-blank-investigation/center_offset_rerender/bottle/61fe65dd207bdfc6a7fd763b250c9d01/left.png
bottle,61fe65dd207bdfc6a7fd763b250c9d01,back,ok,0.356083,406,248,0.384094,docs/tmp/bottle-blank-investigation/center_offset_rerender/bottle/61fe65dd207bdfc6a7fd763b250c9d01/back.png
bottle,61fe65dd207bdfc6a7fd763b250c9d01,right,ok,0.347839,348,359,0.476578,docs/tmp/bottle-blank-investigation/center_offset_rerender/bottle/61fe65dd207bdfc6a7fd763b250c9d01/right.png
bottle,622cf0ed653a5f83492f8a9c2aa9de06,front,ok,0.165985,473,114,0.205696,docs/tmp/bottle-blank-investigation/center_offset_rerender/bottle/622cf0ed653a5f83492f8a9c2aa9de06/front.png
bottle,622cf0ed653a5f83492f8a9c2aa9de06,left,ok,0.170090,184,354,0.248474,docs/tmp/bottle-blank-investigation/center_offset_rerender/bottle/622cf0ed653a5f83492f8a9c2aa9de06/left.png
bottle,622cf0ed653a5f83492f8a9c2aa9de06,back,ok,0.164116,474,112,0.202515,docs/tmp/bottle-blank-investigation/center_offset_rerender/bottle/622cf0ed653a5f83492f8a9c2aa9de06/back.png
bottle,622cf0ed653a5f83492f8a9c2aa9de06,right,ok,0.113533,124,351,0.166031,docs/tmp/bottle-blank-investigation/center_offset_rerender/bottle/622cf0ed653a5f83492f8a9c2aa9de06/right.png
bottle,62305e1d661f08796d691447e5c7dc98,front,ok,0.327362,481,218,0.400002,docs/tmp/bottle-blank-investigation/center_offset_rerender/bottle/62305e1d661f08796d691447e5c7dc98/front.png
bottle,62305e1d661f08796d691447e5c7dc98,left,ok,0.309551,286,353,0.385124,docs/tmp/bottle-blank-investigation/center_offset_rerender/bottle/62305e1d661f08796d691447e5c7dc98/left.png
bottle,62305e1d661f08796d691447e5c7dc98,back,ok,0.327610,481,218,0.400002,docs/tmp/bottle-blank-investigation/center_offset_rerender/bottle/62305e1d661f08796d691447e5c7dc98/back.png
bottle,62305e1d661f08796d691447e5c7dc98,right,ok,0.226635,214,324,0.264496,docs/tmp/bottle-blank-investigation/center_offset_rerender/bottle/62305e1d661f08796d691447e5c7dc98/right.png
bottle,6498514e7099ae52a90c61ecd03cc231,front,ok,0.186089,458,126,0.220139,docs/tmp/bottle-blank-investigation/center_offset_rerender/bottle/6498514e7099ae52a90c61ecd03cc231/front.png
bottle,6498514e7099ae52a90c61ecd03cc231,left,ok,0.177364,188,338,0.242401,docs/tmp/bottle-blank-investigation/center_offset_rerender/bottle/6498514e7099ae52a90c61ecd03cc231/left.png
bottle,6498514e7099ae52a90c61ecd03cc231,back,ok,0.186684,458,126,0.220139,docs/tmp/bottle-blank-investigation/center_offset_rerender/bottle/6498514e7099ae52a90c61ecd03cc231/back.png
bottle,6498514e7099ae52a90c61ecd03cc231,right,ok,0.129536,138,340,0.178986,docs/tmp/bottle-blank-investigation/center_offset_rerender/bottle/6498514e7099ae52a90c61ecd03cc231/right.png
bottle,64c3bb1d7da1a27d0ab8e76eebbb01d8,front,ok,0.434841,485,274,0.506935,docs/tmp/bottle-blank-investigation/center_offset_rerender/bottle/64c3bb1d7da1a27d0ab8e76eebbb01d8/front.png
bottle,64c3bb1d7da1a27d0ab8e76eebbb01d8,left,ok,0.407017,354,379,0.511803,docs/tmp/bottle-blank-investigation/center_offset_rerender/bottle/64c3bb1d7da1a27d0ab8e76eebbb01d8/left.png
bottle,64c3bb1d7da1a27d0ab8e76eebbb01d8,back,ok,0.428959,473,274,0.494392,docs/tmp/bottle-blank-investigation/center_offset_rerender/bottle/64c3bb1d7da1a27d0ab8e76eebbb01d8/back.png
bottle,64c3bb1d7da1a27d0ab8e76eebbb01d8,right,ok,0.352108,324,352,0.435059,docs/tmp/bottle-blank-investigation/center_offset_rerender/bottle/64c3bb1d7da1a27d0ab8e76eebbb01d8/right.png
bottle,64e02a3dcd0f0e5dba7e6e799a381be1,front,ok,0.227325,453,191,0.330059,docs/tmp/bottle-blank-investigation/center_offset_rerender/bottle/64e02a3dcd0f0e5dba7e6e799a381be1/front.png
bottle,64e02a3dcd0f0e5dba7e6e799a381be1,left,ok,0.142643,126,366,0.175919,docs/tmp/bottle-blank-investigation/center_offset_rerender/bottle/64e02a3dcd0f0e5dba7e6e799a381be1/left.png
bottle,64e02a3dcd0f0e5dba7e6e799a381be1,back,ok,0.227455,453,191,0.330059,docs/tmp/bottle-blank-investigation/center_offset_rerender/bottle/64e02a3dcd0f0e5dba7e6e799a381be1/back.png
bottle,64e02a3dcd0f0e5dba7e6e799a381be1,right,ok,0.099606,82,390,0.121994,docs/tmp/bottle-blank-investigation/center_offset_rerender/bottle/64e02a3dcd0f0e5dba7e6e799a381be1/right.png
bottle,64fe6b761d4066429a40695644bbbaaf,front,ok,0.355938,450,217,0.372505,docs/tmp/bottle-blank-investigation/center_offset_rerender/bottle/64fe6b761d4066429a40695644bbbaaf/front.png
bottle,64fe6b761d4066429a40695644bbbaaf,left,ok,0.322598,308,381,0.447647,docs/tmp/bottle-blank-investigation/center_offset_rerender/bottle/64fe6b761d4066429a40695644bbbaaf/left.png
bottle,64fe6b761d4066429a40695644bbbaaf,back,ok,0.356094,450,217,0.372505,docs/tmp/bottle-blank-investigation/center_offset_rerender/bottle/64fe6b761d4066429a40695644bbbaaf/back.png
bottle,64fe6b761d4066429a40695644bbbaaf,right,ok,0.284561,308,381,0.447647,docs/tmp/bottle-blank-investigation/center_offset_rerender/bottle/64fe6b761d4066429a40695644bbbaaf/right.png
bottle,654351a0dc2ed1a9ed5b48f0a32b12c0,front,ok,0.342716,450,217,0.372505,docs/tmp/bottle-blank-investigation/center_offset_rerender/bottle/654351a0dc2ed1a9ed5b48f0a32b12c0/front.png
bottle,654351a0dc2ed1a9ed5b48f0a32b12c0,left,ok,0.321686,307,381,0.446194,docs/tmp/bottle-blank-investigation/center_offset_rerender/bottle/654351a0dc2ed1a9ed5b48f0a32b12c0/left.png
bottle,654351a0dc2ed1a9ed5b48f0a32b12c0,back,ok,0.333382,450,217,0.372505,docs/tmp/bottle-blank-investigation/center_offset_rerender/bottle/654351a0dc2ed1a9ed5b48f0a32b12c0/back.png
bottle,654351a0dc2ed1a9ed5b48f0a32b12c0,right,ok,0.318737,308,381,0.447647,docs/tmp/bottle-blank-investigation/center_offset_rerender/bottle/654351a0dc2ed1a9ed5b48f0a32b12c0/right.png
bottle,66714245ba1e509df26ca78885128115,front,ok,0.177567,470,115,0.206184,docs/tmp/bottle-blank-investigation/center_offset_rerender/bottle/66714245ba1e509df26ca78885128115/front.png
bottle,66714245ba1e509df26ca78885128115,left,ok,0.178104,190,348,0.252228,docs/tmp/bottle-blank-investigation/center_offset_rerender/bottle/66714245ba1e509df26ca78885128115/left.png
bottle,66714245ba1e509df26ca78885128115,back,ok,0.177578,470,115,0.206184,docs/tmp/bottle-blank-investigation/center_offset_rerender/bottle/66714245ba1e509df26ca78885128115/back.png
bottle,66714245ba1e509df26ca78885128115,right,ok,0.134476,128,347,0.169434,docs/tmp/bottle-blank-investigation/center_offset_rerender/bottle/66714245ba1e509df26ca78885128115/right.png
bottle,6675bc91e79445c0ba6bb494e526d694,front,ok,0.279476,426,198,0.321762,docs/tmp/bottle-blank-investigation/center_offset_rerender/bottle/6675bc91e79445c0ba6bb494e526d694/front.png
bottle,6675bc91e79445c0ba6bb494e526d694,left,ok,0.276840,279,350,0.372505,docs/tmp/bottle-blank-investigation/center_offset_rerender/bottle/6675bc91e79445c0ba6bb494e526d694/left.png
bottle,6675bc91e79445c0ba6bb494e526d694,back,ok,0.268524,411,192,0.301025,docs/tmp/bottle-blank-investigation/center_offset_rerender/bottle/6675bc91e79445c0ba6bb494e526d694/back.png
bottle,6675bc91e79445c0ba6bb494e526d694,right,ok,0.204250,240,327,0.299377,docs/tmp/bottle-blank-investigation/center_offset_rerender/bottle/6675bc91e79445c0ba6bb494e526d694/right.png
bottle,675cff94216ffebed10a5bbe973f37e4,front,ok,0.351921,450,217,0.372505,docs/tmp/bottle-blank-investigation/center_offset_rerender/bottle/675cff94216ffebed10a5bbe973f37e4/front.png
bottle,675cff94216ffebed10a5bbe973f37e4,left,ok,0.318836,308,381,0.447647,docs/tmp/bottle-blank-investigation/center_offset_rerender/bottle/675cff94216ffebed10a5bbe973f37e4/left.png
bottle,675cff94216ffebed10a5bbe973f37e4,back,ok,0.350788,450,217,0.372505,docs/tmp/bottle-blank-investigation/center_offset_rerender/bottle/675cff94216ffebed10a5bbe973f37e4/back.png
bottle,675cff94216ffebed10a5bbe973f37e4,right,ok,0.318729,308,381,0.447647,docs/tmp/bottle-blank-investigation/center_offset_rerender/bottle/675cff94216ffebed10a5bbe973f37e4/right.png
bottle,67c25d7d62e5eb31ef2e7a9f8a4b9d14,front,ok,0.354679,450,217,0.372505,docs/tmp/bottle-blank-investigation/center_offset_rerender/bottle/67c25d7d62e5eb31ef2e7a9f8a4b9d14/front.png
bottle,67c25d7d62e5eb31ef2e7a9f8a4b9d14,left,ok,0.321503,308,381,0.447647,docs/tmp/bottle-blank-investigation/center_offset_rerender/bottle/67c25d7d62e5eb31ef2e7a9f8a4b9d14/left.png
bottle,67c25d7d62e5eb31ef2e7a9f8a4b9d14,back,ok,0.352200,450,217,0.372505,docs/tmp/bottle-blank-investigation/center_offset_rerender/bottle/67c25d7d62e5eb31ef2e7a9f8a4b9d14/back.png
bottle,67c25d7d62e5eb31ef2e7a9f8a4b9d14,right,ok,0.318851,308,381,0.447647,docs/tmp/bottle-blank-investigation/center_offset_rerender/bottle/67c25d7d62e5eb31ef2e7a9f8a4b9d14/right.png
bottle,68c4ea45f70a0e389aad2c51a9b5a24d,front,ok,0.179173,460,121,0.212326,docs/tmp/bottle-blank-investigation/center_offset_rerender/bottle/68c4ea45f70a0e389aad2c51a9b5a24d/front.png
bottle,68c4ea45f70a0e389aad2c51a9b5a24d,left,ok,0.177753,192,336,0.246094,docs/tmp/bottle-blank-investigation/center_offset_rerender/bottle/68c4ea45f70a0e389aad2c51a9b5a24d/left.png
bottle,68c4ea45f70a0e389aad2c51a9b5a24d,back,ok,0.179493,460,121,0.212326,docs/tmp/bottle-blank-investigation/center_offset_rerender/bottle/68c4ea45f70a0e389aad2c51a9b5a24d/back.png
bottle,68c4ea45f70a0e389aad2c51a9b5a24d,right,ok,0.130013,140,337,0.179977,docs/tmp/bottle-blank-investigation/center_offset_rerender/bottle/68c4ea45f70a0e389aad2c51a9b5a24d/right.png
bottle,691d1b56190c43c06ca49d7968b46683,front,ok,0.177559,470,115,0.206184,docs/tmp/bottle-blank-investigation/center_offset_rerender/bottle/691d1b56190c43c06ca49d7968b46683/front.png
bottle,691d1b56190c43c06ca49d7968b46683,left,ok,0.178104,190,348,0.252228,docs/tmp/bottle-blank-investigation/center_offset_rerender/bottle/691d1b56190c43c06ca49d7968b46683/left.png
bottle,691d1b56190c43c06ca49d7968b46683,back,ok,0.177601,470,115,0.206184,docs/tmp/bottle-blank-investigation/center_offset_rerender/bottle/691d1b56190c43c06ca49d7968b46683/back.png
bottle,691d1b56190c43c06ca49d7968b46683,right,ok,0.134476,128,347,0.169434,docs/tmp/bottle-blank-investigation/center_offset_rerender/bottle/691d1b56190c43c06ca49d7968b46683/right.png
bottle,6978ac6d93a7bc9deca20e7fdd059ff9,front,ok,0.354691,450,217,0.372505,docs/tmp/bottle-blank-investigation/center_offset_rerender/bottle/6978ac6d93a7bc9deca20e7fdd059ff9/front.png
bottle,6978ac6d93a7bc9deca20e7fdd059ff9,left,ok,0.321495,308,381,0.447647,docs/tmp/bottle-blank-investigation/center_offset_rerender/bottle/6978ac6d93a7bc9deca20e7fdd059ff9/left.png
bottle,6978ac6d93a7bc9deca20e7fdd059ff9,back,ok,0.352203,450,217,0.372505,docs/tmp/bottle-blank-investigation/center_offset_rerender/bottle/6978ac6d93a7bc9deca20e7fdd059ff9/back.png
bottle,6978ac6d93a7bc9deca20e7fdd059ff9,right,ok,0.318790,308,381,0.447647,docs/tmp/bottle-blank-investigation/center_offset_rerender/bottle/6978ac6d93a7bc9deca20e7fdd059ff9/right.png
bottle,6b10aec896e67c6fc7232679409663ce,front,ok,0.189632,451,138,0.237419,docs/tmp/bottle-blank-investigation/center_offset_rerender/bottle/6b10aec896e67c6fc7232679409663ce/front.png
bottle,6b10aec896e67c6fc7232679409663ce,left,ok,0.157154,170,337,0.218544,docs/tmp/bottle-blank-investigation/center_offset_rerender/bottle/6b10aec896e67c6fc7232679409663ce/left.png
bottle,6b10aec896e67c6fc7232679409663ce,back,ok,0.189922,448,138,0.235840,docs/tmp/bottle-blank-investigation/center_offset_rerender/bottle/6b10aec896e67c6fc7232679409663ce/back.png
bottle,6b10aec896e67c6fc7232679409663ce,right,ok,0.128685,136,343,0.177948,docs/tmp/bottle-blank-investigation/center_offset_rerender/bottle/6b10aec896e67c6fc7232679409663ce/right.png
bottle,6b4ad081aff2726132a705d9a087c582,front,ok,0.179173,460,121,0.212326,docs/tmp/bottle-blank-investigation/center_offset_rerender/bottle/6b4ad081aff2726132a705d9a087c582/front.png
bottle,6b4ad081aff2726132a705d9a087c582,left,ok,0.177753,192,336,0.246094,docs/tmp/bottle-blank-investigation/center_offset_rerender/bottle/6b4ad081aff2726132a705d9a087c582/left.png
bottle,6b4ad081aff2726132a705d9a087c582,back,ok,0.179493,460,121,0.212326,docs/tmp/bottle-blank-investigation/center_offset_rerender/bottle/6b4ad081aff2726132a705d9a087c582/back.png
bottle,6b4ad081aff2726132a705d9a087c582,right,ok,0.130013,140,337,0.179977,docs/tmp/bottle-blank-investigation/center_offset_rerender/bottle/6b4ad081aff2726132a705d9a087c582/right.png
bottle,6cd6d7d42e14de38931c92604efd5aef,front,ok,0.177433,443,150,0.253487,docs/tmp/bottle-blank-investigation/center_offset_rerender/bottle/6cd6d7d42e14de38931c92604efd5aef/front.png
bottle,6cd6d7d42e14de38931c92604efd5aef,left,ok,0.178787,184,333,0.233734,docs/tmp/bottle-blank-investigation/center_offset_rerender/bottle/6cd6d7d42e14de38931c92604efd5aef/left.png
bottle,6cd6d7d42e14de38931c92604efd5aef,back,ok,0.177963,443,150,0.253487,docs/tmp/bottle-blank-investigation/center_offset_rerender/bottle/6cd6d7d42e14de38931c92604efd5aef/back.png
bottle,6cd6d7d42e14de38931c92604efd5aef,right,ok,0.122807,146,327,0.182121,docs/tmp/bottle-blank-investigation/center_offset_rerender/bottle/6cd6d7d42e14de38931c92604efd5aef/right.png
bottle,6d789fa9638f3187387c726da80c22c8,front,ok,0.227325,453,191,0.330059,docs/tmp/bottle-blank-investigation/center_offset_rerender/bottle/6d789fa9638f3187387c726da80c22c8/front.png
bottle,6d789fa9638f3187387c726da80c22c8,left,ok,0.142643,126,366,0.175919,docs/tmp/bottle-blank-investigation/center_offset_rerender/bottle/6d789fa9638f3187387c726da80c22c8/left.png
bottle,6d789fa9638f3187387c726da80c22c8,back,ok,0.227459,453,191,0.330059,docs/tmp/bottle-blank-investigation/center_offset_rerender/bottle/6d789fa9638f3187387c726da80c22c8/back.png
bottle,6d789fa9638f3187387c726da80c22c8,right,ok,0.099606,82,390,0.121994,docs/tmp/bottle-blank-investigation/center_offset_rerender/bottle/6d789fa9638f3187387c726da80c22c8/right.png
bottle,6ec6fb8444e4322cd3c31cb2fd89876b,front,ok,0.069431,253,266,0.256721,docs/tmp/bottle-blank-investigation/center_offset_rerender/bottle/6ec6fb8444e4322cd3c31cb2fd89876b/front.png
bottle,6ec6fb8444e4322cd3c31cb2fd89876b,left,ok,0.032166,227,401,0.347240,docs/tmp/bottle-blank-investigation/center_offset_rerender/bottle/6ec6fb8444e4322cd3c31cb2fd89876b/left.png
bottle,6ec6fb8444e4322cd3c31cb2fd89876b,back,ok,0.040142,187,421,0.300320,docs/tmp/bottle-blank-investigation/center_offset_rerender/bottle/6ec6fb8444e4322cd3c31cb2fd89876b/back.png
bottle,6ec6fb8444e4322cd3c31cb2fd89876b,right,ok,0.029240,196,305,0.228043,docs/tmp/bottle-blank-investigation/center_offset_rerender/bottle/6ec6fb8444e4322cd3c31cb2fd89876b/right.png
bottle,6fd2d41e9f66f2fc0e7a6c05e760575a,front,ok,0.152168,474,108,0.195282,docs/tmp/bottle-blank-investigation/center_offset_rerender/bottle/6fd2d41e9f66f2fc0e7a6c05e760575a/front.png
bottle,6fd2d41e9f66f2fc0e7a6c05e760575a,left,ok,0.159245,173,354,0.233620,docs/tmp/bottle-blank-investigation/center_offset_rerender/bottle/6fd2d41e9f66f2fc0e7a6c05e760575a/left.png
bottle,6fd2d41e9f66f2fc0e7a6c05e760575a,back,ok,0.154793,475,106,0.192070,docs/tmp/bottle-blank-investigation/center_offset_rerender/bottle/6fd2d41e9f66f2fc0e7a6c05e760575a/back.png
bottle,6fd2d41e9f66f2fc0e7a6c05e760575a,right,ok,0.106255,117,350,0.156212,docs/tmp/bottle-blank-investigation/center_offset_rerender/bottle/6fd2d41e9f66f2fc0e7a6c05e760575a/right.png
bottle,6fda904c9ea76ea7884ea2987a3254d9,front,ok,0.351414,450,217,0.372505,docs/tmp/bottle-blank-investigation/center_offset_rerender/bottle/6fda904c9ea76ea7884ea2987a3254d9/front.png
bottle,6fda904c9ea76ea7884ea2987a3254d9,left,ok,0.318573,307,381,0.446194,docs/tmp/bottle-blank-investigation/center_offset_rerender/bottle/6fda904c9ea76ea7884ea2987a3254d9/left.png
bottle,6fda904c9ea76ea7884ea2987a3254d9,back,ok,0.348251,450,217,0.372505,docs/tmp/bottle-blank-investigation/center_offset_rerender/bottle/6fda904c9ea76ea7884ea2987a3254d9/back.png
bottle,6fda904c9ea76ea7884ea2987a3254d9,right,ok,0.318153,307,381,0.446194,docs/tmp/bottle-blank-investigation/center_offset_rerender/bottle/6fda904c9ea76ea7884ea2987a3254d9/right.png
bottle,71bec0177c030f563c8a5a0307db801e,front,ok,0.284657,440,192,0.322266,docs/tmp/bottle-blank-investigation/center_offset_rerender/bottle/71bec0177c030f563c8a5a0307db801e/front.png
bottle,71bec0177c030f563c8a5a0307db801e,left,ok,0.279476,281,358,0.383751,docs/tmp/bottle-blank-investigation/center_offset_rerender/bottle/71bec0177c030f563c8a5a0307db801e/left.png
bottle,71bec0177c030f563c8a5a0307db801e,back,ok,0.282646,440,191,0.320587,docs/tmp/bottle-blank-investigation/center_offset_rerender/bottle/71bec0177c030f563c8a5a0307db801e/back.png
bottle,71bec0177c030f563c8a5a0307db801e,right,ok,0.223778,230,352,0.308838,docs/tmp/bottle-blank-investigation/center_offset_rerender/bottle/71bec0177c030f563c8a5a0307db801e/right.png
bottle,73f64d36da65990e88ea21c0ef0685fd,front,ok,0.158649,443,116,0.196030,docs/tmp/bottle-blank-investigation/center_offset_rerender/bottle/73f64d36da65990e88ea21c0ef0685fd/front.png
bottle,73f64d36da65990e88ea21c0ef0685fd,left,ok,0.125748,139,328,0.173920,docs/tmp/bottle-blank-investigation/center_offset_rerender/bottle/73f64d36da65990e88ea21c0ef0685fd/left.png
bottle,73f64d36da65990e88ea21c0ef0685fd,back,ok,0.147240,466,140,0.248871,docs/tmp/bottle-blank-investigation/center_offset_rerender/bottle/73f64d36da65990e88ea21c0ef0685fd/back.png
bottle,73f64d36da65990e88ea21c0ef0685fd,right,ok,0.094486,169,351,0.226284,docs/tmp/bottle-blank-investigation/center_offset_rerender/bottle/73f64d36da65990e88ea21c0ef0685fd/right.png
bottle,74b27ded7e2ec0e6cd98f45af40efaae,front,ok,0.168285,455,120,0.208282,docs/tmp/bottle-blank-investigation/center_offset_rerender/bottle/74b27ded7e2ec0e6cd98f45af40efaae/front.png
bottle,74b27ded7e2ec0e6cd98f45af40efaae,left,ok,0.135433,146,339,0.188805,docs/tmp/bottle-blank-investigation/center_offset_rerender/bottle/74b27ded7e2ec0e6cd98f45af40efaae/left.png
bottle,74b27ded7e2ec0e6cd98f45af40efaae,back,ok,0.168774,457,120,0.209198,docs/tmp/bottle-blank-investigation/center_offset_rerender/bottle/74b27ded7e2ec0e6cd98f45af40efaae/back.png
bottle,74b27ded7e2ec0e6cd98f45af40efaae,right,ok,0.110447,118,342,0.153946,docs/tmp/bottle-blank-investigation/center_offset_rerender/bottle/74b27ded7e2ec0e6cd98f45af40efaae/right.png
bottle,773d70ba991df126394cf8f60a1bcf60,front,ok,0.355457,450,217,0.372505,docs/tmp/bottle-blank-investigation/center_offset_rerender/bottle/773d70ba991df126394cf8f60a1bcf60/front.png
bottle,773d70ba991df126394cf8f60a1bcf60,left,ok,0.322594,308,381,0.447647,docs/tmp/bottle-blank-investigation/center_offset_rerender/bottle/773d70ba991df126394cf8f60a1bcf60/left.png
bottle,773d70ba991df126394cf8f60a1bcf60,back,ok,0.354305,450,217,0.372505,docs/tmp/bottle-blank-investigation/center_offset_rerender/bottle/773d70ba991df126394cf8f60a1bcf60/back.png
bottle,773d70ba991df126394cf8f60a1bcf60,right,ok,0.288303,308,381,0.447647,docs/tmp/bottle-blank-investigation/center_offset_rerender/bottle/773d70ba991df126394cf8f60a1bcf60/right.png
bottle,774d8c817601295612b1bb1b9d580b9a,front,ok,0.186100,458,126,0.220139,docs/tmp/bottle-blank-investigation/center_offset_rerender/bottle/774d8c817601295612b1bb1b9d580b9a/front.png
bottle,774d8c817601295612b1bb1b9d580b9a,left,ok,0.177368,188,338,0.242401,docs/tmp/bottle-blank-investigation/center_offset_rerender/bottle/774d8c817601295612b1bb1b9d580b9a/left.png
bottle,774d8c817601295612b1bb1b9d580b9a,back,ok,0.186691,458,126,0.220139,docs/tmp/bottle-blank-investigation/center_offset_rerender/bottle/774d8c817601295612b1bb1b9d580b9a/back.png
bottle,774d8c817601295612b1bb1b9d580b9a,right,ok,0.129539,138,340,0.178986,docs/tmp/bottle-blank-investigation/center_offset_rerender/bottle/774d8c817601295612b1bb1b9d580b9a/right.png
bottle,776d740368102dd24fc9f1c5b9c899cb,front,ok,0.179455,463,103,0.181919,docs/tmp/bottle-blank-investigation/center_offset_rerender/bottle/776d740368102dd24fc9f1c5b9c899cb/front.png
bottle,776d740368102dd24fc9f1c5b9c899cb,left,ok,0.141155,155,367,0.216999,docs/tmp/bottle-blank-investigation/center_offset_rerender/bottle/776d740368102dd24fc9f1c5b9c899cb/left.png
bottle,776d740368102dd24fc9f1c5b9c899cb,back,ok,0.144444,487,103,0.191349,docs/tmp/bottle-blank-investigation/center_offset_rerender/bottle/776d740368102dd24fc9f1c5b9c899cb/back.png
bottle,776d740368102dd24fc9f1c5b9c899cb,right,ok,0.103382,93,368,0.130554,docs/tmp/bottle-blank-investigation/center_offset_rerender/bottle/776d740368102dd24fc9f1c5b9c899cb/right.png
bottle,785887b2a0298544416f5be6b5624a5c,front,ok,0.344372,450,217,0.372505,docs/tmp/bottle-blank-investigation/center_offset_rerender/bottle/785887b2a0298544416f5be6b5624a5c/front.png
bottle,785887b2a0298544416f5be6b5624a5c,left,ok,0.321869,307,381,0.446194,docs/tmp/bottle-blank-investigation/center_offset_rerender/bottle/785887b2a0298544416f5be6b5624a5c/left.png
bottle,785887b2a0298544416f5be6b5624a5c,back,ok,0.345539,450,217,0.372505,docs/tmp/bottle-blank-investigation/center_offset_rerender/bottle/785887b2a0298544416f5be6b5624a5c/back.png
bottle,785887b2a0298544416f5be6b5624a5c,right,ok,0.319092,308,381,0.447647,docs/tmp/bottle-blank-investigation/center_offset_rerender/bottle/785887b2a0298544416f5be6b5624a5c/right.png
bottle,78e22eac651ac424bd3ca72e5f5a6bc4,front,ok,0.157513,474,113,0.204323,docs/tmp/bottle-blank-investigation/center_offset_rerender/bottle/78e22eac651ac424bd3ca72e5f5a6bc4/front.png
bottle,78e22eac651ac424bd3ca72e5f5a6bc4,left,ok,0.167976,181,354,0.244423,docs/tmp/bottle-blank-investigation/center_offset_rerender/bottle/78e22eac651ac424bd3ca72e5f5a6bc4/left.png
bottle,78e22eac651ac424bd3ca72e5f5a6bc4,back,ok,0.164970,472,114,0.205261,docs/tmp/bottle-blank-investigation/center_offset_rerender/bottle/78e22eac651ac424bd3ca72e5f5a6bc4/back.png
bottle,78e22eac651ac424bd3ca72e5f5a6bc4,right,ok,0.112705,123,352,0.165161,docs/tmp/bottle-blank-investigation/center_offset_rerender/bottle/78e22eac651ac424bd3ca72e5f5a6bc4/right.png
bottle,7abfc8692c6ae021afdc6f2aacf711b9,front,ok,0.355938,450,217,0.372505,docs/tmp/bottle-blank-investigation/center_offset_rerender/bottle/7abfc8692c6ae021afdc6f2aacf711b9/front.png
bottle,7abfc8692c6ae021afdc6f2aacf711b9,left,ok,0.322601,308,381,0.447647,docs/tmp/bottle-blank-investigation/center_offset_rerender/bottle/7abfc8692c6ae021afdc6f2aacf711b9/left.png
bottle,7abfc8692c6ae021afdc6f2aacf711b9,back,ok,0.356094,450,217,0.372505,docs/tmp/bottle-blank-investigation/center_offset_rerender/bottle/7abfc8692c6ae021afdc6f2aacf711b9/back.png
bottle,7abfc8692c6ae021afdc6f2aacf711b9,right,ok,0.284641,308,381,0.447647,docs/tmp/bottle-blank-investigation/center_offset_rerender/bottle/7abfc8692c6ae021afdc6f2aacf711b9/right.png
bottle,7c3600e246ec48c49c73cf290aee1b34,front,ok,0.342709,450,217,0.372505,docs/tmp/bottle-blank-investigation/center_offset_rerender/bottle/7c3600e246ec48c49c73cf290aee1b34/front.png
bottle,7c3600e246ec48c49c73cf290aee1b34,left,ok,0.321667,307,381,0.446194,docs/tmp/bottle-blank-investigation/center_offset_rerender/bottle/7c3600e246ec48c49c73cf290aee1b34/left.png
bottle,7c3600e246ec48c49c73cf290aee1b34,back,ok,0.333347,450,217,0.372505,docs/tmp/bottle-blank-investigation/center_offset_rerender/bottle/7c3600e246ec48c49c73cf290aee1b34/back.png
bottle,7c3600e246ec48c49c73cf290aee1b34,right,ok,0.318748,308,381,0.447647,docs/tmp/bottle-blank-investigation/center_offset_rerender/bottle/7c3600e246ec48c49c73cf290aee1b34/right.png
bottle,7e09438c1309881278bc6058c7ac9c3b,front,ok,0.292599,480,175,0.320435,docs/tmp/bottle-blank-investigation/center_offset_rerender/bottle/7e09438c1309881278bc6058c7ac9c3b/front.png
bottle,7e09438c1309881278bc6058c7ac9c3b,left,ok,0.291580,298,369,0.419472,docs/tmp/bottle-blank-investigation/center_offset_rerender/bottle/7e09438c1309881278bc6058c7ac9c3b/left.png
bottle,7e09438c1309881278bc6058c7ac9c3b,back,ok,0.294834,480,175,0.320435,docs/tmp/bottle-blank-investigation/center_offset_rerender/bottle/7e09438c1309881278bc6058c7ac9c3b/back.png
bottle,7e09438c1309881278bc6058c7ac9c3b,right,ok,0.291603,300,369,0.422287,docs/tmp/bottle-blank-investigation/center_offset_rerender/bottle/7e09438c1309881278bc6058c7ac9c3b/right.png
bottle,7e9d731b49eda91aeca0f040a605ed50,front,ok,0.352978,450,216,0.370789,docs/tmp/bottle-blank-investigation/center_offset_rerender/bottle/7e9d731b49eda91aeca0f040a605ed50/front.png
bottle,7e9d731b49eda91aeca0f040a605ed50,left,ok,0.321602,308,381,0.447647,docs/tmp/bottle-blank-investigation/center_offset_rerender/bottle/7e9d731b49eda91aeca0f040a605ed50/left.png
bottle,7e9d731b49eda91aeca0f040a605ed50,back,ok,0.353767,450,217,0.372505,docs/tmp/bottle-blank-investigation/center_offset_rerender/bottle/7e9d731b49eda91aeca0f040a605ed50/back.png
bottle,7e9d731b49eda91aeca0f040a605ed50,right,ok,0.318844,308,381,0.447647,docs/tmp/bottle-blank-investigation/center_offset_rerender/bottle/7e9d731b49eda91aeca0f040a605ed50/right.png
bottle,7ecf9257d56bb9608ce272d57f129b85,front,ok,0.168285,455,120,0.208282,docs/tmp/bottle-blank-investigation/center_offset_rerender/bottle/7ecf9257d56bb9608ce272d57f129b85/front.png
bottle,7ecf9257d56bb9608ce272d57f129b85,left,ok,0.135429,146,339,0.188805,docs/tmp/bottle-blank-investigation/center_offset_rerender/bottle/7ecf9257d56bb9608ce272d57f129b85/left.png
bottle,7ecf9257d56bb9608ce272d57f129b85,back,ok,0.168770,457,120,0.209198,docs/tmp/bottle-blank-investigation/center_offset_rerender/bottle/7ecf9257d56bb9608ce272d57f129b85/back.png
bottle,7ecf9257d56bb9608ce272d57f129b85,right,ok,0.110451,118,342,0.153946,docs/tmp/bottle-blank-investigation/center_offset_rerender/bottle/7ecf9257d56bb9608ce272d57f129b85/right.png
bottle,7edbfd1ef4096e773d3afee45adcd314,front,ok,0.188038,456,141,0.245270,docs/tmp/bottle-blank-investigation/center_offset_rerender/bottle/7edbfd1ef4096e773d3afee45adcd314/front.png
bottle,7edbfd1ef4096e773d3afee45adcd314,left,ok,0.166355,180,348,0.238953,docs/tmp/bottle-blank-investigation/center_offset_rerender/bottle/7edbfd1ef4096e773d3afee45adcd314/left.png
bottle,7edbfd1ef4096e773d3afee45adcd314,back,ok,0.183285,457,138,0.240578,docs/tmp/bottle-blank-investigation/center_offset_rerender/bottle/7edbfd1ef4096e773d3afee45adcd314/back.png
bottle,7edbfd1ef4096e773d3afee45adcd314,right,ok,0.108105,126,346,0.166306,docs/tmp/bottle-blank-investigation/center_offset_rerender/bottle/7edbfd1ef4096e773d3afee45adcd314/right.png
bottle,7f79e2039c92fdb7aad5403257421ad3,front,ok,0.361710,388,266,0.393707,docs/tmp/bottle-blank-investigation/center_offset_rerender/bottle/7f79e2039c92fdb7aad5403257421ad3/front.png
bottle,7f79e2039c92fdb7aad5403257421ad3,left,ok,0.332115,343,367,0.480198,docs/tmp/bottle-blank-investigation/center_offset_rerender/bottle/7f79e2039c92fdb7aad5403257421ad3/left.png
bottle,7f79e2039c92fdb7aad5403257421ad3,back,ok,0.360420,389,266,0.394722,docs/tmp/bottle-blank-investigation/center_offset_rerender/bottle/7f79e2039c92fdb7aad5403257421ad3/back.png
bottle,7f79e2039c92fdb7aad5403257421ad3,right,ok,0.349094,336,371,0.475525,docs/tmp/bottle-blank-investigation/center_offset_rerender/bottle/7f79e2039c92fdb7aad5403257421ad3/right.png
bottle,7f7e15a537f2f1ccee9a602473a8b1dc,front,ok,0.257675,466,172,0.305756,docs/tmp/bottle-blank-investigation/center_offset_rerender/bottle/7f7e15a537f2f1ccee9a602473a8b1dc/front.png
bottle,7f7e15a537f2f1ccee9a602473a8b1dc,left,ok,0.211182,200,353,0.269318,docs/tmp/bottle-blank-investigation/center_offset_rerender/bottle/7f7e15a537f2f1ccee9a602473a8b1dc/left.png
bottle,7f7e15a537f2f1ccee9a602473a8b1dc,back,ok,0.257652,466,172,0.305756,docs/tmp/bottle-blank-investigation/center_offset_rerender/bottle/7f7e15a537f2f1ccee9a602473a8b1dc/back.png
bottle,7f7e15a537f2f1ccee9a602473a8b1dc,right,ok,0.169315,160,359,0.219116,docs/tmp/bottle-blank-investigation/center_offset_rerender/bottle/7f7e15a537f2f1ccee9a602473a8b1dc/right.png
bottle,7fad482f299a4cba8bba988cb5f287b5,front,ok,0.278057,488,155,0.288544,docs/tmp/bottle-blank-investigation/center_offset_rerender/bottle/7fad482f299a4cba8bba988cb5f287b5/front.png
bottle,7fad482f299a4cba8bba988cb5f287b5,left,ok,0.270733,270,372,0.383148,docs/tmp/bottle-blank-investigation/center_offset_rerender/bottle/7fad482f299a4cba8bba988cb5f287b5/left.png
bottle,7fad482f299a4cba8bba988cb5f287b5,back,ok,0.278099,488,155,0.288544,docs/tmp/bottle-blank-investigation/center_offset_rerender/bottle/7fad482f299a4cba8bba988cb5f287b5/back.png
bottle,7fad482f299a4cba8bba988cb5f287b5,right,ok,0.271866,272,373,0.387024,docs/tmp/bottle-blank-investigation/center_offset_rerender/bottle/7fad482f299a4cba8bba988cb5f287b5/right.png
bottle,81195e8cf08f6209b45b6fc77f81b540,front,ok,0.348171,318,381,0.462181,docs/tmp/bottle-blank-investigation/center_offset_rerender/bottle/81195e8cf08f6209b45b6fc77f81b540/front.png
bottle,81195e8cf08f6209b45b6fc77f81b540,left,ok,0.448769,511,268,0.522415,docs/tmp/bottle-blank-investigation/center_offset_rerender/bottle/81195e8cf08f6209b45b6fc77f81b540/left.png
bottle,81195e8cf08f6209b45b6fc77f81b540,back,ok,0.307911,318,380,0.460968,docs/tmp/bottle-blank-investigation/center_offset_rerender/bottle/81195e8cf08f6209b45b6fc77f81b540/back.png
bottle,81195e8cf08f6209b45b6fc77f81b540,right,ok,0.375965,459,246,0.430733,docs/tmp/bottle-blank-investigation/center_offset_rerender/bottle/81195e8cf08f6209b45b6fc77f81b540/right.png
bottle,81c807f06b272d333edbee3ce30e8f7e,front,ok,0.434837,485,274,0.506935,docs/tmp/bottle-blank-investigation/center_offset_rerender/bottle/81c807f06b272d333edbee3ce30e8f7e/front.png
bottle,81c807f06b272d333edbee3ce30e8f7e,left,ok,0.407017,354,379,0.511803,docs/tmp/bottle-blank-investigation/center_offset_rerender/bottle/81c807f06b272d333edbee3ce30e8f7e/left.png
bottle,81c807f06b272d333edbee3ce30e8f7e,back,ok,0.428951,473,274,0.494392,docs/tmp/bottle-blank-investigation/center_offset_rerender/bottle/81c807f06b272d333edbee3ce30e8f7e/back.png
bottle,81c807f06b272d333edbee3ce30e8f7e,right,ok,0.352108,324,352,0.435059,docs/tmp/bottle-blank-investigation/center_offset_rerender/bottle/81c807f06b272d333edbee3ce30e8f7e/right.png
bottle,82afaacc024b5f766bb195e168a1a2a5,front,ok,0.185192,468,121,0.216019,docs/tmp/bottle-blank-investigation/center_offset_rerender/bottle/82afaacc024b5f766bb195e168a1a2a5/front.png
bottle,82afaacc024b5f766bb195e168a1a2a5,left,ok,0.177795,188,351,0.251724,docs/tmp/bottle-blank-investigation/center_offset_rerender/bottle/82afaacc024b5f766bb195e168a1a2a5/left.png
bottle,82afaacc024b5f766bb195e168a1a2a5,back,ok,0.185287,468,121,0.216019,docs/tmp/bottle-blank-investigation/center_offset_rerender/bottle/82afaacc024b5f766bb195e168a1a2a5/back.png
bottle,82afaacc024b5f766bb195e168a1a2a5,right,ok,0.134018,126,349,0.167747,docs/tmp/bottle-blank-investigation/center_offset_rerender/bottle/82afaacc024b5f766bb195e168a1a2a5/right.png
bottle,83918d920c4a373017754370dd3bfc72,front,ok,0.177570,470,115,0.206184,docs/tmp/bottle-blank-investigation/center_offset_rerender/bottle/83918d920c4a373017754370dd3bfc72/front.png
bottle,83918d920c4a373017754370dd3bfc72,left,ok,0.178104,190,348,0.252228,docs/tmp/bottle-blank-investigation/center_offset_rerender/bottle/83918d920c4a373017754370dd3bfc72/left.png
bottle,83918d920c4a373017754370dd3bfc72,back,ok,0.177593,470,115,0.206184,docs/tmp/bottle-blank-investigation/center_offset_rerender/bottle/83918d920c4a373017754370dd3bfc72/back.png
bottle,83918d920c4a373017754370dd3bfc72,right,ok,0.134476,128,347,0.169434,docs/tmp/bottle-blank-investigation/center_offset_rerender/bottle/83918d920c4a373017754370dd3bfc72/right.png
bottle,8566a9d26a3363dd202468339b9af145,front,ok,0.240025,443,168,0.283905,docs/tmp/bottle-blank-investigation/center_offset_rerender/bottle/8566a9d26a3363dd202468339b9af145/front.png
bottle,8566a9d26a3363dd202468339b9af145,left,ok,0.225979,238,339,0.307777,docs/tmp/bottle-blank-investigation/center_offset_rerender/bottle/8566a9d26a3363dd202468339b9af145/left.png
bottle,8566a9d26a3363dd202468339b9af145,back,ok,0.243805,443,168,0.283905,docs/tmp/bottle-blank-investigation/center_offset_rerender/bottle/8566a9d26a3363dd202468339b9af145/back.png
bottle,8566a9d26a3363dd202468339b9af145,right,ok,0.187912,194,346,0.256058,docs/tmp/bottle-blank-investigation/center_offset_rerender/bottle/8566a9d26a3363dd202468339b9af145/right.png
bottle,85d0b308aa0855813b883b59ba5fa3ae,front,ok,0.228165,405,200,0.308990,docs/tmp/bottle-blank-investigation/center_offset_rerender/bottle/85d0b308aa0855813b883b59ba5fa3ae/front.png
bottle,85d0b308aa0855813b883b59ba5fa3ae,left,ok,0.239254,247,345,0.325069,docs/tmp/bottle-blank-investigation/center_offset_rerender/bottle/85d0b308aa0855813b883b59ba5fa3ae/left.png
bottle,85d0b308aa0855813b883b59ba5fa3ae,back,ok,0.226528,405,200,0.308990,docs/tmp/bottle-blank-investigation/center_offset_rerender/bottle/85d0b308aa0855813b883b59ba5fa3ae/back.png
bottle,85d0b308aa0855813b883b59ba5fa3ae,right,ok,0.174469,231,301,0.265240,docs/tmp/bottle-blank-investigation/center_offset_rerender/bottle/85d0b308aa0855813b883b59ba5fa3ae/right.png
bottle,88478a8b801fbc4888651207dac2377a,front,ok,0.353863,388,264,0.390747,docs/tmp/bottle-blank-investigation/center_offset_rerender/bottle/88478a8b801fbc4888651207dac2377a/front.png
bottle,88478a8b801fbc4888651207dac2377a,left,ok,0.342884,330,369,0.464516,docs/tmp/bottle-blank-investigation/center_offset_rerender/bottle/88478a8b801fbc4888651207dac2377a/left.png
bottle,88478a8b801fbc4888651207dac2377a,back,ok,0.357475,388,264,0.390747,docs/tmp/bottle-blank-investigation/center_offset_rerender/bottle/88478a8b801fbc4888651207dac2377a/back.png
bottle,88478a8b801fbc4888651207dac2377a,right,ok,0.328995,342,368,0.480103,docs/tmp/bottle-blank-investigation/center_offset_rerender/bottle/88478a8b801fbc4888651207dac2377a/right.png
bottle,88bee572759884db904983599d2a0e28,front,ok,0.354687,450,217,0.372505,docs/tmp/bottle-blank-investigation/center_offset_rerender/bottle/88bee572759884db904983599d2a0e28/front.png
bottle,88bee572759884db904983599d2a0e28,left,ok,0.321518,308,381,0.447647,docs/tmp/bottle-blank-investigation/center_offset_rerender/bottle/88bee572759884db904983599d2a0e28/left.png
bottle,88bee572759884db904983599d2a0e28,back,ok,0.352215,450,217,0.372505,docs/tmp/bottle-blank-investigation/center_offset_rerender/bottle/88bee572759884db904983599d2a0e28/back.png
bottle,88bee572759884db904983599d2a0e28,right,ok,0.318794,308,381,0.447647,docs/tmp/bottle-blank-investigation/center_offset_rerender/bottle/88bee572759884db904983599d2a0e28/right.png
bottle,88dfa136bd784ede1deb6e9c8da8006b,front,ok,0.186092,458,126,0.220139,docs/tmp/bottle-blank-investigation/center_offset_rerender/bottle/88dfa136bd784ede1deb6e9c8da8006b/front.png
bottle,88dfa136bd784ede1deb6e9c8da8006b,left,ok,0.177368,188,338,0.242401,docs/tmp/bottle-blank-investigation/center_offset_rerender/bottle/88dfa136bd784ede1deb6e9c8da8006b/left.png
bottle,88dfa136bd784ede1deb6e9c8da8006b,back,ok,0.186687,458,126,0.220139,docs/tmp/bottle-blank-investigation/center_offset_rerender/bottle/88dfa136bd784ede1deb6e9c8da8006b/back.png
bottle,88dfa136bd784ede1deb6e9c8da8006b,right,ok,0.129539,138,340,0.178986,docs/tmp/bottle-blank-investigation/center_offset_rerender/bottle/88dfa136bd784ede1deb6e9c8da8006b/right.png
bottle,891087fc10744cae4285c7a86c5f7504,front,ok,0.177559,470,115,0.206184,docs/tmp/bottle-blank-investigation/center_offset_rerender/bottle/891087fc10744cae4285c7a86c5f7504/front.png
bottle,891087fc10744cae4285c7a86c5f7504,left,ok,0.178104,190,348,0.252228,docs/tmp/bottle-blank-investigation/center_offset_rerender/bottle/891087fc10744cae4285c7a86c5f7504/left.png
bottle,891087fc10744cae4285c7a86c5f7504,back,ok,0.177582,470,115,0.206184,docs/tmp/bottle-blank-investigation/center_offset_rerender/bottle/891087fc10744cae4285c7a86c5f7504/back.png
bottle,891087fc10744cae4285c7a86c5f7504,right,ok,0.134476,128,347,0.169434,docs/tmp/bottle-blank-investigation/center_offset_rerender/bottle/891087fc10744cae4285c7a86c5f7504/right.png
bottle,894d65c090af5e97c6e5d3f6a39b3aa8,front,ok,0.227329,453,191,0.330059,docs/tmp/bottle-blank-investigation/center_offset_rerender/bottle/894d65c090af5e97c6e5d3f6a39b3aa8/front.png
bottle,894d65c090af5e97c6e5d3f6a39b3aa8,left,ok,0.142643,126,366,0.175919,docs/tmp/bottle-blank-investigation/center_offset_rerender/bottle/894d65c090af5e97c6e5d3f6a39b3aa8/left.png
bottle,894d65c090af5e97c6e5d3f6a39b3aa8,back,ok,0.227459,453,191,0.330059,docs/tmp/bottle-blank-investigation/center_offset_rerender/bottle/894d65c090af5e97c6e5d3f6a39b3aa8/back.png
bottle,894d65c090af5e97c6e5d3f6a39b3aa8,right,ok,0.099602,82,390,0.121994,docs/tmp/bottle-blank-investigation/center_offset_rerender/bottle/894d65c090af5e97c6e5d3f6a39b3aa8/right.png
bottle,8a835d563485c9f78329de93296e758d,front,ok,0.168285,455,120,0.208282,docs/tmp/bottle-blank-investigation/center_offset_rerender/bottle/8a835d563485c9f78329de93296e758d/front.png
bottle,8a835d563485c9f78329de93296e758d,left,ok,0.135433,146,339,0.188805,docs/tmp/bottle-blank-investigation/center_offset_rerender/bottle/8a835d563485c9f78329de93296e758d/left.png
bottle,8a835d563485c9f78329de93296e758d,back,ok,0.168777,457,120,0.209198,docs/tmp/bottle-blank-investigation/center_offset_rerender/bottle/8a835d563485c9f78329de93296e758d/back.png
bottle,8a835d563485c9f78329de93296e758d,right,ok,0.110447,118,342,0.153946,docs/tmp/bottle-blank-investigation/center_offset_rerender/bottle/8a835d563485c9f78329de93296e758d/right.png
bottle,8b8630e94813d4ff869d37050399eaab,front,ok,0.336376,470,195,0.349617,docs/tmp/bottle-blank-investigation/center_offset_rerender/bottle/8b8630e94813d4ff869d37050399eaab/front.png
bottle,8b8630e94813d4ff869d37050399eaab,left,ok,0.303265,290,388,0.429230,docs/tmp/bottle-blank-investigation/center_offset_rerender/bottle/8b8630e94813d4ff869d37050399eaab/left.png
bottle,8b8630e94813d4ff869d37050399eaab,back,ok,0.336376,470,195,0.349617,docs/tmp/bottle-blank-investigation/center_offset_rerender/bottle/8b8630e94813d4ff869d37050399eaab/back.png
bottle,8b8630e94813d4ff869d37050399eaab,right,ok,0.303276,290,388,0.429230,docs/tmp/bottle-blank-investigation/center_offset_rerender/bottle/8b8630e94813d4ff869d37050399eaab/right.png
bottle,8c9d7cc17a58559145e8855d1cb6d826,front,ok,0.303200,416,209,0.331665,docs/tmp/bottle-blank-investigation/center_offset_rerender/bottle/8c9d7cc17a58559145e8855d1cb6d826/front.png
bottle,8c9d7cc17a58559145e8855d1cb6d826,left,ok,0.271454,271,352,0.363892,docs/tmp/bottle-blank-investigation/center_offset_rerender/bottle/8c9d7cc17a58559145e8855d1cb6d826/left.png
bottle,8c9d7cc17a58559145e8855d1cb6d826,back,ok,0.300911,414,260,0.410614,docs/tmp/bottle-blank-investigation/center_offset_rerender/bottle/8c9d7cc17a58559145e8855d1cb6d826/back.png
bottle,8c9d7cc17a58559145e8855d1cb6d826,right,ok,0.271530,264,352,0.354492,docs/tmp/bottle-blank-investigation/center_offset_rerender/bottle/8c9d7cc17a58559145e8855d1cb6d826/right.png
bottle,8c9f1373365fd08fc382bd35e303eb24,front,ok,0.133278,454,112,0.193970,docs/tmp/bottle-blank-investigation/center_offset_rerender/bottle/8c9f1373365fd08fc382bd35e303eb24/front.png
bottle,8c9f1373365fd08fc382bd35e303eb24,left,ok,0.131836,162,338,0.208878,docs/tmp/bottle-blank-investigation/center_offset_rerender/bottle/8c9f1373365fd08fc382bd35e303eb24/left.png
bottle,8c9f1373365fd08fc382bd35e303eb24,back,ok,0.135452,455,112,0.194397,docs/tmp/bottle-blank-investigation/center_offset_rerender/bottle/8c9f1373365fd08fc382bd35e303eb24/back.png
bottle,8c9f1373365fd08fc382bd35e303eb24,right,ok,0.074650,106,369,0.149208,docs/tmp/bottle-blank-investigation/center_offset_rerender/bottle/8c9f1373365fd08fc382bd35e303eb24/right.png
bottle,8dc909eaa1958860eef35b231e96afce,front,ok,0.205818,331,306,0.386375,docs/tmp/bottle-blank-investigation/center_offset_rerender/bottle/8dc909eaa1958860eef35b231e96afce/front.png
bottle,8dc909eaa1958860eef35b231e96afce,left,ok,0.177841,299,346,0.394646,docs/tmp/bottle-blank-investigation/center_offset_rerender/bottle/8dc909eaa1958860eef35b231e96afce/left.png
bottle,8dc909eaa1958860eef35b231e96afce,back,ok,0.190834,405,160,0.247192,docs/tmp/bottle-blank-investigation/center_offset_rerender/bottle/8dc909eaa1958860eef35b231e96afce/back.png
bottle,8dc909eaa1958860eef35b231e96afce,right,ok,0.146526,261,350,0.348473,docs/tmp/bottle-blank-investigation/center_offset_rerender/bottle/8dc909eaa1958860eef35b231e96afce/right.png
bottle,8f10bae85dabd98c5b8b000bf0ee37eb,front,ok,0.415749,466,272,0.483521,docs/tmp/bottle-blank-investigation/center_offset_rerender/bottle/8f10bae85dabd98c5b8b000bf0ee37eb/front.png
bottle,8f10bae85dabd98c5b8b000bf0ee37eb,left,ok,0.389416,344,379,0.497345,docs/tmp/bottle-blank-investigation/center_offset_rerender/bottle/8f10bae85dabd98c5b8b000bf0ee37eb/left.png
bottle,8f10bae85dabd98c5b8b000bf0ee37eb,back,ok,0.415035,464,267,0.472595,docs/tmp/bottle-blank-investigation/center_offset_rerender/bottle/8f10bae85dabd98c5b8b000bf0ee37eb/back.png
bottle,8f10bae85dabd98c5b8b000bf0ee37eb,right,ok,0.343090,315,366,0.439796,docs/tmp/bottle-blank-investigation/center_offset_rerender/bottle/8f10bae85dabd98c5b8b000bf0ee37eb/right.png
bottle,8f36c20040977d84b62faff7bca4f8ec,front,ok,0.354622,450,217,0.372505,docs/tmp/bottle-blank-investigation/center_offset_rerender/bottle/8f36c20040977d84b62faff7bca4f8ec/front.png
bottle,8f36c20040977d84b62faff7bca4f8ec,left,ok,0.321510,308,381,0.447647,docs/tmp/bottle-blank-investigation/center_offset_rerender/bottle/8f36c20040977d84b62faff7bca4f8ec/left.png
bottle,8f36c20040977d84b62faff7bca4f8ec,back,ok,0.352310,450,216,0.370789,docs/tmp/bottle-blank-investigation/center_offset_rerender/bottle/8f36c20040977d84b62faff7bca4f8ec/back.png
bottle,8f36c20040977d84b62faff7bca4f8ec,right,ok,0.319008,308,381,0.447647,docs/tmp/bottle-blank-investigation/center_offset_rerender/bottle/8f36c20040977d84b62faff7bca4f8ec/right.png
bottle,9023e208647c36691e95a646679d6cb3,front,ok,0.241447,482,138,0.253738,docs/tmp/bottle-blank-investigation/center_offset_rerender/bottle/9023e208647c36691e95a646679d6cb3/front.png
bottle,9023e208647c36691e95a646679d6cb3,left,ok,0.212219,208,374,0.296753,docs/tmp/bottle-blank-investigation/center_offset_rerender/bottle/9023e208647c36691e95a646679d6cb3/left.png
bottle,9023e208647c36691e95a646679d6cb3,back,ok,0.244629,482,138,0.253738,docs/tmp/bottle-blank-investigation/center_offset_rerender/bottle/9023e208647c36691e95a646679d6cb3/back.png
bottle,9023e208647c36691e95a646679d6cb3,right,ok,0.219223,216,378,0.311462,docs/tmp/bottle-blank-investigation/center_offset_rerender/bottle/9023e208647c36691e95a646679d6cb3/right.png
bottle,90fce87b7726cca3b341cfb754ed6a2a,front,ok,0.177559,470,115,0.206184,docs/tmp/bottle-blank-investigation/center_offset_rerender/bottle/90fce87b7726cca3b341cfb754ed6a2a/front.png
bottle,90fce87b7726cca3b341cfb754ed6a2a,left,ok,0.178104,190,348,0.252228,docs/tmp/bottle-blank-investigation/center_offset_rerender/bottle/90fce87b7726cca3b341cfb754ed6a2a/left.png
bottle,90fce87b7726cca3b341cfb754ed6a2a,back,ok,0.177597,470,115,0.206184,docs/tmp/bottle-blank-investigation/center_offset_rerender/bottle/90fce87b7726cca3b341cfb754ed6a2a/back.png
bottle,90fce87b7726cca3b341cfb754ed6a2a,right,ok,0.134476,128,347,0.169434,docs/tmp/bottle-blank-investigation/center_offset_rerender/bottle/90fce87b7726cca3b341cfb754ed6a2a/right.png
bottle,91897868dcb5298d5bcdb49ea6771cde,front,ok,0.185211,468,121,0.216019,docs/tmp/bottle-blank-investigation/center_offset_rerender/bottle/91897868dcb5298d5bcdb49ea6771cde/front.png
bottle,91897868dcb5298d5bcdb49ea6771cde,left,ok,0.177795,188,351,0.251724,docs/tmp/bottle-blank-investigation/center_offset_rerender/bottle/91897868dcb5298d5bcdb49ea6771cde/left.png
bottle,91897868dcb5298d5bcdb49ea6771cde,back,ok,0.185280,468,121,0.216019,docs/tmp/bottle-blank-investigation/center_offset_rerender/bottle/91897868dcb5298d5bcdb49ea6771cde/back.png
bottle,91897868dcb5298d5bcdb49ea6771cde,right,ok,0.134014,126,349,0.167747,docs/tmp/bottle-blank-investigation/center_offset_rerender/bottle/91897868dcb5298d5bcdb49ea6771cde/right.png
bottle,931ec3ae96cada271676a881a12d9576,front,ok,0.177559,470,115,0.206184,docs/tmp/bottle-blank-investigation/center_offset_rerender/bottle/931ec3ae96cada271676a881a12d9576/front.png
bottle,931ec3ae96cada271676a881a12d9576,left,ok,0.178104,190,348,0.252228,docs/tmp/bottle-blank-investigation/center_offset_rerender/bottle/931ec3ae96cada271676a881a12d9576/left.png
bottle,931ec3ae96cada271676a881a12d9576,back,ok,0.177589,470,115,0.206184,docs/tmp/bottle-blank-investigation/center_offset_rerender/bottle/931ec3ae96cada271676a881a12d9576/back.png
bottle,931ec3ae96cada271676a881a12d9576,right,ok,0.134476,128,347,0.169434,docs/tmp/bottle-blank-investigation/center_offset_rerender/bottle/931ec3ae96cada271676a881a12d9576/right.png
bottle,956420a8f750335ac042fec62cc7d9b0,front,ok,0.179188,460,121,0.212326,docs/tmp/bottle-blank-investigation/center_offset_rerender/bottle/956420a8f750335ac042fec62cc7d9b0/front.png
bottle,956420a8f750335ac042fec62cc7d9b0,left,ok,0.177750,192,336,0.246094,docs/tmp/bottle-blank-investigation/center_offset_rerender/bottle/956420a8f750335ac042fec62cc7d9b0/left.png
bottle,956420a8f750335ac042fec62cc7d9b0,back,ok,0.179462,460,121,0.212326,docs/tmp/bottle-blank-investigation/center_offset_rerender/bottle/956420a8f750335ac042fec62cc7d9b0/back.png
bottle,956420a8f750335ac042fec62cc7d9b0,right,ok,0.130013,140,337,0.179977,docs/tmp/bottle-blank-investigation/center_offset_rerender/bottle/956420a8f750335ac042fec62cc7d9b0/right.png
bottle,95927b7ba4a77085b8a44e6c3a5f6e8b,front,ok,0.285248,479,162,0.296013,docs/tmp/bottle-blank-investigation/center_offset_rerender/bottle/95927b7ba4a77085b8a44e6c3a5f6e8b/front.png
bottle,95927b7ba4a77085b8a44e6c3a5f6e8b,left,ok,0.250587,240,382,0.349731,docs/tmp/bottle-blank-investigation/center_offset_rerender/bottle/95927b7ba4a77085b8a44e6c3a5f6e8b/left.png
bottle,95927b7ba4a77085b8a44e6c3a5f6e8b,back,ok,0.285641,479,164,0.299667,docs/tmp/bottle-blank-investigation/center_offset_rerender/bottle/95927b7ba4a77085b8a44e6c3a5f6e8b/back.png
bottle,95927b7ba4a77085b8a44e6c3a5f6e8b,right,ok,0.254974,246,382,0.358475,docs/tmp/bottle-blank-investigation/center_offset_rerender/bottle/95927b7ba4a77085b8a44e6c3a5f6e8b/right.png
bottle,95f22106216d08017c25bc92f2b4dce0,front,ok,0.205296,440,154,0.258484,docs/tmp/bottle-blank-investigation/center_offset_rerender/bottle/95f22106216d08017c25bc92f2b4dce0/front.png
bottle,95f22106216d08017c25bc92f2b4dce0,left,ok,0.174614,186,332,0.235565,docs/tmp/bottle-blank-investigation/center_offset_rerender/bottle/95f22106216d08017c25bc92f2b4dce0/left.png
bottle,95f22106216d08017c25bc92f2b4dce0,back,ok,0.204945,437,154,0.256721,docs/tmp/bottle-blank-investigation/center_offset_rerender/bottle/95f22106216d08017c25bc92f2b4dce0/back.png
bottle,95f22106216d08017c25bc92f2b4dce0,right,ok,0.135456,154,334,0.196213,docs/tmp/bottle-blank-investigation/center_offset_rerender/bottle/95f22106216d08017c25bc92f2b4dce0/right.png
bottle,963e975d1caf234833286d3d609c62af,front,ok,0.185196,468,121,0.216019,docs/tmp/bottle-blank-investigation/center_offset_rerender/bottle/963e975d1caf234833286d3d609c62af/front.png
bottle,963e975d1caf234833286d3d609c62af,left,ok,0.177795,188,351,0.251724,docs/tmp/bottle-blank-investigation/center_offset_rerender/bottle/963e975d1caf234833286d3d609c62af/left.png
bottle,963e975d1caf234833286d3d609c62af,back,ok,0.185280,468,121,0.216019,docs/tmp/bottle-blank-investigation/center_offset_rerender/bottle/963e975d1caf234833286d3d609c62af/back.png
bottle,963e975d1caf234833286d3d609c62af,right,ok,0.134014,126,349,0.167747,docs/tmp/bottle-blank-investigation/center_offset_rerender/bottle/963e975d1caf234833286d3d609c62af/right.png
bottle,969d57b01f071d79d89e6b1ddbe4cc57,front,ok,0.172527,466,114,0.202652,docs/tmp/bottle-blank-investigation/center_offset_rerender/bottle/969d57b01f071d79d89e6b1ddbe4cc57/front.png
bottle,969d57b01f071d79d89e6b1ddbe4cc57,left,ok,0.174656,188,342,0.245270,docs/tmp/bottle-blank-investigation/center_offset_rerender/bottle/969d57b01f071d79d89e6b1ddbe4cc57/left.png
bottle,969d57b01f071d79d89e6b1ddbe4cc57,back,ok,0.172623,466,114,0.202652,docs/tmp/bottle-blank-investigation/center_offset_rerender/bottle/969d57b01f071d79d89e6b1ddbe4cc57/back.png
bottle,969d57b01f071d79d89e6b1ddbe4cc57,right,ok,0.124512,128,341,0.166504,docs/tmp/bottle-blank-investigation/center_offset_rerender/bottle/969d57b01f071d79d89e6b1ddbe4cc57/right.png
bottle,975cb143de993461d1da16c318ad2630,front,ok,0.147171,460,121,0.212326,docs/tmp/bottle-blank-investigation/center_offset_rerender/bottle/975cb143de993461d1da16c318ad2630/front.png
bottle,975cb143de993461d1da16c318ad2630,left,ok,0.160416,192,342,0.250488,docs/tmp/bottle-blank-investigation/center_offset_rerender/bottle/975cb143de993461d1da16c318ad2630/left.png
bottle,975cb143de993461d1da16c318ad2630,back,ok,0.147751,460,121,0.212326,docs/tmp/bottle-blank-investigation/center_offset_rerender/bottle/975cb143de993461d1da16c318ad2630/back.png
bottle,975cb143de993461d1da16c318ad2630,right,ok,0.095539,116,339,0.150009,docs/tmp/bottle-blank-investigation/center_offset_rerender/bottle/975cb143de993461d1da16c318ad2630/right.png
bottle,9970d97265b4bf33bf395c62002df1fc,front,ok,0.177582,470,115,0.206184,docs/tmp/bottle-blank-investigation/center_offset_rerender/bottle/9970d97265b4bf33bf395c62002df1fc/front.png
bottle,9970d97265b4bf33bf395c62002df1fc,left,ok,0.178104,190,348,0.252228,docs/tmp/bottle-blank-investigation/center_offset_rerender/bottle/9970d97265b4bf33bf395c62002df1fc/left.png
bottle,9970d97265b4bf33bf395c62002df1fc,back,ok,0.177582,470,115,0.206184,docs/tmp/bottle-blank-investigation/center_offset_rerender/bottle/9970d97265b4bf33bf395c62002df1fc/back.png
bottle,9970d97265b4bf33bf395c62002df1fc,right,ok,0.134476,128,347,0.169434,docs/tmp/bottle-blank-investigation/center_offset_rerender/bottle/9970d97265b4bf33bf395c62002df1fc/right.png
bottle,9b9260755b3fb7c3d6f8c4642a3fb1c3,front,ok,0.428520,474,274,0.495438,docs/tmp/bottle-blank-investigation/center_offset_rerender/bottle/9b9260755b3fb7c3d6f8c4642a3fb1c3/front.png
bottle,9b9260755b3fb7c3d6f8c4642a3fb1c3,left,ok,0.407013,354,379,0.511803,docs/tmp/bottle-blank-investigation/center_offset_rerender/bottle/9b9260755b3fb7c3d6f8c4642a3fb1c3/left.png
bottle,9b9260755b3fb7c3d6f8c4642a3fb1c3,back,ok,0.433029,473,274,0.494392,docs/tmp/bottle-blank-investigation/center_offset_rerender/bottle/9b9260755b3fb7c3d6f8c4642a3fb1c3/back.png
bottle,9b9260755b3fb7c3d6f8c4642a3fb1c3,right,ok,0.357052,324,370,0.457306,docs/tmp/bottle-blank-investigation/center_offset_rerender/bottle/9b9260755b3fb7c3d6f8c4642a3fb1c3/right.png
bottle,9bfa0bc6db0af285dc94db3f174b1421,front,ok,0.296368,393,228,0.341812,docs/tmp/bottle-blank-investigation/center_offset_rerender/bottle/9bfa0bc6db0af285dc94db3f174b1421/front.png
bottle,9bfa0bc6db0af285dc94db3f174b1421,left,ok,0.267544,296,335,0.378265,docs/tmp/bottle-blank-investigation/center_offset_rerender/bottle/9bfa0bc6db0af285dc94db3f174b1421/left.png
bottle,9bfa0bc6db0af285dc94db3f174b1421,back,ok,0.271320,386,212,0.312164,docs/tmp/bottle-blank-investigation/center_offset_rerender/bottle/9bfa0bc6db0af285dc94db3f174b1421/back.png
bottle,9bfa0bc6db0af285dc94db3f174b1421,right,ok,0.264244,310,338,0.399704,docs/tmp/bottle-blank-investigation/center_offset_rerender/bottle/9bfa0bc6db0af285dc94db3f174b1421/right.png
bottle,9bfafc13bf42dfe6b17c2d00e2d70e79,front,ok,0.351925,450,217,0.372505,docs/tmp/bottle-blank-investigation/center_offset_rerender/bottle/9bfafc13bf42dfe6b17c2d00e2d70e79/front.png
bottle,9bfafc13bf42dfe6b17c2d00e2d70e79,left,ok,0.318813,308,381,0.447647,docs/tmp/bottle-blank-investigation/center_offset_rerender/bottle/9bfafc13bf42dfe6b17c2d00e2d70e79/left.png
bottle,9bfafc13bf42dfe6b17c2d00e2d70e79,back,ok,0.350811,450,217,0.372505,docs/tmp/bottle-blank-investigation/center_offset_rerender/bottle/9bfafc13bf42dfe6b17c2d00e2d70e79/back.png
bottle,9bfafc13bf42dfe6b17c2d00e2d70e79,right,ok,0.318699,308,381,0.447647,docs/tmp/bottle-blank-investigation/center_offset_rerender/bottle/9bfafc13bf42dfe6b17c2d00e2d70e79/right.png
bottle,9cbb7de5b3e1652210cfbdb7fa926a78,front,ok,0.205296,440,154,0.258484,docs/tmp/bottle-blank-investigation/center_offset_rerender/bottle/9cbb7de5b3e1652210cfbdb7fa926a78/front.png
bottle,9cbb7de5b3e1652210cfbdb7fa926a78,left,ok,0.174614,186,332,0.235565,docs/tmp/bottle-blank-investigation/center_offset_rerender/bottle/9cbb7de5b3e1652210cfbdb7fa926a78/left.png
bottle,9cbb7de5b3e1652210cfbdb7fa926a78,back,ok,0.204945,437,154,0.256721,docs/tmp/bottle-blank-investigation/center_offset_rerender/bottle/9cbb7de5b3e1652210cfbdb7fa926a78/back.png
bottle,9cbb7de5b3e1652210cfbdb7fa926a78,right,ok,0.135456,154,334,0.196213,docs/tmp/bottle-blank-investigation/center_offset_rerender/bottle/9cbb7de5b3e1652210cfbdb7fa926a78/right.png
bottle,9d601eca7d523b71b36533ce84e6e63d,front,ok,0.042645,303,257,0.297054,docs/tmp/bottle-blank-investigation/center_offset_rerender/bottle/9d601eca7d523b71b36533ce84e6e63d/front.png
bottle,9d601eca7d523b71b36533ce84e6e63d,left,ok,0.045330,285,303,0.329418,docs/tmp/bottle-blank-investigation/center_offset_rerender/bottle/9d601eca7d523b71b36533ce84e6e63d/left.png
bottle,9d601eca7d523b71b36533ce84e6e63d,back,ok,0.063988,288,369,0.405396,docs/tmp/bottle-blank-investigation/center_offset_rerender/bottle/9d601eca7d523b71b36533ce84e6e63d/back.png
bottle,9d601eca7d523b71b36533ce84e6e63d,right,ok,0.042732,204,395,0.307388,docs/tmp/bottle-blank-investigation/center_offset_rerender/bottle/9d601eca7d523b71b36533ce84e6e63d/right.png
bottle,9d9f9d728ca856cc0625463e9977d4b2,front,ok,0.200115,431,186,0.305809,docs/tmp/bottle-blank-investigation/center_offset_rerender/bottle/9d9f9d728ca856cc0625463e9977d4b2/front.png
bottle,9d9f9d728ca856cc0625463e9977d4b2,left,ok,0.267799,296,320,0.361328,docs/tmp/bottle-blank-investigation/center_offset_rerender/bottle/9d9f9d728ca856cc0625463e9977d4b2/left.png
bottle,9d9f9d728ca856cc0625463e9977d4b2,back,ok,0.248856,431,186,0.305809,docs/tmp/bottle-blank-investigation/center_offset_rerender/bottle/9d9f9d728ca856cc0625463e9977d4b2/back.png
bottle,9d9f9d728ca856cc0625463e9977d4b2,right,ok,0.184555,224,326,0.278564,docs/tmp/bottle-blank-investigation/center_offset_rerender/bottle/9d9f9d728ca856cc0625463e9977d4b2/right.png
bottle,9dcce03c5f0009f6210ee05ebab06cdc,front,ok,0.326767,417,224,0.356323,docs/tmp/bottle-blank-investigation/center_offset_rerender/bottle/9dcce03c5f0009f6210ee05ebab06cdc/front.png
bottle,9dcce03c5f0009f6210ee05ebab06cdc,left,ok,0.303997,306,356,0.415558,docs/tmp/bottle-blank-investigation/center_offset_rerender/bottle/9dcce03c5f0009f6210ee05ebab06cdc/left.png
bottle,9dcce03c5f0009f6210ee05ebab06cdc,back,ok,0.340771,413,301,0.474216,docs/tmp/bottle-blank-investigation/center_offset_rerender/bottle/9dcce03c5f0009f6210ee05ebab06cdc/back.png
bottle,9dcce03c5f0009f6210ee05ebab06cdc,right,ok,0.289009,270,368,0.379028,docs/tmp/bottle-blank-investigation/center_offset_rerender/bottle/9dcce03c5f0009f6210ee05ebab06cdc/right.png
bottle,9e19dd321aa3a981a3f3d1e849328b57,front,ok,0.164005,419,201,0.321270,docs/tmp/bottle-blank-investigation/center_offset_rerender/bottle/9e19dd321aa3a981a3f3d1e849328b57/front.png
bottle,9e19dd321aa3a981a3f3d1e849328b57,left,ok,0.122238,238,302,0.274185,docs/tmp/bottle-blank-investigation/center_offset_rerender/bottle/9e19dd321aa3a981a3f3d1e849328b57/left.png
bottle,9e19dd321aa3a981a3f3d1e849328b57,back,ok,0.143093,453,120,0.207367,docs/tmp/bottle-blank-investigation/center_offset_rerender/bottle/9e19dd321aa3a981a3f3d1e849328b57/back.png
bottle,9e19dd321aa3a981a3f3d1e849328b57,right,ok,0.108009,146,362,0.201614,docs/tmp/bottle-blank-investigation/center_offset_rerender/bottle/9e19dd321aa3a981a3f3d1e849328b57/right.png
bottle,9f135d1317cb12d9b6d26d7322e0a536,front,ok,0.355465,450,217,0.372505,docs/tmp/bottle-blank-investigation/center_offset_rerender/bottle/9f135d1317cb12d9b6d26d7322e0a536/front.png
bottle,9f135d1317cb12d9b6d26d7322e0a536,left,ok,0.322590,308,381,0.447647,docs/tmp/bottle-blank-investigation/center_offset_rerender/bottle/9f135d1317cb12d9b6d26d7322e0a536/left.png
bottle,9f135d1317cb12d9b6d26d7322e0a536,back,ok,0.354305,450,217,0.372505,docs/tmp/bottle-blank-investigation/center_offset_rerender/bottle/9f135d1317cb12d9b6d26d7322e0a536/back.png
bottle,9f135d1317cb12d9b6d26d7322e0a536,right,ok,0.288231,308,381,0.447647,docs/tmp/bottle-blank-investigation/center_offset_rerender/bottle/9f135d1317cb12d9b6d26d7322e0a536/right.png
bottle,9fbe7005179043cc01a3994afe3f6bea,front,ok,0.186096,458,126,0.220139,docs/tmp/bottle-blank-investigation/center_offset_rerender/bottle/9fbe7005179043cc01a3994afe3f6bea/front.png
bottle,9fbe7005179043cc01a3994afe3f6bea,left,ok,0.177368,188,338,0.242401,docs/tmp/bottle-blank-investigation/center_offset_rerender/bottle/9fbe7005179043cc01a3994afe3f6bea/left.png
bottle,9fbe7005179043cc01a3994afe3f6bea,back,ok,0.186687,458,126,0.220139,docs/tmp/bottle-blank-investigation/center_offset_rerender/bottle/9fbe7005179043cc01a3994afe3f6bea/back.png
bottle,9fbe7005179043cc01a3994afe3f6bea,right,ok,0.129536,138,340,0.178986,docs/tmp/bottle-blank-investigation/center_offset_rerender/bottle/9fbe7005179043cc01a3994afe3f6bea/right.png
bottle,a038f66aab0ebe51b4c2e1e4010552bc,front,ok,0.354828,450,217,0.372505,docs/tmp/bottle-blank-investigation/center_offset_rerender/bottle/a038f66aab0ebe51b4c2e1e4010552bc/front.png
bottle,a038f66aab0ebe51b4c2e1e4010552bc,left,ok,0.321785,307,381,0.446194,docs/tmp/bottle-blank-investigation/center_offset_rerender/bottle/a038f66aab0ebe51b4c2e1e4010552bc/left.png
bottle,a038f66aab0ebe51b4c2e1e4010552bc,back,ok,0.354065,450,217,0.372505,docs/tmp/bottle-blank-investigation/center_offset_rerender/bottle/a038f66aab0ebe51b4c2e1e4010552bc/back.png
bottle,a038f66aab0ebe51b4c2e1e4010552bc,right,ok,0.318882,307,381,0.446194,docs/tmp/bottle-blank-investigation/center_offset_rerender/bottle/a038f66aab0ebe51b4c2e1e4010552bc/right.png
bottle,a1d07ea9f81bfaefbd07acff198d96c8,front,ok,0.172081,308,160,0.187988,docs/tmp/bottle-blank-investigation/center_offset_rerender/bottle/a1d07ea9f81bfaefbd07acff198d96c8/front.png
bottle,a1d07ea9f81bfaefbd07acff198d96c8,left,ok,0.101921,416,288,0.457031,docs/tmp/bottle-blank-investigation/center_offset_rerender/bottle/a1d07ea9f81bfaefbd07acff198d96c8/left.png
bottle,a1d07ea9f81bfaefbd07acff198d96c8,back,ok,0.075890,207,371,0.292957,docs/tmp/bottle-blank-investigation/center_offset_rerender/bottle/a1d07ea9f81bfaefbd07acff198d96c8/back.png
bottle,a1d07ea9f81bfaefbd07acff198d96c8,right,ok,0.095306,369,197,0.277302,docs/tmp/bottle-blank-investigation/center_offset_rerender/bottle/a1d07ea9f81bfaefbd07acff198d96c8/right.png
bottle,a1da3822b6a63d98e3e6963b1e584b45,front,ok,0.434841,485,274,0.506935,docs/tmp/bottle-blank-investigation/center_offset_rerender/bottle/a1da3822b6a63d98e3e6963b1e584b45/front.png
bottle,a1da3822b6a63d98e3e6963b1e584b45,left,ok,0.407017,354,379,0.511803,docs/tmp/bottle-blank-investigation/center_offset_rerender/bottle/a1da3822b6a63d98e3e6963b1e584b45/left.png
bottle,a1da3822b6a63d98e3e6963b1e584b45,back,ok,0.428955,473,274,0.494392,docs/tmp/bottle-blank-investigation/center_offset_rerender/bottle/a1da3822b6a63d98e3e6963b1e584b45/back.png
bottle,a1da3822b6a63d98e3e6963b1e584b45,right,ok,0.352108,324,352,0.435059,docs/tmp/bottle-blank-investigation/center_offset_rerender/bottle/a1da3822b6a63d98e3e6963b1e584b45/right.png
bottle,a293762bf3ed6231309f30d2ffaa357a,front,ok,0.376999,414,254,0.401138,docs/tmp/bottle-blank-investigation/center_offset_rerender/bottle/a293762bf3ed6231309f30d2ffaa357a/front.png
bottle,a293762bf3ed6231309f30d2ffaa357a,left,ok,0.276398,250,402,0.383377,docs/tmp/bottle-blank-investigation/center_offset_rerender/bottle/a293762bf3ed6231309f30d2ffaa357a/left.png
bottle,a293762bf3ed6231309f30d2ffaa357a,back,ok,0.377441,414,254,0.401138,docs/tmp/bottle-blank-investigation/center_offset_rerender/bottle/a293762bf3ed6231309f30d2ffaa357a/back.png
bottle,a293762bf3ed6231309f30d2ffaa357a,right,ok,0.293320,260,411,0.407639,docs/tmp/bottle-blank-investigation/center_offset_rerender/bottle/a293762bf3ed6231309f30d2ffaa357a/right.png
bottle,a2f041322a1b012cbd3585533cf7f333,front,ok,0.182243,407,178,0.276360,docs/tmp/bottle-blank-investigation/center_offset_rerender/bottle/a2f041322a1b012cbd3585533cf7f333/front.png
bottle,a2f041322a1b012cbd3585533cf7f333,left,ok,0.208977,276,306,0.322174,docs/tmp/bottle-blank-investigation/center_offset_rerender/bottle/a2f041322a1b012cbd3585533cf7f333/left.png
bottle,a2f041322a1b012cbd3585533cf7f333,back,ok,0.182613,407,178,0.276360,docs/tmp/bottle-blank-investigation/center_offset_rerender/bottle/a2f041322a1b012cbd3585533cf7f333/back.png
bottle,a2f041322a1b012cbd3585533cf7f333,right,ok,0.155270,197,314,0.235970,docs/tmp/bottle-blank-investigation/center_offset_rerender/bottle/a2f041322a1b012cbd3585533cf7f333/right.png
bottle,a2ff06b037a299f22d7523c540770261,front,ok,0.253304,401,211,0.322765,docs/tmp/bottle-blank-investigation/center_offset_rerender/bottle/a2ff06b037a299f22d7523c540770261/front.png
bottle,a2ff06b037a299f22d7523c540770261,left,ok,0.219498,236,329,0.296188,docs/tmp/bottle-blank-investigation/center_offset_rerender/bottle/a2ff06b037a299f22d7523c540770261/left.png
bottle,a2ff06b037a299f22d7523c540770261,back,ok,0.252899,401,211,0.322765,docs/tmp/bottle-blank-investigation/center_offset_rerender/bottle/a2ff06b037a299f22d7523c540770261/back.png
bottle,a2ff06b037a299f22d7523c540770261,right,ok,0.175861,194,319,0.236076,docs/tmp/bottle-blank-investigation/center_offset_rerender/bottle/a2ff06b037a299f22d7523c540770261/right.png
bottle,a352e1fcae7c13a293c58a1c9494d083,front,ok,0.185215,468,121,0.216019,docs/tmp/bottle-blank-investigation/center_offset_rerender/bottle/a352e1fcae7c13a293c58a1c9494d083/front.png
bottle,a352e1fcae7c13a293c58a1c9494d083,left,ok,0.177795,188,351,0.251724,docs/tmp/bottle-blank-investigation/center_offset_rerender/bottle/a352e1fcae7c13a293c58a1c9494d083/left.png
bottle,a352e1fcae7c13a293c58a1c9494d083,back,ok,0.185295,468,121,0.216019,docs/tmp/bottle-blank-investigation/center_offset_rerender/bottle/a352e1fcae7c13a293c58a1c9494d083/back.png
bottle,a352e1fcae7c13a293c58a1c9494d083,right,ok,0.134014,126,349,0.167747,docs/tmp/bottle-blank-investigation/center_offset_rerender/bottle/a352e1fcae7c13a293c58a1c9494d083/right.png
bottle,a39577f3cab8f003c17f2eab8a074dd2,front,ok,0.294842,480,175,0.320435,docs/tmp/bottle-blank-investigation/center_offset_rerender/bottle/a39577f3cab8f003c17f2eab8a074dd2/front.png
bottle,a39577f3cab8f003c17f2eab8a074dd2,left,ok,0.291851,298,369,0.419472,docs/tmp/bottle-blank-investigation/center_offset_rerender/bottle/a39577f3cab8f003c17f2eab8a074dd2/left.png
bottle,a39577f3cab8f003c17f2eab8a074dd2,back,ok,0.294834,480,175,0.320435,docs/tmp/bottle-blank-investigation/center_offset_rerender/bottle/a39577f3cab8f003c17f2eab8a074dd2/back.png
bottle,a39577f3cab8f003c17f2eab8a074dd2,right,ok,0.291851,300,369,0.422287,docs/tmp/bottle-blank-investigation/center_offset_rerender/bottle/a39577f3cab8f003c17f2eab8a074dd2/right.png
bottle,a4ba5603d0828dca9b02307e2ae66d3a,front,ok,0.176804,464,102,0.180542,docs/tmp/bottle-blank-investigation/center_offset_rerender/bottle/a4ba5603d0828dca9b02307e2ae66d3a/front.png
bottle,a4ba5603d0828dca9b02307e2ae66d3a,left,ok,0.139149,153,365,0.213032,docs/tmp/bottle-blank-investigation/center_offset_rerender/bottle/a4ba5603d0828dca9b02307e2ae66d3a/left.png
bottle,a4ba5603d0828dca9b02307e2ae66d3a,back,ok,0.138405,487,102,0.189491,docs/tmp/bottle-blank-investigation/center_offset_rerender/bottle/a4ba5603d0828dca9b02307e2ae66d3a/back.png
bottle,a4ba5603d0828dca9b02307e2ae66d3a,right,ok,0.107819,104,365,0.144806,docs/tmp/bottle-blank-investigation/center_offset_rerender/bottle/a4ba5603d0828dca9b02307e2ae66d3a/right.png
bottle,a627b24b71e87ebea3a54133082c5f07,front,ok,0.176804,464,102,0.180542,docs/tmp/bottle-blank-investigation/center_offset_rerender/bottle/a627b24b71e87ebea3a54133082c5f07/front.png
bottle,a627b24b71e87ebea3a54133082c5f07,left,ok,0.139149,153,365,0.213032,docs/tmp/bottle-blank-investigation/center_offset_rerender/bottle/a627b24b71e87ebea3a54133082c5f07/left.png
bottle,a627b24b71e87ebea3a54133082c5f07,back,ok,0.138401,487,102,0.189491,docs/tmp/bottle-blank-investigation/center_offset_rerender/bottle/a627b24b71e87ebea3a54133082c5f07/back.png
bottle,a627b24b71e87ebea3a54133082c5f07,right,ok,0.107819,104,365,0.144806,docs/tmp/bottle-blank-investigation/center_offset_rerender/bottle/a627b24b71e87ebea3a54133082c5f07/right.png
bottle,a9e5cc0c823d49a4464af1cba8ccc83b,front,ok,0.434841,485,274,0.506935,docs/tmp/bottle-blank-investigation/center_offset_rerender/bottle/a9e5cc0c823d49a4464af1cba8ccc83b/front.png
bottle,a9e5cc0c823d49a4464af1cba8ccc83b,left,ok,0.407013,354,379,0.511803,docs/tmp/bottle-blank-investigation/center_offset_rerender/bottle/a9e5cc0c823d49a4464af1cba8ccc83b/left.png
bottle,a9e5cc0c823d49a4464af1cba8ccc83b,back,ok,0.428955,473,274,0.494392,docs/tmp/bottle-blank-investigation/center_offset_rerender/bottle/a9e5cc0c823d49a4464af1cba8ccc83b/back.png
bottle,a9e5cc0c823d49a4464af1cba8ccc83b,right,ok,0.352100,324,352,0.435059,docs/tmp/bottle-blank-investigation/center_offset_rerender/bottle/a9e5cc0c823d49a4464af1cba8ccc83b/right.png
bottle,aab77c3ce0425e1f3d784b98fc837ee4,front,ok,0.356075,450,217,0.372505,docs/tmp/bottle-blank-investigation/center_offset_rerender/bottle/aab77c3ce0425e1f3d784b98fc837ee4/front.png
bottle,aab77c3ce0425e1f3d784b98fc837ee4,left,ok,0.322910,308,381,0.447647,docs/tmp/bottle-blank-investigation/center_offset_rerender/bottle/aab77c3ce0425e1f3d784b98fc837ee4/left.png
bottle,aab77c3ce0425e1f3d784b98fc837ee4,back,ok,0.356228,450,217,0.372505,docs/tmp/bottle-blank-investigation/center_offset_rerender/bottle/aab77c3ce0425e1f3d784b98fc837ee4/back.png
bottle,aab77c3ce0425e1f3d784b98fc837ee4,right,ok,0.320614,308,381,0.447647,docs/tmp/bottle-blank-investigation/center_offset_rerender/bottle/aab77c3ce0425e1f3d784b98fc837ee4/right.png
bottle,aab8c1901434b1386710340c0ebb8116,front,ok,0.434841,485,274,0.506935,docs/tmp/bottle-blank-investigation/center_offset_rerender/bottle/aab8c1901434b1386710340c0ebb8116/front.png
bottle,aab8c1901434b1386710340c0ebb8116,left,ok,0.407013,354,379,0.511803,docs/tmp/bottle-blank-investigation/center_offset_rerender/bottle/aab8c1901434b1386710340c0ebb8116/left.png
bottle,aab8c1901434b1386710340c0ebb8116,back,ok,0.428959,473,274,0.494392,docs/tmp/bottle-blank-investigation/center_offset_rerender/bottle/aab8c1901434b1386710340c0ebb8116/back.png
bottle,aab8c1901434b1386710340c0ebb8116,right,ok,0.352112,324,352,0.435059,docs/tmp/bottle-blank-investigation/center_offset_rerender/bottle/aab8c1901434b1386710340c0ebb8116/right.png
bottle,aba7553eed6ab7e03e3fd156594e9f9a,front,ok,0.163151,464,120,0.212402,docs/tmp/bottle-blank-investigation/center_offset_rerender/bottle/aba7553eed6ab7e03e3fd156594e9f9a/front.png
bottle,aba7553eed6ab7e03e3fd156594e9f9a,left,ok,0.159351,172,350,0.229645,docs/tmp/bottle-blank-investigation/center_offset_rerender/bottle/aba7553eed6ab7e03e3fd156594e9f9a/left.png
bottle,aba7553eed6ab7e03e3fd156594e9f9a,back,ok,0.162216,464,120,0.212402,docs/tmp/bottle-blank-investigation/center_offset_rerender/bottle/aba7553eed6ab7e03e3fd156594e9f9a/back.png
bottle,aba7553eed6ab7e03e3fd156594e9f9a,right,ok,0.101635,118,349,0.157097,docs/tmp/bottle-blank-investigation/center_offset_rerender/bottle/aba7553eed6ab7e03e3fd156594e9f9a/right.png
bottle,ad84934ce7809f3e4b8e7b75842d4d3f,front,ok,0.152161,474,108,0.195282,docs/tmp/bottle-blank-investigation/center_offset_rerender/bottle/ad84934ce7809f3e4b8e7b75842d4d3f/front.png
bottle,ad84934ce7809f3e4b8e7b75842d4d3f,left,ok,0.159248,173,354,0.233620,docs/tmp/bottle-blank-investigation/center_offset_rerender/bottle/ad84934ce7809f3e4b8e7b75842d4d3f/left.png
bottle,ad84934ce7809f3e4b8e7b75842d4d3f,back,ok,0.154793,475,106,0.192070,docs/tmp/bottle-blank-investigation/center_offset_rerender/bottle/ad84934ce7809f3e4b8e7b75842d4d3f/back.png
bottle,ad84934ce7809f3e4b8e7b75842d4d3f,right,ok,0.106251,117,350,0.156212,docs/tmp/bottle-blank-investigation/center_offset_rerender/bottle/ad84934ce7809f3e4b8e7b75842d4d3f/right.png
bottle,adc2f8ec0c7a9a46f839a1d1c4bba73c,front,ok,0.179211,460,121,0.212326,docs/tmp/bottle-blank-investigation/center_offset_rerender/bottle/adc2f8ec0c7a9a46f839a1d1c4bba73c/front.png
bottle,adc2f8ec0c7a9a46f839a1d1c4bba73c,left,ok,0.177750,192,336,0.246094,docs/tmp/bottle-blank-investigation/center_offset_rerender/bottle/adc2f8ec0c7a9a46f839a1d1c4bba73c/left.png
bottle,adc2f8ec0c7a9a46f839a1d1c4bba73c,back,ok,0.179501,460,121,0.212326,docs/tmp/bottle-blank-investigation/center_offset_rerender/bottle/adc2f8ec0c7a9a46f839a1d1c4bba73c/back.png
bottle,adc2f8ec0c7a9a46f839a1d1c4bba73c,right,ok,0.130013,140,337,0.179977,docs/tmp/bottle-blank-investigation/center_offset_rerender/bottle/adc2f8ec0c7a9a46f839a1d1c4bba73c/right.png
bottle,ae9b5acac10e7fc7c6cd8bc631ebbe3c,front,ok,0.163151,464,120,0.212402,docs/tmp/bottle-blank-investigation/center_offset_rerender/bottle/ae9b5acac10e7fc7c6cd8bc631ebbe3c/front.png
bottle,ae9b5acac10e7fc7c6cd8bc631ebbe3c,left,ok,0.159351,172,350,0.229645,docs/tmp/bottle-blank-investigation/center_offset_rerender/bottle/ae9b5acac10e7fc7c6cd8bc631ebbe3c/left.png
bottle,ae9b5acac10e7fc7c6cd8bc631ebbe3c,back,ok,0.162220,464,120,0.212402,docs/tmp/bottle-blank-investigation/center_offset_rerender/bottle/ae9b5acac10e7fc7c6cd8bc631ebbe3c/back.png
bottle,ae9b5acac10e7fc7c6cd8bc631ebbe3c,right,ok,0.101635,118,349,0.157097,docs/tmp/bottle-blank-investigation/center_offset_rerender/bottle/ae9b5acac10e7fc7c6cd8bc631ebbe3c/right.png
bottle,aecd28c63733453f912997af3312aad8,front,ok,0.177601,470,115,0.206184,docs/tmp/bottle-blank-investigation/center_offset_rerender/bottle/aecd28c63733453f912997af3312aad8/front.png
bottle,aecd28c63733453f912997af3312aad8,left,ok,0.178104,190,348,0.252228,docs/tmp/bottle-blank-investigation/center_offset_rerender/bottle/aecd28c63733453f912997af3312aad8/left.png
bottle,aecd28c63733453f912997af3312aad8,back,ok,0.177589,470,115,0.206184,docs/tmp/bottle-blank-investigation/center_offset_rerender/bottle/aecd28c63733453f912997af3312aad8/back.png
bottle,aecd28c63733453f912997af3312aad8,right,ok,0.134476,128,347,0.169434,docs/tmp/bottle-blank-investigation/center_offset_rerender/bottle/aecd28c63733453f912997af3312aad8/right.png
bottle,af6b80064345fae079b4a30d0d9aabcb,front,ok,0.177586,470,115,0.206184,docs/tmp/bottle-blank-investigation/center_offset_rerender/bottle/af6b80064345fae079b4a30d0d9aabcb/front.png
bottle,af6b80064345fae079b4a30d0d9aabcb,left,ok,0.178104,190,348,0.252228,docs/tmp/bottle-blank-investigation/center_offset_rerender/bottle/af6b80064345fae079b4a30d0d9aabcb/left.png
bottle,af6b80064345fae079b4a30d0d9aabcb,back,ok,0.177589,470,115,0.206184,docs/tmp/bottle-blank-investigation/center_offset_rerender/bottle/af6b80064345fae079b4a30d0d9aabcb/back.png
bottle,af6b80064345fae079b4a30d0d9aabcb,right,ok,0.134476,128,347,0.169434,docs/tmp/bottle-blank-investigation/center_offset_rerender/bottle/af6b80064345fae079b4a30d0d9aabcb/right.png
bottle,afb689a00ba6040f0db8592679bfe8ae,front,ok,0.177586,470,115,0.206184,docs/tmp/bottle-blank-investigation/center_offset_rerender/bottle/afb689a00ba6040f0db8592679bfe8ae/front.png
bottle,afb689a00ba6040f0db8592679bfe8ae,left,ok,0.178104,190,348,0.252228,docs/tmp/bottle-blank-investigation/center_offset_rerender/bottle/afb689a00ba6040f0db8592679bfe8ae/left.png
bottle,afb689a00ba6040f0db8592679bfe8ae,back,ok,0.177586,470,115,0.206184,docs/tmp/bottle-blank-investigation/center_offset_rerender/bottle/afb689a00ba6040f0db8592679bfe8ae/back.png
bottle,afb689a00ba6040f0db8592679bfe8ae,right,ok,0.134476,128,347,0.169434,docs/tmp/bottle-blank-investigation/center_offset_rerender/bottle/afb689a00ba6040f0db8592679bfe8ae/right.png
bottle,b1a8b6c94f0d0c8f90caae8077ed0467,front,ok,0.346718,450,217,0.372505,docs/tmp/bottle-blank-investigation/center_offset_rerender/bottle/b1a8b6c94f0d0c8f90caae8077ed0467/front.png
bottle,b1a8b6c94f0d0c8f90caae8077ed0467,left,ok,0.319534,307,381,0.446194,docs/tmp/bottle-blank-investigation/center_offset_rerender/bottle/b1a8b6c94f0d0c8f90caae8077ed0467/left.png
bottle,b1a8b6c94f0d0c8f90caae8077ed0467,back,ok,0.346256,450,217,0.372505,docs/tmp/bottle-blank-investigation/center_offset_rerender/bottle/b1a8b6c94f0d0c8f90caae8077ed0467/back.png
bottle,b1a8b6c94f0d0c8f90caae8077ed0467,right,ok,0.316608,307,381,0.446194,docs/tmp/bottle-blank-investigation/center_offset_rerender/bottle/b1a8b6c94f0d0c8f90caae8077ed0467/right.png
bottle,b1c8ddd914cab96e012ac88de8d104df,front,ok,0.177578,470,115,0.206184,docs/tmp/bottle-blank-investigation/center_offset_rerender/bottle/b1c8ddd914cab96e012ac88de8d104df/front.png
bottle,b1c8ddd914cab96e012ac88de8d104df,left,ok,0.178104,190,348,0.252228,docs/tmp/bottle-blank-investigation/center_offset_rerender/bottle/b1c8ddd914cab96e012ac88de8d104df/left.png
bottle,b1c8ddd914cab96e012ac88de8d104df,back,ok,0.177582,470,115,0.206184,docs/tmp/bottle-blank-investigation/center_offset_rerender/bottle/b1c8ddd914cab96e012ac88de8d104df/back.png
bottle,b1c8ddd914cab96e012ac88de8d104df,right,ok,0.134476,128,347,0.169434,docs/tmp/bottle-blank-investigation/center_offset_rerender/bottle/b1c8ddd914cab96e012ac88de8d104df/right.png
bottle,b1e43d1291312df0aee19f73e59a1581,front,ok,0.168285,455,120,0.208282,docs/tmp/bottle-blank-investigation/center_offset_rerender/bottle/b1e43d1291312df0aee19f73e59a1581/front.png
bottle,b1e43d1291312df0aee19f73e59a1581,left,ok,0.135433,146,339,0.188805,docs/tmp/bottle-blank-investigation/center_offset_rerender/bottle/b1e43d1291312df0aee19f73e59a1581/left.png
bottle,b1e43d1291312df0aee19f73e59a1581,back,ok,0.168770,457,120,0.209198,docs/tmp/bottle-blank-investigation/center_offset_rerender/bottle/b1e43d1291312df0aee19f73e59a1581/back.png
bottle,b1e43d1291312df0aee19f73e59a1581,right,ok,0.110447,118,342,0.153946,docs/tmp/bottle-blank-investigation/center_offset_rerender/bottle/b1e43d1291312df0aee19f73e59a1581/right.png
bottle,b21a67cd9257f1facf8a05a4c9cf06af,front,ok,0.183266,446,135,0.229683,docs/tmp/bottle-blank-investigation/center_offset_rerender/bottle/b21a67cd9257f1facf8a05a4c9cf06af/front.png
bottle,b21a67cd9257f1facf8a05a4c9cf06af,left,ok,0.150867,162,332,0.205170,docs/tmp/bottle-blank-investigation/center_offset_rerender/bottle/b21a67cd9257f1facf8a05a4c9cf06af/left.png
bottle,b21a67cd9257f1facf8a05a4c9cf06af,back,ok,0.183800,449,135,0.231228,docs/tmp/bottle-blank-investigation/center_offset_rerender/bottle/b21a67cd9257f1facf8a05a4c9cf06af/back.png
bottle,b21a67cd9257f1facf8a05a4c9cf06af,right,ok,0.117069,134,336,0.171753,docs/tmp/bottle-blank-investigation/center_offset_rerender/bottle/b21a67cd9257f1facf8a05a4c9cf06af/right.png
bottle,b31f65a4beacaa18376d5917f4e260c8,front,ok,0.344360,450,217,0.372505,docs/tmp/bottle-blank-investigation/center_offset_rerender/bottle/b31f65a4beacaa18376d5917f4e260c8/front.png
bottle,b31f65a4beacaa18376d5917f4e260c8,left,ok,0.321857,307,381,0.446194,docs/tmp/bottle-blank-investigation/center_offset_rerender/bottle/b31f65a4beacaa18376d5917f4e260c8/left.png
bottle,b31f65a4beacaa18376d5917f4e260c8,back,ok,0.345531,450,217,0.372505,docs/tmp/bottle-blank-investigation/center_offset_rerender/bottle/b31f65a4beacaa18376d5917f4e260c8/back.png
bottle,b31f65a4beacaa18376d5917f4e260c8,right,ok,0.319077,308,381,0.447647,docs/tmp/bottle-blank-investigation/center_offset_rerender/bottle/b31f65a4beacaa18376d5917f4e260c8/right.png
bottle,b37af42c2d5acb6ca5004b2ec7e0f425,front,ok,0.176804,464,102,0.180542,docs/tmp/bottle-blank-investigation/center_offset_rerender/bottle/b37af42c2d5acb6ca5004b2ec7e0f425/front.png
bottle,b37af42c2d5acb6ca5004b2ec7e0f425,left,ok,0.139149,153,365,0.213032,docs/tmp/bottle-blank-investigation/center_offset_rerender/bottle/b37af42c2d5acb6ca5004b2ec7e0f425/left.png
bottle,b37af42c2d5acb6ca5004b2ec7e0f425,back,ok,0.138405,487,102,0.189491,docs/tmp/bottle-blank-investigation/center_offset_rerender/bottle/b37af42c2d5acb6ca5004b2ec7e0f425/back.png
bottle,b37af42c2d5acb6ca5004b2ec7e0f425,right,ok,0.107819,104,365,0.144806,docs/tmp/bottle-blank-investigation/center_offset_rerender/bottle/b37af42c2d5acb6ca5004b2ec7e0f425/right.png
bottle,b4ca316a4545714e621e06aebab8650c,front,ok,0.192192,456,145,0.252228,docs/tmp/bottle-blank-investigation/center_offset_rerender/bottle/b4ca316a4545714e621e06aebab8650c/front.png
bottle,b4ca316a4545714e621e06aebab8650c,left,ok,0.197338,212,344,0.278198,docs/tmp/bottle-blank-investigation/center_offset_rerender/bottle/b4ca316a4545714e621e06aebab8650c/left.png
bottle,b4ca316a4545714e621e06aebab8650c,back,ok,0.191631,457,144,0.251038,docs/tmp/bottle-blank-investigation/center_offset_rerender/bottle/b4ca316a4545714e621e06aebab8650c/back.png
bottle,b4ca316a4545714e621e06aebab8650c,right,ok,0.113293,139,366,0.194069,docs/tmp/bottle-blank-investigation/center_offset_rerender/bottle/b4ca316a4545714e621e06aebab8650c/right.png
bottle,b628cbb4bd1d38c5becef4bb2f9ca798,front,ok,0.206512,365,222,0.309105,docs/tmp/bottle-blank-investigation/center_offset_rerender/bottle/b628cbb4bd1d38c5becef4bb2f9ca798/front.png
bottle,b628cbb4bd1d38c5becef4bb2f9ca798,left,ok,0.187294,234,275,0.245476,docs/tmp/bottle-blank-investigation/center_offset_rerender/bottle/b628cbb4bd1d38c5becef4bb2f9ca798/left.png
bottle,b628cbb4bd1d38c5becef4bb2f9ca798,back,ok,0.191097,365,222,0.309105,docs/tmp/bottle-blank-investigation/center_offset_rerender/bottle/b628cbb4bd1d38c5becef4bb2f9ca798/back.png
bottle,b628cbb4bd1d38c5becef4bb2f9ca798,right,ok,0.159779,204,297,0.231125,docs/tmp/bottle-blank-investigation/center_offset_rerender/bottle/b628cbb4bd1d38c5becef4bb2f9ca798/right.png
bottle,b6baebf367ab8452864ca90d79682503,front,ok,0.186100,458,126,0.220139,docs/tmp/bottle-blank-investigation/center_offset_rerender/bottle/b6baebf367ab8452864ca90d79682503/front.png
bottle,b6baebf367ab8452864ca90d79682503,left,ok,0.177361,188,338,0.242401,docs/tmp/bottle-blank-investigation/center_offset_rerender/bottle/b6baebf367ab8452864ca90d79682503/left.png
bottle,b6baebf367ab8452864ca90d79682503,back,ok,0.186684,458,126,0.220139,docs/tmp/bottle-blank-investigation/center_offset_rerender/bottle/b6baebf367ab8452864ca90d79682503/back.png
bottle,b6baebf367ab8452864ca90d79682503,right,ok,0.129536,138,340,0.178986,docs/tmp/bottle-blank-investigation/center_offset_rerender/bottle/b6baebf367ab8452864ca90d79682503/right.png
bottle,b744a18cb3cf9126e5b712e2b996e75f,front,ok,0.428520,474,274,0.495438,docs/tmp/bottle-blank-investigation/center_offset_rerender/bottle/b744a18cb3cf9126e5b712e2b996e75f/front.png
bottle,b744a18cb3cf9126e5b712e2b996e75f,left,ok,0.407013,354,379,0.511803,docs/tmp/bottle-blank-investigation/center_offset_rerender/bottle/b744a18cb3cf9126e5b712e2b996e75f/left.png
bottle,b744a18cb3cf9126e5b712e2b996e75f,back,ok,0.433033,474,274,0.495438,docs/tmp/bottle-blank-investigation/center_offset_rerender/bottle/b744a18cb3cf9126e5b712e2b996e75f/back.png
bottle,b744a18cb3cf9126e5b712e2b996e75f,right,ok,0.357044,324,370,0.457306,docs/tmp/bottle-blank-investigation/center_offset_rerender/bottle/b744a18cb3cf9126e5b712e2b996e75f/right.png
bottle,b7dec2f2a0e828df3daa7978c3772ac9,front,ok,0.245148,478,144,0.262573,docs/tmp/bottle-blank-investigation/center_offset_rerender/bottle/b7dec2f2a0e828df3daa7978c3772ac9/front.png
bottle,b7dec2f2a0e828df3daa7978c3772ac9,left,ok,0.218193,216,371,0.305695,docs/tmp/bottle-blank-investigation/center_offset_rerender/bottle/b7dec2f2a0e828df3daa7978c3772ac9/left.png
bottle,b7dec2f2a0e828df3daa7978c3772ac9,back,ok,0.245132,478,144,0.262573,docs/tmp/bottle-blank-investigation/center_offset_rerender/bottle/b7dec2f2a0e828df3daa7978c3772ac9/back.png
bottle,b7dec2f2a0e828df3daa7978c3772ac9,right,ok,0.219650,212,376,0.304077,docs/tmp/bottle-blank-investigation/center_offset_rerender/bottle/b7dec2f2a0e828df3daa7978c3772ac9/right.png
bottle,b8d646074dce8facb8f799c536576d14,front,ok,0.205296,440,154,0.258484,docs/tmp/bottle-blank-investigation/center_offset_rerender/bottle/b8d646074dce8facb8f799c536576d14/front.png
bottle,b8d646074dce8facb8f799c536576d14,left,ok,0.174610,186,332,0.235565,docs/tmp/bottle-blank-investigation/center_offset_rerender/bottle/b8d646074dce8facb8f799c536576d14/left.png
bottle,b8d646074dce8facb8f799c536576d14,back,ok,0.204941,437,154,0.256721,docs/tmp/bottle-blank-investigation/center_offset_rerender/bottle/b8d646074dce8facb8f799c536576d14/back.png
bottle,b8d646074dce8facb8f799c536576d14,right,ok,0.135456,154,334,0.196213,docs/tmp/bottle-blank-investigation/center_offset_rerender/bottle/b8d646074dce8facb8f799c536576d14/right.png
bottle,b914c236abc97068ad639647fd7d42a0,front,ok,0.152161,474,108,0.195282,docs/tmp/bottle-blank-investigation/center_offset_rerender/bottle/b914c236abc97068ad639647fd7d42a0/front.png
bottle,b914c236abc97068ad639647fd7d42a0,left,ok,0.159245,173,354,0.233620,docs/tmp/bottle-blank-investigation/center_offset_rerender/bottle/b914c236abc97068ad639647fd7d42a0/left.png
bottle,b914c236abc97068ad639647fd7d42a0,back,ok,0.154793,475,106,0.192070,docs/tmp/bottle-blank-investigation/center_offset_rerender/bottle/b914c236abc97068ad639647fd7d42a0/back.png
bottle,b914c236abc97068ad639647fd7d42a0,right,ok,0.106255,117,350,0.156212,docs/tmp/bottle-blank-investigation/center_offset_rerender/bottle/b914c236abc97068ad639647fd7d42a0/right.png
bottle,b9d176a61564300791d57edd64070b94,front,ok,0.176804,464,102,0.180542,docs/tmp/bottle-blank-investigation/center_offset_rerender/bottle/b9d176a61564300791d57edd64070b94/front.png
bottle,b9d176a61564300791d57edd64070b94,left,ok,0.139149,153,365,0.213032,docs/tmp/bottle-blank-investigation/center_offset_rerender/bottle/b9d176a61564300791d57edd64070b94/left.png
bottle,b9d176a61564300791d57edd64070b94,back,ok,0.138401,487,102,0.189491,docs/tmp/bottle-blank-investigation/center_offset_rerender/bottle/b9d176a61564300791d57edd64070b94/back.png
bottle,b9d176a61564300791d57edd64070b94,right,ok,0.107819,104,365,0.144806,docs/tmp/bottle-blank-investigation/center_offset_rerender/bottle/b9d176a61564300791d57edd64070b94/right.png
bottle,bacf5679ceedaeedc69485738fdf0aa5,front,ok,0.281059,387,279,0.411884,docs/tmp/bottle-blank-investigation/center_offset_rerender/bottle/bacf5679ceedaeedc69485738fdf0aa5/front.png
bottle,bacf5679ceedaeedc69485738fdf0aa5,left,ok,0.235531,433,281,0.464146,docs/tmp/bottle-blank-investigation/center_offset_rerender/bottle/bacf5679ceedaeedc69485738fdf0aa5/left.png
bottle,bacf5679ceedaeedc69485738fdf0aa5,back,ok,0.173103,332,280,0.354614,docs/tmp/bottle-blank-investigation/center_offset_rerender/bottle/bacf5679ceedaeedc69485738fdf0aa5/back.png
bottle,bacf5679ceedaeedc69485738fdf0aa5,right,ok,0.197575,349,289,0.384754,docs/tmp/bottle-blank-investigation/center_offset_rerender/bottle/bacf5679ceedaeedc69485738fdf0aa5/right.png
bottle,bbe22c098a9a6d0b39e9bd5b8eac0fbc,front,ok,0.428520,474,274,0.495438,docs/tmp/bottle-blank-investigation/center_offset_rerender/bottle/bbe22c098a9a6d0b39e9bd5b8eac0fbc/front.png
bottle,bbe22c098a9a6d0b39e9bd5b8eac0fbc,left,ok,0.407013,354,379,0.511803,docs/tmp/bottle-blank-investigation/center_offset_rerender/bottle/bbe22c098a9a6d0b39e9bd5b8eac0fbc/left.png
bottle,bbe22c098a9a6d0b39e9bd5b8eac0fbc,back,ok,0.433033,474,274,0.495438,docs/tmp/bottle-blank-investigation/center_offset_rerender/bottle/bbe22c098a9a6d0b39e9bd5b8eac0fbc/back.png
bottle,bbe22c098a9a6d0b39e9bd5b8eac0fbc,right,ok,0.357044,324,370,0.457306,docs/tmp/bottle-blank-investigation/center_offset_rerender/bottle/bbe22c098a9a6d0b39e9bd5b8eac0fbc/right.png
bottle,bceb42d8afdcc1c8102b083299e1592c,front,ok,0.168079,455,120,0.208282,docs/tmp/bottle-blank-investigation/center_offset_rerender/bottle/bceb42d8afdcc1c8102b083299e1592c/front.png
bottle,bceb42d8afdcc1c8102b083299e1592c,left,ok,0.135368,146,339,0.188805,docs/tmp/bottle-blank-investigation/center_offset_rerender/bottle/bceb42d8afdcc1c8102b083299e1592c/left.png
bottle,bceb42d8afdcc1c8102b083299e1592c,back,ok,0.168758,457,120,0.209198,docs/tmp/bottle-blank-investigation/center_offset_rerender/bottle/bceb42d8afdcc1c8102b083299e1592c/back.png
bottle,bceb42d8afdcc1c8102b083299e1592c,right,ok,0.110451,118,342,0.153946,docs/tmp/bottle-blank-investigation/center_offset_rerender/bottle/bceb42d8afdcc1c8102b083299e1592c/right.png
bottle,bcf3a0c22e35c9ee7f94454d3174fd70,front,ok,0.189697,373,220,0.313034,docs/tmp/bottle-blank-investigation/center_offset_rerender/bottle/bcf3a0c22e35c9ee7f94454d3174fd70/front.png
bottle,bcf3a0c22e35c9ee7f94454d3174fd70,left,ok,0.214443,280,280,0.299072,docs/tmp/bottle-blank-investigation/center_offset_rerender/bottle/bcf3a0c22e35c9ee7f94454d3174fd70/left.png
bottle,bcf3a0c22e35c9ee7f94454d3174fd70,back,ok,0.189842,373,220,0.313034,docs/tmp/bottle-blank-investigation/center_offset_rerender/bottle/bcf3a0c22e35c9ee7f94454d3174fd70/back.png
bottle,bcf3a0c22e35c9ee7f94454d3174fd70,right,ok,0.169800,232,296,0.261963,docs/tmp/bottle-blank-investigation/center_offset_rerender/bottle/bcf3a0c22e35c9ee7f94454d3174fd70/right.png
bottle,bd31a9c17a64cb525c89c74eecf122c6,front,ok,0.199745,460,117,0.205307,docs/tmp/bottle-blank-investigation/center_offset_rerender/bottle/bd31a9c17a64cb525c89c74eecf122c6/front.png
bottle,bd31a9c17a64cb525c89c74eecf122c6,left,ok,0.156178,172,368,0.241455,docs/tmp/bottle-blank-investigation/center_offset_rerender/bottle/bd31a9c17a64cb525c89c74eecf122c6/left.png
bottle,bd31a9c17a64cb525c89c74eecf122c6,back,ok,0.151173,487,116,0.215500,docs/tmp/bottle-blank-investigation/center_offset_rerender/bottle/bd31a9c17a64cb525c89c74eecf122c6/back.png
bottle,bd31a9c17a64cb525c89c74eecf122c6,right,ok,0.118046,114,370,0.160904,docs/tmp/bottle-blank-investigation/center_offset_rerender/bottle/bd31a9c17a64cb525c89c74eecf122c6/right.png
bottle,bd6026e60d5c1e4a09aaffb6b3d9871f,front,ok,0.434841,485,274,0.506935,docs/tmp/bottle-blank-investigation/center_offset_rerender/bottle/bd6026e60d5c1e4a09aaffb6b3d9871f/front.png
bottle,bd6026e60d5c1e4a09aaffb6b3d9871f,left,ok,0.407013,354,379,0.511803,docs/tmp/bottle-blank-investigation/center_offset_rerender/bottle/bd6026e60d5c1e4a09aaffb6b3d9871f/left.png
bottle,bd6026e60d5c1e4a09aaffb6b3d9871f,back,ok,0.428959,473,274,0.494392,docs/tmp/bottle-blank-investigation/center_offset_rerender/bottle/bd6026e60d5c1e4a09aaffb6b3d9871f/back.png
bottle,bd6026e60d5c1e4a09aaffb6b3d9871f,right,ok,0.352112,324,352,0.435059,docs/tmp/bottle-blank-investigation/center_offset_rerender/bottle/bd6026e60d5c1e4a09aaffb6b3d9871f/right.png
bottle,bd8437af8e6374a514840ca534325a15,front,ok,0.200096,431,186,0.305809,docs/tmp/bottle-blank-investigation/center_offset_rerender/bottle/bd8437af8e6374a514840ca534325a15/front.png
bottle,bd8437af8e6374a514840ca534325a15,left,ok,0.267807,296,320,0.361328,docs/tmp/bottle-blank-investigation/center_offset_rerender/bottle/bd8437af8e6374a514840ca534325a15/left.png
bottle,bd8437af8e6374a514840ca534325a15,back,ok,0.248852,431,186,0.305809,docs/tmp/bottle-blank-investigation/center_offset_rerender/bottle/bd8437af8e6374a514840ca534325a15/back.png
bottle,bd8437af8e6374a514840ca534325a15,right,ok,0.184540,224,326,0.278564,docs/tmp/bottle-blank-investigation/center_offset_rerender/bottle/bd8437af8e6374a514840ca534325a15/right.png
bottle,be1f342248eb26139e8f939747d786e9,front,ok,0.277016,441,181,0.304493,docs/tmp/bottle-blank-investigation/center_offset_rerender/bottle/be1f342248eb26139e8f939747d786e9/front.png
bottle,be1f342248eb26139e8f939747d786e9,left,ok,0.252151,256,370,0.361328,docs/tmp/bottle-blank-investigation/center_offset_rerender/bottle/be1f342248eb26139e8f939747d786e9/left.png
bottle,be1f342248eb26139e8f939747d786e9,back,ok,0.286568,431,242,0.397881,docs/tmp/bottle-blank-investigation/center_offset_rerender/bottle/be1f342248eb26139e8f939747d786e9/back.png
bottle,be1f342248eb26139e8f939747d786e9,right,ok,0.237213,223,356,0.302841,docs/tmp/bottle-blank-investigation/center_offset_rerender/bottle/be1f342248eb26139e8f939747d786e9/right.png
bottle,be87b38c13af25dec037464c72f33d0e,front,ok,0.188057,456,141,0.245270,docs/tmp/bottle-blank-investigation/center_offset_rerender/bottle/be87b38c13af25dec037464c72f33d0e/front.png
bottle,be87b38c13af25dec037464c72f33d0e,left,ok,0.166348,180,348,0.238953,docs/tmp/bottle-blank-investigation/center_offset_rerender/bottle/be87b38c13af25dec037464c72f33d0e/left.png
bottle,be87b38c13af25dec037464c72f33d0e,back,ok,0.183262,457,138,0.240578,docs/tmp/bottle-blank-investigation/center_offset_rerender/bottle/be87b38c13af25dec037464c72f33d0e/back.png
bottle,be87b38c13af25dec037464c72f33d0e,right,ok,0.108078,126,346,0.166306,docs/tmp/bottle-blank-investigation/center_offset_rerender/bottle/be87b38c13af25dec037464c72f33d0e/right.png
bottle,bf4d93798ee8524754b51caaf3d405fc,front,ok,0.176804,464,102,0.180542,docs/tmp/bottle-blank-investigation/center_offset_rerender/bottle/bf4d93798ee8524754b51caaf3d405fc/front.png
bottle,bf4d93798ee8524754b51caaf3d405fc,left,ok,0.139149,153,365,0.213032,docs/tmp/bottle-blank-investigation/center_offset_rerender/bottle/bf4d93798ee8524754b51caaf3d405fc/left.png
bottle,bf4d93798ee8524754b51caaf3d405fc,back,ok,0.138405,487,102,0.189491,docs/tmp/bottle-blank-investigation/center_offset_rerender/bottle/bf4d93798ee8524754b51caaf3d405fc/back.png
bottle,bf4d93798ee8524754b51caaf3d405fc,right,ok,0.107819,104,365,0.144806,docs/tmp/bottle-blank-investigation/center_offset_rerender/bottle/bf4d93798ee8524754b51caaf3d405fc/right.png
bottle,bf64d7703e5e0c14c2474279ecd58650,front,ok,0.168285,455,120,0.208282,docs/tmp/bottle-blank-investigation/center_offset_rerender/bottle/bf64d7703e5e0c14c2474279ecd58650/front.png
bottle,bf64d7703e5e0c14c2474279ecd58650,left,ok,0.135429,146,339,0.188805,docs/tmp/bottle-blank-investigation/center_offset_rerender/bottle/bf64d7703e5e0c14c2474279ecd58650/left.png
bottle,bf64d7703e5e0c14c2474279ecd58650,back,ok,0.168774,457,120,0.209198,docs/tmp/bottle-blank-investigation/center_offset_rerender/bottle/bf64d7703e5e0c14c2474279ecd58650/back.png
bottle,bf64d7703e5e0c14c2474279ecd58650,right,ok,0.110451,118,342,0.153946,docs/tmp/bottle-blank-investigation/center_offset_rerender/bottle/bf64d7703e5e0c14c2474279ecd58650/right.png
bottle,bfc4c3f5732d2a7286dd4944087bfc18,front,ok,0.177734,417,176,0.279968,docs/tmp/bottle-blank-investigation/center_offset_rerender/bottle/bfc4c3f5732d2a7286dd4944087bfc18/front.png
bottle,bfc4c3f5732d2a7286dd4944087bfc18,left,ok,0.178261,192,310,0.227051,docs/tmp/bottle-blank-investigation/center_offset_rerender/bottle/bfc4c3f5732d2a7286dd4944087bfc18/left.png
bottle,bfc4c3f5732d2a7286dd4944087bfc18,back,ok,0.178806,417,176,0.279968,docs/tmp/bottle-blank-investigation/center_offset_rerender/bottle/bfc4c3f5732d2a7286dd4944087bfc18/back.png
bottle,bfc4c3f5732d2a7286dd4944087bfc18,right,ok,0.122078,177,305,0.205936,docs/tmp/bottle-blank-investigation/center_offset_rerender/bottle/bfc4c3f5732d2a7286dd4944087bfc18/right.png
bottle,bfc98107109d3f000c42eab680625a0f,front,ok,0.176804,464,102,0.180542,docs/tmp/bottle-blank-investigation/center_offset_rerender/bottle/bfc98107109d3f000c42eab680625a0f/front.png
bottle,bfc98107109d3f000c42eab680625a0f,left,ok,0.139149,153,365,0.213032,docs/tmp/bottle-blank-investigation/center_offset_rerender/bottle/bfc98107109d3f000c42eab680625a0f/left.png
bottle,bfc98107109d3f000c42eab680625a0f,back,ok,0.138405,487,102,0.189491,docs/tmp/bottle-blank-investigation/center_offset_rerender/bottle/bfc98107109d3f000c42eab680625a0f/back.png
bottle,bfc98107109d3f000c42eab680625a0f,right,ok,0.107819,104,365,0.144806,docs/tmp/bottle-blank-investigation/center_offset_rerender/bottle/bfc98107109d3f000c42eab680625a0f/right.png
bottle,c03ea1d24baed867ed749b71b0676831,front,ok,0.434841,485,274,0.506935,docs/tmp/bottle-blank-investigation/center_offset_rerender/bottle/c03ea1d24baed867ed749b71b0676831/front.png
bottle,c03ea1d24baed867ed749b71b0676831,left,ok,0.407009,354,379,0.511803,docs/tmp/bottle-blank-investigation/center_offset_rerender/bottle/c03ea1d24baed867ed749b71b0676831/left.png
bottle,c03ea1d24baed867ed749b71b0676831,back,ok,0.428959,473,274,0.494392,docs/tmp/bottle-blank-investigation/center_offset_rerender/bottle/c03ea1d24baed867ed749b71b0676831/back.png
bottle,c03ea1d24baed867ed749b71b0676831,right,ok,0.352112,324,352,0.435059,docs/tmp/bottle-blank-investigation/center_offset_rerender/bottle/c03ea1d24baed867ed749b71b0676831/right.png
bottle,c0c9b329e8d7d329e4b2b99471cd7611,front,ok,0.372631,356,294,0.399261,docs/tmp/bottle-blank-investigation/center_offset_rerender/bottle/c0c9b329e8d7d329e4b2b99471cd7611/front.png
bottle,c0c9b329e8d7d329e4b2b99471cd7611,left,ok,0.298092,268,396,0.404846,docs/tmp/bottle-blank-investigation/center_offset_rerender/bottle/c0c9b329e8d7d329e4b2b99471cd7611/left.png
bottle,c0c9b329e8d7d329e4b2b99471cd7611,back,ok,0.373039,356,294,0.399261,docs/tmp/bottle-blank-investigation/center_offset_rerender/bottle/c0c9b329e8d7d329e4b2b99471cd7611/back.png
bottle,c0c9b329e8d7d329e4b2b99471cd7611,right,ok,0.317852,278,406,0.430557,docs/tmp/bottle-blank-investigation/center_offset_rerender/bottle/c0c9b329e8d7d329e4b2b99471cd7611/right.png
bottle,c0e874933133c185862601411bec2b2a,front,ok,0.177555,470,115,0.206184,docs/tmp/bottle-blank-investigation/center_offset_rerender/bottle/c0e874933133c185862601411bec2b2a/front.png
bottle,c0e874933133c185862601411bec2b2a,left,ok,0.178104,190,348,0.252228,docs/tmp/bottle-blank-investigation/center_offset_rerender/bottle/c0e874933133c185862601411bec2b2a/left.png
bottle,c0e874933133c185862601411bec2b2a,back,ok,0.177574,470,115,0.206184,docs/tmp/bottle-blank-investigation/center_offset_rerender/bottle/c0e874933133c185862601411bec2b2a/back.png
bottle,c0e874933133c185862601411bec2b2a,right,ok,0.134476,128,347,0.169434,docs/tmp/bottle-blank-investigation/center_offset_rerender/bottle/c0e874933133c185862601411bec2b2a/right.png
bottle,c0e88e3e4545b01e2618658e40e23de8,front,ok,0.172596,413,183,0.288311,docs/tmp/bottle-blank-investigation/center_offset_rerender/bottle/c0e88e3e4545b01e2618658e40e23de8/front.png
bottle,c0e88e3e4545b01e2618658e40e23de8,left,ok,0.199352,240,318,0.291138,docs/tmp/bottle-blank-investigation/center_offset_rerender/bottle/c0e88e3e4545b01e2618658e40e23de8/left.png
bottle,c0e88e3e4545b01e2618658e40e23de8,back,ok,0.171188,416,183,0.290405,docs/tmp/bottle-blank-investigation/center_offset_rerender/bottle/c0e88e3e4545b01e2618658e40e23de8/back.png
bottle,c0e88e3e4545b01e2618658e40e23de8,right,ok,0.130726,153,336,0.196106,docs/tmp/bottle-blank-investigation/center_offset_rerender/bottle/c0e88e3e4545b01e2618658e40e23de8/right.png
bottle,c16e4587895e9309abdb55344317e7cb,front,ok,0.319225,459,196,0.343185,docs/tmp/bottle-blank-investigation/center_offset_rerender/bottle/c16e4587895e9309abdb55344317e7cb/front.png
bottle,c16e4587895e9309abdb55344317e7cb,left,ok,0.284950,279,377,0.401241,docs/tmp/bottle-blank-investigation/center_offset_rerender/bottle/c16e4587895e9309abdb55344317e7cb/left.png
bottle,c16e4587895e9309abdb55344317e7cb,back,ok,0.319206,459,196,0.343185,docs/tmp/bottle-blank-investigation/center_offset_rerender/bottle/c16e4587895e9309abdb55344317e7cb/back.png
bottle,c16e4587895e9309abdb55344317e7cb,right,ok,0.289150,278,382,0.405106,docs/tmp/bottle-blank-investigation/center_offset_rerender/bottle/c16e4587895e9309abdb55344317e7cb/right.png
bottle,c18e685df3b71a2ce1a659d22480c833,front,ok,0.189629,451,138,0.237419,docs/tmp/bottle-blank-investigation/center_offset_rerender/bottle/c18e685df3b71a2ce1a659d22480c833/front.png
bottle,c18e685df3b71a2ce1a659d22480c833,left,ok,0.157162,170,337,0.218544,docs/tmp/bottle-blank-investigation/center_offset_rerender/bottle/c18e685df3b71a2ce1a659d22480c833/left.png
bottle,c18e685df3b71a2ce1a659d22480c833,back,ok,0.189922,448,138,0.235840,docs/tmp/bottle-blank-investigation/center_offset_rerender/bottle/c18e685df3b71a2ce1a659d22480c833/back.png
bottle,c18e685df3b71a2ce1a659d22480c833,right,ok,0.128685,136,343,0.177948,docs/tmp/bottle-blank-investigation/center_offset_rerender/bottle/c18e685df3b71a2ce1a659d22480c833/right.png
bottle,c3c0f2d0cd948b17a9bb1a583bb7c19d,front,ok,0.161041,459,151,0.264393,docs/tmp/bottle-blank-investigation/center_offset_rerender/bottle/c3c0f2d0cd948b17a9bb1a583bb7c19d/front.png
bottle,c3c0f2d0cd948b17a9bb1a583bb7c19d,left,ok,0.146332,232,344,0.304443,docs/tmp/bottle-blank-investigation/center_offset_rerender/bottle/c3c0f2d0cd948b17a9bb1a583bb7c19d/left.png
bottle,c3c0f2d0cd948b17a9bb1a583bb7c19d,back,ok,0.101349,454,164,0.284027,docs/tmp/bottle-blank-investigation/center_offset_rerender/bottle/c3c0f2d0cd948b17a9bb1a583bb7c19d/back.png
bottle,c3c0f2d0cd948b17a9bb1a583bb7c19d,right,ok,0.099010,167,346,0.220421,docs/tmp/bottle-blank-investigation/center_offset_rerender/bottle/c3c0f2d0cd948b17a9bb1a583bb7c19d/right.png
bottle,c5445b963e72e5ab6fc5f55fb5e345b7,front,ok,0.434841,485,274,0.506935,docs/tmp/bottle-blank-investigation/center_offset_rerender/bottle/c5445b963e72e5ab6fc5f55fb5e345b7/front.png
bottle,c5445b963e72e5ab6fc5f55fb5e345b7,left,ok,0.407017,354,379,0.511803,docs/tmp/bottle-blank-investigation/center_offset_rerender/bottle/c5445b963e72e5ab6fc5f55fb5e345b7/left.png
bottle,c5445b963e72e5ab6fc5f55fb5e345b7,back,ok,0.428955,473,274,0.494392,docs/tmp/bottle-blank-investigation/center_offset_rerender/bottle/c5445b963e72e5ab6fc5f55fb5e345b7/back.png
bottle,c5445b963e72e5ab6fc5f55fb5e345b7,right,ok,0.352108,324,352,0.435059,docs/tmp/bottle-blank-investigation/center_offset_rerender/bottle/c5445b963e72e5ab6fc5f55fb5e345b7/right.png
bottle,c651a5519a4ece91374e2c6c3275c4ef,front,ok,0.179459,463,103,0.181919,docs/tmp/bottle-blank-investigation/center_offset_rerender/bottle/c651a5519a4ece91374e2c6c3275c4ef/front.png
bottle,c651a5519a4ece91374e2c6c3275c4ef,left,ok,0.141159,155,367,0.216999,docs/tmp/bottle-blank-investigation/center_offset_rerender/bottle/c651a5519a4ece91374e2c6c3275c4ef/left.png
bottle,c651a5519a4ece91374e2c6c3275c4ef,back,ok,0.144444,487,103,0.191349,docs/tmp/bottle-blank-investigation/center_offset_rerender/bottle/c651a5519a4ece91374e2c6c3275c4ef/back.png
bottle,c651a5519a4ece91374e2c6c3275c4ef,right,ok,0.103386,93,368,0.130554,docs/tmp/bottle-blank-investigation/center_offset_rerender/bottle/c651a5519a4ece91374e2c6c3275c4ef/right.png
bottle,c683383711755be544a9ff5d94a103ca,front,ok,0.176804,464,102,0.180542,docs/tmp/bottle-blank-investigation/center_offset_rerender/bottle/c683383711755be544a9ff5d94a103ca/front.png
bottle,c683383711755be544a9ff5d94a103ca,left,ok,0.139149,153,365,0.213032,docs/tmp/bottle-blank-investigation/center_offset_rerender/bottle/c683383711755be544a9ff5d94a103ca/left.png
bottle,c683383711755be544a9ff5d94a103ca,back,ok,0.138405,487,102,0.189491,docs/tmp/bottle-blank-investigation/center_offset_rerender/bottle/c683383711755be544a9ff5d94a103ca/back.png
bottle,c683383711755be544a9ff5d94a103ca,right,ok,0.107819,104,365,0.144806,docs/tmp/bottle-blank-investigation/center_offset_rerender/bottle/c683383711755be544a9ff5d94a103ca/right.png
bottle,c82e9fa29d8cd93dcbd771bdebd0c214,front,ok,0.349907,406,248,0.384094,docs/tmp/bottle-blank-investigation/center_offset_rerender/bottle/c82e9fa29d8cd93dcbd771bdebd0c214/front.png
bottle,c82e9fa29d8cd93dcbd771bdebd0c214,left,ok,0.347641,348,359,0.476578,docs/tmp/bottle-blank-investigation/center_offset_rerender/bottle/c82e9fa29d8cd93dcbd771bdebd0c214/left.png
bottle,c82e9fa29d8cd93dcbd771bdebd0c214,back,ok,0.356022,406,248,0.384094,docs/tmp/bottle-blank-investigation/center_offset_rerender/bottle/c82e9fa29d8cd93dcbd771bdebd0c214/back.png
bottle,c82e9fa29d8cd93dcbd771bdebd0c214,right,ok,0.350357,348,359,0.476578,docs/tmp/bottle-blank-investigation/center_offset_rerender/bottle/c82e9fa29d8cd93dcbd771bdebd0c214/right.png
bottle,c8800eedd514edac83280dacf43c123d,front,ok,0.176804,464,102,0.180542,docs/tmp/bottle-blank-investigation/center_offset_rerender/bottle/c8800eedd514edac83280dacf43c123d/front.png
bottle,c8800eedd514edac83280dacf43c123d,left,ok,0.139149,153,365,0.213032,docs/tmp/bottle-blank-investigation/center_offset_rerender/bottle/c8800eedd514edac83280dacf43c123d/left.png
bottle,c8800eedd514edac83280dacf43c123d,back,ok,0.138405,487,102,0.189491,docs/tmp/bottle-blank-investigation/center_offset_rerender/bottle/c8800eedd514edac83280dacf43c123d/back.png
bottle,c8800eedd514edac83280dacf43c123d,right,ok,0.107819,104,365,0.144806,docs/tmp/bottle-blank-investigation/center_offset_rerender/bottle/c8800eedd514edac83280dacf43c123d/right.png
bottle,c97e09a3e14ba515423dbf27873826a2,front,ok,0.415749,466,272,0.483521,docs/tmp/bottle-blank-investigation/center_offset_rerender/bottle/c97e09a3e14ba515423dbf27873826a2/front.png
bottle,c97e09a3e14ba515423dbf27873826a2,left,ok,0.389412,344,379,0.497345,docs/tmp/bottle-blank-investigation/center_offset_rerender/bottle/c97e09a3e14ba515423dbf27873826a2/left.png
bottle,c97e09a3e14ba515423dbf27873826a2,back,ok,0.415031,464,267,0.472595,docs/tmp/bottle-blank-investigation/center_offset_rerender/bottle/c97e09a3e14ba515423dbf27873826a2/back.png
bottle,c97e09a3e14ba515423dbf27873826a2,right,ok,0.343086,315,366,0.439796,docs/tmp/bottle-blank-investigation/center_offset_rerender/bottle/c97e09a3e14ba515423dbf27873826a2/right.png
bottle,ca96bcffa2d17d43871b00acaccf08f7,front,ok,0.185192,468,121,0.216019,docs/tmp/bottle-blank-investigation/center_offset_rerender/bottle/ca96bcffa2d17d43871b00acaccf08f7/front.png
bottle,ca96bcffa2d17d43871b00acaccf08f7,left,ok,0.177795,188,351,0.251724,docs/tmp/bottle-blank-investigation/center_offset_rerender/bottle/ca96bcffa2d17d43871b00acaccf08f7/left.png
bottle,ca96bcffa2d17d43871b00acaccf08f7,back,ok,0.185287,468,121,0.216019,docs/tmp/bottle-blank-investigation/center_offset_rerender/bottle/ca96bcffa2d17d43871b00acaccf08f7/back.png
bottle,ca96bcffa2d17d43871b00acaccf08f7,right,ok,0.134018,126,349,0.167747,docs/tmp/bottle-blank-investigation/center_offset_rerender/bottle/ca96bcffa2d17d43871b00acaccf08f7/right.png
bottle,cc61f2c7f10a103d9c38bb7e15b17281,front,ok,0.186077,458,126,0.220139,docs/tmp/bottle-blank-investigation/center_offset_rerender/bottle/cc61f2c7f10a103d9c38bb7e15b17281/front.png
bottle,cc61f2c7f10a103d9c38bb7e15b17281,left,ok,0.177361,188,338,0.242401,docs/tmp/bottle-blank-investigation/center_offset_rerender/bottle/cc61f2c7f10a103d9c38bb7e15b17281/left.png
bottle,cc61f2c7f10a103d9c38bb7e15b17281,back,ok,0.186687,458,126,0.220139,docs/tmp/bottle-blank-investigation/center_offset_rerender/bottle/cc61f2c7f10a103d9c38bb7e15b17281/back.png
bottle,cc61f2c7f10a103d9c38bb7e15b17281,right,ok,0.129536,138,340,0.178986,docs/tmp/bottle-blank-investigation/center_offset_rerender/bottle/cc61f2c7f10a103d9c38bb7e15b17281/right.png
bottle,ccde1256047469b6c75112cfa53a77ed,front,ok,0.434841,485,274,0.506935,docs/tmp/bottle-blank-investigation/center_offset_rerender/bottle/ccde1256047469b6c75112cfa53a77ed/front.png
bottle,ccde1256047469b6c75112cfa53a77ed,left,ok,0.407017,354,379,0.511803,docs/tmp/bottle-blank-investigation/center_offset_rerender/bottle/ccde1256047469b6c75112cfa53a77ed/left.png
bottle,ccde1256047469b6c75112cfa53a77ed,back,ok,0.428959,473,274,0.494392,docs/tmp/bottle-blank-investigation/center_offset_rerender/bottle/ccde1256047469b6c75112cfa53a77ed/back.png
bottle,ccde1256047469b6c75112cfa53a77ed,right,ok,0.352104,324,352,0.435059,docs/tmp/bottle-blank-investigation/center_offset_rerender/bottle/ccde1256047469b6c75112cfa53a77ed/right.png
bottle,ce0a9885741c30e23771234fbbc5a4eb,front,ok,0.355938,450,217,0.372505,docs/tmp/bottle-blank-investigation/center_offset_rerender/bottle/ce0a9885741c30e23771234fbbc5a4eb/front.png
bottle,ce0a9885741c30e23771234fbbc5a4eb,left,ok,0.322598,308,381,0.447647,docs/tmp/bottle-blank-investigation/center_offset_rerender/bottle/ce0a9885741c30e23771234fbbc5a4eb/left.png
bottle,ce0a9885741c30e23771234fbbc5a4eb,back,ok,0.356094,450,217,0.372505,docs/tmp/bottle-blank-investigation/center_offset_rerender/bottle/ce0a9885741c30e23771234fbbc5a4eb/back.png
bottle,ce0a9885741c30e23771234fbbc5a4eb,right,ok,0.284557,308,381,0.447647,docs/tmp/bottle-blank-investigation/center_offset_rerender/bottle/ce0a9885741c30e23771234fbbc5a4eb/right.png
bottle,d0cf26c421988b52a7a84b7b2b016109,front,ok,0.434837,485,274,0.506935,docs/tmp/bottle-blank-investigation/center_offset_rerender/bottle/d0cf26c421988b52a7a84b7b2b016109/front.png
bottle,d0cf26c421988b52a7a84b7b2b016109,left,ok,0.407013,354,379,0.511803,docs/tmp/bottle-blank-investigation/center_offset_rerender/bottle/d0cf26c421988b52a7a84b7b2b016109/left.png
bottle,d0cf26c421988b52a7a84b7b2b016109,back,ok,0.428955,473,274,0.494392,docs/tmp/bottle-blank-investigation/center_offset_rerender/bottle/d0cf26c421988b52a7a84b7b2b016109/back.png
bottle,d0cf26c421988b52a7a84b7b2b016109,right,ok,0.352100,324,352,0.435059,docs/tmp/bottle-blank-investigation/center_offset_rerender/bottle/d0cf26c421988b52a7a84b7b2b016109/right.png
bottle,d134221fe4ef7b6f17a7ddea2d2487cc,front,ok,0.189625,451,138,0.237419,docs/tmp/bottle-blank-investigation/center_offset_rerender/bottle/d134221fe4ef7b6f17a7ddea2d2487cc/front.png
bottle,d134221fe4ef7b6f17a7ddea2d2487cc,left,ok,0.157158,170,337,0.218544,docs/tmp/bottle-blank-investigation/center_offset_rerender/bottle/d134221fe4ef7b6f17a7ddea2d2487cc/left.png
bottle,d134221fe4ef7b6f17a7ddea2d2487cc,back,ok,0.189922,448,138,0.235840,docs/tmp/bottle-blank-investigation/center_offset_rerender/bottle/d134221fe4ef7b6f17a7ddea2d2487cc/back.png
bottle,d134221fe4ef7b6f17a7ddea2d2487cc,right,ok,0.128685,136,343,0.177948,docs/tmp/bottle-blank-investigation/center_offset_rerender/bottle/d134221fe4ef7b6f17a7ddea2d2487cc/right.png
bottle,d25313f7e3618f25b4b1c6ff1f71035b,front,ok,0.227325,453,191,0.330059,docs/tmp/bottle-blank-investigation/center_offset_rerender/bottle/d25313f7e3618f25b4b1c6ff1f71035b/front.png
bottle,d25313f7e3618f25b4b1c6ff1f71035b,left,ok,0.142643,126,366,0.175919,docs/tmp/bottle-blank-investigation/center_offset_rerender/bottle/d25313f7e3618f25b4b1c6ff1f71035b/left.png
bottle,d25313f7e3618f25b4b1c6ff1f71035b,back,ok,0.227455,453,191,0.330059,docs/tmp/bottle-blank-investigation/center_offset_rerender/bottle/d25313f7e3618f25b4b1c6ff1f71035b/back.png
bottle,d25313f7e3618f25b4b1c6ff1f71035b,right,ok,0.099602,82,390,0.121994,docs/tmp/bottle-blank-investigation/center_offset_rerender/bottle/d25313f7e3618f25b4b1c6ff1f71035b/right.png
bottle,d256eeff97b0fb0bad877dc52fe5affa,front,ok,0.192192,456,145,0.252228,docs/tmp/bottle-blank-investigation/center_offset_rerender/bottle/d256eeff97b0fb0bad877dc52fe5affa/front.png
bottle,d256eeff97b0fb0bad877dc52fe5affa,left,ok,0.197334,212,344,0.278198,docs/tmp/bottle-blank-investigation/center_offset_rerender/bottle/d256eeff97b0fb0bad877dc52fe5affa/left.png
bottle,d256eeff97b0fb0bad877dc52fe5affa,back,ok,0.191631,457,144,0.251038,docs/tmp/bottle-blank-investigation/center_offset_rerender/bottle/d256eeff97b0fb0bad877dc52fe5affa/back.png
bottle,d256eeff97b0fb0bad877dc52fe5affa,right,ok,0.113293,139,366,0.194069,docs/tmp/bottle-blank-investigation/center_offset_rerender/bottle/d256eeff97b0fb0bad877dc52fe5affa/right.png
bottle,d330dfbe2acf53ebab487d4f1b6191c2,front,ok,0.352818,436,224,0.372559,docs/tmp/bottle-blank-investigation/center_offset_rerender/bottle/d330dfbe2acf53ebab487d4f1b6191c2/front.png
bottle,d330dfbe2acf53ebab487d4f1b6191c2,left,ok,0.319748,308,376,0.441772,docs/tmp/bottle-blank-investigation/center_offset_rerender/bottle/d330dfbe2acf53ebab487d4f1b6191c2/left.png
bottle,d330dfbe2acf53ebab487d4f1b6191c2,back,ok,0.353638,436,224,0.372559,docs/tmp/bottle-blank-investigation/center_offset_rerender/bottle/d330dfbe2acf53ebab487d4f1b6191c2/back.png
bottle,d330dfbe2acf53ebab487d4f1b6191c2,right,ok,0.318054,308,376,0.441772,docs/tmp/bottle-blank-investigation/center_offset_rerender/bottle/d330dfbe2acf53ebab487d4f1b6191c2/right.png
bottle,d3f1ca8477a8b0a6836bb152eb6676df,front,ok,0.355820,450,217,0.372505,docs/tmp/bottle-blank-investigation/center_offset_rerender/bottle/d3f1ca8477a8b0a6836bb152eb6676df/front.png
bottle,d3f1ca8477a8b0a6836bb152eb6676df,left,ok,0.322510,308,381,0.447647,docs/tmp/bottle-blank-investigation/center_offset_rerender/bottle/d3f1ca8477a8b0a6836bb152eb6676df/left.png
bottle,d3f1ca8477a8b0a6836bb152eb6676df,back,ok,0.356033,450,217,0.372505,docs/tmp/bottle-blank-investigation/center_offset_rerender/bottle/d3f1ca8477a8b0a6836bb152eb6676df/back.png
bottle,d3f1ca8477a8b0a6836bb152eb6676df,right,ok,0.319878,308,381,0.447647,docs/tmp/bottle-blank-investigation/center_offset_rerender/bottle/d3f1ca8477a8b0a6836bb152eb6676df/right.png
bottle,d468256500405fe18cfe64b269e640c8,front,ok,0.205296,440,154,0.258484,docs/tmp/bottle-blank-investigation/center_offset_rerender/bottle/d468256500405fe18cfe64b269e640c8/front.png
bottle,d468256500405fe18cfe64b269e640c8,left,ok,0.174614,186,332,0.235565,docs/tmp/bottle-blank-investigation/center_offset_rerender/bottle/d468256500405fe18cfe64b269e640c8/left.png
bottle,d468256500405fe18cfe64b269e640c8,back,ok,0.204945,437,154,0.256721,docs/tmp/bottle-blank-investigation/center_offset_rerender/bottle/d468256500405fe18cfe64b269e640c8/back.png
bottle,d468256500405fe18cfe64b269e640c8,right,ok,0.135456,154,334,0.196213,docs/tmp/bottle-blank-investigation/center_offset_rerender/bottle/d468256500405fe18cfe64b269e640c8/right.png
bottle,d4932680b8dbc2f1f89cef5791e5b180,front,ok,0.434841,485,274,0.506935,docs/tmp/bottle-blank-investigation/center_offset_rerender/bottle/d4932680b8dbc2f1f89cef5791e5b180/front.png
bottle,d4932680b8dbc2f1f89cef5791e5b180,left,ok,0.407017,354,379,0.511803,docs/tmp/bottle-blank-investigation/center_offset_rerender/bottle/d4932680b8dbc2f1f89cef5791e5b180/left.png
bottle,d4932680b8dbc2f1f89cef5791e5b180,back,ok,0.428959,473,274,0.494392,docs/tmp/bottle-blank-investigation/center_offset_rerender/bottle/d4932680b8dbc2f1f89cef5791e5b180/back.png
bottle,d4932680b8dbc2f1f89cef5791e5b180,right,ok,0.352104,324,352,0.435059,docs/tmp/bottle-blank-investigation/center_offset_rerender/bottle/d4932680b8dbc2f1f89cef5791e5b180/right.png
bottle,d4f4f5453d334d0c50eb573b4ef6d922,front,ok,0.354828,450,217,0.372505,docs/tmp/bottle-blank-investigation/center_offset_rerender/bottle/d4f4f5453d334d0c50eb573b4ef6d922/front.png
bottle,d4f4f5453d334d0c50eb573b4ef6d922,left,ok,0.321793,307,381,0.446194,docs/tmp/bottle-blank-investigation/center_offset_rerender/bottle/d4f4f5453d334d0c50eb573b4ef6d922/left.png
bottle,d4f4f5453d334d0c50eb573b4ef6d922,back,ok,0.354061,450,217,0.372505,docs/tmp/bottle-blank-investigation/center_offset_rerender/bottle/d4f4f5453d334d0c50eb573b4ef6d922/back.png
bottle,d4f4f5453d334d0c50eb573b4ef6d922,right,ok,0.318871,307,381,0.446194,docs/tmp/bottle-blank-investigation/center_offset_rerender/bottle/d4f4f5453d334d0c50eb573b4ef6d922/right.png
bottle,d5f434043c97e9600dcc2a5018079feb,front,ok,0.168079,455,120,0.208282,docs/tmp/bottle-blank-investigation/center_offset_rerender/bottle/d5f434043c97e9600dcc2a5018079feb/front.png
bottle,d5f434043c97e9600dcc2a5018079feb,left,ok,0.135372,146,339,0.188805,docs/tmp/bottle-blank-investigation/center_offset_rerender/bottle/d5f434043c97e9600dcc2a5018079feb/left.png
bottle,d5f434043c97e9600dcc2a5018079feb,back,ok,0.168758,457,120,0.209198,docs/tmp/bottle-blank-investigation/center_offset_rerender/bottle/d5f434043c97e9600dcc2a5018079feb/back.png
bottle,d5f434043c97e9600dcc2a5018079feb,right,ok,0.110451,118,342,0.153946,docs/tmp/bottle-blank-investigation/center_offset_rerender/bottle/d5f434043c97e9600dcc2a5018079feb/right.png
bottle,d6a8000783a575dd11fb5978f05a8692,front,ok,0.153755,430,165,0.270653,docs/tmp/bottle-blank-investigation/center_offset_rerender/bottle/d6a8000783a575dd11fb5978f05a8692/front.png
bottle,d6a8000783a575dd11fb5978f05a8692,left,ok,0.196796,266,308,0.312531,docs/tmp/bottle-blank-investigation/center_offset_rerender/bottle/d6a8000783a575dd11fb5978f05a8692/left.png
bottle,d6a8000783a575dd11fb5978f05a8692,back,ok,0.152897,430,165,0.270653,docs/tmp/bottle-blank-investigation/center_offset_rerender/bottle/d6a8000783a575dd11fb5978f05a8692/back.png
bottle,d6a8000783a575dd11fb5978f05a8692,right,ok,0.111599,156,313,0.186264,docs/tmp/bottle-blank-investigation/center_offset_rerender/bottle/d6a8000783a575dd11fb5978f05a8692/right.png
bottle,d74714a3e84300fe34e98a2b0c0810e8,front,ok,0.186100,458,126,0.220139,docs/tmp/bottle-blank-investigation/center_offset_rerender/bottle/d74714a3e84300fe34e98a2b0c0810e8/front.png
bottle,d74714a3e84300fe34e98a2b0c0810e8,left,ok,0.177368,188,338,0.242401,docs/tmp/bottle-blank-investigation/center_offset_rerender/bottle/d74714a3e84300fe34e98a2b0c0810e8/left.png
bottle,d74714a3e84300fe34e98a2b0c0810e8,back,ok,0.186699,458,126,0.220139,docs/tmp/bottle-blank-investigation/center_offset_rerender/bottle/d74714a3e84300fe34e98a2b0c0810e8/back.png
bottle,d74714a3e84300fe34e98a2b0c0810e8,right,ok,0.129539,138,340,0.178986,docs/tmp/bottle-blank-investigation/center_offset_rerender/bottle/d74714a3e84300fe34e98a2b0c0810e8/right.png
bottle,d7c38a192f7c69e65cf20e2201326adf,front,ok,0.292610,480,173,0.316772,docs/tmp/bottle-blank-investigation/center_offset_rerender/bottle/d7c38a192f7c69e65cf20e2201326adf/front.png
bottle,d7c38a192f7c69e65cf20e2201326adf,left,ok,0.287277,292,370,0.412140,docs/tmp/bottle-blank-investigation/center_offset_rerender/bottle/d7c38a192f7c69e65cf20e2201326adf/left.png
bottle,d7c38a192f7c69e65cf20e2201326adf,back,ok,0.285149,479,173,0.316113,docs/tmp/bottle-blank-investigation/center_offset_rerender/bottle/d7c38a192f7c69e65cf20e2201326adf/back.png
bottle,d7c38a192f7c69e65cf20e2201326adf,right,ok,0.286579,294,370,0.414963,docs/tmp/bottle-blank-investigation/center_offset_rerender/bottle/d7c38a192f7c69e65cf20e2201326adf/right.png
bottle,d889e6c5c4ca976d37edfe6886d40a8d,front,ok,0.168285,455,120,0.208282,docs/tmp/bottle-blank-investigation/center_offset_rerender/bottle/d889e6c5c4ca976d37edfe6886d40a8d/front.png
bottle,d889e6c5c4ca976d37edfe6886d40a8d,left,ok,0.135429,146,339,0.188805,docs/tmp/bottle-blank-investigation/center_offset_rerender/bottle/d889e6c5c4ca976d37edfe6886d40a8d/left.png
bottle,d889e6c5c4ca976d37edfe6886d40a8d,back,ok,0.168774,457,120,0.209198,docs/tmp/bottle-blank-investigation/center_offset_rerender/bottle/d889e6c5c4ca976d37edfe6886d40a8d/back.png
bottle,d889e6c5c4ca976d37edfe6886d40a8d,right,ok,0.110451,118,342,0.153946,docs/tmp/bottle-blank-investigation/center_offset_rerender/bottle/d889e6c5c4ca976d37edfe6886d40a8d/right.png
bottle,d904af9c6b375ea82e6f8c0af228349f,front,ok,0.186096,458,126,0.220139,docs/tmp/bottle-blank-investigation/center_offset_rerender/bottle/d904af9c6b375ea82e6f8c0af228349f/front.png
bottle,d904af9c6b375ea82e6f8c0af228349f,left,ok,0.177368,188,338,0.242401,docs/tmp/bottle-blank-investigation/center_offset_rerender/bottle/d904af9c6b375ea82e6f8c0af228349f/left.png
bottle,d904af9c6b375ea82e6f8c0af228349f,back,ok,0.186695,458,126,0.220139,docs/tmp/bottle-blank-investigation/center_offset_rerender/bottle/d904af9c6b375ea82e6f8c0af228349f/back.png
bottle,d904af9c6b375ea82e6f8c0af228349f,right,ok,0.129539,138,340,0.178986,docs/tmp/bottle-blank-investigation/center_offset_rerender/bottle/d904af9c6b375ea82e6f8c0af228349f/right.png
bottle,d99a9b6552b9f9a58cbc2b94ae03dc0a,front,ok,0.162498,474,114,0.206131,docs/tmp/bottle-blank-investigation/center_offset_rerender/bottle/d99a9b6552b9f9a58cbc2b94ae03dc0a/front.png
bottle,d99a9b6552b9f9a58cbc2b94ae03dc0a,left,ok,0.170349,184,354,0.248474,docs/tmp/bottle-blank-investigation/center_offset_rerender/bottle/d99a9b6552b9f9a58cbc2b94ae03dc0a/left.png
bottle,d99a9b6552b9f9a58cbc2b94ae03dc0a,back,ok,0.164795,474,113,0.204323,docs/tmp/bottle-blank-investigation/center_offset_rerender/bottle/d99a9b6552b9f9a58cbc2b94ae03dc0a/back.png
bottle,d99a9b6552b9f9a58cbc2b94ae03dc0a,right,ok,0.113148,124,351,0.166031,docs/tmp/bottle-blank-investigation/center_offset_rerender/bottle/d99a9b6552b9f9a58cbc2b94ae03dc0a/right.png
bottle,da5b1c080e6e21e6f77cb308b0d36da6,front,ok,0.187244,431,146,0.240044,docs/tmp/bottle-blank-investigation/center_offset_rerender/bottle/da5b1c080e6e21e6f77cb308b0d36da6/front.png
bottle,da5b1c080e6e21e6f77cb308b0d36da6,left,ok,0.156822,212,385,0.311356,docs/tmp/bottle-blank-investigation/center_offset_rerender/bottle/da5b1c080e6e21e6f77cb308b0d36da6/left.png
bottle,da5b1c080e6e21e6f77cb308b0d36da6,back,ok,0.174427,415,252,0.398941,docs/tmp/bottle-blank-investigation/center_offset_rerender/bottle/da5b1c080e6e21e6f77cb308b0d36da6/back.png
bottle,da5b1c080e6e21e6f77cb308b0d36da6,right,ok,0.145470,151,304,0.175110,docs/tmp/bottle-blank-investigation/center_offset_rerender/bottle/da5b1c080e6e21e6f77cb308b0d36da6/right.png
bottle,dac9caa96b5a6e0f788dc569248d71ca,front,ok,0.428520,474,274,0.495438,docs/tmp/bottle-blank-investigation/center_offset_rerender/bottle/dac9caa96b5a6e0f788dc569248d71ca/front.png
bottle,dac9caa96b5a6e0f788dc569248d71ca,left,ok,0.407017,354,379,0.511803,docs/tmp/bottle-blank-investigation/center_offset_rerender/bottle/dac9caa96b5a6e0f788dc569248d71ca/left.png
bottle,dac9caa96b5a6e0f788dc569248d71ca,back,ok,0.433029,473,274,0.494392,docs/tmp/bottle-blank-investigation/center_offset_rerender/bottle/dac9caa96b5a6e0f788dc569248d71ca/back.png
bottle,dac9caa96b5a6e0f788dc569248d71ca,right,ok,0.357052,324,370,0.457306,docs/tmp/bottle-blank-investigation/center_offset_rerender/bottle/dac9caa96b5a6e0f788dc569248d71ca/right.png
bottle,dae2f8cd974d6c0e6ea3c21f98b2d5a8,front,ok,0.199745,460,117,0.205307,docs/tmp/bottle-blank-investigation/center_offset_rerender/bottle/dae2f8cd974d6c0e6ea3c21f98b2d5a8/front.png
bottle,dae2f8cd974d6c0e6ea3c21f98b2d5a8,left,ok,0.156178,172,368,0.241455,docs/tmp/bottle-blank-investigation/center_offset_rerender/bottle/dae2f8cd974d6c0e6ea3c21f98b2d5a8/left.png
bottle,dae2f8cd974d6c0e6ea3c21f98b2d5a8,back,ok,0.151180,487,116,0.215500,docs/tmp/bottle-blank-investigation/center_offset_rerender/bottle/dae2f8cd974d6c0e6ea3c21f98b2d5a8/back.png
bottle,dae2f8cd974d6c0e6ea3c21f98b2d5a8,right,ok,0.118046,114,370,0.160904,docs/tmp/bottle-blank-investigation/center_offset_rerender/bottle/dae2f8cd974d6c0e6ea3c21f98b2d5a8/right.png
bottle,db852149d5aac86e0e19539b0c6ae9ab,front,ok,0.185192,468,121,0.216019,docs/tmp/bottle-blank-investigation/center_offset_rerender/bottle/db852149d5aac86e0e19539b0c6ae9ab/front.png
bottle,db852149d5aac86e0e19539b0c6ae9ab,left,ok,0.177795,188,351,0.251724,docs/tmp/bottle-blank-investigation/center_offset_rerender/bottle/db852149d5aac86e0e19539b0c6ae9ab/left.png
bottle,db852149d5aac86e0e19539b0c6ae9ab,back,ok,0.185284,468,121,0.216019,docs/tmp/bottle-blank-investigation/center_offset_rerender/bottle/db852149d5aac86e0e19539b0c6ae9ab/back.png
bottle,db852149d5aac86e0e19539b0c6ae9ab,right,ok,0.134018,126,349,0.167747,docs/tmp/bottle-blank-investigation/center_offset_rerender/bottle/db852149d5aac86e0e19539b0c6ae9ab/right.png
bottle,dbb2282859f1742a6df79502e7dc896b,front,ok,0.168285,455,120,0.208282,docs/tmp/bottle-blank-investigation/center_offset_rerender/bottle/dbb2282859f1742a6df79502e7dc896b/front.png
bottle,dbb2282859f1742a6df79502e7dc896b,left,ok,0.135429,146,339,0.188805,docs/tmp/bottle-blank-investigation/center_offset_rerender/bottle/dbb2282859f1742a6df79502e7dc896b/left.png
bottle,dbb2282859f1742a6df79502e7dc896b,back,ok,0.168774,457,120,0.209198,docs/tmp/bottle-blank-investigation/center_offset_rerender/bottle/dbb2282859f1742a6df79502e7dc896b/back.png
bottle,dbb2282859f1742a6df79502e7dc896b,right,ok,0.110451,118,342,0.153946,docs/tmp/bottle-blank-investigation/center_offset_rerender/bottle/dbb2282859f1742a6df79502e7dc896b/right.png
bottle,dd0fe753df975bbced9ef28fc08ac92d,front,ok,0.188019,456,141,0.245270,docs/tmp/bottle-blank-investigation/center_offset_rerender/bottle/dd0fe753df975bbced9ef28fc08ac92d/front.png
bottle,dd0fe753df975bbced9ef28fc08ac92d,left,ok,0.166370,180,348,0.238953,docs/tmp/bottle-blank-investigation/center_offset_rerender/bottle/dd0fe753df975bbced9ef28fc08ac92d/left.png
bottle,dd0fe753df975bbced9ef28fc08ac92d,back,ok,0.183300,457,138,0.240578,docs/tmp/bottle-blank-investigation/center_offset_rerender/bottle/dd0fe753df975bbced9ef28fc08ac92d/back.png
bottle,dd0fe753df975bbced9ef28fc08ac92d,right,ok,0.108089,126,346,0.166306,docs/tmp/bottle-blank-investigation/center_offset_rerender/bottle/dd0fe753df975bbced9ef28fc08ac92d/right.png
bottle,de1c7c7c1c1c21d8d27f63277fd15139,front,ok,0.336868,441,213,0.358326,docs/tmp/bottle-blank-investigation/center_offset_rerender/bottle/de1c7c7c1c1c21d8d27f63277fd15139/front.png
bottle,de1c7c7c1c1c21d8d27f63277fd15139,left,ok,0.273205,264,375,0.377655,docs/tmp/bottle-blank-investigation/center_offset_rerender/bottle/de1c7c7c1c1c21d8d27f63277fd15139/left.png
bottle,de1c7c7c1c1c21d8d27f63277fd15139,back,ok,0.338188,441,214,0.360008,docs/tmp/bottle-blank-investigation/center_offset_rerender/bottle/de1c7c7c1c1c21d8d27f63277fd15139/back.png
bottle,de1c7c7c1c1c21d8d27f63277fd15139,right,ok,0.277210,248,386,0.365173,docs/tmp/bottle-blank-investigation/center_offset_rerender/bottle/de1c7c7c1c1c21d8d27f63277fd15139/right.png
bottle,de87fe3e3e61d6c60f92c82405ee7dd1,front,ok,0.157516,474,113,0.204323,docs/tmp/bottle-blank-investigation/center_offset_rerender/bottle/de87fe3e3e61d6c60f92c82405ee7dd1/front.png
bottle,de87fe3e3e61d6c60f92c82405ee7dd1,left,ok,0.167976,181,354,0.244423,docs/tmp/bottle-blank-investigation/center_offset_rerender/bottle/de87fe3e3e61d6c60f92c82405ee7dd1/left.png
bottle,de87fe3e3e61d6c60f92c82405ee7dd1,back,ok,0.164974,472,114,0.205261,docs/tmp/bottle-blank-investigation/center_offset_rerender/bottle/de87fe3e3e61d6c60f92c82405ee7dd1/back.png
bottle,de87fe3e3e61d6c60f92c82405ee7dd1,right,ok,0.112709,123,352,0.165161,docs/tmp/bottle-blank-investigation/center_offset_rerender/bottle/de87fe3e3e61d6c60f92c82405ee7dd1/right.png
bottle,df5ccec979155e4a3a80a9c61a225d6d,front,ok,0.434841,485,274,0.506935,docs/tmp/bottle-blank-investigation/center_offset_rerender/bottle/df5ccec979155e4a3a80a9c61a225d6d/front.png
bottle,df5ccec979155e4a3a80a9c61a225d6d,left,ok,0.407013,354,379,0.511803,docs/tmp/bottle-blank-investigation/center_offset_rerender/bottle/df5ccec979155e4a3a80a9c61a225d6d/left.png
bottle,df5ccec979155e4a3a80a9c61a225d6d,back,ok,0.428959,473,274,0.494392,docs/tmp/bottle-blank-investigation/center_offset_rerender/bottle/df5ccec979155e4a3a80a9c61a225d6d/back.png
bottle,df5ccec979155e4a3a80a9c61a225d6d,right,ok,0.352108,324,352,0.435059,docs/tmp/bottle-blank-investigation/center_offset_rerender/bottle/df5ccec979155e4a3a80a9c61a225d6d/right.png
bottle,e16a1a51e4bb97aa7c2a8974ed149cbf,front,ok,0.295681,430,207,0.339546,docs/tmp/bottle-blank-investigation/center_offset_rerender/bottle/e16a1a51e4bb97aa7c2a8974ed149cbf/front.png
bottle,e16a1a51e4bb97aa7c2a8974ed149cbf,left,ok,0.264595,263,353,0.354153,docs/tmp/bottle-blank-investigation/center_offset_rerender/bottle/e16a1a51e4bb97aa7c2a8974ed149cbf/left.png
bottle,e16a1a51e4bb97aa7c2a8974ed149cbf,back,ok,0.297203,432,205,0.337830,docs/tmp/bottle-blank-investigation/center_offset_rerender/bottle/e16a1a51e4bb97aa7c2a8974ed149cbf/back.png
bottle,e16a1a51e4bb97aa7c2a8974ed149cbf,right,ok,0.226711,213,362,0.294136,docs/tmp/bottle-blank-investigation/center_offset_rerender/bottle/e16a1a51e4bb97aa7c2a8974ed149cbf/right.png
bottle,e1770a44a30659a57584180a8e173a8f,front,ok,0.165985,473,114,0.205696,docs/tmp/bottle-blank-investigation/center_offset_rerender/bottle/e1770a44a30659a57584180a8e173a8f/front.png
bottle,e1770a44a30659a57584180a8e173a8f,left,ok,0.170097,184,354,0.248474,docs/tmp/bottle-blank-investigation/center_offset_rerender/bottle/e1770a44a30659a57584180a8e173a8f/left.png
bottle,e1770a44a30659a57584180a8e173a8f,back,ok,0.164112,474,112,0.202515,docs/tmp/bottle-blank-investigation/center_offset_rerender/bottle/e1770a44a30659a57584180a8e173a8f/back.png
bottle,e1770a44a30659a57584180a8e173a8f,right,ok,0.113529,124,351,0.166031,docs/tmp/bottle-blank-investigation/center_offset_rerender/bottle/e1770a44a30659a57584180a8e173a8f/right.png
bottle,e239759931145a4ddcc2eecd874327bc,front,ok,0.199745,460,117,0.205307,docs/tmp/bottle-blank-investigation/center_offset_rerender/bottle/e239759931145a4ddcc2eecd874327bc/front.png
bottle,e239759931145a4ddcc2eecd874327bc,left,ok,0.156178,172,368,0.241455,docs/tmp/bottle-blank-investigation/center_offset_rerender/bottle/e239759931145a4ddcc2eecd874327bc/left.png
bottle,e239759931145a4ddcc2eecd874327bc,back,ok,0.151176,487,116,0.215500,docs/tmp/bottle-blank-investigation/center_offset_rerender/bottle/e239759931145a4ddcc2eecd874327bc/back.png
bottle,e239759931145a4ddcc2eecd874327bc,right,ok,0.118038,114,370,0.160904,docs/tmp/bottle-blank-investigation/center_offset_rerender/bottle/e239759931145a4ddcc2eecd874327bc/right.png
bottle,e277e5886369658e44d8ce9145511800,front,ok,0.237621,492,131,0.245865,docs/tmp/bottle-blank-investigation/center_offset_rerender/bottle/e277e5886369658e44d8ce9145511800/front.png
bottle,e277e5886369658e44d8ce9145511800,left,ok,0.238575,242,366,0.337875,docs/tmp/bottle-blank-investigation/center_offset_rerender/bottle/e277e5886369658e44d8ce9145511800/left.png
bottle,e277e5886369658e44d8ce9145511800,back,ok,0.237625,492,131,0.245865,docs/tmp/bottle-blank-investigation/center_offset_rerender/bottle/e277e5886369658e44d8ce9145511800/back.png
bottle,e277e5886369658e44d8ce9145511800,right,ok,0.241051,244,367,0.341599,docs/tmp/bottle-blank-investigation/center_offset_rerender/bottle/e277e5886369658e44d8ce9145511800/right.png
bottle,e299628dcb3aaf61476d683e14240ed9,front,ok,0.421894,478,272,0.495972,docs/tmp/bottle-blank-investigation/center_offset_rerender/bottle/e299628dcb3aaf61476d683e14240ed9/front.png
bottle,e299628dcb3aaf61476d683e14240ed9,left,ok,0.389412,344,379,0.497345,docs/tmp/bottle-blank-investigation/center_offset_rerender/bottle/e299628dcb3aaf61476d683e14240ed9/left.png
bottle,e299628dcb3aaf61476d683e14240ed9,back,ok,0.410416,464,267,0.472595,docs/tmp/bottle-blank-investigation/center_offset_rerender/bottle/e299628dcb3aaf61476d683e14240ed9/back.png
bottle,e299628dcb3aaf61476d683e14240ed9,right,ok,0.338604,315,353,0.424175,docs/tmp/bottle-blank-investigation/center_offset_rerender/bottle/e299628dcb3aaf61476d683e14240ed9/right.png
bottle,e2d98dded6c731e7de40453ecad6e71d,front,ok,0.179188,460,121,0.212326,docs/tmp/bottle-blank-investigation/center_offset_rerender/bottle/e2d98dded6c731e7de40453ecad6e71d/front.png
bottle,e2d98dded6c731e7de40453ecad6e71d,left,ok,0.177753,192,336,0.246094,docs/tmp/bottle-blank-investigation/center_offset_rerender/bottle/e2d98dded6c731e7de40453ecad6e71d/left.png
bottle,e2d98dded6c731e7de40453ecad6e71d,back,ok,0.179489,460,121,0.212326,docs/tmp/bottle-blank-investigation/center_offset_rerender/bottle/e2d98dded6c731e7de40453ecad6e71d/back.png
bottle,e2d98dded6c731e7de40453ecad6e71d,right,ok,0.130013,140,337,0.179977,docs/tmp/bottle-blank-investigation/center_offset_rerender/bottle/e2d98dded6c731e7de40453ecad6e71d/right.png
bottle,e321f3afcd30c15558ba6c6dfbbc04b3,front,ok,0.179459,463,103,0.181919,docs/tmp/bottle-blank-investigation/center_offset_rerender/bottle/e321f3afcd30c15558ba6c6dfbbc04b3/front.png
bottle,e321f3afcd30c15558ba6c6dfbbc04b3,left,ok,0.141155,155,367,0.216999,docs/tmp/bottle-blank-investigation/center_offset_rerender/bottle/e321f3afcd30c15558ba6c6dfbbc04b3/left.png
bottle,e321f3afcd30c15558ba6c6dfbbc04b3,back,ok,0.144444,487,103,0.191349,docs/tmp/bottle-blank-investigation/center_offset_rerender/bottle/e321f3afcd30c15558ba6c6dfbbc04b3/back.png
bottle,e321f3afcd30c15558ba6c6dfbbc04b3,right,ok,0.103386,93,368,0.130554,docs/tmp/bottle-blank-investigation/center_offset_rerender/bottle/e321f3afcd30c15558ba6c6dfbbc04b3/right.png
bottle,e3e4ee35b16c6d328d82bdcd8fae4e0a,front,ok,0.251797,415,197,0.311871,docs/tmp/bottle-blank-investigation/center_offset_rerender/bottle/e3e4ee35b16c6d328d82bdcd8fae4e0a/front.png
bottle,e3e4ee35b16c6d328d82bdcd8fae4e0a,left,ok,0.206074,236,318,0.286285,docs/tmp/bottle-blank-investigation/center_offset_rerender/bottle/e3e4ee35b16c6d328d82bdcd8fae4e0a/left.png
bottle,e3e4ee35b16c6d328d82bdcd8fae4e0a,back,ok,0.250065,415,197,0.311871,docs/tmp/bottle-blank-investigation/center_offset_rerender/bottle/e3e4ee35b16c6d328d82bdcd8fae4e0a/back.png
bottle,e3e4ee35b16c6d328d82bdcd8fae4e0a,right,ok,0.225956,206,346,0.271896,docs/tmp/bottle-blank-investigation/center_offset_rerender/bottle/e3e4ee35b16c6d328d82bdcd8fae4e0a/right.png
bottle,e43c96e7cd6eb98ba591f9691b953f69,front,ok,0.281425,480,173,0.316772,docs/tmp/bottle-blank-investigation/center_offset_rerender/bottle/e43c96e7cd6eb98ba591f9691b953f69/front.png
bottle,e43c96e7cd6eb98ba591f9691b953f69,left,ok,0.281490,292,370,0.412140,docs/tmp/bottle-blank-investigation/center_offset_rerender/bottle/e43c96e7cd6eb98ba591f9691b953f69/left.png
bottle,e43c96e7cd6eb98ba591f9691b953f69,back,ok,0.279995,479,173,0.316113,docs/tmp/bottle-blank-investigation/center_offset_rerender/bottle/e43c96e7cd6eb98ba591f9691b953f69/back.png
bottle,e43c96e7cd6eb98ba591f9691b953f69,right,ok,0.280781,294,370,0.414963,docs/tmp/bottle-blank-investigation/center_offset_rerender/bottle/e43c96e7cd6eb98ba591f9691b953f69/right.png
bottle,e6d1ed51920234065b177e93209d9515,front,ok,0.185188,468,121,0.216019,docs/tmp/bottle-blank-investigation/center_offset_rerender/bottle/e6d1ed51920234065b177e93209d9515/front.png
bottle,e6d1ed51920234065b177e93209d9515,left,ok,0.177795,188,351,0.251724,docs/tmp/bottle-blank-investigation/center_offset_rerender/bottle/e6d1ed51920234065b177e93209d9515/left.png
bottle,e6d1ed51920234065b177e93209d9515,back,ok,0.185295,468,121,0.216019,docs/tmp/bottle-blank-investigation/center_offset_rerender/bottle/e6d1ed51920234065b177e93209d9515/back.png
bottle,e6d1ed51920234065b177e93209d9515,right,ok,0.134014,126,349,0.167747,docs/tmp/bottle-blank-investigation/center_offset_rerender/bottle/e6d1ed51920234065b177e93209d9515/right.png
bottle,e736af92dde964da6195e1501bc990d6,front,ok,0.291309,438,223,0.372597,docs/tmp/bottle-blank-investigation/center_offset_rerender/bottle/e736af92dde964da6195e1501bc990d6/front.png
bottle,e736af92dde964da6195e1501bc990d6,left,ok,0.253963,232,355,0.314178,docs/tmp/bottle-blank-investigation/center_offset_rerender/bottle/e736af92dde964da6195e1501bc990d6/left.png
bottle,e736af92dde964da6195e1501bc990d6,back,ok,0.291359,438,223,0.372597,docs/tmp/bottle-blank-investigation/center_offset_rerender/bottle/e736af92dde964da6195e1501bc990d6/back.png
bottle,e736af92dde964da6195e1501bc990d6,right,ok,0.175598,175,354,0.236320,docs/tmp/bottle-blank-investigation/center_offset_rerender/bottle/e736af92dde964da6195e1501bc990d6/right.png
bottle,e89a2a217e997a8bd7a7980a5772d5c9,front,ok,0.185192,468,121,0.216019,docs/tmp/bottle-blank-investigation/center_offset_rerender/bottle/e89a2a217e997a8bd7a7980a5772d5c9/front.png
bottle,e89a2a217e997a8bd7a7980a5772d5c9,left,ok,0.177795,188,351,0.251724,docs/tmp/bottle-blank-investigation/center_offset_rerender/bottle/e89a2a217e997a8bd7a7980a5772d5c9/left.png
bottle,e89a2a217e997a8bd7a7980a5772d5c9,back,ok,0.185291,468,121,0.216019,docs/tmp/bottle-blank-investigation/center_offset_rerender/bottle/e89a2a217e997a8bd7a7980a5772d5c9/back.png
bottle,e89a2a217e997a8bd7a7980a5772d5c9,right,ok,0.134014,126,349,0.167747,docs/tmp/bottle-blank-investigation/center_offset_rerender/bottle/e89a2a217e997a8bd7a7980a5772d5c9/right.png
bottle,e903b243d6d67fb2cf4d3da9a9e159ec,front,ok,0.177563,470,115,0.206184,docs/tmp/bottle-blank-investigation/center_offset_rerender/bottle/e903b243d6d67fb2cf4d3da9a9e159ec/front.png
bottle,e903b243d6d67fb2cf4d3da9a9e159ec,left,ok,0.178104,190,348,0.252228,docs/tmp/bottle-blank-investigation/center_offset_rerender/bottle/e903b243d6d67fb2cf4d3da9a9e159ec/left.png
bottle,e903b243d6d67fb2cf4d3da9a9e159ec,back,ok,0.177578,470,115,0.206184,docs/tmp/bottle-blank-investigation/center_offset_rerender/bottle/e903b243d6d67fb2cf4d3da9a9e159ec/back.png
bottle,e903b243d6d67fb2cf4d3da9a9e159ec,right,ok,0.134476,128,347,0.169434,docs/tmp/bottle-blank-investigation/center_offset_rerender/bottle/e903b243d6d67fb2cf4d3da9a9e159ec/right.png
bottle,e9201e219d1075a33da904dc9ca66963,front,ok,0.428516,474,274,0.495438,docs/tmp/bottle-blank-investigation/center_offset_rerender/bottle/e9201e219d1075a33da904dc9ca66963/front.png
bottle,e9201e219d1075a33da904dc9ca66963,left,ok,0.407013,354,379,0.511803,docs/tmp/bottle-blank-investigation/center_offset_rerender/bottle/e9201e219d1075a33da904dc9ca66963/left.png
bottle,e9201e219d1075a33da904dc9ca66963,back,ok,0.433033,474,274,0.495438,docs/tmp/bottle-blank-investigation/center_offset_rerender/bottle/e9201e219d1075a33da904dc9ca66963/back.png
bottle,e9201e219d1075a33da904dc9ca66963,right,ok,0.357044,324,370,0.457306,docs/tmp/bottle-blank-investigation/center_offset_rerender/bottle/e9201e219d1075a33da904dc9ca66963/right.png
bottle,e99bd408265b9d8a8a7c112cfac1c1db,front,ok,0.185192,468,121,0.216019,docs/tmp/bottle-blank-investigation/center_offset_rerender/bottle/e99bd408265b9d8a8a7c112cfac1c1db/front.png
bottle,e99bd408265b9d8a8a7c112cfac1c1db,left,ok,0.177795,188,351,0.251724,docs/tmp/bottle-blank-investigation/center_offset_rerender/bottle/e99bd408265b9d8a8a7c112cfac1c1db/left.png
bottle,e99bd408265b9d8a8a7c112cfac1c1db,back,ok,0.185280,468,121,0.216019,docs/tmp/bottle-blank-investigation/center_offset_rerender/bottle/e99bd408265b9d8a8a7c112cfac1c1db/back.png
bottle,e99bd408265b9d8a8a7c112cfac1c1db,right,ok,0.134014,126,349,0.167747,docs/tmp/bottle-blank-investigation/center_offset_rerender/bottle/e99bd408265b9d8a8a7c112cfac1c1db/right.png
bottle,e9a435c4bcbc21518461d7a43176a321,front,ok,0.176804,464,102,0.180542,docs/tmp/bottle-blank-investigation/center_offset_rerender/bottle/e9a435c4bcbc21518461d7a43176a321/front.png
bottle,e9a435c4bcbc21518461d7a43176a321,left,ok,0.139149,153,365,0.213032,docs/tmp/bottle-blank-investigation/center_offset_rerender/bottle/e9a435c4bcbc21518461d7a43176a321/left.png
bottle,e9a435c4bcbc21518461d7a43176a321,back,ok,0.138405,487,102,0.189491,docs/tmp/bottle-blank-investigation/center_offset_rerender/bottle/e9a435c4bcbc21518461d7a43176a321/back.png
bottle,e9a435c4bcbc21518461d7a43176a321,right,ok,0.107819,104,365,0.144806,docs/tmp/bottle-blank-investigation/center_offset_rerender/bottle/e9a435c4bcbc21518461d7a43176a321/right.png
bottle,ead348f4bcd51a3f91e1b26284283808,front,ok,0.168076,455,120,0.208282,docs/tmp/bottle-blank-investigation/center_offset_rerender/bottle/ead348f4bcd51a3f91e1b26284283808/front.png
bottle,ead348f4bcd51a3f91e1b26284283808,left,ok,0.135372,146,339,0.188805,docs/tmp/bottle-blank-investigation/center_offset_rerender/bottle/ead348f4bcd51a3f91e1b26284283808/left.png
bottle,ead348f4bcd51a3f91e1b26284283808,back,ok,0.168762,457,120,0.209198,docs/tmp/bottle-blank-investigation/center_offset_rerender/bottle/ead348f4bcd51a3f91e1b26284283808/back.png
bottle,ead348f4bcd51a3f91e1b26284283808,right,ok,0.110451,118,342,0.153946,docs/tmp/bottle-blank-investigation/center_offset_rerender/bottle/ead348f4bcd51a3f91e1b26284283808/right.png
bottle,ebf4e7e766cc132abed4f9639305538e,front,ok,0.268810,480,173,0.316772,docs/tmp/bottle-blank-investigation/center_offset_rerender/bottle/ebf4e7e766cc132abed4f9639305538e/front.png
bottle,ebf4e7e766cc132abed4f9639305538e,left,ok,0.283577,292,370,0.412140,docs/tmp/bottle-blank-investigation/center_offset_rerender/bottle/ebf4e7e766cc132abed4f9639305538e/left.png
bottle,ebf4e7e766cc132abed4f9639305538e,back,ok,0.289772,479,173,0.316113,docs/tmp/bottle-blank-investigation/center_offset_rerender/bottle/ebf4e7e766cc132abed4f9639305538e/back.png
bottle,ebf4e7e766cc132abed4f9639305538e,right,ok,0.281368,294,370,0.414963,docs/tmp/bottle-blank-investigation/center_offset_rerender/bottle/ebf4e7e766cc132abed4f9639305538e/right.png
bottle,ec7ecdec0482aed17337dadd9a647a45,front,ok,0.186092,458,126,0.220139,docs/tmp/bottle-blank-investigation/center_offset_rerender/bottle/ec7ecdec0482aed17337dadd9a647a45/front.png
bottle,ec7ecdec0482aed17337dadd9a647a45,left,ok,0.177361,188,338,0.242401,docs/tmp/bottle-blank-investigation/center_offset_rerender/bottle/ec7ecdec0482aed17337dadd9a647a45/left.png
bottle,ec7ecdec0482aed17337dadd9a647a45,back,ok,0.186687,458,126,0.220139,docs/tmp/bottle-blank-investigation/center_offset_rerender/bottle/ec7ecdec0482aed17337dadd9a647a45/back.png
bottle,ec7ecdec0482aed17337dadd9a647a45,right,ok,0.129536,138,340,0.178986,docs/tmp/bottle-blank-investigation/center_offset_rerender/bottle/ec7ecdec0482aed17337dadd9a647a45/right.png
bottle,ec8e9425f55616bcb0bdaee0efd6a2b9,front,ok,0.173588,462,134,0.236160,docs/tmp/bottle-blank-investigation/center_offset_rerender/bottle/ec8e9425f55616bcb0bdaee0efd6a2b9/front.png
bottle,ec8e9425f55616bcb0bdaee0efd6a2b9,left,ok,0.175373,196,358,0.267670,docs/tmp/bottle-blank-investigation/center_offset_rerender/bottle/ec8e9425f55616bcb0bdaee0efd6a2b9/left.png
bottle,ec8e9425f55616bcb0bdaee0efd6a2b9,back,ok,0.175346,462,134,0.236160,docs/tmp/bottle-blank-investigation/center_offset_rerender/bottle/ec8e9425f55616bcb0bdaee0efd6a2b9/back.png
bottle,ec8e9425f55616bcb0bdaee0efd6a2b9,right,ok,0.140625,154,344,0.202087,docs/tmp/bottle-blank-investigation/center_offset_rerender/bottle/ec8e9425f55616bcb0bdaee0efd6a2b9/right.png
bottle,ed3c3839b43a96c1975bcb51a72e65e6,front,ok,0.428516,474,274,0.495438,docs/tmp/bottle-blank-investigation/center_offset_rerender/bottle/ed3c3839b43a96c1975bcb51a72e65e6/front.png
bottle,ed3c3839b43a96c1975bcb51a72e65e6,left,ok,0.407013,354,379,0.511803,docs/tmp/bottle-blank-investigation/center_offset_rerender/bottle/ed3c3839b43a96c1975bcb51a72e65e6/left.png
bottle,ed3c3839b43a96c1975bcb51a72e65e6,back,ok,0.433033,474,274,0.495438,docs/tmp/bottle-blank-investigation/center_offset_rerender/bottle/ed3c3839b43a96c1975bcb51a72e65e6/back.png
bottle,ed3c3839b43a96c1975bcb51a72e65e6,right,ok,0.357044,324,370,0.457306,docs/tmp/bottle-blank-investigation/center_offset_rerender/bottle/ed3c3839b43a96c1975bcb51a72e65e6/right.png
bottle,ed712daa33f31b661115a627855bef43,front,ok,0.264351,344,255,0.334625,docs/tmp/bottle-blank-investigation/center_offset_rerender/bottle/ed712daa33f31b661115a627855bef43/front.png
bottle,ed712daa33f31b661115a627855bef43,left,ok,0.266907,293,319,0.356548,docs/tmp/bottle-blank-investigation/center_offset_rerender/bottle/ed712daa33f31b661115a627855bef43/left.png
bottle,ed712daa33f31b661115a627855bef43,back,ok,0.315891,387,239,0.352833,docs/tmp/bottle-blank-investigation/center_offset_rerender/bottle/ed712daa33f31b661115a627855bef43/back.png
bottle,ed712daa33f31b661115a627855bef43,right,ok,0.250576,315,328,0.394135,docs/tmp/bottle-blank-investigation/center_offset_rerender/bottle/ed712daa33f31b661115a627855bef43/right.png
bottle,f16797f459ae033ce0fa7eff23c7b995,front,ok,0.199745,460,117,0.205307,docs/tmp/bottle-blank-investigation/center_offset_rerender/bottle/f16797f459ae033ce0fa7eff23c7b995/front.png
bottle,f16797f459ae033ce0fa7eff23c7b995,left,ok,0.156178,172,368,0.241455,docs/tmp/bottle-blank-investigation/center_offset_rerender/bottle/f16797f459ae033ce0fa7eff23c7b995/left.png
bottle,f16797f459ae033ce0fa7eff23c7b995,back,ok,0.151173,487,116,0.215500,docs/tmp/bottle-blank-investigation/center_offset_rerender/bottle/f16797f459ae033ce0fa7eff23c7b995/back.png
bottle,f16797f459ae033ce0fa7eff23c7b995,right,ok,0.118050,114,370,0.160904,docs/tmp/bottle-blank-investigation/center_offset_rerender/bottle/f16797f459ae033ce0fa7eff23c7b995/right.png
bottle,f3e1253ef297c9d03bc15c7308fc3e43,front,ok,0.179184,460,121,0.212326,docs/tmp/bottle-blank-investigation/center_offset_rerender/bottle/f3e1253ef297c9d03bc15c7308fc3e43/front.png
bottle,f3e1253ef297c9d03bc15c7308fc3e43,left,ok,0.177753,192,336,0.246094,docs/tmp/bottle-blank-investigation/center_offset_rerender/bottle/f3e1253ef297c9d03bc15c7308fc3e43/left.png
bottle,f3e1253ef297c9d03bc15c7308fc3e43,back,ok,0.179482,460,121,0.212326,docs/tmp/bottle-blank-investigation/center_offset_rerender/bottle/f3e1253ef297c9d03bc15c7308fc3e43/back.png
bottle,f3e1253ef297c9d03bc15c7308fc3e43,right,ok,0.130013,140,337,0.179977,docs/tmp/bottle-blank-investigation/center_offset_rerender/bottle/f3e1253ef297c9d03bc15c7308fc3e43/right.png
bottle,f56013b96d2fe8322bcb47ef7f2c2208,front,ok,0.355106,450,217,0.372505,docs/tmp/bottle-blank-investigation/center_offset_rerender/bottle/f56013b96d2fe8322bcb47ef7f2c2208/front.png
bottle,f56013b96d2fe8322bcb47ef7f2c2208,left,ok,0.322075,308,381,0.447647,docs/tmp/bottle-blank-investigation/center_offset_rerender/bottle/f56013b96d2fe8322bcb47ef7f2c2208/left.png
bottle,f56013b96d2fe8322bcb47ef7f2c2208,back,ok,0.354027,450,217,0.372505,docs/tmp/bottle-blank-investigation/center_offset_rerender/bottle/f56013b96d2fe8322bcb47ef7f2c2208/back.png
bottle,f56013b96d2fe8322bcb47ef7f2c2208,right,ok,0.276714,308,381,0.447647,docs/tmp/bottle-blank-investigation/center_offset_rerender/bottle/f56013b96d2fe8322bcb47ef7f2c2208/right.png
bottle,f5b2c91ba3be70433e6458df7b1fe513,front,ok,0.227325,453,191,0.330059,docs/tmp/bottle-blank-investigation/center_offset_rerender/bottle/f5b2c91ba3be70433e6458df7b1fe513/front.png
bottle,f5b2c91ba3be70433e6458df7b1fe513,left,ok,0.142643,126,366,0.175919,docs/tmp/bottle-blank-investigation/center_offset_rerender/bottle/f5b2c91ba3be70433e6458df7b1fe513/left.png
bottle,f5b2c91ba3be70433e6458df7b1fe513,back,ok,0.227459,453,191,0.330059,docs/tmp/bottle-blank-investigation/center_offset_rerender/bottle/f5b2c91ba3be70433e6458df7b1fe513/back.png
bottle,f5b2c91ba3be70433e6458df7b1fe513,right,ok,0.099602,82,390,0.121994,docs/tmp/bottle-blank-investigation/center_offset_rerender/bottle/f5b2c91ba3be70433e6458df7b1fe513/right.png
bottle,f5b4c7a9efbe87ed7f4c08dab82fa992,front,ok,0.154167,441,114,0.191780,docs/tmp/bottle-blank-investigation/center_offset_rerender/bottle/f5b4c7a9efbe87ed7f4c08dab82fa992/front.png
bottle,f5b4c7a9efbe87ed7f4c08dab82fa992,left,ok,0.089211,268,265,0.270920,docs/tmp/bottle-blank-investigation/center_offset_rerender/bottle/f5b4c7a9efbe87ed7f4c08dab82fa992/left.png
bottle,f5b4c7a9efbe87ed7f4c08dab82fa992,back,ok,0.087566,377,248,0.356659,docs/tmp/bottle-blank-investigation/center_offset_rerender/bottle/f5b4c7a9efbe87ed7f4c08dab82fa992/back.png
bottle,f5b4c7a9efbe87ed7f4c08dab82fa992,right,ok,0.069981,313,326,0.389244,docs/tmp/bottle-blank-investigation/center_offset_rerender/bottle/f5b4c7a9efbe87ed7f4c08dab82fa992/right.png
bottle,f6ce756d51afc11a19aba92359300cf0,front,ok,0.157516,474,113,0.204323,docs/tmp/bottle-blank-investigation/center_offset_rerender/bottle/f6ce756d51afc11a19aba92359300cf0/front.png
bottle,f6ce756d51afc11a19aba92359300cf0,left,ok,0.167976,181,354,0.244423,docs/tmp/bottle-blank-investigation/center_offset_rerender/bottle/f6ce756d51afc11a19aba92359300cf0/left.png
bottle,f6ce756d51afc11a19aba92359300cf0,back,ok,0.164974,472,114,0.205261,docs/tmp/bottle-blank-investigation/center_offset_rerender/bottle/f6ce756d51afc11a19aba92359300cf0/back.png
bottle,f6ce756d51afc11a19aba92359300cf0,right,ok,0.112701,123,352,0.165161,docs/tmp/bottle-blank-investigation/center_offset_rerender/bottle/f6ce756d51afc11a19aba92359300cf0/right.png
bottle,f908f470ca25944b9da7ae75e43a8c7c,front,ok,0.355106,450,217,0.372505,docs/tmp/bottle-blank-investigation/center_offset_rerender/bottle/f908f470ca25944b9da7ae75e43a8c7c/front.png
bottle,f908f470ca25944b9da7ae75e43a8c7c,left,ok,0.322071,308,381,0.447647,docs/tmp/bottle-blank-investigation/center_offset_rerender/bottle/f908f470ca25944b9da7ae75e43a8c7c/left.png
bottle,f908f470ca25944b9da7ae75e43a8c7c,back,ok,0.354015,450,217,0.372505,docs/tmp/bottle-blank-investigation/center_offset_rerender/bottle/f908f470ca25944b9da7ae75e43a8c7c/back.png
bottle,f908f470ca25944b9da7ae75e43a8c7c,right,ok,0.276909,308,381,0.447647,docs/tmp/bottle-blank-investigation/center_offset_rerender/bottle/f908f470ca25944b9da7ae75e43a8c7c/right.png
bottle,f9996c45c70e945ebfdb4c96be57aa55,front,ok,0.354832,450,217,0.372505,docs/tmp/bottle-blank-investigation/center_offset_rerender/bottle/f9996c45c70e945ebfdb4c96be57aa55/front.png
bottle,f9996c45c70e945ebfdb4c96be57aa55,left,ok,0.321793,307,381,0.446194,docs/tmp/bottle-blank-investigation/center_offset_rerender/bottle/f9996c45c70e945ebfdb4c96be57aa55/left.png
bottle,f9996c45c70e945ebfdb4c96be57aa55,back,ok,0.354084,450,217,0.372505,docs/tmp/bottle-blank-investigation/center_offset_rerender/bottle/f9996c45c70e945ebfdb4c96be57aa55/back.png
bottle,f9996c45c70e945ebfdb4c96be57aa55,right,ok,0.318859,307,381,0.446194,docs/tmp/bottle-blank-investigation/center_offset_rerender/bottle/f9996c45c70e945ebfdb4c96be57aa55/right.png
bottle,fcc544a492adb11cf62a77b51f9b6702,front,ok,0.265995,480,152,0.278320,docs/tmp/bottle-blank-investigation/center_offset_rerender/bottle/fcc544a492adb11cf62a77b51f9b6702/front.png
bottle,fcc544a492adb11cf62a77b51f9b6702,left,ok,0.231518,226,375,0.323296,docs/tmp/bottle-blank-investigation/center_offset_rerender/bottle/fcc544a492adb11cf62a77b51f9b6702/left.png
bottle,fcc544a492adb11cf62a77b51f9b6702,back,ok,0.265957,480,152,0.278320,docs/tmp/bottle-blank-investigation/center_offset_rerender/bottle/fcc544a492adb11cf62a77b51f9b6702/back.png
bottle,fcc544a492adb11cf62a77b51f9b6702,right,ok,0.239216,234,380,0.339203,docs/tmp/bottle-blank-investigation/center_offset_rerender/bottle/fcc544a492adb11cf62a77b51f9b6702/right.png
bottle,fd2b8d3bfa680e2236a6083dab3201cc,front,ok,0.185196,468,121,0.216019,docs/tmp/bottle-blank-investigation/center_offset_rerender/bottle/fd2b8d3bfa680e2236a6083dab3201cc/front.png
bottle,fd2b8d3bfa680e2236a6083dab3201cc,left,ok,0.177795,188,351,0.251724,docs/tmp/bottle-blank-investigation/center_offset_rerender/bottle/fd2b8d3bfa680e2236a6083dab3201cc/left.png
bottle,fd2b8d3bfa680e2236a6083dab3201cc,back,ok,0.185303,468,121,0.216019,docs/tmp/bottle-blank-investigation/center_offset_rerender/bottle/fd2b8d3bfa680e2236a6083dab3201cc/back.png
bottle,fd2b8d3bfa680e2236a6083dab3201cc,right,ok,0.134018,126,349,0.167747,docs/tmp/bottle-blank-investigation/center_offset_rerender/bottle/fd2b8d3bfa680e2236a6083dab3201cc/right.png
bottle,fe9848ae188f3f65c4a935dae29e7072,front,ok,0.133373,464,112,0.198242,docs/tmp/bottle-blank-investigation/center_offset_rerender/bottle/fe9848ae188f3f65c4a935dae29e7072/front.png
bottle,fe9848ae188f3f65c4a935dae29e7072,left,ok,0.130329,162,337,0.208260,docs/tmp/bottle-blank-investigation/center_offset_rerender/bottle/fe9848ae188f3f65c4a935dae29e7072/left.png
bottle,fe9848ae188f3f65c4a935dae29e7072,back,ok,0.136295,453,113,0.195271,docs/tmp/bottle-blank-investigation/center_offset_rerender/bottle/fe9848ae188f3f65c4a935dae29e7072/back.png
bottle,fe9848ae188f3f65c4a935dae29e7072,right,ok,0.073212,112,350,0.149536,docs/tmp/bottle-blank-investigation/center_offset_rerender/bottle/fe9848ae188f3f65c4a935dae29e7072/right.png
