category,uid,view,class,fg_ratio,bbox_width,bbox_height,bbox_area_ratio,max_dim,source_sha256_after,matches_rerender_sha,source_png
bottle,00a64fb677b7f0d9d61e067672356ed1,front,ok,0.219036,456,180,0.313110,456,7c843d043feea63efac112d352c5a92b12915fbbd970be387dbe72d470e248dc,true,/cpfs/user/zhuzihou/assets/dedup_workspaces/test0_transitive_apply_parallel/dataset/GRScenes_assets/bottle/00a64fb677b7f0d9d61e067672356ed1/front.png
bottle,00a64fb677b7f0d9d61e067672356ed1,left,ok,0.134949,119,367,0.166599,367,ba19659c3b245925a2eefed52e9e97d255eec99c349504099b35ff20357c1446,true,/cpfs/user/zhuzihou/assets/dedup_workspaces/test0_transitive_apply_parallel/dataset/GRScenes_assets/bottle/00a64fb677b7f0d9d61e067672356ed1/left.png
bottle,00a64fb677b7f0d9d61e067672356ed1,back,ok,0.219238,457,180,0.313797,457,3f818adf4f4a83ae982a4bb7689d94bd3d9ad2a51ff5af7489b55d5545ea208d,true,/cpfs/user/zhuzihou/assets/dedup_workspaces/test0_transitive_apply_parallel/dataset/GRScenes_assets/bottle/00a64fb677b7f0d9d61e067672356ed1/back.png
bottle,00a64fb677b7f0d9d61e067672356ed1,right,ok,0.095413,78,388,0.115448,388,7bcdf06868e7f71e25b9a036ff28d0bd38d43b44c9fc5a7ef3907993a1c27867,true,/cpfs/user/zhuzihou/assets/dedup_workspaces/test0_transitive_apply_parallel/dataset/GRScenes_assets/bottle/00a64fb677b7f0d9d61e067672356ed1/right.png
bottle,00c47f45cd33a2960d332618824d01c6,front,ok,0.222233,463,144,0.254333,463,9050b28c247dfb738457aeda121bb37fa407569206c0442a7e7aca0f5152a390,true,/cpfs/user/zhuzihou/assets/dedup_workspaces/test0_transitive_apply_parallel/dataset/GRScenes_assets/bottle/00c47f45cd33a2960d332618824d01c6/front.png
bottle,00c47f45cd33a2960d332618824d01c6,left,ok,0.208969,216,352,0.290039,352,69d23fecf5ba07dea25a5d79603220f62441dc7a4740d479b954ec50a4cd2f02,true,/cpfs/user/zhuzihou/assets/dedup_workspaces/test0_transitive_apply_parallel/dataset/GRScenes_assets/bottle/00c47f45cd33a2960d332618824d01c6/left.png
bottle,00c47f45cd33a2960d332618824d01c6,back,ok,0.222191,463,144,0.254333,463,8a79d47e6d0f508dce3b4ea3bb123d00396c76870589d52e08335c70e4980d82,true,/cpfs/user/zhuzihou/assets/dedup_workspaces/test0_transitive_apply_parallel/dataset/GRScenes_assets/bottle/00c47f45cd33a2960d332618824d01c6/back.png
bottle,00c47f45cd33a2960d332618824d01c6,right,ok,0.172176,162,356,0.220001,356,a38c8b7dd894731cdefea6291448c8cf77f8cbf26e8c812ed76b1c85c9a25394,true,/cpfs/user/zhuzihou/assets/dedup_workspaces/test0_transitive_apply_parallel/dataset/GRScenes_assets/bottle/00c47f45cd33a2960d332618824d01c6/right.png
bottle,013fb794b1f4679e24f57ca687b2a23c,front,ok,0.188049,457,142,0.247551,457,1b2bd436b93a4723efd7ca1a813662aaacadca454b1ef7f1aef581874feb10fc,true,/cpfs/user/zhuzihou/assets/dedup_workspaces/test0_transitive_apply_parallel/dataset/GRScenes_assets/bottle/013fb794b1f4679e24f57ca687b2a23c/front.png
bottle,013fb794b1f4679e24f57ca687b2a23c,left,ok,0.193531,206,345,0.271111,345,a474d21fa292570846a5c5006a8524d73d9bb7e5b51529beab605cfe4094d6de,true,/cpfs/user/zhuzihou/assets/dedup_workspaces/test0_transitive_apply_parallel/dataset/GRScenes_assets/bottle/013fb794b1f4679e24f57ca687b2a23c/left.png
bottle,013fb794b1f4679e24f57ca687b2a23c,back,ok,0.187626,458,142,0.248093,458,aade1e3bdb245c99d60d2c6c7fa571326a6f94b1b020ba30d134ab98215a572a,true,/cpfs/user/zhuzihou/assets/dedup_workspaces/test0_transitive_apply_parallel/dataset/GRScenes_assets/bottle/013fb794b1f4679e24f57ca687b2a23c/back.png
bottle,013fb794b1f4679e24f57ca687b2a23c,right,ok,0.110809,136,366,0.189880,366,9b4e7c6592fe80c9fb84d75894e42d59aa4b7bb88c6f5de29853edf1feb20901,true,/cpfs/user/zhuzihou/assets/dedup_workspaces/test0_transitive_apply_parallel/dataset/GRScenes_assets/bottle/013fb794b1f4679e24f57ca687b2a23c/right.png
bottle,0177d045454baecd84e25257f9642cc8,front,ok,0.182957,456,138,0.240051,456,e040a7393ee1537854fe1c012b5cd137774b8cf6efb8d5d0095fc469c5b50db8,true,/cpfs/user/zhuzihou/assets/dedup_workspaces/test0_transitive_apply_parallel/dataset/GRScenes_assets/bottle/0177d045454baecd84e25257f9642cc8/front.png
bottle,0177d045454baecd84e25257f9642cc8,left,ok,0.164871,181,343,0.236828,343,0219da60ea57dcedee55ad06660e3add8546fc9e243f7a5b62a57538cd2c3509,true,/cpfs/user/zhuzihou/assets/dedup_workspaces/test0_transitive_apply_parallel/dataset/GRScenes_assets/bottle/0177d045454baecd84e25257f9642cc8/left.png
bottle,0177d045454baecd84e25257f9642cc8,back,ok,0.187542,454,141,0.244194,454,d55a8f410682404eb7d116192337a61a08f248b8167f9a539a16b36a3ef35766,true,/cpfs/user/zhuzihou/assets/dedup_workspaces/test0_transitive_apply_parallel/dataset/GRScenes_assets/bottle/0177d045454baecd84e25257f9642cc8/back.png
bottle,0177d045454baecd84e25257f9642cc8,right,ok,0.109638,125,353,0.168324,353,308b3b621954067811b6f5c5dbdb24e3ae731504063acaedeba3689bdb292c0c,true,/cpfs/user/zhuzihou/assets/dedup_workspaces/test0_transitive_apply_parallel/dataset/GRScenes_assets/bottle/0177d045454baecd84e25257f9642cc8/right.png
bottle,019adc7dd73fdd009f4e3ab6804651b1,front,ok,0.428516,474,274,0.495438,474,75064e43c7e2640a00b6bb61d33fa084013e48f13b3edb3d292ee9779c6cc199,true,/cpfs/user/zhuzihou/assets/dedup_workspaces/test0_transitive_apply_parallel/dataset/GRScenes_assets/bottle/019adc7dd73fdd009f4e3ab6804651b1/front.png
bottle,019adc7dd73fdd009f4e3ab6804651b1,left,ok,0.407017,354,379,0.511803,379,5fac53dbe25c7b424b15834c2e5717501a5b3fde23836ebb6e277ff866f5fa45,true,/cpfs/user/zhuzihou/assets/dedup_workspaces/test0_transitive_apply_parallel/dataset/GRScenes_assets/bottle/019adc7dd73fdd009f4e3ab6804651b1/left.png
bottle,019adc7dd73fdd009f4e3ab6804651b1,back,ok,0.433029,473,274,0.494392,473,be354abc48ba3da81f6d099f3002b265ec3d5419b245714dc6a01bf70ef393a2,true,/cpfs/user/zhuzihou/assets/dedup_workspaces/test0_transitive_apply_parallel/dataset/GRScenes_assets/bottle/019adc7dd73fdd009f4e3ab6804651b1/back.png
bottle,019adc7dd73fdd009f4e3ab6804651b1,right,ok,0.357044,324,370,0.457306,370,1647fd08efaa120591f6ca892a5b2b4142cd720fe27b2c44b4f8b6e0061cbfff,true,/cpfs/user/zhuzihou/assets/dedup_workspaces/test0_transitive_apply_parallel/dataset/GRScenes_assets/bottle/019adc7dd73fdd009f4e3ab6804651b1/right.png
bottle,01d1b94ffd9c81ce23d9ebdf423a6f03,front,ok,0.292252,480,173,0.316772,480,21216b1622236ab2390860e7555103731bf5c158a2bf9148da1dce9b06d55348,true,/cpfs/user/zhuzihou/assets/dedup_workspaces/test0_transitive_apply_parallel/dataset/GRScenes_assets/bottle/01d1b94ffd9c81ce23d9ebdf423a6f03/front.png
bottle,01d1b94ffd9c81ce23d9ebdf423a6f03,left,ok,0.287903,292,370,0.412140,370,4a067653d267bd7ca4b8d5166ef5a6592c1827be915120319492ec5b12348e8e,true,/cpfs/user/zhuzihou/assets/dedup_workspaces/test0_transitive_apply_parallel/dataset/GRScenes_assets/bottle/01d1b94ffd9c81ce23d9ebdf423a6f03/left.png
bottle,01d1b94ffd9c81ce23d9ebdf423a6f03,back,ok,0.293598,480,173,0.316772,480,7feb552b3b0d3cc12cb3bb5c3d5040ef4d27ac4d36a83a8480e7f2732a422f6d,true,/cpfs/user/zhuzihou/assets/dedup_workspaces/test0_transitive_apply_parallel/dataset/GRScenes_assets/bottle/01d1b94ffd9c81ce23d9ebdf423a6f03/back.png
bottle,01d1b94ffd9c81ce23d9ebdf423a6f03,right,ok,0.287884,294,370,0.414963,370,321c399f6260be67864d540cacea0d70c6459730d3274f7afcd774a2279f3750,true,/cpfs/user/zhuzihou/assets/dedup_workspaces/test0_transitive_apply_parallel/dataset/GRScenes_assets/bottle/01d1b94ffd9c81ce23d9ebdf423a6f03/right.png
bottle,01f27c1a96d01cb2529616358da2c7b8,front,ok,0.160381,473,114,0.205696,473,df1bec3c4b118fb1b6c501ee4acdb77c6881adf34fef9c0bbc9ad87a01cab3ce,true,/cpfs/user/zhuzihou/assets/dedup_workspaces/test0_transitive_apply_parallel/dataset/GRScenes_assets/bottle/01f27c1a96d01cb2529616358da2c7b8/front.png
bottle,01f27c1a96d01cb2529616358da2c7b8,left,ok,0.168941,184,354,0.248474,354,be2cb65f8d185be5ba6903a0dd4587bb0380c13d82cef34082652760ebabf851,true,/cpfs/user/zhuzihou/assets/dedup_workspaces/test0_transitive_apply_parallel/dataset/GRScenes_assets/bottle/01f27c1a96d01cb2529616358da2c7b8/left.png
bottle,01f27c1a96d01cb2529616358da2c7b8,back,ok,0.163620,474,112,0.202515,474,c42deafd3b93b7c1d462fb5d4fee245676676f2367a395f2628975872b801017,true,/cpfs/user/zhuzihou/assets/dedup_workspaces/test0_transitive_apply_parallel/dataset/GRScenes_assets/bottle/01f27c1a96d01cb2529616358da2c7b8/back.png
bottle,01f27c1a96d01cb2529616358da2c7b8,right,ok,0.112823,124,351,0.166031,351,35fe3cb655dd47ba56e87a7cf25eb037d16822e6dbbbdfdcbec675d41a4bb6ae,true,/cpfs/user/zhuzihou/assets/dedup_workspaces/test0_transitive_apply_parallel/dataset/GRScenes_assets/bottle/01f27c1a96d01cb2529616358da2c7b8/right.png
bottle,0209ccaed35203f51af7df64971c6eaa,front,ok,0.200859,454,148,0.256317,454,d10ddc5295b48c29214398c199bd1463658241a12044615d5f316d44f613e617,true,/cpfs/user/zhuzihou/assets/dedup_workspaces/test0_transitive_apply_parallel/dataset/GRScenes_assets/bottle/0209ccaed35203f51af7df64971c6eaa/front.png
bottle,0209ccaed35203f51af7df64971c6eaa,left,ok,0.188038,184,346,0.242859,346,0973a98c953c8ec2ff043129fced8da8aed43a88156ccce0dba20ba8fa3672b3,true,/cpfs/user/zhuzihou/assets/dedup_workspaces/test0_transitive_apply_parallel/dataset/GRScenes_assets/bottle/0209ccaed35203f51af7df64971c6eaa/left.png
bottle,0209ccaed35203f51af7df64971c6eaa,back,ok,0.201000,454,148,0.256317,454,4394e71d882012c95120e63fe1622644fea128b4e4f5b6c374b2dd3b5a4f1923,true,/cpfs/user/zhuzihou/assets/dedup_workspaces/test0_transitive_apply_parallel/dataset/GRScenes_assets/bottle/0209ccaed35203f51af7df64971c6eaa/back.png
bottle,0209ccaed35203f51af7df64971c6eaa,right,ok,0.155998,162,342,0.211349,342,9dc2646ca071957c97a20a8e7c94c6736ac7f8cc880bfc5fc7dbd3ea8173b4b1,true,/cpfs/user/zhuzihou/assets/dedup_workspaces/test0_transitive_apply_parallel/dataset/GRScenes_assets/bottle/0209ccaed35203f51af7df64971c6eaa/right.png
bottle,02f0980a9d72f1f58f4ccbb5fca7b24b,front,ok,0.354164,450,217,0.372505,450,56d86fd6aa00c43cf310d1b79ff34f4fc27e82ad51ccbd1399186dd08baeb429,true,/cpfs/user/zhuzihou/assets/dedup_workspaces/test0_transitive_apply_parallel/dataset/GRScenes_assets/bottle/02f0980a9d72f1f58f4ccbb5fca7b24b/front.png
bottle,02f0980a9d72f1f58f4ccbb5fca7b24b,left,ok,0.322647,308,381,0.447647,381,3b57a0cc051c1afd061b5e88b6b3b877c8db5aeba8c544386271a6af48b2eac4,true,/cpfs/user/zhuzihou/assets/dedup_workspaces/test0_transitive_apply_parallel/dataset/GRScenes_assets/bottle/02f0980a9d72f1f58f4ccbb5fca7b24b/left.png
bottle,02f0980a9d72f1f58f4ccbb5fca7b24b,back,ok,0.355686,450,217,0.372505,450,d7725292f17884b11e3478c697976414315c582cddf4de6a8c46a6989cfc55e4,true,/cpfs/user/zhuzihou/assets/dedup_workspaces/test0_transitive_apply_parallel/dataset/GRScenes_assets/bottle/02f0980a9d72f1f58f4ccbb5fca7b24b/back.png
bottle,02f0980a9d72f1f58f4ccbb5fca7b24b,right,ok,0.320000,308,381,0.447647,381,fd03125d7285baac4ade67458b33abe61321f8daa95459ae5f3e547f7372bb9e,true,/cpfs/user/zhuzihou/assets/dedup_workspaces/test0_transitive_apply_parallel/dataset/GRScenes_assets/bottle/02f0980a9d72f1f58f4ccbb5fca7b24b/right.png
bottle,03043a8cf7e5ef575be50a42b8521b7c,front,ok,0.190342,451,138,0.237419,451,3cc64441e5eb5d26c77bbf83b8ff621fed167e1c1a30e8cf63e63a5a3cb084af,true,/cpfs/user/zhuzihou/assets/dedup_workspaces/test0_transitive_apply_parallel/dataset/GRScenes_assets/bottle/03043a8cf7e5ef575be50a42b8521b7c/front.png
bottle,03043a8cf7e5ef575be50a42b8521b7c,left,ok,0.157257,170,337,0.218544,337,cb23f282dfd6412d2d731f38f96ec73d4c47b52bdb91b5be49e1bacbf763c968,true,/cpfs/user/zhuzihou/assets/dedup_workspaces/test0_transitive_apply_parallel/dataset/GRScenes_assets/bottle/03043a8cf7e5ef575be50a42b8521b7c/left.png
bottle,03043a8cf7e5ef575be50a42b8521b7c,back,ok,0.189926,448,138,0.235840,448,149ef65e8389268eee3c932cbb746d5cd75fd71b1c3ec009d78552a20106c1e2,true,/cpfs/user/zhuzihou/assets/dedup_workspaces/test0_transitive_apply_parallel/dataset/GRScenes_assets/bottle/03043a8cf7e5ef575be50a42b8521b7c/back.png
bottle,03043a8cf7e5ef575be50a42b8521b7c,right,ok,0.128685,136,343,0.177948,343,8f58850cfefb4b15cf6142379f13a4062b36c49392322b6fb9adc550072a7b3b,true,/cpfs/user/zhuzihou/assets/dedup_workspaces/test0_transitive_apply_parallel/dataset/GRScenes_assets/bottle/03043a8cf7e5ef575be50a42b8521b7c/right.png
bottle,0339a33c619fc45c0c171d9ac885e963,front,ok,0.195511,460,132,0.231628,460,cac6c93afa5bd8d2002b935ca673dbba48d208282dc9bb4b6d9f269d9d261a1d,true,/cpfs/user/zhuzihou/assets/dedup_workspaces/test0_transitive_apply_parallel/dataset/GRScenes_assets/bottle/0339a33c619fc45c0c171d9ac885e963/front.png
bottle,0339a33c619fc45c0c171d9ac885e963,left,ok,0.184376,196,344,0.257202,344,e1becfb8781649c9925d4ff3e1c9332640c9dc5444d16dc5a2afb9fa682be72d,true,/cpfs/user/zhuzihou/assets/dedup_workspaces/test0_transitive_apply_parallel/dataset/GRScenes_assets/bottle/0339a33c619fc45c0c171d9ac885e963/left.png
bottle,0339a33c619fc45c0c171d9ac885e963,back,ok,0.196178,460,132,0.231628,460,b5586193869b7412fc9c5a81719a510e27c2f9f941e72afe25b137dc9e8d532f,true,/cpfs/user/zhuzihou/assets/dedup_workspaces/test0_transitive_apply_parallel/dataset/GRScenes_assets/bottle/0339a33c619fc45c0c171d9ac885e963/back.png
bottle,0339a33c619fc45c0c171d9ac885e963,right,ok,0.142128,140,346,0.184784,346,c63c519c80b99309cae4f78aaf5b9aee2496c370b8969b68d18521be08807cf4,true,/cpfs/user/zhuzihou/assets/dedup_workspaces/test0_transitive_apply_parallel/dataset/GRScenes_assets/bottle/0339a33c619fc45c0c171d9ac885e963/right.png
bottle,0341504615d325859cc11d0ef706c48f,front,ok,0.345413,450,216,0.370789,450,5e8fe0592ef86362bfd12db5bab8328424423f9cdc1cf972a5ad3c0cbd6d998c,true,/cpfs/user/zhuzihou/assets/dedup_workspaces/test0_transitive_apply_parallel/dataset/GRScenes_assets/bottle/0341504615d325859cc11d0ef706c48f/front.png
bottle,0341504615d325859cc11d0ef706c48f,left,ok,0.318279,308,381,0.447647,381,d3cf8ffbc5d7f61f14fb08d6321bb33c626a70a03b0bc7a0d0e49760657cac7f,true,/cpfs/user/zhuzihou/assets/dedup_workspaces/test0_transitive_apply_parallel/dataset/GRScenes_assets/bottle/0341504615d325859cc11d0ef706c48f/left.png
bottle,0341504615d325859cc11d0ef706c48f,back,ok,0.343697,450,217,0.372505,450,d2f609d4297ff53a137d627fb95ecbc942217b5c23c6c10b6db217c7119ff7d8,true,/cpfs/user/zhuzihou/assets/dedup_workspaces/test0_transitive_apply_parallel/dataset/GRScenes_assets/bottle/0341504615d325859cc11d0ef706c48f/back.png
bottle,0341504615d325859cc11d0ef706c48f,right,ok,0.317295,308,381,0.447647,381,65a84ccfa5463787d3d01ae4f227b296b1b0340968b5b58d4a522bf3e25f3ca8,true,/cpfs/user/zhuzihou/assets/dedup_workspaces/test0_transitive_apply_parallel/dataset/GRScenes_assets/bottle/0341504615d325859cc11d0ef706c48f/right.png
bottle,0356ec2c0ef1e9c927ffee0c63e2afeb,front,ok,0.356163,338,303,0.390678,338,9d9affccdd58dcc133537d30524bcd2f52b0520fd4989cd35b62b604dfdc85d0,true,/cpfs/user/zhuzihou/assets/dedup_workspaces/test0_transitive_apply_parallel/dataset/GRScenes_assets/bottle/0356ec2c0ef1e9c927ffee0c63e2afeb/front.png
bottle,0356ec2c0ef1e9c927ffee0c63e2afeb,left,ok,0.247013,274,399,0.417046,399,78723e28500486b9d90218767b5f18cd72d22543b6964fd3328509d8bd3601a4,true,/cpfs/user/zhuzihou/assets/dedup_workspaces/test0_transitive_apply_parallel/dataset/GRScenes_assets/bottle/0356ec2c0ef1e9c927ffee0c63e2afeb/left.png
bottle,0356ec2c0ef1e9c927ffee0c63e2afeb,back,ok,0.335121,338,303,0.390678,338,fa937b4ec3b678b5146e0cc7ccbf84024dceaa31aafc76a3f2204d342a92ea7d,true,/cpfs/user/zhuzihou/assets/dedup_workspaces/test0_transitive_apply_parallel/dataset/GRScenes_assets/bottle/0356ec2c0ef1e9c927ffee0c63e2afeb/back.png
bottle,0356ec2c0ef1e9c927ffee0c63e2afeb,right,ok,0.310677,274,399,0.417046,399,6c1c35bcea2b801f96d796e4d1070a2d341e3732da526e16516125e982b0559e,true,/cpfs/user/zhuzihou/assets/dedup_workspaces/test0_transitive_apply_parallel/dataset/GRScenes_assets/bottle/0356ec2c0ef1e9c927ffee0c63e2afeb/right.png
bottle,037516885a561ef351ba52791ae2a8f5,front,ok,0.267590,450,199,0.341606,450,1ea479ff5bd72fe01569d950ce7fd9dbdb90d4a78146450b65056ae18d5876e1,true,/cpfs/user/zhuzihou/assets/dedup_workspaces/test0_transitive_apply_parallel/dataset/GRScenes_assets/bottle/037516885a561ef351ba52791ae2a8f5/front.png
bottle,037516885a561ef351ba52791ae2a8f5,left,ok,0.220730,204,351,0.273148,351,50066a77d4e9d66e2e8418e18692f928cb667c81d7b6254540d6f671fde094cc,true,/cpfs/user/zhuzihou/assets/dedup_workspaces/test0_transitive_apply_parallel/dataset/GRScenes_assets/bottle/037516885a561ef351ba52791ae2a8f5/left.png
bottle,037516885a561ef351ba52791ae2a8f5,back,ok,0.267628,450,199,0.341606,450,6e52715d006b81d93f8e86a41c3e68853a4ecd50412a3b754935f4629c20ad30,true,/cpfs/user/zhuzihou/assets/dedup_workspaces/test0_transitive_apply_parallel/dataset/GRScenes_assets/bottle/037516885a561ef351ba52791ae2a8f5/back.png
bottle,037516885a561ef351ba52791ae2a8f5,right,ok,0.152542,152,356,0.206421,356,b58b5478020145c183c00a634e21cee0011e3f4cfc375c6383c4fb224e7595c0,true,/cpfs/user/zhuzihou/assets/dedup_workspaces/test0_transitive_apply_parallel/dataset/GRScenes_assets/bottle/037516885a561ef351ba52791ae2a8f5/right.png
bottle,037dac1784b9b49466b937b09bbb0f88,front,ok,0.206192,458,151,0.263817,458,02f86a92cfff8a777ca223848d39024d7cd6839ebc20cf6671a90808a8ac6807,true,/cpfs/user/zhuzihou/assets/dedup_workspaces/test0_transitive_apply_parallel/dataset/GRScenes_assets/bottle/037dac1784b9b49466b937b09bbb0f88/front.png
bottle,037dac1784b9b49466b937b09bbb0f88,left,ok,0.186783,195,355,0.264072,355,9554d81472808df04ff4bef1db5519c2be6e0d5824d0e1248a31e6dbc5f2b91e,true,/cpfs/user/zhuzihou/assets/dedup_workspaces/test0_transitive_apply_parallel/dataset/GRScenes_assets/bottle/037dac1784b9b49466b937b09bbb0f88/left.png
bottle,037dac1784b9b49466b937b09bbb0f88,back,ok,0.206985,459,151,0.264393,459,25f97b819b1d05ff1bc6cd749a74e88da239cb2d3c7d1c75157574a6ee72cd30,true,/cpfs/user/zhuzihou/assets/dedup_workspaces/test0_transitive_apply_parallel/dataset/GRScenes_assets/bottle/037dac1784b9b49466b937b09bbb0f88/back.png
bottle,037dac1784b9b49466b937b09bbb0f88,right,ok,0.124722,127,355,0.171986,355,3fce1f5a463ae218343bee103cb2ff585e23bb4337909c063f7a7c9e82005205,true,/cpfs/user/zhuzihou/assets/dedup_workspaces/test0_transitive_apply_parallel/dataset/GRScenes_assets/bottle/037dac1784b9b49466b937b09bbb0f88/right.png
bottle,03b79735c14a4f0cbfa26b9b4fcabd14,front,ok,0.165985,473,114,0.205696,473,e7b52aa82686d314ff42af5b20863e201f7837eb203f91d791df5899e5f8fd1e,true,/cpfs/user/zhuzihou/assets/dedup_workspaces/test0_transitive_apply_parallel/dataset/GRScenes_assets/bottle/03b79735c14a4f0cbfa26b9b4fcabd14/front.png
bottle,03b79735c14a4f0cbfa26b9b4fcabd14,left,ok,0.170094,184,354,0.248474,354,70db56443027c7e23e40a9e8aaee15e5a3a4277edf031c1790015cc4f9b60244,true,/cpfs/user/zhuzihou/assets/dedup_workspaces/test0_transitive_apply_parallel/dataset/GRScenes_assets/bottle/03b79735c14a4f0cbfa26b9b4fcabd14/left.png
bottle,03b79735c14a4f0cbfa26b9b4fcabd14,back,ok,0.164116,474,112,0.202515,474,d98045365b73c24269e93b367123ed8be26171a70ead7de178acea0b78a44350,true,/cpfs/user/zhuzihou/assets/dedup_workspaces/test0_transitive_apply_parallel/dataset/GRScenes_assets/bottle/03b79735c14a4f0cbfa26b9b4fcabd14/back.png
bottle,03b79735c14a4f0cbfa26b9b4fcabd14,right,ok,0.113533,124,351,0.166031,351,ce6ed1eafa59972d56ca61570d482c09c64bdee83023e5f38eb3397bf2eecc31,true,/cpfs/user/zhuzihou/assets/dedup_workspaces/test0_transitive_apply_parallel/dataset/GRScenes_assets/bottle/03b79735c14a4f0cbfa26b9b4fcabd14/right.png
bottle,04194c8895e27440af7cfb84ed0110aa,front,ok,0.188019,456,141,0.245270,456,c662c89768e39725bddff068a13644bd5256e3028191c16bf972889acd25b0b5,true,/cpfs/user/zhuzihou/assets/dedup_workspaces/test0_transitive_apply_parallel/dataset/GRScenes_assets/bottle/04194c8895e27440af7cfb84ed0110aa/front.png
bottle,04194c8895e27440af7cfb84ed0110aa,left,ok,0.166378,180,348,0.238953,348,67e1be02b1482c83c5e8d0dae8050477a5115191b1491ea07b9c723789b332e1,true,/cpfs/user/zhuzihou/assets/dedup_workspaces/test0_transitive_apply_parallel/dataset/GRScenes_assets/bottle/04194c8895e27440af7cfb84ed0110aa/left.png
bottle,04194c8895e27440af7cfb84ed0110aa,back,ok,0.183311,457,138,0.240578,457,40a4c6e6569cc711c3d802071cefe4fa3ef6415bcbc2b55732a021efd06f8796,true,/cpfs/user/zhuzihou/assets/dedup_workspaces/test0_transitive_apply_parallel/dataset/GRScenes_assets/bottle/04194c8895e27440af7cfb84ed0110aa/back.png
bottle,04194c8895e27440af7cfb84ed0110aa,right,ok,0.108089,126,346,0.166306,346,05acdf19fd934d883c4d684d0fdd79e1ff098a9d125b7ac2ae99a4e8eccd8922,true,/cpfs/user/zhuzihou/assets/dedup_workspaces/test0_transitive_apply_parallel/dataset/GRScenes_assets/bottle/04194c8895e27440af7cfb84ed0110aa/right.png
bottle,04304efee0b4c6d92955b112f9325ad5,front,ok,0.152161,474,108,0.195282,474,8ad8afb24780f26fac278fe795fddee14347c9e0b97fcfb1aa51e0b68d31c203,true,/cpfs/user/zhuzihou/assets/dedup_workspaces/test0_transitive_apply_parallel/dataset/GRScenes_assets/bottle/04304efee0b4c6d92955b112f9325ad5/front.png
bottle,04304efee0b4c6d92955b112f9325ad5,left,ok,0.159245,173,354,0.233620,354,7d79343f9dabeb760cfc631e444813be13d70aa0dd7a409c904bb1c13f9695dc,true,/cpfs/user/zhuzihou/assets/dedup_workspaces/test0_transitive_apply_parallel/dataset/GRScenes_assets/bottle/04304efee0b4c6d92955b112f9325ad5/left.png
bottle,04304efee0b4c6d92955b112f9325ad5,back,ok,0.154789,475,106,0.192070,475,f742eabb60e3d7dbe9f20790b46fa4214af608ff4a8e4d925c4df1187d21acca,true,/cpfs/user/zhuzihou/assets/dedup_workspaces/test0_transitive_apply_parallel/dataset/GRScenes_assets/bottle/04304efee0b4c6d92955b112f9325ad5/back.png
bottle,04304efee0b4c6d92955b112f9325ad5,right,ok,0.106255,117,350,0.156212,350,f4d862862b37d6a885360f47cfc350da80b82db43f680e7f47739d0adc70a4e1,true,/cpfs/user/zhuzihou/assets/dedup_workspaces/test0_transitive_apply_parallel/dataset/GRScenes_assets/bottle/04304efee0b4c6d92955b112f9325ad5/right.png
bottle,0462e9b454b32ce7036005d6f9f3201e,front,ok,0.354614,450,217,0.372505,450,5fdcdb688e1a4d7269034ee0e9e2383ea6c0ed47e7f90d733044965db9c46fd6,true,/cpfs/user/zhuzihou/assets/dedup_workspaces/test0_transitive_apply_parallel/dataset/GRScenes_assets/bottle/0462e9b454b32ce7036005d6f9f3201e/front.png
bottle,0462e9b454b32ce7036005d6f9f3201e,left,ok,0.320908,308,381,0.447647,381,4e104d134024c2421892dbfce8e8a650dfd5fedf700c0d8317cad05ecbc30270,true,/cpfs/user/zhuzihou/assets/dedup_workspaces/test0_transitive_apply_parallel/dataset/GRScenes_assets/bottle/0462e9b454b32ce7036005d6f9f3201e/left.png
bottle,0462e9b454b32ce7036005d6f9f3201e,back,ok,0.354576,450,217,0.372505,450,0d0bec5ac088c96e31743278183868f6d1eddb156c833c263ba087ca8c3f16d1,true,/cpfs/user/zhuzihou/assets/dedup_workspaces/test0_transitive_apply_parallel/dataset/GRScenes_assets/bottle/0462e9b454b32ce7036005d6f9f3201e/back.png
bottle,0462e9b454b32ce7036005d6f9f3201e,right,ok,0.319584,308,381,0.447647,381,bcef08ada80ba51e32b69b742f34aacc36f7110c5084c45275b8207ba2f8de25,true,/cpfs/user/zhuzihou/assets/dedup_workspaces/test0_transitive_apply_parallel/dataset/GRScenes_assets/bottle/0462e9b454b32ce7036005d6f9f3201e/right.png
bottle,0498dea42b160a172c69aabf75503a8d,front,ok,0.190342,451,138,0.237419,451,fd5031f24acf6982ef52da7f1310719c09fc07fd28b387df352c318d387d7017,true,/cpfs/user/zhuzihou/assets/dedup_workspaces/test0_transitive_apply_parallel/dataset/GRScenes_assets/bottle/0498dea42b160a172c69aabf75503a8d/front.png
bottle,0498dea42b160a172c69aabf75503a8d,left,ok,0.157257,170,337,0.218544,337,617617fd2ebfbb373da912cfd557309e8e92c991fcf46dcaf5ef70d08b82efb8,true,/cpfs/user/zhuzihou/assets/dedup_workspaces/test0_transitive_apply_parallel/dataset/GRScenes_assets/bottle/0498dea42b160a172c69aabf75503a8d/left.png
bottle,0498dea42b160a172c69aabf75503a8d,back,ok,0.189926,448,138,0.235840,448,49a007f71d17975b278fea49ff32f3745ac5f73322c9aadb580f605b43c21f04,true,/cpfs/user/zhuzihou/assets/dedup_workspaces/test0_transitive_apply_parallel/dataset/GRScenes_assets/bottle/0498dea42b160a172c69aabf75503a8d/back.png
bottle,0498dea42b160a172c69aabf75503a8d,right,ok,0.128685,136,343,0.177948,343,db99b0f4b680eefe604cc730cfc52e228224657ca2bffa2d84c745a803d8f97c,true,/cpfs/user/zhuzihou/assets/dedup_workspaces/test0_transitive_apply_parallel/dataset/GRScenes_assets/bottle/0498dea42b160a172c69aabf75503a8d/right.png
bottle,04a98b437b4441d2480ac8b9327d5b34,front,ok,0.232044,430,185,0.303459,430,84542fad4a15f4b9465001c3de9cee38fe6ef219a536298c85bd47a9090a1255,true,/cpfs/user/zhuzihou/assets/dedup_workspaces/test0_transitive_apply_parallel/dataset/GRScenes_assets/bottle/04a98b437b4441d2480ac8b9327d5b34/front.png
bottle,04a98b437b4441d2480ac8b9327d5b34,left,ok,0.268463,296,320,0.361328,320,91ae52c40f05f67eee9d0689d2baf41a2e1fae1ea5e0fc1c25614998a5f8140b,true,/cpfs/user/zhuzihou/assets/dedup_workspaces/test0_transitive_apply_parallel/dataset/GRScenes_assets/bottle/04a98b437b4441d2480ac8b9327d5b34/left.png
bottle,04a98b437b4441d2480ac8b9327d5b34,back,ok,0.247547,431,186,0.305809,431,e5a66b7c9fa9adc79a58b04412f24f100514570ef952abf0cd30f55e099d167b,true,/cpfs/user/zhuzihou/assets/dedup_workspaces/test0_transitive_apply_parallel/dataset/GRScenes_assets/bottle/04a98b437b4441d2480ac8b9327d5b34/back.png
bottle,04a98b437b4441d2480ac8b9327d5b34,right,ok,0.184059,224,326,0.278564,326,a6c84d709e6d1fbcf240edf9363099cb6cd6aab081a66d497c200f31a4b16f88,true,/cpfs/user/zhuzihou/assets/dedup_workspaces/test0_transitive_apply_parallel/dataset/GRScenes_assets/bottle/04a98b437b4441d2480ac8b9327d5b34/right.png
bottle,04e73f686839e1b3cc45007dd1c38d20,front,ok,0.152893,466,117,0.207985,466,bdadf17ae979fa16fb51b763086855a8c2a82a7025f0af78e7fdae2125063ca7,true,/cpfs/user/zhuzihou/assets/dedup_workspaces/test0_transitive_apply_parallel/dataset/GRScenes_assets/bottle/04e73f686839e1b3cc45007dd1c38d20/front.png
bottle,04e73f686839e1b3cc45007dd1c38d20,left,ok,0.139286,152,351,0.203522,351,0334bb1aea1608c69c188c441b776c11afc8c4746182c1acd92536cd5143666f,true,/cpfs/user/zhuzihou/assets/dedup_workspaces/test0_transitive_apply_parallel/dataset/GRScenes_assets/bottle/04e73f686839e1b3cc45007dd1c38d20/left.png
bottle,04e73f686839e1b3cc45007dd1c38d20,back,ok,0.153244,466,117,0.207985,466,6da0ba90da2fda1ede58f655d384b595bed96b3c8d95fb5e7a46d194fffe4dcb,true,/cpfs/user/zhuzihou/assets/dedup_workspaces/test0_transitive_apply_parallel/dataset/GRScenes_assets/bottle/04e73f686839e1b3cc45007dd1c38d20/back.png
bottle,04e73f686839e1b3cc45007dd1c38d20,right,ok,0.090076,88,350,0.117493,350,b26722da967a9c21e889eac33bc83fc3e92c62f7f320773dbf3d4dd9727cd489,true,/cpfs/user/zhuzihou/assets/dedup_workspaces/test0_transitive_apply_parallel/dataset/GRScenes_assets/bottle/04e73f686839e1b3cc45007dd1c38d20/right.png
bottle,05845c789b8d5abd2580bd8f1c86aca3,front,ok,0.354618,450,217,0.372505,450,0f16ec896fb09210d92b011347f40279dbcb0fa0c0ac5bc50e07a7a85f6b7939,true,/cpfs/user/zhuzihou/assets/dedup_workspaces/test0_transitive_apply_parallel/dataset/GRScenes_assets/bottle/05845c789b8d5abd2580bd8f1c86aca3/front.png
bottle,05845c789b8d5abd2580bd8f1c86aca3,left,ok,0.320824,308,381,0.447647,381,4e810b444c406085f97e3d258d28f544f3840e1580f69cc23e6ea2715abee049,true,/cpfs/user/zhuzihou/assets/dedup_workspaces/test0_transitive_apply_parallel/dataset/GRScenes_assets/bottle/05845c789b8d5abd2580bd8f1c86aca3/left.png
bottle,05845c789b8d5abd2580bd8f1c86aca3,back,ok,0.352222,450,217,0.372505,450,211e7909056e3d65dca3987a7a02d0df86d78cb1d7c7225f7ad6b1689c739237,true,/cpfs/user/zhuzihou/assets/dedup_workspaces/test0_transitive_apply_parallel/dataset/GRScenes_assets/bottle/05845c789b8d5abd2580bd8f1c86aca3/back.png
bottle,05845c789b8d5abd2580bd8f1c86aca3,right,ok,0.320774,308,381,0.447647,381,ae588a0a78f6ac642500a73c4f8dc7bc7b1c9b8248590425a042d3377590ca3d,true,/cpfs/user/zhuzihou/assets/dedup_workspaces/test0_transitive_apply_parallel/dataset/GRScenes_assets/bottle/05845c789b8d5abd2580bd8f1c86aca3/right.png
bottle,058a7f81dfdaf957fba5eda7caa38358,front,ok,0.353996,436,224,0.372559,436,337bbf146be5443fbd474c688162d78cea43cab5a286fbd3f3a33c97a1591de7,true,/cpfs/user/zhuzihou/assets/dedup_workspaces/test0_transitive_apply_parallel/dataset/GRScenes_assets/bottle/058a7f81dfdaf957fba5eda7caa38358/front.png
bottle,058a7f81dfdaf957fba5eda7caa38358,left,ok,0.320190,308,376,0.441772,376,02726a343cdebfed38fb86fcf8cd5577d85ab87008cd93944bf2d9c0f7cbe745,true,/cpfs/user/zhuzihou/assets/dedup_workspaces/test0_transitive_apply_parallel/dataset/GRScenes_assets/bottle/058a7f81dfdaf957fba5eda7caa38358/left.png
bottle,058a7f81dfdaf957fba5eda7caa38358,back,ok,0.354004,436,224,0.372559,436,f66e85d899aa3b8f22ce27d01f35e4e524c255f457c0b5d9ae2e2921fb497f2b,true,/cpfs/user/zhuzihou/assets/dedup_workspaces/test0_transitive_apply_parallel/dataset/GRScenes_assets/bottle/058a7f81dfdaf957fba5eda7caa38358/back.png
bottle,058a7f81dfdaf957fba5eda7caa38358,right,ok,0.318375,308,376,0.441772,376,4840d1867ed521cdba542ee72a747e11396cceb96d9b3ca18e5f20dc051a6d8a,true,/cpfs/user/zhuzihou/assets/dedup_workspaces/test0_transitive_apply_parallel/dataset/GRScenes_assets/bottle/058a7f81dfdaf957fba5eda7caa38358/right.png
bottle,05b2ac9d79338e1744ac82ea0a700195,front,ok,0.189617,451,138,0.237419,451,7bf17dffafe9ae312692ab3e320b46929ae2c592fb71f9f383bb2afadad6e02e,true,/cpfs/user/zhuzihou/assets/dedup_workspaces/test0_transitive_apply_parallel/dataset/GRScenes_assets/bottle/05b2ac9d79338e1744ac82ea0a700195/front.png
bottle,05b2ac9d79338e1744ac82ea0a700195,left,ok,0.157158,170,337,0.218544,337,e1f0ba437b814664fd821a995d2afe82b889d6d4c1a2ca89306dd2417b3c9e7e,true,/cpfs/user/zhuzihou/assets/dedup_workspaces/test0_transitive_apply_parallel/dataset/GRScenes_assets/bottle/05b2ac9d79338e1744ac82ea0a700195/left.png
bottle,05b2ac9d79338e1744ac82ea0a700195,back,ok,0.189922,448,138,0.235840,448,a3c6a75bc3a4b6906d65ab4e6284988d860d3ad399db1e114a7b9ad98358d27a,true,/cpfs/user/zhuzihou/assets/dedup_workspaces/test0_transitive_apply_parallel/dataset/GRScenes_assets/bottle/05b2ac9d79338e1744ac82ea0a700195/back.png
bottle,05b2ac9d79338e1744ac82ea0a700195,right,ok,0.128685,136,343,0.177948,343,cf7625b12dddb0bc3f98a0e7120e6e2432ea179d20587a999e45eff1aa76e70a,true,/cpfs/user/zhuzihou/assets/dedup_workspaces/test0_transitive_apply_parallel/dataset/GRScenes_assets/bottle/05b2ac9d79338e1744ac82ea0a700195/right.png
bottle,05b338342eb597089839390f5ee422d1,front,ok,0.315689,437,209,0.348408,437,b338c4e281cffdaa4224f37bf55379af5902bb2cdad967ca3d32a7663cf604bb,true,/cpfs/user/zhuzihou/assets/dedup_workspaces/test0_transitive_apply_parallel/dataset/GRScenes_assets/bottle/05b338342eb597089839390f5ee422d1/front.png
bottle,05b338342eb597089839390f5ee422d1,left,ok,0.311359,324,347,0.428879,347,10f33256a521437deea1153d60dcea49f95bcf92dcb9305b0a8b0d73e9af7538,true,/cpfs/user/zhuzihou/assets/dedup_workspaces/test0_transitive_apply_parallel/dataset/GRScenes_assets/bottle/05b338342eb597089839390f5ee422d1/left.png
bottle,05b338342eb597089839390f5ee422d1,back,ok,0.315735,437,209,0.348408,437,67a726ac3c0fc36900e6044da4b7dfbbff66bce7fa3d31a4fa75198431a26b6e,true,/cpfs/user/zhuzihou/assets/dedup_workspaces/test0_transitive_apply_parallel/dataset/GRScenes_assets/bottle/05b338342eb597089839390f5ee422d1/back.png
bottle,05b338342eb597089839390f5ee422d1,right,ok,0.299591,292,352,0.392090,352,69b7d59d39e81b0ada9ca621524b0fd75a968d2678f1aeacf4fce58e1640ec88,true,/cpfs/user/zhuzihou/assets/dedup_workspaces/test0_transitive_apply_parallel/dataset/GRScenes_assets/bottle/05b338342eb597089839390f5ee422d1/right.png
bottle,06a8c1b150642fe7a850aabab1360407,front,ok,0.285248,479,162,0.296013,479,0f126056230b5d20eba224c442043de50172690f5eb73b0a9a5351c69dc9bb1b,true,/cpfs/user/zhuzihou/assets/dedup_workspaces/test0_transitive_apply_parallel/dataset/GRScenes_assets/bottle/06a8c1b150642fe7a850aabab1360407/front.png
bottle,06a8c1b150642fe7a850aabab1360407,left,ok,0.250587,240,382,0.349731,382,ce50eda1da43e6454309dfaab383a60d707e29d98bab47a3e04d81f9cf80f5c9,true,/cpfs/user/zhuzihou/assets/dedup_workspaces/test0_transitive_apply_parallel/dataset/GRScenes_assets/bottle/06a8c1b150642fe7a850aabab1360407/left.png
bottle,06a8c1b150642fe7a850aabab1360407,back,ok,0.285633,479,164,0.299667,479,8ab8312a7a06d9c267b869080a16adc8956a313e13d6b319892a6ebacbe0cbdd,true,/cpfs/user/zhuzihou/assets/dedup_workspaces/test0_transitive_apply_parallel/dataset/GRScenes_assets/bottle/06a8c1b150642fe7a850aabab1360407/back.png
bottle,06a8c1b150642fe7a850aabab1360407,right,ok,0.254978,246,382,0.358475,382,076a5ff1d484f1a07df776c7dc6eb6382f19e9f1cf847f549ae9d218ebeb362c,true,/cpfs/user/zhuzihou/assets/dedup_workspaces/test0_transitive_apply_parallel/dataset/GRScenes_assets/bottle/06a8c1b150642fe7a850aabab1360407/right.png
bottle,072394c41d664826d195377b0e96a84f,front,ok,0.179180,460,121,0.212326,460,d34a2ffa278d44829a8e84a8959ad5aae0a4f3fdfda3cf6cda87b8b0d85a86fb,true,/cpfs/user/zhuzihou/assets/dedup_workspaces/test0_transitive_apply_parallel/dataset/GRScenes_assets/bottle/072394c41d664826d195377b0e96a84f/front.png
bottle,072394c41d664826d195377b0e96a84f,left,ok,0.177753,192,336,0.246094,336,a17f8d417c007d5c2a4c0c10f839df5cb6fa915c525df999b9065e0c91c0a588,true,/cpfs/user/zhuzihou/assets/dedup_workspaces/test0_transitive_apply_parallel/dataset/GRScenes_assets/bottle/072394c41d664826d195377b0e96a84f/left.png
bottle,072394c41d664826d195377b0e96a84f,back,ok,0.179493,460,121,0.212326,460,30b4e076b9eee12795c389e327a8d0ab76b86a764a0b7372dec4d886be553f30,true,/cpfs/user/zhuzihou/assets/dedup_workspaces/test0_transitive_apply_parallel/dataset/GRScenes_assets/bottle/072394c41d664826d195377b0e96a84f/back.png
bottle,072394c41d664826d195377b0e96a84f,right,ok,0.130013,140,337,0.179977,337,8ac193e66f9a7f7fc72aa15293569756e334cc85a1e734a0fcd98705fc842461,true,/cpfs/user/zhuzihou/assets/dedup_workspaces/test0_transitive_apply_parallel/dataset/GRScenes_assets/bottle/072394c41d664826d195377b0e96a84f/right.png
bottle,07249a8ffce099b71b995ad9b8e15cd1,front,ok,0.115448,417,132,0.209976,417,7ae71ee5446ce31607876e654ea393574409c985c14d5eb8cfd93c371b9228b1,true,/cpfs/user/zhuzihou/assets/dedup_workspaces/test0_transitive_apply_parallel/dataset/GRScenes_assets/bottle/07249a8ffce099b71b995ad9b8e15cd1/front.png
bottle,07249a8ffce099b71b995ad9b8e15cd1,left,ok,0.077801,120,391,0.178986,391,223c8e6157c255caad0fd3ce0205fd4afeaf44b665f0c563b66be241573d061f,true,/cpfs/user/zhuzihou/assets/dedup_workspaces/test0_transitive_apply_parallel/dataset/GRScenes_assets/bottle/07249a8ffce099b71b995ad9b8e15cd1/left.png
bottle,07249a8ffce099b71b995ad9b8e15cd1,back,ok,0.119961,439,173,0.289715,439,537af7f6e640e23099ec4ca04592bdb49fd6177e620334287c371a2df7e8193d,true,/cpfs/user/zhuzihou/assets/dedup_workspaces/test0_transitive_apply_parallel/dataset/GRScenes_assets/bottle/07249a8ffce099b71b995ad9b8e15cd1/back.png
bottle,07249a8ffce099b71b995ad9b8e15cd1,right,ok,0.132408,150,280,0.160217,280,142705a59f14d632ead5cbf5798e7b9b342975a3e6b94f7618d0c4702cb796f0,true,/cpfs/user/zhuzihou/assets/dedup_workspaces/test0_transitive_apply_parallel/dataset/GRScenes_assets/bottle/07249a8ffce099b71b995ad9b8e15cd1/right.png
bottle,073eb262d3d51b6d9ec1169f28e7538e,front,ok,0.194447,456,142,0.247009,456,b170da2b49d3fba41d45eec7fab8b4c63782d6d49264db69672241e7fbef4b38,true,/cpfs/user/zhuzihou/assets/dedup_workspaces/test0_transitive_apply_parallel/dataset/GRScenes_assets/bottle/073eb262d3d51b6d9ec1169f28e7538e/front.png
bottle,073eb262d3d51b6d9ec1169f28e7538e,left,ok,0.178207,174,345,0.228996,345,cf71f4f3a5103ec69bc853feba919340078f81e2b2b4fd3e1dcebda75af77a18,true,/cpfs/user/zhuzihou/assets/dedup_workspaces/test0_transitive_apply_parallel/dataset/GRScenes_assets/bottle/073eb262d3d51b6d9ec1169f28e7538e/left.png
bottle,073eb262d3d51b6d9ec1169f28e7538e,back,ok,0.194538,456,142,0.247009,456,85afbeeaf542134d6f0c7d0d82986a9d8d8811f743f96d4346042ae0f32cf6d3,true,/cpfs/user/zhuzihou/assets/dedup_workspaces/test0_transitive_apply_parallel/dataset/GRScenes_assets/bottle/073eb262d3d51b6d9ec1169f28e7538e/back.png
bottle,073eb262d3d51b6d9ec1169f28e7538e,right,ok,0.149693,148,342,0.193085,342,512b351ca39ed2a5db5da762d66c9bf31e85e15ced427a319c188fc4c87aed4b,true,/cpfs/user/zhuzihou/assets/dedup_workspaces/test0_transitive_apply_parallel/dataset/GRScenes_assets/bottle/073eb262d3d51b6d9ec1169f28e7538e/right.png
bottle,0750fed0e04fbbdf4eb0599642ec7b0a,front,ok,0.305790,468,184,0.328491,468,d1de84684c0a71dd091b23301c652178214d11493fcb3a7497de56b555851fc3,true,/cpfs/user/zhuzihou/assets/dedup_workspaces/test0_transitive_apply_parallel/dataset/GRScenes_assets/bottle/0750fed0e04fbbdf4eb0599642ec7b0a/front.png
bottle,0750fed0e04fbbdf4eb0599642ec7b0a,left,ok,0.266193,254,380,0.368195,380,eb2ac236654424d55dc41c3a1767bd23e39aa9df8c8362f9e764217e13cf0996,true,/cpfs/user/zhuzihou/assets/dedup_workspaces/test0_transitive_apply_parallel/dataset/GRScenes_assets/bottle/0750fed0e04fbbdf4eb0599642ec7b0a/left.png
bottle,0750fed0e04fbbdf4eb0599642ec7b0a,back,ok,0.305813,468,184,0.328491,468,38fdfdc53d9c3339cbb9cd5bd24ec581d1253b68c73402f9d61e417e05017c8b,true,/cpfs/user/zhuzihou/assets/dedup_workspaces/test0_transitive_apply_parallel/dataset/GRScenes_assets/bottle/0750fed0e04fbbdf4eb0599642ec7b0a/back.png
bottle,0750fed0e04fbbdf4eb0599642ec7b0a,right,ok,0.280468,277,380,0.401535,380,3797865d1e16412718b93d1e4e4bf6ead52224a746ad29f3637bc923d2b72c3e,true,/cpfs/user/zhuzihou/assets/dedup_workspaces/test0_transitive_apply_parallel/dataset/GRScenes_assets/bottle/0750fed0e04fbbdf4eb0599642ec7b0a/right.png
bottle,0763828f5dabd43d4e3a35703b82f1c1,front,ok,0.194450,456,142,0.247009,456,a16ec60335af7c337abd7b8536f88f78bce10791942457dec4c3a8c10de19a92,true,/cpfs/user/zhuzihou/assets/dedup_workspaces/test0_transitive_apply_parallel/dataset/GRScenes_assets/bottle/0763828f5dabd43d4e3a35703b82f1c1/front.png
bottle,0763828f5dabd43d4e3a35703b82f1c1,left,ok,0.178207,174,345,0.228996,345,ed58a863ea7d25d498ccf875e881e7b4a596362e8890c5deb4e29c1fa693be53,true,/cpfs/user/zhuzihou/assets/dedup_workspaces/test0_transitive_apply_parallel/dataset/GRScenes_assets/bottle/0763828f5dabd43d4e3a35703b82f1c1/left.png
bottle,0763828f5dabd43d4e3a35703b82f1c1,back,ok,0.194542,456,142,0.247009,456,d87fc490bdd9b9c4a836f09f8d1d59ce85543df051c2732c261f3e9c9bf2fd71,true,/cpfs/user/zhuzihou/assets/dedup_workspaces/test0_transitive_apply_parallel/dataset/GRScenes_assets/bottle/0763828f5dabd43d4e3a35703b82f1c1/back.png
bottle,0763828f5dabd43d4e3a35703b82f1c1,right,ok,0.149685,148,342,0.193085,342,2decc3a9f91713fe1a36850b18eca9645592d70ec081484a7af90acab31ad89b,true,/cpfs/user/zhuzihou/assets/dedup_workspaces/test0_transitive_apply_parallel/dataset/GRScenes_assets/bottle/0763828f5dabd43d4e3a35703b82f1c1/right.png
bottle,0765634cfa63da5ddb8dac0ccfe2f8ba,front,ok,0.179218,460,121,0.212326,460,e1a578751f1683c0e9b57150036805a58c829f0642fd1c92f635891d096ca852,true,/cpfs/user/zhuzihou/assets/dedup_workspaces/test0_transitive_apply_parallel/dataset/GRScenes_assets/bottle/0765634cfa63da5ddb8dac0ccfe2f8ba/front.png
bottle,0765634cfa63da5ddb8dac0ccfe2f8ba,left,ok,0.177750,192,336,0.246094,336,d1a34b6e6cb63a1951709518e786dfb3d1261f2407164002a3bbd4771ffcd096,true,/cpfs/user/zhuzihou/assets/dedup_workspaces/test0_transitive_apply_parallel/dataset/GRScenes_assets/bottle/0765634cfa63da5ddb8dac0ccfe2f8ba/left.png
bottle,0765634cfa63da5ddb8dac0ccfe2f8ba,back,ok,0.179497,460,121,0.212326,460,aed427d3e511ba4913bbf475e1db1f8f729245790e4e327985f55600318d20ee,true,/cpfs/user/zhuzihou/assets/dedup_workspaces/test0_transitive_apply_parallel/dataset/GRScenes_assets/bottle/0765634cfa63da5ddb8dac0ccfe2f8ba/back.png
bottle,0765634cfa63da5ddb8dac0ccfe2f8ba,right,ok,0.130013,140,337,0.179977,337,dadc63f19230819c1eebda932ea058bd9bc445459f3ad838244e6b816b800f65,true,/cpfs/user/zhuzihou/assets/dedup_workspaces/test0_transitive_apply_parallel/dataset/GRScenes_assets/bottle/0765634cfa63da5ddb8dac0ccfe2f8ba/right.png
bottle,079c605e553dc07a40a19c7c95402aff,front,ok,0.183006,446,135,0.229683,446,cc28a2c6074261afbbb295b363203f7b9b6957863cf63fae5cbafbf19ecf6118,true,/cpfs/user/zhuzihou/assets/dedup_workspaces/test0_transitive_apply_parallel/dataset/GRScenes_assets/bottle/079c605e553dc07a40a19c7c95402aff/front.png
bottle,079c605e553dc07a40a19c7c95402aff,left,ok,0.150810,162,332,0.205170,332,7cd8a7ae8b13a8c151ed6a8707e5146a379a555453e06d12b8d266e09bfb0348,true,/cpfs/user/zhuzihou/assets/dedup_workspaces/test0_transitive_apply_parallel/dataset/GRScenes_assets/bottle/079c605e553dc07a40a19c7c95402aff/left.png
bottle,079c605e553dc07a40a19c7c95402aff,back,ok,0.183784,449,135,0.231228,449,3a8c5ae83746d73c41eebc2df008ecfd6e3d5e66cc6fd8f7df0b95b6c22dda03,true,/cpfs/user/zhuzihou/assets/dedup_workspaces/test0_transitive_apply_parallel/dataset/GRScenes_assets/bottle/079c605e553dc07a40a19c7c95402aff/back.png
bottle,079c605e553dc07a40a19c7c95402aff,right,ok,0.117073,134,336,0.171753,336,021606e5aa7d76eee851038ee07daa796c588db1bba51779b77b1aee637ddafa,true,/cpfs/user/zhuzihou/assets/dedup_workspaces/test0_transitive_apply_parallel/dataset/GRScenes_assets/bottle/079c605e553dc07a40a19c7c95402aff/right.png
bottle,08c39f48a87efb271053989885194f88,front,ok,0.187805,463,110,0.194283,463,d8c707325ea6e540eca541be680f1126c3a4b30b8631cd098fed762b1f4c6d6b,true,/cpfs/user/zhuzihou/assets/dedup_workspaces/test0_transitive_apply_parallel/dataset/GRScenes_assets/bottle/08c39f48a87efb271053989885194f88/front.png
bottle,08c39f48a87efb271053989885194f88,left,ok,0.148628,164,364,0.227722,364,a13493791a8a997e46de3ce97fcd111b631351fb4cdf3763796c9edf1a7b6679,true,/cpfs/user/zhuzihou/assets/dedup_workspaces/test0_transitive_apply_parallel/dataset/GRScenes_assets/bottle/08c39f48a87efb271053989885194f88/left.png
bottle,08c39f48a87efb271053989885194f88,back,ok,0.142567,487,110,0.204353,487,3e80e7eb9ae97a33ceaf1657c30f0f004b2d46d35f3978c5b2c3c059153fffb3,true,/cpfs/user/zhuzihou/assets/dedup_workspaces/test0_transitive_apply_parallel/dataset/GRScenes_assets/bottle/08c39f48a87efb271053989885194f88/back.png
bottle,08c39f48a87efb271053989885194f88,right,ok,0.117638,118,366,0.164749,366,d7a7f1afd024e681d6b1dcf68a64f9d1f8cfad4544c8b4d1c014284bec06b915,true,/cpfs/user/zhuzihou/assets/dedup_workspaces/test0_transitive_apply_parallel/dataset/GRScenes_assets/bottle/08c39f48a87efb271053989885194f88/right.png
bottle,08ea7b94c9ac25768b2ba447079bdee7,front,ok,0.160522,469,113,0.202168,469,ba8542b97d1a1832109056a74cd88995ebb7e5e5d5126f4b7a7fcff2a4e98079,true,/cpfs/user/zhuzihou/assets/dedup_workspaces/test0_transitive_apply_parallel/dataset/GRScenes_assets/bottle/08ea7b94c9ac25768b2ba447079bdee7/front.png
bottle,08ea7b94c9ac25768b2ba447079bdee7,left,ok,0.143272,154,355,0.208549,355,cee5e27e7246d2124283fc57f9ce3b14ae73c9f6b03c1041a7db32a7e185bd1b,true,/cpfs/user/zhuzihou/assets/dedup_workspaces/test0_transitive_apply_parallel/dataset/GRScenes_assets/bottle/08ea7b94c9ac25768b2ba447079bdee7/left.png
bottle,08ea7b94c9ac25768b2ba447079bdee7,back,ok,0.148441,475,104,0.188446,475,9a0d2d8c4f4d745ad8f032cbbd4523d7b3b26459182abb81be103d83c969b7da,true,/cpfs/user/zhuzihou/assets/dedup_workspaces/test0_transitive_apply_parallel/dataset/GRScenes_assets/bottle/08ea7b94c9ac25768b2ba447079bdee7/back.png
bottle,08ea7b94c9ac25768b2ba447079bdee7,right,ok,0.096272,104,354,0.140442,354,bf0a920a3446a4f4a6786ce212ba275cec5906f993e46d2cc182e3dda759f42e,true,/cpfs/user/zhuzihou/assets/dedup_workspaces/test0_transitive_apply_parallel/dataset/GRScenes_assets/bottle/08ea7b94c9ac25768b2ba447079bdee7/right.png
bottle,09f92ed8c3ec29e040c019539ddd4453,front,ok,0.336864,441,213,0.358326,441,667f1b6a852d764c45b323fee4b0b19918eb594b1f54aecb3bcdd395ce74b3aa,true,/cpfs/user/zhuzihou/assets/dedup_workspaces/test0_transitive_apply_parallel/dataset/GRScenes_assets/bottle/09f92ed8c3ec29e040c019539ddd4453/front.png
bottle,09f92ed8c3ec29e040c019539ddd4453,left,ok,0.273205,264,375,0.377655,375,d21b645b74084383420a2b49482cff88d67af3a7b3ca8004c9303324b37fedcc,true,/cpfs/user/zhuzihou/assets/dedup_workspaces/test0_transitive_apply_parallel/dataset/GRScenes_assets/bottle/09f92ed8c3ec29e040c019539ddd4453/left.png
bottle,09f92ed8c3ec29e040c019539ddd4453,back,ok,0.338177,441,214,0.360008,441,eb3fd5fc8293e8a450ddc15e4a03209897c42c473671755448566bc0f67d50fd,true,/cpfs/user/zhuzihou/assets/dedup_workspaces/test0_transitive_apply_parallel/dataset/GRScenes_assets/bottle/09f92ed8c3ec29e040c019539ddd4453/back.png
bottle,09f92ed8c3ec29e040c019539ddd4453,right,ok,0.277191,248,386,0.365173,386,9aa66d7be80a91cf8e86696d3fcba6174944b121afad4b7f8c839f864786c1c1,true,/cpfs/user/zhuzihou/assets/dedup_workspaces/test0_transitive_apply_parallel/dataset/GRScenes_assets/bottle/09f92ed8c3ec29e040c019539ddd4453/right.png
bottle,0a1276eca5b792f6da5f45f67979d651,front,ok,0.189621,451,138,0.237419,451,27d3279ab62f07a652b8280b8b02bc63219d71a3d6f6d3c3bb9639a54f5e292d,true,/cpfs/user/zhuzihou/assets/dedup_workspaces/test0_transitive_apply_parallel/dataset/GRScenes_assets/bottle/0a1276eca5b792f6da5f45f67979d651/front.png
bottle,0a1276eca5b792f6da5f45f67979d651,left,ok,0.157169,170,337,0.218544,337,4774c60d1a9524bc3d1d652d19697a4460c9a7c2149beff3f42a9cbcd69996fc,true,/cpfs/user/zhuzihou/assets/dedup_workspaces/test0_transitive_apply_parallel/dataset/GRScenes_assets/bottle/0a1276eca5b792f6da5f45f67979d651/left.png
bottle,0a1276eca5b792f6da5f45f67979d651,back,ok,0.189922,448,138,0.235840,448,219e370680689d4d6e501f5e51e1f28f925e6d19ebd69f4763bce94ebdd3db6f,true,/cpfs/user/zhuzihou/assets/dedup_workspaces/test0_transitive_apply_parallel/dataset/GRScenes_assets/bottle/0a1276eca5b792f6da5f45f67979d651/back.png
bottle,0a1276eca5b792f6da5f45f67979d651,right,ok,0.128685,136,343,0.177948,343,049e6be79a805cfb9dcd5dd0775a7bad61cb16d158b966d090c0483db0cc0dd3,true,/cpfs/user/zhuzihou/assets/dedup_workspaces/test0_transitive_apply_parallel/dataset/GRScenes_assets/bottle/0a1276eca5b792f6da5f45f67979d651/right.png
bottle,0a60124c4691bf4e474efd3df1f953c5,front,ok,0.180462,465,120,0.212860,465,4942ef08750626384e5e39ce135e3a94ecb9e3504eb3897f91bd81c9e44ebefb,true,/cpfs/user/zhuzihou/assets/dedup_workspaces/test0_transitive_apply_parallel/dataset/GRScenes_assets/bottle/0a60124c4691bf4e474efd3df1f953c5/front.png
bottle,0a60124c4691bf4e474efd3df1f953c5,left,ok,0.174511,186,345,0.244789,345,a8e66ff5a2d8b3ce2b4d51628c67388ea3e1f0ba86f7c5669f1193563dbd624a,true,/cpfs/user/zhuzihou/assets/dedup_workspaces/test0_transitive_apply_parallel/dataset/GRScenes_assets/bottle/0a60124c4691bf4e474efd3df1f953c5/left.png
bottle,0a60124c4691bf4e474efd3df1f953c5,back,ok,0.180679,465,120,0.212860,465,515b0d468f780c9aaf8054d62a2888af3afc4ecef27e6ab2753d0c8e1a30941a,true,/cpfs/user/zhuzihou/assets/dedup_workspaces/test0_transitive_apply_parallel/dataset/GRScenes_assets/bottle/0a60124c4691bf4e474efd3df1f953c5/back.png
bottle,0a60124c4691bf4e474efd3df1f953c5,right,ok,0.123993,126,343,0.164864,343,4a340e868e8bf61f16932b0ded22370eecfaa28fbd5f314be0216b8913dca9a8,true,/cpfs/user/zhuzihou/assets/dedup_workspaces/test0_transitive_apply_parallel/dataset/GRScenes_assets/bottle/0a60124c4691bf4e474efd3df1f953c5/right.png
bottle,0a61cd9607ac624c8d8cbdc7d3d602f9,front,ok,0.345894,436,224,0.372559,436,11075e67ff50ce2c2afc112a5673b439ebede1ce5f0102f3ab990dcf1222bd2a,true,/cpfs/user/zhuzihou/assets/dedup_workspaces/test0_transitive_apply_parallel/dataset/GRScenes_assets/bottle/0a61cd9607ac624c8d8cbdc7d3d602f9/front.png
bottle,0a61cd9607ac624c8d8cbdc7d3d602f9,left,ok,0.317371,308,376,0.441772,376,498e10714a02bf69917700e4467d230203fa14a49af4f2e308368fb3aca71c14,true,/cpfs/user/zhuzihou/assets/dedup_workspaces/test0_transitive_apply_parallel/dataset/GRScenes_assets/bottle/0a61cd9607ac624c8d8cbdc7d3d602f9/left.png
bottle,0a61cd9607ac624c8d8cbdc7d3d602f9,back,ok,0.344807,436,224,0.372559,436,ad182a7790baa9a2600aec4c100e823013df48248b91a877163541434f5f86d7,true,/cpfs/user/zhuzihou/assets/dedup_workspaces/test0_transitive_apply_parallel/dataset/GRScenes_assets/bottle/0a61cd9607ac624c8d8cbdc7d3d602f9/back.png
bottle,0a61cd9607ac624c8d8cbdc7d3d602f9,right,ok,0.320911,308,376,0.441772,376,af196fcdd465837df0b14c88fd43862fab5ac5a2169329b249154d8e52ee4678,true,/cpfs/user/zhuzihou/assets/dedup_workspaces/test0_transitive_apply_parallel/dataset/GRScenes_assets/bottle/0a61cd9607ac624c8d8cbdc7d3d602f9/right.png
bottle,0aee476bd8fbb3417e13d1d2286d5657,front,ok,0.183266,446,135,0.229683,446,02ee67c89216ca0b85e00f7c90c308a02773e76e479483380a58f8c8cd4b70b8,true,/cpfs/user/zhuzihou/assets/dedup_workspaces/test0_transitive_apply_parallel/dataset/GRScenes_assets/bottle/0aee476bd8fbb3417e13d1d2286d5657/front.png
bottle,0aee476bd8fbb3417e13d1d2286d5657,left,ok,0.150867,162,332,0.205170,332,babf8df542d9990b1564d49b4ec48bfdbe81d1fe8bb5cc085af0ee5789611659,true,/cpfs/user/zhuzihou/assets/dedup_workspaces/test0_transitive_apply_parallel/dataset/GRScenes_assets/bottle/0aee476bd8fbb3417e13d1d2286d5657/left.png
bottle,0aee476bd8fbb3417e13d1d2286d5657,back,ok,0.183800,449,135,0.231228,449,e10310d8d1a9fe654f5665fef79994991a37cf800ac524b18e16df0bce20a547,true,/cpfs/user/zhuzihou/assets/dedup_workspaces/test0_transitive_apply_parallel/dataset/GRScenes_assets/bottle/0aee476bd8fbb3417e13d1d2286d5657/back.png
bottle,0aee476bd8fbb3417e13d1d2286d5657,right,ok,0.117073,134,336,0.171753,336,bc666bdd906aa8d7d14d00c51f861ebd15ce431b41abfa49160b8f11df8d9b8a,true,/cpfs/user/zhuzihou/assets/dedup_workspaces/test0_transitive_apply_parallel/dataset/GRScenes_assets/bottle/0aee476bd8fbb3417e13d1d2286d5657/right.png
bottle,0b2083a9e4764051fdce4a30629e7cb4,front,ok,0.227329,453,191,0.330059,453,13c8d71a10214d2314c99487bddc53ee1439228bfcd799c2457dd684c4f6f973,true,/cpfs/user/zhuzihou/assets/dedup_workspaces/test0_transitive_apply_parallel/dataset/GRScenes_assets/bottle/0b2083a9e4764051fdce4a30629e7cb4/front.png
bottle,0b2083a9e4764051fdce4a30629e7cb4,left,ok,0.142643,126,366,0.175919,366,406244af3fd00742dbfbb2e719e539fe0d72242f6cc93ba04307a4eefaa44ccb,true,/cpfs/user/zhuzihou/assets/dedup_workspaces/test0_transitive_apply_parallel/dataset/GRScenes_assets/bottle/0b2083a9e4764051fdce4a30629e7cb4/left.png
bottle,0b2083a9e4764051fdce4a30629e7cb4,back,ok,0.227459,453,191,0.330059,453,713599bf1ae288e7d9d1bcce1897647204ca4997f3e477b7aacd76bb466ceffb,true,/cpfs/user/zhuzihou/assets/dedup_workspaces/test0_transitive_apply_parallel/dataset/GRScenes_assets/bottle/0b2083a9e4764051fdce4a30629e7cb4/back.png
bottle,0b2083a9e4764051fdce4a30629e7cb4,right,ok,0.099602,82,390,0.121994,390,cb687dc20602d18eff5c9b0123560dbeb49acb7c0247554a57ac86e4f0f5505b,true,/cpfs/user/zhuzihou/assets/dedup_workspaces/test0_transitive_apply_parallel/dataset/GRScenes_assets/bottle/0b2083a9e4764051fdce4a30629e7cb4/right.png
bottle,0b7ae83a0d057f07d22c51015ff24b93,front,ok,0.341145,345,284,0.373764,345,e9e91b48c9f8bc976f13f2548115f87b8a2cbf9a44a25d3deb42f75879cbe7b4,true,/cpfs/user/zhuzihou/assets/dedup_workspaces/test0_transitive_apply_parallel/dataset/GRScenes_assets/bottle/0b7ae83a0d057f07d22c51015ff24b93/front.png
bottle,0b7ae83a0d057f07d22c51015ff24b93,left,ok,0.354710,356,354,0.480743,356,f3b7fb12549ed93f437e0e65d10ebbabe5c282e8fc2b3c6af4b75e3c67f9cee5,true,/cpfs/user/zhuzihou/assets/dedup_workspaces/test0_transitive_apply_parallel/dataset/GRScenes_assets/bottle/0b7ae83a0d057f07d22c51015ff24b93/left.png
bottle,0b7ae83a0d057f07d22c51015ff24b93,back,ok,0.340981,345,284,0.373764,345,b8d42a7fdef55f673e342a3b6966b2a7a3aa1993884775a533c2daf16b10fd8e,true,/cpfs/user/zhuzihou/assets/dedup_workspaces/test0_transitive_apply_parallel/dataset/GRScenes_assets/bottle/0b7ae83a0d057f07d22c51015ff24b93/back.png
bottle,0b7ae83a0d057f07d22c51015ff24b93,right,ok,0.324474,320,351,0.428467,351,a7ade9c77ed19a6c612530e9adca0986a630cc907d27c6a872aa4e1875c8855c,true,/cpfs/user/zhuzihou/assets/dedup_workspaces/test0_transitive_apply_parallel/dataset/GRScenes_assets/bottle/0b7ae83a0d057f07d22c51015ff24b93/right.png
bottle,0ba621123860758126764d301b88eedb,front,ok,0.179173,460,121,0.212326,460,92d202b594479500d33f9df0a617505559bf5def8e89a546975f5239f3bb1711,true,/cpfs/user/zhuzihou/assets/dedup_workspaces/test0_transitive_apply_parallel/dataset/GRScenes_assets/bottle/0ba621123860758126764d301b88eedb/front.png
bottle,0ba621123860758126764d301b88eedb,left,ok,0.177753,192,336,0.246094,336,ee46461397d73320a8c3012ac45554e37dc9b36c08e1e718cad5a1288ba5a3ea,true,/cpfs/user/zhuzihou/assets/dedup_workspaces/test0_transitive_apply_parallel/dataset/GRScenes_assets/bottle/0ba621123860758126764d301b88eedb/left.png
bottle,0ba621123860758126764d301b88eedb,back,ok,0.179485,460,121,0.212326,460,6ddb17ee13115712d6a1b18fac860f47494a775a663a760ba892d5a7c7e888b0,true,/cpfs/user/zhuzihou/assets/dedup_workspaces/test0_transitive_apply_parallel/dataset/GRScenes_assets/bottle/0ba621123860758126764d301b88eedb/back.png
bottle,0ba621123860758126764d301b88eedb,right,ok,0.130013,140,337,0.179977,337,2b018cca0122a747ac80847a148290e9b3317acab9412a2d488f2b6b7427cfb7,true,/cpfs/user/zhuzihou/assets/dedup_workspaces/test0_transitive_apply_parallel/dataset/GRScenes_assets/bottle/0ba621123860758126764d301b88eedb/right.png
bottle,0c4e9989779f890c3e51bb0c75684b40,front,ok,0.283100,365,267,0.371761,365,4eae63c3e7d05293c3d1febbbe715f89eff5a55b6b1447dc6e1e351475e8e146,true,/cpfs/user/zhuzihou/assets/dedup_workspaces/test0_transitive_apply_parallel/dataset/GRScenes_assets/bottle/0c4e9989779f890c3e51bb0c75684b40/front.png
bottle,0c4e9989779f890c3e51bb0c75684b40,left,ok,0.248322,238,374,0.339554,374,5ef41df43f4e342bf4c0b528014108e235cdf4d1e1c4548f73f7ebcba532d558,true,/cpfs/user/zhuzihou/assets/dedup_workspaces/test0_transitive_apply_parallel/dataset/GRScenes_assets/bottle/0c4e9989779f890c3e51bb0c75684b40/left.png
bottle,0c4e9989779f890c3e51bb0c75684b40,back,ok,0.300907,365,267,0.371761,365,e4b1195aee112cdc23e074b3b7a188a0f07a0deaf357126b3617a00ffe465f52,true,/cpfs/user/zhuzihou/assets/dedup_workspaces/test0_transitive_apply_parallel/dataset/GRScenes_assets/bottle/0c4e9989779f890c3e51bb0c75684b40/back.png
bottle,0c4e9989779f890c3e51bb0c75684b40,right,ok,0.167122,188,353,0.253159,353,976b3d2dd140e1ac6d8eb83ad64282d39188bd806b9e5521fb012f18fb23ceaf,true,/cpfs/user/zhuzihou/assets/dedup_workspaces/test0_transitive_apply_parallel/dataset/GRScenes_assets/bottle/0c4e9989779f890c3e51bb0c75684b40/right.png
bottle,0c97e9063ce3bed2d2850546d343ceb9,front,ok,0.179462,463,103,0.181919,463,6dc36d73094dfdcba6ca23283fd352b003f1f00a6fba890ed9f12250ad826ce5,true,/cpfs/user/zhuzihou/assets/dedup_workspaces/test0_transitive_apply_parallel/dataset/GRScenes_assets/bottle/0c97e9063ce3bed2d2850546d343ceb9/front.png
bottle,0c97e9063ce3bed2d2850546d343ceb9,left,ok,0.141155,155,367,0.216999,367,2c6efaa8dc3011aecb9c24ba2be1cac82d2c53d1764a4a6ae96e4d7c99a6f10f,true,/cpfs/user/zhuzihou/assets/dedup_workspaces/test0_transitive_apply_parallel/dataset/GRScenes_assets/bottle/0c97e9063ce3bed2d2850546d343ceb9/left.png
bottle,0c97e9063ce3bed2d2850546d343ceb9,back,ok,0.144444,487,103,0.191349,487,0e12505c5c14aae8f68533e23cff7d84f0bda97e9608095d3cdf7ed3196e5486,true,/cpfs/user/zhuzihou/assets/dedup_workspaces/test0_transitive_apply_parallel/dataset/GRScenes_assets/bottle/0c97e9063ce3bed2d2850546d343ceb9/back.png
bottle,0c97e9063ce3bed2d2850546d343ceb9,right,ok,0.103386,93,368,0.130554,368,69a94d23865c22be2dff379833b56e7bbbe1eb0bcfcd9801726198b4fc3d107a,true,/cpfs/user/zhuzihou/assets/dedup_workspaces/test0_transitive_apply_parallel/dataset/GRScenes_assets/bottle/0c97e9063ce3bed2d2850546d343ceb9/right.png
bottle,0cc21839dfa4b700497ce735293ddaf9,front,ok,0.216373,453,158,0.273033,453,7ebcec37d6786e3a9605d01d6e8b8832be9d6c43e87ccf79562eaeecdb381878,true,/cpfs/user/zhuzihou/assets/dedup_workspaces/test0_transitive_apply_parallel/dataset/GRScenes_assets/bottle/0cc21839dfa4b700497ce735293ddaf9/front.png
bottle,0cc21839dfa4b700497ce735293ddaf9,left,ok,0.205276,222,346,0.293015,346,7435473d3a93ccd6924ab9dab72e0a9440ace9e462e0ff39152ff1264a9dcea4,true,/cpfs/user/zhuzihou/assets/dedup_workspaces/test0_transitive_apply_parallel/dataset/GRScenes_assets/bottle/0cc21839dfa4b700497ce735293ddaf9/left.png
bottle,0cc21839dfa4b700497ce735293ddaf9,back,ok,0.216427,453,158,0.273033,453,4db3b759ccd0fb074f237a122f86b50cac163b5467706465ee93fa608012859a,true,/cpfs/user/zhuzihou/assets/dedup_workspaces/test0_transitive_apply_parallel/dataset/GRScenes_assets/bottle/0cc21839dfa4b700497ce735293ddaf9/back.png
bottle,0cc21839dfa4b700497ce735293ddaf9,right,ok,0.178272,158,354,0.213364,354,249ab0745cbfed93f2517525476008533e94ffaf7d76b61349ce20da69934ac6,true,/cpfs/user/zhuzihou/assets/dedup_workspaces/test0_transitive_apply_parallel/dataset/GRScenes_assets/bottle/0cc21839dfa4b700497ce735293ddaf9/right.png
bottle,0d1a65f865a30dccd20ae0163baba113,front,ok,0.291302,438,223,0.372597,438,624d1e04ee9dd0c3f593147118a7ff532ea55d2b4e332c408cfda900737e035f,true,/cpfs/user/zhuzihou/assets/dedup_workspaces/test0_transitive_apply_parallel/dataset/GRScenes_assets/bottle/0d1a65f865a30dccd20ae0163baba113/front.png
bottle,0d1a65f865a30dccd20ae0163baba113,left,ok,0.253967,232,355,0.314178,355,7e0dc795140e7898606c3f80f7aff3ec9db629ce0129e8e6851bee7a77747630,true,/cpfs/user/zhuzihou/assets/dedup_workspaces/test0_transitive_apply_parallel/dataset/GRScenes_assets/bottle/0d1a65f865a30dccd20ae0163baba113/left.png
bottle,0d1a65f865a30dccd20ae0163baba113,back,ok,0.291359,438,223,0.372597,438,2bb8ccf767703cd0be3be96259f7fc2dbbff87878362203234ec21cecd171818,true,/cpfs/user/zhuzihou/assets/dedup_workspaces/test0_transitive_apply_parallel/dataset/GRScenes_assets/bottle/0d1a65f865a30dccd20ae0163baba113/back.png
bottle,0d1a65f865a30dccd20ae0163baba113,right,ok,0.175598,175,354,0.236320,354,5e246bd3f8b208ef10a04993001eb3a82179802b769f7c7175c29388b610d68f,true,/cpfs/user/zhuzihou/assets/dedup_workspaces/test0_transitive_apply_parallel/dataset/GRScenes_assets/bottle/0d1a65f865a30dccd20ae0163baba113/right.png
bottle,0db16ac4cf36ae1cfac2c0ef0a1d3699,front,ok,0.382603,415,258,0.408440,415,848f8d213a7d3f908ce05a1157d67c020907cf2828ec374381d61ce469983743,true,/cpfs/user/zhuzihou/assets/dedup_workspaces/test0_transitive_apply_parallel/dataset/GRScenes_assets/bottle/0db16ac4cf36ae1cfac2c0ef0a1d3699/front.png
bottle,0db16ac4cf36ae1cfac2c0ef0a1d3699,left,ok,0.282379,304,399,0.462708,399,5db03c99174c46d925da6f3b4284044750325b3e6fa44ff9a365c023e9991b8c,true,/cpfs/user/zhuzihou/assets/dedup_workspaces/test0_transitive_apply_parallel/dataset/GRScenes_assets/bottle/0db16ac4cf36ae1cfac2c0ef0a1d3699/left.png
bottle,0db16ac4cf36ae1cfac2c0ef0a1d3699,back,ok,0.379852,415,255,0.403690,415,39f3d2f7402b338157f6905f8cd7264fab842c72240a2bec6a3d271465745fde,true,/cpfs/user/zhuzihou/assets/dedup_workspaces/test0_transitive_apply_parallel/dataset/GRScenes_assets/bottle/0db16ac4cf36ae1cfac2c0ef0a1d3699/back.png
bottle,0db16ac4cf36ae1cfac2c0ef0a1d3699,right,ok,0.285015,308,398,0.467621,398,6be0e2587ca9d7b1715faa5b8adc1c7248f52859c3eae761363878f9eb513eaf,true,/cpfs/user/zhuzihou/assets/dedup_workspaces/test0_transitive_apply_parallel/dataset/GRScenes_assets/bottle/0db16ac4cf36ae1cfac2c0ef0a1d3699/right.png
bottle,0e188fa480272e2b5ec74ba0f5e6fae1,front,ok,0.327362,481,218,0.400002,481,a285981dad15837ede8253303d9af2c9e1aaa030027bc2c0af3957d29b5614d6,true,/cpfs/user/zhuzihou/assets/dedup_workspaces/test0_transitive_apply_parallel/dataset/GRScenes_assets/bottle/0e188fa480272e2b5ec74ba0f5e6fae1/front.png
bottle,0e188fa480272e2b5ec74ba0f5e6fae1,left,ok,0.309559,286,353,0.385124,353,004944e6a7b174e4710275dc1bb3f926acd823f4619e98b2366b52f8a7030117,true,/cpfs/user/zhuzihou/assets/dedup_workspaces/test0_transitive_apply_parallel/dataset/GRScenes_assets/bottle/0e188fa480272e2b5ec74ba0f5e6fae1/left.png
bottle,0e188fa480272e2b5ec74ba0f5e6fae1,back,ok,0.327606,481,218,0.400002,481,99ce12962ec97f2f8384765fef0c2299afe4d1fe2ac3a6141081fa31cddd2731,true,/cpfs/user/zhuzihou/assets/dedup_workspaces/test0_transitive_apply_parallel/dataset/GRScenes_assets/bottle/0e188fa480272e2b5ec74ba0f5e6fae1/back.png
bottle,0e188fa480272e2b5ec74ba0f5e6fae1,right,ok,0.226635,214,324,0.264496,324,32905528eda6f0b59ac5be62648884423e9995303f439a285ba9852a66abed6f,true,/cpfs/user/zhuzihou/assets/dedup_workspaces/test0_transitive_apply_parallel/dataset/GRScenes_assets/bottle/0e188fa480272e2b5ec74ba0f5e6fae1/right.png
bottle,0e98e028ae847119a085a038cd4dea91,front,ok,0.204617,440,154,0.258484,440,7284b0b406e7ce165c20070a17282b69e47d96ba4d456ccbd7ac66a339388f84,true,/cpfs/user/zhuzihou/assets/dedup_workspaces/test0_transitive_apply_parallel/dataset/GRScenes_assets/bottle/0e98e028ae847119a085a038cd4dea91/front.png
bottle,0e98e028ae847119a085a038cd4dea91,left,ok,0.174568,186,332,0.235565,332,93882c90bb28148db18f51fe8d936f58c41c30b1680af485c7ff66f540a81366,true,/cpfs/user/zhuzihou/assets/dedup_workspaces/test0_transitive_apply_parallel/dataset/GRScenes_assets/bottle/0e98e028ae847119a085a038cd4dea91/left.png
bottle,0e98e028ae847119a085a038cd4dea91,back,ok,0.204941,437,154,0.256721,437,0e1dcbd8aeee7d0effe7959a9fc845256dcd671772768ebbd7236da4799e4fa4,true,/cpfs/user/zhuzihou/assets/dedup_workspaces/test0_transitive_apply_parallel/dataset/GRScenes_assets/bottle/0e98e028ae847119a085a038cd4dea91/back.png
bottle,0e98e028ae847119a085a038cd4dea91,right,ok,0.135456,154,334,0.196213,334,f26df671899ac9c1375bedf32e80cef3382a5d680db374a10a1b9b87ed01b508,true,/cpfs/user/zhuzihou/assets/dedup_workspaces/test0_transitive_apply_parallel/dataset/GRScenes_assets/bottle/0e98e028ae847119a085a038cd4dea91/right.png
bottle,0ee15fb3f91250556c10d8d22d329237,front,ok,0.107635,390,263,0.391273,390,fb45f7812440dc074f94be6a1aef832acfd1ca6b3e518ff2ce2c3d23db2124db,true,/cpfs/user/zhuzihou/assets/dedup_workspaces/test0_transitive_apply_parallel/dataset/GRScenes_assets/bottle/0ee15fb3f91250556c10d8d22d329237/front.png
bottle,0ee15fb3f91250556c10d8d22d329237,left,ok,0.076191,255,343,0.333652,343,39e264ba8c03d1958bd13e009caa488ed71da34f455d7e7175f73bc5c6e68d18,true,/cpfs/user/zhuzihou/assets/dedup_workspaces/test0_transitive_apply_parallel/dataset/GRScenes_assets/bottle/0ee15fb3f91250556c10d8d22d329237/left.png
bottle,0ee15fb3f91250556c10d8d22d329237,back,ok,0.072784,410,79,0.123558,410,d8c932f1f7221689e26b46d667cf79247d5cac06daff6fbcead171823f0a62ab,true,/cpfs/user/zhuzihou/assets/dedup_workspaces/test0_transitive_apply_parallel/dataset/GRScenes_assets/bottle/0ee15fb3f91250556c10d8d22d329237/back.png
bottle,0ee15fb3f91250556c10d8d22d329237,right,ok,0.061535,335,252,0.322037,335,42250f35f87f3a63f5211aeb6b95a3d8b834bea717525c23a1447448128dd33d,true,/cpfs/user/zhuzihou/assets/dedup_workspaces/test0_transitive_apply_parallel/dataset/GRScenes_assets/bottle/0ee15fb3f91250556c10d8d22d329237/right.png
bottle,0eff809f849f85bcfa5c9a39c1a12333,front,ok,0.366333,389,265,0.393238,389,e5d1c2676cf2712cc38197d7cf8cd34b1b61e9eb81ea8d6c98ba272084d62ad3,true,/cpfs/user/zhuzihou/assets/dedup_workspaces/test0_transitive_apply_parallel/dataset/GRScenes_assets/bottle/0eff809f849f85bcfa5c9a39c1a12333/front.png
bottle,0eff809f849f85bcfa5c9a39c1a12333,left,ok,0.337929,343,368,0.481506,368,151f9c1dd8fff2fee640c7b89f7c483b7a986d47799905f86de640fd2cdf158c,true,/cpfs/user/zhuzihou/assets/dedup_workspaces/test0_transitive_apply_parallel/dataset/GRScenes_assets/bottle/0eff809f849f85bcfa5c9a39c1a12333/left.png
bottle,0eff809f849f85bcfa5c9a39c1a12333,back,ok,0.367088,389,266,0.394722,389,dc5047e22bf7323dbde70fdcc85f84c1d5321b51b991a0b05a63c9431aa2a26b,true,/cpfs/user/zhuzihou/assets/dedup_workspaces/test0_transitive_apply_parallel/dataset/GRScenes_assets/bottle/0eff809f849f85bcfa5c9a39c1a12333/back.png
bottle,0eff809f849f85bcfa5c9a39c1a12333,right,ok,0.349747,336,371,0.475525,371,b10adf377d932c78d032fe29acc25cd134365b35fad3da53b75b5791b71b193b,true,/cpfs/user/zhuzihou/assets/dedup_workspaces/test0_transitive_apply_parallel/dataset/GRScenes_assets/bottle/0eff809f849f85bcfa5c9a39c1a12333/right.png
bottle,0fb70473d8589649196e7c6b18839810,front,ok,0.200882,454,148,0.256317,454,abcd04d15d9f7020f9d0a487542d5ea6f24a6c2b42be49a8eba1c13c67f5a411,true,/cpfs/user/zhuzihou/assets/dedup_workspaces/test0_transitive_apply_parallel/dataset/GRScenes_assets/bottle/0fb70473d8589649196e7c6b18839810/front.png
bottle,0fb70473d8589649196e7c6b18839810,left,ok,0.188030,184,346,0.242859,346,8f7db40d2cfb870fabcac6cefb5df657c9fa6e6caace72719c46a24c4b4f86c6,true,/cpfs/user/zhuzihou/assets/dedup_workspaces/test0_transitive_apply_parallel/dataset/GRScenes_assets/bottle/0fb70473d8589649196e7c6b18839810/left.png
bottle,0fb70473d8589649196e7c6b18839810,back,ok,0.200996,454,148,0.256317,454,620afe6565da6e5612dee20e67479b0ca29c45c1c08a09faa6958a88312c6299,true,/cpfs/user/zhuzihou/assets/dedup_workspaces/test0_transitive_apply_parallel/dataset/GRScenes_assets/bottle/0fb70473d8589649196e7c6b18839810/back.png
bottle,0fb70473d8589649196e7c6b18839810,right,ok,0.156010,162,342,0.211349,342,26faf11e4985d9315103d8f461ff0868b801bd36cc78e13059be4e1c9a4f53e2,true,/cpfs/user/zhuzihou/assets/dedup_workspaces/test0_transitive_apply_parallel/dataset/GRScenes_assets/bottle/0fb70473d8589649196e7c6b18839810/right.png
bottle,0fe7d3e673c16959ec8a25527057639c,front,ok,0.172489,462,130,0.229111,462,174261feb4e9a24999155d678643e4048094e39d9de361f2e0e735abba677d74,true,/cpfs/user/zhuzihou/assets/dedup_workspaces/test0_transitive_apply_parallel/dataset/GRScenes_assets/bottle/0fe7d3e673c16959ec8a25527057639c/front.png
bottle,0fe7d3e673c16959ec8a25527057639c,left,ok,0.191727,216,341,0.280975,341,ba4f2873c06a323c2e6e368da37fa80ae19fa016ffc15b5ca9fba63500cc3332,true,/cpfs/user/zhuzihou/assets/dedup_workspaces/test0_transitive_apply_parallel/dataset/GRScenes_assets/bottle/0fe7d3e673c16959ec8a25527057639c/left.png
bottle,0fe7d3e673c16959ec8a25527057639c,back,ok,0.172081,462,130,0.229111,462,30f0a51324710d6cd6c27964b54b0132a36539f22c6a5c9ee3b92b865316ce95,true,/cpfs/user/zhuzihou/assets/dedup_workspaces/test0_transitive_apply_parallel/dataset/GRScenes_assets/bottle/0fe7d3e673c16959ec8a25527057639c/back.png
bottle,0fe7d3e673c16959ec8a25527057639c,right,ok,0.119846,132,340,0.171204,340,1dfcb03da7b6ad147d9b05f1f642dea513bcf622baea6c8e5c9fe9f19f1437aa,true,/cpfs/user/zhuzihou/assets/dedup_workspaces/test0_transitive_apply_parallel/dataset/GRScenes_assets/bottle/0fe7d3e673c16959ec8a25527057639c/right.png
bottle,104b97b50bf1113eb53c841b4e075fe2,front,ok,0.269024,466,180,0.319977,466,8b4ad076955f019e7b479aa8b33f31788eb0e5a769f5bed26544bbfc97e26ebe,true,/cpfs/user/zhuzihou/assets/dedup_workspaces/test0_transitive_apply_parallel/dataset/GRScenes_assets/bottle/104b97b50bf1113eb53c841b4e075fe2/front.png
bottle,104b97b50bf1113eb53c841b4e075fe2,left,ok,0.241737,232,346,0.306213,346,c09194d5c60a736e50cc700e621f0783e577b2031bfe1f003c42107961c27b96,true,/cpfs/user/zhuzihou/assets/dedup_workspaces/test0_transitive_apply_parallel/dataset/GRScenes_assets/bottle/104b97b50bf1113eb53c841b4e075fe2/left.png
bottle,104b97b50bf1113eb53c841b4e075fe2,back,ok,0.269241,466,181,0.321754,466,e447d52e91c384c0212eaeb1b41f081f928b84baed8b326bb4648d29b9c16bc6,true,/cpfs/user/zhuzihou/assets/dedup_workspaces/test0_transitive_apply_parallel/dataset/GRScenes_assets/bottle/104b97b50bf1113eb53c841b4e075fe2/back.png
bottle,104b97b50bf1113eb53c841b4e075fe2,right,ok,0.194443,186,353,0.250465,353,e4412a061eac8976cc2416d70ad7abafdd8b1e0274cdd5d2fa5c637a536e0e0b,true,/cpfs/user/zhuzihou/assets/dedup_workspaces/test0_transitive_apply_parallel/dataset/GRScenes_assets/bottle/104b97b50bf1113eb53c841b4e075fe2/right.png
bottle,10748e701e9dc2010f7e23f59d8e7dac,front,ok,0.172626,461,134,0.235649,461,ea9c54659142e5fac8822c8c9d939484b9b308bf7fb182fef02fe978caf3237b,true,/cpfs/user/zhuzihou/assets/dedup_workspaces/test0_transitive_apply_parallel/dataset/GRScenes_assets/bottle/10748e701e9dc2010f7e23f59d8e7dac/front.png
bottle,10748e701e9dc2010f7e23f59d8e7dac,left,ok,0.147964,177,351,0.236996,351,8fd006ef7815095e6b9d416eee90763cdb3d6445cf843a6fbca7b5ef9ef021eb,true,/cpfs/user/zhuzihou/assets/dedup_workspaces/test0_transitive_apply_parallel/dataset/GRScenes_assets/bottle/10748e701e9dc2010f7e23f59d8e7dac/left.png
bottle,10748e701e9dc2010f7e23f59d8e7dac,back,ok,0.171211,461,134,0.235649,461,5557445e112669bdaa63e6187e4b38a34a80117bd34e1026b3a27df62c675f46,true,/cpfs/user/zhuzihou/assets/dedup_workspaces/test0_transitive_apply_parallel/dataset/GRScenes_assets/bottle/10748e701e9dc2010f7e23f59d8e7dac/back.png
bottle,10748e701e9dc2010f7e23f59d8e7dac,right,ok,0.101902,104,350,0.138855,350,7fcad2c22775605de6a70a696580dcf2e3a8c0a2f482b5b855083170e117d292,true,/cpfs/user/zhuzihou/assets/dedup_workspaces/test0_transitive_apply_parallel/dataset/GRScenes_assets/bottle/10748e701e9dc2010f7e23f59d8e7dac/right.png
bottle,109b1570e4a115f09050b71292fd6064,front,ok,0.200092,431,186,0.305809,431,6fe03210fd7250966d43729918a38096c2ab852044fa02fa4e2ea0c6df1e677a,true,/cpfs/user/zhuzihou/assets/dedup_workspaces/test0_transitive_apply_parallel/dataset/GRScenes_assets/bottle/109b1570e4a115f09050b71292fd6064/front.png
bottle,109b1570e4a115f09050b71292fd6064,left,ok,0.267818,296,320,0.361328,320,73d57e565006ccb34b6fc2becf1578ec7be666a7f439f3ddc7d74416b4ad588d,true,/cpfs/user/zhuzihou/assets/dedup_workspaces/test0_transitive_apply_parallel/dataset/GRScenes_assets/bottle/109b1570e4a115f09050b71292fd6064/left.png
bottle,109b1570e4a115f09050b71292fd6064,back,ok,0.248840,431,186,0.305809,431,ffc1df11b77ad016f0f6d6f017fdf4f24ddfd98cd20fb57917b5788d9fb2daf0,true,/cpfs/user/zhuzihou/assets/dedup_workspaces/test0_transitive_apply_parallel/dataset/GRScenes_assets/bottle/109b1570e4a115f09050b71292fd6064/back.png
bottle,109b1570e4a115f09050b71292fd6064,right,ok,0.184551,224,326,0.278564,326,733759dbcb7c819dabc858087dc3377a5956bae7da080a892987d2e4bf19f992,true,/cpfs/user/zhuzihou/assets/dedup_workspaces/test0_transitive_apply_parallel/dataset/GRScenes_assets/bottle/109b1570e4a115f09050b71292fd6064/right.png
bottle,1166b04acdc298b5f120e90e5c9e395a,front,ok,0.187229,456,139,0.241791,456,9cd74305447a8ad79c7e2da06f509ff251c5fd9db520ad32c58ff4e17f9d11e5,true,/cpfs/user/zhuzihou/assets/dedup_workspaces/test0_transitive_apply_parallel/dataset/GRScenes_assets/bottle/1166b04acdc298b5f120e90e5c9e395a/front.png
bottle,1166b04acdc298b5f120e90e5c9e395a,left,ok,0.170235,183,346,0.241539,346,f369ff045ecaf60c178906f4c1adc5e14771cbb651dbed8ad2fc70011957967f,true,/cpfs/user/zhuzihou/assets/dedup_workspaces/test0_transitive_apply_parallel/dataset/GRScenes_assets/bottle/1166b04acdc298b5f120e90e5c9e395a/left.png
bottle,1166b04acdc298b5f120e90e5c9e395a,back,ok,0.180653,456,137,0.238312,456,036874a1837e230b2de36f5b7577fd1df04dffa1c67d2f41f5e13eb6c57d1ecb,true,/cpfs/user/zhuzihou/assets/dedup_workspaces/test0_transitive_apply_parallel/dataset/GRScenes_assets/bottle/1166b04acdc298b5f120e90e5c9e395a/back.png
bottle,1166b04acdc298b5f120e90e5c9e395a,right,ok,0.109669,128,347,0.169434,347,bf0715c09f8911e02337352e2e7aae73dd9c4d2f2ed0d615ddbfee77dd8eef52,true,/cpfs/user/zhuzihou/assets/dedup_workspaces/test0_transitive_apply_parallel/dataset/GRScenes_assets/bottle/1166b04acdc298b5f120e90e5c9e395a/right.png
bottle,12812d84b309468bf8ac3aeccd508a8d,front,ok,0.179462,463,103,0.181919,463,7177154d23481a1ec64025ab19e8124fa5caa915532d9f94d112336a3002e0b8,true,/cpfs/user/zhuzihou/assets/dedup_workspaces/test0_transitive_apply_parallel/dataset/GRScenes_assets/bottle/12812d84b309468bf8ac3aeccd508a8d/front.png
bottle,12812d84b309468bf8ac3aeccd508a8d,left,ok,0.141155,155,367,0.216999,367,08228df99dc2d436dd8c96e72bb780107c1f805e08766804312def7d9465f273,true,/cpfs/user/zhuzihou/assets/dedup_workspaces/test0_transitive_apply_parallel/dataset/GRScenes_assets/bottle/12812d84b309468bf8ac3aeccd508a8d/left.png
bottle,12812d84b309468bf8ac3aeccd508a8d,back,ok,0.144444,487,103,0.191349,487,0b5465c6ef1967066241cc03d4254fbd34de39d3ec9ab5307f387d2757c9c4bc,true,/cpfs/user/zhuzihou/assets/dedup_workspaces/test0_transitive_apply_parallel/dataset/GRScenes_assets/bottle/12812d84b309468bf8ac3aeccd508a8d/back.png
bottle,12812d84b309468bf8ac3aeccd508a8d,right,ok,0.103382,93,368,0.130554,368,7b958de4385df0933291da6e099a906e07410f83f3cd9a29954ab03fd844f60b,true,/cpfs/user/zhuzihou/assets/dedup_workspaces/test0_transitive_apply_parallel/dataset/GRScenes_assets/bottle/12812d84b309468bf8ac3aeccd508a8d/right.png
bottle,12b1d1f84fc82dbc20eedfc54a3e5ce0,front,ok,0.222229,463,144,0.254333,463,43d57b6373fbfd74d561817fd5e45f47e2f1c75e29bfe031baf1bdeb226dc9ad,true,/cpfs/user/zhuzihou/assets/dedup_workspaces/test0_transitive_apply_parallel/dataset/GRScenes_assets/bottle/12b1d1f84fc82dbc20eedfc54a3e5ce0/front.png
bottle,12b1d1f84fc82dbc20eedfc54a3e5ce0,left,ok,0.208973,216,352,0.290039,352,257e70353a9c67105fecd1c906a67931805af3e8dcac3f64bf41bd1027d995c6,true,/cpfs/user/zhuzihou/assets/dedup_workspaces/test0_transitive_apply_parallel/dataset/GRScenes_assets/bottle/12b1d1f84fc82dbc20eedfc54a3e5ce0/left.png
bottle,12b1d1f84fc82dbc20eedfc54a3e5ce0,back,ok,0.222191,463,144,0.254333,463,8f23bc9918f3957b5d39f18f957c682978b663c3b96ce59f3b20e153957ffd41,true,/cpfs/user/zhuzihou/assets/dedup_workspaces/test0_transitive_apply_parallel/dataset/GRScenes_assets/bottle/12b1d1f84fc82dbc20eedfc54a3e5ce0/back.png
bottle,12b1d1f84fc82dbc20eedfc54a3e5ce0,right,ok,0.172173,162,356,0.220001,356,51e74cf3cd370ae2cc3240234733ff8bcab27d1a978e712dedaa0c0038613191,true,/cpfs/user/zhuzihou/assets/dedup_workspaces/test0_transitive_apply_parallel/dataset/GRScenes_assets/bottle/12b1d1f84fc82dbc20eedfc54a3e5ce0/right.png
bottle,12ce3b4db734ec1dbb0d32803717b730,front,ok,0.168285,455,120,0.208282,455,210110b502b6e059ea5e26bf16a7a0f7284ffab6d34ef52b793673609ad430bb,true,/cpfs/user/zhuzihou/assets/dedup_workspaces/test0_transitive_apply_parallel/dataset/GRScenes_assets/bottle/12ce3b4db734ec1dbb0d32803717b730/front.png
bottle,12ce3b4db734ec1dbb0d32803717b730,left,ok,0.135429,146,339,0.188805,339,8a25030fb461157b253dccdf4ae230c3f7ce9a907db67ad8e16771c77b90ba6f,true,/cpfs/user/zhuzihou/assets/dedup_workspaces/test0_transitive_apply_parallel/dataset/GRScenes_assets/bottle/12ce3b4db734ec1dbb0d32803717b730/left.png
bottle,12ce3b4db734ec1dbb0d32803717b730,back,ok,0.168774,457,120,0.209198,457,e461998ca806960adede7417d9da889819dffa33b8b1ed3b32ca7dab0a34d156,true,/cpfs/user/zhuzihou/assets/dedup_workspaces/test0_transitive_apply_parallel/dataset/GRScenes_assets/bottle/12ce3b4db734ec1dbb0d32803717b730/back.png
bottle,12ce3b4db734ec1dbb0d32803717b730,right,ok,0.110451,118,342,0.153946,342,17c4fb0e896e3bed7094e6bfa88a643265adac9264cc3f0272bcdf2dbe85efac,true,/cpfs/user/zhuzihou/assets/dedup_workspaces/test0_transitive_apply_parallel/dataset/GRScenes_assets/bottle/12ce3b4db734ec1dbb0d32803717b730/right.png
bottle,135c62d3ad8b80f28272b42cf121a4c4,front,ok,0.186092,458,126,0.220139,458,bd210c1f8f8fbe68a070bc71cc803905be8f64be802ae36f8c02fe4be9b24924,true,/cpfs/user/zhuzihou/assets/dedup_workspaces/test0_transitive_apply_parallel/dataset/GRScenes_assets/bottle/135c62d3ad8b80f28272b42cf121a4c4/front.png
bottle,135c62d3ad8b80f28272b42cf121a4c4,left,ok,0.177368,188,338,0.242401,338,4ce17da226a28a07bc1a2e7f6a42d78bfe6652e972f93467f136505ee9813587,true,/cpfs/user/zhuzihou/assets/dedup_workspaces/test0_transitive_apply_parallel/dataset/GRScenes_assets/bottle/135c62d3ad8b80f28272b42cf121a4c4/left.png
bottle,135c62d3ad8b80f28272b42cf121a4c4,back,ok,0.186680,458,126,0.220139,458,880c52549244b9a46b6c6da06f6b3dad21b337f3d6a8c8bad0d6c9979a6a695c,true,/cpfs/user/zhuzihou/assets/dedup_workspaces/test0_transitive_apply_parallel/dataset/GRScenes_assets/bottle/135c62d3ad8b80f28272b42cf121a4c4/back.png
bottle,135c62d3ad8b80f28272b42cf121a4c4,right,ok,0.129539,138,340,0.178986,340,9ab85be20bafc9618d3cdae5829cc0e4d4b54d794a403661b02a71331ca05ec5,true,/cpfs/user/zhuzihou/assets/dedup_workspaces/test0_transitive_apply_parallel/dataset/GRScenes_assets/bottle/135c62d3ad8b80f28272b42cf121a4c4/right.png
bottle,1367a232d69997ba725a4ea5c366ef57,front,ok,0.138474,433,173,0.285755,433,98462347f1afc2575e0ceec224a3d5e67cedbd2f39fdf0ddc916c3a2cf460bce,true,/cpfs/user/zhuzihou/assets/dedup_workspaces/test0_transitive_apply_parallel/dataset/GRScenes_assets/bottle/1367a232d69997ba725a4ea5c366ef57/front.png
bottle,1367a232d69997ba725a4ea5c366ef57,left,ok,0.129856,236,289,0.260178,289,af489069223ee21d48c777b547583d94491ef044e21b5c50c7167e9fb3bd91cb,true,/cpfs/user/zhuzihou/assets/dedup_workspaces/test0_transitive_apply_parallel/dataset/GRScenes_assets/bottle/1367a232d69997ba725a4ea5c366ef57/left.png
bottle,1367a232d69997ba725a4ea5c366ef57,back,ok,0.147041,371,254,0.359474,371,a956bc2e889b44097e0911d647ca64e473e89f472169b6cb84eb9141fc7c0412,true,/cpfs/user/zhuzihou/assets/dedup_workspaces/test0_transitive_apply_parallel/dataset/GRScenes_assets/bottle/1367a232d69997ba725a4ea5c366ef57/back.png
bottle,1367a232d69997ba725a4ea5c366ef57,right,ok,0.123020,139,394,0.208916,394,3ca37e89d9be89e10e3c1817ce7b3e15903c9f1d322532b8caece67cfe4a2f8c,true,/cpfs/user/zhuzihou/assets/dedup_workspaces/test0_transitive_apply_parallel/dataset/GRScenes_assets/bottle/1367a232d69997ba725a4ea5c366ef57/right.png
bottle,13d4b97a7183f697eaddbbca1225271f,front,ok,0.260818,392,236,0.352905,392,cc7884910b8affbbf3e24c1243fb6330d655babd3e24ee780c4ab53515b9f622,true,/cpfs/user/zhuzihou/assets/dedup_workspaces/test0_transitive_apply_parallel/dataset/GRScenes_assets/bottle/13d4b97a7183f697eaddbbca1225271f/front.png
bottle,13d4b97a7183f697eaddbbca1225271f,left,ok,0.305618,370,276,0.389557,370,c3365306bf851e6b57221e16333baaa9e26c3b56b9ec56cbb9c220e90a5352c2,true,/cpfs/user/zhuzihou/assets/dedup_workspaces/test0_transitive_apply_parallel/dataset/GRScenes_assets/bottle/13d4b97a7183f697eaddbbca1225271f/left.png
bottle,13d4b97a7183f697eaddbbca1225271f,back,ok,0.263336,393,238,0.356804,393,55a8ce11fe3ab67b6d6d8471aef3367de1e957647cf23fe09d329accea140f47,true,/cpfs/user/zhuzihou/assets/dedup_workspaces/test0_transitive_apply_parallel/dataset/GRScenes_assets/bottle/13d4b97a7183f697eaddbbca1225271f/back.png
bottle,13d4b97a7183f697eaddbbca1225271f,right,ok,0.222229,310,266,0.314560,310,ad006b7f70ffd2a4b46287c25af58201ed3795856df1880c95da47e54bf4c66a,true,/cpfs/user/zhuzihou/assets/dedup_workspaces/test0_transitive_apply_parallel/dataset/GRScenes_assets/bottle/13d4b97a7183f697eaddbbca1225271f/right.png
bottle,13e92a453a3c5b2a2f64dbe1dddef527,front,ok,0.125046,454,119,0.206093,454,33c56b5f3770c9687c1a69a0618bcb78dd45faf581d0668d5c3a06339e66c361,true,/cpfs/user/zhuzihou/assets/dedup_workspaces/test0_transitive_apply_parallel/dataset/GRScenes_assets/bottle/13e92a453a3c5b2a2f64dbe1dddef527/front.png
bottle,13e92a453a3c5b2a2f64dbe1dddef527,left,ok,0.143021,170,334,0.216599,334,0e35dfa2da64a303d9e745d0a7ee9e85ae5b73c8dd8f296a21e0808bceb76776,true,/cpfs/user/zhuzihou/assets/dedup_workspaces/test0_transitive_apply_parallel/dataset/GRScenes_assets/bottle/13e92a453a3c5b2a2f64dbe1dddef527/left.png
bottle,13e92a453a3c5b2a2f64dbe1dddef527,back,ok,0.124886,454,119,0.206093,454,213bee27ed3a805cca3b0020b23cfa853709e5c8641ea6c637cb310c8fa94814,true,/cpfs/user/zhuzihou/assets/dedup_workspaces/test0_transitive_apply_parallel/dataset/GRScenes_assets/bottle/13e92a453a3c5b2a2f64dbe1dddef527/back.png
bottle,13e92a453a3c5b2a2f64dbe1dddef527,right,ok,0.084061,108,327,0.134720,327,628b6c66242f7d5e5a9e8d92ccfd75217c50599bd296881ee92a81988ca69c31,true,/cpfs/user/zhuzihou/assets/dedup_workspaces/test0_transitive_apply_parallel/dataset/GRScenes_assets/bottle/13e92a453a3c5b2a2f64dbe1dddef527/right.png
bottle,1465436036dce99b9abe6e73919acb98,front,ok,0.354450,471,235,0.422230,471,5c1f7e205b8229c2a5528a41792ed5a45c27ce46228d9aaace049a7e8b89f9e5,true,/cpfs/user/zhuzihou/assets/dedup_workspaces/test0_transitive_apply_parallel/dataset/GRScenes_assets/bottle/1465436036dce99b9abe6e73919acb98/front.png
bottle,1465436036dce99b9abe6e73919acb98,left,ok,0.319248,285,376,0.408783,376,cd2c3d17840a0f204333cf12031f081878f0d2cf6ed6f7707cac996a5d7acdf8,true,/cpfs/user/zhuzihou/assets/dedup_workspaces/test0_transitive_apply_parallel/dataset/GRScenes_assets/bottle/1465436036dce99b9abe6e73919acb98/left.png
bottle,1465436036dce99b9abe6e73919acb98,back,ok,0.354614,472,235,0.423126,472,50ac5f9c8cdbe148c03e5e20dec413e7abdcc421c690ef0a88fa2fd5bdf64bc6,true,/cpfs/user/zhuzihou/assets/dedup_workspaces/test0_transitive_apply_parallel/dataset/GRScenes_assets/bottle/1465436036dce99b9abe6e73919acb98/back.png
bottle,1465436036dce99b9abe6e73919acb98,right,ok,0.220127,214,380,0.310211,380,1a3d9f339e8fbc2f1986bc49201502215b3c99d166a44bb44c806a8d74608e64,true,/cpfs/user/zhuzihou/assets/dedup_workspaces/test0_transitive_apply_parallel/dataset/GRScenes_assets/bottle/1465436036dce99b9abe6e73919acb98/right.png
bottle,14db6dba6c2648d663ffca700c88f1bc,front,ok,0.123619,463,109,0.192516,463,f561b599dcbbc748bc2fcdc27ee4b3a831b5507ec3a73e476f2ba308509a9844,true,/cpfs/user/zhuzihou/assets/dedup_workspaces/test0_transitive_apply_parallel/dataset/GRScenes_assets/bottle/14db6dba6c2648d663ffca700c88f1bc/front.png
bottle,14db6dba6c2648d663ffca700c88f1bc,left,ok,0.145721,169,342,0.220482,342,5e6b5a366db07623732975d080e1be8c63d3ede749b47bfda2f610cc00e4a705,true,/cpfs/user/zhuzihou/assets/dedup_workspaces/test0_transitive_apply_parallel/dataset/GRScenes_assets/bottle/14db6dba6c2648d663ffca700c88f1bc/left.png
bottle,14db6dba6c2648d663ffca700c88f1bc,back,ok,0.145878,465,108,0.191574,465,e422ca49fd9cbb2a8e84b6637e890dd5220383706cdf7e002b4a64e3dd52a5b7,true,/cpfs/user/zhuzihou/assets/dedup_workspaces/test0_transitive_apply_parallel/dataset/GRScenes_assets/bottle/14db6dba6c2648d663ffca700c88f1bc/back.png
bottle,14db6dba6c2648d663ffca700c88f1bc,right,ok,0.097553,114,340,0.147858,340,249dea4fd377e08008da4fc45fea9fcb33858cd2f095ea6cabdc76f527b6a44d,true,/cpfs/user/zhuzihou/assets/dedup_workspaces/test0_transitive_apply_parallel/dataset/GRScenes_assets/bottle/14db6dba6c2648d663ffca700c88f1bc/right.png
bottle,14e22f109e4e9e0828c23267fd2c9cab,front,ok,0.216373,453,158,0.273033,453,85e3ba6a6b0825a7e680a0f9232f4e4bdbcbfed61f49c86a9a2c0440c8aac5d6,true,/cpfs/user/zhuzihou/assets/dedup_workspaces/test0_transitive_apply_parallel/dataset/GRScenes_assets/bottle/14e22f109e4e9e0828c23267fd2c9cab/front.png
bottle,14e22f109e4e9e0828c23267fd2c9cab,left,ok,0.205284,222,346,0.293015,346,3c9631d84d1cd00575ac721ca3dadb3d9bbd13f31d1011cffb747d63e1811747,true,/cpfs/user/zhuzihou/assets/dedup_workspaces/test0_transitive_apply_parallel/dataset/GRScenes_assets/bottle/14e22f109e4e9e0828c23267fd2c9cab/left.png
bottle,14e22f109e4e9e0828c23267fd2c9cab,back,ok,0.216431,453,158,0.273033,453,798442e9b7eaa38a8690f211e432cbf70f0770edacb1c2226248655ba3d45089,true,/cpfs/user/zhuzihou/assets/dedup_workspaces/test0_transitive_apply_parallel/dataset/GRScenes_assets/bottle/14e22f109e4e9e0828c23267fd2c9cab/back.png
bottle,14e22f109e4e9e0828c23267fd2c9cab,right,ok,0.178272,158,354,0.213364,354,b94ba20b21cc4bd5a4e8cf8224762cb8b5fe25c279c9c50614f7a2f6014d353b,true,/cpfs/user/zhuzihou/assets/dedup_workspaces/test0_transitive_apply_parallel/dataset/GRScenes_assets/bottle/14e22f109e4e9e0828c23267fd2c9cab/right.png
bottle,14e4f070f7fc046970cd1dcb89751019,front,ok,0.264019,420,214,0.342865,420,9edd733749c066226fd5d1fe6281c9f19c48d8f5fdb1fc20637cc7dbfd31c6be,true,/cpfs/user/zhuzihou/assets/dedup_workspaces/test0_transitive_apply_parallel/dataset/GRScenes_assets/bottle/14e4f070f7fc046970cd1dcb89751019/front.png
bottle,14e4f070f7fc046970cd1dcb89751019,left,ok,0.272846,271,363,0.375263,363,36b1273190431ff943e1233160a6a8b2c4fcf503acd9e48aad3c503cbb153efa,true,/cpfs/user/zhuzihou/assets/dedup_workspaces/test0_transitive_apply_parallel/dataset/GRScenes_assets/bottle/14e4f070f7fc046970cd1dcb89751019/left.png
bottle,14e4f070f7fc046970cd1dcb89751019,back,ok,0.304016,421,216,0.346893,421,3660eaf07803d673380cae9ffe16eedf91f86cd848cc4ca6c1adefab5a1e9fff,true,/cpfs/user/zhuzihou/assets/dedup_workspaces/test0_transitive_apply_parallel/dataset/GRScenes_assets/bottle/14e4f070f7fc046970cd1dcb89751019/back.png
bottle,14e4f070f7fc046970cd1dcb89751019,right,ok,0.245872,229,349,0.304874,349,3fce6bc0529a777de819786fddb4f7bbbe24c5b3af9ed47d4cf7f2aa4b7b0fc6,true,/cpfs/user/zhuzihou/assets/dedup_workspaces/test0_transitive_apply_parallel/dataset/GRScenes_assets/bottle/14e4f070f7fc046970cd1dcb89751019/right.png
bottle,150f07ef581cdf51107b76424594e60c,front,ok,0.222229,463,144,0.254333,463,040662de28bd85db20fc79aea5cba763d4d2c3b17446822925d1aa10f5d3dac3,true,/cpfs/user/zhuzihou/assets/dedup_workspaces/test0_transitive_apply_parallel/dataset/GRScenes_assets/bottle/150f07ef581cdf51107b76424594e60c/front.png
bottle,150f07ef581cdf51107b76424594e60c,left,ok,0.208973,216,352,0.290039,352,dac9a9f2202d47d043baf697a8aa7740bd938d04533c9e631aa25ecc59e15529,true,/cpfs/user/zhuzihou/assets/dedup_workspaces/test0_transitive_apply_parallel/dataset/GRScenes_assets/bottle/150f07ef581cdf51107b76424594e60c/left.png
bottle,150f07ef581cdf51107b76424594e60c,back,ok,0.222191,463,144,0.254333,463,c2069883bf7a4ed877aef7c74e12db34f8276c0e79f0434d042c1a7afe8d1a2b,true,/cpfs/user/zhuzihou/assets/dedup_workspaces/test0_transitive_apply_parallel/dataset/GRScenes_assets/bottle/150f07ef581cdf51107b76424594e60c/back.png
bottle,150f07ef581cdf51107b76424594e60c,right,ok,0.172173,162,356,0.220001,356,43a0a10f9e8b63fa0e9f01293d7c048c229701a1b02b2eb2438a14121e5bfe0c,true,/cpfs/user/zhuzihou/assets/dedup_workspaces/test0_transitive_apply_parallel/dataset/GRScenes_assets/bottle/150f07ef581cdf51107b76424594e60c/right.png
bottle,15bde5d6b3cc94cbfab0206a439d47f9,front,ok,0.320976,478,207,0.377449,478,dadec3449dc763d5a572bcb1a780bdba1a1d62fdb4d24c041d06448dfd55cc6c,true,/cpfs/user/zhuzihou/assets/dedup_workspaces/test0_transitive_apply_parallel/dataset/GRScenes_assets/bottle/15bde5d6b3cc94cbfab0206a439d47f9/front.png
bottle,15bde5d6b3cc94cbfab0206a439d47f9,left,ok,0.275364,248,377,0.356659,377,ef1bdba6a79ebf919b685609cb9386fc2277dc09d5b6fb6167ff9f4c4c64f6d8,true,/cpfs/user/zhuzihou/assets/dedup_workspaces/test0_transitive_apply_parallel/dataset/GRScenes_assets/bottle/15bde5d6b3cc94cbfab0206a439d47f9/left.png
bottle,15bde5d6b3cc94cbfab0206a439d47f9,back,ok,0.320782,478,207,0.377449,478,89e80c59bdccb1b119f3673dd1b85e0020cd5218c6c76ea00b7311b32384ed23,true,/cpfs/user/zhuzihou/assets/dedup_workspaces/test0_transitive_apply_parallel/dataset/GRScenes_assets/bottle/15bde5d6b3cc94cbfab0206a439d47f9/back.png
bottle,15bde5d6b3cc94cbfab0206a439d47f9,right,ok,0.187042,184,380,0.266724,380,4a0bf4c07829d4b4fcf2fbcf66d729e75ce1c8e5c4551228e619ad1c11ce6897,true,/cpfs/user/zhuzihou/assets/dedup_workspaces/test0_transitive_apply_parallel/dataset/GRScenes_assets/bottle/15bde5d6b3cc94cbfab0206a439d47f9/right.png
bottle,15cfcc3dcbbc2a81263f61948a732997,front,ok,0.316162,375,241,0.344753,375,bd55b83d216973b78e33a481fb91e5b9a99497ef64327de6353574962b44d4da,true,/cpfs/user/zhuzihou/assets/dedup_workspaces/test0_transitive_apply_parallel/dataset/GRScenes_assets/bottle/15cfcc3dcbbc2a81263f61948a732997/front.png
bottle,15cfcc3dcbbc2a81263f61948a732997,left,ok,0.324387,322,360,0.442200,360,f2226802019c73ef814af7dcee59115691aee4ddd53525cdef23db2aea94d6ae,true,/cpfs/user/zhuzihou/assets/dedup_workspaces/test0_transitive_apply_parallel/dataset/GRScenes_assets/bottle/15cfcc3dcbbc2a81263f61948a732997/left.png
bottle,15cfcc3dcbbc2a81263f61948a732997,back,ok,0.315300,375,240,0.343323,375,6fa78ec6c3efdbb0bb5db1c1d934de1bb552a6a4b408303b462c91019a67db4e,true,/cpfs/user/zhuzihou/assets/dedup_workspaces/test0_transitive_apply_parallel/dataset/GRScenes_assets/bottle/15cfcc3dcbbc2a81263f61948a732997/back.png
bottle,15cfcc3dcbbc2a81263f61948a732997,right,ok,0.267666,286,328,0.357849,328,62aeaf0c14542a91d827472519be02a609de95567161ab2c07cd5fdda30f0456,true,/cpfs/user/zhuzihou/assets/dedup_workspaces/test0_transitive_apply_parallel/dataset/GRScenes_assets/bottle/15cfcc3dcbbc2a81263f61948a732997/right.png
bottle,15e612a610daa656ce14e5af83c681cc,front,ok,0.351913,450,217,0.372505,450,4e3c26c70b0a442b95e99f983f081468a4e1813d8f49808d0f5ef29d5715da37,true,/cpfs/user/zhuzihou/assets/dedup_workspaces/test0_transitive_apply_parallel/dataset/GRScenes_assets/bottle/15e612a610daa656ce14e5af83c681cc/front.png
bottle,15e612a610daa656ce14e5af83c681cc,left,ok,0.318840,308,381,0.447647,381,b49b851ac4f9d0af4b65d9ac0428847d6ee222d507d474fbf68eff5e1d650aa3,true,/cpfs/user/zhuzihou/assets/dedup_workspaces/test0_transitive_apply_parallel/dataset/GRScenes_assets/bottle/15e612a610daa656ce14e5af83c681cc/left.png
bottle,15e612a610daa656ce14e5af83c681cc,back,ok,0.350784,450,217,0.372505,450,31d0628338e8ee901b541cc2e91a17d8b9a3a1444f8e7780148efb8896686420,true,/cpfs/user/zhuzihou/assets/dedup_workspaces/test0_transitive_apply_parallel/dataset/GRScenes_assets/bottle/15e612a610daa656ce14e5af83c681cc/back.png
bottle,15e612a610daa656ce14e5af83c681cc,right,ok,0.318703,308,381,0.447647,381,7a810dac4bc0b5ff615bc007947cd2abfd33055414b027336ecc1eff6f9f9449,true,/cpfs/user/zhuzihou/assets/dedup_workspaces/test0_transitive_apply_parallel/dataset/GRScenes_assets/bottle/15e612a610daa656ce14e5af83c681cc/right.png
bottle,16a0083bb45fb2a313314f918b545a5c,front,ok,0.168079,455,120,0.208282,455,756079af80a08a266cbfbf8d5a11da80b0f69a11d00399ccf15e8a10361c8399,true,/cpfs/user/zhuzihou/assets/dedup_workspaces/test0_transitive_apply_parallel/dataset/GRScenes_assets/bottle/16a0083bb45fb2a313314f918b545a5c/front.png
bottle,16a0083bb45fb2a313314f918b545a5c,left,ok,0.135372,146,339,0.188805,339,c2328f903ad42ede4128a24fa28567e488e245bd5c82df4c0d2fefcf7c066616,true,/cpfs/user/zhuzihou/assets/dedup_workspaces/test0_transitive_apply_parallel/dataset/GRScenes_assets/bottle/16a0083bb45fb2a313314f918b545a5c/left.png
bottle,16a0083bb45fb2a313314f918b545a5c,back,ok,0.168762,457,120,0.209198,457,14f1af80b34e23de05f93dd5591b58e9d0b3bf2e283c6ba52d728cc1262eb082,true,/cpfs/user/zhuzihou/assets/dedup_workspaces/test0_transitive_apply_parallel/dataset/GRScenes_assets/bottle/16a0083bb45fb2a313314f918b545a5c/back.png
bottle,16a0083bb45fb2a313314f918b545a5c,right,ok,0.110451,118,342,0.153946,342,df4b1a4f97e99f5f198c0386ac030922a93a7386ac0cc8376ae58b49238af802,true,/cpfs/user/zhuzihou/assets/dedup_workspaces/test0_transitive_apply_parallel/dataset/GRScenes_assets/bottle/16a0083bb45fb2a313314f918b545a5c/right.png
bottle,173e246d5eb10f81265e2c174de2101d,front,ok,0.302425,256,335,0.327148,335,8a685625f6ba0965fc2015d2c24cb3af2e1d5e449d8095ce2528f9f932663bc0,true,/cpfs/user/zhuzihou/assets/dedup_workspaces/test0_transitive_apply_parallel/dataset/GRScenes_assets/bottle/173e246d5eb10f81265e2c174de2101d/front.png
bottle,173e246d5eb10f81265e2c174de2101d,left,ok,0.302326,274,380,0.397186,380,0ea9a050993ad73bce8f70fe53c63e2ae2183cf0a6932d7139a064178ed1627a,true,/cpfs/user/zhuzihou/assets/dedup_workspaces/test0_transitive_apply_parallel/dataset/GRScenes_assets/bottle/173e246d5eb10f81265e2c174de2101d/left.png
bottle,173e246d5eb10f81265e2c174de2101d,back,ok,0.302662,256,335,0.327148,335,f231a913467d39cb0c57546ed1110cf2aa45201adb314aeed7fc0b7af9927e56,true,/cpfs/user/zhuzihou/assets/dedup_workspaces/test0_transitive_apply_parallel/dataset/GRScenes_assets/bottle/173e246d5eb10f81265e2c174de2101d/back.png
bottle,173e246d5eb10f81265e2c174de2101d,right,ok,0.323055,288,391,0.429565,391,9d945d4b3bda0650866e42e0c534cdcb631e27598de4bb09d71c7856e1b77225,true,/cpfs/user/zhuzihou/assets/dedup_workspaces/test0_transitive_apply_parallel/dataset/GRScenes_assets/bottle/173e246d5eb10f81265e2c174de2101d/right.png
bottle,17ac376d5d0707d8a88b478f7feae2e8,front,ok,0.192200,456,145,0.252228,456,58c239c11d3ff32b3b1d46e046e4a5981dcb2beb805d8aa33ebd30c16ae1d558,true,/cpfs/user/zhuzihou/assets/dedup_workspaces/test0_transitive_apply_parallel/dataset/GRScenes_assets/bottle/17ac376d5d0707d8a88b478f7feae2e8/front.png
bottle,17ac376d5d0707d8a88b478f7feae2e8,left,ok,0.197334,212,344,0.278198,344,e50bfa2ee5f62379c934faebe2cca0f777e89969387520447c4ed4d545f8ecf2,true,/cpfs/user/zhuzihou/assets/dedup_workspaces/test0_transitive_apply_parallel/dataset/GRScenes_assets/bottle/17ac376d5d0707d8a88b478f7feae2e8/left.png
bottle,17ac376d5d0707d8a88b478f7feae2e8,back,ok,0.191631,457,144,0.251038,457,d6ba6c0643df6e3a04ca0ab7264dbaf71998e551046d346120db1308197575a5,true,/cpfs/user/zhuzihou/assets/dedup_workspaces/test0_transitive_apply_parallel/dataset/GRScenes_assets/bottle/17ac376d5d0707d8a88b478f7feae2e8/back.png
bottle,17ac376d5d0707d8a88b478f7feae2e8,right,ok,0.113297,139,366,0.194069,366,edaefee86f7284c783240fcfca72f39580b3716cde85e46a74e8e5ef9332b6c2,true,/cpfs/user/zhuzihou/assets/dedup_workspaces/test0_transitive_apply_parallel/dataset/GRScenes_assets/bottle/17ac376d5d0707d8a88b478f7feae2e8/right.png
bottle,18233e300e26431329241446c6384420,front,ok,0.318554,443,203,0.343052,443,2189da506406b9c48cd8eed24f78bd2c1716e54d9e617623b8b172fdd02e766d,true,/cpfs/user/zhuzihou/assets/dedup_workspaces/test0_transitive_apply_parallel/dataset/GRScenes_assets/bottle/18233e300e26431329241446c6384420/front.png
bottle,18233e300e26431329241446c6384420,left,ok,0.260582,254,373,0.361412,373,782b3bc3146ab01710b50fc0b4a2d051162bc578ae5b7792c105d46593e45b43,true,/cpfs/user/zhuzihou/assets/dedup_workspaces/test0_transitive_apply_parallel/dataset/GRScenes_assets/bottle/18233e300e26431329241446c6384420/left.png
bottle,18233e300e26431329241446c6384420,back,ok,0.315136,443,200,0.337982,443,3301fa89d7fd9fb5ccfd158d433b69b36a2b2f34ee5e16c684c942fa4e539de1,true,/cpfs/user/zhuzihou/assets/dedup_workspaces/test0_transitive_apply_parallel/dataset/GRScenes_assets/bottle/18233e300e26431329241446c6384420/back.png
bottle,18233e300e26431329241446c6384420,right,ok,0.248581,231,377,0.332211,377,4f5f59de7f3911084b93bbaad7797ed74b1fa23c711e6a235e14840efdc027ba,true,/cpfs/user/zhuzihou/assets/dedup_workspaces/test0_transitive_apply_parallel/dataset/GRScenes_assets/bottle/18233e300e26431329241446c6384420/right.png
bottle,1980626cc7c31888edd6eeeabdb4562f,front,ok,0.288250,480,173,0.316772,480,1fa2157a99cc9d62b3a42870abb7dcd9e381064d7189b6c020838a3a2b28fb3d,true,/cpfs/user/zhuzihou/assets/dedup_workspaces/test0_transitive_apply_parallel/dataset/GRScenes_assets/bottle/1980626cc7c31888edd6eeeabdb4562f/front.png
bottle,1980626cc7c31888edd6eeeabdb4562f,left,ok,0.282013,292,370,0.412140,370,f849353d8d7dd7b48b56a5360737c0e4b4d0424b76b14f1cc255d6c449dbc5f0,true,/cpfs/user/zhuzihou/assets/dedup_workspaces/test0_transitive_apply_parallel/dataset/GRScenes_assets/bottle/1980626cc7c31888edd6eeeabdb4562f/left.png
bottle,1980626cc7c31888edd6eeeabdb4562f,back,ok,0.283371,479,173,0.316113,479,d61f8d81522153aeb64e7ae8ad38717505c20c41b776b91be32f898e3fed6524,true,/cpfs/user/zhuzihou/assets/dedup_workspaces/test0_transitive_apply_parallel/dataset/GRScenes_assets/bottle/1980626cc7c31888edd6eeeabdb4562f/back.png
bottle,1980626cc7c31888edd6eeeabdb4562f,right,ok,0.280102,294,370,0.414963,370,533acc67725e6ea39bc8c6e1141eb2c685d4a59976095995095982c4a5897f0c,true,/cpfs/user/zhuzihou/assets/dedup_workspaces/test0_transitive_apply_parallel/dataset/GRScenes_assets/bottle/1980626cc7c31888edd6eeeabdb4562f/right.png
bottle,1a3575502348211b805e7d75f19a1c65,front,ok,0.202271,452,137,0.236221,452,83d083bd245917e34fb77c5a3b07b36345a827daca6194cb9cbbe0b8a0273138,true,/cpfs/user/zhuzihou/assets/dedup_workspaces/test0_transitive_apply_parallel/dataset/GRScenes_assets/bottle/1a3575502348211b805e7d75f19a1c65/front.png
bottle,1a3575502348211b805e7d75f19a1c65,left,ok,0.164642,172,348,0.228333,348,6c0457db96ac683fd5824d9c1c274c048539cc806eb0427d649b22e1f32cb2b6,true,/cpfs/user/zhuzihou/assets/dedup_workspaces/test0_transitive_apply_parallel/dataset/GRScenes_assets/bottle/1a3575502348211b805e7d75f19a1c65/left.png
bottle,1a3575502348211b805e7d75f19a1c65,back,ok,0.201588,452,137,0.236221,452,58bb15852145171384e2e786199627f44e83f90b041f95c2af22692fc6d82464,true,/cpfs/user/zhuzihou/assets/dedup_workspaces/test0_transitive_apply_parallel/dataset/GRScenes_assets/bottle/1a3575502348211b805e7d75f19a1c65/back.png
bottle,1a3575502348211b805e7d75f19a1c65,right,ok,0.145180,148,341,0.192520,341,e0bf430e3743e065849034d8b01ce5cedb99d1d3c76aabc1a3e39dd676f9cd4f,true,/cpfs/user/zhuzihou/assets/dedup_workspaces/test0_transitive_apply_parallel/dataset/GRScenes_assets/bottle/1a3575502348211b805e7d75f19a1c65/right.png
bottle,1b2288e55a02b787656ccf1cecdf2525,front,ok,0.200119,431,186,0.305809,431,f2bcb0eca32c2c0572ac9470bfaaceb8b8f6708f58d2f0b4fa2f42c52debd66c,true,/cpfs/user/zhuzihou/assets/dedup_workspaces/test0_transitive_apply_parallel/dataset/GRScenes_assets/bottle/1b2288e55a02b787656ccf1cecdf2525/front.png
bottle,1b2288e55a02b787656ccf1cecdf2525,left,ok,0.267815,296,320,0.361328,320,d343c21a6b7c62f33c1510c01c24740a7dee861b4d31e6efec21148cfabdae1c,true,/cpfs/user/zhuzihou/assets/dedup_workspaces/test0_transitive_apply_parallel/dataset/GRScenes_assets/bottle/1b2288e55a02b787656ccf1cecdf2525/left.png
bottle,1b2288e55a02b787656ccf1cecdf2525,back,ok,0.248863,431,186,0.305809,431,e4583ebe6e5328d152458e321a56ba74d6965a1e9dbe5352bf6bf2beb906e576,true,/cpfs/user/zhuzihou/assets/dedup_workspaces/test0_transitive_apply_parallel/dataset/GRScenes_assets/bottle/1b2288e55a02b787656ccf1cecdf2525/back.png
bottle,1b2288e55a02b787656ccf1cecdf2525,right,ok,0.184532,224,326,0.278564,326,2935108a61b6f44e03951ee7b38363b5317644bc9289c2cf255fa203e1aeb6a5,true,/cpfs/user/zhuzihou/assets/dedup_workspaces/test0_transitive_apply_parallel/dataset/GRScenes_assets/bottle/1b2288e55a02b787656ccf1cecdf2525/right.png
bottle,1c6bc36fb5354526ef1384bd843d3948,front,ok,0.124584,451,152,0.261505,451,8827fee5dc6446811989a8fd02a51dc37eb78428dba3cd79c695c64e66d83478,true,/cpfs/user/zhuzihou/assets/dedup_workspaces/test0_transitive_apply_parallel/dataset/GRScenes_assets/bottle/1c6bc36fb5354526ef1384bd843d3948/front.png
bottle,1c6bc36fb5354526ef1384bd843d3948,left,ok,0.114796,184,338,0.237244,338,b6d5cb9f2329d7188964d99f71e9fbe9294bd8c8971cd502d097a18c713bfc5f,true,/cpfs/user/zhuzihou/assets/dedup_workspaces/test0_transitive_apply_parallel/dataset/GRScenes_assets/bottle/1c6bc36fb5354526ef1384bd843d3948/left.png
bottle,1c6bc36fb5354526ef1384bd843d3948,back,ok,0.110870,451,152,0.261505,451,b955904352c9df236bb7d45ca56516eaa4288ec121235de7b0e101073d918913,true,/cpfs/user/zhuzihou/assets/dedup_workspaces/test0_transitive_apply_parallel/dataset/GRScenes_assets/bottle/1c6bc36fb5354526ef1384bd843d3948/back.png
bottle,1c6bc36fb5354526ef1384bd843d3948,right,ok,0.084534,130,338,0.167618,338,b5d0934dab3e7d4443a83d527d58a2a321e23ea1168ace24e8818911ef1f4403,true,/cpfs/user/zhuzihou/assets/dedup_workspaces/test0_transitive_apply_parallel/dataset/GRScenes_assets/bottle/1c6bc36fb5354526ef1384bd843d3948/right.png
bottle,1d0b687102526686a279c1f6f649997e,front,ok,0.236507,447,168,0.286469,447,9615602648b2cc44a51bffc87c9487e5a0d81913f4704b7cb2dc2244d32cf9e6,true,/cpfs/user/zhuzihou/assets/dedup_workspaces/test0_transitive_apply_parallel/dataset/GRScenes_assets/bottle/1d0b687102526686a279c1f6f649997e/front.png
bottle,1d0b687102526686a279c1f6f649997e,left,ok,0.221882,242,348,0.321259,348,7f2b8c02fecc5c5404f619813da216b771fc86251c0ebdf900c56aa9a174d99c,true,/cpfs/user/zhuzihou/assets/dedup_workspaces/test0_transitive_apply_parallel/dataset/GRScenes_assets/bottle/1d0b687102526686a279c1f6f649997e/left.png
bottle,1d0b687102526686a279c1f6f649997e,back,ok,0.236511,447,168,0.286469,447,0bf10725637b60b6a4768555aaf6265e45fe28f94cd159e2dccfc66652c794be,true,/cpfs/user/zhuzihou/assets/dedup_workspaces/test0_transitive_apply_parallel/dataset/GRScenes_assets/bottle/1d0b687102526686a279c1f6f649997e/back.png
bottle,1d0b687102526686a279c1f6f649997e,right,ok,0.181576,164,348,0.217712,348,d7530ace39d6eae3d7df9c7717263bf249b128cb5c622e6615d15226ef260314,true,/cpfs/user/zhuzihou/assets/dedup_workspaces/test0_transitive_apply_parallel/dataset/GRScenes_assets/bottle/1d0b687102526686a279c1f6f649997e/right.png
bottle,1da1bfdd4d5a43c9f5e6e929be8a78f9,front,ok,0.352207,446,219,0.372597,446,93f566cc01551c676d292518a6fb1b88c33463c602d597494b3633113e87f89a,true,/cpfs/user/zhuzihou/assets/dedup_workspaces/test0_transitive_apply_parallel/dataset/GRScenes_assets/bottle/1da1bfdd4d5a43c9f5e6e929be8a78f9/front.png
bottle,1da1bfdd4d5a43c9f5e6e929be8a78f9,left,ok,0.297901,279,388,0.412949,388,7b70e589c1254405ca3db64f76b2f3f78026a6d2b18a8b9a919613771d2a8326,true,/cpfs/user/zhuzihou/assets/dedup_workspaces/test0_transitive_apply_parallel/dataset/GRScenes_assets/bottle/1da1bfdd4d5a43c9f5e6e929be8a78f9/left.png
bottle,1da1bfdd4d5a43c9f5e6e929be8a78f9,back,ok,0.353508,447,220,0.375137,447,572922e9f7fc6022b2405c8dc52f286f6dd985b8887b9e40e3f8d7c5addc798c,true,/cpfs/user/zhuzihou/assets/dedup_workspaces/test0_transitive_apply_parallel/dataset/GRScenes_assets/bottle/1da1bfdd4d5a43c9f5e6e929be8a78f9/back.png
bottle,1da1bfdd4d5a43c9f5e6e929be8a78f9,right,ok,0.284027,254,390,0.377884,390,aca74ff837ea414aa1fa562e2a5c758dbd7b5ddf5771bc081c2ad503839cee41,true,/cpfs/user/zhuzihou/assets/dedup_workspaces/test0_transitive_apply_parallel/dataset/GRScenes_assets/bottle/1da1bfdd4d5a43c9f5e6e929be8a78f9/right.png
bottle,1df67a23b5532cecbbca63f0b41e2524,front,ok,0.434841,485,274,0.506935,485,98233a80e55406f9103f6b30303f4c6c4198658a72b1f7b65a6d938d5e2f32ee,true,/cpfs/user/zhuzihou/assets/dedup_workspaces/test0_transitive_apply_parallel/dataset/GRScenes_assets/bottle/1df67a23b5532cecbbca63f0b41e2524/front.png
bottle,1df67a23b5532cecbbca63f0b41e2524,left,ok,0.407013,354,379,0.511803,379,135995567386f61b7a511bb9f9af4f9c893163ea82e05dd73d80f80141e5820a,true,/cpfs/user/zhuzihou/assets/dedup_workspaces/test0_transitive_apply_parallel/dataset/GRScenes_assets/bottle/1df67a23b5532cecbbca63f0b41e2524/left.png
bottle,1df67a23b5532cecbbca63f0b41e2524,back,ok,0.428959,473,274,0.494392,473,274cbce3bc580ece7a500ebe573a103dd727160532b93c0ba99fe9934c4ad371,true,/cpfs/user/zhuzihou/assets/dedup_workspaces/test0_transitive_apply_parallel/dataset/GRScenes_assets/bottle/1df67a23b5532cecbbca63f0b41e2524/back.png
bottle,1df67a23b5532cecbbca63f0b41e2524,right,ok,0.352112,324,352,0.435059,352,02a837cd1bfdb27d8c56013e40a4ca9fd23082edfdca0a6e24b7234e102872f7,true,/cpfs/user/zhuzihou/assets/dedup_workspaces/test0_transitive_apply_parallel/dataset/GRScenes_assets/bottle/1df67a23b5532cecbbca63f0b41e2524/right.png
bottle,1e162bae7772a09731b82cddc158fd9a,front,ok,0.227329,453,191,0.330059,453,b516ed17af27c9b5eea827ba6ee46f2981ba0126b8390f54815e05a10fb43b68,true,/cpfs/user/zhuzihou/assets/dedup_workspaces/test0_transitive_apply_parallel/dataset/GRScenes_assets/bottle/1e162bae7772a09731b82cddc158fd9a/front.png
bottle,1e162bae7772a09731b82cddc158fd9a,left,ok,0.142643,126,366,0.175919,366,8f86eedbf5b7a66a90a466a27df460f4c4b22a1fb5a3ec0e3b7fd7c651df5fba,true,/cpfs/user/zhuzihou/assets/dedup_workspaces/test0_transitive_apply_parallel/dataset/GRScenes_assets/bottle/1e162bae7772a09731b82cddc158fd9a/left.png
bottle,1e162bae7772a09731b82cddc158fd9a,back,ok,0.227455,453,191,0.330059,453,38d7495fa54d3b9b633acbcd17885798eb948274e5368b11c933024d24708bb8,true,/cpfs/user/zhuzihou/assets/dedup_workspaces/test0_transitive_apply_parallel/dataset/GRScenes_assets/bottle/1e162bae7772a09731b82cddc158fd9a/back.png
bottle,1e162bae7772a09731b82cddc158fd9a,right,ok,0.099602,82,390,0.121994,390,04759c93d6a42c46bd65f6aff40add5a01c359f6bda067488b72f01a7fac4919,true,/cpfs/user/zhuzihou/assets/dedup_workspaces/test0_transitive_apply_parallel/dataset/GRScenes_assets/bottle/1e162bae7772a09731b82cddc158fd9a/right.png
bottle,1fbb8fc3e3920a9ba65822ed0ecac0eb,front,ok,0.352993,450,216,0.370789,450,586ba17cf9481c4727e3c8dc459d6ff85e52f60644dd07cd3ff92cc81b33fcf5,true,/cpfs/user/zhuzihou/assets/dedup_workspaces/test0_transitive_apply_parallel/dataset/GRScenes_assets/bottle/1fbb8fc3e3920a9ba65822ed0ecac0eb/front.png
bottle,1fbb8fc3e3920a9ba65822ed0ecac0eb,left,ok,0.321583,308,381,0.447647,381,7b37e3f3fb1c2e7783f240caad62d9dfaf7f1fc767160621e22576525b89aead,true,/cpfs/user/zhuzihou/assets/dedup_workspaces/test0_transitive_apply_parallel/dataset/GRScenes_assets/bottle/1fbb8fc3e3920a9ba65822ed0ecac0eb/left.png
bottle,1fbb8fc3e3920a9ba65822ed0ecac0eb,back,ok,0.353775,450,217,0.372505,450,a1b78a0238ebfefd61d5852edf296df7494e5a183efd71cf3fd078f8bbcebf91,true,/cpfs/user/zhuzihou/assets/dedup_workspaces/test0_transitive_apply_parallel/dataset/GRScenes_assets/bottle/1fbb8fc3e3920a9ba65822ed0ecac0eb/back.png
bottle,1fbb8fc3e3920a9ba65822ed0ecac0eb,right,ok,0.318859,308,381,0.447647,381,4905f9cfb0f704bab61299cd56d17e1263e78943e9fa582f431493ae940fd230,true,/cpfs/user/zhuzihou/assets/dedup_workspaces/test0_transitive_apply_parallel/dataset/GRScenes_assets/bottle/1fbb8fc3e3920a9ba65822ed0ecac0eb/right.png
bottle,1fffe2d1b85937bd9f26e2adfbb4d172,front,ok,0.268970,466,180,0.319977,466,ce298b307fc1255d93b64e3c2a6a1a49220806d197a3ece09c526172e07dc2f3,true,/cpfs/user/zhuzihou/assets/dedup_workspaces/test0_transitive_apply_parallel/dataset/GRScenes_assets/bottle/1fffe2d1b85937bd9f26e2adfbb4d172/front.png
bottle,1fffe2d1b85937bd9f26e2adfbb4d172,left,ok,0.241726,232,346,0.306213,346,4c08b3a13a7dfed6a6352e4d1be93cebda08ecfc6dfbc21e6aa6650c45d77558,true,/cpfs/user/zhuzihou/assets/dedup_workspaces/test0_transitive_apply_parallel/dataset/GRScenes_assets/bottle/1fffe2d1b85937bd9f26e2adfbb4d172/left.png
bottle,1fffe2d1b85937bd9f26e2adfbb4d172,back,ok,0.269238,466,181,0.321754,466,346195996aaff4e3e3fabeb86dcb689a6fbbb2c3f7fa890cf87802cf12c3890a,true,/cpfs/user/zhuzihou/assets/dedup_workspaces/test0_transitive_apply_parallel/dataset/GRScenes_assets/bottle/1fffe2d1b85937bd9f26e2adfbb4d172/back.png
bottle,1fffe2d1b85937bd9f26e2adfbb4d172,right,ok,0.194443,186,353,0.250465,353,5b4dd0196c2407076b51a65a96d93e9f7d6e9822dfefe850eae6e9915053020e,true,/cpfs/user/zhuzihou/assets/dedup_workspaces/test0_transitive_apply_parallel/dataset/GRScenes_assets/bottle/1fffe2d1b85937bd9f26e2adfbb4d172/right.png
bottle,200ef2c167ba5c82287aea27573e190b,front,ok,0.194431,456,142,0.247009,456,7139320d373a3dcb70e8c50f5b803716ad66b76d17bf48bb65617fb4b2a164c8,true,/cpfs/user/zhuzihou/assets/dedup_workspaces/test0_transitive_apply_parallel/dataset/GRScenes_assets/bottle/200ef2c167ba5c82287aea27573e190b/front.png
bottle,200ef2c167ba5c82287aea27573e190b,left,ok,0.178211,174,345,0.228996,345,0a33b1a37613822036a5121ec3f4b34fefcd236698f73f53ea8bd4f7c06c0a8e,true,/cpfs/user/zhuzihou/assets/dedup_workspaces/test0_transitive_apply_parallel/dataset/GRScenes_assets/bottle/200ef2c167ba5c82287aea27573e190b/left.png
bottle,200ef2c167ba5c82287aea27573e190b,back,ok,0.194538,456,142,0.247009,456,5614527b1498335e20e02a4a85ff5d488c240c088bed3c8874c620e55d4c78c4,true,/cpfs/user/zhuzihou/assets/dedup_workspaces/test0_transitive_apply_parallel/dataset/GRScenes_assets/bottle/200ef2c167ba5c82287aea27573e190b/back.png
bottle,200ef2c167ba5c82287aea27573e190b,right,ok,0.149658,148,342,0.193085,342,7ddc894569002d2aea570bfe4bda6bb7859c1f8fcc154aeb6d9f2266c6dac998,true,/cpfs/user/zhuzihou/assets/dedup_workspaces/test0_transitive_apply_parallel/dataset/GRScenes_assets/bottle/200ef2c167ba5c82287aea27573e190b/right.png
bottle,202801c6a7c2b9e9d996442ad0ab1cc8,front,ok,0.159718,474,112,0.202515,474,11edecc82fcad573a49aca3faf3d998236f27d509168b54af4b8975964e994d4,true,/cpfs/user/zhuzihou/assets/dedup_workspaces/test0_transitive_apply_parallel/dataset/GRScenes_assets/bottle/202801c6a7c2b9e9d996442ad0ab1cc8/front.png
bottle,202801c6a7c2b9e9d996442ad0ab1cc8,left,ok,0.168472,184,354,0.248474,354,ba5d1d36ab7a105ffc13a7c745b11ba967c80d052d923421ac6252a1d96fbb2d,true,/cpfs/user/zhuzihou/assets/dedup_workspaces/test0_transitive_apply_parallel/dataset/GRScenes_assets/bottle/202801c6a7c2b9e9d996442ad0ab1cc8/left.png
bottle,202801c6a7c2b9e9d996442ad0ab1cc8,back,ok,0.164932,474,114,0.206131,474,cb3c2a3786ff5b6a11cf8ac7e36379dd6a29d41e878e012b2d3f2ce64d4f3bc0,true,/cpfs/user/zhuzihou/assets/dedup_workspaces/test0_transitive_apply_parallel/dataset/GRScenes_assets/bottle/202801c6a7c2b9e9d996442ad0ab1cc8/back.png
bottle,202801c6a7c2b9e9d996442ad0ab1cc8,right,ok,0.112888,125,351,0.167370,351,b6ededfb58a8acf544b009a345edc0a4c7e4d6a96f41bdb217d96ada5b38234c,true,/cpfs/user/zhuzihou/assets/dedup_workspaces/test0_transitive_apply_parallel/dataset/GRScenes_assets/bottle/202801c6a7c2b9e9d996442ad0ab1cc8/right.png
bottle,2060d9258dc85f37aec6f543707e473f,front,ok,0.186100,458,126,0.220139,458,af32cd77ae6a7cbede174cfadce7f0d14eaeff3db03bc3e137ae4af87481359e,true,/cpfs/user/zhuzihou/assets/dedup_workspaces/test0_transitive_apply_parallel/dataset/GRScenes_assets/bottle/2060d9258dc85f37aec6f543707e473f/front.png
bottle,2060d9258dc85f37aec6f543707e473f,left,ok,0.177368,188,338,0.242401,338,26373987bbb95b118d1b20fffc0caf07664938609ef92ca13638ffe7641eda54,true,/cpfs/user/zhuzihou/assets/dedup_workspaces/test0_transitive_apply_parallel/dataset/GRScenes_assets/bottle/2060d9258dc85f37aec6f543707e473f/left.png
bottle,2060d9258dc85f37aec6f543707e473f,back,ok,0.186687,458,126,0.220139,458,6d860c53828b15f2c19a8947a2801832093bca1c2ec0045dd20e12f1e53121b4,true,/cpfs/user/zhuzihou/assets/dedup_workspaces/test0_transitive_apply_parallel/dataset/GRScenes_assets/bottle/2060d9258dc85f37aec6f543707e473f/back.png
bottle,2060d9258dc85f37aec6f543707e473f,right,ok,0.129539,138,340,0.178986,340,31f1b2324e71235ea2b5fd233e52fdfe4bc438b4c155d91c85ee5f4a0c390bfd,true,/cpfs/user/zhuzihou/assets/dedup_workspaces/test0_transitive_apply_parallel/dataset/GRScenes_assets/bottle/2060d9258dc85f37aec6f543707e473f/right.png
bottle,20b91b536a335327004e6c2ad1a605eb,front,ok,0.320976,478,207,0.377449,478,b583e2dc07b01206bfd199d9800f836150120a7104d48ea9f7059a540906a400,true,/cpfs/user/zhuzihou/assets/dedup_workspaces/test0_transitive_apply_parallel/dataset/GRScenes_assets/bottle/20b91b536a335327004e6c2ad1a605eb/front.png
bottle,20b91b536a335327004e6c2ad1a605eb,left,ok,0.275364,248,377,0.356659,377,f333b9ba0f1624e7368a82d34a9bc697b96ec8b97095be8a5321c636bb7db538,true,/cpfs/user/zhuzihou/assets/dedup_workspaces/test0_transitive_apply_parallel/dataset/GRScenes_assets/bottle/20b91b536a335327004e6c2ad1a605eb/left.png
bottle,20b91b536a335327004e6c2ad1a605eb,back,ok,0.320782,478,207,0.377449,478,537f2f890888db0faf5850a5dc92290aa5639b4f66b9146a7537bac2a4beb455,true,/cpfs/user/zhuzihou/assets/dedup_workspaces/test0_transitive_apply_parallel/dataset/GRScenes_assets/bottle/20b91b536a335327004e6c2ad1a605eb/back.png
bottle,20b91b536a335327004e6c2ad1a605eb,right,ok,0.185898,184,380,0.266724,380,1df998163c4577ac31fe42669edc3ef5863a47b713bffbe986223c0bf34eef0f,true,/cpfs/user/zhuzihou/assets/dedup_workspaces/test0_transitive_apply_parallel/dataset/GRScenes_assets/bottle/20b91b536a335327004e6c2ad1a605eb/right.png
bottle,21761f59d4beb332512447052b20363f,front,ok,0.355934,450,217,0.372505,450,d7d2758ffe2f4c971521aa825af379162e449349100dcf048164c36a49a80f81,true,/cpfs/user/zhuzihou/assets/dedup_workspaces/test0_transitive_apply_parallel/dataset/GRScenes_assets/bottle/21761f59d4beb332512447052b20363f/front.png
bottle,21761f59d4beb332512447052b20363f,left,ok,0.322601,308,381,0.447647,381,f6976ef9b8992d5adeb08d6a81b833fef1bf1c64c12d7d95cd57a0f07215f333,true,/cpfs/user/zhuzihou/assets/dedup_workspaces/test0_transitive_apply_parallel/dataset/GRScenes_assets/bottle/21761f59d4beb332512447052b20363f/left.png
bottle,21761f59d4beb332512447052b20363f,back,ok,0.356094,450,217,0.372505,450,e28eb91130bfbb1e222a154953099b0ad008872b9a6035e5a5cc4a99a6a91e75,true,/cpfs/user/zhuzihou/assets/dedup_workspaces/test0_transitive_apply_parallel/dataset/GRScenes_assets/bottle/21761f59d4beb332512447052b20363f/back.png
bottle,21761f59d4beb332512447052b20363f,right,ok,0.284641,308,381,0.447647,381,0c28b0594a7f19a6c2308db6a4fd5735705738698f3cf1d8ed142b066d588e25,true,/cpfs/user/zhuzihou/assets/dedup_workspaces/test0_transitive_apply_parallel/dataset/GRScenes_assets/bottle/21761f59d4beb332512447052b20363f/right.png
bottle,220dd36d97465293be0dc68ccac136af,front,ok,0.192192,456,145,0.252228,456,7080bfe7a44f4448d98573fc8d327c0c8673f35509fb9b97cb370d0a17fd7afe,true,/cpfs/user/zhuzihou/assets/dedup_workspaces/test0_transitive_apply_parallel/dataset/GRScenes_assets/bottle/220dd36d97465293be0dc68ccac136af/front.png
bottle,220dd36d97465293be0dc68ccac136af,left,ok,0.197334,212,344,0.278198,344,13514c2ee112bd6c16c7c898c99d6cc142ab5e106cdd538a052dec47c1691d1a,true,/cpfs/user/zhuzihou/assets/dedup_workspaces/test0_transitive_apply_parallel/dataset/GRScenes_assets/bottle/220dd36d97465293be0dc68ccac136af/left.png
bottle,220dd36d97465293be0dc68ccac136af,back,ok,0.191631,457,144,0.251038,457,19be6a8cd4e2ddec2614f0ca93a5f12a169382859c94095d35fa98163fe7ec64,true,/cpfs/user/zhuzihou/assets/dedup_workspaces/test0_transitive_apply_parallel/dataset/GRScenes_assets/bottle/220dd36d97465293be0dc68ccac136af/back.png
bottle,220dd36d97465293be0dc68ccac136af,right,ok,0.113293,139,366,0.194069,366,ca6502d72af01b04fa6562e7d63fed6c6b4c36aa66c491265f57115eb51d597d,true,/cpfs/user/zhuzihou/assets/dedup_workspaces/test0_transitive_apply_parallel/dataset/GRScenes_assets/bottle/220dd36d97465293be0dc68ccac136af/right.png
bottle,22f0953705f26e5ae14f4bcab180718e,front,ok,0.179462,463,103,0.181919,463,21951540a18f928965fe2e8fc5aff5f81208170fa2f31b31d39807d811bf09c5,true,/cpfs/user/zhuzihou/assets/dedup_workspaces/test0_transitive_apply_parallel/dataset/GRScenes_assets/bottle/22f0953705f26e5ae14f4bcab180718e/front.png
bottle,22f0953705f26e5ae14f4bcab180718e,left,ok,0.141155,155,367,0.216999,367,5319a07b8d6fd37f988b5601ee8a7a5695f69be3c6e8ee4c8a493d4bd7c85c0a,true,/cpfs/user/zhuzihou/assets/dedup_workspaces/test0_transitive_apply_parallel/dataset/GRScenes_assets/bottle/22f0953705f26e5ae14f4bcab180718e/left.png
bottle,22f0953705f26e5ae14f4bcab180718e,back,ok,0.144444,487,103,0.191349,487,de249cd8fea39e2d3addd00fe3865a2c81003b5d1052543fb1d18f520923b65e,true,/cpfs/user/zhuzihou/assets/dedup_workspaces/test0_transitive_apply_parallel/dataset/GRScenes_assets/bottle/22f0953705f26e5ae14f4bcab180718e/back.png
bottle,22f0953705f26e5ae14f4bcab180718e,right,ok,0.103386,93,368,0.130554,368,63279048c4ef2f981855700ceb900a5efd4c200e3a1a5da1965dc8a08bf3af17,true,/cpfs/user/zhuzihou/assets/dedup_workspaces/test0_transitive_apply_parallel/dataset/GRScenes_assets/bottle/22f0953705f26e5ae14f4bcab180718e/right.png
bottle,2358f29ab72d60549816f3dab7c2c546,front,ok,0.317024,438,209,0.349205,438,7668a42875cc1829609552a8d8ac44a6c2a9fded30bb87e66813d98cceac78f6,true,/cpfs/user/zhuzihou/assets/dedup_workspaces/test0_transitive_apply_parallel/dataset/GRScenes_assets/bottle/2358f29ab72d60549816f3dab7c2c546/front.png
bottle,2358f29ab72d60549816f3dab7c2c546,left,ok,0.313801,326,347,0.431526,347,e5d473a7943733e8ba7f4806ff7226135bed7e614ae309f27c173551ce37f9d0,true,/cpfs/user/zhuzihou/assets/dedup_workspaces/test0_transitive_apply_parallel/dataset/GRScenes_assets/bottle/2358f29ab72d60549816f3dab7c2c546/left.png
bottle,2358f29ab72d60549816f3dab7c2c546,back,ok,0.317596,438,210,0.350876,438,028e85267788e766a91946425d6010d6223b7d608becbcb55b7208adc5b45bef,true,/cpfs/user/zhuzihou/assets/dedup_workspaces/test0_transitive_apply_parallel/dataset/GRScenes_assets/bottle/2358f29ab72d60549816f3dab7c2c546/back.png
bottle,2358f29ab72d60549816f3dab7c2c546,right,ok,0.301544,294,352,0.394775,352,28e058faa3d91d9be555fe88465d9f77005014939b6326a5cb8260ccc6fee6f6,true,/cpfs/user/zhuzihou/assets/dedup_workspaces/test0_transitive_apply_parallel/dataset/GRScenes_assets/bottle/2358f29ab72d60549816f3dab7c2c546/right.png
bottle,23c089710b88f54b59889d0c3b57adb7,front,ok,0.353062,450,216,0.370789,450,ed5f88cb8c46ce06742338b9cd8601175e5b5ed21edc8d6144001c1a03f382ce,true,/cpfs/user/zhuzihou/assets/dedup_workspaces/test0_transitive_apply_parallel/dataset/GRScenes_assets/bottle/23c089710b88f54b59889d0c3b57adb7/front.png
bottle,23c089710b88f54b59889d0c3b57adb7,left,ok,0.321674,308,381,0.447647,381,ac585bda0fcc685a98f3fac6ff4b801bb3845489d09e379f9873b20ebaf29fcd,true,/cpfs/user/zhuzihou/assets/dedup_workspaces/test0_transitive_apply_parallel/dataset/GRScenes_assets/bottle/23c089710b88f54b59889d0c3b57adb7/left.png
bottle,23c089710b88f54b59889d0c3b57adb7,back,ok,0.353989,450,217,0.372505,450,2e67e262645ab09207b5ee8aea22e5754a6fff7e2a2954dc3222a4700451ccfd,true,/cpfs/user/zhuzihou/assets/dedup_workspaces/test0_transitive_apply_parallel/dataset/GRScenes_assets/bottle/23c089710b88f54b59889d0c3b57adb7/back.png
bottle,23c089710b88f54b59889d0c3b57adb7,right,ok,0.318890,308,381,0.447647,381,4ba14e87d05a59e98d5fe844056bb97e2f982a670e66bb51dc7f3463ac39d382,true,/cpfs/user/zhuzihou/assets/dedup_workspaces/test0_transitive_apply_parallel/dataset/GRScenes_assets/bottle/23c089710b88f54b59889d0c3b57adb7/right.png
bottle,247c08618a99186d9022c53c09d031fe,front,ok,0.183632,456,146,0.253967,456,0166ce7c02ab797a0d7dacd5e57e5bc81608cad7e74e49b5178e6caac15450ef,true,/cpfs/user/zhuzihou/assets/dedup_workspaces/test0_transitive_apply_parallel/dataset/GRScenes_assets/bottle/247c08618a99186d9022c53c09d031fe/front.png
bottle,247c08618a99186d9022c53c09d031fe,left,ok,0.165016,198,326,0.246231,326,2a18532e9b8d8463e6b9f1ba06f06ca5d005d3baa716ea120a7035d1a44b1b04,true,/cpfs/user/zhuzihou/assets/dedup_workspaces/test0_transitive_apply_parallel/dataset/GRScenes_assets/bottle/247c08618a99186d9022c53c09d031fe/left.png
bottle,247c08618a99186d9022c53c09d031fe,back,ok,0.190975,448,167,0.285400,448,cd5c9fa3b160eab9056e48509740887a752dcd0b4ce2179c09db52a083d607f4,true,/cpfs/user/zhuzihou/assets/dedup_workspaces/test0_transitive_apply_parallel/dataset/GRScenes_assets/bottle/247c08618a99186d9022c53c09d031fe/back.png
bottle,247c08618a99186d9022c53c09d031fe,right,ok,0.149967,149,334,0.189842,334,a554d170144f75c7734f6283c0a8e7c4faa3be5da0c4ad4b2475c6e59ab7b697,true,/cpfs/user/zhuzihou/assets/dedup_workspaces/test0_transitive_apply_parallel/dataset/GRScenes_assets/bottle/247c08618a99186d9022c53c09d031fe/right.png
bottle,24d6ad5552b78d472b75ec5f240ffebb,front,ok,0.133915,479,112,0.204651,479,d28c01c802b0410f6d21fd1cdec21f152cbe0cc1e1cdb396ba87c108dbc9ff56,true,/cpfs/user/zhuzihou/assets/dedup_workspaces/test0_transitive_apply_parallel/dataset/GRScenes_assets/bottle/24d6ad5552b78d472b75ec5f240ffebb/front.png
bottle,24d6ad5552b78d472b75ec5f240ffebb,left,ok,0.130730,162,355,0.219383,355,63992dd00c1a67441fa865a5f45e756caff0a06bc51b2ed27b35b856a322e13a,true,/cpfs/user/zhuzihou/assets/dedup_workspaces/test0_transitive_apply_parallel/dataset/GRScenes_assets/bottle/24d6ad5552b78d472b75ec5f240ffebb/left.png
bottle,24d6ad5552b78d472b75ec5f240ffebb,back,ok,0.133972,456,112,0.194824,456,572f8a6398a67dbdea16caa1cd9aaa5fd04a792c3d294ffb4c01ef43179904c1,true,/cpfs/user/zhuzihou/assets/dedup_workspaces/test0_transitive_apply_parallel/dataset/GRScenes_assets/bottle/24d6ad5552b78d472b75ec5f240ffebb/back.png
bottle,24d6ad5552b78d472b75ec5f240ffebb,right,ok,0.073494,113,327,0.140957,327,fe9c892130f32b7f502f3de75129cf8ad983c96975edc4e8c6262a1245bff678,true,/cpfs/user/zhuzihou/assets/dedup_workspaces/test0_transitive_apply_parallel/dataset/GRScenes_assets/bottle/24d6ad5552b78d472b75ec5f240ffebb/right.png
bottle,2526fa239a28cd579d37dbccebd6dd98,front,ok,0.355106,450,217,0.372505,450,882894e600389f606502e8b7fb9beca52f5131f0f11863907d0505839936543b,true,/cpfs/user/zhuzihou/assets/dedup_workspaces/test0_transitive_apply_parallel/dataset/GRScenes_assets/bottle/2526fa239a28cd579d37dbccebd6dd98/front.png
bottle,2526fa239a28cd579d37dbccebd6dd98,left,ok,0.322079,308,381,0.447647,381,f4d60c5ff736508d36ae4b5c2c609193e5abe7a9b1e1ac03392e41c4e44a8e15,true,/cpfs/user/zhuzihou/assets/dedup_workspaces/test0_transitive_apply_parallel/dataset/GRScenes_assets/bottle/2526fa239a28cd579d37dbccebd6dd98/left.png
bottle,2526fa239a28cd579d37dbccebd6dd98,back,ok,0.354038,450,217,0.372505,450,b009baf0de8a39e16922cacd0effcb8d27f167815129d32b141b8a873661108a,true,/cpfs/user/zhuzihou/assets/dedup_workspaces/test0_transitive_apply_parallel/dataset/GRScenes_assets/bottle/2526fa239a28cd579d37dbccebd6dd98/back.png
bottle,2526fa239a28cd579d37dbccebd6dd98,right,ok,0.276905,308,381,0.447647,381,983529f949d325ba197a6ac0761d13703fecb049819a20c08fa2e8880c5760e3,true,/cpfs/user/zhuzihou/assets/dedup_workspaces/test0_transitive_apply_parallel/dataset/GRScenes_assets/bottle/2526fa239a28cd579d37dbccebd6dd98/right.png
bottle,253cfa4d4a0c428cb17bc8e6bb3b6c51,front,ok,0.279266,480,173,0.316772,480,2fa6b78b2a9a890e2df612b166064399b228193ac81650551d19c03a6dd2f7cc,true,/cpfs/user/zhuzihou/assets/dedup_workspaces/test0_transitive_apply_parallel/dataset/GRScenes_assets/bottle/253cfa4d4a0c428cb17bc8e6bb3b6c51/front.png
bottle,253cfa4d4a0c428cb17bc8e6bb3b6c51,left,ok,0.287086,292,370,0.412140,370,fc09afbbc4d12799c86f7b6e3075f5d5205e6e168d1f0ae3905bdc3d9cb40f00,true,/cpfs/user/zhuzihou/assets/dedup_workspaces/test0_transitive_apply_parallel/dataset/GRScenes_assets/bottle/253cfa4d4a0c428cb17bc8e6bb3b6c51/left.png
bottle,253cfa4d4a0c428cb17bc8e6bb3b6c51,back,ok,0.289810,479,173,0.316113,479,f1ed3d17abb9bab1af950b60ad0ffc22698bbea637c2b73ad98dd14a61cc5c11,true,/cpfs/user/zhuzihou/assets/dedup_workspaces/test0_transitive_apply_parallel/dataset/GRScenes_assets/bottle/253cfa4d4a0c428cb17bc8e6bb3b6c51/back.png
bottle,253cfa4d4a0c428cb17bc8e6bb3b6c51,right,ok,0.286495,294,370,0.414963,370,529b9f627959e225d19bc4e71101b15e2a3b6b538ade7932ccffaa3f80dddd40,true,/cpfs/user/zhuzihou/assets/dedup_workspaces/test0_transitive_apply_parallel/dataset/GRScenes_assets/bottle/253cfa4d4a0c428cb17bc8e6bb3b6c51/right.png
bottle,25d433d582537df637e73037ed9e8229,front,ok,0.199745,460,117,0.205307,460,8f7d0c9314a384f0055b9059f7993ffa4d0f4f003e99e5884060973e78e8e79a,true,/cpfs/user/zhuzihou/assets/dedup_workspaces/test0_transitive_apply_parallel/dataset/GRScenes_assets/bottle/25d433d582537df637e73037ed9e8229/front.png
bottle,25d433d582537df637e73037ed9e8229,left,ok,0.156178,172,368,0.241455,368,ccf4a8c96e28c231e9173008012a337fe7c636ad250c2a6882df1a45d699d292,true,/cpfs/user/zhuzihou/assets/dedup_workspaces/test0_transitive_apply_parallel/dataset/GRScenes_assets/bottle/25d433d582537df637e73037ed9e8229/left.png
bottle,25d433d582537df637e73037ed9e8229,back,ok,0.151176,487,116,0.215500,487,8f8a8b4ce787a472e8fcc035db8651388c04cbd669fad4c2050755845d2b7d5b,true,/cpfs/user/zhuzihou/assets/dedup_workspaces/test0_transitive_apply_parallel/dataset/GRScenes_assets/bottle/25d433d582537df637e73037ed9e8229/back.png
bottle,25d433d582537df637e73037ed9e8229,right,ok,0.118042,114,370,0.160904,370,f61a2ce849378f2d9b7e65839505b4ff5aed3d8bfebb252fe9c7303a938dd609,true,/cpfs/user/zhuzihou/assets/dedup_workspaces/test0_transitive_apply_parallel/dataset/GRScenes_assets/bottle/25d433d582537df637e73037ed9e8229/right.png
bottle,2681d2ec5e8974786ee6060eb257c89f,front,ok,0.183262,446,135,0.229683,446,ff9199572186ada6719f6cf29fdc19e8fa67c17fe9371828ed8e5a0c14a686a1,true,/cpfs/user/zhuzihou/assets/dedup_workspaces/test0_transitive_apply_parallel/dataset/GRScenes_assets/bottle/2681d2ec5e8974786ee6060eb257c89f/front.png
bottle,2681d2ec5e8974786ee6060eb257c89f,left,ok,0.150867,162,332,0.205170,332,1a197cb252b6c8213e0d9848ac9248999430dd57e62295228525171eceed8bca,true,/cpfs/user/zhuzihou/assets/dedup_workspaces/test0_transitive_apply_parallel/dataset/GRScenes_assets/bottle/2681d2ec5e8974786ee6060eb257c89f/left.png
bottle,2681d2ec5e8974786ee6060eb257c89f,back,ok,0.183800,449,135,0.231228,449,381092bc847caa78f73dae70a44d1fede07b08bb8ccdc2472050c25eaf146d9d,true,/cpfs/user/zhuzihou/assets/dedup_workspaces/test0_transitive_apply_parallel/dataset/GRScenes_assets/bottle/2681d2ec5e8974786ee6060eb257c89f/back.png
bottle,2681d2ec5e8974786ee6060eb257c89f,right,ok,0.117069,134,336,0.171753,336,10b74856b3cf2202a042a3fb015b0c8455fe918ff6edbe49fd3924a9252e2c21,true,/cpfs/user/zhuzihou/assets/dedup_workspaces/test0_transitive_apply_parallel/dataset/GRScenes_assets/bottle/2681d2ec5e8974786ee6060eb257c89f/right.png
bottle,2696c36f847643da4f16023f98ac610e,front,ok,0.185188,468,121,0.216019,468,d9039a58506c8b2ae56963dff5c2b40acd98c3e67366135d9a125f7671edd7c8,true,/cpfs/user/zhuzihou/assets/dedup_workspaces/test0_transitive_apply_parallel/dataset/GRScenes_assets/bottle/2696c36f847643da4f16023f98ac610e/front.png
bottle,2696c36f847643da4f16023f98ac610e,left,ok,0.177795,188,351,0.251724,351,715127678c892f46df5e599d56aa04ba5f64cddf49681bd4d194e02f4c7df5b9,true,/cpfs/user/zhuzihou/assets/dedup_workspaces/test0_transitive_apply_parallel/dataset/GRScenes_assets/bottle/2696c36f847643da4f16023f98ac610e/left.png
bottle,2696c36f847643da4f16023f98ac610e,back,ok,0.185287,468,121,0.216019,468,1e72298cf6a4a4f537fa0e40c3c94fea27b3e7cedc8c68a6094d3d3aac2dedc2,true,/cpfs/user/zhuzihou/assets/dedup_workspaces/test0_transitive_apply_parallel/dataset/GRScenes_assets/bottle/2696c36f847643da4f16023f98ac610e/back.png
bottle,2696c36f847643da4f16023f98ac610e,right,ok,0.134014,126,349,0.167747,349,2a90f9e92b4686b706168ae7883c00da9114b77f0eec87a966605483566d8082,true,/cpfs/user/zhuzihou/assets/dedup_workspaces/test0_transitive_apply_parallel/dataset/GRScenes_assets/bottle/2696c36f847643da4f16023f98ac610e/right.png
bottle,26c13afa9125afd66e7d324b8891efa2,front,ok,0.177517,470,115,0.206184,470,87cd7a388bb0cbacfa3d0925b39b1a9d5aa35b69a2f2bce91d6b342c7098e331,true,/cpfs/user/zhuzihou/assets/dedup_workspaces/test0_transitive_apply_parallel/dataset/GRScenes_assets/bottle/26c13afa9125afd66e7d324b8891efa2/front.png
bottle,26c13afa9125afd66e7d324b8891efa2,left,ok,0.178104,190,348,0.252228,348,069831e46e6159f0ef0f7c1106cbda76fef412ecb0e43acf3824d8d88ad145c8,true,/cpfs/user/zhuzihou/assets/dedup_workspaces/test0_transitive_apply_parallel/dataset/GRScenes_assets/bottle/26c13afa9125afd66e7d324b8891efa2/left.png
bottle,26c13afa9125afd66e7d324b8891efa2,back,ok,0.177605,470,115,0.206184,470,4a227c4f42a6422ea30fc067fbb11cb28d04097c0bda054bc6f238e14965181c,true,/cpfs/user/zhuzihou/assets/dedup_workspaces/test0_transitive_apply_parallel/dataset/GRScenes_assets/bottle/26c13afa9125afd66e7d324b8891efa2/back.png
bottle,26c13afa9125afd66e7d324b8891efa2,right,ok,0.134476,128,347,0.169434,347,19491e7f1e854b6e9c2f47382e9eb0aff465c4ffb790d0e87d96fcf416e2966c,true,/cpfs/user/zhuzihou/assets/dedup_workspaces/test0_transitive_apply_parallel/dataset/GRScenes_assets/bottle/26c13afa9125afd66e7d324b8891efa2/right.png
bottle,27ec89ea796499a4251d07c2ba663d28,front,ok,0.184410,464,131,0.231873,464,e5fa1a6cd726199cb77f4a616e9b1dd6c584ef5c37825948626560a845d2455d,true,/cpfs/user/zhuzihou/assets/dedup_workspaces/test0_transitive_apply_parallel/dataset/GRScenes_assets/bottle/27ec89ea796499a4251d07c2ba663d28/front.png
bottle,27ec89ea796499a4251d07c2ba663d28,left,ok,0.162327,169,356,0.229507,356,21831a4ffadd98b170347e3879b15a1a8ad501bb5178a547f96052a1fc4ce86e,true,/cpfs/user/zhuzihou/assets/dedup_workspaces/test0_transitive_apply_parallel/dataset/GRScenes_assets/bottle/27ec89ea796499a4251d07c2ba663d28/left.png
bottle,27ec89ea796499a4251d07c2ba663d28,back,ok,0.184891,464,132,0.233643,464,d13b4022ee571a3908e8762748551ab9846a1e28e5a57ae3f1f5634d0900bb9a,true,/cpfs/user/zhuzihou/assets/dedup_workspaces/test0_transitive_apply_parallel/dataset/GRScenes_assets/bottle/27ec89ea796499a4251d07c2ba663d28/back.png
bottle,27ec89ea796499a4251d07c2ba663d28,right,ok,0.114960,109,356,0.148026,356,7603819954a6c3c8d22035d92151429127e149f5c5b35f5fac1fae2192f5c0f1,true,/cpfs/user/zhuzihou/assets/dedup_workspaces/test0_transitive_apply_parallel/dataset/GRScenes_assets/bottle/27ec89ea796499a4251d07c2ba663d28/right.png
bottle,2826fb1437b851c48c236121a09eaa52,front,ok,0.179180,460,121,0.212326,460,e32667994913c8863c70576401d7d35e51c4d4089b04a1ba8d05b0b8cc158e62,true,/cpfs/user/zhuzihou/assets/dedup_workspaces/test0_transitive_apply_parallel/dataset/GRScenes_assets/bottle/2826fb1437b851c48c236121a09eaa52/front.png
bottle,2826fb1437b851c48c236121a09eaa52,left,ok,0.177753,192,336,0.246094,336,37d004446511148b167f966ffef5831908720d0b1d35dc5dca72ec2f2a52da9f,true,/cpfs/user/zhuzihou/assets/dedup_workspaces/test0_transitive_apply_parallel/dataset/GRScenes_assets/bottle/2826fb1437b851c48c236121a09eaa52/left.png
bottle,2826fb1437b851c48c236121a09eaa52,back,ok,0.179489,460,121,0.212326,460,2a2ed7d558ad5c744c14891f17552f2436438f32d97618e3e05e7fabad7e09bc,true,/cpfs/user/zhuzihou/assets/dedup_workspaces/test0_transitive_apply_parallel/dataset/GRScenes_assets/bottle/2826fb1437b851c48c236121a09eaa52/back.png
bottle,2826fb1437b851c48c236121a09eaa52,right,ok,0.130013,140,337,0.179977,337,4b33073beccc71afa5a8f81ac89d7c6c43f551774fdb197e96ae16f60442ea30,true,/cpfs/user/zhuzihou/assets/dedup_workspaces/test0_transitive_apply_parallel/dataset/GRScenes_assets/bottle/2826fb1437b851c48c236121a09eaa52/right.png
bottle,292f26296e61558c8426c89bd506a82a,front,ok,0.157207,472,108,0.194458,472,45deb53a2e69d92b9136efcf478601a2a68bf0787857b4c2916458135368e4aa,true,/cpfs/user/zhuzihou/assets/dedup_workspaces/test0_transitive_apply_parallel/dataset/GRScenes_assets/bottle/292f26296e61558c8426c89bd506a82a/front.png
bottle,292f26296e61558c8426c89bd506a82a,left,ok,0.161976,179,349,0.238308,349,19f25f458b9c0501ce55710c6f28c77af164c083b450aa3b64f97637621b4bf8,true,/cpfs/user/zhuzihou/assets/dedup_workspaces/test0_transitive_apply_parallel/dataset/GRScenes_assets/bottle/292f26296e61558c8426c89bd506a82a/left.png
bottle,292f26296e61558c8426c89bd506a82a,back,ok,0.136196,479,92,0.168106,479,e5ed3d0f73d92737aef57cb2595e8a19dac8164de96944d08d69f45d3c57ab9d,true,/cpfs/user/zhuzihou/assets/dedup_workspaces/test0_transitive_apply_parallel/dataset/GRScenes_assets/bottle/292f26296e61558c8426c89bd506a82a/back.png
bottle,292f26296e61558c8426c89bd506a82a,right,ok,0.108139,120,347,0.158844,347,1b4c960365a16c95178163b62761c16ddec51e49db90d7f5fae8527cdef5ee11,true,/cpfs/user/zhuzihou/assets/dedup_workspaces/test0_transitive_apply_parallel/dataset/GRScenes_assets/bottle/292f26296e61558c8426c89bd506a82a/right.png
bottle,2943e83894f5eab8985362fa1bc43307,front,ok,0.342701,450,217,0.372505,450,6060c50430e195fb6392afa060f003323ffa14d665f32772006bcd752048658e,true,/cpfs/user/zhuzihou/assets/dedup_workspaces/test0_transitive_apply_parallel/dataset/GRScenes_assets/bottle/2943e83894f5eab8985362fa1bc43307/front.png
bottle,2943e83894f5eab8985362fa1bc43307,left,ok,0.321678,307,381,0.446194,381,ecfe6d19e722adaed6fb4a4b33a1adfd64e4daba26c1f2f5d5acf3617bde38b2,true,/cpfs/user/zhuzihou/assets/dedup_workspaces/test0_transitive_apply_parallel/dataset/GRScenes_assets/bottle/2943e83894f5eab8985362fa1bc43307/left.png
bottle,2943e83894f5eab8985362fa1bc43307,back,ok,0.333366,450,217,0.372505,450,4f2b4386e8a9bfe6ab03d89fefa11e52005b9805a0b8bffd8d1e3fa51ef62ec0,true,/cpfs/user/zhuzihou/assets/dedup_workspaces/test0_transitive_apply_parallel/dataset/GRScenes_assets/bottle/2943e83894f5eab8985362fa1bc43307/back.png
bottle,2943e83894f5eab8985362fa1bc43307,right,ok,0.318722,308,381,0.447647,381,169116f07c89bf49bf93db4628ee2c429474a05c6a92b726a22e640a01b6d9c9,true,/cpfs/user/zhuzihou/assets/dedup_workspaces/test0_transitive_apply_parallel/dataset/GRScenes_assets/bottle/2943e83894f5eab8985362fa1bc43307/right.png
bottle,2aa4a7151b8824ed974af050fc064ff9,front,ok,0.291313,438,223,0.372597,438,24888225bd907428b6d0871a9a7d5fabd4a0c9fe43b23db1045fb45b45b3b4f2,true,/cpfs/user/zhuzihou/assets/dedup_workspaces/test0_transitive_apply_parallel/dataset/GRScenes_assets/bottle/2aa4a7151b8824ed974af050fc064ff9/front.png
bottle,2aa4a7151b8824ed974af050fc064ff9,left,ok,0.253967,232,355,0.314178,355,6a1ca1bfff3b332943e12b6b347ec506034162812284f882e518f86afa2594c5,true,/cpfs/user/zhuzihou/assets/dedup_workspaces/test0_transitive_apply_parallel/dataset/GRScenes_assets/bottle/2aa4a7151b8824ed974af050fc064ff9/left.png
bottle,2aa4a7151b8824ed974af050fc064ff9,back,ok,0.291355,438,223,0.372597,438,05a15a85e1997f30279d12288605debb9e133c1eec7d179d5dc473abc6f5d49c,true,/cpfs/user/zhuzihou/assets/dedup_workspaces/test0_transitive_apply_parallel/dataset/GRScenes_assets/bottle/2aa4a7151b8824ed974af050fc064ff9/back.png
bottle,2aa4a7151b8824ed974af050fc064ff9,right,ok,0.175594,175,354,0.236320,354,06b408f15abf8b6fd7424afe61e6356edfdd0fad803adaac0434e0df6c560b85,true,/cpfs/user/zhuzihou/assets/dedup_workspaces/test0_transitive_apply_parallel/dataset/GRScenes_assets/bottle/2aa4a7151b8824ed974af050fc064ff9/right.png
bottle,2b4dae1e5de9f39994b9bde103e51b08,front,ok,0.179142,462,134,0.236160,462,a1bf2cc1023a3332ff7ad46a016ccd59dd1f48fdfc300311275b3ab308f5ee5e,true,/cpfs/user/zhuzihou/assets/dedup_workspaces/test0_transitive_apply_parallel/dataset/GRScenes_assets/bottle/2b4dae1e5de9f39994b9bde103e51b08/front.png
bottle,2b4dae1e5de9f39994b9bde103e51b08,left,ok,0.165985,174,354,0.234970,354,cff0ae7a93a5b5f5f2fcb9ee50148c97e7b6884741557cd2dfac82d9dd5dc3ce,true,/cpfs/user/zhuzihou/assets/dedup_workspaces/test0_transitive_apply_parallel/dataset/GRScenes_assets/bottle/2b4dae1e5de9f39994b9bde103e51b08/left.png
bottle,2b4dae1e5de9f39994b9bde103e51b08,back,ok,0.190140,458,142,0.248093,458,9d29b3581b8125ea84e235fc66b3453308e48fe0859e862196e1b5c3b9883f36,true,/cpfs/user/zhuzihou/assets/dedup_workspaces/test0_transitive_apply_parallel/dataset/GRScenes_assets/bottle/2b4dae1e5de9f39994b9bde103e51b08/back.png
bottle,2b4dae1e5de9f39994b9bde103e51b08,right,ok,0.105030,120,354,0.162048,354,19f6cd103beffc0352aba49b051e7c96e876082f9790b4b9eaebf255e51933ec,true,/cpfs/user/zhuzihou/assets/dedup_workspaces/test0_transitive_apply_parallel/dataset/GRScenes_assets/bottle/2b4dae1e5de9f39994b9bde103e51b08/right.png
bottle,2b5b133e05aada100b8b98d9592bbf6f,front,ok,0.123760,467,92,0.163895,467,68214195538fc688cfb07ef06309fa0643b80c14487c5cbe72c2b5881fac235f,true,/cpfs/user/zhuzihou/assets/dedup_workspaces/test0_transitive_apply_parallel/dataset/GRScenes_assets/bottle/2b5b133e05aada100b8b98d9592bbf6f/front.png
bottle,2b5b133e05aada100b8b98d9592bbf6f,left,ok,0.140709,181,331,0.228542,331,16860caf4fcdf0d8f42475d8b0524ce46464aa0e0b6523b894ef03b583576875,true,/cpfs/user/zhuzihou/assets/dedup_workspaces/test0_transitive_apply_parallel/dataset/GRScenes_assets/bottle/2b5b133e05aada100b8b98d9592bbf6f/left.png
bottle,2b5b133e05aada100b8b98d9592bbf6f,back,ok,0.123882,469,94,0.168175,469,6c195ffb3628f84fd80aa111fffecb4a080c6215a5567e2bff1f4e4ebc3b680e,true,/cpfs/user/zhuzihou/assets/dedup_workspaces/test0_transitive_apply_parallel/dataset/GRScenes_assets/bottle/2b5b133e05aada100b8b98d9592bbf6f/back.png
bottle,2b5b133e05aada100b8b98d9592bbf6f,right,ok,0.100510,124,331,0.156570,331,234e25a7080e457f052804cddeb5026738847c16e7de9b71e22e965e5e5f2667,true,/cpfs/user/zhuzihou/assets/dedup_workspaces/test0_transitive_apply_parallel/dataset/GRScenes_assets/bottle/2b5b133e05aada100b8b98d9592bbf6f/right.png
bottle,2ced14cd976041f62906951d2822cb21,front,ok,0.168079,455,120,0.208282,455,7a25064524ffd3560f457e8cc8d26c84cd82fd55e576396f6a4d30af6efe646d,true,/cpfs/user/zhuzihou/assets/dedup_workspaces/test0_transitive_apply_parallel/dataset/GRScenes_assets/bottle/2ced14cd976041f62906951d2822cb21/front.png
bottle,2ced14cd976041f62906951d2822cb21,left,ok,0.135372,146,339,0.188805,339,3e8d661fbb2e7e92ddcb3e2d20a37a6002c0152382695d1e93b3b1b23be432f8,true,/cpfs/user/zhuzihou/assets/dedup_workspaces/test0_transitive_apply_parallel/dataset/GRScenes_assets/bottle/2ced14cd976041f62906951d2822cb21/left.png
bottle,2ced14cd976041f62906951d2822cb21,back,ok,0.168758,457,120,0.209198,457,6694744300600c234b9a03532e0bac4111719568c6df6c907de9c202f693e1c5,true,/cpfs/user/zhuzihou/assets/dedup_workspaces/test0_transitive_apply_parallel/dataset/GRScenes_assets/bottle/2ced14cd976041f62906951d2822cb21/back.png
bottle,2ced14cd976041f62906951d2822cb21,right,ok,0.110451,118,342,0.153946,342,e07031f8a9cb20e0ef322b00fa0a60bd8f10a982701f80c50ee08d5e766e4168,true,/cpfs/user/zhuzihou/assets/dedup_workspaces/test0_transitive_apply_parallel/dataset/GRScenes_assets/bottle/2ced14cd976041f62906951d2822cb21/right.png
bottle,2d830328500665ee4495ba46fb745441,front,ok,0.184376,461,132,0.232132,461,0ad6be22052f44f04edc3472dba0c4c7d6eb078157a9578101bd0fb739bf06f6,true,/cpfs/user/zhuzihou/assets/dedup_workspaces/test0_transitive_apply_parallel/dataset/GRScenes_assets/bottle/2d830328500665ee4495ba46fb745441/front.png
bottle,2d830328500665ee4495ba46fb745441,left,ok,0.183624,196,345,0.257950,345,6977f125e8f9a33110c193afb75e6ec38f8ab94888ce4a7763a96f54fa4ea6fa,true,/cpfs/user/zhuzihou/assets/dedup_workspaces/test0_transitive_apply_parallel/dataset/GRScenes_assets/bottle/2d830328500665ee4495ba46fb745441/left.png
bottle,2d830328500665ee4495ba46fb745441,back,ok,0.184250,461,132,0.232132,461,89e42ccdad4003dbfb33d7009972fd9706938e7ce10f8b410309b2fd1992cd41,true,/cpfs/user/zhuzihou/assets/dedup_workspaces/test0_transitive_apply_parallel/dataset/GRScenes_assets/bottle/2d830328500665ee4495ba46fb745441/back.png
bottle,2d830328500665ee4495ba46fb745441,right,ok,0.110180,134,365,0.186577,365,54527bc4ad7aea6b843bd9e0aa60efdb04edd06dcde599a65aa9419dd675cbc9,true,/cpfs/user/zhuzihou/assets/dedup_workspaces/test0_transitive_apply_parallel/dataset/GRScenes_assets/bottle/2d830328500665ee4495ba46fb745441/right.png
bottle,2dbf39466131f49990665adad8437b83,front,ok,0.268982,466,180,0.319977,466,af6113b3a1cbbea1fd36250fec3007ae7526f17afaa46cef3b350c287f1b6b71,true,/cpfs/user/zhuzihou/assets/dedup_workspaces/test0_transitive_apply_parallel/dataset/GRScenes_assets/bottle/2dbf39466131f49990665adad8437b83/front.png
bottle,2dbf39466131f49990665adad8437b83,left,ok,0.241734,232,346,0.306213,346,3ef691674876ff7fcb34ef208d084be7068b17002f603ea3754033473ab99f68,true,/cpfs/user/zhuzihou/assets/dedup_workspaces/test0_transitive_apply_parallel/dataset/GRScenes_assets/bottle/2dbf39466131f49990665adad8437b83/left.png
bottle,2dbf39466131f49990665adad8437b83,back,ok,0.269238,466,181,0.321754,466,bcf4e817c9eb3b2e920dc898536b7ca15b74382cc3fe32bfc409fbe926cfd887,true,/cpfs/user/zhuzihou/assets/dedup_workspaces/test0_transitive_apply_parallel/dataset/GRScenes_assets/bottle/2dbf39466131f49990665adad8437b83/back.png
bottle,2dbf39466131f49990665adad8437b83,right,ok,0.194439,186,353,0.250465,353,1b8fa623e8bf5c77b51f2d1c5dec870312f10f281682046dbd03674c90b6b3f3,true,/cpfs/user/zhuzihou/assets/dedup_workspaces/test0_transitive_apply_parallel/dataset/GRScenes_assets/bottle/2dbf39466131f49990665adad8437b83/right.png
bottle,2dc18a26b82d6a0e3f7b759eef026bdc,front,ok,0.234829,378,174,0.250900,378,9117e261538f85f2123449481e70e345a28ef797627aff14e6d25e41da05b8d7,true,/cpfs/user/zhuzihou/assets/dedup_workspaces/test0_transitive_apply_parallel/dataset/GRScenes_assets/bottle/2dc18a26b82d6a0e3f7b759eef026bdc/front.png
bottle,2dc18a26b82d6a0e3f7b759eef026bdc,left,ok,0.124035,365,324,0.451126,365,600dfe23713ebebfeb452c1a9d646df8f38715db33623b2abcfdf17c7a146ef4,true,/cpfs/user/zhuzihou/assets/dedup_workspaces/test0_transitive_apply_parallel/dataset/GRScenes_assets/bottle/2dc18a26b82d6a0e3f7b759eef026bdc/left.png
bottle,2dc18a26b82d6a0e3f7b759eef026bdc,back,ok,0.122726,307,326,0.381783,326,5c5998e05ad4b2c1b33ecd87c29979b858e6906d175b2a9918539341892c574e,true,/cpfs/user/zhuzihou/assets/dedup_workspaces/test0_transitive_apply_parallel/dataset/GRScenes_assets/bottle/2dc18a26b82d6a0e3f7b759eef026bdc/back.png
bottle,2dc18a26b82d6a0e3f7b759eef026bdc,right,ok,0.133411,305,271,0.315304,305,082938273e4b95322ae0956141eeb408e232098be16f1b42ada6a052e4689137,true,/cpfs/user/zhuzihou/assets/dedup_workspaces/test0_transitive_apply_parallel/dataset/GRScenes_assets/bottle/2dc18a26b82d6a0e3f7b759eef026bdc/right.png
bottle,2e544c656f9a010185fdb0530cfc243c,front,ok,0.200138,431,186,0.305809,431,78c8ed4e76fc02c27a81f7445fd94dbc6ba61ec374686cb888f3ffe39a935527,true,/cpfs/user/zhuzihou/assets/dedup_workspaces/test0_transitive_apply_parallel/dataset/GRScenes_assets/bottle/2e544c656f9a010185fdb0530cfc243c/front.png
bottle,2e544c656f9a010185fdb0530cfc243c,left,ok,0.267807,296,320,0.361328,320,092fc0881876aa0d7ffa18d51b6c1f7313e596df2f32ac61cfdfc02d1bf1b77e,true,/cpfs/user/zhuzihou/assets/dedup_workspaces/test0_transitive_apply_parallel/dataset/GRScenes_assets/bottle/2e544c656f9a010185fdb0530cfc243c/left.png
bottle,2e544c656f9a010185fdb0530cfc243c,back,ok,0.248863,431,186,0.305809,431,b5d0b1709b5b2ccbc37ac73ad530dd5b7bca05c0d0b112234d69ededc74ee606,true,/cpfs/user/zhuzihou/assets/dedup_workspaces/test0_transitive_apply_parallel/dataset/GRScenes_assets/bottle/2e544c656f9a010185fdb0530cfc243c/back.png
bottle,2e544c656f9a010185fdb0530cfc243c,right,ok,0.184525,224,326,0.278564,326,a2fbafba5b206b6389ff380300615199e30e55f52a116df237a3f56ef838b400,true,/cpfs/user/zhuzihou/assets/dedup_workspaces/test0_transitive_apply_parallel/dataset/GRScenes_assets/bottle/2e544c656f9a010185fdb0530cfc243c/right.png
bottle,2f03f0c6f6cbefcadc1137c1e620d176,front,ok,0.183262,446,135,0.229683,446,67cbf9df83d90caf74a3c7faa91fe07f0c2e9e55ab5e41af6bed0f3722bfe6ff,true,/cpfs/user/zhuzihou/assets/dedup_workspaces/test0_transitive_apply_parallel/dataset/GRScenes_assets/bottle/2f03f0c6f6cbefcadc1137c1e620d176/front.png
bottle,2f03f0c6f6cbefcadc1137c1e620d176,left,ok,0.150867,162,332,0.205170,332,7e071e2e146e687d27fe1026639ebeaf6ade9158850e317b6e1329d651a33982,true,/cpfs/user/zhuzihou/assets/dedup_workspaces/test0_transitive_apply_parallel/dataset/GRScenes_assets/bottle/2f03f0c6f6cbefcadc1137c1e620d176/left.png
bottle,2f03f0c6f6cbefcadc1137c1e620d176,back,ok,0.183800,449,135,0.231228,449,c1220b241641e28e3afbf07d590f668f8ab766e6c681081d74377db405dfc381,true,/cpfs/user/zhuzihou/assets/dedup_workspaces/test0_transitive_apply_parallel/dataset/GRScenes_assets/bottle/2f03f0c6f6cbefcadc1137c1e620d176/back.png
bottle,2f03f0c6f6cbefcadc1137c1e620d176,right,ok,0.117073,134,336,0.171753,336,aeb433b8dee8c865ee9751b0043e0853560b9ca02b04e9d2fcde6971b6926492,true,/cpfs/user/zhuzihou/assets/dedup_workspaces/test0_transitive_apply_parallel/dataset/GRScenes_assets/bottle/2f03f0c6f6cbefcadc1137c1e620d176/right.png
bottle,30a990ebc15a71d7da8baeac0600664d,front,ok,0.272671,480,173,0.316772,480,c8a72b1dbf0099493753daf7b2689757d5ffdd2d5217828308068c68d5cb75a9,true,/cpfs/user/zhuzihou/assets/dedup_workspaces/test0_transitive_apply_parallel/dataset/GRScenes_assets/bottle/30a990ebc15a71d7da8baeac0600664d/front.png
bottle,30a990ebc15a71d7da8baeac0600664d,left,ok,0.280968,292,370,0.412140,370,7689910d8bebe6f416cf820df0592d423e88806bd402a283336f26531dae1712,true,/cpfs/user/zhuzihou/assets/dedup_workspaces/test0_transitive_apply_parallel/dataset/GRScenes_assets/bottle/30a990ebc15a71d7da8baeac0600664d/left.png
bottle,30a990ebc15a71d7da8baeac0600664d,back,ok,0.288704,479,173,0.316113,479,55ee43a042d3218feaaf69592ff82a78004bc47cfe4a840098427d3303b1fbce,true,/cpfs/user/zhuzihou/assets/dedup_workspaces/test0_transitive_apply_parallel/dataset/GRScenes_assets/bottle/30a990ebc15a71d7da8baeac0600664d/back.png
bottle,30a990ebc15a71d7da8baeac0600664d,right,ok,0.279129,294,370,0.414963,370,794e1bb1263fcac973ec7f74adb286c99fb720335d5180551d814f4341e0f679,true,/cpfs/user/zhuzihou/assets/dedup_workspaces/test0_transitive_apply_parallel/dataset/GRScenes_assets/bottle/30a990ebc15a71d7da8baeac0600664d/right.png
bottle,30ba96a4f082b37f132e9653fbea9c15,front,ok,0.377003,414,254,0.401138,414,44d8644b789d6d3b991c0f7297018d33750b77570af45cc44e54f71e61a6c099,true,/cpfs/user/zhuzihou/assets/dedup_workspaces/test0_transitive_apply_parallel/dataset/GRScenes_assets/bottle/30ba96a4f082b37f132e9653fbea9c15/front.png
bottle,30ba96a4f082b37f132e9653fbea9c15,left,ok,0.276394,250,402,0.383377,402,ff8fc0cc369a156c01a86cbc815b6feafb1f5687ec3b102f0e68db7aec903a92,true,/cpfs/user/zhuzihou/assets/dedup_workspaces/test0_transitive_apply_parallel/dataset/GRScenes_assets/bottle/30ba96a4f082b37f132e9653fbea9c15/left.png
bottle,30ba96a4f082b37f132e9653fbea9c15,back,ok,0.377445,414,254,0.401138,414,7e55d2eaf81a392d3aec43ed74cd15650a7db8d4a61e6de4686d94d94509a5f4,true,/cpfs/user/zhuzihou/assets/dedup_workspaces/test0_transitive_apply_parallel/dataset/GRScenes_assets/bottle/30ba96a4f082b37f132e9653fbea9c15/back.png
bottle,30ba96a4f082b37f132e9653fbea9c15,right,ok,0.293320,260,411,0.407639,411,6ee562717bb9b6e3ccdc731ad23150af476319750403c8578a08f2b9a8630cdb,true,/cpfs/user/zhuzihou/assets/dedup_workspaces/test0_transitive_apply_parallel/dataset/GRScenes_assets/bottle/30ba96a4f082b37f132e9653fbea9c15/right.png
bottle,312e1f34a6fd0ea7762fed294b7d9d89,front,ok,0.146484,477,100,0.181961,477,18545ed28cfdb9bbf626692f73e23bbfded90ad08ebb0878ca73a20a41713844,true,/cpfs/user/zhuzihou/assets/dedup_workspaces/test0_transitive_apply_parallel/dataset/GRScenes_assets/bottle/312e1f34a6fd0ea7762fed294b7d9d89/front.png
bottle,312e1f34a6fd0ea7762fed294b7d9d89,left,ok,0.144382,156,357,0.212448,357,e1cf4bd98c3c91d86f4b3f6c6025b626e2df87a189e39429fd380553661a4c70,true,/cpfs/user/zhuzihou/assets/dedup_workspaces/test0_transitive_apply_parallel/dataset/GRScenes_assets/bottle/312e1f34a6fd0ea7762fed294b7d9d89/left.png
bottle,312e1f34a6fd0ea7762fed294b7d9d89,back,ok,0.161575,470,111,0.199013,470,4c05c54b95aa72953fb00e855f197375e49ed209c2413e2e2764650c9841ef91,true,/cpfs/user/zhuzihou/assets/dedup_workspaces/test0_transitive_apply_parallel/dataset/GRScenes_assets/bottle/312e1f34a6fd0ea7762fed294b7d9d89/back.png
bottle,312e1f34a6fd0ea7762fed294b7d9d89,right,ok,0.096054,105,354,0.141792,354,c639710554ff90fed734051b9f34cbbde4ef2ed74146661ba960530aa130b8e4,true,/cpfs/user/zhuzihou/assets/dedup_workspaces/test0_transitive_apply_parallel/dataset/GRScenes_assets/bottle/312e1f34a6fd0ea7762fed294b7d9d89/right.png
bottle,314b19ea4876f0e0655e676e243972cf,front,ok,0.279503,426,198,0.321762,426,150de8dfd01a03ab9193f74d7eb2babc3d4b8111f4714c68386cdc3310f651cd,true,/cpfs/user/zhuzihou/assets/dedup_workspaces/test0_transitive_apply_parallel/dataset/GRScenes_assets/bottle/314b19ea4876f0e0655e676e243972cf/front.png
bottle,314b19ea4876f0e0655e676e243972cf,left,ok,0.276859,279,350,0.372505,350,a68663a769ce06affc9dea7a33d29dd6d4161ad877e25e24f97d113e2bb36446,true,/cpfs/user/zhuzihou/assets/dedup_workspaces/test0_transitive_apply_parallel/dataset/GRScenes_assets/bottle/314b19ea4876f0e0655e676e243972cf/left.png
bottle,314b19ea4876f0e0655e676e243972cf,back,ok,0.268494,411,192,0.301025,411,dee155d0a31168ad999ce893f7af65933fbf42e4f6a0edeced5f1f9a26ebbff3,true,/cpfs/user/zhuzihou/assets/dedup_workspaces/test0_transitive_apply_parallel/dataset/GRScenes_assets/bottle/314b19ea4876f0e0655e676e243972cf/back.png
bottle,314b19ea4876f0e0655e676e243972cf,right,ok,0.204254,240,327,0.299377,327,a290a85bfbff9789168a80a9ea00f744a8a0b566373a84a03ad6f97e8a53ff94,true,/cpfs/user/zhuzihou/assets/dedup_workspaces/test0_transitive_apply_parallel/dataset/GRScenes_assets/bottle/314b19ea4876f0e0655e676e243972cf/right.png
bottle,314cceb346b19989f3aebacf8621612b,front,ok,0.269028,466,180,0.319977,466,dbf0cbc4495622e41eb336e3c46e0d91ee24f0345941ff9bf54e09858b01d73f,true,/cpfs/user/zhuzihou/assets/dedup_workspaces/test0_transitive_apply_parallel/dataset/GRScenes_assets/bottle/314cceb346b19989f3aebacf8621612b/front.png
bottle,314cceb346b19989f3aebacf8621612b,left,ok,0.241730,232,346,0.306213,346,6212ceb5c0786c0bd158f1a68dbb6e8146d56a67a403fff3a5503d9b116deaec,true,/cpfs/user/zhuzihou/assets/dedup_workspaces/test0_transitive_apply_parallel/dataset/GRScenes_assets/bottle/314cceb346b19989f3aebacf8621612b/left.png
bottle,314cceb346b19989f3aebacf8621612b,back,ok,0.269238,466,181,0.321754,466,80b9eacad19effaa46cdeecb2df58b9621e750ec49d62515878e9953661ca78a,true,/cpfs/user/zhuzihou/assets/dedup_workspaces/test0_transitive_apply_parallel/dataset/GRScenes_assets/bottle/314cceb346b19989f3aebacf8621612b/back.png
bottle,314cceb346b19989f3aebacf8621612b,right,ok,0.194447,186,353,0.250465,353,39f202c1df10d2c28ec5e3831ac053151ffecc7e2a38320c142566356604bbf9,true,/cpfs/user/zhuzihou/assets/dedup_workspaces/test0_transitive_apply_parallel/dataset/GRScenes_assets/bottle/314cceb346b19989f3aebacf8621612b/right.png
bottle,3153d54f07dd4f15504e653769b39337,front,ok,0.186096,458,126,0.220139,458,ccedd964ff6da12eb192088a76a8112967e99a2c1315754853af21fb7fdd0da2,true,/cpfs/user/zhuzihou/assets/dedup_workspaces/test0_transitive_apply_parallel/dataset/GRScenes_assets/bottle/3153d54f07dd4f15504e653769b39337/front.png
bottle,3153d54f07dd4f15504e653769b39337,left,ok,0.177361,188,338,0.242401,338,37fba5954556c9922e25b1acb81d42366505e67f6cd0ffd28dbe558e31163eb7,true,/cpfs/user/zhuzihou/assets/dedup_workspaces/test0_transitive_apply_parallel/dataset/GRScenes_assets/bottle/3153d54f07dd4f15504e653769b39337/left.png
bottle,3153d54f07dd4f15504e653769b39337,back,ok,0.186695,458,126,0.220139,458,e4c27f188b8ae33b8f43fa18ac7789df7182fcbe73b06ce2c370ac583073708b,true,/cpfs/user/zhuzihou/assets/dedup_workspaces/test0_transitive_apply_parallel/dataset/GRScenes_assets/bottle/3153d54f07dd4f15504e653769b39337/back.png
bottle,3153d54f07dd4f15504e653769b39337,right,ok,0.129536,138,340,0.178986,340,85509d45c441b0f80206147ae6fa7043392f53bdd56ab2fcf0dd2c1ea7109455,true,/cpfs/user/zhuzihou/assets/dedup_workspaces/test0_transitive_apply_parallel/dataset/GRScenes_assets/bottle/3153d54f07dd4f15504e653769b39337/right.png
bottle,32c94882e701219a85e6d7864f624774,front,ok,0.333607,448,209,0.357178,448,48066f427aaf3845792efaad8891b6589b6c6d01aecd1fbc54f479872e9e5982,true,/cpfs/user/zhuzihou/assets/dedup_workspaces/test0_transitive_apply_parallel/dataset/GRScenes_assets/bottle/32c94882e701219a85e6d7864f624774/front.png
bottle,32c94882e701219a85e6d7864f624774,left,ok,0.284958,270,385,0.396538,385,c4e8d5caa90f13cac69aeff55333b7ac4b91a0a0f58631ebcd96e3ab5f726df2,true,/cpfs/user/zhuzihou/assets/dedup_workspaces/test0_transitive_apply_parallel/dataset/GRScenes_assets/bottle/32c94882e701219a85e6d7864f624774/left.png
bottle,32c94882e701219a85e6d7864f624774,back,ok,0.331299,447,207,0.352970,447,0d3c697e73b9065b74f2c63075206655a2770f6cb1590f209f66e74339c3a7a6,true,/cpfs/user/zhuzihou/assets/dedup_workspaces/test0_transitive_apply_parallel/dataset/GRScenes_assets/bottle/32c94882e701219a85e6d7864f624774/back.png
bottle,32c94882e701219a85e6d7864f624774,right,ok,0.255325,236,381,0.343002,381,aeab9dcc6307e0f0fc201270c534ad31dd2b2c553ba848355e2951ae2db3da0c,true,/cpfs/user/zhuzihou/assets/dedup_workspaces/test0_transitive_apply_parallel/dataset/GRScenes_assets/bottle/32c94882e701219a85e6d7864f624774/right.png
bottle,34455a1739a48c3e82f3611bb3a56a42,front,ok,0.271870,403,271,0.416615,403,844b354a8139701326fed59696b840db5bf3579a031a8580c9c954b55361b1a2,true,/cpfs/user/zhuzihou/assets/dedup_workspaces/test0_transitive_apply_parallel/dataset/GRScenes_assets/bottle/34455a1739a48c3e82f3611bb3a56a42/front.png
bottle,34455a1739a48c3e82f3611bb3a56a42,left,ok,0.224522,431,278,0.457069,431,7a60475d4a444fe507171ed6b2476bbf04ecd889875d0469897c203d7522307b,true,/cpfs/user/zhuzihou/assets/dedup_workspaces/test0_transitive_apply_parallel/dataset/GRScenes_assets/bottle/34455a1739a48c3e82f3611bb3a56a42/left.png
bottle,34455a1739a48c3e82f3611bb3a56a42,back,ok,0.168999,339,273,0.353039,339,a74d798e1b3cfca243050f61567c0b227fdb1adb11b822bfaa32df318a9c552b,true,/cpfs/user/zhuzihou/assets/dedup_workspaces/test0_transitive_apply_parallel/dataset/GRScenes_assets/bottle/34455a1739a48c3e82f3611bb3a56a42/back.png
bottle,34455a1739a48c3e82f3611bb3a56a42,right,ok,0.180290,337,282,0.362526,337,a84f8ebd8bc6b4d6aee6aa0f04616ebcb8d176eff14b7fbfdd781c89da134dc8,true,/cpfs/user/zhuzihou/assets/dedup_workspaces/test0_transitive_apply_parallel/dataset/GRScenes_assets/bottle/34455a1739a48c3e82f3611bb3a56a42/right.png
bottle,348083faee227ffaebd97a4a75b56e67,front,ok,0.183262,446,135,0.229683,446,2c1930b9531c41da11bcf257b529cb7537454164be4515828d81f4790dac6429,true,/cpfs/user/zhuzihou/assets/dedup_workspaces/test0_transitive_apply_parallel/dataset/GRScenes_assets/bottle/348083faee227ffaebd97a4a75b56e67/front.png
bottle,348083faee227ffaebd97a4a75b56e67,left,ok,0.150867,162,332,0.205170,332,94f4e974d309201bc74e06ee2ee986d5115f0f99558186fdd1653debbeb2fc63,true,/cpfs/user/zhuzihou/assets/dedup_workspaces/test0_transitive_apply_parallel/dataset/GRScenes_assets/bottle/348083faee227ffaebd97a4a75b56e67/left.png
bottle,348083faee227ffaebd97a4a75b56e67,back,ok,0.183800,449,135,0.231228,449,9bdcf38f0f91d9adc09f8c4fcbdddd177ca41ec5f4f02659ea13ba7958407f12,true,/cpfs/user/zhuzihou/assets/dedup_workspaces/test0_transitive_apply_parallel/dataset/GRScenes_assets/bottle/348083faee227ffaebd97a4a75b56e67/back.png
bottle,348083faee227ffaebd97a4a75b56e67,right,ok,0.117069,134,336,0.171753,336,ca81e3a6262fdc727e6bb3765fa0025fb1419a8a1a3941cbcd298e874c4115fa,true,/cpfs/user/zhuzihou/assets/dedup_workspaces/test0_transitive_apply_parallel/dataset/GRScenes_assets/bottle/348083faee227ffaebd97a4a75b56e67/right.png
bottle,35be58c92f6af2d53721788c80f7f1d6,front,ok,0.183262,446,135,0.229683,446,c8a290584012c8240c880b929fe64c28132ba01aa1f974eac1bd406370791391,true,/cpfs/user/zhuzihou/assets/dedup_workspaces/test0_transitive_apply_parallel/dataset/GRScenes_assets/bottle/35be58c92f6af2d53721788c80f7f1d6/front.png
bottle,35be58c92f6af2d53721788c80f7f1d6,left,ok,0.150867,162,332,0.205170,332,4871497f8b33b54399bf12636536530b55faf83df7b0641ac914fbbed25e289c,true,/cpfs/user/zhuzihou/assets/dedup_workspaces/test0_transitive_apply_parallel/dataset/GRScenes_assets/bottle/35be58c92f6af2d53721788c80f7f1d6/left.png
bottle,35be58c92f6af2d53721788c80f7f1d6,back,ok,0.183800,449,135,0.231228,449,1e98f90b1b42f6f9412b93806b3db35a272e7d9af88865194b7df9c30bbdc1e9,true,/cpfs/user/zhuzihou/assets/dedup_workspaces/test0_transitive_apply_parallel/dataset/GRScenes_assets/bottle/35be58c92f6af2d53721788c80f7f1d6/back.png
bottle,35be58c92f6af2d53721788c80f7f1d6,right,ok,0.117069,134,336,0.171753,336,3d7486528301a6f3c5bdaaf428b0633a0e7ebe02e022438d072c73de8b725ab5,true,/cpfs/user/zhuzihou/assets/dedup_workspaces/test0_transitive_apply_parallel/dataset/GRScenes_assets/bottle/35be58c92f6af2d53721788c80f7f1d6/right.png
bottle,35c8cf43dd7c300768b83551a489f57a,front,ok,0.233952,469,167,0.298779,469,adcc1e75bcdbb4a7166dc08e42cf59d759583a557b002bdadc403b0427a43a4e,true,/cpfs/user/zhuzihou/assets/dedup_workspaces/test0_transitive_apply_parallel/dataset/GRScenes_assets/bottle/35c8cf43dd7c300768b83551a489f57a/front.png
bottle,35c8cf43dd7c300768b83551a489f57a,left,ok,0.231850,250,371,0.353813,371,67c558d3e5b45b734a9fcb8c4e92df162fb07677afd18fedcb25708738608bac,true,/cpfs/user/zhuzihou/assets/dedup_workspaces/test0_transitive_apply_parallel/dataset/GRScenes_assets/bottle/35c8cf43dd7c300768b83551a489f57a/left.png
bottle,35c8cf43dd7c300768b83551a489f57a,back,ok,0.233955,469,166,0.296989,469,adf4e8b9164a7d42daf2f8de0f36fcc5cea7d8b858f52e3078f057589f20300f,true,/cpfs/user/zhuzihou/assets/dedup_workspaces/test0_transitive_apply_parallel/dataset/GRScenes_assets/bottle/35c8cf43dd7c300768b83551a489f57a/back.png
bottle,35c8cf43dd7c300768b83551a489f57a,right,ok,0.196426,206,371,0.291542,371,f4195724085ad0a0a826c76b6ddcbfe4f2babdcebce69346c187e26ba8ec5a86,true,/cpfs/user/zhuzihou/assets/dedup_workspaces/test0_transitive_apply_parallel/dataset/GRScenes_assets/bottle/35c8cf43dd7c300768b83551a489f57a/right.png
bottle,36757695b7d5a576f0160e8a71e11f20,front,ok,0.227821,405,200,0.308990,405,49abbd616285a4dc6f5080892a9a4b06bffc54f15b7818dc31ac8b5606ba7267,true,/cpfs/user/zhuzihou/assets/dedup_workspaces/test0_transitive_apply_parallel/dataset/GRScenes_assets/bottle/36757695b7d5a576f0160e8a71e11f20/front.png
bottle,36757695b7d5a576f0160e8a71e11f20,left,ok,0.239723,247,345,0.325069,345,9257a372152e73ba24b8c61643fb4e1baf0402341fd267d6b4d6f0db493b2ba0,true,/cpfs/user/zhuzihou/assets/dedup_workspaces/test0_transitive_apply_parallel/dataset/GRScenes_assets/bottle/36757695b7d5a576f0160e8a71e11f20/left.png
bottle,36757695b7d5a576f0160e8a71e11f20,back,ok,0.227062,405,200,0.308990,405,c226617ea72d06cb309ec57c3401702414888125d833248e878ed1b6df7c50bf,true,/cpfs/user/zhuzihou/assets/dedup_workspaces/test0_transitive_apply_parallel/dataset/GRScenes_assets/bottle/36757695b7d5a576f0160e8a71e11f20/back.png
bottle,36757695b7d5a576f0160e8a71e11f20,right,ok,0.176662,231,301,0.265240,301,349539f9375857fd273d2049dfe35f742bc4955d75a5002eb35622043781854e,true,/cpfs/user/zhuzihou/assets/dedup_workspaces/test0_transitive_apply_parallel/dataset/GRScenes_assets/bottle/36757695b7d5a576f0160e8a71e11f20/right.png
bottle,38a83b629e4e445b66bd0d015443bf1b,front,ok,0.179184,460,121,0.212326,460,f1cb61e3070214e89f9e2f25100d5b722bb680fb89769db3b6bffb75d25593c4,true,/cpfs/user/zhuzihou/assets/dedup_workspaces/test0_transitive_apply_parallel/dataset/GRScenes_assets/bottle/38a83b629e4e445b66bd0d015443bf1b/front.png
bottle,38a83b629e4e445b66bd0d015443bf1b,left,ok,0.177750,192,336,0.246094,336,cfa7bc6ea1039c188b523e38981e2a49610a11dbb728f5a69678c74c4a93d077,true,/cpfs/user/zhuzihou/assets/dedup_workspaces/test0_transitive_apply_parallel/dataset/GRScenes_assets/bottle/38a83b629e4e445b66bd0d015443bf1b/left.png
bottle,38a83b629e4e445b66bd0d015443bf1b,back,ok,0.179489,460,121,0.212326,460,cce956b63f45c303598edee41c6b60b34f9550f9e817bda0dd3c154bb99c4d30,true,/cpfs/user/zhuzihou/assets/dedup_workspaces/test0_transitive_apply_parallel/dataset/GRScenes_assets/bottle/38a83b629e4e445b66bd0d015443bf1b/back.png
bottle,38a83b629e4e445b66bd0d015443bf1b,right,ok,0.130013,140,337,0.179977,337,f365a37c02812b1a9686e23716904ba0c93c81f33d4c67c80e4804ef491d0a6f,true,/cpfs/user/zhuzihou/assets/dedup_workspaces/test0_transitive_apply_parallel/dataset/GRScenes_assets/bottle/38a83b629e4e445b66bd0d015443bf1b/right.png
bottle,3958f6635643a60e76276e57e62e9dd0,front,ok,0.344360,450,217,0.372505,450,d01e96b1fa669212dc9a342135c122e6606aa167592b193fe2dc58b31a0797d6,true,/cpfs/user/zhuzihou/assets/dedup_workspaces/test0_transitive_apply_parallel/dataset/GRScenes_assets/bottle/3958f6635643a60e76276e57e62e9dd0/front.png
bottle,3958f6635643a60e76276e57e62e9dd0,left,ok,0.321857,307,381,0.446194,381,7a89b40b4f6e292ac375f85e512f1311b5a8d42ca61fabf19fbfd040cce49f90,true,/cpfs/user/zhuzihou/assets/dedup_workspaces/test0_transitive_apply_parallel/dataset/GRScenes_assets/bottle/3958f6635643a60e76276e57e62e9dd0/left.png
bottle,3958f6635643a60e76276e57e62e9dd0,back,ok,0.345547,450,217,0.372505,450,83046f91e846f42fc3def3b84bc7a667c77423622f0edcbfafe6242bdd4f1a9f,true,/cpfs/user/zhuzihou/assets/dedup_workspaces/test0_transitive_apply_parallel/dataset/GRScenes_assets/bottle/3958f6635643a60e76276e57e62e9dd0/back.png
bottle,3958f6635643a60e76276e57e62e9dd0,right,ok,0.319065,308,381,0.447647,381,4bff618e2ff69aaf0b3ae6dbf0929338b231511c1d8ae40764293764afc534d3,true,/cpfs/user/zhuzihou/assets/dedup_workspaces/test0_transitive_apply_parallel/dataset/GRScenes_assets/bottle/3958f6635643a60e76276e57e62e9dd0/right.png
bottle,3a6493c3609c88c577f13fbec7586b0c,front,ok,0.344379,450,217,0.372505,450,7796392d5b91f467e7891aa6688fe4b4f6994b95b1deb97bc8e669c8ebbbb5e6,true,/cpfs/user/zhuzihou/assets/dedup_workspaces/test0_transitive_apply_parallel/dataset/GRScenes_assets/bottle/3a6493c3609c88c577f13fbec7586b0c/front.png
bottle,3a6493c3609c88c577f13fbec7586b0c,left,ok,0.321854,307,381,0.446194,381,facb9b49e2a11c6bab157f3fd231d9c2e3c289130d004819f2057d422c21f8af,true,/cpfs/user/zhuzihou/assets/dedup_workspaces/test0_transitive_apply_parallel/dataset/GRScenes_assets/bottle/3a6493c3609c88c577f13fbec7586b0c/left.png
bottle,3a6493c3609c88c577f13fbec7586b0c,back,ok,0.345539,450,217,0.372505,450,7e16058e635fa52a4809ce091564881c747d8190948bed37ac41da285da2e77d,true,/cpfs/user/zhuzihou/assets/dedup_workspaces/test0_transitive_apply_parallel/dataset/GRScenes_assets/bottle/3a6493c3609c88c577f13fbec7586b0c/back.png
bottle,3a6493c3609c88c577f13fbec7586b0c,right,ok,0.319069,308,381,0.447647,381,922e7de165fbbc34b3a616ea90cc34815d7c216eab754310c454c9b1f64f4cc8,true,/cpfs/user/zhuzihou/assets/dedup_workspaces/test0_transitive_apply_parallel/dataset/GRScenes_assets/bottle/3a6493c3609c88c577f13fbec7586b0c/right.png
bottle,3a6a11e43eac6eadfb7e70b7e5a97761,front,ok,0.280144,480,173,0.316772,480,f943f6b1f5a03061bed1a954056289bca1ecdbc2402f3eeba3301ef2ad238589,true,/cpfs/user/zhuzihou/assets/dedup_workspaces/test0_transitive_apply_parallel/dataset/GRScenes_assets/bottle/3a6a11e43eac6eadfb7e70b7e5a97761/front.png
bottle,3a6a11e43eac6eadfb7e70b7e5a97761,left,ok,0.281586,292,370,0.412140,370,731ef1b28f8ebbf6574286cf41727907ad57574474b084cb459453712997bdc4,true,/cpfs/user/zhuzihou/assets/dedup_workspaces/test0_transitive_apply_parallel/dataset/GRScenes_assets/bottle/3a6a11e43eac6eadfb7e70b7e5a97761/left.png
bottle,3a6a11e43eac6eadfb7e70b7e5a97761,back,ok,0.281178,479,173,0.316113,479,f8dccf6d17b61d9da4623077bf1d3a2c53f995ade77c57a717530301fce2f0a9,true,/cpfs/user/zhuzihou/assets/dedup_workspaces/test0_transitive_apply_parallel/dataset/GRScenes_assets/bottle/3a6a11e43eac6eadfb7e70b7e5a97761/back.png
bottle,3a6a11e43eac6eadfb7e70b7e5a97761,right,ok,0.280479,294,370,0.414963,370,3f82bddd493a198a7e2b4c9f92d37738b23665a0147a049300e3567f5adf9612,true,/cpfs/user/zhuzihou/assets/dedup_workspaces/test0_transitive_apply_parallel/dataset/GRScenes_assets/bottle/3a6a11e43eac6eadfb7e70b7e5a97761/right.png
bottle,3b7c8607fc596630da5a83dd27e6b007,front,ok,0.188046,456,141,0.245270,456,95e7a3b2088c03180b6e7a8282dbd6892d8008ac6c881bb9f5d1eade5305fd89,true,/cpfs/user/zhuzihou/assets/dedup_workspaces/test0_transitive_apply_parallel/dataset/GRScenes_assets/bottle/3b7c8607fc596630da5a83dd27e6b007/front.png
bottle,3b7c8607fc596630da5a83dd27e6b007,left,ok,0.166351,180,348,0.238953,348,cc2a3d55e824349fba3729b3c8ee678f71159382c7de8893dae057a04aeb7968,true,/cpfs/user/zhuzihou/assets/dedup_workspaces/test0_transitive_apply_parallel/dataset/GRScenes_assets/bottle/3b7c8607fc596630da5a83dd27e6b007/left.png
bottle,3b7c8607fc596630da5a83dd27e6b007,back,ok,0.183281,457,138,0.240578,457,dc24887a8504495dd7745c7b41e84b2fe578268e62e69f416595751a2edc3bdc,true,/cpfs/user/zhuzihou/assets/dedup_workspaces/test0_transitive_apply_parallel/dataset/GRScenes_assets/bottle/3b7c8607fc596630da5a83dd27e6b007/back.png
bottle,3b7c8607fc596630da5a83dd27e6b007,right,ok,0.108097,126,346,0.166306,346,04f280a5cf07719e3ab966ebd88e9783fce9e94784b375eab6f554bb2bd38733,true,/cpfs/user/zhuzihou/assets/dedup_workspaces/test0_transitive_apply_parallel/dataset/GRScenes_assets/bottle/3b7c8607fc596630da5a83dd27e6b007/right.png
bottle,3b959a988993ed8dadb69a34d65e9705,front,ok,0.179176,460,121,0.212326,460,0e885da8e3f1562530894b93b59b8f3ab7e8174a0c6c5f80a4368f75d6241150,true,/cpfs/user/zhuzihou/assets/dedup_workspaces/test0_transitive_apply_parallel/dataset/GRScenes_assets/bottle/3b959a988993ed8dadb69a34d65e9705/front.png
bottle,3b959a988993ed8dadb69a34d65e9705,left,ok,0.177750,192,336,0.246094,336,b52e2967ed308b33e7029d9c96bf10b2b14d7f112c413ce3c260e9b6aedcb8fe,true,/cpfs/user/zhuzihou/assets/dedup_workspaces/test0_transitive_apply_parallel/dataset/GRScenes_assets/bottle/3b959a988993ed8dadb69a34d65e9705/left.png
bottle,3b959a988993ed8dadb69a34d65e9705,back,ok,0.179489,460,121,0.212326,460,fb54a5665b9ef36e94a7b880c00ccc63abd91b61bd2302811af1ce092e3b37d1,true,/cpfs/user/zhuzihou/assets/dedup_workspaces/test0_transitive_apply_parallel/dataset/GRScenes_assets/bottle/3b959a988993ed8dadb69a34d65e9705/back.png
bottle,3b959a988993ed8dadb69a34d65e9705,right,ok,0.130013,140,337,0.179977,337,6337479f89c01f5ba50ebf7b38c3bb44950fb1984ce7aa98e545a9fb9308bbd9,true,/cpfs/user/zhuzihou/assets/dedup_workspaces/test0_transitive_apply_parallel/dataset/GRScenes_assets/bottle/3b959a988993ed8dadb69a34d65e9705/right.png
bottle,3ba8adccd1e17005362ca084ac7c175b,front,ok,0.168079,455,120,0.208282,455,6603ca3c23f48abe776e623e8b1d66b47697296e65e01484054c1448ba8cc89e,true,/cpfs/user/zhuzihou/assets/dedup_workspaces/test0_transitive_apply_parallel/dataset/GRScenes_assets/bottle/3ba8adccd1e17005362ca084ac7c175b/front.png
bottle,3ba8adccd1e17005362ca084ac7c175b,left,ok,0.135372,146,339,0.188805,339,e1ac0b5ce2eb2d020682504970147b9a77819d1adb057a5ecef8ae5918ac4d5e,true,/cpfs/user/zhuzihou/assets/dedup_workspaces/test0_transitive_apply_parallel/dataset/GRScenes_assets/bottle/3ba8adccd1e17005362ca084ac7c175b/left.png
bottle,3ba8adccd1e17005362ca084ac7c175b,back,ok,0.168758,457,120,0.209198,457,b739e9bdc4a1ffbc450b4cbd583ffaa57e91849e1ca01c5a73946eb5c2a50967,true,/cpfs/user/zhuzihou/assets/dedup_workspaces/test0_transitive_apply_parallel/dataset/GRScenes_assets/bottle/3ba8adccd1e17005362ca084ac7c175b/back.png
bottle,3ba8adccd1e17005362ca084ac7c175b,right,ok,0.110451,118,342,0.153946,342,97d60a07295cbcff6763ea44111c68a83f88672f48a48ca8a725a7f982d0cf46,true,/cpfs/user/zhuzihou/assets/dedup_workspaces/test0_transitive_apply_parallel/dataset/GRScenes_assets/bottle/3ba8adccd1e17005362ca084ac7c175b/right.png
bottle,3bd873d403ae147bd9a95b410fff26eb,front,ok,0.200886,454,148,0.256317,454,e8bdb492aa6cdfbf561f8e70186461c5158cd297eb94e7b6bec95d1c3dd9dd23,true,/cpfs/user/zhuzihou/assets/dedup_workspaces/test0_transitive_apply_parallel/dataset/GRScenes_assets/bottle/3bd873d403ae147bd9a95b410fff26eb/front.png
bottle,3bd873d403ae147bd9a95b410fff26eb,left,ok,0.188030,184,346,0.242859,346,a049cee970083c25ce0cf2ddf34bb50c27e08fd4abff615eee65f97e040be86b,true,/cpfs/user/zhuzihou/assets/dedup_workspaces/test0_transitive_apply_parallel/dataset/GRScenes_assets/bottle/3bd873d403ae147bd9a95b410fff26eb/left.png
bottle,3bd873d403ae147bd9a95b410fff26eb,back,ok,0.200993,454,148,0.256317,454,23e578d6757d9342b455c358f70917f319323f42decf7b0f13e55cf4b71f6629,true,/cpfs/user/zhuzihou/assets/dedup_workspaces/test0_transitive_apply_parallel/dataset/GRScenes_assets/bottle/3bd873d403ae147bd9a95b410fff26eb/back.png
bottle,3bd873d403ae147bd9a95b410fff26eb,right,ok,0.155998,162,342,0.211349,342,e8a4bfedb2a36214e11cb6e6551ace153495c5bd984fe701275b45128c6c9bd7,true,/cpfs/user/zhuzihou/assets/dedup_workspaces/test0_transitive_apply_parallel/dataset/GRScenes_assets/bottle/3bd873d403ae147bd9a95b410fff26eb/right.png
bottle,3d1ddc98d7c1f1bc9d48344398d5c275,front,ok,0.227329,453,191,0.330059,453,299eb605175ee29b375eb36d248eeb681c9e6b232f7921feb57396e93d5b727b,true,/cpfs/user/zhuzihou/assets/dedup_workspaces/test0_transitive_apply_parallel/dataset/GRScenes_assets/bottle/3d1ddc98d7c1f1bc9d48344398d5c275/front.png
bottle,3d1ddc98d7c1f1bc9d48344398d5c275,left,ok,0.142643,126,366,0.175919,366,54937f5bbfd56c7fac16fd1b991e0f5b88a388934ed4ad347a7e137d9ef9644d,true,/cpfs/user/zhuzihou/assets/dedup_workspaces/test0_transitive_apply_parallel/dataset/GRScenes_assets/bottle/3d1ddc98d7c1f1bc9d48344398d5c275/left.png
bottle,3d1ddc98d7c1f1bc9d48344398d5c275,back,ok,0.227455,453,191,0.330059,453,684834924f8fb8a95ccb2e923d5ca3c6bac2c11e50844511510cd9f72f8c6c0b,true,/cpfs/user/zhuzihou/assets/dedup_workspaces/test0_transitive_apply_parallel/dataset/GRScenes_assets/bottle/3d1ddc98d7c1f1bc9d48344398d5c275/back.png
bottle,3d1ddc98d7c1f1bc9d48344398d5c275,right,ok,0.099602,82,390,0.121994,390,dd5ac6c1eab1a9ed6b601ba6c578ac5e8d1b3a94b9ebc25251ec3482aa045f7b,true,/cpfs/user/zhuzihou/assets/dedup_workspaces/test0_transitive_apply_parallel/dataset/GRScenes_assets/bottle/3d1ddc98d7c1f1bc9d48344398d5c275/right.png
bottle,3d32635e9aa71e334edd551b53d24a12,front,ok,0.261600,342,270,0.352249,342,dcb4d88b58aedf71b525592292e504241c7db3e44865a79484dadc22151fa67f,true,/cpfs/user/zhuzihou/assets/dedup_workspaces/test0_transitive_apply_parallel/dataset/GRScenes_assets/bottle/3d32635e9aa71e334edd551b53d24a12/front.png
bottle,3d32635e9aa71e334edd551b53d24a12,left,ok,0.261967,287,316,0.345963,316,2defec10d8e041b7be104216c039cc19ecc7935e88d1400bdc530d31839d9be4,true,/cpfs/user/zhuzihou/assets/dedup_workspaces/test0_transitive_apply_parallel/dataset/GRScenes_assets/bottle/3d32635e9aa71e334edd551b53d24a12/left.png
bottle,3d32635e9aa71e334edd551b53d24a12,back,ok,0.310913,384,236,0.345703,384,471dfb9d8db3f0497d1c0b5c6f178ea9200032c5803944ecfc85d44022e5f511,true,/cpfs/user/zhuzihou/assets/dedup_workspaces/test0_transitive_apply_parallel/dataset/GRScenes_assets/bottle/3d32635e9aa71e334edd551b53d24a12/back.png
bottle,3d32635e9aa71e334edd551b53d24a12,right,ok,0.243706,305,324,0.376968,324,7849f4fdbf65c9ad151181dffc1c368b18e7eeb176971142ce1256bf354fc245,true,/cpfs/user/zhuzihou/assets/dedup_workspaces/test0_transitive_apply_parallel/dataset/GRScenes_assets/bottle/3d32635e9aa71e334edd551b53d24a12/right.png
bottle,3fbea76496bf04349440a969710847fc,front,ok,0.421894,478,272,0.495972,478,76a8721c147e7cb463025dc05e90256cbab2e555be0ae246f99bf767800d7d3c,true,/cpfs/user/zhuzihou/assets/dedup_workspaces/test0_transitive_apply_parallel/dataset/GRScenes_assets/bottle/3fbea76496bf04349440a969710847fc/front.png
bottle,3fbea76496bf04349440a969710847fc,left,ok,0.389412,344,379,0.497345,379,6da0801c5d2fd62572284e166a0c2e6c76617000cc792b84e9dda47859b95a32,true,/cpfs/user/zhuzihou/assets/dedup_workspaces/test0_transitive_apply_parallel/dataset/GRScenes_assets/bottle/3fbea76496bf04349440a969710847fc/left.png
bottle,3fbea76496bf04349440a969710847fc,back,ok,0.410416,464,267,0.472595,464,e4d5a9d0f445829cbbeef9e37f729f38fd87d4bd105b2222c85d4134cc5d1e4f,true,/cpfs/user/zhuzihou/assets/dedup_workspaces/test0_transitive_apply_parallel/dataset/GRScenes_assets/bottle/3fbea76496bf04349440a969710847fc/back.png
bottle,3fbea76496bf04349440a969710847fc,right,ok,0.338604,315,353,0.424175,353,c3bd5ae48289faf8886a3ed95c4d870b6fa2d0a9be103151932acd18e854237f,true,/cpfs/user/zhuzihou/assets/dedup_workspaces/test0_transitive_apply_parallel/dataset/GRScenes_assets/bottle/3fbea76496bf04349440a969710847fc/right.png
bottle,404dd2da5b4a286fd6dd602038c69ba3,front,ok,0.280907,440,192,0.322266,440,af37df205434cde81ba3e47e3b334390d4f1499f80ce2a2d507022d52fb9c9c9,true,/cpfs/user/zhuzihou/assets/dedup_workspaces/test0_transitive_apply_parallel/dataset/GRScenes_assets/bottle/404dd2da5b4a286fd6dd602038c69ba3/front.png
bottle,404dd2da5b4a286fd6dd602038c69ba3,left,ok,0.265854,281,358,0.383751,358,af92eb6ca492617eaeeac50cf64935418abb22207c945f508af3233e3ca6d80d,true,/cpfs/user/zhuzihou/assets/dedup_workspaces/test0_transitive_apply_parallel/dataset/GRScenes_assets/bottle/404dd2da5b4a286fd6dd602038c69ba3/left.png
bottle,404dd2da5b4a286fd6dd602038c69ba3,back,ok,0.269703,440,192,0.322266,440,61def82aa6f7a1397f0d4348252d0e6a6553ab69cb2a4824c4582c32e00f408e,true,/cpfs/user/zhuzihou/assets/dedup_workspaces/test0_transitive_apply_parallel/dataset/GRScenes_assets/bottle/404dd2da5b4a286fd6dd602038c69ba3/back.png
bottle,404dd2da5b4a286fd6dd602038c69ba3,right,ok,0.213192,230,352,0.308838,352,e815899e74bba42cd1df7732f03c1de288d8806856283cb8e0aa9ce65fcd5db3,true,/cpfs/user/zhuzihou/assets/dedup_workspaces/test0_transitive_apply_parallel/dataset/GRScenes_assets/bottle/404dd2da5b4a286fd6dd602038c69ba3/right.png
bottle,41f5cda91cd46c23292d222e027e3c1a,front,ok,0.232021,231,402,0.354240,402,a6d17c5cb6e984e0c745f5e82a2d471d7fdd755b1009961d6d828fa8655abb18,true,/cpfs/user/zhuzihou/assets/dedup_workspaces/test0_transitive_apply_parallel/dataset/GRScenes_assets/bottle/41f5cda91cd46c23292d222e027e3c1a/front.png
bottle,41f5cda91cd46c23292d222e027e3c1a,left,ok,0.302048,312,301,0.358246,312,f6c4e650d782e10329414bf5eb57e91328957b81f5c6e6136a27371e6d2e91df,true,/cpfs/user/zhuzihou/assets/dedup_workspaces/test0_transitive_apply_parallel/dataset/GRScenes_assets/bottle/41f5cda91cd46c23292d222e027e3c1a/left.png
bottle,41f5cda91cd46c23292d222e027e3c1a,back,ok,0.232018,230,402,0.352707,402,5d8dbcaa31aca9665fc3bf8cf4009badbf6dabb01f93bf212435a544bdfe7c14,true,/cpfs/user/zhuzihou/assets/dedup_workspaces/test0_transitive_apply_parallel/dataset/GRScenes_assets/bottle/41f5cda91cd46c23292d222e027e3c1a/back.png
bottle,41f5cda91cd46c23292d222e027e3c1a,right,ok,0.396141,424,285,0.460968,424,7fb31af2bb2c384a505e3f5035e4a6c66676d809df91a0170d968c0ddc15de5e,true,/cpfs/user/zhuzihou/assets/dedup_workspaces/test0_transitive_apply_parallel/dataset/GRScenes_assets/bottle/41f5cda91cd46c23292d222e027e3c1a/right.png
bottle,427c195427a5716df469c9d279488e34,front,ok,0.355438,450,217,0.372505,450,c9a08af82497e22d40bacc995f85f14f8d94c0b6a4e66758eb27fb23847eeda5,true,/cpfs/user/zhuzihou/assets/dedup_workspaces/test0_transitive_apply_parallel/dataset/GRScenes_assets/bottle/427c195427a5716df469c9d279488e34/front.png
bottle,427c195427a5716df469c9d279488e34,left,ok,0.322510,308,381,0.447647,381,f7fe2422d824ced5d9f05b402d1cb8ef4a0d27e4e13c962c3374d06623861dcb,true,/cpfs/user/zhuzihou/assets/dedup_workspaces/test0_transitive_apply_parallel/dataset/GRScenes_assets/bottle/427c195427a5716df469c9d279488e34/left.png
bottle,427c195427a5716df469c9d279488e34,back,ok,0.354340,450,216,0.370789,450,8ed258c3f2a10afeec3c52226e749436d1bd7a5858ea5cc9c90213deb84e73b2,true,/cpfs/user/zhuzihou/assets/dedup_workspaces/test0_transitive_apply_parallel/dataset/GRScenes_assets/bottle/427c195427a5716df469c9d279488e34/back.png
bottle,427c195427a5716df469c9d279488e34,right,ok,0.273609,308,381,0.447647,381,057e0ee1413b940f9a4501b8cc3e19089371c98810db41f2d297034e71925a5f,true,/cpfs/user/zhuzihou/assets/dedup_workspaces/test0_transitive_apply_parallel/dataset/GRScenes_assets/bottle/427c195427a5716df469c9d279488e34/right.png
bottle,428beced80e3dd74a2c1b37e860efef2,front,ok,0.162502,474,114,0.206131,474,82bea53c342d22affa5a0fd768e36b3b58decc4512280b5bb4dc8485a654993e,true,/cpfs/user/zhuzihou/assets/dedup_workspaces/test0_transitive_apply_parallel/dataset/GRScenes_assets/bottle/428beced80e3dd74a2c1b37e860efef2/front.png
bottle,428beced80e3dd74a2c1b37e860efef2,left,ok,0.170353,184,354,0.248474,354,995691c070c8aba7610c04906a5ec75f17c0e64e4369cece0ac535d2d80c4059,true,/cpfs/user/zhuzihou/assets/dedup_workspaces/test0_transitive_apply_parallel/dataset/GRScenes_assets/bottle/428beced80e3dd74a2c1b37e860efef2/left.png
bottle,428beced80e3dd74a2c1b37e860efef2,back,ok,0.164799,474,113,0.204323,474,4e7a8b4918fd1ec8f661f94f333044ddc30ea2aef62988ef638bd17bf919ac70,true,/cpfs/user/zhuzihou/assets/dedup_workspaces/test0_transitive_apply_parallel/dataset/GRScenes_assets/bottle/428beced80e3dd74a2c1b37e860efef2/back.png
bottle,428beced80e3dd74a2c1b37e860efef2,right,ok,0.113148,124,351,0.166031,351,48b5a38f24beb4b41dcd7a8eeb4b9054f5282eeb19cb14b4977e6326d204a8f9,true,/cpfs/user/zhuzihou/assets/dedup_workspaces/test0_transitive_apply_parallel/dataset/GRScenes_assets/bottle/428beced80e3dd74a2c1b37e860efef2/right.png
bottle,42f6cefe823d3ad1464801abab1b628d,front,ok,0.185196,468,121,0.216019,468,8a2a78fce5ccedd4619e66aabe06bb7b57dda6b33b881bd740e20f3e04bc86a0,true,/cpfs/user/zhuzihou/assets/dedup_workspaces/test0_transitive_apply_parallel/dataset/GRScenes_assets/bottle/42f6cefe823d3ad1464801abab1b628d/front.png
bottle,42f6cefe823d3ad1464801abab1b628d,left,ok,0.177795,188,351,0.251724,351,934641de557aabf795f73b536f4505e019fbda67505b583bdda510044db66c09,true,/cpfs/user/zhuzihou/assets/dedup_workspaces/test0_transitive_apply_parallel/dataset/GRScenes_assets/bottle/42f6cefe823d3ad1464801abab1b628d/left.png
bottle,42f6cefe823d3ad1464801abab1b628d,back,ok,0.185284,468,121,0.216019,468,b1109f6e2ba875b55b795e501807609529d1c410d120970a11692f8153d18394,true,/cpfs/user/zhuzihou/assets/dedup_workspaces/test0_transitive_apply_parallel/dataset/GRScenes_assets/bottle/42f6cefe823d3ad1464801abab1b628d/back.png
bottle,42f6cefe823d3ad1464801abab1b628d,right,ok,0.134018,126,349,0.167747,349,d6f7d40f982641eb68d2d872e2f5860f0245b29367c3a12f5adb0c308c27a424,true,/cpfs/user/zhuzihou/assets/dedup_workspaces/test0_transitive_apply_parallel/dataset/GRScenes_assets/bottle/42f6cefe823d3ad1464801abab1b628d/right.png
bottle,44766ee86b84ecc6d30891965eb98ff0,front,ok,0.192200,456,145,0.252228,456,da1a7633582106d8c3ef06cebf16ef169670f1fb3ea4a79e9558a096cbf4d277,true,/cpfs/user/zhuzihou/assets/dedup_workspaces/test0_transitive_apply_parallel/dataset/GRScenes_assets/bottle/44766ee86b84ecc6d30891965eb98ff0/front.png
bottle,44766ee86b84ecc6d30891965eb98ff0,left,ok,0.197334,212,344,0.278198,344,94902c091f26dd087af254d56592ae4e3ca03134554c733e83c3920ddf991e53,true,/cpfs/user/zhuzihou/assets/dedup_workspaces/test0_transitive_apply_parallel/dataset/GRScenes_assets/bottle/44766ee86b84ecc6d30891965eb98ff0/left.png
bottle,44766ee86b84ecc6d30891965eb98ff0,back,ok,0.191631,457,144,0.251038,457,f83d393d6e99743329c1d14b2d5f46ed0b1239409ecc0852a21998b52741391f,true,/cpfs/user/zhuzihou/assets/dedup_workspaces/test0_transitive_apply_parallel/dataset/GRScenes_assets/bottle/44766ee86b84ecc6d30891965eb98ff0/back.png
bottle,44766ee86b84ecc6d30891965eb98ff0,right,ok,0.113293,139,366,0.194069,366,894e9cc0e15087c6975496c7742c20252c43cdd83b3dafdf9bddf70083ceba97,true,/cpfs/user/zhuzihou/assets/dedup_workspaces/test0_transitive_apply_parallel/dataset/GRScenes_assets/bottle/44766ee86b84ecc6d30891965eb98ff0/right.png
bottle,47c4d004531c8fb456cddbf21b4c870d,front,ok,0.428520,474,274,0.495438,474,e2083f382153eedde33525dfa286d80cb6e7c437b3d117d842ea57bc65257cd3,true,/cpfs/user/zhuzihou/assets/dedup_workspaces/test0_transitive_apply_parallel/dataset/GRScenes_assets/bottle/47c4d004531c8fb456cddbf21b4c870d/front.png
bottle,47c4d004531c8fb456cddbf21b4c870d,left,ok,0.407013,354,379,0.511803,379,7eb205a0a5203de2cb5541805a67e8b88f4a6d63f53a5a4841484ae1d72a2e08,true,/cpfs/user/zhuzihou/assets/dedup_workspaces/test0_transitive_apply_parallel/dataset/GRScenes_assets/bottle/47c4d004531c8fb456cddbf21b4c870d/left.png
bottle,47c4d004531c8fb456cddbf21b4c870d,back,ok,0.433029,473,274,0.494392,473,aeb8da3245ec7b7eb5717a2157a78c75c628c7ba19d3ff62296f4d5b000462ae,true,/cpfs/user/zhuzihou/assets/dedup_workspaces/test0_transitive_apply_parallel/dataset/GRScenes_assets/bottle/47c4d004531c8fb456cddbf21b4c870d/back.png
bottle,47c4d004531c8fb456cddbf21b4c870d,right,ok,0.357052,324,370,0.457306,370,6095b6404213344dcc75b37e9ab8dcea440392bc50f418e79f3a1a77e8273364,true,/cpfs/user/zhuzihou/assets/dedup_workspaces/test0_transitive_apply_parallel/dataset/GRScenes_assets/bottle/47c4d004531c8fb456cddbf21b4c870d/right.png
bottle,4864951764f74b53cc1a9f8e4b899776,front,ok,0.184376,461,132,0.232132,461,6ea8ca1d465493b24b817b369c8641429963ef5de40df82479d6542b3fe5e518,true,/cpfs/user/zhuzihou/assets/dedup_workspaces/test0_transitive_apply_parallel/dataset/GRScenes_assets/bottle/4864951764f74b53cc1a9f8e4b899776/front.png
bottle,4864951764f74b53cc1a9f8e4b899776,left,ok,0.183624,196,345,0.257950,345,7af775f5ad7a1bfae8e501011a0ac430f4679ae4ae84cedca528def728afaea3,true,/cpfs/user/zhuzihou/assets/dedup_workspaces/test0_transitive_apply_parallel/dataset/GRScenes_assets/bottle/4864951764f74b53cc1a9f8e4b899776/left.png
bottle,4864951764f74b53cc1a9f8e4b899776,back,ok,0.184250,461,132,0.232132,461,01ba4027839988ca71476376ace058775dc19e74df99144dc7aaab5d4675bc5e,true,/cpfs/user/zhuzihou/assets/dedup_workspaces/test0_transitive_apply_parallel/dataset/GRScenes_assets/bottle/4864951764f74b53cc1a9f8e4b899776/back.png
bottle,4864951764f74b53cc1a9f8e4b899776,right,ok,0.110180,134,365,0.186577,365,39bacec9473ab7ca03c5f60c325bf347e48a6d67843da730476c6b15bb7de83e,true,/cpfs/user/zhuzihou/assets/dedup_workspaces/test0_transitive_apply_parallel/dataset/GRScenes_assets/bottle/4864951764f74b53cc1a9f8e4b899776/right.png
bottle,48d781448d209a08b21263b1b45ec901,front,ok,0.192192,456,145,0.252228,456,dba1c826582158b88498e6a91961f0de786fb0d6faa27eaf6ed892bbbfa49d9c,true,/cpfs/user/zhuzihou/assets/dedup_workspaces/test0_transitive_apply_parallel/dataset/GRScenes_assets/bottle/48d781448d209a08b21263b1b45ec901/front.png
bottle,48d781448d209a08b21263b1b45ec901,left,ok,0.197330,212,344,0.278198,344,3f6a80921f6947c911f8d0abacb02638fc688f3bb8d8f5525f901f4e6962a1af,true,/cpfs/user/zhuzihou/assets/dedup_workspaces/test0_transitive_apply_parallel/dataset/GRScenes_assets/bottle/48d781448d209a08b21263b1b45ec901/left.png
bottle,48d781448d209a08b21263b1b45ec901,back,ok,0.191631,457,144,0.251038,457,c1c676f37b80452771275162fd9c14e0ebdee7094a5f9d479672832dccff2e30,true,/cpfs/user/zhuzihou/assets/dedup_workspaces/test0_transitive_apply_parallel/dataset/GRScenes_assets/bottle/48d781448d209a08b21263b1b45ec901/back.png
bottle,48d781448d209a08b21263b1b45ec901,right,ok,0.113293,139,366,0.194069,366,d95a070b1aece727e14f41dea3198e7b3e72cbe1d0517c48e06f60120990ba28,true,/cpfs/user/zhuzihou/assets/dedup_workspaces/test0_transitive_apply_parallel/dataset/GRScenes_assets/bottle/48d781448d209a08b21263b1b45ec901/right.png
bottle,49514ad36e92ad66895ea6d6d83ef101,front,ok,0.327362,481,218,0.400002,481,f4fde26673f4e24b8a7198b34d9928594d26ec74bccf3e03d54f6ccda42cccc1,true,/cpfs/user/zhuzihou/assets/dedup_workspaces/test0_transitive_apply_parallel/dataset/GRScenes_assets/bottle/49514ad36e92ad66895ea6d6d83ef101/front.png
bottle,49514ad36e92ad66895ea6d6d83ef101,left,ok,0.309555,286,353,0.385124,353,f9c6a957daaad6b6838aa6162e23513331228df788c85d4e30d441ff83bbce6b,true,/cpfs/user/zhuzihou/assets/dedup_workspaces/test0_transitive_apply_parallel/dataset/GRScenes_assets/bottle/49514ad36e92ad66895ea6d6d83ef101/left.png
bottle,49514ad36e92ad66895ea6d6d83ef101,back,ok,0.327610,481,218,0.400002,481,f38ac37606e34d9b6f941287b076f3cbd63b9b67fee0fb9541b837b7faa7073a,true,/cpfs/user/zhuzihou/assets/dedup_workspaces/test0_transitive_apply_parallel/dataset/GRScenes_assets/bottle/49514ad36e92ad66895ea6d6d83ef101/back.png
bottle,49514ad36e92ad66895ea6d6d83ef101,right,ok,0.226635,214,324,0.264496,324,ec42231125f3b0d4ea33e293bca209aa77ed445c6e7f84ec50cd64bbe453389f,true,/cpfs/user/zhuzihou/assets/dedup_workspaces/test0_transitive_apply_parallel/dataset/GRScenes_assets/bottle/49514ad36e92ad66895ea6d6d83ef101/right.png
bottle,4aa68d036f1e4d2449bc37e54ce214c7,front,ok,0.168285,455,120,0.208282,455,57902468a5e4689410ce6cd1fcdd5fe2e3a984fc4a4ef42856a3835f64695d5a,true,/cpfs/user/zhuzihou/assets/dedup_workspaces/test0_transitive_apply_parallel/dataset/GRScenes_assets/bottle/4aa68d036f1e4d2449bc37e54ce214c7/front.png
bottle,4aa68d036f1e4d2449bc37e54ce214c7,left,ok,0.135429,146,339,0.188805,339,2e4d16d192ab8433083e4106ae4f9df4cd5302247dd5fd7264fb4f118439c7b5,true,/cpfs/user/zhuzihou/assets/dedup_workspaces/test0_transitive_apply_parallel/dataset/GRScenes_assets/bottle/4aa68d036f1e4d2449bc37e54ce214c7/left.png
bottle,4aa68d036f1e4d2449bc37e54ce214c7,back,ok,0.168777,457,120,0.209198,457,a085c49278c1d39bbbe1024ed314f61339ecd7448708dfe86c1aaf77c46fd1b1,true,/cpfs/user/zhuzihou/assets/dedup_workspaces/test0_transitive_apply_parallel/dataset/GRScenes_assets/bottle/4aa68d036f1e4d2449bc37e54ce214c7/back.png
bottle,4aa68d036f1e4d2449bc37e54ce214c7,right,ok,0.110451,118,342,0.153946,342,73ab4d5ec14ce8f22366e7c89a767cf6fe1fced254cd62c3a654e253395ad4c8,true,/cpfs/user/zhuzihou/assets/dedup_workspaces/test0_transitive_apply_parallel/dataset/GRScenes_assets/bottle/4aa68d036f1e4d2449bc37e54ce214c7/right.png
bottle,4b8da75f8ce46fa39b9b6976fe4756f5,front,ok,0.399490,476,252,0.457581,476,e0291f5a7e4cbd6993abdcc1a760289392bfd2afb344835887d5e311d0670cf7,true,/cpfs/user/zhuzihou/assets/dedup_workspaces/test0_transitive_apply_parallel/dataset/GRScenes_assets/bottle/4b8da75f8ce46fa39b9b6976fe4756f5/front.png
bottle,4b8da75f8ce46fa39b9b6976fe4756f5,left,ok,0.370903,337,364,0.467941,364,1a7a9d9c51cfa4a87f89f2d74e7adaf68bb670567b991255546751d31d6e2695,true,/cpfs/user/zhuzihou/assets/dedup_workspaces/test0_transitive_apply_parallel/dataset/GRScenes_assets/bottle/4b8da75f8ce46fa39b9b6976fe4756f5/left.png
bottle,4b8da75f8ce46fa39b9b6976fe4756f5,back,ok,0.399529,476,252,0.457581,476,09531d57f82a21255c79873397a5da3b90b85871e781735d7eeb60daaac1ad4e,true,/cpfs/user/zhuzihou/assets/dedup_workspaces/test0_transitive_apply_parallel/dataset/GRScenes_assets/bottle/4b8da75f8ce46fa39b9b6976fe4756f5/back.png
bottle,4b8da75f8ce46fa39b9b6976fe4756f5,right,ok,0.337234,302,368,0.423950,368,8043e707d541f6efcb69c67f0afd7178c04f5dbda8f24f5496f08c856f9d1821,true,/cpfs/user/zhuzihou/assets/dedup_workspaces/test0_transitive_apply_parallel/dataset/GRScenes_assets/bottle/4b8da75f8ce46fa39b9b6976fe4756f5/right.png
bottle,4c03774c8d95f7ba0f5146a22a42365d,front,ok,0.428516,474,274,0.495438,474,ba9a5a1d2b2420e6828224451a03d92375fde80e2bf04f4c15bb69f68588e430,true,/cpfs/user/zhuzihou/assets/dedup_workspaces/test0_transitive_apply_parallel/dataset/GRScenes_assets/bottle/4c03774c8d95f7ba0f5146a22a42365d/front.png
bottle,4c03774c8d95f7ba0f5146a22a42365d,left,ok,0.407009,354,379,0.511803,379,2f2fea323532cd1a069d7d8988e939f65e6efda7f4b7bd70b3baaf607aeb310b,true,/cpfs/user/zhuzihou/assets/dedup_workspaces/test0_transitive_apply_parallel/dataset/GRScenes_assets/bottle/4c03774c8d95f7ba0f5146a22a42365d/left.png
bottle,4c03774c8d95f7ba0f5146a22a42365d,back,ok,0.433029,473,274,0.494392,473,1c64639515ca306410a23e6a2c0ed0b086d9e41891cd9f09b27b861a47eda54d,true,/cpfs/user/zhuzihou/assets/dedup_workspaces/test0_transitive_apply_parallel/dataset/GRScenes_assets/bottle/4c03774c8d95f7ba0f5146a22a42365d/back.png
bottle,4c03774c8d95f7ba0f5146a22a42365d,right,ok,0.357044,324,370,0.457306,370,71ef73090e2dab3f9a763201a09e7126acfc488ec289327124d8d29a14e01608,true,/cpfs/user/zhuzihou/assets/dedup_workspaces/test0_transitive_apply_parallel/dataset/GRScenes_assets/bottle/4c03774c8d95f7ba0f5146a22a42365d/right.png
bottle,4c17c4987af529e91fc36a1f56aeb908,front,ok,0.177559,470,115,0.206184,470,22559f074ceccbe2afc136078673b951b1ef0ab19ad28d29349f948fde7a73b4,true,/cpfs/user/zhuzihou/assets/dedup_workspaces/test0_transitive_apply_parallel/dataset/GRScenes_assets/bottle/4c17c4987af529e91fc36a1f56aeb908/front.png
bottle,4c17c4987af529e91fc36a1f56aeb908,left,ok,0.178104,190,348,0.252228,348,05f2076d23a87190ecd0833bf0196b7d5e36a1b8f87638ab76221b5454b86395,true,/cpfs/user/zhuzihou/assets/dedup_workspaces/test0_transitive_apply_parallel/dataset/GRScenes_assets/bottle/4c17c4987af529e91fc36a1f56aeb908/left.png
bottle,4c17c4987af529e91fc36a1f56aeb908,back,ok,0.177589,470,115,0.206184,470,1efddeaa4f68bfc09ff02aa30e9f19ac1c3f891d1cd76255fc6bb41f9c351854,true,/cpfs/user/zhuzihou/assets/dedup_workspaces/test0_transitive_apply_parallel/dataset/GRScenes_assets/bottle/4c17c4987af529e91fc36a1f56aeb908/back.png
bottle,4c17c4987af529e91fc36a1f56aeb908,right,ok,0.134476,128,347,0.169434,347,92132107c951179e2e6cbe3b5072f745a9781e242f7af56bb50e04395cf71f23,true,/cpfs/user/zhuzihou/assets/dedup_workspaces/test0_transitive_apply_parallel/dataset/GRScenes_assets/bottle/4c17c4987af529e91fc36a1f56aeb908/right.png
bottle,4e8e59c6b862e5896d666b2ccc8b5c11,front,ok,0.199745,460,117,0.205307,460,42c5d1916c2548df364d03fcdb349357eca6b19b1216e4de557ce047d873ebcb,true,/cpfs/user/zhuzihou/assets/dedup_workspaces/test0_transitive_apply_parallel/dataset/GRScenes_assets/bottle/4e8e59c6b862e5896d666b2ccc8b5c11/front.png
bottle,4e8e59c6b862e5896d666b2ccc8b5c11,left,ok,0.156178,172,368,0.241455,368,bd2e98c403bbab41527c9bca385fad330c2aa77b0069aad1e0ec2388eaeea2dd,true,/cpfs/user/zhuzihou/assets/dedup_workspaces/test0_transitive_apply_parallel/dataset/GRScenes_assets/bottle/4e8e59c6b862e5896d666b2ccc8b5c11/left.png
bottle,4e8e59c6b862e5896d666b2ccc8b5c11,back,ok,0.151176,487,116,0.215500,487,a5d9108af21f746082bc09dbdcaecb29f32c6f659d38263b7c397ae741da8763,true,/cpfs/user/zhuzihou/assets/dedup_workspaces/test0_transitive_apply_parallel/dataset/GRScenes_assets/bottle/4e8e59c6b862e5896d666b2ccc8b5c11/back.png
bottle,4e8e59c6b862e5896d666b2ccc8b5c11,right,ok,0.118050,114,370,0.160904,370,993b669efe7e100be90c38679b4d26ec7432d33d4020eb53cd70746271218502,true,/cpfs/user/zhuzihou/assets/dedup_workspaces/test0_transitive_apply_parallel/dataset/GRScenes_assets/bottle/4e8e59c6b862e5896d666b2ccc8b5c11/right.png
bottle,4f2775f5bcb1559d0794f09ef6cb8f8a,front,ok,0.185211,468,121,0.216019,468,30200f062558758d010399add033715b50df2ce202dd2d2580a37c867c9f66b3,true,/cpfs/user/zhuzihou/assets/dedup_workspaces/test0_transitive_apply_parallel/dataset/GRScenes_assets/bottle/4f2775f5bcb1559d0794f09ef6cb8f8a/front.png
bottle,4f2775f5bcb1559d0794f09ef6cb8f8a,left,ok,0.177795,188,351,0.251724,351,83c06c9f7008dfd23fee5e4e2b30373e58667b236a4bf3fb74f690ba8df5d6fe,true,/cpfs/user/zhuzihou/assets/dedup_workspaces/test0_transitive_apply_parallel/dataset/GRScenes_assets/bottle/4f2775f5bcb1559d0794f09ef6cb8f8a/left.png
bottle,4f2775f5bcb1559d0794f09ef6cb8f8a,back,ok,0.185291,468,121,0.216019,468,7290b2d4cbdae47346f33a8b2cf1f5bd90e748a55b857c90741a907f1a4d380d,true,/cpfs/user/zhuzihou/assets/dedup_workspaces/test0_transitive_apply_parallel/dataset/GRScenes_assets/bottle/4f2775f5bcb1559d0794f09ef6cb8f8a/back.png
bottle,4f2775f5bcb1559d0794f09ef6cb8f8a,right,ok,0.134018,126,349,0.167747,349,e2f0b8619e039354e2e814fd8f07fdf2e4ac80d0d8b2e77a6ac11e8a6be4db63,true,/cpfs/user/zhuzihou/assets/dedup_workspaces/test0_transitive_apply_parallel/dataset/GRScenes_assets/bottle/4f2775f5bcb1559d0794f09ef6cb8f8a/right.png
bottle,4f676ea855236b22d221ab89d9ab9db0,front,ok,0.355461,450,217,0.372505,450,40080be405c657f6a92ef03415775150f69e0cf2428d2c04a5e23afb3c85dd10,true,/cpfs/user/zhuzihou/assets/dedup_workspaces/test0_transitive_apply_parallel/dataset/GRScenes_assets/bottle/4f676ea855236b22d221ab89d9ab9db0/front.png
bottle,4f676ea855236b22d221ab89d9ab9db0,left,ok,0.322594,308,381,0.447647,381,fc2c3a4d1b7a5d2d051895781f23bc34b9b0eee46ab44a412f21d19cfb676758,true,/cpfs/user/zhuzihou/assets/dedup_workspaces/test0_transitive_apply_parallel/dataset/GRScenes_assets/bottle/4f676ea855236b22d221ab89d9ab9db0/left.png
bottle,4f676ea855236b22d221ab89d9ab9db0,back,ok,0.354305,450,217,0.372505,450,11657fd0a70b408830e1de29df66c96e35dd814e231e451e21fdaaa02ccd4ea2,true,/cpfs/user/zhuzihou/assets/dedup_workspaces/test0_transitive_apply_parallel/dataset/GRScenes_assets/bottle/4f676ea855236b22d221ab89d9ab9db0/back.png
bottle,4f676ea855236b22d221ab89d9ab9db0,right,ok,0.288338,308,381,0.447647,381,f595530bb897bdb9f1acb80f3172166594b6721d2a09a4aa8146c4e3038eb39e,true,/cpfs/user/zhuzihou/assets/dedup_workspaces/test0_transitive_apply_parallel/dataset/GRScenes_assets/bottle/4f676ea855236b22d221ab89d9ab9db0/right.png
bottle,501a5ac3cbdae92226c51c349e4e6a17,front,ok,0.346020,466,249,0.442635,466,b11e3e80d750479d403570f2325b721042160ad03bf628aea4728cf55ce1778c,true,/cpfs/user/zhuzihou/assets/dedup_workspaces/test0_transitive_apply_parallel/dataset/GRScenes_assets/bottle/501a5ac3cbdae92226c51c349e4e6a17/front.png
bottle,501a5ac3cbdae92226c51c349e4e6a17,left,ok,0.347061,317,372,0.449844,372,07417eb51bed84b3364559236b28a853dd23f3a26daa0b42810ad63ff6cfc01e,true,/cpfs/user/zhuzihou/assets/dedup_workspaces/test0_transitive_apply_parallel/dataset/GRScenes_assets/bottle/501a5ac3cbdae92226c51c349e4e6a17/left.png
bottle,501a5ac3cbdae92226c51c349e4e6a17,back,ok,0.348217,465,249,0.441685,465,b741b27c06fbb81c5ff76e1b59b4bce9f48acad13f3bca27859335faf0f492e3,true,/cpfs/user/zhuzihou/assets/dedup_workspaces/test0_transitive_apply_parallel/dataset/GRScenes_assets/bottle/501a5ac3cbdae92226c51c349e4e6a17/back.png
bottle,501a5ac3cbdae92226c51c349e4e6a17,right,ok,0.269592,244,357,0.332291,357,61ebe77c9ba3ea3e53ecd11e824573e433311def04e00afa3231a8968f43c672,true,/cpfs/user/zhuzihou/assets/dedup_workspaces/test0_transitive_apply_parallel/dataset/GRScenes_assets/bottle/501a5ac3cbdae92226c51c349e4e6a17/right.png
bottle,5110cf450c58c157ae51820e4f8f5a70,front,ok,0.342693,450,217,0.372505,450,802a38309b2c5fc4bc542092b920b7b14f1e3e9cf429e23f7dd3cdfb8ce90f42,true,/cpfs/user/zhuzihou/assets/dedup_workspaces/test0_transitive_apply_parallel/dataset/GRScenes_assets/bottle/5110cf450c58c157ae51820e4f8f5a70/front.png
bottle,5110cf450c58c157ae51820e4f8f5a70,left,ok,0.321671,307,381,0.446194,381,c553bed76003e3b3419701579977fcdefaa10300ab1dc1d1a2d75a1bc4e324cc,true,/cpfs/user/zhuzihou/assets/dedup_workspaces/test0_transitive_apply_parallel/dataset/GRScenes_assets/bottle/5110cf450c58c157ae51820e4f8f5a70/left.png
bottle,5110cf450c58c157ae51820e4f8f5a70,back,ok,0.333328,450,217,0.372505,450,887c4ab34ef03ef4b40fbb3a232bb5469c161278a86efab61ca02d53b23a8dae,true,/cpfs/user/zhuzihou/assets/dedup_workspaces/test0_transitive_apply_parallel/dataset/GRScenes_assets/bottle/5110cf450c58c157ae51820e4f8f5a70/back.png
bottle,5110cf450c58c157ae51820e4f8f5a70,right,ok,0.318779,308,381,0.447647,381,a723bdd17314c2d5c0d2e482c481c1d3eaf3e64db21cbafc65594a2772efc684,true,/cpfs/user/zhuzihou/assets/dedup_workspaces/test0_transitive_apply_parallel/dataset/GRScenes_assets/bottle/5110cf450c58c157ae51820e4f8f5a70/right.png
bottle,512ed749857d54b770c8fb1d95ebe719,front,ok,0.162491,474,114,0.206131,474,17905b26f04e2f7677ca70cfccc2b9636a86f42e75411b5894db29c247b54448,true,/cpfs/user/zhuzihou/assets/dedup_workspaces/test0_transitive_apply_parallel/dataset/GRScenes_assets/bottle/512ed749857d54b770c8fb1d95ebe719/front.png
bottle,512ed749857d54b770c8fb1d95ebe719,left,ok,0.170349,184,354,0.248474,354,4f0391fafabd8cd5984e2ba8b9e486502f62f36043540e5c8d9e931f656ad9b6,true,/cpfs/user/zhuzihou/assets/dedup_workspaces/test0_transitive_apply_parallel/dataset/GRScenes_assets/bottle/512ed749857d54b770c8fb1d95ebe719/left.png
bottle,512ed749857d54b770c8fb1d95ebe719,back,ok,0.164795,474,113,0.204323,474,77b1bf9a321c8102ef74eb25b7d609b7d0fd6c8a8893630dd24515632e235e43,true,/cpfs/user/zhuzihou/assets/dedup_workspaces/test0_transitive_apply_parallel/dataset/GRScenes_assets/bottle/512ed749857d54b770c8fb1d95ebe719/back.png
bottle,512ed749857d54b770c8fb1d95ebe719,right,ok,0.113152,124,351,0.166031,351,1af4e4e42a4a7508ea97c6ad1fc494676f8096cfa24ed8d9e7acbe4de60ebee6,true,/cpfs/user/zhuzihou/assets/dedup_workspaces/test0_transitive_apply_parallel/dataset/GRScenes_assets/bottle/512ed749857d54b770c8fb1d95ebe719/right.png
bottle,51657fff4142cac375067af63e5f46a5,front,ok,0.152164,474,108,0.195282,474,786f80350e892bc594f0e56ec24842809b063718e23ab7a44f15b47973cb6112,true,/cpfs/user/zhuzihou/assets/dedup_workspaces/test0_transitive_apply_parallel/dataset/GRScenes_assets/bottle/51657fff4142cac375067af63e5f46a5/front.png
bottle,51657fff4142cac375067af63e5f46a5,left,ok,0.159245,173,354,0.233620,354,4d0798bb4bb4e95d89a0b9036bff8052af629d3f3f4c5e9a5d8c63addf59dcaa,true,/cpfs/user/zhuzihou/assets/dedup_workspaces/test0_transitive_apply_parallel/dataset/GRScenes_assets/bottle/51657fff4142cac375067af63e5f46a5/left.png
bottle,51657fff4142cac375067af63e5f46a5,back,ok,0.154797,475,106,0.192070,475,cce10713cc619256ede22f93b781dfa09d6091047c352409cea10ef7c2581389,true,/cpfs/user/zhuzihou/assets/dedup_workspaces/test0_transitive_apply_parallel/dataset/GRScenes_assets/bottle/51657fff4142cac375067af63e5f46a5/back.png
bottle,51657fff4142cac375067af63e5f46a5,right,ok,0.106255,117,350,0.156212,350,f1d0604ac29beba571808a33b1f180252e8b0b3b3f1acc9a9a8f6acbd03b75a1,true,/cpfs/user/zhuzihou/assets/dedup_workspaces/test0_transitive_apply_parallel/dataset/GRScenes_assets/bottle/51657fff4142cac375067af63e5f46a5/right.png
bottle,52a8b574134363d8d714f7c0905e5a23,front,ok,0.286140,397,279,0.422527,397,a16952f287c9ad6381ad64e0f19ad097da69384b26282838465f887fbc0ebc52,true,/cpfs/user/zhuzihou/assets/dedup_workspaces/test0_transitive_apply_parallel/dataset/GRScenes_assets/bottle/52a8b574134363d8d714f7c0905e5a23/front.png
bottle,52a8b574134363d8d714f7c0905e5a23,left,ok,0.236828,433,281,0.464146,433,f78db98152ed731af1ccd3709614a4e9396834ae97a4027cc1de6bb925f105c3,true,/cpfs/user/zhuzihou/assets/dedup_workspaces/test0_transitive_apply_parallel/dataset/GRScenes_assets/bottle/52a8b574134363d8d714f7c0905e5a23/left.png
bottle,52a8b574134363d8d714f7c0905e5a23,back,ok,0.176506,332,280,0.354614,332,61c937f4e488149d585ddf855a6d86a574baabbd2fa653582bd786070780dd5e,true,/cpfs/user/zhuzihou/assets/dedup_workspaces/test0_transitive_apply_parallel/dataset/GRScenes_assets/bottle/52a8b574134363d8d714f7c0905e5a23/back.png
bottle,52a8b574134363d8d714f7c0905e5a23,right,ok,0.197708,349,289,0.384754,349,92e4cdfbdc948132798f18c615db514d5b63f428afc5b35b02899862873c173e,true,/cpfs/user/zhuzihou/assets/dedup_workspaces/test0_transitive_apply_parallel/dataset/GRScenes_assets/bottle/52a8b574134363d8d714f7c0905e5a23/right.png
bottle,535eb2876247eb78fe2fc2d73c370277,front,ok,0.277271,386,234,0.344559,386,3bd1a9c72cc6791d908de9e89477367fa58059aa012ffcec46b999e46fb2de01,true,/cpfs/user/zhuzihou/assets/dedup_workspaces/test0_transitive_apply_parallel/dataset/GRScenes_assets/bottle/535eb2876247eb78fe2fc2d73c370277/front.png
bottle,535eb2876247eb78fe2fc2d73c370277,left,ok,0.255211,272,314,0.325806,314,07b402b3a31272e36b957c44149029c483a2235b63435bd80df966b5f51b0582,true,/cpfs/user/zhuzihou/assets/dedup_workspaces/test0_transitive_apply_parallel/dataset/GRScenes_assets/bottle/535eb2876247eb78fe2fc2d73c370277/left.png
bottle,535eb2876247eb78fe2fc2d73c370277,back,ok,0.277351,386,234,0.344559,386,2ef5a0f1e1f1196dd5b6aae4194acb7e40d6210c5730cf2ec8b368125be6170c,true,/cpfs/user/zhuzihou/assets/dedup_workspaces/test0_transitive_apply_parallel/dataset/GRScenes_assets/bottle/535eb2876247eb78fe2fc2d73c370277/back.png
bottle,535eb2876247eb78fe2fc2d73c370277,right,ok,0.219074,222,326,0.276077,326,01e00da6ced08e0f1a9f339b0da93d1af8ff31fd90d04fbc1d16e0840a9dc423,true,/cpfs/user/zhuzihou/assets/dedup_workspaces/test0_transitive_apply_parallel/dataset/GRScenes_assets/bottle/535eb2876247eb78fe2fc2d73c370277/right.png
bottle,5400f05e475b0a6254f90a92873d50f7,front,ok,0.434841,485,274,0.506935,485,5ecdd85e37a3120b4dd8826885b77d6bab83a7b79efa6d1b986dfefdf545bd8c,true,/cpfs/user/zhuzihou/assets/dedup_workspaces/test0_transitive_apply_parallel/dataset/GRScenes_assets/bottle/5400f05e475b0a6254f90a92873d50f7/front.png
bottle,5400f05e475b0a6254f90a92873d50f7,left,ok,0.407013,354,379,0.511803,379,0eb790c851de7513b033953c64b37f6e20fed89f2d2578261e6d12034a03e0a4,true,/cpfs/user/zhuzihou/assets/dedup_workspaces/test0_transitive_apply_parallel/dataset/GRScenes_assets/bottle/5400f05e475b0a6254f90a92873d50f7/left.png
bottle,5400f05e475b0a6254f90a92873d50f7,back,ok,0.428955,473,274,0.494392,473,033fde1517702f51e8f5c6f8d44a96017b83575ba87429273b8f258b2912a779,true,/cpfs/user/zhuzihou/assets/dedup_workspaces/test0_transitive_apply_parallel/dataset/GRScenes_assets/bottle/5400f05e475b0a6254f90a92873d50f7/back.png
bottle,5400f05e475b0a6254f90a92873d50f7,right,ok,0.352100,324,352,0.435059,352,202677e304bc1c437c38f40887e4c69490869e9c8aee51fbbe0298ab1abd7d49,true,/cpfs/user/zhuzihou/assets/dedup_workspaces/test0_transitive_apply_parallel/dataset/GRScenes_assets/bottle/5400f05e475b0a6254f90a92873d50f7/right.png
bottle,54072cef39d85c24d19c5a9b585307c7,front,ok,0.185184,468,121,0.216019,468,0e1d8cc6436e15a822d279f732f237763cae4c02c3e1304ce83ce3ed31b00aeb,true,/cpfs/user/zhuzihou/assets/dedup_workspaces/test0_transitive_apply_parallel/dataset/GRScenes_assets/bottle/54072cef39d85c24d19c5a9b585307c7/front.png
bottle,54072cef39d85c24d19c5a9b585307c7,left,ok,0.177788,188,351,0.251724,351,cd2c7c24392407fc802fd6661a8deda2bd17141ec5a18ff023ec1f047f9c9791,true,/cpfs/user/zhuzihou/assets/dedup_workspaces/test0_transitive_apply_parallel/dataset/GRScenes_assets/bottle/54072cef39d85c24d19c5a9b585307c7/left.png
bottle,54072cef39d85c24d19c5a9b585307c7,back,ok,0.185291,468,121,0.216019,468,ef090da8843214dde1878392afa340aa68d21aaef438faa8b39632986e598227,true,/cpfs/user/zhuzihou/assets/dedup_workspaces/test0_transitive_apply_parallel/dataset/GRScenes_assets/bottle/54072cef39d85c24d19c5a9b585307c7/back.png
bottle,54072cef39d85c24d19c5a9b585307c7,right,ok,0.134014,126,349,0.167747,349,828bdd1b34c19cdc36b0ed07657ed33e8ad7f6264072c990976022da3e3dbeaa,true,/cpfs/user/zhuzihou/assets/dedup_workspaces/test0_transitive_apply_parallel/dataset/GRScenes_assets/bottle/54072cef39d85c24d19c5a9b585307c7/right.png
bottle,5446d9db321a150d3fdd5de0c4ad8391,front,ok,0.295952,462,223,0.393013,462,9e0c438a57e42dc52c335a1b4079f1fc43f0dea1093ba905b8134a06a7b31551,true,/cpfs/user/zhuzihou/assets/dedup_workspaces/test0_transitive_apply_parallel/dataset/GRScenes_assets/bottle/5446d9db321a150d3fdd5de0c4ad8391/front.png
bottle,5446d9db321a150d3fdd5de0c4ad8391,left,ok,0.255016,253,364,0.351303,364,cd7d77b7643c66bfd14469b12b30b85ef22269220d606fb592182b9a9c0562b6,true,/cpfs/user/zhuzihou/assets/dedup_workspaces/test0_transitive_apply_parallel/dataset/GRScenes_assets/bottle/5446d9db321a150d3fdd5de0c4ad8391/left.png
bottle,5446d9db321a150d3fdd5de0c4ad8391,back,ok,0.273766,464,170,0.300903,464,f98c486112adb27c14ca45c5a6e4e4c561600c58763dba6ceda6c23c5c3b73f2,true,/cpfs/user/zhuzihou/assets/dedup_workspaces/test0_transitive_apply_parallel/dataset/GRScenes_assets/bottle/5446d9db321a150d3fdd5de0c4ad8391/back.png
bottle,5446d9db321a150d3fdd5de0c4ad8391,right,ok,0.247044,249,366,0.347649,366,7e879ca9212ab81446dd2ff0c5078d33e9b06ec194f2699620abcbb64c4154bd,true,/cpfs/user/zhuzihou/assets/dedup_workspaces/test0_transitive_apply_parallel/dataset/GRScenes_assets/bottle/5446d9db321a150d3fdd5de0c4ad8391/right.png
bottle,544fcd703847ce2bce83524adc22f526,front,ok,0.209820,457,150,0.261497,457,fde760b2aa9943cda20707f50a1d2a07c8711b52654c126be3364917dc64f63a,true,/cpfs/user/zhuzihou/assets/dedup_workspaces/test0_transitive_apply_parallel/dataset/GRScenes_assets/bottle/544fcd703847ce2bce83524adc22f526/front.png
bottle,544fcd703847ce2bce83524adc22f526,left,ok,0.205215,218,346,0.287735,346,696a73ecbb77e1ba4d965b22e02f661d3d0590ff09fc18aa12711f89c96bf235,true,/cpfs/user/zhuzihou/assets/dedup_workspaces/test0_transitive_apply_parallel/dataset/GRScenes_assets/bottle/544fcd703847ce2bce83524adc22f526/left.png
bottle,544fcd703847ce2bce83524adc22f526,back,ok,0.220745,457,150,0.261497,457,67d3159128c1ef3759fc938318662870ac35f62aeefd14195124eaeae692136c,true,/cpfs/user/zhuzihou/assets/dedup_workspaces/test0_transitive_apply_parallel/dataset/GRScenes_assets/bottle/544fcd703847ce2bce83524adc22f526/back.png
bottle,544fcd703847ce2bce83524adc22f526,right,ok,0.172535,154,357,0.209724,357,2d927cc12487efd3c60826158aefaf47a536c08bb8c86488af88f725e9cf4b94,true,/cpfs/user/zhuzihou/assets/dedup_workspaces/test0_transitive_apply_parallel/dataset/GRScenes_assets/bottle/544fcd703847ce2bce83524adc22f526/right.png
bottle,5460e234d7ae589d2a4849ec9a8740e6,front,ok,0.291309,438,223,0.372597,438,99d5e287a5d273acb5a72e4956f319b47a2be0e9a2cbbd213a1fbe682e997096,true,/cpfs/user/zhuzihou/assets/dedup_workspaces/test0_transitive_apply_parallel/dataset/GRScenes_assets/bottle/5460e234d7ae589d2a4849ec9a8740e6/front.png
bottle,5460e234d7ae589d2a4849ec9a8740e6,left,ok,0.253967,232,355,0.314178,355,b0a478d72e033d411dde9cdcf44cf8e87d2d0b7ca19422bb8720bbac440c078c,true,/cpfs/user/zhuzihou/assets/dedup_workspaces/test0_transitive_apply_parallel/dataset/GRScenes_assets/bottle/5460e234d7ae589d2a4849ec9a8740e6/left.png
bottle,5460e234d7ae589d2a4849ec9a8740e6,back,ok,0.291355,438,223,0.372597,438,d6164d92bf2e17186eb767707abbd0afeb495a364ecd6eb6eba4f3df244bb10b,true,/cpfs/user/zhuzihou/assets/dedup_workspaces/test0_transitive_apply_parallel/dataset/GRScenes_assets/bottle/5460e234d7ae589d2a4849ec9a8740e6/back.png
bottle,5460e234d7ae589d2a4849ec9a8740e6,right,ok,0.175594,175,354,0.236320,354,236d7dabdad2a953703ef94776e8fb1825a9385bf73edc3d7fbc74d235683827,true,/cpfs/user/zhuzihou/assets/dedup_workspaces/test0_transitive_apply_parallel/dataset/GRScenes_assets/bottle/5460e234d7ae589d2a4849ec9a8740e6/right.png
bottle,5498de6c8bbc1a8c11ad8372dad01033,front,ok,0.189625,451,138,0.237419,451,6b43857d881152752d8b00cf20d63d095447720a2885ad8ffe6daf79ff174388,true,/cpfs/user/zhuzihou/assets/dedup_workspaces/test0_transitive_apply_parallel/dataset/GRScenes_assets/bottle/5498de6c8bbc1a8c11ad8372dad01033/front.png
bottle,5498de6c8bbc1a8c11ad8372dad01033,left,ok,0.157158,170,337,0.218544,337,a73c2bfb9201cb49d419021394e4f978e78882e1fbe9d8ff49384fbee0850620,true,/cpfs/user/zhuzihou/assets/dedup_workspaces/test0_transitive_apply_parallel/dataset/GRScenes_assets/bottle/5498de6c8bbc1a8c11ad8372dad01033/left.png
bottle,5498de6c8bbc1a8c11ad8372dad01033,back,ok,0.189922,448,138,0.235840,448,d689e8a90715339e98b98d5ae655bdbfd5c53f268f1370ba9e305592009ec46f,true,/cpfs/user/zhuzihou/assets/dedup_workspaces/test0_transitive_apply_parallel/dataset/GRScenes_assets/bottle/5498de6c8bbc1a8c11ad8372dad01033/back.png
bottle,5498de6c8bbc1a8c11ad8372dad01033,right,ok,0.128685,136,343,0.177948,343,2b5f384874c24c8f7085e68297cc49e0830ceccc08dcd1db19f6c53a08fdf452,true,/cpfs/user/zhuzihou/assets/dedup_workspaces/test0_transitive_apply_parallel/dataset/GRScenes_assets/bottle/5498de6c8bbc1a8c11ad8372dad01033/right.png
bottle,55ced24594c88bee9bbc45eb1dea2388,front,ok,0.249039,359,242,0.331413,359,28c5d98a480e55d163dd24d45a43ff48b9325d9f0164fa773f70859d5a326e02,true,/cpfs/user/zhuzihou/assets/dedup_workspaces/test0_transitive_apply_parallel/dataset/GRScenes_assets/bottle/55ced24594c88bee9bbc45eb1dea2388/front.png
bottle,55ced24594c88bee9bbc45eb1dea2388,left,ok,0.218399,234,303,0.270470,303,397b4ea4bfcdb6f38f2b483568978495a6b7c06954e35ec14b7a0647ef100213,true,/cpfs/user/zhuzihou/assets/dedup_workspaces/test0_transitive_apply_parallel/dataset/GRScenes_assets/bottle/55ced24594c88bee9bbc45eb1dea2388/left.png
bottle,55ced24594c88bee9bbc45eb1dea2388,back,ok,0.249054,359,242,0.331413,359,888c0c20a0b3083ed768825e07c01a1690a628282ac0bab8f861855eedbfa616,true,/cpfs/user/zhuzihou/assets/dedup_workspaces/test0_transitive_apply_parallel/dataset/GRScenes_assets/bottle/55ced24594c88bee9bbc45eb1dea2388/back.png
bottle,55ced24594c88bee9bbc45eb1dea2388,right,ok,0.255539,328,280,0.350342,328,fe74e92c942262175809611c0b27ca927ee3644ad27aa0fac638f4e7ecb62006,true,/cpfs/user/zhuzihou/assets/dedup_workspaces/test0_transitive_apply_parallel/dataset/GRScenes_assets/bottle/55ced24594c88bee9bbc45eb1dea2388/right.png
bottle,561e2f5ddcc33496a9032842ff1d2251,front,ok,0.227329,453,191,0.330059,453,f29ffe8b4d21c54831c9b18598187a943b18e212bf619523aa6450d95947ee84,true,/cpfs/user/zhuzihou/assets/dedup_workspaces/test0_transitive_apply_parallel/dataset/GRScenes_assets/bottle/561e2f5ddcc33496a9032842ff1d2251/front.png
bottle,561e2f5ddcc33496a9032842ff1d2251,left,ok,0.142643,126,366,0.175919,366,4117459bb542db3cf244effb5401cfca8be0b0034f9aac0beaa453f49409c20a,true,/cpfs/user/zhuzihou/assets/dedup_workspaces/test0_transitive_apply_parallel/dataset/GRScenes_assets/bottle/561e2f5ddcc33496a9032842ff1d2251/left.png
bottle,561e2f5ddcc33496a9032842ff1d2251,back,ok,0.227459,453,191,0.330059,453,74ffd5a4b8687df493358f69cb4bc64344c3adb5cfb58677d3e702a70ea80384,true,/cpfs/user/zhuzihou/assets/dedup_workspaces/test0_transitive_apply_parallel/dataset/GRScenes_assets/bottle/561e2f5ddcc33496a9032842ff1d2251/back.png
bottle,561e2f5ddcc33496a9032842ff1d2251,right,ok,0.099606,82,390,0.121994,390,877d7ae3fd7379fb62e028196b5ec9b415963682e501e7ff584ce208c342c8a4,true,/cpfs/user/zhuzihou/assets/dedup_workspaces/test0_transitive_apply_parallel/dataset/GRScenes_assets/bottle/561e2f5ddcc33496a9032842ff1d2251/right.png
bottle,567c02620505519314378ae81128e6b9,front,ok,0.352936,436,224,0.372559,436,317dce342422aefc2f407a48bf1a991176f1035fc75bd671ea1724c8e3446656,true,/cpfs/user/zhuzihou/assets/dedup_workspaces/test0_transitive_apply_parallel/dataset/GRScenes_assets/bottle/567c02620505519314378ae81128e6b9/front.png
bottle,567c02620505519314378ae81128e6b9,left,ok,0.319401,308,376,0.441772,376,9cb985c7a44ef084194e5b76d744d8780cb85aba82cc9ce91bd9d16061cf64ef,true,/cpfs/user/zhuzihou/assets/dedup_workspaces/test0_transitive_apply_parallel/dataset/GRScenes_assets/bottle/567c02620505519314378ae81128e6b9/left.png
bottle,567c02620505519314378ae81128e6b9,back,ok,0.353661,436,224,0.372559,436,eb5fd4095f5cfa1c11e404259adda693c82b08b3af6d1a0e375ccdb0b8fe4b50,true,/cpfs/user/zhuzihou/assets/dedup_workspaces/test0_transitive_apply_parallel/dataset/GRScenes_assets/bottle/567c02620505519314378ae81128e6b9/back.png
bottle,567c02620505519314378ae81128e6b9,right,ok,0.317909,308,376,0.441772,376,53a842f32c1121fafae2d25fddc5074dda84b860fe23439849b86524405c4dd9,true,/cpfs/user/zhuzihou/assets/dedup_workspaces/test0_transitive_apply_parallel/dataset/GRScenes_assets/bottle/567c02620505519314378ae81128e6b9/right.png
bottle,571d76da604a73277545ba9f30669fed,front,ok,0.434837,485,274,0.506935,485,36979308a16f43532268985cb057154962ac3b1838a0ef9f698ee6e2be1b5577,true,/cpfs/user/zhuzihou/assets/dedup_workspaces/test0_transitive_apply_parallel/dataset/GRScenes_assets/bottle/571d76da604a73277545ba9f30669fed/front.png
bottle,571d76da604a73277545ba9f30669fed,left,ok,0.407009,354,379,0.511803,379,ae3567377d3fb185e419f4f80a4be0cbc1873a945150e1c061533f9661b70eb1,true,/cpfs/user/zhuzihou/assets/dedup_workspaces/test0_transitive_apply_parallel/dataset/GRScenes_assets/bottle/571d76da604a73277545ba9f30669fed/left.png
bottle,571d76da604a73277545ba9f30669fed,back,ok,0.428963,474,274,0.495438,474,c6b84fe45f6da096f7731524cfa96a4a2b5b51d747f2ed210059385d084055ed,true,/cpfs/user/zhuzihou/assets/dedup_workspaces/test0_transitive_apply_parallel/dataset/GRScenes_assets/bottle/571d76da604a73277545ba9f30669fed/back.png
bottle,571d76da604a73277545ba9f30669fed,right,ok,0.352104,324,352,0.435059,352,6d25fb754bf40c68604b8fe824693b2dbbd75f81f5e250c9f4316350740f77a8,true,/cpfs/user/zhuzihou/assets/dedup_workspaces/test0_transitive_apply_parallel/dataset/GRScenes_assets/bottle/571d76da604a73277545ba9f30669fed/right.png
bottle,573c96d5c920fec7c1b4f845b81181d9,front,ok,0.279881,426,197,0.320137,426,4392a6941645163120604a2e7841f6d01ef2ca647eeb97b84db97840d172045c,true,/cpfs/user/zhuzihou/assets/dedup_workspaces/test0_transitive_apply_parallel/dataset/GRScenes_assets/bottle/573c96d5c920fec7c1b4f845b81181d9/front.png
bottle,573c96d5c920fec7c1b4f845b81181d9,left,ok,0.274929,278,349,0.370110,349,7274e56701b172f017f0f00a6c802297e8c0f9417d135bd2d6e36969f5525ab8,true,/cpfs/user/zhuzihou/assets/dedup_workspaces/test0_transitive_apply_parallel/dataset/GRScenes_assets/bottle/573c96d5c920fec7c1b4f845b81181d9/left.png
bottle,573c96d5c920fec7c1b4f845b81181d9,back,ok,0.270546,409,205,0.319843,409,360da0dba2fcf5728ca88ebe7ce0ab3a904ba9e99157e9088be03ecf07a2345a,true,/cpfs/user/zhuzihou/assets/dedup_workspaces/test0_transitive_apply_parallel/dataset/GRScenes_assets/bottle/573c96d5c920fec7c1b4f845b81181d9/back.png
bottle,573c96d5c920fec7c1b4f845b81181d9,right,ok,0.203369,240,327,0.299377,327,4777be9807938dd8ac6cede42f98608d7a2e116b28a8b0eea56601e491ca1612,true,/cpfs/user/zhuzihou/assets/dedup_workspaces/test0_transitive_apply_parallel/dataset/GRScenes_assets/bottle/573c96d5c920fec7c1b4f845b81181d9/right.png
bottle,585342f0411dd5cb4657535ac169f868,front,ok,0.292583,480,173,0.316772,480,a7d12167689f9d95f7fafc57e533ac3db495480057329cdfdc02bd9fc169a525,true,/cpfs/user/zhuzihou/assets/dedup_workspaces/test0_transitive_apply_parallel/dataset/GRScenes_assets/bottle/585342f0411dd5cb4657535ac169f868/front.png
bottle,585342f0411dd5cb4657535ac169f868,left,ok,0.287281,292,370,0.412140,370,89533562c1d11a1b589c8e11071b3afd9154990f2f1055cd1b8c864640acc190,true,/cpfs/user/zhuzihou/assets/dedup_workspaces/test0_transitive_apply_parallel/dataset/GRScenes_assets/bottle/585342f0411dd5cb4657535ac169f868/left.png
bottle,585342f0411dd5cb4657535ac169f868,back,ok,0.284946,479,173,0.316113,479,b5e61affdb847632c0c355d1a396b9be20bdd43157cbac0681654cfb1c309045,true,/cpfs/user/zhuzihou/assets/dedup_workspaces/test0_transitive_apply_parallel/dataset/GRScenes_assets/bottle/585342f0411dd5cb4657535ac169f868/back.png
bottle,585342f0411dd5cb4657535ac169f868,right,ok,0.286549,294,370,0.414963,370,b2fdaf6ed5ef77a7a1c1e85af6ac3294f2fb610f9dff26a63230ccb5020a47f0,true,/cpfs/user/zhuzihou/assets/dedup_workspaces/test0_transitive_apply_parallel/dataset/GRScenes_assets/bottle/585342f0411dd5cb4657535ac169f868/right.png
bottle,58c5f4b01b3961a431a9eb9536c0c0fe,front,ok,0.152164,474,108,0.195282,474,f30604cd9e301016f5d3e8e62aa5694d30d3e4a327e5426249cfbc8798d54a82,true,/cpfs/user/zhuzihou/assets/dedup_workspaces/test0_transitive_apply_parallel/dataset/GRScenes_assets/bottle/58c5f4b01b3961a431a9eb9536c0c0fe/front.png
bottle,58c5f4b01b3961a431a9eb9536c0c0fe,left,ok,0.159245,173,354,0.233620,354,63716da21d0bff6629642452533b7280c8f8ef1b2caba434af452ebe7b718d67,true,/cpfs/user/zhuzihou/assets/dedup_workspaces/test0_transitive_apply_parallel/dataset/GRScenes_assets/bottle/58c5f4b01b3961a431a9eb9536c0c0fe/left.png
bottle,58c5f4b01b3961a431a9eb9536c0c0fe,back,ok,0.154793,475,106,0.192070,475,8ff7df906efd15fc4038822131f51c64d6b45798733d7acbd1da0812c19cc3c5,true,/cpfs/user/zhuzihou/assets/dedup_workspaces/test0_transitive_apply_parallel/dataset/GRScenes_assets/bottle/58c5f4b01b3961a431a9eb9536c0c0fe/back.png
bottle,58c5f4b01b3961a431a9eb9536c0c0fe,right,ok,0.106255,117,350,0.156212,350,2a583b7a257b93138ad8a83fdaaf699f8be946a69d441432b1a2b939143f1126,true,/cpfs/user/zhuzihou/assets/dedup_workspaces/test0_transitive_apply_parallel/dataset/GRScenes_assets/bottle/58c5f4b01b3961a431a9eb9536c0c0fe/right.png
bottle,58de8af0b326b57abaeb988f263b73cc,front,ok,0.172520,466,114,0.202652,466,f1bd1f583044683dd8545b1da5d50e3925a1b0f9c538fbb40fdeb88ba68571c6,true,/cpfs/user/zhuzihou/assets/dedup_workspaces/test0_transitive_apply_parallel/dataset/GRScenes_assets/bottle/58de8af0b326b57abaeb988f263b73cc/front.png
bottle,58de8af0b326b57abaeb988f263b73cc,left,ok,0.174656,188,342,0.245270,342,01673846d77a8285558c9232e656f5f98209c6fee343adb9d12ec5e409820aef,true,/cpfs/user/zhuzihou/assets/dedup_workspaces/test0_transitive_apply_parallel/dataset/GRScenes_assets/bottle/58de8af0b326b57abaeb988f263b73cc/left.png
bottle,58de8af0b326b57abaeb988f263b73cc,back,ok,0.172623,466,114,0.202652,466,8aa37b217100d57333a64c824a93db3f6a0b0c0308e2d70cc6e9caeda8574f3a,true,/cpfs/user/zhuzihou/assets/dedup_workspaces/test0_transitive_apply_parallel/dataset/GRScenes_assets/bottle/58de8af0b326b57abaeb988f263b73cc/back.png
bottle,58de8af0b326b57abaeb988f263b73cc,right,ok,0.124512,128,341,0.166504,341,a065b2c27a2b484c44aa004cedd312b3fdaf8453ec7934b07a7efa21a59a7ca6,true,/cpfs/user/zhuzihou/assets/dedup_workspaces/test0_transitive_apply_parallel/dataset/GRScenes_assets/bottle/58de8af0b326b57abaeb988f263b73cc/right.png
bottle,5ab086a2ddbf47648c6b3d00df36eaeb,front,ok,0.434841,485,274,0.506935,485,33d4a77aaa290fa7dcf1cba1ebdbe3ed3bd6c6b829cefa731df330beb4a50728,true,/cpfs/user/zhuzihou/assets/dedup_workspaces/test0_transitive_apply_parallel/dataset/GRScenes_assets/bottle/5ab086a2ddbf47648c6b3d00df36eaeb/front.png
bottle,5ab086a2ddbf47648c6b3d00df36eaeb,left,ok,0.407013,354,379,0.511803,379,a0279ef154b0670297c65ae5285a7aef944530dea19168a65ae9097e9a48071f,true,/cpfs/user/zhuzihou/assets/dedup_workspaces/test0_transitive_apply_parallel/dataset/GRScenes_assets/bottle/5ab086a2ddbf47648c6b3d00df36eaeb/left.png
bottle,5ab086a2ddbf47648c6b3d00df36eaeb,back,ok,0.428955,473,274,0.494392,473,a6be42329a55bca52b4be5c16e5dba1aa88dab8acc43de77f5e55326968b6118,true,/cpfs/user/zhuzihou/assets/dedup_workspaces/test0_transitive_apply_parallel/dataset/GRScenes_assets/bottle/5ab086a2ddbf47648c6b3d00df36eaeb/back.png
bottle,5ab086a2ddbf47648c6b3d00df36eaeb,right,ok,0.352100,324,352,0.435059,352,30451d9916874ca2590c9d51231d0f5f194c94599660d77d0640a79a47372f21,true,/cpfs/user/zhuzihou/assets/dedup_workspaces/test0_transitive_apply_parallel/dataset/GRScenes_assets/bottle/5ab086a2ddbf47648c6b3d00df36eaeb/right.png
bottle,5afba4862b89ce4978bca2fb4d2d0b74,front,ok,0.227329,453,191,0.330059,453,0f9a64771598a0bfc7953d538f453a2e90c7888a6353d0fb1667aa6e479099d3,true,/cpfs/user/zhuzihou/assets/dedup_workspaces/test0_transitive_apply_parallel/dataset/GRScenes_assets/bottle/5afba4862b89ce4978bca2fb4d2d0b74/front.png
bottle,5afba4862b89ce4978bca2fb4d2d0b74,left,ok,0.142643,126,366,0.175919,366,9a5d97ff028732a185da8c0a67bb9048b79e6a78d30c1183db431b74d9ec29c5,true,/cpfs/user/zhuzihou/assets/dedup_workspaces/test0_transitive_apply_parallel/dataset/GRScenes_assets/bottle/5afba4862b89ce4978bca2fb4d2d0b74/left.png
bottle,5afba4862b89ce4978bca2fb4d2d0b74,back,ok,0.227459,453,191,0.330059,453,f3a67a281eb31792764f91b97e4eb2217baca36015a4e699ac3fd343a577d309,true,/cpfs/user/zhuzihou/assets/dedup_workspaces/test0_transitive_apply_parallel/dataset/GRScenes_assets/bottle/5afba4862b89ce4978bca2fb4d2d0b74/back.png
bottle,5afba4862b89ce4978bca2fb4d2d0b74,right,ok,0.099606,82,390,0.121994,390,021d5bf0c1b0694864bcb6408f8aadab1892f7002b5c6d08b799ff87e880e9ac,true,/cpfs/user/zhuzihou/assets/dedup_workspaces/test0_transitive_apply_parallel/dataset/GRScenes_assets/bottle/5afba4862b89ce4978bca2fb4d2d0b74/right.png
bottle,5b19ee1841b31d4a569ef07f6bd95c77,front,ok,0.183266,373,226,0.321571,373,036c65fac9e04609c6457d059b88cbb5f755008b0bd9fc9699e031538b1eb986,true,/cpfs/user/zhuzihou/assets/dedup_workspaces/test0_transitive_apply_parallel/dataset/GRScenes_assets/bottle/5b19ee1841b31d4a569ef07f6bd95c77/front.png
bottle,5b19ee1841b31d4a569ef07f6bd95c77,left,ok,0.189373,240,280,0.256348,280,bd24527152ac4c8a055a914c4db2895eec668d028b97b3a3e0dd782503703550,true,/cpfs/user/zhuzihou/assets/dedup_workspaces/test0_transitive_apply_parallel/dataset/GRScenes_assets/bottle/5b19ee1841b31d4a569ef07f6bd95c77/left.png
bottle,5b19ee1841b31d4a569ef07f6bd95c77,back,ok,0.183117,373,226,0.321571,373,5ec09f7e73f970b1991f8e429aea285f87bf511575a1b8c107353a2f5693daf3,true,/cpfs/user/zhuzihou/assets/dedup_workspaces/test0_transitive_apply_parallel/dataset/GRScenes_assets/bottle/5b19ee1841b31d4a569ef07f6bd95c77/back.png
bottle,5b19ee1841b31d4a569ef07f6bd95c77,right,ok,0.135162,184,307,0.215485,307,8e039c30d042750c47451f1fd345b6c44183e4ad67812590e9c258b7614c12c3,true,/cpfs/user/zhuzihou/assets/dedup_workspaces/test0_transitive_apply_parallel/dataset/GRScenes_assets/bottle/5b19ee1841b31d4a569ef07f6bd95c77/right.png
bottle,5b6b3e43378339d9d4eabc23ee462459,front,ok,0.185188,468,121,0.216019,468,86377c40ef7371791ec14a070424bcfb4ab0050c3b2d4be9103d9875332d2b48,true,/cpfs/user/zhuzihou/assets/dedup_workspaces/test0_transitive_apply_parallel/dataset/GRScenes_assets/bottle/5b6b3e43378339d9d4eabc23ee462459/front.png
bottle,5b6b3e43378339d9d4eabc23ee462459,left,ok,0.177795,188,351,0.251724,351,7dc0ec53a9fce6564f58517959b9f677328157428c89a67031496b13a82a8756,true,/cpfs/user/zhuzihou/assets/dedup_workspaces/test0_transitive_apply_parallel/dataset/GRScenes_assets/bottle/5b6b3e43378339d9d4eabc23ee462459/left.png
bottle,5b6b3e43378339d9d4eabc23ee462459,back,ok,0.185299,468,121,0.216019,468,6365d28c7f73eeac3147d42db93be89fde44b079ed99d0e169b15f4066e68285,true,/cpfs/user/zhuzihou/assets/dedup_workspaces/test0_transitive_apply_parallel/dataset/GRScenes_assets/bottle/5b6b3e43378339d9d4eabc23ee462459/back.png
bottle,5b6b3e43378339d9d4eabc23ee462459,right,ok,0.134018,126,349,0.167747,349,e2b30022ace574a7df6449bbfe5f6a6d1ba58c70c0ba29f06d8cb66167971b57,true,/cpfs/user/zhuzihou/assets/dedup_workspaces/test0_transitive_apply_parallel/dataset/GRScenes_assets/bottle/5b6b3e43378339d9d4eabc23ee462459/right.png
bottle,5bd5c546e9f458e54a192a3195a598dd,front,ok,0.216373,453,158,0.273033,453,3b09adbd6192a6b4c33ece45a070ebd73a578a7d7ce99c19dedf2027a8f5b7f5,true,/cpfs/user/zhuzihou/assets/dedup_workspaces/test0_transitive_apply_parallel/dataset/GRScenes_assets/bottle/5bd5c546e9f458e54a192a3195a598dd/front.png
bottle,5bd5c546e9f458e54a192a3195a598dd,left,ok,0.205276,222,346,0.293015,346,5663953abff67201fdacb673e55ae319067dc093d620a92b9d1dfcefb2ff7b3d,true,/cpfs/user/zhuzihou/assets/dedup_workspaces/test0_transitive_apply_parallel/dataset/GRScenes_assets/bottle/5bd5c546e9f458e54a192a3195a598dd/left.png
bottle,5bd5c546e9f458e54a192a3195a598dd,back,ok,0.216427,453,158,0.273033,453,4e3499d9796d8f108727d65e169397097cb96dccfdcb8cc14a250547b07d49f0,true,/cpfs/user/zhuzihou/assets/dedup_workspaces/test0_transitive_apply_parallel/dataset/GRScenes_assets/bottle/5bd5c546e9f458e54a192a3195a598dd/back.png
bottle,5bd5c546e9f458e54a192a3195a598dd,right,ok,0.178272,158,354,0.213364,354,960b066bde04c522f8f081fe7160c03e209f6ea30adf11c387b3b8bfcf1e2267,true,/cpfs/user/zhuzihou/assets/dedup_workspaces/test0_transitive_apply_parallel/dataset/GRScenes_assets/bottle/5bd5c546e9f458e54a192a3195a598dd/right.png
bottle,5c042d7c2f32b50b54eac982a13b6909,front,ok,0.434841,485,274,0.506935,485,d7098854436e4068c1a004dcd6779951784c76914b6980f3f673eb790d884cd7,true,/cpfs/user/zhuzihou/assets/dedup_workspaces/test0_transitive_apply_parallel/dataset/GRScenes_assets/bottle/5c042d7c2f32b50b54eac982a13b6909/front.png
bottle,5c042d7c2f32b50b54eac982a13b6909,left,ok,0.407013,354,379,0.511803,379,5a90724592c517e17a3cea5c351708c758355192c356f7e02a5638915a99ed6c,true,/cpfs/user/zhuzihou/assets/dedup_workspaces/test0_transitive_apply_parallel/dataset/GRScenes_assets/bottle/5c042d7c2f32b50b54eac982a13b6909/left.png
bottle,5c042d7c2f32b50b54eac982a13b6909,back,ok,0.428959,473,274,0.494392,473,80ed9477c625063d98c98cd099ad09f14090e098a955f4bd080f3edd5ac90479,true,/cpfs/user/zhuzihou/assets/dedup_workspaces/test0_transitive_apply_parallel/dataset/GRScenes_assets/bottle/5c042d7c2f32b50b54eac982a13b6909/back.png
bottle,5c042d7c2f32b50b54eac982a13b6909,right,ok,0.352104,324,352,0.435059,352,d96400a06183e7fda059c205fa7c2bf59547e94c4c728a976e2e1bfb6772b3a6,true,/cpfs/user/zhuzihou/assets/dedup_workspaces/test0_transitive_apply_parallel/dataset/GRScenes_assets/bottle/5c042d7c2f32b50b54eac982a13b6909/right.png
bottle,5d36719f2b37671f108393847d7c7283,front,ok,0.282520,401,216,0.330414,401,a5cb0d0579a1ef951676f92aba3520109b3331ff282739dc77fdf5de655fc4d6,true,/cpfs/user/zhuzihou/assets/dedup_workspaces/test0_transitive_apply_parallel/dataset/GRScenes_assets/bottle/5d36719f2b37671f108393847d7c7283/front.png
bottle,5d36719f2b37671f108393847d7c7283,left,ok,0.250244,250,335,0.319481,335,623fac4783aaac340f6147a8eb93ff2a8e4caa200a604d47efb5f7f80f4bf169,true,/cpfs/user/zhuzihou/assets/dedup_workspaces/test0_transitive_apply_parallel/dataset/GRScenes_assets/bottle/5d36719f2b37671f108393847d7c7283/left.png
bottle,5d36719f2b37671f108393847d7c7283,back,ok,0.282608,401,217,0.331944,401,426d92b62387c6f222c5cab26d0271be37029031bdcb0d01841f51a5ff7076ae,true,/cpfs/user/zhuzihou/assets/dedup_workspaces/test0_transitive_apply_parallel/dataset/GRScenes_assets/bottle/5d36719f2b37671f108393847d7c7283/back.png
bottle,5d36719f2b37671f108393847d7c7283,right,ok,0.227734,246,321,0.301231,321,f9fc33ccbf7cd76e866efb275845f49aab615e4870108cc1bb3a737359b6608e,true,/cpfs/user/zhuzihou/assets/dedup_workspaces/test0_transitive_apply_parallel/dataset/GRScenes_assets/bottle/5d36719f2b37671f108393847d7c7283/right.png
bottle,61b38bd256642779ce1925544319605b,front,ok,0.354870,450,217,0.372505,450,2df2ed34c19f45aa6a3c13711f3ed651e5c2463537e05c285b112869e88e65cf,true,/cpfs/user/zhuzihou/assets/dedup_workspaces/test0_transitive_apply_parallel/dataset/GRScenes_assets/bottle/61b38bd256642779ce1925544319605b/front.png
bottle,61b38bd256642779ce1925544319605b,left,ok,0.321938,308,381,0.447647,381,8837a03b4748c21312f29ea11e2e9aee87d89a30962564e7f978efc2b62632ca,true,/cpfs/user/zhuzihou/assets/dedup_workspaces/test0_transitive_apply_parallel/dataset/GRScenes_assets/bottle/61b38bd256642779ce1925544319605b/left.png
bottle,61b38bd256642779ce1925544319605b,back,ok,0.353134,450,216,0.370789,450,f40fa6183e528c71d2323d4b038c7b7075ab02c83b5530a3553d84a7eb2ac8b9,true,/cpfs/user/zhuzihou/assets/dedup_workspaces/test0_transitive_apply_parallel/dataset/GRScenes_assets/bottle/61b38bd256642779ce1925544319605b/back.png
bottle,61b38bd256642779ce1925544319605b,right,ok,0.319317,308,381,0.447647,381,696138b49f165ae5438962b4c1620c9b443ba65a93ec33a0e591f2877dabf5c4,true,/cpfs/user/zhuzihou/assets/dedup_workspaces/test0_transitive_apply_parallel/dataset/GRScenes_assets/bottle/61b38bd256642779ce1925544319605b/right.png
bottle,61f388616edbb200e00864fb5b86bf87,front,ok,0.205292,440,154,0.258484,440,74b6454303ebe8ad038eea739030582e545b92d92009cedf01fb9f3bdf9f4fe3,true,/cpfs/user/zhuzihou/assets/dedup_workspaces/test0_transitive_apply_parallel/dataset/GRScenes_assets/bottle/61f388616edbb200e00864fb5b86bf87/front.png
bottle,61f388616edbb200e00864fb5b86bf87,left,ok,0.174614,186,332,0.235565,332,b69971dedbf82d44593d2c9ce43aca96b7234514ed4492522e01008092a56400,true,/cpfs/user/zhuzihou/assets/dedup_workspaces/test0_transitive_apply_parallel/dataset/GRScenes_assets/bottle/61f388616edbb200e00864fb5b86bf87/left.png
bottle,61f388616edbb200e00864fb5b86bf87,back,ok,0.204945,437,154,0.256721,437,165eba8331be2ef38e77903e96bc1bf6863f5df346bef108c56607747f4750c5,true,/cpfs/user/zhuzihou/assets/dedup_workspaces/test0_transitive_apply_parallel/dataset/GRScenes_assets/bottle/61f388616edbb200e00864fb5b86bf87/back.png
bottle,61f388616edbb200e00864fb5b86bf87,right,ok,0.135456,154,334,0.196213,334,55dad4ff52d182197ede110251175b0ee48dbc9a7755d4ec87c3d7309d8aa319,true,/cpfs/user/zhuzihou/assets/dedup_workspaces/test0_transitive_apply_parallel/dataset/GRScenes_assets/bottle/61f388616edbb200e00864fb5b86bf87/right.png
bottle,61fe65dd207bdfc6a7fd763b250c9d01,front,ok,0.350651,406,248,0.384094,406,1338b45afe271769c2c9c749919763e5bda7fcb71635b6810b19e0d2c1eeeb8e,true,/cpfs/user/zhuzihou/assets/dedup_workspaces/test0_transitive_apply_parallel/dataset/GRScenes_assets/bottle/61fe65dd207bdfc6a7fd763b250c9d01/front.png
bottle,61fe65dd207bdfc6a7fd763b250c9d01,left,ok,0.346935,348,359,0.476578,359,657a5bb0c764e7fa233ca8140af594c6b43a702eec2812909106d4b8e822bc92,true,/cpfs/user/zhuzihou/assets/dedup_workspaces/test0_transitive_apply_parallel/dataset/GRScenes_assets/bottle/61fe65dd207bdfc6a7fd763b250c9d01/left.png
bottle,61fe65dd207bdfc6a7fd763b250c9d01,back,ok,0.356083,406,248,0.384094,406,e107c2e65093fb7423fdebe3e44e790590de1a64b5bb66ad2606c33e0567ab43,true,/cpfs/user/zhuzihou/assets/dedup_workspaces/test0_transitive_apply_parallel/dataset/GRScenes_assets/bottle/61fe65dd207bdfc6a7fd763b250c9d01/back.png
bottle,61fe65dd207bdfc6a7fd763b250c9d01,right,ok,0.347839,348,359,0.476578,359,039798b3125729cef2cdbdd77f7c4d6a33064ec22a443df46671d971b9bb4c8f,true,/cpfs/user/zhuzihou/assets/dedup_workspaces/test0_transitive_apply_parallel/dataset/GRScenes_assets/bottle/61fe65dd207bdfc6a7fd763b250c9d01/right.png
bottle,622cf0ed653a5f83492f8a9c2aa9de06,front,ok,0.165985,473,114,0.205696,473,ca4dc5132af6b19d07fd690ed311c4d97966bda05e2d741e4b30db6058b9c31f,true,/cpfs/user/zhuzihou/assets/dedup_workspaces/test0_transitive_apply_parallel/dataset/GRScenes_assets/bottle/622cf0ed653a5f83492f8a9c2aa9de06/front.png
bottle,622cf0ed653a5f83492f8a9c2aa9de06,left,ok,0.170090,184,354,0.248474,354,95c4f0a6bb41b2f8cf3360c6144422d58b3195857204b100950d337796c4a0b0,true,/cpfs/user/zhuzihou/assets/dedup_workspaces/test0_transitive_apply_parallel/dataset/GRScenes_assets/bottle/622cf0ed653a5f83492f8a9c2aa9de06/left.png
bottle,622cf0ed653a5f83492f8a9c2aa9de06,back,ok,0.164116,474,112,0.202515,474,643a52f4e73685c81f95a5c82711f9ce6adbadb206b681aca6b35ea894f30c19,true,/cpfs/user/zhuzihou/assets/dedup_workspaces/test0_transitive_apply_parallel/dataset/GRScenes_assets/bottle/622cf0ed653a5f83492f8a9c2aa9de06/back.png
bottle,622cf0ed653a5f83492f8a9c2aa9de06,right,ok,0.113533,124,351,0.166031,351,7e58f39e3668be2ac765d9bfd0557e84ff1dace4ad89cca99998c840c400b580,true,/cpfs/user/zhuzihou/assets/dedup_workspaces/test0_transitive_apply_parallel/dataset/GRScenes_assets/bottle/622cf0ed653a5f83492f8a9c2aa9de06/right.png
bottle,62305e1d661f08796d691447e5c7dc98,front,ok,0.327362,481,218,0.400002,481,3720009de79435268984e018ec21626b951f4b4168e8beb3b16fe9b59c6c6ad9,true,/cpfs/user/zhuzihou/assets/dedup_workspaces/test0_transitive_apply_parallel/dataset/GRScenes_assets/bottle/62305e1d661f08796d691447e5c7dc98/front.png
bottle,62305e1d661f08796d691447e5c7dc98,left,ok,0.309551,286,353,0.385124,353,d923475490b3b2b64c3fa6f1cc8f58ae9c8643d80bc8b70c6d31b1994af36681,true,/cpfs/user/zhuzihou/assets/dedup_workspaces/test0_transitive_apply_parallel/dataset/GRScenes_assets/bottle/62305e1d661f08796d691447e5c7dc98/left.png
bottle,62305e1d661f08796d691447e5c7dc98,back,ok,0.327610,481,218,0.400002,481,f57a684689ee5f9ff25bd9a7068168be74811e0f913f3c2cfc79df608c0c97ea,true,/cpfs/user/zhuzihou/assets/dedup_workspaces/test0_transitive_apply_parallel/dataset/GRScenes_assets/bottle/62305e1d661f08796d691447e5c7dc98/back.png
bottle,62305e1d661f08796d691447e5c7dc98,right,ok,0.226635,214,324,0.264496,324,051360506cc769a1244588e928f0018cd99e8c189613ad2bda0083bc97a6dc42,true,/cpfs/user/zhuzihou/assets/dedup_workspaces/test0_transitive_apply_parallel/dataset/GRScenes_assets/bottle/62305e1d661f08796d691447e5c7dc98/right.png
bottle,6498514e7099ae52a90c61ecd03cc231,front,ok,0.186089,458,126,0.220139,458,d16a6c8ae14e3853e9d38b39804eecd611574b810c2aaff2b60fe3e20caa6d1e,true,/cpfs/user/zhuzihou/assets/dedup_workspaces/test0_transitive_apply_parallel/dataset/GRScenes_assets/bottle/6498514e7099ae52a90c61ecd03cc231/front.png
bottle,6498514e7099ae52a90c61ecd03cc231,left,ok,0.177364,188,338,0.242401,338,37fde032a5469f76b47e336233ca786c87da11c8f5d828dd532cba8dfc93f8f2,true,/cpfs/user/zhuzihou/assets/dedup_workspaces/test0_transitive_apply_parallel/dataset/GRScenes_assets/bottle/6498514e7099ae52a90c61ecd03cc231/left.png
bottle,6498514e7099ae52a90c61ecd03cc231,back,ok,0.186684,458,126,0.220139,458,5faf405dea1353eed96374c8f7df60ad84b336bcc448864d58c4375b364c177f,true,/cpfs/user/zhuzihou/assets/dedup_workspaces/test0_transitive_apply_parallel/dataset/GRScenes_assets/bottle/6498514e7099ae52a90c61ecd03cc231/back.png
bottle,6498514e7099ae52a90c61ecd03cc231,right,ok,0.129536,138,340,0.178986,340,d52f29c111b456afb8ec1a5ea74b53491a16947e4b1ce906f251c2a57b717913,true,/cpfs/user/zhuzihou/assets/dedup_workspaces/test0_transitive_apply_parallel/dataset/GRScenes_assets/bottle/6498514e7099ae52a90c61ecd03cc231/right.png
bottle,64c3bb1d7da1a27d0ab8e76eebbb01d8,front,ok,0.434841,485,274,0.506935,485,30e8356d1dba204dac18a843f63864badc05e22e7571921129471fc3d394c413,true,/cpfs/user/zhuzihou/assets/dedup_workspaces/test0_transitive_apply_parallel/dataset/GRScenes_assets/bottle/64c3bb1d7da1a27d0ab8e76eebbb01d8/front.png
bottle,64c3bb1d7da1a27d0ab8e76eebbb01d8,left,ok,0.407017,354,379,0.511803,379,d7cdac59faeedb88bbac2f51df1e992a5f687835b66c53b86c3d7daa30f4968e,true,/cpfs/user/zhuzihou/assets/dedup_workspaces/test0_transitive_apply_parallel/dataset/GRScenes_assets/bottle/64c3bb1d7da1a27d0ab8e76eebbb01d8/left.png
bottle,64c3bb1d7da1a27d0ab8e76eebbb01d8,back,ok,0.428959,473,274,0.494392,473,da9287c4c8f09a73450514c09bdbc60ca4ac18ad5d2a59d5a4efa86b1bff56f8,true,/cpfs/user/zhuzihou/assets/dedup_workspaces/test0_transitive_apply_parallel/dataset/GRScenes_assets/bottle/64c3bb1d7da1a27d0ab8e76eebbb01d8/back.png
bottle,64c3bb1d7da1a27d0ab8e76eebbb01d8,right,ok,0.352108,324,352,0.435059,352,a7ac8af89831201e85731a5328c8d7ccc9d0330279c6d2c9c66e10dd94035950,true,/cpfs/user/zhuzihou/assets/dedup_workspaces/test0_transitive_apply_parallel/dataset/GRScenes_assets/bottle/64c3bb1d7da1a27d0ab8e76eebbb01d8/right.png
bottle,64e02a3dcd0f0e5dba7e6e799a381be1,front,ok,0.227325,453,191,0.330059,453,4494a517f2ab8527eb25f5ed9f60d1b6fb63f0a862bbbbc76d922d84e583d20c,true,/cpfs/user/zhuzihou/assets/dedup_workspaces/test0_transitive_apply_parallel/dataset/GRScenes_assets/bottle/64e02a3dcd0f0e5dba7e6e799a381be1/front.png
bottle,64e02a3dcd0f0e5dba7e6e799a381be1,left,ok,0.142643,126,366,0.175919,366,566b39963fdec24a07a70cfb1e15a260621159cffb8be899bd691a9c43cbe9dc,true,/cpfs/user/zhuzihou/assets/dedup_workspaces/test0_transitive_apply_parallel/dataset/GRScenes_assets/bottle/64e02a3dcd0f0e5dba7e6e799a381be1/left.png
bottle,64e02a3dcd0f0e5dba7e6e799a381be1,back,ok,0.227455,453,191,0.330059,453,5645a93af8ad305967cf128c88887dec932b0f2c4e46c5021f176b9a3aadf205,true,/cpfs/user/zhuzihou/assets/dedup_workspaces/test0_transitive_apply_parallel/dataset/GRScenes_assets/bottle/64e02a3dcd0f0e5dba7e6e799a381be1/back.png
bottle,64e02a3dcd0f0e5dba7e6e799a381be1,right,ok,0.099606,82,390,0.121994,390,c01063a3e94db9cbf074396ee8962284b0c03f6145652e593b54f486a3795fba,true,/cpfs/user/zhuzihou/assets/dedup_workspaces/test0_transitive_apply_parallel/dataset/GRScenes_assets/bottle/64e02a3dcd0f0e5dba7e6e799a381be1/right.png
bottle,64fe6b761d4066429a40695644bbbaaf,front,ok,0.355938,450,217,0.372505,450,20607a3884133bc3f1b2ff066a0d7a1792b1222db7cf223bc56e04f7a377279d,true,/cpfs/user/zhuzihou/assets/dedup_workspaces/test0_transitive_apply_parallel/dataset/GRScenes_assets/bottle/64fe6b761d4066429a40695644bbbaaf/front.png
bottle,64fe6b761d4066429a40695644bbbaaf,left,ok,0.322598,308,381,0.447647,381,6d6ba772763e9644000bda20280bd455fcf016bfffcad7ea36b8d6b13c6c7f81,true,/cpfs/user/zhuzihou/assets/dedup_workspaces/test0_transitive_apply_parallel/dataset/GRScenes_assets/bottle/64fe6b761d4066429a40695644bbbaaf/left.png
bottle,64fe6b761d4066429a40695644bbbaaf,back,ok,0.356094,450,217,0.372505,450,410f52a123ed02e47a8f924c51d629b25a3db6d1b42cc6f3a0a920c35243236b,true,/cpfs/user/zhuzihou/assets/dedup_workspaces/test0_transitive_apply_parallel/dataset/GRScenes_assets/bottle/64fe6b761d4066429a40695644bbbaaf/back.png
bottle,64fe6b761d4066429a40695644bbbaaf,right,ok,0.284561,308,381,0.447647,381,3a623f1780cb0bf5bd8bdc6ec06d4adf5296b9e2be689562367af811ad6181f4,true,/cpfs/user/zhuzihou/assets/dedup_workspaces/test0_transitive_apply_parallel/dataset/GRScenes_assets/bottle/64fe6b761d4066429a40695644bbbaaf/right.png
bottle,654351a0dc2ed1a9ed5b48f0a32b12c0,front,ok,0.342716,450,217,0.372505,450,123f810768a4fe56cf742821ee5de6c45b8e9970511032d4c5cdca244666b01a,true,/cpfs/user/zhuzihou/assets/dedup_workspaces/test0_transitive_apply_parallel/dataset/GRScenes_assets/bottle/654351a0dc2ed1a9ed5b48f0a32b12c0/front.png
bottle,654351a0dc2ed1a9ed5b48f0a32b12c0,left,ok,0.321686,307,381,0.446194,381,f5392184705f0c9ea96d899a5dd81396a9c0309c41317238728d7cda50c4c01b,true,/cpfs/user/zhuzihou/assets/dedup_workspaces/test0_transitive_apply_parallel/dataset/GRScenes_assets/bottle/654351a0dc2ed1a9ed5b48f0a32b12c0/left.png
bottle,654351a0dc2ed1a9ed5b48f0a32b12c0,back,ok,0.333382,450,217,0.372505,450,b7eba5dab7864a4360093750a97e94111b38c9830f4eea3447a8c3bced2bb7ea,true,/cpfs/user/zhuzihou/assets/dedup_workspaces/test0_transitive_apply_parallel/dataset/GRScenes_assets/bottle/654351a0dc2ed1a9ed5b48f0a32b12c0/back.png
bottle,654351a0dc2ed1a9ed5b48f0a32b12c0,right,ok,0.318737,308,381,0.447647,381,76162aa2d4c5565683b9aa0efbbb326a8a38bfd76bd56c0109d429c63604664e,true,/cpfs/user/zhuzihou/assets/dedup_workspaces/test0_transitive_apply_parallel/dataset/GRScenes_assets/bottle/654351a0dc2ed1a9ed5b48f0a32b12c0/right.png
bottle,66714245ba1e509df26ca78885128115,front,ok,0.177567,470,115,0.206184,470,a5475cc0cdbcffcb2e2a3a2a717f9c43018682304d2f7cd5af9f7f676cb614d8,true,/cpfs/user/zhuzihou/assets/dedup_workspaces/test0_transitive_apply_parallel/dataset/GRScenes_assets/bottle/66714245ba1e509df26ca78885128115/front.png
bottle,66714245ba1e509df26ca78885128115,left,ok,0.178104,190,348,0.252228,348,3fa5a94dff11d9f6d18107553dae889b0f9f37d1cc6c9bbf2cdbc25998fefb58,true,/cpfs/user/zhuzihou/assets/dedup_workspaces/test0_transitive_apply_parallel/dataset/GRScenes_assets/bottle/66714245ba1e509df26ca78885128115/left.png
bottle,66714245ba1e509df26ca78885128115,back,ok,0.177578,470,115,0.206184,470,f9f84675200817dca571b235a0700d7c51a4eefff4ce0d619a2ade0cc05dc5f5,true,/cpfs/user/zhuzihou/assets/dedup_workspaces/test0_transitive_apply_parallel/dataset/GRScenes_assets/bottle/66714245ba1e509df26ca78885128115/back.png
bottle,66714245ba1e509df26ca78885128115,right,ok,0.134476,128,347,0.169434,347,92fca886624afacbcfeaab1af274e2a8a62cf76aca3ab708395f843e9837c67c,true,/cpfs/user/zhuzihou/assets/dedup_workspaces/test0_transitive_apply_parallel/dataset/GRScenes_assets/bottle/66714245ba1e509df26ca78885128115/right.png
bottle,6675bc91e79445c0ba6bb494e526d694,front,ok,0.279476,426,198,0.321762,426,4128703dd752c9cc6ea4bbf98ecdff112440e57d7809ad573428d34b88a4b2b1,true,/cpfs/user/zhuzihou/assets/dedup_workspaces/test0_transitive_apply_parallel/dataset/GRScenes_assets/bottle/6675bc91e79445c0ba6bb494e526d694/front.png
bottle,6675bc91e79445c0ba6bb494e526d694,left,ok,0.276840,279,350,0.372505,350,85d7a90067f2abcac02e29bfeb7b2acb81198573b2f356bb4227256df2b38da9,true,/cpfs/user/zhuzihou/assets/dedup_workspaces/test0_transitive_apply_parallel/dataset/GRScenes_assets/bottle/6675bc91e79445c0ba6bb494e526d694/left.png
bottle,6675bc91e79445c0ba6bb494e526d694,back,ok,0.268524,411,192,0.301025,411,95442118dfb59718786185d278f93d11491293b4467d01f316f6d3f15da5cec1,true,/cpfs/user/zhuzihou/assets/dedup_workspaces/test0_transitive_apply_parallel/dataset/GRScenes_assets/bottle/6675bc91e79445c0ba6bb494e526d694/back.png
bottle,6675bc91e79445c0ba6bb494e526d694,right,ok,0.204250,240,327,0.299377,327,5a25af9f525e05349b6fa818b5a111b981a034a0f8d9d06406ed2cdf3677bd86,true,/cpfs/user/zhuzihou/assets/dedup_workspaces/test0_transitive_apply_parallel/dataset/GRScenes_assets/bottle/6675bc91e79445c0ba6bb494e526d694/right.png
bottle,675cff94216ffebed10a5bbe973f37e4,front,ok,0.351921,450,217,0.372505,450,e564921bc630b74e1cbcd38e6a8308c78967d580d122e60d902da9760e5df49d,true,/cpfs/user/zhuzihou/assets/dedup_workspaces/test0_transitive_apply_parallel/dataset/GRScenes_assets/bottle/675cff94216ffebed10a5bbe973f37e4/front.png
bottle,675cff94216ffebed10a5bbe973f37e4,left,ok,0.318836,308,381,0.447647,381,7d885947431ed2c6ac0ee253f9741567cdc240b0985480504a8135d164a6c887,true,/cpfs/user/zhuzihou/assets/dedup_workspaces/test0_transitive_apply_parallel/dataset/GRScenes_assets/bottle/675cff94216ffebed10a5bbe973f37e4/left.png
bottle,675cff94216ffebed10a5bbe973f37e4,back,ok,0.350788,450,217,0.372505,450,ab8faadb4f91bf39f9ee08f4e205178504baf111c6dbaca656725bda885cecd9,true,/cpfs/user/zhuzihou/assets/dedup_workspaces/test0_transitive_apply_parallel/dataset/GRScenes_assets/bottle/675cff94216ffebed10a5bbe973f37e4/back.png
bottle,675cff94216ffebed10a5bbe973f37e4,right,ok,0.318729,308,381,0.447647,381,ac30d1829d1cdc55ae9f7b22185a3e76595ac0a7173da041835336ca1d86613f,true,/cpfs/user/zhuzihou/assets/dedup_workspaces/test0_transitive_apply_parallel/dataset/GRScenes_assets/bottle/675cff94216ffebed10a5bbe973f37e4/right.png
bottle,67c25d7d62e5eb31ef2e7a9f8a4b9d14,front,ok,0.354679,450,217,0.372505,450,03987e19a18620e49b2cbdabe88dc2523bde4164e9cc05fd9935632663c496a9,true,/cpfs/user/zhuzihou/assets/dedup_workspaces/test0_transitive_apply_parallel/dataset/GRScenes_assets/bottle/67c25d7d62e5eb31ef2e7a9f8a4b9d14/front.png
bottle,67c25d7d62e5eb31ef2e7a9f8a4b9d14,left,ok,0.321503,308,381,0.447647,381,c3519e507d5431f11a03bc8bea22983fe2a9a0012f85dcf840f22258b39daaab,true,/cpfs/user/zhuzihou/assets/dedup_workspaces/test0_transitive_apply_parallel/dataset/GRScenes_assets/bottle/67c25d7d62e5eb31ef2e7a9f8a4b9d14/left.png
bottle,67c25d7d62e5eb31ef2e7a9f8a4b9d14,back,ok,0.352200,450,217,0.372505,450,25ec0730d7752880ced44ae8b3c1b42a9bd3c1d87ed27df60c12d2c6fa66ffd1,true,/cpfs/user/zhuzihou/assets/dedup_workspaces/test0_transitive_apply_parallel/dataset/GRScenes_assets/bottle/67c25d7d62e5eb31ef2e7a9f8a4b9d14/back.png
bottle,67c25d7d62e5eb31ef2e7a9f8a4b9d14,right,ok,0.318851,308,381,0.447647,381,fabea882419d2ffa883e20badc257eac24041115f57144be2e729f8095752e8e,true,/cpfs/user/zhuzihou/assets/dedup_workspaces/test0_transitive_apply_parallel/dataset/GRScenes_assets/bottle/67c25d7d62e5eb31ef2e7a9f8a4b9d14/right.png
bottle,68c4ea45f70a0e389aad2c51a9b5a24d,front,ok,0.179173,460,121,0.212326,460,383073c7c96187331e6066780b2a647acd41a916eaca3c7fc7c7e68c266b8901,true,/cpfs/user/zhuzihou/assets/dedup_workspaces/test0_transitive_apply_parallel/dataset/GRScenes_assets/bottle/68c4ea45f70a0e389aad2c51a9b5a24d/front.png
bottle,68c4ea45f70a0e389aad2c51a9b5a24d,left,ok,0.177753,192,336,0.246094,336,92bf450ce3ae2a590b0bbbf5fc2f83dd6929d63008b24db7084e046ace099d93,true,/cpfs/user/zhuzihou/assets/dedup_workspaces/test0_transitive_apply_parallel/dataset/GRScenes_assets/bottle/68c4ea45f70a0e389aad2c51a9b5a24d/left.png
bottle,68c4ea45f70a0e389aad2c51a9b5a24d,back,ok,0.179493,460,121,0.212326,460,3b52c082cd6ae0e36326f48235334596a6a6e24636829db9091e40efe0f65508,true,/cpfs/user/zhuzihou/assets/dedup_workspaces/test0_transitive_apply_parallel/dataset/GRScenes_assets/bottle/68c4ea45f70a0e389aad2c51a9b5a24d/back.png
bottle,68c4ea45f70a0e389aad2c51a9b5a24d,right,ok,0.130013,140,337,0.179977,337,55ba8e34c0917e17c5122e995a11b2d68103459628afc0afd1b306bbc3dca263,true,/cpfs/user/zhuzihou/assets/dedup_workspaces/test0_transitive_apply_parallel/dataset/GRScenes_assets/bottle/68c4ea45f70a0e389aad2c51a9b5a24d/right.png
bottle,691d1b56190c43c06ca49d7968b46683,front,ok,0.177559,470,115,0.206184,470,79ea12774e5d34c91783016d7d2034a93eb531c85e6e8f08d6695f7616100c4c,true,/cpfs/user/zhuzihou/assets/dedup_workspaces/test0_transitive_apply_parallel/dataset/GRScenes_assets/bottle/691d1b56190c43c06ca49d7968b46683/front.png
bottle,691d1b56190c43c06ca49d7968b46683,left,ok,0.178104,190,348,0.252228,348,32a860b8cd8aa10f73cf962d9537580f6e65fc0966516ce602a0a97a6a0cff58,true,/cpfs/user/zhuzihou/assets/dedup_workspaces/test0_transitive_apply_parallel/dataset/GRScenes_assets/bottle/691d1b56190c43c06ca49d7968b46683/left.png
bottle,691d1b56190c43c06ca49d7968b46683,back,ok,0.177601,470,115,0.206184,470,c6bd03bd909a0e429775ec83df62bba0e528f0ef199a6ef6e425eda9c8dff5d9,true,/cpfs/user/zhuzihou/assets/dedup_workspaces/test0_transitive_apply_parallel/dataset/GRScenes_assets/bottle/691d1b56190c43c06ca49d7968b46683/back.png
bottle,691d1b56190c43c06ca49d7968b46683,right,ok,0.134476,128,347,0.169434,347,e935213db10aa6bcbec29da5011ecd215422354b4c170f12a4ee41b5951a26d1,true,/cpfs/user/zhuzihou/assets/dedup_workspaces/test0_transitive_apply_parallel/dataset/GRScenes_assets/bottle/691d1b56190c43c06ca49d7968b46683/right.png
bottle,6978ac6d93a7bc9deca20e7fdd059ff9,front,ok,0.354691,450,217,0.372505,450,1818611fbe3285dc9b4d973291ec8f0cd311b70a36cbcdc118324eebf061825d,true,/cpfs/user/zhuzihou/assets/dedup_workspaces/test0_transitive_apply_parallel/dataset/GRScenes_assets/bottle/6978ac6d93a7bc9deca20e7fdd059ff9/front.png
bottle,6978ac6d93a7bc9deca20e7fdd059ff9,left,ok,0.321495,308,381,0.447647,381,ca30bcb5f1352d81473859de617940d1fe160aa466e43bd99323d413d86be8c4,true,/cpfs/user/zhuzihou/assets/dedup_workspaces/test0_transitive_apply_parallel/dataset/GRScenes_assets/bottle/6978ac6d93a7bc9deca20e7fdd059ff9/left.png
bottle,6978ac6d93a7bc9deca20e7fdd059ff9,back,ok,0.352203,450,217,0.372505,450,15435b24d6ec0ffdc4e7725136865874f2c56f8b046b6ea0dd749163453eccec,true,/cpfs/user/zhuzihou/assets/dedup_workspaces/test0_transitive_apply_parallel/dataset/GRScenes_assets/bottle/6978ac6d93a7bc9deca20e7fdd059ff9/back.png
bottle,6978ac6d93a7bc9deca20e7fdd059ff9,right,ok,0.318790,308,381,0.447647,381,d2c258bcac8281459037ec719d53db4dce47f3a183c6097b2903492f38f1ee2f,true,/cpfs/user/zhuzihou/assets/dedup_workspaces/test0_transitive_apply_parallel/dataset/GRScenes_assets/bottle/6978ac6d93a7bc9deca20e7fdd059ff9/right.png
bottle,6b10aec896e67c6fc7232679409663ce,front,ok,0.189632,451,138,0.237419,451,932c9497e73ae66de38caef7464c9ba34177b6d8c63c99da2f580bfea7aede46,true,/cpfs/user/zhuzihou/assets/dedup_workspaces/test0_transitive_apply_parallel/dataset/GRScenes_assets/bottle/6b10aec896e67c6fc7232679409663ce/front.png
bottle,6b10aec896e67c6fc7232679409663ce,left,ok,0.157154,170,337,0.218544,337,b3ad674dbda02eced72506fc727a41bd35ddfd8657bf8d84b11a6d5c3c278de6,true,/cpfs/user/zhuzihou/assets/dedup_workspaces/test0_transitive_apply_parallel/dataset/GRScenes_assets/bottle/6b10aec896e67c6fc7232679409663ce/left.png
bottle,6b10aec896e67c6fc7232679409663ce,back,ok,0.189922,448,138,0.235840,448,af14c06ec33a2d01f0443b2211b35cafd6d5438ac4a0dffe8bdae22264287380,true,/cpfs/user/zhuzihou/assets/dedup_workspaces/test0_transitive_apply_parallel/dataset/GRScenes_assets/bottle/6b10aec896e67c6fc7232679409663ce/back.png
bottle,6b10aec896e67c6fc7232679409663ce,right,ok,0.128685,136,343,0.177948,343,d2c8349451c8f857842cb125d31f5dc6731f14dbe194664ea738741407887f56,true,/cpfs/user/zhuzihou/assets/dedup_workspaces/test0_transitive_apply_parallel/dataset/GRScenes_assets/bottle/6b10aec896e67c6fc7232679409663ce/right.png
bottle,6b4ad081aff2726132a705d9a087c582,front,ok,0.179173,460,121,0.212326,460,3594f59cd93637fb22ab84331e3d34d6f239010d85da1fa0ad46405f5db16b98,true,/cpfs/user/zhuzihou/assets/dedup_workspaces/test0_transitive_apply_parallel/dataset/GRScenes_assets/bottle/6b4ad081aff2726132a705d9a087c582/front.png
bottle,6b4ad081aff2726132a705d9a087c582,left,ok,0.177753,192,336,0.246094,336,a4e2cd12bb79518a2721e5b113dd0125acc25961ab9c23a4e5343bf5c5244384,true,/cpfs/user/zhuzihou/assets/dedup_workspaces/test0_transitive_apply_parallel/dataset/GRScenes_assets/bottle/6b4ad081aff2726132a705d9a087c582/left.png
bottle,6b4ad081aff2726132a705d9a087c582,back,ok,0.179493,460,121,0.212326,460,d1c700c2dfe36b0715883fd9b6139dced3dfbc73be079ca9e5842a7ff9b0e689,true,/cpfs/user/zhuzihou/assets/dedup_workspaces/test0_transitive_apply_parallel/dataset/GRScenes_assets/bottle/6b4ad081aff2726132a705d9a087c582/back.png
bottle,6b4ad081aff2726132a705d9a087c582,right,ok,0.130013,140,337,0.179977,337,99df8d0369a4236ea8306810d916da35f4bc2b0395ee07f6290b491d4cfaf56f,true,/cpfs/user/zhuzihou/assets/dedup_workspaces/test0_transitive_apply_parallel/dataset/GRScenes_assets/bottle/6b4ad081aff2726132a705d9a087c582/right.png
bottle,6cd6d7d42e14de38931c92604efd5aef,front,ok,0.177433,443,150,0.253487,443,bc034a705993a8e670a3c7ec138135858c9202dac986160f6b5a2089fcd47feb,true,/cpfs/user/zhuzihou/assets/dedup_workspaces/test0_transitive_apply_parallel/dataset/GRScenes_assets/bottle/6cd6d7d42e14de38931c92604efd5aef/front.png
bottle,6cd6d7d42e14de38931c92604efd5aef,left,ok,0.178787,184,333,0.233734,333,b2a7468f9d23be8bee61575ec98a1ac31a0fd9703782b38532f369fb555d648a,true,/cpfs/user/zhuzihou/assets/dedup_workspaces/test0_transitive_apply_parallel/dataset/GRScenes_assets/bottle/6cd6d7d42e14de38931c92604efd5aef/left.png
bottle,6cd6d7d42e14de38931c92604efd5aef,back,ok,0.177963,443,150,0.253487,443,6c713742ef5f23e90f7c9fba590fa6d254c61e8419d6cf439ef53bc64a782e53,true,/cpfs/user/zhuzihou/assets/dedup_workspaces/test0_transitive_apply_parallel/dataset/GRScenes_assets/bottle/6cd6d7d42e14de38931c92604efd5aef/back.png
bottle,6cd6d7d42e14de38931c92604efd5aef,right,ok,0.122807,146,327,0.182121,327,1cb9d938babc4ce794b6a398e1b012a21e2c2124a74982896680bafc6c6b88c8,true,/cpfs/user/zhuzihou/assets/dedup_workspaces/test0_transitive_apply_parallel/dataset/GRScenes_assets/bottle/6cd6d7d42e14de38931c92604efd5aef/right.png
bottle,6d789fa9638f3187387c726da80c22c8,front,ok,0.227325,453,191,0.330059,453,4c0f08d0c112d3d62ad107d38fbbe1e08d06a45f0e805ec189384fded2373d9c,true,/cpfs/user/zhuzihou/assets/dedup_workspaces/test0_transitive_apply_parallel/dataset/GRScenes_assets/bottle/6d789fa9638f3187387c726da80c22c8/front.png
bottle,6d789fa9638f3187387c726da80c22c8,left,ok,0.142643,126,366,0.175919,366,a3e6a993fd5c8021f0e5a65964799ab1ef1c719c1258a4fa2a3a66e67dcd07c0,true,/cpfs/user/zhuzihou/assets/dedup_workspaces/test0_transitive_apply_parallel/dataset/GRScenes_assets/bottle/6d789fa9638f3187387c726da80c22c8/left.png
bottle,6d789fa9638f3187387c726da80c22c8,back,ok,0.227459,453,191,0.330059,453,f3dc9758e4cec88542ff878036f654f3cb6456d3a4b1551a3a9bf97ca6445459,true,/cpfs/user/zhuzihou/assets/dedup_workspaces/test0_transitive_apply_parallel/dataset/GRScenes_assets/bottle/6d789fa9638f3187387c726da80c22c8/back.png
bottle,6d789fa9638f3187387c726da80c22c8,right,ok,0.099606,82,390,0.121994,390,82f913a18ec40539c12622e1f46ea8bb279a6fc801dd32c9296337b72a49df94,true,/cpfs/user/zhuzihou/assets/dedup_workspaces/test0_transitive_apply_parallel/dataset/GRScenes_assets/bottle/6d789fa9638f3187387c726da80c22c8/right.png
bottle,6ec6fb8444e4322cd3c31cb2fd89876b,front,ok,0.069431,253,266,0.256721,266,b12ccd7205a164d492914dff1fd1c39073d08674f642f123c2bedc974e27f122,true,/cpfs/user/zhuzihou/assets/dedup_workspaces/test0_transitive_apply_parallel/dataset/GRScenes_assets/bottle/6ec6fb8444e4322cd3c31cb2fd89876b/front.png
bottle,6ec6fb8444e4322cd3c31cb2fd89876b,left,ok,0.032166,227,401,0.347240,401,d66e51c77912eda74a1420937131cf0e0a7fd1c5ade44787b41d9b317d3c8ed3,true,/cpfs/user/zhuzihou/assets/dedup_workspaces/test0_transitive_apply_parallel/dataset/GRScenes_assets/bottle/6ec6fb8444e4322cd3c31cb2fd89876b/left.png
bottle,6ec6fb8444e4322cd3c31cb2fd89876b,back,ok,0.040142,187,421,0.300320,421,2e814fefe671c2248250de9d71e706294a5e6742c5fda0fe9065ae12ce885c85,true,/cpfs/user/zhuzihou/assets/dedup_workspaces/test0_transitive_apply_parallel/dataset/GRScenes_assets/bottle/6ec6fb8444e4322cd3c31cb2fd89876b/back.png
bottle,6ec6fb8444e4322cd3c31cb2fd89876b,right,ok,0.029240,196,305,0.228043,305,0500cfe670cf3f57b8686a9a84c76114c720a880847ec23e4b8b8344157656f1,true,/cpfs/user/zhuzihou/assets/dedup_workspaces/test0_transitive_apply_parallel/dataset/GRScenes_assets/bottle/6ec6fb8444e4322cd3c31cb2fd89876b/right.png
bottle,6fd2d41e9f66f2fc0e7a6c05e760575a,front,ok,0.152168,474,108,0.195282,474,55495d3570448696459b01f7f192925be4138a5b318fba9db4176a7e214e90dc,true,/cpfs/user/zhuzihou/assets/dedup_workspaces/test0_transitive_apply_parallel/dataset/GRScenes_assets/bottle/6fd2d41e9f66f2fc0e7a6c05e760575a/front.png
bottle,6fd2d41e9f66f2fc0e7a6c05e760575a,left,ok,0.159245,173,354,0.233620,354,78df8aa41cafd921fcf79eba739d58c9b181d39a88497eb9152d0d78a13f8cf2,true,/cpfs/user/zhuzihou/assets/dedup_workspaces/test0_transitive_apply_parallel/dataset/GRScenes_assets/bottle/6fd2d41e9f66f2fc0e7a6c05e760575a/left.png
bottle,6fd2d41e9f66f2fc0e7a6c05e760575a,back,ok,0.154793,475,106,0.192070,475,20656dbeec70e71538149b7d2d15fe4b80722e036ad896e1354f2dcc2085fff7,true,/cpfs/user/zhuzihou/assets/dedup_workspaces/test0_transitive_apply_parallel/dataset/GRScenes_assets/bottle/6fd2d41e9f66f2fc0e7a6c05e760575a/back.png
bottle,6fd2d41e9f66f2fc0e7a6c05e760575a,right,ok,0.106255,117,350,0.156212,350,d2f5b797eca96711a8064c9d86c6dc69a7d4d6e0577bf5848b83b1ed8542cebb,true,/cpfs/user/zhuzihou/assets/dedup_workspaces/test0_transitive_apply_parallel/dataset/GRScenes_assets/bottle/6fd2d41e9f66f2fc0e7a6c05e760575a/right.png
bottle,6fda904c9ea76ea7884ea2987a3254d9,front,ok,0.351414,450,217,0.372505,450,2c054db0d78ff0f90e39467f152aab8acbe99452d5c6298ca02ed062dedf98f9,true,/cpfs/user/zhuzihou/assets/dedup_workspaces/test0_transitive_apply_parallel/dataset/GRScenes_assets/bottle/6fda904c9ea76ea7884ea2987a3254d9/front.png
bottle,6fda904c9ea76ea7884ea2987a3254d9,left,ok,0.318573,307,381,0.446194,381,dd8f37162ae4d0aaf45943f2f66cbebac7495e4dd9e5b84b7f2c8912d407fca5,true,/cpfs/user/zhuzihou/assets/dedup_workspaces/test0_transitive_apply_parallel/dataset/GRScenes_assets/bottle/6fda904c9ea76ea7884ea2987a3254d9/left.png
bottle,6fda904c9ea76ea7884ea2987a3254d9,back,ok,0.348251,450,217,0.372505,450,02252964f0371421d9130283fdcad9e0510fb7ab812fae0ac92ce424157594e0,true,/cpfs/user/zhuzihou/assets/dedup_workspaces/test0_transitive_apply_parallel/dataset/GRScenes_assets/bottle/6fda904c9ea76ea7884ea2987a3254d9/back.png
bottle,6fda904c9ea76ea7884ea2987a3254d9,right,ok,0.318153,307,381,0.446194,381,0e9c66c431bd12dc5dc05a6baa2f9f48a18fca6e0d3928a08f59c22c1c23da4e,true,/cpfs/user/zhuzihou/assets/dedup_workspaces/test0_transitive_apply_parallel/dataset/GRScenes_assets/bottle/6fda904c9ea76ea7884ea2987a3254d9/right.png
bottle,71bec0177c030f563c8a5a0307db801e,front,ok,0.284657,440,192,0.322266,440,610b327837fe0833f28da76cca1d43cd27675ae81b23bc6e6998fe1b14d66def,true,/cpfs/user/zhuzihou/assets/dedup_workspaces/test0_transitive_apply_parallel/dataset/GRScenes_assets/bottle/71bec0177c030f563c8a5a0307db801e/front.png
bottle,71bec0177c030f563c8a5a0307db801e,left,ok,0.279476,281,358,0.383751,358,fd2d199816b80475869be87b4e7c21e21a46a02d463cea6fd4aaf7fd73629f82,true,/cpfs/user/zhuzihou/assets/dedup_workspaces/test0_transitive_apply_parallel/dataset/GRScenes_assets/bottle/71bec0177c030f563c8a5a0307db801e/left.png
bottle,71bec0177c030f563c8a5a0307db801e,back,ok,0.282646,440,191,0.320587,440,bd3e9e6b4c4251b837df067244fed45422c340acef4f2d823b2c006a80d4495b,true,/cpfs/user/zhuzihou/assets/dedup_workspaces/test0_transitive_apply_parallel/dataset/GRScenes_assets/bottle/71bec0177c030f563c8a5a0307db801e/back.png
bottle,71bec0177c030f563c8a5a0307db801e,right,ok,0.223778,230,352,0.308838,352,302c830fe31c83108a12918a4350a16661ce807817c4b0bab9badf562f2ac147,true,/cpfs/user/zhuzihou/assets/dedup_workspaces/test0_transitive_apply_parallel/dataset/GRScenes_assets/bottle/71bec0177c030f563c8a5a0307db801e/right.png
bottle,73f64d36da65990e88ea21c0ef0685fd,front,ok,0.158649,443,116,0.196030,443,248654d8a817003484a6cf9a10c8da8cbb8a5b35a4b16f922169fec0950f787a,true,/cpfs/user/zhuzihou/assets/dedup_workspaces/test0_transitive_apply_parallel/dataset/GRScenes_assets/bottle/73f64d36da65990e88ea21c0ef0685fd/front.png
bottle,73f64d36da65990e88ea21c0ef0685fd,left,ok,0.125748,139,328,0.173920,328,68e241cdec414ad1bffc3853ccb7c755d359bf8452136832e6fe8f424ca4670f,true,/cpfs/user/zhuzihou/assets/dedup_workspaces/test0_transitive_apply_parallel/dataset/GRScenes_assets/bottle/73f64d36da65990e88ea21c0ef0685fd/left.png
bottle,73f64d36da65990e88ea21c0ef0685fd,back,ok,0.147240,466,140,0.248871,466,e5f610842597f1ed2fba3476c56789a0e6ee06a1552dcdccf5eb3d66da3fcf31,true,/cpfs/user/zhuzihou/assets/dedup_workspaces/test0_transitive_apply_parallel/dataset/GRScenes_assets/bottle/73f64d36da65990e88ea21c0ef0685fd/back.png
bottle,73f64d36da65990e88ea21c0ef0685fd,right,ok,0.094486,169,351,0.226284,351,db518f769b1dc94ab3051207584505edbd2cff69da53091ea0b1bed561f0c640,true,/cpfs/user/zhuzihou/assets/dedup_workspaces/test0_transitive_apply_parallel/dataset/GRScenes_assets/bottle/73f64d36da65990e88ea21c0ef0685fd/right.png
bottle,74b27ded7e2ec0e6cd98f45af40efaae,front,ok,0.168285,455,120,0.208282,455,7fb5a8cf3d0fdf35cc3b1ff196f4a8ec997531ba47998a079f3757fcd9d39bb0,true,/cpfs/user/zhuzihou/assets/dedup_workspaces/test0_transitive_apply_parallel/dataset/GRScenes_assets/bottle/74b27ded7e2ec0e6cd98f45af40efaae/front.png
bottle,74b27ded7e2ec0e6cd98f45af40efaae,left,ok,0.135433,146,339,0.188805,339,a489451f19cd1dfa4d671d73db646556573c96b45ad3a51ffe40966ac87da3c7,true,/cpfs/user/zhuzihou/assets/dedup_workspaces/test0_transitive_apply_parallel/dataset/GRScenes_assets/bottle/74b27ded7e2ec0e6cd98f45af40efaae/left.png
bottle,74b27ded7e2ec0e6cd98f45af40efaae,back,ok,0.168774,457,120,0.209198,457,9a79d4a0addc9489514d88a4bea62ae784affc1e615fd0e31ef42f21f3b7e7ba,true,/cpfs/user/zhuzihou/assets/dedup_workspaces/test0_transitive_apply_parallel/dataset/GRScenes_assets/bottle/74b27ded7e2ec0e6cd98f45af40efaae/back.png
bottle,74b27ded7e2ec0e6cd98f45af40efaae,right,ok,0.110447,118,342,0.153946,342,f1b3a6a5b0fca1bc776cd10b095d1f023b94cfe74462487070e6a4b07c03fb45,true,/cpfs/user/zhuzihou/assets/dedup_workspaces/test0_transitive_apply_parallel/dataset/GRScenes_assets/bottle/74b27ded7e2ec0e6cd98f45af40efaae/right.png
bottle,773d70ba991df126394cf8f60a1bcf60,front,ok,0.355457,450,217,0.372505,450,ee98d16f900ea9d382458fe14ea857481c58ac886fd00209b4536ef2815dd123,true,/cpfs/user/zhuzihou/assets/dedup_workspaces/test0_transitive_apply_parallel/dataset/GRScenes_assets/bottle/773d70ba991df126394cf8f60a1bcf60/front.png
bottle,773d70ba991df126394cf8f60a1bcf60,left,ok,0.322594,308,381,0.447647,381,bcbf0d6e339311f2114c07b8b0258b491c069ecd3575ae1b977f4fc5f90c4e27,true,/cpfs/user/zhuzihou/assets/dedup_workspaces/test0_transitive_apply_parallel/dataset/GRScenes_assets/bottle/773d70ba991df126394cf8f60a1bcf60/left.png
bottle,773d70ba991df126394cf8f60a1bcf60,back,ok,0.354305,450,217,0.372505,450,f62fbc075531c6724d32a9304a75f6937619b7ccadfc0892a6a24115a77886a3,true,/cpfs/user/zhuzihou/assets/dedup_workspaces/test0_transitive_apply_parallel/dataset/GRScenes_assets/bottle/773d70ba991df126394cf8f60a1bcf60/back.png
bottle,773d70ba991df126394cf8f60a1bcf60,right,ok,0.288303,308,381,0.447647,381,26d38b81e454389194f76e9cbc8b3a68449060b8fbb4df0e2d37d0a20e97d069,true,/cpfs/user/zhuzihou/assets/dedup_workspaces/test0_transitive_apply_parallel/dataset/GRScenes_assets/bottle/773d70ba991df126394cf8f60a1bcf60/right.png
bottle,774d8c817601295612b1bb1b9d580b9a,front,ok,0.186100,458,126,0.220139,458,6e7a50c53f358a1765eb427da4744917a2275beb5b08d9e7e3d3138e6b03e05b,true,/cpfs/user/zhuzihou/assets/dedup_workspaces/test0_transitive_apply_parallel/dataset/GRScenes_assets/bottle/774d8c817601295612b1bb1b9d580b9a/front.png
bottle,774d8c817601295612b1bb1b9d580b9a,left,ok,0.177368,188,338,0.242401,338,947a609a5cfe809587e52c3cb0bb2508f14ac2c2190667acbbff5d9a1b6377ac,true,/cpfs/user/zhuzihou/assets/dedup_workspaces/test0_transitive_apply_parallel/dataset/GRScenes_assets/bottle/774d8c817601295612b1bb1b9d580b9a/left.png
bottle,774d8c817601295612b1bb1b9d580b9a,back,ok,0.186691,458,126,0.220139,458,0f56a1cbea081ad942dd2add24160cae21c718c314178ff1c81b68f357f63c2d,true,/cpfs/user/zhuzihou/assets/dedup_workspaces/test0_transitive_apply_parallel/dataset/GRScenes_assets/bottle/774d8c817601295612b1bb1b9d580b9a/back.png
bottle,774d8c817601295612b1bb1b9d580b9a,right,ok,0.129539,138,340,0.178986,340,366f581a20a28cf58fb755393a29d6a812dd24d83ddea714626fd9da9f3cef86,true,/cpfs/user/zhuzihou/assets/dedup_workspaces/test0_transitive_apply_parallel/dataset/GRScenes_assets/bottle/774d8c817601295612b1bb1b9d580b9a/right.png
bottle,776d740368102dd24fc9f1c5b9c899cb,front,ok,0.179455,463,103,0.181919,463,fbfbc3eeceb641fbd42f91c350f7e261eeecb189cc9007ff2b52620d1f1e790e,true,/cpfs/user/zhuzihou/assets/dedup_workspaces/test0_transitive_apply_parallel/dataset/GRScenes_assets/bottle/776d740368102dd24fc9f1c5b9c899cb/front.png
bottle,776d740368102dd24fc9f1c5b9c899cb,left,ok,0.141155,155,367,0.216999,367,3290217c833e2705fd544b211a82dd524f4e65b2bb03d1a275b6361cc3671655,true,/cpfs/user/zhuzihou/assets/dedup_workspaces/test0_transitive_apply_parallel/dataset/GRScenes_assets/bottle/776d740368102dd24fc9f1c5b9c899cb/left.png
bottle,776d740368102dd24fc9f1c5b9c899cb,back,ok,0.144444,487,103,0.191349,487,b64e4a6f380936f08d11a52fdf41675828c3cdc5615f810ca6ac766db343168f,true,/cpfs/user/zhuzihou/assets/dedup_workspaces/test0_transitive_apply_parallel/dataset/GRScenes_assets/bottle/776d740368102dd24fc9f1c5b9c899cb/back.png
bottle,776d740368102dd24fc9f1c5b9c899cb,right,ok,0.103382,93,368,0.130554,368,ee05dd886614dbbe4313b0fb483b61cdf4d78cdfbaec1700ffc9a2002420b12b,true,/cpfs/user/zhuzihou/assets/dedup_workspaces/test0_transitive_apply_parallel/dataset/GRScenes_assets/bottle/776d740368102dd24fc9f1c5b9c899cb/right.png
bottle,785887b2a0298544416f5be6b5624a5c,front,ok,0.344372,450,217,0.372505,450,35b61c251cb898ab9f5f55aac99e214d7b2c090fea3a5910b88fe41fffe4d0a8,true,/cpfs/user/zhuzihou/assets/dedup_workspaces/test0_transitive_apply_parallel/dataset/GRScenes_assets/bottle/785887b2a0298544416f5be6b5624a5c/front.png
bottle,785887b2a0298544416f5be6b5624a5c,left,ok,0.321869,307,381,0.446194,381,d9711ced99643f15c6232f9d25742f9c0e60d24bb55c3ecb340c58030c64a6f4,true,/cpfs/user/zhuzihou/assets/dedup_workspaces/test0_transitive_apply_parallel/dataset/GRScenes_assets/bottle/785887b2a0298544416f5be6b5624a5c/left.png
bottle,785887b2a0298544416f5be6b5624a5c,back,ok,0.345539,450,217,0.372505,450,7c62521fa95526924df43d4a7d7059c90b7b0b73e6f2b58de098cf43d6872b7f,true,/cpfs/user/zhuzihou/assets/dedup_workspaces/test0_transitive_apply_parallel/dataset/GRScenes_assets/bottle/785887b2a0298544416f5be6b5624a5c/back.png
bottle,785887b2a0298544416f5be6b5624a5c,right,ok,0.319092,308,381,0.447647,381,e558aa7c15f770ea6e79b8f55b5d521fb94e24532b22a6d983114a1c0cb32d2a,true,/cpfs/user/zhuzihou/assets/dedup_workspaces/test0_transitive_apply_parallel/dataset/GRScenes_assets/bottle/785887b2a0298544416f5be6b5624a5c/right.png
bottle,78e22eac651ac424bd3ca72e5f5a6bc4,front,ok,0.157513,474,113,0.204323,474,31913f781660df3a583ca0505b39f240b1a6916be5b385d01056202d76d2dcd6,true,/cpfs/user/zhuzihou/assets/dedup_workspaces/test0_transitive_apply_parallel/dataset/GRScenes_assets/bottle/78e22eac651ac424bd3ca72e5f5a6bc4/front.png
bottle,78e22eac651ac424bd3ca72e5f5a6bc4,left,ok,0.167976,181,354,0.244423,354,9df83a859744f127701258558bfe0f93677ec9e962b4908c15ad81ef154fec2b,true,/cpfs/user/zhuzihou/assets/dedup_workspaces/test0_transitive_apply_parallel/dataset/GRScenes_assets/bottle/78e22eac651ac424bd3ca72e5f5a6bc4/left.png
bottle,78e22eac651ac424bd3ca72e5f5a6bc4,back,ok,0.164970,472,114,0.205261,472,67c1e5b82d0b7da023aea074e2d3ef0c85c392653ce3f5bc2f4353b9bd2640c7,true,/cpfs/user/zhuzihou/assets/dedup_workspaces/test0_transitive_apply_parallel/dataset/GRScenes_assets/bottle/78e22eac651ac424bd3ca72e5f5a6bc4/back.png
bottle,78e22eac651ac424bd3ca72e5f5a6bc4,right,ok,0.112705,123,352,0.165161,352,0bb59f72ccdbaa70059dfd8212de7e98e36a73b25deeee5ae88ddec105599037,true,/cpfs/user/zhuzihou/assets/dedup_workspaces/test0_transitive_apply_parallel/dataset/GRScenes_assets/bottle/78e22eac651ac424bd3ca72e5f5a6bc4/right.png
bottle,7abfc8692c6ae021afdc6f2aacf711b9,front,ok,0.355938,450,217,0.372505,450,c6d6c416ceb76ca85b603993ffe254a101cf97317b3bb9d7d6dff7756f0c653f,true,/cpfs/user/zhuzihou/assets/dedup_workspaces/test0_transitive_apply_parallel/dataset/GRScenes_assets/bottle/7abfc8692c6ae021afdc6f2aacf711b9/front.png
bottle,7abfc8692c6ae021afdc6f2aacf711b9,left,ok,0.322601,308,381,0.447647,381,285fd698e5c91e9384b62bb906a11f01df04067281a72dea22fa954b44cbdff4,true,/cpfs/user/zhuzihou/assets/dedup_workspaces/test0_transitive_apply_parallel/dataset/GRScenes_assets/bottle/7abfc8692c6ae021afdc6f2aacf711b9/left.png
bottle,7abfc8692c6ae021afdc6f2aacf711b9,back,ok,0.356094,450,217,0.372505,450,18a5e8204f62c825c65f3f34d9682dbeae69a08d752c84736997c787f615e597,true,/cpfs/user/zhuzihou/assets/dedup_workspaces/test0_transitive_apply_parallel/dataset/GRScenes_assets/bottle/7abfc8692c6ae021afdc6f2aacf711b9/back.png
bottle,7abfc8692c6ae021afdc6f2aacf711b9,right,ok,0.284641,308,381,0.447647,381,1e273288c448dce5ed07f000d0e1691485b5e3934594d2efddca414ca957a6d9,true,/cpfs/user/zhuzihou/assets/dedup_workspaces/test0_transitive_apply_parallel/dataset/GRScenes_assets/bottle/7abfc8692c6ae021afdc6f2aacf711b9/right.png
bottle,7c3600e246ec48c49c73cf290aee1b34,front,ok,0.342709,450,217,0.372505,450,227cfc9a22c083fa111e756a7b9b367d3f42bc64cfcec27ecb02ee908c1c2e72,true,/cpfs/user/zhuzihou/assets/dedup_workspaces/test0_transitive_apply_parallel/dataset/GRScenes_assets/bottle/7c3600e246ec48c49c73cf290aee1b34/front.png
bottle,7c3600e246ec48c49c73cf290aee1b34,left,ok,0.321667,307,381,0.446194,381,fe97cc1d7936814986e80ef467b19030023cb63a03c31c490f4c9c54d6c476b1,true,/cpfs/user/zhuzihou/assets/dedup_workspaces/test0_transitive_apply_parallel/dataset/GRScenes_assets/bottle/7c3600e246ec48c49c73cf290aee1b34/left.png
bottle,7c3600e246ec48c49c73cf290aee1b34,back,ok,0.333347,450,217,0.372505,450,30531cce730f358a25cc0a7af8a098f3c59ddc894acb2e4b738c98bc55f1ec68,true,/cpfs/user/zhuzihou/assets/dedup_workspaces/test0_transitive_apply_parallel/dataset/GRScenes_assets/bottle/7c3600e246ec48c49c73cf290aee1b34/back.png
bottle,7c3600e246ec48c49c73cf290aee1b34,right,ok,0.318748,308,381,0.447647,381,8e97c6d9822cdb33cf7344b92b6725e4686a291ccd2888623b5884033a249362,true,/cpfs/user/zhuzihou/assets/dedup_workspaces/test0_transitive_apply_parallel/dataset/GRScenes_assets/bottle/7c3600e246ec48c49c73cf290aee1b34/right.png
bottle,7e09438c1309881278bc6058c7ac9c3b,front,ok,0.292599,480,175,0.320435,480,95a2811ff28074934c6942199745f1a667c4ce427ae2d39353ee4ed408965b3c,true,/cpfs/user/zhuzihou/assets/dedup_workspaces/test0_transitive_apply_parallel/dataset/GRScenes_assets/bottle/7e09438c1309881278bc6058c7ac9c3b/front.png
bottle,7e09438c1309881278bc6058c7ac9c3b,left,ok,0.291580,298,369,0.419472,369,d96dc35197a8f69e7b93ac0fa1877c5b04dd279cb312ddd630a1415a3bff3a57,true,/cpfs/user/zhuzihou/assets/dedup_workspaces/test0_transitive_apply_parallel/dataset/GRScenes_assets/bottle/7e09438c1309881278bc6058c7ac9c3b/left.png
bottle,7e09438c1309881278bc6058c7ac9c3b,back,ok,0.294834,480,175,0.320435,480,e9f378ca99b7da54dbc34b35a56275da1b9a4bb029f38e7ffd92ae7b7a12ed8f,true,/cpfs/user/zhuzihou/assets/dedup_workspaces/test0_transitive_apply_parallel/dataset/GRScenes_assets/bottle/7e09438c1309881278bc6058c7ac9c3b/back.png
bottle,7e09438c1309881278bc6058c7ac9c3b,right,ok,0.291603,300,369,0.422287,369,ff63412e922a47ef12cd5d10dd0271dc5072ef2be43671e187a5c1b6bde80362,true,/cpfs/user/zhuzihou/assets/dedup_workspaces/test0_transitive_apply_parallel/dataset/GRScenes_assets/bottle/7e09438c1309881278bc6058c7ac9c3b/right.png
bottle,7e9d731b49eda91aeca0f040a605ed50,front,ok,0.352978,450,216,0.370789,450,07534f5ad90b5bf4b550aba17ddc1fbe9a1044453c7c588a07c2cee4a78824f5,true,/cpfs/user/zhuzihou/assets/dedup_workspaces/test0_transitive_apply_parallel/dataset/GRScenes_assets/bottle/7e9d731b49eda91aeca0f040a605ed50/front.png
bottle,7e9d731b49eda91aeca0f040a605ed50,left,ok,0.321602,308,381,0.447647,381,20531bab2f02a202dee85c48612945c07dea1e527bc550ea33190b72e62dd1a8,true,/cpfs/user/zhuzihou/assets/dedup_workspaces/test0_transitive_apply_parallel/dataset/GRScenes_assets/bottle/7e9d731b49eda91aeca0f040a605ed50/left.png
bottle,7e9d731b49eda91aeca0f040a605ed50,back,ok,0.353767,450,217,0.372505,450,267bfe9ed31a33b85a298c348388258e7fd33d0ef94a9ec63e9594aeca96f9fd,true,/cpfs/user/zhuzihou/assets/dedup_workspaces/test0_transitive_apply_parallel/dataset/GRScenes_assets/bottle/7e9d731b49eda91aeca0f040a605ed50/back.png
bottle,7e9d731b49eda91aeca0f040a605ed50,right,ok,0.318844,308,381,0.447647,381,319dcd2899d3a9cdea5d14e567ce2f66f3ef7e31ba0bdabc5cc8aeba37885431,true,/cpfs/user/zhuzihou/assets/dedup_workspaces/test0_transitive_apply_parallel/dataset/GRScenes_assets/bottle/7e9d731b49eda91aeca0f040a605ed50/right.png
bottle,7ecf9257d56bb9608ce272d57f129b85,front,ok,0.168285,455,120,0.208282,455,6bee0f99ccec0a25b54fcde66db3ccea744fca6a76399efd661b5a8648554479,true,/cpfs/user/zhuzihou/assets/dedup_workspaces/test0_transitive_apply_parallel/dataset/GRScenes_assets/bottle/7ecf9257d56bb9608ce272d57f129b85/front.png
bottle,7ecf9257d56bb9608ce272d57f129b85,left,ok,0.135429,146,339,0.188805,339,5067f5cc1becbd12873474ccc6c197b70013e83a90de78307882bde1096eba6b,true,/cpfs/user/zhuzihou/assets/dedup_workspaces/test0_transitive_apply_parallel/dataset/GRScenes_assets/bottle/7ecf9257d56bb9608ce272d57f129b85/left.png
bottle,7ecf9257d56bb9608ce272d57f129b85,back,ok,0.168770,457,120,0.209198,457,8cca278396fee10e6e0b41f822224a9d0b4a5bc45f5634ee657071f76ecc841a,true,/cpfs/user/zhuzihou/assets/dedup_workspaces/test0_transitive_apply_parallel/dataset/GRScenes_assets/bottle/7ecf9257d56bb9608ce272d57f129b85/back.png
bottle,7ecf9257d56bb9608ce272d57f129b85,right,ok,0.110451,118,342,0.153946,342,d83de69c07252bb7e63aee6c875085b5ff973b41e5f10e7698cee1d7a9b37a7a,true,/cpfs/user/zhuzihou/assets/dedup_workspaces/test0_transitive_apply_parallel/dataset/GRScenes_assets/bottle/7ecf9257d56bb9608ce272d57f129b85/right.png
bottle,7edbfd1ef4096e773d3afee45adcd314,front,ok,0.188038,456,141,0.245270,456,13dd85b23c7f3e9bf6b5fcf6d593dbc664de523389a75d4bba4cdf7fa35f9ef8,true,/cpfs/user/zhuzihou/assets/dedup_workspaces/test0_transitive_apply_parallel/dataset/GRScenes_assets/bottle/7edbfd1ef4096e773d3afee45adcd314/front.png
bottle,7edbfd1ef4096e773d3afee45adcd314,left,ok,0.166355,180,348,0.238953,348,f2bf4979e5d0b17d2e679249cff16499700c021e4d788e16db3809cf0793b710,true,/cpfs/user/zhuzihou/assets/dedup_workspaces/test0_transitive_apply_parallel/dataset/GRScenes_assets/bottle/7edbfd1ef4096e773d3afee45adcd314/left.png
bottle,7edbfd1ef4096e773d3afee45adcd314,back,ok,0.183285,457,138,0.240578,457,a608f5911bf9c4bc64ec8280865c26c46f3756ee77236547bd58d631f77ab936,true,/cpfs/user/zhuzihou/assets/dedup_workspaces/test0_transitive_apply_parallel/dataset/GRScenes_assets/bottle/7edbfd1ef4096e773d3afee45adcd314/back.png
bottle,7edbfd1ef4096e773d3afee45adcd314,right,ok,0.108105,126,346,0.166306,346,859811d933eafad9616c789843ba0d1db4d761660e8107b9ccd9cb0b01c459d8,true,/cpfs/user/zhuzihou/assets/dedup_workspaces/test0_transitive_apply_parallel/dataset/GRScenes_assets/bottle/7edbfd1ef4096e773d3afee45adcd314/right.png
bottle,7f79e2039c92fdb7aad5403257421ad3,front,ok,0.361710,388,266,0.393707,388,92cc252aeea3b3a5a26a79d008264754e62a4c21f12045734c4fb70c43014faf,true,/cpfs/user/zhuzihou/assets/dedup_workspaces/test0_transitive_apply_parallel/dataset/GRScenes_assets/bottle/7f79e2039c92fdb7aad5403257421ad3/front.png
bottle,7f79e2039c92fdb7aad5403257421ad3,left,ok,0.332115,343,367,0.480198,367,ed9fbf5bd4c7a0fff224a54edcc49edad1024fe937fd5c1f8fe334fcfd205ce6,true,/cpfs/user/zhuzihou/assets/dedup_workspaces/test0_transitive_apply_parallel/dataset/GRScenes_assets/bottle/7f79e2039c92fdb7aad5403257421ad3/left.png
bottle,7f79e2039c92fdb7aad5403257421ad3,back,ok,0.360420,389,266,0.394722,389,e82f092fc571979157994b0cb085a771e5bc372e6100659092fc45a0be05aefc,true,/cpfs/user/zhuzihou/assets/dedup_workspaces/test0_transitive_apply_parallel/dataset/GRScenes_assets/bottle/7f79e2039c92fdb7aad5403257421ad3/back.png
bottle,7f79e2039c92fdb7aad5403257421ad3,right,ok,0.349094,336,371,0.475525,371,905f6635410c919536cd0be2b51071ddec88bef3b50430a6db4e0eb2689e0c35,true,/cpfs/user/zhuzihou/assets/dedup_workspaces/test0_transitive_apply_parallel/dataset/GRScenes_assets/bottle/7f79e2039c92fdb7aad5403257421ad3/right.png
bottle,7f7e15a537f2f1ccee9a602473a8b1dc,front,ok,0.257675,466,172,0.305756,466,2f3072fde45fa5a1b2c6d62a55b6ee1dce713b925c2f5373503b16869a2e4d1a,true,/cpfs/user/zhuzihou/assets/dedup_workspaces/test0_transitive_apply_parallel/dataset/GRScenes_assets/bottle/7f7e15a537f2f1ccee9a602473a8b1dc/front.png
bottle,7f7e15a537f2f1ccee9a602473a8b1dc,left,ok,0.211182,200,353,0.269318,353,72f57ed8a95a6f9be9eb2b64bc04cb43844341d3d4fd3c991336a19f1912be84,true,/cpfs/user/zhuzihou/assets/dedup_workspaces/test0_transitive_apply_parallel/dataset/GRScenes_assets/bottle/7f7e15a537f2f1ccee9a602473a8b1dc/left.png
bottle,7f7e15a537f2f1ccee9a602473a8b1dc,back,ok,0.257652,466,172,0.305756,466,ec3e0bc04b52fb3bdc5def1d2def583312f667751cbe21c984ca2267bad9cf19,true,/cpfs/user/zhuzihou/assets/dedup_workspaces/test0_transitive_apply_parallel/dataset/GRScenes_assets/bottle/7f7e15a537f2f1ccee9a602473a8b1dc/back.png
bottle,7f7e15a537f2f1ccee9a602473a8b1dc,right,ok,0.169315,160,359,0.219116,359,a021ea63ffebf5423200c0678a174ab4778dd50ae186ae81a8ba1019b2803580,true,/cpfs/user/zhuzihou/assets/dedup_workspaces/test0_transitive_apply_parallel/dataset/GRScenes_assets/bottle/7f7e15a537f2f1ccee9a602473a8b1dc/right.png
bottle,7fad482f299a4cba8bba988cb5f287b5,front,ok,0.278057,488,155,0.288544,488,08fa0cf4c79d872540354de9848f373f5ba6ea8872d6285c033167294881e184,true,/cpfs/user/zhuzihou/assets/dedup_workspaces/test0_transitive_apply_parallel/dataset/GRScenes_assets/bottle/7fad482f299a4cba8bba988cb5f287b5/front.png
bottle,7fad482f299a4cba8bba988cb5f287b5,left,ok,0.270733,270,372,0.383148,372,8864532b2058b3b3fec930334f6d2e797389269e4a7a1bee2331667bedf5d201,true,/cpfs/user/zhuzihou/assets/dedup_workspaces/test0_transitive_apply_parallel/dataset/GRScenes_assets/bottle/7fad482f299a4cba8bba988cb5f287b5/left.png
bottle,7fad482f299a4cba8bba988cb5f287b5,back,ok,0.278099,488,155,0.288544,488,93e1ab64eecad8b2691f432a2159d6e5f22d654cab7f71c3bb0aa68b6106ab84,true,/cpfs/user/zhuzihou/assets/dedup_workspaces/test0_transitive_apply_parallel/dataset/GRScenes_assets/bottle/7fad482f299a4cba8bba988cb5f287b5/back.png
bottle,7fad482f299a4cba8bba988cb5f287b5,right,ok,0.271866,272,373,0.387024,373,e9bf621d34b1ad9587497f237eab1bae8590bee1472294dc2c93c3c643e6e96e,true,/cpfs/user/zhuzihou/assets/dedup_workspaces/test0_transitive_apply_parallel/dataset/GRScenes_assets/bottle/7fad482f299a4cba8bba988cb5f287b5/right.png
bottle,81195e8cf08f6209b45b6fc77f81b540,front,ok,0.348171,318,381,0.462181,381,abf6f23ad91bf5313f36fa3f7ee81678d726adf6864233c0096f549b98301445,true,/cpfs/user/zhuzihou/assets/dedup_workspaces/test0_transitive_apply_parallel/dataset/GRScenes_assets/bottle/81195e8cf08f6209b45b6fc77f81b540/front.png
bottle,81195e8cf08f6209b45b6fc77f81b540,left,ok,0.448769,511,268,0.522415,511,ce4b186471f7ed4109564535e7e045a3c294369ce15f627e1ae8897a02d0ffd8,true,/cpfs/user/zhuzihou/assets/dedup_workspaces/test0_transitive_apply_parallel/dataset/GRScenes_assets/bottle/81195e8cf08f6209b45b6fc77f81b540/left.png
bottle,81195e8cf08f6209b45b6fc77f81b540,back,ok,0.307911,318,380,0.460968,380,d4b08d3d4d9a09f807d709f6461cb3bebe0df6aa10f28f755112b71356e22884,true,/cpfs/user/zhuzihou/assets/dedup_workspaces/test0_transitive_apply_parallel/dataset/GRScenes_assets/bottle/81195e8cf08f6209b45b6fc77f81b540/back.png
bottle,81195e8cf08f6209b45b6fc77f81b540,right,ok,0.375965,459,246,0.430733,459,3f6eee550642c7b6473e3ccdf90ee75dbbe018d336fbf9d0f29df2fa60612cdb,true,/cpfs/user/zhuzihou/assets/dedup_workspaces/test0_transitive_apply_parallel/dataset/GRScenes_assets/bottle/81195e8cf08f6209b45b6fc77f81b540/right.png
bottle,81c807f06b272d333edbee3ce30e8f7e,front,ok,0.434837,485,274,0.506935,485,4f2ef84c196609f5ff899cbf3020b5f931d1b916c748a6e39402daa62498f2d7,true,/cpfs/user/zhuzihou/assets/dedup_workspaces/test0_transitive_apply_parallel/dataset/GRScenes_assets/bottle/81c807f06b272d333edbee3ce30e8f7e/front.png
bottle,81c807f06b272d333edbee3ce30e8f7e,left,ok,0.407017,354,379,0.511803,379,f9d71590dbcc4867224aaabd1f54b53908c55daf165a751234ef519f109f7f7c,true,/cpfs/user/zhuzihou/assets/dedup_workspaces/test0_transitive_apply_parallel/dataset/GRScenes_assets/bottle/81c807f06b272d333edbee3ce30e8f7e/left.png
bottle,81c807f06b272d333edbee3ce30e8f7e,back,ok,0.428951,473,274,0.494392,473,4078bd680e0bf9ab062ab76c8245c8da20c16c8eeced314b240da9a325ea3f93,true,/cpfs/user/zhuzihou/assets/dedup_workspaces/test0_transitive_apply_parallel/dataset/GRScenes_assets/bottle/81c807f06b272d333edbee3ce30e8f7e/back.png
bottle,81c807f06b272d333edbee3ce30e8f7e,right,ok,0.352108,324,352,0.435059,352,e79da383307ff606b300e40d9e5d165dbd57a73df888c414390d242579ef6f89,true,/cpfs/user/zhuzihou/assets/dedup_workspaces/test0_transitive_apply_parallel/dataset/GRScenes_assets/bottle/81c807f06b272d333edbee3ce30e8f7e/right.png
bottle,82afaacc024b5f766bb195e168a1a2a5,front,ok,0.185192,468,121,0.216019,468,785c4f423c70ad172ed8f65a1bc7689a06b9d277915eed768c20176ea30268f2,true,/cpfs/user/zhuzihou/assets/dedup_workspaces/test0_transitive_apply_parallel/dataset/GRScenes_assets/bottle/82afaacc024b5f766bb195e168a1a2a5/front.png
bottle,82afaacc024b5f766bb195e168a1a2a5,left,ok,0.177795,188,351,0.251724,351,ed85372fd9858c8013824bfe511b596a16ee7da41e2490b8420a9af10569b323,true,/cpfs/user/zhuzihou/assets/dedup_workspaces/test0_transitive_apply_parallel/dataset/GRScenes_assets/bottle/82afaacc024b5f766bb195e168a1a2a5/left.png
bottle,82afaacc024b5f766bb195e168a1a2a5,back,ok,0.185287,468,121,0.216019,468,f96cc9a316654d375d2527d961d6dd2d9ef38d956454975809eeaac2bb24abcc,true,/cpfs/user/zhuzihou/assets/dedup_workspaces/test0_transitive_apply_parallel/dataset/GRScenes_assets/bottle/82afaacc024b5f766bb195e168a1a2a5/back.png
bottle,82afaacc024b5f766bb195e168a1a2a5,right,ok,0.134018,126,349,0.167747,349,9648880ef1ee0482c6d87cf0508b76aa1640b3bdd2d74c23732b05d485a5c18a,true,/cpfs/user/zhuzihou/assets/dedup_workspaces/test0_transitive_apply_parallel/dataset/GRScenes_assets/bottle/82afaacc024b5f766bb195e168a1a2a5/right.png
bottle,83918d920c4a373017754370dd3bfc72,front,ok,0.177570,470,115,0.206184,470,7d5063fba1d0779115dfb37c836edd1dc12ef6a6014cbf4499bb931d7de706bb,true,/cpfs/user/zhuzihou/assets/dedup_workspaces/test0_transitive_apply_parallel/dataset/GRScenes_assets/bottle/83918d920c4a373017754370dd3bfc72/front.png
bottle,83918d920c4a373017754370dd3bfc72,left,ok,0.178104,190,348,0.252228,348,b5ce0ded30a09be20038427aa135f6b6eb779a9f7c443146b19a2baa275685a8,true,/cpfs/user/zhuzihou/assets/dedup_workspaces/test0_transitive_apply_parallel/dataset/GRScenes_assets/bottle/83918d920c4a373017754370dd3bfc72/left.png
bottle,83918d920c4a373017754370dd3bfc72,back,ok,0.177593,470,115,0.206184,470,a5daa825caf1fb235461da6259d5669e3b01ec1e709b45ef98d2c81fa68b6df4,true,/cpfs/user/zhuzihou/assets/dedup_workspaces/test0_transitive_apply_parallel/dataset/GRScenes_assets/bottle/83918d920c4a373017754370dd3bfc72/back.png
bottle,83918d920c4a373017754370dd3bfc72,right,ok,0.134476,128,347,0.169434,347,5769b28a2785d16a4063bacf1486005249a17f91aa4649b403ee70a00e566bc0,true,/cpfs/user/zhuzihou/assets/dedup_workspaces/test0_transitive_apply_parallel/dataset/GRScenes_assets/bottle/83918d920c4a373017754370dd3bfc72/right.png
bottle,8566a9d26a3363dd202468339b9af145,front,ok,0.240025,443,168,0.283905,443,2e343883ef3bfe16749ae0b3c1de695dc5ec3865815284a83d214f5d10b7972b,true,/cpfs/user/zhuzihou/assets/dedup_workspaces/test0_transitive_apply_parallel/dataset/GRScenes_assets/bottle/8566a9d26a3363dd202468339b9af145/front.png
bottle,8566a9d26a3363dd202468339b9af145,left,ok,0.225979,238,339,0.307777,339,741c6b4f41ad3e26b718655e15b05a939ceee2aea4c42dd6de92c9ff99fbf29f,true,/cpfs/user/zhuzihou/assets/dedup_workspaces/test0_transitive_apply_parallel/dataset/GRScenes_assets/bottle/8566a9d26a3363dd202468339b9af145/left.png
bottle,8566a9d26a3363dd202468339b9af145,back,ok,0.243805,443,168,0.283905,443,470bd98dcf03517a6e78f99b52c28ba99485c96df747dff68089cb68fa3599e7,true,/cpfs/user/zhuzihou/assets/dedup_workspaces/test0_transitive_apply_parallel/dataset/GRScenes_assets/bottle/8566a9d26a3363dd202468339b9af145/back.png
bottle,8566a9d26a3363dd202468339b9af145,right,ok,0.187912,194,346,0.256058,346,c89babce2568620f90baeb307d40351a854789abe455229470b7f6f07b3768fb,true,/cpfs/user/zhuzihou/assets/dedup_workspaces/test0_transitive_apply_parallel/dataset/GRScenes_assets/bottle/8566a9d26a3363dd202468339b9af145/right.png
bottle,85d0b308aa0855813b883b59ba5fa3ae,front,ok,0.228165,405,200,0.308990,405,4bca958c261cbe765fe9b3e1ba2d4a46b23b1e1497a4e10b1b9e522996286feb,true,/cpfs/user/zhuzihou/assets/dedup_workspaces/test0_transitive_apply_parallel/dataset/GRScenes_assets/bottle/85d0b308aa0855813b883b59ba5fa3ae/front.png
bottle,85d0b308aa0855813b883b59ba5fa3ae,left,ok,0.239254,247,345,0.325069,345,619d52ade2e54c7638f4ad3d9aa34159aaf774f1f325a401ba4f9abb97fc7466,true,/cpfs/user/zhuzihou/assets/dedup_workspaces/test0_transitive_apply_parallel/dataset/GRScenes_assets/bottle/85d0b308aa0855813b883b59ba5fa3ae/left.png
bottle,85d0b308aa0855813b883b59ba5fa3ae,back,ok,0.226528,405,200,0.308990,405,e2326151cf121fba7b87e761e83fd8eb31a60925bb177b4aeaffaed17fb61dae,true,/cpfs/user/zhuzihou/assets/dedup_workspaces/test0_transitive_apply_parallel/dataset/GRScenes_assets/bottle/85d0b308aa0855813b883b59ba5fa3ae/back.png
bottle,85d0b308aa0855813b883b59ba5fa3ae,right,ok,0.174469,231,301,0.265240,301,4d20da5c4063d3c48b644376c89d5a7d4cf89b152a5cc151f8c79de8de77c1e7,true,/cpfs/user/zhuzihou/assets/dedup_workspaces/test0_transitive_apply_parallel/dataset/GRScenes_assets/bottle/85d0b308aa0855813b883b59ba5fa3ae/right.png
bottle,88478a8b801fbc4888651207dac2377a,front,ok,0.353863,388,264,0.390747,388,4c1da984dccd9004dbdeb713cc8cd7f76b2f99b3baab53efb079f50eedd5105f,true,/cpfs/user/zhuzihou/assets/dedup_workspaces/test0_transitive_apply_parallel/dataset/GRScenes_assets/bottle/88478a8b801fbc4888651207dac2377a/front.png
bottle,88478a8b801fbc4888651207dac2377a,left,ok,0.342884,330,369,0.464516,369,8ebf088a62a33f322e8895f3c3ebb1251ea24257d5551beebb2ccdd0191f2828,true,/cpfs/user/zhuzihou/assets/dedup_workspaces/test0_transitive_apply_parallel/dataset/GRScenes_assets/bottle/88478a8b801fbc4888651207dac2377a/left.png
bottle,88478a8b801fbc4888651207dac2377a,back,ok,0.357475,388,264,0.390747,388,5df8568a3638271fe82bf161b831ae878eb5889bc1a8975c1c45fd906951746a,true,/cpfs/user/zhuzihou/assets/dedup_workspaces/test0_transitive_apply_parallel/dataset/GRScenes_assets/bottle/88478a8b801fbc4888651207dac2377a/back.png
bottle,88478a8b801fbc4888651207dac2377a,right,ok,0.328995,342,368,0.480103,368,52f26f1ef53ce9068a600b3af6706f41754f6bb57d0ceff61f1965222e8f9dc5,true,/cpfs/user/zhuzihou/assets/dedup_workspaces/test0_transitive_apply_parallel/dataset/GRScenes_assets/bottle/88478a8b801fbc4888651207dac2377a/right.png
bottle,88bee572759884db904983599d2a0e28,front,ok,0.354687,450,217,0.372505,450,e58d77020503c86289da98688f6be900077c8752144e1588a0171a449afbc47a,true,/cpfs/user/zhuzihou/assets/dedup_workspaces/test0_transitive_apply_parallel/dataset/GRScenes_assets/bottle/88bee572759884db904983599d2a0e28/front.png
bottle,88bee572759884db904983599d2a0e28,left,ok,0.321518,308,381,0.447647,381,5fcbf24a331850f09ddb1ebfb07b92795aeb76271497357aef8092716fb2d2ff,true,/cpfs/user/zhuzihou/assets/dedup_workspaces/test0_transitive_apply_parallel/dataset/GRScenes_assets/bottle/88bee572759884db904983599d2a0e28/left.png
bottle,88bee572759884db904983599d2a0e28,back,ok,0.352215,450,217,0.372505,450,a3ac96f493321e4d079b55f636f13eee612cd6a3ee458faab4e283f6883e222c,true,/cpfs/user/zhuzihou/assets/dedup_workspaces/test0_transitive_apply_parallel/dataset/GRScenes_assets/bottle/88bee572759884db904983599d2a0e28/back.png
bottle,88bee572759884db904983599d2a0e28,right,ok,0.318794,308,381,0.447647,381,a041199c706fbe632f3eca5882acc49ab239f762436bf545dadcf2452b962399,true,/cpfs/user/zhuzihou/assets/dedup_workspaces/test0_transitive_apply_parallel/dataset/GRScenes_assets/bottle/88bee572759884db904983599d2a0e28/right.png
bottle,88dfa136bd784ede1deb6e9c8da8006b,front,ok,0.186092,458,126,0.220139,458,8d4705c5247fd861d027f0f5473061226f60f0ded2a2fb2db71b6d1d2ac6aac0,true,/cpfs/user/zhuzihou/assets/dedup_workspaces/test0_transitive_apply_parallel/dataset/GRScenes_assets/bottle/88dfa136bd784ede1deb6e9c8da8006b/front.png
bottle,88dfa136bd784ede1deb6e9c8da8006b,left,ok,0.177368,188,338,0.242401,338,1490c317072dc43b0240fee481dc0a0bf72147aad256330f69da4c3a2d8ae41b,true,/cpfs/user/zhuzihou/assets/dedup_workspaces/test0_transitive_apply_parallel/dataset/GRScenes_assets/bottle/88dfa136bd784ede1deb6e9c8da8006b/left.png
bottle,88dfa136bd784ede1deb6e9c8da8006b,back,ok,0.186687,458,126,0.220139,458,16dbf4fcde41b6be6b47c74ff229d87c373b3d956d9643971e7f657b21826ba9,true,/cpfs/user/zhuzihou/assets/dedup_workspaces/test0_transitive_apply_parallel/dataset/GRScenes_assets/bottle/88dfa136bd784ede1deb6e9c8da8006b/back.png
bottle,88dfa136bd784ede1deb6e9c8da8006b,right,ok,0.129539,138,340,0.178986,340,66c419baea3389f567dcd7a72d8b0b09e1090a7a9b16a75078459c24e9ae92a0,true,/cpfs/user/zhuzihou/assets/dedup_workspaces/test0_transitive_apply_parallel/dataset/GRScenes_assets/bottle/88dfa136bd784ede1deb6e9c8da8006b/right.png
bottle,891087fc10744cae4285c7a86c5f7504,front,ok,0.177559,470,115,0.206184,470,a889532906c530cec3977204ec2962fb47ac71c93528c749abaf18995814c54f,true,/cpfs/user/zhuzihou/assets/dedup_workspaces/test0_transitive_apply_parallel/dataset/GRScenes_assets/bottle/891087fc10744cae4285c7a86c5f7504/front.png
bottle,891087fc10744cae4285c7a86c5f7504,left,ok,0.178104,190,348,0.252228,348,17b60689ab95d67051c34d212fa74b3377d5d9b1022610646959c0d3747aabca,true,/cpfs/user/zhuzihou/assets/dedup_workspaces/test0_transitive_apply_parallel/dataset/GRScenes_assets/bottle/891087fc10744cae4285c7a86c5f7504/left.png
bottle,891087fc10744cae4285c7a86c5f7504,back,ok,0.177582,470,115,0.206184,470,bd606c21072212f4e225acd9ce24212b7a00e7759ed6e46d81b631152c4dd230,true,/cpfs/user/zhuzihou/assets/dedup_workspaces/test0_transitive_apply_parallel/dataset/GRScenes_assets/bottle/891087fc10744cae4285c7a86c5f7504/back.png
bottle,891087fc10744cae4285c7a86c5f7504,right,ok,0.134476,128,347,0.169434,347,23e4227d05775188bfca975509bbad39709aebe6464c5f6414b5bbccdb7430a0,true,/cpfs/user/zhuzihou/assets/dedup_workspaces/test0_transitive_apply_parallel/dataset/GRScenes_assets/bottle/891087fc10744cae4285c7a86c5f7504/right.png
bottle,894d65c090af5e97c6e5d3f6a39b3aa8,front,ok,0.227329,453,191,0.330059,453,ee26fb269cd41cafceb503f2ae0bca00d1cf5a204fbc76aacbb1538a0bd01122,true,/cpfs/user/zhuzihou/assets/dedup_workspaces/test0_transitive_apply_parallel/dataset/GRScenes_assets/bottle/894d65c090af5e97c6e5d3f6a39b3aa8/front.png
bottle,894d65c090af5e97c6e5d3f6a39b3aa8,left,ok,0.142643,126,366,0.175919,366,1432830093cd797172946376b0fd6c503803a19e0e609d7158e6ccb2da0ea7f1,true,/cpfs/user/zhuzihou/assets/dedup_workspaces/test0_transitive_apply_parallel/dataset/GRScenes_assets/bottle/894d65c090af5e97c6e5d3f6a39b3aa8/left.png
bottle,894d65c090af5e97c6e5d3f6a39b3aa8,back,ok,0.227459,453,191,0.330059,453,7d1a98bab3dd0e5d2f26213f8675d18f7e7966c64e2de17daf75cee2adcd2dde,true,/cpfs/user/zhuzihou/assets/dedup_workspaces/test0_transitive_apply_parallel/dataset/GRScenes_assets/bottle/894d65c090af5e97c6e5d3f6a39b3aa8/back.png
bottle,894d65c090af5e97c6e5d3f6a39b3aa8,right,ok,0.099602,82,390,0.121994,390,d08e59997df4b30d1b068377ae1181a2db96da9ad9ff3eb9ab805293da977150,true,/cpfs/user/zhuzihou/assets/dedup_workspaces/test0_transitive_apply_parallel/dataset/GRScenes_assets/bottle/894d65c090af5e97c6e5d3f6a39b3aa8/right.png
bottle,8a835d563485c9f78329de93296e758d,front,ok,0.168285,455,120,0.208282,455,47781a256bee11ef3760edfb22357ff054b5ebc0fca409903dd9a467cdd57d39,true,/cpfs/user/zhuzihou/assets/dedup_workspaces/test0_transitive_apply_parallel/dataset/GRScenes_assets/bottle/8a835d563485c9f78329de93296e758d/front.png
bottle,8a835d563485c9f78329de93296e758d,left,ok,0.135433,146,339,0.188805,339,b049d4582fe5f491bdcb5c8d6950b40f11c928c34f8c8c5a787406c72a926e42,true,/cpfs/user/zhuzihou/assets/dedup_workspaces/test0_transitive_apply_parallel/dataset/GRScenes_assets/bottle/8a835d563485c9f78329de93296e758d/left.png
bottle,8a835d563485c9f78329de93296e758d,back,ok,0.168777,457,120,0.209198,457,8eb6686052ca15248e1a80196fbd58a2a1d86ab0c8402b217be69984ddfed523,true,/cpfs/user/zhuzihou/assets/dedup_workspaces/test0_transitive_apply_parallel/dataset/GRScenes_assets/bottle/8a835d563485c9f78329de93296e758d/back.png
bottle,8a835d563485c9f78329de93296e758d,right,ok,0.110447,118,342,0.153946,342,fdc350a6dbbc8b83324ebae25ded299d5e1bbca7d5de10d8839b133be02cc060,true,/cpfs/user/zhuzihou/assets/dedup_workspaces/test0_transitive_apply_parallel/dataset/GRScenes_assets/bottle/8a835d563485c9f78329de93296e758d/right.png
bottle,8b8630e94813d4ff869d37050399eaab,front,ok,0.336376,470,195,0.349617,470,b99aee416fdc0e7ed1e806f3b527e845e8ff06896acd0470f0752c23013554a5,true,/cpfs/user/zhuzihou/assets/dedup_workspaces/test0_transitive_apply_parallel/dataset/GRScenes_assets/bottle/8b8630e94813d4ff869d37050399eaab/front.png
bottle,8b8630e94813d4ff869d37050399eaab,left,ok,0.303265,290,388,0.429230,388,dc812e7dd4f15f8b53bc92a47d2fd180a9170a6750dc402e68ef3b7dc698b6e6,true,/cpfs/user/zhuzihou/assets/dedup_workspaces/test0_transitive_apply_parallel/dataset/GRScenes_assets/bottle/8b8630e94813d4ff869d37050399eaab/left.png
bottle,8b8630e94813d4ff869d37050399eaab,back,ok,0.336376,470,195,0.349617,470,1845afb27fea715ea2f4718de9955cfef51b92a008b1a28e01471df3ec6cb5ab,true,/cpfs/user/zhuzihou/assets/dedup_workspaces/test0_transitive_apply_parallel/dataset/GRScenes_assets/bottle/8b8630e94813d4ff869d37050399eaab/back.png
bottle,8b8630e94813d4ff869d37050399eaab,right,ok,0.303276,290,388,0.429230,388,a7d4c0ccfe4c3bfefc86d7aef3961367de684a296adcbe191e4af5eaa3a7aba1,true,/cpfs/user/zhuzihou/assets/dedup_workspaces/test0_transitive_apply_parallel/dataset/GRScenes_assets/bottle/8b8630e94813d4ff869d37050399eaab/right.png
bottle,8c9d7cc17a58559145e8855d1cb6d826,front,ok,0.303200,416,209,0.331665,416,7ff32dace6c799958dc6658137055de7ebdabefcf0c1c9c1d2ab32b552aa53db,true,/cpfs/user/zhuzihou/assets/dedup_workspaces/test0_transitive_apply_parallel/dataset/GRScenes_assets/bottle/8c9d7cc17a58559145e8855d1cb6d826/front.png
bottle,8c9d7cc17a58559145e8855d1cb6d826,left,ok,0.271454,271,352,0.363892,352,22d7e747c684549f88b3cfdb1f49a495bdc51b353ddfc1fd4772f1f941dc56b4,true,/cpfs/user/zhuzihou/assets/dedup_workspaces/test0_transitive_apply_parallel/dataset/GRScenes_assets/bottle/8c9d7cc17a58559145e8855d1cb6d826/left.png
bottle,8c9d7cc17a58559145e8855d1cb6d826,back,ok,0.300911,414,260,0.410614,414,a5c1f1f7c705a067f5223391cd6eefe4d1184c64c676071d4e90f8ce4a89e26e,true,/cpfs/user/zhuzihou/assets/dedup_workspaces/test0_transitive_apply_parallel/dataset/GRScenes_assets/bottle/8c9d7cc17a58559145e8855d1cb6d826/back.png
bottle,8c9d7cc17a58559145e8855d1cb6d826,right,ok,0.271530,264,352,0.354492,352,068506db9f8f3b31b9270bba5c406b9fadaa1fcb0908e9ccd35a3c05646c0486,true,/cpfs/user/zhuzihou/assets/dedup_workspaces/test0_transitive_apply_parallel/dataset/GRScenes_assets/bottle/8c9d7cc17a58559145e8855d1cb6d826/right.png
bottle,8c9f1373365fd08fc382bd35e303eb24,front,ok,0.133278,454,112,0.193970,454,1c8082e14ef9696b3d4f4e467eb17ba61ce5b6d8a2720b647e5181e594157905,true,/cpfs/user/zhuzihou/assets/dedup_workspaces/test0_transitive_apply_parallel/dataset/GRScenes_assets/bottle/8c9f1373365fd08fc382bd35e303eb24/front.png
bottle,8c9f1373365fd08fc382bd35e303eb24,left,ok,0.131836,162,338,0.208878,338,58f4df005d5f2ba98dc17b7fcc9fbfd5df11b6ce7049dbfe2b53078000358bac,true,/cpfs/user/zhuzihou/assets/dedup_workspaces/test0_transitive_apply_parallel/dataset/GRScenes_assets/bottle/8c9f1373365fd08fc382bd35e303eb24/left.png
bottle,8c9f1373365fd08fc382bd35e303eb24,back,ok,0.135452,455,112,0.194397,455,ef513bd166d87c0122512b4b384700fe03d26f1e3a52fb129fe9e74d881a9828,true,/cpfs/user/zhuzihou/assets/dedup_workspaces/test0_transitive_apply_parallel/dataset/GRScenes_assets/bottle/8c9f1373365fd08fc382bd35e303eb24/back.png
bottle,8c9f1373365fd08fc382bd35e303eb24,right,ok,0.074650,106,369,0.149208,369,c118f72ad110ce24d1e6f5a672cbeada00bf062447700826f3075f207e847852,true,/cpfs/user/zhuzihou/assets/dedup_workspaces/test0_transitive_apply_parallel/dataset/GRScenes_assets/bottle/8c9f1373365fd08fc382bd35e303eb24/right.png
bottle,8dc909eaa1958860eef35b231e96afce,front,ok,0.205818,331,306,0.386375,331,c978602fca6fb789a2e0743c3d2c8f22a1f62503b062050bde1c79d8f58b4f59,true,/cpfs/user/zhuzihou/assets/dedup_workspaces/test0_transitive_apply_parallel/dataset/GRScenes_assets/bottle/8dc909eaa1958860eef35b231e96afce/front.png
bottle,8dc909eaa1958860eef35b231e96afce,left,ok,0.177841,299,346,0.394646,346,cd5fc2ee44da28cf142ef0ca6e765ce1e12e111d24f240605d793d53083a1656,true,/cpfs/user/zhuzihou/assets/dedup_workspaces/test0_transitive_apply_parallel/dataset/GRScenes_assets/bottle/8dc909eaa1958860eef35b231e96afce/left.png
bottle,8dc909eaa1958860eef35b231e96afce,back,ok,0.190834,405,160,0.247192,405,a9ee3ea9d26be0b66974963f67d1f6850d3f32ae15840d9eb320c72d9c2513d7,true,/cpfs/user/zhuzihou/assets/dedup_workspaces/test0_transitive_apply_parallel/dataset/GRScenes_assets/bottle/8dc909eaa1958860eef35b231e96afce/back.png
bottle,8dc909eaa1958860eef35b231e96afce,right,ok,0.146526,261,350,0.348473,350,ae24092dfcbbda2ffec0da01b480e5063eabb207744182a4e40b99def913f380,true,/cpfs/user/zhuzihou/assets/dedup_workspaces/test0_transitive_apply_parallel/dataset/GRScenes_assets/bottle/8dc909eaa1958860eef35b231e96afce/right.png
bottle,8f10bae85dabd98c5b8b000bf0ee37eb,front,ok,0.415749,466,272,0.483521,466,dfd86edc0c6fae74b1fb54e5345022bb5b6337a8d032beba440225e9bc5ce686,true,/cpfs/user/zhuzihou/assets/dedup_workspaces/test0_transitive_apply_parallel/dataset/GRScenes_assets/bottle/8f10bae85dabd98c5b8b000bf0ee37eb/front.png
bottle,8f10bae85dabd98c5b8b000bf0ee37eb,left,ok,0.389416,344,379,0.497345,379,bb56424dd2f22a59ca2df0118157d38a4845c68b59d9f13decd36ccc473ccec8,true,/cpfs/user/zhuzihou/assets/dedup_workspaces/test0_transitive_apply_parallel/dataset/GRScenes_assets/bottle/8f10bae85dabd98c5b8b000bf0ee37eb/left.png
bottle,8f10bae85dabd98c5b8b000bf0ee37eb,back,ok,0.415035,464,267,0.472595,464,914ae106d3004de928039ec7dcf4ec4797be55b31be407bb39ed66f9ccb1168b,true,/cpfs/user/zhuzihou/assets/dedup_workspaces/test0_transitive_apply_parallel/dataset/GRScenes_assets/bottle/8f10bae85dabd98c5b8b000bf0ee37eb/back.png
bottle,8f10bae85dabd98c5b8b000bf0ee37eb,right,ok,0.343090,315,366,0.439796,366,47778dc80ee181523e56d0dcdac1b6b21ab36694c577d6da8878650be437f90c,true,/cpfs/user/zhuzihou/assets/dedup_workspaces/test0_transitive_apply_parallel/dataset/GRScenes_assets/bottle/8f10bae85dabd98c5b8b000bf0ee37eb/right.png
bottle,8f36c20040977d84b62faff7bca4f8ec,front,ok,0.354622,450,217,0.372505,450,495dcf63aacfc6a63bb09786ef3a917042859e06c1c4f0c9e50d3efe585bd41a,true,/cpfs/user/zhuzihou/assets/dedup_workspaces/test0_transitive_apply_parallel/dataset/GRScenes_assets/bottle/8f36c20040977d84b62faff7bca4f8ec/front.png
bottle,8f36c20040977d84b62faff7bca4f8ec,left,ok,0.321510,308,381,0.447647,381,072f74ad033fbfef56a72641b2bb89a55fdb18280065b52655b736940d3f5532,true,/cpfs/user/zhuzihou/assets/dedup_workspaces/test0_transitive_apply_parallel/dataset/GRScenes_assets/bottle/8f36c20040977d84b62faff7bca4f8ec/left.png
bottle,8f36c20040977d84b62faff7bca4f8ec,back,ok,0.352310,450,216,0.370789,450,53f517a8fb1e6329a0eb8d481da279e02fe958b56b478fdc940360c1b866dd61,true,/cpfs/user/zhuzihou/assets/dedup_workspaces/test0_transitive_apply_parallel/dataset/GRScenes_assets/bottle/8f36c20040977d84b62faff7bca4f8ec/back.png
bottle,8f36c20040977d84b62faff7bca4f8ec,right,ok,0.319008,308,381,0.447647,381,c0b86181432719b610364749b7fb9d7ca878af4c70db5ef7c7815e78699140be,true,/cpfs/user/zhuzihou/assets/dedup_workspaces/test0_transitive_apply_parallel/dataset/GRScenes_assets/bottle/8f36c20040977d84b62faff7bca4f8ec/right.png
bottle,9023e208647c36691e95a646679d6cb3,front,ok,0.241447,482,138,0.253738,482,2e4593c952013f5463ba3061c34614bfebec0f899b02019065be4823e8558bc6,true,/cpfs/user/zhuzihou/assets/dedup_workspaces/test0_transitive_apply_parallel/dataset/GRScenes_assets/bottle/9023e208647c36691e95a646679d6cb3/front.png
bottle,9023e208647c36691e95a646679d6cb3,left,ok,0.212219,208,374,0.296753,374,87abf762c58f6f33ea6f43e478913ed28714538e6d9fa15b738c947759ec49f4,true,/cpfs/user/zhuzihou/assets/dedup_workspaces/test0_transitive_apply_parallel/dataset/GRScenes_assets/bottle/9023e208647c36691e95a646679d6cb3/left.png
bottle,9023e208647c36691e95a646679d6cb3,back,ok,0.244629,482,138,0.253738,482,201d8f2f2d04929b70bd72a603b42600979ecb3273ab75baa1609c457efcb170,true,/cpfs/user/zhuzihou/assets/dedup_workspaces/test0_transitive_apply_parallel/dataset/GRScenes_assets/bottle/9023e208647c36691e95a646679d6cb3/back.png
bottle,9023e208647c36691e95a646679d6cb3,right,ok,0.219223,216,378,0.311462,378,6e4e566f7305877c7a631cc7dbeec9da38b67c9b703a92a2357fa248a6ad0d60,true,/cpfs/user/zhuzihou/assets/dedup_workspaces/test0_transitive_apply_parallel/dataset/GRScenes_assets/bottle/9023e208647c36691e95a646679d6cb3/right.png
bottle,90fce87b7726cca3b341cfb754ed6a2a,front,ok,0.177559,470,115,0.206184,470,40cbaa0480db290a9b94523a7188b5fa8d958462452a24800e101188f5b0ded1,true,/cpfs/user/zhuzihou/assets/dedup_workspaces/test0_transitive_apply_parallel/dataset/GRScenes_assets/bottle/90fce87b7726cca3b341cfb754ed6a2a/front.png
bottle,90fce87b7726cca3b341cfb754ed6a2a,left,ok,0.178104,190,348,0.252228,348,3124b3b655e84b36d35b906be1e4479b7eae7fd8a653000bd41ea3ecdfa132fe,true,/cpfs/user/zhuzihou/assets/dedup_workspaces/test0_transitive_apply_parallel/dataset/GRScenes_assets/bottle/90fce87b7726cca3b341cfb754ed6a2a/left.png
bottle,90fce87b7726cca3b341cfb754ed6a2a,back,ok,0.177597,470,115,0.206184,470,f5e6a35ac935a5ff47ebbde1e8871cd6760e62bc6268f009e817afc6155b1dfe,true,/cpfs/user/zhuzihou/assets/dedup_workspaces/test0_transitive_apply_parallel/dataset/GRScenes_assets/bottle/90fce87b7726cca3b341cfb754ed6a2a/back.png
bottle,90fce87b7726cca3b341cfb754ed6a2a,right,ok,0.134476,128,347,0.169434,347,9200cf8f11d223b0cfe1f62a6007e70dac7195fd1a52d507c67ab267ee816751,true,/cpfs/user/zhuzihou/assets/dedup_workspaces/test0_transitive_apply_parallel/dataset/GRScenes_assets/bottle/90fce87b7726cca3b341cfb754ed6a2a/right.png
bottle,91897868dcb5298d5bcdb49ea6771cde,front,ok,0.185211,468,121,0.216019,468,cff278889587d8cde92d6ffe887037bf7ba383ec835527f3276839a0a7151225,true,/cpfs/user/zhuzihou/assets/dedup_workspaces/test0_transitive_apply_parallel/dataset/GRScenes_assets/bottle/91897868dcb5298d5bcdb49ea6771cde/front.png
bottle,91897868dcb5298d5bcdb49ea6771cde,left,ok,0.177795,188,351,0.251724,351,bb0066a436df96259c383bb729a2fd0a3cb21f3e6eea45e5754025b489a4318e,true,/cpfs/user/zhuzihou/assets/dedup_workspaces/test0_transitive_apply_parallel/dataset/GRScenes_assets/bottle/91897868dcb5298d5bcdb49ea6771cde/left.png
bottle,91897868dcb5298d5bcdb49ea6771cde,back,ok,0.185280,468,121,0.216019,468,07db83b169588c2e0fb0f1fd0c9f10626da6bd73bc6f46560b7fc57eb8f68c7d,true,/cpfs/user/zhuzihou/assets/dedup_workspaces/test0_transitive_apply_parallel/dataset/GRScenes_assets/bottle/91897868dcb5298d5bcdb49ea6771cde/back.png
bottle,91897868dcb5298d5bcdb49ea6771cde,right,ok,0.134014,126,349,0.167747,349,933e852c1eb2ce632e8f036b4a0176b8e83ded3d7cac1709a38e1ae257340a64,true,/cpfs/user/zhuzihou/assets/dedup_workspaces/test0_transitive_apply_parallel/dataset/GRScenes_assets/bottle/91897868dcb5298d5bcdb49ea6771cde/right.png
bottle,931ec3ae96cada271676a881a12d9576,front,ok,0.177559,470,115,0.206184,470,3c3f7e3d9af099ed874833a3b3ec32954447a83b0f4c7e0a16383340181704a2,true,/cpfs/user/zhuzihou/assets/dedup_workspaces/test0_transitive_apply_parallel/dataset/GRScenes_assets/bottle/931ec3ae96cada271676a881a12d9576/front.png
bottle,931ec3ae96cada271676a881a12d9576,left,ok,0.178104,190,348,0.252228,348,2912cdc7a8a1ef7cd7575d585b344f2a1a422a6a87f7d54e1e67001d9967841c,true,/cpfs/user/zhuzihou/assets/dedup_workspaces/test0_transitive_apply_parallel/dataset/GRScenes_assets/bottle/931ec3ae96cada271676a881a12d9576/left.png
bottle,931ec3ae96cada271676a881a12d9576,back,ok,0.177589,470,115,0.206184,470,569cc0671fd3d64b0a44852947530124bc3201ecbd2ed2d54005b7260a87748e,true,/cpfs/user/zhuzihou/assets/dedup_workspaces/test0_transitive_apply_parallel/dataset/GRScenes_assets/bottle/931ec3ae96cada271676a881a12d9576/back.png
bottle,931ec3ae96cada271676a881a12d9576,right,ok,0.134476,128,347,0.169434,347,c1bf39029dd54cdc7ceda5ea4e37281787b6708b4344301716c535b8e3166f76,true,/cpfs/user/zhuzihou/assets/dedup_workspaces/test0_transitive_apply_parallel/dataset/GRScenes_assets/bottle/931ec3ae96cada271676a881a12d9576/right.png
bottle,956420a8f750335ac042fec62cc7d9b0,front,ok,0.179188,460,121,0.212326,460,a5b5cf42f2960bcd85685402bf1f0aa37bcc19fb7bec12ef5d38b6beba876f17,true,/cpfs/user/zhuzihou/assets/dedup_workspaces/test0_transitive_apply_parallel/dataset/GRScenes_assets/bottle/956420a8f750335ac042fec62cc7d9b0/front.png
bottle,956420a8f750335ac042fec62cc7d9b0,left,ok,0.177750,192,336,0.246094,336,a4f7fc2466e609855e74f8017a0885138d922e63ebe2ddf72734ee6308655ab9,true,/cpfs/user/zhuzihou/assets/dedup_workspaces/test0_transitive_apply_parallel/dataset/GRScenes_assets/bottle/956420a8f750335ac042fec62cc7d9b0/left.png
bottle,956420a8f750335ac042fec62cc7d9b0,back,ok,0.179462,460,121,0.212326,460,35768805cc93ec1ea27d3b49edd7491d6793ca38a768d5f2bb94fd623741f378,true,/cpfs/user/zhuzihou/assets/dedup_workspaces/test0_transitive_apply_parallel/dataset/GRScenes_assets/bottle/956420a8f750335ac042fec62cc7d9b0/back.png
bottle,956420a8f750335ac042fec62cc7d9b0,right,ok,0.130013,140,337,0.179977,337,a24be2a338c776f95a1f5f0fb3106790e438116dbe0b9db577797e8d9ed9e295,true,/cpfs/user/zhuzihou/assets/dedup_workspaces/test0_transitive_apply_parallel/dataset/GRScenes_assets/bottle/956420a8f750335ac042fec62cc7d9b0/right.png
bottle,95927b7ba4a77085b8a44e6c3a5f6e8b,front,ok,0.285248,479,162,0.296013,479,3a24217bba61710c2d9a8be29bfaa3a7036f4ed3da308b5a9e43c30a4c8e74ae,true,/cpfs/user/zhuzihou/assets/dedup_workspaces/test0_transitive_apply_parallel/dataset/GRScenes_assets/bottle/95927b7ba4a77085b8a44e6c3a5f6e8b/front.png
bottle,95927b7ba4a77085b8a44e6c3a5f6e8b,left,ok,0.250587,240,382,0.349731,382,94a4479053cc4c9e091bdfb5290d7a9783c1e8e739517eabad1331fbf9efde06,true,/cpfs/user/zhuzihou/assets/dedup_workspaces/test0_transitive_apply_parallel/dataset/GRScenes_assets/bottle/95927b7ba4a77085b8a44e6c3a5f6e8b/left.png
bottle,95927b7ba4a77085b8a44e6c3a5f6e8b,back,ok,0.285641,479,164,0.299667,479,512f34d9e4bbc88c96e7c3e62c85876715e568826d7c87c2e97092cb3f6a9747,true,/cpfs/user/zhuzihou/assets/dedup_workspaces/test0_transitive_apply_parallel/dataset/GRScenes_assets/bottle/95927b7ba4a77085b8a44e6c3a5f6e8b/back.png
bottle,95927b7ba4a77085b8a44e6c3a5f6e8b,right,ok,0.254974,246,382,0.358475,382,49105b9dd037292b44e54d135177bb077fb3b53b6255096f0b7556476502fcd0,true,/cpfs/user/zhuzihou/assets/dedup_workspaces/test0_transitive_apply_parallel/dataset/GRScenes_assets/bottle/95927b7ba4a77085b8a44e6c3a5f6e8b/right.png
bottle,95f22106216d08017c25bc92f2b4dce0,front,ok,0.205296,440,154,0.258484,440,4170c322dfa5c76ccf8aacecd499192565ef15c640325c6dd5c312d5243ba4df,true,/cpfs/user/zhuzihou/assets/dedup_workspaces/test0_transitive_apply_parallel/dataset/GRScenes_assets/bottle/95f22106216d08017c25bc92f2b4dce0/front.png
bottle,95f22106216d08017c25bc92f2b4dce0,left,ok,0.174614,186,332,0.235565,332,9ad7d68995f9c7b7d1dad8cc99bf17d0fb0da658f370c6dbdbdffd86be1dd946,true,/cpfs/user/zhuzihou/assets/dedup_workspaces/test0_transitive_apply_parallel/dataset/GRScenes_assets/bottle/95f22106216d08017c25bc92f2b4dce0/left.png
bottle,95f22106216d08017c25bc92f2b4dce0,back,ok,0.204945,437,154,0.256721,437,f94abc9fbd594b8642293ba14686c1cc2e11011492a059e5a0991bc61ce92aa1,true,/cpfs/user/zhuzihou/assets/dedup_workspaces/test0_transitive_apply_parallel/dataset/GRScenes_assets/bottle/95f22106216d08017c25bc92f2b4dce0/back.png
bottle,95f22106216d08017c25bc92f2b4dce0,right,ok,0.135456,154,334,0.196213,334,d0e8e39a5996f516b38a3bf045662c3a529ed924b2b3fda049ad731efe013ae3,true,/cpfs/user/zhuzihou/assets/dedup_workspaces/test0_transitive_apply_parallel/dataset/GRScenes_assets/bottle/95f22106216d08017c25bc92f2b4dce0/right.png
bottle,963e975d1caf234833286d3d609c62af,front,ok,0.185196,468,121,0.216019,468,0a264a8827635f7145ef544a501c695424f9c2d34b7f4de6b64b7d9b03109005,true,/cpfs/user/zhuzihou/assets/dedup_workspaces/test0_transitive_apply_parallel/dataset/GRScenes_assets/bottle/963e975d1caf234833286d3d609c62af/front.png
bottle,963e975d1caf234833286d3d609c62af,left,ok,0.177795,188,351,0.251724,351,5141c02bb4be9aed4b0a9f5bb463046e9e9ea0c28b984f46b8548e424262284e,true,/cpfs/user/zhuzihou/assets/dedup_workspaces/test0_transitive_apply_parallel/dataset/GRScenes_assets/bottle/963e975d1caf234833286d3d609c62af/left.png
bottle,963e975d1caf234833286d3d609c62af,back,ok,0.185280,468,121,0.216019,468,033ba4fa1d99744d3d028890dec1270fffb8bd2578b018e9287457d33bddadd0,true,/cpfs/user/zhuzihou/assets/dedup_workspaces/test0_transitive_apply_parallel/dataset/GRScenes_assets/bottle/963e975d1caf234833286d3d609c62af/back.png
bottle,963e975d1caf234833286d3d609c62af,right,ok,0.134014,126,349,0.167747,349,f87b56c8bd484fb5cbbf685733decf6e295cee10ef8072209623b2a27fe5c4de,true,/cpfs/user/zhuzihou/assets/dedup_workspaces/test0_transitive_apply_parallel/dataset/GRScenes_assets/bottle/963e975d1caf234833286d3d609c62af/right.png
bottle,969d57b01f071d79d89e6b1ddbe4cc57,front,ok,0.172527,466,114,0.202652,466,6b93c14a16f0445df31b407b85422bcd753df137e5584d8f57ca9a94ad6f26ab,true,/cpfs/user/zhuzihou/assets/dedup_workspaces/test0_transitive_apply_parallel/dataset/GRScenes_assets/bottle/969d57b01f071d79d89e6b1ddbe4cc57/front.png
bottle,969d57b01f071d79d89e6b1ddbe4cc57,left,ok,0.174656,188,342,0.245270,342,112d0448ed45a0cb63b8e4feee4e384f8280db89da998f0ebfbffa6aff6a88c1,true,/cpfs/user/zhuzihou/assets/dedup_workspaces/test0_transitive_apply_parallel/dataset/GRScenes_assets/bottle/969d57b01f071d79d89e6b1ddbe4cc57/left.png
bottle,969d57b01f071d79d89e6b1ddbe4cc57,back,ok,0.172623,466,114,0.202652,466,a4db03a586cc1140525735da3195365fd5833f4206c6428e0b2edcecff1f7954,true,/cpfs/user/zhuzihou/assets/dedup_workspaces/test0_transitive_apply_parallel/dataset/GRScenes_assets/bottle/969d57b01f071d79d89e6b1ddbe4cc57/back.png
bottle,969d57b01f071d79d89e6b1ddbe4cc57,right,ok,0.124512,128,341,0.166504,341,7328f3e576b6868dcc9988f6c4ebd8e08d1779e683cdd5729145de7283023967,true,/cpfs/user/zhuzihou/assets/dedup_workspaces/test0_transitive_apply_parallel/dataset/GRScenes_assets/bottle/969d57b01f071d79d89e6b1ddbe4cc57/right.png
bottle,975cb143de993461d1da16c318ad2630,front,ok,0.147171,460,121,0.212326,460,3f7245678b578c8cacc124fafae8f13e6ef096dde99827cf5d7560db17450fe7,true,/cpfs/user/zhuzihou/assets/dedup_workspaces/test0_transitive_apply_parallel/dataset/GRScenes_assets/bottle/975cb143de993461d1da16c318ad2630/front.png
bottle,975cb143de993461d1da16c318ad2630,left,ok,0.160416,192,342,0.250488,342,a3d28f2239cdc2676eac8f8fd260bf56c614741a5f3bc41a4c7b2694081f40a7,true,/cpfs/user/zhuzihou/assets/dedup_workspaces/test0_transitive_apply_parallel/dataset/GRScenes_assets/bottle/975cb143de993461d1da16c318ad2630/left.png
bottle,975cb143de993461d1da16c318ad2630,back,ok,0.147751,460,121,0.212326,460,44829599c023155aa0d72679391ff11bda62c7851bc9feb92451cbb6afa317b0,true,/cpfs/user/zhuzihou/assets/dedup_workspaces/test0_transitive_apply_parallel/dataset/GRScenes_assets/bottle/975cb143de993461d1da16c318ad2630/back.png
bottle,975cb143de993461d1da16c318ad2630,right,ok,0.095539,116,339,0.150009,339,de920708599c2025ae90a680e01f28087a7e596a77b3b38ff9eb1f9d39d30e3c,true,/cpfs/user/zhuzihou/assets/dedup_workspaces/test0_transitive_apply_parallel/dataset/GRScenes_assets/bottle/975cb143de993461d1da16c318ad2630/right.png
bottle,9970d97265b4bf33bf395c62002df1fc,front,ok,0.177582,470,115,0.206184,470,1ea2d852e5f64215ea02d0ce694e6ddb5b6c6457dba3777017ad1dee3d4a943d,true,/cpfs/user/zhuzihou/assets/dedup_workspaces/test0_transitive_apply_parallel/dataset/GRScenes_assets/bottle/9970d97265b4bf33bf395c62002df1fc/front.png
bottle,9970d97265b4bf33bf395c62002df1fc,left,ok,0.178104,190,348,0.252228,348,23c5952ad9d5f74c92d908048f3b1d05fd949815d6898f5824ba6048ee7963ed,true,/cpfs/user/zhuzihou/assets/dedup_workspaces/test0_transitive_apply_parallel/dataset/GRScenes_assets/bottle/9970d97265b4bf33bf395c62002df1fc/left.png
bottle,9970d97265b4bf33bf395c62002df1fc,back,ok,0.177582,470,115,0.206184,470,6693c48f517b481dd13d820a04e8d2d5b1e5a0379171cd4048afd646c4e0226c,true,/cpfs/user/zhuzihou/assets/dedup_workspaces/test0_transitive_apply_parallel/dataset/GRScenes_assets/bottle/9970d97265b4bf33bf395c62002df1fc/back.png
bottle,9970d97265b4bf33bf395c62002df1fc,right,ok,0.134476,128,347,0.169434,347,f20c34ae12ea7837b7eb3ebd9a9496d88ad031cc39456948f46c9f05fe7d4c98,true,/cpfs/user/zhuzihou/assets/dedup_workspaces/test0_transitive_apply_parallel/dataset/GRScenes_assets/bottle/9970d97265b4bf33bf395c62002df1fc/right.png
bottle,9b9260755b3fb7c3d6f8c4642a3fb1c3,front,ok,0.428520,474,274,0.495438,474,4f44158e9974f404a9677d082d28a8e65b09303e1536963deba3c6a51f64d76e,true,/cpfs/user/zhuzihou/assets/dedup_workspaces/test0_transitive_apply_parallel/dataset/GRScenes_assets/bottle/9b9260755b3fb7c3d6f8c4642a3fb1c3/front.png
bottle,9b9260755b3fb7c3d6f8c4642a3fb1c3,left,ok,0.407013,354,379,0.511803,379,4f5fae5d746ba0c84dc96e8c3f1cf032d11157def7e765d14d1774c981ae78be,true,/cpfs/user/zhuzihou/assets/dedup_workspaces/test0_transitive_apply_parallel/dataset/GRScenes_assets/bottle/9b9260755b3fb7c3d6f8c4642a3fb1c3/left.png
bottle,9b9260755b3fb7c3d6f8c4642a3fb1c3,back,ok,0.433029,473,274,0.494392,473,c1207571e4ba76af86fd562f3a49f7dc3dcbe56212fe1ab2c8e43b99d83f4dde,true,/cpfs/user/zhuzihou/assets/dedup_workspaces/test0_transitive_apply_parallel/dataset/GRScenes_assets/bottle/9b9260755b3fb7c3d6f8c4642a3fb1c3/back.png
bottle,9b9260755b3fb7c3d6f8c4642a3fb1c3,right,ok,0.357052,324,370,0.457306,370,0a4e3de43928635c7d5e78b4b797448ec76fb239985d0252e5793b2a47493cc7,true,/cpfs/user/zhuzihou/assets/dedup_workspaces/test0_transitive_apply_parallel/dataset/GRScenes_assets/bottle/9b9260755b3fb7c3d6f8c4642a3fb1c3/right.png
bottle,9bfa0bc6db0af285dc94db3f174b1421,front,ok,0.296368,393,228,0.341812,393,dab93dae37744711960128d440247b1448af16056a18039012c702ea9c4f6595,true,/cpfs/user/zhuzihou/assets/dedup_workspaces/test0_transitive_apply_parallel/dataset/GRScenes_assets/bottle/9bfa0bc6db0af285dc94db3f174b1421/front.png
bottle,9bfa0bc6db0af285dc94db3f174b1421,left,ok,0.267544,296,335,0.378265,335,ed8118da887c805df020096009ff234624fe5b6a19b98f4d7556e0938d4434e5,true,/cpfs/user/zhuzihou/assets/dedup_workspaces/test0_transitive_apply_parallel/dataset/GRScenes_assets/bottle/9bfa0bc6db0af285dc94db3f174b1421/left.png
bottle,9bfa0bc6db0af285dc94db3f174b1421,back,ok,0.271320,386,212,0.312164,386,4ff0008f19843610819213b545191e790f447691666ca6308b5497045a2753e3,true,/cpfs/user/zhuzihou/assets/dedup_workspaces/test0_transitive_apply_parallel/dataset/GRScenes_assets/bottle/9bfa0bc6db0af285dc94db3f174b1421/back.png
bottle,9bfa0bc6db0af285dc94db3f174b1421,right,ok,0.264244,310,338,0.399704,338,c1f8d3fad7069c87b35141da5864ab312bedde3b93660679a04d35393035f95f,true,/cpfs/user/zhuzihou/assets/dedup_workspaces/test0_transitive_apply_parallel/dataset/GRScenes_assets/bottle/9bfa0bc6db0af285dc94db3f174b1421/right.png
bottle,9bfafc13bf42dfe6b17c2d00e2d70e79,front,ok,0.351925,450,217,0.372505,450,bf039752526776944b143c26875f86c56948155e276adc801df91dfeb0c692d9,true,/cpfs/user/zhuzihou/assets/dedup_workspaces/test0_transitive_apply_parallel/dataset/GRScenes_assets/bottle/9bfafc13bf42dfe6b17c2d00e2d70e79/front.png
bottle,9bfafc13bf42dfe6b17c2d00e2d70e79,left,ok,0.318813,308,381,0.447647,381,5a4293bde1ba5e8df177b5563c16519c8f6c1f6661a0fd6f9cc43857da321ad6,true,/cpfs/user/zhuzihou/assets/dedup_workspaces/test0_transitive_apply_parallel/dataset/GRScenes_assets/bottle/9bfafc13bf42dfe6b17c2d00e2d70e79/left.png
bottle,9bfafc13bf42dfe6b17c2d00e2d70e79,back,ok,0.350811,450,217,0.372505,450,076a928eba7b41e3902a9da27b9d6088727dc659f67f36214e855e691d157c6b,true,/cpfs/user/zhuzihou/assets/dedup_workspaces/test0_transitive_apply_parallel/dataset/GRScenes_assets/bottle/9bfafc13bf42dfe6b17c2d00e2d70e79/back.png
bottle,9bfafc13bf42dfe6b17c2d00e2d70e79,right,ok,0.318699,308,381,0.447647,381,2acc60a5c0c2199ed164ace4d8ae9c0fc1f8c58671f497ab432179ffbb04424f,true,/cpfs/user/zhuzihou/assets/dedup_workspaces/test0_transitive_apply_parallel/dataset/GRScenes_assets/bottle/9bfafc13bf42dfe6b17c2d00e2d70e79/right.png
bottle,9cbb7de5b3e1652210cfbdb7fa926a78,front,ok,0.205296,440,154,0.258484,440,d144f46543b738a50c5bf37b2ef24eb2c002a264399248de038b56fa7f5ccf94,true,/cpfs/user/zhuzihou/assets/dedup_workspaces/test0_transitive_apply_parallel/dataset/GRScenes_assets/bottle/9cbb7de5b3e1652210cfbdb7fa926a78/front.png
bottle,9cbb7de5b3e1652210cfbdb7fa926a78,left,ok,0.174614,186,332,0.235565,332,4add87e3a314005cd5181940151999dc64c58acbc0f8254f11f39154efb90fe5,true,/cpfs/user/zhuzihou/assets/dedup_workspaces/test0_transitive_apply_parallel/dataset/GRScenes_assets/bottle/9cbb7de5b3e1652210cfbdb7fa926a78/left.png
bottle,9cbb7de5b3e1652210cfbdb7fa926a78,back,ok,0.204945,437,154,0.256721,437,bc6a08c53e44f39d63c9b5be0b160fb92df55a562aabfd60eb83f832437c6484,true,/cpfs/user/zhuzihou/assets/dedup_workspaces/test0_transitive_apply_parallel/dataset/GRScenes_assets/bottle/9cbb7de5b3e1652210cfbdb7fa926a78/back.png
bottle,9cbb7de5b3e1652210cfbdb7fa926a78,right,ok,0.135456,154,334,0.196213,334,bf003922a9de4dacf98ed6f33b99b62270e93e7864d5ba04a74118a9f30db213,true,/cpfs/user/zhuzihou/assets/dedup_workspaces/test0_transitive_apply_parallel/dataset/GRScenes_assets/bottle/9cbb7de5b3e1652210cfbdb7fa926a78/right.png
bottle,9d601eca7d523b71b36533ce84e6e63d,front,ok,0.042645,303,257,0.297054,303,c91c4d32174532ca2744bb0b703ad586356b734efd3b8fc17a43779bf23a0674,true,/cpfs/user/zhuzihou/assets/dedup_workspaces/test0_transitive_apply_parallel/dataset/GRScenes_assets/bottle/9d601eca7d523b71b36533ce84e6e63d/front.png
bottle,9d601eca7d523b71b36533ce84e6e63d,left,ok,0.045330,285,303,0.329418,303,33b829c0cef59430e38e04ab28fff27a90ee0233a3b138360540922a91287baa,true,/cpfs/user/zhuzihou/assets/dedup_workspaces/test0_transitive_apply_parallel/dataset/GRScenes_assets/bottle/9d601eca7d523b71b36533ce84e6e63d/left.png
bottle,9d601eca7d523b71b36533ce84e6e63d,back,ok,0.063988,288,369,0.405396,369,18b1db96265f2550b55c004fd8e9f7b336710ed92eaab820e9b6eec5be26bd59,true,/cpfs/user/zhuzihou/assets/dedup_workspaces/test0_transitive_apply_parallel/dataset/GRScenes_assets/bottle/9d601eca7d523b71b36533ce84e6e63d/back.png
bottle,9d601eca7d523b71b36533ce84e6e63d,right,ok,0.042732,204,395,0.307388,395,5de6ac0b11fd15ff71abd45a2181498e8636f7b68b7ba0554470f457996252fb,true,/cpfs/user/zhuzihou/assets/dedup_workspaces/test0_transitive_apply_parallel/dataset/GRScenes_assets/bottle/9d601eca7d523b71b36533ce84e6e63d/right.png
bottle,9d9f9d728ca856cc0625463e9977d4b2,front,ok,0.200115,431,186,0.305809,431,a3f691177e5a8bbcb45b847e178a31cf3ba83f2bd708d83ff926fa60fd02f612,true,/cpfs/user/zhuzihou/assets/dedup_workspaces/test0_transitive_apply_parallel/dataset/GRScenes_assets/bottle/9d9f9d728ca856cc0625463e9977d4b2/front.png
bottle,9d9f9d728ca856cc0625463e9977d4b2,left,ok,0.267799,296,320,0.361328,320,64c2e7a769dd8f6fe537af899a265ceaa15e5a8759cb350712b030d85f416393,true,/cpfs/user/zhuzihou/assets/dedup_workspaces/test0_transitive_apply_parallel/dataset/GRScenes_assets/bottle/9d9f9d728ca856cc0625463e9977d4b2/left.png
bottle,9d9f9d728ca856cc0625463e9977d4b2,back,ok,0.248856,431,186,0.305809,431,610166b58201b2b8fe9831c49202b2c2cfcd19a973723c67dd4966f0b0ec6558,true,/cpfs/user/zhuzihou/assets/dedup_workspaces/test0_transitive_apply_parallel/dataset/GRScenes_assets/bottle/9d9f9d728ca856cc0625463e9977d4b2/back.png
bottle,9d9f9d728ca856cc0625463e9977d4b2,right,ok,0.184555,224,326,0.278564,326,4e63faa7369e4f287260ddde36ee1544f7d3be46edaf5cd4ec5e01f023ddfd90,true,/cpfs/user/zhuzihou/assets/dedup_workspaces/test0_transitive_apply_parallel/dataset/GRScenes_assets/bottle/9d9f9d728ca856cc0625463e9977d4b2/right.png
bottle,9dcce03c5f0009f6210ee05ebab06cdc,front,ok,0.326767,417,224,0.356323,417,979eb98c497902a69419a32c9d15f1acbcef470cc30bb2601dc229f3e2a80851,true,/cpfs/user/zhuzihou/assets/dedup_workspaces/test0_transitive_apply_parallel/dataset/GRScenes_assets/bottle/9dcce03c5f0009f6210ee05ebab06cdc/front.png
bottle,9dcce03c5f0009f6210ee05ebab06cdc,left,ok,0.303997,306,356,0.415558,356,21584bd75f344f2f707c74a7476921e2849bfa954f0c4c5bf8f64040d8513d24,true,/cpfs/user/zhuzihou/assets/dedup_workspaces/test0_transitive_apply_parallel/dataset/GRScenes_assets/bottle/9dcce03c5f0009f6210ee05ebab06cdc/left.png
bottle,9dcce03c5f0009f6210ee05ebab06cdc,back,ok,0.340771,413,301,0.474216,413,bf828f883f417a728bcc1cae159d3518f5d0eec4d0e5dfff0e1a7a3eb1d4e0e9,true,/cpfs/user/zhuzihou/assets/dedup_workspaces/test0_transitive_apply_parallel/dataset/GRScenes_assets/bottle/9dcce03c5f0009f6210ee05ebab06cdc/back.png
bottle,9dcce03c5f0009f6210ee05ebab06cdc,right,ok,0.289009,270,368,0.379028,368,fbbd5969f03be5bfc316f937aa4b4cc73c0ff855fe83e86113302d0cc73c930c,true,/cpfs/user/zhuzihou/assets/dedup_workspaces/test0_transitive_apply_parallel/dataset/GRScenes_assets/bottle/9dcce03c5f0009f6210ee05ebab06cdc/right.png
bottle,9e19dd321aa3a981a3f3d1e849328b57,front,ok,0.164005,419,201,0.321270,419,b5a29bdba1fc442cb365cb8ee53f251ebf3a54818cade1a47c2b93367580e9fd,true,/cpfs/user/zhuzihou/assets/dedup_workspaces/test0_transitive_apply_parallel/dataset/GRScenes_assets/bottle/9e19dd321aa3a981a3f3d1e849328b57/front.png
bottle,9e19dd321aa3a981a3f3d1e849328b57,left,ok,0.122238,238,302,0.274185,302,6c05bd4967b5c5616d0d49dba88f2d29fe8c319c540031579af081676b873572,true,/cpfs/user/zhuzihou/assets/dedup_workspaces/test0_transitive_apply_parallel/dataset/GRScenes_assets/bottle/9e19dd321aa3a981a3f3d1e849328b57/left.png
bottle,9e19dd321aa3a981a3f3d1e849328b57,back,ok,0.143093,453,120,0.207367,453,b93c40e047e8020592197251166c68693c4389b40496f50280cfcb94c4feac93,true,/cpfs/user/zhuzihou/assets/dedup_workspaces/test0_transitive_apply_parallel/dataset/GRScenes_assets/bottle/9e19dd321aa3a981a3f3d1e849328b57/back.png
bottle,9e19dd321aa3a981a3f3d1e849328b57,right,ok,0.108009,146,362,0.201614,362,0740b2c891f8a852b6e9f4f622216d91c10af6c2352efeab805930276250de9e,true,/cpfs/user/zhuzihou/assets/dedup_workspaces/test0_transitive_apply_parallel/dataset/GRScenes_assets/bottle/9e19dd321aa3a981a3f3d1e849328b57/right.png
bottle,9f135d1317cb12d9b6d26d7322e0a536,front,ok,0.355465,450,217,0.372505,450,da29eee324df06a54c0da7454d3fdca4a07523e4786065000b847bf57ae93f22,true,/cpfs/user/zhuzihou/assets/dedup_workspaces/test0_transitive_apply_parallel/dataset/GRScenes_assets/bottle/9f135d1317cb12d9b6d26d7322e0a536/front.png
bottle,9f135d1317cb12d9b6d26d7322e0a536,left,ok,0.322590,308,381,0.447647,381,f17cbc62c30911053ecef98fd78a79971d9f6d2742b5005ef1d5f19be105c25e,true,/cpfs/user/zhuzihou/assets/dedup_workspaces/test0_transitive_apply_parallel/dataset/GRScenes_assets/bottle/9f135d1317cb12d9b6d26d7322e0a536/left.png
bottle,9f135d1317cb12d9b6d26d7322e0a536,back,ok,0.354305,450,217,0.372505,450,336efbd1fab14099271f6d11fd00a073696f82e0d701ef48c5325778cd1aac67,true,/cpfs/user/zhuzihou/assets/dedup_workspaces/test0_transitive_apply_parallel/dataset/GRScenes_assets/bottle/9f135d1317cb12d9b6d26d7322e0a536/back.png
bottle,9f135d1317cb12d9b6d26d7322e0a536,right,ok,0.288231,308,381,0.447647,381,08b80806fdbcc42b097992953e3a7f53a21b5407d94d97123f8be7839d2df733,true,/cpfs/user/zhuzihou/assets/dedup_workspaces/test0_transitive_apply_parallel/dataset/GRScenes_assets/bottle/9f135d1317cb12d9b6d26d7322e0a536/right.png
bottle,9fbe7005179043cc01a3994afe3f6bea,front,ok,0.186096,458,126,0.220139,458,7dd736039665ad2cecfedd341ef58fef4bf229c8b2ead0bf45f8984c3a9515ff,true,/cpfs/user/zhuzihou/assets/dedup_workspaces/test0_transitive_apply_parallel/dataset/GRScenes_assets/bottle/9fbe7005179043cc01a3994afe3f6bea/front.png
bottle,9fbe7005179043cc01a3994afe3f6bea,left,ok,0.177368,188,338,0.242401,338,8287b6e6c39c80c94e56ffe85312a49bc878ae3a09940531734026b3d5b30c47,true,/cpfs/user/zhuzihou/assets/dedup_workspaces/test0_transitive_apply_parallel/dataset/GRScenes_assets/bottle/9fbe7005179043cc01a3994afe3f6bea/left.png
bottle,9fbe7005179043cc01a3994afe3f6bea,back,ok,0.186687,458,126,0.220139,458,5cbdc15fb4827cf7c2444b6a64f6d087b6f0060ae2a10b7bacd38df268e68075,true,/cpfs/user/zhuzihou/assets/dedup_workspaces/test0_transitive_apply_parallel/dataset/GRScenes_assets/bottle/9fbe7005179043cc01a3994afe3f6bea/back.png
bottle,9fbe7005179043cc01a3994afe3f6bea,right,ok,0.129536,138,340,0.178986,340,5e8f11892201c9fd8ad3852f0d71a182b692a55aa4d8a82487aa69351b3d4fe7,true,/cpfs/user/zhuzihou/assets/dedup_workspaces/test0_transitive_apply_parallel/dataset/GRScenes_assets/bottle/9fbe7005179043cc01a3994afe3f6bea/right.png
bottle,a038f66aab0ebe51b4c2e1e4010552bc,front,ok,0.354828,450,217,0.372505,450,5b6ec5dfd9f073ea1f21593c9e7e0d299e9e282d855b92f5d169482b36dcb5a7,true,/cpfs/user/zhuzihou/assets/dedup_workspaces/test0_transitive_apply_parallel/dataset/GRScenes_assets/bottle/a038f66aab0ebe51b4c2e1e4010552bc/front.png
bottle,a038f66aab0ebe51b4c2e1e4010552bc,left,ok,0.321785,307,381,0.446194,381,5b8f5b2915e500f4333984de1e615d48971dd1e3bbd0fb1f2e8b2ff2900d5417,true,/cpfs/user/zhuzihou/assets/dedup_workspaces/test0_transitive_apply_parallel/dataset/GRScenes_assets/bottle/a038f66aab0ebe51b4c2e1e4010552bc/left.png
bottle,a038f66aab0ebe51b4c2e1e4010552bc,back,ok,0.354065,450,217,0.372505,450,533aa20d7db07d4daa3ded8577862b5d82bc136d8e9abe351aeb555e797e32fc,true,/cpfs/user/zhuzihou/assets/dedup_workspaces/test0_transitive_apply_parallel/dataset/GRScenes_assets/bottle/a038f66aab0ebe51b4c2e1e4010552bc/back.png
bottle,a038f66aab0ebe51b4c2e1e4010552bc,right,ok,0.318882,307,381,0.446194,381,7c10de1739852104fbc562c4fd0f001334465bc357788fdb870ebce1fbcb1c61,true,/cpfs/user/zhuzihou/assets/dedup_workspaces/test0_transitive_apply_parallel/dataset/GRScenes_assets/bottle/a038f66aab0ebe51b4c2e1e4010552bc/right.png
bottle,a1d07ea9f81bfaefbd07acff198d96c8,front,ok,0.172081,308,160,0.187988,308,850b502cc2f6db64d70db9b59bcce5f720bcfeded2ddd9dd59bbc05f367cf51e,true,/cpfs/user/zhuzihou/assets/dedup_workspaces/test0_transitive_apply_parallel/dataset/GRScenes_assets/bottle/a1d07ea9f81bfaefbd07acff198d96c8/front.png
bottle,a1d07ea9f81bfaefbd07acff198d96c8,left,ok,0.101921,416,288,0.457031,416,a360072d59edbe4bf41ccb584f5cc4790a94511da6970bf80d4e2de68b33343f,true,/cpfs/user/zhuzihou/assets/dedup_workspaces/test0_transitive_apply_parallel/dataset/GRScenes_assets/bottle/a1d07ea9f81bfaefbd07acff198d96c8/left.png
bottle,a1d07ea9f81bfaefbd07acff198d96c8,back,ok,0.075890,207,371,0.292957,371,ba675623dd58c64dede8497612dc20d2fdde202d854101b7cd2ca94eb95245f3,true,/cpfs/user/zhuzihou/assets/dedup_workspaces/test0_transitive_apply_parallel/dataset/GRScenes_assets/bottle/a1d07ea9f81bfaefbd07acff198d96c8/back.png
bottle,a1d07ea9f81bfaefbd07acff198d96c8,right,ok,0.095306,369,197,0.277302,369,f242032a8983fef866fa30a35cf5425ab81d1486a14ddfebb32272b4e7814eed,true,/cpfs/user/zhuzihou/assets/dedup_workspaces/test0_transitive_apply_parallel/dataset/GRScenes_assets/bottle/a1d07ea9f81bfaefbd07acff198d96c8/right.png
bottle,a1da3822b6a63d98e3e6963b1e584b45,front,ok,0.434841,485,274,0.506935,485,e2e564619beac53b2890c1a957eceaf7a5a2b97990c8732c6e0c6507cf064484,true,/cpfs/user/zhuzihou/assets/dedup_workspaces/test0_transitive_apply_parallel/dataset/GRScenes_assets/bottle/a1da3822b6a63d98e3e6963b1e584b45/front.png
bottle,a1da3822b6a63d98e3e6963b1e584b45,left,ok,0.407017,354,379,0.511803,379,80f2accb0bed7b18ebf707c532a92241b56446f9c122b9057adc4f9cf75cc7b3,true,/cpfs/user/zhuzihou/assets/dedup_workspaces/test0_transitive_apply_parallel/dataset/GRScenes_assets/bottle/a1da3822b6a63d98e3e6963b1e584b45/left.png
bottle,a1da3822b6a63d98e3e6963b1e584b45,back,ok,0.428955,473,274,0.494392,473,659d5ca8fa9d6db29c137a8eb6f25ac04e3c08317cc344b6dcd95a97fe91d0c2,true,/cpfs/user/zhuzihou/assets/dedup_workspaces/test0_transitive_apply_parallel/dataset/GRScenes_assets/bottle/a1da3822b6a63d98e3e6963b1e584b45/back.png
bottle,a1da3822b6a63d98e3e6963b1e584b45,right,ok,0.352108,324,352,0.435059,352,1a58becff6ba979cff049998effe1a7c146621a384cd5052c68d98f8d5874159,true,/cpfs/user/zhuzihou/assets/dedup_workspaces/test0_transitive_apply_parallel/dataset/GRScenes_assets/bottle/a1da3822b6a63d98e3e6963b1e584b45/right.png
bottle,a293762bf3ed6231309f30d2ffaa357a,front,ok,0.376999,414,254,0.401138,414,2972b5fcd9b6ab8dc80f3b59c8fe5b844713b6e2b3f40c3238b12570eb28b1db,true,/cpfs/user/zhuzihou/assets/dedup_workspaces/test0_transitive_apply_parallel/dataset/GRScenes_assets/bottle/a293762bf3ed6231309f30d2ffaa357a/front.png
bottle,a293762bf3ed6231309f30d2ffaa357a,left,ok,0.276398,250,402,0.383377,402,f5cf7652f7ce2737ca330d62b25608f3c3f3fc0a9dc1c171b694d0057578fada,true,/cpfs/user/zhuzihou/assets/dedup_workspaces/test0_transitive_apply_parallel/dataset/GRScenes_assets/bottle/a293762bf3ed6231309f30d2ffaa357a/left.png
bottle,a293762bf3ed6231309f30d2ffaa357a,back,ok,0.377441,414,254,0.401138,414,a293d62b8e3f77e771311044d106dfcc22c878498114d81f048d9dbbb7008e14,true,/cpfs/user/zhuzihou/assets/dedup_workspaces/test0_transitive_apply_parallel/dataset/GRScenes_assets/bottle/a293762bf3ed6231309f30d2ffaa357a/back.png
bottle,a293762bf3ed6231309f30d2ffaa357a,right,ok,0.293320,260,411,0.407639,411,03836cfc5d5afb987e463324d807beba063061d67c4224410c0b3a67a05158dd,true,/cpfs/user/zhuzihou/assets/dedup_workspaces/test0_transitive_apply_parallel/dataset/GRScenes_assets/bottle/a293762bf3ed6231309f30d2ffaa357a/right.png
bottle,a2f041322a1b012cbd3585533cf7f333,front,ok,0.182243,407,178,0.276360,407,4b5c52327622df402f2a6b1e272503bebe4f1af885d472ff405bf9bf9b974789,true,/cpfs/user/zhuzihou/assets/dedup_workspaces/test0_transitive_apply_parallel/dataset/GRScenes_assets/bottle/a2f041322a1b012cbd3585533cf7f333/front.png
bottle,a2f041322a1b012cbd3585533cf7f333,left,ok,0.208977,276,306,0.322174,306,bd0b4f89eb69463e2a2a25760d1d261c6bb8bfef746f93fe93f5c5d01d39bc60,true,/cpfs/user/zhuzihou/assets/dedup_workspaces/test0_transitive_apply_parallel/dataset/GRScenes_assets/bottle/a2f041322a1b012cbd3585533cf7f333/left.png
bottle,a2f041322a1b012cbd3585533cf7f333,back,ok,0.182613,407,178,0.276360,407,2bedfb9e3f171aabc76fa38c5a665af4b7fb1c8dc101b655e4b620084e19f005,true,/cpfs/user/zhuzihou/assets/dedup_workspaces/test0_transitive_apply_parallel/dataset/GRScenes_assets/bottle/a2f041322a1b012cbd3585533cf7f333/back.png
bottle,a2f041322a1b012cbd3585533cf7f333,right,ok,0.155270,197,314,0.235970,314,48470705738c92ea821ef0eecb3140509cc69c0b2f05ef2779d751c0cb991d12,true,/cpfs/user/zhuzihou/assets/dedup_workspaces/test0_transitive_apply_parallel/dataset/GRScenes_assets/bottle/a2f041322a1b012cbd3585533cf7f333/right.png
bottle,a2ff06b037a299f22d7523c540770261,front,ok,0.253304,401,211,0.322765,401,1a2638af9cfd35ba912a27bd79ef557aa143f5f4227ad3f836f79e8475358630,true,/cpfs/user/zhuzihou/assets/dedup_workspaces/test0_transitive_apply_parallel/dataset/GRScenes_assets/bottle/a2ff06b037a299f22d7523c540770261/front.png
bottle,a2ff06b037a299f22d7523c540770261,left,ok,0.219498,236,329,0.296188,329,8eb34dfdbe8417b0cbabda228eb837d195b0c0b61b0dc3bd23d67c56d4bb2c9e,true,/cpfs/user/zhuzihou/assets/dedup_workspaces/test0_transitive_apply_parallel/dataset/GRScenes_assets/bottle/a2ff06b037a299f22d7523c540770261/left.png
bottle,a2ff06b037a299f22d7523c540770261,back,ok,0.252899,401,211,0.322765,401,4e396b864c9d58075f98aacc38b533482ea4aa06364b8df544208441a06fd4bf,true,/cpfs/user/zhuzihou/assets/dedup_workspaces/test0_transitive_apply_parallel/dataset/GRScenes_assets/bottle/a2ff06b037a299f22d7523c540770261/back.png
bottle,a2ff06b037a299f22d7523c540770261,right,ok,0.175861,194,319,0.236076,319,7c39819d490d5ef6b392b03e3eb37ff8e2838bde652d6bbfa6b0350d00664d41,true,/cpfs/user/zhuzihou/assets/dedup_workspaces/test0_transitive_apply_parallel/dataset/GRScenes_assets/bottle/a2ff06b037a299f22d7523c540770261/right.png
bottle,a352e1fcae7c13a293c58a1c9494d083,front,ok,0.185215,468,121,0.216019,468,794db01dd4f75328f53b512a0892524cb6f75db9e25c464b7a2e8e73e9b8d769,true,/cpfs/user/zhuzihou/assets/dedup_workspaces/test0_transitive_apply_parallel/dataset/GRScenes_assets/bottle/a352e1fcae7c13a293c58a1c9494d083/front.png
bottle,a352e1fcae7c13a293c58a1c9494d083,left,ok,0.177795,188,351,0.251724,351,ea0ce36bd182745791753e24468477747aad58c27ff30dc6843be5e2f84cfb3f,true,/cpfs/user/zhuzihou/assets/dedup_workspaces/test0_transitive_apply_parallel/dataset/GRScenes_assets/bottle/a352e1fcae7c13a293c58a1c9494d083/left.png
bottle,a352e1fcae7c13a293c58a1c9494d083,back,ok,0.185295,468,121,0.216019,468,f8128e31d936f537fa01d8555e09dae88a6ae9f030b47b38c8e9d46822fcbb7a,true,/cpfs/user/zhuzihou/assets/dedup_workspaces/test0_transitive_apply_parallel/dataset/GRScenes_assets/bottle/a352e1fcae7c13a293c58a1c9494d083/back.png
bottle,a352e1fcae7c13a293c58a1c9494d083,right,ok,0.134014,126,349,0.167747,349,a1533630c3f8833457fd3428a7a7843a7586f8faa870a718a8e52fb2a134a964,true,/cpfs/user/zhuzihou/assets/dedup_workspaces/test0_transitive_apply_parallel/dataset/GRScenes_assets/bottle/a352e1fcae7c13a293c58a1c9494d083/right.png
bottle,a39577f3cab8f003c17f2eab8a074dd2,front,ok,0.294842,480,175,0.320435,480,c256d8755e77681a0e6f403da3b30dab614b3b01780dec9b239dd69f024dd0f7,true,/cpfs/user/zhuzihou/assets/dedup_workspaces/test0_transitive_apply_parallel/dataset/GRScenes_assets/bottle/a39577f3cab8f003c17f2eab8a074dd2/front.png
bottle,a39577f3cab8f003c17f2eab8a074dd2,left,ok,0.291851,298,369,0.419472,369,ba6929520a1b2c8e97ac93b56ccc6c531c9481ca1e0c8ac43f1d9910707d7067,true,/cpfs/user/zhuzihou/assets/dedup_workspaces/test0_transitive_apply_parallel/dataset/GRScenes_assets/bottle/a39577f3cab8f003c17f2eab8a074dd2/left.png
bottle,a39577f3cab8f003c17f2eab8a074dd2,back,ok,0.294834,480,175,0.320435,480,9284fc0a99a7ea5ea2077e3db1c4a33eaa34696be676a51aaa66d5a9112d766e,true,/cpfs/user/zhuzihou/assets/dedup_workspaces/test0_transitive_apply_parallel/dataset/GRScenes_assets/bottle/a39577f3cab8f003c17f2eab8a074dd2/back.png
bottle,a39577f3cab8f003c17f2eab8a074dd2,right,ok,0.291851,300,369,0.422287,369,7ceacc1b7a207ea8826edd5959efb42fc02e692215d7bcc535c67c0ed3af4d74,true,/cpfs/user/zhuzihou/assets/dedup_workspaces/test0_transitive_apply_parallel/dataset/GRScenes_assets/bottle/a39577f3cab8f003c17f2eab8a074dd2/right.png
bottle,a4ba5603d0828dca9b02307e2ae66d3a,front,ok,0.176804,464,102,0.180542,464,1b7fd57bce7c7d0c6b95ce1442e15be42dc2f759296ab8eec56e85514e393318,true,/cpfs/user/zhuzihou/assets/dedup_workspaces/test0_transitive_apply_parallel/dataset/GRScenes_assets/bottle/a4ba5603d0828dca9b02307e2ae66d3a/front.png
bottle,a4ba5603d0828dca9b02307e2ae66d3a,left,ok,0.139149,153,365,0.213032,365,ec099a9af48c150d11640d48493a99090bb245cbcb0769602ba657aa72b7485e,true,/cpfs/user/zhuzihou/assets/dedup_workspaces/test0_transitive_apply_parallel/dataset/GRScenes_assets/bottle/a4ba5603d0828dca9b02307e2ae66d3a/left.png
bottle,a4ba5603d0828dca9b02307e2ae66d3a,back,ok,0.138405,487,102,0.189491,487,70cb1a8af204cf9b7f35b7713bf40ba3263c2a053b074b023bf822e154b35483,true,/cpfs/user/zhuzihou/assets/dedup_workspaces/test0_transitive_apply_parallel/dataset/GRScenes_assets/bottle/a4ba5603d0828dca9b02307e2ae66d3a/back.png
bottle,a4ba5603d0828dca9b02307e2ae66d3a,right,ok,0.107819,104,365,0.144806,365,e1295bd86bae7f0e60d0c209864101f6e8bfbe00dead9d0b6cdcb730f1c5d4d3,true,/cpfs/user/zhuzihou/assets/dedup_workspaces/test0_transitive_apply_parallel/dataset/GRScenes_assets/bottle/a4ba5603d0828dca9b02307e2ae66d3a/right.png
bottle,a627b24b71e87ebea3a54133082c5f07,front,ok,0.176804,464,102,0.180542,464,a9d259ad8a66fc33d80631a3e115b418bde43c551e8ee9dced5bc3e77840cf7c,true,/cpfs/user/zhuzihou/assets/dedup_workspaces/test0_transitive_apply_parallel/dataset/GRScenes_assets/bottle/a627b24b71e87ebea3a54133082c5f07/front.png
bottle,a627b24b71e87ebea3a54133082c5f07,left,ok,0.139149,153,365,0.213032,365,788b55b5642c98529b7565889ee6894583ce2f370e85da838ef679e9350a594f,true,/cpfs/user/zhuzihou/assets/dedup_workspaces/test0_transitive_apply_parallel/dataset/GRScenes_assets/bottle/a627b24b71e87ebea3a54133082c5f07/left.png
bottle,a627b24b71e87ebea3a54133082c5f07,back,ok,0.138401,487,102,0.189491,487,871fcbec7a604c8f2e6da8527678d3354bb64ef3a3ad85a57f7ccd3f26bca1d7,true,/cpfs/user/zhuzihou/assets/dedup_workspaces/test0_transitive_apply_parallel/dataset/GRScenes_assets/bottle/a627b24b71e87ebea3a54133082c5f07/back.png
bottle,a627b24b71e87ebea3a54133082c5f07,right,ok,0.107819,104,365,0.144806,365,b3b1bb14ab8bb99e6d501c6716f728261c8844993d33761fe8b6f16acbad15e1,true,/cpfs/user/zhuzihou/assets/dedup_workspaces/test0_transitive_apply_parallel/dataset/GRScenes_assets/bottle/a627b24b71e87ebea3a54133082c5f07/right.png
bottle,a9e5cc0c823d49a4464af1cba8ccc83b,front,ok,0.434841,485,274,0.506935,485,bb2f99384ab3a6095f02614471275113a75bd3c9ebf8094f299b0ecb4d97c914,true,/cpfs/user/zhuzihou/assets/dedup_workspaces/test0_transitive_apply_parallel/dataset/GRScenes_assets/bottle/a9e5cc0c823d49a4464af1cba8ccc83b/front.png
bottle,a9e5cc0c823d49a4464af1cba8ccc83b,left,ok,0.407013,354,379,0.511803,379,eb6c1617bd2991ab3151eedfe92ca6bbf590a32e909da8fccdaff8cb1026fe23,true,/cpfs/user/zhuzihou/assets/dedup_workspaces/test0_transitive_apply_parallel/dataset/GRScenes_assets/bottle/a9e5cc0c823d49a4464af1cba8ccc83b/left.png
bottle,a9e5cc0c823d49a4464af1cba8ccc83b,back,ok,0.428955,473,274,0.494392,473,4f9957f4e831959c1b5c71c872841d540f376adc40a28fe8182f928ef3bd8ceb,true,/cpfs/user/zhuzihou/assets/dedup_workspaces/test0_transitive_apply_parallel/dataset/GRScenes_assets/bottle/a9e5cc0c823d49a4464af1cba8ccc83b/back.png
bottle,a9e5cc0c823d49a4464af1cba8ccc83b,right,ok,0.352100,324,352,0.435059,352,a16719797bfb75173b7ea9370e2f3fe0cdcd75206cb6278cc7f55622adec73cf,true,/cpfs/user/zhuzihou/assets/dedup_workspaces/test0_transitive_apply_parallel/dataset/GRScenes_assets/bottle/a9e5cc0c823d49a4464af1cba8ccc83b/right.png
bottle,aab77c3ce0425e1f3d784b98fc837ee4,front,ok,0.356075,450,217,0.372505,450,fb81af577e180f6de552bb2476385bf8fba64d22a4d9ffd325b711208d490883,true,/cpfs/user/zhuzihou/assets/dedup_workspaces/test0_transitive_apply_parallel/dataset/GRScenes_assets/bottle/aab77c3ce0425e1f3d784b98fc837ee4/front.png
bottle,aab77c3ce0425e1f3d784b98fc837ee4,left,ok,0.322910,308,381,0.447647,381,0a424663578f50f4fd6e1f22c19cfc0fda314527cea20ee35ca2f30d857606cc,true,/cpfs/user/zhuzihou/assets/dedup_workspaces/test0_transitive_apply_parallel/dataset/GRScenes_assets/bottle/aab77c3ce0425e1f3d784b98fc837ee4/left.png
bottle,aab77c3ce0425e1f3d784b98fc837ee4,back,ok,0.356228,450,217,0.372505,450,654159e3838706c2bf78b7c6ccea942f3cccdeed11041bfd8bbf4d2879915833,true,/cpfs/user/zhuzihou/assets/dedup_workspaces/test0_transitive_apply_parallel/dataset/GRScenes_assets/bottle/aab77c3ce0425e1f3d784b98fc837ee4/back.png
bottle,aab77c3ce0425e1f3d784b98fc837ee4,right,ok,0.320614,308,381,0.447647,381,39567f732a24e5a6d965f633b66cbd76c1c9b55e3cdccd3ec217f39c00adff13,true,/cpfs/user/zhuzihou/assets/dedup_workspaces/test0_transitive_apply_parallel/dataset/GRScenes_assets/bottle/aab77c3ce0425e1f3d784b98fc837ee4/right.png
bottle,aab8c1901434b1386710340c0ebb8116,front,ok,0.434841,485,274,0.506935,485,8578223d5b6b8b3d178e71f43e9876242fc4ea4f6423f4c6e299d986d2d70aa0,true,/cpfs/user/zhuzihou/assets/dedup_workspaces/test0_transitive_apply_parallel/dataset/GRScenes_assets/bottle/aab8c1901434b1386710340c0ebb8116/front.png
bottle,aab8c1901434b1386710340c0ebb8116,left,ok,0.407013,354,379,0.511803,379,b90ea82c8dffc84f7bfb712378a727219200f36666e089568cb9d62ed2c8e21c,true,/cpfs/user/zhuzihou/assets/dedup_workspaces/test0_transitive_apply_parallel/dataset/GRScenes_assets/bottle/aab8c1901434b1386710340c0ebb8116/left.png
bottle,aab8c1901434b1386710340c0ebb8116,back,ok,0.428959,473,274,0.494392,473,7820713f424facdfb13498c905ef1c04e7326d6d5e21a385b5be115e5ff0700b,true,/cpfs/user/zhuzihou/assets/dedup_workspaces/test0_transitive_apply_parallel/dataset/GRScenes_assets/bottle/aab8c1901434b1386710340c0ebb8116/back.png
bottle,aab8c1901434b1386710340c0ebb8116,right,ok,0.352112,324,352,0.435059,352,1671307abc7f6435f9846a1075e89be5abb49ffc5d62a1fcef7ab0c2e9129363,true,/cpfs/user/zhuzihou/assets/dedup_workspaces/test0_transitive_apply_parallel/dataset/GRScenes_assets/bottle/aab8c1901434b1386710340c0ebb8116/right.png
bottle,aba7553eed6ab7e03e3fd156594e9f9a,front,ok,0.163151,464,120,0.212402,464,ef03bb924f4c55451e630b67669206976a2c16a78af8c856dd4c0a51fa9f7791,true,/cpfs/user/zhuzihou/assets/dedup_workspaces/test0_transitive_apply_parallel/dataset/GRScenes_assets/bottle/aba7553eed6ab7e03e3fd156594e9f9a/front.png
bottle,aba7553eed6ab7e03e3fd156594e9f9a,left,ok,0.159351,172,350,0.229645,350,4fe19f1692759934295f154648025efc04aa6f90c5b1b24f9595396666bd3cc9,true,/cpfs/user/zhuzihou/assets/dedup_workspaces/test0_transitive_apply_parallel/dataset/GRScenes_assets/bottle/aba7553eed6ab7e03e3fd156594e9f9a/left.png
bottle,aba7553eed6ab7e03e3fd156594e9f9a,back,ok,0.162216,464,120,0.212402,464,cf63384cbd31cc7c66dea57b27b7cd5715b8b35af3bc037f9a41e4c32824665b,true,/cpfs/user/zhuzihou/assets/dedup_workspaces/test0_transitive_apply_parallel/dataset/GRScenes_assets/bottle/aba7553eed6ab7e03e3fd156594e9f9a/back.png
bottle,aba7553eed6ab7e03e3fd156594e9f9a,right,ok,0.101635,118,349,0.157097,349,70ce4cbeac49fc8f6f66d77666819453b0e46b076692dfd9b28d667b40c90b21,true,/cpfs/user/zhuzihou/assets/dedup_workspaces/test0_transitive_apply_parallel/dataset/GRScenes_assets/bottle/aba7553eed6ab7e03e3fd156594e9f9a/right.png
bottle,ad84934ce7809f3e4b8e7b75842d4d3f,front,ok,0.152161,474,108,0.195282,474,14d6f1b854bf089ddd3a530a49038f9a902feba72fbe2ce441ea54db6a3ff390,true,/cpfs/user/zhuzihou/assets/dedup_workspaces/test0_transitive_apply_parallel/dataset/GRScenes_assets/bottle/ad84934ce7809f3e4b8e7b75842d4d3f/front.png
bottle,ad84934ce7809f3e4b8e7b75842d4d3f,left,ok,0.159248,173,354,0.233620,354,ec355fcfd53cdae531b0b001e3ba6eab426d4bce8d8fcdd3619810b3058c7908,true,/cpfs/user/zhuzihou/assets/dedup_workspaces/test0_transitive_apply_parallel/dataset/GRScenes_assets/bottle/ad84934ce7809f3e4b8e7b75842d4d3f/left.png
bottle,ad84934ce7809f3e4b8e7b75842d4d3f,back,ok,0.154793,475,106,0.192070,475,bca974df3f3dbd8e3865cc130f6ee68638c98ac6e312220d8a497fa67ab61461,true,/cpfs/user/zhuzihou/assets/dedup_workspaces/test0_transitive_apply_parallel/dataset/GRScenes_assets/bottle/ad84934ce7809f3e4b8e7b75842d4d3f/back.png
bottle,ad84934ce7809f3e4b8e7b75842d4d3f,right,ok,0.106251,117,350,0.156212,350,9b986df426e06bf5cdc0d4db1779bc4393722ff80d8b0ecb3d2539b6238a0271,true,/cpfs/user/zhuzihou/assets/dedup_workspaces/test0_transitive_apply_parallel/dataset/GRScenes_assets/bottle/ad84934ce7809f3e4b8e7b75842d4d3f/right.png
bottle,adc2f8ec0c7a9a46f839a1d1c4bba73c,front,ok,0.179211,460,121,0.212326,460,841ac55929101f648410f5fc6ed71779236795b7f9f509a81a9043cb237e8813,true,/cpfs/user/zhuzihou/assets/dedup_workspaces/test0_transitive_apply_parallel/dataset/GRScenes_assets/bottle/adc2f8ec0c7a9a46f839a1d1c4bba73c/front.png
bottle,adc2f8ec0c7a9a46f839a1d1c4bba73c,left,ok,0.177750,192,336,0.246094,336,aec90a1aa77c05103bdd85bef1b28b20d8a6fd90cf7d637cc7275399f3b7a697,true,/cpfs/user/zhuzihou/assets/dedup_workspaces/test0_transitive_apply_parallel/dataset/GRScenes_assets/bottle/adc2f8ec0c7a9a46f839a1d1c4bba73c/left.png
bottle,adc2f8ec0c7a9a46f839a1d1c4bba73c,back,ok,0.179501,460,121,0.212326,460,90b304a80a26a8a86400ccbf2e7dbf85984294864181f8bffde7d28b23f2b7d6,true,/cpfs/user/zhuzihou/assets/dedup_workspaces/test0_transitive_apply_parallel/dataset/GRScenes_assets/bottle/adc2f8ec0c7a9a46f839a1d1c4bba73c/back.png
bottle,adc2f8ec0c7a9a46f839a1d1c4bba73c,right,ok,0.130013,140,337,0.179977,337,d97efcf7a93f66d6b5e5aaed1952e787f4eb28950186afe31cb691a85ebaceb9,true,/cpfs/user/zhuzihou/assets/dedup_workspaces/test0_transitive_apply_parallel/dataset/GRScenes_assets/bottle/adc2f8ec0c7a9a46f839a1d1c4bba73c/right.png
bottle,ae9b5acac10e7fc7c6cd8bc631ebbe3c,front,ok,0.163151,464,120,0.212402,464,bd9b7a4599844542898e5f062c02d2dadb58100bc2e11fdb6af30c125c78f835,true,/cpfs/user/zhuzihou/assets/dedup_workspaces/test0_transitive_apply_parallel/dataset/GRScenes_assets/bottle/ae9b5acac10e7fc7c6cd8bc631ebbe3c/front.png
bottle,ae9b5acac10e7fc7c6cd8bc631ebbe3c,left,ok,0.159351,172,350,0.229645,350,4ac411d4b616d573da095d2ad2b5e0b625afaead4932d5fe7e4753b0c28a6b25,true,/cpfs/user/zhuzihou/assets/dedup_workspaces/test0_transitive_apply_parallel/dataset/GRScenes_assets/bottle/ae9b5acac10e7fc7c6cd8bc631ebbe3c/left.png
bottle,ae9b5acac10e7fc7c6cd8bc631ebbe3c,back,ok,0.162220,464,120,0.212402,464,7cc96558d87bc79f28444b7cd8667b2550b5ed52cf1d1651433c5c9ffe07e61a,true,/cpfs/user/zhuzihou/assets/dedup_workspaces/test0_transitive_apply_parallel/dataset/GRScenes_assets/bottle/ae9b5acac10e7fc7c6cd8bc631ebbe3c/back.png
bottle,ae9b5acac10e7fc7c6cd8bc631ebbe3c,right,ok,0.101635,118,349,0.157097,349,dea16e59381e4329e78d1d17c1cea46ae5e087df5541849ed85cb6142b28f84f,true,/cpfs/user/zhuzihou/assets/dedup_workspaces/test0_transitive_apply_parallel/dataset/GRScenes_assets/bottle/ae9b5acac10e7fc7c6cd8bc631ebbe3c/right.png
bottle,aecd28c63733453f912997af3312aad8,front,ok,0.177601,470,115,0.206184,470,adff9b66c0178d78af5f57191c2e8ac548639a90da31fdf02e470b61a375d08c,true,/cpfs/user/zhuzihou/assets/dedup_workspaces/test0_transitive_apply_parallel/dataset/GRScenes_assets/bottle/aecd28c63733453f912997af3312aad8/front.png
bottle,aecd28c63733453f912997af3312aad8,left,ok,0.178104,190,348,0.252228,348,217a65e08be1cf6294231e213f09a8780f3b3c9362a32f00d656ae9e279fc179,true,/cpfs/user/zhuzihou/assets/dedup_workspaces/test0_transitive_apply_parallel/dataset/GRScenes_assets/bottle/aecd28c63733453f912997af3312aad8/left.png
bottle,aecd28c63733453f912997af3312aad8,back,ok,0.177589,470,115,0.206184,470,8a466f8c15f48e94c227668e3b22fb1c56a49120b00fc4d1c5eaf01764a5f3bc,true,/cpfs/user/zhuzihou/assets/dedup_workspaces/test0_transitive_apply_parallel/dataset/GRScenes_assets/bottle/aecd28c63733453f912997af3312aad8/back.png
bottle,aecd28c63733453f912997af3312aad8,right,ok,0.134476,128,347,0.169434,347,38bafa12bd51bc39fcf8e74e95267ed493056ae4621762da3c9f308398bb60fe,true,/cpfs/user/zhuzihou/assets/dedup_workspaces/test0_transitive_apply_parallel/dataset/GRScenes_assets/bottle/aecd28c63733453f912997af3312aad8/right.png
bottle,af6b80064345fae079b4a30d0d9aabcb,front,ok,0.177586,470,115,0.206184,470,bb8a5470dd4c91ceec9b92eec4b519d71a36ae6fb983a679611fb5b77f5765bd,true,/cpfs/user/zhuzihou/assets/dedup_workspaces/test0_transitive_apply_parallel/dataset/GRScenes_assets/bottle/af6b80064345fae079b4a30d0d9aabcb/front.png
bottle,af6b80064345fae079b4a30d0d9aabcb,left,ok,0.178104,190,348,0.252228,348,55b14e8e83db4f0c91a05888aa8f03998e48dcc9f7a93f2a6900e455a95d1366,true,/cpfs/user/zhuzihou/assets/dedup_workspaces/test0_transitive_apply_parallel/dataset/GRScenes_assets/bottle/af6b80064345fae079b4a30d0d9aabcb/left.png
bottle,af6b80064345fae079b4a30d0d9aabcb,back,ok,0.177589,470,115,0.206184,470,61b638e996c7570b403ac858fec8c955684b568f2c096890dced970f416da5b4,true,/cpfs/user/zhuzihou/assets/dedup_workspaces/test0_transitive_apply_parallel/dataset/GRScenes_assets/bottle/af6b80064345fae079b4a30d0d9aabcb/back.png
bottle,af6b80064345fae079b4a30d0d9aabcb,right,ok,0.134476,128,347,0.169434,347,f96ed6edf0c4084868d07145a3605a511264972ba29bf1a42ec1773190e18a28,true,/cpfs/user/zhuzihou/assets/dedup_workspaces/test0_transitive_apply_parallel/dataset/GRScenes_assets/bottle/af6b80064345fae079b4a30d0d9aabcb/right.png
bottle,afb689a00ba6040f0db8592679bfe8ae,front,ok,0.177586,470,115,0.206184,470,d475769ea2bd717f662cfbdd2b57d280d0e687c383deef16030ecde17c45037f,true,/cpfs/user/zhuzihou/assets/dedup_workspaces/test0_transitive_apply_parallel/dataset/GRScenes_assets/bottle/afb689a00ba6040f0db8592679bfe8ae/front.png
bottle,afb689a00ba6040f0db8592679bfe8ae,left,ok,0.178104,190,348,0.252228,348,9c0cd50efd89594d1447034a922958fc4225e0f7bf5e5d760461da0e9df9b87d,true,/cpfs/user/zhuzihou/assets/dedup_workspaces/test0_transitive_apply_parallel/dataset/GRScenes_assets/bottle/afb689a00ba6040f0db8592679bfe8ae/left.png
bottle,afb689a00ba6040f0db8592679bfe8ae,back,ok,0.177586,470,115,0.206184,470,fb576eceedf13edad6b11d53bc17b45a1594d8871a75d3f6e521f7dae2221319,true,/cpfs/user/zhuzihou/assets/dedup_workspaces/test0_transitive_apply_parallel/dataset/GRScenes_assets/bottle/afb689a00ba6040f0db8592679bfe8ae/back.png
bottle,afb689a00ba6040f0db8592679bfe8ae,right,ok,0.134476,128,347,0.169434,347,72ff3b6402a8168dcb704b28d88e3826e25e33ffbb6ae6f29e83e5e1ecf2bfd6,true,/cpfs/user/zhuzihou/assets/dedup_workspaces/test0_transitive_apply_parallel/dataset/GRScenes_assets/bottle/afb689a00ba6040f0db8592679bfe8ae/right.png
bottle,b1a8b6c94f0d0c8f90caae8077ed0467,front,ok,0.346718,450,217,0.372505,450,cad30c0d9fdd6f82e8bb9de950581096fec9a117e0b6ba211341b1b2e0c74d04,true,/cpfs/user/zhuzihou/assets/dedup_workspaces/test0_transitive_apply_parallel/dataset/GRScenes_assets/bottle/b1a8b6c94f0d0c8f90caae8077ed0467/front.png
bottle,b1a8b6c94f0d0c8f90caae8077ed0467,left,ok,0.319534,307,381,0.446194,381,5b6553275ed55c89a402a58c04873266ee6a2d740e9b94f237af6f78342f46ec,true,/cpfs/user/zhuzihou/assets/dedup_workspaces/test0_transitive_apply_parallel/dataset/GRScenes_assets/bottle/b1a8b6c94f0d0c8f90caae8077ed0467/left.png
bottle,b1a8b6c94f0d0c8f90caae8077ed0467,back,ok,0.346256,450,217,0.372505,450,b889b58539c19fa2051383e69fe14e01b3bacefdd6ecaa91d15c8d8b343ed248,true,/cpfs/user/zhuzihou/assets/dedup_workspaces/test0_transitive_apply_parallel/dataset/GRScenes_assets/bottle/b1a8b6c94f0d0c8f90caae8077ed0467/back.png
bottle,b1a8b6c94f0d0c8f90caae8077ed0467,right,ok,0.316608,307,381,0.446194,381,0d15e5ed72ec12455c537f95faa07a6ec7895203a7ab7e6d11978c1513184c81,true,/cpfs/user/zhuzihou/assets/dedup_workspaces/test0_transitive_apply_parallel/dataset/GRScenes_assets/bottle/b1a8b6c94f0d0c8f90caae8077ed0467/right.png
bottle,b1c8ddd914cab96e012ac88de8d104df,front,ok,0.177578,470,115,0.206184,470,9d9b80c6e25a50089b0e59995b41327ed0c53dfb5b99d659ab41f26f1a246996,true,/cpfs/user/zhuzihou/assets/dedup_workspaces/test0_transitive_apply_parallel/dataset/GRScenes_assets/bottle/b1c8ddd914cab96e012ac88de8d104df/front.png
bottle,b1c8ddd914cab96e012ac88de8d104df,left,ok,0.178104,190,348,0.252228,348,84de965a6917297504f818aea343a363d8d5cccd760eab3226bb22d47c4e58a4,true,/cpfs/user/zhuzihou/assets/dedup_workspaces/test0_transitive_apply_parallel/dataset/GRScenes_assets/bottle/b1c8ddd914cab96e012ac88de8d104df/left.png
bottle,b1c8ddd914cab96e012ac88de8d104df,back,ok,0.177582,470,115,0.206184,470,472fb6fc0b6de8de3b1928bed7e2b6b97a0754daf749cb32df0ebd4e1528d64b,true,/cpfs/user/zhuzihou/assets/dedup_workspaces/test0_transitive_apply_parallel/dataset/GRScenes_assets/bottle/b1c8ddd914cab96e012ac88de8d104df/back.png
bottle,b1c8ddd914cab96e012ac88de8d104df,right,ok,0.134476,128,347,0.169434,347,287dbe1bb212c2a8993e366cae6d55f7ecf199996fbe0611b4b66e28f54d8174,true,/cpfs/user/zhuzihou/assets/dedup_workspaces/test0_transitive_apply_parallel/dataset/GRScenes_assets/bottle/b1c8ddd914cab96e012ac88de8d104df/right.png
bottle,b1e43d1291312df0aee19f73e59a1581,front,ok,0.168285,455,120,0.208282,455,0b1e5cfa47572cf1d1c9f30205adc354fa354b8e32ecdb9296bbfbcb3586a679,true,/cpfs/user/zhuzihou/assets/dedup_workspaces/test0_transitive_apply_parallel/dataset/GRScenes_assets/bottle/b1e43d1291312df0aee19f73e59a1581/front.png
bottle,b1e43d1291312df0aee19f73e59a1581,left,ok,0.135433,146,339,0.188805,339,d10d869fddefd6ee3d47ea31243c428cee1560baa20e311679bd4eb7b7c04539,true,/cpfs/user/zhuzihou/assets/dedup_workspaces/test0_transitive_apply_parallel/dataset/GRScenes_assets/bottle/b1e43d1291312df0aee19f73e59a1581/left.png
bottle,b1e43d1291312df0aee19f73e59a1581,back,ok,0.168770,457,120,0.209198,457,faf703b996c56a7b56bca8a58acf5765879954e7a81285e02e07c6a6e3a8f1d4,true,/cpfs/user/zhuzihou/assets/dedup_workspaces/test0_transitive_apply_parallel/dataset/GRScenes_assets/bottle/b1e43d1291312df0aee19f73e59a1581/back.png
bottle,b1e43d1291312df0aee19f73e59a1581,right,ok,0.110447,118,342,0.153946,342,e97332bcc224e849e7cf933378508c5e66c847f02b5908b97310ff92ae45c895,true,/cpfs/user/zhuzihou/assets/dedup_workspaces/test0_transitive_apply_parallel/dataset/GRScenes_assets/bottle/b1e43d1291312df0aee19f73e59a1581/right.png
bottle,b21a67cd9257f1facf8a05a4c9cf06af,front,ok,0.183266,446,135,0.229683,446,994dd3f0d3a5c9d3e2bb6e6d5ab880cc0bf753fa0fe436745aea23c92ce745ba,true,/cpfs/user/zhuzihou/assets/dedup_workspaces/test0_transitive_apply_parallel/dataset/GRScenes_assets/bottle/b21a67cd9257f1facf8a05a4c9cf06af/front.png
bottle,b21a67cd9257f1facf8a05a4c9cf06af,left,ok,0.150867,162,332,0.205170,332,a1308661d56271c6a25010092a106eefb99d5b3e0536b479ae904fae03fe5dd0,true,/cpfs/user/zhuzihou/assets/dedup_workspaces/test0_transitive_apply_parallel/dataset/GRScenes_assets/bottle/b21a67cd9257f1facf8a05a4c9cf06af/left.png
bottle,b21a67cd9257f1facf8a05a4c9cf06af,back,ok,0.183800,449,135,0.231228,449,3b0b3d0dc99afa19424deef06978fdb1bdddc62aa6a6db054f589355e6f8665a,true,/cpfs/user/zhuzihou/assets/dedup_workspaces/test0_transitive_apply_parallel/dataset/GRScenes_assets/bottle/b21a67cd9257f1facf8a05a4c9cf06af/back.png
bottle,b21a67cd9257f1facf8a05a4c9cf06af,right,ok,0.117069,134,336,0.171753,336,5ee86e4c0f9dd634061fa7cf85d18fa5de225d11875ea78283ffd8555d2e849a,true,/cpfs/user/zhuzihou/assets/dedup_workspaces/test0_transitive_apply_parallel/dataset/GRScenes_assets/bottle/b21a67cd9257f1facf8a05a4c9cf06af/right.png
bottle,b31f65a4beacaa18376d5917f4e260c8,front,ok,0.344360,450,217,0.372505,450,8a4439dacc6ac21afc2bcf3982c0e4bb801858817d5c286cb419e5b6436a8fd9,true,/cpfs/user/zhuzihou/assets/dedup_workspaces/test0_transitive_apply_parallel/dataset/GRScenes_assets/bottle/b31f65a4beacaa18376d5917f4e260c8/front.png
bottle,b31f65a4beacaa18376d5917f4e260c8,left,ok,0.321857,307,381,0.446194,381,b8e9d19104e9e9871a7da55c63daaec2fd7215475527008fbea83738f36040c1,true,/cpfs/user/zhuzihou/assets/dedup_workspaces/test0_transitive_apply_parallel/dataset/GRScenes_assets/bottle/b31f65a4beacaa18376d5917f4e260c8/left.png
bottle,b31f65a4beacaa18376d5917f4e260c8,back,ok,0.345531,450,217,0.372505,450,f34fcf815d58eee053e0c42a91f9a656d0b80acccfa83a8ac5b986333543baf6,true,/cpfs/user/zhuzihou/assets/dedup_workspaces/test0_transitive_apply_parallel/dataset/GRScenes_assets/bottle/b31f65a4beacaa18376d5917f4e260c8/back.png
bottle,b31f65a4beacaa18376d5917f4e260c8,right,ok,0.319077,308,381,0.447647,381,7a509da1bdaa4b7e5008f5b45cc0c63e00fc6b7b967f3752c574428853b61825,true,/cpfs/user/zhuzihou/assets/dedup_workspaces/test0_transitive_apply_parallel/dataset/GRScenes_assets/bottle/b31f65a4beacaa18376d5917f4e260c8/right.png
bottle,b37af42c2d5acb6ca5004b2ec7e0f425,front,ok,0.176804,464,102,0.180542,464,96f24cb4891c33e36e6d85266ade40912a9f3bff3a99ee6ce01300565b59f29b,true,/cpfs/user/zhuzihou/assets/dedup_workspaces/test0_transitive_apply_parallel/dataset/GRScenes_assets/bottle/b37af42c2d5acb6ca5004b2ec7e0f425/front.png
bottle,b37af42c2d5acb6ca5004b2ec7e0f425,left,ok,0.139149,153,365,0.213032,365,5a7bb45efa85830f5fe3fa1638a82be1962267d96a179caeb10f337c3a291def,true,/cpfs/user/zhuzihou/assets/dedup_workspaces/test0_transitive_apply_parallel/dataset/GRScenes_assets/bottle/b37af42c2d5acb6ca5004b2ec7e0f425/left.png
bottle,b37af42c2d5acb6ca5004b2ec7e0f425,back,ok,0.138405,487,102,0.189491,487,d2d7e466229dce2e3641c7b1a7151cc73273a10416ded1190678e340174d5841,true,/cpfs/user/zhuzihou/assets/dedup_workspaces/test0_transitive_apply_parallel/dataset/GRScenes_assets/bottle/b37af42c2d5acb6ca5004b2ec7e0f425/back.png
bottle,b37af42c2d5acb6ca5004b2ec7e0f425,right,ok,0.107819,104,365,0.144806,365,634d63d8895a47ae63133ef885ba0d7b0d4693cbc341b224cbe4d7e639db62a3,true,/cpfs/user/zhuzihou/assets/dedup_workspaces/test0_transitive_apply_parallel/dataset/GRScenes_assets/bottle/b37af42c2d5acb6ca5004b2ec7e0f425/right.png
bottle,b4ca316a4545714e621e06aebab8650c,front,ok,0.192192,456,145,0.252228,456,c73d02c1ea941efc5681368ed1d40f9143e95854029e7cc025f033061acf7198,true,/cpfs/user/zhuzihou/assets/dedup_workspaces/test0_transitive_apply_parallel/dataset/GRScenes_assets/bottle/b4ca316a4545714e621e06aebab8650c/front.png
bottle,b4ca316a4545714e621e06aebab8650c,left,ok,0.197338,212,344,0.278198,344,04afa4f3545596a2155aa031c25662c884bb5a87e2c55a89b7de939c40e9e03d,true,/cpfs/user/zhuzihou/assets/dedup_workspaces/test0_transitive_apply_parallel/dataset/GRScenes_assets/bottle/b4ca316a4545714e621e06aebab8650c/left.png
bottle,b4ca316a4545714e621e06aebab8650c,back,ok,0.191631,457,144,0.251038,457,f25ecb237617852b1006b0f986f7b3ace39a6da88cc74d9f9a479116ff0c6851,true,/cpfs/user/zhuzihou/assets/dedup_workspaces/test0_transitive_apply_parallel/dataset/GRScenes_assets/bottle/b4ca316a4545714e621e06aebab8650c/back.png
bottle,b4ca316a4545714e621e06aebab8650c,right,ok,0.113293,139,366,0.194069,366,615c6a4a9e9b1cd1e125bf8fefc5a75b2419947e7b746de88740e12c2784757b,true,/cpfs/user/zhuzihou/assets/dedup_workspaces/test0_transitive_apply_parallel/dataset/GRScenes_assets/bottle/b4ca316a4545714e621e06aebab8650c/right.png
bottle,b628cbb4bd1d38c5becef4bb2f9ca798,front,ok,0.206512,365,222,0.309105,365,b321fe3a19b0765bd958eb4d051a469873f398a22f684c7c18ec8fcee766bc94,true,/cpfs/user/zhuzihou/assets/dedup_workspaces/test0_transitive_apply_parallel/dataset/GRScenes_assets/bottle/b628cbb4bd1d38c5becef4bb2f9ca798/front.png
bottle,b628cbb4bd1d38c5becef4bb2f9ca798,left,ok,0.187294,234,275,0.245476,275,5fec4f5364519563b2a8e202f3487d23075ad9dcaa0790c440f3325cfa8e819d,true,/cpfs/user/zhuzihou/assets/dedup_workspaces/test0_transitive_apply_parallel/dataset/GRScenes_assets/bottle/b628cbb4bd1d38c5becef4bb2f9ca798/left.png
bottle,b628cbb4bd1d38c5becef4bb2f9ca798,back,ok,0.191097,365,222,0.309105,365,c6a4cf0f4a9985cd410dc22ce45773f5bcecb78119f05893c73504d9cccd52d5,true,/cpfs/user/zhuzihou/assets/dedup_workspaces/test0_transitive_apply_parallel/dataset/GRScenes_assets/bottle/b628cbb4bd1d38c5becef4bb2f9ca798/back.png
bottle,b628cbb4bd1d38c5becef4bb2f9ca798,right,ok,0.159779,204,297,0.231125,297,ef1d5cd2db69fb68d6ff4b7a4ddf1b06f64af9561f3f1b2bb21cd6802d51d400,true,/cpfs/user/zhuzihou/assets/dedup_workspaces/test0_transitive_apply_parallel/dataset/GRScenes_assets/bottle/b628cbb4bd1d38c5becef4bb2f9ca798/right.png
bottle,b6baebf367ab8452864ca90d79682503,front,ok,0.186100,458,126,0.220139,458,ca8905e4a393a4ac36ed3ccddaa770b7a4e1aff84c1073a6df6f10dc07e4e71b,true,/cpfs/user/zhuzihou/assets/dedup_workspaces/test0_transitive_apply_parallel/dataset/GRScenes_assets/bottle/b6baebf367ab8452864ca90d79682503/front.png
bottle,b6baebf367ab8452864ca90d79682503,left,ok,0.177361,188,338,0.242401,338,9898cf2a951b4562f249360119344cd6685199fdf297ad2b5bf0c2cebdf702e1,true,/cpfs/user/zhuzihou/assets/dedup_workspaces/test0_transitive_apply_parallel/dataset/GRScenes_assets/bottle/b6baebf367ab8452864ca90d79682503/left.png
bottle,b6baebf367ab8452864ca90d79682503,back,ok,0.186684,458,126,0.220139,458,796c35e9aa85c437aa8bc8f561daf68c04bbfb0ad610779f01cb99da40da5dfe,true,/cpfs/user/zhuzihou/assets/dedup_workspaces/test0_transitive_apply_parallel/dataset/GRScenes_assets/bottle/b6baebf367ab8452864ca90d79682503/back.png
bottle,b6baebf367ab8452864ca90d79682503,right,ok,0.129536,138,340,0.178986,340,f97db7747b24d4ea022ccd20672419966cf6b7eec10042ac6ecfe7fcefda924d,true,/cpfs/user/zhuzihou/assets/dedup_workspaces/test0_transitive_apply_parallel/dataset/GRScenes_assets/bottle/b6baebf367ab8452864ca90d79682503/right.png
bottle,b744a18cb3cf9126e5b712e2b996e75f,front,ok,0.428520,474,274,0.495438,474,86bf7ffd12a953e1d77e31f837a09b63a64c7381bc3fc1705013c3e2b83b0ed6,true,/cpfs/user/zhuzihou/assets/dedup_workspaces/test0_transitive_apply_parallel/dataset/GRScenes_assets/bottle/b744a18cb3cf9126e5b712e2b996e75f/front.png
bottle,b744a18cb3cf9126e5b712e2b996e75f,left,ok,0.407013,354,379,0.511803,379,0ba56a0179ce8385e2536d5e5f3f7e65e7d0a222688f9ba529621bf6def3078d,true,/cpfs/user/zhuzihou/assets/dedup_workspaces/test0_transitive_apply_parallel/dataset/GRScenes_assets/bottle/b744a18cb3cf9126e5b712e2b996e75f/left.png
bottle,b744a18cb3cf9126e5b712e2b996e75f,back,ok,0.433033,474,274,0.495438,474,8182e03d252c971f05b309553c198aa883ba1420f06b8193574060db9a3ed18d,true,/cpfs/user/zhuzihou/assets/dedup_workspaces/test0_transitive_apply_parallel/dataset/GRScenes_assets/bottle/b744a18cb3cf9126e5b712e2b996e75f/back.png
bottle,b744a18cb3cf9126e5b712e2b996e75f,right,ok,0.357044,324,370,0.457306,370,84b486a33127a399f583f653bf5163e82e899b688136116338a2cb59c1fb5ea5,true,/cpfs/user/zhuzihou/assets/dedup_workspaces/test0_transitive_apply_parallel/dataset/GRScenes_assets/bottle/b744a18cb3cf9126e5b712e2b996e75f/right.png
bottle,b7dec2f2a0e828df3daa7978c3772ac9,front,ok,0.245148,478,144,0.262573,478,7ca3c0ee6e261440f5aa84810dcf7e962b9671a020af6896b4773e66902d7f08,true,/cpfs/user/zhuzihou/assets/dedup_workspaces/test0_transitive_apply_parallel/dataset/GRScenes_assets/bottle/b7dec2f2a0e828df3daa7978c3772ac9/front.png
bottle,b7dec2f2a0e828df3daa7978c3772ac9,left,ok,0.218193,216,371,0.305695,371,a27cd0d8755cf6562edbf20ba5fe29b3ac7548d223bb8dacd38988e8905519c0,true,/cpfs/user/zhuzihou/assets/dedup_workspaces/test0_transitive_apply_parallel/dataset/GRScenes_assets/bottle/b7dec2f2a0e828df3daa7978c3772ac9/left.png
bottle,b7dec2f2a0e828df3daa7978c3772ac9,back,ok,0.245132,478,144,0.262573,478,a641d80622a3bd0bc9803bf06b60a822eeafe71a16e6a7300109d0ec8f2a73bc,true,/cpfs/user/zhuzihou/assets/dedup_workspaces/test0_transitive_apply_parallel/dataset/GRScenes_assets/bottle/b7dec2f2a0e828df3daa7978c3772ac9/back.png
bottle,b7dec2f2a0e828df3daa7978c3772ac9,right,ok,0.219650,212,376,0.304077,376,f85cd40e7902b3ed8b6c6b4bab7bab425ff4f83e6aa4822449cc7346791de641,true,/cpfs/user/zhuzihou/assets/dedup_workspaces/test0_transitive_apply_parallel/dataset/GRScenes_assets/bottle/b7dec2f2a0e828df3daa7978c3772ac9/right.png
bottle,b8d646074dce8facb8f799c536576d14,front,ok,0.205296,440,154,0.258484,440,6e6f7d7393de804175124df56d5c985b078c6c848a3117b61350b41a242c6b5c,true,/cpfs/user/zhuzihou/assets/dedup_workspaces/test0_transitive_apply_parallel/dataset/GRScenes_assets/bottle/b8d646074dce8facb8f799c536576d14/front.png
bottle,b8d646074dce8facb8f799c536576d14,left,ok,0.174610,186,332,0.235565,332,09496c49f236365a2ade1921e5624357f1a1af671e0ec7339885afe94fac45d1,true,/cpfs/user/zhuzihou/assets/dedup_workspaces/test0_transitive_apply_parallel/dataset/GRScenes_assets/bottle/b8d646074dce8facb8f799c536576d14/left.png
bottle,b8d646074dce8facb8f799c536576d14,back,ok,0.204941,437,154,0.256721,437,75b5ae04542318bbb3f5c78d272a03a85f35271df4e8e16fb98b8067476d0c9b,true,/cpfs/user/zhuzihou/assets/dedup_workspaces/test0_transitive_apply_parallel/dataset/GRScenes_assets/bottle/b8d646074dce8facb8f799c536576d14/back.png
bottle,b8d646074dce8facb8f799c536576d14,right,ok,0.135456,154,334,0.196213,334,9f735ac35519380d83047e2e2327329f2b41c368722cc6798a2d81ea820cbc83,true,/cpfs/user/zhuzihou/assets/dedup_workspaces/test0_transitive_apply_parallel/dataset/GRScenes_assets/bottle/b8d646074dce8facb8f799c536576d14/right.png
bottle,b914c236abc97068ad639647fd7d42a0,front,ok,0.152161,474,108,0.195282,474,e240e176a44f485631c4962f10d0f3d38e83691e993fc86a96b2a75b06bd50c2,true,/cpfs/user/zhuzihou/assets/dedup_workspaces/test0_transitive_apply_parallel/dataset/GRScenes_assets/bottle/b914c236abc97068ad639647fd7d42a0/front.png
bottle,b914c236abc97068ad639647fd7d42a0,left,ok,0.159245,173,354,0.233620,354,0b5c16dd9a0f89a11b3a24fd2ee9a064fd21cf1a6cf51f49547c060ad815ddff,true,/cpfs/user/zhuzihou/assets/dedup_workspaces/test0_transitive_apply_parallel/dataset/GRScenes_assets/bottle/b914c236abc97068ad639647fd7d42a0/left.png
bottle,b914c236abc97068ad639647fd7d42a0,back,ok,0.154793,475,106,0.192070,475,35df5214f4b4f1c9adfcd911e94124218edef70eaca13e68699b01ad004d2b39,true,/cpfs/user/zhuzihou/assets/dedup_workspaces/test0_transitive_apply_parallel/dataset/GRScenes_assets/bottle/b914c236abc97068ad639647fd7d42a0/back.png
bottle,b914c236abc97068ad639647fd7d42a0,right,ok,0.106255,117,350,0.156212,350,e07eae4d47dc3cd902373ecdd215e54971d47ef313ce89969068e24e1c2700df,true,/cpfs/user/zhuzihou/assets/dedup_workspaces/test0_transitive_apply_parallel/dataset/GRScenes_assets/bottle/b914c236abc97068ad639647fd7d42a0/right.png
bottle,b9d176a61564300791d57edd64070b94,front,ok,0.176804,464,102,0.180542,464,98bbed5b3c80883c99eacf22358445ff28643372616bfe22563db8bf9f80f0d4,true,/cpfs/user/zhuzihou/assets/dedup_workspaces/test0_transitive_apply_parallel/dataset/GRScenes_assets/bottle/b9d176a61564300791d57edd64070b94/front.png
bottle,b9d176a61564300791d57edd64070b94,left,ok,0.139149,153,365,0.213032,365,39e1ddece2fdfe637f89d79b2c934d7b0df4c7212ed8ea4e7801d12c4d5c5ebb,true,/cpfs/user/zhuzihou/assets/dedup_workspaces/test0_transitive_apply_parallel/dataset/GRScenes_assets/bottle/b9d176a61564300791d57edd64070b94/left.png
bottle,b9d176a61564300791d57edd64070b94,back,ok,0.138401,487,102,0.189491,487,4f80970d008587b271f806d4a1df018bd3d9c8d67d0c9182f4b7b2f0a4e818bf,true,/cpfs/user/zhuzihou/assets/dedup_workspaces/test0_transitive_apply_parallel/dataset/GRScenes_assets/bottle/b9d176a61564300791d57edd64070b94/back.png
bottle,b9d176a61564300791d57edd64070b94,right,ok,0.107819,104,365,0.144806,365,f74e628a79d519257365db9a1d3df911e2eb3cb8d1b51922e4e4bbd0c69cba93,true,/cpfs/user/zhuzihou/assets/dedup_workspaces/test0_transitive_apply_parallel/dataset/GRScenes_assets/bottle/b9d176a61564300791d57edd64070b94/right.png
bottle,bacf5679ceedaeedc69485738fdf0aa5,front,ok,0.281059,387,279,0.411884,387,cf912d59884038b35dc9b9606fe17cb49f39bf95ae392c9f7288c3541182b841,true,/cpfs/user/zhuzihou/assets/dedup_workspaces/test0_transitive_apply_parallel/dataset/GRScenes_assets/bottle/bacf5679ceedaeedc69485738fdf0aa5/front.png
bottle,bacf5679ceedaeedc69485738fdf0aa5,left,ok,0.235531,433,281,0.464146,433,9f62df988089e47032b1593d7f44527dda2c40fac820dc445e8bb51789886291,true,/cpfs/user/zhuzihou/assets/dedup_workspaces/test0_transitive_apply_parallel/dataset/GRScenes_assets/bottle/bacf5679ceedaeedc69485738fdf0aa5/left.png
bottle,bacf5679ceedaeedc69485738fdf0aa5,back,ok,0.173103,332,280,0.354614,332,476a724c06027fbbdd63c68990d0b0ee8d257b724ae81792f1424518ff4f9b03,true,/cpfs/user/zhuzihou/assets/dedup_workspaces/test0_transitive_apply_parallel/dataset/GRScenes_assets/bottle/bacf5679ceedaeedc69485738fdf0aa5/back.png
bottle,bacf5679ceedaeedc69485738fdf0aa5,right,ok,0.197575,349,289,0.384754,349,0a9a82cce926073221fd297e5c2301bf0134425467d221457b4e6f9edcb31bf9,true,/cpfs/user/zhuzihou/assets/dedup_workspaces/test0_transitive_apply_parallel/dataset/GRScenes_assets/bottle/bacf5679ceedaeedc69485738fdf0aa5/right.png
bottle,bbe22c098a9a6d0b39e9bd5b8eac0fbc,front,ok,0.428520,474,274,0.495438,474,c59f332b487052f5d20584ff7335006f2afd1a2d1a1cfc9a0082ce997f5d34c7,true,/cpfs/user/zhuzihou/assets/dedup_workspaces/test0_transitive_apply_parallel/dataset/GRScenes_assets/bottle/bbe22c098a9a6d0b39e9bd5b8eac0fbc/front.png
bottle,bbe22c098a9a6d0b39e9bd5b8eac0fbc,left,ok,0.407013,354,379,0.511803,379,c6a8f02b6f1dca53624abac22e2a6c1c42e14a5d1ea908bd992c4cf145c0409f,true,/cpfs/user/zhuzihou/assets/dedup_workspaces/test0_transitive_apply_parallel/dataset/GRScenes_assets/bottle/bbe22c098a9a6d0b39e9bd5b8eac0fbc/left.png
bottle,bbe22c098a9a6d0b39e9bd5b8eac0fbc,back,ok,0.433033,474,274,0.495438,474,5d172012da72c07e325029707a44f8e5b3886239e89d7aef94ec1a7780547623,true,/cpfs/user/zhuzihou/assets/dedup_workspaces/test0_transitive_apply_parallel/dataset/GRScenes_assets/bottle/bbe22c098a9a6d0b39e9bd5b8eac0fbc/back.png
bottle,bbe22c098a9a6d0b39e9bd5b8eac0fbc,right,ok,0.357044,324,370,0.457306,370,1426e3c83f5bdec494f5a45c6229f7c9c06d2dd186b7b8c2789760e5dbd86281,true,/cpfs/user/zhuzihou/assets/dedup_workspaces/test0_transitive_apply_parallel/dataset/GRScenes_assets/bottle/bbe22c098a9a6d0b39e9bd5b8eac0fbc/right.png
bottle,bceb42d8afdcc1c8102b083299e1592c,front,ok,0.168079,455,120,0.208282,455,9490aece46975d0cb5d82890d85b24310ea6512076ce74b92ea70d699782e0f1,true,/cpfs/user/zhuzihou/assets/dedup_workspaces/test0_transitive_apply_parallel/dataset/GRScenes_assets/bottle/bceb42d8afdcc1c8102b083299e1592c/front.png
bottle,bceb42d8afdcc1c8102b083299e1592c,left,ok,0.135368,146,339,0.188805,339,b1917d0d6bb68b6de6e71c0397d6a064c29fda2052b1a677d1b9c9fc4de68a92,true,/cpfs/user/zhuzihou/assets/dedup_workspaces/test0_transitive_apply_parallel/dataset/GRScenes_assets/bottle/bceb42d8afdcc1c8102b083299e1592c/left.png
bottle,bceb42d8afdcc1c8102b083299e1592c,back,ok,0.168758,457,120,0.209198,457,894989c76b987e6d99107e1b108adef33a7c3caea55d9de38bbe36ebf0ca7a61,true,/cpfs/user/zhuzihou/assets/dedup_workspaces/test0_transitive_apply_parallel/dataset/GRScenes_assets/bottle/bceb42d8afdcc1c8102b083299e1592c/back.png
bottle,bceb42d8afdcc1c8102b083299e1592c,right,ok,0.110451,118,342,0.153946,342,684a17025cd78ed677a4c8fe28540ae81da7295cbf67a1f38b861c524577616a,true,/cpfs/user/zhuzihou/assets/dedup_workspaces/test0_transitive_apply_parallel/dataset/GRScenes_assets/bottle/bceb42d8afdcc1c8102b083299e1592c/right.png
bottle,bcf3a0c22e35c9ee7f94454d3174fd70,front,ok,0.189697,373,220,0.313034,373,8ca03d1f11d54f38d1bbed811d04895c8d508ebbf40f60ce423ba47f97f47d6b,true,/cpfs/user/zhuzihou/assets/dedup_workspaces/test0_transitive_apply_parallel/dataset/GRScenes_assets/bottle/bcf3a0c22e35c9ee7f94454d3174fd70/front.png
bottle,bcf3a0c22e35c9ee7f94454d3174fd70,left,ok,0.214443,280,280,0.299072,280,47dda0b76810493bb20c432733bfe9ddd1afb17c55122a83644030615b2df8dc,true,/cpfs/user/zhuzihou/assets/dedup_workspaces/test0_transitive_apply_parallel/dataset/GRScenes_assets/bottle/bcf3a0c22e35c9ee7f94454d3174fd70/left.png
bottle,bcf3a0c22e35c9ee7f94454d3174fd70,back,ok,0.189842,373,220,0.313034,373,a6912aba522875917a8e577e54a5262df29438020c4c22b789fa04184b7bb469,true,/cpfs/user/zhuzihou/assets/dedup_workspaces/test0_transitive_apply_parallel/dataset/GRScenes_assets/bottle/bcf3a0c22e35c9ee7f94454d3174fd70/back.png
bottle,bcf3a0c22e35c9ee7f94454d3174fd70,right,ok,0.169800,232,296,0.261963,296,30f7e0c8f7f93297047ca2f1faafa206a67d8cea8b6d7c7bd126e6010c91887d,true,/cpfs/user/zhuzihou/assets/dedup_workspaces/test0_transitive_apply_parallel/dataset/GRScenes_assets/bottle/bcf3a0c22e35c9ee7f94454d3174fd70/right.png
bottle,bd31a9c17a64cb525c89c74eecf122c6,front,ok,0.199745,460,117,0.205307,460,431e82ff97eceb92e46fe26c284fb78411dc934d46b1e5b583beba2381b9b870,true,/cpfs/user/zhuzihou/assets/dedup_workspaces/test0_transitive_apply_parallel/dataset/GRScenes_assets/bottle/bd31a9c17a64cb525c89c74eecf122c6/front.png
bottle,bd31a9c17a64cb525c89c74eecf122c6,left,ok,0.156178,172,368,0.241455,368,a9f76cb352ad4168a8ff3785a4f04ff41a3f89a00447666067648b77b89ef08b,true,/cpfs/user/zhuzihou/assets/dedup_workspaces/test0_transitive_apply_parallel/dataset/GRScenes_assets/bottle/bd31a9c17a64cb525c89c74eecf122c6/left.png
bottle,bd31a9c17a64cb525c89c74eecf122c6,back,ok,0.151173,487,116,0.215500,487,fb54c89413eea9b63d6cb94b176797019105ebbdb25f4309761dc085c8e55892,true,/cpfs/user/zhuzihou/assets/dedup_workspaces/test0_transitive_apply_parallel/dataset/GRScenes_assets/bottle/bd31a9c17a64cb525c89c74eecf122c6/back.png
bottle,bd31a9c17a64cb525c89c74eecf122c6,right,ok,0.118046,114,370,0.160904,370,7b8aded37ae271287a231583b792408cb49fae3bf7fc03f80bc3f50f01d772f7,true,/cpfs/user/zhuzihou/assets/dedup_workspaces/test0_transitive_apply_parallel/dataset/GRScenes_assets/bottle/bd31a9c17a64cb525c89c74eecf122c6/right.png
bottle,bd6026e60d5c1e4a09aaffb6b3d9871f,front,ok,0.434841,485,274,0.506935,485,75ad1eb91216f698c9666f723cc3ffb5c0629e7056c390c53f08c2d4388caffa,true,/cpfs/user/zhuzihou/assets/dedup_workspaces/test0_transitive_apply_parallel/dataset/GRScenes_assets/bottle/bd6026e60d5c1e4a09aaffb6b3d9871f/front.png
bottle,bd6026e60d5c1e4a09aaffb6b3d9871f,left,ok,0.407013,354,379,0.511803,379,4158238184011967b7fd929c5ad2596c81cdf318783dd11725e880d82f79035e,true,/cpfs/user/zhuzihou/assets/dedup_workspaces/test0_transitive_apply_parallel/dataset/GRScenes_assets/bottle/bd6026e60d5c1e4a09aaffb6b3d9871f/left.png
bottle,bd6026e60d5c1e4a09aaffb6b3d9871f,back,ok,0.428959,473,274,0.494392,473,e46dfec7f0dbbf4dd686309486f7709470a289f5023fcaa3caa244083d894ffe,true,/cpfs/user/zhuzihou/assets/dedup_workspaces/test0_transitive_apply_parallel/dataset/GRScenes_assets/bottle/bd6026e60d5c1e4a09aaffb6b3d9871f/back.png
bottle,bd6026e60d5c1e4a09aaffb6b3d9871f,right,ok,0.352112,324,352,0.435059,352,e21ab8f9eb0d5cc0db021687f196cce79e07144913481601953ed646d680e586,true,/cpfs/user/zhuzihou/assets/dedup_workspaces/test0_transitive_apply_parallel/dataset/GRScenes_assets/bottle/bd6026e60d5c1e4a09aaffb6b3d9871f/right.png
bottle,bd8437af8e6374a514840ca534325a15,front,ok,0.200096,431,186,0.305809,431,6ee88796e4ae8c8a28fc2d967a475464e3b5ce982197485ab12d427077a703ab,true,/cpfs/user/zhuzihou/assets/dedup_workspaces/test0_transitive_apply_parallel/dataset/GRScenes_assets/bottle/bd8437af8e6374a514840ca534325a15/front.png
bottle,bd8437af8e6374a514840ca534325a15,left,ok,0.267807,296,320,0.361328,320,8e51ef2a4f7a2ef1e156ddcb7c131c747df69293f8720be9cb8af4ee6fb9a8e9,true,/cpfs/user/zhuzihou/assets/dedup_workspaces/test0_transitive_apply_parallel/dataset/GRScenes_assets/bottle/bd8437af8e6374a514840ca534325a15/left.png
bottle,bd8437af8e6374a514840ca534325a15,back,ok,0.248852,431,186,0.305809,431,27bd662b951b6a0fb1a2254c9c7006be786e5b66c59439793e99a9bdb5c0433b,true,/cpfs/user/zhuzihou/assets/dedup_workspaces/test0_transitive_apply_parallel/dataset/GRScenes_assets/bottle/bd8437af8e6374a514840ca534325a15/back.png
bottle,bd8437af8e6374a514840ca534325a15,right,ok,0.184540,224,326,0.278564,326,0c7bd40ae50cb58176e2e7a8af6c3e0f735c95e9eed8946c8da9e3a18ebd6ff7,true,/cpfs/user/zhuzihou/assets/dedup_workspaces/test0_transitive_apply_parallel/dataset/GRScenes_assets/bottle/bd8437af8e6374a514840ca534325a15/right.png
bottle,be1f342248eb26139e8f939747d786e9,front,ok,0.277016,441,181,0.304493,441,1b5fc113d13175c4ea36cf95282f0a1dbafd0982ef97a24bc7213b904050a1d5,true,/cpfs/user/zhuzihou/assets/dedup_workspaces/test0_transitive_apply_parallel/dataset/GRScenes_assets/bottle/be1f342248eb26139e8f939747d786e9/front.png
bottle,be1f342248eb26139e8f939747d786e9,left,ok,0.252151,256,370,0.361328,370,d200deba6382f576d79148719ebd920dfcc0194b8763d3bf508b7025b850322e,true,/cpfs/user/zhuzihou/assets/dedup_workspaces/test0_transitive_apply_parallel/dataset/GRScenes_assets/bottle/be1f342248eb26139e8f939747d786e9/left.png
bottle,be1f342248eb26139e8f939747d786e9,back,ok,0.286568,431,242,0.397881,431,d9c091049664c6d99e7fabb486abf978cb5723bcbdaca40d6eadf2b7dfb55e5c,true,/cpfs/user/zhuzihou/assets/dedup_workspaces/test0_transitive_apply_parallel/dataset/GRScenes_assets/bottle/be1f342248eb26139e8f939747d786e9/back.png
bottle,be1f342248eb26139e8f939747d786e9,right,ok,0.237213,223,356,0.302841,356,5fa67e4a2507d7f97bf5ee524cbcba1de0415525b59ebb3cf06178b1c0079623,true,/cpfs/user/zhuzihou/assets/dedup_workspaces/test0_transitive_apply_parallel/dataset/GRScenes_assets/bottle/be1f342248eb26139e8f939747d786e9/right.png
bottle,be87b38c13af25dec037464c72f33d0e,front,ok,0.188057,456,141,0.245270,456,0fdbf68fb313435f0634aeb52f9970219615c6888173c48e4599ee5c1ef9bcde,true,/cpfs/user/zhuzihou/assets/dedup_workspaces/test0_transitive_apply_parallel/dataset/GRScenes_assets/bottle/be87b38c13af25dec037464c72f33d0e/front.png
bottle,be87b38c13af25dec037464c72f33d0e,left,ok,0.166348,180,348,0.238953,348,756d66fa0e92ff52993adb899d75899b5bc56a45ba7a983b2316c4fa9426b8f9,true,/cpfs/user/zhuzihou/assets/dedup_workspaces/test0_transitive_apply_parallel/dataset/GRScenes_assets/bottle/be87b38c13af25dec037464c72f33d0e/left.png
bottle,be87b38c13af25dec037464c72f33d0e,back,ok,0.183262,457,138,0.240578,457,25faf8b7d4fb72d043145054abd1f976c82e41fbe2f17146d4526ef635c3c5da,true,/cpfs/user/zhuzihou/assets/dedup_workspaces/test0_transitive_apply_parallel/dataset/GRScenes_assets/bottle/be87b38c13af25dec037464c72f33d0e/back.png
bottle,be87b38c13af25dec037464c72f33d0e,right,ok,0.108078,126,346,0.166306,346,46e9661e8e71b607095e907873c1de618f692645d0a96604804c5fb8fa7f2a0c,true,/cpfs/user/zhuzihou/assets/dedup_workspaces/test0_transitive_apply_parallel/dataset/GRScenes_assets/bottle/be87b38c13af25dec037464c72f33d0e/right.png
bottle,bf4d93798ee8524754b51caaf3d405fc,front,ok,0.176804,464,102,0.180542,464,9ddafecad682624465f839d3b3cadf877925b1f338b4f3b446d24c58c921aa9b,true,/cpfs/user/zhuzihou/assets/dedup_workspaces/test0_transitive_apply_parallel/dataset/GRScenes_assets/bottle/bf4d93798ee8524754b51caaf3d405fc/front.png
bottle,bf4d93798ee8524754b51caaf3d405fc,left,ok,0.139149,153,365,0.213032,365,abd56b50502977f1d03fe08d22cb0a78b340641b098ce849cb8caee1ec221a74,true,/cpfs/user/zhuzihou/assets/dedup_workspaces/test0_transitive_apply_parallel/dataset/GRScenes_assets/bottle/bf4d93798ee8524754b51caaf3d405fc/left.png
bottle,bf4d93798ee8524754b51caaf3d405fc,back,ok,0.138405,487,102,0.189491,487,279a453623150b9a1dd196da3aa919160fa52b59b64ecc04ca714e1e0c284562,true,/cpfs/user/zhuzihou/assets/dedup_workspaces/test0_transitive_apply_parallel/dataset/GRScenes_assets/bottle/bf4d93798ee8524754b51caaf3d405fc/back.png
bottle,bf4d93798ee8524754b51caaf3d405fc,right,ok,0.107819,104,365,0.144806,365,be6205ac17311c04ae5d97579334f3177e4d5b765117c8becf6c0a50e53659b0,true,/cpfs/user/zhuzihou/assets/dedup_workspaces/test0_transitive_apply_parallel/dataset/GRScenes_assets/bottle/bf4d93798ee8524754b51caaf3d405fc/right.png
bottle,bf64d7703e5e0c14c2474279ecd58650,front,ok,0.168285,455,120,0.208282,455,606113c20614f830733a8b1ed133a6383aef11ec3a2197663f9741dfc54c5654,true,/cpfs/user/zhuzihou/assets/dedup_workspaces/test0_transitive_apply_parallel/dataset/GRScenes_assets/bottle/bf64d7703e5e0c14c2474279ecd58650/front.png
bottle,bf64d7703e5e0c14c2474279ecd58650,left,ok,0.135429,146,339,0.188805,339,1c5911de07b4685b41efdbb33ad2bf3cf0074c8a9c2ee571683fa19f61dbaa5e,true,/cpfs/user/zhuzihou/assets/dedup_workspaces/test0_transitive_apply_parallel/dataset/GRScenes_assets/bottle/bf64d7703e5e0c14c2474279ecd58650/left.png
bottle,bf64d7703e5e0c14c2474279ecd58650,back,ok,0.168774,457,120,0.209198,457,b60136ef6e9d3e3c05c7eb7d8e00d2f46f7b8cf2e10b067a0908bc5c2e6accbe,true,/cpfs/user/zhuzihou/assets/dedup_workspaces/test0_transitive_apply_parallel/dataset/GRScenes_assets/bottle/bf64d7703e5e0c14c2474279ecd58650/back.png
bottle,bf64d7703e5e0c14c2474279ecd58650,right,ok,0.110451,118,342,0.153946,342,ba0d3edf60951de6033b617a3bab8adda4d92e1691d624d6d150624836b4d720,true,/cpfs/user/zhuzihou/assets/dedup_workspaces/test0_transitive_apply_parallel/dataset/GRScenes_assets/bottle/bf64d7703e5e0c14c2474279ecd58650/right.png
bottle,bfc4c3f5732d2a7286dd4944087bfc18,front,ok,0.177734,417,176,0.279968,417,a47ea4807cecfe62738a1754f9804947bd3b59e572984609514e85ffe3dcee3a,true,/cpfs/user/zhuzihou/assets/dedup_workspaces/test0_transitive_apply_parallel/dataset/GRScenes_assets/bottle/bfc4c3f5732d2a7286dd4944087bfc18/front.png
bottle,bfc4c3f5732d2a7286dd4944087bfc18,left,ok,0.178261,192,310,0.227051,310,953b99210e2b15f64a915410c0e2a4db4d7e2d5047f974fd923923f8ea057d28,true,/cpfs/user/zhuzihou/assets/dedup_workspaces/test0_transitive_apply_parallel/dataset/GRScenes_assets/bottle/bfc4c3f5732d2a7286dd4944087bfc18/left.png
bottle,bfc4c3f5732d2a7286dd4944087bfc18,back,ok,0.178806,417,176,0.279968,417,03805c26e511fb7d8cf5685828f164f9df56c0fe2943052db62ad25670c89f6c,true,/cpfs/user/zhuzihou/assets/dedup_workspaces/test0_transitive_apply_parallel/dataset/GRScenes_assets/bottle/bfc4c3f5732d2a7286dd4944087bfc18/back.png
bottle,bfc4c3f5732d2a7286dd4944087bfc18,right,ok,0.122078,177,305,0.205936,305,e5ed35bf0c333e066cd54a4827d5a1bc19bfebf16d864ab3c379e759620e981f,true,/cpfs/user/zhuzihou/assets/dedup_workspaces/test0_transitive_apply_parallel/dataset/GRScenes_assets/bottle/bfc4c3f5732d2a7286dd4944087bfc18/right.png
bottle,bfc98107109d3f000c42eab680625a0f,front,ok,0.176804,464,102,0.180542,464,fee5c08d571bf6ab3d354b1993d7a6080da875ce87893da21a651f81f8820d7f,true,/cpfs/user/zhuzihou/assets/dedup_workspaces/test0_transitive_apply_parallel/dataset/GRScenes_assets/bottle/bfc98107109d3f000c42eab680625a0f/front.png
bottle,bfc98107109d3f000c42eab680625a0f,left,ok,0.139149,153,365,0.213032,365,520336e05bc020ef3b9d0e7ac367c0d07daf931e5963b36d4e77853d8095dbac,true,/cpfs/user/zhuzihou/assets/dedup_workspaces/test0_transitive_apply_parallel/dataset/GRScenes_assets/bottle/bfc98107109d3f000c42eab680625a0f/left.png
bottle,bfc98107109d3f000c42eab680625a0f,back,ok,0.138405,487,102,0.189491,487,1c6bef34886f08b5cc9070bdd676459436542ee5bd85dd9ad2f2db36d219ff29,true,/cpfs/user/zhuzihou/assets/dedup_workspaces/test0_transitive_apply_parallel/dataset/GRScenes_assets/bottle/bfc98107109d3f000c42eab680625a0f/back.png
bottle,bfc98107109d3f000c42eab680625a0f,right,ok,0.107819,104,365,0.144806,365,4549741b06f3ef1a59e6bef899037f8140248ddb7656e1d7e83f1db34e89b5dd,true,/cpfs/user/zhuzihou/assets/dedup_workspaces/test0_transitive_apply_parallel/dataset/GRScenes_assets/bottle/bfc98107109d3f000c42eab680625a0f/right.png
bottle,c03ea1d24baed867ed749b71b0676831,front,ok,0.434841,485,274,0.506935,485,48c7a2f759f901b102b2831b719ec4b29e128da826951df42cd8ce6ecc1dcfad,true,/cpfs/user/zhuzihou/assets/dedup_workspaces/test0_transitive_apply_parallel/dataset/GRScenes_assets/bottle/c03ea1d24baed867ed749b71b0676831/front.png
bottle,c03ea1d24baed867ed749b71b0676831,left,ok,0.407009,354,379,0.511803,379,7350006f0b268c879309cf767b44818855e3a4b29434f067530d94ee19607bd4,true,/cpfs/user/zhuzihou/assets/dedup_workspaces/test0_transitive_apply_parallel/dataset/GRScenes_assets/bottle/c03ea1d24baed867ed749b71b0676831/left.png
bottle,c03ea1d24baed867ed749b71b0676831,back,ok,0.428959,473,274,0.494392,473,6fd7822468ea1a03b27936df1a5baa0f77fcd60420b5555e5e5a34613d887ee4,true,/cpfs/user/zhuzihou/assets/dedup_workspaces/test0_transitive_apply_parallel/dataset/GRScenes_assets/bottle/c03ea1d24baed867ed749b71b0676831/back.png
bottle,c03ea1d24baed867ed749b71b0676831,right,ok,0.352112,324,352,0.435059,352,2f1b9fefbd539a9d9ead5f1f12566861194da3effaf94a882f5c9207d8267da9,true,/cpfs/user/zhuzihou/assets/dedup_workspaces/test0_transitive_apply_parallel/dataset/GRScenes_assets/bottle/c03ea1d24baed867ed749b71b0676831/right.png
bottle,c0c9b329e8d7d329e4b2b99471cd7611,front,ok,0.372631,356,294,0.399261,356,9e78ea59a5b4f6b627cbea7b7b934f862db9d6561265398c4735c60dc2668b47,true,/cpfs/user/zhuzihou/assets/dedup_workspaces/test0_transitive_apply_parallel/dataset/GRScenes_assets/bottle/c0c9b329e8d7d329e4b2b99471cd7611/front.png
bottle,c0c9b329e8d7d329e4b2b99471cd7611,left,ok,0.298092,268,396,0.404846,396,739a669aaeae0c29aca3f0e878948a41399c0ac178fead3b52b359f43378a0a8,true,/cpfs/user/zhuzihou/assets/dedup_workspaces/test0_transitive_apply_parallel/dataset/GRScenes_assets/bottle/c0c9b329e8d7d329e4b2b99471cd7611/left.png
bottle,c0c9b329e8d7d329e4b2b99471cd7611,back,ok,0.373039,356,294,0.399261,356,ed84d1f8b42eb91bfbb4260effc7be277817e7e877801d35e1aea988a811f368,true,/cpfs/user/zhuzihou/assets/dedup_workspaces/test0_transitive_apply_parallel/dataset/GRScenes_assets/bottle/c0c9b329e8d7d329e4b2b99471cd7611/back.png
bottle,c0c9b329e8d7d329e4b2b99471cd7611,right,ok,0.317852,278,406,0.430557,406,e61b6b787500152e1ca344152ab38afbd752d3dd96c674223b1017a30edb2924,true,/cpfs/user/zhuzihou/assets/dedup_workspaces/test0_transitive_apply_parallel/dataset/GRScenes_assets/bottle/c0c9b329e8d7d329e4b2b99471cd7611/right.png
bottle,c0e874933133c185862601411bec2b2a,front,ok,0.177555,470,115,0.206184,470,6c6451a1a090dac85c8c4bebc6b7a676ff12474555d6fa4bacd7072c2bc95b95,true,/cpfs/user/zhuzihou/assets/dedup_workspaces/test0_transitive_apply_parallel/dataset/GRScenes_assets/bottle/c0e874933133c185862601411bec2b2a/front.png
bottle,c0e874933133c185862601411bec2b2a,left,ok,0.178104,190,348,0.252228,348,e029f2f09256bce9fbd61627f6fd627e080d318dafea54d3edaee383095ff6ea,true,/cpfs/user/zhuzihou/assets/dedup_workspaces/test0_transitive_apply_parallel/dataset/GRScenes_assets/bottle/c0e874933133c185862601411bec2b2a/left.png
bottle,c0e874933133c185862601411bec2b2a,back,ok,0.177574,470,115,0.206184,470,2a50769cce274e03f778fd29edc75bcb4bac02650bdbe664fff8ef70687ba1ce,true,/cpfs/user/zhuzihou/assets/dedup_workspaces/test0_transitive_apply_parallel/dataset/GRScenes_assets/bottle/c0e874933133c185862601411bec2b2a/back.png
bottle,c0e874933133c185862601411bec2b2a,right,ok,0.134476,128,347,0.169434,347,2c3c57c1e68851172985cde5f3bc5b85e4bd91ca0833a466e3995cb3d47ac1ee,true,/cpfs/user/zhuzihou/assets/dedup_workspaces/test0_transitive_apply_parallel/dataset/GRScenes_assets/bottle/c0e874933133c185862601411bec2b2a/right.png
bottle,c0e88e3e4545b01e2618658e40e23de8,front,ok,0.172596,413,183,0.288311,413,5a0cd9b3f9dec62ee697f7a356f64084abcae12688cab3c82ff05570dea360f4,true,/cpfs/user/zhuzihou/assets/dedup_workspaces/test0_transitive_apply_parallel/dataset/GRScenes_assets/bottle/c0e88e3e4545b01e2618658e40e23de8/front.png
bottle,c0e88e3e4545b01e2618658e40e23de8,left,ok,0.199352,240,318,0.291138,318,887a773b8c86bc5bee37a8debc2539ec5f22db16aeb2e3768e57782d7e666af8,true,/cpfs/user/zhuzihou/assets/dedup_workspaces/test0_transitive_apply_parallel/dataset/GRScenes_assets/bottle/c0e88e3e4545b01e2618658e40e23de8/left.png
bottle,c0e88e3e4545b01e2618658e40e23de8,back,ok,0.171188,416,183,0.290405,416,0e46e722f2d0d23e7d4d518159f23812f869fb31ea4d14185e05f185c31dced2,true,/cpfs/user/zhuzihou/assets/dedup_workspaces/test0_transitive_apply_parallel/dataset/GRScenes_assets/bottle/c0e88e3e4545b01e2618658e40e23de8/back.png
bottle,c0e88e3e4545b01e2618658e40e23de8,right,ok,0.130726,153,336,0.196106,336,6dea0fc6130ec47aaf135666fd5bdaf1210f970af946ff9ca1165822a5c66c0f,true,/cpfs/user/zhuzihou/assets/dedup_workspaces/test0_transitive_apply_parallel/dataset/GRScenes_assets/bottle/c0e88e3e4545b01e2618658e40e23de8/right.png
bottle,c16e4587895e9309abdb55344317e7cb,front,ok,0.319225,459,196,0.343185,459,0e387659555d61517055efb89b051d804c48b9cb1f9e860886d76e7db9db5740,true,/cpfs/user/zhuzihou/assets/dedup_workspaces/test0_transitive_apply_parallel/dataset/GRScenes_assets/bottle/c16e4587895e9309abdb55344317e7cb/front.png
bottle,c16e4587895e9309abdb55344317e7cb,left,ok,0.284950,279,377,0.401241,377,7784809acb76d8e3c2edd1046d069d428f3bcc9424b98babd8606bc3894fbd0e,true,/cpfs/user/zhuzihou/assets/dedup_workspaces/test0_transitive_apply_parallel/dataset/GRScenes_assets/bottle/c16e4587895e9309abdb55344317e7cb/left.png
bottle,c16e4587895e9309abdb55344317e7cb,back,ok,0.319206,459,196,0.343185,459,d48d83eb9416b2f6f02accc6ef68c1d3d5579ecaeb9fbf30c425c1633f3138e7,true,/cpfs/user/zhuzihou/assets/dedup_workspaces/test0_transitive_apply_parallel/dataset/GRScenes_assets/bottle/c16e4587895e9309abdb55344317e7cb/back.png
bottle,c16e4587895e9309abdb55344317e7cb,right,ok,0.289150,278,382,0.405106,382,68c318fc5b321228a2bc0a5fd0aba4b1df1ae5515a34e743d8685fb5b6248df7,true,/cpfs/user/zhuzihou/assets/dedup_workspaces/test0_transitive_apply_parallel/dataset/GRScenes_assets/bottle/c16e4587895e9309abdb55344317e7cb/right.png
bottle,c18e685df3b71a2ce1a659d22480c833,front,ok,0.189629,451,138,0.237419,451,a2cf62498318e416a9a045745007eebd09ab0cf31be2cc44661b50022846d854,true,/cpfs/user/zhuzihou/assets/dedup_workspaces/test0_transitive_apply_parallel/dataset/GRScenes_assets/bottle/c18e685df3b71a2ce1a659d22480c833/front.png
bottle,c18e685df3b71a2ce1a659d22480c833,left,ok,0.157162,170,337,0.218544,337,f177b5e9b1e907d1ccd4cb84f6ee9e7b6aadd305298aa096da6e01c55eb8eb09,true,/cpfs/user/zhuzihou/assets/dedup_workspaces/test0_transitive_apply_parallel/dataset/GRScenes_assets/bottle/c18e685df3b71a2ce1a659d22480c833/left.png
bottle,c18e685df3b71a2ce1a659d22480c833,back,ok,0.189922,448,138,0.235840,448,b02aa3fa15be584643e694b60047465db3d5073b6bffaffa539e7d4e2a0408f6,true,/cpfs/user/zhuzihou/assets/dedup_workspaces/test0_transitive_apply_parallel/dataset/GRScenes_assets/bottle/c18e685df3b71a2ce1a659d22480c833/back.png
bottle,c18e685df3b71a2ce1a659d22480c833,right,ok,0.128685,136,343,0.177948,343,d31816a284d06bc24b109f48413d601eb0240e14e9f05c1643e6796f7352e596,true,/cpfs/user/zhuzihou/assets/dedup_workspaces/test0_transitive_apply_parallel/dataset/GRScenes_assets/bottle/c18e685df3b71a2ce1a659d22480c833/right.png
bottle,c3c0f2d0cd948b17a9bb1a583bb7c19d,front,ok,0.161041,459,151,0.264393,459,88995e155f467219b1eda2beee153c6dee8e48dd33e1ff98339d227bf1aa886d,true,/cpfs/user/zhuzihou/assets/dedup_workspaces/test0_transitive_apply_parallel/dataset/GRScenes_assets/bottle/c3c0f2d0cd948b17a9bb1a583bb7c19d/front.png
bottle,c3c0f2d0cd948b17a9bb1a583bb7c19d,left,ok,0.146332,232,344,0.304443,344,7ed71537eddf7264b4542db887a5636166cd1e2ee5a1faa566ad0bee82a6a5bb,true,/cpfs/user/zhuzihou/assets/dedup_workspaces/test0_transitive_apply_parallel/dataset/GRScenes_assets/bottle/c3c0f2d0cd948b17a9bb1a583bb7c19d/left.png
bottle,c3c0f2d0cd948b17a9bb1a583bb7c19d,back,ok,0.101349,454,164,0.284027,454,9efee0659e945eb6303bbcca03cf1910e94bed53ff937dbece69cffcf1a161ca,true,/cpfs/user/zhuzihou/assets/dedup_workspaces/test0_transitive_apply_parallel/dataset/GRScenes_assets/bottle/c3c0f2d0cd948b17a9bb1a583bb7c19d/back.png
bottle,c3c0f2d0cd948b17a9bb1a583bb7c19d,right,ok,0.099010,167,346,0.220421,346,89d66b083bb94a2a09eda6c7eec476dd59a4ae1254a79784682cd4d7b376b533,true,/cpfs/user/zhuzihou/assets/dedup_workspaces/test0_transitive_apply_parallel/dataset/GRScenes_assets/bottle/c3c0f2d0cd948b17a9bb1a583bb7c19d/right.png
bottle,c5445b963e72e5ab6fc5f55fb5e345b7,front,ok,0.434841,485,274,0.506935,485,e570b19f8ea56f641f3c5170c927722d076c4476a09dde2145b6ff55bd883b85,true,/cpfs/user/zhuzihou/assets/dedup_workspaces/test0_transitive_apply_parallel/dataset/GRScenes_assets/bottle/c5445b963e72e5ab6fc5f55fb5e345b7/front.png
bottle,c5445b963e72e5ab6fc5f55fb5e345b7,left,ok,0.407017,354,379,0.511803,379,9e597977c087645e587cc58197a680ef58e983b2528955978b789be3d3b9736e,true,/cpfs/user/zhuzihou/assets/dedup_workspaces/test0_transitive_apply_parallel/dataset/GRScenes_assets/bottle/c5445b963e72e5ab6fc5f55fb5e345b7/left.png
bottle,c5445b963e72e5ab6fc5f55fb5e345b7,back,ok,0.428955,473,274,0.494392,473,26b2e6aca3d040c2854f9b059e618cd21899f14ef8a2dcee39f66bf8cc3ee4e0,true,/cpfs/user/zhuzihou/assets/dedup_workspaces/test0_transitive_apply_parallel/dataset/GRScenes_assets/bottle/c5445b963e72e5ab6fc5f55fb5e345b7/back.png
bottle,c5445b963e72e5ab6fc5f55fb5e345b7,right,ok,0.352108,324,352,0.435059,352,7b325b9e4ff03c4506344086ea52e51ef5eb684ef65e2ccbbce4baeb41beb17e,true,/cpfs/user/zhuzihou/assets/dedup_workspaces/test0_transitive_apply_parallel/dataset/GRScenes_assets/bottle/c5445b963e72e5ab6fc5f55fb5e345b7/right.png
bottle,c651a5519a4ece91374e2c6c3275c4ef,front,ok,0.179459,463,103,0.181919,463,96e8364209da268cc537737a02a0c1f7888b792bcd4560ff030332d1354ad2fb,true,/cpfs/user/zhuzihou/assets/dedup_workspaces/test0_transitive_apply_parallel/dataset/GRScenes_assets/bottle/c651a5519a4ece91374e2c6c3275c4ef/front.png
bottle,c651a5519a4ece91374e2c6c3275c4ef,left,ok,0.141159,155,367,0.216999,367,502906b63378000e373da426d28518af58f7d5e00e17680f6cee2f2d05aecec2,true,/cpfs/user/zhuzihou/assets/dedup_workspaces/test0_transitive_apply_parallel/dataset/GRScenes_assets/bottle/c651a5519a4ece91374e2c6c3275c4ef/left.png
bottle,c651a5519a4ece91374e2c6c3275c4ef,back,ok,0.144444,487,103,0.191349,487,3df55a1c59b6bf505528c6872150b10e18d66881550227de5449d611449a973f,true,/cpfs/user/zhuzihou/assets/dedup_workspaces/test0_transitive_apply_parallel/dataset/GRScenes_assets/bottle/c651a5519a4ece91374e2c6c3275c4ef/back.png
bottle,c651a5519a4ece91374e2c6c3275c4ef,right,ok,0.103386,93,368,0.130554,368,5f9580f66ee26b0c7dbbf67895bff7fc248bfad47b869f5dc1fd3c6c37634d1a,true,/cpfs/user/zhuzihou/assets/dedup_workspaces/test0_transitive_apply_parallel/dataset/GRScenes_assets/bottle/c651a5519a4ece91374e2c6c3275c4ef/right.png
bottle,c683383711755be544a9ff5d94a103ca,front,ok,0.176804,464,102,0.180542,464,1bc72aab3bfb541a6b1d14a0f2aaed094c4d405bf21384903b582485623e0dd8,true,/cpfs/user/zhuzihou/assets/dedup_workspaces/test0_transitive_apply_parallel/dataset/GRScenes_assets/bottle/c683383711755be544a9ff5d94a103ca/front.png
bottle,c683383711755be544a9ff5d94a103ca,left,ok,0.139149,153,365,0.213032,365,737728a04601efc988ea71a46b69281cf7b2bdbbf879802564978b64e060bf8b,true,/cpfs/user/zhuzihou/assets/dedup_workspaces/test0_transitive_apply_parallel/dataset/GRScenes_assets/bottle/c683383711755be544a9ff5d94a103ca/left.png
bottle,c683383711755be544a9ff5d94a103ca,back,ok,0.138405,487,102,0.189491,487,f6feca6c8d29efc18bb8b42a9057c289e8f1e61b865936b4e1e17030fc73efbc,true,/cpfs/user/zhuzihou/assets/dedup_workspaces/test0_transitive_apply_parallel/dataset/GRScenes_assets/bottle/c683383711755be544a9ff5d94a103ca/back.png
bottle,c683383711755be544a9ff5d94a103ca,right,ok,0.107819,104,365,0.144806,365,9a480355c823f49ecd6e195c4be4e693140dd5c89ae0dc5766b8b1b99035c212,true,/cpfs/user/zhuzihou/assets/dedup_workspaces/test0_transitive_apply_parallel/dataset/GRScenes_assets/bottle/c683383711755be544a9ff5d94a103ca/right.png
bottle,c82e9fa29d8cd93dcbd771bdebd0c214,front,ok,0.349907,406,248,0.384094,406,9f8032b7952c579a3d58a7aff75896f67900f3df7843768ecb1cec897e017b73,true,/cpfs/user/zhuzihou/assets/dedup_workspaces/test0_transitive_apply_parallel/dataset/GRScenes_assets/bottle/c82e9fa29d8cd93dcbd771bdebd0c214/front.png
bottle,c82e9fa29d8cd93dcbd771bdebd0c214,left,ok,0.347641,348,359,0.476578,359,37186613e79486f7b56d090a3e046b64a5d9db487da8edf1693df7ee429e1bb2,true,/cpfs/user/zhuzihou/assets/dedup_workspaces/test0_transitive_apply_parallel/dataset/GRScenes_assets/bottle/c82e9fa29d8cd93dcbd771bdebd0c214/left.png
bottle,c82e9fa29d8cd93dcbd771bdebd0c214,back,ok,0.356022,406,248,0.384094,406,b8f72e4626ad8929cbf2bc05c105c501074210df7eaeb1f27853f93250860bf7,true,/cpfs/user/zhuzihou/assets/dedup_workspaces/test0_transitive_apply_parallel/dataset/GRScenes_assets/bottle/c82e9fa29d8cd93dcbd771bdebd0c214/back.png
bottle,c82e9fa29d8cd93dcbd771bdebd0c214,right,ok,0.350357,348,359,0.476578,359,0831f785ca53b5f9ff5441a3dcb809e37d73aceeecc967e218edd44b82d85671,true,/cpfs/user/zhuzihou/assets/dedup_workspaces/test0_transitive_apply_parallel/dataset/GRScenes_assets/bottle/c82e9fa29d8cd93dcbd771bdebd0c214/right.png
bottle,c8800eedd514edac83280dacf43c123d,front,ok,0.176804,464,102,0.180542,464,623536ac9413e6c1308489f6aa98b79d11d65593e117f0852551b85bdd7ec1d7,true,/cpfs/user/zhuzihou/assets/dedup_workspaces/test0_transitive_apply_parallel/dataset/GRScenes_assets/bottle/c8800eedd514edac83280dacf43c123d/front.png
bottle,c8800eedd514edac83280dacf43c123d,left,ok,0.139149,153,365,0.213032,365,3ec320f7ee423d7374a6c3c39732c9768480c8de5b429ee24f92ddd813b32226,true,/cpfs/user/zhuzihou/assets/dedup_workspaces/test0_transitive_apply_parallel/dataset/GRScenes_assets/bottle/c8800eedd514edac83280dacf43c123d/left.png
bottle,c8800eedd514edac83280dacf43c123d,back,ok,0.138405,487,102,0.189491,487,b29ecd217d840a45982d53db4f97ebd70376c9053ef2c2f736880a57bf32b5e9,true,/cpfs/user/zhuzihou/assets/dedup_workspaces/test0_transitive_apply_parallel/dataset/GRScenes_assets/bottle/c8800eedd514edac83280dacf43c123d/back.png
bottle,c8800eedd514edac83280dacf43c123d,right,ok,0.107819,104,365,0.144806,365,1ab0777f1654da22bfefc2dc081b517f4083d47eceeab4c108d872f643f66514,true,/cpfs/user/zhuzihou/assets/dedup_workspaces/test0_transitive_apply_parallel/dataset/GRScenes_assets/bottle/c8800eedd514edac83280dacf43c123d/right.png
bottle,c97e09a3e14ba515423dbf27873826a2,front,ok,0.415749,466,272,0.483521,466,7b3472dcae5d2d0fc846cba1a3775dbb2d179b2694dfc6954398f42c392e17fd,true,/cpfs/user/zhuzihou/assets/dedup_workspaces/test0_transitive_apply_parallel/dataset/GRScenes_assets/bottle/c97e09a3e14ba515423dbf27873826a2/front.png
bottle,c97e09a3e14ba515423dbf27873826a2,left,ok,0.389412,344,379,0.497345,379,a3fe0f3e6e3705ba45bbfedacc80b8f166669ee4485933fac75e607c94180fdd,true,/cpfs/user/zhuzihou/assets/dedup_workspaces/test0_transitive_apply_parallel/dataset/GRScenes_assets/bottle/c97e09a3e14ba515423dbf27873826a2/left.png
bottle,c97e09a3e14ba515423dbf27873826a2,back,ok,0.415031,464,267,0.472595,464,0cdc4dbf02e7050edf49a35f8023bf380ebb8ab62be88d3d62e6efa845f66745,true,/cpfs/user/zhuzihou/assets/dedup_workspaces/test0_transitive_apply_parallel/dataset/GRScenes_assets/bottle/c97e09a3e14ba515423dbf27873826a2/back.png
bottle,c97e09a3e14ba515423dbf27873826a2,right,ok,0.343086,315,366,0.439796,366,968c0d017a4f8a05eaa0df67fadc01364c81aa93723053fa856b61c6f45a4a28,true,/cpfs/user/zhuzihou/assets/dedup_workspaces/test0_transitive_apply_parallel/dataset/GRScenes_assets/bottle/c97e09a3e14ba515423dbf27873826a2/right.png
bottle,ca96bcffa2d17d43871b00acaccf08f7,front,ok,0.185192,468,121,0.216019,468,ddbbbcc3fc90c228680ba3f7c865b9754d785ce6fbb6db791b6847096402c15f,true,/cpfs/user/zhuzihou/assets/dedup_workspaces/test0_transitive_apply_parallel/dataset/GRScenes_assets/bottle/ca96bcffa2d17d43871b00acaccf08f7/front.png
bottle,ca96bcffa2d17d43871b00acaccf08f7,left,ok,0.177795,188,351,0.251724,351,73b387e7d059c316748d405e9fcf238b00b59696cdba75f214e33d93b53f6440,true,/cpfs/user/zhuzihou/assets/dedup_workspaces/test0_transitive_apply_parallel/dataset/GRScenes_assets/bottle/ca96bcffa2d17d43871b00acaccf08f7/left.png
bottle,ca96bcffa2d17d43871b00acaccf08f7,back,ok,0.185287,468,121,0.216019,468,31124f27b877d63be1c82673cd2254dbb76567baa2fe8c355f4d2f06708991ad,true,/cpfs/user/zhuzihou/assets/dedup_workspaces/test0_transitive_apply_parallel/dataset/GRScenes_assets/bottle/ca96bcffa2d17d43871b00acaccf08f7/back.png
bottle,ca96bcffa2d17d43871b00acaccf08f7,right,ok,0.134018,126,349,0.167747,349,bac5fe622211ca9d081d593ebfb0d8c1802cf47ee8ed3572095c05dc096ae489,true,/cpfs/user/zhuzihou/assets/dedup_workspaces/test0_transitive_apply_parallel/dataset/GRScenes_assets/bottle/ca96bcffa2d17d43871b00acaccf08f7/right.png
bottle,cc61f2c7f10a103d9c38bb7e15b17281,front,ok,0.186077,458,126,0.220139,458,f4ec47cd1a672f7a7b666253c5ea77ba3160128230f1956e55eb0a983b2be202,true,/cpfs/user/zhuzihou/assets/dedup_workspaces/test0_transitive_apply_parallel/dataset/GRScenes_assets/bottle/cc61f2c7f10a103d9c38bb7e15b17281/front.png
bottle,cc61f2c7f10a103d9c38bb7e15b17281,left,ok,0.177361,188,338,0.242401,338,7e7f64e66a7c3948e8465db2e3200fec39116baeb4af2838cfcfc5dd0b0a7d14,true,/cpfs/user/zhuzihou/assets/dedup_workspaces/test0_transitive_apply_parallel/dataset/GRScenes_assets/bottle/cc61f2c7f10a103d9c38bb7e15b17281/left.png
bottle,cc61f2c7f10a103d9c38bb7e15b17281,back,ok,0.186687,458,126,0.220139,458,3cc455e33760c999b5f69bd6c411cbdf999c11dfd5179d2a5951857f25c07ca1,true,/cpfs/user/zhuzihou/assets/dedup_workspaces/test0_transitive_apply_parallel/dataset/GRScenes_assets/bottle/cc61f2c7f10a103d9c38bb7e15b17281/back.png
bottle,cc61f2c7f10a103d9c38bb7e15b17281,right,ok,0.129536,138,340,0.178986,340,60e5cc999f22924a122b160942cdd5979f3c3346a1ecf8d6e576aed672cf6f0f,true,/cpfs/user/zhuzihou/assets/dedup_workspaces/test0_transitive_apply_parallel/dataset/GRScenes_assets/bottle/cc61f2c7f10a103d9c38bb7e15b17281/right.png
bottle,ccde1256047469b6c75112cfa53a77ed,front,ok,0.434841,485,274,0.506935,485,fa88f4898bf2bb473ebd8b9d8fb78c52702315e4de1537c7455994be99406191,true,/cpfs/user/zhuzihou/assets/dedup_workspaces/test0_transitive_apply_parallel/dataset/GRScenes_assets/bottle/ccde1256047469b6c75112cfa53a77ed/front.png
bottle,ccde1256047469b6c75112cfa53a77ed,left,ok,0.407017,354,379,0.511803,379,c74b573c7d2acce1097a9bc4d6ca761e6b456c240990b3b962fc58b4d4844cc1,true,/cpfs/user/zhuzihou/assets/dedup_workspaces/test0_transitive_apply_parallel/dataset/GRScenes_assets/bottle/ccde1256047469b6c75112cfa53a77ed/left.png
bottle,ccde1256047469b6c75112cfa53a77ed,back,ok,0.428959,473,274,0.494392,473,994aab057e0ce3b41881924d65b12fcc38ca4fb92896fcfe6a7caee752d6db45,true,/cpfs/user/zhuzihou/assets/dedup_workspaces/test0_transitive_apply_parallel/dataset/GRScenes_assets/bottle/ccde1256047469b6c75112cfa53a77ed/back.png
bottle,ccde1256047469b6c75112cfa53a77ed,right,ok,0.352104,324,352,0.435059,352,73d166059c07e1676cbb0090531c28b9243162942e04dd7dc35811f0d8139cc4,true,/cpfs/user/zhuzihou/assets/dedup_workspaces/test0_transitive_apply_parallel/dataset/GRScenes_assets/bottle/ccde1256047469b6c75112cfa53a77ed/right.png
bottle,ce0a9885741c30e23771234fbbc5a4eb,front,ok,0.355938,450,217,0.372505,450,61e02c6102fe2b05eb88158463be4660ca05543491f1ef953e9843d69d42b4c0,true,/cpfs/user/zhuzihou/assets/dedup_workspaces/test0_transitive_apply_parallel/dataset/GRScenes_assets/bottle/ce0a9885741c30e23771234fbbc5a4eb/front.png
bottle,ce0a9885741c30e23771234fbbc5a4eb,left,ok,0.322598,308,381,0.447647,381,b9ed8bd2147d896c687fe0ea6ddea6adbf171fdc238bdd6e6b8aabf4603079d0,true,/cpfs/user/zhuzihou/assets/dedup_workspaces/test0_transitive_apply_parallel/dataset/GRScenes_assets/bottle/ce0a9885741c30e23771234fbbc5a4eb/left.png
bottle,ce0a9885741c30e23771234fbbc5a4eb,back,ok,0.356094,450,217,0.372505,450,94544a3a9058d7980145c9c92447ab456eceb6d37e0d81bc54d0ce385e75af21,true,/cpfs/user/zhuzihou/assets/dedup_workspaces/test0_transitive_apply_parallel/dataset/GRScenes_assets/bottle/ce0a9885741c30e23771234fbbc5a4eb/back.png
bottle,ce0a9885741c30e23771234fbbc5a4eb,right,ok,0.284557,308,381,0.447647,381,b34ed7e7cafe5bd89f661dc823ff7c10cd9444856ae42601aab77b6f250c531a,true,/cpfs/user/zhuzihou/assets/dedup_workspaces/test0_transitive_apply_parallel/dataset/GRScenes_assets/bottle/ce0a9885741c30e23771234fbbc5a4eb/right.png
bottle,d0cf26c421988b52a7a84b7b2b016109,front,ok,0.434837,485,274,0.506935,485,94f8158275bbe89d88eae2558346cee5000a1e749bf16cc49e2e307b83b446a1,true,/cpfs/user/zhuzihou/assets/dedup_workspaces/test0_transitive_apply_parallel/dataset/GRScenes_assets/bottle/d0cf26c421988b52a7a84b7b2b016109/front.png
bottle,d0cf26c421988b52a7a84b7b2b016109,left,ok,0.407013,354,379,0.511803,379,1b98c28eff92542eed230fc019ca0f88f31794345e5cbac65ad9543367219424,true,/cpfs/user/zhuzihou/assets/dedup_workspaces/test0_transitive_apply_parallel/dataset/GRScenes_assets/bottle/d0cf26c421988b52a7a84b7b2b016109/left.png
bottle,d0cf26c421988b52a7a84b7b2b016109,back,ok,0.428955,473,274,0.494392,473,9008dfa8e131c2b763fffed0d57a28a2b502119e49e897d3555a3445fad9ad29,true,/cpfs/user/zhuzihou/assets/dedup_workspaces/test0_transitive_apply_parallel/dataset/GRScenes_assets/bottle/d0cf26c421988b52a7a84b7b2b016109/back.png
bottle,d0cf26c421988b52a7a84b7b2b016109,right,ok,0.352100,324,352,0.435059,352,6c6a61c11253a18a8e764869d8ab6efd2d664e8bd6a6d329d4298e1c5b36e9a4,true,/cpfs/user/zhuzihou/assets/dedup_workspaces/test0_transitive_apply_parallel/dataset/GRScenes_assets/bottle/d0cf26c421988b52a7a84b7b2b016109/right.png
bottle,d134221fe4ef7b6f17a7ddea2d2487cc,front,ok,0.189625,451,138,0.237419,451,45eb24243e33dbc7d79da7dff572fc37be0fd8a6f2d1c6bf9d93abf91e5fded2,true,/cpfs/user/zhuzihou/assets/dedup_workspaces/test0_transitive_apply_parallel/dataset/GRScenes_assets/bottle/d134221fe4ef7b6f17a7ddea2d2487cc/front.png
bottle,d134221fe4ef7b6f17a7ddea2d2487cc,left,ok,0.157158,170,337,0.218544,337,5f8696bc45cf26f99d75ee89b494a1b58817eced57b27df87f08f9220d3dbca3,true,/cpfs/user/zhuzihou/assets/dedup_workspaces/test0_transitive_apply_parallel/dataset/GRScenes_assets/bottle/d134221fe4ef7b6f17a7ddea2d2487cc/left.png
bottle,d134221fe4ef7b6f17a7ddea2d2487cc,back,ok,0.189922,448,138,0.235840,448,320b76c6b22c6694099d82538266763f6183bc58ed965c6c8ae46d56554aae65,true,/cpfs/user/zhuzihou/assets/dedup_workspaces/test0_transitive_apply_parallel/dataset/GRScenes_assets/bottle/d134221fe4ef7b6f17a7ddea2d2487cc/back.png
bottle,d134221fe4ef7b6f17a7ddea2d2487cc,right,ok,0.128685,136,343,0.177948,343,b942d4ef26c1321e716de008919b6de8b8d89f6689245e2b1e55d259834c0bb8,true,/cpfs/user/zhuzihou/assets/dedup_workspaces/test0_transitive_apply_parallel/dataset/GRScenes_assets/bottle/d134221fe4ef7b6f17a7ddea2d2487cc/right.png
bottle,d25313f7e3618f25b4b1c6ff1f71035b,front,ok,0.227325,453,191,0.330059,453,d62e8c3b48d093838ff928a16a78b70ff55f34e594312169a82ac68946012c31,true,/cpfs/user/zhuzihou/assets/dedup_workspaces/test0_transitive_apply_parallel/dataset/GRScenes_assets/bottle/d25313f7e3618f25b4b1c6ff1f71035b/front.png
bottle,d25313f7e3618f25b4b1c6ff1f71035b,left,ok,0.142643,126,366,0.175919,366,222ebc6a543147dbd68726e85010b7f2c6b9be98555a6ce8f48f3d99a9ceb841,true,/cpfs/user/zhuzihou/assets/dedup_workspaces/test0_transitive_apply_parallel/dataset/GRScenes_assets/bottle/d25313f7e3618f25b4b1c6ff1f71035b/left.png
bottle,d25313f7e3618f25b4b1c6ff1f71035b,back,ok,0.227455,453,191,0.330059,453,b2a81cee2e1338d11251ff7ab89691e00ea1a8558813f567573b9d866dd67256,true,/cpfs/user/zhuzihou/assets/dedup_workspaces/test0_transitive_apply_parallel/dataset/GRScenes_assets/bottle/d25313f7e3618f25b4b1c6ff1f71035b/back.png
bottle,d25313f7e3618f25b4b1c6ff1f71035b,right,ok,0.099602,82,390,0.121994,390,57da7a5e5329f77e3bd4e2a5ba8aeb9af903d76e6cf7913e74ff22373eee2e52,true,/cpfs/user/zhuzihou/assets/dedup_workspaces/test0_transitive_apply_parallel/dataset/GRScenes_assets/bottle/d25313f7e3618f25b4b1c6ff1f71035b/right.png
bottle,d256eeff97b0fb0bad877dc52fe5affa,front,ok,0.192192,456,145,0.252228,456,2e6a5a649182149d0accac69ef56211e89e94e385f2db6b299ef07062c4f43c2,true,/cpfs/user/zhuzihou/assets/dedup_workspaces/test0_transitive_apply_parallel/dataset/GRScenes_assets/bottle/d256eeff97b0fb0bad877dc52fe5affa/front.png
bottle,d256eeff97b0fb0bad877dc52fe5affa,left,ok,0.197334,212,344,0.278198,344,5201c9109818f9e9c8d11a051b9403224fb679f91fd3f1515e5cd9cb6b48c426,true,/cpfs/user/zhuzihou/assets/dedup_workspaces/test0_transitive_apply_parallel/dataset/GRScenes_assets/bottle/d256eeff97b0fb0bad877dc52fe5affa/left.png
bottle,d256eeff97b0fb0bad877dc52fe5affa,back,ok,0.191631,457,144,0.251038,457,8a703786a737163429f06a531f876b9523432d4a8c0b223c073c4b845dc68309,true,/cpfs/user/zhuzihou/assets/dedup_workspaces/test0_transitive_apply_parallel/dataset/GRScenes_assets/bottle/d256eeff97b0fb0bad877dc52fe5affa/back.png
bottle,d256eeff97b0fb0bad877dc52fe5affa,right,ok,0.113293,139,366,0.194069,366,e8b885f51774f86cb7b73214ad0661420978d77c37664a40b85a4f992487d731,true,/cpfs/user/zhuzihou/assets/dedup_workspaces/test0_transitive_apply_parallel/dataset/GRScenes_assets/bottle/d256eeff97b0fb0bad877dc52fe5affa/right.png
bottle,d330dfbe2acf53ebab487d4f1b6191c2,front,ok,0.352818,436,224,0.372559,436,4449a06c60f78c988a737191d5820409e3f3ba3e83de57ef4b523b6b158ed5e5,true,/cpfs/user/zhuzihou/assets/dedup_workspaces/test0_transitive_apply_parallel/dataset/GRScenes_assets/bottle/d330dfbe2acf53ebab487d4f1b6191c2/front.png
bottle,d330dfbe2acf53ebab487d4f1b6191c2,left,ok,0.319748,308,376,0.441772,376,f80cddcdb503ea9150c8ba339c6b5fcadb34215335075fb9551ea405766cfe03,true,/cpfs/user/zhuzihou/assets/dedup_workspaces/test0_transitive_apply_parallel/dataset/GRScenes_assets/bottle/d330dfbe2acf53ebab487d4f1b6191c2/left.png
bottle,d330dfbe2acf53ebab487d4f1b6191c2,back,ok,0.353638,436,224,0.372559,436,771fefaa78f7a72bb8b4d242ea939525288f3e2eadb165e90a9df6b601267a81,true,/cpfs/user/zhuzihou/assets/dedup_workspaces/test0_transitive_apply_parallel/dataset/GRScenes_assets/bottle/d330dfbe2acf53ebab487d4f1b6191c2/back.png
bottle,d330dfbe2acf53ebab487d4f1b6191c2,right,ok,0.318054,308,376,0.441772,376,9e5f5558ded9ca533f046a9eeaebfa93d4dc1016992726e5cde3c68f7712618d,true,/cpfs/user/zhuzihou/assets/dedup_workspaces/test0_transitive_apply_parallel/dataset/GRScenes_assets/bottle/d330dfbe2acf53ebab487d4f1b6191c2/right.png
bottle,d3f1ca8477a8b0a6836bb152eb6676df,front,ok,0.355820,450,217,0.372505,450,190c1c79d0ba09ea05e3d0ff728fe78cf61e71f07a6f02d1f3f52d206b0cc205,true,/cpfs/user/zhuzihou/assets/dedup_workspaces/test0_transitive_apply_parallel/dataset/GRScenes_assets/bottle/d3f1ca8477a8b0a6836bb152eb6676df/front.png
bottle,d3f1ca8477a8b0a6836bb152eb6676df,left,ok,0.322510,308,381,0.447647,381,6311c3a2cd04a7d4c5d0576f84b0ecbfb45eba298b608d70398a404d4f6c2126,true,/cpfs/user/zhuzihou/assets/dedup_workspaces/test0_transitive_apply_parallel/dataset/GRScenes_assets/bottle/d3f1ca8477a8b0a6836bb152eb6676df/left.png
bottle,d3f1ca8477a8b0a6836bb152eb6676df,back,ok,0.356033,450,217,0.372505,450,d6fc9ec0f3fbca54b7e4a19a9f8c2ac46791e4a8cadf14fa1a43379fa6d91607,true,/cpfs/user/zhuzihou/assets/dedup_workspaces/test0_transitive_apply_parallel/dataset/GRScenes_assets/bottle/d3f1ca8477a8b0a6836bb152eb6676df/back.png
bottle,d3f1ca8477a8b0a6836bb152eb6676df,right,ok,0.319878,308,381,0.447647,381,dca1b84f00ac7ff5d4c2b16673427a612b7f838c83a94f0f48e216c7b06f8323,true,/cpfs/user/zhuzihou/assets/dedup_workspaces/test0_transitive_apply_parallel/dataset/GRScenes_assets/bottle/d3f1ca8477a8b0a6836bb152eb6676df/right.png
bottle,d468256500405fe18cfe64b269e640c8,front,ok,0.205296,440,154,0.258484,440,ea6a4a73bc3e15334879024cde0194dffe356e173212b7bb80dbe56c5bdcaafd,true,/cpfs/user/zhuzihou/assets/dedup_workspaces/test0_transitive_apply_parallel/dataset/GRScenes_assets/bottle/d468256500405fe18cfe64b269e640c8/front.png
bottle,d468256500405fe18cfe64b269e640c8,left,ok,0.174614,186,332,0.235565,332,cb216ff3f15b4043c92dc2bffe235be3310c9c37787a7af2aeb39ea2a40ea468,true,/cpfs/user/zhuzihou/assets/dedup_workspaces/test0_transitive_apply_parallel/dataset/GRScenes_assets/bottle/d468256500405fe18cfe64b269e640c8/left.png
bottle,d468256500405fe18cfe64b269e640c8,back,ok,0.204945,437,154,0.256721,437,2fcd1a98d4359135e3e70759ec2238fd7e88e3976d02d559ce6d8611d85fd0d2,true,/cpfs/user/zhuzihou/assets/dedup_workspaces/test0_transitive_apply_parallel/dataset/GRScenes_assets/bottle/d468256500405fe18cfe64b269e640c8/back.png
bottle,d468256500405fe18cfe64b269e640c8,right,ok,0.135456,154,334,0.196213,334,28ec31133cb262529a117a2fd2e34b06e6551b9befa54700e70b7568f52e955f,true,/cpfs/user/zhuzihou/assets/dedup_workspaces/test0_transitive_apply_parallel/dataset/GRScenes_assets/bottle/d468256500405fe18cfe64b269e640c8/right.png
bottle,d4932680b8dbc2f1f89cef5791e5b180,front,ok,0.434841,485,274,0.506935,485,3f520a1aaf73b384ff32bb32f39132ba79860fdb0aee0f9680b909ffa6a55a2a,true,/cpfs/user/zhuzihou/assets/dedup_workspaces/test0_transitive_apply_parallel/dataset/GRScenes_assets/bottle/d4932680b8dbc2f1f89cef5791e5b180/front.png
bottle,d4932680b8dbc2f1f89cef5791e5b180,left,ok,0.407017,354,379,0.511803,379,d5d096a10b8274afcb2bc260b68252a5284ff3538dfe22e347a8068e1e082ab3,true,/cpfs/user/zhuzihou/assets/dedup_workspaces/test0_transitive_apply_parallel/dataset/GRScenes_assets/bottle/d4932680b8dbc2f1f89cef5791e5b180/left.png
bottle,d4932680b8dbc2f1f89cef5791e5b180,back,ok,0.428959,473,274,0.494392,473,e6b9ef6d44924c4407b560684eea44a9a77191085aec994cb8a11af5cdb7f829,true,/cpfs/user/zhuzihou/assets/dedup_workspaces/test0_transitive_apply_parallel/dataset/GRScenes_assets/bottle/d4932680b8dbc2f1f89cef5791e5b180/back.png
bottle,d4932680b8dbc2f1f89cef5791e5b180,right,ok,0.352104,324,352,0.435059,352,d35dafd20807ef88054e52e5cdb795dec2bcf8a409ea3e40de556345c80b7c7e,true,/cpfs/user/zhuzihou/assets/dedup_workspaces/test0_transitive_apply_parallel/dataset/GRScenes_assets/bottle/d4932680b8dbc2f1f89cef5791e5b180/right.png
bottle,d4f4f5453d334d0c50eb573b4ef6d922,front,ok,0.354828,450,217,0.372505,450,04fb59a24eb0a38b11d5e942b0fa37108cfa232094e8782de959ca224e4cfaf1,true,/cpfs/user/zhuzihou/assets/dedup_workspaces/test0_transitive_apply_parallel/dataset/GRScenes_assets/bottle/d4f4f5453d334d0c50eb573b4ef6d922/front.png
bottle,d4f4f5453d334d0c50eb573b4ef6d922,left,ok,0.321793,307,381,0.446194,381,9d45d98a8df4b3705ff7127a272b2f662faaaa195afb1578c4f972247d8489dc,true,/cpfs/user/zhuzihou/assets/dedup_workspaces/test0_transitive_apply_parallel/dataset/GRScenes_assets/bottle/d4f4f5453d334d0c50eb573b4ef6d922/left.png
bottle,d4f4f5453d334d0c50eb573b4ef6d922,back,ok,0.354061,450,217,0.372505,450,bb7d3ed2981fe136587d53561cfc06b80c0d121d8e0aed0deecdfc3d9bac8d39,true,/cpfs/user/zhuzihou/assets/dedup_workspaces/test0_transitive_apply_parallel/dataset/GRScenes_assets/bottle/d4f4f5453d334d0c50eb573b4ef6d922/back.png
bottle,d4f4f5453d334d0c50eb573b4ef6d922,right,ok,0.318871,307,381,0.446194,381,a8bc62948a6f208581fbc6cb7e0882d49e9ca48af4d04a12988d4448e91f25ae,true,/cpfs/user/zhuzihou/assets/dedup_workspaces/test0_transitive_apply_parallel/dataset/GRScenes_assets/bottle/d4f4f5453d334d0c50eb573b4ef6d922/right.png
bottle,d5f434043c97e9600dcc2a5018079feb,front,ok,0.168079,455,120,0.208282,455,8cf0d3d431a1a1fb26aab132e9542f6ac881e5ff3006c8ef84e79cb21bdc6811,true,/cpfs/user/zhuzihou/assets/dedup_workspaces/test0_transitive_apply_parallel/dataset/GRScenes_assets/bottle/d5f434043c97e9600dcc2a5018079feb/front.png
bottle,d5f434043c97e9600dcc2a5018079feb,left,ok,0.135372,146,339,0.188805,339,67ec60585362e52280632dd888124672689bd0c8b2ede2c197f9ca79b174e899,true,/cpfs/user/zhuzihou/assets/dedup_workspaces/test0_transitive_apply_parallel/dataset/GRScenes_assets/bottle/d5f434043c97e9600dcc2a5018079feb/left.png
bottle,d5f434043c97e9600dcc2a5018079feb,back,ok,0.168758,457,120,0.209198,457,12fa41466c327051c5cad6fa69eec8f4246c76b6c7564be0a2349b63e2d5de45,true,/cpfs/user/zhuzihou/assets/dedup_workspaces/test0_transitive_apply_parallel/dataset/GRScenes_assets/bottle/d5f434043c97e9600dcc2a5018079feb/back.png
bottle,d5f434043c97e9600dcc2a5018079feb,right,ok,0.110451,118,342,0.153946,342,a796df8bcf41481672cebda2d02a1f005a598b4560ed08d1ce60f690106e4f8d,true,/cpfs/user/zhuzihou/assets/dedup_workspaces/test0_transitive_apply_parallel/dataset/GRScenes_assets/bottle/d5f434043c97e9600dcc2a5018079feb/right.png
bottle,d6a8000783a575dd11fb5978f05a8692,front,ok,0.153755,430,165,0.270653,430,e3897e6b43d0d8722d5940d52a200bad8d7c9215904c72d705438894ac547364,true,/cpfs/user/zhuzihou/assets/dedup_workspaces/test0_transitive_apply_parallel/dataset/GRScenes_assets/bottle/d6a8000783a575dd11fb5978f05a8692/front.png
bottle,d6a8000783a575dd11fb5978f05a8692,left,ok,0.196796,266,308,0.312531,308,67ea569052192f023db290752cb927f4f3c604959f7edc03300fa8268354c1d2,true,/cpfs/user/zhuzihou/assets/dedup_workspaces/test0_transitive_apply_parallel/dataset/GRScenes_assets/bottle/d6a8000783a575dd11fb5978f05a8692/left.png
bottle,d6a8000783a575dd11fb5978f05a8692,back,ok,0.152897,430,165,0.270653,430,321709019a840d3d52290dad6eb2a5894f4148c84612909720bcd9696e196577,true,/cpfs/user/zhuzihou/assets/dedup_workspaces/test0_transitive_apply_parallel/dataset/GRScenes_assets/bottle/d6a8000783a575dd11fb5978f05a8692/back.png
bottle,d6a8000783a575dd11fb5978f05a8692,right,ok,0.111599,156,313,0.186264,313,155eddc8de5108bffb4e093e2228c7bfdea59594908cab5a25eee44c7c638b4c,true,/cpfs/user/zhuzihou/assets/dedup_workspaces/test0_transitive_apply_parallel/dataset/GRScenes_assets/bottle/d6a8000783a575dd11fb5978f05a8692/right.png
bottle,d74714a3e84300fe34e98a2b0c0810e8,front,ok,0.186100,458,126,0.220139,458,1f052230564823f2baa7c8e150438f341344d789383fac62dd8522b44a6f9257,true,/cpfs/user/zhuzihou/assets/dedup_workspaces/test0_transitive_apply_parallel/dataset/GRScenes_assets/bottle/d74714a3e84300fe34e98a2b0c0810e8/front.png
bottle,d74714a3e84300fe34e98a2b0c0810e8,left,ok,0.177368,188,338,0.242401,338,801dd88f0dbab0559c393d21c5b755cea38e0ce53cc259806255a51729b43e18,true,/cpfs/user/zhuzihou/assets/dedup_workspaces/test0_transitive_apply_parallel/dataset/GRScenes_assets/bottle/d74714a3e84300fe34e98a2b0c0810e8/left.png
bottle,d74714a3e84300fe34e98a2b0c0810e8,back,ok,0.186699,458,126,0.220139,458,4f9bebc6e8d2ac6a8ba30eacc12e64d7f1ac89cc6f59509aa59da3ad63dec6c6,true,/cpfs/user/zhuzihou/assets/dedup_workspaces/test0_transitive_apply_parallel/dataset/GRScenes_assets/bottle/d74714a3e84300fe34e98a2b0c0810e8/back.png
bottle,d74714a3e84300fe34e98a2b0c0810e8,right,ok,0.129539,138,340,0.178986,340,f0272d3f425ba07c5318836f091e4750ec9521291e2cec9925d2d577b4eafc17,true,/cpfs/user/zhuzihou/assets/dedup_workspaces/test0_transitive_apply_parallel/dataset/GRScenes_assets/bottle/d74714a3e84300fe34e98a2b0c0810e8/right.png
bottle,d7c38a192f7c69e65cf20e2201326adf,front,ok,0.292610,480,173,0.316772,480,a4a8004cf8b1b55f034a30df2f91e71535942d9ba30a87431fd104619782e4cf,true,/cpfs/user/zhuzihou/assets/dedup_workspaces/test0_transitive_apply_parallel/dataset/GRScenes_assets/bottle/d7c38a192f7c69e65cf20e2201326adf/front.png
bottle,d7c38a192f7c69e65cf20e2201326adf,left,ok,0.287277,292,370,0.412140,370,376a64e7dc18a3b6c4602eec03ca9de7083af0e564cbcc4e22a850df8b23fb11,true,/cpfs/user/zhuzihou/assets/dedup_workspaces/test0_transitive_apply_parallel/dataset/GRScenes_assets/bottle/d7c38a192f7c69e65cf20e2201326adf/left.png
bottle,d7c38a192f7c69e65cf20e2201326adf,back,ok,0.285149,479,173,0.316113,479,b6fa1103cf6c11ad5fccd7ddabe00d8229395a695c50906270861c3633a29132,true,/cpfs/user/zhuzihou/assets/dedup_workspaces/test0_transitive_apply_parallel/dataset/GRScenes_assets/bottle/d7c38a192f7c69e65cf20e2201326adf/back.png
bottle,d7c38a192f7c69e65cf20e2201326adf,right,ok,0.286579,294,370,0.414963,370,508fa30cb64dad631acfae1f2e2c7ebf9777a4fadbe3918d57e1dab9611c4a80,true,/cpfs/user/zhuzihou/assets/dedup_workspaces/test0_transitive_apply_parallel/dataset/GRScenes_assets/bottle/d7c38a192f7c69e65cf20e2201326adf/right.png
bottle,d889e6c5c4ca976d37edfe6886d40a8d,front,ok,0.168285,455,120,0.208282,455,c34c7f436783f480801df4b9a818b389c121aacca5d6ddf2d02db8cd2d9b4ab6,true,/cpfs/user/zhuzihou/assets/dedup_workspaces/test0_transitive_apply_parallel/dataset/GRScenes_assets/bottle/d889e6c5c4ca976d37edfe6886d40a8d/front.png
bottle,d889e6c5c4ca976d37edfe6886d40a8d,left,ok,0.135429,146,339,0.188805,339,d55f6246de074e073f8e40ac2297dfa6524dfc8397cbea402bde128778c5fad7,true,/cpfs/user/zhuzihou/assets/dedup_workspaces/test0_transitive_apply_parallel/dataset/GRScenes_assets/bottle/d889e6c5c4ca976d37edfe6886d40a8d/left.png
bottle,d889e6c5c4ca976d37edfe6886d40a8d,back,ok,0.168774,457,120,0.209198,457,bf0b774c723d04dce48f0d4afde9acb24c3d5c3aaa7b46eb3b7275dca9f91bcc,true,/cpfs/user/zhuzihou/assets/dedup_workspaces/test0_transitive_apply_parallel/dataset/GRScenes_assets/bottle/d889e6c5c4ca976d37edfe6886d40a8d/back.png
bottle,d889e6c5c4ca976d37edfe6886d40a8d,right,ok,0.110451,118,342,0.153946,342,f479ded1aa20aaf9b1158ccce622d8b4910c24383de9e9bc5dbe684fd33da928,true,/cpfs/user/zhuzihou/assets/dedup_workspaces/test0_transitive_apply_parallel/dataset/GRScenes_assets/bottle/d889e6c5c4ca976d37edfe6886d40a8d/right.png
bottle,d904af9c6b375ea82e6f8c0af228349f,front,ok,0.186096,458,126,0.220139,458,b410902be2073b011ab998073faed2b09f09b803b9e765456309b09ab4291a19,true,/cpfs/user/zhuzihou/assets/dedup_workspaces/test0_transitive_apply_parallel/dataset/GRScenes_assets/bottle/d904af9c6b375ea82e6f8c0af228349f/front.png
bottle,d904af9c6b375ea82e6f8c0af228349f,left,ok,0.177368,188,338,0.242401,338,c5e96f61ef80d754f43baab034b3af6669255a100618c742927bebec30e969a6,true,/cpfs/user/zhuzihou/assets/dedup_workspaces/test0_transitive_apply_parallel/dataset/GRScenes_assets/bottle/d904af9c6b375ea82e6f8c0af228349f/left.png
bottle,d904af9c6b375ea82e6f8c0af228349f,back,ok,0.186695,458,126,0.220139,458,08f0943f0fc8cc9ba47001a92fe9731aa01a2e00bb76dbd6f966c4dbcee17365,true,/cpfs/user/zhuzihou/assets/dedup_workspaces/test0_transitive_apply_parallel/dataset/GRScenes_assets/bottle/d904af9c6b375ea82e6f8c0af228349f/back.png
bottle,d904af9c6b375ea82e6f8c0af228349f,right,ok,0.129539,138,340,0.178986,340,98c89b34fbb133ef9604cccc7f6ce6f5b919c01624d4a7d23de50ecbbd558c43,true,/cpfs/user/zhuzihou/assets/dedup_workspaces/test0_transitive_apply_parallel/dataset/GRScenes_assets/bottle/d904af9c6b375ea82e6f8c0af228349f/right.png
bottle,d99a9b6552b9f9a58cbc2b94ae03dc0a,front,ok,0.162498,474,114,0.206131,474,b1e4a162a134e18bb56bbb8ee64d032c5ee8bdb73e4e94bb5227e416570f015d,true,/cpfs/user/zhuzihou/assets/dedup_workspaces/test0_transitive_apply_parallel/dataset/GRScenes_assets/bottle/d99a9b6552b9f9a58cbc2b94ae03dc0a/front.png
bottle,d99a9b6552b9f9a58cbc2b94ae03dc0a,left,ok,0.170349,184,354,0.248474,354,ae65be5df6f490f2cdb534b5e197a115573ba105c899faf513247edd6243ad9d,true,/cpfs/user/zhuzihou/assets/dedup_workspaces/test0_transitive_apply_parallel/dataset/GRScenes_assets/bottle/d99a9b6552b9f9a58cbc2b94ae03dc0a/left.png
bottle,d99a9b6552b9f9a58cbc2b94ae03dc0a,back,ok,0.164795,474,113,0.204323,474,1a1eb27703a392d46a11cf3293287d8d1fa4e61466058d0a167bcb5cdde7a057,true,/cpfs/user/zhuzihou/assets/dedup_workspaces/test0_transitive_apply_parallel/dataset/GRScenes_assets/bottle/d99a9b6552b9f9a58cbc2b94ae03dc0a/back.png
bottle,d99a9b6552b9f9a58cbc2b94ae03dc0a,right,ok,0.113148,124,351,0.166031,351,32b2606f730087f2cc39fa1016da9defee1c3ce732bfed551b78ee05b0cf6444,true,/cpfs/user/zhuzihou/assets/dedup_workspaces/test0_transitive_apply_parallel/dataset/GRScenes_assets/bottle/d99a9b6552b9f9a58cbc2b94ae03dc0a/right.png
bottle,da5b1c080e6e21e6f77cb308b0d36da6,front,ok,0.187244,431,146,0.240044,431,7c13b1537dd903b6087405bde2bfa6e845f1d74a0c6d4ad67918e947cb22384c,true,/cpfs/user/zhuzihou/assets/dedup_workspaces/test0_transitive_apply_parallel/dataset/GRScenes_assets/bottle/da5b1c080e6e21e6f77cb308b0d36da6/front.png
bottle,da5b1c080e6e21e6f77cb308b0d36da6,left,ok,0.156822,212,385,0.311356,385,9ab7b84d3ec4d8d135c250e58e0cf5fea76fa4b809f5dbd1c44c55dab39fee3b,true,/cpfs/user/zhuzihou/assets/dedup_workspaces/test0_transitive_apply_parallel/dataset/GRScenes_assets/bottle/da5b1c080e6e21e6f77cb308b0d36da6/left.png
bottle,da5b1c080e6e21e6f77cb308b0d36da6,back,ok,0.174427,415,252,0.398941,415,87efec717f51b17030dbca3856ff365d8915ee65b05ed123f94278d5eaa26c4d,true,/cpfs/user/zhuzihou/assets/dedup_workspaces/test0_transitive_apply_parallel/dataset/GRScenes_assets/bottle/da5b1c080e6e21e6f77cb308b0d36da6/back.png
bottle,da5b1c080e6e21e6f77cb308b0d36da6,right,ok,0.145470,151,304,0.175110,304,b85da9b5d85d327f39b106adc1b3d7ba2436c2709e3b9d8584c0f2515bb95816,true,/cpfs/user/zhuzihou/assets/dedup_workspaces/test0_transitive_apply_parallel/dataset/GRScenes_assets/bottle/da5b1c080e6e21e6f77cb308b0d36da6/right.png
bottle,dac9caa96b5a6e0f788dc569248d71ca,front,ok,0.428520,474,274,0.495438,474,da062e15dae23cd66ece8a4abd078aac30f3b0ce23a8ed316dfabd9dd33c3708,true,/cpfs/user/zhuzihou/assets/dedup_workspaces/test0_transitive_apply_parallel/dataset/GRScenes_assets/bottle/dac9caa96b5a6e0f788dc569248d71ca/front.png
bottle,dac9caa96b5a6e0f788dc569248d71ca,left,ok,0.407017,354,379,0.511803,379,33f9fa21d374f33ea5649d2d9aff4d06c2b457b7a294d9c6cdf9c2e9651be621,true,/cpfs/user/zhuzihou/assets/dedup_workspaces/test0_transitive_apply_parallel/dataset/GRScenes_assets/bottle/dac9caa96b5a6e0f788dc569248d71ca/left.png
bottle,dac9caa96b5a6e0f788dc569248d71ca,back,ok,0.433029,473,274,0.494392,473,005adbaa819b2a7790ec8993cf482d8ae09f8f8cd161d7303ad87feba270ed9e,true,/cpfs/user/zhuzihou/assets/dedup_workspaces/test0_transitive_apply_parallel/dataset/GRScenes_assets/bottle/dac9caa96b5a6e0f788dc569248d71ca/back.png
bottle,dac9caa96b5a6e0f788dc569248d71ca,right,ok,0.357052,324,370,0.457306,370,0b3f76718bedcb489a50a97a7a0e2a689374a50e5d3d487b0c1c6ed430dbf9ae,true,/cpfs/user/zhuzihou/assets/dedup_workspaces/test0_transitive_apply_parallel/dataset/GRScenes_assets/bottle/dac9caa96b5a6e0f788dc569248d71ca/right.png
bottle,dae2f8cd974d6c0e6ea3c21f98b2d5a8,front,ok,0.199745,460,117,0.205307,460,985c9c0b7ab4f192984aa545db32cd3295820e24ac20d22fffc0b7e548954a60,true,/cpfs/user/zhuzihou/assets/dedup_workspaces/test0_transitive_apply_parallel/dataset/GRScenes_assets/bottle/dae2f8cd974d6c0e6ea3c21f98b2d5a8/front.png
bottle,dae2f8cd974d6c0e6ea3c21f98b2d5a8,left,ok,0.156178,172,368,0.241455,368,b59cea94a06bda89f8e16edaced2f8fee896baf3267731d2704f482d2ec0479e,true,/cpfs/user/zhuzihou/assets/dedup_workspaces/test0_transitive_apply_parallel/dataset/GRScenes_assets/bottle/dae2f8cd974d6c0e6ea3c21f98b2d5a8/left.png
bottle,dae2f8cd974d6c0e6ea3c21f98b2d5a8,back,ok,0.151180,487,116,0.215500,487,6acd05fcbb8a4e2aff26091655a3398e5367bd5c45d59bf4d890da936e07d4ef,true,/cpfs/user/zhuzihou/assets/dedup_workspaces/test0_transitive_apply_parallel/dataset/GRScenes_assets/bottle/dae2f8cd974d6c0e6ea3c21f98b2d5a8/back.png
bottle,dae2f8cd974d6c0e6ea3c21f98b2d5a8,right,ok,0.118046,114,370,0.160904,370,30e87d114c3cfa4c60109390b172f563868652fd0b8c02c6d37d4eac6cb8ccee,true,/cpfs/user/zhuzihou/assets/dedup_workspaces/test0_transitive_apply_parallel/dataset/GRScenes_assets/bottle/dae2f8cd974d6c0e6ea3c21f98b2d5a8/right.png
bottle,db852149d5aac86e0e19539b0c6ae9ab,front,ok,0.185192,468,121,0.216019,468,9f7808e9359fe68c928e4b71eec84cda2efa3935561ec159c1257f97ea134dc2,true,/cpfs/user/zhuzihou/assets/dedup_workspaces/test0_transitive_apply_parallel/dataset/GRScenes_assets/bottle/db852149d5aac86e0e19539b0c6ae9ab/front.png
bottle,db852149d5aac86e0e19539b0c6ae9ab,left,ok,0.177795,188,351,0.251724,351,604a0aa8f5d43a7c73221935ed525d5cf1e41df06c5b6a420c57024c099d80e4,true,/cpfs/user/zhuzihou/assets/dedup_workspaces/test0_transitive_apply_parallel/dataset/GRScenes_assets/bottle/db852149d5aac86e0e19539b0c6ae9ab/left.png
bottle,db852149d5aac86e0e19539b0c6ae9ab,back,ok,0.185284,468,121,0.216019,468,e1c8b8c236a681dcd76e94745999fc6df1579b578d3532e618e11eaf30d9ffed,true,/cpfs/user/zhuzihou/assets/dedup_workspaces/test0_transitive_apply_parallel/dataset/GRScenes_assets/bottle/db852149d5aac86e0e19539b0c6ae9ab/back.png
bottle,db852149d5aac86e0e19539b0c6ae9ab,right,ok,0.134018,126,349,0.167747,349,110dd93b333190ac1d3ad16f9f0c5d9937c072358b1670fff5ac6eb391db891e,true,/cpfs/user/zhuzihou/assets/dedup_workspaces/test0_transitive_apply_parallel/dataset/GRScenes_assets/bottle/db852149d5aac86e0e19539b0c6ae9ab/right.png
bottle,dbb2282859f1742a6df79502e7dc896b,front,ok,0.168285,455,120,0.208282,455,a01cc0dca2854619c6fe28fbf94721e7b9424e8e1bfa8978976e0fe5e69ee1f9,true,/cpfs/user/zhuzihou/assets/dedup_workspaces/test0_transitive_apply_parallel/dataset/GRScenes_assets/bottle/dbb2282859f1742a6df79502e7dc896b/front.png
bottle,dbb2282859f1742a6df79502e7dc896b,left,ok,0.135429,146,339,0.188805,339,4e22cf645a832bfac1ebbb7948117c6886820c4ca85717723dcf7c2439454875,true,/cpfs/user/zhuzihou/assets/dedup_workspaces/test0_transitive_apply_parallel/dataset/GRScenes_assets/bottle/dbb2282859f1742a6df79502e7dc896b/left.png
bottle,dbb2282859f1742a6df79502e7dc896b,back,ok,0.168774,457,120,0.209198,457,ee39a7b3774f0690d2c3ce60c643480b2591a12ad0d5f8be467c2281c63b85ba,true,/cpfs/user/zhuzihou/assets/dedup_workspaces/test0_transitive_apply_parallel/dataset/GRScenes_assets/bottle/dbb2282859f1742a6df79502e7dc896b/back.png
bottle,dbb2282859f1742a6df79502e7dc896b,right,ok,0.110451,118,342,0.153946,342,a67f118e461224749fcc4e92837ca6d25e1b1021f4af773066e190e94d9a0421,true,/cpfs/user/zhuzihou/assets/dedup_workspaces/test0_transitive_apply_parallel/dataset/GRScenes_assets/bottle/dbb2282859f1742a6df79502e7dc896b/right.png
bottle,dd0fe753df975bbced9ef28fc08ac92d,front,ok,0.188019,456,141,0.245270,456,1191c3a08bbd3fbfb9efcfed465e86d7a102649d771bc4d3c6288825a9d3d302,true,/cpfs/user/zhuzihou/assets/dedup_workspaces/test0_transitive_apply_parallel/dataset/GRScenes_assets/bottle/dd0fe753df975bbced9ef28fc08ac92d/front.png
bottle,dd0fe753df975bbced9ef28fc08ac92d,left,ok,0.166370,180,348,0.238953,348,7a9b3ef53b842fc1aa1892f5d3730bd0e47797c9cc2a66e37d033d34e1fde151,true,/cpfs/user/zhuzihou/assets/dedup_workspaces/test0_transitive_apply_parallel/dataset/GRScenes_assets/bottle/dd0fe753df975bbced9ef28fc08ac92d/left.png
bottle,dd0fe753df975bbced9ef28fc08ac92d,back,ok,0.183300,457,138,0.240578,457,4cd68f9f1636af2c80734ff1661391847e0d354b3d6211e3d8477603f8df14f0,true,/cpfs/user/zhuzihou/assets/dedup_workspaces/test0_transitive_apply_parallel/dataset/GRScenes_assets/bottle/dd0fe753df975bbced9ef28fc08ac92d/back.png
bottle,dd0fe753df975bbced9ef28fc08ac92d,right,ok,0.108089,126,346,0.166306,346,52cabb64530a952f47faf6ce535b223191b8cbd9bf8dc5f64cf4fb464ec9d542,true,/cpfs/user/zhuzihou/assets/dedup_workspaces/test0_transitive_apply_parallel/dataset/GRScenes_assets/bottle/dd0fe753df975bbced9ef28fc08ac92d/right.png
bottle,de1c7c7c1c1c21d8d27f63277fd15139,front,ok,0.336868,441,213,0.358326,441,bd04090b1c7ff527b052240e8a354214e9a8e45dbff025f958e840c17ee22092,true,/cpfs/user/zhuzihou/assets/dedup_workspaces/test0_transitive_apply_parallel/dataset/GRScenes_assets/bottle/de1c7c7c1c1c21d8d27f63277fd15139/front.png
bottle,de1c7c7c1c1c21d8d27f63277fd15139,left,ok,0.273205,264,375,0.377655,375,28082c19d2599b12b60e079a693a5302e05e0cda9c218643bf6640761985a90e,true,/cpfs/user/zhuzihou/assets/dedup_workspaces/test0_transitive_apply_parallel/dataset/GRScenes_assets/bottle/de1c7c7c1c1c21d8d27f63277fd15139/left.png
bottle,de1c7c7c1c1c21d8d27f63277fd15139,back,ok,0.338188,441,214,0.360008,441,26ca31d1eb6ee0c56d2325ab93f645f9444751a6677f88e0af4bf2b80a6ac153,true,/cpfs/user/zhuzihou/assets/dedup_workspaces/test0_transitive_apply_parallel/dataset/GRScenes_assets/bottle/de1c7c7c1c1c21d8d27f63277fd15139/back.png
bottle,de1c7c7c1c1c21d8d27f63277fd15139,right,ok,0.277210,248,386,0.365173,386,3f0fd99608bd0b162f837eb0c79fa1dc44819a0c7951d54d7d0414494d0b7986,true,/cpfs/user/zhuzihou/assets/dedup_workspaces/test0_transitive_apply_parallel/dataset/GRScenes_assets/bottle/de1c7c7c1c1c21d8d27f63277fd15139/right.png
bottle,de87fe3e3e61d6c60f92c82405ee7dd1,front,ok,0.157516,474,113,0.204323,474,43df1c50b8ed74ede572f0ecec9cb99acc9d6e9c4cbf058b26a851d1386e1722,true,/cpfs/user/zhuzihou/assets/dedup_workspaces/test0_transitive_apply_parallel/dataset/GRScenes_assets/bottle/de87fe3e3e61d6c60f92c82405ee7dd1/front.png
bottle,de87fe3e3e61d6c60f92c82405ee7dd1,left,ok,0.167976,181,354,0.244423,354,7cca400ed66e74ed67270b9150c24a5ad72e3e1077707e76ee6cdda74f02eaa9,true,/cpfs/user/zhuzihou/assets/dedup_workspaces/test0_transitive_apply_parallel/dataset/GRScenes_assets/bottle/de87fe3e3e61d6c60f92c82405ee7dd1/left.png
bottle,de87fe3e3e61d6c60f92c82405ee7dd1,back,ok,0.164974,472,114,0.205261,472,70792dc6b7da6b88f14c4b04212982ccd917b55dff7b0d8118313cde00a2e5f0,true,/cpfs/user/zhuzihou/assets/dedup_workspaces/test0_transitive_apply_parallel/dataset/GRScenes_assets/bottle/de87fe3e3e61d6c60f92c82405ee7dd1/back.png
bottle,de87fe3e3e61d6c60f92c82405ee7dd1,right,ok,0.112709,123,352,0.165161,352,6c646af3963539a3d997b73d83cd8cbd643a594ec87658015c23e7452adb648f,true,/cpfs/user/zhuzihou/assets/dedup_workspaces/test0_transitive_apply_parallel/dataset/GRScenes_assets/bottle/de87fe3e3e61d6c60f92c82405ee7dd1/right.png
bottle,df5ccec979155e4a3a80a9c61a225d6d,front,ok,0.434841,485,274,0.506935,485,bfc3534d211c76b53a3f318a246283cf8d970825b9b3fe4e678e1aea92682997,true,/cpfs/user/zhuzihou/assets/dedup_workspaces/test0_transitive_apply_parallel/dataset/GRScenes_assets/bottle/df5ccec979155e4a3a80a9c61a225d6d/front.png
bottle,df5ccec979155e4a3a80a9c61a225d6d,left,ok,0.407013,354,379,0.511803,379,2dad79f36b54439d822c46beb150be2b41c7305c4d020681aae022115d4009ff,true,/cpfs/user/zhuzihou/assets/dedup_workspaces/test0_transitive_apply_parallel/dataset/GRScenes_assets/bottle/df5ccec979155e4a3a80a9c61a225d6d/left.png
bottle,df5ccec979155e4a3a80a9c61a225d6d,back,ok,0.428959,473,274,0.494392,473,94dc62ae3f9cae5139b94ccfac2cc2c755a71fb2d008aeb703859adb3421b999,true,/cpfs/user/zhuzihou/assets/dedup_workspaces/test0_transitive_apply_parallel/dataset/GRScenes_assets/bottle/df5ccec979155e4a3a80a9c61a225d6d/back.png
bottle,df5ccec979155e4a3a80a9c61a225d6d,right,ok,0.352108,324,352,0.435059,352,c0562f8c6fa8637ea555fb1f0f350ee5e1c1a1bda382a8bd1a549026af779990,true,/cpfs/user/zhuzihou/assets/dedup_workspaces/test0_transitive_apply_parallel/dataset/GRScenes_assets/bottle/df5ccec979155e4a3a80a9c61a225d6d/right.png
bottle,e16a1a51e4bb97aa7c2a8974ed149cbf,front,ok,0.295681,430,207,0.339546,430,3ea9b7a17f8dc0c2bd9805f58aed108cc9eef2237211e760210502645e1cc93c,true,/cpfs/user/zhuzihou/assets/dedup_workspaces/test0_transitive_apply_parallel/dataset/GRScenes_assets/bottle/e16a1a51e4bb97aa7c2a8974ed149cbf/front.png
bottle,e16a1a51e4bb97aa7c2a8974ed149cbf,left,ok,0.264595,263,353,0.354153,353,609087dee1b8f2f3c80c10b99ede66d2e397c24afb2e4f75aecf139407a159ae,true,/cpfs/user/zhuzihou/assets/dedup_workspaces/test0_transitive_apply_parallel/dataset/GRScenes_assets/bottle/e16a1a51e4bb97aa7c2a8974ed149cbf/left.png
bottle,e16a1a51e4bb97aa7c2a8974ed149cbf,back,ok,0.297203,432,205,0.337830,432,fb4336aa61a389fd0ac32d886770743934f4fc28946d0ded66b500ade6dc0cf4,true,/cpfs/user/zhuzihou/assets/dedup_workspaces/test0_transitive_apply_parallel/dataset/GRScenes_assets/bottle/e16a1a51e4bb97aa7c2a8974ed149cbf/back.png
bottle,e16a1a51e4bb97aa7c2a8974ed149cbf,right,ok,0.226711,213,362,0.294136,362,b6685b0ffce1b9e15be63635675c257cb57793d74a7707f11e086bf5b5d03763,true,/cpfs/user/zhuzihou/assets/dedup_workspaces/test0_transitive_apply_parallel/dataset/GRScenes_assets/bottle/e16a1a51e4bb97aa7c2a8974ed149cbf/right.png
bottle,e1770a44a30659a57584180a8e173a8f,front,ok,0.165985,473,114,0.205696,473,782a4f61a9fb26036bd0726a8507c3dcded954d77f4facbda897ad270f524790,true,/cpfs/user/zhuzihou/assets/dedup_workspaces/test0_transitive_apply_parallel/dataset/GRScenes_assets/bottle/e1770a44a30659a57584180a8e173a8f/front.png
bottle,e1770a44a30659a57584180a8e173a8f,left,ok,0.170097,184,354,0.248474,354,bb0a2ef9d4519ca0d8d595f79d55e68fe945414270cd4d6746544bf8752177c6,true,/cpfs/user/zhuzihou/assets/dedup_workspaces/test0_transitive_apply_parallel/dataset/GRScenes_assets/bottle/e1770a44a30659a57584180a8e173a8f/left.png
bottle,e1770a44a30659a57584180a8e173a8f,back,ok,0.164112,474,112,0.202515,474,0210f56d0c4322343b4c9a30eb8bce42d6cd453bc0d5620f932f7f8f76c7d900,true,/cpfs/user/zhuzihou/assets/dedup_workspaces/test0_transitive_apply_parallel/dataset/GRScenes_assets/bottle/e1770a44a30659a57584180a8e173a8f/back.png
bottle,e1770a44a30659a57584180a8e173a8f,right,ok,0.113529,124,351,0.166031,351,10e1cbea6f51c99f8176d27dda0b9a1f809b347897e1b689c62ca8a878491b1d,true,/cpfs/user/zhuzihou/assets/dedup_workspaces/test0_transitive_apply_parallel/dataset/GRScenes_assets/bottle/e1770a44a30659a57584180a8e173a8f/right.png
bottle,e239759931145a4ddcc2eecd874327bc,front,ok,0.199745,460,117,0.205307,460,dd03d38f4b4173eace42ca653cd4d9a3f81a84bae3bd933e8ea6442a7f07e6de,true,/cpfs/user/zhuzihou/assets/dedup_workspaces/test0_transitive_apply_parallel/dataset/GRScenes_assets/bottle/e239759931145a4ddcc2eecd874327bc/front.png
bottle,e239759931145a4ddcc2eecd874327bc,left,ok,0.156178,172,368,0.241455,368,02ad3bbd27c8efe74ae34317557e6195ae6a5aac9191ddf8590897a569341e57,true,/cpfs/user/zhuzihou/assets/dedup_workspaces/test0_transitive_apply_parallel/dataset/GRScenes_assets/bottle/e239759931145a4ddcc2eecd874327bc/left.png
bottle,e239759931145a4ddcc2eecd874327bc,back,ok,0.151176,487,116,0.215500,487,782403a1832c00f1fef1cd2ca38083bd2d1b469528dd532a7a15dc467ada6798,true,/cpfs/user/zhuzihou/assets/dedup_workspaces/test0_transitive_apply_parallel/dataset/GRScenes_assets/bottle/e239759931145a4ddcc2eecd874327bc/back.png
bottle,e239759931145a4ddcc2eecd874327bc,right,ok,0.118038,114,370,0.160904,370,7c0b1b9f003927368148909fda2e02e02d5657121509c0d7f616f5499011f3f4,true,/cpfs/user/zhuzihou/assets/dedup_workspaces/test0_transitive_apply_parallel/dataset/GRScenes_assets/bottle/e239759931145a4ddcc2eecd874327bc/right.png
bottle,e277e5886369658e44d8ce9145511800,front,ok,0.237621,492,131,0.245865,492,08ed70da33fc7e64ed2bf0bc25925f9c18bde51dbb2284138b529a938cae6fdc,true,/cpfs/user/zhuzihou/assets/dedup_workspaces/test0_transitive_apply_parallel/dataset/GRScenes_assets/bottle/e277e5886369658e44d8ce9145511800/front.png
bottle,e277e5886369658e44d8ce9145511800,left,ok,0.238575,242,366,0.337875,366,bc99a24b6b06c75634222dd46ae10e4e03590757073111a6eaf6c5757e4fdfc6,true,/cpfs/user/zhuzihou/assets/dedup_workspaces/test0_transitive_apply_parallel/dataset/GRScenes_assets/bottle/e277e5886369658e44d8ce9145511800/left.png
bottle,e277e5886369658e44d8ce9145511800,back,ok,0.237625,492,131,0.245865,492,0ae2a2b1047db2fb7b72cfcfdcc7564e871bba13e4fde460de752d3501397dc1,true,/cpfs/user/zhuzihou/assets/dedup_workspaces/test0_transitive_apply_parallel/dataset/GRScenes_assets/bottle/e277e5886369658e44d8ce9145511800/back.png
bottle,e277e5886369658e44d8ce9145511800,right,ok,0.241051,244,367,0.341599,367,f019891d94e4c884e52bab5513f869be53de9ff8bf98628979f006a36acb98e7,true,/cpfs/user/zhuzihou/assets/dedup_workspaces/test0_transitive_apply_parallel/dataset/GRScenes_assets/bottle/e277e5886369658e44d8ce9145511800/right.png
bottle,e299628dcb3aaf61476d683e14240ed9,front,ok,0.421894,478,272,0.495972,478,744343e79e4e2f667b327be9f32166bfac35cf755689f29602cd6574dc08e692,true,/cpfs/user/zhuzihou/assets/dedup_workspaces/test0_transitive_apply_parallel/dataset/GRScenes_assets/bottle/e299628dcb3aaf61476d683e14240ed9/front.png
bottle,e299628dcb3aaf61476d683e14240ed9,left,ok,0.389412,344,379,0.497345,379,1cb9cf6e0d106324cd76fe2efe1beb1c0b9b9c8de8b00d2869b34cb0253b011a,true,/cpfs/user/zhuzihou/assets/dedup_workspaces/test0_transitive_apply_parallel/dataset/GRScenes_assets/bottle/e299628dcb3aaf61476d683e14240ed9/left.png
bottle,e299628dcb3aaf61476d683e14240ed9,back,ok,0.410416,464,267,0.472595,464,e88d3eecac8f5ba93e14da3e0f752ff39bab7a6338cd6640ef844beabdd1249e,true,/cpfs/user/zhuzihou/assets/dedup_workspaces/test0_transitive_apply_parallel/dataset/GRScenes_assets/bottle/e299628dcb3aaf61476d683e14240ed9/back.png
bottle,e299628dcb3aaf61476d683e14240ed9,right,ok,0.338604,315,353,0.424175,353,461804a4cee7c255f0baa375cdf817c84c5dcd81df7b6b4f07a61169456252ec,true,/cpfs/user/zhuzihou/assets/dedup_workspaces/test0_transitive_apply_parallel/dataset/GRScenes_assets/bottle/e299628dcb3aaf61476d683e14240ed9/right.png
bottle,e2d98dded6c731e7de40453ecad6e71d,front,ok,0.179188,460,121,0.212326,460,2871dda1d7acee1c17a37c68415c9257cf3194a22e90324f0c145f1796b7c8ee,true,/cpfs/user/zhuzihou/assets/dedup_workspaces/test0_transitive_apply_parallel/dataset/GRScenes_assets/bottle/e2d98dded6c731e7de40453ecad6e71d/front.png
bottle,e2d98dded6c731e7de40453ecad6e71d,left,ok,0.177753,192,336,0.246094,336,1af86a21fe8dafc851b80355a0abb4e615c8b3c4828424fc8b911acdaf2c6058,true,/cpfs/user/zhuzihou/assets/dedup_workspaces/test0_transitive_apply_parallel/dataset/GRScenes_assets/bottle/e2d98dded6c731e7de40453ecad6e71d/left.png
bottle,e2d98dded6c731e7de40453ecad6e71d,back,ok,0.179489,460,121,0.212326,460,efdc9817a94875dca9eb0a53a122ac1c879db1c1671754218c1451af4a3c3e40,true,/cpfs/user/zhuzihou/assets/dedup_workspaces/test0_transitive_apply_parallel/dataset/GRScenes_assets/bottle/e2d98dded6c731e7de40453ecad6e71d/back.png
bottle,e2d98dded6c731e7de40453ecad6e71d,right,ok,0.130013,140,337,0.179977,337,91481efa7d1bd900eaebf9e423eda29156b67131a947949dccc3f20dce7fceec,true,/cpfs/user/zhuzihou/assets/dedup_workspaces/test0_transitive_apply_parallel/dataset/GRScenes_assets/bottle/e2d98dded6c731e7de40453ecad6e71d/right.png
bottle,e321f3afcd30c15558ba6c6dfbbc04b3,front,ok,0.179459,463,103,0.181919,463,0faf1de65d864e1f39e3bb7941ba7cfa880d5aa588fd6d993ebc4682f4c1e566,true,/cpfs/user/zhuzihou/assets/dedup_workspaces/test0_transitive_apply_parallel/dataset/GRScenes_assets/bottle/e321f3afcd30c15558ba6c6dfbbc04b3/front.png
bottle,e321f3afcd30c15558ba6c6dfbbc04b3,left,ok,0.141155,155,367,0.216999,367,e81e1ec259529aceee85ca944b8b1f2d8a65edf47665612ce335a44add07fd7e,true,/cpfs/user/zhuzihou/assets/dedup_workspaces/test0_transitive_apply_parallel/dataset/GRScenes_assets/bottle/e321f3afcd30c15558ba6c6dfbbc04b3/left.png
bottle,e321f3afcd30c15558ba6c6dfbbc04b3,back,ok,0.144444,487,103,0.191349,487,4590069871bbd5f0e0c699a47dbd1b21d31a9badc78bedcbda54cd5ff9252423,true,/cpfs/user/zhuzihou/assets/dedup_workspaces/test0_transitive_apply_parallel/dataset/GRScenes_assets/bottle/e321f3afcd30c15558ba6c6dfbbc04b3/back.png
bottle,e321f3afcd30c15558ba6c6dfbbc04b3,right,ok,0.103386,93,368,0.130554,368,b74ab20208cc52dd15b22d797c13d7af67ec5a84fb97cec65837b003f257153c,true,/cpfs/user/zhuzihou/assets/dedup_workspaces/test0_transitive_apply_parallel/dataset/GRScenes_assets/bottle/e321f3afcd30c15558ba6c6dfbbc04b3/right.png
bottle,e3e4ee35b16c6d328d82bdcd8fae4e0a,front,ok,0.251797,415,197,0.311871,415,68ffe500893ac4b87f9d1310dc6b7604d64853ba25e63deaf00e445cfb9d68ce,true,/cpfs/user/zhuzihou/assets/dedup_workspaces/test0_transitive_apply_parallel/dataset/GRScenes_assets/bottle/e3e4ee35b16c6d328d82bdcd8fae4e0a/front.png
bottle,e3e4ee35b16c6d328d82bdcd8fae4e0a,left,ok,0.206074,236,318,0.286285,318,d4545616de1821c27b64f3f981e48d9b7df9d35f18ba40b0d6dc28952189128d,true,/cpfs/user/zhuzihou/assets/dedup_workspaces/test0_transitive_apply_parallel/dataset/GRScenes_assets/bottle/e3e4ee35b16c6d328d82bdcd8fae4e0a/left.png
bottle,e3e4ee35b16c6d328d82bdcd8fae4e0a,back,ok,0.250065,415,197,0.311871,415,076413613600be01ebafc7765f7f38234368d2d172c823b48a852a1a2e18a793,true,/cpfs/user/zhuzihou/assets/dedup_workspaces/test0_transitive_apply_parallel/dataset/GRScenes_assets/bottle/e3e4ee35b16c6d328d82bdcd8fae4e0a/back.png
bottle,e3e4ee35b16c6d328d82bdcd8fae4e0a,right,ok,0.225956,206,346,0.271896,346,35a58911b48df32a2833620d1ba2868817d6ff515b5885632502ba0938de3064,true,/cpfs/user/zhuzihou/assets/dedup_workspaces/test0_transitive_apply_parallel/dataset/GRScenes_assets/bottle/e3e4ee35b16c6d328d82bdcd8fae4e0a/right.png
bottle,e43c96e7cd6eb98ba591f9691b953f69,front,ok,0.281425,480,173,0.316772,480,a1e08c44fbf7a21031fa73dd42328703fffe8baea0560a1b3f8abf7c53e04783,true,/cpfs/user/zhuzihou/assets/dedup_workspaces/test0_transitive_apply_parallel/dataset/GRScenes_assets/bottle/e43c96e7cd6eb98ba591f9691b953f69/front.png
bottle,e43c96e7cd6eb98ba591f9691b953f69,left,ok,0.281490,292,370,0.412140,370,4723bb3fe1112e508f7d92f3b0c851e370d96b9f04dc69eaa2fc76f90eb20392,true,/cpfs/user/zhuzihou/assets/dedup_workspaces/test0_transitive_apply_parallel/dataset/GRScenes_assets/bottle/e43c96e7cd6eb98ba591f9691b953f69/left.png
bottle,e43c96e7cd6eb98ba591f9691b953f69,back,ok,0.279995,479,173,0.316113,479,2c3649a8a6f51593ba4e2e42e168029d07a0858dd2377e3e2d68280f3ece427e,true,/cpfs/user/zhuzihou/assets/dedup_workspaces/test0_transitive_apply_parallel/dataset/GRScenes_assets/bottle/e43c96e7cd6eb98ba591f9691b953f69/back.png
bottle,e43c96e7cd6eb98ba591f9691b953f69,right,ok,0.280781,294,370,0.414963,370,9656718e5d06403cc2c6db53612e50063ac748004c1f69ae43e8b8e748a6d064,true,/cpfs/user/zhuzihou/assets/dedup_workspaces/test0_transitive_apply_parallel/dataset/GRScenes_assets/bottle/e43c96e7cd6eb98ba591f9691b953f69/right.png
bottle,e6d1ed51920234065b177e93209d9515,front,ok,0.185188,468,121,0.216019,468,8e4276c2ae4dd45c6e20ab7f21fcb31e196ffa71d33e02d9daf0ca81b10de0c4,true,/cpfs/user/zhuzihou/assets/dedup_workspaces/test0_transitive_apply_parallel/dataset/GRScenes_assets/bottle/e6d1ed51920234065b177e93209d9515/front.png
bottle,e6d1ed51920234065b177e93209d9515,left,ok,0.177795,188,351,0.251724,351,7e92ba4e576a3ae5d2784d7bcbfb1a622cc0361be2f291026c55e43f41b8bd17,true,/cpfs/user/zhuzihou/assets/dedup_workspaces/test0_transitive_apply_parallel/dataset/GRScenes_assets/bottle/e6d1ed51920234065b177e93209d9515/left.png
bottle,e6d1ed51920234065b177e93209d9515,back,ok,0.185295,468,121,0.216019,468,4fc947ff5d02b4ff3137fc0d097b5ec722cfeeea5039bfaa9f760d2361e6ab0b,true,/cpfs/user/zhuzihou/assets/dedup_workspaces/test0_transitive_apply_parallel/dataset/GRScenes_assets/bottle/e6d1ed51920234065b177e93209d9515/back.png
bottle,e6d1ed51920234065b177e93209d9515,right,ok,0.134014,126,349,0.167747,349,33598eea92c5ebf1cb4d08eeaadc2cc7aa104655127b6a322a478c8ff22985be,true,/cpfs/user/zhuzihou/assets/dedup_workspaces/test0_transitive_apply_parallel/dataset/GRScenes_assets/bottle/e6d1ed51920234065b177e93209d9515/right.png
bottle,e736af92dde964da6195e1501bc990d6,front,ok,0.291309,438,223,0.372597,438,5664730b43e2177946ee873a3f9a91d703a738788cd9320e1d03dc4ade801577,true,/cpfs/user/zhuzihou/assets/dedup_workspaces/test0_transitive_apply_parallel/dataset/GRScenes_assets/bottle/e736af92dde964da6195e1501bc990d6/front.png
bottle,e736af92dde964da6195e1501bc990d6,left,ok,0.253963,232,355,0.314178,355,b42b4f5447764ceca8be45f3a6a079d2da3defd685044e1d653872acfcc5bdff,true,/cpfs/user/zhuzihou/assets/dedup_workspaces/test0_transitive_apply_parallel/dataset/GRScenes_assets/bottle/e736af92dde964da6195e1501bc990d6/left.png
bottle,e736af92dde964da6195e1501bc990d6,back,ok,0.291359,438,223,0.372597,438,393d995d0f2e451d61cd0f1b60c1d1fe881e109a0108d376f0ce58a4828885c7,true,/cpfs/user/zhuzihou/assets/dedup_workspaces/test0_transitive_apply_parallel/dataset/GRScenes_assets/bottle/e736af92dde964da6195e1501bc990d6/back.png
bottle,e736af92dde964da6195e1501bc990d6,right,ok,0.175598,175,354,0.236320,354,c4e12cee41487eed9e143b2ecc4bde749d0083db723de4b84e93e0f11624d0a9,true,/cpfs/user/zhuzihou/assets/dedup_workspaces/test0_transitive_apply_parallel/dataset/GRScenes_assets/bottle/e736af92dde964da6195e1501bc990d6/right.png
bottle,e89a2a217e997a8bd7a7980a5772d5c9,front,ok,0.185192,468,121,0.216019,468,5a2d47527975ba18c55fb06b0eb2f233b79a6bfaf1787235041d4b53e86a1aea,true,/cpfs/user/zhuzihou/assets/dedup_workspaces/test0_transitive_apply_parallel/dataset/GRScenes_assets/bottle/e89a2a217e997a8bd7a7980a5772d5c9/front.png
bottle,e89a2a217e997a8bd7a7980a5772d5c9,left,ok,0.177795,188,351,0.251724,351,df0a68cc600e81635fd10c99c0ce4447c78061f525bdf30c2487f641ab47e5e5,true,/cpfs/user/zhuzihou/assets/dedup_workspaces/test0_transitive_apply_parallel/dataset/GRScenes_assets/bottle/e89a2a217e997a8bd7a7980a5772d5c9/left.png
bottle,e89a2a217e997a8bd7a7980a5772d5c9,back,ok,0.185291,468,121,0.216019,468,b78026ed68f719051e4185f61e400d13a31268105fc4d04fee20bd9bf432cbea,true,/cpfs/user/zhuzihou/assets/dedup_workspaces/test0_transitive_apply_parallel/dataset/GRScenes_assets/bottle/e89a2a217e997a8bd7a7980a5772d5c9/back.png
bottle,e89a2a217e997a8bd7a7980a5772d5c9,right,ok,0.134014,126,349,0.167747,349,54da215a66e35c97d45163304e6d8f9f9a49d362bb67602aa0ec732e26b7dde8,true,/cpfs/user/zhuzihou/assets/dedup_workspaces/test0_transitive_apply_parallel/dataset/GRScenes_assets/bottle/e89a2a217e997a8bd7a7980a5772d5c9/right.png
bottle,e903b243d6d67fb2cf4d3da9a9e159ec,front,ok,0.177563,470,115,0.206184,470,743694a5cebc766fa7ac92453e516d0ac5ed9a3768c8fdbc95e63870caf9ee0a,true,/cpfs/user/zhuzihou/assets/dedup_workspaces/test0_transitive_apply_parallel/dataset/GRScenes_assets/bottle/e903b243d6d67fb2cf4d3da9a9e159ec/front.png
bottle,e903b243d6d67fb2cf4d3da9a9e159ec,left,ok,0.178104,190,348,0.252228,348,e9981107ed7081470fdb35273071a4c26cd71d859824d908b4cc8b98635c4e3d,true,/cpfs/user/zhuzihou/assets/dedup_workspaces/test0_transitive_apply_parallel/dataset/GRScenes_assets/bottle/e903b243d6d67fb2cf4d3da9a9e159ec/left.png
bottle,e903b243d6d67fb2cf4d3da9a9e159ec,back,ok,0.177578,470,115,0.206184,470,9143162397798e92115ffa0d28d6e09129affcc5fc6924723f6f3f7d93ea1f47,true,/cpfs/user/zhuzihou/assets/dedup_workspaces/test0_transitive_apply_parallel/dataset/GRScenes_assets/bottle/e903b243d6d67fb2cf4d3da9a9e159ec/back.png
bottle,e903b243d6d67fb2cf4d3da9a9e159ec,right,ok,0.134476,128,347,0.169434,347,6368b6d7c71f0242163489b6b0872bd85efed5f00176d398f821de3816754a2d,true,/cpfs/user/zhuzihou/assets/dedup_workspaces/test0_transitive_apply_parallel/dataset/GRScenes_assets/bottle/e903b243d6d67fb2cf4d3da9a9e159ec/right.png
bottle,e9201e219d1075a33da904dc9ca66963,front,ok,0.428516,474,274,0.495438,474,4a7641858860b2234a56ec14aef605de59ae83b1b806a047e6aa645adb82d3c7,true,/cpfs/user/zhuzihou/assets/dedup_workspaces/test0_transitive_apply_parallel/dataset/GRScenes_assets/bottle/e9201e219d1075a33da904dc9ca66963/front.png
bottle,e9201e219d1075a33da904dc9ca66963,left,ok,0.407013,354,379,0.511803,379,0f62ecb6984c4a57c4d70c830d9bda3864a6ca670ebd3e78ed01524b8741f5f6,true,/cpfs/user/zhuzihou/assets/dedup_workspaces/test0_transitive_apply_parallel/dataset/GRScenes_assets/bottle/e9201e219d1075a33da904dc9ca66963/left.png
bottle,e9201e219d1075a33da904dc9ca66963,back,ok,0.433033,474,274,0.495438,474,8578089a01d6ab26528fffc4c6922001a8e3a4263ea958d2f05866f55d0043c9,true,/cpfs/user/zhuzihou/assets/dedup_workspaces/test0_transitive_apply_parallel/dataset/GRScenes_assets/bottle/e9201e219d1075a33da904dc9ca66963/back.png
bottle,e9201e219d1075a33da904dc9ca66963,right,ok,0.357044,324,370,0.457306,370,2b785d221c5db86d62f175bd7e33ec4ca5aa2430833346547d23e953a08db5a1,true,/cpfs/user/zhuzihou/assets/dedup_workspaces/test0_transitive_apply_parallel/dataset/GRScenes_assets/bottle/e9201e219d1075a33da904dc9ca66963/right.png
bottle,e99bd408265b9d8a8a7c112cfac1c1db,front,ok,0.185192,468,121,0.216019,468,9cb2cf01c848250527873e7c6b2784995413bd38d1050a3a202b81cbfbb1861e,true,/cpfs/user/zhuzihou/assets/dedup_workspaces/test0_transitive_apply_parallel/dataset/GRScenes_assets/bottle/e99bd408265b9d8a8a7c112cfac1c1db/front.png
bottle,e99bd408265b9d8a8a7c112cfac1c1db,left,ok,0.177795,188,351,0.251724,351,dad55fdff9a9a9b502286b1c5067e437427a0d5d8bb15fc3e3fa2c095491abda,true,/cpfs/user/zhuzihou/assets/dedup_workspaces/test0_transitive_apply_parallel/dataset/GRScenes_assets/bottle/e99bd408265b9d8a8a7c112cfac1c1db/left.png
bottle,e99bd408265b9d8a8a7c112cfac1c1db,back,ok,0.185280,468,121,0.216019,468,a788c68b3c5b9bcc84c589571eda479e46a0cfc01a87c866a75b1aa545211410,true,/cpfs/user/zhuzihou/assets/dedup_workspaces/test0_transitive_apply_parallel/dataset/GRScenes_assets/bottle/e99bd408265b9d8a8a7c112cfac1c1db/back.png
bottle,e99bd408265b9d8a8a7c112cfac1c1db,right,ok,0.134014,126,349,0.167747,349,c605a5b7686e3275fd883a94770062015a168f227b740806b18c938bb9ec4c00,true,/cpfs/user/zhuzihou/assets/dedup_workspaces/test0_transitive_apply_parallel/dataset/GRScenes_assets/bottle/e99bd408265b9d8a8a7c112cfac1c1db/right.png
bottle,e9a435c4bcbc21518461d7a43176a321,front,ok,0.176804,464,102,0.180542,464,ecabe37b3f9ce86c568e329e0f8934d1b88612787b25a16d01689d16766b3ae9,true,/cpfs/user/zhuzihou/assets/dedup_workspaces/test0_transitive_apply_parallel/dataset/GRScenes_assets/bottle/e9a435c4bcbc21518461d7a43176a321/front.png
bottle,e9a435c4bcbc21518461d7a43176a321,left,ok,0.139149,153,365,0.213032,365,7b674d77a4054b55d90b645153fd64c4d9e943b8636465b1308b604b0f47b02f,true,/cpfs/user/zhuzihou/assets/dedup_workspaces/test0_transitive_apply_parallel/dataset/GRScenes_assets/bottle/e9a435c4bcbc21518461d7a43176a321/left.png
bottle,e9a435c4bcbc21518461d7a43176a321,back,ok,0.138405,487,102,0.189491,487,60412ca7df34f0722a72ef17b9a7f70a0e38a5888b3bbb6ab89ba7aa971a9edc,true,/cpfs/user/zhuzihou/assets/dedup_workspaces/test0_transitive_apply_parallel/dataset/GRScenes_assets/bottle/e9a435c4bcbc21518461d7a43176a321/back.png
bottle,e9a435c4bcbc21518461d7a43176a321,right,ok,0.107819,104,365,0.144806,365,2648dc2caa9181d2c289c7be72a746de583a9947ff08fe9152183b5395579a5a,true,/cpfs/user/zhuzihou/assets/dedup_workspaces/test0_transitive_apply_parallel/dataset/GRScenes_assets/bottle/e9a435c4bcbc21518461d7a43176a321/right.png
bottle,ead348f4bcd51a3f91e1b26284283808,front,ok,0.168076,455,120,0.208282,455,fbd6c342e3d974e95db05fef390a85016167730fd7f33e139404bebeaaa83818,true,/cpfs/user/zhuzihou/assets/dedup_workspaces/test0_transitive_apply_parallel/dataset/GRScenes_assets/bottle/ead348f4bcd51a3f91e1b26284283808/front.png
bottle,ead348f4bcd51a3f91e1b26284283808,left,ok,0.135372,146,339,0.188805,339,a261ab5be667e351eb777e668b9bfe38c5dc794a2ab6a4f3a4343023c3d839c3,true,/cpfs/user/zhuzihou/assets/dedup_workspaces/test0_transitive_apply_parallel/dataset/GRScenes_assets/bottle/ead348f4bcd51a3f91e1b26284283808/left.png
bottle,ead348f4bcd51a3f91e1b26284283808,back,ok,0.168762,457,120,0.209198,457,364bfcae01f01c0769b2f48c26c0ba60c1e2f3c541cd7125ef4e069a33d299a3,true,/cpfs/user/zhuzihou/assets/dedup_workspaces/test0_transitive_apply_parallel/dataset/GRScenes_assets/bottle/ead348f4bcd51a3f91e1b26284283808/back.png
bottle,ead348f4bcd51a3f91e1b26284283808,right,ok,0.110451,118,342,0.153946,342,7d7702b5e8dabc77575a35cfda6cbea7bcd3fa48759b6532f325cb880f5f5fda,true,/cpfs/user/zhuzihou/assets/dedup_workspaces/test0_transitive_apply_parallel/dataset/GRScenes_assets/bottle/ead348f4bcd51a3f91e1b26284283808/right.png
bottle,ebf4e7e766cc132abed4f9639305538e,front,ok,0.268810,480,173,0.316772,480,157a42938d8982d6bdeb41e2f822c059821a43fa43f015a3dac17deb11a3c976,true,/cpfs/user/zhuzihou/assets/dedup_workspaces/test0_transitive_apply_parallel/dataset/GRScenes_assets/bottle/ebf4e7e766cc132abed4f9639305538e/front.png
bottle,ebf4e7e766cc132abed4f9639305538e,left,ok,0.283577,292,370,0.412140,370,518a9d08886fb1ae49d5b4f8928e5d9aac65416921d9326e26b2e3a3e817d018,true,/cpfs/user/zhuzihou/assets/dedup_workspaces/test0_transitive_apply_parallel/dataset/GRScenes_assets/bottle/ebf4e7e766cc132abed4f9639305538e/left.png
bottle,ebf4e7e766cc132abed4f9639305538e,back,ok,0.289772,479,173,0.316113,479,bfe7606cbd8fa51f96e689f44cda9a22e93453fb43a2ac7c2eb6e7dc33340665,true,/cpfs/user/zhuzihou/assets/dedup_workspaces/test0_transitive_apply_parallel/dataset/GRScenes_assets/bottle/ebf4e7e766cc132abed4f9639305538e/back.png
bottle,ebf4e7e766cc132abed4f9639305538e,right,ok,0.281368,294,370,0.414963,370,4be3882c068cdac9f45fe1c7f9ae951550e9daeda53b853aa89005fdf2c85541,true,/cpfs/user/zhuzihou/assets/dedup_workspaces/test0_transitive_apply_parallel/dataset/GRScenes_assets/bottle/ebf4e7e766cc132abed4f9639305538e/right.png
bottle,ec7ecdec0482aed17337dadd9a647a45,front,ok,0.186092,458,126,0.220139,458,f64a64f36109d740cb0e49cb43cdb7239886982c40983a6cb7fa6868352fb155,true,/cpfs/user/zhuzihou/assets/dedup_workspaces/test0_transitive_apply_parallel/dataset/GRScenes_assets/bottle/ec7ecdec0482aed17337dadd9a647a45/front.png
bottle,ec7ecdec0482aed17337dadd9a647a45,left,ok,0.177361,188,338,0.242401,338,0faa8fd45195443829da89656e7f0e7e06e66075a8b8219568680c31b8371a50,true,/cpfs/user/zhuzihou/assets/dedup_workspaces/test0_transitive_apply_parallel/dataset/GRScenes_assets/bottle/ec7ecdec0482aed17337dadd9a647a45/left.png
bottle,ec7ecdec0482aed17337dadd9a647a45,back,ok,0.186687,458,126,0.220139,458,08ae8aa3c36439c249c144a466e20b6cb88ee7abc9f33225429d24ba7c91e6d4,true,/cpfs/user/zhuzihou/assets/dedup_workspaces/test0_transitive_apply_parallel/dataset/GRScenes_assets/bottle/ec7ecdec0482aed17337dadd9a647a45/back.png
bottle,ec7ecdec0482aed17337dadd9a647a45,right,ok,0.129536,138,340,0.178986,340,28fc512b6a3e2f27305dbfff8fe2fa04ac2d3fb523171c7ec37c2f6080d36bca,true,/cpfs/user/zhuzihou/assets/dedup_workspaces/test0_transitive_apply_parallel/dataset/GRScenes_assets/bottle/ec7ecdec0482aed17337dadd9a647a45/right.png
bottle,ec8e9425f55616bcb0bdaee0efd6a2b9,front,ok,0.173588,462,134,0.236160,462,bfc4ea3114e2231ef726a226bac0362b39430c4a38c1d52afad57d6cc9ea0d05,true,/cpfs/user/zhuzihou/assets/dedup_workspaces/test0_transitive_apply_parallel/dataset/GRScenes_assets/bottle/ec8e9425f55616bcb0bdaee0efd6a2b9/front.png
bottle,ec8e9425f55616bcb0bdaee0efd6a2b9,left,ok,0.175373,196,358,0.267670,358,a5a8ecef59668bd299111bee9bf37c806bbc604915ab4a753240bb5082e713f0,true,/cpfs/user/zhuzihou/assets/dedup_workspaces/test0_transitive_apply_parallel/dataset/GRScenes_assets/bottle/ec8e9425f55616bcb0bdaee0efd6a2b9/left.png
bottle,ec8e9425f55616bcb0bdaee0efd6a2b9,back,ok,0.175346,462,134,0.236160,462,703aea4b28b4ce84b29a45c37a1445eddfac9ef7ef793a2d5bf11b9c4c68d1bf,true,/cpfs/user/zhuzihou/assets/dedup_workspaces/test0_transitive_apply_parallel/dataset/GRScenes_assets/bottle/ec8e9425f55616bcb0bdaee0efd6a2b9/back.png
bottle,ec8e9425f55616bcb0bdaee0efd6a2b9,right,ok,0.140625,154,344,0.202087,344,0cbe17bf69119ba1313cc0f83104fc96035d82bb8a644c6385f19d452bdf2650,true,/cpfs/user/zhuzihou/assets/dedup_workspaces/test0_transitive_apply_parallel/dataset/GRScenes_assets/bottle/ec8e9425f55616bcb0bdaee0efd6a2b9/right.png
bottle,ed3c3839b43a96c1975bcb51a72e65e6,front,ok,0.428516,474,274,0.495438,474,35399854035089e340660215f3d055decdf06b160a0ea85e3029920d2b855b5b,true,/cpfs/user/zhuzihou/assets/dedup_workspaces/test0_transitive_apply_parallel/dataset/GRScenes_assets/bottle/ed3c3839b43a96c1975bcb51a72e65e6/front.png
bottle,ed3c3839b43a96c1975bcb51a72e65e6,left,ok,0.407013,354,379,0.511803,379,4bbdac52b941ba539bd4a55fb6a807f07a0ba9e8b8c7cb7cd3b8a78bd1404ecb,true,/cpfs/user/zhuzihou/assets/dedup_workspaces/test0_transitive_apply_parallel/dataset/GRScenes_assets/bottle/ed3c3839b43a96c1975bcb51a72e65e6/left.png
bottle,ed3c3839b43a96c1975bcb51a72e65e6,back,ok,0.433033,474,274,0.495438,474,bac441fcaa5adb86892d65152c0bc880a379b39b87012a20ec01f45460aa9b92,true,/cpfs/user/zhuzihou/assets/dedup_workspaces/test0_transitive_apply_parallel/dataset/GRScenes_assets/bottle/ed3c3839b43a96c1975bcb51a72e65e6/back.png
bottle,ed3c3839b43a96c1975bcb51a72e65e6,right,ok,0.357044,324,370,0.457306,370,66132582fb8b8892491b82934e2d65ab906641e0abcd6561e4c72e43059393c4,true,/cpfs/user/zhuzihou/assets/dedup_workspaces/test0_transitive_apply_parallel/dataset/GRScenes_assets/bottle/ed3c3839b43a96c1975bcb51a72e65e6/right.png
bottle,ed712daa33f31b661115a627855bef43,front,ok,0.264351,344,255,0.334625,344,a8be1a7183587245f250895ff17de51086781b5a7d421ab85fd5be6439a580e9,true,/cpfs/user/zhuzihou/assets/dedup_workspaces/test0_transitive_apply_parallel/dataset/GRScenes_assets/bottle/ed712daa33f31b661115a627855bef43/front.png
bottle,ed712daa33f31b661115a627855bef43,left,ok,0.266907,293,319,0.356548,319,3701bc77f4e1572c71e089c02805065b31bf5a35f3c20fccc46802e1e1c641f1,true,/cpfs/user/zhuzihou/assets/dedup_workspaces/test0_transitive_apply_parallel/dataset/GRScenes_assets/bottle/ed712daa33f31b661115a627855bef43/left.png
bottle,ed712daa33f31b661115a627855bef43,back,ok,0.315891,387,239,0.352833,387,4c947e55b1a3c74fe5bc5d44901c778a508f864a89198c8f48d074c36a59c3c4,true,/cpfs/user/zhuzihou/assets/dedup_workspaces/test0_transitive_apply_parallel/dataset/GRScenes_assets/bottle/ed712daa33f31b661115a627855bef43/back.png
bottle,ed712daa33f31b661115a627855bef43,right,ok,0.250576,315,328,0.394135,328,4e498fafa1294a54a028141ee0ee3f5a1607628fc4ef9890fc565a6b6079ed49,true,/cpfs/user/zhuzihou/assets/dedup_workspaces/test0_transitive_apply_parallel/dataset/GRScenes_assets/bottle/ed712daa33f31b661115a627855bef43/right.png
bottle,f16797f459ae033ce0fa7eff23c7b995,front,ok,0.199745,460,117,0.205307,460,53de1faf9d523a87da88854d0178775b265e267277bbc07c590172b948f89a87,true,/cpfs/user/zhuzihou/assets/dedup_workspaces/test0_transitive_apply_parallel/dataset/GRScenes_assets/bottle/f16797f459ae033ce0fa7eff23c7b995/front.png
bottle,f16797f459ae033ce0fa7eff23c7b995,left,ok,0.156178,172,368,0.241455,368,53ea503581efca3251e1289e88082900078960c9f1cb825be152d50ac693bbc4,true,/cpfs/user/zhuzihou/assets/dedup_workspaces/test0_transitive_apply_parallel/dataset/GRScenes_assets/bottle/f16797f459ae033ce0fa7eff23c7b995/left.png
bottle,f16797f459ae033ce0fa7eff23c7b995,back,ok,0.151173,487,116,0.215500,487,f9b717cb43fbbfc3470269a157a2ebe266ea6cd9f1211801fece647a3bc434ab,true,/cpfs/user/zhuzihou/assets/dedup_workspaces/test0_transitive_apply_parallel/dataset/GRScenes_assets/bottle/f16797f459ae033ce0fa7eff23c7b995/back.png
bottle,f16797f459ae033ce0fa7eff23c7b995,right,ok,0.118050,114,370,0.160904,370,85ccd18997c76ee39f91445e42a8955f71ce4c5e3dde43922ee3cd47e2240a83,true,/cpfs/user/zhuzihou/assets/dedup_workspaces/test0_transitive_apply_parallel/dataset/GRScenes_assets/bottle/f16797f459ae033ce0fa7eff23c7b995/right.png
bottle,f3e1253ef297c9d03bc15c7308fc3e43,front,ok,0.179184,460,121,0.212326,460,1c930015b61a6c08a81a399f29812ba8a1f365ab9d049989a41510c087d05fe8,true,/cpfs/user/zhuzihou/assets/dedup_workspaces/test0_transitive_apply_parallel/dataset/GRScenes_assets/bottle/f3e1253ef297c9d03bc15c7308fc3e43/front.png
bottle,f3e1253ef297c9d03bc15c7308fc3e43,left,ok,0.177753,192,336,0.246094,336,6a441384f9c9e7d19a9bce3e6c7cbf07e074a74ec48861c21d4bb41a1f2efc4a,true,/cpfs/user/zhuzihou/assets/dedup_workspaces/test0_transitive_apply_parallel/dataset/GRScenes_assets/bottle/f3e1253ef297c9d03bc15c7308fc3e43/left.png
bottle,f3e1253ef297c9d03bc15c7308fc3e43,back,ok,0.179482,460,121,0.212326,460,714d25339cdd5c86074d40864e92f12d7adf1fb05a92f2c1ec1fcaf31ce5d249,true,/cpfs/user/zhuzihou/assets/dedup_workspaces/test0_transitive_apply_parallel/dataset/GRScenes_assets/bottle/f3e1253ef297c9d03bc15c7308fc3e43/back.png
bottle,f3e1253ef297c9d03bc15c7308fc3e43,right,ok,0.130013,140,337,0.179977,337,00322afbceb459e7d99c6f62c900d41f73bde67005f05dbafc6434a9816d726f,true,/cpfs/user/zhuzihou/assets/dedup_workspaces/test0_transitive_apply_parallel/dataset/GRScenes_assets/bottle/f3e1253ef297c9d03bc15c7308fc3e43/right.png
bottle,f56013b96d2fe8322bcb47ef7f2c2208,front,ok,0.355106,450,217,0.372505,450,22acf245890093557e51938a46c54ad6549f6cd164e74e568e5a4a2ab82f30af,true,/cpfs/user/zhuzihou/assets/dedup_workspaces/test0_transitive_apply_parallel/dataset/GRScenes_assets/bottle/f56013b96d2fe8322bcb47ef7f2c2208/front.png
bottle,f56013b96d2fe8322bcb47ef7f2c2208,left,ok,0.322075,308,381,0.447647,381,91ae20f851eb1cbf29c35c4fc1a4bb41d569a2fb5ddf7f9428b3f181ab2cb729,true,/cpfs/user/zhuzihou/assets/dedup_workspaces/test0_transitive_apply_parallel/dataset/GRScenes_assets/bottle/f56013b96d2fe8322bcb47ef7f2c2208/left.png
bottle,f56013b96d2fe8322bcb47ef7f2c2208,back,ok,0.354027,450,217,0.372505,450,acd8523c779e6d2b31223eb6ef8bdfaffcf05bc196f83a36b3ddf682133a3efd,true,/cpfs/user/zhuzihou/assets/dedup_workspaces/test0_transitive_apply_parallel/dataset/GRScenes_assets/bottle/f56013b96d2fe8322bcb47ef7f2c2208/back.png
bottle,f56013b96d2fe8322bcb47ef7f2c2208,right,ok,0.276714,308,381,0.447647,381,5883fca73f5bb8b65a93ea01ed567c0e6191a97b41c6934c84480cf0a09f2b01,true,/cpfs/user/zhuzihou/assets/dedup_workspaces/test0_transitive_apply_parallel/dataset/GRScenes_assets/bottle/f56013b96d2fe8322bcb47ef7f2c2208/right.png
bottle,f5b2c91ba3be70433e6458df7b1fe513,front,ok,0.227325,453,191,0.330059,453,dbfd4f292f2f35f4a58081628a7ebf83152c6b54c2f234ee21623e6e56272f35,true,/cpfs/user/zhuzihou/assets/dedup_workspaces/test0_transitive_apply_parallel/dataset/GRScenes_assets/bottle/f5b2c91ba3be70433e6458df7b1fe513/front.png
bottle,f5b2c91ba3be70433e6458df7b1fe513,left,ok,0.142643,126,366,0.175919,366,2f538ea331eff395d3b69c0ff60334ad30f153245189f6977b4bf8e324b23818,true,/cpfs/user/zhuzihou/assets/dedup_workspaces/test0_transitive_apply_parallel/dataset/GRScenes_assets/bottle/f5b2c91ba3be70433e6458df7b1fe513/left.png
bottle,f5b2c91ba3be70433e6458df7b1fe513,back,ok,0.227459,453,191,0.330059,453,8fc72d6e957be082ff986d52b8d7230ab0be2ff141ff8001f35f4282c1447d1c,true,/cpfs/user/zhuzihou/assets/dedup_workspaces/test0_transitive_apply_parallel/dataset/GRScenes_assets/bottle/f5b2c91ba3be70433e6458df7b1fe513/back.png
bottle,f5b2c91ba3be70433e6458df7b1fe513,right,ok,0.099602,82,390,0.121994,390,0d17a66adb4e5ec36d4aa500e176cb47ad453cfe710b73e6684e13be16f78b59,true,/cpfs/user/zhuzihou/assets/dedup_workspaces/test0_transitive_apply_parallel/dataset/GRScenes_assets/bottle/f5b2c91ba3be70433e6458df7b1fe513/right.png
bottle,f5b4c7a9efbe87ed7f4c08dab82fa992,front,ok,0.154167,441,114,0.191780,441,d4d8883e7fe426cb112fdcd9f9c256ea7f2516678d36f93729189e1ceba33785,true,/cpfs/user/zhuzihou/assets/dedup_workspaces/test0_transitive_apply_parallel/dataset/GRScenes_assets/bottle/f5b4c7a9efbe87ed7f4c08dab82fa992/front.png
bottle,f5b4c7a9efbe87ed7f4c08dab82fa992,left,ok,0.089211,268,265,0.270920,268,2eda9014e3807a3fba18eee0148d6293b91e15818ecf6803281e2631f74d3bbe,true,/cpfs/user/zhuzihou/assets/dedup_workspaces/test0_transitive_apply_parallel/dataset/GRScenes_assets/bottle/f5b4c7a9efbe87ed7f4c08dab82fa992/left.png
bottle,f5b4c7a9efbe87ed7f4c08dab82fa992,back,ok,0.087566,377,248,0.356659,377,5c61371bb8dd222fe8c35af7d6341c6ee7b22286677518ce7d9f3551aa13eda6,true,/cpfs/user/zhuzihou/assets/dedup_workspaces/test0_transitive_apply_parallel/dataset/GRScenes_assets/bottle/f5b4c7a9efbe87ed7f4c08dab82fa992/back.png
bottle,f5b4c7a9efbe87ed7f4c08dab82fa992,right,ok,0.069981,313,326,0.389244,326,c647bb6e5fc32309fdcbc804f8552e3a3c35c83fe0d1e5cc4bc067c9ec27f0fa,true,/cpfs/user/zhuzihou/assets/dedup_workspaces/test0_transitive_apply_parallel/dataset/GRScenes_assets/bottle/f5b4c7a9efbe87ed7f4c08dab82fa992/right.png
bottle,f6ce756d51afc11a19aba92359300cf0,front,ok,0.157516,474,113,0.204323,474,a09394a91b61aa39d52b8eb49b6420bd843503d43470de2df43c781f8283322f,true,/cpfs/user/zhuzihou/assets/dedup_workspaces/test0_transitive_apply_parallel/dataset/GRScenes_assets/bottle/f6ce756d51afc11a19aba92359300cf0/front.png
bottle,f6ce756d51afc11a19aba92359300cf0,left,ok,0.167976,181,354,0.244423,354,00afe3855990dd703b323ba13d5b4c5887f6661a9e579d8ec4841661aaca98dd,true,/cpfs/user/zhuzihou/assets/dedup_workspaces/test0_transitive_apply_parallel/dataset/GRScenes_assets/bottle/f6ce756d51afc11a19aba92359300cf0/left.png
bottle,f6ce756d51afc11a19aba92359300cf0,back,ok,0.164974,472,114,0.205261,472,638be883513fd6dd6cce06f40bdee7acba8ca436494182923fdb6ca846ccc9ba,true,/cpfs/user/zhuzihou/assets/dedup_workspaces/test0_transitive_apply_parallel/dataset/GRScenes_assets/bottle/f6ce756d51afc11a19aba92359300cf0/back.png
bottle,f6ce756d51afc11a19aba92359300cf0,right,ok,0.112701,123,352,0.165161,352,fc0cde912191c884122d1d82b9d6f0c8e35f15064d179c60fae5d42ae6d087fe,true,/cpfs/user/zhuzihou/assets/dedup_workspaces/test0_transitive_apply_parallel/dataset/GRScenes_assets/bottle/f6ce756d51afc11a19aba92359300cf0/right.png
bottle,f908f470ca25944b9da7ae75e43a8c7c,front,ok,0.355106,450,217,0.372505,450,16256b3c51d24878996d030c09616dd3e8dbb46d0bed7c3e6adaaf33d8cc54f4,true,/cpfs/user/zhuzihou/assets/dedup_workspaces/test0_transitive_apply_parallel/dataset/GRScenes_assets/bottle/f908f470ca25944b9da7ae75e43a8c7c/front.png
bottle,f908f470ca25944b9da7ae75e43a8c7c,left,ok,0.322071,308,381,0.447647,381,de961a39e6dcf0e881ed86a6de592dd92eedec016deb5a761c2cd49a7238ba73,true,/cpfs/user/zhuzihou/assets/dedup_workspaces/test0_transitive_apply_parallel/dataset/GRScenes_assets/bottle/f908f470ca25944b9da7ae75e43a8c7c/left.png
bottle,f908f470ca25944b9da7ae75e43a8c7c,back,ok,0.354015,450,217,0.372505,450,f3f7fbfb8c5ea70bf4c68030e2dc36bb8cc28a5f2691c116e851fb43825c5576,true,/cpfs/user/zhuzihou/assets/dedup_workspaces/test0_transitive_apply_parallel/dataset/GRScenes_assets/bottle/f908f470ca25944b9da7ae75e43a8c7c/back.png
bottle,f908f470ca25944b9da7ae75e43a8c7c,right,ok,0.276909,308,381,0.447647,381,085b6590e5f76de2975e19a4d8fa654db8b15218161f81e59d7fa033dec1877b,true,/cpfs/user/zhuzihou/assets/dedup_workspaces/test0_transitive_apply_parallel/dataset/GRScenes_assets/bottle/f908f470ca25944b9da7ae75e43a8c7c/right.png
bottle,f9996c45c70e945ebfdb4c96be57aa55,front,ok,0.354832,450,217,0.372505,450,397f9764a0f08ce0efa06d61dd7774a5a2c8bedc9c81fc4c5684380e1f9fd523,true,/cpfs/user/zhuzihou/assets/dedup_workspaces/test0_transitive_apply_parallel/dataset/GRScenes_assets/bottle/f9996c45c70e945ebfdb4c96be57aa55/front.png
bottle,f9996c45c70e945ebfdb4c96be57aa55,left,ok,0.321793,307,381,0.446194,381,ebc7f58ad207dd5edeed66c596f986e813b4f994a69ca93e8101ded5137fc56e,true,/cpfs/user/zhuzihou/assets/dedup_workspaces/test0_transitive_apply_parallel/dataset/GRScenes_assets/bottle/f9996c45c70e945ebfdb4c96be57aa55/left.png
bottle,f9996c45c70e945ebfdb4c96be57aa55,back,ok,0.354084,450,217,0.372505,450,399a7691af3142d1dc75da2ed589fb9333a7dad46c416d5568fbbe313bfc0784,true,/cpfs/user/zhuzihou/assets/dedup_workspaces/test0_transitive_apply_parallel/dataset/GRScenes_assets/bottle/f9996c45c70e945ebfdb4c96be57aa55/back.png
bottle,f9996c45c70e945ebfdb4c96be57aa55,right,ok,0.318859,307,381,0.446194,381,b3f45335b1261cf23343965b58b08044beb2d20ba1b1fb1e8b0d6c7239ecce54,true,/cpfs/user/zhuzihou/assets/dedup_workspaces/test0_transitive_apply_parallel/dataset/GRScenes_assets/bottle/f9996c45c70e945ebfdb4c96be57aa55/right.png
bottle,fcc544a492adb11cf62a77b51f9b6702,front,ok,0.265995,480,152,0.278320,480,00ed4abb2330be852b7dc8cdfb13a0f45bb222216aaa08c80c9be90702e14dbf,true,/cpfs/user/zhuzihou/assets/dedup_workspaces/test0_transitive_apply_parallel/dataset/GRScenes_assets/bottle/fcc544a492adb11cf62a77b51f9b6702/front.png
bottle,fcc544a492adb11cf62a77b51f9b6702,left,ok,0.231518,226,375,0.323296,375,306e483e8110404b11ac3f56334209ec80e52f4a75d67e3e77292f92151edb4e,true,/cpfs/user/zhuzihou/assets/dedup_workspaces/test0_transitive_apply_parallel/dataset/GRScenes_assets/bottle/fcc544a492adb11cf62a77b51f9b6702/left.png
bottle,fcc544a492adb11cf62a77b51f9b6702,back,ok,0.265957,480,152,0.278320,480,5d11761228a80107a4c3917b9ba397a2a9f39f368b0918886d56515498ff09cb,true,/cpfs/user/zhuzihou/assets/dedup_workspaces/test0_transitive_apply_parallel/dataset/GRScenes_assets/bottle/fcc544a492adb11cf62a77b51f9b6702/back.png
bottle,fcc544a492adb11cf62a77b51f9b6702,right,ok,0.239216,234,380,0.339203,380,759209783af3ff0c718b81997f1a85ac63a88953d56e48042e8fbb7616d11b4d,true,/cpfs/user/zhuzihou/assets/dedup_workspaces/test0_transitive_apply_parallel/dataset/GRScenes_assets/bottle/fcc544a492adb11cf62a77b51f9b6702/right.png
bottle,fd2b8d3bfa680e2236a6083dab3201cc,front,ok,0.185196,468,121,0.216019,468,6da9ff602dbbab33542793b377dacff42c4d22bdd162b01a5e59bce5f7f487e1,true,/cpfs/user/zhuzihou/assets/dedup_workspaces/test0_transitive_apply_parallel/dataset/GRScenes_assets/bottle/fd2b8d3bfa680e2236a6083dab3201cc/front.png
bottle,fd2b8d3bfa680e2236a6083dab3201cc,left,ok,0.177795,188,351,0.251724,351,7507b27b6d85e2635e98852b609b781c736390adf3ab7c39c4b5e9e846dfd914,true,/cpfs/user/zhuzihou/assets/dedup_workspaces/test0_transitive_apply_parallel/dataset/GRScenes_assets/bottle/fd2b8d3bfa680e2236a6083dab3201cc/left.png
bottle,fd2b8d3bfa680e2236a6083dab3201cc,back,ok,0.185303,468,121,0.216019,468,7f4cdc75bada2fd45c4ff2596053f551545e645136b25d069959e263569a0745,true,/cpfs/user/zhuzihou/assets/dedup_workspaces/test0_transitive_apply_parallel/dataset/GRScenes_assets/bottle/fd2b8d3bfa680e2236a6083dab3201cc/back.png
bottle,fd2b8d3bfa680e2236a6083dab3201cc,right,ok,0.134018,126,349,0.167747,349,350150df501bd98c640d8830441d6bc1bb357db9e0738d316a187637ead01af1,true,/cpfs/user/zhuzihou/assets/dedup_workspaces/test0_transitive_apply_parallel/dataset/GRScenes_assets/bottle/fd2b8d3bfa680e2236a6083dab3201cc/right.png
bottle,fe9848ae188f3f65c4a935dae29e7072,front,ok,0.133373,464,112,0.198242,464,26c87a7683454f81ab45f31a8675667564ec45190fd59ae2821397492d76574c,true,/cpfs/user/zhuzihou/assets/dedup_workspaces/test0_transitive_apply_parallel/dataset/GRScenes_assets/bottle/fe9848ae188f3f65c4a935dae29e7072/front.png
bottle,fe9848ae188f3f65c4a935dae29e7072,left,ok,0.130329,162,337,0.208260,337,55c03638919556e3af3164d4491ea96a6fc8a66bf93d45911cc52d21beaac59a,true,/cpfs/user/zhuzihou/assets/dedup_workspaces/test0_transitive_apply_parallel/dataset/GRScenes_assets/bottle/fe9848ae188f3f65c4a935dae29e7072/left.png
bottle,fe9848ae188f3f65c4a935dae29e7072,back,ok,0.136295,453,113,0.195271,453,24f51646beca134345ee47ac966445edf81185df295d31ff0d70bf9d6df64889,true,/cpfs/user/zhuzihou/assets/dedup_workspaces/test0_transitive_apply_parallel/dataset/GRScenes_assets/bottle/fe9848ae188f3f65c4a935dae29e7072/back.png
bottle,fe9848ae188f3f65c4a935dae29e7072,right,ok,0.073212,112,350,0.149536,350,f7bc475285c13c70682fd97f7910d7afc579a764dc2613ceb3bbea6575c3d37b,true,/cpfs/user/zhuzihou/assets/dedup_workspaces/test0_transitive_apply_parallel/dataset/GRScenes_assets/bottle/fe9848ae188f3f65c4a935dae29e7072/right.png
