category,uid,historical_class,pre_residual_current_class,post_residual_current_class,post_residual_best_fg_ratio,post_residual_best_bbox_area_ratio,post_residual_best_max_dim,post_residual_view_classes,asset_dir,usd_path
blanket,01cfa185cce70a8f0e7b2f2a772afdad,suspicious,suspicious,suspicious,0.027126,0.047836,165,ok;ok;blank;tiny,/cpfs/user/zhuzihou/assets/dedup_workspaces/test0_transitive_apply_parallel/dataset/GRScenes_assets/blanket/01cfa185cce70a8f0e7b2f2a772afdad,/cpfs/user/zhuzihou/assets/dedup_workspaces/test0_transitive_apply_parallel/dataset/GRScenes_assets/blanket/01cfa185cce70a8f0e7b2f2a772afdad/usd/01cfa185cce70a8f0e7b2f2a772afdad.usd
blanket,15425b5d6cd8d57b29d0c369b649d02f,suspicious,suspicious,suspicious,0.081551,0.163544,233,ok;ok;tiny;ok,/cpfs/user/zhuzihou/assets/dedup_workspaces/test0_transitive_apply_parallel/dataset/GRScenes_assets/blanket/15425b5d6cd8d57b29d0c369b649d02f,/cpfs/user/zhuzihou/assets/dedup_workspaces/test0_transitive_apply_parallel/dataset/GRScenes_assets/blanket/15425b5d6cd8d57b29d0c369b649d02f/usd/15425b5d6cd8d57b29d0c369b649d02f.usd
blanket,1eef697311272f22d1c8e93d5acd1d22,suspicious,suspicious,suspicious,0.028732,0.074005,194,ok;blank;ok;ok,/cpfs/user/zhuzihou/assets/dedup_workspaces/test0_transitive_apply_parallel/dataset/GRScenes_assets/blanket/1eef697311272f22d1c8e93d5acd1d22,/cpfs/user/zhuzihou/assets/dedup_workspaces/test0_transitive_apply_parallel/dataset/GRScenes_assets/blanket/1eef697311272f22d1c8e93d5acd1d22/usd/1eef697311272f22d1c8e93d5acd1d22.usd
blanket,4aa43bb780f40608b6f63ee1789be35e,suspicious,suspicious,suspicious,0.032902,0.106979,171,blank;blank;ok;ok,/cpfs/user/zhuzihou/assets/dedup_workspaces/test0_transitive_apply_parallel/dataset/GRScenes_assets/blanket/4aa43bb780f40608b6f63ee1789be35e,/cpfs/user/zhuzihou/assets/dedup_workspaces/test0_transitive_apply_parallel/dataset/GRScenes_assets/blanket/4aa43bb780f40608b6f63ee1789be35e/usd/4aa43bb780f40608b6f63ee1789be35e.usd
blanket,ce07e0ed27b043d97ccf18644c26a8bb,suspicious,suspicious,suspicious,0.035095,0.067852,174,tiny;ok;ok;ok,/cpfs/user/zhuzihou/assets/dedup_workspaces/test0_transitive_apply_parallel/dataset/GRScenes_assets/blanket/ce07e0ed27b043d97ccf18644c26a8bb,/cpfs/user/zhuzihou/assets/dedup_workspaces/test0_transitive_apply_parallel/dataset/GRScenes_assets/blanket/ce07e0ed27b043d97ccf18644c26a8bb/usd/ce07e0ed27b043d97ccf18644c26a8bb.usd
book,013e321e890b4055634af9ea1834f395,suspicious,suspicious,suspicious,0.153240,0.174820,268,ok;ok;blank;ok,/cpfs/user/zhuzihou/assets/dedup_workspaces/test0_transitive_apply_parallel/dataset/GRScenes_assets/book/013e321e890b4055634af9ea1834f395,/cpfs/user/zhuzihou/assets/dedup_workspaces/test0_transitive_apply_parallel/dataset/GRScenes_assets/book/013e321e890b4055634af9ea1834f395/usd/013e321e890b4055634af9ea1834f395.usd
book,0e9306661d3dd7a3b6d432b5e41b92c2,suspicious,suspicious,suspicious,0.112568,0.123955,232,ok;ok;ok;blank,/cpfs/user/zhuzihou/assets/dedup_workspaces/test0_transitive_apply_parallel/dataset/GRScenes_assets/book/0e9306661d3dd7a3b6d432b5e41b92c2,/cpfs/user/zhuzihou/assets/dedup_workspaces/test0_transitive_apply_parallel/dataset/GRScenes_assets/book/0e9306661d3dd7a3b6d432b5e41b92c2/usd/0e9306661d3dd7a3b6d432b5e41b92c2.usd
book,0eaace3c6dca5431e60660cbe29d288c,suspicious,suspicious,suspicious,0.224964,0.250137,338,ok;blank;ok;ok,/cpfs/user/zhuzihou/assets/dedup_workspaces/test0_transitive_apply_parallel/dataset/GRScenes_assets/book/0eaace3c6dca5431e60660cbe29d288c,/cpfs/user/zhuzihou/assets/dedup_workspaces/test0_transitive_apply_parallel/dataset/GRScenes_assets/book/0eaace3c6dca5431e60660cbe29d288c/usd/0eaace3c6dca5431e60660cbe29d288c.usd
book,10bd2369ce0ab94aa6be5f93223a733d,suspicious,suspicious,suspicious,1.000000,1.000000,512,ok;blank;ok;blank,/cpfs/user/zhuzihou/assets/dedup_workspaces/test0_transitive_apply_parallel/dataset/GRScenes_assets/book/10bd2369ce0ab94aa6be5f93223a733d,/cpfs/user/zhuzihou/assets/dedup_workspaces/test0_transitive_apply_parallel/dataset/GRScenes_assets/book/10bd2369ce0ab94aa6be5f93223a733d/usd/10bd2369ce0ab94aa6be5f93223a733d.usd
book,1ee325d6c89d8c4ccd94852d237fd6ca,suspicious,suspicious,suspicious,0.055840,0.147926,281,ok;ok;blank;blank,/cpfs/user/zhuzihou/assets/dedup_workspaces/test0_transitive_apply_parallel/dataset/GRScenes_assets/book/1ee325d6c89d8c4ccd94852d237fd6ca,/cpfs/user/zhuzihou/assets/dedup_workspaces/test0_transitive_apply_parallel/dataset/GRScenes_assets/book/1ee325d6c89d8c4ccd94852d237fd6ca/usd/1ee325d6c89d8c4ccd94852d237fd6ca.usd
book,2362f0ad99e0727df4bc72491507d1bb,suspicious,suspicious,suspicious,0.133816,0.147400,240,ok;blank;blank;blank,/cpfs/user/zhuzihou/assets/dedup_workspaces/test0_transitive_apply_parallel/dataset/GRScenes_assets/book/2362f0ad99e0727df4bc72491507d1bb,/cpfs/user/zhuzihou/assets/dedup_workspaces/test0_transitive_apply_parallel/dataset/GRScenes_assets/book/2362f0ad99e0727df4bc72491507d1bb/usd/2362f0ad99e0727df4bc72491507d1bb.usd
book,257b7fb3d67e06f29d85c1185b3cf0b5,suspicious,suspicious,suspicious,0.052067,0.064941,266,ok;tiny;blank;tiny,/cpfs/user/zhuzihou/assets/dedup_workspaces/test0_transitive_apply_parallel/dataset/GRScenes_assets/book/257b7fb3d67e06f29d85c1185b3cf0b5,/cpfs/user/zhuzihou/assets/dedup_workspaces/test0_transitive_apply_parallel/dataset/GRScenes_assets/book/257b7fb3d67e06f29d85c1185b3cf0b5/usd/257b7fb3d67e06f29d85c1185b3cf0b5.usd
book,29a9a63b73e42376cb1c65d7bd1e22a6,suspicious,suspicious,suspicious,0.156967,0.174408,254,blank;blank;ok;blank,/cpfs/user/zhuzihou/assets/dedup_workspaces/test0_transitive_apply_parallel/dataset/GRScenes_assets/book/29a9a63b73e42376cb1c65d7bd1e22a6,/cpfs/user/zhuzihou/assets/dedup_workspaces/test0_transitive_apply_parallel/dataset/GRScenes_assets/book/29a9a63b73e42376cb1c65d7bd1e22a6/usd/29a9a63b73e42376cb1c65d7bd1e22a6.usd
book,2a772f61c078e160041890245cf703ed,suspicious,suspicious,suspicious,0.117908,0.120029,242,ok;ok;ok;blank,/cpfs/user/zhuzihou/assets/dedup_workspaces/test0_transitive_apply_parallel/dataset/GRScenes_assets/book/2a772f61c078e160041890245cf703ed,/cpfs/user/zhuzihou/assets/dedup_workspaces/test0_transitive_apply_parallel/dataset/GRScenes_assets/book/2a772f61c078e160041890245cf703ed/usd/2a772f61c078e160041890245cf703ed.usd
book,31299a20de924beac96a4035daa058f5,suspicious,suspicious,suspicious,0.149002,0.166550,236,ok;blank;blank;blank,/cpfs/user/zhuzihou/assets/dedup_workspaces/test0_transitive_apply_parallel/dataset/GRScenes_assets/book/31299a20de924beac96a4035daa058f5,/cpfs/user/zhuzihou/assets/dedup_workspaces/test0_transitive_apply_parallel/dataset/GRScenes_assets/book/31299a20de924beac96a4035daa058f5/usd/31299a20de924beac96a4035daa058f5.usd
book,448a562bda95d7e3e8283e31ee8104f2,suspicious,suspicious,suspicious,0.157486,0.174820,268,ok;ok;blank;ok,/cpfs/user/zhuzihou/assets/dedup_workspaces/test0_transitive_apply_parallel/dataset/GRScenes_assets/book/448a562bda95d7e3e8283e31ee8104f2,/cpfs/user/zhuzihou/assets/dedup_workspaces/test0_transitive_apply_parallel/dataset/GRScenes_assets/book/448a562bda95d7e3e8283e31ee8104f2/usd/448a562bda95d7e3e8283e31ee8104f2.usd
book,480cae8dd67b6ea200592afb32a5f55d,suspicious,suspicious,suspicious,0.146275,0.160828,248,blank;blank;ok;blank,/cpfs/user/zhuzihou/assets/dedup_workspaces/test0_transitive_apply_parallel/dataset/GRScenes_assets/book/480cae8dd67b6ea200592afb32a5f55d,/cpfs/user/zhuzihou/assets/dedup_workspaces/test0_transitive_apply_parallel/dataset/GRScenes_assets/book/480cae8dd67b6ea200592afb32a5f55d/usd/480cae8dd67b6ea200592afb32a5f55d.usd
book,5703097310907282bdcd49227527575f,suspicious,suspicious,suspicious,0.174713,0.190887,278,ok;blank;ok;ok,/cpfs/user/zhuzihou/assets/dedup_workspaces/test0_transitive_apply_parallel/dataset/GRScenes_assets/book/5703097310907282bdcd49227527575f,/cpfs/user/zhuzihou/assets/dedup_workspaces/test0_transitive_apply_parallel/dataset/GRScenes_assets/book/5703097310907282bdcd49227527575f/usd/5703097310907282bdcd49227527575f.usd
book,5f302125870bc9a97d712c42e0a7665f,suspicious,suspicious,suspicious,1.000000,1.000000,512,ok;blank;blank;blank,/cpfs/user/zhuzihou/assets/dedup_workspaces/test0_transitive_apply_parallel/dataset/GRScenes_assets/book/5f302125870bc9a97d712c42e0a7665f,/cpfs/user/zhuzihou/assets/dedup_workspaces/test0_transitive_apply_parallel/dataset/GRScenes_assets/book/5f302125870bc9a97d712c42e0a7665f/usd/5f302125870bc9a97d712c42e0a7665f.usd
book,669c9654ea81579c19b2b98cadea7870,suspicious,suspicious,suspicious,1.000000,1.000000,512,ok;blank;blank;blank,/cpfs/user/zhuzihou/assets/dedup_workspaces/test0_transitive_apply_parallel/dataset/GRScenes_assets/book/669c9654ea81579c19b2b98cadea7870,/cpfs/user/zhuzihou/assets/dedup_workspaces/test0_transitive_apply_parallel/dataset/GRScenes_assets/book/669c9654ea81579c19b2b98cadea7870/usd/669c9654ea81579c19b2b98cadea7870.usd
book,714da201cb8f5f08d4b9b092bc86e43b,suspicious,suspicious,suspicious,0.066818,0.097420,226,ok;ok;blank;ok,/cpfs/user/zhuzihou/assets/dedup_workspaces/test0_transitive_apply_parallel/dataset/GRScenes_assets/book/714da201cb8f5f08d4b9b092bc86e43b,/cpfs/user/zhuzihou/assets/dedup_workspaces/test0_transitive_apply_parallel/dataset/GRScenes_assets/book/714da201cb8f5f08d4b9b092bc86e43b/usd/714da201cb8f5f08d4b9b092bc86e43b.usd
book,790b7effc60ad6ba5f7fc8a955919587,suspicious,suspicious,suspicious,0.134121,0.147400,240,ok;blank;blank;blank,/cpfs/user/zhuzihou/assets/dedup_workspaces/test0_transitive_apply_parallel/dataset/GRScenes_assets/book/790b7effc60ad6ba5f7fc8a955919587,/cpfs/user/zhuzihou/assets/dedup_workspaces/test0_transitive_apply_parallel/dataset/GRScenes_assets/book/790b7effc60ad6ba5f7fc8a955919587/usd/790b7effc60ad6ba5f7fc8a955919587.usd
book,7c901fcc8934f31e48d4b0c4e2406259,suspicious,suspicious,suspicious,0.051727,0.053955,323,ok;blank;ok;ok,/cpfs/user/zhuzihou/assets/dedup_workspaces/test0_transitive_apply_parallel/dataset/GRScenes_assets/book/7c901fcc8934f31e48d4b0c4e2406259,/cpfs/user/zhuzihou/assets/dedup_workspaces/test0_transitive_apply_parallel/dataset/GRScenes_assets/book/7c901fcc8934f31e48d4b0c4e2406259/usd/7c901fcc8934f31e48d4b0c4e2406259.usd
book,7e1e4ee641599a35b6f5d14de18437c5,suspicious,suspicious,suspicious,0.065891,0.099564,225,ok;tiny;ok;ok,/cpfs/user/zhuzihou/assets/dedup_workspaces/test0_transitive_apply_parallel/dataset/GRScenes_assets/book/7e1e4ee641599a35b6f5d14de18437c5,/cpfs/user/zhuzihou/assets/dedup_workspaces/test0_transitive_apply_parallel/dataset/GRScenes_assets/book/7e1e4ee641599a35b6f5d14de18437c5/usd/7e1e4ee641599a35b6f5d14de18437c5.usd
book,84e874fc189dfcfa72863fcca08a7b83,suspicious,suspicious,suspicious,0.133816,0.147400,240,ok;blank;blank;blank,/cpfs/user/zhuzihou/assets/dedup_workspaces/test0_transitive_apply_parallel/dataset/GRScenes_assets/book/84e874fc189dfcfa72863fcca08a7b83,/cpfs/user/zhuzihou/assets/dedup_workspaces/test0_transitive_apply_parallel/dataset/GRScenes_assets/book/84e874fc189dfcfa72863fcca08a7b83/usd/84e874fc189dfcfa72863fcca08a7b83.usd
book,88e627f2b66ef4419336c1c4389a1bd5,suspicious,suspicious,suspicious,0.145176,0.158752,272,blank;blank;ok;blank,/cpfs/user/zhuzihou/assets/dedup_workspaces/test0_transitive_apply_parallel/dataset/GRScenes_assets/book/88e627f2b66ef4419336c1c4389a1bd5,/cpfs/user/zhuzihou/assets/dedup_workspaces/test0_transitive_apply_parallel/dataset/GRScenes_assets/book/88e627f2b66ef4419336c1c4389a1bd5/usd/88e627f2b66ef4419336c1c4389a1bd5.usd
book,8c6c70646d56faef1c55037b5eaf0d42,suspicious,suspicious,suspicious,0.060925,0.071419,253,ok;tiny;blank;tiny,/cpfs/user/zhuzihou/assets/dedup_workspaces/test0_transitive_apply_parallel/dataset/GRScenes_assets/book/8c6c70646d56faef1c55037b5eaf0d42,/cpfs/user/zhuzihou/assets/dedup_workspaces/test0_transitive_apply_parallel/dataset/GRScenes_assets/book/8c6c70646d56faef1c55037b5eaf0d42/usd/8c6c70646d56faef1c55037b5eaf0d42.usd
book,9d072b7b0a024bca7354b5dfa5638c7b,suspicious,suspicious,suspicious,0.467384,0.494141,512,ok;ok;tiny;ok,/cpfs/user/zhuzihou/assets/dedup_workspaces/test0_transitive_apply_parallel/dataset/GRScenes_assets/book/9d072b7b0a024bca7354b5dfa5638c7b,/cpfs/user/zhuzihou/assets/dedup_workspaces/test0_transitive_apply_parallel/dataset/GRScenes_assets/book/9d072b7b0a024bca7354b5dfa5638c7b/usd/9d072b7b0a024bca7354b5dfa5638c7b.usd
book,a1105906d08e432d1ac6908eafd85ed1,blank,blank,blank,0.000778,0.027042,139,blank;blank;blank;blank,/cpfs/user/zhuzihou/assets/dedup_workspaces/test0_transitive_apply_parallel/dataset/GRScenes_assets/book/a1105906d08e432d1ac6908eafd85ed1,/cpfs/user/zhuzihou/assets/dedup_workspaces/test0_transitive_apply_parallel/dataset/GRScenes_assets/book/a1105906d08e432d1ac6908eafd85ed1/usd/a1105906d08e432d1ac6908eafd85ed1.usd
book,af44e33df51783f4557378af8180436b,suspicious,suspicious,suspicious,0.137493,0.149048,264,blank;blank;ok;blank,/cpfs/user/zhuzihou/assets/dedup_workspaces/test0_transitive_apply_parallel/dataset/GRScenes_assets/book/af44e33df51783f4557378af8180436b,/cpfs/user/zhuzihou/assets/dedup_workspaces/test0_transitive_apply_parallel/dataset/GRScenes_assets/book/af44e33df51783f4557378af8180436b/usd/af44e33df51783f4557378af8180436b.usd
book,bf2f755a77072484a95657579b701ae1,suspicious,suspicious,suspicious,0.095844,0.117615,189,ok;ok;ok;blank,/cpfs/user/zhuzihou/assets/dedup_workspaces/test0_transitive_apply_parallel/dataset/GRScenes_assets/book/bf2f755a77072484a95657579b701ae1,/cpfs/user/zhuzihou/assets/dedup_workspaces/test0_transitive_apply_parallel/dataset/GRScenes_assets/book/bf2f755a77072484a95657579b701ae1/usd/bf2f755a77072484a95657579b701ae1.usd
book,ced0ee686de6b8395c339fe3d2c91638,suspicious,suspicious,suspicious,0.137451,0.149918,313,blank;ok;ok;ok,/cpfs/user/zhuzihou/assets/dedup_workspaces/test0_transitive_apply_parallel/dataset/GRScenes_assets/book/ced0ee686de6b8395c339fe3d2c91638,/cpfs/user/zhuzihou/assets/dedup_workspaces/test0_transitive_apply_parallel/dataset/GRScenes_assets/book/ced0ee686de6b8395c339fe3d2c91638/usd/ced0ee686de6b8395c339fe3d2c91638.usd
book,d39cbde3fc5a6ac064f3780568decb90,suspicious,suspicious,suspicious,0.098885,0.206871,493,ok;blank;ok;ok,/cpfs/user/zhuzihou/assets/dedup_workspaces/test0_transitive_apply_parallel/dataset/GRScenes_assets/book/d39cbde3fc5a6ac064f3780568decb90,/cpfs/user/zhuzihou/assets/dedup_workspaces/test0_transitive_apply_parallel/dataset/GRScenes_assets/book/d39cbde3fc5a6ac064f3780568decb90/usd/d39cbde3fc5a6ac064f3780568decb90.usd
book,d78de10cbe6838588870056285117a0c,suspicious,suspicious,suspicious,0.049789,0.081688,249,ok;ok;ok;blank,/cpfs/user/zhuzihou/assets/dedup_workspaces/test0_transitive_apply_parallel/dataset/GRScenes_assets/book/d78de10cbe6838588870056285117a0c,/cpfs/user/zhuzihou/assets/dedup_workspaces/test0_transitive_apply_parallel/dataset/GRScenes_assets/book/d78de10cbe6838588870056285117a0c/usd/d78de10cbe6838588870056285117a0c.usd
book,e6ee5b44a7b23c65df529234efdc4596,suspicious,suspicious,suspicious,0.042912,0.085247,195,ok;tiny;ok;ok,/cpfs/user/zhuzihou/assets/dedup_workspaces/test0_transitive_apply_parallel/dataset/GRScenes_assets/book/e6ee5b44a7b23c65df529234efdc4596,/cpfs/user/zhuzihou/assets/dedup_workspaces/test0_transitive_apply_parallel/dataset/GRScenes_assets/book/e6ee5b44a7b23c65df529234efdc4596/usd/e6ee5b44a7b23c65df529234efdc4596.usd
book,e722db7112b8124a53d6e7fa4d421b1b,suspicious,suspicious,suspicious,0.071602,0.096512,230,ok;ok;blank;ok,/cpfs/user/zhuzihou/assets/dedup_workspaces/test0_transitive_apply_parallel/dataset/GRScenes_assets/book/e722db7112b8124a53d6e7fa4d421b1b,/cpfs/user/zhuzihou/assets/dedup_workspaces/test0_transitive_apply_parallel/dataset/GRScenes_assets/book/e722db7112b8124a53d6e7fa4d421b1b/usd/e722db7112b8124a53d6e7fa4d421b1b.usd
book,f214285c228c194887a699728ebfd56b,suspicious,suspicious,suspicious,0.072258,0.104301,217,tiny;ok;ok;ok,/cpfs/user/zhuzihou/assets/dedup_workspaces/test0_transitive_apply_parallel/dataset/GRScenes_assets/book/f214285c228c194887a699728ebfd56b,/cpfs/user/zhuzihou/assets/dedup_workspaces/test0_transitive_apply_parallel/dataset/GRScenes_assets/book/f214285c228c194887a699728ebfd56b/usd/f214285c228c194887a699728ebfd56b.usd
bottle,0e04babf2311797575ab7bd4578deefd,suspicious,suspicious,suspicious,0.031498,0.042156,404,blank;ok;ok;ok,/cpfs/user/zhuzihou/assets/dedup_workspaces/test0_transitive_apply_parallel/dataset/GRScenes_assets/bottle/0e04babf2311797575ab7bd4578deefd,/cpfs/user/zhuzihou/assets/dedup_workspaces/test0_transitive_apply_parallel/dataset/GRScenes_assets/bottle/0e04babf2311797575ab7bd4578deefd/usd/0e04babf2311797575ab7bd4578deefd.usd
bottle,1a25c61ffb503912bbb615c7a72ce4ad,suspicious,suspicious,suspicious,0.009480,0.057961,142,ok;ok;blank;blank,/cpfs/user/zhuzihou/assets/dedup_workspaces/test0_transitive_apply_parallel/dataset/GRScenes_assets/bottle/1a25c61ffb503912bbb615c7a72ce4ad,/cpfs/user/zhuzihou/assets/dedup_workspaces/test0_transitive_apply_parallel/dataset/GRScenes_assets/bottle/1a25c61ffb503912bbb615c7a72ce4ad/usd/1a25c61ffb503912bbb615c7a72ce4ad.usd
bottle,1a900e94264d9104f45200db6e0b5e5c,suspicious,suspicious,suspicious,0.081623,0.102806,175,ok;blank;blank;blank,/cpfs/user/zhuzihou/assets/dedup_workspaces/test0_transitive_apply_parallel/dataset/GRScenes_assets/bottle/1a900e94264d9104f45200db6e0b5e5c,/cpfs/user/zhuzihou/assets/dedup_workspaces/test0_transitive_apply_parallel/dataset/GRScenes_assets/bottle/1a900e94264d9104f45200db6e0b5e5c/usd/1a900e94264d9104f45200db6e0b5e5c.usd
bottle,1ab14bd12b778a9cec663a05b82c0a5e,suspicious,suspicious,suspicious,0.008694,0.075642,251,tiny;blank;blank;ok,/cpfs/user/zhuzihou/assets/dedup_workspaces/test0_transitive_apply_parallel/dataset/GRScenes_assets/bottle/1ab14bd12b778a9cec663a05b82c0a5e,/cpfs/user/zhuzihou/assets/dedup_workspaces/test0_transitive_apply_parallel/dataset/GRScenes_assets/bottle/1ab14bd12b778a9cec663a05b82c0a5e/usd/1ab14bd12b778a9cec663a05b82c0a5e.usd
bottle,23f1d3ecc9f811bdcd7b4f9a169f9f9f,suspicious,suspicious,suspicious,0.110081,0.131500,248,blank;ok;ok;ok,/cpfs/user/zhuzihou/assets/dedup_workspaces/test0_transitive_apply_parallel/dataset/GRScenes_assets/bottle/23f1d3ecc9f811bdcd7b4f9a169f9f9f,/cpfs/user/zhuzihou/assets/dedup_workspaces/test0_transitive_apply_parallel/dataset/GRScenes_assets/bottle/23f1d3ecc9f811bdcd7b4f9a169f9f9f/usd/23f1d3ecc9f811bdcd7b4f9a169f9f9f.usd
bottle,281458e58c8cfd6961ab19097642dab6,blank,blank,blank,0.000000,0.000000,0,blank;blank;blank;blank,/cpfs/user/zhuzihou/assets/dedup_workspaces/test0_transitive_apply_parallel/dataset/GRScenes_assets/bottle/281458e58c8cfd6961ab19097642dab6,/cpfs/user/zhuzihou/assets/dedup_workspaces/test0_transitive_apply_parallel/dataset/GRScenes_assets/bottle/281458e58c8cfd6961ab19097642dab6/usd/281458e58c8cfd6961ab19097642dab6.usd
bottle,586cc19e9d099cbd7c439498099a1ff3,suspicious,suspicious,suspicious,0.048153,0.072792,240,ok;ok;blank;ok,/cpfs/user/zhuzihou/assets/dedup_workspaces/test0_transitive_apply_parallel/dataset/GRScenes_assets/bottle/586cc19e9d099cbd7c439498099a1ff3,/cpfs/user/zhuzihou/assets/dedup_workspaces/test0_transitive_apply_parallel/dataset/GRScenes_assets/bottle/586cc19e9d099cbd7c439498099a1ff3/usd/586cc19e9d099cbd7c439498099a1ff3.usd
bottle,5a64cccf5b254b6e8ba389f237ddc037,blank,blank,blank,0.000000,0.000000,0,blank;blank;blank;blank,/cpfs/user/zhuzihou/assets/dedup_workspaces/test0_transitive_apply_parallel/dataset/GRScenes_assets/bottle/5a64cccf5b254b6e8ba389f237ddc037,/cpfs/user/zhuzihou/assets/dedup_workspaces/test0_transitive_apply_parallel/dataset/GRScenes_assets/bottle/5a64cccf5b254b6e8ba389f237ddc037/usd/5a64cccf5b254b6e8ba389f237ddc037.usd
bottle,663e729e0847c4faaa43b59b1fbe97f4,blank,blank,blank,0.000000,0.000000,0,blank;blank;blank;blank,/cpfs/user/zhuzihou/assets/dedup_workspaces/test0_transitive_apply_parallel/dataset/GRScenes_assets/bottle/663e729e0847c4faaa43b59b1fbe97f4,/cpfs/user/zhuzihou/assets/dedup_workspaces/test0_transitive_apply_parallel/dataset/GRScenes_assets/bottle/663e729e0847c4faaa43b59b1fbe97f4/usd/663e729e0847c4faaa43b59b1fbe97f4.usd
bottle,7218c60ede56775d76d74bf9a709cd7e,suspicious,suspicious,suspicious,0.092255,0.096119,227,ok;tiny;blank;tiny,/cpfs/user/zhuzihou/assets/dedup_workspaces/test0_transitive_apply_parallel/dataset/GRScenes_assets/bottle/7218c60ede56775d76d74bf9a709cd7e,/cpfs/user/zhuzihou/assets/dedup_workspaces/test0_transitive_apply_parallel/dataset/GRScenes_assets/bottle/7218c60ede56775d76d74bf9a709cd7e/usd/7218c60ede56775d76d74bf9a709cd7e.usd
bottle,77bad505aa99d1f32a1d79256cb865ce,suspicious,suspicious,suspicious,0.002331,0.002594,157,ok;blank;blank;ok,/cpfs/user/zhuzihou/assets/dedup_workspaces/test0_transitive_apply_parallel/dataset/GRScenes_assets/bottle/77bad505aa99d1f32a1d79256cb865ce,/cpfs/user/zhuzihou/assets/dedup_workspaces/test0_transitive_apply_parallel/dataset/GRScenes_assets/bottle/77bad505aa99d1f32a1d79256cb865ce/usd/77bad505aa99d1f32a1d79256cb865ce.usd
bottle,7a234af0035ed9c3e2611b055bac8ed0,suspicious,suspicious,suspicious,0.011505,0.097652,161,blank;ok;blank;blank,/cpfs/user/zhuzihou/assets/dedup_workspaces/test0_transitive_apply_parallel/dataset/GRScenes_assets/bottle/7a234af0035ed9c3e2611b055bac8ed0,/cpfs/user/zhuzihou/assets/dedup_workspaces/test0_transitive_apply_parallel/dataset/GRScenes_assets/bottle/7a234af0035ed9c3e2611b055bac8ed0/usd/7a234af0035ed9c3e2611b055bac8ed0.usd
bottle,7cc0f788de67ff0bef7765944439425f,suspicious,suspicious,suspicious,0.065678,0.107964,214,ok;tiny;ok;ok,/cpfs/user/zhuzihou/assets/dedup_workspaces/test0_transitive_apply_parallel/dataset/GRScenes_assets/bottle/7cc0f788de67ff0bef7765944439425f,/cpfs/user/zhuzihou/assets/dedup_workspaces/test0_transitive_apply_parallel/dataset/GRScenes_assets/bottle/7cc0f788de67ff0bef7765944439425f/usd/7cc0f788de67ff0bef7765944439425f.usd
bottle,99a655969a205e4db8c61f4345d00bdc,blank,blank,blank,0.000000,0.000000,0,blank;blank;blank;blank,/cpfs/user/zhuzihou/assets/dedup_workspaces/test0_transitive_apply_parallel/dataset/GRScenes_assets/bottle/99a655969a205e4db8c61f4345d00bdc,/cpfs/user/zhuzihou/assets/dedup_workspaces/test0_transitive_apply_parallel/dataset/GRScenes_assets/bottle/99a655969a205e4db8c61f4345d00bdc/usd/99a655969a205e4db8c61f4345d00bdc.usd
bottle,a4384eac9e3ef5eeb92e3c3c1b62a1aa,blank,blank,blank,0.000000,0.000000,0,blank;blank;blank;blank,/cpfs/user/zhuzihou/assets/dedup_workspaces/test0_transitive_apply_parallel/dataset/GRScenes_assets/bottle/a4384eac9e3ef5eeb92e3c3c1b62a1aa,/cpfs/user/zhuzihou/assets/dedup_workspaces/test0_transitive_apply_parallel/dataset/GRScenes_assets/bottle/a4384eac9e3ef5eeb92e3c3c1b62a1aa/usd/a4384eac9e3ef5eeb92e3c3c1b62a1aa.usd
bottle,a548c41d13b45e87309b09596bba0b9c,suspicious,suspicious,suspicious,0.096409,0.121544,179,ok;ok;blank;ok,/cpfs/user/zhuzihou/assets/dedup_workspaces/test0_transitive_apply_parallel/dataset/GRScenes_assets/bottle/a548c41d13b45e87309b09596bba0b9c,/cpfs/user/zhuzihou/assets/dedup_workspaces/test0_transitive_apply_parallel/dataset/GRScenes_assets/bottle/a548c41d13b45e87309b09596bba0b9c/usd/a548c41d13b45e87309b09596bba0b9c.usd
bottle,aff77ffc15f24ad66f2bfab57ef966f8,suspicious,suspicious,suspicious,0.070953,0.100891,232,ok;ok;blank;ok,/cpfs/user/zhuzihou/assets/dedup_workspaces/test0_transitive_apply_parallel/dataset/GRScenes_assets/bottle/aff77ffc15f24ad66f2bfab57ef966f8,/cpfs/user/zhuzihou/assets/dedup_workspaces/test0_transitive_apply_parallel/dataset/GRScenes_assets/bottle/aff77ffc15f24ad66f2bfab57ef966f8/usd/aff77ffc15f24ad66f2bfab57ef966f8.usd
bottle,bad2ba50096284fc3134c8179e44d43b,suspicious,suspicious,suspicious,0.063896,0.080421,254,ok;ok;blank;ok,/cpfs/user/zhuzihou/assets/dedup_workspaces/test0_transitive_apply_parallel/dataset/GRScenes_assets/bottle/bad2ba50096284fc3134c8179e44d43b,/cpfs/user/zhuzihou/assets/dedup_workspaces/test0_transitive_apply_parallel/dataset/GRScenes_assets/bottle/bad2ba50096284fc3134c8179e44d43b/usd/bad2ba50096284fc3134c8179e44d43b.usd
bottle,c3f7405a144ff3d62b0a30a6dbfe8017,suspicious,suspicious,suspicious,1.000000,1.000000,512,ok;blank;ok;ok,/cpfs/user/zhuzihou/assets/dedup_workspaces/test0_transitive_apply_parallel/dataset/GRScenes_assets/bottle/c3f7405a144ff3d62b0a30a6dbfe8017,/cpfs/user/zhuzihou/assets/dedup_workspaces/test0_transitive_apply_parallel/dataset/GRScenes_assets/bottle/c3f7405a144ff3d62b0a30a6dbfe8017/usd/c3f7405a144ff3d62b0a30a6dbfe8017.usd
bottle,c4bcfa7fadaee2dc9b569d9b32f97638,suspicious,suspicious,suspicious,0.062531,0.100109,183,ok;blank;ok;ok,/cpfs/user/zhuzihou/assets/dedup_workspaces/test0_transitive_apply_parallel/dataset/GRScenes_assets/bottle/c4bcfa7fadaee2dc9b569d9b32f97638,/cpfs/user/zhuzihou/assets/dedup_workspaces/test0_transitive_apply_parallel/dataset/GRScenes_assets/bottle/c4bcfa7fadaee2dc9b569d9b32f97638/usd/c4bcfa7fadaee2dc9b569d9b32f97638.usd
bottle,c5c0147917c628ed31d56955fd5c479a,suspicious,suspicious,suspicious,0.050793,0.077438,218,blank;ok;ok;ok,/cpfs/user/zhuzihou/assets/dedup_workspaces/test0_transitive_apply_parallel/dataset/GRScenes_assets/bottle/c5c0147917c628ed31d56955fd5c479a,/cpfs/user/zhuzihou/assets/dedup_workspaces/test0_transitive_apply_parallel/dataset/GRScenes_assets/bottle/c5c0147917c628ed31d56955fd5c479a/usd/c5c0147917c628ed31d56955fd5c479a.usd
bottle,c84246080694fb98f3621377b00e6a3e,suspicious,suspicious,suspicious,0.113281,0.113281,512,ok;blank;blank;blank,/cpfs/user/zhuzihou/assets/dedup_workspaces/test0_transitive_apply_parallel/dataset/GRScenes_assets/bottle/c84246080694fb98f3621377b00e6a3e,/cpfs/user/zhuzihou/assets/dedup_workspaces/test0_transitive_apply_parallel/dataset/GRScenes_assets/bottle/c84246080694fb98f3621377b00e6a3e/usd/c84246080694fb98f3621377b00e6a3e.usd
bottle,ca7e4326831ab649de2ff83fc0496e4a,suspicious,suspicious,suspicious,0.988457,1.000000,512,ok;blank;blank;blank,/cpfs/user/zhuzihou/assets/dedup_workspaces/test0_transitive_apply_parallel/dataset/GRScenes_assets/bottle/ca7e4326831ab649de2ff83fc0496e4a,/cpfs/user/zhuzihou/assets/dedup_workspaces/test0_transitive_apply_parallel/dataset/GRScenes_assets/bottle/ca7e4326831ab649de2ff83fc0496e4a/usd/ca7e4326831ab649de2ff83fc0496e4a.usd
bottle,ef71215ed8e5248ce79eef46011851bf,suspicious,suspicious,suspicious,0.095219,0.098694,231,blank;ok;ok;ok,/cpfs/user/zhuzihou/assets/dedup_workspaces/test0_transitive_apply_parallel/dataset/GRScenes_assets/bottle/ef71215ed8e5248ce79eef46011851bf,/cpfs/user/zhuzihou/assets/dedup_workspaces/test0_transitive_apply_parallel/dataset/GRScenes_assets/bottle/ef71215ed8e5248ce79eef46011851bf/usd/ef71215ed8e5248ce79eef46011851bf.usd
bottle,fd3c6106324c8d02ef91f5072a6eb7bc,suspicious,suspicious,suspicious,0.053185,0.065430,256,blank;ok;ok;ok,/cpfs/user/zhuzihou/assets/dedup_workspaces/test0_transitive_apply_parallel/dataset/GRScenes_assets/bottle/fd3c6106324c8d02ef91f5072a6eb7bc,/cpfs/user/zhuzihou/assets/dedup_workspaces/test0_transitive_apply_parallel/dataset/GRScenes_assets/bottle/fd3c6106324c8d02ef91f5072a6eb7bc/usd/fd3c6106324c8d02ef91f5072a6eb7bc.usd
cabinet,0ce144f7d988cb8b375fd331caead792,suspicious,suspicious,suspicious,0.061371,0.119125,289,ok;ok;blank;ok,/cpfs/user/zhuzihou/assets/dedup_workspaces/test0_transitive_apply_parallel/dataset/GRScenes_assets/cabinet/0ce144f7d988cb8b375fd331caead792,/cpfs/user/zhuzihou/assets/dedup_workspaces/test0_transitive_apply_parallel/dataset/GRScenes_assets/cabinet/0ce144f7d988cb8b375fd331caead792/usd/0ce144f7d988cb8b375fd331caead792.usd
cabinet,22e8e82b7e70b24982f17347b49f9cdb,suspicious,suspicious,suspicious,0.128296,0.145844,279,ok;ok;blank;tiny,/cpfs/user/zhuzihou/assets/dedup_workspaces/test0_transitive_apply_parallel/dataset/GRScenes_assets/cabinet/22e8e82b7e70b24982f17347b49f9cdb,/cpfs/user/zhuzihou/assets/dedup_workspaces/test0_transitive_apply_parallel/dataset/GRScenes_assets/cabinet/22e8e82b7e70b24982f17347b49f9cdb/usd/22e8e82b7e70b24982f17347b49f9cdb.usd
cabinet,3399337a68a2bb41b4f4ebc20590fd94,blank,blank,blank,0.000000,0.000000,0,blank;blank;blank;blank,/cpfs/user/zhuzihou/assets/dedup_workspaces/test0_transitive_apply_parallel/dataset/GRScenes_assets/cabinet/3399337a68a2bb41b4f4ebc20590fd94,/cpfs/user/zhuzihou/assets/dedup_workspaces/test0_transitive_apply_parallel/dataset/GRScenes_assets/cabinet/3399337a68a2bb41b4f4ebc20590fd94/usd/3399337a68a2bb41b4f4ebc20590fd94.usd
cabinet,345d7853eaf791f7194fcc9ba63bda58,suspicious,suspicious,suspicious,0.028664,0.074074,266,ok;ok;blank;blank,/cpfs/user/zhuzihou/assets/dedup_workspaces/test0_transitive_apply_parallel/dataset/GRScenes_assets/cabinet/345d7853eaf791f7194fcc9ba63bda58,/cpfs/user/zhuzihou/assets/dedup_workspaces/test0_transitive_apply_parallel/dataset/GRScenes_assets/cabinet/345d7853eaf791f7194fcc9ba63bda58/usd/345d7853eaf791f7194fcc9ba63bda58.usd
cabinet,3739961fe049430a06d1633ae74f2200,suspicious,suspicious,suspicious,0.119160,0.155518,301,blank;tiny;ok;ok,/cpfs/user/zhuzihou/assets/dedup_workspaces/test0_transitive_apply_parallel/dataset/GRScenes_assets/cabinet/3739961fe049430a06d1633ae74f2200,/cpfs/user/zhuzihou/assets/dedup_workspaces/test0_transitive_apply_parallel/dataset/GRScenes_assets/cabinet/3739961fe049430a06d1633ae74f2200/usd/3739961fe049430a06d1633ae74f2200.usd
cabinet,56628556fc5a8afb0b466f78ac870866,suspicious,suspicious,suspicious,0.092735,0.106575,232,blank;ok;ok;ok,/cpfs/user/zhuzihou/assets/dedup_workspaces/test0_transitive_apply_parallel/dataset/GRScenes_assets/cabinet/56628556fc5a8afb0b466f78ac870866,/cpfs/user/zhuzihou/assets/dedup_workspaces/test0_transitive_apply_parallel/dataset/GRScenes_assets/cabinet/56628556fc5a8afb0b466f78ac870866/usd/56628556fc5a8afb0b466f78ac870866.usd
cabinet,57e5db8e4888970ec6832d8ace2419d7,suspicious,suspicious,suspicious,0.086746,0.174316,408,tiny;ok;ok;ok,/cpfs/user/zhuzihou/assets/dedup_workspaces/test0_transitive_apply_parallel/dataset/GRScenes_assets/cabinet/57e5db8e4888970ec6832d8ace2419d7,/cpfs/user/zhuzihou/assets/dedup_workspaces/test0_transitive_apply_parallel/dataset/GRScenes_assets/cabinet/57e5db8e4888970ec6832d8ace2419d7/usd/57e5db8e4888970ec6832d8ace2419d7.usd
cabinet,5bd2535a54f45492ecc138b6ceed77fc,suspicious,suspicious,suspicious,0.026817,0.112534,310,ok;ok;ok;blank,/cpfs/user/zhuzihou/assets/dedup_workspaces/test0_transitive_apply_parallel/dataset/GRScenes_assets/cabinet/5bd2535a54f45492ecc138b6ceed77fc,/cpfs/user/zhuzihou/assets/dedup_workspaces/test0_transitive_apply_parallel/dataset/GRScenes_assets/cabinet/5bd2535a54f45492ecc138b6ceed77fc/usd/5bd2535a54f45492ecc138b6ceed77fc.usd
cabinet,623a9600388283ee06d02fe866cd276d,suspicious,suspicious,suspicious,0.093475,0.108009,257,ok;ok;blank;ok,/cpfs/user/zhuzihou/assets/dedup_workspaces/test0_transitive_apply_parallel/dataset/GRScenes_assets/cabinet/623a9600388283ee06d02fe866cd276d,/cpfs/user/zhuzihou/assets/dedup_workspaces/test0_transitive_apply_parallel/dataset/GRScenes_assets/cabinet/623a9600388283ee06d02fe866cd276d/usd/623a9600388283ee06d02fe866cd276d.usd
cabinet,758cd0357e8177269de19c66d93f1c5f,suspicious,suspicious,suspicious,0.077797,0.104164,258,blank;ok;ok;ok,/cpfs/user/zhuzihou/assets/dedup_workspaces/test0_transitive_apply_parallel/dataset/GRScenes_assets/cabinet/758cd0357e8177269de19c66d93f1c5f,/cpfs/user/zhuzihou/assets/dedup_workspaces/test0_transitive_apply_parallel/dataset/GRScenes_assets/cabinet/758cd0357e8177269de19c66d93f1c5f/usd/758cd0357e8177269de19c66d93f1c5f.usd
cabinet,7ae998050abde8d09baea53dc21597d8,suspicious,suspicious,suspicious,0.063721,0.104141,210,blank;ok;ok;ok,/cpfs/user/zhuzihou/assets/dedup_workspaces/test0_transitive_apply_parallel/dataset/GRScenes_assets/cabinet/7ae998050abde8d09baea53dc21597d8,/cpfs/user/zhuzihou/assets/dedup_workspaces/test0_transitive_apply_parallel/dataset/GRScenes_assets/cabinet/7ae998050abde8d09baea53dc21597d8/usd/7ae998050abde8d09baea53dc21597d8.usd
cabinet,a8f9344714cbaceb84a45050c95be753,suspicious,suspicious,suspicious,0.056931,0.090546,216,blank;ok;ok;ok,/cpfs/user/zhuzihou/assets/dedup_workspaces/test0_transitive_apply_parallel/dataset/GRScenes_assets/cabinet/a8f9344714cbaceb84a45050c95be753,/cpfs/user/zhuzihou/assets/dedup_workspaces/test0_transitive_apply_parallel/dataset/GRScenes_assets/cabinet/a8f9344714cbaceb84a45050c95be753/usd/a8f9344714cbaceb84a45050c95be753.usd
cabinet,b051236a40b01709b12b75697cdafa58,suspicious,suspicious,suspicious,0.098206,0.110470,242,blank;ok;ok;blank,/cpfs/user/zhuzihou/assets/dedup_workspaces/test0_transitive_apply_parallel/dataset/GRScenes_assets/cabinet/b051236a40b01709b12b75697cdafa58,/cpfs/user/zhuzihou/assets/dedup_workspaces/test0_transitive_apply_parallel/dataset/GRScenes_assets/cabinet/b051236a40b01709b12b75697cdafa58/usd/b051236a40b01709b12b75697cdafa58.usd
cabinet,bea2af1646624c455f03838f1903cbac,blank,blank,blank,0.000000,0.000000,0,blank;blank;blank;blank,/cpfs/user/zhuzihou/assets/dedup_workspaces/test0_transitive_apply_parallel/dataset/GRScenes_assets/cabinet/bea2af1646624c455f03838f1903cbac,/cpfs/user/zhuzihou/assets/dedup_workspaces/test0_transitive_apply_parallel/dataset/GRScenes_assets/cabinet/bea2af1646624c455f03838f1903cbac/usd/bea2af1646624c455f03838f1903cbac.usd
cabinet,cf90253939f8aceae7cde192b36bb535,suspicious,suspicious,suspicious,0.126331,0.147663,356,blank;ok;ok;ok,/cpfs/user/zhuzihou/assets/dedup_workspaces/test0_transitive_apply_parallel/dataset/GRScenes_assets/cabinet/cf90253939f8aceae7cde192b36bb535,/cpfs/user/zhuzihou/assets/dedup_workspaces/test0_transitive_apply_parallel/dataset/GRScenes_assets/cabinet/cf90253939f8aceae7cde192b36bb535/usd/cf90253939f8aceae7cde192b36bb535.usd
cabinet,d6f9fe2fb4c44b92cceba829a357f7ed,suspicious,suspicious,suspicious,0.112457,0.125717,214,ok;ok;blank;blank,/cpfs/user/zhuzihou/assets/dedup_workspaces/test0_transitive_apply_parallel/dataset/GRScenes_assets/cabinet/d6f9fe2fb4c44b92cceba829a357f7ed,/cpfs/user/zhuzihou/assets/dedup_workspaces/test0_transitive_apply_parallel/dataset/GRScenes_assets/cabinet/d6f9fe2fb4c44b92cceba829a357f7ed/usd/d6f9fe2fb4c44b92cceba829a357f7ed.usd
cabinet,dd20d3ca674061250e14bc286a24a591,suspicious,suspicious,suspicious,0.108067,0.150711,238,blank;blank;ok;ok,/cpfs/user/zhuzihou/assets/dedup_workspaces/test0_transitive_apply_parallel/dataset/GRScenes_assets/cabinet/dd20d3ca674061250e14bc286a24a591,/cpfs/user/zhuzihou/assets/dedup_workspaces/test0_transitive_apply_parallel/dataset/GRScenes_assets/cabinet/dd20d3ca674061250e14bc286a24a591/usd/dd20d3ca674061250e14bc286a24a591.usd
cabinet,e4838a619b3db92a09d0b70cb054e537,suspicious,suspicious,suspicious,0.121574,0.151840,321,blank;ok;ok;ok,/cpfs/user/zhuzihou/assets/dedup_workspaces/test0_transitive_apply_parallel/dataset/GRScenes_assets/cabinet/e4838a619b3db92a09d0b70cb054e537,/cpfs/user/zhuzihou/assets/dedup_workspaces/test0_transitive_apply_parallel/dataset/GRScenes_assets/cabinet/e4838a619b3db92a09d0b70cb054e537/usd/e4838a619b3db92a09d0b70cb054e537.usd
cabinet,eae9f61ba47278ad6ca5c848ede930f7,suspicious,suspicious,suspicious,0.120258,0.144234,307,blank;tiny;ok;ok,/cpfs/user/zhuzihou/assets/dedup_workspaces/test0_transitive_apply_parallel/dataset/GRScenes_assets/cabinet/eae9f61ba47278ad6ca5c848ede930f7,/cpfs/user/zhuzihou/assets/dedup_workspaces/test0_transitive_apply_parallel/dataset/GRScenes_assets/cabinet/eae9f61ba47278ad6ca5c848ede930f7/usd/eae9f61ba47278ad6ca5c848ede930f7.usd
chair,5ad7ff271d630c9c61d8cf6e492ef23f,suspicious,suspicious,suspicious,0.061462,0.102997,284,ok;ok;ok;blank,/cpfs/user/zhuzihou/assets/dedup_workspaces/test0_transitive_apply_parallel/dataset/GRScenes_assets/chair/5ad7ff271d630c9c61d8cf6e492ef23f,/cpfs/user/zhuzihou/assets/dedup_workspaces/test0_transitive_apply_parallel/dataset/GRScenes_assets/chair/5ad7ff271d630c9c61d8cf6e492ef23f/usd/5ad7ff271d630c9c61d8cf6e492ef23f.usd
chair,f2128e5187ea094ef82e7e2a97d7b0e8,suspicious,suspicious,suspicious,0.062065,0.103474,217,ok;ok;ok;blank,/cpfs/user/zhuzihou/assets/dedup_workspaces/test0_transitive_apply_parallel/dataset/GRScenes_assets/chair/f2128e5187ea094ef82e7e2a97d7b0e8,/cpfs/user/zhuzihou/assets/dedup_workspaces/test0_transitive_apply_parallel/dataset/GRScenes_assets/chair/f2128e5187ea094ef82e7e2a97d7b0e8/usd/f2128e5187ea094ef82e7e2a97d7b0e8.usd
clothes,a199c03988a0c9fcdcc0aee56944b2db,suspicious,suspicious,suspicious,0.088806,0.110073,275,ok;ok;blank;ok,/cpfs/user/zhuzihou/assets/dedup_workspaces/test0_transitive_apply_parallel/dataset/GRScenes_assets/clothes/a199c03988a0c9fcdcc0aee56944b2db,/cpfs/user/zhuzihou/assets/dedup_workspaces/test0_transitive_apply_parallel/dataset/GRScenes_assets/clothes/a199c03988a0c9fcdcc0aee56944b2db/usd/a199c03988a0c9fcdcc0aee56944b2db.usd
couch,08361d0691dbd1ddc85e18580132e459,blank,blank,blank,0.000000,0.000000,0,blank;blank;blank;blank,/cpfs/user/zhuzihou/assets/dedup_workspaces/test0_transitive_apply_parallel/dataset/GRScenes_assets/couch/08361d0691dbd1ddc85e18580132e459,/cpfs/user/zhuzihou/assets/dedup_workspaces/test0_transitive_apply_parallel/dataset/GRScenes_assets/couch/08361d0691dbd1ddc85e18580132e459/usd/08361d0691dbd1ddc85e18580132e459.usd
cup,0259416759bb738302bd0d8752c2f85b,suspicious,suspicious,suspicious,0.155655,0.291016,512,ok;blank;ok;blank,/cpfs/user/zhuzihou/assets/dedup_workspaces/test0_transitive_apply_parallel/dataset/GRScenes_assets/cup/0259416759bb738302bd0d8752c2f85b,/cpfs/user/zhuzihou/assets/dedup_workspaces/test0_transitive_apply_parallel/dataset/GRScenes_assets/cup/0259416759bb738302bd0d8752c2f85b/usd/0259416759bb738302bd0d8752c2f85b.usd
cup,075884bd3ef552d16acdb5e64de06f8b,blank,blank,blank,0.000000,0.000000,0,blank;blank;blank;blank,/cpfs/user/zhuzihou/assets/dedup_workspaces/test0_transitive_apply_parallel/dataset/GRScenes_assets/cup/075884bd3ef552d16acdb5e64de06f8b,/cpfs/user/zhuzihou/assets/dedup_workspaces/test0_transitive_apply_parallel/dataset/GRScenes_assets/cup/075884bd3ef552d16acdb5e64de06f8b/usd/075884bd3ef552d16acdb5e64de06f8b.usd
cup,23e5322e8c48a562c63aa10fbb74682a,suspicious,suspicious,suspicious,0.067822,0.087395,236,ok;ok;blank;ok,/cpfs/user/zhuzihou/assets/dedup_workspaces/test0_transitive_apply_parallel/dataset/GRScenes_assets/cup/23e5322e8c48a562c63aa10fbb74682a,/cpfs/user/zhuzihou/assets/dedup_workspaces/test0_transitive_apply_parallel/dataset/GRScenes_assets/cup/23e5322e8c48a562c63aa10fbb74682a/usd/23e5322e8c48a562c63aa10fbb74682a.usd
cup,25c6ed4940b23ffb384d157374e1046c,suspicious,suspicious,suspicious,0.124397,0.176849,244,ok;ok;blank;ok,/cpfs/user/zhuzihou/assets/dedup_workspaces/test0_transitive_apply_parallel/dataset/GRScenes_assets/cup/25c6ed4940b23ffb384d157374e1046c,/cpfs/user/zhuzihou/assets/dedup_workspaces/test0_transitive_apply_parallel/dataset/GRScenes_assets/cup/25c6ed4940b23ffb384d157374e1046c/usd/25c6ed4940b23ffb384d157374e1046c.usd
cup,2af5020d96eb2d3e9fd5355bd4cb0405,suspicious,suspicious,suspicious,1.000000,1.000000,512,ok;blank;ok;blank,/cpfs/user/zhuzihou/assets/dedup_workspaces/test0_transitive_apply_parallel/dataset/GRScenes_assets/cup/2af5020d96eb2d3e9fd5355bd4cb0405,/cpfs/user/zhuzihou/assets/dedup_workspaces/test0_transitive_apply_parallel/dataset/GRScenes_assets/cup/2af5020d96eb2d3e9fd5355bd4cb0405/usd/2af5020d96eb2d3e9fd5355bd4cb0405.usd
cup,31abcf3ff3695141dd1920c7711fa37e,suspicious,suspicious,suspicious,0.047680,0.094604,248,tiny;ok;ok;tiny,/cpfs/user/zhuzihou/assets/dedup_workspaces/test0_transitive_apply_parallel/dataset/GRScenes_assets/cup/31abcf3ff3695141dd1920c7711fa37e,/cpfs/user/zhuzihou/assets/dedup_workspaces/test0_transitive_apply_parallel/dataset/GRScenes_assets/cup/31abcf3ff3695141dd1920c7711fa37e/usd/31abcf3ff3695141dd1920c7711fa37e.usd
cup,32b94dab7589d0143c94a78c3ad8632a,suspicious,suspicious,suspicious,0.040504,0.086121,272,ok;ok;tiny;ok,/cpfs/user/zhuzihou/assets/dedup_workspaces/test0_transitive_apply_parallel/dataset/GRScenes_assets/cup/32b94dab7589d0143c94a78c3ad8632a,/cpfs/user/zhuzihou/assets/dedup_workspaces/test0_transitive_apply_parallel/dataset/GRScenes_assets/cup/32b94dab7589d0143c94a78c3ad8632a/usd/32b94dab7589d0143c94a78c3ad8632a.usd
cup,47da8d95a64acf7e780bb97f71c479ae,suspicious,suspicious,suspicious,0.568436,0.722580,462,ok;blank;ok;ok,/cpfs/user/zhuzihou/assets/dedup_workspaces/test0_transitive_apply_parallel/dataset/GRScenes_assets/cup/47da8d95a64acf7e780bb97f71c479ae,/cpfs/user/zhuzihou/assets/dedup_workspaces/test0_transitive_apply_parallel/dataset/GRScenes_assets/cup/47da8d95a64acf7e780bb97f71c479ae/usd/47da8d95a64acf7e780bb97f71c479ae.usd
cup,69fb94953426586843f0c669157c407b,suspicious,suspicious,suspicious,1.000000,1.000000,512,ok;blank;ok;blank,/cpfs/user/zhuzihou/assets/dedup_workspaces/test0_transitive_apply_parallel/dataset/GRScenes_assets/cup/69fb94953426586843f0c669157c407b,/cpfs/user/zhuzihou/assets/dedup_workspaces/test0_transitive_apply_parallel/dataset/GRScenes_assets/cup/69fb94953426586843f0c669157c407b/usd/69fb94953426586843f0c669157c407b.usd
cup,7af4408a6bda3eed06ea6c98ba2d30c9,suspicious,suspicious,suspicious,0.061123,0.077408,232,blank;ok;ok;ok,/cpfs/user/zhuzihou/assets/dedup_workspaces/test0_transitive_apply_parallel/dataset/GRScenes_assets/cup/7af4408a6bda3eed06ea6c98ba2d30c9,/cpfs/user/zhuzihou/assets/dedup_workspaces/test0_transitive_apply_parallel/dataset/GRScenes_assets/cup/7af4408a6bda3eed06ea6c98ba2d30c9/usd/7af4408a6bda3eed06ea6c98ba2d30c9.usd
cup,97b7e866f0419a9cf3f1d889d5248aa4,suspicious,suspicious,suspicious,0.052162,0.103477,274,blank;ok;ok;ok,/cpfs/user/zhuzihou/assets/dedup_workspaces/test0_transitive_apply_parallel/dataset/GRScenes_assets/cup/97b7e866f0419a9cf3f1d889d5248aa4,/cpfs/user/zhuzihou/assets/dedup_workspaces/test0_transitive_apply_parallel/dataset/GRScenes_assets/cup/97b7e866f0419a9cf3f1d889d5248aa4/usd/97b7e866f0419a9cf3f1d889d5248aa4.usd
cup,9d7505a961e547800282c04057dc25eb,suspicious,suspicious,suspicious,0.072109,0.091644,168,ok;blank;ok;ok,/cpfs/user/zhuzihou/assets/dedup_workspaces/test0_transitive_apply_parallel/dataset/GRScenes_assets/cup/9d7505a961e547800282c04057dc25eb,/cpfs/user/zhuzihou/assets/dedup_workspaces/test0_transitive_apply_parallel/dataset/GRScenes_assets/cup/9d7505a961e547800282c04057dc25eb/usd/9d7505a961e547800282c04057dc25eb.usd
cup,a9108c7ce86fc1282c59897fe515582e,suspicious,suspicious,suspicious,0.137352,0.194244,268,blank;ok;ok;ok,/cpfs/user/zhuzihou/assets/dedup_workspaces/test0_transitive_apply_parallel/dataset/GRScenes_assets/cup/a9108c7ce86fc1282c59897fe515582e,/cpfs/user/zhuzihou/assets/dedup_workspaces/test0_transitive_apply_parallel/dataset/GRScenes_assets/cup/a9108c7ce86fc1282c59897fe515582e/usd/a9108c7ce86fc1282c59897fe515582e.usd
cup,c30802edc476ba7b2968d7afad1d96e3,suspicious,suspicious,suspicious,0.061089,0.077408,232,blank;ok;ok;ok,/cpfs/user/zhuzihou/assets/dedup_workspaces/test0_transitive_apply_parallel/dataset/GRScenes_assets/cup/c30802edc476ba7b2968d7afad1d96e3,/cpfs/user/zhuzihou/assets/dedup_workspaces/test0_transitive_apply_parallel/dataset/GRScenes_assets/cup/c30802edc476ba7b2968d7afad1d96e3/usd/c30802edc476ba7b2968d7afad1d96e3.usd
cup,d3c86f462a5f2aa656548c690cd804fe,blank,blank,blank,0.000000,0.000000,0,blank;blank;blank;blank,/cpfs/user/zhuzihou/assets/dedup_workspaces/test0_transitive_apply_parallel/dataset/GRScenes_assets/cup/d3c86f462a5f2aa656548c690cd804fe,/cpfs/user/zhuzihou/assets/dedup_workspaces/test0_transitive_apply_parallel/dataset/GRScenes_assets/cup/d3c86f462a5f2aa656548c690cd804fe/usd/d3c86f462a5f2aa656548c690cd804fe.usd
cup,e4a4f11298aadaa07e12a3942704117a,suspicious,suspicious,suspicious,0.063297,0.089561,184,blank;tiny;ok;ok,/cpfs/user/zhuzihou/assets/dedup_workspaces/test0_transitive_apply_parallel/dataset/GRScenes_assets/cup/e4a4f11298aadaa07e12a3942704117a,/cpfs/user/zhuzihou/assets/dedup_workspaces/test0_transitive_apply_parallel/dataset/GRScenes_assets/cup/e4a4f11298aadaa07e12a3942704117a/usd/e4a4f11298aadaa07e12a3942704117a.usd
cup,ec8f76095858949493f2002705265ca6,suspicious,suspicious,suspicious,0.115437,0.153568,253,ok;ok;ok;blank,/cpfs/user/zhuzihou/assets/dedup_workspaces/test0_transitive_apply_parallel/dataset/GRScenes_assets/cup/ec8f76095858949493f2002705265ca6,/cpfs/user/zhuzihou/assets/dedup_workspaces/test0_transitive_apply_parallel/dataset/GRScenes_assets/cup/ec8f76095858949493f2002705265ca6/usd/ec8f76095858949493f2002705265ca6.usd
cup,eccd823b3816be68fbed60dd9a8aa146,suspicious,suspicious,suspicious,0.040512,0.086121,272,ok;ok;tiny;ok,/cpfs/user/zhuzihou/assets/dedup_workspaces/test0_transitive_apply_parallel/dataset/GRScenes_assets/cup/eccd823b3816be68fbed60dd9a8aa146,/cpfs/user/zhuzihou/assets/dedup_workspaces/test0_transitive_apply_parallel/dataset/GRScenes_assets/cup/eccd823b3816be68fbed60dd9a8aa146/usd/eccd823b3816be68fbed60dd9a8aa146.usd
cup,f4084112ae0ef4ce78099edfc6605eb1,suspicious,suspicious,suspicious,0.096027,0.146507,222,blank;tiny;ok;ok,/cpfs/user/zhuzihou/assets/dedup_workspaces/test0_transitive_apply_parallel/dataset/GRScenes_assets/cup/f4084112ae0ef4ce78099edfc6605eb1,/cpfs/user/zhuzihou/assets/dedup_workspaces/test0_transitive_apply_parallel/dataset/GRScenes_assets/cup/f4084112ae0ef4ce78099edfc6605eb1/usd/f4084112ae0ef4ce78099edfc6605eb1.usd
cup,fabe3fe9baca31dffd02e8a3cbd9c948,suspicious,suspicious,suspicious,0.053585,0.095871,206,ok;blank;blank;blank,/cpfs/user/zhuzihou/assets/dedup_workspaces/test0_transitive_apply_parallel/dataset/GRScenes_assets/cup/fabe3fe9baca31dffd02e8a3cbd9c948,/cpfs/user/zhuzihou/assets/dedup_workspaces/test0_transitive_apply_parallel/dataset/GRScenes_assets/cup/fabe3fe9baca31dffd02e8a3cbd9c948/usd/fabe3fe9baca31dffd02e8a3cbd9c948.usd
curtain,14854c93fee2ce3b92b6be548aa69452,suspicious,suspicious,suspicious,0.036781,0.040791,289,blank;tiny;ok;tiny,/cpfs/user/zhuzihou/assets/dedup_workspaces/test0_transitive_apply_parallel/dataset/GRScenes_assets/curtain/14854c93fee2ce3b92b6be548aa69452,/cpfs/user/zhuzihou/assets/dedup_workspaces/test0_transitive_apply_parallel/dataset/GRScenes_assets/curtain/14854c93fee2ce3b92b6be548aa69452/usd/14854c93fee2ce3b92b6be548aa69452.usd
curtain,6617ca4603285f18b7c724b656bdd06e,suspicious,suspicious,suspicious,0.036770,0.040791,289,ok;tiny;blank;tiny,/cpfs/user/zhuzihou/assets/dedup_workspaces/test0_transitive_apply_parallel/dataset/GRScenes_assets/curtain/6617ca4603285f18b7c724b656bdd06e,/cpfs/user/zhuzihou/assets/dedup_workspaces/test0_transitive_apply_parallel/dataset/GRScenes_assets/curtain/6617ca4603285f18b7c724b656bdd06e/usd/6617ca4603285f18b7c724b656bdd06e.usd
decoration,23fdbd2c5cc6de7f655e7790cb7b4f35,suspicious,suspicious,suspicious,0.072861,0.099419,199,ok;ok;blank;ok,/cpfs/user/zhuzihou/assets/dedup_workspaces/test0_transitive_apply_parallel/dataset/GRScenes_assets/decoration/23fdbd2c5cc6de7f655e7790cb7b4f35,/cpfs/user/zhuzihou/assets/dedup_workspaces/test0_transitive_apply_parallel/dataset/GRScenes_assets/decoration/23fdbd2c5cc6de7f655e7790cb7b4f35/usd/23fdbd2c5cc6de7f655e7790cb7b4f35.usd
decoration,2b715cfcff1efccb53ca36be8c61230e,suspicious,suspicious,suspicious,0.036621,0.075386,241,blank;ok;ok;tiny,/cpfs/user/zhuzihou/assets/dedup_workspaces/test0_transitive_apply_parallel/dataset/GRScenes_assets/decoration/2b715cfcff1efccb53ca36be8c61230e,/cpfs/user/zhuzihou/assets/dedup_workspaces/test0_transitive_apply_parallel/dataset/GRScenes_assets/decoration/2b715cfcff1efccb53ca36be8c61230e/usd/2b715cfcff1efccb53ca36be8c61230e.usd
decoration,3682da00ee8f439832b6529741e3883a,suspicious,suspicious,suspicious,0.035881,0.104797,272,ok;blank;ok;ok,/cpfs/user/zhuzihou/assets/dedup_workspaces/test0_transitive_apply_parallel/dataset/GRScenes_assets/decoration/3682da00ee8f439832b6529741e3883a,/cpfs/user/zhuzihou/assets/dedup_workspaces/test0_transitive_apply_parallel/dataset/GRScenes_assets/decoration/3682da00ee8f439832b6529741e3883a/usd/3682da00ee8f439832b6529741e3883a.usd
decoration,ac451f3bb25dfb60f80a0ce6430ce71b,suspicious,suspicious,suspicious,0.039970,0.125618,185,blank;ok;ok;ok,/cpfs/user/zhuzihou/assets/dedup_workspaces/test0_transitive_apply_parallel/dataset/GRScenes_assets/decoration/ac451f3bb25dfb60f80a0ce6430ce71b,/cpfs/user/zhuzihou/assets/dedup_workspaces/test0_transitive_apply_parallel/dataset/GRScenes_assets/decoration/ac451f3bb25dfb60f80a0ce6430ce71b/usd/ac451f3bb25dfb60f80a0ce6430ce71b.usd
decoration,bf3b35674c5943ed47a94841a73b42ce,blank,blank,blank,0.000000,0.000000,0,blank;blank;blank;blank,/cpfs/user/zhuzihou/assets/dedup_workspaces/test0_transitive_apply_parallel/dataset/GRScenes_assets/decoration/bf3b35674c5943ed47a94841a73b42ce,/cpfs/user/zhuzihou/assets/dedup_workspaces/test0_transitive_apply_parallel/dataset/GRScenes_assets/decoration/bf3b35674c5943ed47a94841a73b42ce/usd/bf3b35674c5943ed47a94841a73b42ce.usd
decoration,c5e6c4c872849c80e9cf3de53f84e9fe,suspicious,suspicious,suspicious,0.974770,1.000000,512,ok;tiny;ok;tiny,/cpfs/user/zhuzihou/assets/dedup_workspaces/test0_transitive_apply_parallel/dataset/GRScenes_assets/decoration/c5e6c4c872849c80e9cf3de53f84e9fe,/cpfs/user/zhuzihou/assets/dedup_workspaces/test0_transitive_apply_parallel/dataset/GRScenes_assets/decoration/c5e6c4c872849c80e9cf3de53f84e9fe/usd/c5e6c4c872849c80e9cf3de53f84e9fe.usd
decoration,deb192f7cd92dc3960d5742b34fcf0e1,suspicious,suspicious,suspicious,0.077438,0.100891,175,blank;ok;ok;ok,/cpfs/user/zhuzihou/assets/dedup_workspaces/test0_transitive_apply_parallel/dataset/GRScenes_assets/decoration/deb192f7cd92dc3960d5742b34fcf0e1,/cpfs/user/zhuzihou/assets/dedup_workspaces/test0_transitive_apply_parallel/dataset/GRScenes_assets/decoration/deb192f7cd92dc3960d5742b34fcf0e1/usd/deb192f7cd92dc3960d5742b34fcf0e1.usd
decoration,f26479204b96003dd151305a4846952f,blank,blank,blank,0.000000,0.000000,0,blank;blank;blank;blank,/cpfs/user/zhuzihou/assets/dedup_workspaces/test0_transitive_apply_parallel/dataset/GRScenes_assets/decoration/f26479204b96003dd151305a4846952f,/cpfs/user/zhuzihou/assets/dedup_workspaces/test0_transitive_apply_parallel/dataset/GRScenes_assets/decoration/f26479204b96003dd151305a4846952f/usd/f26479204b96003dd151305a4846952f.usd
door,058ee9a6db75c12d0ee1fb9b2fec56da,suspicious,suspicious,suspicious,0.038948,0.091633,236,ok;ok;ok;blank,/cpfs/user/zhuzihou/assets/dedup_workspaces/test0_transitive_apply_parallel/dataset/GRScenes_assets/door/058ee9a6db75c12d0ee1fb9b2fec56da,/cpfs/user/zhuzihou/assets/dedup_workspaces/test0_transitive_apply_parallel/dataset/GRScenes_assets/door/058ee9a6db75c12d0ee1fb9b2fec56da/usd/058ee9a6db75c12d0ee1fb9b2fec56da.usd
door,6a3a5c8c482ca566fbcf59b65a15b1d6,suspicious,suspicious,suspicious,0.051952,0.098579,240,blank;ok;ok;ok,/cpfs/user/zhuzihou/assets/dedup_workspaces/test0_transitive_apply_parallel/dataset/GRScenes_assets/door/6a3a5c8c482ca566fbcf59b65a15b1d6,/cpfs/user/zhuzihou/assets/dedup_workspaces/test0_transitive_apply_parallel/dataset/GRScenes_assets/door/6a3a5c8c482ca566fbcf59b65a15b1d6/usd/6a3a5c8c482ca566fbcf59b65a15b1d6.usd
door,ad51fd906b342554ac3c5ff29f203d9b,suspicious,suspicious,suspicious,0.036999,0.087555,230,ok;blank;ok;ok,/cpfs/user/zhuzihou/assets/dedup_workspaces/test0_transitive_apply_parallel/dataset/GRScenes_assets/door/ad51fd906b342554ac3c5ff29f203d9b,/cpfs/user/zhuzihou/assets/dedup_workspaces/test0_transitive_apply_parallel/dataset/GRScenes_assets/door/ad51fd906b342554ac3c5ff29f203d9b/usd/ad51fd906b342554ac3c5ff29f203d9b.usd
door,e38c06df07622811c186160023082843,suspicious,suspicious,suspicious,0.074371,0.088131,207,ok;ok;blank;ok,/cpfs/user/zhuzihou/assets/dedup_workspaces/test0_transitive_apply_parallel/dataset/GRScenes_assets/door/e38c06df07622811c186160023082843,/cpfs/user/zhuzihou/assets/dedup_workspaces/test0_transitive_apply_parallel/dataset/GRScenes_assets/door/e38c06df07622811c186160023082843/usd/e38c06df07622811c186160023082843.usd
door,e395f15c671937384e8e7da04fe95d9d,suspicious,suspicious,suspicious,0.060955,0.147800,319,blank;ok;ok;ok,/cpfs/user/zhuzihou/assets/dedup_workspaces/test0_transitive_apply_parallel/dataset/GRScenes_assets/door/e395f15c671937384e8e7da04fe95d9d,/cpfs/user/zhuzihou/assets/dedup_workspaces/test0_transitive_apply_parallel/dataset/GRScenes_assets/door/e395f15c671937384e8e7da04fe95d9d/usd/e395f15c671937384e8e7da04fe95d9d.usd
pan,24135440f13a41a90ee4fa197721c4aa,suspicious,suspicious,suspicious,0.011814,0.026962,114,ok;ok;tiny;ok,/cpfs/user/zhuzihou/assets/dedup_workspaces/test0_transitive_apply_parallel/dataset/GRScenes_assets/pan/24135440f13a41a90ee4fa197721c4aa,/cpfs/user/zhuzihou/assets/dedup_workspaces/test0_transitive_apply_parallel/dataset/GRScenes_assets/pan/24135440f13a41a90ee4fa197721c4aa/usd/24135440f13a41a90ee4fa197721c4aa.usd
pen,01ee63be42b774c592f80276f9dc29fe,suspicious,suspicious,suspicious,0.013687,0.082047,283,ok;blank;ok;blank,/cpfs/user/zhuzihou/assets/dedup_workspaces/test0_transitive_apply_parallel/dataset/GRScenes_assets/pen/01ee63be42b774c592f80276f9dc29fe,/cpfs/user/zhuzihou/assets/dedup_workspaces/test0_transitive_apply_parallel/dataset/GRScenes_assets/pen/01ee63be42b774c592f80276f9dc29fe/usd/01ee63be42b774c592f80276f9dc29fe.usd
pen,026352231997a82eca4a5837c4262100,suspicious,suspicious,suspicious,0.024891,0.120300,271,ok;ok;ok;tiny,/cpfs/user/zhuzihou/assets/dedup_workspaces/test0_transitive_apply_parallel/dataset/GRScenes_assets/pen/026352231997a82eca4a5837c4262100,/cpfs/user/zhuzihou/assets/dedup_workspaces/test0_transitive_apply_parallel/dataset/GRScenes_assets/pen/026352231997a82eca4a5837c4262100/usd/026352231997a82eca4a5837c4262100.usd
pen,064c8dd7a35328d0cdb0241853b3f0dd,suspicious,suspicious,suspicious,0.013149,0.059738,290,ok;blank;blank;blank,/cpfs/user/zhuzihou/assets/dedup_workspaces/test0_transitive_apply_parallel/dataset/GRScenes_assets/pen/064c8dd7a35328d0cdb0241853b3f0dd,/cpfs/user/zhuzihou/assets/dedup_workspaces/test0_transitive_apply_parallel/dataset/GRScenes_assets/pen/064c8dd7a35328d0cdb0241853b3f0dd/usd/064c8dd7a35328d0cdb0241853b3f0dd.usd
pen,06982bde2031570e803f1c9fbd8f5c8b,suspicious,suspicious,suspicious,0.373379,0.433594,512,ok;blank;ok;tiny,/cpfs/user/zhuzihou/assets/dedup_workspaces/test0_transitive_apply_parallel/dataset/GRScenes_assets/pen/06982bde2031570e803f1c9fbd8f5c8b,/cpfs/user/zhuzihou/assets/dedup_workspaces/test0_transitive_apply_parallel/dataset/GRScenes_assets/pen/06982bde2031570e803f1c9fbd8f5c8b/usd/06982bde2031570e803f1c9fbd8f5c8b.usd
pen,0c1d4c3ccef36e9f318129588000145a,suspicious,suspicious,suspicious,0.017056,0.101292,315,ok;ok;ok;blank,/cpfs/user/zhuzihou/assets/dedup_workspaces/test0_transitive_apply_parallel/dataset/GRScenes_assets/pen/0c1d4c3ccef36e9f318129588000145a,/cpfs/user/zhuzihou/assets/dedup_workspaces/test0_transitive_apply_parallel/dataset/GRScenes_assets/pen/0c1d4c3ccef36e9f318129588000145a/usd/0c1d4c3ccef36e9f318129588000145a.usd
pen,131dae5c38f8d1911e11f427505481d2,suspicious,suspicious,suspicious,0.089897,0.221558,447,ok;tiny;ok;ok,/cpfs/user/zhuzihou/assets/dedup_workspaces/test0_transitive_apply_parallel/dataset/GRScenes_assets/pen/131dae5c38f8d1911e11f427505481d2,/cpfs/user/zhuzihou/assets/dedup_workspaces/test0_transitive_apply_parallel/dataset/GRScenes_assets/pen/131dae5c38f8d1911e11f427505481d2/usd/131dae5c38f8d1911e11f427505481d2.usd
pen,1d48658578becc4c2ea250f817443829,suspicious,suspicious,suspicious,0.032181,0.130806,340,tiny;ok;ok;ok,/cpfs/user/zhuzihou/assets/dedup_workspaces/test0_transitive_apply_parallel/dataset/GRScenes_assets/pen/1d48658578becc4c2ea250f817443829,/cpfs/user/zhuzihou/assets/dedup_workspaces/test0_transitive_apply_parallel/dataset/GRScenes_assets/pen/1d48658578becc4c2ea250f817443829/usd/1d48658578becc4c2ea250f817443829.usd
pen,245f5088f35752cacddea68c66c25bd0,suspicious,suspicious,suspicious,0.120872,0.542969,512,ok;ok;ok;blank,/cpfs/user/zhuzihou/assets/dedup_workspaces/test0_transitive_apply_parallel/dataset/GRScenes_assets/pen/245f5088f35752cacddea68c66c25bd0,/cpfs/user/zhuzihou/assets/dedup_workspaces/test0_transitive_apply_parallel/dataset/GRScenes_assets/pen/245f5088f35752cacddea68c66c25bd0/usd/245f5088f35752cacddea68c66c25bd0.usd
pen,255244938e97de50f6e98717106c470c,suspicious,suspicious,suspicious,0.017338,0.057865,203,ok;ok;ok;tiny,/cpfs/user/zhuzihou/assets/dedup_workspaces/test0_transitive_apply_parallel/dataset/GRScenes_assets/pen/255244938e97de50f6e98717106c470c,/cpfs/user/zhuzihou/assets/dedup_workspaces/test0_transitive_apply_parallel/dataset/GRScenes_assets/pen/255244938e97de50f6e98717106c470c/usd/255244938e97de50f6e98717106c470c.usd
pen,2b92a77b513b2cff50b031f40710613b,blank,blank,blank,0.000000,0.000000,0,blank;blank;blank;blank,/cpfs/user/zhuzihou/assets/dedup_workspaces/test0_transitive_apply_parallel/dataset/GRScenes_assets/pen/2b92a77b513b2cff50b031f40710613b,/cpfs/user/zhuzihou/assets/dedup_workspaces/test0_transitive_apply_parallel/dataset/GRScenes_assets/pen/2b92a77b513b2cff50b031f40710613b/usd/2b92a77b513b2cff50b031f40710613b.usd
pen,3210d5989bf15d44d09ead99583328ba,suspicious,suspicious,suspicious,0.115574,0.431641,512,ok;tiny;ok;blank,/cpfs/user/zhuzihou/assets/dedup_workspaces/test0_transitive_apply_parallel/dataset/GRScenes_assets/pen/3210d5989bf15d44d09ead99583328ba,/cpfs/user/zhuzihou/assets/dedup_workspaces/test0_transitive_apply_parallel/dataset/GRScenes_assets/pen/3210d5989bf15d44d09ead99583328ba/usd/3210d5989bf15d44d09ead99583328ba.usd
pen,33c5fdfd93cb899858737c2d40cc56fc,suspicious,suspicious,suspicious,0.125660,0.435547,512,ok;tiny;ok;blank,/cpfs/user/zhuzihou/assets/dedup_workspaces/test0_transitive_apply_parallel/dataset/GRScenes_assets/pen/33c5fdfd93cb899858737c2d40cc56fc,/cpfs/user/zhuzihou/assets/dedup_workspaces/test0_transitive_apply_parallel/dataset/GRScenes_assets/pen/33c5fdfd93cb899858737c2d40cc56fc/usd/33c5fdfd93cb899858737c2d40cc56fc.usd
pen,3470dbda73c22e2335b8c2b2620efc0a,suspicious,suspicious,suspicious,0.097610,0.222656,512,ok;blank;ok;ok,/cpfs/user/zhuzihou/assets/dedup_workspaces/test0_transitive_apply_parallel/dataset/GRScenes_assets/pen/3470dbda73c22e2335b8c2b2620efc0a,/cpfs/user/zhuzihou/assets/dedup_workspaces/test0_transitive_apply_parallel/dataset/GRScenes_assets/pen/3470dbda73c22e2335b8c2b2620efc0a/usd/3470dbda73c22e2335b8c2b2620efc0a.usd
pen,3742bce63b41d71ce74b11cae21a8935,suspicious,suspicious,suspicious,0.105228,0.220703,512,ok;tiny;ok;tiny,/cpfs/user/zhuzihou/assets/dedup_workspaces/test0_transitive_apply_parallel/dataset/GRScenes_assets/pen/3742bce63b41d71ce74b11cae21a8935,/cpfs/user/zhuzihou/assets/dedup_workspaces/test0_transitive_apply_parallel/dataset/GRScenes_assets/pen/3742bce63b41d71ce74b11cae21a8935/usd/3742bce63b41d71ce74b11cae21a8935.usd
pen,3a445c3e9e0b3e355b41784dd3ecf656,suspicious,suspicious,suspicious,0.031178,0.061932,298,ok;tiny;ok;blank,/cpfs/user/zhuzihou/assets/dedup_workspaces/test0_transitive_apply_parallel/dataset/GRScenes_assets/pen/3a445c3e9e0b3e355b41784dd3ecf656,/cpfs/user/zhuzihou/assets/dedup_workspaces/test0_transitive_apply_parallel/dataset/GRScenes_assets/pen/3a445c3e9e0b3e355b41784dd3ecf656/usd/3a445c3e9e0b3e355b41784dd3ecf656.usd
pen,448ecd89c91ce2e8f7a8abef60c47809,suspicious,suspicious,suspicious,0.010754,0.045807,170,ok;tiny;blank;ok,/cpfs/user/zhuzihou/assets/dedup_workspaces/test0_transitive_apply_parallel/dataset/GRScenes_assets/pen/448ecd89c91ce2e8f7a8abef60c47809,/cpfs/user/zhuzihou/assets/dedup_workspaces/test0_transitive_apply_parallel/dataset/GRScenes_assets/pen/448ecd89c91ce2e8f7a8abef60c47809/usd/448ecd89c91ce2e8f7a8abef60c47809.usd
pen,51587b182058bb3d000d07199eafb37a,suspicious,suspicious,suspicious,0.014053,0.162933,281,ok;ok;ok;blank,/cpfs/user/zhuzihou/assets/dedup_workspaces/test0_transitive_apply_parallel/dataset/GRScenes_assets/pen/51587b182058bb3d000d07199eafb37a,/cpfs/user/zhuzihou/assets/dedup_workspaces/test0_transitive_apply_parallel/dataset/GRScenes_assets/pen/51587b182058bb3d000d07199eafb37a/usd/51587b182058bb3d000d07199eafb37a.usd
pen,5259a9e94e1c0a24de525763dc3e9c7c,blank,blank,blank,0.000000,0.000000,0,blank;blank;blank;blank,/cpfs/user/zhuzihou/assets/dedup_workspaces/test0_transitive_apply_parallel/dataset/GRScenes_assets/pen/5259a9e94e1c0a24de525763dc3e9c7c,/cpfs/user/zhuzihou/assets/dedup_workspaces/test0_transitive_apply_parallel/dataset/GRScenes_assets/pen/5259a9e94e1c0a24de525763dc3e9c7c/usd/5259a9e94e1c0a24de525763dc3e9c7c.usd
pen,56fc06235520b3a8314115f834fc0f1a,suspicious,suspicious,suspicious,0.014618,0.085644,311,ok;ok;ok;blank,/cpfs/user/zhuzihou/assets/dedup_workspaces/test0_transitive_apply_parallel/dataset/GRScenes_assets/pen/56fc06235520b3a8314115f834fc0f1a,/cpfs/user/zhuzihou/assets/dedup_workspaces/test0_transitive_apply_parallel/dataset/GRScenes_assets/pen/56fc06235520b3a8314115f834fc0f1a/usd/56fc06235520b3a8314115f834fc0f1a.usd
pen,57b151a354e321e4ebd75c68d16584e1,suspicious,suspicious,suspicious,0.020435,0.098129,240,ok;ok;ok;tiny,/cpfs/user/zhuzihou/assets/dedup_workspaces/test0_transitive_apply_parallel/dataset/GRScenes_assets/pen/57b151a354e321e4ebd75c68d16584e1,/cpfs/user/zhuzihou/assets/dedup_workspaces/test0_transitive_apply_parallel/dataset/GRScenes_assets/pen/57b151a354e321e4ebd75c68d16584e1/usd/57b151a354e321e4ebd75c68d16584e1.usd
pen,608a14bb8f59a917162c47c0c29d989c,suspicious,suspicious,suspicious,0.363514,0.466797,512,ok;blank;ok;blank,/cpfs/user/zhuzihou/assets/dedup_workspaces/test0_transitive_apply_parallel/dataset/GRScenes_assets/pen/608a14bb8f59a917162c47c0c29d989c,/cpfs/user/zhuzihou/assets/dedup_workspaces/test0_transitive_apply_parallel/dataset/GRScenes_assets/pen/608a14bb8f59a917162c47c0c29d989c/usd/608a14bb8f59a917162c47c0c29d989c.usd
pen,61c41305dc2f7b3d9bdfd0643819adde,suspicious,suspicious,suspicious,0.155376,0.382812,512,ok;tiny;ok;tiny,/cpfs/user/zhuzihou/assets/dedup_workspaces/test0_transitive_apply_parallel/dataset/GRScenes_assets/pen/61c41305dc2f7b3d9bdfd0643819adde,/cpfs/user/zhuzihou/assets/dedup_workspaces/test0_transitive_apply_parallel/dataset/GRScenes_assets/pen/61c41305dc2f7b3d9bdfd0643819adde/usd/61c41305dc2f7b3d9bdfd0643819adde.usd
pen,698c30c77700537f165df0a938f8ac7a,suspicious,suspicious,suspicious,0.008556,0.013351,100,ok;blank;blank;ok,/cpfs/user/zhuzihou/assets/dedup_workspaces/test0_transitive_apply_parallel/dataset/GRScenes_assets/pen/698c30c77700537f165df0a938f8ac7a,/cpfs/user/zhuzihou/assets/dedup_workspaces/test0_transitive_apply_parallel/dataset/GRScenes_assets/pen/698c30c77700537f165df0a938f8ac7a/usd/698c30c77700537f165df0a938f8ac7a.usd
pen,71674ceba4e071c22e2ac3b7e68bda2f,suspicious,suspicious,suspicious,0.019016,0.080376,215,ok;ok;ok;tiny,/cpfs/user/zhuzihou/assets/dedup_workspaces/test0_transitive_apply_parallel/dataset/GRScenes_assets/pen/71674ceba4e071c22e2ac3b7e68bda2f,/cpfs/user/zhuzihou/assets/dedup_workspaces/test0_transitive_apply_parallel/dataset/GRScenes_assets/pen/71674ceba4e071c22e2ac3b7e68bda2f/usd/71674ceba4e071c22e2ac3b7e68bda2f.usd
pen,77d7aa8f3cfc2066815e6af5bd52764d,suspicious,suspicious,suspicious,0.013809,0.135899,285,blank;ok;ok;blank,/cpfs/user/zhuzihou/assets/dedup_workspaces/test0_transitive_apply_parallel/dataset/GRScenes_assets/pen/77d7aa8f3cfc2066815e6af5bd52764d,/cpfs/user/zhuzihou/assets/dedup_workspaces/test0_transitive_apply_parallel/dataset/GRScenes_assets/pen/77d7aa8f3cfc2066815e6af5bd52764d/usd/77d7aa8f3cfc2066815e6af5bd52764d.usd
pen,7841807701e04318c7561b83fa33e0e6,suspicious,suspicious,suspicious,0.115780,0.441406,512,ok;blank;ok;tiny,/cpfs/user/zhuzihou/assets/dedup_workspaces/test0_transitive_apply_parallel/dataset/GRScenes_assets/pen/7841807701e04318c7561b83fa33e0e6,/cpfs/user/zhuzihou/assets/dedup_workspaces/test0_transitive_apply_parallel/dataset/GRScenes_assets/pen/7841807701e04318c7561b83fa33e0e6/usd/7841807701e04318c7561b83fa33e0e6.usd
pen,7a2c608559889991cb6a115e7d0ab700,suspicious,suspicious,suspicious,0.076221,0.152100,448,ok;blank;blank;blank,/cpfs/user/zhuzihou/assets/dedup_workspaces/test0_transitive_apply_parallel/dataset/GRScenes_assets/pen/7a2c608559889991cb6a115e7d0ab700,/cpfs/user/zhuzihou/assets/dedup_workspaces/test0_transitive_apply_parallel/dataset/GRScenes_assets/pen/7a2c608559889991cb6a115e7d0ab700/usd/7a2c608559889991cb6a115e7d0ab700.usd
pen,7b63f4c94615619b92ae8b2e6a50eb5a,suspicious,suspicious,suspicious,0.014618,0.085644,311,ok;ok;ok;blank,/cpfs/user/zhuzihou/assets/dedup_workspaces/test0_transitive_apply_parallel/dataset/GRScenes_assets/pen/7b63f4c94615619b92ae8b2e6a50eb5a,/cpfs/user/zhuzihou/assets/dedup_workspaces/test0_transitive_apply_parallel/dataset/GRScenes_assets/pen/7b63f4c94615619b92ae8b2e6a50eb5a/usd/7b63f4c94615619b92ae8b2e6a50eb5a.usd
pen,801583e1f8d7ae7a1ce359a682f79224,suspicious,suspicious,suspicious,0.324200,0.449219,512,ok;blank;ok;blank,/cpfs/user/zhuzihou/assets/dedup_workspaces/test0_transitive_apply_parallel/dataset/GRScenes_assets/pen/801583e1f8d7ae7a1ce359a682f79224,/cpfs/user/zhuzihou/assets/dedup_workspaces/test0_transitive_apply_parallel/dataset/GRScenes_assets/pen/801583e1f8d7ae7a1ce359a682f79224/usd/801583e1f8d7ae7a1ce359a682f79224.usd
pen,818ffbd6c0a7c2b8a420eecbbae4d92a,suspicious,suspicious,suspicious,0.013969,0.075195,303,blank;ok;ok;blank,/cpfs/user/zhuzihou/assets/dedup_workspaces/test0_transitive_apply_parallel/dataset/GRScenes_assets/pen/818ffbd6c0a7c2b8a420eecbbae4d92a,/cpfs/user/zhuzihou/assets/dedup_workspaces/test0_transitive_apply_parallel/dataset/GRScenes_assets/pen/818ffbd6c0a7c2b8a420eecbbae4d92a/usd/818ffbd6c0a7c2b8a420eecbbae4d92a.usd
pen,864d92b821791a215d8dcb1d4dfeab3e,suspicious,suspicious,suspicious,0.092396,0.109375,512,ok;blank;ok;ok,/cpfs/user/zhuzihou/assets/dedup_workspaces/test0_transitive_apply_parallel/dataset/GRScenes_assets/pen/864d92b821791a215d8dcb1d4dfeab3e,/cpfs/user/zhuzihou/assets/dedup_workspaces/test0_transitive_apply_parallel/dataset/GRScenes_assets/pen/864d92b821791a215d8dcb1d4dfeab3e/usd/864d92b821791a215d8dcb1d4dfeab3e.usd
pen,8685cd7d59ab69a7e569a64712b26c64,suspicious,suspicious,suspicious,0.079262,0.306641,512,ok;tiny;ok;ok,/cpfs/user/zhuzihou/assets/dedup_workspaces/test0_transitive_apply_parallel/dataset/GRScenes_assets/pen/8685cd7d59ab69a7e569a64712b26c64,/cpfs/user/zhuzihou/assets/dedup_workspaces/test0_transitive_apply_parallel/dataset/GRScenes_assets/pen/8685cd7d59ab69a7e569a64712b26c64/usd/8685cd7d59ab69a7e569a64712b26c64.usd
pen,8acc760f9aabc9ddcf8d1f8f221a4a49,suspicious,suspicious,suspicious,0.021500,0.067406,227,ok;ok;ok;tiny,/cpfs/user/zhuzihou/assets/dedup_workspaces/test0_transitive_apply_parallel/dataset/GRScenes_assets/pen/8acc760f9aabc9ddcf8d1f8f221a4a49,/cpfs/user/zhuzihou/assets/dedup_workspaces/test0_transitive_apply_parallel/dataset/GRScenes_assets/pen/8acc760f9aabc9ddcf8d1f8f221a4a49/usd/8acc760f9aabc9ddcf8d1f8f221a4a49.usd
pen,8b5ae5b31ccd41f3df706601733030b1,suspicious,suspicious,suspicious,0.133495,0.345703,512,ok;blank;ok;blank,/cpfs/user/zhuzihou/assets/dedup_workspaces/test0_transitive_apply_parallel/dataset/GRScenes_assets/pen/8b5ae5b31ccd41f3df706601733030b1,/cpfs/user/zhuzihou/assets/dedup_workspaces/test0_transitive_apply_parallel/dataset/GRScenes_assets/pen/8b5ae5b31ccd41f3df706601733030b1/usd/8b5ae5b31ccd41f3df706601733030b1.usd
pen,91ea66354b4437da20539b2cfd1f1b7f,suspicious,suspicious,suspicious,0.071690,0.167572,500,ok;ok;ok;blank,/cpfs/user/zhuzihou/assets/dedup_workspaces/test0_transitive_apply_parallel/dataset/GRScenes_assets/pen/91ea66354b4437da20539b2cfd1f1b7f,/cpfs/user/zhuzihou/assets/dedup_workspaces/test0_transitive_apply_parallel/dataset/GRScenes_assets/pen/91ea66354b4437da20539b2cfd1f1b7f/usd/91ea66354b4437da20539b2cfd1f1b7f.usd
pen,961d14e7bb5b885ecac17db23961f3bf,blank,blank,blank,0.000000,0.000000,0,blank;blank;blank;blank,/cpfs/user/zhuzihou/assets/dedup_workspaces/test0_transitive_apply_parallel/dataset/GRScenes_assets/pen/961d14e7bb5b885ecac17db23961f3bf,/cpfs/user/zhuzihou/assets/dedup_workspaces/test0_transitive_apply_parallel/dataset/GRScenes_assets/pen/961d14e7bb5b885ecac17db23961f3bf/usd/961d14e7bb5b885ecac17db23961f3bf.usd
pen,98167bf15eb85ef7d805a08772ca27b2,suspicious,suspicious,suspicious,0.015846,0.116241,293,ok;ok;ok;tiny,/cpfs/user/zhuzihou/assets/dedup_workspaces/test0_transitive_apply_parallel/dataset/GRScenes_assets/pen/98167bf15eb85ef7d805a08772ca27b2,/cpfs/user/zhuzihou/assets/dedup_workspaces/test0_transitive_apply_parallel/dataset/GRScenes_assets/pen/98167bf15eb85ef7d805a08772ca27b2/usd/98167bf15eb85ef7d805a08772ca27b2.usd
pen,9ba460f380d1bb057278d2ac3c0f8183,suspicious,suspicious,suspicious,0.023109,0.118561,243,ok;ok;ok;tiny,/cpfs/user/zhuzihou/assets/dedup_workspaces/test0_transitive_apply_parallel/dataset/GRScenes_assets/pen/9ba460f380d1bb057278d2ac3c0f8183,/cpfs/user/zhuzihou/assets/dedup_workspaces/test0_transitive_apply_parallel/dataset/GRScenes_assets/pen/9ba460f380d1bb057278d2ac3c0f8183/usd/9ba460f380d1bb057278d2ac3c0f8183.usd
pen,a7431cb51ef52d581d3690df2e789651,suspicious,suspicious,suspicious,0.014088,0.118561,296,blank;ok;ok;blank,/cpfs/user/zhuzihou/assets/dedup_workspaces/test0_transitive_apply_parallel/dataset/GRScenes_assets/pen/a7431cb51ef52d581d3690df2e789651,/cpfs/user/zhuzihou/assets/dedup_workspaces/test0_transitive_apply_parallel/dataset/GRScenes_assets/pen/a7431cb51ef52d581d3690df2e789651/usd/a7431cb51ef52d581d3690df2e789651.usd
pen,a9ed13b34c15ee4cad6ef690caede811,suspicious,suspicious,suspicious,0.108463,0.244141,512,ok;blank;ok;tiny,/cpfs/user/zhuzihou/assets/dedup_workspaces/test0_transitive_apply_parallel/dataset/GRScenes_assets/pen/a9ed13b34c15ee4cad6ef690caede811,/cpfs/user/zhuzihou/assets/dedup_workspaces/test0_transitive_apply_parallel/dataset/GRScenes_assets/pen/a9ed13b34c15ee4cad6ef690caede811/usd/a9ed13b34c15ee4cad6ef690caede811.usd
pen,af01b5acf3ee821afc228a1c834a74f9,suspicious,suspicious,suspicious,0.023533,0.102943,263,ok;ok;ok;tiny,/cpfs/user/zhuzihou/assets/dedup_workspaces/test0_transitive_apply_parallel/dataset/GRScenes_assets/pen/af01b5acf3ee821afc228a1c834a74f9,/cpfs/user/zhuzihou/assets/dedup_workspaces/test0_transitive_apply_parallel/dataset/GRScenes_assets/pen/af01b5acf3ee821afc228a1c834a74f9/usd/af01b5acf3ee821afc228a1c834a74f9.usd
pen,af0d67d4f8e983207592e93b0ec96cc9,suspicious,suspicious,suspicious,0.085594,0.253906,512,ok;tiny;ok;tiny,/cpfs/user/zhuzihou/assets/dedup_workspaces/test0_transitive_apply_parallel/dataset/GRScenes_assets/pen/af0d67d4f8e983207592e93b0ec96cc9,/cpfs/user/zhuzihou/assets/dedup_workspaces/test0_transitive_apply_parallel/dataset/GRScenes_assets/pen/af0d67d4f8e983207592e93b0ec96cc9/usd/af0d67d4f8e983207592e93b0ec96cc9.usd
pen,b07d17db3065c846452253ad34c49f9a,suspicious,suspicious,suspicious,0.095169,0.148438,512,ok;tiny;ok;blank,/cpfs/user/zhuzihou/assets/dedup_workspaces/test0_transitive_apply_parallel/dataset/GRScenes_assets/pen/b07d17db3065c846452253ad34c49f9a,/cpfs/user/zhuzihou/assets/dedup_workspaces/test0_transitive_apply_parallel/dataset/GRScenes_assets/pen/b07d17db3065c846452253ad34c49f9a/usd/b07d17db3065c846452253ad34c49f9a.usd
pen,b4cc07aa9a31290d61dee5ec69b1086b,suspicious,suspicious,suspicious,0.014706,0.059143,244,ok;tiny;ok;ok,/cpfs/user/zhuzihou/assets/dedup_workspaces/test0_transitive_apply_parallel/dataset/GRScenes_assets/pen/b4cc07aa9a31290d61dee5ec69b1086b,/cpfs/user/zhuzihou/assets/dedup_workspaces/test0_transitive_apply_parallel/dataset/GRScenes_assets/pen/b4cc07aa9a31290d61dee5ec69b1086b/usd/b4cc07aa9a31290d61dee5ec69b1086b.usd
pen,b5289616983da7689d3f80ad06986c1a,blank,blank,blank,0.000000,0.000000,0,blank;blank;blank;blank,/cpfs/user/zhuzihou/assets/dedup_workspaces/test0_transitive_apply_parallel/dataset/GRScenes_assets/pen/b5289616983da7689d3f80ad06986c1a,/cpfs/user/zhuzihou/assets/dedup_workspaces/test0_transitive_apply_parallel/dataset/GRScenes_assets/pen/b5289616983da7689d3f80ad06986c1a/usd/b5289616983da7689d3f80ad06986c1a.usd
pen,b7bc0ac69a87d451eb6d006ec5e81be3,tiny,tiny,tiny,0.002602,0.005188,80,tiny;blank;blank;blank,/cpfs/user/zhuzihou/assets/dedup_workspaces/test0_transitive_apply_parallel/dataset/GRScenes_assets/pen/b7bc0ac69a87d451eb6d006ec5e81be3,/cpfs/user/zhuzihou/assets/dedup_workspaces/test0_transitive_apply_parallel/dataset/GRScenes_assets/pen/b7bc0ac69a87d451eb6d006ec5e81be3/usd/b7bc0ac69a87d451eb6d006ec5e81be3.usd
pen,bde0635536ed8f875d31aa358f526a3c,suspicious,suspicious,suspicious,0.021526,0.125950,245,ok;ok;ok;tiny,/cpfs/user/zhuzihou/assets/dedup_workspaces/test0_transitive_apply_parallel/dataset/GRScenes_assets/pen/bde0635536ed8f875d31aa358f526a3c,/cpfs/user/zhuzihou/assets/dedup_workspaces/test0_transitive_apply_parallel/dataset/GRScenes_assets/pen/bde0635536ed8f875d31aa358f526a3c/usd/bde0635536ed8f875d31aa358f526a3c.usd
pen,cc8ec57cd7f99ba63a5de871a876935d,suspicious,suspicious,suspicious,0.011768,0.088749,235,blank;blank;ok;blank,/cpfs/user/zhuzihou/assets/dedup_workspaces/test0_transitive_apply_parallel/dataset/GRScenes_assets/pen/cc8ec57cd7f99ba63a5de871a876935d,/cpfs/user/zhuzihou/assets/dedup_workspaces/test0_transitive_apply_parallel/dataset/GRScenes_assets/pen/cc8ec57cd7f99ba63a5de871a876935d/usd/cc8ec57cd7f99ba63a5de871a876935d.usd
pen,db095430772b1680a28b52fd4cfbcb9d,blank,blank,blank,0.000000,0.000000,0,blank;blank;blank;blank,/cpfs/user/zhuzihou/assets/dedup_workspaces/test0_transitive_apply_parallel/dataset/GRScenes_assets/pen/db095430772b1680a28b52fd4cfbcb9d,/cpfs/user/zhuzihou/assets/dedup_workspaces/test0_transitive_apply_parallel/dataset/GRScenes_assets/pen/db095430772b1680a28b52fd4cfbcb9d/usd/db095430772b1680a28b52fd4cfbcb9d.usd
pen,e0a445ebcbe421ab1454bfa2fb77fadd,suspicious,suspicious,suspicious,0.023365,0.107559,257,ok;ok;ok;tiny,/cpfs/user/zhuzihou/assets/dedup_workspaces/test0_transitive_apply_parallel/dataset/GRScenes_assets/pen/e0a445ebcbe421ab1454bfa2fb77fadd,/cpfs/user/zhuzihou/assets/dedup_workspaces/test0_transitive_apply_parallel/dataset/GRScenes_assets/pen/e0a445ebcbe421ab1454bfa2fb77fadd/usd/e0a445ebcbe421ab1454bfa2fb77fadd.usd
pen,e12be2dab46482dd4178ad5592d7824c,suspicious,suspicious,suspicious,0.021866,0.082661,236,ok;ok;ok;tiny,/cpfs/user/zhuzihou/assets/dedup_workspaces/test0_transitive_apply_parallel/dataset/GRScenes_assets/pen/e12be2dab46482dd4178ad5592d7824c,/cpfs/user/zhuzihou/assets/dedup_workspaces/test0_transitive_apply_parallel/dataset/GRScenes_assets/pen/e12be2dab46482dd4178ad5592d7824c/usd/e12be2dab46482dd4178ad5592d7824c.usd
pen,ee1f1725e5d6d6ed3e7d89d848a51fae,suspicious,suspicious,suspicious,0.013969,0.075195,303,blank;ok;ok;blank,/cpfs/user/zhuzihou/assets/dedup_workspaces/test0_transitive_apply_parallel/dataset/GRScenes_assets/pen/ee1f1725e5d6d6ed3e7d89d848a51fae,/cpfs/user/zhuzihou/assets/dedup_workspaces/test0_transitive_apply_parallel/dataset/GRScenes_assets/pen/ee1f1725e5d6d6ed3e7d89d848a51fae/usd/ee1f1725e5d6d6ed3e7d89d848a51fae.usd
pen,efee5b83955cb06af60129066c5f2181,suspicious,suspicious,suspicious,0.056778,0.324295,416,ok;tiny;ok;ok,/cpfs/user/zhuzihou/assets/dedup_workspaces/test0_transitive_apply_parallel/dataset/GRScenes_assets/pen/efee5b83955cb06af60129066c5f2181,/cpfs/user/zhuzihou/assets/dedup_workspaces/test0_transitive_apply_parallel/dataset/GRScenes_assets/pen/efee5b83955cb06af60129066c5f2181/usd/efee5b83955cb06af60129066c5f2181.usd
pen,f2007aad00e8bb57a3cd9fe30707995e,suspicious,suspicious,suspicious,0.116711,0.210938,512,ok;ok;ok;blank,/cpfs/user/zhuzihou/assets/dedup_workspaces/test0_transitive_apply_parallel/dataset/GRScenes_assets/pen/f2007aad00e8bb57a3cd9fe30707995e,/cpfs/user/zhuzihou/assets/dedup_workspaces/test0_transitive_apply_parallel/dataset/GRScenes_assets/pen/f2007aad00e8bb57a3cd9fe30707995e/usd/f2007aad00e8bb57a3cd9fe30707995e.usd
pen,f61b5093a353dd3a3f6d57b05938e5e6,suspicious,suspicious,suspicious,0.093102,0.414062,512,ok;ok;ok;blank,/cpfs/user/zhuzihou/assets/dedup_workspaces/test0_transitive_apply_parallel/dataset/GRScenes_assets/pen/f61b5093a353dd3a3f6d57b05938e5e6,/cpfs/user/zhuzihou/assets/dedup_workspaces/test0_transitive_apply_parallel/dataset/GRScenes_assets/pen/f61b5093a353dd3a3f6d57b05938e5e6/usd/f61b5093a353dd3a3f6d57b05938e5e6.usd
pen,fbed0a32ea4f797182c1e085f63899f7,suspicious,suspicious,suspicious,0.027611,0.138321,281,ok;ok;ok;tiny,/cpfs/user/zhuzihou/assets/dedup_workspaces/test0_transitive_apply_parallel/dataset/GRScenes_assets/pen/fbed0a32ea4f797182c1e085f63899f7,/cpfs/user/zhuzihou/assets/dedup_workspaces/test0_transitive_apply_parallel/dataset/GRScenes_assets/pen/fbed0a32ea4f797182c1e085f63899f7/usd/fbed0a32ea4f797182c1e085f63899f7.usd
pen,fe885305f36bbf29aca31cc4a04255d1,suspicious,suspicious,suspicious,0.008717,0.017029,144,blank;blank;ok;blank,/cpfs/user/zhuzihou/assets/dedup_workspaces/test0_transitive_apply_parallel/dataset/GRScenes_assets/pen/fe885305f36bbf29aca31cc4a04255d1,/cpfs/user/zhuzihou/assets/dedup_workspaces/test0_transitive_apply_parallel/dataset/GRScenes_assets/pen/fe885305f36bbf29aca31cc4a04255d1/usd/fe885305f36bbf29aca31cc4a04255d1.usd
picture,02d2ee0d51cd4adbc0752d52f5bd612b,suspicious,suspicious,suspicious,0.149559,0.167969,256,ok;ok;blank;ok,/cpfs/user/zhuzihou/assets/dedup_workspaces/test0_transitive_apply_parallel/dataset/GRScenes_assets/picture/02d2ee0d51cd4adbc0752d52f5bd612b,/cpfs/user/zhuzihou/assets/dedup_workspaces/test0_transitive_apply_parallel/dataset/GRScenes_assets/picture/02d2ee0d51cd4adbc0752d52f5bd612b/usd/02d2ee0d51cd4adbc0752d52f5bd612b.usd
picture,114b275347a2311fc0e9b1f5a3900172,blank,blank,blank,0.000000,0.000000,0,blank;blank;blank;blank,/cpfs/user/zhuzihou/assets/dedup_workspaces/test0_transitive_apply_parallel/dataset/GRScenes_assets/picture/114b275347a2311fc0e9b1f5a3900172,/cpfs/user/zhuzihou/assets/dedup_workspaces/test0_transitive_apply_parallel/dataset/GRScenes_assets/picture/114b275347a2311fc0e9b1f5a3900172/usd/114b275347a2311fc0e9b1f5a3900172.usd
picture,26c4038b9e1d827a1b3f308fd57d5685,suspicious,suspicious,suspicious,0.151108,0.167969,256,blank;ok;ok;ok,/cpfs/user/zhuzihou/assets/dedup_workspaces/test0_transitive_apply_parallel/dataset/GRScenes_assets/picture/26c4038b9e1d827a1b3f308fd57d5685,/cpfs/user/zhuzihou/assets/dedup_workspaces/test0_transitive_apply_parallel/dataset/GRScenes_assets/picture/26c4038b9e1d827a1b3f308fd57d5685/usd/26c4038b9e1d827a1b3f308fd57d5685.usd
picture,2ba46514c4150dc130bdaa90cf9e3f67,suspicious,suspicious,suspicious,0.100254,0.130920,303,blank;ok;ok;ok,/cpfs/user/zhuzihou/assets/dedup_workspaces/test0_transitive_apply_parallel/dataset/GRScenes_assets/picture/2ba46514c4150dc130bdaa90cf9e3f67,/cpfs/user/zhuzihou/assets/dedup_workspaces/test0_transitive_apply_parallel/dataset/GRScenes_assets/picture/2ba46514c4150dc130bdaa90cf9e3f67/usd/2ba46514c4150dc130bdaa90cf9e3f67.usd
picture,410e78c8d9a8103373d420ee96777eec,suspicious,suspicious,suspicious,0.047939,0.081329,257,blank;ok;ok;ok,/cpfs/user/zhuzihou/assets/dedup_workspaces/test0_transitive_apply_parallel/dataset/GRScenes_assets/picture/410e78c8d9a8103373d420ee96777eec,/cpfs/user/zhuzihou/assets/dedup_workspaces/test0_transitive_apply_parallel/dataset/GRScenes_assets/picture/410e78c8d9a8103373d420ee96777eec/usd/410e78c8d9a8103373d420ee96777eec.usd
picture,44ebd353f2a9b376661ff83c14e2af7b,suspicious,suspicious,suspicious,0.161583,0.181854,236,blank;ok;ok;ok,/cpfs/user/zhuzihou/assets/dedup_workspaces/test0_transitive_apply_parallel/dataset/GRScenes_assets/picture/44ebd353f2a9b376661ff83c14e2af7b,/cpfs/user/zhuzihou/assets/dedup_workspaces/test0_transitive_apply_parallel/dataset/GRScenes_assets/picture/44ebd353f2a9b376661ff83c14e2af7b/usd/44ebd353f2a9b376661ff83c14e2af7b.usd
picture,56087eb8130d0e371a50e10616ba126e,suspicious,suspicious,suspicious,0.132038,0.144516,231,ok;ok;blank;ok,/cpfs/user/zhuzihou/assets/dedup_workspaces/test0_transitive_apply_parallel/dataset/GRScenes_assets/picture/56087eb8130d0e371a50e10616ba126e,/cpfs/user/zhuzihou/assets/dedup_workspaces/test0_transitive_apply_parallel/dataset/GRScenes_assets/picture/56087eb8130d0e371a50e10616ba126e/usd/56087eb8130d0e371a50e10616ba126e.usd
picture,63983571929f92df7ee34741451e2d7e,suspicious,suspicious,suspicious,0.089565,0.097733,183,blank;blank;ok;blank,/cpfs/user/zhuzihou/assets/dedup_workspaces/test0_transitive_apply_parallel/dataset/GRScenes_assets/picture/63983571929f92df7ee34741451e2d7e,/cpfs/user/zhuzihou/assets/dedup_workspaces/test0_transitive_apply_parallel/dataset/GRScenes_assets/picture/63983571929f92df7ee34741451e2d7e/usd/63983571929f92df7ee34741451e2d7e.usd
picture,7b34a40fdd6e1afbc7fec2e528a7b700,suspicious,suspicious,suspicious,0.338070,0.395527,445,ok;blank;ok;blank,/cpfs/user/zhuzihou/assets/dedup_workspaces/test0_transitive_apply_parallel/dataset/GRScenes_assets/picture/7b34a40fdd6e1afbc7fec2e528a7b700,/cpfs/user/zhuzihou/assets/dedup_workspaces/test0_transitive_apply_parallel/dataset/GRScenes_assets/picture/7b34a40fdd6e1afbc7fec2e528a7b700/usd/7b34a40fdd6e1afbc7fec2e528a7b700.usd
picture,8217b01f5739f92ca545a11e61a367a2,suspicious,suspicious,suspicious,0.100655,0.122566,238,blank;ok;ok;ok,/cpfs/user/zhuzihou/assets/dedup_workspaces/test0_transitive_apply_parallel/dataset/GRScenes_assets/picture/8217b01f5739f92ca545a11e61a367a2,/cpfs/user/zhuzihou/assets/dedup_workspaces/test0_transitive_apply_parallel/dataset/GRScenes_assets/picture/8217b01f5739f92ca545a11e61a367a2/usd/8217b01f5739f92ca545a11e61a367a2.usd
picture,d3dcae14ed6e2555cd42a1a6be0829b9,suspicious,suspicious,suspicious,0.153828,0.168907,262,blank;ok;ok;ok,/cpfs/user/zhuzihou/assets/dedup_workspaces/test0_transitive_apply_parallel/dataset/GRScenes_assets/picture/d3dcae14ed6e2555cd42a1a6be0829b9,/cpfs/user/zhuzihou/assets/dedup_workspaces/test0_transitive_apply_parallel/dataset/GRScenes_assets/picture/d3dcae14ed6e2555cd42a1a6be0829b9/usd/d3dcae14ed6e2555cd42a1a6be0829b9.usd
picture,d40650b32c52e631c69337f5bfb2877c,suspicious,suspicious,suspicious,0.305481,0.352478,462,ok;blank;ok;blank,/cpfs/user/zhuzihou/assets/dedup_workspaces/test0_transitive_apply_parallel/dataset/GRScenes_assets/picture/d40650b32c52e631c69337f5bfb2877c,/cpfs/user/zhuzihou/assets/dedup_workspaces/test0_transitive_apply_parallel/dataset/GRScenes_assets/picture/d40650b32c52e631c69337f5bfb2877c/usd/d40650b32c52e631c69337f5bfb2877c.usd
picture,d5c07a4ae47f1994fa781275bc20c139,suspicious,suspicious,suspicious,0.150208,0.165344,258,blank;ok;ok;ok,/cpfs/user/zhuzihou/assets/dedup_workspaces/test0_transitive_apply_parallel/dataset/GRScenes_assets/picture/d5c07a4ae47f1994fa781275bc20c139,/cpfs/user/zhuzihou/assets/dedup_workspaces/test0_transitive_apply_parallel/dataset/GRScenes_assets/picture/d5c07a4ae47f1994fa781275bc20c139/usd/d5c07a4ae47f1994fa781275bc20c139.usd
picture,f5e8f8e6728866a6118016c8b185906d,suspicious,suspicious,suspicious,0.150936,0.166328,258,ok;ok;blank;ok,/cpfs/user/zhuzihou/assets/dedup_workspaces/test0_transitive_apply_parallel/dataset/GRScenes_assets/picture/f5e8f8e6728866a6118016c8b185906d,/cpfs/user/zhuzihou/assets/dedup_workspaces/test0_transitive_apply_parallel/dataset/GRScenes_assets/picture/f5e8f8e6728866a6118016c8b185906d/usd/f5e8f8e6728866a6118016c8b185906d.usd
picture,f80b4fc3055e1157422b7925d1f89d9f,suspicious,suspicious,suspicious,0.323925,0.374908,455,ok;blank;ok;blank,/cpfs/user/zhuzihou/assets/dedup_workspaces/test0_transitive_apply_parallel/dataset/GRScenes_assets/picture/f80b4fc3055e1157422b7925d1f89d9f,/cpfs/user/zhuzihou/assets/dedup_workspaces/test0_transitive_apply_parallel/dataset/GRScenes_assets/picture/f80b4fc3055e1157422b7925d1f89d9f/usd/f80b4fc3055e1157422b7925d1f89d9f.usd
pillow,03444ea0b5ebc1d1d2391536d5404b88,suspicious,suspicious,suspicious,0.097954,0.147629,278,tiny;ok;ok;ok,/cpfs/user/zhuzihou/assets/dedup_workspaces/test0_transitive_apply_parallel/dataset/GRScenes_assets/pillow/03444ea0b5ebc1d1d2391536d5404b88,/cpfs/user/zhuzihou/assets/dedup_workspaces/test0_transitive_apply_parallel/dataset/GRScenes_assets/pillow/03444ea0b5ebc1d1d2391536d5404b88/usd/03444ea0b5ebc1d1d2391536d5404b88.usd
pillow,034991f740b7a010239a0a464a08220c,suspicious,suspicious,suspicious,0.080036,0.110283,255,tiny;ok;ok;blank,/cpfs/user/zhuzihou/assets/dedup_workspaces/test0_transitive_apply_parallel/dataset/GRScenes_assets/pillow/034991f740b7a010239a0a464a08220c,/cpfs/user/zhuzihou/assets/dedup_workspaces/test0_transitive_apply_parallel/dataset/GRScenes_assets/pillow/034991f740b7a010239a0a464a08220c/usd/034991f740b7a010239a0a464a08220c.usd
pillow,03aaca23cba8c9cf439825f203d86270,suspicious,suspicious,suspicious,0.094791,0.116302,221,ok;ok;blank;blank,/cpfs/user/zhuzihou/assets/dedup_workspaces/test0_transitive_apply_parallel/dataset/GRScenes_assets/pillow/03aaca23cba8c9cf439825f203d86270,/cpfs/user/zhuzihou/assets/dedup_workspaces/test0_transitive_apply_parallel/dataset/GRScenes_assets/pillow/03aaca23cba8c9cf439825f203d86270/usd/03aaca23cba8c9cf439825f203d86270.usd
pillow,04ad39b0375071bea2abb27a28fd1811,suspicious,suspicious,suspicious,0.053123,0.067711,250,ok;ok;ok;blank,/cpfs/user/zhuzihou/assets/dedup_workspaces/test0_transitive_apply_parallel/dataset/GRScenes_assets/pillow/04ad39b0375071bea2abb27a28fd1811,/cpfs/user/zhuzihou/assets/dedup_workspaces/test0_transitive_apply_parallel/dataset/GRScenes_assets/pillow/04ad39b0375071bea2abb27a28fd1811/usd/04ad39b0375071bea2abb27a28fd1811.usd
pillow,04cf3a1b5fc382ef04c514af24ca2245,suspicious,suspicious,suspicious,0.062271,0.077820,295,tiny;ok;ok;ok,/cpfs/user/zhuzihou/assets/dedup_workspaces/test0_transitive_apply_parallel/dataset/GRScenes_assets/pillow/04cf3a1b5fc382ef04c514af24ca2245,/cpfs/user/zhuzihou/assets/dedup_workspaces/test0_transitive_apply_parallel/dataset/GRScenes_assets/pillow/04cf3a1b5fc382ef04c514af24ca2245/usd/04cf3a1b5fc382ef04c514af24ca2245.usd
pillow,050e4a9ce76e874bcc4f5ccd5d8c4be9,suspicious,suspicious,suspicious,0.063107,0.101257,173,ok;blank;ok;ok,/cpfs/user/zhuzihou/assets/dedup_workspaces/test0_transitive_apply_parallel/dataset/GRScenes_assets/pillow/050e4a9ce76e874bcc4f5ccd5d8c4be9,/cpfs/user/zhuzihou/assets/dedup_workspaces/test0_transitive_apply_parallel/dataset/GRScenes_assets/pillow/050e4a9ce76e874bcc4f5ccd5d8c4be9/usd/050e4a9ce76e874bcc4f5ccd5d8c4be9.usd
pillow,05a4c85843c35c1dbde5120caa79ad29,suspicious,suspicious,suspicious,0.107449,0.164032,310,tiny;ok;ok;blank,/cpfs/user/zhuzihou/assets/dedup_workspaces/test0_transitive_apply_parallel/dataset/GRScenes_assets/pillow/05a4c85843c35c1dbde5120caa79ad29,/cpfs/user/zhuzihou/assets/dedup_workspaces/test0_transitive_apply_parallel/dataset/GRScenes_assets/pillow/05a4c85843c35c1dbde5120caa79ad29/usd/05a4c85843c35c1dbde5120caa79ad29.usd
pillow,05d1c9d93eef40962cecb5501a33a462,suspicious,suspicious,suspicious,0.115612,0.177040,319,ok;ok;blank;blank,/cpfs/user/zhuzihou/assets/dedup_workspaces/test0_transitive_apply_parallel/dataset/GRScenes_assets/pillow/05d1c9d93eef40962cecb5501a33a462,/cpfs/user/zhuzihou/assets/dedup_workspaces/test0_transitive_apply_parallel/dataset/GRScenes_assets/pillow/05d1c9d93eef40962cecb5501a33a462/usd/05d1c9d93eef40962cecb5501a33a462.usd
pillow,0954066900793de00d4b44b2a89d5b65,suspicious,suspicious,suspicious,0.031052,0.069878,142,ok;ok;blank;blank,/cpfs/user/zhuzihou/assets/dedup_workspaces/test0_transitive_apply_parallel/dataset/GRScenes_assets/pillow/0954066900793de00d4b44b2a89d5b65,/cpfs/user/zhuzihou/assets/dedup_workspaces/test0_transitive_apply_parallel/dataset/GRScenes_assets/pillow/0954066900793de00d4b44b2a89d5b65/usd/0954066900793de00d4b44b2a89d5b65.usd
pillow,096a1632a4934deab8708876f09d27ad,suspicious,suspicious,suspicious,0.110573,0.130920,260,ok;ok;ok;blank,/cpfs/user/zhuzihou/assets/dedup_workspaces/test0_transitive_apply_parallel/dataset/GRScenes_assets/pillow/096a1632a4934deab8708876f09d27ad,/cpfs/user/zhuzihou/assets/dedup_workspaces/test0_transitive_apply_parallel/dataset/GRScenes_assets/pillow/096a1632a4934deab8708876f09d27ad/usd/096a1632a4934deab8708876f09d27ad.usd
pillow,09d9209813363db22ab1ff5c9cd94a06,suspicious,suspicious,suspicious,0.059498,0.093616,253,blank;ok;ok;blank,/cpfs/user/zhuzihou/assets/dedup_workspaces/test0_transitive_apply_parallel/dataset/GRScenes_assets/pillow/09d9209813363db22ab1ff5c9cd94a06,/cpfs/user/zhuzihou/assets/dedup_workspaces/test0_transitive_apply_parallel/dataset/GRScenes_assets/pillow/09d9209813363db22ab1ff5c9cd94a06/usd/09d9209813363db22ab1ff5c9cd94a06.usd
pillow,0a71eedd80d82eb36ec8f0ec05dfe5bd,suspicious,suspicious,suspicious,0.076767,0.138557,296,blank;ok;ok;blank,/cpfs/user/zhuzihou/assets/dedup_workspaces/test0_transitive_apply_parallel/dataset/GRScenes_assets/pillow/0a71eedd80d82eb36ec8f0ec05dfe5bd,/cpfs/user/zhuzihou/assets/dedup_workspaces/test0_transitive_apply_parallel/dataset/GRScenes_assets/pillow/0a71eedd80d82eb36ec8f0ec05dfe5bd/usd/0a71eedd80d82eb36ec8f0ec05dfe5bd.usd
pillow,0b1e706725c644970bf0892ebf4bcec5,suspicious,suspicious,suspicious,0.090412,0.105957,217,ok;ok;blank;blank,/cpfs/user/zhuzihou/assets/dedup_workspaces/test0_transitive_apply_parallel/dataset/GRScenes_assets/pillow/0b1e706725c644970bf0892ebf4bcec5,/cpfs/user/zhuzihou/assets/dedup_workspaces/test0_transitive_apply_parallel/dataset/GRScenes_assets/pillow/0b1e706725c644970bf0892ebf4bcec5/usd/0b1e706725c644970bf0892ebf4bcec5.usd
pillow,0b5ee8d5ec14b0bad7719ba5d61a4094,suspicious,suspicious,suspicious,0.090412,0.103912,227,ok;ok;blank;blank,/cpfs/user/zhuzihou/assets/dedup_workspaces/test0_transitive_apply_parallel/dataset/GRScenes_assets/pillow/0b5ee8d5ec14b0bad7719ba5d61a4094,/cpfs/user/zhuzihou/assets/dedup_workspaces/test0_transitive_apply_parallel/dataset/GRScenes_assets/pillow/0b5ee8d5ec14b0bad7719ba5d61a4094/usd/0b5ee8d5ec14b0bad7719ba5d61a4094.usd
pillow,0d440984e8151dd0f79678e83948cfcb,suspicious,suspicious,suspicious,0.102203,0.151566,258,blank;ok;ok;blank,/cpfs/user/zhuzihou/assets/dedup_workspaces/test0_transitive_apply_parallel/dataset/GRScenes_assets/pillow/0d440984e8151dd0f79678e83948cfcb,/cpfs/user/zhuzihou/assets/dedup_workspaces/test0_transitive_apply_parallel/dataset/GRScenes_assets/pillow/0d440984e8151dd0f79678e83948cfcb/usd/0d440984e8151dd0f79678e83948cfcb.usd
pillow,0d86c0e79a9c9b955b04a40e63a96ca3,suspicious,suspicious,suspicious,0.036514,0.063236,137,ok;blank;blank;ok,/cpfs/user/zhuzihou/assets/dedup_workspaces/test0_transitive_apply_parallel/dataset/GRScenes_assets/pillow/0d86c0e79a9c9b955b04a40e63a96ca3,/cpfs/user/zhuzihou/assets/dedup_workspaces/test0_transitive_apply_parallel/dataset/GRScenes_assets/pillow/0d86c0e79a9c9b955b04a40e63a96ca3/usd/0d86c0e79a9c9b955b04a40e63a96ca3.usd
pillow,0ed61d9fe4e8893c282ff346848595c8,suspicious,suspicious,suspicious,0.046238,0.076729,235,blank;ok;ok;blank,/cpfs/user/zhuzihou/assets/dedup_workspaces/test0_transitive_apply_parallel/dataset/GRScenes_assets/pillow/0ed61d9fe4e8893c282ff346848595c8,/cpfs/user/zhuzihou/assets/dedup_workspaces/test0_transitive_apply_parallel/dataset/GRScenes_assets/pillow/0ed61d9fe4e8893c282ff346848595c8/usd/0ed61d9fe4e8893c282ff346848595c8.usd
pillow,0ee8a14a3e637054d5ba0569d8d541f2,suspicious,suspicious,suspicious,0.126270,0.164688,283,ok;ok;blank;blank,/cpfs/user/zhuzihou/assets/dedup_workspaces/test0_transitive_apply_parallel/dataset/GRScenes_assets/pillow/0ee8a14a3e637054d5ba0569d8d541f2,/cpfs/user/zhuzihou/assets/dedup_workspaces/test0_transitive_apply_parallel/dataset/GRScenes_assets/pillow/0ee8a14a3e637054d5ba0569d8d541f2/usd/0ee8a14a3e637054d5ba0569d8d541f2.usd
pillow,107726de6b518f0d4c835fceb13ed2f8,suspicious,suspicious,suspicious,0.102020,0.143890,239,ok;ok;ok;blank,/cpfs/user/zhuzihou/assets/dedup_workspaces/test0_transitive_apply_parallel/dataset/GRScenes_assets/pillow/107726de6b518f0d4c835fceb13ed2f8,/cpfs/user/zhuzihou/assets/dedup_workspaces/test0_transitive_apply_parallel/dataset/GRScenes_assets/pillow/107726de6b518f0d4c835fceb13ed2f8/usd/107726de6b518f0d4c835fceb13ed2f8.usd
pillow,11844ee1f624d3afbde4bb5c791e2cb6,suspicious,suspicious,suspicious,0.030418,0.070370,143,blank;tiny;ok;tiny,/cpfs/user/zhuzihou/assets/dedup_workspaces/test0_transitive_apply_parallel/dataset/GRScenes_assets/pillow/11844ee1f624d3afbde4bb5c791e2cb6,/cpfs/user/zhuzihou/assets/dedup_workspaces/test0_transitive_apply_parallel/dataset/GRScenes_assets/pillow/11844ee1f624d3afbde4bb5c791e2cb6/usd/11844ee1f624d3afbde4bb5c791e2cb6.usd
pillow,118b78c64a38cba88dd80f064e444465,suspicious,suspicious,suspicious,0.097355,0.112625,244,blank;ok;ok;blank,/cpfs/user/zhuzihou/assets/dedup_workspaces/test0_transitive_apply_parallel/dataset/GRScenes_assets/pillow/118b78c64a38cba88dd80f064e444465,/cpfs/user/zhuzihou/assets/dedup_workspaces/test0_transitive_apply_parallel/dataset/GRScenes_assets/pillow/118b78c64a38cba88dd80f064e444465/usd/118b78c64a38cba88dd80f064e444465.usd
pillow,12043793404c04cbba0eafe69a05a5a4,suspicious,suspicious,suspicious,0.099354,0.157310,266,blank;ok;ok;blank,/cpfs/user/zhuzihou/assets/dedup_workspaces/test0_transitive_apply_parallel/dataset/GRScenes_assets/pillow/12043793404c04cbba0eafe69a05a5a4,/cpfs/user/zhuzihou/assets/dedup_workspaces/test0_transitive_apply_parallel/dataset/GRScenes_assets/pillow/12043793404c04cbba0eafe69a05a5a4/usd/12043793404c04cbba0eafe69a05a5a4.usd
pillow,1322abd2d046373b84effceb1fc56574,suspicious,suspicious,suspicious,0.058758,0.078201,250,ok;ok;blank;blank,/cpfs/user/zhuzihou/assets/dedup_workspaces/test0_transitive_apply_parallel/dataset/GRScenes_assets/pillow/1322abd2d046373b84effceb1fc56574,/cpfs/user/zhuzihou/assets/dedup_workspaces/test0_transitive_apply_parallel/dataset/GRScenes_assets/pillow/1322abd2d046373b84effceb1fc56574/usd/1322abd2d046373b84effceb1fc56574.usd
pillow,13bb9c4d94c4fe698dad05cd63ad3bb9,suspicious,suspicious,suspicious,0.087654,0.160828,269,blank;ok;ok;blank,/cpfs/user/zhuzihou/assets/dedup_workspaces/test0_transitive_apply_parallel/dataset/GRScenes_assets/pillow/13bb9c4d94c4fe698dad05cd63ad3bb9,/cpfs/user/zhuzihou/assets/dedup_workspaces/test0_transitive_apply_parallel/dataset/GRScenes_assets/pillow/13bb9c4d94c4fe698dad05cd63ad3bb9/usd/13bb9c4d94c4fe698dad05cd63ad3bb9.usd
pillow,158f111aa347296e011e8554e1b50412,suspicious,suspicious,suspicious,0.098434,0.146118,288,blank;ok;ok;blank,/cpfs/user/zhuzihou/assets/dedup_workspaces/test0_transitive_apply_parallel/dataset/GRScenes_assets/pillow/158f111aa347296e011e8554e1b50412,/cpfs/user/zhuzihou/assets/dedup_workspaces/test0_transitive_apply_parallel/dataset/GRScenes_assets/pillow/158f111aa347296e011e8554e1b50412/usd/158f111aa347296e011e8554e1b50412.usd
pillow,159a12a48685a99eba3060c0d099a0ae,suspicious,suspicious,suspicious,0.050022,0.066528,218,ok;ok;ok;blank,/cpfs/user/zhuzihou/assets/dedup_workspaces/test0_transitive_apply_parallel/dataset/GRScenes_assets/pillow/159a12a48685a99eba3060c0d099a0ae,/cpfs/user/zhuzihou/assets/dedup_workspaces/test0_transitive_apply_parallel/dataset/GRScenes_assets/pillow/159a12a48685a99eba3060c0d099a0ae/usd/159a12a48685a99eba3060c0d099a0ae.usd
pillow,171be1dd7d249de0856a0bbdb8b28306,suspicious,suspicious,suspicious,0.072258,0.110184,249,blank;ok;ok;blank,/cpfs/user/zhuzihou/assets/dedup_workspaces/test0_transitive_apply_parallel/dataset/GRScenes_assets/pillow/171be1dd7d249de0856a0bbdb8b28306,/cpfs/user/zhuzihou/assets/dedup_workspaces/test0_transitive_apply_parallel/dataset/GRScenes_assets/pillow/171be1dd7d249de0856a0bbdb8b28306/usd/171be1dd7d249de0856a0bbdb8b28306.usd
pillow,1a0e614bdb71f14f37b7f8f7fa27cae7,suspicious,suspicious,suspicious,0.102604,0.118675,255,ok;ok;blank;ok,/cpfs/user/zhuzihou/assets/dedup_workspaces/test0_transitive_apply_parallel/dataset/GRScenes_assets/pillow/1a0e614bdb71f14f37b7f8f7fa27cae7,/cpfs/user/zhuzihou/assets/dedup_workspaces/test0_transitive_apply_parallel/dataset/GRScenes_assets/pillow/1a0e614bdb71f14f37b7f8f7fa27cae7/usd/1a0e614bdb71f14f37b7f8f7fa27cae7.usd
pillow,1a3892265ae2f9d9020d9fa08d36df46,suspicious,suspicious,suspicious,0.077858,0.127789,252,ok;ok;blank;blank,/cpfs/user/zhuzihou/assets/dedup_workspaces/test0_transitive_apply_parallel/dataset/GRScenes_assets/pillow/1a3892265ae2f9d9020d9fa08d36df46,/cpfs/user/zhuzihou/assets/dedup_workspaces/test0_transitive_apply_parallel/dataset/GRScenes_assets/pillow/1a3892265ae2f9d9020d9fa08d36df46/usd/1a3892265ae2f9d9020d9fa08d36df46.usd
pillow,1a607c3af7b26f0efc63445d0fd5cd69,suspicious,suspicious,suspicious,0.816509,1.000000,512,ok;blank;ok;blank,/cpfs/user/zhuzihou/assets/dedup_workspaces/test0_transitive_apply_parallel/dataset/GRScenes_assets/pillow/1a607c3af7b26f0efc63445d0fd5cd69,/cpfs/user/zhuzihou/assets/dedup_workspaces/test0_transitive_apply_parallel/dataset/GRScenes_assets/pillow/1a607c3af7b26f0efc63445d0fd5cd69/usd/1a607c3af7b26f0efc63445d0fd5cd69.usd
pillow,1a79d4057c6d19916086019b478400a0,suspicious,suspicious,suspicious,0.080002,0.123535,277,ok;ok;blank;blank,/cpfs/user/zhuzihou/assets/dedup_workspaces/test0_transitive_apply_parallel/dataset/GRScenes_assets/pillow/1a79d4057c6d19916086019b478400a0,/cpfs/user/zhuzihou/assets/dedup_workspaces/test0_transitive_apply_parallel/dataset/GRScenes_assets/pillow/1a79d4057c6d19916086019b478400a0/usd/1a79d4057c6d19916086019b478400a0.usd
pillow,1c98e0fac4eae68ad57f822da80b27c8,suspicious,suspicious,suspicious,0.123852,0.165653,290,blank;ok;ok;blank,/cpfs/user/zhuzihou/assets/dedup_workspaces/test0_transitive_apply_parallel/dataset/GRScenes_assets/pillow/1c98e0fac4eae68ad57f822da80b27c8,/cpfs/user/zhuzihou/assets/dedup_workspaces/test0_transitive_apply_parallel/dataset/GRScenes_assets/pillow/1c98e0fac4eae68ad57f822da80b27c8/usd/1c98e0fac4eae68ad57f822da80b27c8.usd
pillow,1ca2f55db006d619955a68692ef16785,suspicious,suspicious,suspicious,0.065926,0.123047,256,blank;ok;ok;blank,/cpfs/user/zhuzihou/assets/dedup_workspaces/test0_transitive_apply_parallel/dataset/GRScenes_assets/pillow/1ca2f55db006d619955a68692ef16785,/cpfs/user/zhuzihou/assets/dedup_workspaces/test0_transitive_apply_parallel/dataset/GRScenes_assets/pillow/1ca2f55db006d619955a68692ef16785/usd/1ca2f55db006d619955a68692ef16785.usd
pillow,1eb6fd0263ee5d60798f5788e6cb87a0,suspicious,suspicious,suspicious,0.087833,0.130859,292,blank;ok;ok;blank,/cpfs/user/zhuzihou/assets/dedup_workspaces/test0_transitive_apply_parallel/dataset/GRScenes_assets/pillow/1eb6fd0263ee5d60798f5788e6cb87a0,/cpfs/user/zhuzihou/assets/dedup_workspaces/test0_transitive_apply_parallel/dataset/GRScenes_assets/pillow/1eb6fd0263ee5d60798f5788e6cb87a0/usd/1eb6fd0263ee5d60798f5788e6cb87a0.usd
pillow,1ec5ce5cd944b991a1543b4a3b7bd02f,suspicious,suspicious,suspicious,0.040981,0.065617,237,ok;ok;blank;blank,/cpfs/user/zhuzihou/assets/dedup_workspaces/test0_transitive_apply_parallel/dataset/GRScenes_assets/pillow/1ec5ce5cd944b991a1543b4a3b7bd02f,/cpfs/user/zhuzihou/assets/dedup_workspaces/test0_transitive_apply_parallel/dataset/GRScenes_assets/pillow/1ec5ce5cd944b991a1543b4a3b7bd02f/usd/1ec5ce5cd944b991a1543b4a3b7bd02f.usd
pillow,1f9fba4511636f1a2c3f88dba8f27b32,suspicious,suspicious,suspicious,0.063332,0.107765,245,ok;ok;blank;blank,/cpfs/user/zhuzihou/assets/dedup_workspaces/test0_transitive_apply_parallel/dataset/GRScenes_assets/pillow/1f9fba4511636f1a2c3f88dba8f27b32,/cpfs/user/zhuzihou/assets/dedup_workspaces/test0_transitive_apply_parallel/dataset/GRScenes_assets/pillow/1f9fba4511636f1a2c3f88dba8f27b32/usd/1f9fba4511636f1a2c3f88dba8f27b32.usd
pillow,21322a5c8dd104172385995d255a4601,suspicious,suspicious,suspicious,0.067902,0.084877,250,ok;ok;tiny;blank,/cpfs/user/zhuzihou/assets/dedup_workspaces/test0_transitive_apply_parallel/dataset/GRScenes_assets/pillow/21322a5c8dd104172385995d255a4601,/cpfs/user/zhuzihou/assets/dedup_workspaces/test0_transitive_apply_parallel/dataset/GRScenes_assets/pillow/21322a5c8dd104172385995d255a4601/usd/21322a5c8dd104172385995d255a4601.usd
pillow,2250347f9d42d4320f9258b3b9aaa895,suspicious,suspicious,suspicious,0.072563,0.109741,243,ok;ok;blank;blank,/cpfs/user/zhuzihou/assets/dedup_workspaces/test0_transitive_apply_parallel/dataset/GRScenes_assets/pillow/2250347f9d42d4320f9258b3b9aaa895,/cpfs/user/zhuzihou/assets/dedup_workspaces/test0_transitive_apply_parallel/dataset/GRScenes_assets/pillow/2250347f9d42d4320f9258b3b9aaa895/usd/2250347f9d42d4320f9258b3b9aaa895.usd
pillow,230598229d045005df7ff9285511c379,suspicious,suspicious,suspicious,0.058762,0.108940,229,ok;ok;blank;blank,/cpfs/user/zhuzihou/assets/dedup_workspaces/test0_transitive_apply_parallel/dataset/GRScenes_assets/pillow/230598229d045005df7ff9285511c379,/cpfs/user/zhuzihou/assets/dedup_workspaces/test0_transitive_apply_parallel/dataset/GRScenes_assets/pillow/230598229d045005df7ff9285511c379/usd/230598229d045005df7ff9285511c379.usd
pillow,23530aae627f22c403f3e2cfa0c54f74,suspicious,suspicious,suspicious,0.080746,0.127888,243,blank;ok;ok;blank,/cpfs/user/zhuzihou/assets/dedup_workspaces/test0_transitive_apply_parallel/dataset/GRScenes_assets/pillow/23530aae627f22c403f3e2cfa0c54f74,/cpfs/user/zhuzihou/assets/dedup_workspaces/test0_transitive_apply_parallel/dataset/GRScenes_assets/pillow/23530aae627f22c403f3e2cfa0c54f74/usd/23530aae627f22c403f3e2cfa0c54f74.usd
pillow,24e7cacda39455aa8235cd88171bb8e1,suspicious,suspicious,suspicious,0.056358,0.089645,237,blank;ok;ok;blank,/cpfs/user/zhuzihou/assets/dedup_workspaces/test0_transitive_apply_parallel/dataset/GRScenes_assets/pillow/24e7cacda39455aa8235cd88171bb8e1,/cpfs/user/zhuzihou/assets/dedup_workspaces/test0_transitive_apply_parallel/dataset/GRScenes_assets/pillow/24e7cacda39455aa8235cd88171bb8e1/usd/24e7cacda39455aa8235cd88171bb8e1.usd
pillow,26b0d77dc07dc4f99996b5e78a14b9be,suspicious,suspicious,suspicious,0.226547,0.378906,512,blank;ok;blank;ok,/cpfs/user/zhuzihou/assets/dedup_workspaces/test0_transitive_apply_parallel/dataset/GRScenes_assets/pillow/26b0d77dc07dc4f99996b5e78a14b9be,/cpfs/user/zhuzihou/assets/dedup_workspaces/test0_transitive_apply_parallel/dataset/GRScenes_assets/pillow/26b0d77dc07dc4f99996b5e78a14b9be/usd/26b0d77dc07dc4f99996b5e78a14b9be.usd
pillow,2a2c1cf8be3e71959e7133d0b2adb42b,suspicious,suspicious,suspicious,0.066498,0.101166,260,blank;ok;ok;blank,/cpfs/user/zhuzihou/assets/dedup_workspaces/test0_transitive_apply_parallel/dataset/GRScenes_assets/pillow/2a2c1cf8be3e71959e7133d0b2adb42b,/cpfs/user/zhuzihou/assets/dedup_workspaces/test0_transitive_apply_parallel/dataset/GRScenes_assets/pillow/2a2c1cf8be3e71959e7133d0b2adb42b/usd/2a2c1cf8be3e71959e7133d0b2adb42b.usd
pillow,2b0ce4fdf29bdd63b218da6c931589c0,suspicious,suspicious,suspicious,0.064663,0.082916,209,tiny;ok;tiny;blank,/cpfs/user/zhuzihou/assets/dedup_workspaces/test0_transitive_apply_parallel/dataset/GRScenes_assets/pillow/2b0ce4fdf29bdd63b218da6c931589c0,/cpfs/user/zhuzihou/assets/dedup_workspaces/test0_transitive_apply_parallel/dataset/GRScenes_assets/pillow/2b0ce4fdf29bdd63b218da6c931589c0/usd/2b0ce4fdf29bdd63b218da6c931589c0.usd
pillow,2e1f8b3377c33411a1c290d727607e9f,suspicious,suspicious,suspicious,0.080421,0.117310,261,ok;ok;blank;blank,/cpfs/user/zhuzihou/assets/dedup_workspaces/test0_transitive_apply_parallel/dataset/GRScenes_assets/pillow/2e1f8b3377c33411a1c290d727607e9f,/cpfs/user/zhuzihou/assets/dedup_workspaces/test0_transitive_apply_parallel/dataset/GRScenes_assets/pillow/2e1f8b3377c33411a1c290d727607e9f/usd/2e1f8b3377c33411a1c290d727607e9f.usd
pillow,2e72ae9284dee3fecea5552e73704c55,suspicious,suspicious,suspicious,0.066166,0.095272,225,blank;ok;ok;ok,/cpfs/user/zhuzihou/assets/dedup_workspaces/test0_transitive_apply_parallel/dataset/GRScenes_assets/pillow/2e72ae9284dee3fecea5552e73704c55,/cpfs/user/zhuzihou/assets/dedup_workspaces/test0_transitive_apply_parallel/dataset/GRScenes_assets/pillow/2e72ae9284dee3fecea5552e73704c55/usd/2e72ae9284dee3fecea5552e73704c55.usd
pillow,2fa92552b3dc57ffd521db302119bbe0,suspicious,suspicious,suspicious,0.092113,0.131416,265,ok;blank;blank;ok,/cpfs/user/zhuzihou/assets/dedup_workspaces/test0_transitive_apply_parallel/dataset/GRScenes_assets/pillow/2fa92552b3dc57ffd521db302119bbe0,/cpfs/user/zhuzihou/assets/dedup_workspaces/test0_transitive_apply_parallel/dataset/GRScenes_assets/pillow/2fa92552b3dc57ffd521db302119bbe0/usd/2fa92552b3dc57ffd521db302119bbe0.usd
pillow,307765b617a9b65d4d6f4f06a3bfba13,suspicious,suspicious,suspicious,0.099354,0.141708,251,ok;ok;ok;tiny,/cpfs/user/zhuzihou/assets/dedup_workspaces/test0_transitive_apply_parallel/dataset/GRScenes_assets/pillow/307765b617a9b65d4d6f4f06a3bfba13,/cpfs/user/zhuzihou/assets/dedup_workspaces/test0_transitive_apply_parallel/dataset/GRScenes_assets/pillow/307765b617a9b65d4d6f4f06a3bfba13/usd/307765b617a9b65d4d6f4f06a3bfba13.usd
pillow,31168272d64cf3b8745f2163fc0b7a15,suspicious,suspicious,suspicious,0.092728,0.121769,233,ok;ok;ok;blank,/cpfs/user/zhuzihou/assets/dedup_workspaces/test0_transitive_apply_parallel/dataset/GRScenes_assets/pillow/31168272d64cf3b8745f2163fc0b7a15,/cpfs/user/zhuzihou/assets/dedup_workspaces/test0_transitive_apply_parallel/dataset/GRScenes_assets/pillow/31168272d64cf3b8745f2163fc0b7a15/usd/31168272d64cf3b8745f2163fc0b7a15.usd
pillow,31707638a64304240e8dd22914f94531,suspicious,suspicious,suspicious,0.089222,0.129883,260,ok;ok;blank;blank,/cpfs/user/zhuzihou/assets/dedup_workspaces/test0_transitive_apply_parallel/dataset/GRScenes_assets/pillow/31707638a64304240e8dd22914f94531,/cpfs/user/zhuzihou/assets/dedup_workspaces/test0_transitive_apply_parallel/dataset/GRScenes_assets/pillow/31707638a64304240e8dd22914f94531/usd/31707638a64304240e8dd22914f94531.usd
pillow,362610a39cb7354a473a3a175e24cd47,suspicious,suspicious,suspicious,0.095623,0.149380,252,ok;ok;blank;blank,/cpfs/user/zhuzihou/assets/dedup_workspaces/test0_transitive_apply_parallel/dataset/GRScenes_assets/pillow/362610a39cb7354a473a3a175e24cd47,/cpfs/user/zhuzihou/assets/dedup_workspaces/test0_transitive_apply_parallel/dataset/GRScenes_assets/pillow/362610a39cb7354a473a3a175e24cd47/usd/362610a39cb7354a473a3a175e24cd47.usd
pillow,36720d7a153437a1c12039f1f3348214,suspicious,suspicious,suspicious,0.055283,0.090122,178,ok;ok;tiny;ok,/cpfs/user/zhuzihou/assets/dedup_workspaces/test0_transitive_apply_parallel/dataset/GRScenes_assets/pillow/36720d7a153437a1c12039f1f3348214,/cpfs/user/zhuzihou/assets/dedup_workspaces/test0_transitive_apply_parallel/dataset/GRScenes_assets/pillow/36720d7a153437a1c12039f1f3348214/usd/36720d7a153437a1c12039f1f3348214.usd
pillow,3701a1d5befb3a78e748610ca4637d96,suspicious,suspicious,suspicious,0.099499,0.147213,295,blank;ok;ok;blank,/cpfs/user/zhuzihou/assets/dedup_workspaces/test0_transitive_apply_parallel/dataset/GRScenes_assets/pillow/3701a1d5befb3a78e748610ca4637d96,/cpfs/user/zhuzihou/assets/dedup_workspaces/test0_transitive_apply_parallel/dataset/GRScenes_assets/pillow/3701a1d5befb3a78e748610ca4637d96/usd/3701a1d5befb3a78e748610ca4637d96.usd
pillow,3784ecbcc61985e172bc921f9aeeac29,suspicious,suspicious,suspicious,0.084484,0.107040,258,ok;ok;tiny;blank,/cpfs/user/zhuzihou/assets/dedup_workspaces/test0_transitive_apply_parallel/dataset/GRScenes_assets/pillow/3784ecbcc61985e172bc921f9aeeac29,/cpfs/user/zhuzihou/assets/dedup_workspaces/test0_transitive_apply_parallel/dataset/GRScenes_assets/pillow/3784ecbcc61985e172bc921f9aeeac29/usd/3784ecbcc61985e172bc921f9aeeac29.usd
pillow,3993f35d437b473e5e1fb8c8097a5468,suspicious,suspicious,suspicious,0.115864,0.136841,252,ok;ok;blank;ok,/cpfs/user/zhuzihou/assets/dedup_workspaces/test0_transitive_apply_parallel/dataset/GRScenes_assets/pillow/3993f35d437b473e5e1fb8c8097a5468,/cpfs/user/zhuzihou/assets/dedup_workspaces/test0_transitive_apply_parallel/dataset/GRScenes_assets/pillow/3993f35d437b473e5e1fb8c8097a5468/usd/3993f35d437b473e5e1fb8c8097a5468.usd
pillow,39abaf818dbab1eea5e956ce305dc888,suspicious,suspicious,suspicious,0.066547,0.115311,229,blank;ok;ok;blank,/cpfs/user/zhuzihou/assets/dedup_workspaces/test0_transitive_apply_parallel/dataset/GRScenes_assets/pillow/39abaf818dbab1eea5e956ce305dc888,/cpfs/user/zhuzihou/assets/dedup_workspaces/test0_transitive_apply_parallel/dataset/GRScenes_assets/pillow/39abaf818dbab1eea5e956ce305dc888/usd/39abaf818dbab1eea5e956ce305dc888.usd
pillow,3a93ffab02d51ef73c8477f27b783ed9,suspicious,suspicious,suspicious,0.053791,0.099281,182,tiny;ok;ok;ok,/cpfs/user/zhuzihou/assets/dedup_workspaces/test0_transitive_apply_parallel/dataset/GRScenes_assets/pillow/3a93ffab02d51ef73c8477f27b783ed9,/cpfs/user/zhuzihou/assets/dedup_workspaces/test0_transitive_apply_parallel/dataset/GRScenes_assets/pillow/3a93ffab02d51ef73c8477f27b783ed9/usd/3a93ffab02d51ef73c8477f27b783ed9.usd
pillow,3b2b0f822a8895674c80b773bd921c9a,suspicious,suspicious,suspicious,0.064476,0.106224,236,blank;ok;ok;blank,/cpfs/user/zhuzihou/assets/dedup_workspaces/test0_transitive_apply_parallel/dataset/GRScenes_assets/pillow/3b2b0f822a8895674c80b773bd921c9a,/cpfs/user/zhuzihou/assets/dedup_workspaces/test0_transitive_apply_parallel/dataset/GRScenes_assets/pillow/3b2b0f822a8895674c80b773bd921c9a/usd/3b2b0f822a8895674c80b773bd921c9a.usd
pillow,3c79eeec05d84dd6c451bd69994d86b7,suspicious,suspicious,suspicious,0.091267,0.121101,222,blank;ok;ok;blank,/cpfs/user/zhuzihou/assets/dedup_workspaces/test0_transitive_apply_parallel/dataset/GRScenes_assets/pillow/3c79eeec05d84dd6c451bd69994d86b7,/cpfs/user/zhuzihou/assets/dedup_workspaces/test0_transitive_apply_parallel/dataset/GRScenes_assets/pillow/3c79eeec05d84dd6c451bd69994d86b7/usd/3c79eeec05d84dd6c451bd69994d86b7.usd
pillow,3d4fa06b586340efc81ab845353b3df3,suspicious,suspicious,suspicious,0.095058,0.167267,280,blank;ok;ok;blank,/cpfs/user/zhuzihou/assets/dedup_workspaces/test0_transitive_apply_parallel/dataset/GRScenes_assets/pillow/3d4fa06b586340efc81ab845353b3df3,/cpfs/user/zhuzihou/assets/dedup_workspaces/test0_transitive_apply_parallel/dataset/GRScenes_assets/pillow/3d4fa06b586340efc81ab845353b3df3/usd/3d4fa06b586340efc81ab845353b3df3.usd
pillow,3e6a850276032d5baec20a52a19f2c9c,suspicious,suspicious,suspicious,0.091949,0.135498,274,blank;ok;ok;blank,/cpfs/user/zhuzihou/assets/dedup_workspaces/test0_transitive_apply_parallel/dataset/GRScenes_assets/pillow/3e6a850276032d5baec20a52a19f2c9c,/cpfs/user/zhuzihou/assets/dedup_workspaces/test0_transitive_apply_parallel/dataset/GRScenes_assets/pillow/3e6a850276032d5baec20a52a19f2c9c/usd/3e6a850276032d5baec20a52a19f2c9c.usd
pillow,3ead3806c247e4c6a2b01a6cec4815c0,suspicious,suspicious,suspicious,0.089516,0.111427,254,ok;ok;blank;blank,/cpfs/user/zhuzihou/assets/dedup_workspaces/test0_transitive_apply_parallel/dataset/GRScenes_assets/pillow/3ead3806c247e4c6a2b01a6cec4815c0,/cpfs/user/zhuzihou/assets/dedup_workspaces/test0_transitive_apply_parallel/dataset/GRScenes_assets/pillow/3ead3806c247e4c6a2b01a6cec4815c0/usd/3ead3806c247e4c6a2b01a6cec4815c0.usd
pillow,3f043ac5fcceef58d5d368b1653d9615,suspicious,suspicious,suspicious,0.077229,0.100830,236,blank;ok;ok;blank,/cpfs/user/zhuzihou/assets/dedup_workspaces/test0_transitive_apply_parallel/dataset/GRScenes_assets/pillow/3f043ac5fcceef58d5d368b1653d9615,/cpfs/user/zhuzihou/assets/dedup_workspaces/test0_transitive_apply_parallel/dataset/GRScenes_assets/pillow/3f043ac5fcceef58d5d368b1653d9615/usd/3f043ac5fcceef58d5d368b1653d9615.usd
pillow,3f2d9a217acae05dc8b817a288545569,suspicious,suspicious,suspicious,0.092331,0.109154,251,ok;ok;ok;blank,/cpfs/user/zhuzihou/assets/dedup_workspaces/test0_transitive_apply_parallel/dataset/GRScenes_assets/pillow/3f2d9a217acae05dc8b817a288545569,/cpfs/user/zhuzihou/assets/dedup_workspaces/test0_transitive_apply_parallel/dataset/GRScenes_assets/pillow/3f2d9a217acae05dc8b817a288545569/usd/3f2d9a217acae05dc8b817a288545569.usd
pillow,42a68f6e844c34cbd4d50787fe3a1bb1,suspicious,suspicious,suspicious,0.065048,0.076717,221,blank;ok;ok;blank,/cpfs/user/zhuzihou/assets/dedup_workspaces/test0_transitive_apply_parallel/dataset/GRScenes_assets/pillow/42a68f6e844c34cbd4d50787fe3a1bb1,/cpfs/user/zhuzihou/assets/dedup_workspaces/test0_transitive_apply_parallel/dataset/GRScenes_assets/pillow/42a68f6e844c34cbd4d50787fe3a1bb1/usd/42a68f6e844c34cbd4d50787fe3a1bb1.usd
pillow,42bbaaeaf8ecbf5ffbd570c54bc9a0b9,suspicious,suspicious,suspicious,0.077000,0.113140,223,blank;ok;ok;blank,/cpfs/user/zhuzihou/assets/dedup_workspaces/test0_transitive_apply_parallel/dataset/GRScenes_assets/pillow/42bbaaeaf8ecbf5ffbd570c54bc9a0b9,/cpfs/user/zhuzihou/assets/dedup_workspaces/test0_transitive_apply_parallel/dataset/GRScenes_assets/pillow/42bbaaeaf8ecbf5ffbd570c54bc9a0b9/usd/42bbaaeaf8ecbf5ffbd570c54bc9a0b9.usd
pillow,438d65570898a80b7b3c362e016849ef,suspicious,suspicious,suspicious,0.119793,0.164246,320,ok;ok;blank;blank,/cpfs/user/zhuzihou/assets/dedup_workspaces/test0_transitive_apply_parallel/dataset/GRScenes_assets/pillow/438d65570898a80b7b3c362e016849ef,/cpfs/user/zhuzihou/assets/dedup_workspaces/test0_transitive_apply_parallel/dataset/GRScenes_assets/pillow/438d65570898a80b7b3c362e016849ef/usd/438d65570898a80b7b3c362e016849ef.usd
pillow,43b34d1be8bc45e1920edbf110652cf3,suspicious,suspicious,suspicious,0.103226,0.144043,236,ok;ok;ok;blank,/cpfs/user/zhuzihou/assets/dedup_workspaces/test0_transitive_apply_parallel/dataset/GRScenes_assets/pillow/43b34d1be8bc45e1920edbf110652cf3,/cpfs/user/zhuzihou/assets/dedup_workspaces/test0_transitive_apply_parallel/dataset/GRScenes_assets/pillow/43b34d1be8bc45e1920edbf110652cf3/usd/43b34d1be8bc45e1920edbf110652cf3.usd
pillow,43f94e84e07438ff0594bd026f330297,suspicious,suspicious,suspicious,0.056786,0.088226,250,blank;ok;ok;blank,/cpfs/user/zhuzihou/assets/dedup_workspaces/test0_transitive_apply_parallel/dataset/GRScenes_assets/pillow/43f94e84e07438ff0594bd026f330297,/cpfs/user/zhuzihou/assets/dedup_workspaces/test0_transitive_apply_parallel/dataset/GRScenes_assets/pillow/43f94e84e07438ff0594bd026f330297/usd/43f94e84e07438ff0594bd026f330297.usd
pillow,44564aa1fcfdc67386fe411a113140bc,suspicious,suspicious,suspicious,0.093830,0.109749,210,ok;ok;blank;blank,/cpfs/user/zhuzihou/assets/dedup_workspaces/test0_transitive_apply_parallel/dataset/GRScenes_assets/pillow/44564aa1fcfdc67386fe411a113140bc,/cpfs/user/zhuzihou/assets/dedup_workspaces/test0_transitive_apply_parallel/dataset/GRScenes_assets/pillow/44564aa1fcfdc67386fe411a113140bc/usd/44564aa1fcfdc67386fe411a113140bc.usd
pillow,44f9832497def69ec57f6c8680dc9b89,suspicious,suspicious,suspicious,0.126888,0.181850,305,ok;ok;tiny;tiny,/cpfs/user/zhuzihou/assets/dedup_workspaces/test0_transitive_apply_parallel/dataset/GRScenes_assets/pillow/44f9832497def69ec57f6c8680dc9b89,/cpfs/user/zhuzihou/assets/dedup_workspaces/test0_transitive_apply_parallel/dataset/GRScenes_assets/pillow/44f9832497def69ec57f6c8680dc9b89/usd/44f9832497def69ec57f6c8680dc9b89.usd
pillow,4544441f9d13bff073c83f34f934ce6d,suspicious,suspicious,suspicious,0.097713,0.158981,295,ok;ok;blank;blank,/cpfs/user/zhuzihou/assets/dedup_workspaces/test0_transitive_apply_parallel/dataset/GRScenes_assets/pillow/4544441f9d13bff073c83f34f934ce6d,/cpfs/user/zhuzihou/assets/dedup_workspaces/test0_transitive_apply_parallel/dataset/GRScenes_assets/pillow/4544441f9d13bff073c83f34f934ce6d/usd/4544441f9d13bff073c83f34f934ce6d.usd
pillow,46a9ab367839983e7cf70621bd98094c,suspicious,suspicious,suspicious,0.097267,0.138885,285,blank;ok;ok;blank,/cpfs/user/zhuzihou/assets/dedup_workspaces/test0_transitive_apply_parallel/dataset/GRScenes_assets/pillow/46a9ab367839983e7cf70621bd98094c,/cpfs/user/zhuzihou/assets/dedup_workspaces/test0_transitive_apply_parallel/dataset/GRScenes_assets/pillow/46a9ab367839983e7cf70621bd98094c/usd/46a9ab367839983e7cf70621bd98094c.usd
pillow,46b210690e6bdc3f4278dcb757aef996,suspicious,suspicious,suspicious,0.116692,0.132011,242,blank;ok;ok;blank,/cpfs/user/zhuzihou/assets/dedup_workspaces/test0_transitive_apply_parallel/dataset/GRScenes_assets/pillow/46b210690e6bdc3f4278dcb757aef996,/cpfs/user/zhuzihou/assets/dedup_workspaces/test0_transitive_apply_parallel/dataset/GRScenes_assets/pillow/46b210690e6bdc3f4278dcb757aef996/usd/46b210690e6bdc3f4278dcb757aef996.usd
pillow,4742c2912c2c54272ddb355ee379871e,suspicious,suspicious,suspicious,0.037086,0.067642,143,blank;ok;ok;blank,/cpfs/user/zhuzihou/assets/dedup_workspaces/test0_transitive_apply_parallel/dataset/GRScenes_assets/pillow/4742c2912c2c54272ddb355ee379871e,/cpfs/user/zhuzihou/assets/dedup_workspaces/test0_transitive_apply_parallel/dataset/GRScenes_assets/pillow/4742c2912c2c54272ddb355ee379871e/usd/4742c2912c2c54272ddb355ee379871e.usd
pillow,484a6ca68767f521147b453b598544b5,suspicious,suspicious,suspicious,0.078167,0.115356,243,blank;ok;ok;blank,/cpfs/user/zhuzihou/assets/dedup_workspaces/test0_transitive_apply_parallel/dataset/GRScenes_assets/pillow/484a6ca68767f521147b453b598544b5,/cpfs/user/zhuzihou/assets/dedup_workspaces/test0_transitive_apply_parallel/dataset/GRScenes_assets/pillow/484a6ca68767f521147b453b598544b5/usd/484a6ca68767f521147b453b598544b5.usd
pillow,49e324c9354edb82f7c5dc999b8aa97a,suspicious,suspicious,suspicious,0.056290,0.059280,259,blank;ok;ok;blank,/cpfs/user/zhuzihou/assets/dedup_workspaces/test0_transitive_apply_parallel/dataset/GRScenes_assets/pillow/49e324c9354edb82f7c5dc999b8aa97a,/cpfs/user/zhuzihou/assets/dedup_workspaces/test0_transitive_apply_parallel/dataset/GRScenes_assets/pillow/49e324c9354edb82f7c5dc999b8aa97a/usd/49e324c9354edb82f7c5dc999b8aa97a.usd
pillow,4a46e05dcfed06af58b52f1fc9edf48e,suspicious,suspicious,suspicious,0.098030,0.158905,264,blank;ok;ok;blank,/cpfs/user/zhuzihou/assets/dedup_workspaces/test0_transitive_apply_parallel/dataset/GRScenes_assets/pillow/4a46e05dcfed06af58b52f1fc9edf48e,/cpfs/user/zhuzihou/assets/dedup_workspaces/test0_transitive_apply_parallel/dataset/GRScenes_assets/pillow/4a46e05dcfed06af58b52f1fc9edf48e/usd/4a46e05dcfed06af58b52f1fc9edf48e.usd
pillow,4afb557e4b28a12324ae59ac8d0f2b20,suspicious,suspicious,suspicious,0.082176,0.104248,244,ok;ok;ok;blank,/cpfs/user/zhuzihou/assets/dedup_workspaces/test0_transitive_apply_parallel/dataset/GRScenes_assets/pillow/4afb557e4b28a12324ae59ac8d0f2b20,/cpfs/user/zhuzihou/assets/dedup_workspaces/test0_transitive_apply_parallel/dataset/GRScenes_assets/pillow/4afb557e4b28a12324ae59ac8d0f2b20/usd/4afb557e4b28a12324ae59ac8d0f2b20.usd
pillow,4b0aa5c0a2ef6b8017140b27c67748f0,suspicious,suspicious,suspicious,0.068848,0.085487,270,ok;ok;ok;blank,/cpfs/user/zhuzihou/assets/dedup_workspaces/test0_transitive_apply_parallel/dataset/GRScenes_assets/pillow/4b0aa5c0a2ef6b8017140b27c67748f0,/cpfs/user/zhuzihou/assets/dedup_workspaces/test0_transitive_apply_parallel/dataset/GRScenes_assets/pillow/4b0aa5c0a2ef6b8017140b27c67748f0/usd/4b0aa5c0a2ef6b8017140b27c67748f0.usd
pillow,4b9a41508822342c0957300482057d79,suspicious,suspicious,suspicious,0.083099,0.128563,246,blank;ok;ok;blank,/cpfs/user/zhuzihou/assets/dedup_workspaces/test0_transitive_apply_parallel/dataset/GRScenes_assets/pillow/4b9a41508822342c0957300482057d79,/cpfs/user/zhuzihou/assets/dedup_workspaces/test0_transitive_apply_parallel/dataset/GRScenes_assets/pillow/4b9a41508822342c0957300482057d79/usd/4b9a41508822342c0957300482057d79.usd
pillow,4c936b5dab7faf15395b5a6e3a494593,suspicious,suspicious,suspicious,0.142826,0.173035,306,ok;ok;blank;blank,/cpfs/user/zhuzihou/assets/dedup_workspaces/test0_transitive_apply_parallel/dataset/GRScenes_assets/pillow/4c936b5dab7faf15395b5a6e3a494593,/cpfs/user/zhuzihou/assets/dedup_workspaces/test0_transitive_apply_parallel/dataset/GRScenes_assets/pillow/4c936b5dab7faf15395b5a6e3a494593/usd/4c936b5dab7faf15395b5a6e3a494593.usd
pillow,4ded23602a5a37f4cdbeb5a18d12fb4a,suspicious,suspicious,suspicious,0.065201,0.099548,243,tiny;ok;ok;tiny,/cpfs/user/zhuzihou/assets/dedup_workspaces/test0_transitive_apply_parallel/dataset/GRScenes_assets/pillow/4ded23602a5a37f4cdbeb5a18d12fb4a,/cpfs/user/zhuzihou/assets/dedup_workspaces/test0_transitive_apply_parallel/dataset/GRScenes_assets/pillow/4ded23602a5a37f4cdbeb5a18d12fb4a/usd/4ded23602a5a37f4cdbeb5a18d12fb4a.usd
pillow,4e5b4b9f0b9261402e405441e602edec,suspicious,suspicious,suspicious,0.083897,0.133789,273,blank;ok;ok;blank,/cpfs/user/zhuzihou/assets/dedup_workspaces/test0_transitive_apply_parallel/dataset/GRScenes_assets/pillow/4e5b4b9f0b9261402e405441e602edec,/cpfs/user/zhuzihou/assets/dedup_workspaces/test0_transitive_apply_parallel/dataset/GRScenes_assets/pillow/4e5b4b9f0b9261402e405441e602edec/usd/4e5b4b9f0b9261402e405441e602edec.usd
pillow,4e7b782d5b87e30114f83818b3e9186c,suspicious,suspicious,suspicious,0.098179,0.157093,266,blank;ok;ok;blank,/cpfs/user/zhuzihou/assets/dedup_workspaces/test0_transitive_apply_parallel/dataset/GRScenes_assets/pillow/4e7b782d5b87e30114f83818b3e9186c,/cpfs/user/zhuzihou/assets/dedup_workspaces/test0_transitive_apply_parallel/dataset/GRScenes_assets/pillow/4e7b782d5b87e30114f83818b3e9186c/usd/4e7b782d5b87e30114f83818b3e9186c.usd
pillow,4ee23c23739274d8957962b84725e695,suspicious,suspicious,suspicious,0.083645,0.144356,273,blank;ok;ok;blank,/cpfs/user/zhuzihou/assets/dedup_workspaces/test0_transitive_apply_parallel/dataset/GRScenes_assets/pillow/4ee23c23739274d8957962b84725e695,/cpfs/user/zhuzihou/assets/dedup_workspaces/test0_transitive_apply_parallel/dataset/GRScenes_assets/pillow/4ee23c23739274d8957962b84725e695/usd/4ee23c23739274d8957962b84725e695.usd
pillow,507c7101f7e40b6e8688717a3e27aa4f,suspicious,suspicious,suspicious,0.097816,0.116318,238,ok;ok;blank;blank,/cpfs/user/zhuzihou/assets/dedup_workspaces/test0_transitive_apply_parallel/dataset/GRScenes_assets/pillow/507c7101f7e40b6e8688717a3e27aa4f,/cpfs/user/zhuzihou/assets/dedup_workspaces/test0_transitive_apply_parallel/dataset/GRScenes_assets/pillow/507c7101f7e40b6e8688717a3e27aa4f/usd/507c7101f7e40b6e8688717a3e27aa4f.usd
pillow,510fb2dabd6c1556608742a8370cf471,suspicious,suspicious,suspicious,0.065971,0.107971,232,ok;ok;blank;blank,/cpfs/user/zhuzihou/assets/dedup_workspaces/test0_transitive_apply_parallel/dataset/GRScenes_assets/pillow/510fb2dabd6c1556608742a8370cf471,/cpfs/user/zhuzihou/assets/dedup_workspaces/test0_transitive_apply_parallel/dataset/GRScenes_assets/pillow/510fb2dabd6c1556608742a8370cf471/usd/510fb2dabd6c1556608742a8370cf471.usd
pillow,51e3d0a4a6eb87785ec82f578b66cea0,suspicious,suspicious,suspicious,0.077011,0.111511,247,blank;ok;ok;blank,/cpfs/user/zhuzihou/assets/dedup_workspaces/test0_transitive_apply_parallel/dataset/GRScenes_assets/pillow/51e3d0a4a6eb87785ec82f578b66cea0,/cpfs/user/zhuzihou/assets/dedup_workspaces/test0_transitive_apply_parallel/dataset/GRScenes_assets/pillow/51e3d0a4a6eb87785ec82f578b66cea0/usd/51e3d0a4a6eb87785ec82f578b66cea0.usd
pillow,548b923cbfe03c1bd6e4b8c1216e5d34,suspicious,suspicious,suspicious,0.113724,0.152588,250,ok;ok;blank;blank,/cpfs/user/zhuzihou/assets/dedup_workspaces/test0_transitive_apply_parallel/dataset/GRScenes_assets/pillow/548b923cbfe03c1bd6e4b8c1216e5d34,/cpfs/user/zhuzihou/assets/dedup_workspaces/test0_transitive_apply_parallel/dataset/GRScenes_assets/pillow/548b923cbfe03c1bd6e4b8c1216e5d34/usd/548b923cbfe03c1bd6e4b8c1216e5d34.usd
pillow,56a9405077a72cbbfb15c5598decf29d,suspicious,suspicious,suspicious,0.088150,0.120029,217,blank;ok;tiny;blank,/cpfs/user/zhuzihou/assets/dedup_workspaces/test0_transitive_apply_parallel/dataset/GRScenes_assets/pillow/56a9405077a72cbbfb15c5598decf29d,/cpfs/user/zhuzihou/assets/dedup_workspaces/test0_transitive_apply_parallel/dataset/GRScenes_assets/pillow/56a9405077a72cbbfb15c5598decf29d/usd/56a9405077a72cbbfb15c5598decf29d.usd
pillow,57162ac641828a1bd46171b5d35a2d52,suspicious,suspicious,suspicious,1.000000,1.000000,512,blank;ok;ok;ok,/cpfs/user/zhuzihou/assets/dedup_workspaces/test0_transitive_apply_parallel/dataset/GRScenes_assets/pillow/57162ac641828a1bd46171b5d35a2d52,/cpfs/user/zhuzihou/assets/dedup_workspaces/test0_transitive_apply_parallel/dataset/GRScenes_assets/pillow/57162ac641828a1bd46171b5d35a2d52/usd/57162ac641828a1bd46171b5d35a2d52.usd
pillow,577cc6b6172b68aaf118582106053c1d,suspicious,suspicious,suspicious,0.060532,0.078201,250,tiny;ok;ok;blank,/cpfs/user/zhuzihou/assets/dedup_workspaces/test0_transitive_apply_parallel/dataset/GRScenes_assets/pillow/577cc6b6172b68aaf118582106053c1d,/cpfs/user/zhuzihou/assets/dedup_workspaces/test0_transitive_apply_parallel/dataset/GRScenes_assets/pillow/577cc6b6172b68aaf118582106053c1d/usd/577cc6b6172b68aaf118582106053c1d.usd
pillow,58b316b54129b512d7ab31a039f3f054,suspicious,suspicious,suspicious,0.121510,0.174477,310,blank;ok;ok;blank,/cpfs/user/zhuzihou/assets/dedup_workspaces/test0_transitive_apply_parallel/dataset/GRScenes_assets/pillow/58b316b54129b512d7ab31a039f3f054,/cpfs/user/zhuzihou/assets/dedup_workspaces/test0_transitive_apply_parallel/dataset/GRScenes_assets/pillow/58b316b54129b512d7ab31a039f3f054/usd/58b316b54129b512d7ab31a039f3f054.usd
pillow,5982bb56d625fb1c6ef799e9b8fa0a37,suspicious,suspicious,suspicious,0.045292,0.070759,238,blank;ok;ok;blank,/cpfs/user/zhuzihou/assets/dedup_workspaces/test0_transitive_apply_parallel/dataset/GRScenes_assets/pillow/5982bb56d625fb1c6ef799e9b8fa0a37,/cpfs/user/zhuzihou/assets/dedup_workspaces/test0_transitive_apply_parallel/dataset/GRScenes_assets/pillow/5982bb56d625fb1c6ef799e9b8fa0a37/usd/5982bb56d625fb1c6ef799e9b8fa0a37.usd
pillow,599d7820bacb35127953f0b16c197b5a,suspicious,suspicious,suspicious,0.065136,0.088280,203,ok;ok;ok;blank,/cpfs/user/zhuzihou/assets/dedup_workspaces/test0_transitive_apply_parallel/dataset/GRScenes_assets/pillow/599d7820bacb35127953f0b16c197b5a,/cpfs/user/zhuzihou/assets/dedup_workspaces/test0_transitive_apply_parallel/dataset/GRScenes_assets/pillow/599d7820bacb35127953f0b16c197b5a/usd/599d7820bacb35127953f0b16c197b5a.usd
pillow,59b698b2bde6d36696767db681cdd14c,suspicious,suspicious,suspicious,0.094250,0.163948,274,blank;ok;ok;blank,/cpfs/user/zhuzihou/assets/dedup_workspaces/test0_transitive_apply_parallel/dataset/GRScenes_assets/pillow/59b698b2bde6d36696767db681cdd14c,/cpfs/user/zhuzihou/assets/dedup_workspaces/test0_transitive_apply_parallel/dataset/GRScenes_assets/pillow/59b698b2bde6d36696767db681cdd14c/usd/59b698b2bde6d36696767db681cdd14c.usd
pillow,5a2bbe607ad465ff27967f141375bff5,suspicious,suspicious,suspicious,0.070862,0.109356,285,ok;ok;blank;blank,/cpfs/user/zhuzihou/assets/dedup_workspaces/test0_transitive_apply_parallel/dataset/GRScenes_assets/pillow/5a2bbe607ad465ff27967f141375bff5,/cpfs/user/zhuzihou/assets/dedup_workspaces/test0_transitive_apply_parallel/dataset/GRScenes_assets/pillow/5a2bbe607ad465ff27967f141375bff5/usd/5a2bbe607ad465ff27967f141375bff5.usd
pillow,5a8690578e2d5659fc856be9c9a07937,suspicious,suspicious,suspicious,0.098785,0.121078,248,tiny;ok;ok;blank,/cpfs/user/zhuzihou/assets/dedup_workspaces/test0_transitive_apply_parallel/dataset/GRScenes_assets/pillow/5a8690578e2d5659fc856be9c9a07937,/cpfs/user/zhuzihou/assets/dedup_workspaces/test0_transitive_apply_parallel/dataset/GRScenes_assets/pillow/5a8690578e2d5659fc856be9c9a07937/usd/5a8690578e2d5659fc856be9c9a07937.usd
pillow,5c925e451cfe2fc1f0eb0cd82490f9d5,suspicious,suspicious,suspicious,0.103550,0.125122,208,ok;ok;tiny;blank,/cpfs/user/zhuzihou/assets/dedup_workspaces/test0_transitive_apply_parallel/dataset/GRScenes_assets/pillow/5c925e451cfe2fc1f0eb0cd82490f9d5,/cpfs/user/zhuzihou/assets/dedup_workspaces/test0_transitive_apply_parallel/dataset/GRScenes_assets/pillow/5c925e451cfe2fc1f0eb0cd82490f9d5/usd/5c925e451cfe2fc1f0eb0cd82490f9d5.usd
pillow,5e98d6952a4ab76ea479fa1d1e6a6412,suspicious,suspicious,suspicious,0.085995,0.121117,264,ok;ok;tiny;tiny,/cpfs/user/zhuzihou/assets/dedup_workspaces/test0_transitive_apply_parallel/dataset/GRScenes_assets/pillow/5e98d6952a4ab76ea479fa1d1e6a6412,/cpfs/user/zhuzihou/assets/dedup_workspaces/test0_transitive_apply_parallel/dataset/GRScenes_assets/pillow/5e98d6952a4ab76ea479fa1d1e6a6412/usd/5e98d6952a4ab76ea479fa1d1e6a6412.usd
pillow,5ed9c7ad60b90596a1c78917753d9f0f,suspicious,suspicious,suspicious,0.064037,0.119202,186,blank;ok;blank;blank,/cpfs/user/zhuzihou/assets/dedup_workspaces/test0_transitive_apply_parallel/dataset/GRScenes_assets/pillow/5ed9c7ad60b90596a1c78917753d9f0f,/cpfs/user/zhuzihou/assets/dedup_workspaces/test0_transitive_apply_parallel/dataset/GRScenes_assets/pillow/5ed9c7ad60b90596a1c78917753d9f0f/usd/5ed9c7ad60b90596a1c78917753d9f0f.usd
pillow,5f318bcd642cfff7209fa92cabd81258,suspicious,suspicious,suspicious,0.094997,0.168125,264,ok;ok;blank;blank,/cpfs/user/zhuzihou/assets/dedup_workspaces/test0_transitive_apply_parallel/dataset/GRScenes_assets/pillow/5f318bcd642cfff7209fa92cabd81258,/cpfs/user/zhuzihou/assets/dedup_workspaces/test0_transitive_apply_parallel/dataset/GRScenes_assets/pillow/5f318bcd642cfff7209fa92cabd81258/usd/5f318bcd642cfff7209fa92cabd81258.usd
pillow,5fc333e724480c0bb6bf2266eecc5d9d,suspicious,suspicious,suspicious,0.093876,0.162888,271,blank;ok;ok;blank,/cpfs/user/zhuzihou/assets/dedup_workspaces/test0_transitive_apply_parallel/dataset/GRScenes_assets/pillow/5fc333e724480c0bb6bf2266eecc5d9d,/cpfs/user/zhuzihou/assets/dedup_workspaces/test0_transitive_apply_parallel/dataset/GRScenes_assets/pillow/5fc333e724480c0bb6bf2266eecc5d9d/usd/5fc333e724480c0bb6bf2266eecc5d9d.usd
pillow,6088e3dd4527047a5ed62e1c9b9fb02a,suspicious,suspicious,suspicious,0.050743,0.074570,236,ok;ok;blank;blank,/cpfs/user/zhuzihou/assets/dedup_workspaces/test0_transitive_apply_parallel/dataset/GRScenes_assets/pillow/6088e3dd4527047a5ed62e1c9b9fb02a,/cpfs/user/zhuzihou/assets/dedup_workspaces/test0_transitive_apply_parallel/dataset/GRScenes_assets/pillow/6088e3dd4527047a5ed62e1c9b9fb02a/usd/6088e3dd4527047a5ed62e1c9b9fb02a.usd
pillow,60f795b028efbf159dbbf06a7ea3963f,suspicious,suspicious,suspicious,0.057873,0.090412,221,ok;ok;ok;blank,/cpfs/user/zhuzihou/assets/dedup_workspaces/test0_transitive_apply_parallel/dataset/GRScenes_assets/pillow/60f795b028efbf159dbbf06a7ea3963f,/cpfs/user/zhuzihou/assets/dedup_workspaces/test0_transitive_apply_parallel/dataset/GRScenes_assets/pillow/60f795b028efbf159dbbf06a7ea3963f/usd/60f795b028efbf159dbbf06a7ea3963f.usd
pillow,6135b53bbb38d2d382474513a027c11f,suspicious,suspicious,suspicious,0.065346,0.082474,230,ok;ok;blank;blank,/cpfs/user/zhuzihou/assets/dedup_workspaces/test0_transitive_apply_parallel/dataset/GRScenes_assets/pillow/6135b53bbb38d2d382474513a027c11f,/cpfs/user/zhuzihou/assets/dedup_workspaces/test0_transitive_apply_parallel/dataset/GRScenes_assets/pillow/6135b53bbb38d2d382474513a027c11f/usd/6135b53bbb38d2d382474513a027c11f.usd
pillow,624b3eaae6be8b754535d63d4270f09e,suspicious,suspicious,suspicious,0.121986,0.194412,316,ok;ok;blank;tiny,/cpfs/user/zhuzihou/assets/dedup_workspaces/test0_transitive_apply_parallel/dataset/GRScenes_assets/pillow/624b3eaae6be8b754535d63d4270f09e,/cpfs/user/zhuzihou/assets/dedup_workspaces/test0_transitive_apply_parallel/dataset/GRScenes_assets/pillow/624b3eaae6be8b754535d63d4270f09e/usd/624b3eaae6be8b754535d63d4270f09e.usd
pillow,63b1de4768cf2c3b8210a8b37dd7ef0c,suspicious,suspicious,suspicious,0.088669,0.110321,241,ok;ok;blank;blank,/cpfs/user/zhuzihou/assets/dedup_workspaces/test0_transitive_apply_parallel/dataset/GRScenes_assets/pillow/63b1de4768cf2c3b8210a8b37dd7ef0c,/cpfs/user/zhuzihou/assets/dedup_workspaces/test0_transitive_apply_parallel/dataset/GRScenes_assets/pillow/63b1de4768cf2c3b8210a8b37dd7ef0c/usd/63b1de4768cf2c3b8210a8b37dd7ef0c.usd
pillow,642b5371d1b6c702f49725aca8eafc6f,suspicious,suspicious,suspicious,0.105343,0.147400,276,blank;ok;ok;blank,/cpfs/user/zhuzihou/assets/dedup_workspaces/test0_transitive_apply_parallel/dataset/GRScenes_assets/pillow/642b5371d1b6c702f49725aca8eafc6f,/cpfs/user/zhuzihou/assets/dedup_workspaces/test0_transitive_apply_parallel/dataset/GRScenes_assets/pillow/642b5371d1b6c702f49725aca8eafc6f/usd/642b5371d1b6c702f49725aca8eafc6f.usd
pillow,652310f64be49b0e763338c32544dceb,suspicious,suspicious,suspicious,0.104576,0.125732,206,ok;ok;ok;blank,/cpfs/user/zhuzihou/assets/dedup_workspaces/test0_transitive_apply_parallel/dataset/GRScenes_assets/pillow/652310f64be49b0e763338c32544dceb,/cpfs/user/zhuzihou/assets/dedup_workspaces/test0_transitive_apply_parallel/dataset/GRScenes_assets/pillow/652310f64be49b0e763338c32544dceb/usd/652310f64be49b0e763338c32544dceb.usd
pillow,680339723055ce6a1be68a6aa32f8727,suspicious,suspicious,suspicious,0.097683,0.123047,243,ok;ok;blank;blank,/cpfs/user/zhuzihou/assets/dedup_workspaces/test0_transitive_apply_parallel/dataset/GRScenes_assets/pillow/680339723055ce6a1be68a6aa32f8727,/cpfs/user/zhuzihou/assets/dedup_workspaces/test0_transitive_apply_parallel/dataset/GRScenes_assets/pillow/680339723055ce6a1be68a6aa32f8727/usd/680339723055ce6a1be68a6aa32f8727.usd
pillow,680b6f67a632b6f49b334af530e452e1,suspicious,suspicious,suspicious,0.098148,0.126869,279,ok;ok;ok;blank,/cpfs/user/zhuzihou/assets/dedup_workspaces/test0_transitive_apply_parallel/dataset/GRScenes_assets/pillow/680b6f67a632b6f49b334af530e452e1,/cpfs/user/zhuzihou/assets/dedup_workspaces/test0_transitive_apply_parallel/dataset/GRScenes_assets/pillow/680b6f67a632b6f49b334af530e452e1/usd/680b6f67a632b6f49b334af530e452e1.usd
pillow,68e9c1af8bcdccc3e1f0e0c407432a38,suspicious,suspicious,suspicious,0.108063,0.141701,246,ok;ok;blank;blank,/cpfs/user/zhuzihou/assets/dedup_workspaces/test0_transitive_apply_parallel/dataset/GRScenes_assets/pillow/68e9c1af8bcdccc3e1f0e0c407432a38,/cpfs/user/zhuzihou/assets/dedup_workspaces/test0_transitive_apply_parallel/dataset/GRScenes_assets/pillow/68e9c1af8bcdccc3e1f0e0c407432a38/usd/68e9c1af8bcdccc3e1f0e0c407432a38.usd
pillow,68f2be38ee8de34a97e845b9bf085e66,suspicious,suspicious,suspicious,0.102547,0.116718,217,tiny;ok;ok;blank,/cpfs/user/zhuzihou/assets/dedup_workspaces/test0_transitive_apply_parallel/dataset/GRScenes_assets/pillow/68f2be38ee8de34a97e845b9bf085e66,/cpfs/user/zhuzihou/assets/dedup_workspaces/test0_transitive_apply_parallel/dataset/GRScenes_assets/pillow/68f2be38ee8de34a97e845b9bf085e66/usd/68f2be38ee8de34a97e845b9bf085e66.usd
pillow,6a79841bc20eef7703d8f43e6d63b432,suspicious,suspicious,suspicious,0.118229,0.177383,299,blank;ok;ok;blank,/cpfs/user/zhuzihou/assets/dedup_workspaces/test0_transitive_apply_parallel/dataset/GRScenes_assets/pillow/6a79841bc20eef7703d8f43e6d63b432,/cpfs/user/zhuzihou/assets/dedup_workspaces/test0_transitive_apply_parallel/dataset/GRScenes_assets/pillow/6a79841bc20eef7703d8f43e6d63b432/usd/6a79841bc20eef7703d8f43e6d63b432.usd
pillow,6b60e46a0e2fc2e93f8a36f59af5c335,suspicious,suspicious,suspicious,0.054333,0.075115,203,ok;ok;ok;blank,/cpfs/user/zhuzihou/assets/dedup_workspaces/test0_transitive_apply_parallel/dataset/GRScenes_assets/pillow/6b60e46a0e2fc2e93f8a36f59af5c335,/cpfs/user/zhuzihou/assets/dedup_workspaces/test0_transitive_apply_parallel/dataset/GRScenes_assets/pillow/6b60e46a0e2fc2e93f8a36f59af5c335/usd/6b60e46a0e2fc2e93f8a36f59af5c335.usd
pillow,6bc984639e5df2655d854d3da8a714e5,suspicious,suspicious,suspicious,0.086060,0.097412,228,ok;ok;blank;blank,/cpfs/user/zhuzihou/assets/dedup_workspaces/test0_transitive_apply_parallel/dataset/GRScenes_assets/pillow/6bc984639e5df2655d854d3da8a714e5,/cpfs/user/zhuzihou/assets/dedup_workspaces/test0_transitive_apply_parallel/dataset/GRScenes_assets/pillow/6bc984639e5df2655d854d3da8a714e5/usd/6bc984639e5df2655d854d3da8a714e5.usd
pillow,6e38d8bf4a3ebcd76679ec8e95af4b26,suspicious,suspicious,suspicious,0.084644,0.124786,245,blank;blank;ok;ok,/cpfs/user/zhuzihou/assets/dedup_workspaces/test0_transitive_apply_parallel/dataset/GRScenes_assets/pillow/6e38d8bf4a3ebcd76679ec8e95af4b26,/cpfs/user/zhuzihou/assets/dedup_workspaces/test0_transitive_apply_parallel/dataset/GRScenes_assets/pillow/6e38d8bf4a3ebcd76679ec8e95af4b26/usd/6e38d8bf4a3ebcd76679ec8e95af4b26.usd
pillow,6e925b4948a0b4ce759d7d20a50cdc34,suspicious,suspicious,suspicious,0.115631,0.175652,320,ok;ok;blank;blank,/cpfs/user/zhuzihou/assets/dedup_workspaces/test0_transitive_apply_parallel/dataset/GRScenes_assets/pillow/6e925b4948a0b4ce759d7d20a50cdc34,/cpfs/user/zhuzihou/assets/dedup_workspaces/test0_transitive_apply_parallel/dataset/GRScenes_assets/pillow/6e925b4948a0b4ce759d7d20a50cdc34/usd/6e925b4948a0b4ce759d7d20a50cdc34.usd
pillow,6f7bf782c2408244e922784ba32ac99e,suspicious,suspicious,suspicious,0.098175,0.157093,266,blank;ok;ok;blank,/cpfs/user/zhuzihou/assets/dedup_workspaces/test0_transitive_apply_parallel/dataset/GRScenes_assets/pillow/6f7bf782c2408244e922784ba32ac99e,/cpfs/user/zhuzihou/assets/dedup_workspaces/test0_transitive_apply_parallel/dataset/GRScenes_assets/pillow/6f7bf782c2408244e922784ba32ac99e/usd/6f7bf782c2408244e922784ba32ac99e.usd
pillow,6ff9fe2c7f1b659a7989e2b07482c230,suspicious,suspicious,suspicious,0.087318,0.113297,198,ok;ok;ok;blank,/cpfs/user/zhuzihou/assets/dedup_workspaces/test0_transitive_apply_parallel/dataset/GRScenes_assets/pillow/6ff9fe2c7f1b659a7989e2b07482c230,/cpfs/user/zhuzihou/assets/dedup_workspaces/test0_transitive_apply_parallel/dataset/GRScenes_assets/pillow/6ff9fe2c7f1b659a7989e2b07482c230/usd/6ff9fe2c7f1b659a7989e2b07482c230.usd
pillow,7122612de6fcd8a488e0b952814a54f9,suspicious,suspicious,suspicious,0.075893,0.117264,212,blank;ok;tiny;blank,/cpfs/user/zhuzihou/assets/dedup_workspaces/test0_transitive_apply_parallel/dataset/GRScenes_assets/pillow/7122612de6fcd8a488e0b952814a54f9,/cpfs/user/zhuzihou/assets/dedup_workspaces/test0_transitive_apply_parallel/dataset/GRScenes_assets/pillow/7122612de6fcd8a488e0b952814a54f9/usd/7122612de6fcd8a488e0b952814a54f9.usd
pillow,7189e678adde526577c18f3bbfcec572,suspicious,suspicious,suspicious,0.055698,0.094002,232,blank;ok;ok;blank,/cpfs/user/zhuzihou/assets/dedup_workspaces/test0_transitive_apply_parallel/dataset/GRScenes_assets/pillow/7189e678adde526577c18f3bbfcec572,/cpfs/user/zhuzihou/assets/dedup_workspaces/test0_transitive_apply_parallel/dataset/GRScenes_assets/pillow/7189e678adde526577c18f3bbfcec572/usd/7189e678adde526577c18f3bbfcec572.usd
pillow,719c6635755a37a4ae0fb0ab62577899,suspicious,suspicious,suspicious,0.049759,0.078888,235,ok;ok;blank;blank,/cpfs/user/zhuzihou/assets/dedup_workspaces/test0_transitive_apply_parallel/dataset/GRScenes_assets/pillow/719c6635755a37a4ae0fb0ab62577899,/cpfs/user/zhuzihou/assets/dedup_workspaces/test0_transitive_apply_parallel/dataset/GRScenes_assets/pillow/719c6635755a37a4ae0fb0ab62577899/usd/719c6635755a37a4ae0fb0ab62577899.usd
pillow,71a861244d685675d35e58274237f260,suspicious,suspicious,suspicious,0.021751,0.257576,371,blank;ok;ok;ok,/cpfs/user/zhuzihou/assets/dedup_workspaces/test0_transitive_apply_parallel/dataset/GRScenes_assets/pillow/71a861244d685675d35e58274237f260,/cpfs/user/zhuzihou/assets/dedup_workspaces/test0_transitive_apply_parallel/dataset/GRScenes_assets/pillow/71a861244d685675d35e58274237f260/usd/71a861244d685675d35e58274237f260.usd
pillow,71dbf846aec0ae549f411af2587a3d91,suspicious,suspicious,suspicious,0.130280,0.206451,315,tiny;ok;ok;tiny,/cpfs/user/zhuzihou/assets/dedup_workspaces/test0_transitive_apply_parallel/dataset/GRScenes_assets/pillow/71dbf846aec0ae549f411af2587a3d91,/cpfs/user/zhuzihou/assets/dedup_workspaces/test0_transitive_apply_parallel/dataset/GRScenes_assets/pillow/71dbf846aec0ae549f411af2587a3d91/usd/71dbf846aec0ae549f411af2587a3d91.usd
pillow,73d0d14e16eaa9fd7fc65bd647012c9c,suspicious,suspicious,suspicious,0.052326,0.104366,257,ok;ok;blank;blank,/cpfs/user/zhuzihou/assets/dedup_workspaces/test0_transitive_apply_parallel/dataset/GRScenes_assets/pillow/73d0d14e16eaa9fd7fc65bd647012c9c,/cpfs/user/zhuzihou/assets/dedup_workspaces/test0_transitive_apply_parallel/dataset/GRScenes_assets/pillow/73d0d14e16eaa9fd7fc65bd647012c9c/usd/73d0d14e16eaa9fd7fc65bd647012c9c.usd
pillow,7488be42a346166bb21bc05213f8407f,suspicious,suspicious,suspicious,0.052425,0.070190,230,tiny;ok;tiny;blank,/cpfs/user/zhuzihou/assets/dedup_workspaces/test0_transitive_apply_parallel/dataset/GRScenes_assets/pillow/7488be42a346166bb21bc05213f8407f,/cpfs/user/zhuzihou/assets/dedup_workspaces/test0_transitive_apply_parallel/dataset/GRScenes_assets/pillow/7488be42a346166bb21bc05213f8407f/usd/7488be42a346166bb21bc05213f8407f.usd
pillow,753dd3c5a02a54a1476ff13c2a01185e,suspicious,suspicious,suspicious,0.046299,0.071507,255,ok;ok;blank;ok,/cpfs/user/zhuzihou/assets/dedup_workspaces/test0_transitive_apply_parallel/dataset/GRScenes_assets/pillow/753dd3c5a02a54a1476ff13c2a01185e,/cpfs/user/zhuzihou/assets/dedup_workspaces/test0_transitive_apply_parallel/dataset/GRScenes_assets/pillow/753dd3c5a02a54a1476ff13c2a01185e/usd/753dd3c5a02a54a1476ff13c2a01185e.usd
pillow,758df63a3cb10f826e6fdb3e77fd4bf8,suspicious,suspicious,suspicious,0.060230,0.091644,231,ok;ok;tiny;ok,/cpfs/user/zhuzihou/assets/dedup_workspaces/test0_transitive_apply_parallel/dataset/GRScenes_assets/pillow/758df63a3cb10f826e6fdb3e77fd4bf8,/cpfs/user/zhuzihou/assets/dedup_workspaces/test0_transitive_apply_parallel/dataset/GRScenes_assets/pillow/758df63a3cb10f826e6fdb3e77fd4bf8/usd/758df63a3cb10f826e6fdb3e77fd4bf8.usd
pillow,759de9df8bcd17ae5c2b8731158b7376,suspicious,suspicious,suspicious,0.081501,0.114296,250,ok;ok;ok;blank,/cpfs/user/zhuzihou/assets/dedup_workspaces/test0_transitive_apply_parallel/dataset/GRScenes_assets/pillow/759de9df8bcd17ae5c2b8731158b7376,/cpfs/user/zhuzihou/assets/dedup_workspaces/test0_transitive_apply_parallel/dataset/GRScenes_assets/pillow/759de9df8bcd17ae5c2b8731158b7376/usd/759de9df8bcd17ae5c2b8731158b7376.usd
pillow,75a29744f049c3e3a2f161c9a8521350,suspicious,suspicious,suspicious,0.064171,0.111031,254,ok;ok;blank;blank,/cpfs/user/zhuzihou/assets/dedup_workspaces/test0_transitive_apply_parallel/dataset/GRScenes_assets/pillow/75a29744f049c3e3a2f161c9a8521350,/cpfs/user/zhuzihou/assets/dedup_workspaces/test0_transitive_apply_parallel/dataset/GRScenes_assets/pillow/75a29744f049c3e3a2f161c9a8521350/usd/75a29744f049c3e3a2f161c9a8521350.usd
pillow,75a95770156b642bcf4138a1706c4de2,suspicious,suspicious,suspicious,0.074127,0.147293,206,blank;ok;ok;blank,/cpfs/user/zhuzihou/assets/dedup_workspaces/test0_transitive_apply_parallel/dataset/GRScenes_assets/pillow/75a95770156b642bcf4138a1706c4de2,/cpfs/user/zhuzihou/assets/dedup_workspaces/test0_transitive_apply_parallel/dataset/GRScenes_assets/pillow/75a95770156b642bcf4138a1706c4de2/usd/75a95770156b642bcf4138a1706c4de2.usd
pillow,75c00dda4f2b0e28ad72f432db9a3c3c,suspicious,suspicious,suspicious,0.099628,0.137318,213,blank;ok;ok;blank,/cpfs/user/zhuzihou/assets/dedup_workspaces/test0_transitive_apply_parallel/dataset/GRScenes_assets/pillow/75c00dda4f2b0e28ad72f432db9a3c3c,/cpfs/user/zhuzihou/assets/dedup_workspaces/test0_transitive_apply_parallel/dataset/GRScenes_assets/pillow/75c00dda4f2b0e28ad72f432db9a3c3c/usd/75c00dda4f2b0e28ad72f432db9a3c3c.usd
pillow,787e1adc2aa95833f0fc51035c5d81af,suspicious,suspicious,suspicious,0.056725,0.086639,167,blank;blank;ok;blank,/cpfs/user/zhuzihou/assets/dedup_workspaces/test0_transitive_apply_parallel/dataset/GRScenes_assets/pillow/787e1adc2aa95833f0fc51035c5d81af,/cpfs/user/zhuzihou/assets/dedup_workspaces/test0_transitive_apply_parallel/dataset/GRScenes_assets/pillow/787e1adc2aa95833f0fc51035c5d81af/usd/787e1adc2aa95833f0fc51035c5d81af.usd
pillow,797887c818fed26c5fe876dbb04a8084,suspicious,suspicious,suspicious,0.084515,0.124077,268,ok;ok;blank;blank,/cpfs/user/zhuzihou/assets/dedup_workspaces/test0_transitive_apply_parallel/dataset/GRScenes_assets/pillow/797887c818fed26c5fe876dbb04a8084,/cpfs/user/zhuzihou/assets/dedup_workspaces/test0_transitive_apply_parallel/dataset/GRScenes_assets/pillow/797887c818fed26c5fe876dbb04a8084/usd/797887c818fed26c5fe876dbb04a8084.usd
pillow,79dffb445894435587d3241331afa3de,suspicious,suspicious,suspicious,0.066978,0.092854,241,ok;ok;tiny;tiny,/cpfs/user/zhuzihou/assets/dedup_workspaces/test0_transitive_apply_parallel/dataset/GRScenes_assets/pillow/79dffb445894435587d3241331afa3de,/cpfs/user/zhuzihou/assets/dedup_workspaces/test0_transitive_apply_parallel/dataset/GRScenes_assets/pillow/79dffb445894435587d3241331afa3de/usd/79dffb445894435587d3241331afa3de.usd
pillow,7c351efab103decf7e56ea53b6266352,suspicious,suspicious,suspicious,0.092361,0.109833,236,ok;ok;ok;blank,/cpfs/user/zhuzihou/assets/dedup_workspaces/test0_transitive_apply_parallel/dataset/GRScenes_assets/pillow/7c351efab103decf7e56ea53b6266352,/cpfs/user/zhuzihou/assets/dedup_workspaces/test0_transitive_apply_parallel/dataset/GRScenes_assets/pillow/7c351efab103decf7e56ea53b6266352/usd/7c351efab103decf7e56ea53b6266352.usd
pillow,7d1a6ea42260a9ed76b48b4e6f569865,suspicious,suspicious,suspicious,0.061993,0.096989,241,ok;blank;blank;ok,/cpfs/user/zhuzihou/assets/dedup_workspaces/test0_transitive_apply_parallel/dataset/GRScenes_assets/pillow/7d1a6ea42260a9ed76b48b4e6f569865,/cpfs/user/zhuzihou/assets/dedup_workspaces/test0_transitive_apply_parallel/dataset/GRScenes_assets/pillow/7d1a6ea42260a9ed76b48b4e6f569865/usd/7d1a6ea42260a9ed76b48b4e6f569865.usd
pillow,7fcfc8084cf51644b24d0178d5ca9fbe,suspicious,suspicious,suspicious,0.127796,0.147633,286,ok;ok;tiny;blank,/cpfs/user/zhuzihou/assets/dedup_workspaces/test0_transitive_apply_parallel/dataset/GRScenes_assets/pillow/7fcfc8084cf51644b24d0178d5ca9fbe,/cpfs/user/zhuzihou/assets/dedup_workspaces/test0_transitive_apply_parallel/dataset/GRScenes_assets/pillow/7fcfc8084cf51644b24d0178d5ca9fbe/usd/7fcfc8084cf51644b24d0178d5ca9fbe.usd
pillow,80228a8cbf6bf796a85021435a7a7c76,suspicious,suspicious,suspicious,0.059254,0.096497,253,blank;ok;ok;blank,/cpfs/user/zhuzihou/assets/dedup_workspaces/test0_transitive_apply_parallel/dataset/GRScenes_assets/pillow/80228a8cbf6bf796a85021435a7a7c76,/cpfs/user/zhuzihou/assets/dedup_workspaces/test0_transitive_apply_parallel/dataset/GRScenes_assets/pillow/80228a8cbf6bf796a85021435a7a7c76/usd/80228a8cbf6bf796a85021435a7a7c76.usd
pillow,80567368358845fdd9b5bf8990595422,suspicious,suspicious,suspicious,0.084415,0.130657,259,ok;ok;blank;blank,/cpfs/user/zhuzihou/assets/dedup_workspaces/test0_transitive_apply_parallel/dataset/GRScenes_assets/pillow/80567368358845fdd9b5bf8990595422,/cpfs/user/zhuzihou/assets/dedup_workspaces/test0_transitive_apply_parallel/dataset/GRScenes_assets/pillow/80567368358845fdd9b5bf8990595422/usd/80567368358845fdd9b5bf8990595422.usd
pillow,814f47a6bef8548d4339ace213c1257e,suspicious,suspicious,suspicious,0.117550,0.136517,267,ok;ok;ok;blank,/cpfs/user/zhuzihou/assets/dedup_workspaces/test0_transitive_apply_parallel/dataset/GRScenes_assets/pillow/814f47a6bef8548d4339ace213c1257e,/cpfs/user/zhuzihou/assets/dedup_workspaces/test0_transitive_apply_parallel/dataset/GRScenes_assets/pillow/814f47a6bef8548d4339ace213c1257e/usd/814f47a6bef8548d4339ace213c1257e.usd
pillow,82144a38852dd08d56830f48207cf1f0,suspicious,suspicious,suspicious,0.074516,0.111237,236,ok;ok;ok;blank,/cpfs/user/zhuzihou/assets/dedup_workspaces/test0_transitive_apply_parallel/dataset/GRScenes_assets/pillow/82144a38852dd08d56830f48207cf1f0,/cpfs/user/zhuzihou/assets/dedup_workspaces/test0_transitive_apply_parallel/dataset/GRScenes_assets/pillow/82144a38852dd08d56830f48207cf1f0/usd/82144a38852dd08d56830f48207cf1f0.usd
pillow,8227bb022c1c9dffd20fd8961d8e1656,suspicious,suspicious,suspicious,0.083290,0.106812,224,ok;ok;ok;blank,/cpfs/user/zhuzihou/assets/dedup_workspaces/test0_transitive_apply_parallel/dataset/GRScenes_assets/pillow/8227bb022c1c9dffd20fd8961d8e1656,/cpfs/user/zhuzihou/assets/dedup_workspaces/test0_transitive_apply_parallel/dataset/GRScenes_assets/pillow/8227bb022c1c9dffd20fd8961d8e1656/usd/8227bb022c1c9dffd20fd8961d8e1656.usd
pillow,855427e236488b52ba5dd28762a32664,suspicious,suspicious,suspicious,0.074234,0.096092,229,ok;ok;blank;blank,/cpfs/user/zhuzihou/assets/dedup_workspaces/test0_transitive_apply_parallel/dataset/GRScenes_assets/pillow/855427e236488b52ba5dd28762a32664,/cpfs/user/zhuzihou/assets/dedup_workspaces/test0_transitive_apply_parallel/dataset/GRScenes_assets/pillow/855427e236488b52ba5dd28762a32664/usd/855427e236488b52ba5dd28762a32664.usd
pillow,858c043e049d12828c3f5d743da8f52a,suspicious,suspicious,suspicious,0.104877,0.157196,204,ok;ok;blank;blank,/cpfs/user/zhuzihou/assets/dedup_workspaces/test0_transitive_apply_parallel/dataset/GRScenes_assets/pillow/858c043e049d12828c3f5d743da8f52a,/cpfs/user/zhuzihou/assets/dedup_workspaces/test0_transitive_apply_parallel/dataset/GRScenes_assets/pillow/858c043e049d12828c3f5d743da8f52a/usd/858c043e049d12828c3f5d743da8f52a.usd
pillow,86b529f0ca96102cbd12ff9be6cd701b,suspicious,suspicious,suspicious,0.061729,0.087677,221,blank;ok;blank;blank,/cpfs/user/zhuzihou/assets/dedup_workspaces/test0_transitive_apply_parallel/dataset/GRScenes_assets/pillow/86b529f0ca96102cbd12ff9be6cd701b,/cpfs/user/zhuzihou/assets/dedup_workspaces/test0_transitive_apply_parallel/dataset/GRScenes_assets/pillow/86b529f0ca96102cbd12ff9be6cd701b/usd/86b529f0ca96102cbd12ff9be6cd701b.usd
pillow,876d226fe70005fd36e4e3db487c4d92,suspicious,suspicious,suspicious,0.118233,0.182407,281,blank;ok;ok;blank,/cpfs/user/zhuzihou/assets/dedup_workspaces/test0_transitive_apply_parallel/dataset/GRScenes_assets/pillow/876d226fe70005fd36e4e3db487c4d92,/cpfs/user/zhuzihou/assets/dedup_workspaces/test0_transitive_apply_parallel/dataset/GRScenes_assets/pillow/876d226fe70005fd36e4e3db487c4d92/usd/876d226fe70005fd36e4e3db487c4d92.usd
pillow,88d08f36a0aa54d98bb568478686ef14,suspicious,suspicious,suspicious,0.091949,0.140568,213,ok;ok;blank;blank,/cpfs/user/zhuzihou/assets/dedup_workspaces/test0_transitive_apply_parallel/dataset/GRScenes_assets/pillow/88d08f36a0aa54d98bb568478686ef14,/cpfs/user/zhuzihou/assets/dedup_workspaces/test0_transitive_apply_parallel/dataset/GRScenes_assets/pillow/88d08f36a0aa54d98bb568478686ef14/usd/88d08f36a0aa54d98bb568478686ef14.usd
pillow,8cc536f7c980c742a66832f5ab6b7d8c,suspicious,suspicious,suspicious,0.094532,0.142666,335,ok;ok;blank;blank,/cpfs/user/zhuzihou/assets/dedup_workspaces/test0_transitive_apply_parallel/dataset/GRScenes_assets/pillow/8cc536f7c980c742a66832f5ab6b7d8c,/cpfs/user/zhuzihou/assets/dedup_workspaces/test0_transitive_apply_parallel/dataset/GRScenes_assets/pillow/8cc536f7c980c742a66832f5ab6b7d8c/usd/8cc536f7c980c742a66832f5ab6b7d8c.usd
pillow,8de95363526a27ba9c15319484abdbe0,suspicious,suspicious,suspicious,0.081936,0.118542,275,ok;ok;blank;blank,/cpfs/user/zhuzihou/assets/dedup_workspaces/test0_transitive_apply_parallel/dataset/GRScenes_assets/pillow/8de95363526a27ba9c15319484abdbe0,/cpfs/user/zhuzihou/assets/dedup_workspaces/test0_transitive_apply_parallel/dataset/GRScenes_assets/pillow/8de95363526a27ba9c15319484abdbe0/usd/8de95363526a27ba9c15319484abdbe0.usd
pillow,8e8d747d2f22d8cd1ea757f6e0896c87,suspicious,suspicious,suspicious,0.117603,0.196106,288,tiny;ok;ok;tiny,/cpfs/user/zhuzihou/assets/dedup_workspaces/test0_transitive_apply_parallel/dataset/GRScenes_assets/pillow/8e8d747d2f22d8cd1ea757f6e0896c87,/cpfs/user/zhuzihou/assets/dedup_workspaces/test0_transitive_apply_parallel/dataset/GRScenes_assets/pillow/8e8d747d2f22d8cd1ea757f6e0896c87/usd/8e8d747d2f22d8cd1ea757f6e0896c87.usd
pillow,8f19c11313bb464a4b6625b503c2e3f1,suspicious,suspicious,suspicious,0.089729,0.113930,240,ok;ok;blank;blank,/cpfs/user/zhuzihou/assets/dedup_workspaces/test0_transitive_apply_parallel/dataset/GRScenes_assets/pillow/8f19c11313bb464a4b6625b503c2e3f1,/cpfs/user/zhuzihou/assets/dedup_workspaces/test0_transitive_apply_parallel/dataset/GRScenes_assets/pillow/8f19c11313bb464a4b6625b503c2e3f1/usd/8f19c11313bb464a4b6625b503c2e3f1.usd
pillow,8f6643ff5a2b7a0245807a57ca2b772a,suspicious,suspicious,suspicious,0.089836,0.125824,248,blank;ok;ok;blank,/cpfs/user/zhuzihou/assets/dedup_workspaces/test0_transitive_apply_parallel/dataset/GRScenes_assets/pillow/8f6643ff5a2b7a0245807a57ca2b772a,/cpfs/user/zhuzihou/assets/dedup_workspaces/test0_transitive_apply_parallel/dataset/GRScenes_assets/pillow/8f6643ff5a2b7a0245807a57ca2b772a/usd/8f6643ff5a2b7a0245807a57ca2b772a.usd
pillow,9155eebaf51466b86bdf548eec2a8199,suspicious,suspicious,suspicious,0.064171,0.111031,254,ok;ok;blank;blank,/cpfs/user/zhuzihou/assets/dedup_workspaces/test0_transitive_apply_parallel/dataset/GRScenes_assets/pillow/9155eebaf51466b86bdf548eec2a8199,/cpfs/user/zhuzihou/assets/dedup_workspaces/test0_transitive_apply_parallel/dataset/GRScenes_assets/pillow/9155eebaf51466b86bdf548eec2a8199/usd/9155eebaf51466b86bdf548eec2a8199.usd
pillow,9269040fac671d82e0fa98baf606a398,suspicious,suspicious,suspicious,0.116528,0.163532,296,tiny;ok;ok;ok,/cpfs/user/zhuzihou/assets/dedup_workspaces/test0_transitive_apply_parallel/dataset/GRScenes_assets/pillow/9269040fac671d82e0fa98baf606a398,/cpfs/user/zhuzihou/assets/dedup_workspaces/test0_transitive_apply_parallel/dataset/GRScenes_assets/pillow/9269040fac671d82e0fa98baf606a398/usd/9269040fac671d82e0fa98baf606a398.usd
pillow,93654a9c698155c3726ce4b405a43730,suspicious,suspicious,suspicious,0.045101,0.061523,224,ok;ok;blank;blank,/cpfs/user/zhuzihou/assets/dedup_workspaces/test0_transitive_apply_parallel/dataset/GRScenes_assets/pillow/93654a9c698155c3726ce4b405a43730,/cpfs/user/zhuzihou/assets/dedup_workspaces/test0_transitive_apply_parallel/dataset/GRScenes_assets/pillow/93654a9c698155c3726ce4b405a43730/usd/93654a9c698155c3726ce4b405a43730.usd
pillow,940511e7e088d0324c602378b20adcde,suspicious,suspicious,suspicious,0.117718,0.136841,265,ok;ok;ok;blank,/cpfs/user/zhuzihou/assets/dedup_workspaces/test0_transitive_apply_parallel/dataset/GRScenes_assets/pillow/940511e7e088d0324c602378b20adcde,/cpfs/user/zhuzihou/assets/dedup_workspaces/test0_transitive_apply_parallel/dataset/GRScenes_assets/pillow/940511e7e088d0324c602378b20adcde/usd/940511e7e088d0324c602378b20adcde.usd
pillow,949a20241520e3a70f6b8d0326cdded3,suspicious,suspicious,suspicious,0.110153,0.160503,320,ok;ok;blank;blank,/cpfs/user/zhuzihou/assets/dedup_workspaces/test0_transitive_apply_parallel/dataset/GRScenes_assets/pillow/949a20241520e3a70f6b8d0326cdded3,/cpfs/user/zhuzihou/assets/dedup_workspaces/test0_transitive_apply_parallel/dataset/GRScenes_assets/pillow/949a20241520e3a70f6b8d0326cdded3/usd/949a20241520e3a70f6b8d0326cdded3.usd
pillow,94bb2d83d21aa03805b0dfd9a4eb45ff,suspicious,suspicious,suspicious,0.091602,0.110794,219,ok;ok;blank;blank,/cpfs/user/zhuzihou/assets/dedup_workspaces/test0_transitive_apply_parallel/dataset/GRScenes_assets/pillow/94bb2d83d21aa03805b0dfd9a4eb45ff,/cpfs/user/zhuzihou/assets/dedup_workspaces/test0_transitive_apply_parallel/dataset/GRScenes_assets/pillow/94bb2d83d21aa03805b0dfd9a4eb45ff/usd/94bb2d83d21aa03805b0dfd9a4eb45ff.usd
pillow,96495a968ab3c028c433bf960165818f,suspicious,suspicious,suspicious,0.101498,0.149536,287,blank;ok;ok;blank,/cpfs/user/zhuzihou/assets/dedup_workspaces/test0_transitive_apply_parallel/dataset/GRScenes_assets/pillow/96495a968ab3c028c433bf960165818f,/cpfs/user/zhuzihou/assets/dedup_workspaces/test0_transitive_apply_parallel/dataset/GRScenes_assets/pillow/96495a968ab3c028c433bf960165818f/usd/96495a968ab3c028c433bf960165818f.usd
pillow,97a3b4d46d76e25b2bc851841a25dfa3,suspicious,suspicious,suspicious,0.096539,0.174545,275,ok;ok;blank;blank,/cpfs/user/zhuzihou/assets/dedup_workspaces/test0_transitive_apply_parallel/dataset/GRScenes_assets/pillow/97a3b4d46d76e25b2bc851841a25dfa3,/cpfs/user/zhuzihou/assets/dedup_workspaces/test0_transitive_apply_parallel/dataset/GRScenes_assets/pillow/97a3b4d46d76e25b2bc851841a25dfa3/usd/97a3b4d46d76e25b2bc851841a25dfa3.usd
pillow,98281d8ef5e7cab49bfbf09f2ba8705c,suspicious,suspicious,suspicious,0.097752,0.117199,247,blank;ok;ok;blank,/cpfs/user/zhuzihou/assets/dedup_workspaces/test0_transitive_apply_parallel/dataset/GRScenes_assets/pillow/98281d8ef5e7cab49bfbf09f2ba8705c,/cpfs/user/zhuzihou/assets/dedup_workspaces/test0_transitive_apply_parallel/dataset/GRScenes_assets/pillow/98281d8ef5e7cab49bfbf09f2ba8705c/usd/98281d8ef5e7cab49bfbf09f2ba8705c.usd
pillow,989975dac38e50a6f839c4aa79806bae,suspicious,suspicious,suspicious,0.129784,0.147167,280,ok;ok;ok;blank,/cpfs/user/zhuzihou/assets/dedup_workspaces/test0_transitive_apply_parallel/dataset/GRScenes_assets/pillow/989975dac38e50a6f839c4aa79806bae,/cpfs/user/zhuzihou/assets/dedup_workspaces/test0_transitive_apply_parallel/dataset/GRScenes_assets/pillow/989975dac38e50a6f839c4aa79806bae/usd/989975dac38e50a6f839c4aa79806bae.usd
pillow,9a4375223f483aef61923fa2fa641aca,suspicious,suspicious,suspicious,0.086891,0.149261,283,blank;ok;ok;blank,/cpfs/user/zhuzihou/assets/dedup_workspaces/test0_transitive_apply_parallel/dataset/GRScenes_assets/pillow/9a4375223f483aef61923fa2fa641aca,/cpfs/user/zhuzihou/assets/dedup_workspaces/test0_transitive_apply_parallel/dataset/GRScenes_assets/pillow/9a4375223f483aef61923fa2fa641aca/usd/9a4375223f483aef61923fa2fa641aca.usd
pillow,9a721814805c66ee7fc45743336e7161,suspicious,suspicious,suspicious,0.094440,0.110794,212,blank;ok;ok;blank,/cpfs/user/zhuzihou/assets/dedup_workspaces/test0_transitive_apply_parallel/dataset/GRScenes_assets/pillow/9a721814805c66ee7fc45743336e7161,/cpfs/user/zhuzihou/assets/dedup_workspaces/test0_transitive_apply_parallel/dataset/GRScenes_assets/pillow/9a721814805c66ee7fc45743336e7161/usd/9a721814805c66ee7fc45743336e7161.usd
pillow,9a77c211ca8f0532d998203670bbee77,suspicious,suspicious,suspicious,0.121967,0.197250,317,ok;ok;blank;tiny,/cpfs/user/zhuzihou/assets/dedup_workspaces/test0_transitive_apply_parallel/dataset/GRScenes_assets/pillow/9a77c211ca8f0532d998203670bbee77,/cpfs/user/zhuzihou/assets/dedup_workspaces/test0_transitive_apply_parallel/dataset/GRScenes_assets/pillow/9a77c211ca8f0532d998203670bbee77/usd/9a77c211ca8f0532d998203670bbee77.usd
pillow,9a8841e55a0f8b4e2468ec098990f751,suspicious,suspicious,suspicious,0.073376,0.115303,247,ok;ok;blank;blank,/cpfs/user/zhuzihou/assets/dedup_workspaces/test0_transitive_apply_parallel/dataset/GRScenes_assets/pillow/9a8841e55a0f8b4e2468ec098990f751,/cpfs/user/zhuzihou/assets/dedup_workspaces/test0_transitive_apply_parallel/dataset/GRScenes_assets/pillow/9a8841e55a0f8b4e2468ec098990f751/usd/9a8841e55a0f8b4e2468ec098990f751.usd
pillow,9b026f90bdb00f355e635eb0168efabf,suspicious,suspicious,suspicious,0.070671,0.119736,264,ok;ok;tiny;blank,/cpfs/user/zhuzihou/assets/dedup_workspaces/test0_transitive_apply_parallel/dataset/GRScenes_assets/pillow/9b026f90bdb00f355e635eb0168efabf,/cpfs/user/zhuzihou/assets/dedup_workspaces/test0_transitive_apply_parallel/dataset/GRScenes_assets/pillow/9b026f90bdb00f355e635eb0168efabf/usd/9b026f90bdb00f355e635eb0168efabf.usd
pillow,9c7190d71c294fcdb3dc2e1728f4ce6b,suspicious,suspicious,suspicious,0.112892,0.156212,273,blank;ok;ok;blank,/cpfs/user/zhuzihou/assets/dedup_workspaces/test0_transitive_apply_parallel/dataset/GRScenes_assets/pillow/9c7190d71c294fcdb3dc2e1728f4ce6b,/cpfs/user/zhuzihou/assets/dedup_workspaces/test0_transitive_apply_parallel/dataset/GRScenes_assets/pillow/9c7190d71c294fcdb3dc2e1728f4ce6b/usd/9c7190d71c294fcdb3dc2e1728f4ce6b.usd
pillow,9dcf8b129474d7315621d00812ef14d4,suspicious,suspicious,suspicious,0.093571,0.152328,311,blank;ok;ok;blank,/cpfs/user/zhuzihou/assets/dedup_workspaces/test0_transitive_apply_parallel/dataset/GRScenes_assets/pillow/9dcf8b129474d7315621d00812ef14d4,/cpfs/user/zhuzihou/assets/dedup_workspaces/test0_transitive_apply_parallel/dataset/GRScenes_assets/pillow/9dcf8b129474d7315621d00812ef14d4/usd/9dcf8b129474d7315621d00812ef14d4.usd
pillow,9ec706c65ce945f4fdfea5d719eefcac,suspicious,suspicious,suspicious,0.459930,0.478516,512,tiny;ok;tiny;ok,/cpfs/user/zhuzihou/assets/dedup_workspaces/test0_transitive_apply_parallel/dataset/GRScenes_assets/pillow/9ec706c65ce945f4fdfea5d719eefcac,/cpfs/user/zhuzihou/assets/dedup_workspaces/test0_transitive_apply_parallel/dataset/GRScenes_assets/pillow/9ec706c65ce945f4fdfea5d719eefcac/usd/9ec706c65ce945f4fdfea5d719eefcac.usd
pillow,a01674d727aa2eb6619aa6e2246d9315,suspicious,suspicious,suspicious,0.042301,0.082146,222,blank;ok;ok;blank,/cpfs/user/zhuzihou/assets/dedup_workspaces/test0_transitive_apply_parallel/dataset/GRScenes_assets/pillow/a01674d727aa2eb6619aa6e2246d9315,/cpfs/user/zhuzihou/assets/dedup_workspaces/test0_transitive_apply_parallel/dataset/GRScenes_assets/pillow/a01674d727aa2eb6619aa6e2246d9315/usd/a01674d727aa2eb6619aa6e2246d9315.usd
pillow,a056d8fde4babd5b4d9645147184adfb,suspicious,suspicious,suspicious,0.080769,0.132782,229,ok;ok;blank;blank,/cpfs/user/zhuzihou/assets/dedup_workspaces/test0_transitive_apply_parallel/dataset/GRScenes_assets/pillow/a056d8fde4babd5b4d9645147184adfb,/cpfs/user/zhuzihou/assets/dedup_workspaces/test0_transitive_apply_parallel/dataset/GRScenes_assets/pillow/a056d8fde4babd5b4d9645147184adfb/usd/a056d8fde4babd5b4d9645147184adfb.usd
pillow,a214f4af5fba8f43224fd8e565c9e3e2,suspicious,suspicious,suspicious,0.109680,0.133461,252,ok;ok;blank;blank,/cpfs/user/zhuzihou/assets/dedup_workspaces/test0_transitive_apply_parallel/dataset/GRScenes_assets/pillow/a214f4af5fba8f43224fd8e565c9e3e2,/cpfs/user/zhuzihou/assets/dedup_workspaces/test0_transitive_apply_parallel/dataset/GRScenes_assets/pillow/a214f4af5fba8f43224fd8e565c9e3e2/usd/a214f4af5fba8f43224fd8e565c9e3e2.usd
pillow,a3d0aed54b9694f851b698ed40d85570,suspicious,suspicious,suspicious,0.269577,0.459396,374,blank;ok;ok;ok,/cpfs/user/zhuzihou/assets/dedup_workspaces/test0_transitive_apply_parallel/dataset/GRScenes_assets/pillow/a3d0aed54b9694f851b698ed40d85570,/cpfs/user/zhuzihou/assets/dedup_workspaces/test0_transitive_apply_parallel/dataset/GRScenes_assets/pillow/a3d0aed54b9694f851b698ed40d85570/usd/a3d0aed54b9694f851b698ed40d85570.usd
pillow,a4488ff9b1547cf6b1632543eaba2fb3,suspicious,suspicious,suspicious,0.118248,0.135132,246,ok;ok;blank;blank,/cpfs/user/zhuzihou/assets/dedup_workspaces/test0_transitive_apply_parallel/dataset/GRScenes_assets/pillow/a4488ff9b1547cf6b1632543eaba2fb3,/cpfs/user/zhuzihou/assets/dedup_workspaces/test0_transitive_apply_parallel/dataset/GRScenes_assets/pillow/a4488ff9b1547cf6b1632543eaba2fb3/usd/a4488ff9b1547cf6b1632543eaba2fb3.usd
pillow,a4f03511bad86814ebc18fc7351cb1bd,suspicious,suspicious,suspicious,0.103558,0.156403,205,blank;ok;ok;blank,/cpfs/user/zhuzihou/assets/dedup_workspaces/test0_transitive_apply_parallel/dataset/GRScenes_assets/pillow/a4f03511bad86814ebc18fc7351cb1bd,/cpfs/user/zhuzihou/assets/dedup_workspaces/test0_transitive_apply_parallel/dataset/GRScenes_assets/pillow/a4f03511bad86814ebc18fc7351cb1bd/usd/a4f03511bad86814ebc18fc7351cb1bd.usd
pillow,a6b65869df0040a10e1d39dbdc312e36,suspicious,suspicious,suspicious,0.097153,0.144516,274,ok;ok;blank;blank,/cpfs/user/zhuzihou/assets/dedup_workspaces/test0_transitive_apply_parallel/dataset/GRScenes_assets/pillow/a6b65869df0040a10e1d39dbdc312e36,/cpfs/user/zhuzihou/assets/dedup_workspaces/test0_transitive_apply_parallel/dataset/GRScenes_assets/pillow/a6b65869df0040a10e1d39dbdc312e36/usd/a6b65869df0040a10e1d39dbdc312e36.usd
pillow,a76ff5c2bcbba9592f5104200d5942e6,suspicious,suspicious,suspicious,0.049263,0.133015,286,ok;ok;blank;blank,/cpfs/user/zhuzihou/assets/dedup_workspaces/test0_transitive_apply_parallel/dataset/GRScenes_assets/pillow/a76ff5c2bcbba9592f5104200d5942e6,/cpfs/user/zhuzihou/assets/dedup_workspaces/test0_transitive_apply_parallel/dataset/GRScenes_assets/pillow/a76ff5c2bcbba9592f5104200d5942e6/usd/a76ff5c2bcbba9592f5104200d5942e6.usd
pillow,a7a45b59b3c45b7f6f26ed6f0a4c4de2,suspicious,suspicious,suspicious,0.064293,0.092697,225,ok;ok;blank;blank,/cpfs/user/zhuzihou/assets/dedup_workspaces/test0_transitive_apply_parallel/dataset/GRScenes_assets/pillow/a7a45b59b3c45b7f6f26ed6f0a4c4de2,/cpfs/user/zhuzihou/assets/dedup_workspaces/test0_transitive_apply_parallel/dataset/GRScenes_assets/pillow/a7a45b59b3c45b7f6f26ed6f0a4c4de2/usd/a7a45b59b3c45b7f6f26ed6f0a4c4de2.usd
pillow,a9d6ce4f22ced95a925e9195106ec4f6,suspicious,suspicious,suspicious,0.080292,0.114498,209,ok;ok;ok;blank,/cpfs/user/zhuzihou/assets/dedup_workspaces/test0_transitive_apply_parallel/dataset/GRScenes_assets/pillow/a9d6ce4f22ced95a925e9195106ec4f6,/cpfs/user/zhuzihou/assets/dedup_workspaces/test0_transitive_apply_parallel/dataset/GRScenes_assets/pillow/a9d6ce4f22ced95a925e9195106ec4f6/usd/a9d6ce4f22ced95a925e9195106ec4f6.usd
pillow,aa0b40fcf5303fae10beb0dac310dd69,suspicious,suspicious,suspicious,0.089741,0.130405,265,ok;ok;ok;tiny,/cpfs/user/zhuzihou/assets/dedup_workspaces/test0_transitive_apply_parallel/dataset/GRScenes_assets/pillow/aa0b40fcf5303fae10beb0dac310dd69,/cpfs/user/zhuzihou/assets/dedup_workspaces/test0_transitive_apply_parallel/dataset/GRScenes_assets/pillow/aa0b40fcf5303fae10beb0dac310dd69/usd/aa0b40fcf5303fae10beb0dac310dd69.usd
pillow,ab7905e10c85aac4d9649d4c7629704c,suspicious,suspicious,suspicious,0.110321,0.158737,274,ok;ok;blank;blank,/cpfs/user/zhuzihou/assets/dedup_workspaces/test0_transitive_apply_parallel/dataset/GRScenes_assets/pillow/ab7905e10c85aac4d9649d4c7629704c,/cpfs/user/zhuzihou/assets/dedup_workspaces/test0_transitive_apply_parallel/dataset/GRScenes_assets/pillow/ab7905e10c85aac4d9649d4c7629704c/usd/ab7905e10c85aac4d9649d4c7629704c.usd
pillow,abc870a47ba7a5c73c1837f90bf4caa0,suspicious,suspicious,suspicious,0.093281,0.144958,304,blank;ok;ok;blank,/cpfs/user/zhuzihou/assets/dedup_workspaces/test0_transitive_apply_parallel/dataset/GRScenes_assets/pillow/abc870a47ba7a5c73c1837f90bf4caa0,/cpfs/user/zhuzihou/assets/dedup_workspaces/test0_transitive_apply_parallel/dataset/GRScenes_assets/pillow/abc870a47ba7a5c73c1837f90bf4caa0/usd/abc870a47ba7a5c73c1837f90bf4caa0.usd
pillow,ac3d3fab6b19c36f25f36ec032822fe4,suspicious,suspicious,suspicious,0.085327,0.120556,253,ok;ok;ok;blank,/cpfs/user/zhuzihou/assets/dedup_workspaces/test0_transitive_apply_parallel/dataset/GRScenes_assets/pillow/ac3d3fab6b19c36f25f36ec032822fe4,/cpfs/user/zhuzihou/assets/dedup_workspaces/test0_transitive_apply_parallel/dataset/GRScenes_assets/pillow/ac3d3fab6b19c36f25f36ec032822fe4/usd/ac3d3fab6b19c36f25f36ec032822fe4.usd
pillow,ad8038b6fdda07566a2bf2cd2823c705,suspicious,suspicious,suspicious,0.061909,0.101566,216,blank;ok;ok;blank,/cpfs/user/zhuzihou/assets/dedup_workspaces/test0_transitive_apply_parallel/dataset/GRScenes_assets/pillow/ad8038b6fdda07566a2bf2cd2823c705,/cpfs/user/zhuzihou/assets/dedup_workspaces/test0_transitive_apply_parallel/dataset/GRScenes_assets/pillow/ad8038b6fdda07566a2bf2cd2823c705/usd/ad8038b6fdda07566a2bf2cd2823c705.usd
pillow,af3307efa5c569962eab94e9685b093b,suspicious,suspicious,suspicious,0.108566,0.169334,299,ok;ok;blank;blank,/cpfs/user/zhuzihou/assets/dedup_workspaces/test0_transitive_apply_parallel/dataset/GRScenes_assets/pillow/af3307efa5c569962eab94e9685b093b,/cpfs/user/zhuzihou/assets/dedup_workspaces/test0_transitive_apply_parallel/dataset/GRScenes_assets/pillow/af3307efa5c569962eab94e9685b093b/usd/af3307efa5c569962eab94e9685b093b.usd
pillow,b06e3df3d417117902c36269d5764c8c,suspicious,suspicious,suspicious,0.111210,0.164917,308,ok;ok;blank;blank,/cpfs/user/zhuzihou/assets/dedup_workspaces/test0_transitive_apply_parallel/dataset/GRScenes_assets/pillow/b06e3df3d417117902c36269d5764c8c,/cpfs/user/zhuzihou/assets/dedup_workspaces/test0_transitive_apply_parallel/dataset/GRScenes_assets/pillow/b06e3df3d417117902c36269d5764c8c/usd/b06e3df3d417117902c36269d5764c8c.usd
pillow,b20b180f9edf4d7590c90247f4e428ff,suspicious,suspicious,suspicious,0.095280,0.119438,219,ok;ok;ok;blank,/cpfs/user/zhuzihou/assets/dedup_workspaces/test0_transitive_apply_parallel/dataset/GRScenes_assets/pillow/b20b180f9edf4d7590c90247f4e428ff,/cpfs/user/zhuzihou/assets/dedup_workspaces/test0_transitive_apply_parallel/dataset/GRScenes_assets/pillow/b20b180f9edf4d7590c90247f4e428ff/usd/b20b180f9edf4d7590c90247f4e428ff.usd
pillow,b228db94c300aa38ebe424a9a60d349e,suspicious,suspicious,suspicious,0.097664,0.129429,259,ok;ok;blank;ok,/cpfs/user/zhuzihou/assets/dedup_workspaces/test0_transitive_apply_parallel/dataset/GRScenes_assets/pillow/b228db94c300aa38ebe424a9a60d349e,/cpfs/user/zhuzihou/assets/dedup_workspaces/test0_transitive_apply_parallel/dataset/GRScenes_assets/pillow/b228db94c300aa38ebe424a9a60d349e/usd/b228db94c300aa38ebe424a9a60d349e.usd
pillow,b2cab6db8f32f839b1505e308a809e38,suspicious,suspicious,suspicious,0.102955,0.143143,237,ok;ok;ok;blank,/cpfs/user/zhuzihou/assets/dedup_workspaces/test0_transitive_apply_parallel/dataset/GRScenes_assets/pillow/b2cab6db8f32f839b1505e308a809e38,/cpfs/user/zhuzihou/assets/dedup_workspaces/test0_transitive_apply_parallel/dataset/GRScenes_assets/pillow/b2cab6db8f32f839b1505e308a809e38/usd/b2cab6db8f32f839b1505e308a809e38.usd
pillow,b35fda900d248b182b72e5d40e28e218,suspicious,suspicious,suspicious,0.070827,0.104366,271,ok;ok;blank;blank,/cpfs/user/zhuzihou/assets/dedup_workspaces/test0_transitive_apply_parallel/dataset/GRScenes_assets/pillow/b35fda900d248b182b72e5d40e28e218,/cpfs/user/zhuzihou/assets/dedup_workspaces/test0_transitive_apply_parallel/dataset/GRScenes_assets/pillow/b35fda900d248b182b72e5d40e28e218/usd/b35fda900d248b182b72e5d40e28e218.usd
pillow,b3b78d8e863ee9cf6fe091ee63375bd6,suspicious,suspicious,suspicious,0.081776,0.120636,268,tiny;tiny;ok;ok,/cpfs/user/zhuzihou/assets/dedup_workspaces/test0_transitive_apply_parallel/dataset/GRScenes_assets/pillow/b3b78d8e863ee9cf6fe091ee63375bd6,/cpfs/user/zhuzihou/assets/dedup_workspaces/test0_transitive_apply_parallel/dataset/GRScenes_assets/pillow/b3b78d8e863ee9cf6fe091ee63375bd6/usd/b3b78d8e863ee9cf6fe091ee63375bd6.usd
pillow,b3f56160c8ffd40200c494e214b3186a,suspicious,suspicious,suspicious,0.077297,0.108009,198,blank;ok;ok;blank,/cpfs/user/zhuzihou/assets/dedup_workspaces/test0_transitive_apply_parallel/dataset/GRScenes_assets/pillow/b3f56160c8ffd40200c494e214b3186a,/cpfs/user/zhuzihou/assets/dedup_workspaces/test0_transitive_apply_parallel/dataset/GRScenes_assets/pillow/b3f56160c8ffd40200c494e214b3186a/usd/b3f56160c8ffd40200c494e214b3186a.usd
pillow,b4a28e5ea812df8fad47468e273d5dca,suspicious,suspicious,suspicious,0.080460,0.141930,266,blank;ok;ok;blank,/cpfs/user/zhuzihou/assets/dedup_workspaces/test0_transitive_apply_parallel/dataset/GRScenes_assets/pillow/b4a28e5ea812df8fad47468e273d5dca,/cpfs/user/zhuzihou/assets/dedup_workspaces/test0_transitive_apply_parallel/dataset/GRScenes_assets/pillow/b4a28e5ea812df8fad47468e273d5dca/usd/b4a28e5ea812df8fad47468e273d5dca.usd
pillow,b4eb3a2ba8689f2719d69b0a786fe24d,suspicious,suspicious,suspicious,0.085136,0.111076,230,blank;ok;ok;blank,/cpfs/user/zhuzihou/assets/dedup_workspaces/test0_transitive_apply_parallel/dataset/GRScenes_assets/pillow/b4eb3a2ba8689f2719d69b0a786fe24d,/cpfs/user/zhuzihou/assets/dedup_workspaces/test0_transitive_apply_parallel/dataset/GRScenes_assets/pillow/b4eb3a2ba8689f2719d69b0a786fe24d/usd/b4eb3a2ba8689f2719d69b0a786fe24d.usd
pillow,b54c331432470c6427aec5b7741a9045,suspicious,suspicious,suspicious,0.051823,0.074577,170,blank;ok;ok;ok,/cpfs/user/zhuzihou/assets/dedup_workspaces/test0_transitive_apply_parallel/dataset/GRScenes_assets/pillow/b54c331432470c6427aec5b7741a9045,/cpfs/user/zhuzihou/assets/dedup_workspaces/test0_transitive_apply_parallel/dataset/GRScenes_assets/pillow/b54c331432470c6427aec5b7741a9045/usd/b54c331432470c6427aec5b7741a9045.usd
pillow,b62b6616f9a0416038ccb31d1be9a7e3,suspicious,suspicious,suspicious,0.059292,0.082123,236,ok;blank;blank;ok,/cpfs/user/zhuzihou/assets/dedup_workspaces/test0_transitive_apply_parallel/dataset/GRScenes_assets/pillow/b62b6616f9a0416038ccb31d1be9a7e3,/cpfs/user/zhuzihou/assets/dedup_workspaces/test0_transitive_apply_parallel/dataset/GRScenes_assets/pillow/b62b6616f9a0416038ccb31d1be9a7e3/usd/b62b6616f9a0416038ccb31d1be9a7e3.usd
pillow,b6604d75cef6c39889644f27f70cfb4f,suspicious,suspicious,suspicious,0.046902,0.071777,224,blank;blank;ok;ok,/cpfs/user/zhuzihou/assets/dedup_workspaces/test0_transitive_apply_parallel/dataset/GRScenes_assets/pillow/b6604d75cef6c39889644f27f70cfb4f,/cpfs/user/zhuzihou/assets/dedup_workspaces/test0_transitive_apply_parallel/dataset/GRScenes_assets/pillow/b6604d75cef6c39889644f27f70cfb4f/usd/b6604d75cef6c39889644f27f70cfb4f.usd
pillow,b75db802594397c1eff144061155582d,suspicious,suspicious,suspicious,0.043442,0.093811,238,blank;ok;ok;blank,/cpfs/user/zhuzihou/assets/dedup_workspaces/test0_transitive_apply_parallel/dataset/GRScenes_assets/pillow/b75db802594397c1eff144061155582d,/cpfs/user/zhuzihou/assets/dedup_workspaces/test0_transitive_apply_parallel/dataset/GRScenes_assets/pillow/b75db802594397c1eff144061155582d/usd/b75db802594397c1eff144061155582d.usd
pillow,b8eb8479fd055a17bea9fb37c159d112,suspicious,suspicious,suspicious,0.105564,0.127430,255,ok;ok;blank;ok,/cpfs/user/zhuzihou/assets/dedup_workspaces/test0_transitive_apply_parallel/dataset/GRScenes_assets/pillow/b8eb8479fd055a17bea9fb37c159d112,/cpfs/user/zhuzihou/assets/dedup_workspaces/test0_transitive_apply_parallel/dataset/GRScenes_assets/pillow/b8eb8479fd055a17bea9fb37c159d112/usd/b8eb8479fd055a17bea9fb37c159d112.usd
pillow,b915bf95a817204308cc43e5d13fb9c7,suspicious,suspicious,suspicious,0.076252,0.117851,271,ok;ok;blank;blank,/cpfs/user/zhuzihou/assets/dedup_workspaces/test0_transitive_apply_parallel/dataset/GRScenes_assets/pillow/b915bf95a817204308cc43e5d13fb9c7,/cpfs/user/zhuzihou/assets/dedup_workspaces/test0_transitive_apply_parallel/dataset/GRScenes_assets/pillow/b915bf95a817204308cc43e5d13fb9c7/usd/b915bf95a817204308cc43e5d13fb9c7.usd
pillow,bb553b101840b4d0e0044035dd5d28e6,suspicious,suspicious,suspicious,0.093456,0.128372,188,ok;ok;ok;blank,/cpfs/user/zhuzihou/assets/dedup_workspaces/test0_transitive_apply_parallel/dataset/GRScenes_assets/pillow/bb553b101840b4d0e0044035dd5d28e6,/cpfs/user/zhuzihou/assets/dedup_workspaces/test0_transitive_apply_parallel/dataset/GRScenes_assets/pillow/bb553b101840b4d0e0044035dd5d28e6/usd/bb553b101840b4d0e0044035dd5d28e6.usd
pillow,bbf157590d83e82125a6f0aad3a1c806,suspicious,suspicious,suspicious,0.063808,0.111103,258,ok;ok;blank;blank,/cpfs/user/zhuzihou/assets/dedup_workspaces/test0_transitive_apply_parallel/dataset/GRScenes_assets/pillow/bbf157590d83e82125a6f0aad3a1c806,/cpfs/user/zhuzihou/assets/dedup_workspaces/test0_transitive_apply_parallel/dataset/GRScenes_assets/pillow/bbf157590d83e82125a6f0aad3a1c806/usd/bbf157590d83e82125a6f0aad3a1c806.usd
pillow,bc1c1254a734d8cd135d6affd9d75060,suspicious,suspicious,suspicious,0.050217,0.066666,257,blank;ok;ok;blank,/cpfs/user/zhuzihou/assets/dedup_workspaces/test0_transitive_apply_parallel/dataset/GRScenes_assets/pillow/bc1c1254a734d8cd135d6affd9d75060,/cpfs/user/zhuzihou/assets/dedup_workspaces/test0_transitive_apply_parallel/dataset/GRScenes_assets/pillow/bc1c1254a734d8cd135d6affd9d75060/usd/bc1c1254a734d8cd135d6affd9d75060.usd
pillow,bc59199379f03bc89dd45a88b4b65920,suspicious,suspicious,suspicious,0.110847,0.158890,267,ok;ok;blank;blank,/cpfs/user/zhuzihou/assets/dedup_workspaces/test0_transitive_apply_parallel/dataset/GRScenes_assets/pillow/bc59199379f03bc89dd45a88b4b65920,/cpfs/user/zhuzihou/assets/dedup_workspaces/test0_transitive_apply_parallel/dataset/GRScenes_assets/pillow/bc59199379f03bc89dd45a88b4b65920/usd/bc59199379f03bc89dd45a88b4b65920.usd
pillow,bc6333d7940a609d483541ade50a1c96,suspicious,suspicious,suspicious,0.107437,0.165539,320,tiny;ok;ok;ok,/cpfs/user/zhuzihou/assets/dedup_workspaces/test0_transitive_apply_parallel/dataset/GRScenes_assets/pillow/bc6333d7940a609d483541ade50a1c96,/cpfs/user/zhuzihou/assets/dedup_workspaces/test0_transitive_apply_parallel/dataset/GRScenes_assets/pillow/bc6333d7940a609d483541ade50a1c96/usd/bc6333d7940a609d483541ade50a1c96.usd
pillow,bea459399e80db205fbdc7ee817a7c8d,suspicious,suspicious,suspicious,0.098907,0.165394,259,blank;ok;ok;blank,/cpfs/user/zhuzihou/assets/dedup_workspaces/test0_transitive_apply_parallel/dataset/GRScenes_assets/pillow/bea459399e80db205fbdc7ee817a7c8d,/cpfs/user/zhuzihou/assets/dedup_workspaces/test0_transitive_apply_parallel/dataset/GRScenes_assets/pillow/bea459399e80db205fbdc7ee817a7c8d/usd/bea459399e80db205fbdc7ee817a7c8d.usd
pillow,beb7560706728baf26ee4eb52ae68dff,suspicious,suspicious,suspicious,0.046490,0.111702,242,ok;ok;blank;blank,/cpfs/user/zhuzihou/assets/dedup_workspaces/test0_transitive_apply_parallel/dataset/GRScenes_assets/pillow/beb7560706728baf26ee4eb52ae68dff,/cpfs/user/zhuzihou/assets/dedup_workspaces/test0_transitive_apply_parallel/dataset/GRScenes_assets/pillow/beb7560706728baf26ee4eb52ae68dff/usd/beb7560706728baf26ee4eb52ae68dff.usd
pillow,bf3d8a9298f510c1cf3edee0a9291f96,suspicious,suspicious,suspicious,0.065319,0.101337,239,ok;blank;blank;ok,/cpfs/user/zhuzihou/assets/dedup_workspaces/test0_transitive_apply_parallel/dataset/GRScenes_assets/pillow/bf3d8a9298f510c1cf3edee0a9291f96,/cpfs/user/zhuzihou/assets/dedup_workspaces/test0_transitive_apply_parallel/dataset/GRScenes_assets/pillow/bf3d8a9298f510c1cf3edee0a9291f96/usd/bf3d8a9298f510c1cf3edee0a9291f96.usd
pillow,c117afaa4f96a46e003c9afb68c93309,suspicious,suspicious,suspicious,0.086578,0.120644,251,ok;ok;blank;blank,/cpfs/user/zhuzihou/assets/dedup_workspaces/test0_transitive_apply_parallel/dataset/GRScenes_assets/pillow/c117afaa4f96a46e003c9afb68c93309,/cpfs/user/zhuzihou/assets/dedup_workspaces/test0_transitive_apply_parallel/dataset/GRScenes_assets/pillow/c117afaa4f96a46e003c9afb68c93309/usd/c117afaa4f96a46e003c9afb68c93309.usd
pillow,c19df048c27428984b768c80c31d15ac,suspicious,suspicious,suspicious,0.090092,0.105469,216,blank;ok;ok;blank,/cpfs/user/zhuzihou/assets/dedup_workspaces/test0_transitive_apply_parallel/dataset/GRScenes_assets/pillow/c19df048c27428984b768c80c31d15ac,/cpfs/user/zhuzihou/assets/dedup_workspaces/test0_transitive_apply_parallel/dataset/GRScenes_assets/pillow/c19df048c27428984b768c80c31d15ac/usd/c19df048c27428984b768c80c31d15ac.usd
pillow,c34739b26fd6b120b51c0c2321e846ea,suspicious,suspicious,suspicious,0.095093,0.116318,252,ok;ok;blank;blank,/cpfs/user/zhuzihou/assets/dedup_workspaces/test0_transitive_apply_parallel/dataset/GRScenes_assets/pillow/c34739b26fd6b120b51c0c2321e846ea,/cpfs/user/zhuzihou/assets/dedup_workspaces/test0_transitive_apply_parallel/dataset/GRScenes_assets/pillow/c34739b26fd6b120b51c0c2321e846ea/usd/c34739b26fd6b120b51c0c2321e846ea.usd
pillow,c3a3651a298e0cff6c78e913628e8fe2,suspicious,suspicious,suspicious,0.119473,0.174477,311,ok;ok;blank;blank,/cpfs/user/zhuzihou/assets/dedup_workspaces/test0_transitive_apply_parallel/dataset/GRScenes_assets/pillow/c3a3651a298e0cff6c78e913628e8fe2,/cpfs/user/zhuzihou/assets/dedup_workspaces/test0_transitive_apply_parallel/dataset/GRScenes_assets/pillow/c3a3651a298e0cff6c78e913628e8fe2/usd/c3a3651a298e0cff6c78e913628e8fe2.usd
pillow,c603e15cedb571443b09a00368f2a524,suspicious,suspicious,suspicious,0.121765,0.194031,314,ok;ok;blank;tiny,/cpfs/user/zhuzihou/assets/dedup_workspaces/test0_transitive_apply_parallel/dataset/GRScenes_assets/pillow/c603e15cedb571443b09a00368f2a524,/cpfs/user/zhuzihou/assets/dedup_workspaces/test0_transitive_apply_parallel/dataset/GRScenes_assets/pillow/c603e15cedb571443b09a00368f2a524/usd/c603e15cedb571443b09a00368f2a524.usd
pillow,c64c60c4238e4fa305cf26aff79057c6,suspicious,suspicious,suspicious,0.088272,0.115170,227,ok;ok;ok;blank,/cpfs/user/zhuzihou/assets/dedup_workspaces/test0_transitive_apply_parallel/dataset/GRScenes_assets/pillow/c64c60c4238e4fa305cf26aff79057c6,/cpfs/user/zhuzihou/assets/dedup_workspaces/test0_transitive_apply_parallel/dataset/GRScenes_assets/pillow/c64c60c4238e4fa305cf26aff79057c6/usd/c64c60c4238e4fa305cf26aff79057c6.usd
pillow,c875f73bbd5c4ff3f24a307e2e8b7819,suspicious,suspicious,suspicious,0.058205,0.155369,256,ok;ok;blank;blank,/cpfs/user/zhuzihou/assets/dedup_workspaces/test0_transitive_apply_parallel/dataset/GRScenes_assets/pillow/c875f73bbd5c4ff3f24a307e2e8b7819,/cpfs/user/zhuzihou/assets/dedup_workspaces/test0_transitive_apply_parallel/dataset/GRScenes_assets/pillow/c875f73bbd5c4ff3f24a307e2e8b7819/usd/c875f73bbd5c4ff3f24a307e2e8b7819.usd
pillow,c8a1766949de5ee51aa4e8f539aef459,suspicious,suspicious,suspicious,0.085316,0.154724,260,blank;ok;ok;blank,/cpfs/user/zhuzihou/assets/dedup_workspaces/test0_transitive_apply_parallel/dataset/GRScenes_assets/pillow/c8a1766949de5ee51aa4e8f539aef459,/cpfs/user/zhuzihou/assets/dedup_workspaces/test0_transitive_apply_parallel/dataset/GRScenes_assets/pillow/c8a1766949de5ee51aa4e8f539aef459/usd/c8a1766949de5ee51aa4e8f539aef459.usd
pillow,c909a34066fba611979c96a68d5aafa0,suspicious,suspicious,suspicious,0.085484,0.110939,234,blank;ok;ok;blank,/cpfs/user/zhuzihou/assets/dedup_workspaces/test0_transitive_apply_parallel/dataset/GRScenes_assets/pillow/c909a34066fba611979c96a68d5aafa0,/cpfs/user/zhuzihou/assets/dedup_workspaces/test0_transitive_apply_parallel/dataset/GRScenes_assets/pillow/c909a34066fba611979c96a68d5aafa0/usd/c909a34066fba611979c96a68d5aafa0.usd
pillow,c9379a9f29c3debd3834880b120d0a2f,suspicious,suspicious,suspicious,0.089165,0.151920,245,ok;ok;blank;blank,/cpfs/user/zhuzihou/assets/dedup_workspaces/test0_transitive_apply_parallel/dataset/GRScenes_assets/pillow/c9379a9f29c3debd3834880b120d0a2f,/cpfs/user/zhuzihou/assets/dedup_workspaces/test0_transitive_apply_parallel/dataset/GRScenes_assets/pillow/c9379a9f29c3debd3834880b120d0a2f/usd/c9379a9f29c3debd3834880b120d0a2f.usd
pillow,c9cd45edccbcf27200bd331c835410fe,suspicious,suspicious,suspicious,1.000000,1.000000,512,blank;ok;ok;ok,/cpfs/user/zhuzihou/assets/dedup_workspaces/test0_transitive_apply_parallel/dataset/GRScenes_assets/pillow/c9cd45edccbcf27200bd331c835410fe,/cpfs/user/zhuzihou/assets/dedup_workspaces/test0_transitive_apply_parallel/dataset/GRScenes_assets/pillow/c9cd45edccbcf27200bd331c835410fe/usd/c9cd45edccbcf27200bd331c835410fe.usd
pillow,c9d59f5f2f1c04fc696387ff386cf6b3,suspicious,suspicious,suspicious,0.099041,0.143143,212,blank;ok;ok;blank,/cpfs/user/zhuzihou/assets/dedup_workspaces/test0_transitive_apply_parallel/dataset/GRScenes_assets/pillow/c9d59f5f2f1c04fc696387ff386cf6b3,/cpfs/user/zhuzihou/assets/dedup_workspaces/test0_transitive_apply_parallel/dataset/GRScenes_assets/pillow/c9d59f5f2f1c04fc696387ff386cf6b3/usd/c9d59f5f2f1c04fc696387ff386cf6b3.usd
pillow,ca99f331db63cda016d63d49d12ef80d,suspicious,suspicious,suspicious,0.073376,0.115303,247,ok;ok;blank;blank,/cpfs/user/zhuzihou/assets/dedup_workspaces/test0_transitive_apply_parallel/dataset/GRScenes_assets/pillow/ca99f331db63cda016d63d49d12ef80d,/cpfs/user/zhuzihou/assets/dedup_workspaces/test0_transitive_apply_parallel/dataset/GRScenes_assets/pillow/ca99f331db63cda016d63d49d12ef80d/usd/ca99f331db63cda016d63d49d12ef80d.usd
pillow,cb6cb7d3e7e112ceb8a8ef96e5065768,suspicious,suspicious,suspicious,0.101452,0.121635,214,tiny;ok;ok;blank,/cpfs/user/zhuzihou/assets/dedup_workspaces/test0_transitive_apply_parallel/dataset/GRScenes_assets/pillow/cb6cb7d3e7e112ceb8a8ef96e5065768,/cpfs/user/zhuzihou/assets/dedup_workspaces/test0_transitive_apply_parallel/dataset/GRScenes_assets/pillow/cb6cb7d3e7e112ceb8a8ef96e5065768/usd/cb6cb7d3e7e112ceb8a8ef96e5065768.usd
pillow,cb73094aa9143cd83b1c2134d23c4130,suspicious,suspicious,suspicious,0.058563,0.086517,168,tiny;ok;blank;blank,/cpfs/user/zhuzihou/assets/dedup_workspaces/test0_transitive_apply_parallel/dataset/GRScenes_assets/pillow/cb73094aa9143cd83b1c2134d23c4130,/cpfs/user/zhuzihou/assets/dedup_workspaces/test0_transitive_apply_parallel/dataset/GRScenes_assets/pillow/cb73094aa9143cd83b1c2134d23c4130/usd/cb73094aa9143cd83b1c2134d23c4130.usd
pillow,cbbd8a85a93970b359864782d1bedf26,suspicious,suspicious,suspicious,0.114532,0.191483,282,ok;ok;tiny;tiny,/cpfs/user/zhuzihou/assets/dedup_workspaces/test0_transitive_apply_parallel/dataset/GRScenes_assets/pillow/cbbd8a85a93970b359864782d1bedf26,/cpfs/user/zhuzihou/assets/dedup_workspaces/test0_transitive_apply_parallel/dataset/GRScenes_assets/pillow/cbbd8a85a93970b359864782d1bedf26/usd/cbbd8a85a93970b359864782d1bedf26.usd
pillow,ccc274cdfc254e0747ee7275716512e7,suspicious,suspicious,suspicious,0.086426,0.119019,260,ok;ok;blank;blank,/cpfs/user/zhuzihou/assets/dedup_workspaces/test0_transitive_apply_parallel/dataset/GRScenes_assets/pillow/ccc274cdfc254e0747ee7275716512e7,/cpfs/user/zhuzihou/assets/dedup_workspaces/test0_transitive_apply_parallel/dataset/GRScenes_assets/pillow/ccc274cdfc254e0747ee7275716512e7/usd/ccc274cdfc254e0747ee7275716512e7.usd
pillow,cdb842dd7d8a1cf4cf2fed661dfbb029,suspicious,suspicious,suspicious,0.084831,0.101494,251,ok;ok;ok;blank,/cpfs/user/zhuzihou/assets/dedup_workspaces/test0_transitive_apply_parallel/dataset/GRScenes_assets/pillow/cdb842dd7d8a1cf4cf2fed661dfbb029,/cpfs/user/zhuzihou/assets/dedup_workspaces/test0_transitive_apply_parallel/dataset/GRScenes_assets/pillow/cdb842dd7d8a1cf4cf2fed661dfbb029/usd/cdb842dd7d8a1cf4cf2fed661dfbb029.usd
pillow,ceaa4a08877d4bc64ffd9fc56f0af66a,suspicious,suspicious,suspicious,0.137501,0.175705,308,ok;ok;tiny;ok,/cpfs/user/zhuzihou/assets/dedup_workspaces/test0_transitive_apply_parallel/dataset/GRScenes_assets/pillow/ceaa4a08877d4bc64ffd9fc56f0af66a,/cpfs/user/zhuzihou/assets/dedup_workspaces/test0_transitive_apply_parallel/dataset/GRScenes_assets/pillow/ceaa4a08877d4bc64ffd9fc56f0af66a/usd/ceaa4a08877d4bc64ffd9fc56f0af66a.usd
pillow,cf4e3087b12977a0f5b20034ce760570,suspicious,suspicious,suspicious,0.085445,0.113350,179,ok;ok;ok;blank,/cpfs/user/zhuzihou/assets/dedup_workspaces/test0_transitive_apply_parallel/dataset/GRScenes_assets/pillow/cf4e3087b12977a0f5b20034ce760570,/cpfs/user/zhuzihou/assets/dedup_workspaces/test0_transitive_apply_parallel/dataset/GRScenes_assets/pillow/cf4e3087b12977a0f5b20034ce760570/usd/cf4e3087b12977a0f5b20034ce760570.usd
pillow,d18134032c29b687a54c2e3484eac983,suspicious,suspicious,suspicious,0.062935,0.110298,265,ok;ok;blank;blank,/cpfs/user/zhuzihou/assets/dedup_workspaces/test0_transitive_apply_parallel/dataset/GRScenes_assets/pillow/d18134032c29b687a54c2e3484eac983,/cpfs/user/zhuzihou/assets/dedup_workspaces/test0_transitive_apply_parallel/dataset/GRScenes_assets/pillow/d18134032c29b687a54c2e3484eac983/usd/d18134032c29b687a54c2e3484eac983.usd
pillow,d1cb5fe3126e9d90787491ed1693d1f2,suspicious,suspicious,suspicious,0.072178,0.108147,270,ok;ok;blank;blank,/cpfs/user/zhuzihou/assets/dedup_workspaces/test0_transitive_apply_parallel/dataset/GRScenes_assets/pillow/d1cb5fe3126e9d90787491ed1693d1f2,/cpfs/user/zhuzihou/assets/dedup_workspaces/test0_transitive_apply_parallel/dataset/GRScenes_assets/pillow/d1cb5fe3126e9d90787491ed1693d1f2/usd/d1cb5fe3126e9d90787491ed1693d1f2.usd
pillow,d228d49262ad803a30a465f2c254f726,suspicious,suspicious,suspicious,0.096924,0.117920,248,ok;ok;tiny;blank,/cpfs/user/zhuzihou/assets/dedup_workspaces/test0_transitive_apply_parallel/dataset/GRScenes_assets/pillow/d228d49262ad803a30a465f2c254f726,/cpfs/user/zhuzihou/assets/dedup_workspaces/test0_transitive_apply_parallel/dataset/GRScenes_assets/pillow/d228d49262ad803a30a465f2c254f726/usd/d228d49262ad803a30a465f2c254f726.usd
pillow,d2b8ebb6598f91fb61b360646edd9904,suspicious,suspicious,suspicious,0.085133,0.132980,292,blank;ok;ok;blank,/cpfs/user/zhuzihou/assets/dedup_workspaces/test0_transitive_apply_parallel/dataset/GRScenes_assets/pillow/d2b8ebb6598f91fb61b360646edd9904,/cpfs/user/zhuzihou/assets/dedup_workspaces/test0_transitive_apply_parallel/dataset/GRScenes_assets/pillow/d2b8ebb6598f91fb61b360646edd9904/usd/d2b8ebb6598f91fb61b360646edd9904.usd
pillow,d3b46052f1fcafce373e71da1eefb226,suspicious,suspicious,suspicious,0.109612,0.131779,253,blank;ok;ok;blank,/cpfs/user/zhuzihou/assets/dedup_workspaces/test0_transitive_apply_parallel/dataset/GRScenes_assets/pillow/d3b46052f1fcafce373e71da1eefb226,/cpfs/user/zhuzihou/assets/dedup_workspaces/test0_transitive_apply_parallel/dataset/GRScenes_assets/pillow/d3b46052f1fcafce373e71da1eefb226/usd/d3b46052f1fcafce373e71da1eefb226.usd
pillow,d48ec230a3abe22ef34c8a0dadb51b65,suspicious,suspicious,suspicious,0.093876,0.162888,271,blank;ok;ok;blank,/cpfs/user/zhuzihou/assets/dedup_workspaces/test0_transitive_apply_parallel/dataset/GRScenes_assets/pillow/d48ec230a3abe22ef34c8a0dadb51b65,/cpfs/user/zhuzihou/assets/dedup_workspaces/test0_transitive_apply_parallel/dataset/GRScenes_assets/pillow/d48ec230a3abe22ef34c8a0dadb51b65/usd/d48ec230a3abe22ef34c8a0dadb51b65.usd
pillow,d576f10de4556dc133e51dc7f8c832e0,suspicious,suspicious,suspicious,0.063461,0.082703,297,blank;ok;ok;ok,/cpfs/user/zhuzihou/assets/dedup_workspaces/test0_transitive_apply_parallel/dataset/GRScenes_assets/pillow/d576f10de4556dc133e51dc7f8c832e0,/cpfs/user/zhuzihou/assets/dedup_workspaces/test0_transitive_apply_parallel/dataset/GRScenes_assets/pillow/d576f10de4556dc133e51dc7f8c832e0/usd/d576f10de4556dc133e51dc7f8c832e0.usd
pillow,d641bd54be0378d07d918b6074c48ca2,suspicious,suspicious,suspicious,0.101498,0.188324,281,ok;ok;blank;blank,/cpfs/user/zhuzihou/assets/dedup_workspaces/test0_transitive_apply_parallel/dataset/GRScenes_assets/pillow/d641bd54be0378d07d918b6074c48ca2,/cpfs/user/zhuzihou/assets/dedup_workspaces/test0_transitive_apply_parallel/dataset/GRScenes_assets/pillow/d641bd54be0378d07d918b6074c48ca2/usd/d641bd54be0378d07d918b6074c48ca2.usd
pillow,d6f2fa6fc738e32ed8434f1af9f3677b,suspicious,suspicious,suspicious,0.091438,0.134583,240,ok;ok;ok;blank,/cpfs/user/zhuzihou/assets/dedup_workspaces/test0_transitive_apply_parallel/dataset/GRScenes_assets/pillow/d6f2fa6fc738e32ed8434f1af9f3677b,/cpfs/user/zhuzihou/assets/dedup_workspaces/test0_transitive_apply_parallel/dataset/GRScenes_assets/pillow/d6f2fa6fc738e32ed8434f1af9f3677b/usd/d6f2fa6fc738e32ed8434f1af9f3677b.usd
pillow,d7401ae13996981ddab24300bf16062b,suspicious,suspicious,suspicious,0.062378,0.096893,234,ok;ok;blank;blank,/cpfs/user/zhuzihou/assets/dedup_workspaces/test0_transitive_apply_parallel/dataset/GRScenes_assets/pillow/d7401ae13996981ddab24300bf16062b,/cpfs/user/zhuzihou/assets/dedup_workspaces/test0_transitive_apply_parallel/dataset/GRScenes_assets/pillow/d7401ae13996981ddab24300bf16062b/usd/d7401ae13996981ddab24300bf16062b.usd
pillow,d7466baa0e937241ae2d528c3e90402a,suspicious,suspicious,suspicious,0.061695,0.088165,216,ok;blank;blank;blank,/cpfs/user/zhuzihou/assets/dedup_workspaces/test0_transitive_apply_parallel/dataset/GRScenes_assets/pillow/d7466baa0e937241ae2d528c3e90402a,/cpfs/user/zhuzihou/assets/dedup_workspaces/test0_transitive_apply_parallel/dataset/GRScenes_assets/pillow/d7466baa0e937241ae2d528c3e90402a/usd/d7466baa0e937241ae2d528c3e90402a.usd
pillow,d858f7419140dbf7d758a76e875e889e,suspicious,suspicious,suspicious,0.098362,0.131760,255,blank;ok;ok;blank,/cpfs/user/zhuzihou/assets/dedup_workspaces/test0_transitive_apply_parallel/dataset/GRScenes_assets/pillow/d858f7419140dbf7d758a76e875e889e,/cpfs/user/zhuzihou/assets/dedup_workspaces/test0_transitive_apply_parallel/dataset/GRScenes_assets/pillow/d858f7419140dbf7d758a76e875e889e/usd/d858f7419140dbf7d758a76e875e889e.usd
pillow,d8634a464040f96b402191fa8c923b54,suspicious,suspicious,suspicious,0.124367,0.180183,317,blank;ok;ok;ok,/cpfs/user/zhuzihou/assets/dedup_workspaces/test0_transitive_apply_parallel/dataset/GRScenes_assets/pillow/d8634a464040f96b402191fa8c923b54,/cpfs/user/zhuzihou/assets/dedup_workspaces/test0_transitive_apply_parallel/dataset/GRScenes_assets/pillow/d8634a464040f96b402191fa8c923b54/usd/d8634a464040f96b402191fa8c923b54.usd
pillow,d8e6b4f6044ff32b7fa795326cc068b9,suspicious,suspicious,suspicious,0.077354,0.125656,280,blank;ok;ok;blank,/cpfs/user/zhuzihou/assets/dedup_workspaces/test0_transitive_apply_parallel/dataset/GRScenes_assets/pillow/d8e6b4f6044ff32b7fa795326cc068b9,/cpfs/user/zhuzihou/assets/dedup_workspaces/test0_transitive_apply_parallel/dataset/GRScenes_assets/pillow/d8e6b4f6044ff32b7fa795326cc068b9/usd/d8e6b4f6044ff32b7fa795326cc068b9.usd
pillow,d92d5a97a77beb9debd1724423a2b8b9,suspicious,suspicious,suspicious,0.005562,0.117615,188,blank;ok;blank;blank,/cpfs/user/zhuzihou/assets/dedup_workspaces/test0_transitive_apply_parallel/dataset/GRScenes_assets/pillow/d92d5a97a77beb9debd1724423a2b8b9,/cpfs/user/zhuzihou/assets/dedup_workspaces/test0_transitive_apply_parallel/dataset/GRScenes_assets/pillow/d92d5a97a77beb9debd1724423a2b8b9/usd/d92d5a97a77beb9debd1724423a2b8b9.usd
pillow,da85c5fc59788cf1add71a3409a61ac7,suspicious,suspicious,suspicious,0.075180,0.107563,253,ok;ok;blank;blank,/cpfs/user/zhuzihou/assets/dedup_workspaces/test0_transitive_apply_parallel/dataset/GRScenes_assets/pillow/da85c5fc59788cf1add71a3409a61ac7,/cpfs/user/zhuzihou/assets/dedup_workspaces/test0_transitive_apply_parallel/dataset/GRScenes_assets/pillow/da85c5fc59788cf1add71a3409a61ac7/usd/da85c5fc59788cf1add71a3409a61ac7.usd
pillow,db51976e3967d342e81598ad6c10fbbd,suspicious,suspicious,suspicious,0.063015,0.085590,277,blank;ok;ok;blank,/cpfs/user/zhuzihou/assets/dedup_workspaces/test0_transitive_apply_parallel/dataset/GRScenes_assets/pillow/db51976e3967d342e81598ad6c10fbbd,/cpfs/user/zhuzihou/assets/dedup_workspaces/test0_transitive_apply_parallel/dataset/GRScenes_assets/pillow/db51976e3967d342e81598ad6c10fbbd/usd/db51976e3967d342e81598ad6c10fbbd.usd
pillow,db6e116ee1079037a068f15799f91e34,suspicious,suspicious,suspicious,0.105614,0.163376,288,ok;ok;tiny;ok,/cpfs/user/zhuzihou/assets/dedup_workspaces/test0_transitive_apply_parallel/dataset/GRScenes_assets/pillow/db6e116ee1079037a068f15799f91e34,/cpfs/user/zhuzihou/assets/dedup_workspaces/test0_transitive_apply_parallel/dataset/GRScenes_assets/pillow/db6e116ee1079037a068f15799f91e34/usd/db6e116ee1079037a068f15799f91e34.usd
pillow,dbd4310fef1ebeb3a437b362bb83ce42,suspicious,suspicious,suspicious,0.071182,0.108795,230,ok;ok;blank;blank,/cpfs/user/zhuzihou/assets/dedup_workspaces/test0_transitive_apply_parallel/dataset/GRScenes_assets/pillow/dbd4310fef1ebeb3a437b362bb83ce42,/cpfs/user/zhuzihou/assets/dedup_workspaces/test0_transitive_apply_parallel/dataset/GRScenes_assets/pillow/dbd4310fef1ebeb3a437b362bb83ce42/usd/dbd4310fef1ebeb3a437b362bb83ce42.usd
pillow,dca5f7bcd841fb3e0e68e60f1b1b88fc,suspicious,suspicious,suspicious,0.107185,0.168686,321,tiny;ok;ok;ok,/cpfs/user/zhuzihou/assets/dedup_workspaces/test0_transitive_apply_parallel/dataset/GRScenes_assets/pillow/dca5f7bcd841fb3e0e68e60f1b1b88fc,/cpfs/user/zhuzihou/assets/dedup_workspaces/test0_transitive_apply_parallel/dataset/GRScenes_assets/pillow/dca5f7bcd841fb3e0e68e60f1b1b88fc/usd/dca5f7bcd841fb3e0e68e60f1b1b88fc.usd
pillow,de738f7295e9372b0457faacdc771fff,suspicious,suspicious,suspicious,0.096230,0.119305,229,blank;ok;ok;blank,/cpfs/user/zhuzihou/assets/dedup_workspaces/test0_transitive_apply_parallel/dataset/GRScenes_assets/pillow/de738f7295e9372b0457faacdc771fff,/cpfs/user/zhuzihou/assets/dedup_workspaces/test0_transitive_apply_parallel/dataset/GRScenes_assets/pillow/de738f7295e9372b0457faacdc771fff/usd/de738f7295e9372b0457faacdc771fff.usd
pillow,df23b44468bf5ac5c62f89a64b9fddef,suspicious,suspicious,suspicious,0.107994,0.132294,259,ok;ok;tiny;ok,/cpfs/user/zhuzihou/assets/dedup_workspaces/test0_transitive_apply_parallel/dataset/GRScenes_assets/pillow/df23b44468bf5ac5c62f89a64b9fddef,/cpfs/user/zhuzihou/assets/dedup_workspaces/test0_transitive_apply_parallel/dataset/GRScenes_assets/pillow/df23b44468bf5ac5c62f89a64b9fddef/usd/df23b44468bf5ac5c62f89a64b9fddef.usd
pillow,e284c17d9f74bca96613c42487067316,suspicious,suspicious,suspicious,0.059551,0.101254,209,blank;ok;ok;blank,/cpfs/user/zhuzihou/assets/dedup_workspaces/test0_transitive_apply_parallel/dataset/GRScenes_assets/pillow/e284c17d9f74bca96613c42487067316,/cpfs/user/zhuzihou/assets/dedup_workspaces/test0_transitive_apply_parallel/dataset/GRScenes_assets/pillow/e284c17d9f74bca96613c42487067316/usd/e284c17d9f74bca96613c42487067316.usd
pillow,e2fbcb29d014f9d0ac6dd075bbfac487,suspicious,suspicious,suspicious,0.057381,0.102646,217,ok;ok;ok;blank,/cpfs/user/zhuzihou/assets/dedup_workspaces/test0_transitive_apply_parallel/dataset/GRScenes_assets/pillow/e2fbcb29d014f9d0ac6dd075bbfac487,/cpfs/user/zhuzihou/assets/dedup_workspaces/test0_transitive_apply_parallel/dataset/GRScenes_assets/pillow/e2fbcb29d014f9d0ac6dd075bbfac487/usd/e2fbcb29d014f9d0ac6dd075bbfac487.usd
pillow,e466c9d3efcc495d03d26e096fa60508,suspicious,suspicious,suspicious,0.101101,0.156689,265,blank;ok;ok;blank,/cpfs/user/zhuzihou/assets/dedup_workspaces/test0_transitive_apply_parallel/dataset/GRScenes_assets/pillow/e466c9d3efcc495d03d26e096fa60508,/cpfs/user/zhuzihou/assets/dedup_workspaces/test0_transitive_apply_parallel/dataset/GRScenes_assets/pillow/e466c9d3efcc495d03d26e096fa60508/usd/e466c9d3efcc495d03d26e096fa60508.usd
pillow,e6365efc407606e8e9b7a4e2f227624c,suspicious,suspicious,suspicious,1.000000,1.000000,512,blank;ok;tiny;ok,/cpfs/user/zhuzihou/assets/dedup_workspaces/test0_transitive_apply_parallel/dataset/GRScenes_assets/pillow/e6365efc407606e8e9b7a4e2f227624c,/cpfs/user/zhuzihou/assets/dedup_workspaces/test0_transitive_apply_parallel/dataset/GRScenes_assets/pillow/e6365efc407606e8e9b7a4e2f227624c/usd/e6365efc407606e8e9b7a4e2f227624c.usd
pillow,e7831bbdf9f774c4d139ae0b10bd62cd,suspicious,suspicious,suspicious,0.059811,0.081055,174,blank;ok;ok;ok,/cpfs/user/zhuzihou/assets/dedup_workspaces/test0_transitive_apply_parallel/dataset/GRScenes_assets/pillow/e7831bbdf9f774c4d139ae0b10bd62cd,/cpfs/user/zhuzihou/assets/dedup_workspaces/test0_transitive_apply_parallel/dataset/GRScenes_assets/pillow/e7831bbdf9f774c4d139ae0b10bd62cd/usd/e7831bbdf9f774c4d139ae0b10bd62cd.usd
pillow,ea10b64b7eca9e9ba1e8c0ee81dc2d28,suspicious,suspicious,suspicious,0.048664,0.118935,249,ok;ok;blank;blank,/cpfs/user/zhuzihou/assets/dedup_workspaces/test0_transitive_apply_parallel/dataset/GRScenes_assets/pillow/ea10b64b7eca9e9ba1e8c0ee81dc2d28,/cpfs/user/zhuzihou/assets/dedup_workspaces/test0_transitive_apply_parallel/dataset/GRScenes_assets/pillow/ea10b64b7eca9e9ba1e8c0ee81dc2d28/usd/ea10b64b7eca9e9ba1e8c0ee81dc2d28.usd
pillow,ea59dc32198f3bee9e55dd7e0e5ff366,suspicious,suspicious,suspicious,0.044945,0.062347,227,tiny;ok;ok;blank,/cpfs/user/zhuzihou/assets/dedup_workspaces/test0_transitive_apply_parallel/dataset/GRScenes_assets/pillow/ea59dc32198f3bee9e55dd7e0e5ff366,/cpfs/user/zhuzihou/assets/dedup_workspaces/test0_transitive_apply_parallel/dataset/GRScenes_assets/pillow/ea59dc32198f3bee9e55dd7e0e5ff366/usd/ea59dc32198f3bee9e55dd7e0e5ff366.usd
pillow,eab06b0230f83cbe0010b5531be23afa,suspicious,suspicious,suspicious,0.080517,0.106945,269,blank;ok;ok;ok,/cpfs/user/zhuzihou/assets/dedup_workspaces/test0_transitive_apply_parallel/dataset/GRScenes_assets/pillow/eab06b0230f83cbe0010b5531be23afa,/cpfs/user/zhuzihou/assets/dedup_workspaces/test0_transitive_apply_parallel/dataset/GRScenes_assets/pillow/eab06b0230f83cbe0010b5531be23afa/usd/eab06b0230f83cbe0010b5531be23afa.usd
pillow,eabb89ceb0d87deb2d99bf3ee9e87b8c,suspicious,suspicious,suspicious,0.075275,0.108387,231,ok;ok;ok;blank,/cpfs/user/zhuzihou/assets/dedup_workspaces/test0_transitive_apply_parallel/dataset/GRScenes_assets/pillow/eabb89ceb0d87deb2d99bf3ee9e87b8c,/cpfs/user/zhuzihou/assets/dedup_workspaces/test0_transitive_apply_parallel/dataset/GRScenes_assets/pillow/eabb89ceb0d87deb2d99bf3ee9e87b8c/usd/eabb89ceb0d87deb2d99bf3ee9e87b8c.usd
pillow,eba42d1f4ac69846a2708c644e85bf08,suspicious,suspicious,suspicious,0.056141,0.059280,259,blank;ok;ok;blank,/cpfs/user/zhuzihou/assets/dedup_workspaces/test0_transitive_apply_parallel/dataset/GRScenes_assets/pillow/eba42d1f4ac69846a2708c644e85bf08,/cpfs/user/zhuzihou/assets/dedup_workspaces/test0_transitive_apply_parallel/dataset/GRScenes_assets/pillow/eba42d1f4ac69846a2708c644e85bf08/usd/eba42d1f4ac69846a2708c644e85bf08.usd
pillow,eded3fd4d80a71c84be0982684447ef4,suspicious,suspicious,suspicious,0.090412,0.135651,254,blank;ok;ok;blank,/cpfs/user/zhuzihou/assets/dedup_workspaces/test0_transitive_apply_parallel/dataset/GRScenes_assets/pillow/eded3fd4d80a71c84be0982684447ef4,/cpfs/user/zhuzihou/assets/dedup_workspaces/test0_transitive_apply_parallel/dataset/GRScenes_assets/pillow/eded3fd4d80a71c84be0982684447ef4/usd/eded3fd4d80a71c84be0982684447ef4.usd
pillow,ee06ee2fc0dc7d620f2b458985822266,suspicious,suspicious,suspicious,0.064011,0.093109,216,blank;blank;ok;blank,/cpfs/user/zhuzihou/assets/dedup_workspaces/test0_transitive_apply_parallel/dataset/GRScenes_assets/pillow/ee06ee2fc0dc7d620f2b458985822266,/cpfs/user/zhuzihou/assets/dedup_workspaces/test0_transitive_apply_parallel/dataset/GRScenes_assets/pillow/ee06ee2fc0dc7d620f2b458985822266/usd/ee06ee2fc0dc7d620f2b458985822266.usd
pillow,ee39e37d289bdf900c09124ff917f377,suspicious,suspicious,suspicious,0.102589,0.138672,256,blank;ok;ok;blank,/cpfs/user/zhuzihou/assets/dedup_workspaces/test0_transitive_apply_parallel/dataset/GRScenes_assets/pillow/ee39e37d289bdf900c09124ff917f377,/cpfs/user/zhuzihou/assets/dedup_workspaces/test0_transitive_apply_parallel/dataset/GRScenes_assets/pillow/ee39e37d289bdf900c09124ff917f377/usd/ee39e37d289bdf900c09124ff917f377.usd
pillow,eee57f6f0a59d7b3d815e1d4ebd33ac3,suspicious,suspicious,suspicious,0.076302,0.112942,241,blank;ok;ok;blank,/cpfs/user/zhuzihou/assets/dedup_workspaces/test0_transitive_apply_parallel/dataset/GRScenes_assets/pillow/eee57f6f0a59d7b3d815e1d4ebd33ac3,/cpfs/user/zhuzihou/assets/dedup_workspaces/test0_transitive_apply_parallel/dataset/GRScenes_assets/pillow/eee57f6f0a59d7b3d815e1d4ebd33ac3/usd/eee57f6f0a59d7b3d815e1d4ebd33ac3.usd
pillow,f2679a3cb6671930aa5ffc9ab40f78b0,suspicious,suspicious,suspicious,0.101387,0.131161,219,ok;ok;blank;blank,/cpfs/user/zhuzihou/assets/dedup_workspaces/test0_transitive_apply_parallel/dataset/GRScenes_assets/pillow/f2679a3cb6671930aa5ffc9ab40f78b0,/cpfs/user/zhuzihou/assets/dedup_workspaces/test0_transitive_apply_parallel/dataset/GRScenes_assets/pillow/f2679a3cb6671930aa5ffc9ab40f78b0/usd/f2679a3cb6671930aa5ffc9ab40f78b0.usd
pillow,f3265d7e2f9118f30aa1a81e850096b4,suspicious,suspicious,suspicious,0.099487,0.124741,218,ok;ok;tiny;blank,/cpfs/user/zhuzihou/assets/dedup_workspaces/test0_transitive_apply_parallel/dataset/GRScenes_assets/pillow/f3265d7e2f9118f30aa1a81e850096b4,/cpfs/user/zhuzihou/assets/dedup_workspaces/test0_transitive_apply_parallel/dataset/GRScenes_assets/pillow/f3265d7e2f9118f30aa1a81e850096b4/usd/f3265d7e2f9118f30aa1a81e850096b4.usd
pillow,f328bae77494b48ab240305f08f5a021,suspicious,suspicious,suspicious,0.078407,0.113930,218,blank;blank;ok;ok,/cpfs/user/zhuzihou/assets/dedup_workspaces/test0_transitive_apply_parallel/dataset/GRScenes_assets/pillow/f328bae77494b48ab240305f08f5a021,/cpfs/user/zhuzihou/assets/dedup_workspaces/test0_transitive_apply_parallel/dataset/GRScenes_assets/pillow/f328bae77494b48ab240305f08f5a021/usd/f328bae77494b48ab240305f08f5a021.usd
pillow,f334c28ce51d6b1aa2dbfdd56c809484,suspicious,suspicious,suspicious,0.066948,0.104538,223,ok;blank;blank;ok,/cpfs/user/zhuzihou/assets/dedup_workspaces/test0_transitive_apply_parallel/dataset/GRScenes_assets/pillow/f334c28ce51d6b1aa2dbfdd56c809484,/cpfs/user/zhuzihou/assets/dedup_workspaces/test0_transitive_apply_parallel/dataset/GRScenes_assets/pillow/f334c28ce51d6b1aa2dbfdd56c809484/usd/f334c28ce51d6b1aa2dbfdd56c809484.usd
pillow,f34d7501eb149275433730a45bf5071e,suspicious,suspicious,suspicious,0.095795,0.153542,300,blank;ok;ok;blank,/cpfs/user/zhuzihou/assets/dedup_workspaces/test0_transitive_apply_parallel/dataset/GRScenes_assets/pillow/f34d7501eb149275433730a45bf5071e,/cpfs/user/zhuzihou/assets/dedup_workspaces/test0_transitive_apply_parallel/dataset/GRScenes_assets/pillow/f34d7501eb149275433730a45bf5071e/usd/f34d7501eb149275433730a45bf5071e.usd
pillow,f3c9d9e1c7136fe3910f81c03071dcb0,suspicious,suspicious,suspicious,0.069450,0.116020,298,tiny;ok;ok;tiny,/cpfs/user/zhuzihou/assets/dedup_workspaces/test0_transitive_apply_parallel/dataset/GRScenes_assets/pillow/f3c9d9e1c7136fe3910f81c03071dcb0,/cpfs/user/zhuzihou/assets/dedup_workspaces/test0_transitive_apply_parallel/dataset/GRScenes_assets/pillow/f3c9d9e1c7136fe3910f81c03071dcb0/usd/f3c9d9e1c7136fe3910f81c03071dcb0.usd
pillow,f41d42808b984bc5132c38489d2978bd,suspicious,suspicious,suspicious,0.091984,0.118835,264,blank;ok;ok;blank,/cpfs/user/zhuzihou/assets/dedup_workspaces/test0_transitive_apply_parallel/dataset/GRScenes_assets/pillow/f41d42808b984bc5132c38489d2978bd,/cpfs/user/zhuzihou/assets/dedup_workspaces/test0_transitive_apply_parallel/dataset/GRScenes_assets/pillow/f41d42808b984bc5132c38489d2978bd/usd/f41d42808b984bc5132c38489d2978bd.usd
pillow,f4b294a04ae7d99f1054fbb095cfb3ca,suspicious,suspicious,suspicious,0.122555,0.182785,304,ok;ok;tiny;tiny,/cpfs/user/zhuzihou/assets/dedup_workspaces/test0_transitive_apply_parallel/dataset/GRScenes_assets/pillow/f4b294a04ae7d99f1054fbb095cfb3ca,/cpfs/user/zhuzihou/assets/dedup_workspaces/test0_transitive_apply_parallel/dataset/GRScenes_assets/pillow/f4b294a04ae7d99f1054fbb095cfb3ca/usd/f4b294a04ae7d99f1054fbb095cfb3ca.usd
pillow,f53313ff6d06c7ed2350152164511b85,suspicious,suspicious,suspicious,0.099113,0.126068,273,ok;ok;ok;blank,/cpfs/user/zhuzihou/assets/dedup_workspaces/test0_transitive_apply_parallel/dataset/GRScenes_assets/pillow/f53313ff6d06c7ed2350152164511b85,/cpfs/user/zhuzihou/assets/dedup_workspaces/test0_transitive_apply_parallel/dataset/GRScenes_assets/pillow/f53313ff6d06c7ed2350152164511b85/usd/f53313ff6d06c7ed2350152164511b85.usd
pillow,f60eb5426bf10efe6db67c1985468ef9,suspicious,suspicious,suspicious,0.084736,0.101494,251,ok;ok;ok;blank,/cpfs/user/zhuzihou/assets/dedup_workspaces/test0_transitive_apply_parallel/dataset/GRScenes_assets/pillow/f60eb5426bf10efe6db67c1985468ef9,/cpfs/user/zhuzihou/assets/dedup_workspaces/test0_transitive_apply_parallel/dataset/GRScenes_assets/pillow/f60eb5426bf10efe6db67c1985468ef9/usd/f60eb5426bf10efe6db67c1985468ef9.usd
pillow,fb7dd4a36ffcacf95bc58f34fd5f7c1e,suspicious,suspicious,suspicious,0.026752,0.037788,254,ok;ok;tiny;ok,/cpfs/user/zhuzihou/assets/dedup_workspaces/test0_transitive_apply_parallel/dataset/GRScenes_assets/pillow/fb7dd4a36ffcacf95bc58f34fd5f7c1e,/cpfs/user/zhuzihou/assets/dedup_workspaces/test0_transitive_apply_parallel/dataset/GRScenes_assets/pillow/fb7dd4a36ffcacf95bc58f34fd5f7c1e/usd/fb7dd4a36ffcacf95bc58f34fd5f7c1e.usd
pillow,fba728a98ca25b9e4891c5573e7d02a9,suspicious,suspicious,suspicious,0.057850,0.091499,220,ok;ok;ok;blank,/cpfs/user/zhuzihou/assets/dedup_workspaces/test0_transitive_apply_parallel/dataset/GRScenes_assets/pillow/fba728a98ca25b9e4891c5573e7d02a9,/cpfs/user/zhuzihou/assets/dedup_workspaces/test0_transitive_apply_parallel/dataset/GRScenes_assets/pillow/fba728a98ca25b9e4891c5573e7d02a9/usd/fba728a98ca25b9e4891c5573e7d02a9.usd
pillow,fdec63ed629f8412924ffbb0f14c01db,suspicious,suspicious,suspicious,0.110218,0.161762,320,ok;ok;blank;blank,/cpfs/user/zhuzihou/assets/dedup_workspaces/test0_transitive_apply_parallel/dataset/GRScenes_assets/pillow/fdec63ed629f8412924ffbb0f14c01db,/cpfs/user/zhuzihou/assets/dedup_workspaces/test0_transitive_apply_parallel/dataset/GRScenes_assets/pillow/fdec63ed629f8412924ffbb0f14c01db/usd/fdec63ed629f8412924ffbb0f14c01db.usd
pillow,ff9aaf0d8a87911dc6ca0a73fa9089fe,suspicious,suspicious,suspicious,0.092529,0.158638,264,blank;ok;ok;blank,/cpfs/user/zhuzihou/assets/dedup_workspaces/test0_transitive_apply_parallel/dataset/GRScenes_assets/pillow/ff9aaf0d8a87911dc6ca0a73fa9089fe,/cpfs/user/zhuzihou/assets/dedup_workspaces/test0_transitive_apply_parallel/dataset/GRScenes_assets/pillow/ff9aaf0d8a87911dc6ca0a73fa9089fe/usd/ff9aaf0d8a87911dc6ca0a73fa9089fe.usd
plant,03f04155efc33ea805af13cb31f3ce86,suspicious,suspicious,suspicious,0.036102,0.079632,212,ok;ok;blank;ok,/cpfs/user/zhuzihou/assets/dedup_workspaces/test0_transitive_apply_parallel/dataset/GRScenes_assets/plant/03f04155efc33ea805af13cb31f3ce86,/cpfs/user/zhuzihou/assets/dedup_workspaces/test0_transitive_apply_parallel/dataset/GRScenes_assets/plant/03f04155efc33ea805af13cb31f3ce86/usd/03f04155efc33ea805af13cb31f3ce86.usd
plant,0dd7f9190bac61889175c2bfb48570b6,suspicious,suspicious,suspicious,0.907322,1.000000,512,ok;blank;ok;blank,/cpfs/user/zhuzihou/assets/dedup_workspaces/test0_transitive_apply_parallel/dataset/GRScenes_assets/plant/0dd7f9190bac61889175c2bfb48570b6,/cpfs/user/zhuzihou/assets/dedup_workspaces/test0_transitive_apply_parallel/dataset/GRScenes_assets/plant/0dd7f9190bac61889175c2bfb48570b6/usd/0dd7f9190bac61889175c2bfb48570b6.usd
plant,120ac6d4ab5f8fd044d9013d492a03be,suspicious,suspicious,suspicious,0.088310,0.113983,180,blank;ok;ok;tiny,/cpfs/user/zhuzihou/assets/dedup_workspaces/test0_transitive_apply_parallel/dataset/GRScenes_assets/plant/120ac6d4ab5f8fd044d9013d492a03be,/cpfs/user/zhuzihou/assets/dedup_workspaces/test0_transitive_apply_parallel/dataset/GRScenes_assets/plant/120ac6d4ab5f8fd044d9013d492a03be/usd/120ac6d4ab5f8fd044d9013d492a03be.usd
plant,2a3dc18d904961af9f4a0ae5317e018b,suspicious,suspicious,suspicious,0.066425,0.137131,249,ok;ok;ok;blank,/cpfs/user/zhuzihou/assets/dedup_workspaces/test0_transitive_apply_parallel/dataset/GRScenes_assets/plant/2a3dc18d904961af9f4a0ae5317e018b,/cpfs/user/zhuzihou/assets/dedup_workspaces/test0_transitive_apply_parallel/dataset/GRScenes_assets/plant/2a3dc18d904961af9f4a0ae5317e018b/usd/2a3dc18d904961af9f4a0ae5317e018b.usd
plant,2d8924ba6a9206a9a0b4854e8884d1bc,suspicious,suspicious,suspicious,0.051956,0.119629,196,tiny;ok;ok;blank,/cpfs/user/zhuzihou/assets/dedup_workspaces/test0_transitive_apply_parallel/dataset/GRScenes_assets/plant/2d8924ba6a9206a9a0b4854e8884d1bc,/cpfs/user/zhuzihou/assets/dedup_workspaces/test0_transitive_apply_parallel/dataset/GRScenes_assets/plant/2d8924ba6a9206a9a0b4854e8884d1bc/usd/2d8924ba6a9206a9a0b4854e8884d1bc.usd
plant,319b686ab1093c1d5c50196650642403,blank,blank,blank,0.000000,0.000000,0,blank;blank;blank;blank,/cpfs/user/zhuzihou/assets/dedup_workspaces/test0_transitive_apply_parallel/dataset/GRScenes_assets/plant/319b686ab1093c1d5c50196650642403,/cpfs/user/zhuzihou/assets/dedup_workspaces/test0_transitive_apply_parallel/dataset/GRScenes_assets/plant/319b686ab1093c1d5c50196650642403/usd/319b686ab1093c1d5c50196650642403.usd
plant,334980fd8eecd2c120cd2963d73ea772,suspicious,suspicious,suspicious,0.069706,0.099335,210,ok;blank;blank;blank,/cpfs/user/zhuzihou/assets/dedup_workspaces/test0_transitive_apply_parallel/dataset/GRScenes_assets/plant/334980fd8eecd2c120cd2963d73ea772,/cpfs/user/zhuzihou/assets/dedup_workspaces/test0_transitive_apply_parallel/dataset/GRScenes_assets/plant/334980fd8eecd2c120cd2963d73ea772/usd/334980fd8eecd2c120cd2963d73ea772.usd
plant,41d3faf42affbe1a4a010d67cdd90064,suspicious,suspicious,suspicious,0.071228,0.089451,191,ok;ok;blank;ok,/cpfs/user/zhuzihou/assets/dedup_workspaces/test0_transitive_apply_parallel/dataset/GRScenes_assets/plant/41d3faf42affbe1a4a010d67cdd90064,/cpfs/user/zhuzihou/assets/dedup_workspaces/test0_transitive_apply_parallel/dataset/GRScenes_assets/plant/41d3faf42affbe1a4a010d67cdd90064/usd/41d3faf42affbe1a4a010d67cdd90064.usd
plant,4b29674acc0cd5421c93c3f6c1f5c094,suspicious,suspicious,suspicious,0.020710,0.096558,240,blank;ok;ok;ok,/cpfs/user/zhuzihou/assets/dedup_workspaces/test0_transitive_apply_parallel/dataset/GRScenes_assets/plant/4b29674acc0cd5421c93c3f6c1f5c094,/cpfs/user/zhuzihou/assets/dedup_workspaces/test0_transitive_apply_parallel/dataset/GRScenes_assets/plant/4b29674acc0cd5421c93c3f6c1f5c094/usd/4b29674acc0cd5421c93c3f6c1f5c094.usd
plant,53a411d1c2a79affa0e765eff2f880b5,blank,blank,blank,0.000324,0.000412,12,blank;blank;blank;blank,/cpfs/user/zhuzihou/assets/dedup_workspaces/test0_transitive_apply_parallel/dataset/GRScenes_assets/plant/53a411d1c2a79affa0e765eff2f880b5,/cpfs/user/zhuzihou/assets/dedup_workspaces/test0_transitive_apply_parallel/dataset/GRScenes_assets/plant/53a411d1c2a79affa0e765eff2f880b5/usd/53a411d1c2a79affa0e765eff2f880b5.usd
plant,729ab87799e46be9f7cc12c4d2ef440b,suspicious,suspicious,suspicious,0.124317,0.414963,490,ok;blank;ok;blank,/cpfs/user/zhuzihou/assets/dedup_workspaces/test0_transitive_apply_parallel/dataset/GRScenes_assets/plant/729ab87799e46be9f7cc12c4d2ef440b,/cpfs/user/zhuzihou/assets/dedup_workspaces/test0_transitive_apply_parallel/dataset/GRScenes_assets/plant/729ab87799e46be9f7cc12c4d2ef440b/usd/729ab87799e46be9f7cc12c4d2ef440b.usd
plate,322a9eb10e0e859a07a296fc78ab3dd8,suspicious,suspicious,suspicious,0.107746,0.137466,252,ok;ok;blank;blank,/cpfs/user/zhuzihou/assets/dedup_workspaces/test0_transitive_apply_parallel/dataset/GRScenes_assets/plate/322a9eb10e0e859a07a296fc78ab3dd8,/cpfs/user/zhuzihou/assets/dedup_workspaces/test0_transitive_apply_parallel/dataset/GRScenes_assets/plate/322a9eb10e0e859a07a296fc78ab3dd8/usd/322a9eb10e0e859a07a296fc78ab3dd8.usd
plate,3a2821ef33b98eff27dc9cdb40e94859,suspicious,suspicious,suspicious,0.089470,0.115185,213,blank;ok;ok;blank,/cpfs/user/zhuzihou/assets/dedup_workspaces/test0_transitive_apply_parallel/dataset/GRScenes_assets/plate/3a2821ef33b98eff27dc9cdb40e94859,/cpfs/user/zhuzihou/assets/dedup_workspaces/test0_transitive_apply_parallel/dataset/GRScenes_assets/plate/3a2821ef33b98eff27dc9cdb40e94859/usd/3a2821ef33b98eff27dc9cdb40e94859.usd
plate,6d870adb2ef2098d957e04a95e86ebef,suspicious,suspicious,suspicious,0.200123,0.254860,262,tiny;ok;ok;ok,/cpfs/user/zhuzihou/assets/dedup_workspaces/test0_transitive_apply_parallel/dataset/GRScenes_assets/plate/6d870adb2ef2098d957e04a95e86ebef,/cpfs/user/zhuzihou/assets/dedup_workspaces/test0_transitive_apply_parallel/dataset/GRScenes_assets/plate/6d870adb2ef2098d957e04a95e86ebef/usd/6d870adb2ef2098d957e04a95e86ebef.usd
plate,76215d6357009fcb926cc0f7f9cf5726,suspicious,suspicious,suspicious,0.098480,0.126892,252,blank;ok;ok;blank,/cpfs/user/zhuzihou/assets/dedup_workspaces/test0_transitive_apply_parallel/dataset/GRScenes_assets/plate/76215d6357009fcb926cc0f7f9cf5726,/cpfs/user/zhuzihou/assets/dedup_workspaces/test0_transitive_apply_parallel/dataset/GRScenes_assets/plate/76215d6357009fcb926cc0f7f9cf5726/usd/76215d6357009fcb926cc0f7f9cf5726.usd
plate,79421ccf775763345a5b0056f23ecb43,suspicious,suspicious,suspicious,0.095081,0.114815,202,blank;ok;ok;ok,/cpfs/user/zhuzihou/assets/dedup_workspaces/test0_transitive_apply_parallel/dataset/GRScenes_assets/plate/79421ccf775763345a5b0056f23ecb43,/cpfs/user/zhuzihou/assets/dedup_workspaces/test0_transitive_apply_parallel/dataset/GRScenes_assets/plate/79421ccf775763345a5b0056f23ecb43/usd/79421ccf775763345a5b0056f23ecb43.usd
plate,d75c9ef6ed93b777f945c27e70a91ed3,suspicious,suspicious,suspicious,0.101997,0.129730,230,ok;ok;ok;blank,/cpfs/user/zhuzihou/assets/dedup_workspaces/test0_transitive_apply_parallel/dataset/GRScenes_assets/plate/d75c9ef6ed93b777f945c27e70a91ed3,/cpfs/user/zhuzihou/assets/dedup_workspaces/test0_transitive_apply_parallel/dataset/GRScenes_assets/plate/d75c9ef6ed93b777f945c27e70a91ed3/usd/d75c9ef6ed93b777f945c27e70a91ed3.usd
shelf,00885608b8b4da4af6b1929c2dff5e62,suspicious,suspicious,suspicious,0.119171,0.143738,240,ok;blank;ok;blank,/cpfs/user/zhuzihou/assets/dedup_workspaces/test0_transitive_apply_parallel/dataset/GRScenes_assets/shelf/00885608b8b4da4af6b1929c2dff5e62,/cpfs/user/zhuzihou/assets/dedup_workspaces/test0_transitive_apply_parallel/dataset/GRScenes_assets/shelf/00885608b8b4da4af6b1929c2dff5e62/usd/00885608b8b4da4af6b1929c2dff5e62.usd
shelf,12b876c3949b0feee6b7cde6593a220d,suspicious,suspicious,suspicious,0.061104,0.116520,205,ok;blank;ok;blank,/cpfs/user/zhuzihou/assets/dedup_workspaces/test0_transitive_apply_parallel/dataset/GRScenes_assets/shelf/12b876c3949b0feee6b7cde6593a220d,/cpfs/user/zhuzihou/assets/dedup_workspaces/test0_transitive_apply_parallel/dataset/GRScenes_assets/shelf/12b876c3949b0feee6b7cde6593a220d/usd/12b876c3949b0feee6b7cde6593a220d.usd
shelf,5bd065e4b72ca0a5acfbc18c9b61e6ea,suspicious,suspicious,suspicious,0.115276,0.137466,234,ok;blank;ok;blank,/cpfs/user/zhuzihou/assets/dedup_workspaces/test0_transitive_apply_parallel/dataset/GRScenes_assets/shelf/5bd065e4b72ca0a5acfbc18c9b61e6ea,/cpfs/user/zhuzihou/assets/dedup_workspaces/test0_transitive_apply_parallel/dataset/GRScenes_assets/shelf/5bd065e4b72ca0a5acfbc18c9b61e6ea/usd/5bd065e4b72ca0a5acfbc18c9b61e6ea.usd
shelf,6b21424e84bba4cc3aae6072b7fd0954,suspicious,suspicious,suspicious,0.054882,0.096130,180,ok;blank;ok;blank,/cpfs/user/zhuzihou/assets/dedup_workspaces/test0_transitive_apply_parallel/dataset/GRScenes_assets/shelf/6b21424e84bba4cc3aae6072b7fd0954,/cpfs/user/zhuzihou/assets/dedup_workspaces/test0_transitive_apply_parallel/dataset/GRScenes_assets/shelf/6b21424e84bba4cc3aae6072b7fd0954/usd/6b21424e84bba4cc3aae6072b7fd0954.usd
shelf,7f071217a0b04b23635a5acb88793b46,suspicious,suspicious,suspicious,0.021259,0.029297,512,blank;tiny;ok;ok,/cpfs/user/zhuzihou/assets/dedup_workspaces/test0_transitive_apply_parallel/dataset/GRScenes_assets/shelf/7f071217a0b04b23635a5acb88793b46,/cpfs/user/zhuzihou/assets/dedup_workspaces/test0_transitive_apply_parallel/dataset/GRScenes_assets/shelf/7f071217a0b04b23635a5acb88793b46/usd/7f071217a0b04b23635a5acb88793b46.usd
shelf,83cfa35165806d387a2417b3f60eebc8,suspicious,suspicious,suspicious,0.061256,0.092506,194,ok;blank;ok;blank,/cpfs/user/zhuzihou/assets/dedup_workspaces/test0_transitive_apply_parallel/dataset/GRScenes_assets/shelf/83cfa35165806d387a2417b3f60eebc8,/cpfs/user/zhuzihou/assets/dedup_workspaces/test0_transitive_apply_parallel/dataset/GRScenes_assets/shelf/83cfa35165806d387a2417b3f60eebc8/usd/83cfa35165806d387a2417b3f60eebc8.usd
shelf,92d1e3b8c581d92820ed1478e15472af,suspicious,suspicious,suspicious,0.080376,0.164383,252,ok;ok;blank;ok,/cpfs/user/zhuzihou/assets/dedup_workspaces/test0_transitive_apply_parallel/dataset/GRScenes_assets/shelf/92d1e3b8c581d92820ed1478e15472af,/cpfs/user/zhuzihou/assets/dedup_workspaces/test0_transitive_apply_parallel/dataset/GRScenes_assets/shelf/92d1e3b8c581d92820ed1478e15472af/usd/92d1e3b8c581d92820ed1478e15472af.usd
shelf,b5d2e6e656e9006b8a0f50fc9edc18fc,suspicious,suspicious,suspicious,0.063450,0.080750,196,ok;blank;ok;blank,/cpfs/user/zhuzihou/assets/dedup_workspaces/test0_transitive_apply_parallel/dataset/GRScenes_assets/shelf/b5d2e6e656e9006b8a0f50fc9edc18fc,/cpfs/user/zhuzihou/assets/dedup_workspaces/test0_transitive_apply_parallel/dataset/GRScenes_assets/shelf/b5d2e6e656e9006b8a0f50fc9edc18fc/usd/b5d2e6e656e9006b8a0f50fc9edc18fc.usd
shelf,c3efec54e1818f894ebe2a7b0e4c9a2f,suspicious,suspicious,suspicious,0.018555,0.032898,154,tiny;ok;ok;ok,/cpfs/user/zhuzihou/assets/dedup_workspaces/test0_transitive_apply_parallel/dataset/GRScenes_assets/shelf/c3efec54e1818f894ebe2a7b0e4c9a2f,/cpfs/user/zhuzihou/assets/dedup_workspaces/test0_transitive_apply_parallel/dataset/GRScenes_assets/shelf/c3efec54e1818f894ebe2a7b0e4c9a2f/usd/c3efec54e1818f894ebe2a7b0e4c9a2f.usd
shelf,f170edca81f4bd7332bb2b3688405bca,suspicious,suspicious,suspicious,0.018303,0.020897,249,ok;ok;blank;ok,/cpfs/user/zhuzihou/assets/dedup_workspaces/test0_transitive_apply_parallel/dataset/GRScenes_assets/shelf/f170edca81f4bd7332bb2b3688405bca,/cpfs/user/zhuzihou/assets/dedup_workspaces/test0_transitive_apply_parallel/dataset/GRScenes_assets/shelf/f170edca81f4bd7332bb2b3688405bca/usd/f170edca81f4bd7332bb2b3688405bca.usd
shoe,4aec2cad69508d32080e6d5fa7dd483e,suspicious,suspicious,suspicious,0.053894,0.130463,200,ok;blank;blank;blank,/cpfs/user/zhuzihou/assets/dedup_workspaces/test0_transitive_apply_parallel/dataset/GRScenes_assets/shoe/4aec2cad69508d32080e6d5fa7dd483e,/cpfs/user/zhuzihou/assets/dedup_workspaces/test0_transitive_apply_parallel/dataset/GRScenes_assets/shoe/4aec2cad69508d32080e6d5fa7dd483e/usd/4aec2cad69508d32080e6d5fa7dd483e.usd
shoe,8c96e2cb36e629b3b08ac520026be6a9,suspicious,suspicious,suspicious,0.053066,0.130348,201,blank;blank;ok;blank,/cpfs/user/zhuzihou/assets/dedup_workspaces/test0_transitive_apply_parallel/dataset/GRScenes_assets/shoe/8c96e2cb36e629b3b08ac520026be6a9,/cpfs/user/zhuzihou/assets/dedup_workspaces/test0_transitive_apply_parallel/dataset/GRScenes_assets/shoe/8c96e2cb36e629b3b08ac520026be6a9/usd/8c96e2cb36e629b3b08ac520026be6a9.usd
towel,0e2d2e1973dd211b02b23815e808ac73,suspicious,suspicious,suspicious,0.192959,0.378906,512,ok;ok;ok;tiny,/cpfs/user/zhuzihou/assets/dedup_workspaces/test0_transitive_apply_parallel/dataset/GRScenes_assets/towel/0e2d2e1973dd211b02b23815e808ac73,/cpfs/user/zhuzihou/assets/dedup_workspaces/test0_transitive_apply_parallel/dataset/GRScenes_assets/towel/0e2d2e1973dd211b02b23815e808ac73/usd/0e2d2e1973dd211b02b23815e808ac73.usd
towel,1236401d78c6a06fe442757b30ed51f4,suspicious,suspicious,suspicious,0.114231,0.126465,224,ok;tiny;ok;ok,/cpfs/user/zhuzihou/assets/dedup_workspaces/test0_transitive_apply_parallel/dataset/GRScenes_assets/towel/1236401d78c6a06fe442757b30ed51f4,/cpfs/user/zhuzihou/assets/dedup_workspaces/test0_transitive_apply_parallel/dataset/GRScenes_assets/towel/1236401d78c6a06fe442757b30ed51f4/usd/1236401d78c6a06fe442757b30ed51f4.usd
towel,1fc65dfa98729079b9aa800c4659787f,suspicious,suspicious,suspicious,0.116985,0.142464,263,ok;ok;ok;blank,/cpfs/user/zhuzihou/assets/dedup_workspaces/test0_transitive_apply_parallel/dataset/GRScenes_assets/towel/1fc65dfa98729079b9aa800c4659787f,/cpfs/user/zhuzihou/assets/dedup_workspaces/test0_transitive_apply_parallel/dataset/GRScenes_assets/towel/1fc65dfa98729079b9aa800c4659787f/usd/1fc65dfa98729079b9aa800c4659787f.usd
towel,4f516d9c6cba95cd4e2b52a4e214b9d7,suspicious,suspicious,suspicious,0.331421,0.414062,512,ok;tiny;ok;ok,/cpfs/user/zhuzihou/assets/dedup_workspaces/test0_transitive_apply_parallel/dataset/GRScenes_assets/towel/4f516d9c6cba95cd4e2b52a4e214b9d7,/cpfs/user/zhuzihou/assets/dedup_workspaces/test0_transitive_apply_parallel/dataset/GRScenes_assets/towel/4f516d9c6cba95cd4e2b52a4e214b9d7/usd/4f516d9c6cba95cd4e2b52a4e214b9d7.usd
towel,50f46fb7a1912a73ec321273a0956ae1,suspicious,suspicious,suspicious,0.055485,0.062988,201,ok;ok;tiny;ok,/cpfs/user/zhuzihou/assets/dedup_workspaces/test0_transitive_apply_parallel/dataset/GRScenes_assets/towel/50f46fb7a1912a73ec321273a0956ae1,/cpfs/user/zhuzihou/assets/dedup_workspaces/test0_transitive_apply_parallel/dataset/GRScenes_assets/towel/50f46fb7a1912a73ec321273a0956ae1/usd/50f46fb7a1912a73ec321273a0956ae1.usd
towel,6568e0645616074f53ec54bee02f3654,suspicious,suspicious,suspicious,0.086189,0.106834,209,ok;blank;ok;ok,/cpfs/user/zhuzihou/assets/dedup_workspaces/test0_transitive_apply_parallel/dataset/GRScenes_assets/towel/6568e0645616074f53ec54bee02f3654,/cpfs/user/zhuzihou/assets/dedup_workspaces/test0_transitive_apply_parallel/dataset/GRScenes_assets/towel/6568e0645616074f53ec54bee02f3654/usd/6568e0645616074f53ec54bee02f3654.usd
towel,8416d985b89aa0917c8ee782e98b580e,suspicious,suspicious,suspicious,0.077637,0.116936,234,ok;ok;ok;tiny,/cpfs/user/zhuzihou/assets/dedup_workspaces/test0_transitive_apply_parallel/dataset/GRScenes_assets/towel/8416d985b89aa0917c8ee782e98b580e,/cpfs/user/zhuzihou/assets/dedup_workspaces/test0_transitive_apply_parallel/dataset/GRScenes_assets/towel/8416d985b89aa0917c8ee782e98b580e/usd/8416d985b89aa0917c8ee782e98b580e.usd
towel,b5be14e332c93799df8b568152c993f7,suspicious,suspicious,suspicious,0.093636,0.103107,288,ok;ok;blank;ok,/cpfs/user/zhuzihou/assets/dedup_workspaces/test0_transitive_apply_parallel/dataset/GRScenes_assets/towel/b5be14e332c93799df8b568152c993f7,/cpfs/user/zhuzihou/assets/dedup_workspaces/test0_transitive_apply_parallel/dataset/GRScenes_assets/towel/b5be14e332c93799df8b568152c993f7/usd/b5be14e332c93799df8b568152c993f7.usd
toy,04810c8eaede7894be81e43fe1be5b46,suspicious,suspicious,suspicious,0.025715,0.110577,287,ok;blank;blank;blank,/cpfs/user/zhuzihou/assets/dedup_workspaces/test0_transitive_apply_parallel/dataset/GRScenes_assets/toy/04810c8eaede7894be81e43fe1be5b46,/cpfs/user/zhuzihou/assets/dedup_workspaces/test0_transitive_apply_parallel/dataset/GRScenes_assets/toy/04810c8eaede7894be81e43fe1be5b46/usd/04810c8eaede7894be81e43fe1be5b46.usd
toy,08ea8e9d373658849b561c1a41bb48f4,suspicious,suspicious,suspicious,0.042969,0.100601,512,ok;ok;ok;tiny,/cpfs/user/zhuzihou/assets/dedup_workspaces/test0_transitive_apply_parallel/dataset/GRScenes_assets/toy/08ea8e9d373658849b561c1a41bb48f4,/cpfs/user/zhuzihou/assets/dedup_workspaces/test0_transitive_apply_parallel/dataset/GRScenes_assets/toy/08ea8e9d373658849b561c1a41bb48f4/usd/08ea8e9d373658849b561c1a41bb48f4.usd
toy,103864e12827d20178a537496956e40a,suspicious,suspicious,suspicious,0.092400,0.095718,204,blank;ok;ok;blank,/cpfs/user/zhuzihou/assets/dedup_workspaces/test0_transitive_apply_parallel/dataset/GRScenes_assets/toy/103864e12827d20178a537496956e40a,/cpfs/user/zhuzihou/assets/dedup_workspaces/test0_transitive_apply_parallel/dataset/GRScenes_assets/toy/103864e12827d20178a537496956e40a/usd/103864e12827d20178a537496956e40a.usd
toy,10f92272195b1c70c1d96857e2fcece4,suspicious,suspicious,suspicious,0.092545,0.130898,292,ok;ok;ok;blank,/cpfs/user/zhuzihou/assets/dedup_workspaces/test0_transitive_apply_parallel/dataset/GRScenes_assets/toy/10f92272195b1c70c1d96857e2fcece4,/cpfs/user/zhuzihou/assets/dedup_workspaces/test0_transitive_apply_parallel/dataset/GRScenes_assets/toy/10f92272195b1c70c1d96857e2fcece4/usd/10f92272195b1c70c1d96857e2fcece4.usd
toy,311a13fa2a90f8db82e15c552739c927,suspicious,suspicious,suspicious,0.046200,0.080566,252,ok;blank;ok;ok,/cpfs/user/zhuzihou/assets/dedup_workspaces/test0_transitive_apply_parallel/dataset/GRScenes_assets/toy/311a13fa2a90f8db82e15c552739c927,/cpfs/user/zhuzihou/assets/dedup_workspaces/test0_transitive_apply_parallel/dataset/GRScenes_assets/toy/311a13fa2a90f8db82e15c552739c927/usd/311a13fa2a90f8db82e15c552739c927.usd
toy,52d3022fb9abe6ebf6279632ccc5d241,suspicious,suspicious,suspicious,0.040257,0.044746,230,ok;blank;ok;tiny,/cpfs/user/zhuzihou/assets/dedup_workspaces/test0_transitive_apply_parallel/dataset/GRScenes_assets/toy/52d3022fb9abe6ebf6279632ccc5d241,/cpfs/user/zhuzihou/assets/dedup_workspaces/test0_transitive_apply_parallel/dataset/GRScenes_assets/toy/52d3022fb9abe6ebf6279632ccc5d241/usd/52d3022fb9abe6ebf6279632ccc5d241.usd
toy,886bc5342ddd2a8ffb51e4b3736f2130,suspicious,suspicious,suspicious,0.068634,0.109268,186,blank;blank;ok;blank,/cpfs/user/zhuzihou/assets/dedup_workspaces/test0_transitive_apply_parallel/dataset/GRScenes_assets/toy/886bc5342ddd2a8ffb51e4b3736f2130,/cpfs/user/zhuzihou/assets/dedup_workspaces/test0_transitive_apply_parallel/dataset/GRScenes_assets/toy/886bc5342ddd2a8ffb51e4b3736f2130/usd/886bc5342ddd2a8ffb51e4b3736f2130.usd
toy,8d112c03bedb6ca2c84c10caad7927bb,suspicious,suspicious,suspicious,0.092400,0.095718,204,blank;ok;ok;blank,/cpfs/user/zhuzihou/assets/dedup_workspaces/test0_transitive_apply_parallel/dataset/GRScenes_assets/toy/8d112c03bedb6ca2c84c10caad7927bb,/cpfs/user/zhuzihou/assets/dedup_workspaces/test0_transitive_apply_parallel/dataset/GRScenes_assets/toy/8d112c03bedb6ca2c84c10caad7927bb/usd/8d112c03bedb6ca2c84c10caad7927bb.usd
toy,a4ba68ceb3fdfcf9a3570cdefeccdadc,suspicious,suspicious,suspicious,0.091934,0.154102,278,ok;ok;blank;ok,/cpfs/user/zhuzihou/assets/dedup_workspaces/test0_transitive_apply_parallel/dataset/GRScenes_assets/toy/a4ba68ceb3fdfcf9a3570cdefeccdadc,/cpfs/user/zhuzihou/assets/dedup_workspaces/test0_transitive_apply_parallel/dataset/GRScenes_assets/toy/a4ba68ceb3fdfcf9a3570cdefeccdadc/usd/a4ba68ceb3fdfcf9a3570cdefeccdadc.usd
toy,ab1021d270f6a0fdad588aa73ff9ceb4,suspicious,suspicious,suspicious,0.120975,0.203125,512,ok;ok;ok;blank,/cpfs/user/zhuzihou/assets/dedup_workspaces/test0_transitive_apply_parallel/dataset/GRScenes_assets/toy/ab1021d270f6a0fdad588aa73ff9ceb4,/cpfs/user/zhuzihou/assets/dedup_workspaces/test0_transitive_apply_parallel/dataset/GRScenes_assets/toy/ab1021d270f6a0fdad588aa73ff9ceb4/usd/ab1021d270f6a0fdad588aa73ff9ceb4.usd
toy,ae632f3766c3cb3d9747fa50d5fb5c31,suspicious,suspicious,suspicious,1.000000,1.000000,512,blank;ok;blank;ok,/cpfs/user/zhuzihou/assets/dedup_workspaces/test0_transitive_apply_parallel/dataset/GRScenes_assets/toy/ae632f3766c3cb3d9747fa50d5fb5c31,/cpfs/user/zhuzihou/assets/dedup_workspaces/test0_transitive_apply_parallel/dataset/GRScenes_assets/toy/ae632f3766c3cb3d9747fa50d5fb5c31/usd/ae632f3766c3cb3d9747fa50d5fb5c31.usd
toy,b8a1794bac7b32feafd797fc58544a14,suspicious,suspicious,suspicious,0.040257,0.044746,230,ok;blank;ok;tiny,/cpfs/user/zhuzihou/assets/dedup_workspaces/test0_transitive_apply_parallel/dataset/GRScenes_assets/toy/b8a1794bac7b32feafd797fc58544a14,/cpfs/user/zhuzihou/assets/dedup_workspaces/test0_transitive_apply_parallel/dataset/GRScenes_assets/toy/b8a1794bac7b32feafd797fc58544a14/usd/b8a1794bac7b32feafd797fc58544a14.usd
toy,b9d58bb302fc85d91d49b5a79fab69ba,suspicious,suspicious,suspicious,0.019817,0.112061,306,ok;ok;blank;blank,/cpfs/user/zhuzihou/assets/dedup_workspaces/test0_transitive_apply_parallel/dataset/GRScenes_assets/toy/b9d58bb302fc85d91d49b5a79fab69ba,/cpfs/user/zhuzihou/assets/dedup_workspaces/test0_transitive_apply_parallel/dataset/GRScenes_assets/toy/b9d58bb302fc85d91d49b5a79fab69ba/usd/b9d58bb302fc85d91d49b5a79fab69ba.usd
toy,c9d2cc7fb6ae8ca80427dbdd33bb0877,suspicious,suspicious,suspicious,0.089394,0.128166,214,tiny;ok;ok;ok,/cpfs/user/zhuzihou/assets/dedup_workspaces/test0_transitive_apply_parallel/dataset/GRScenes_assets/toy/c9d2cc7fb6ae8ca80427dbdd33bb0877,/cpfs/user/zhuzihou/assets/dedup_workspaces/test0_transitive_apply_parallel/dataset/GRScenes_assets/toy/c9d2cc7fb6ae8ca80427dbdd33bb0877/usd/c9d2cc7fb6ae8ca80427dbdd33bb0877.usd
toy,cc004b0e0fcf3ee03c4122b7bd75366a,suspicious,suspicious,suspicious,0.057430,0.095093,164,ok;blank;blank;ok,/cpfs/user/zhuzihou/assets/dedup_workspaces/test0_transitive_apply_parallel/dataset/GRScenes_assets/toy/cc004b0e0fcf3ee03c4122b7bd75366a,/cpfs/user/zhuzihou/assets/dedup_workspaces/test0_transitive_apply_parallel/dataset/GRScenes_assets/toy/cc004b0e0fcf3ee03c4122b7bd75366a/usd/cc004b0e0fcf3ee03c4122b7bd75366a.usd
toy,f1b0f3c04e0d90d469fdcf13e4c634c1,tiny,tiny,tiny,0.001049,0.001930,29,blank;blank;tiny;blank,/cpfs/user/zhuzihou/assets/dedup_workspaces/test0_transitive_apply_parallel/dataset/GRScenes_assets/toy/f1b0f3c04e0d90d469fdcf13e4c634c1,/cpfs/user/zhuzihou/assets/dedup_workspaces/test0_transitive_apply_parallel/dataset/GRScenes_assets/toy/f1b0f3c04e0d90d469fdcf13e4c634c1/usd/f1b0f3c04e0d90d469fdcf13e4c634c1.usd
toy,fd401684176269057dcc8b8ffc67a136,blank,blank,blank,0.000000,0.000000,0,blank;blank;blank;blank,/cpfs/user/zhuzihou/assets/dedup_workspaces/test0_transitive_apply_parallel/dataset/GRScenes_assets/toy/fd401684176269057dcc8b8ffc67a136,/cpfs/user/zhuzihou/assets/dedup_workspaces/test0_transitive_apply_parallel/dataset/GRScenes_assets/toy/fd401684176269057dcc8b8ffc67a136/usd/fd401684176269057dcc8b8ffc67a136.usd
tray,35e11a93da6d088116552def4ce13749,suspicious,suspicious,suspicious,0.058628,0.170288,256,ok;ok;blank;ok,/cpfs/user/zhuzihou/assets/dedup_workspaces/test0_transitive_apply_parallel/dataset/GRScenes_assets/tray/35e11a93da6d088116552def4ce13749,/cpfs/user/zhuzihou/assets/dedup_workspaces/test0_transitive_apply_parallel/dataset/GRScenes_assets/tray/35e11a93da6d088116552def4ce13749/usd/35e11a93da6d088116552def4ce13749.usd
tray,ba21a926bb5e2cfe07fae4644a05962b,suspicious,suspicious,suspicious,1.000000,1.000000,512,blank;ok;blank;ok,/cpfs/user/zhuzihou/assets/dedup_workspaces/test0_transitive_apply_parallel/dataset/GRScenes_assets/tray/ba21a926bb5e2cfe07fae4644a05962b,/cpfs/user/zhuzihou/assets/dedup_workspaces/test0_transitive_apply_parallel/dataset/GRScenes_assets/tray/ba21a926bb5e2cfe07fae4644a05962b/usd/ba21a926bb5e2cfe07fae4644a05962b.usd
