category,uid,class,best_fg_ratio,best_bbox_area_ratio,best_max_dim,view_classes,asset_dir,usd_path
blanket,01cfa185cce70a8f0e7b2f2a772afdad,suspicious,0.027126,0.047836,165,ok;ok;blank;tiny,/cpfs/user/zhuzihou/assets/dedup_workspaces/test0_transitive_apply_parallel/dataset/GRScenes_assets/blanket/01cfa185cce70a8f0e7b2f2a772afdad,/cpfs/user/zhuzihou/assets/dedup_workspaces/test0_transitive_apply_parallel/dataset/GRScenes_assets/blanket/01cfa185cce70a8f0e7b2f2a772afdad/usd/01cfa185cce70a8f0e7b2f2a772afdad.usd
blanket,15425b5d6cd8d57b29d0c369b649d02f,suspicious,0.081551,0.163544,233,ok;ok;tiny;ok,/cpfs/user/zhuzihou/assets/dedup_workspaces/test0_transitive_apply_parallel/dataset/GRScenes_assets/blanket/15425b5d6cd8d57b29d0c369b649d02f,/cpfs/user/zhuzihou/assets/dedup_workspaces/test0_transitive_apply_parallel/dataset/GRScenes_assets/blanket/15425b5d6cd8d57b29d0c369b649d02f/usd/15425b5d6cd8d57b29d0c369b649d02f.usd
blanket,1eef697311272f22d1c8e93d5acd1d22,suspicious,0.028732,0.074005,194,ok;blank;ok;ok,/cpfs/user/zhuzihou/assets/dedup_workspaces/test0_transitive_apply_parallel/dataset/GRScenes_assets/blanket/1eef697311272f22d1c8e93d5acd1d22,/cpfs/user/zhuzihou/assets/dedup_workspaces/test0_transitive_apply_parallel/dataset/GRScenes_assets/blanket/1eef697311272f22d1c8e93d5acd1d22/usd/1eef697311272f22d1c8e93d5acd1d22.usd
blanket,4aa43bb780f40608b6f63ee1789be35e,suspicious,0.032902,0.106979,171,blank;blank;ok;ok,/cpfs/user/zhuzihou/assets/dedup_workspaces/test0_transitive_apply_parallel/dataset/GRScenes_assets/blanket/4aa43bb780f40608b6f63ee1789be35e,/cpfs/user/zhuzihou/assets/dedup_workspaces/test0_transitive_apply_parallel/dataset/GRScenes_assets/blanket/4aa43bb780f40608b6f63ee1789be35e/usd/4aa43bb780f40608b6f63ee1789be35e.usd
blanket,ce07e0ed27b043d97ccf18644c26a8bb,suspicious,0.035095,0.067852,174,tiny;ok;ok;ok,/cpfs/user/zhuzihou/assets/dedup_workspaces/test0_transitive_apply_parallel/dataset/GRScenes_assets/blanket/ce07e0ed27b043d97ccf18644c26a8bb,/cpfs/user/zhuzihou/assets/dedup_workspaces/test0_transitive_apply_parallel/dataset/GRScenes_assets/blanket/ce07e0ed27b043d97ccf18644c26a8bb/usd/ce07e0ed27b043d97ccf18644c26a8bb.usd
book,013e321e890b4055634af9ea1834f395,suspicious,0.153240,0.174820,268,ok;ok;blank;ok,/cpfs/user/zhuzihou/assets/dedup_workspaces/test0_transitive_apply_parallel/dataset/GRScenes_assets/book/013e321e890b4055634af9ea1834f395,/cpfs/user/zhuzihou/assets/dedup_workspaces/test0_transitive_apply_parallel/dataset/GRScenes_assets/book/013e321e890b4055634af9ea1834f395/usd/013e321e890b4055634af9ea1834f395.usd
book,0e9306661d3dd7a3b6d432b5e41b92c2,suspicious,0.112568,0.123955,232,ok;ok;ok;blank,/cpfs/user/zhuzihou/assets/dedup_workspaces/test0_transitive_apply_parallel/dataset/GRScenes_assets/book/0e9306661d3dd7a3b6d432b5e41b92c2,/cpfs/user/zhuzihou/assets/dedup_workspaces/test0_transitive_apply_parallel/dataset/GRScenes_assets/book/0e9306661d3dd7a3b6d432b5e41b92c2/usd/0e9306661d3dd7a3b6d432b5e41b92c2.usd
book,0eaace3c6dca5431e60660cbe29d288c,suspicious,0.224964,0.250137,338,ok;blank;ok;ok,/cpfs/user/zhuzihou/assets/dedup_workspaces/test0_transitive_apply_parallel/dataset/GRScenes_assets/book/0eaace3c6dca5431e60660cbe29d288c,/cpfs/user/zhuzihou/assets/dedup_workspaces/test0_transitive_apply_parallel/dataset/GRScenes_assets/book/0eaace3c6dca5431e60660cbe29d288c/usd/0eaace3c6dca5431e60660cbe29d288c.usd
book,10bd2369ce0ab94aa6be5f93223a733d,suspicious,1.000000,1.000000,512,ok;blank;ok;blank,/cpfs/user/zhuzihou/assets/dedup_workspaces/test0_transitive_apply_parallel/dataset/GRScenes_assets/book/10bd2369ce0ab94aa6be5f93223a733d,/cpfs/user/zhuzihou/assets/dedup_workspaces/test0_transitive_apply_parallel/dataset/GRScenes_assets/book/10bd2369ce0ab94aa6be5f93223a733d/usd/10bd2369ce0ab94aa6be5f93223a733d.usd
book,1ee325d6c89d8c4ccd94852d237fd6ca,suspicious,0.055840,0.147926,281,ok;ok;blank;blank,/cpfs/user/zhuzihou/assets/dedup_workspaces/test0_transitive_apply_parallel/dataset/GRScenes_assets/book/1ee325d6c89d8c4ccd94852d237fd6ca,/cpfs/user/zhuzihou/assets/dedup_workspaces/test0_transitive_apply_parallel/dataset/GRScenes_assets/book/1ee325d6c89d8c4ccd94852d237fd6ca/usd/1ee325d6c89d8c4ccd94852d237fd6ca.usd
book,2362f0ad99e0727df4bc72491507d1bb,suspicious,0.133816,0.147400,240,ok;blank;blank;blank,/cpfs/user/zhuzihou/assets/dedup_workspaces/test0_transitive_apply_parallel/dataset/GRScenes_assets/book/2362f0ad99e0727df4bc72491507d1bb,/cpfs/user/zhuzihou/assets/dedup_workspaces/test0_transitive_apply_parallel/dataset/GRScenes_assets/book/2362f0ad99e0727df4bc72491507d1bb/usd/2362f0ad99e0727df4bc72491507d1bb.usd
book,257b7fb3d67e06f29d85c1185b3cf0b5,suspicious,0.052067,0.064941,266,ok;tiny;blank;tiny,/cpfs/user/zhuzihou/assets/dedup_workspaces/test0_transitive_apply_parallel/dataset/GRScenes_assets/book/257b7fb3d67e06f29d85c1185b3cf0b5,/cpfs/user/zhuzihou/assets/dedup_workspaces/test0_transitive_apply_parallel/dataset/GRScenes_assets/book/257b7fb3d67e06f29d85c1185b3cf0b5/usd/257b7fb3d67e06f29d85c1185b3cf0b5.usd
book,29a9a63b73e42376cb1c65d7bd1e22a6,suspicious,0.156967,0.174408,254,blank;blank;ok;blank,/cpfs/user/zhuzihou/assets/dedup_workspaces/test0_transitive_apply_parallel/dataset/GRScenes_assets/book/29a9a63b73e42376cb1c65d7bd1e22a6,/cpfs/user/zhuzihou/assets/dedup_workspaces/test0_transitive_apply_parallel/dataset/GRScenes_assets/book/29a9a63b73e42376cb1c65d7bd1e22a6/usd/29a9a63b73e42376cb1c65d7bd1e22a6.usd
book,2a772f61c078e160041890245cf703ed,suspicious,0.117908,0.120029,242,ok;ok;ok;blank,/cpfs/user/zhuzihou/assets/dedup_workspaces/test0_transitive_apply_parallel/dataset/GRScenes_assets/book/2a772f61c078e160041890245cf703ed,/cpfs/user/zhuzihou/assets/dedup_workspaces/test0_transitive_apply_parallel/dataset/GRScenes_assets/book/2a772f61c078e160041890245cf703ed/usd/2a772f61c078e160041890245cf703ed.usd
book,31299a20de924beac96a4035daa058f5,suspicious,0.149002,0.166550,236,ok;blank;blank;blank,/cpfs/user/zhuzihou/assets/dedup_workspaces/test0_transitive_apply_parallel/dataset/GRScenes_assets/book/31299a20de924beac96a4035daa058f5,/cpfs/user/zhuzihou/assets/dedup_workspaces/test0_transitive_apply_parallel/dataset/GRScenes_assets/book/31299a20de924beac96a4035daa058f5/usd/31299a20de924beac96a4035daa058f5.usd
book,448a562bda95d7e3e8283e31ee8104f2,suspicious,0.157486,0.174820,268,ok;ok;blank;ok,/cpfs/user/zhuzihou/assets/dedup_workspaces/test0_transitive_apply_parallel/dataset/GRScenes_assets/book/448a562bda95d7e3e8283e31ee8104f2,/cpfs/user/zhuzihou/assets/dedup_workspaces/test0_transitive_apply_parallel/dataset/GRScenes_assets/book/448a562bda95d7e3e8283e31ee8104f2/usd/448a562bda95d7e3e8283e31ee8104f2.usd
book,480cae8dd67b6ea200592afb32a5f55d,suspicious,0.146275,0.160828,248,blank;blank;ok;blank,/cpfs/user/zhuzihou/assets/dedup_workspaces/test0_transitive_apply_parallel/dataset/GRScenes_assets/book/480cae8dd67b6ea200592afb32a5f55d,/cpfs/user/zhuzihou/assets/dedup_workspaces/test0_transitive_apply_parallel/dataset/GRScenes_assets/book/480cae8dd67b6ea200592afb32a5f55d/usd/480cae8dd67b6ea200592afb32a5f55d.usd
book,5703097310907282bdcd49227527575f,suspicious,0.174713,0.190887,278,ok;blank;ok;ok,/cpfs/user/zhuzihou/assets/dedup_workspaces/test0_transitive_apply_parallel/dataset/GRScenes_assets/book/5703097310907282bdcd49227527575f,/cpfs/user/zhuzihou/assets/dedup_workspaces/test0_transitive_apply_parallel/dataset/GRScenes_assets/book/5703097310907282bdcd49227527575f/usd/5703097310907282bdcd49227527575f.usd
book,5f302125870bc9a97d712c42e0a7665f,suspicious,1.000000,1.000000,512,ok;blank;blank;blank,/cpfs/user/zhuzihou/assets/dedup_workspaces/test0_transitive_apply_parallel/dataset/GRScenes_assets/book/5f302125870bc9a97d712c42e0a7665f,/cpfs/user/zhuzihou/assets/dedup_workspaces/test0_transitive_apply_parallel/dataset/GRScenes_assets/book/5f302125870bc9a97d712c42e0a7665f/usd/5f302125870bc9a97d712c42e0a7665f.usd
book,669c9654ea81579c19b2b98cadea7870,suspicious,1.000000,1.000000,512,ok;blank;blank;blank,/cpfs/user/zhuzihou/assets/dedup_workspaces/test0_transitive_apply_parallel/dataset/GRScenes_assets/book/669c9654ea81579c19b2b98cadea7870,/cpfs/user/zhuzihou/assets/dedup_workspaces/test0_transitive_apply_parallel/dataset/GRScenes_assets/book/669c9654ea81579c19b2b98cadea7870/usd/669c9654ea81579c19b2b98cadea7870.usd
book,714da201cb8f5f08d4b9b092bc86e43b,suspicious,0.066818,0.097420,226,ok;ok;blank;ok,/cpfs/user/zhuzihou/assets/dedup_workspaces/test0_transitive_apply_parallel/dataset/GRScenes_assets/book/714da201cb8f5f08d4b9b092bc86e43b,/cpfs/user/zhuzihou/assets/dedup_workspaces/test0_transitive_apply_parallel/dataset/GRScenes_assets/book/714da201cb8f5f08d4b9b092bc86e43b/usd/714da201cb8f5f08d4b9b092bc86e43b.usd
book,790b7effc60ad6ba5f7fc8a955919587,suspicious,0.134121,0.147400,240,ok;blank;blank;blank,/cpfs/user/zhuzihou/assets/dedup_workspaces/test0_transitive_apply_parallel/dataset/GRScenes_assets/book/790b7effc60ad6ba5f7fc8a955919587,/cpfs/user/zhuzihou/assets/dedup_workspaces/test0_transitive_apply_parallel/dataset/GRScenes_assets/book/790b7effc60ad6ba5f7fc8a955919587/usd/790b7effc60ad6ba5f7fc8a955919587.usd
book,7c901fcc8934f31e48d4b0c4e2406259,suspicious,0.051727,0.053955,323,ok;blank;ok;ok,/cpfs/user/zhuzihou/assets/dedup_workspaces/test0_transitive_apply_parallel/dataset/GRScenes_assets/book/7c901fcc8934f31e48d4b0c4e2406259,/cpfs/user/zhuzihou/assets/dedup_workspaces/test0_transitive_apply_parallel/dataset/GRScenes_assets/book/7c901fcc8934f31e48d4b0c4e2406259/usd/7c901fcc8934f31e48d4b0c4e2406259.usd
book,7e1e4ee641599a35b6f5d14de18437c5,suspicious,0.065891,0.099564,225,ok;tiny;ok;ok,/cpfs/user/zhuzihou/assets/dedup_workspaces/test0_transitive_apply_parallel/dataset/GRScenes_assets/book/7e1e4ee641599a35b6f5d14de18437c5,/cpfs/user/zhuzihou/assets/dedup_workspaces/test0_transitive_apply_parallel/dataset/GRScenes_assets/book/7e1e4ee641599a35b6f5d14de18437c5/usd/7e1e4ee641599a35b6f5d14de18437c5.usd
book,84e874fc189dfcfa72863fcca08a7b83,suspicious,0.133816,0.147400,240,ok;blank;blank;blank,/cpfs/user/zhuzihou/assets/dedup_workspaces/test0_transitive_apply_parallel/dataset/GRScenes_assets/book/84e874fc189dfcfa72863fcca08a7b83,/cpfs/user/zhuzihou/assets/dedup_workspaces/test0_transitive_apply_parallel/dataset/GRScenes_assets/book/84e874fc189dfcfa72863fcca08a7b83/usd/84e874fc189dfcfa72863fcca08a7b83.usd
book,88e627f2b66ef4419336c1c4389a1bd5,suspicious,0.145176,0.158752,272,blank;blank;ok;blank,/cpfs/user/zhuzihou/assets/dedup_workspaces/test0_transitive_apply_parallel/dataset/GRScenes_assets/book/88e627f2b66ef4419336c1c4389a1bd5,/cpfs/user/zhuzihou/assets/dedup_workspaces/test0_transitive_apply_parallel/dataset/GRScenes_assets/book/88e627f2b66ef4419336c1c4389a1bd5/usd/88e627f2b66ef4419336c1c4389a1bd5.usd
book,8c6c70646d56faef1c55037b5eaf0d42,suspicious,0.060925,0.071419,253,ok;tiny;blank;tiny,/cpfs/user/zhuzihou/assets/dedup_workspaces/test0_transitive_apply_parallel/dataset/GRScenes_assets/book/8c6c70646d56faef1c55037b5eaf0d42,/cpfs/user/zhuzihou/assets/dedup_workspaces/test0_transitive_apply_parallel/dataset/GRScenes_assets/book/8c6c70646d56faef1c55037b5eaf0d42/usd/8c6c70646d56faef1c55037b5eaf0d42.usd
book,9d072b7b0a024bca7354b5dfa5638c7b,suspicious,0.467384,0.494141,512,ok;ok;tiny;ok,/cpfs/user/zhuzihou/assets/dedup_workspaces/test0_transitive_apply_parallel/dataset/GRScenes_assets/book/9d072b7b0a024bca7354b5dfa5638c7b,/cpfs/user/zhuzihou/assets/dedup_workspaces/test0_transitive_apply_parallel/dataset/GRScenes_assets/book/9d072b7b0a024bca7354b5dfa5638c7b/usd/9d072b7b0a024bca7354b5dfa5638c7b.usd
book,a1105906d08e432d1ac6908eafd85ed1,blank,0.000778,0.027042,139,blank;blank;blank;blank,/cpfs/user/zhuzihou/assets/dedup_workspaces/test0_transitive_apply_parallel/dataset/GRScenes_assets/book/a1105906d08e432d1ac6908eafd85ed1,/cpfs/user/zhuzihou/assets/dedup_workspaces/test0_transitive_apply_parallel/dataset/GRScenes_assets/book/a1105906d08e432d1ac6908eafd85ed1/usd/a1105906d08e432d1ac6908eafd85ed1.usd
book,af44e33df51783f4557378af8180436b,suspicious,0.137493,0.149048,264,blank;blank;ok;blank,/cpfs/user/zhuzihou/assets/dedup_workspaces/test0_transitive_apply_parallel/dataset/GRScenes_assets/book/af44e33df51783f4557378af8180436b,/cpfs/user/zhuzihou/assets/dedup_workspaces/test0_transitive_apply_parallel/dataset/GRScenes_assets/book/af44e33df51783f4557378af8180436b/usd/af44e33df51783f4557378af8180436b.usd
book,bf2f755a77072484a95657579b701ae1,suspicious,0.095844,0.117615,189,ok;ok;ok;blank,/cpfs/user/zhuzihou/assets/dedup_workspaces/test0_transitive_apply_parallel/dataset/GRScenes_assets/book/bf2f755a77072484a95657579b701ae1,/cpfs/user/zhuzihou/assets/dedup_workspaces/test0_transitive_apply_parallel/dataset/GRScenes_assets/book/bf2f755a77072484a95657579b701ae1/usd/bf2f755a77072484a95657579b701ae1.usd
book,ced0ee686de6b8395c339fe3d2c91638,suspicious,0.137451,0.149918,313,blank;ok;ok;ok,/cpfs/user/zhuzihou/assets/dedup_workspaces/test0_transitive_apply_parallel/dataset/GRScenes_assets/book/ced0ee686de6b8395c339fe3d2c91638,/cpfs/user/zhuzihou/assets/dedup_workspaces/test0_transitive_apply_parallel/dataset/GRScenes_assets/book/ced0ee686de6b8395c339fe3d2c91638/usd/ced0ee686de6b8395c339fe3d2c91638.usd
book,d39cbde3fc5a6ac064f3780568decb90,suspicious,0.098885,0.206871,493,ok;blank;ok;ok,/cpfs/user/zhuzihou/assets/dedup_workspaces/test0_transitive_apply_parallel/dataset/GRScenes_assets/book/d39cbde3fc5a6ac064f3780568decb90,/cpfs/user/zhuzihou/assets/dedup_workspaces/test0_transitive_apply_parallel/dataset/GRScenes_assets/book/d39cbde3fc5a6ac064f3780568decb90/usd/d39cbde3fc5a6ac064f3780568decb90.usd
book,d78de10cbe6838588870056285117a0c,suspicious,0.049789,0.081688,249,ok;ok;ok;blank,/cpfs/user/zhuzihou/assets/dedup_workspaces/test0_transitive_apply_parallel/dataset/GRScenes_assets/book/d78de10cbe6838588870056285117a0c,/cpfs/user/zhuzihou/assets/dedup_workspaces/test0_transitive_apply_parallel/dataset/GRScenes_assets/book/d78de10cbe6838588870056285117a0c/usd/d78de10cbe6838588870056285117a0c.usd
book,e6ee5b44a7b23c65df529234efdc4596,suspicious,0.042912,0.085247,195,ok;tiny;ok;ok,/cpfs/user/zhuzihou/assets/dedup_workspaces/test0_transitive_apply_parallel/dataset/GRScenes_assets/book/e6ee5b44a7b23c65df529234efdc4596,/cpfs/user/zhuzihou/assets/dedup_workspaces/test0_transitive_apply_parallel/dataset/GRScenes_assets/book/e6ee5b44a7b23c65df529234efdc4596/usd/e6ee5b44a7b23c65df529234efdc4596.usd
book,e722db7112b8124a53d6e7fa4d421b1b,suspicious,0.071602,0.096512,230,ok;ok;blank;ok,/cpfs/user/zhuzihou/assets/dedup_workspaces/test0_transitive_apply_parallel/dataset/GRScenes_assets/book/e722db7112b8124a53d6e7fa4d421b1b,/cpfs/user/zhuzihou/assets/dedup_workspaces/test0_transitive_apply_parallel/dataset/GRScenes_assets/book/e722db7112b8124a53d6e7fa4d421b1b/usd/e722db7112b8124a53d6e7fa4d421b1b.usd
book,f214285c228c194887a699728ebfd56b,suspicious,0.072258,0.104301,217,tiny;ok;ok;ok,/cpfs/user/zhuzihou/assets/dedup_workspaces/test0_transitive_apply_parallel/dataset/GRScenes_assets/book/f214285c228c194887a699728ebfd56b,/cpfs/user/zhuzihou/assets/dedup_workspaces/test0_transitive_apply_parallel/dataset/GRScenes_assets/book/f214285c228c194887a699728ebfd56b/usd/f214285c228c194887a699728ebfd56b.usd
bottle,0e04babf2311797575ab7bd4578deefd,suspicious,0.031498,0.042156,404,blank;ok;ok;ok,/cpfs/user/zhuzihou/assets/dedup_workspaces/test0_transitive_apply_parallel/dataset/GRScenes_assets/bottle/0e04babf2311797575ab7bd4578deefd,/cpfs/user/zhuzihou/assets/dedup_workspaces/test0_transitive_apply_parallel/dataset/GRScenes_assets/bottle/0e04babf2311797575ab7bd4578deefd/usd/0e04babf2311797575ab7bd4578deefd.usd
bottle,1a25c61ffb503912bbb615c7a72ce4ad,suspicious,0.009480,0.057961,142,ok;ok;blank;blank,/cpfs/user/zhuzihou/assets/dedup_workspaces/test0_transitive_apply_parallel/dataset/GRScenes_assets/bottle/1a25c61ffb503912bbb615c7a72ce4ad,/cpfs/user/zhuzihou/assets/dedup_workspaces/test0_transitive_apply_parallel/dataset/GRScenes_assets/bottle/1a25c61ffb503912bbb615c7a72ce4ad/usd/1a25c61ffb503912bbb615c7a72ce4ad.usd
bottle,1a900e94264d9104f45200db6e0b5e5c,suspicious,0.081623,0.102806,175,ok;blank;blank;blank,/cpfs/user/zhuzihou/assets/dedup_workspaces/test0_transitive_apply_parallel/dataset/GRScenes_assets/bottle/1a900e94264d9104f45200db6e0b5e5c,/cpfs/user/zhuzihou/assets/dedup_workspaces/test0_transitive_apply_parallel/dataset/GRScenes_assets/bottle/1a900e94264d9104f45200db6e0b5e5c/usd/1a900e94264d9104f45200db6e0b5e5c.usd
bottle,1ab14bd12b778a9cec663a05b82c0a5e,suspicious,0.008694,0.075642,251,tiny;blank;blank;ok,/cpfs/user/zhuzihou/assets/dedup_workspaces/test0_transitive_apply_parallel/dataset/GRScenes_assets/bottle/1ab14bd12b778a9cec663a05b82c0a5e,/cpfs/user/zhuzihou/assets/dedup_workspaces/test0_transitive_apply_parallel/dataset/GRScenes_assets/bottle/1ab14bd12b778a9cec663a05b82c0a5e/usd/1ab14bd12b778a9cec663a05b82c0a5e.usd
bottle,23f1d3ecc9f811bdcd7b4f9a169f9f9f,suspicious,0.110081,0.131500,248,blank;ok;ok;ok,/cpfs/user/zhuzihou/assets/dedup_workspaces/test0_transitive_apply_parallel/dataset/GRScenes_assets/bottle/23f1d3ecc9f811bdcd7b4f9a169f9f9f,/cpfs/user/zhuzihou/assets/dedup_workspaces/test0_transitive_apply_parallel/dataset/GRScenes_assets/bottle/23f1d3ecc9f811bdcd7b4f9a169f9f9f/usd/23f1d3ecc9f811bdcd7b4f9a169f9f9f.usd
bottle,281458e58c8cfd6961ab19097642dab6,blank,0.000000,0.000000,0,blank;blank;blank;blank,/cpfs/user/zhuzihou/assets/dedup_workspaces/test0_transitive_apply_parallel/dataset/GRScenes_assets/bottle/281458e58c8cfd6961ab19097642dab6,/cpfs/user/zhuzihou/assets/dedup_workspaces/test0_transitive_apply_parallel/dataset/GRScenes_assets/bottle/281458e58c8cfd6961ab19097642dab6/usd/281458e58c8cfd6961ab19097642dab6.usd
bottle,586cc19e9d099cbd7c439498099a1ff3,suspicious,0.048153,0.072792,240,ok;ok;blank;ok,/cpfs/user/zhuzihou/assets/dedup_workspaces/test0_transitive_apply_parallel/dataset/GRScenes_assets/bottle/586cc19e9d099cbd7c439498099a1ff3,/cpfs/user/zhuzihou/assets/dedup_workspaces/test0_transitive_apply_parallel/dataset/GRScenes_assets/bottle/586cc19e9d099cbd7c439498099a1ff3/usd/586cc19e9d099cbd7c439498099a1ff3.usd
bottle,5a64cccf5b254b6e8ba389f237ddc037,blank,0.000000,0.000000,0,blank;blank;blank;blank,/cpfs/user/zhuzihou/assets/dedup_workspaces/test0_transitive_apply_parallel/dataset/GRScenes_assets/bottle/5a64cccf5b254b6e8ba389f237ddc037,/cpfs/user/zhuzihou/assets/dedup_workspaces/test0_transitive_apply_parallel/dataset/GRScenes_assets/bottle/5a64cccf5b254b6e8ba389f237ddc037/usd/5a64cccf5b254b6e8ba389f237ddc037.usd
bottle,663e729e0847c4faaa43b59b1fbe97f4,blank,0.000000,0.000000,0,blank;blank;blank;blank,/cpfs/user/zhuzihou/assets/dedup_workspaces/test0_transitive_apply_parallel/dataset/GRScenes_assets/bottle/663e729e0847c4faaa43b59b1fbe97f4,/cpfs/user/zhuzihou/assets/dedup_workspaces/test0_transitive_apply_parallel/dataset/GRScenes_assets/bottle/663e729e0847c4faaa43b59b1fbe97f4/usd/663e729e0847c4faaa43b59b1fbe97f4.usd
bottle,7218c60ede56775d76d74bf9a709cd7e,suspicious,0.092255,0.096119,227,ok;tiny;blank;tiny,/cpfs/user/zhuzihou/assets/dedup_workspaces/test0_transitive_apply_parallel/dataset/GRScenes_assets/bottle/7218c60ede56775d76d74bf9a709cd7e,/cpfs/user/zhuzihou/assets/dedup_workspaces/test0_transitive_apply_parallel/dataset/GRScenes_assets/bottle/7218c60ede56775d76d74bf9a709cd7e/usd/7218c60ede56775d76d74bf9a709cd7e.usd
bottle,77bad505aa99d1f32a1d79256cb865ce,suspicious,0.002331,0.002594,157,ok;blank;blank;ok,/cpfs/user/zhuzihou/assets/dedup_workspaces/test0_transitive_apply_parallel/dataset/GRScenes_assets/bottle/77bad505aa99d1f32a1d79256cb865ce,/cpfs/user/zhuzihou/assets/dedup_workspaces/test0_transitive_apply_parallel/dataset/GRScenes_assets/bottle/77bad505aa99d1f32a1d79256cb865ce/usd/77bad505aa99d1f32a1d79256cb865ce.usd
bottle,7a234af0035ed9c3e2611b055bac8ed0,suspicious,0.011505,0.097652,161,blank;ok;blank;blank,/cpfs/user/zhuzihou/assets/dedup_workspaces/test0_transitive_apply_parallel/dataset/GRScenes_assets/bottle/7a234af0035ed9c3e2611b055bac8ed0,/cpfs/user/zhuzihou/assets/dedup_workspaces/test0_transitive_apply_parallel/dataset/GRScenes_assets/bottle/7a234af0035ed9c3e2611b055bac8ed0/usd/7a234af0035ed9c3e2611b055bac8ed0.usd
bottle,7cc0f788de67ff0bef7765944439425f,suspicious,0.065678,0.107964,214,ok;tiny;ok;ok,/cpfs/user/zhuzihou/assets/dedup_workspaces/test0_transitive_apply_parallel/dataset/GRScenes_assets/bottle/7cc0f788de67ff0bef7765944439425f,/cpfs/user/zhuzihou/assets/dedup_workspaces/test0_transitive_apply_parallel/dataset/GRScenes_assets/bottle/7cc0f788de67ff0bef7765944439425f/usd/7cc0f788de67ff0bef7765944439425f.usd
bottle,99a655969a205e4db8c61f4345d00bdc,blank,0.000000,0.000000,0,blank;blank;blank;blank,/cpfs/user/zhuzihou/assets/dedup_workspaces/test0_transitive_apply_parallel/dataset/GRScenes_assets/bottle/99a655969a205e4db8c61f4345d00bdc,/cpfs/user/zhuzihou/assets/dedup_workspaces/test0_transitive_apply_parallel/dataset/GRScenes_assets/bottle/99a655969a205e4db8c61f4345d00bdc/usd/99a655969a205e4db8c61f4345d00bdc.usd
bottle,a4384eac9e3ef5eeb92e3c3c1b62a1aa,blank,0.000000,0.000000,0,blank;blank;blank;blank,/cpfs/user/zhuzihou/assets/dedup_workspaces/test0_transitive_apply_parallel/dataset/GRScenes_assets/bottle/a4384eac9e3ef5eeb92e3c3c1b62a1aa,/cpfs/user/zhuzihou/assets/dedup_workspaces/test0_transitive_apply_parallel/dataset/GRScenes_assets/bottle/a4384eac9e3ef5eeb92e3c3c1b62a1aa/usd/a4384eac9e3ef5eeb92e3c3c1b62a1aa.usd
bottle,a548c41d13b45e87309b09596bba0b9c,suspicious,0.096409,0.121544,179,ok;ok;blank;ok,/cpfs/user/zhuzihou/assets/dedup_workspaces/test0_transitive_apply_parallel/dataset/GRScenes_assets/bottle/a548c41d13b45e87309b09596bba0b9c,/cpfs/user/zhuzihou/assets/dedup_workspaces/test0_transitive_apply_parallel/dataset/GRScenes_assets/bottle/a548c41d13b45e87309b09596bba0b9c/usd/a548c41d13b45e87309b09596bba0b9c.usd
bottle,aff77ffc15f24ad66f2bfab57ef966f8,suspicious,0.070953,0.100891,232,ok;ok;blank;ok,/cpfs/user/zhuzihou/assets/dedup_workspaces/test0_transitive_apply_parallel/dataset/GRScenes_assets/bottle/aff77ffc15f24ad66f2bfab57ef966f8,/cpfs/user/zhuzihou/assets/dedup_workspaces/test0_transitive_apply_parallel/dataset/GRScenes_assets/bottle/aff77ffc15f24ad66f2bfab57ef966f8/usd/aff77ffc15f24ad66f2bfab57ef966f8.usd
bottle,bad2ba50096284fc3134c8179e44d43b,suspicious,0.063896,0.080421,254,ok;ok;blank;ok,/cpfs/user/zhuzihou/assets/dedup_workspaces/test0_transitive_apply_parallel/dataset/GRScenes_assets/bottle/bad2ba50096284fc3134c8179e44d43b,/cpfs/user/zhuzihou/assets/dedup_workspaces/test0_transitive_apply_parallel/dataset/GRScenes_assets/bottle/bad2ba50096284fc3134c8179e44d43b/usd/bad2ba50096284fc3134c8179e44d43b.usd
bottle,c3f7405a144ff3d62b0a30a6dbfe8017,suspicious,1.000000,1.000000,512,ok;blank;ok;ok,/cpfs/user/zhuzihou/assets/dedup_workspaces/test0_transitive_apply_parallel/dataset/GRScenes_assets/bottle/c3f7405a144ff3d62b0a30a6dbfe8017,/cpfs/user/zhuzihou/assets/dedup_workspaces/test0_transitive_apply_parallel/dataset/GRScenes_assets/bottle/c3f7405a144ff3d62b0a30a6dbfe8017/usd/c3f7405a144ff3d62b0a30a6dbfe8017.usd
bottle,c4bcfa7fadaee2dc9b569d9b32f97638,suspicious,0.062531,0.100109,183,ok;blank;ok;ok,/cpfs/user/zhuzihou/assets/dedup_workspaces/test0_transitive_apply_parallel/dataset/GRScenes_assets/bottle/c4bcfa7fadaee2dc9b569d9b32f97638,/cpfs/user/zhuzihou/assets/dedup_workspaces/test0_transitive_apply_parallel/dataset/GRScenes_assets/bottle/c4bcfa7fadaee2dc9b569d9b32f97638/usd/c4bcfa7fadaee2dc9b569d9b32f97638.usd
bottle,c5c0147917c628ed31d56955fd5c479a,suspicious,0.050793,0.077438,218,blank;ok;ok;ok,/cpfs/user/zhuzihou/assets/dedup_workspaces/test0_transitive_apply_parallel/dataset/GRScenes_assets/bottle/c5c0147917c628ed31d56955fd5c479a,/cpfs/user/zhuzihou/assets/dedup_workspaces/test0_transitive_apply_parallel/dataset/GRScenes_assets/bottle/c5c0147917c628ed31d56955fd5c479a/usd/c5c0147917c628ed31d56955fd5c479a.usd
bottle,c84246080694fb98f3621377b00e6a3e,suspicious,0.113281,0.113281,512,ok;blank;blank;blank,/cpfs/user/zhuzihou/assets/dedup_workspaces/test0_transitive_apply_parallel/dataset/GRScenes_assets/bottle/c84246080694fb98f3621377b00e6a3e,/cpfs/user/zhuzihou/assets/dedup_workspaces/test0_transitive_apply_parallel/dataset/GRScenes_assets/bottle/c84246080694fb98f3621377b00e6a3e/usd/c84246080694fb98f3621377b00e6a3e.usd
bottle,ca7e4326831ab649de2ff83fc0496e4a,suspicious,0.988457,1.000000,512,ok;blank;blank;blank,/cpfs/user/zhuzihou/assets/dedup_workspaces/test0_transitive_apply_parallel/dataset/GRScenes_assets/bottle/ca7e4326831ab649de2ff83fc0496e4a,/cpfs/user/zhuzihou/assets/dedup_workspaces/test0_transitive_apply_parallel/dataset/GRScenes_assets/bottle/ca7e4326831ab649de2ff83fc0496e4a/usd/ca7e4326831ab649de2ff83fc0496e4a.usd
bottle,ef71215ed8e5248ce79eef46011851bf,suspicious,0.095219,0.098694,231,blank;ok;ok;ok,/cpfs/user/zhuzihou/assets/dedup_workspaces/test0_transitive_apply_parallel/dataset/GRScenes_assets/bottle/ef71215ed8e5248ce79eef46011851bf,/cpfs/user/zhuzihou/assets/dedup_workspaces/test0_transitive_apply_parallel/dataset/GRScenes_assets/bottle/ef71215ed8e5248ce79eef46011851bf/usd/ef71215ed8e5248ce79eef46011851bf.usd
bottle,fd3c6106324c8d02ef91f5072a6eb7bc,suspicious,0.053185,0.065430,256,blank;ok;ok;ok,/cpfs/user/zhuzihou/assets/dedup_workspaces/test0_transitive_apply_parallel/dataset/GRScenes_assets/bottle/fd3c6106324c8d02ef91f5072a6eb7bc,/cpfs/user/zhuzihou/assets/dedup_workspaces/test0_transitive_apply_parallel/dataset/GRScenes_assets/bottle/fd3c6106324c8d02ef91f5072a6eb7bc/usd/fd3c6106324c8d02ef91f5072a6eb7bc.usd
cabinet,0103f6d34c5852236100733a4a9a8a2f,suspicious,0.025208,0.034676,122,ok;tiny;ok;ok,/cpfs/user/zhuzihou/assets/dedup_workspaces/test0_transitive_apply_parallel/dataset/GRScenes_assets/cabinet/0103f6d34c5852236100733a4a9a8a2f,/cpfs/user/zhuzihou/assets/dedup_workspaces/test0_transitive_apply_parallel/dataset/GRScenes_assets/cabinet/0103f6d34c5852236100733a4a9a8a2f/usd/0103f6d34c5852236100733a4a9a8a2f.usd
cabinet,017e70823d03e5a8cda2c082e6440449,suspicious,0.019470,0.026196,109,blank;blank;tiny;ok,/cpfs/user/zhuzihou/assets/dedup_workspaces/test0_transitive_apply_parallel/dataset/GRScenes_assets/cabinet/017e70823d03e5a8cda2c082e6440449,/cpfs/user/zhuzihou/assets/dedup_workspaces/test0_transitive_apply_parallel/dataset/GRScenes_assets/cabinet/017e70823d03e5a8cda2c082e6440449/usd/017e70823d03e5a8cda2c082e6440449.usd
cabinet,01832f2d9a433adec46c23492a04a66c,suspicious,0.044861,0.046585,172,blank;blank;ok;blank,/cpfs/user/zhuzihou/assets/dedup_workspaces/test0_transitive_apply_parallel/dataset/GRScenes_assets/cabinet/01832f2d9a433adec46c23492a04a66c,/cpfs/user/zhuzihou/assets/dedup_workspaces/test0_transitive_apply_parallel/dataset/GRScenes_assets/cabinet/01832f2d9a433adec46c23492a04a66c/usd/01832f2d9a433adec46c23492a04a66c.usd
cabinet,01ba00f2f4072e5e3f71cadea43edf49,suspicious,0.028008,0.034939,134,ok;ok;tiny;ok,/cpfs/user/zhuzihou/assets/dedup_workspaces/test0_transitive_apply_parallel/dataset/GRScenes_assets/cabinet/01ba00f2f4072e5e3f71cadea43edf49,/cpfs/user/zhuzihou/assets/dedup_workspaces/test0_transitive_apply_parallel/dataset/GRScenes_assets/cabinet/01ba00f2f4072e5e3f71cadea43edf49/usd/01ba00f2f4072e5e3f71cadea43edf49.usd
cabinet,01fd983213e1647c02edfce9a6ea098d,suspicious,0.067795,0.075226,170,ok;blank;blank;blank,/cpfs/user/zhuzihou/assets/dedup_workspaces/test0_transitive_apply_parallel/dataset/GRScenes_assets/cabinet/01fd983213e1647c02edfce9a6ea098d,/cpfs/user/zhuzihou/assets/dedup_workspaces/test0_transitive_apply_parallel/dataset/GRScenes_assets/cabinet/01fd983213e1647c02edfce9a6ea098d/usd/01fd983213e1647c02edfce9a6ea098d.usd
cabinet,030552c05f71248d0ec542c121a3586f,suspicious,0.071621,0.076729,191,ok;blank;blank;ok,/cpfs/user/zhuzihou/assets/dedup_workspaces/test0_transitive_apply_parallel/dataset/GRScenes_assets/cabinet/030552c05f71248d0ec542c121a3586f,/cpfs/user/zhuzihou/assets/dedup_workspaces/test0_transitive_apply_parallel/dataset/GRScenes_assets/cabinet/030552c05f71248d0ec542c121a3586f/usd/030552c05f71248d0ec542c121a3586f.usd
cabinet,03084f37e155430e2768d4a8f71c41d6,suspicious,0.040417,0.056236,162,ok;ok;tiny;ok,/cpfs/user/zhuzihou/assets/dedup_workspaces/test0_transitive_apply_parallel/dataset/GRScenes_assets/cabinet/03084f37e155430e2768d4a8f71c41d6,/cpfs/user/zhuzihou/assets/dedup_workspaces/test0_transitive_apply_parallel/dataset/GRScenes_assets/cabinet/03084f37e155430e2768d4a8f71c41d6/usd/03084f37e155430e2768d4a8f71c41d6.usd
cabinet,030f6923af651a0593b1556295d36e0b,suspicious,0.073055,0.076424,199,ok;ok;ok;blank,/cpfs/user/zhuzihou/assets/dedup_workspaces/test0_transitive_apply_parallel/dataset/GRScenes_assets/cabinet/030f6923af651a0593b1556295d36e0b,/cpfs/user/zhuzihou/assets/dedup_workspaces/test0_transitive_apply_parallel/dataset/GRScenes_assets/cabinet/030f6923af651a0593b1556295d36e0b/usd/030f6923af651a0593b1556295d36e0b.usd
cabinet,0351e38501c4134575e6dda441b434d9,suspicious,0.021984,0.030762,96,blank;blank;ok;blank,/cpfs/user/zhuzihou/assets/dedup_workspaces/test0_transitive_apply_parallel/dataset/GRScenes_assets/cabinet/0351e38501c4134575e6dda441b434d9,/cpfs/user/zhuzihou/assets/dedup_workspaces/test0_transitive_apply_parallel/dataset/GRScenes_assets/cabinet/0351e38501c4134575e6dda441b434d9/usd/0351e38501c4134575e6dda441b434d9.usd
cabinet,039c6bdd9fc8b57652b7a96f885dc484,suspicious,0.029137,0.032967,149,ok;blank;blank;blank,/cpfs/user/zhuzihou/assets/dedup_workspaces/test0_transitive_apply_parallel/dataset/GRScenes_assets/cabinet/039c6bdd9fc8b57652b7a96f885dc484,/cpfs/user/zhuzihou/assets/dedup_workspaces/test0_transitive_apply_parallel/dataset/GRScenes_assets/cabinet/039c6bdd9fc8b57652b7a96f885dc484/usd/039c6bdd9fc8b57652b7a96f885dc484.usd
cabinet,03d89ac3714f5dbdef54fa3d7f8b2702,suspicious,0.006550,0.006592,192,blank;blank;ok;blank,/cpfs/user/zhuzihou/assets/dedup_workspaces/test0_transitive_apply_parallel/dataset/GRScenes_assets/cabinet/03d89ac3714f5dbdef54fa3d7f8b2702,/cpfs/user/zhuzihou/assets/dedup_workspaces/test0_transitive_apply_parallel/dataset/GRScenes_assets/cabinet/03d89ac3714f5dbdef54fa3d7f8b2702/usd/03d89ac3714f5dbdef54fa3d7f8b2702.usd
cabinet,042a2ad4549c90e90a91f9bc50f7b9b6,suspicious,0.019707,0.020584,142,blank;blank;ok;blank,/cpfs/user/zhuzihou/assets/dedup_workspaces/test0_transitive_apply_parallel/dataset/GRScenes_assets/cabinet/042a2ad4549c90e90a91f9bc50f7b9b6,/cpfs/user/zhuzihou/assets/dedup_workspaces/test0_transitive_apply_parallel/dataset/GRScenes_assets/cabinet/042a2ad4549c90e90a91f9bc50f7b9b6/usd/042a2ad4549c90e90a91f9bc50f7b9b6.usd
cabinet,04341ec1ca6bf336f49cad66cae7a722,suspicious,0.037762,0.063740,234,blank;blank;ok;ok,/cpfs/user/zhuzihou/assets/dedup_workspaces/test0_transitive_apply_parallel/dataset/GRScenes_assets/cabinet/04341ec1ca6bf336f49cad66cae7a722,/cpfs/user/zhuzihou/assets/dedup_workspaces/test0_transitive_apply_parallel/dataset/GRScenes_assets/cabinet/04341ec1ca6bf336f49cad66cae7a722/usd/04341ec1ca6bf336f49cad66cae7a722.usd
cabinet,0488118f0fd22625619c210a71c8d81e,suspicious,0.007980,0.011902,104,tiny;tiny;ok;ok,/cpfs/user/zhuzihou/assets/dedup_workspaces/test0_transitive_apply_parallel/dataset/GRScenes_assets/cabinet/0488118f0fd22625619c210a71c8d81e,/cpfs/user/zhuzihou/assets/dedup_workspaces/test0_transitive_apply_parallel/dataset/GRScenes_assets/cabinet/0488118f0fd22625619c210a71c8d81e/usd/0488118f0fd22625619c210a71c8d81e.usd
cabinet,0493d2c7a758de44c6b45d4c14801a74,suspicious,0.032681,0.038528,101,tiny;tiny;ok;ok,/cpfs/user/zhuzihou/assets/dedup_workspaces/test0_transitive_apply_parallel/dataset/GRScenes_assets/cabinet/0493d2c7a758de44c6b45d4c14801a74,/cpfs/user/zhuzihou/assets/dedup_workspaces/test0_transitive_apply_parallel/dataset/GRScenes_assets/cabinet/0493d2c7a758de44c6b45d4c14801a74/usd/0493d2c7a758de44c6b45d4c14801a74.usd
cabinet,051784651ce9ea0494f32068cb8a1210,suspicious,0.043640,0.074574,175,tiny;ok;ok;ok,/cpfs/user/zhuzihou/assets/dedup_workspaces/test0_transitive_apply_parallel/dataset/GRScenes_assets/cabinet/051784651ce9ea0494f32068cb8a1210,/cpfs/user/zhuzihou/assets/dedup_workspaces/test0_transitive_apply_parallel/dataset/GRScenes_assets/cabinet/051784651ce9ea0494f32068cb8a1210/usd/051784651ce9ea0494f32068cb8a1210.usd
cabinet,0592e41b66a549d83a509305325d6d91,suspicious,0.037376,0.043659,109,tiny;ok;ok;ok,/cpfs/user/zhuzihou/assets/dedup_workspaces/test0_transitive_apply_parallel/dataset/GRScenes_assets/cabinet/0592e41b66a549d83a509305325d6d91,/cpfs/user/zhuzihou/assets/dedup_workspaces/test0_transitive_apply_parallel/dataset/GRScenes_assets/cabinet/0592e41b66a549d83a509305325d6d91/usd/0592e41b66a549d83a509305325d6d91.usd
cabinet,05b603614a4ff2f04bfa544a2d85a0bd,tiny,0.003071,0.008076,73,tiny;tiny;tiny;tiny,/cpfs/user/zhuzihou/assets/dedup_workspaces/test0_transitive_apply_parallel/dataset/GRScenes_assets/cabinet/05b603614a4ff2f04bfa544a2d85a0bd,/cpfs/user/zhuzihou/assets/dedup_workspaces/test0_transitive_apply_parallel/dataset/GRScenes_assets/cabinet/05b603614a4ff2f04bfa544a2d85a0bd/usd/05b603614a4ff2f04bfa544a2d85a0bd.usd
cabinet,0643684aed91df5d35c78c3e8ab9268c,suspicious,0.043255,0.067348,175,ok;ok;ok;tiny,/cpfs/user/zhuzihou/assets/dedup_workspaces/test0_transitive_apply_parallel/dataset/GRScenes_assets/cabinet/0643684aed91df5d35c78c3e8ab9268c,/cpfs/user/zhuzihou/assets/dedup_workspaces/test0_transitive_apply_parallel/dataset/GRScenes_assets/cabinet/0643684aed91df5d35c78c3e8ab9268c/usd/0643684aed91df5d35c78c3e8ab9268c.usd
cabinet,06ba887f18c9cd0fdc34bd23e2c31de2,tiny,0.001087,0.001831,24,blank;blank;blank;tiny,/cpfs/user/zhuzihou/assets/dedup_workspaces/test0_transitive_apply_parallel/dataset/GRScenes_assets/cabinet/06ba887f18c9cd0fdc34bd23e2c31de2,/cpfs/user/zhuzihou/assets/dedup_workspaces/test0_transitive_apply_parallel/dataset/GRScenes_assets/cabinet/06ba887f18c9cd0fdc34bd23e2c31de2/usd/06ba887f18c9cd0fdc34bd23e2c31de2.usd
cabinet,075d44942a37753c8caec2586734e2fe,suspicious,0.036594,0.045273,138,ok;ok;tiny;ok,/cpfs/user/zhuzihou/assets/dedup_workspaces/test0_transitive_apply_parallel/dataset/GRScenes_assets/cabinet/075d44942a37753c8caec2586734e2fe,/cpfs/user/zhuzihou/assets/dedup_workspaces/test0_transitive_apply_parallel/dataset/GRScenes_assets/cabinet/075d44942a37753c8caec2586734e2fe/usd/075d44942a37753c8caec2586734e2fe.usd
cabinet,077086869ae8fb2c4e6974fe7f94d684,suspicious,0.003120,0.003136,137,blank;blank;ok;blank,/cpfs/user/zhuzihou/assets/dedup_workspaces/test0_transitive_apply_parallel/dataset/GRScenes_assets/cabinet/077086869ae8fb2c4e6974fe7f94d684,/cpfs/user/zhuzihou/assets/dedup_workspaces/test0_transitive_apply_parallel/dataset/GRScenes_assets/cabinet/077086869ae8fb2c4e6974fe7f94d684/usd/077086869ae8fb2c4e6974fe7f94d684.usd
cabinet,081bebfaa51513fd3fa62d629c6aa1df,suspicious,0.079742,0.085526,190,ok;blank;blank;blank,/cpfs/user/zhuzihou/assets/dedup_workspaces/test0_transitive_apply_parallel/dataset/GRScenes_assets/cabinet/081bebfaa51513fd3fa62d629c6aa1df,/cpfs/user/zhuzihou/assets/dedup_workspaces/test0_transitive_apply_parallel/dataset/GRScenes_assets/cabinet/081bebfaa51513fd3fa62d629c6aa1df/usd/081bebfaa51513fd3fa62d629c6aa1df.usd
cabinet,08376cadeb427ee8d2e0773ed890c542,suspicious,0.015987,0.024643,170,blank;blank;blank;ok,/cpfs/user/zhuzihou/assets/dedup_workspaces/test0_transitive_apply_parallel/dataset/GRScenes_assets/cabinet/08376cadeb427ee8d2e0773ed890c542,/cpfs/user/zhuzihou/assets/dedup_workspaces/test0_transitive_apply_parallel/dataset/GRScenes_assets/cabinet/08376cadeb427ee8d2e0773ed890c542/usd/08376cadeb427ee8d2e0773ed890c542.usd
cabinet,0945b6d77dba9b992541a10795e91c5b,suspicious,0.054462,0.060654,159,ok;blank;blank;blank,/cpfs/user/zhuzihou/assets/dedup_workspaces/test0_transitive_apply_parallel/dataset/GRScenes_assets/cabinet/0945b6d77dba9b992541a10795e91c5b,/cpfs/user/zhuzihou/assets/dedup_workspaces/test0_transitive_apply_parallel/dataset/GRScenes_assets/cabinet/0945b6d77dba9b992541a10795e91c5b/usd/0945b6d77dba9b992541a10795e91c5b.usd
cabinet,095fa0e7cdf34defcd98b99ed9639a52,suspicious,0.034927,0.040352,123,ok;tiny;ok;ok,/cpfs/user/zhuzihou/assets/dedup_workspaces/test0_transitive_apply_parallel/dataset/GRScenes_assets/cabinet/095fa0e7cdf34defcd98b99ed9639a52,/cpfs/user/zhuzihou/assets/dedup_workspaces/test0_transitive_apply_parallel/dataset/GRScenes_assets/cabinet/095fa0e7cdf34defcd98b99ed9639a52/usd/095fa0e7cdf34defcd98b99ed9639a52.usd
cabinet,0968a1c333825e9d2f912db1d353b0e8,blank,0.000000,0.000000,0,blank;blank;blank;blank,/cpfs/user/zhuzihou/assets/dedup_workspaces/test0_transitive_apply_parallel/dataset/GRScenes_assets/cabinet/0968a1c333825e9d2f912db1d353b0e8,/cpfs/user/zhuzihou/assets/dedup_workspaces/test0_transitive_apply_parallel/dataset/GRScenes_assets/cabinet/0968a1c333825e9d2f912db1d353b0e8/usd/0968a1c333825e9d2f912db1d353b0e8.usd
cabinet,0a1853ab45a22f77e53edd7d8a0589fb,suspicious,0.022812,0.023956,157,blank;blank;ok;ok,/cpfs/user/zhuzihou/assets/dedup_workspaces/test0_transitive_apply_parallel/dataset/GRScenes_assets/cabinet/0a1853ab45a22f77e53edd7d8a0589fb,/cpfs/user/zhuzihou/assets/dedup_workspaces/test0_transitive_apply_parallel/dataset/GRScenes_assets/cabinet/0a1853ab45a22f77e53edd7d8a0589fb/usd/0a1853ab45a22f77e53edd7d8a0589fb.usd
cabinet,0ac1552e77a5063fc5cbe6d3d95398a2,suspicious,0.008369,0.013294,85,blank;ok;blank;blank,/cpfs/user/zhuzihou/assets/dedup_workspaces/test0_transitive_apply_parallel/dataset/GRScenes_assets/cabinet/0ac1552e77a5063fc5cbe6d3d95398a2,/cpfs/user/zhuzihou/assets/dedup_workspaces/test0_transitive_apply_parallel/dataset/GRScenes_assets/cabinet/0ac1552e77a5063fc5cbe6d3d95398a2/usd/0ac1552e77a5063fc5cbe6d3d95398a2.usd
cabinet,0b558ffc6d640331607c4eeca7e99fb6,tiny,0.012486,0.013245,62,blank;blank;tiny;blank,/cpfs/user/zhuzihou/assets/dedup_workspaces/test0_transitive_apply_parallel/dataset/GRScenes_assets/cabinet/0b558ffc6d640331607c4eeca7e99fb6,/cpfs/user/zhuzihou/assets/dedup_workspaces/test0_transitive_apply_parallel/dataset/GRScenes_assets/cabinet/0b558ffc6d640331607c4eeca7e99fb6/usd/0b558ffc6d640331607c4eeca7e99fb6.usd
cabinet,0bddb3eab9f10dc1718a6ffd43d4949d,suspicious,0.030693,0.040527,130,ok;ok;tiny;ok,/cpfs/user/zhuzihou/assets/dedup_workspaces/test0_transitive_apply_parallel/dataset/GRScenes_assets/cabinet/0bddb3eab9f10dc1718a6ffd43d4949d,/cpfs/user/zhuzihou/assets/dedup_workspaces/test0_transitive_apply_parallel/dataset/GRScenes_assets/cabinet/0bddb3eab9f10dc1718a6ffd43d4949d/usd/0bddb3eab9f10dc1718a6ffd43d4949d.usd
cabinet,0bf8fcbd2bbc7755e5793bcd46d60521,suspicious,0.004837,0.012539,173,ok;blank;blank;blank,/cpfs/user/zhuzihou/assets/dedup_workspaces/test0_transitive_apply_parallel/dataset/GRScenes_assets/cabinet/0bf8fcbd2bbc7755e5793bcd46d60521,/cpfs/user/zhuzihou/assets/dedup_workspaces/test0_transitive_apply_parallel/dataset/GRScenes_assets/cabinet/0bf8fcbd2bbc7755e5793bcd46d60521/usd/0bf8fcbd2bbc7755e5793bcd46d60521.usd
cabinet,0ce144f7d988cb8b375fd331caead792,suspicious,0.061371,0.119125,289,ok;ok;blank;ok,/cpfs/user/zhuzihou/assets/dedup_workspaces/test0_transitive_apply_parallel/dataset/GRScenes_assets/cabinet/0ce144f7d988cb8b375fd331caead792,/cpfs/user/zhuzihou/assets/dedup_workspaces/test0_transitive_apply_parallel/dataset/GRScenes_assets/cabinet/0ce144f7d988cb8b375fd331caead792/usd/0ce144f7d988cb8b375fd331caead792.usd
cabinet,0dd113faaefaf20150c364db6c094d46,tiny,0.015022,0.019455,75,tiny;blank;blank;blank,/cpfs/user/zhuzihou/assets/dedup_workspaces/test0_transitive_apply_parallel/dataset/GRScenes_assets/cabinet/0dd113faaefaf20150c364db6c094d46,/cpfs/user/zhuzihou/assets/dedup_workspaces/test0_transitive_apply_parallel/dataset/GRScenes_assets/cabinet/0dd113faaefaf20150c364db6c094d46/usd/0dd113faaefaf20150c364db6c094d46.usd
cabinet,0eded1eb6381909c5b6c33c970edc544,suspicious,0.003124,0.003136,137,blank;blank;ok;blank,/cpfs/user/zhuzihou/assets/dedup_workspaces/test0_transitive_apply_parallel/dataset/GRScenes_assets/cabinet/0eded1eb6381909c5b6c33c970edc544,/cpfs/user/zhuzihou/assets/dedup_workspaces/test0_transitive_apply_parallel/dataset/GRScenes_assets/cabinet/0eded1eb6381909c5b6c33c970edc544/usd/0eded1eb6381909c5b6c33c970edc544.usd
cabinet,10b0842e6d25cc47fa85fa1928e1544f,suspicious,0.037689,0.059128,155,ok;blank;blank;ok,/cpfs/user/zhuzihou/assets/dedup_workspaces/test0_transitive_apply_parallel/dataset/GRScenes_assets/cabinet/10b0842e6d25cc47fa85fa1928e1544f,/cpfs/user/zhuzihou/assets/dedup_workspaces/test0_transitive_apply_parallel/dataset/GRScenes_assets/cabinet/10b0842e6d25cc47fa85fa1928e1544f/usd/10b0842e6d25cc47fa85fa1928e1544f.usd
cabinet,11413ddf3ff0d34acc6a3d6c5e9651e8,suspicious,0.024918,0.031147,115,ok;tiny;tiny;ok,/cpfs/user/zhuzihou/assets/dedup_workspaces/test0_transitive_apply_parallel/dataset/GRScenes_assets/cabinet/11413ddf3ff0d34acc6a3d6c5e9651e8,/cpfs/user/zhuzihou/assets/dedup_workspaces/test0_transitive_apply_parallel/dataset/GRScenes_assets/cabinet/11413ddf3ff0d34acc6a3d6c5e9651e8/usd/11413ddf3ff0d34acc6a3d6c5e9651e8.usd
cabinet,117a44467a223320cb538da11ca5f956,suspicious,0.017979,0.018913,134,blank;blank;ok;blank,/cpfs/user/zhuzihou/assets/dedup_workspaces/test0_transitive_apply_parallel/dataset/GRScenes_assets/cabinet/117a44467a223320cb538da11ca5f956,/cpfs/user/zhuzihou/assets/dedup_workspaces/test0_transitive_apply_parallel/dataset/GRScenes_assets/cabinet/117a44467a223320cb538da11ca5f956/usd/117a44467a223320cb538da11ca5f956.usd
cabinet,11b5e6aba98c3d732b8731c0e9fa46fb,suspicious,0.075958,0.080467,199,blank;blank;ok;blank,/cpfs/user/zhuzihou/assets/dedup_workspaces/test0_transitive_apply_parallel/dataset/GRScenes_assets/cabinet/11b5e6aba98c3d732b8731c0e9fa46fb,/cpfs/user/zhuzihou/assets/dedup_workspaces/test0_transitive_apply_parallel/dataset/GRScenes_assets/cabinet/11b5e6aba98c3d732b8731c0e9fa46fb/usd/11b5e6aba98c3d732b8731c0e9fa46fb.usd
cabinet,123f6a89cd741c984dc5030f1c7ca2a3,tiny,0.004429,0.004578,60,blank;tiny;blank;blank,/cpfs/user/zhuzihou/assets/dedup_workspaces/test0_transitive_apply_parallel/dataset/GRScenes_assets/cabinet/123f6a89cd741c984dc5030f1c7ca2a3,/cpfs/user/zhuzihou/assets/dedup_workspaces/test0_transitive_apply_parallel/dataset/GRScenes_assets/cabinet/123f6a89cd741c984dc5030f1c7ca2a3/usd/123f6a89cd741c984dc5030f1c7ca2a3.usd
cabinet,131d3cd0588c4c99b6d6106dfee89487,suspicious,0.030079,0.036163,120,tiny;ok;ok;tiny,/cpfs/user/zhuzihou/assets/dedup_workspaces/test0_transitive_apply_parallel/dataset/GRScenes_assets/cabinet/131d3cd0588c4c99b6d6106dfee89487,/cpfs/user/zhuzihou/assets/dedup_workspaces/test0_transitive_apply_parallel/dataset/GRScenes_assets/cabinet/131d3cd0588c4c99b6d6106dfee89487/usd/131d3cd0588c4c99b6d6106dfee89487.usd
cabinet,1347473d7fe8c041e902558d24c9e375,blank,0.000000,0.000000,0,blank;blank;blank;blank,/cpfs/user/zhuzihou/assets/dedup_workspaces/test0_transitive_apply_parallel/dataset/GRScenes_assets/cabinet/1347473d7fe8c041e902558d24c9e375,/cpfs/user/zhuzihou/assets/dedup_workspaces/test0_transitive_apply_parallel/dataset/GRScenes_assets/cabinet/1347473d7fe8c041e902558d24c9e375/usd/1347473d7fe8c041e902558d24c9e375.usd
cabinet,14518ee7c3327fa90efa28661c63e3dc,suspicious,0.024769,0.029800,124,blank;ok;blank;blank,/cpfs/user/zhuzihou/assets/dedup_workspaces/test0_transitive_apply_parallel/dataset/GRScenes_assets/cabinet/14518ee7c3327fa90efa28661c63e3dc,/cpfs/user/zhuzihou/assets/dedup_workspaces/test0_transitive_apply_parallel/dataset/GRScenes_assets/cabinet/14518ee7c3327fa90efa28661c63e3dc/usd/14518ee7c3327fa90efa28661c63e3dc.usd
cabinet,14e7884719a9d4827da27b4ccb0a7757,suspicious,0.002163,0.004070,97,blank;blank;ok;blank,/cpfs/user/zhuzihou/assets/dedup_workspaces/test0_transitive_apply_parallel/dataset/GRScenes_assets/cabinet/14e7884719a9d4827da27b4ccb0a7757,/cpfs/user/zhuzihou/assets/dedup_workspaces/test0_transitive_apply_parallel/dataset/GRScenes_assets/cabinet/14e7884719a9d4827da27b4ccb0a7757/usd/14e7884719a9d4827da27b4ccb0a7757.usd
cabinet,14fc91229d96aeb044730f86ebdb94de,suspicious,0.035759,0.039780,132,tiny;ok;ok;ok,/cpfs/user/zhuzihou/assets/dedup_workspaces/test0_transitive_apply_parallel/dataset/GRScenes_assets/cabinet/14fc91229d96aeb044730f86ebdb94de,/cpfs/user/zhuzihou/assets/dedup_workspaces/test0_transitive_apply_parallel/dataset/GRScenes_assets/cabinet/14fc91229d96aeb044730f86ebdb94de/usd/14fc91229d96aeb044730f86ebdb94de.usd
cabinet,152f5172416f7db261631d902d48e910,tiny,0.005566,0.008850,80,tiny;blank;blank;blank,/cpfs/user/zhuzihou/assets/dedup_workspaces/test0_transitive_apply_parallel/dataset/GRScenes_assets/cabinet/152f5172416f7db261631d902d48e910,/cpfs/user/zhuzihou/assets/dedup_workspaces/test0_transitive_apply_parallel/dataset/GRScenes_assets/cabinet/152f5172416f7db261631d902d48e910/usd/152f5172416f7db261631d902d48e910.usd
cabinet,1586f1a148fd395ce32ad3108e2273b2,suspicious,0.008106,0.012150,91,ok;blank;blank;blank,/cpfs/user/zhuzihou/assets/dedup_workspaces/test0_transitive_apply_parallel/dataset/GRScenes_assets/cabinet/1586f1a148fd395ce32ad3108e2273b2,/cpfs/user/zhuzihou/assets/dedup_workspaces/test0_transitive_apply_parallel/dataset/GRScenes_assets/cabinet/1586f1a148fd395ce32ad3108e2273b2/usd/1586f1a148fd395ce32ad3108e2273b2.usd
cabinet,160a2eb015ae72b52caeded2f95030d1,suspicious,0.031517,0.037872,146,tiny;tiny;ok;ok,/cpfs/user/zhuzihou/assets/dedup_workspaces/test0_transitive_apply_parallel/dataset/GRScenes_assets/cabinet/160a2eb015ae72b52caeded2f95030d1,/cpfs/user/zhuzihou/assets/dedup_workspaces/test0_transitive_apply_parallel/dataset/GRScenes_assets/cabinet/160a2eb015ae72b52caeded2f95030d1/usd/160a2eb015ae72b52caeded2f95030d1.usd
cabinet,160f2fbfc15a1d46b19b74c02873b4d3,suspicious,0.063950,0.079067,147,ok;ok;ok;tiny,/cpfs/user/zhuzihou/assets/dedup_workspaces/test0_transitive_apply_parallel/dataset/GRScenes_assets/cabinet/160f2fbfc15a1d46b19b74c02873b4d3,/cpfs/user/zhuzihou/assets/dedup_workspaces/test0_transitive_apply_parallel/dataset/GRScenes_assets/cabinet/160f2fbfc15a1d46b19b74c02873b4d3/usd/160f2fbfc15a1d46b19b74c02873b4d3.usd
cabinet,16391d5213c13e557047bdab8d6afed1,suspicious,0.027550,0.029251,142,ok;tiny;tiny;tiny,/cpfs/user/zhuzihou/assets/dedup_workspaces/test0_transitive_apply_parallel/dataset/GRScenes_assets/cabinet/16391d5213c13e557047bdab8d6afed1,/cpfs/user/zhuzihou/assets/dedup_workspaces/test0_transitive_apply_parallel/dataset/GRScenes_assets/cabinet/16391d5213c13e557047bdab8d6afed1/usd/16391d5213c13e557047bdab8d6afed1.usd
cabinet,166e0fec2ee305c966e65ac3221874d7,suspicious,0.046288,0.047836,165,ok;blank;blank;ok,/cpfs/user/zhuzihou/assets/dedup_workspaces/test0_transitive_apply_parallel/dataset/GRScenes_assets/cabinet/166e0fec2ee305c966e65ac3221874d7,/cpfs/user/zhuzihou/assets/dedup_workspaces/test0_transitive_apply_parallel/dataset/GRScenes_assets/cabinet/166e0fec2ee305c966e65ac3221874d7/usd/166e0fec2ee305c966e65ac3221874d7.usd
cabinet,169bf30fc2a0d45dcbf7f955e12563fc,suspicious,0.044949,0.058395,172,ok;ok;tiny;ok,/cpfs/user/zhuzihou/assets/dedup_workspaces/test0_transitive_apply_parallel/dataset/GRScenes_assets/cabinet/169bf30fc2a0d45dcbf7f955e12563fc,/cpfs/user/zhuzihou/assets/dedup_workspaces/test0_transitive_apply_parallel/dataset/GRScenes_assets/cabinet/169bf30fc2a0d45dcbf7f955e12563fc/usd/169bf30fc2a0d45dcbf7f955e12563fc.usd
cabinet,17a0b05aede4f155e56e474196680a03,suspicious,0.042702,0.052551,153,ok;ok;ok;tiny,/cpfs/user/zhuzihou/assets/dedup_workspaces/test0_transitive_apply_parallel/dataset/GRScenes_assets/cabinet/17a0b05aede4f155e56e474196680a03,/cpfs/user/zhuzihou/assets/dedup_workspaces/test0_transitive_apply_parallel/dataset/GRScenes_assets/cabinet/17a0b05aede4f155e56e474196680a03/usd/17a0b05aede4f155e56e474196680a03.usd
cabinet,18a12c0ee00d99b21fb86d59284461b2,suspicious,0.026814,0.035477,100,ok;tiny;tiny;ok,/cpfs/user/zhuzihou/assets/dedup_workspaces/test0_transitive_apply_parallel/dataset/GRScenes_assets/cabinet/18a12c0ee00d99b21fb86d59284461b2,/cpfs/user/zhuzihou/assets/dedup_workspaces/test0_transitive_apply_parallel/dataset/GRScenes_assets/cabinet/18a12c0ee00d99b21fb86d59284461b2/usd/18a12c0ee00d99b21fb86d59284461b2.usd
cabinet,19a0992e5f07a176608d27d168eccaea,suspicious,0.011642,0.012001,143,ok;blank;blank;blank,/cpfs/user/zhuzihou/assets/dedup_workspaces/test0_transitive_apply_parallel/dataset/GRScenes_assets/cabinet/19a0992e5f07a176608d27d168eccaea,/cpfs/user/zhuzihou/assets/dedup_workspaces/test0_transitive_apply_parallel/dataset/GRScenes_assets/cabinet/19a0992e5f07a176608d27d168eccaea/usd/19a0992e5f07a176608d27d168eccaea.usd
cabinet,1a00a7d55a56e5b61bd30043f31e03f6,suspicious,0.043274,0.067348,176,ok;ok;ok;tiny,/cpfs/user/zhuzihou/assets/dedup_workspaces/test0_transitive_apply_parallel/dataset/GRScenes_assets/cabinet/1a00a7d55a56e5b61bd30043f31e03f6,/cpfs/user/zhuzihou/assets/dedup_workspaces/test0_transitive_apply_parallel/dataset/GRScenes_assets/cabinet/1a00a7d55a56e5b61bd30043f31e03f6/usd/1a00a7d55a56e5b61bd30043f31e03f6.usd
cabinet,1a72c83e94ab34c47b8fe176c16a2b47,suspicious,0.010773,0.010918,159,blank;blank;blank;ok,/cpfs/user/zhuzihou/assets/dedup_workspaces/test0_transitive_apply_parallel/dataset/GRScenes_assets/cabinet/1a72c83e94ab34c47b8fe176c16a2b47,/cpfs/user/zhuzihou/assets/dedup_workspaces/test0_transitive_apply_parallel/dataset/GRScenes_assets/cabinet/1a72c83e94ab34c47b8fe176c16a2b47/usd/1a72c83e94ab34c47b8fe176c16a2b47.usd
cabinet,1a90eabdd92d987169fdd8e83b63c939,blank,0.000000,0.000000,0,blank;blank;blank;blank,/cpfs/user/zhuzihou/assets/dedup_workspaces/test0_transitive_apply_parallel/dataset/GRScenes_assets/cabinet/1a90eabdd92d987169fdd8e83b63c939,/cpfs/user/zhuzihou/assets/dedup_workspaces/test0_transitive_apply_parallel/dataset/GRScenes_assets/cabinet/1a90eabdd92d987169fdd8e83b63c939/usd/1a90eabdd92d987169fdd8e83b63c939.usd
cabinet,1a9d9270b5f3b2cb7c0af2013c7a5a6f,suspicious,0.053051,0.088120,220,blank;ok;ok;ok,/cpfs/user/zhuzihou/assets/dedup_workspaces/test0_transitive_apply_parallel/dataset/GRScenes_assets/cabinet/1a9d9270b5f3b2cb7c0af2013c7a5a6f,/cpfs/user/zhuzihou/assets/dedup_workspaces/test0_transitive_apply_parallel/dataset/GRScenes_assets/cabinet/1a9d9270b5f3b2cb7c0af2013c7a5a6f/usd/1a9d9270b5f3b2cb7c0af2013c7a5a6f.usd
cabinet,1bf4d52959975733228f51d9c881abe6,suspicious,0.014805,0.017204,84,tiny;tiny;ok;ok,/cpfs/user/zhuzihou/assets/dedup_workspaces/test0_transitive_apply_parallel/dataset/GRScenes_assets/cabinet/1bf4d52959975733228f51d9c881abe6,/cpfs/user/zhuzihou/assets/dedup_workspaces/test0_transitive_apply_parallel/dataset/GRScenes_assets/cabinet/1bf4d52959975733228f51d9c881abe6/usd/1bf4d52959975733228f51d9c881abe6.usd
cabinet,1dddcf9abba73c8116d2604166e0e52c,suspicious,0.031628,0.033192,113,blank;ok;blank;blank,/cpfs/user/zhuzihou/assets/dedup_workspaces/test0_transitive_apply_parallel/dataset/GRScenes_assets/cabinet/1dddcf9abba73c8116d2604166e0e52c,/cpfs/user/zhuzihou/assets/dedup_workspaces/test0_transitive_apply_parallel/dataset/GRScenes_assets/cabinet/1dddcf9abba73c8116d2604166e0e52c/usd/1dddcf9abba73c8116d2604166e0e52c.usd
cabinet,1de4e06006d91c1cdd4cb03a8a22c7d9,suspicious,0.030823,0.033325,112,blank;blank;ok;blank,/cpfs/user/zhuzihou/assets/dedup_workspaces/test0_transitive_apply_parallel/dataset/GRScenes_assets/cabinet/1de4e06006d91c1cdd4cb03a8a22c7d9,/cpfs/user/zhuzihou/assets/dedup_workspaces/test0_transitive_apply_parallel/dataset/GRScenes_assets/cabinet/1de4e06006d91c1cdd4cb03a8a22c7d9/usd/1de4e06006d91c1cdd4cb03a8a22c7d9.usd
cabinet,1e179880868e9ad45a8432316b3d1f12,suspicious,0.027020,0.044476,131,tiny;ok;blank;blank,/cpfs/user/zhuzihou/assets/dedup_workspaces/test0_transitive_apply_parallel/dataset/GRScenes_assets/cabinet/1e179880868e9ad45a8432316b3d1f12,/cpfs/user/zhuzihou/assets/dedup_workspaces/test0_transitive_apply_parallel/dataset/GRScenes_assets/cabinet/1e179880868e9ad45a8432316b3d1f12/usd/1e179880868e9ad45a8432316b3d1f12.usd
cabinet,1e4fec39fe2640c5567413a407c0550a,tiny,0.001518,0.001602,42,tiny;blank;blank;blank,/cpfs/user/zhuzihou/assets/dedup_workspaces/test0_transitive_apply_parallel/dataset/GRScenes_assets/cabinet/1e4fec39fe2640c5567413a407c0550a,/cpfs/user/zhuzihou/assets/dedup_workspaces/test0_transitive_apply_parallel/dataset/GRScenes_assets/cabinet/1e4fec39fe2640c5567413a407c0550a/usd/1e4fec39fe2640c5567413a407c0550a.usd
cabinet,1e50729bc3526e17d279351055fd5193,suspicious,0.012135,0.012943,117,blank;blank;blank;ok,/cpfs/user/zhuzihou/assets/dedup_workspaces/test0_transitive_apply_parallel/dataset/GRScenes_assets/cabinet/1e50729bc3526e17d279351055fd5193,/cpfs/user/zhuzihou/assets/dedup_workspaces/test0_transitive_apply_parallel/dataset/GRScenes_assets/cabinet/1e50729bc3526e17d279351055fd5193/usd/1e50729bc3526e17d279351055fd5193.usd
cabinet,1e9e9ccb294489e66d2960b079618d94,suspicious,0.024281,0.034969,103,ok;blank;blank;blank,/cpfs/user/zhuzihou/assets/dedup_workspaces/test0_transitive_apply_parallel/dataset/GRScenes_assets/cabinet/1e9e9ccb294489e66d2960b079618d94,/cpfs/user/zhuzihou/assets/dedup_workspaces/test0_transitive_apply_parallel/dataset/GRScenes_assets/cabinet/1e9e9ccb294489e66d2960b079618d94/usd/1e9e9ccb294489e66d2960b079618d94.usd
cabinet,1f920706d855b66a9423f8bf95c65ebd,tiny,0.001190,0.002197,48,blank;tiny;blank;blank,/cpfs/user/zhuzihou/assets/dedup_workspaces/test0_transitive_apply_parallel/dataset/GRScenes_assets/cabinet/1f920706d855b66a9423f8bf95c65ebd,/cpfs/user/zhuzihou/assets/dedup_workspaces/test0_transitive_apply_parallel/dataset/GRScenes_assets/cabinet/1f920706d855b66a9423f8bf95c65ebd/usd/1f920706d855b66a9423f8bf95c65ebd.usd
cabinet,1fd1fd43bb8f29af0268cb66d37ae6cf,suspicious,0.007854,0.008862,101,blank;blank;blank;ok,/cpfs/user/zhuzihou/assets/dedup_workspaces/test0_transitive_apply_parallel/dataset/GRScenes_assets/cabinet/1fd1fd43bb8f29af0268cb66d37ae6cf,/cpfs/user/zhuzihou/assets/dedup_workspaces/test0_transitive_apply_parallel/dataset/GRScenes_assets/cabinet/1fd1fd43bb8f29af0268cb66d37ae6cf/usd/1fd1fd43bb8f29af0268cb66d37ae6cf.usd
cabinet,200f8e39b78d2b70bd787a2f60eb35c3,suspicious,0.047909,0.054955,186,ok;ok;ok;blank,/cpfs/user/zhuzihou/assets/dedup_workspaces/test0_transitive_apply_parallel/dataset/GRScenes_assets/cabinet/200f8e39b78d2b70bd787a2f60eb35c3,/cpfs/user/zhuzihou/assets/dedup_workspaces/test0_transitive_apply_parallel/dataset/GRScenes_assets/cabinet/200f8e39b78d2b70bd787a2f60eb35c3/usd/200f8e39b78d2b70bd787a2f60eb35c3.usd
cabinet,212387986faeaa2c056fecc1b3f44d1a,suspicious,0.003265,0.003296,96,ok;blank;blank;blank,/cpfs/user/zhuzihou/assets/dedup_workspaces/test0_transitive_apply_parallel/dataset/GRScenes_assets/cabinet/212387986faeaa2c056fecc1b3f44d1a,/cpfs/user/zhuzihou/assets/dedup_workspaces/test0_transitive_apply_parallel/dataset/GRScenes_assets/cabinet/212387986faeaa2c056fecc1b3f44d1a/usd/212387986faeaa2c056fecc1b3f44d1a.usd
cabinet,2196f19ac1e72d48431a59f45cfb75f3,suspicious,0.032036,0.038898,103,blank;blank;ok;blank,/cpfs/user/zhuzihou/assets/dedup_workspaces/test0_transitive_apply_parallel/dataset/GRScenes_assets/cabinet/2196f19ac1e72d48431a59f45cfb75f3,/cpfs/user/zhuzihou/assets/dedup_workspaces/test0_transitive_apply_parallel/dataset/GRScenes_assets/cabinet/2196f19ac1e72d48431a59f45cfb75f3/usd/2196f19ac1e72d48431a59f45cfb75f3.usd
cabinet,221e842ce1e790bddf5af9d9e29dbeec,tiny,0.001503,0.001522,57,tiny;blank;blank;blank,/cpfs/user/zhuzihou/assets/dedup_workspaces/test0_transitive_apply_parallel/dataset/GRScenes_assets/cabinet/221e842ce1e790bddf5af9d9e29dbeec,/cpfs/user/zhuzihou/assets/dedup_workspaces/test0_transitive_apply_parallel/dataset/GRScenes_assets/cabinet/221e842ce1e790bddf5af9d9e29dbeec/usd/221e842ce1e790bddf5af9d9e29dbeec.usd
cabinet,22e1e92f675031cc79684884ef254639,suspicious,0.040592,0.043442,146,tiny;ok;ok;ok,/cpfs/user/zhuzihou/assets/dedup_workspaces/test0_transitive_apply_parallel/dataset/GRScenes_assets/cabinet/22e1e92f675031cc79684884ef254639,/cpfs/user/zhuzihou/assets/dedup_workspaces/test0_transitive_apply_parallel/dataset/GRScenes_assets/cabinet/22e1e92f675031cc79684884ef254639/usd/22e1e92f675031cc79684884ef254639.usd
cabinet,22e8e82b7e70b24982f17347b49f9cdb,suspicious,0.128296,0.145844,279,ok;ok;blank;tiny,/cpfs/user/zhuzihou/assets/dedup_workspaces/test0_transitive_apply_parallel/dataset/GRScenes_assets/cabinet/22e8e82b7e70b24982f17347b49f9cdb,/cpfs/user/zhuzihou/assets/dedup_workspaces/test0_transitive_apply_parallel/dataset/GRScenes_assets/cabinet/22e8e82b7e70b24982f17347b49f9cdb/usd/22e8e82b7e70b24982f17347b49f9cdb.usd
cabinet,237bf5be60663216718b4d694b4ac420,suspicious,0.092648,0.125122,269,ok;blank;blank;ok,/cpfs/user/zhuzihou/assets/dedup_workspaces/test0_transitive_apply_parallel/dataset/GRScenes_assets/cabinet/237bf5be60663216718b4d694b4ac420,/cpfs/user/zhuzihou/assets/dedup_workspaces/test0_transitive_apply_parallel/dataset/GRScenes_assets/cabinet/237bf5be60663216718b4d694b4ac420/usd/237bf5be60663216718b4d694b4ac420.usd
cabinet,2472e33d59d08a637587e587834bac6c,suspicious,0.062153,0.082970,174,blank;ok;blank;blank,/cpfs/user/zhuzihou/assets/dedup_workspaces/test0_transitive_apply_parallel/dataset/GRScenes_assets/cabinet/2472e33d59d08a637587e587834bac6c,/cpfs/user/zhuzihou/assets/dedup_workspaces/test0_transitive_apply_parallel/dataset/GRScenes_assets/cabinet/2472e33d59d08a637587e587834bac6c/usd/2472e33d59d08a637587e587834bac6c.usd
cabinet,2487083f4ccda6ff849d1468701fa937,suspicious,0.064819,0.074799,171,blank;blank;ok;ok,/cpfs/user/zhuzihou/assets/dedup_workspaces/test0_transitive_apply_parallel/dataset/GRScenes_assets/cabinet/2487083f4ccda6ff849d1468701fa937,/cpfs/user/zhuzihou/assets/dedup_workspaces/test0_transitive_apply_parallel/dataset/GRScenes_assets/cabinet/2487083f4ccda6ff849d1468701fa937/usd/2487083f4ccda6ff849d1468701fa937.usd
cabinet,251d45d5d54a909a70f0f45c717edcb0,suspicious,0.047676,0.062485,140,tiny;ok;ok;ok,/cpfs/user/zhuzihou/assets/dedup_workspaces/test0_transitive_apply_parallel/dataset/GRScenes_assets/cabinet/251d45d5d54a909a70f0f45c717edcb0,/cpfs/user/zhuzihou/assets/dedup_workspaces/test0_transitive_apply_parallel/dataset/GRScenes_assets/cabinet/251d45d5d54a909a70f0f45c717edcb0/usd/251d45d5d54a909a70f0f45c717edcb0.usd
cabinet,2566ab236012fd953fe054de18c8c654,suspicious,0.026043,0.035706,195,blank;ok;tiny;blank,/cpfs/user/zhuzihou/assets/dedup_workspaces/test0_transitive_apply_parallel/dataset/GRScenes_assets/cabinet/2566ab236012fd953fe054de18c8c654,/cpfs/user/zhuzihou/assets/dedup_workspaces/test0_transitive_apply_parallel/dataset/GRScenes_assets/cabinet/2566ab236012fd953fe054de18c8c654/usd/2566ab236012fd953fe054de18c8c654.usd
cabinet,257501c2862257c4408829fe22dea0ad,suspicious,0.029953,0.032982,131,tiny;ok;ok;ok,/cpfs/user/zhuzihou/assets/dedup_workspaces/test0_transitive_apply_parallel/dataset/GRScenes_assets/cabinet/257501c2862257c4408829fe22dea0ad,/cpfs/user/zhuzihou/assets/dedup_workspaces/test0_transitive_apply_parallel/dataset/GRScenes_assets/cabinet/257501c2862257c4408829fe22dea0ad/usd/257501c2862257c4408829fe22dea0ad.usd
cabinet,2593ac033ab8f6ace2e9feb514547c8b,suspicious,0.053188,0.057602,151,ok;blank;blank;blank,/cpfs/user/zhuzihou/assets/dedup_workspaces/test0_transitive_apply_parallel/dataset/GRScenes_assets/cabinet/2593ac033ab8f6ace2e9feb514547c8b,/cpfs/user/zhuzihou/assets/dedup_workspaces/test0_transitive_apply_parallel/dataset/GRScenes_assets/cabinet/2593ac033ab8f6ace2e9feb514547c8b/usd/2593ac033ab8f6ace2e9feb514547c8b.usd
cabinet,263a344015e9b70b206311f5e0c024cd,suspicious,0.022419,0.024696,83,tiny;tiny;tiny;ok,/cpfs/user/zhuzihou/assets/dedup_workspaces/test0_transitive_apply_parallel/dataset/GRScenes_assets/cabinet/263a344015e9b70b206311f5e0c024cd,/cpfs/user/zhuzihou/assets/dedup_workspaces/test0_transitive_apply_parallel/dataset/GRScenes_assets/cabinet/263a344015e9b70b206311f5e0c024cd/usd/263a344015e9b70b206311f5e0c024cd.usd
cabinet,26472e992b3d85baf9c32eaeef532c19,suspicious,0.019211,0.024170,99,tiny;ok;ok;tiny,/cpfs/user/zhuzihou/assets/dedup_workspaces/test0_transitive_apply_parallel/dataset/GRScenes_assets/cabinet/26472e992b3d85baf9c32eaeef532c19,/cpfs/user/zhuzihou/assets/dedup_workspaces/test0_transitive_apply_parallel/dataset/GRScenes_assets/cabinet/26472e992b3d85baf9c32eaeef532c19/usd/26472e992b3d85baf9c32eaeef532c19.usd
cabinet,2719fec6af858bf8e5794a56847b5094,suspicious,0.039227,0.047348,116,ok;ok;tiny;ok,/cpfs/user/zhuzihou/assets/dedup_workspaces/test0_transitive_apply_parallel/dataset/GRScenes_assets/cabinet/2719fec6af858bf8e5794a56847b5094,/cpfs/user/zhuzihou/assets/dedup_workspaces/test0_transitive_apply_parallel/dataset/GRScenes_assets/cabinet/2719fec6af858bf8e5794a56847b5094/usd/2719fec6af858bf8e5794a56847b5094.usd
cabinet,2828fa602db9d25cf2c790c2020bf1c5,suspicious,0.008629,0.011330,90,blank;blank;blank;ok,/cpfs/user/zhuzihou/assets/dedup_workspaces/test0_transitive_apply_parallel/dataset/GRScenes_assets/cabinet/2828fa602db9d25cf2c790c2020bf1c5,/cpfs/user/zhuzihou/assets/dedup_workspaces/test0_transitive_apply_parallel/dataset/GRScenes_assets/cabinet/2828fa602db9d25cf2c790c2020bf1c5/usd/2828fa602db9d25cf2c790c2020bf1c5.usd
cabinet,2849d17097a00fe41dbfb48a6b51a44b,suspicious,0.053215,0.056313,122,tiny;ok;ok;ok,/cpfs/user/zhuzihou/assets/dedup_workspaces/test0_transitive_apply_parallel/dataset/GRScenes_assets/cabinet/2849d17097a00fe41dbfb48a6b51a44b,/cpfs/user/zhuzihou/assets/dedup_workspaces/test0_transitive_apply_parallel/dataset/GRScenes_assets/cabinet/2849d17097a00fe41dbfb48a6b51a44b/usd/2849d17097a00fe41dbfb48a6b51a44b.usd
cabinet,289f7cf757bb40632e27cf560ded05a6,suspicious,0.022091,0.046856,203,blank;blank;ok;ok,/cpfs/user/zhuzihou/assets/dedup_workspaces/test0_transitive_apply_parallel/dataset/GRScenes_assets/cabinet/289f7cf757bb40632e27cf560ded05a6,/cpfs/user/zhuzihou/assets/dedup_workspaces/test0_transitive_apply_parallel/dataset/GRScenes_assets/cabinet/289f7cf757bb40632e27cf560ded05a6/usd/289f7cf757bb40632e27cf560ded05a6.usd
cabinet,2927ae60154884b092d0ba1002b7baff,suspicious,0.036537,0.038712,172,blank;blank;ok;blank,/cpfs/user/zhuzihou/assets/dedup_workspaces/test0_transitive_apply_parallel/dataset/GRScenes_assets/cabinet/2927ae60154884b092d0ba1002b7baff,/cpfs/user/zhuzihou/assets/dedup_workspaces/test0_transitive_apply_parallel/dataset/GRScenes_assets/cabinet/2927ae60154884b092d0ba1002b7baff/usd/2927ae60154884b092d0ba1002b7baff.usd
cabinet,29660d9a74210a101ab805e3da1d8be6,suspicious,0.022449,0.029129,92,ok;ok;tiny;tiny,/cpfs/user/zhuzihou/assets/dedup_workspaces/test0_transitive_apply_parallel/dataset/GRScenes_assets/cabinet/29660d9a74210a101ab805e3da1d8be6,/cpfs/user/zhuzihou/assets/dedup_workspaces/test0_transitive_apply_parallel/dataset/GRScenes_assets/cabinet/29660d9a74210a101ab805e3da1d8be6/usd/29660d9a74210a101ab805e3da1d8be6.usd
cabinet,29e2d73ff42f1c1f80314ec09b3e0ded,suspicious,0.031403,0.046131,139,ok;ok;tiny;ok,/cpfs/user/zhuzihou/assets/dedup_workspaces/test0_transitive_apply_parallel/dataset/GRScenes_assets/cabinet/29e2d73ff42f1c1f80314ec09b3e0ded,/cpfs/user/zhuzihou/assets/dedup_workspaces/test0_transitive_apply_parallel/dataset/GRScenes_assets/cabinet/29e2d73ff42f1c1f80314ec09b3e0ded/usd/29e2d73ff42f1c1f80314ec09b3e0ded.usd
cabinet,2a3b8659899989ef9540cf5d04015ed1,suspicious,0.035740,0.036579,223,ok;blank;blank;tiny,/cpfs/user/zhuzihou/assets/dedup_workspaces/test0_transitive_apply_parallel/dataset/GRScenes_assets/cabinet/2a3b8659899989ef9540cf5d04015ed1,/cpfs/user/zhuzihou/assets/dedup_workspaces/test0_transitive_apply_parallel/dataset/GRScenes_assets/cabinet/2a3b8659899989ef9540cf5d04015ed1/usd/2a3b8659899989ef9540cf5d04015ed1.usd
cabinet,2c225336785b874223a736f99441e547,suspicious,0.024860,0.033737,132,blank;blank;blank;ok,/cpfs/user/zhuzihou/assets/dedup_workspaces/test0_transitive_apply_parallel/dataset/GRScenes_assets/cabinet/2c225336785b874223a736f99441e547,/cpfs/user/zhuzihou/assets/dedup_workspaces/test0_transitive_apply_parallel/dataset/GRScenes_assets/cabinet/2c225336785b874223a736f99441e547/usd/2c225336785b874223a736f99441e547.usd
cabinet,2cd8381a656b7ee08b00f85e5d427cd2,suspicious,0.057396,0.088501,185,blank;tiny;ok;ok,/cpfs/user/zhuzihou/assets/dedup_workspaces/test0_transitive_apply_parallel/dataset/GRScenes_assets/cabinet/2cd8381a656b7ee08b00f85e5d427cd2,/cpfs/user/zhuzihou/assets/dedup_workspaces/test0_transitive_apply_parallel/dataset/GRScenes_assets/cabinet/2cd8381a656b7ee08b00f85e5d427cd2/usd/2cd8381a656b7ee08b00f85e5d427cd2.usd
cabinet,2d7a430d61d143c157c48cd1bb9906eb,tiny,0.012054,0.013729,61,tiny;blank;blank;blank,/cpfs/user/zhuzihou/assets/dedup_workspaces/test0_transitive_apply_parallel/dataset/GRScenes_assets/cabinet/2d7a430d61d143c157c48cd1bb9906eb,/cpfs/user/zhuzihou/assets/dedup_workspaces/test0_transitive_apply_parallel/dataset/GRScenes_assets/cabinet/2d7a430d61d143c157c48cd1bb9906eb/usd/2d7a430d61d143c157c48cd1bb9906eb.usd
cabinet,2e03c4ba65695c067c157c8fc83a88a6,suspicious,0.010075,0.014099,96,ok;tiny;tiny;ok,/cpfs/user/zhuzihou/assets/dedup_workspaces/test0_transitive_apply_parallel/dataset/GRScenes_assets/cabinet/2e03c4ba65695c067c157c8fc83a88a6,/cpfs/user/zhuzihou/assets/dedup_workspaces/test0_transitive_apply_parallel/dataset/GRScenes_assets/cabinet/2e03c4ba65695c067c157c8fc83a88a6/usd/2e03c4ba65695c067c157c8fc83a88a6.usd
cabinet,2ed9edd34221c034f3835f97b1781350,tiny,0.005684,0.011482,70,tiny;blank;blank;blank,/cpfs/user/zhuzihou/assets/dedup_workspaces/test0_transitive_apply_parallel/dataset/GRScenes_assets/cabinet/2ed9edd34221c034f3835f97b1781350,/cpfs/user/zhuzihou/assets/dedup_workspaces/test0_transitive_apply_parallel/dataset/GRScenes_assets/cabinet/2ed9edd34221c034f3835f97b1781350/usd/2ed9edd34221c034f3835f97b1781350.usd
cabinet,2f879eed3493f998cab1131945feee62,tiny,0.003056,0.005798,80,tiny;blank;blank;blank,/cpfs/user/zhuzihou/assets/dedup_workspaces/test0_transitive_apply_parallel/dataset/GRScenes_assets/cabinet/2f879eed3493f998cab1131945feee62,/cpfs/user/zhuzihou/assets/dedup_workspaces/test0_transitive_apply_parallel/dataset/GRScenes_assets/cabinet/2f879eed3493f998cab1131945feee62/usd/2f879eed3493f998cab1131945feee62.usd
cabinet,306a16dccd08838e615c565e1c9ee0e6,tiny,0.003090,0.008633,73,blank;blank;tiny;blank,/cpfs/user/zhuzihou/assets/dedup_workspaces/test0_transitive_apply_parallel/dataset/GRScenes_assets/cabinet/306a16dccd08838e615c565e1c9ee0e6,/cpfs/user/zhuzihou/assets/dedup_workspaces/test0_transitive_apply_parallel/dataset/GRScenes_assets/cabinet/306a16dccd08838e615c565e1c9ee0e6/usd/306a16dccd08838e615c565e1c9ee0e6.usd
cabinet,30faadee3b47e93a7a3a091393e7d9d8,suspicious,0.041050,0.048798,123,ok;ok;tiny;tiny,/cpfs/user/zhuzihou/assets/dedup_workspaces/test0_transitive_apply_parallel/dataset/GRScenes_assets/cabinet/30faadee3b47e93a7a3a091393e7d9d8,/cpfs/user/zhuzihou/assets/dedup_workspaces/test0_transitive_apply_parallel/dataset/GRScenes_assets/cabinet/30faadee3b47e93a7a3a091393e7d9d8/usd/30faadee3b47e93a7a3a091393e7d9d8.usd
cabinet,31cf276d9ec090be5280262246ff552d,suspicious,0.015549,0.037827,153,ok;tiny;ok;ok,/cpfs/user/zhuzihou/assets/dedup_workspaces/test0_transitive_apply_parallel/dataset/GRScenes_assets/cabinet/31cf276d9ec090be5280262246ff552d,/cpfs/user/zhuzihou/assets/dedup_workspaces/test0_transitive_apply_parallel/dataset/GRScenes_assets/cabinet/31cf276d9ec090be5280262246ff552d/usd/31cf276d9ec090be5280262246ff552d.usd
cabinet,3205cac2de0b8b9389da658f0fb44db6,suspicious,0.032017,0.054466,121,blank;ok;ok;blank,/cpfs/user/zhuzihou/assets/dedup_workspaces/test0_transitive_apply_parallel/dataset/GRScenes_assets/cabinet/3205cac2de0b8b9389da658f0fb44db6,/cpfs/user/zhuzihou/assets/dedup_workspaces/test0_transitive_apply_parallel/dataset/GRScenes_assets/cabinet/3205cac2de0b8b9389da658f0fb44db6/usd/3205cac2de0b8b9389da658f0fb44db6.usd
cabinet,320d837652cbcd6a13d8e95775c92cb0,suspicious,0.045380,0.066902,237,blank;ok;tiny;blank,/cpfs/user/zhuzihou/assets/dedup_workspaces/test0_transitive_apply_parallel/dataset/GRScenes_assets/cabinet/320d837652cbcd6a13d8e95775c92cb0,/cpfs/user/zhuzihou/assets/dedup_workspaces/test0_transitive_apply_parallel/dataset/GRScenes_assets/cabinet/320d837652cbcd6a13d8e95775c92cb0/usd/320d837652cbcd6a13d8e95775c92cb0.usd
cabinet,330653788da4c1735a7b1116d0b38273,suspicious,0.034634,0.052818,191,blank;blank;ok;ok,/cpfs/user/zhuzihou/assets/dedup_workspaces/test0_transitive_apply_parallel/dataset/GRScenes_assets/cabinet/330653788da4c1735a7b1116d0b38273,/cpfs/user/zhuzihou/assets/dedup_workspaces/test0_transitive_apply_parallel/dataset/GRScenes_assets/cabinet/330653788da4c1735a7b1116d0b38273/usd/330653788da4c1735a7b1116d0b38273.usd
cabinet,333ebfad53461e55892c39e3c95a5d92,suspicious,0.082298,0.118423,205,ok;ok;blank;blank,/cpfs/user/zhuzihou/assets/dedup_workspaces/test0_transitive_apply_parallel/dataset/GRScenes_assets/cabinet/333ebfad53461e55892c39e3c95a5d92,/cpfs/user/zhuzihou/assets/dedup_workspaces/test0_transitive_apply_parallel/dataset/GRScenes_assets/cabinet/333ebfad53461e55892c39e3c95a5d92/usd/333ebfad53461e55892c39e3c95a5d92.usd
cabinet,3399337a68a2bb41b4f4ebc20590fd94,blank,0.000000,0.000000,0,blank;blank;blank;blank,/cpfs/user/zhuzihou/assets/dedup_workspaces/test0_transitive_apply_parallel/dataset/GRScenes_assets/cabinet/3399337a68a2bb41b4f4ebc20590fd94,/cpfs/user/zhuzihou/assets/dedup_workspaces/test0_transitive_apply_parallel/dataset/GRScenes_assets/cabinet/3399337a68a2bb41b4f4ebc20590fd94/usd/3399337a68a2bb41b4f4ebc20590fd94.usd
cabinet,34347451d4ef792f7cd8bf986d2572e6,blank,0.000923,0.001923,36,blank;blank;blank;blank,/cpfs/user/zhuzihou/assets/dedup_workspaces/test0_transitive_apply_parallel/dataset/GRScenes_assets/cabinet/34347451d4ef792f7cd8bf986d2572e6,/cpfs/user/zhuzihou/assets/dedup_workspaces/test0_transitive_apply_parallel/dataset/GRScenes_assets/cabinet/34347451d4ef792f7cd8bf986d2572e6/usd/34347451d4ef792f7cd8bf986d2572e6.usd
cabinet,345d7853eaf791f7194fcc9ba63bda58,suspicious,0.028664,0.074074,266,ok;ok;blank;blank,/cpfs/user/zhuzihou/assets/dedup_workspaces/test0_transitive_apply_parallel/dataset/GRScenes_assets/cabinet/345d7853eaf791f7194fcc9ba63bda58,/cpfs/user/zhuzihou/assets/dedup_workspaces/test0_transitive_apply_parallel/dataset/GRScenes_assets/cabinet/345d7853eaf791f7194fcc9ba63bda58/usd/345d7853eaf791f7194fcc9ba63bda58.usd
cabinet,358ca6d421fd6822922f594204dade8e,suspicious,0.056686,0.058716,208,ok;blank;blank;blank,/cpfs/user/zhuzihou/assets/dedup_workspaces/test0_transitive_apply_parallel/dataset/GRScenes_assets/cabinet/358ca6d421fd6822922f594204dade8e,/cpfs/user/zhuzihou/assets/dedup_workspaces/test0_transitive_apply_parallel/dataset/GRScenes_assets/cabinet/358ca6d421fd6822922f594204dade8e/usd/358ca6d421fd6822922f594204dade8e.usd
cabinet,3590b3ac91a1a2a050aa77e3aa79e1f5,suspicious,0.046158,0.071617,158,ok;ok;ok;tiny,/cpfs/user/zhuzihou/assets/dedup_workspaces/test0_transitive_apply_parallel/dataset/GRScenes_assets/cabinet/3590b3ac91a1a2a050aa77e3aa79e1f5,/cpfs/user/zhuzihou/assets/dedup_workspaces/test0_transitive_apply_parallel/dataset/GRScenes_assets/cabinet/3590b3ac91a1a2a050aa77e3aa79e1f5/usd/3590b3ac91a1a2a050aa77e3aa79e1f5.usd
cabinet,365155e8781d53f97be5426f5518638e,blank,0.000000,0.000000,0,blank;blank;blank;blank,/cpfs/user/zhuzihou/assets/dedup_workspaces/test0_transitive_apply_parallel/dataset/GRScenes_assets/cabinet/365155e8781d53f97be5426f5518638e,/cpfs/user/zhuzihou/assets/dedup_workspaces/test0_transitive_apply_parallel/dataset/GRScenes_assets/cabinet/365155e8781d53f97be5426f5518638e/usd/365155e8781d53f97be5426f5518638e.usd
cabinet,366ae4d8f4f6b070335be67b5ca08981,suspicious,0.075493,0.080544,207,blank;ok;ok;blank,/cpfs/user/zhuzihou/assets/dedup_workspaces/test0_transitive_apply_parallel/dataset/GRScenes_assets/cabinet/366ae4d8f4f6b070335be67b5ca08981,/cpfs/user/zhuzihou/assets/dedup_workspaces/test0_transitive_apply_parallel/dataset/GRScenes_assets/cabinet/366ae4d8f4f6b070335be67b5ca08981/usd/366ae4d8f4f6b070335be67b5ca08981.usd
cabinet,36784bfb585bdb14174f19549409978f,tiny,0.003811,0.005222,37,blank;blank;blank;tiny,/cpfs/user/zhuzihou/assets/dedup_workspaces/test0_transitive_apply_parallel/dataset/GRScenes_assets/cabinet/36784bfb585bdb14174f19549409978f,/cpfs/user/zhuzihou/assets/dedup_workspaces/test0_transitive_apply_parallel/dataset/GRScenes_assets/cabinet/36784bfb585bdb14174f19549409978f/usd/36784bfb585bdb14174f19549409978f.usd
cabinet,3739961fe049430a06d1633ae74f2200,suspicious,0.119160,0.155518,301,blank;tiny;ok;ok,/cpfs/user/zhuzihou/assets/dedup_workspaces/test0_transitive_apply_parallel/dataset/GRScenes_assets/cabinet/3739961fe049430a06d1633ae74f2200,/cpfs/user/zhuzihou/assets/dedup_workspaces/test0_transitive_apply_parallel/dataset/GRScenes_assets/cabinet/3739961fe049430a06d1633ae74f2200/usd/3739961fe049430a06d1633ae74f2200.usd
cabinet,37cfc6e575f3358b95af84d6bd8a0c49,suspicious,0.030186,0.033875,150,ok;ok;tiny;ok,/cpfs/user/zhuzihou/assets/dedup_workspaces/test0_transitive_apply_parallel/dataset/GRScenes_assets/cabinet/37cfc6e575f3358b95af84d6bd8a0c49,/cpfs/user/zhuzihou/assets/dedup_workspaces/test0_transitive_apply_parallel/dataset/GRScenes_assets/cabinet/37cfc6e575f3358b95af84d6bd8a0c49/usd/37cfc6e575f3358b95af84d6bd8a0c49.usd
cabinet,37d2d404897fa2ae3492c3ca5bb403c6,suspicious,0.045174,0.051865,132,ok;blank;blank;blank,/cpfs/user/zhuzihou/assets/dedup_workspaces/test0_transitive_apply_parallel/dataset/GRScenes_assets/cabinet/37d2d404897fa2ae3492c3ca5bb403c6,/cpfs/user/zhuzihou/assets/dedup_workspaces/test0_transitive_apply_parallel/dataset/GRScenes_assets/cabinet/37d2d404897fa2ae3492c3ca5bb403c6/usd/37d2d404897fa2ae3492c3ca5bb403c6.usd
cabinet,3802c64f1d64d6b6e70831b2be69a863,suspicious,0.030991,0.033791,103,tiny;ok;ok;ok,/cpfs/user/zhuzihou/assets/dedup_workspaces/test0_transitive_apply_parallel/dataset/GRScenes_assets/cabinet/3802c64f1d64d6b6e70831b2be69a863,/cpfs/user/zhuzihou/assets/dedup_workspaces/test0_transitive_apply_parallel/dataset/GRScenes_assets/cabinet/3802c64f1d64d6b6e70831b2be69a863/usd/3802c64f1d64d6b6e70831b2be69a863.usd
cabinet,39f140c49c1d7f5d53d1c1375f84b6f1,suspicious,0.022366,0.032478,129,blank;blank;blank;ok,/cpfs/user/zhuzihou/assets/dedup_workspaces/test0_transitive_apply_parallel/dataset/GRScenes_assets/cabinet/39f140c49c1d7f5d53d1c1375f84b6f1,/cpfs/user/zhuzihou/assets/dedup_workspaces/test0_transitive_apply_parallel/dataset/GRScenes_assets/cabinet/39f140c49c1d7f5d53d1c1375f84b6f1/usd/39f140c49c1d7f5d53d1c1375f84b6f1.usd
cabinet,3a0d2a8e5ae7e4ad9623d478712760ac,tiny,0.001251,0.001511,36,blank;blank;blank;tiny,/cpfs/user/zhuzihou/assets/dedup_workspaces/test0_transitive_apply_parallel/dataset/GRScenes_assets/cabinet/3a0d2a8e5ae7e4ad9623d478712760ac,/cpfs/user/zhuzihou/assets/dedup_workspaces/test0_transitive_apply_parallel/dataset/GRScenes_assets/cabinet/3a0d2a8e5ae7e4ad9623d478712760ac/usd/3a0d2a8e5ae7e4ad9623d478712760ac.usd
cabinet,3ba8d167d2fa00b09d0420f05b9798d4,suspicious,0.056576,0.070953,150,ok;ok;tiny;ok,/cpfs/user/zhuzihou/assets/dedup_workspaces/test0_transitive_apply_parallel/dataset/GRScenes_assets/cabinet/3ba8d167d2fa00b09d0420f05b9798d4,/cpfs/user/zhuzihou/assets/dedup_workspaces/test0_transitive_apply_parallel/dataset/GRScenes_assets/cabinet/3ba8d167d2fa00b09d0420f05b9798d4/usd/3ba8d167d2fa00b09d0420f05b9798d4.usd
cabinet,3c94d0de0b7c394efebe230badc88d39,suspicious,0.038124,0.045982,147,ok;ok;tiny;ok,/cpfs/user/zhuzihou/assets/dedup_workspaces/test0_transitive_apply_parallel/dataset/GRScenes_assets/cabinet/3c94d0de0b7c394efebe230badc88d39,/cpfs/user/zhuzihou/assets/dedup_workspaces/test0_transitive_apply_parallel/dataset/GRScenes_assets/cabinet/3c94d0de0b7c394efebe230badc88d39/usd/3c94d0de0b7c394efebe230badc88d39.usd
cabinet,3d04a7ca1204a5a32263418847780fe0,suspicious,0.028294,0.042648,130,blank;blank;blank;ok,/cpfs/user/zhuzihou/assets/dedup_workspaces/test0_transitive_apply_parallel/dataset/GRScenes_assets/cabinet/3d04a7ca1204a5a32263418847780fe0,/cpfs/user/zhuzihou/assets/dedup_workspaces/test0_transitive_apply_parallel/dataset/GRScenes_assets/cabinet/3d04a7ca1204a5a32263418847780fe0/usd/3d04a7ca1204a5a32263418847780fe0.usd
cabinet,3d949263ad639a1094ddef51244d9919,suspicious,0.014713,0.016960,117,blank;ok;blank;blank,/cpfs/user/zhuzihou/assets/dedup_workspaces/test0_transitive_apply_parallel/dataset/GRScenes_assets/cabinet/3d949263ad639a1094ddef51244d9919,/cpfs/user/zhuzihou/assets/dedup_workspaces/test0_transitive_apply_parallel/dataset/GRScenes_assets/cabinet/3d949263ad639a1094ddef51244d9919/usd/3d949263ad639a1094ddef51244d9919.usd
cabinet,3df3a72f92c2bf76681d516fb4bf12e0,suspicious,0.018742,0.028370,111,blank;ok;tiny;blank,/cpfs/user/zhuzihou/assets/dedup_workspaces/test0_transitive_apply_parallel/dataset/GRScenes_assets/cabinet/3df3a72f92c2bf76681d516fb4bf12e0,/cpfs/user/zhuzihou/assets/dedup_workspaces/test0_transitive_apply_parallel/dataset/GRScenes_assets/cabinet/3df3a72f92c2bf76681d516fb4bf12e0/usd/3df3a72f92c2bf76681d516fb4bf12e0.usd
cabinet,3ebe92095d03caa7e448548eb425f1b5,suspicious,0.022160,0.025917,96,tiny;tiny;ok;ok,/cpfs/user/zhuzihou/assets/dedup_workspaces/test0_transitive_apply_parallel/dataset/GRScenes_assets/cabinet/3ebe92095d03caa7e448548eb425f1b5,/cpfs/user/zhuzihou/assets/dedup_workspaces/test0_transitive_apply_parallel/dataset/GRScenes_assets/cabinet/3ebe92095d03caa7e448548eb425f1b5/usd/3ebe92095d03caa7e448548eb425f1b5.usd
cabinet,3ed4d0d3a5b72765f72a6b841f91b788,suspicious,0.017277,0.024193,151,blank;ok;blank;blank,/cpfs/user/zhuzihou/assets/dedup_workspaces/test0_transitive_apply_parallel/dataset/GRScenes_assets/cabinet/3ed4d0d3a5b72765f72a6b841f91b788,/cpfs/user/zhuzihou/assets/dedup_workspaces/test0_transitive_apply_parallel/dataset/GRScenes_assets/cabinet/3ed4d0d3a5b72765f72a6b841f91b788/usd/3ed4d0d3a5b72765f72a6b841f91b788.usd
cabinet,3f0fc581fa26e88fc4246c8829416a20,suspicious,0.032963,0.034367,143,ok;blank;blank;blank,/cpfs/user/zhuzihou/assets/dedup_workspaces/test0_transitive_apply_parallel/dataset/GRScenes_assets/cabinet/3f0fc581fa26e88fc4246c8829416a20,/cpfs/user/zhuzihou/assets/dedup_workspaces/test0_transitive_apply_parallel/dataset/GRScenes_assets/cabinet/3f0fc581fa26e88fc4246c8829416a20/usd/3f0fc581fa26e88fc4246c8829416a20.usd
cabinet,3fde18efccfa4108399e82a8e6e01808,suspicious,0.015545,0.038338,153,ok;tiny;ok;ok,/cpfs/user/zhuzihou/assets/dedup_workspaces/test0_transitive_apply_parallel/dataset/GRScenes_assets/cabinet/3fde18efccfa4108399e82a8e6e01808,/cpfs/user/zhuzihou/assets/dedup_workspaces/test0_transitive_apply_parallel/dataset/GRScenes_assets/cabinet/3fde18efccfa4108399e82a8e6e01808/usd/3fde18efccfa4108399e82a8e6e01808.usd
cabinet,400d3b28ac9004dbb1f1f1a1b24a1d6a,suspicious,0.023720,0.030441,95,tiny;tiny;ok;ok,/cpfs/user/zhuzihou/assets/dedup_workspaces/test0_transitive_apply_parallel/dataset/GRScenes_assets/cabinet/400d3b28ac9004dbb1f1f1a1b24a1d6a,/cpfs/user/zhuzihou/assets/dedup_workspaces/test0_transitive_apply_parallel/dataset/GRScenes_assets/cabinet/400d3b28ac9004dbb1f1f1a1b24a1d6a/usd/400d3b28ac9004dbb1f1f1a1b24a1d6a.usd
cabinet,4024e7c184bfb63c07b5a83a4890a3db,suspicious,0.011940,0.015869,104,blank;blank;blank;ok,/cpfs/user/zhuzihou/assets/dedup_workspaces/test0_transitive_apply_parallel/dataset/GRScenes_assets/cabinet/4024e7c184bfb63c07b5a83a4890a3db,/cpfs/user/zhuzihou/assets/dedup_workspaces/test0_transitive_apply_parallel/dataset/GRScenes_assets/cabinet/4024e7c184bfb63c07b5a83a4890a3db/usd/4024e7c184bfb63c07b5a83a4890a3db.usd
cabinet,412b7eea49bbaed63c5229c120138440,suspicious,0.033684,0.042320,129,tiny;ok;ok;ok,/cpfs/user/zhuzihou/assets/dedup_workspaces/test0_transitive_apply_parallel/dataset/GRScenes_assets/cabinet/412b7eea49bbaed63c5229c120138440,/cpfs/user/zhuzihou/assets/dedup_workspaces/test0_transitive_apply_parallel/dataset/GRScenes_assets/cabinet/412b7eea49bbaed63c5229c120138440/usd/412b7eea49bbaed63c5229c120138440.usd
cabinet,42099dca9f26baff5818bafdf6143072,suspicious,0.028713,0.037838,124,ok;ok;tiny;ok,/cpfs/user/zhuzihou/assets/dedup_workspaces/test0_transitive_apply_parallel/dataset/GRScenes_assets/cabinet/42099dca9f26baff5818bafdf6143072,/cpfs/user/zhuzihou/assets/dedup_workspaces/test0_transitive_apply_parallel/dataset/GRScenes_assets/cabinet/42099dca9f26baff5818bafdf6143072/usd/42099dca9f26baff5818bafdf6143072.usd
cabinet,442535610c5f7cdf826acdc6765e9fd3,suspicious,0.008030,0.019684,215,blank;ok;ok;blank,/cpfs/user/zhuzihou/assets/dedup_workspaces/test0_transitive_apply_parallel/dataset/GRScenes_assets/cabinet/442535610c5f7cdf826acdc6765e9fd3,/cpfs/user/zhuzihou/assets/dedup_workspaces/test0_transitive_apply_parallel/dataset/GRScenes_assets/cabinet/442535610c5f7cdf826acdc6765e9fd3/usd/442535610c5f7cdf826acdc6765e9fd3.usd
cabinet,4441e4614b32447ba28d5d9bc67f0390,blank,0.000000,0.000000,0,blank;blank;blank;blank,/cpfs/user/zhuzihou/assets/dedup_workspaces/test0_transitive_apply_parallel/dataset/GRScenes_assets/cabinet/4441e4614b32447ba28d5d9bc67f0390,/cpfs/user/zhuzihou/assets/dedup_workspaces/test0_transitive_apply_parallel/dataset/GRScenes_assets/cabinet/4441e4614b32447ba28d5d9bc67f0390/usd/4441e4614b32447ba28d5d9bc67f0390.usd
cabinet,4495369058344367373718d9a27f5d4b,suspicious,0.050732,0.081596,186,ok;blank;blank;ok,/cpfs/user/zhuzihou/assets/dedup_workspaces/test0_transitive_apply_parallel/dataset/GRScenes_assets/cabinet/4495369058344367373718d9a27f5d4b,/cpfs/user/zhuzihou/assets/dedup_workspaces/test0_transitive_apply_parallel/dataset/GRScenes_assets/cabinet/4495369058344367373718d9a27f5d4b/usd/4495369058344367373718d9a27f5d4b.usd
cabinet,44bb282febf69ed6b92b6a239d306d69,blank,0.000038,0.000053,7,blank;blank;blank;blank,/cpfs/user/zhuzihou/assets/dedup_workspaces/test0_transitive_apply_parallel/dataset/GRScenes_assets/cabinet/44bb282febf69ed6b92b6a239d306d69,/cpfs/user/zhuzihou/assets/dedup_workspaces/test0_transitive_apply_parallel/dataset/GRScenes_assets/cabinet/44bb282febf69ed6b92b6a239d306d69/usd/44bb282febf69ed6b92b6a239d306d69.usd
cabinet,46f0865f80677d8cfa43d88816727556,blank,0.000797,0.001217,29,blank;blank;blank;blank,/cpfs/user/zhuzihou/assets/dedup_workspaces/test0_transitive_apply_parallel/dataset/GRScenes_assets/cabinet/46f0865f80677d8cfa43d88816727556,/cpfs/user/zhuzihou/assets/dedup_workspaces/test0_transitive_apply_parallel/dataset/GRScenes_assets/cabinet/46f0865f80677d8cfa43d88816727556/usd/46f0865f80677d8cfa43d88816727556.usd
cabinet,473705d38572b15b7f0f5ea83cfe94c0,suspicious,0.039883,0.042675,113,ok;blank;blank;blank,/cpfs/user/zhuzihou/assets/dedup_workspaces/test0_transitive_apply_parallel/dataset/GRScenes_assets/cabinet/473705d38572b15b7f0f5ea83cfe94c0,/cpfs/user/zhuzihou/assets/dedup_workspaces/test0_transitive_apply_parallel/dataset/GRScenes_assets/cabinet/473705d38572b15b7f0f5ea83cfe94c0/usd/473705d38572b15b7f0f5ea83cfe94c0.usd
cabinet,475808e6907722a0034197b378d841b8,suspicious,0.044304,0.046173,178,ok;blank;blank;tiny,/cpfs/user/zhuzihou/assets/dedup_workspaces/test0_transitive_apply_parallel/dataset/GRScenes_assets/cabinet/475808e6907722a0034197b378d841b8,/cpfs/user/zhuzihou/assets/dedup_workspaces/test0_transitive_apply_parallel/dataset/GRScenes_assets/cabinet/475808e6907722a0034197b378d841b8/usd/475808e6907722a0034197b378d841b8.usd
cabinet,475d109c4664221d89fe6b4dfbf522e9,suspicious,0.025841,0.031776,119,ok;blank;blank;blank,/cpfs/user/zhuzihou/assets/dedup_workspaces/test0_transitive_apply_parallel/dataset/GRScenes_assets/cabinet/475d109c4664221d89fe6b4dfbf522e9,/cpfs/user/zhuzihou/assets/dedup_workspaces/test0_transitive_apply_parallel/dataset/GRScenes_assets/cabinet/475d109c4664221d89fe6b4dfbf522e9/usd/475d109c4664221d89fe6b4dfbf522e9.usd
cabinet,47941c7024fa028b002292df4e0231d4,suspicious,0.010910,0.011944,101,blank;blank;blank;ok,/cpfs/user/zhuzihou/assets/dedup_workspaces/test0_transitive_apply_parallel/dataset/GRScenes_assets/cabinet/47941c7024fa028b002292df4e0231d4,/cpfs/user/zhuzihou/assets/dedup_workspaces/test0_transitive_apply_parallel/dataset/GRScenes_assets/cabinet/47941c7024fa028b002292df4e0231d4/usd/47941c7024fa028b002292df4e0231d4.usd
cabinet,4866619352707772cd8a6b51d67b0505,tiny,0.011501,0.018402,72,blank;blank;tiny;blank,/cpfs/user/zhuzihou/assets/dedup_workspaces/test0_transitive_apply_parallel/dataset/GRScenes_assets/cabinet/4866619352707772cd8a6b51d67b0505,/cpfs/user/zhuzihou/assets/dedup_workspaces/test0_transitive_apply_parallel/dataset/GRScenes_assets/cabinet/4866619352707772cd8a6b51d67b0505/usd/4866619352707772cd8a6b51d67b0505.usd
cabinet,4897357b4acc5df302ae8dcdf3fb12bd,suspicious,0.032143,0.039577,125,ok;ok;tiny;tiny,/cpfs/user/zhuzihou/assets/dedup_workspaces/test0_transitive_apply_parallel/dataset/GRScenes_assets/cabinet/4897357b4acc5df302ae8dcdf3fb12bd,/cpfs/user/zhuzihou/assets/dedup_workspaces/test0_transitive_apply_parallel/dataset/GRScenes_assets/cabinet/4897357b4acc5df302ae8dcdf3fb12bd/usd/4897357b4acc5df302ae8dcdf3fb12bd.usd
cabinet,48f2a02ecd8c2ca0da7cf03310a7fe76,suspicious,0.038086,0.043259,174,ok;ok;blank;blank,/cpfs/user/zhuzihou/assets/dedup_workspaces/test0_transitive_apply_parallel/dataset/GRScenes_assets/cabinet/48f2a02ecd8c2ca0da7cf03310a7fe76,/cpfs/user/zhuzihou/assets/dedup_workspaces/test0_transitive_apply_parallel/dataset/GRScenes_assets/cabinet/48f2a02ecd8c2ca0da7cf03310a7fe76/usd/48f2a02ecd8c2ca0da7cf03310a7fe76.usd
cabinet,4932633b756863150ebe85421dc429f8,blank,0.000000,0.000000,0,blank;blank;blank;blank,/cpfs/user/zhuzihou/assets/dedup_workspaces/test0_transitive_apply_parallel/dataset/GRScenes_assets/cabinet/4932633b756863150ebe85421dc429f8,/cpfs/user/zhuzihou/assets/dedup_workspaces/test0_transitive_apply_parallel/dataset/GRScenes_assets/cabinet/4932633b756863150ebe85421dc429f8/usd/4932633b756863150ebe85421dc429f8.usd
cabinet,4a160695503292c2a05b2c733abe7249,blank,0.000000,0.000000,0,blank;blank;blank;blank,/cpfs/user/zhuzihou/assets/dedup_workspaces/test0_transitive_apply_parallel/dataset/GRScenes_assets/cabinet/4a160695503292c2a05b2c733abe7249,/cpfs/user/zhuzihou/assets/dedup_workspaces/test0_transitive_apply_parallel/dataset/GRScenes_assets/cabinet/4a160695503292c2a05b2c733abe7249/usd/4a160695503292c2a05b2c733abe7249.usd
cabinet,4a232b97e377ca7c898f8ea2ac4a444f,suspicious,0.034599,0.036667,108,ok;blank;blank;blank,/cpfs/user/zhuzihou/assets/dedup_workspaces/test0_transitive_apply_parallel/dataset/GRScenes_assets/cabinet/4a232b97e377ca7c898f8ea2ac4a444f,/cpfs/user/zhuzihou/assets/dedup_workspaces/test0_transitive_apply_parallel/dataset/GRScenes_assets/cabinet/4a232b97e377ca7c898f8ea2ac4a444f/usd/4a232b97e377ca7c898f8ea2ac4a444f.usd
cabinet,4a6a9fddaab9c36253eeba9676ff21a1,suspicious,0.035622,0.040615,117,tiny;tiny;ok;ok,/cpfs/user/zhuzihou/assets/dedup_workspaces/test0_transitive_apply_parallel/dataset/GRScenes_assets/cabinet/4a6a9fddaab9c36253eeba9676ff21a1,/cpfs/user/zhuzihou/assets/dedup_workspaces/test0_transitive_apply_parallel/dataset/GRScenes_assets/cabinet/4a6a9fddaab9c36253eeba9676ff21a1/usd/4a6a9fddaab9c36253eeba9676ff21a1.usd
cabinet,4b2ac11138608cc2dbf5b8922905c4ea,suspicious,0.025093,0.029182,90,tiny;tiny;tiny;ok,/cpfs/user/zhuzihou/assets/dedup_workspaces/test0_transitive_apply_parallel/dataset/GRScenes_assets/cabinet/4b2ac11138608cc2dbf5b8922905c4ea,/cpfs/user/zhuzihou/assets/dedup_workspaces/test0_transitive_apply_parallel/dataset/GRScenes_assets/cabinet/4b2ac11138608cc2dbf5b8922905c4ea/usd/4b2ac11138608cc2dbf5b8922905c4ea.usd
cabinet,4b2ade4221cfba0b32f70ef5686852fb,tiny,0.002625,0.003296,32,tiny;blank;blank;blank,/cpfs/user/zhuzihou/assets/dedup_workspaces/test0_transitive_apply_parallel/dataset/GRScenes_assets/cabinet/4b2ade4221cfba0b32f70ef5686852fb,/cpfs/user/zhuzihou/assets/dedup_workspaces/test0_transitive_apply_parallel/dataset/GRScenes_assets/cabinet/4b2ade4221cfba0b32f70ef5686852fb/usd/4b2ade4221cfba0b32f70ef5686852fb.usd
cabinet,4b7b6a6d27f5e3f48f4462424ec81c06,blank,0.000000,0.000000,0,blank;blank;blank;blank,/cpfs/user/zhuzihou/assets/dedup_workspaces/test0_transitive_apply_parallel/dataset/GRScenes_assets/cabinet/4b7b6a6d27f5e3f48f4462424ec81c06,/cpfs/user/zhuzihou/assets/dedup_workspaces/test0_transitive_apply_parallel/dataset/GRScenes_assets/cabinet/4b7b6a6d27f5e3f48f4462424ec81c06/usd/4b7b6a6d27f5e3f48f4462424ec81c06.usd
cabinet,4b91c6faae84a7e098e62adc21b3bbfc,suspicious,0.014080,0.016357,84,blank;ok;tiny;blank,/cpfs/user/zhuzihou/assets/dedup_workspaces/test0_transitive_apply_parallel/dataset/GRScenes_assets/cabinet/4b91c6faae84a7e098e62adc21b3bbfc,/cpfs/user/zhuzihou/assets/dedup_workspaces/test0_transitive_apply_parallel/dataset/GRScenes_assets/cabinet/4b91c6faae84a7e098e62adc21b3bbfc/usd/4b91c6faae84a7e098e62adc21b3bbfc.usd
cabinet,4baf693fedb8de30793030ccf3f5f3c6,suspicious,0.070938,0.127647,227,blank;ok;ok;blank,/cpfs/user/zhuzihou/assets/dedup_workspaces/test0_transitive_apply_parallel/dataset/GRScenes_assets/cabinet/4baf693fedb8de30793030ccf3f5f3c6,/cpfs/user/zhuzihou/assets/dedup_workspaces/test0_transitive_apply_parallel/dataset/GRScenes_assets/cabinet/4baf693fedb8de30793030ccf3f5f3c6/usd/4baf693fedb8de30793030ccf3f5f3c6.usd
cabinet,4bcad78496f5cbb5c608b3d922c765c2,suspicious,0.009880,0.012711,119,blank;ok;blank;blank,/cpfs/user/zhuzihou/assets/dedup_workspaces/test0_transitive_apply_parallel/dataset/GRScenes_assets/cabinet/4bcad78496f5cbb5c608b3d922c765c2,/cpfs/user/zhuzihou/assets/dedup_workspaces/test0_transitive_apply_parallel/dataset/GRScenes_assets/cabinet/4bcad78496f5cbb5c608b3d922c765c2/usd/4bcad78496f5cbb5c608b3d922c765c2.usd
cabinet,4c482f4c32887985a807ee43ba1c3484,tiny,0.001324,0.001545,27,blank;blank;blank;tiny,/cpfs/user/zhuzihou/assets/dedup_workspaces/test0_transitive_apply_parallel/dataset/GRScenes_assets/cabinet/4c482f4c32887985a807ee43ba1c3484,/cpfs/user/zhuzihou/assets/dedup_workspaces/test0_transitive_apply_parallel/dataset/GRScenes_assets/cabinet/4c482f4c32887985a807ee43ba1c3484/usd/4c482f4c32887985a807ee43ba1c3484.usd
cabinet,4d1f3994d2f1a7c18c8a397a7d032a07,suspicious,0.024948,0.055752,185,ok;blank;blank;ok,/cpfs/user/zhuzihou/assets/dedup_workspaces/test0_transitive_apply_parallel/dataset/GRScenes_assets/cabinet/4d1f3994d2f1a7c18c8a397a7d032a07,/cpfs/user/zhuzihou/assets/dedup_workspaces/test0_transitive_apply_parallel/dataset/GRScenes_assets/cabinet/4d1f3994d2f1a7c18c8a397a7d032a07/usd/4d1f3994d2f1a7c18c8a397a7d032a07.usd
cabinet,4d9a7c8e3b34305522b39b42809c8287,suspicious,0.032387,0.040031,112,ok;ok;tiny;ok,/cpfs/user/zhuzihou/assets/dedup_workspaces/test0_transitive_apply_parallel/dataset/GRScenes_assets/cabinet/4d9a7c8e3b34305522b39b42809c8287,/cpfs/user/zhuzihou/assets/dedup_workspaces/test0_transitive_apply_parallel/dataset/GRScenes_assets/cabinet/4d9a7c8e3b34305522b39b42809c8287/usd/4d9a7c8e3b34305522b39b42809c8287.usd
cabinet,4e0ee4a85af95cb231da939fe9cbf70d,suspicious,0.007210,0.007622,222,ok;blank;blank;blank,/cpfs/user/zhuzihou/assets/dedup_workspaces/test0_transitive_apply_parallel/dataset/GRScenes_assets/cabinet/4e0ee4a85af95cb231da939fe9cbf70d,/cpfs/user/zhuzihou/assets/dedup_workspaces/test0_transitive_apply_parallel/dataset/GRScenes_assets/cabinet/4e0ee4a85af95cb231da939fe9cbf70d/usd/4e0ee4a85af95cb231da939fe9cbf70d.usd
cabinet,4f0a16cb0f8384b8723364b11db11747,suspicious,0.043713,0.079453,169,ok;ok;tiny;ok,/cpfs/user/zhuzihou/assets/dedup_workspaces/test0_transitive_apply_parallel/dataset/GRScenes_assets/cabinet/4f0a16cb0f8384b8723364b11db11747,/cpfs/user/zhuzihou/assets/dedup_workspaces/test0_transitive_apply_parallel/dataset/GRScenes_assets/cabinet/4f0a16cb0f8384b8723364b11db11747/usd/4f0a16cb0f8384b8723364b11db11747.usd
cabinet,4f37dfb50ae24931a809bf64aead3ce9,suspicious,0.011097,0.021896,82,blank;blank;tiny;ok,/cpfs/user/zhuzihou/assets/dedup_workspaces/test0_transitive_apply_parallel/dataset/GRScenes_assets/cabinet/4f37dfb50ae24931a809bf64aead3ce9,/cpfs/user/zhuzihou/assets/dedup_workspaces/test0_transitive_apply_parallel/dataset/GRScenes_assets/cabinet/4f37dfb50ae24931a809bf64aead3ce9/usd/4f37dfb50ae24931a809bf64aead3ce9.usd
cabinet,4fd1506876449e5242502efdb37a0d66,suspicious,0.018566,0.019836,130,ok;blank;blank;blank,/cpfs/user/zhuzihou/assets/dedup_workspaces/test0_transitive_apply_parallel/dataset/GRScenes_assets/cabinet/4fd1506876449e5242502efdb37a0d66,/cpfs/user/zhuzihou/assets/dedup_workspaces/test0_transitive_apply_parallel/dataset/GRScenes_assets/cabinet/4fd1506876449e5242502efdb37a0d66/usd/4fd1506876449e5242502efdb37a0d66.usd
cabinet,504840c5e814aa270b04c7914d050bc5,suspicious,0.035839,0.045273,138,ok;tiny;ok;ok,/cpfs/user/zhuzihou/assets/dedup_workspaces/test0_transitive_apply_parallel/dataset/GRScenes_assets/cabinet/504840c5e814aa270b04c7914d050bc5,/cpfs/user/zhuzihou/assets/dedup_workspaces/test0_transitive_apply_parallel/dataset/GRScenes_assets/cabinet/504840c5e814aa270b04c7914d050bc5/usd/504840c5e814aa270b04c7914d050bc5.usd
cabinet,505cfa85131abc2522360b5ba42304d9,suspicious,0.005550,0.010986,90,ok;blank;blank;blank,/cpfs/user/zhuzihou/assets/dedup_workspaces/test0_transitive_apply_parallel/dataset/GRScenes_assets/cabinet/505cfa85131abc2522360b5ba42304d9,/cpfs/user/zhuzihou/assets/dedup_workspaces/test0_transitive_apply_parallel/dataset/GRScenes_assets/cabinet/505cfa85131abc2522360b5ba42304d9/usd/505cfa85131abc2522360b5ba42304d9.usd
cabinet,5226fa2e145147b4d07698e027ef1541,suspicious,0.092907,0.100403,188,ok;ok;blank;blank,/cpfs/user/zhuzihou/assets/dedup_workspaces/test0_transitive_apply_parallel/dataset/GRScenes_assets/cabinet/5226fa2e145147b4d07698e027ef1541,/cpfs/user/zhuzihou/assets/dedup_workspaces/test0_transitive_apply_parallel/dataset/GRScenes_assets/cabinet/5226fa2e145147b4d07698e027ef1541/usd/5226fa2e145147b4d07698e027ef1541.usd
cabinet,5261894c525133cf0a31c4044c63d67b,tiny,0.002247,0.003044,38,blank;blank;tiny;blank,/cpfs/user/zhuzihou/assets/dedup_workspaces/test0_transitive_apply_parallel/dataset/GRScenes_assets/cabinet/5261894c525133cf0a31c4044c63d67b,/cpfs/user/zhuzihou/assets/dedup_workspaces/test0_transitive_apply_parallel/dataset/GRScenes_assets/cabinet/5261894c525133cf0a31c4044c63d67b/usd/5261894c525133cf0a31c4044c63d67b.usd
cabinet,528ed313e395177b2bed648fc4657055,suspicious,0.047005,0.056236,182,blank;ok;blank;blank,/cpfs/user/zhuzihou/assets/dedup_workspaces/test0_transitive_apply_parallel/dataset/GRScenes_assets/cabinet/528ed313e395177b2bed648fc4657055,/cpfs/user/zhuzihou/assets/dedup_workspaces/test0_transitive_apply_parallel/dataset/GRScenes_assets/cabinet/528ed313e395177b2bed648fc4657055/usd/528ed313e395177b2bed648fc4657055.usd
cabinet,534a9bbdb6670a97405b09fafff81129,suspicious,0.032360,0.041962,110,blank;ok;tiny;blank,/cpfs/user/zhuzihou/assets/dedup_workspaces/test0_transitive_apply_parallel/dataset/GRScenes_assets/cabinet/534a9bbdb6670a97405b09fafff81129,/cpfs/user/zhuzihou/assets/dedup_workspaces/test0_transitive_apply_parallel/dataset/GRScenes_assets/cabinet/534a9bbdb6670a97405b09fafff81129/usd/534a9bbdb6670a97405b09fafff81129.usd
cabinet,53791282280375ba4b8663bf7433243b,suspicious,0.074650,0.098331,173,blank;blank;ok;ok,/cpfs/user/zhuzihou/assets/dedup_workspaces/test0_transitive_apply_parallel/dataset/GRScenes_assets/cabinet/53791282280375ba4b8663bf7433243b,/cpfs/user/zhuzihou/assets/dedup_workspaces/test0_transitive_apply_parallel/dataset/GRScenes_assets/cabinet/53791282280375ba4b8663bf7433243b/usd/53791282280375ba4b8663bf7433243b.usd
cabinet,54ac01bb53e43f49502a2c240e28ac8c,suspicious,0.092384,0.099182,200,ok;tiny;blank;blank,/cpfs/user/zhuzihou/assets/dedup_workspaces/test0_transitive_apply_parallel/dataset/GRScenes_assets/cabinet/54ac01bb53e43f49502a2c240e28ac8c,/cpfs/user/zhuzihou/assets/dedup_workspaces/test0_transitive_apply_parallel/dataset/GRScenes_assets/cabinet/54ac01bb53e43f49502a2c240e28ac8c/usd/54ac01bb53e43f49502a2c240e28ac8c.usd
cabinet,54d5b226a7385dabc88c8dd39e29696f,suspicious,0.019695,0.024124,102,ok;blank;blank;blank,/cpfs/user/zhuzihou/assets/dedup_workspaces/test0_transitive_apply_parallel/dataset/GRScenes_assets/cabinet/54d5b226a7385dabc88c8dd39e29696f,/cpfs/user/zhuzihou/assets/dedup_workspaces/test0_transitive_apply_parallel/dataset/GRScenes_assets/cabinet/54d5b226a7385dabc88c8dd39e29696f/usd/54d5b226a7385dabc88c8dd39e29696f.usd
cabinet,5585aa3b21fa5afc2545bb7e25f01650,suspicious,0.027710,0.030041,105,ok;ok;blank;blank,/cpfs/user/zhuzihou/assets/dedup_workspaces/test0_transitive_apply_parallel/dataset/GRScenes_assets/cabinet/5585aa3b21fa5afc2545bb7e25f01650,/cpfs/user/zhuzihou/assets/dedup_workspaces/test0_transitive_apply_parallel/dataset/GRScenes_assets/cabinet/5585aa3b21fa5afc2545bb7e25f01650/usd/5585aa3b21fa5afc2545bb7e25f01650.usd
cabinet,55ccb1b966250ec841b7fc34cef92972,suspicious,0.023346,0.024902,96,tiny;ok;ok;tiny,/cpfs/user/zhuzihou/assets/dedup_workspaces/test0_transitive_apply_parallel/dataset/GRScenes_assets/cabinet/55ccb1b966250ec841b7fc34cef92972,/cpfs/user/zhuzihou/assets/dedup_workspaces/test0_transitive_apply_parallel/dataset/GRScenes_assets/cabinet/55ccb1b966250ec841b7fc34cef92972/usd/55ccb1b966250ec841b7fc34cef92972.usd
cabinet,55f8352bfc7ed1f9c2b9ef5704918e6f,suspicious,0.018242,0.026176,94,blank;blank;ok;blank,/cpfs/user/zhuzihou/assets/dedup_workspaces/test0_transitive_apply_parallel/dataset/GRScenes_assets/cabinet/55f8352bfc7ed1f9c2b9ef5704918e6f,/cpfs/user/zhuzihou/assets/dedup_workspaces/test0_transitive_apply_parallel/dataset/GRScenes_assets/cabinet/55f8352bfc7ed1f9c2b9ef5704918e6f/usd/55f8352bfc7ed1f9c2b9ef5704918e6f.usd
cabinet,56628556fc5a8afb0b466f78ac870866,suspicious,0.092735,0.106575,232,blank;ok;ok;ok,/cpfs/user/zhuzihou/assets/dedup_workspaces/test0_transitive_apply_parallel/dataset/GRScenes_assets/cabinet/56628556fc5a8afb0b466f78ac870866,/cpfs/user/zhuzihou/assets/dedup_workspaces/test0_transitive_apply_parallel/dataset/GRScenes_assets/cabinet/56628556fc5a8afb0b466f78ac870866/usd/56628556fc5a8afb0b466f78ac870866.usd
cabinet,567e26ca1d6473f014ec9b6fb138f377,suspicious,0.058270,0.064083,157,blank;blank;ok;blank,/cpfs/user/zhuzihou/assets/dedup_workspaces/test0_transitive_apply_parallel/dataset/GRScenes_assets/cabinet/567e26ca1d6473f014ec9b6fb138f377,/cpfs/user/zhuzihou/assets/dedup_workspaces/test0_transitive_apply_parallel/dataset/GRScenes_assets/cabinet/567e26ca1d6473f014ec9b6fb138f377/usd/567e26ca1d6473f014ec9b6fb138f377.usd
cabinet,5691884c9bfdff084834b5cc0990a68f,tiny,0.001144,0.001488,30,tiny;blank;blank;blank,/cpfs/user/zhuzihou/assets/dedup_workspaces/test0_transitive_apply_parallel/dataset/GRScenes_assets/cabinet/5691884c9bfdff084834b5cc0990a68f,/cpfs/user/zhuzihou/assets/dedup_workspaces/test0_transitive_apply_parallel/dataset/GRScenes_assets/cabinet/5691884c9bfdff084834b5cc0990a68f/usd/5691884c9bfdff084834b5cc0990a68f.usd
cabinet,56d0852ef03a517db748dde9649810c9,suspicious,0.003860,0.005836,85,blank;blank;ok;blank,/cpfs/user/zhuzihou/assets/dedup_workspaces/test0_transitive_apply_parallel/dataset/GRScenes_assets/cabinet/56d0852ef03a517db748dde9649810c9,/cpfs/user/zhuzihou/assets/dedup_workspaces/test0_transitive_apply_parallel/dataset/GRScenes_assets/cabinet/56d0852ef03a517db748dde9649810c9/usd/56d0852ef03a517db748dde9649810c9.usd
cabinet,579a0f1032f32deb1e3cfd24e9e43d30,blank,0.000084,0.000126,11,blank;blank;blank;blank,/cpfs/user/zhuzihou/assets/dedup_workspaces/test0_transitive_apply_parallel/dataset/GRScenes_assets/cabinet/579a0f1032f32deb1e3cfd24e9e43d30,/cpfs/user/zhuzihou/assets/dedup_workspaces/test0_transitive_apply_parallel/dataset/GRScenes_assets/cabinet/579a0f1032f32deb1e3cfd24e9e43d30/usd/579a0f1032f32deb1e3cfd24e9e43d30.usd
cabinet,57b0dba4d264067180fca6f4feaff795,suspicious,0.023815,0.028873,102,ok;ok;tiny;tiny,/cpfs/user/zhuzihou/assets/dedup_workspaces/test0_transitive_apply_parallel/dataset/GRScenes_assets/cabinet/57b0dba4d264067180fca6f4feaff795,/cpfs/user/zhuzihou/assets/dedup_workspaces/test0_transitive_apply_parallel/dataset/GRScenes_assets/cabinet/57b0dba4d264067180fca6f4feaff795/usd/57b0dba4d264067180fca6f4feaff795.usd
cabinet,57e5db8e4888970ec6832d8ace2419d7,suspicious,0.086746,0.174316,408,tiny;ok;ok;ok,/cpfs/user/zhuzihou/assets/dedup_workspaces/test0_transitive_apply_parallel/dataset/GRScenes_assets/cabinet/57e5db8e4888970ec6832d8ace2419d7,/cpfs/user/zhuzihou/assets/dedup_workspaces/test0_transitive_apply_parallel/dataset/GRScenes_assets/cabinet/57e5db8e4888970ec6832d8ace2419d7/usd/57e5db8e4888970ec6832d8ace2419d7.usd
cabinet,58cb16021d7fbfe0f97c5fb02b43b192,tiny,0.008064,0.013954,62,blank;blank;blank;tiny,/cpfs/user/zhuzihou/assets/dedup_workspaces/test0_transitive_apply_parallel/dataset/GRScenes_assets/cabinet/58cb16021d7fbfe0f97c5fb02b43b192,/cpfs/user/zhuzihou/assets/dedup_workspaces/test0_transitive_apply_parallel/dataset/GRScenes_assets/cabinet/58cb16021d7fbfe0f97c5fb02b43b192/usd/58cb16021d7fbfe0f97c5fb02b43b192.usd
cabinet,59d6ea5ff2e0102cf8b08f8e44f1412c,suspicious,0.010101,0.032730,195,blank;tiny;ok;tiny,/cpfs/user/zhuzihou/assets/dedup_workspaces/test0_transitive_apply_parallel/dataset/GRScenes_assets/cabinet/59d6ea5ff2e0102cf8b08f8e44f1412c,/cpfs/user/zhuzihou/assets/dedup_workspaces/test0_transitive_apply_parallel/dataset/GRScenes_assets/cabinet/59d6ea5ff2e0102cf8b08f8e44f1412c/usd/59d6ea5ff2e0102cf8b08f8e44f1412c.usd
cabinet,59dd6cb8b6cd93601912229ed973367d,suspicious,0.013790,0.021011,102,blank;ok;blank;blank,/cpfs/user/zhuzihou/assets/dedup_workspaces/test0_transitive_apply_parallel/dataset/GRScenes_assets/cabinet/59dd6cb8b6cd93601912229ed973367d,/cpfs/user/zhuzihou/assets/dedup_workspaces/test0_transitive_apply_parallel/dataset/GRScenes_assets/cabinet/59dd6cb8b6cd93601912229ed973367d/usd/59dd6cb8b6cd93601912229ed973367d.usd
cabinet,5a0764215610d91789f54f117d22ef18,suspicious,0.013763,0.014702,82,ok;blank;blank;blank,/cpfs/user/zhuzihou/assets/dedup_workspaces/test0_transitive_apply_parallel/dataset/GRScenes_assets/cabinet/5a0764215610d91789f54f117d22ef18,/cpfs/user/zhuzihou/assets/dedup_workspaces/test0_transitive_apply_parallel/dataset/GRScenes_assets/cabinet/5a0764215610d91789f54f117d22ef18/usd/5a0764215610d91789f54f117d22ef18.usd
cabinet,5a186509438e39649d808e0849ea2e49,suspicious,0.016624,0.018066,128,blank;blank;blank;ok,/cpfs/user/zhuzihou/assets/dedup_workspaces/test0_transitive_apply_parallel/dataset/GRScenes_assets/cabinet/5a186509438e39649d808e0849ea2e49,/cpfs/user/zhuzihou/assets/dedup_workspaces/test0_transitive_apply_parallel/dataset/GRScenes_assets/cabinet/5a186509438e39649d808e0849ea2e49/usd/5a186509438e39649d808e0849ea2e49.usd
cabinet,5a29d4f37a670a6198ece9558aafd78f,suspicious,0.008358,0.008430,221,ok;blank;blank;tiny,/cpfs/user/zhuzihou/assets/dedup_workspaces/test0_transitive_apply_parallel/dataset/GRScenes_assets/cabinet/5a29d4f37a670a6198ece9558aafd78f,/cpfs/user/zhuzihou/assets/dedup_workspaces/test0_transitive_apply_parallel/dataset/GRScenes_assets/cabinet/5a29d4f37a670a6198ece9558aafd78f/usd/5a29d4f37a670a6198ece9558aafd78f.usd
cabinet,5a87c6c309a250f88795dc6ea75ae8be,suspicious,0.003609,0.003639,159,ok;blank;blank;blank,/cpfs/user/zhuzihou/assets/dedup_workspaces/test0_transitive_apply_parallel/dataset/GRScenes_assets/cabinet/5a87c6c309a250f88795dc6ea75ae8be,/cpfs/user/zhuzihou/assets/dedup_workspaces/test0_transitive_apply_parallel/dataset/GRScenes_assets/cabinet/5a87c6c309a250f88795dc6ea75ae8be/usd/5a87c6c309a250f88795dc6ea75ae8be.usd
cabinet,5aad2242f0d294f33aea6fdba208b85b,suspicious,0.034729,0.042992,115,blank;blank;ok;blank,/cpfs/user/zhuzihou/assets/dedup_workspaces/test0_transitive_apply_parallel/dataset/GRScenes_assets/cabinet/5aad2242f0d294f33aea6fdba208b85b,/cpfs/user/zhuzihou/assets/dedup_workspaces/test0_transitive_apply_parallel/dataset/GRScenes_assets/cabinet/5aad2242f0d294f33aea6fdba208b85b/usd/5aad2242f0d294f33aea6fdba208b85b.usd
cabinet,5aff015d97098ec6b289923aa005a595,suspicious,0.035427,0.041008,125,ok;ok;tiny;ok,/cpfs/user/zhuzihou/assets/dedup_workspaces/test0_transitive_apply_parallel/dataset/GRScenes_assets/cabinet/5aff015d97098ec6b289923aa005a595,/cpfs/user/zhuzihou/assets/dedup_workspaces/test0_transitive_apply_parallel/dataset/GRScenes_assets/cabinet/5aff015d97098ec6b289923aa005a595/usd/5aff015d97098ec6b289923aa005a595.usd
cabinet,5b05fdc79acafd158597bdb0e25c67e9,tiny,0.003578,0.004021,34,blank;blank;tiny;blank,/cpfs/user/zhuzihou/assets/dedup_workspaces/test0_transitive_apply_parallel/dataset/GRScenes_assets/cabinet/5b05fdc79acafd158597bdb0e25c67e9,/cpfs/user/zhuzihou/assets/dedup_workspaces/test0_transitive_apply_parallel/dataset/GRScenes_assets/cabinet/5b05fdc79acafd158597bdb0e25c67e9/usd/5b05fdc79acafd158597bdb0e25c67e9.usd
cabinet,5b668bfa31751340cdd13549ab988c14,suspicious,0.002586,0.003777,90,ok;blank;blank;blank,/cpfs/user/zhuzihou/assets/dedup_workspaces/test0_transitive_apply_parallel/dataset/GRScenes_assets/cabinet/5b668bfa31751340cdd13549ab988c14,/cpfs/user/zhuzihou/assets/dedup_workspaces/test0_transitive_apply_parallel/dataset/GRScenes_assets/cabinet/5b668bfa31751340cdd13549ab988c14/usd/5b668bfa31751340cdd13549ab988c14.usd
cabinet,5bd2535a54f45492ecc138b6ceed77fc,suspicious,0.026817,0.112534,310,ok;ok;ok;blank,/cpfs/user/zhuzihou/assets/dedup_workspaces/test0_transitive_apply_parallel/dataset/GRScenes_assets/cabinet/5bd2535a54f45492ecc138b6ceed77fc,/cpfs/user/zhuzihou/assets/dedup_workspaces/test0_transitive_apply_parallel/dataset/GRScenes_assets/cabinet/5bd2535a54f45492ecc138b6ceed77fc/usd/5bd2535a54f45492ecc138b6ceed77fc.usd
cabinet,5beeaa7bfe13ad1b18b3e90600a3e58e,tiny,0.001759,0.001789,67,blank;blank;tiny;blank,/cpfs/user/zhuzihou/assets/dedup_workspaces/test0_transitive_apply_parallel/dataset/GRScenes_assets/cabinet/5beeaa7bfe13ad1b18b3e90600a3e58e,/cpfs/user/zhuzihou/assets/dedup_workspaces/test0_transitive_apply_parallel/dataset/GRScenes_assets/cabinet/5beeaa7bfe13ad1b18b3e90600a3e58e/usd/5beeaa7bfe13ad1b18b3e90600a3e58e.usd
cabinet,5bfb56f8578690d51bf69021d0c3ace4,suspicious,0.066978,0.099121,203,blank;ok;ok;blank,/cpfs/user/zhuzihou/assets/dedup_workspaces/test0_transitive_apply_parallel/dataset/GRScenes_assets/cabinet/5bfb56f8578690d51bf69021d0c3ace4,/cpfs/user/zhuzihou/assets/dedup_workspaces/test0_transitive_apply_parallel/dataset/GRScenes_assets/cabinet/5bfb56f8578690d51bf69021d0c3ace4/usd/5bfb56f8578690d51bf69021d0c3ace4.usd
cabinet,5d7599186cef978f2d0e0236a3e5bce9,suspicious,0.032635,0.041813,113,ok;ok;tiny;tiny,/cpfs/user/zhuzihou/assets/dedup_workspaces/test0_transitive_apply_parallel/dataset/GRScenes_assets/cabinet/5d7599186cef978f2d0e0236a3e5bce9,/cpfs/user/zhuzihou/assets/dedup_workspaces/test0_transitive_apply_parallel/dataset/GRScenes_assets/cabinet/5d7599186cef978f2d0e0236a3e5bce9/usd/5d7599186cef978f2d0e0236a3e5bce9.usd
cabinet,5fd99ac39eb2967bf2766e3ec9e29e9b,suspicious,0.046883,0.067223,198,blank;tiny;ok;blank,/cpfs/user/zhuzihou/assets/dedup_workspaces/test0_transitive_apply_parallel/dataset/GRScenes_assets/cabinet/5fd99ac39eb2967bf2766e3ec9e29e9b,/cpfs/user/zhuzihou/assets/dedup_workspaces/test0_transitive_apply_parallel/dataset/GRScenes_assets/cabinet/5fd99ac39eb2967bf2766e3ec9e29e9b/usd/5fd99ac39eb2967bf2766e3ec9e29e9b.usd
cabinet,60b2842374ee76f18f48403ddc3ba70d,suspicious,0.021332,0.025364,109,tiny;ok;ok;ok,/cpfs/user/zhuzihou/assets/dedup_workspaces/test0_transitive_apply_parallel/dataset/GRScenes_assets/cabinet/60b2842374ee76f18f48403ddc3ba70d,/cpfs/user/zhuzihou/assets/dedup_workspaces/test0_transitive_apply_parallel/dataset/GRScenes_assets/cabinet/60b2842374ee76f18f48403ddc3ba70d/usd/60b2842374ee76f18f48403ddc3ba70d.usd
cabinet,614eb436a380818707a3d8012c6d3d5a,tiny,0.006100,0.007664,49,blank;tiny;blank;blank,/cpfs/user/zhuzihou/assets/dedup_workspaces/test0_transitive_apply_parallel/dataset/GRScenes_assets/cabinet/614eb436a380818707a3d8012c6d3d5a,/cpfs/user/zhuzihou/assets/dedup_workspaces/test0_transitive_apply_parallel/dataset/GRScenes_assets/cabinet/614eb436a380818707a3d8012c6d3d5a/usd/614eb436a380818707a3d8012c6d3d5a.usd
cabinet,61516ba20540ed3b62531c02a289dc73,suspicious,0.027954,0.033348,94,tiny;ok;ok;tiny,/cpfs/user/zhuzihou/assets/dedup_workspaces/test0_transitive_apply_parallel/dataset/GRScenes_assets/cabinet/61516ba20540ed3b62531c02a289dc73,/cpfs/user/zhuzihou/assets/dedup_workspaces/test0_transitive_apply_parallel/dataset/GRScenes_assets/cabinet/61516ba20540ed3b62531c02a289dc73/usd/61516ba20540ed3b62531c02a289dc73.usd
cabinet,618dc0c77616f7fbb2b9f863a221cef2,suspicious,0.017670,0.019772,84,blank;ok;tiny;blank,/cpfs/user/zhuzihou/assets/dedup_workspaces/test0_transitive_apply_parallel/dataset/GRScenes_assets/cabinet/618dc0c77616f7fbb2b9f863a221cef2,/cpfs/user/zhuzihou/assets/dedup_workspaces/test0_transitive_apply_parallel/dataset/GRScenes_assets/cabinet/618dc0c77616f7fbb2b9f863a221cef2/usd/618dc0c77616f7fbb2b9f863a221cef2.usd
cabinet,623a9600388283ee06d02fe866cd276d,suspicious,0.093475,0.108009,257,ok;ok;blank;ok,/cpfs/user/zhuzihou/assets/dedup_workspaces/test0_transitive_apply_parallel/dataset/GRScenes_assets/cabinet/623a9600388283ee06d02fe866cd276d,/cpfs/user/zhuzihou/assets/dedup_workspaces/test0_transitive_apply_parallel/dataset/GRScenes_assets/cabinet/623a9600388283ee06d02fe866cd276d/usd/623a9600388283ee06d02fe866cd276d.usd
cabinet,62bffd6985a3ab1cf529b645123b7646,suspicious,0.040222,0.052494,139,tiny;ok;ok;ok,/cpfs/user/zhuzihou/assets/dedup_workspaces/test0_transitive_apply_parallel/dataset/GRScenes_assets/cabinet/62bffd6985a3ab1cf529b645123b7646,/cpfs/user/zhuzihou/assets/dedup_workspaces/test0_transitive_apply_parallel/dataset/GRScenes_assets/cabinet/62bffd6985a3ab1cf529b645123b7646/usd/62bffd6985a3ab1cf529b645123b7646.usd
cabinet,631fd5d1e8e0354a6b37fa1ffefbd74c,suspicious,0.056217,0.066719,159,ok;ok;tiny;tiny,/cpfs/user/zhuzihou/assets/dedup_workspaces/test0_transitive_apply_parallel/dataset/GRScenes_assets/cabinet/631fd5d1e8e0354a6b37fa1ffefbd74c,/cpfs/user/zhuzihou/assets/dedup_workspaces/test0_transitive_apply_parallel/dataset/GRScenes_assets/cabinet/631fd5d1e8e0354a6b37fa1ffefbd74c/usd/631fd5d1e8e0354a6b37fa1ffefbd74c.usd
cabinet,635fce7b8dbd0365bdcbec6806d809d7,suspicious,0.020081,0.020458,173,blank;blank;ok;blank,/cpfs/user/zhuzihou/assets/dedup_workspaces/test0_transitive_apply_parallel/dataset/GRScenes_assets/cabinet/635fce7b8dbd0365bdcbec6806d809d7,/cpfs/user/zhuzihou/assets/dedup_workspaces/test0_transitive_apply_parallel/dataset/GRScenes_assets/cabinet/635fce7b8dbd0365bdcbec6806d809d7/usd/635fce7b8dbd0365bdcbec6806d809d7.usd
cabinet,6436f1de9dff5cc3059618c5e8c8006e,suspicious,0.039917,0.041576,173,blank;blank;ok;blank,/cpfs/user/zhuzihou/assets/dedup_workspaces/test0_transitive_apply_parallel/dataset/GRScenes_assets/cabinet/6436f1de9dff5cc3059618c5e8c8006e,/cpfs/user/zhuzihou/assets/dedup_workspaces/test0_transitive_apply_parallel/dataset/GRScenes_assets/cabinet/6436f1de9dff5cc3059618c5e8c8006e/usd/6436f1de9dff5cc3059618c5e8c8006e.usd
cabinet,64490f7dd140deadf3a492d5c901f6c3,suspicious,0.032227,0.044250,150,tiny;ok;ok;ok,/cpfs/user/zhuzihou/assets/dedup_workspaces/test0_transitive_apply_parallel/dataset/GRScenes_assets/cabinet/64490f7dd140deadf3a492d5c901f6c3,/cpfs/user/zhuzihou/assets/dedup_workspaces/test0_transitive_apply_parallel/dataset/GRScenes_assets/cabinet/64490f7dd140deadf3a492d5c901f6c3/usd/64490f7dd140deadf3a492d5c901f6c3.usd
cabinet,6514aef8d75e21ea6464032dbbb48f94,suspicious,0.012783,0.055462,217,blank;ok;tiny;blank,/cpfs/user/zhuzihou/assets/dedup_workspaces/test0_transitive_apply_parallel/dataset/GRScenes_assets/cabinet/6514aef8d75e21ea6464032dbbb48f94,/cpfs/user/zhuzihou/assets/dedup_workspaces/test0_transitive_apply_parallel/dataset/GRScenes_assets/cabinet/6514aef8d75e21ea6464032dbbb48f94/usd/6514aef8d75e21ea6464032dbbb48f94.usd
cabinet,6528d79555b34c8bd89dd76b217115e6,suspicious,0.040722,0.043945,192,tiny;ok;ok;ok,/cpfs/user/zhuzihou/assets/dedup_workspaces/test0_transitive_apply_parallel/dataset/GRScenes_assets/cabinet/6528d79555b34c8bd89dd76b217115e6,/cpfs/user/zhuzihou/assets/dedup_workspaces/test0_transitive_apply_parallel/dataset/GRScenes_assets/cabinet/6528d79555b34c8bd89dd76b217115e6/usd/6528d79555b34c8bd89dd76b217115e6.usd
cabinet,65928b8f780509e43c74f50d08bf0a93,suspicious,0.040806,0.041405,201,ok;ok;blank;blank,/cpfs/user/zhuzihou/assets/dedup_workspaces/test0_transitive_apply_parallel/dataset/GRScenes_assets/cabinet/65928b8f780509e43c74f50d08bf0a93,/cpfs/user/zhuzihou/assets/dedup_workspaces/test0_transitive_apply_parallel/dataset/GRScenes_assets/cabinet/65928b8f780509e43c74f50d08bf0a93/usd/65928b8f780509e43c74f50d08bf0a93.usd
cabinet,65e550a2a69622c20d3e5253ebe10ec7,tiny,0.009529,0.010006,61,tiny;blank;blank;blank,/cpfs/user/zhuzihou/assets/dedup_workspaces/test0_transitive_apply_parallel/dataset/GRScenes_assets/cabinet/65e550a2a69622c20d3e5253ebe10ec7,/cpfs/user/zhuzihou/assets/dedup_workspaces/test0_transitive_apply_parallel/dataset/GRScenes_assets/cabinet/65e550a2a69622c20d3e5253ebe10ec7/usd/65e550a2a69622c20d3e5253ebe10ec7.usd
cabinet,66493d4959f19f44c94791afb92d7adb,suspicious,0.023155,0.036163,120,blank;ok;tiny;blank,/cpfs/user/zhuzihou/assets/dedup_workspaces/test0_transitive_apply_parallel/dataset/GRScenes_assets/cabinet/66493d4959f19f44c94791afb92d7adb,/cpfs/user/zhuzihou/assets/dedup_workspaces/test0_transitive_apply_parallel/dataset/GRScenes_assets/cabinet/66493d4959f19f44c94791afb92d7adb/usd/66493d4959f19f44c94791afb92d7adb.usd
cabinet,672f2e651bbf1bcf74e0f26ab289fada,suspicious,0.063499,0.077461,143,blank;blank;ok;blank,/cpfs/user/zhuzihou/assets/dedup_workspaces/test0_transitive_apply_parallel/dataset/GRScenes_assets/cabinet/672f2e651bbf1bcf74e0f26ab289fada,/cpfs/user/zhuzihou/assets/dedup_workspaces/test0_transitive_apply_parallel/dataset/GRScenes_assets/cabinet/672f2e651bbf1bcf74e0f26ab289fada/usd/672f2e651bbf1bcf74e0f26ab289fada.usd
cabinet,678e756ff9efa3f4bf99e3525559d1fa,suspicious,0.025574,0.029743,113,ok;tiny;ok;ok,/cpfs/user/zhuzihou/assets/dedup_workspaces/test0_transitive_apply_parallel/dataset/GRScenes_assets/cabinet/678e756ff9efa3f4bf99e3525559d1fa,/cpfs/user/zhuzihou/assets/dedup_workspaces/test0_transitive_apply_parallel/dataset/GRScenes_assets/cabinet/678e756ff9efa3f4bf99e3525559d1fa/usd/678e756ff9efa3f4bf99e3525559d1fa.usd
cabinet,67d20448c41ade1c198d0182db94725f,suspicious,0.027725,0.085953,172,blank;ok;blank;blank,/cpfs/user/zhuzihou/assets/dedup_workspaces/test0_transitive_apply_parallel/dataset/GRScenes_assets/cabinet/67d20448c41ade1c198d0182db94725f,/cpfs/user/zhuzihou/assets/dedup_workspaces/test0_transitive_apply_parallel/dataset/GRScenes_assets/cabinet/67d20448c41ade1c198d0182db94725f/usd/67d20448c41ade1c198d0182db94725f.usd
cabinet,68007680b83db0c9fbc59f2431607d9f,tiny,0.002209,0.012695,64,blank;tiny;blank;blank,/cpfs/user/zhuzihou/assets/dedup_workspaces/test0_transitive_apply_parallel/dataset/GRScenes_assets/cabinet/68007680b83db0c9fbc59f2431607d9f,/cpfs/user/zhuzihou/assets/dedup_workspaces/test0_transitive_apply_parallel/dataset/GRScenes_assets/cabinet/68007680b83db0c9fbc59f2431607d9f/usd/68007680b83db0c9fbc59f2431607d9f.usd
cabinet,6807cab3d4d27fe6b716f3f48a689c61,suspicious,0.035545,0.039734,112,blank;blank;ok;blank,/cpfs/user/zhuzihou/assets/dedup_workspaces/test0_transitive_apply_parallel/dataset/GRScenes_assets/cabinet/6807cab3d4d27fe6b716f3f48a689c61,/cpfs/user/zhuzihou/assets/dedup_workspaces/test0_transitive_apply_parallel/dataset/GRScenes_assets/cabinet/6807cab3d4d27fe6b716f3f48a689c61/usd/6807cab3d4d27fe6b716f3f48a689c61.usd
cabinet,6893d1e273e5a806ec9fc9a9ba09c8ed,suspicious,0.021515,0.025131,108,ok;blank;blank;blank,/cpfs/user/zhuzihou/assets/dedup_workspaces/test0_transitive_apply_parallel/dataset/GRScenes_assets/cabinet/6893d1e273e5a806ec9fc9a9ba09c8ed,/cpfs/user/zhuzihou/assets/dedup_workspaces/test0_transitive_apply_parallel/dataset/GRScenes_assets/cabinet/6893d1e273e5a806ec9fc9a9ba09c8ed/usd/6893d1e273e5a806ec9fc9a9ba09c8ed.usd
cabinet,69019bd1afc30c258c97ccbd280bd571,suspicious,0.024883,0.028866,161,blank;ok;ok;blank,/cpfs/user/zhuzihou/assets/dedup_workspaces/test0_transitive_apply_parallel/dataset/GRScenes_assets/cabinet/69019bd1afc30c258c97ccbd280bd571,/cpfs/user/zhuzihou/assets/dedup_workspaces/test0_transitive_apply_parallel/dataset/GRScenes_assets/cabinet/69019bd1afc30c258c97ccbd280bd571/usd/69019bd1afc30c258c97ccbd280bd571.usd
cabinet,693149dec0ced97d580f381f0d4803e5,suspicious,0.036861,0.063362,151,blank;blank;ok;ok,/cpfs/user/zhuzihou/assets/dedup_workspaces/test0_transitive_apply_parallel/dataset/GRScenes_assets/cabinet/693149dec0ced97d580f381f0d4803e5,/cpfs/user/zhuzihou/assets/dedup_workspaces/test0_transitive_apply_parallel/dataset/GRScenes_assets/cabinet/693149dec0ced97d580f381f0d4803e5/usd/693149dec0ced97d580f381f0d4803e5.usd
cabinet,694006d900b103e5702ed21518275c95,suspicious,0.036369,0.051796,147,blank;ok;ok;blank,/cpfs/user/zhuzihou/assets/dedup_workspaces/test0_transitive_apply_parallel/dataset/GRScenes_assets/cabinet/694006d900b103e5702ed21518275c95,/cpfs/user/zhuzihou/assets/dedup_workspaces/test0_transitive_apply_parallel/dataset/GRScenes_assets/cabinet/694006d900b103e5702ed21518275c95/usd/694006d900b103e5702ed21518275c95.usd
cabinet,6962f8c8f7d29d48c4adeaad8166e191,suspicious,0.020527,0.025658,114,blank;ok;blank;blank,/cpfs/user/zhuzihou/assets/dedup_workspaces/test0_transitive_apply_parallel/dataset/GRScenes_assets/cabinet/6962f8c8f7d29d48c4adeaad8166e191,/cpfs/user/zhuzihou/assets/dedup_workspaces/test0_transitive_apply_parallel/dataset/GRScenes_assets/cabinet/6962f8c8f7d29d48c4adeaad8166e191/usd/6962f8c8f7d29d48c4adeaad8166e191.usd
cabinet,69992fa6f3ae177833293fa7365b41ef,suspicious,0.034821,0.046303,132,ok;ok;tiny;tiny,/cpfs/user/zhuzihou/assets/dedup_workspaces/test0_transitive_apply_parallel/dataset/GRScenes_assets/cabinet/69992fa6f3ae177833293fa7365b41ef,/cpfs/user/zhuzihou/assets/dedup_workspaces/test0_transitive_apply_parallel/dataset/GRScenes_assets/cabinet/69992fa6f3ae177833293fa7365b41ef/usd/69992fa6f3ae177833293fa7365b41ef.usd
cabinet,69fbe67a2455a855d1e878f3a4174a83,suspicious,0.037758,0.042297,144,ok;blank;blank;blank,/cpfs/user/zhuzihou/assets/dedup_workspaces/test0_transitive_apply_parallel/dataset/GRScenes_assets/cabinet/69fbe67a2455a855d1e878f3a4174a83,/cpfs/user/zhuzihou/assets/dedup_workspaces/test0_transitive_apply_parallel/dataset/GRScenes_assets/cabinet/69fbe67a2455a855d1e878f3a4174a83/usd/69fbe67a2455a855d1e878f3a4174a83.usd
cabinet,6aaee5c6bd9209c8c77d49245a02d153,suspicious,0.015209,0.023392,84,blank;blank;blank;ok,/cpfs/user/zhuzihou/assets/dedup_workspaces/test0_transitive_apply_parallel/dataset/GRScenes_assets/cabinet/6aaee5c6bd9209c8c77d49245a02d153,/cpfs/user/zhuzihou/assets/dedup_workspaces/test0_transitive_apply_parallel/dataset/GRScenes_assets/cabinet/6aaee5c6bd9209c8c77d49245a02d153/usd/6aaee5c6bd9209c8c77d49245a02d153.usd
cabinet,6c618663fbbda397ddf427bbec0ae949,suspicious,0.076271,0.083298,212,ok;ok;blank;tiny,/cpfs/user/zhuzihou/assets/dedup_workspaces/test0_transitive_apply_parallel/dataset/GRScenes_assets/cabinet/6c618663fbbda397ddf427bbec0ae949,/cpfs/user/zhuzihou/assets/dedup_workspaces/test0_transitive_apply_parallel/dataset/GRScenes_assets/cabinet/6c618663fbbda397ddf427bbec0ae949/usd/6c618663fbbda397ddf427bbec0ae949.usd
cabinet,6d64241c516f8e7d7d17804a99fd11e0,suspicious,0.020309,0.037491,156,blank;ok;ok;blank,/cpfs/user/zhuzihou/assets/dedup_workspaces/test0_transitive_apply_parallel/dataset/GRScenes_assets/cabinet/6d64241c516f8e7d7d17804a99fd11e0,/cpfs/user/zhuzihou/assets/dedup_workspaces/test0_transitive_apply_parallel/dataset/GRScenes_assets/cabinet/6d64241c516f8e7d7d17804a99fd11e0/usd/6d64241c516f8e7d7d17804a99fd11e0.usd
cabinet,6ee9b04253e7a388f9905a35122e1462,suspicious,0.008339,0.011330,220,blank;blank;ok;tiny,/cpfs/user/zhuzihou/assets/dedup_workspaces/test0_transitive_apply_parallel/dataset/GRScenes_assets/cabinet/6ee9b04253e7a388f9905a35122e1462,/cpfs/user/zhuzihou/assets/dedup_workspaces/test0_transitive_apply_parallel/dataset/GRScenes_assets/cabinet/6ee9b04253e7a388f9905a35122e1462/usd/6ee9b04253e7a388f9905a35122e1462.usd
cabinet,6f4c6344b7021b156b21b3e4a3dd481d,suspicious,0.038094,0.046257,141,blank;blank;ok;blank,/cpfs/user/zhuzihou/assets/dedup_workspaces/test0_transitive_apply_parallel/dataset/GRScenes_assets/cabinet/6f4c6344b7021b156b21b3e4a3dd481d,/cpfs/user/zhuzihou/assets/dedup_workspaces/test0_transitive_apply_parallel/dataset/GRScenes_assets/cabinet/6f4c6344b7021b156b21b3e4a3dd481d/usd/6f4c6344b7021b156b21b3e4a3dd481d.usd
cabinet,6f78968046117882ea1189c9a7d5e417,suspicious,0.020470,0.022858,107,blank;ok;blank;blank,/cpfs/user/zhuzihou/assets/dedup_workspaces/test0_transitive_apply_parallel/dataset/GRScenes_assets/cabinet/6f78968046117882ea1189c9a7d5e417,/cpfs/user/zhuzihou/assets/dedup_workspaces/test0_transitive_apply_parallel/dataset/GRScenes_assets/cabinet/6f78968046117882ea1189c9a7d5e417/usd/6f78968046117882ea1189c9a7d5e417.usd
cabinet,6f7c358f1479f18c65d32903d6bef778,suspicious,0.003208,0.018028,139,blank;blank;ok;blank,/cpfs/user/zhuzihou/assets/dedup_workspaces/test0_transitive_apply_parallel/dataset/GRScenes_assets/cabinet/6f7c358f1479f18c65d32903d6bef778,/cpfs/user/zhuzihou/assets/dedup_workspaces/test0_transitive_apply_parallel/dataset/GRScenes_assets/cabinet/6f7c358f1479f18c65d32903d6bef778/usd/6f7c358f1479f18c65d32903d6bef778.usd
cabinet,700e95ffc7f2d37ded3ec521836dd262,suspicious,0.020443,0.027012,97,blank;blank;blank;ok,/cpfs/user/zhuzihou/assets/dedup_workspaces/test0_transitive_apply_parallel/dataset/GRScenes_assets/cabinet/700e95ffc7f2d37ded3ec521836dd262,/cpfs/user/zhuzihou/assets/dedup_workspaces/test0_transitive_apply_parallel/dataset/GRScenes_assets/cabinet/700e95ffc7f2d37ded3ec521836dd262/usd/700e95ffc7f2d37ded3ec521836dd262.usd
cabinet,70c4f47067d56fdf6daa8d8d40992d61,tiny,0.011162,0.012062,62,blank;blank;blank;tiny,/cpfs/user/zhuzihou/assets/dedup_workspaces/test0_transitive_apply_parallel/dataset/GRScenes_assets/cabinet/70c4f47067d56fdf6daa8d8d40992d61,/cpfs/user/zhuzihou/assets/dedup_workspaces/test0_transitive_apply_parallel/dataset/GRScenes_assets/cabinet/70c4f47067d56fdf6daa8d8d40992d61/usd/70c4f47067d56fdf6daa8d8d40992d61.usd
cabinet,71d744218980f92027ad956f72cafbff,tiny,0.002384,0.007370,69,blank;blank;tiny;blank,/cpfs/user/zhuzihou/assets/dedup_workspaces/test0_transitive_apply_parallel/dataset/GRScenes_assets/cabinet/71d744218980f92027ad956f72cafbff,/cpfs/user/zhuzihou/assets/dedup_workspaces/test0_transitive_apply_parallel/dataset/GRScenes_assets/cabinet/71d744218980f92027ad956f72cafbff/usd/71d744218980f92027ad956f72cafbff.usd
cabinet,725bf9e9ef5f68afaca346cce768198e,suspicious,0.018532,0.034412,97,blank;blank;ok;ok,/cpfs/user/zhuzihou/assets/dedup_workspaces/test0_transitive_apply_parallel/dataset/GRScenes_assets/cabinet/725bf9e9ef5f68afaca346cce768198e,/cpfs/user/zhuzihou/assets/dedup_workspaces/test0_transitive_apply_parallel/dataset/GRScenes_assets/cabinet/725bf9e9ef5f68afaca346cce768198e/usd/725bf9e9ef5f68afaca346cce768198e.usd
cabinet,72c6bb3de9a62e85fa40e3791a4dd959,blank,0.000000,0.000000,0,blank;blank;blank;blank,/cpfs/user/zhuzihou/assets/dedup_workspaces/test0_transitive_apply_parallel/dataset/GRScenes_assets/cabinet/72c6bb3de9a62e85fa40e3791a4dd959,/cpfs/user/zhuzihou/assets/dedup_workspaces/test0_transitive_apply_parallel/dataset/GRScenes_assets/cabinet/72c6bb3de9a62e85fa40e3791a4dd959/usd/72c6bb3de9a62e85fa40e3791a4dd959.usd
cabinet,7301cb96f84bc6a3efee5d87530b6323,suspicious,0.005207,0.035583,106,blank;blank;ok;ok,/cpfs/user/zhuzihou/assets/dedup_workspaces/test0_transitive_apply_parallel/dataset/GRScenes_assets/cabinet/7301cb96f84bc6a3efee5d87530b6323,/cpfs/user/zhuzihou/assets/dedup_workspaces/test0_transitive_apply_parallel/dataset/GRScenes_assets/cabinet/7301cb96f84bc6a3efee5d87530b6323/usd/7301cb96f84bc6a3efee5d87530b6323.usd
cabinet,73d6d4861e02702d7e54e1af9e57eff0,suspicious,0.050774,0.054764,194,ok;ok;ok;tiny,/cpfs/user/zhuzihou/assets/dedup_workspaces/test0_transitive_apply_parallel/dataset/GRScenes_assets/cabinet/73d6d4861e02702d7e54e1af9e57eff0,/cpfs/user/zhuzihou/assets/dedup_workspaces/test0_transitive_apply_parallel/dataset/GRScenes_assets/cabinet/73d6d4861e02702d7e54e1af9e57eff0/usd/73d6d4861e02702d7e54e1af9e57eff0.usd
cabinet,73fa878b678c535f59ce06b33cde9c8a,suspicious,0.023140,0.023621,172,blank;blank;ok;blank,/cpfs/user/zhuzihou/assets/dedup_workspaces/test0_transitive_apply_parallel/dataset/GRScenes_assets/cabinet/73fa878b678c535f59ce06b33cde9c8a,/cpfs/user/zhuzihou/assets/dedup_workspaces/test0_transitive_apply_parallel/dataset/GRScenes_assets/cabinet/73fa878b678c535f59ce06b33cde9c8a/usd/73fa878b678c535f59ce06b33cde9c8a.usd
cabinet,74c84af7af82f0b63b0d2345a7e886cd,blank,0.000000,0.000000,0,blank;blank;blank;blank,/cpfs/user/zhuzihou/assets/dedup_workspaces/test0_transitive_apply_parallel/dataset/GRScenes_assets/cabinet/74c84af7af82f0b63b0d2345a7e886cd,/cpfs/user/zhuzihou/assets/dedup_workspaces/test0_transitive_apply_parallel/dataset/GRScenes_assets/cabinet/74c84af7af82f0b63b0d2345a7e886cd/usd/74c84af7af82f0b63b0d2345a7e886cd.usd
cabinet,758cd0357e8177269de19c66d93f1c5f,suspicious,0.077797,0.104164,258,blank;ok;ok;ok,/cpfs/user/zhuzihou/assets/dedup_workspaces/test0_transitive_apply_parallel/dataset/GRScenes_assets/cabinet/758cd0357e8177269de19c66d93f1c5f,/cpfs/user/zhuzihou/assets/dedup_workspaces/test0_transitive_apply_parallel/dataset/GRScenes_assets/cabinet/758cd0357e8177269de19c66d93f1c5f/usd/758cd0357e8177269de19c66d93f1c5f.usd
cabinet,766656036dc90d06f126e4b9ab9933af,suspicious,0.010120,0.014877,223,blank;blank;ok;tiny,/cpfs/user/zhuzihou/assets/dedup_workspaces/test0_transitive_apply_parallel/dataset/GRScenes_assets/cabinet/766656036dc90d06f126e4b9ab9933af,/cpfs/user/zhuzihou/assets/dedup_workspaces/test0_transitive_apply_parallel/dataset/GRScenes_assets/cabinet/766656036dc90d06f126e4b9ab9933af/usd/766656036dc90d06f126e4b9ab9933af.usd
cabinet,768bd182289fc63f9e0887e4f56d6d27,suspicious,0.033710,0.036049,150,ok;blank;blank;blank,/cpfs/user/zhuzihou/assets/dedup_workspaces/test0_transitive_apply_parallel/dataset/GRScenes_assets/cabinet/768bd182289fc63f9e0887e4f56d6d27,/cpfs/user/zhuzihou/assets/dedup_workspaces/test0_transitive_apply_parallel/dataset/GRScenes_assets/cabinet/768bd182289fc63f9e0887e4f56d6d27/usd/768bd182289fc63f9e0887e4f56d6d27.usd
cabinet,77d0281fa21a82ad092dd4db5aa83ce3,blank,0.000000,0.000000,0,blank;blank;blank;blank,/cpfs/user/zhuzihou/assets/dedup_workspaces/test0_transitive_apply_parallel/dataset/GRScenes_assets/cabinet/77d0281fa21a82ad092dd4db5aa83ce3,/cpfs/user/zhuzihou/assets/dedup_workspaces/test0_transitive_apply_parallel/dataset/GRScenes_assets/cabinet/77d0281fa21a82ad092dd4db5aa83ce3/usd/77d0281fa21a82ad092dd4db5aa83ce3.usd
cabinet,7975c48d19bc144eef7dff7eceb7ea5a,suspicious,0.038643,0.040512,177,blank;blank;ok;blank,/cpfs/user/zhuzihou/assets/dedup_workspaces/test0_transitive_apply_parallel/dataset/GRScenes_assets/cabinet/7975c48d19bc144eef7dff7eceb7ea5a,/cpfs/user/zhuzihou/assets/dedup_workspaces/test0_transitive_apply_parallel/dataset/GRScenes_assets/cabinet/7975c48d19bc144eef7dff7eceb7ea5a/usd/7975c48d19bc144eef7dff7eceb7ea5a.usd
cabinet,7ae998050abde8d09baea53dc21597d8,suspicious,0.063721,0.104141,210,blank;ok;ok;ok,/cpfs/user/zhuzihou/assets/dedup_workspaces/test0_transitive_apply_parallel/dataset/GRScenes_assets/cabinet/7ae998050abde8d09baea53dc21597d8,/cpfs/user/zhuzihou/assets/dedup_workspaces/test0_transitive_apply_parallel/dataset/GRScenes_assets/cabinet/7ae998050abde8d09baea53dc21597d8/usd/7ae998050abde8d09baea53dc21597d8.usd
cabinet,7c3bcb9e9a74c3c896e9cf1f0c744a6c,suspicious,0.034557,0.036255,176,blank;blank;ok;blank,/cpfs/user/zhuzihou/assets/dedup_workspaces/test0_transitive_apply_parallel/dataset/GRScenes_assets/cabinet/7c3bcb9e9a74c3c896e9cf1f0c744a6c,/cpfs/user/zhuzihou/assets/dedup_workspaces/test0_transitive_apply_parallel/dataset/GRScenes_assets/cabinet/7c3bcb9e9a74c3c896e9cf1f0c744a6c/usd/7c3bcb9e9a74c3c896e9cf1f0c744a6c.usd
cabinet,7dd098c2806e4493a0f87c21889e97b0,suspicious,0.053703,0.079315,226,blank;blank;ok;ok,/cpfs/user/zhuzihou/assets/dedup_workspaces/test0_transitive_apply_parallel/dataset/GRScenes_assets/cabinet/7dd098c2806e4493a0f87c21889e97b0,/cpfs/user/zhuzihou/assets/dedup_workspaces/test0_transitive_apply_parallel/dataset/GRScenes_assets/cabinet/7dd098c2806e4493a0f87c21889e97b0/usd/7dd098c2806e4493a0f87c21889e97b0.usd
cabinet,7df076c941abb618ed74808ae425310d,suspicious,0.035625,0.036697,149,tiny;ok;ok;ok,/cpfs/user/zhuzihou/assets/dedup_workspaces/test0_transitive_apply_parallel/dataset/GRScenes_assets/cabinet/7df076c941abb618ed74808ae425310d,/cpfs/user/zhuzihou/assets/dedup_workspaces/test0_transitive_apply_parallel/dataset/GRScenes_assets/cabinet/7df076c941abb618ed74808ae425310d/usd/7df076c941abb618ed74808ae425310d.usd
cabinet,7e3440ea65c04b8e8f76eee95ea1a443,suspicious,0.008484,0.018143,82,blank;blank;blank;ok,/cpfs/user/zhuzihou/assets/dedup_workspaces/test0_transitive_apply_parallel/dataset/GRScenes_assets/cabinet/7e3440ea65c04b8e8f76eee95ea1a443,/cpfs/user/zhuzihou/assets/dedup_workspaces/test0_transitive_apply_parallel/dataset/GRScenes_assets/cabinet/7e3440ea65c04b8e8f76eee95ea1a443/usd/7e3440ea65c04b8e8f76eee95ea1a443.usd
cabinet,7fa6a7786f0d218d75d67a880de6c357,suspicious,0.034542,0.040527,166,blank;blank;ok;blank,/cpfs/user/zhuzihou/assets/dedup_workspaces/test0_transitive_apply_parallel/dataset/GRScenes_assets/cabinet/7fa6a7786f0d218d75d67a880de6c357,/cpfs/user/zhuzihou/assets/dedup_workspaces/test0_transitive_apply_parallel/dataset/GRScenes_assets/cabinet/7fa6a7786f0d218d75d67a880de6c357/usd/7fa6a7786f0d218d75d67a880de6c357.usd
cabinet,7fd206d39fc21f9936c6f092b9095599,suspicious,0.056648,0.062828,183,ok;blank;blank;ok,/cpfs/user/zhuzihou/assets/dedup_workspaces/test0_transitive_apply_parallel/dataset/GRScenes_assets/cabinet/7fd206d39fc21f9936c6f092b9095599,/cpfs/user/zhuzihou/assets/dedup_workspaces/test0_transitive_apply_parallel/dataset/GRScenes_assets/cabinet/7fd206d39fc21f9936c6f092b9095599/usd/7fd206d39fc21f9936c6f092b9095599.usd
cabinet,80a5764eb9cfe7826affa60737878d6e,tiny,0.009670,0.013390,78,blank;blank;blank;tiny,/cpfs/user/zhuzihou/assets/dedup_workspaces/test0_transitive_apply_parallel/dataset/GRScenes_assets/cabinet/80a5764eb9cfe7826affa60737878d6e,/cpfs/user/zhuzihou/assets/dedup_workspaces/test0_transitive_apply_parallel/dataset/GRScenes_assets/cabinet/80a5764eb9cfe7826affa60737878d6e/usd/80a5764eb9cfe7826affa60737878d6e.usd
cabinet,80bc78ed21c9a0c1a9aa181f00fab08a,suspicious,0.011768,0.012192,188,ok;blank;blank;blank,/cpfs/user/zhuzihou/assets/dedup_workspaces/test0_transitive_apply_parallel/dataset/GRScenes_assets/cabinet/80bc78ed21c9a0c1a9aa181f00fab08a,/cpfs/user/zhuzihou/assets/dedup_workspaces/test0_transitive_apply_parallel/dataset/GRScenes_assets/cabinet/80bc78ed21c9a0c1a9aa181f00fab08a/usd/80bc78ed21c9a0c1a9aa181f00fab08a.usd
cabinet,817253355ee392e57cf6451d4264cc73,suspicious,0.021420,0.025806,128,ok;ok;tiny;ok,/cpfs/user/zhuzihou/assets/dedup_workspaces/test0_transitive_apply_parallel/dataset/GRScenes_assets/cabinet/817253355ee392e57cf6451d4264cc73,/cpfs/user/zhuzihou/assets/dedup_workspaces/test0_transitive_apply_parallel/dataset/GRScenes_assets/cabinet/817253355ee392e57cf6451d4264cc73/usd/817253355ee392e57cf6451d4264cc73.usd
cabinet,81d4e1ff7e2e5cf8c4a2fd447f09557f,suspicious,0.029091,0.032593,96,tiny;tiny;ok;ok,/cpfs/user/zhuzihou/assets/dedup_workspaces/test0_transitive_apply_parallel/dataset/GRScenes_assets/cabinet/81d4e1ff7e2e5cf8c4a2fd447f09557f,/cpfs/user/zhuzihou/assets/dedup_workspaces/test0_transitive_apply_parallel/dataset/GRScenes_assets/cabinet/81d4e1ff7e2e5cf8c4a2fd447f09557f/usd/81d4e1ff7e2e5cf8c4a2fd447f09557f.usd
cabinet,826ef6ee8b8bb775823cfd98661c6f2d,suspicious,0.052246,0.070885,163,ok;ok;tiny;ok,/cpfs/user/zhuzihou/assets/dedup_workspaces/test0_transitive_apply_parallel/dataset/GRScenes_assets/cabinet/826ef6ee8b8bb775823cfd98661c6f2d,/cpfs/user/zhuzihou/assets/dedup_workspaces/test0_transitive_apply_parallel/dataset/GRScenes_assets/cabinet/826ef6ee8b8bb775823cfd98661c6f2d/usd/826ef6ee8b8bb775823cfd98661c6f2d.usd
cabinet,82736ce41ca20592f5fea36b03dfead4,suspicious,0.032539,0.050354,150,ok;ok;blank;blank,/cpfs/user/zhuzihou/assets/dedup_workspaces/test0_transitive_apply_parallel/dataset/GRScenes_assets/cabinet/82736ce41ca20592f5fea36b03dfead4,/cpfs/user/zhuzihou/assets/dedup_workspaces/test0_transitive_apply_parallel/dataset/GRScenes_assets/cabinet/82736ce41ca20592f5fea36b03dfead4/usd/82736ce41ca20592f5fea36b03dfead4.usd
cabinet,829cf62965859c85cdc49844f33aef85,suspicious,0.017616,0.018768,123,ok;blank;blank;blank,/cpfs/user/zhuzihou/assets/dedup_workspaces/test0_transitive_apply_parallel/dataset/GRScenes_assets/cabinet/829cf62965859c85cdc49844f33aef85,/cpfs/user/zhuzihou/assets/dedup_workspaces/test0_transitive_apply_parallel/dataset/GRScenes_assets/cabinet/829cf62965859c85cdc49844f33aef85/usd/829cf62965859c85cdc49844f33aef85.usd
cabinet,82a65693dc7bcd3e01bfaa54bada787b,suspicious,0.049366,0.082336,158,ok;ok;blank;blank,/cpfs/user/zhuzihou/assets/dedup_workspaces/test0_transitive_apply_parallel/dataset/GRScenes_assets/cabinet/82a65693dc7bcd3e01bfaa54bada787b,/cpfs/user/zhuzihou/assets/dedup_workspaces/test0_transitive_apply_parallel/dataset/GRScenes_assets/cabinet/82a65693dc7bcd3e01bfaa54bada787b/usd/82a65693dc7bcd3e01bfaa54bada787b.usd
cabinet,8497c055c06b2e6020bb1cd9502f18e2,suspicious,0.018787,0.019054,185,blank;blank;ok;blank,/cpfs/user/zhuzihou/assets/dedup_workspaces/test0_transitive_apply_parallel/dataset/GRScenes_assets/cabinet/8497c055c06b2e6020bb1cd9502f18e2,/cpfs/user/zhuzihou/assets/dedup_workspaces/test0_transitive_apply_parallel/dataset/GRScenes_assets/cabinet/8497c055c06b2e6020bb1cd9502f18e2/usd/8497c055c06b2e6020bb1cd9502f18e2.usd
cabinet,849d0d871a52881a0e83e51d698743b0,suspicious,0.013870,0.034885,155,blank;ok;blank;blank,/cpfs/user/zhuzihou/assets/dedup_workspaces/test0_transitive_apply_parallel/dataset/GRScenes_assets/cabinet/849d0d871a52881a0e83e51d698743b0,/cpfs/user/zhuzihou/assets/dedup_workspaces/test0_transitive_apply_parallel/dataset/GRScenes_assets/cabinet/849d0d871a52881a0e83e51d698743b0/usd/849d0d871a52881a0e83e51d698743b0.usd
cabinet,85300dfb5cab403b5d2ee606ccbe8544,suspicious,0.022972,0.041771,150,blank;blank;blank;ok,/cpfs/user/zhuzihou/assets/dedup_workspaces/test0_transitive_apply_parallel/dataset/GRScenes_assets/cabinet/85300dfb5cab403b5d2ee606ccbe8544,/cpfs/user/zhuzihou/assets/dedup_workspaces/test0_transitive_apply_parallel/dataset/GRScenes_assets/cabinet/85300dfb5cab403b5d2ee606ccbe8544/usd/85300dfb5cab403b5d2ee606ccbe8544.usd
cabinet,8534a4452085d9d13faaa7af8fc6fbdf,tiny,0.002781,0.004387,46,blank;tiny;blank;blank,/cpfs/user/zhuzihou/assets/dedup_workspaces/test0_transitive_apply_parallel/dataset/GRScenes_assets/cabinet/8534a4452085d9d13faaa7af8fc6fbdf,/cpfs/user/zhuzihou/assets/dedup_workspaces/test0_transitive_apply_parallel/dataset/GRScenes_assets/cabinet/8534a4452085d9d13faaa7af8fc6fbdf/usd/8534a4452085d9d13faaa7af8fc6fbdf.usd
cabinet,8664cc78d89b6aa92d22b60807db586d,suspicious,0.050816,0.060059,128,ok;ok;tiny;ok,/cpfs/user/zhuzihou/assets/dedup_workspaces/test0_transitive_apply_parallel/dataset/GRScenes_assets/cabinet/8664cc78d89b6aa92d22b60807db586d,/cpfs/user/zhuzihou/assets/dedup_workspaces/test0_transitive_apply_parallel/dataset/GRScenes_assets/cabinet/8664cc78d89b6aa92d22b60807db586d/usd/8664cc78d89b6aa92d22b60807db586d.usd
cabinet,867255229649003632933710e70f7111,suspicious,0.010952,0.012634,92,blank;ok;blank;blank,/cpfs/user/zhuzihou/assets/dedup_workspaces/test0_transitive_apply_parallel/dataset/GRScenes_assets/cabinet/867255229649003632933710e70f7111,/cpfs/user/zhuzihou/assets/dedup_workspaces/test0_transitive_apply_parallel/dataset/GRScenes_assets/cabinet/867255229649003632933710e70f7111/usd/867255229649003632933710e70f7111.usd
cabinet,86881ab9cdad05c8d18e916861cb884d,suspicious,0.018818,0.019722,94,ok;blank;blank;blank,/cpfs/user/zhuzihou/assets/dedup_workspaces/test0_transitive_apply_parallel/dataset/GRScenes_assets/cabinet/86881ab9cdad05c8d18e916861cb884d,/cpfs/user/zhuzihou/assets/dedup_workspaces/test0_transitive_apply_parallel/dataset/GRScenes_assets/cabinet/86881ab9cdad05c8d18e916861cb884d/usd/86881ab9cdad05c8d18e916861cb884d.usd
cabinet,882ea418286271c3a9bb71e587fa99ee,suspicious,0.016464,0.018906,84,blank;blank;ok;blank,/cpfs/user/zhuzihou/assets/dedup_workspaces/test0_transitive_apply_parallel/dataset/GRScenes_assets/cabinet/882ea418286271c3a9bb71e587fa99ee,/cpfs/user/zhuzihou/assets/dedup_workspaces/test0_transitive_apply_parallel/dataset/GRScenes_assets/cabinet/882ea418286271c3a9bb71e587fa99ee/usd/882ea418286271c3a9bb71e587fa99ee.usd
cabinet,887514304d474af8f36436f4eec83ed0,suspicious,0.022968,0.029198,99,tiny;tiny;ok;ok,/cpfs/user/zhuzihou/assets/dedup_workspaces/test0_transitive_apply_parallel/dataset/GRScenes_assets/cabinet/887514304d474af8f36436f4eec83ed0,/cpfs/user/zhuzihou/assets/dedup_workspaces/test0_transitive_apply_parallel/dataset/GRScenes_assets/cabinet/887514304d474af8f36436f4eec83ed0/usd/887514304d474af8f36436f4eec83ed0.usd
cabinet,88bb09c6bf53f7b7cccba1eb5a9ce740,suspicious,0.020741,0.028358,118,blank;blank;blank;ok,/cpfs/user/zhuzihou/assets/dedup_workspaces/test0_transitive_apply_parallel/dataset/GRScenes_assets/cabinet/88bb09c6bf53f7b7cccba1eb5a9ce740,/cpfs/user/zhuzihou/assets/dedup_workspaces/test0_transitive_apply_parallel/dataset/GRScenes_assets/cabinet/88bb09c6bf53f7b7cccba1eb5a9ce740/usd/88bb09c6bf53f7b7cccba1eb5a9ce740.usd
cabinet,8930f9ed0c0eed79aac523b4fc8ee706,suspicious,0.048393,0.058022,130,ok;ok;ok;tiny,/cpfs/user/zhuzihou/assets/dedup_workspaces/test0_transitive_apply_parallel/dataset/GRScenes_assets/cabinet/8930f9ed0c0eed79aac523b4fc8ee706,/cpfs/user/zhuzihou/assets/dedup_workspaces/test0_transitive_apply_parallel/dataset/GRScenes_assets/cabinet/8930f9ed0c0eed79aac523b4fc8ee706/usd/8930f9ed0c0eed79aac523b4fc8ee706.usd
cabinet,8a98511c3ae088e615b8a0e736c1e446,suspicious,0.030407,0.031403,168,ok;blank;blank;blank,/cpfs/user/zhuzihou/assets/dedup_workspaces/test0_transitive_apply_parallel/dataset/GRScenes_assets/cabinet/8a98511c3ae088e615b8a0e736c1e446,/cpfs/user/zhuzihou/assets/dedup_workspaces/test0_transitive_apply_parallel/dataset/GRScenes_assets/cabinet/8a98511c3ae088e615b8a0e736c1e446/usd/8a98511c3ae088e615b8a0e736c1e446.usd
cabinet,8ba1e86a4173bffdb423583fd9523791,suspicious,0.017574,0.018349,130,ok;blank;blank;blank,/cpfs/user/zhuzihou/assets/dedup_workspaces/test0_transitive_apply_parallel/dataset/GRScenes_assets/cabinet/8ba1e86a4173bffdb423583fd9523791,/cpfs/user/zhuzihou/assets/dedup_workspaces/test0_transitive_apply_parallel/dataset/GRScenes_assets/cabinet/8ba1e86a4173bffdb423583fd9523791/usd/8ba1e86a4173bffdb423583fd9523791.usd
cabinet,8cd6c599d457afb959710fe52f6a50fb,suspicious,0.042542,0.049850,121,ok;blank;blank;ok,/cpfs/user/zhuzihou/assets/dedup_workspaces/test0_transitive_apply_parallel/dataset/GRScenes_assets/cabinet/8cd6c599d457afb959710fe52f6a50fb,/cpfs/user/zhuzihou/assets/dedup_workspaces/test0_transitive_apply_parallel/dataset/GRScenes_assets/cabinet/8cd6c599d457afb959710fe52f6a50fb/usd/8cd6c599d457afb959710fe52f6a50fb.usd
cabinet,8d9bf097e3916e58f3ded896d38cad70,suspicious,0.035141,0.052151,217,blank;blank;blank;ok,/cpfs/user/zhuzihou/assets/dedup_workspaces/test0_transitive_apply_parallel/dataset/GRScenes_assets/cabinet/8d9bf097e3916e58f3ded896d38cad70,/cpfs/user/zhuzihou/assets/dedup_workspaces/test0_transitive_apply_parallel/dataset/GRScenes_assets/cabinet/8d9bf097e3916e58f3ded896d38cad70/usd/8d9bf097e3916e58f3ded896d38cad70.usd
cabinet,8dd7c68bf6d5d7d4d72d5f604c987997,suspicious,0.013939,0.019352,89,tiny;ok;tiny;tiny,/cpfs/user/zhuzihou/assets/dedup_workspaces/test0_transitive_apply_parallel/dataset/GRScenes_assets/cabinet/8dd7c68bf6d5d7d4d72d5f604c987997,/cpfs/user/zhuzihou/assets/dedup_workspaces/test0_transitive_apply_parallel/dataset/GRScenes_assets/cabinet/8dd7c68bf6d5d7d4d72d5f604c987997/usd/8dd7c68bf6d5d7d4d72d5f604c987997.usd
cabinet,8f9b8decb902019cfee17b8813d2ac0a,suspicious,0.011513,0.012390,116,blank;ok;blank;blank,/cpfs/user/zhuzihou/assets/dedup_workspaces/test0_transitive_apply_parallel/dataset/GRScenes_assets/cabinet/8f9b8decb902019cfee17b8813d2ac0a,/cpfs/user/zhuzihou/assets/dedup_workspaces/test0_transitive_apply_parallel/dataset/GRScenes_assets/cabinet/8f9b8decb902019cfee17b8813d2ac0a/usd/8f9b8decb902019cfee17b8813d2ac0a.usd
cabinet,8fa68650bc1788d9bba464d3c7e60bce,suspicious,0.019661,0.025223,94,ok;ok;tiny;tiny,/cpfs/user/zhuzihou/assets/dedup_workspaces/test0_transitive_apply_parallel/dataset/GRScenes_assets/cabinet/8fa68650bc1788d9bba464d3c7e60bce,/cpfs/user/zhuzihou/assets/dedup_workspaces/test0_transitive_apply_parallel/dataset/GRScenes_assets/cabinet/8fa68650bc1788d9bba464d3c7e60bce/usd/8fa68650bc1788d9bba464d3c7e60bce.usd
cabinet,900ee8fbd2567d272076f45067dbec83,suspicious,0.033203,0.040840,106,tiny;tiny;ok;ok,/cpfs/user/zhuzihou/assets/dedup_workspaces/test0_transitive_apply_parallel/dataset/GRScenes_assets/cabinet/900ee8fbd2567d272076f45067dbec83,/cpfs/user/zhuzihou/assets/dedup_workspaces/test0_transitive_apply_parallel/dataset/GRScenes_assets/cabinet/900ee8fbd2567d272076f45067dbec83/usd/900ee8fbd2567d272076f45067dbec83.usd
cabinet,9011eef1954f72bed942e6bc9ec9f13f,suspicious,0.034245,0.041374,187,ok;ok;tiny;ok,/cpfs/user/zhuzihou/assets/dedup_workspaces/test0_transitive_apply_parallel/dataset/GRScenes_assets/cabinet/9011eef1954f72bed942e6bc9ec9f13f,/cpfs/user/zhuzihou/assets/dedup_workspaces/test0_transitive_apply_parallel/dataset/GRScenes_assets/cabinet/9011eef1954f72bed942e6bc9ec9f13f/usd/9011eef1954f72bed942e6bc9ec9f13f.usd
cabinet,90a9f663e8862a93aa6f846ac9040917,suspicious,0.033501,0.052704,157,blank;ok;ok;blank,/cpfs/user/zhuzihou/assets/dedup_workspaces/test0_transitive_apply_parallel/dataset/GRScenes_assets/cabinet/90a9f663e8862a93aa6f846ac9040917,/cpfs/user/zhuzihou/assets/dedup_workspaces/test0_transitive_apply_parallel/dataset/GRScenes_assets/cabinet/90a9f663e8862a93aa6f846ac9040917/usd/90a9f663e8862a93aa6f846ac9040917.usd
cabinet,90bd496368cdde6e487d5a690f6e5e53,suspicious,0.028458,0.033737,132,tiny;ok;ok;ok,/cpfs/user/zhuzihou/assets/dedup_workspaces/test0_transitive_apply_parallel/dataset/GRScenes_assets/cabinet/90bd496368cdde6e487d5a690f6e5e53,/cpfs/user/zhuzihou/assets/dedup_workspaces/test0_transitive_apply_parallel/dataset/GRScenes_assets/cabinet/90bd496368cdde6e487d5a690f6e5e53/usd/90bd496368cdde6e487d5a690f6e5e53.usd
cabinet,91159c28a1f44f95e535f4b8eba7b9cc,suspicious,0.029274,0.037766,105,tiny;ok;ok;tiny,/cpfs/user/zhuzihou/assets/dedup_workspaces/test0_transitive_apply_parallel/dataset/GRScenes_assets/cabinet/91159c28a1f44f95e535f4b8eba7b9cc,/cpfs/user/zhuzihou/assets/dedup_workspaces/test0_transitive_apply_parallel/dataset/GRScenes_assets/cabinet/91159c28a1f44f95e535f4b8eba7b9cc/usd/91159c28a1f44f95e535f4b8eba7b9cc.usd
cabinet,9194933067d539c87cb9d38c749e5b72,suspicious,0.034676,0.053627,146,ok;ok;tiny;ok,/cpfs/user/zhuzihou/assets/dedup_workspaces/test0_transitive_apply_parallel/dataset/GRScenes_assets/cabinet/9194933067d539c87cb9d38c749e5b72,/cpfs/user/zhuzihou/assets/dedup_workspaces/test0_transitive_apply_parallel/dataset/GRScenes_assets/cabinet/9194933067d539c87cb9d38c749e5b72/usd/9194933067d539c87cb9d38c749e5b72.usd
cabinet,93fecccd09996fba0e5de1088dc1fbb6,suspicious,0.031738,0.048717,129,blank;blank;ok;ok,/cpfs/user/zhuzihou/assets/dedup_workspaces/test0_transitive_apply_parallel/dataset/GRScenes_assets/cabinet/93fecccd09996fba0e5de1088dc1fbb6,/cpfs/user/zhuzihou/assets/dedup_workspaces/test0_transitive_apply_parallel/dataset/GRScenes_assets/cabinet/93fecccd09996fba0e5de1088dc1fbb6/usd/93fecccd09996fba0e5de1088dc1fbb6.usd
cabinet,942c942dc312d15b8a1caafbb116c627,suspicious,0.029942,0.060883,210,ok;blank;blank;blank,/cpfs/user/zhuzihou/assets/dedup_workspaces/test0_transitive_apply_parallel/dataset/GRScenes_assets/cabinet/942c942dc312d15b8a1caafbb116c627,/cpfs/user/zhuzihou/assets/dedup_workspaces/test0_transitive_apply_parallel/dataset/GRScenes_assets/cabinet/942c942dc312d15b8a1caafbb116c627/usd/942c942dc312d15b8a1caafbb116c627.usd
cabinet,9576f0512649fa5bd60f104fe698eb61,suspicious,0.015495,0.015709,142,ok;blank;blank;blank,/cpfs/user/zhuzihou/assets/dedup_workspaces/test0_transitive_apply_parallel/dataset/GRScenes_assets/cabinet/9576f0512649fa5bd60f104fe698eb61,/cpfs/user/zhuzihou/assets/dedup_workspaces/test0_transitive_apply_parallel/dataset/GRScenes_assets/cabinet/9576f0512649fa5bd60f104fe698eb61/usd/9576f0512649fa5bd60f104fe698eb61.usd
cabinet,959ca935e4b5488b86cdf2d9651195fa,suspicious,0.012241,0.013336,92,blank;blank;blank;ok,/cpfs/user/zhuzihou/assets/dedup_workspaces/test0_transitive_apply_parallel/dataset/GRScenes_assets/cabinet/959ca935e4b5488b86cdf2d9651195fa,/cpfs/user/zhuzihou/assets/dedup_workspaces/test0_transitive_apply_parallel/dataset/GRScenes_assets/cabinet/959ca935e4b5488b86cdf2d9651195fa/usd/959ca935e4b5488b86cdf2d9651195fa.usd
cabinet,972ae276ed48f8306f8a4ef2bcadaee8,suspicious,0.021946,0.024101,117,blank;ok;blank;blank,/cpfs/user/zhuzihou/assets/dedup_workspaces/test0_transitive_apply_parallel/dataset/GRScenes_assets/cabinet/972ae276ed48f8306f8a4ef2bcadaee8,/cpfs/user/zhuzihou/assets/dedup_workspaces/test0_transitive_apply_parallel/dataset/GRScenes_assets/cabinet/972ae276ed48f8306f8a4ef2bcadaee8/usd/972ae276ed48f8306f8a4ef2bcadaee8.usd
cabinet,97e4e6fdba132273eb1553b855eac208,tiny,0.003147,0.003433,36,tiny;blank;blank;blank,/cpfs/user/zhuzihou/assets/dedup_workspaces/test0_transitive_apply_parallel/dataset/GRScenes_assets/cabinet/97e4e6fdba132273eb1553b855eac208,/cpfs/user/zhuzihou/assets/dedup_workspaces/test0_transitive_apply_parallel/dataset/GRScenes_assets/cabinet/97e4e6fdba132273eb1553b855eac208/usd/97e4e6fdba132273eb1553b855eac208.usd
cabinet,9848d2dcbb92abf6f0f1ea396f50ef27,suspicious,0.048195,0.055302,133,ok;tiny;ok;ok,/cpfs/user/zhuzihou/assets/dedup_workspaces/test0_transitive_apply_parallel/dataset/GRScenes_assets/cabinet/9848d2dcbb92abf6f0f1ea396f50ef27,/cpfs/user/zhuzihou/assets/dedup_workspaces/test0_transitive_apply_parallel/dataset/GRScenes_assets/cabinet/9848d2dcbb92abf6f0f1ea396f50ef27/usd/9848d2dcbb92abf6f0f1ea396f50ef27.usd
cabinet,98ed5ebf9a72b42a09a1dd23017ffd61,blank,0.000000,0.000000,0,blank;blank;blank;blank,/cpfs/user/zhuzihou/assets/dedup_workspaces/test0_transitive_apply_parallel/dataset/GRScenes_assets/cabinet/98ed5ebf9a72b42a09a1dd23017ffd61,/cpfs/user/zhuzihou/assets/dedup_workspaces/test0_transitive_apply_parallel/dataset/GRScenes_assets/cabinet/98ed5ebf9a72b42a09a1dd23017ffd61/usd/98ed5ebf9a72b42a09a1dd23017ffd61.usd
cabinet,99c96ba270909e1bb217beeac2253c4e,suspicious,0.013119,0.013924,146,blank;ok;blank;blank,/cpfs/user/zhuzihou/assets/dedup_workspaces/test0_transitive_apply_parallel/dataset/GRScenes_assets/cabinet/99c96ba270909e1bb217beeac2253c4e,/cpfs/user/zhuzihou/assets/dedup_workspaces/test0_transitive_apply_parallel/dataset/GRScenes_assets/cabinet/99c96ba270909e1bb217beeac2253c4e/usd/99c96ba270909e1bb217beeac2253c4e.usd
cabinet,9a2349223513f02d2bc0f52f0d12c1c9,suspicious,0.014149,0.021191,101,blank;blank;blank;ok,/cpfs/user/zhuzihou/assets/dedup_workspaces/test0_transitive_apply_parallel/dataset/GRScenes_assets/cabinet/9a2349223513f02d2bc0f52f0d12c1c9,/cpfs/user/zhuzihou/assets/dedup_workspaces/test0_transitive_apply_parallel/dataset/GRScenes_assets/cabinet/9a2349223513f02d2bc0f52f0d12c1c9/usd/9a2349223513f02d2bc0f52f0d12c1c9.usd
cabinet,9a353a5b701d12e61c6a1a8a720790ae,suspicious,0.022125,0.032547,158,blank;ok;tiny;blank,/cpfs/user/zhuzihou/assets/dedup_workspaces/test0_transitive_apply_parallel/dataset/GRScenes_assets/cabinet/9a353a5b701d12e61c6a1a8a720790ae,/cpfs/user/zhuzihou/assets/dedup_workspaces/test0_transitive_apply_parallel/dataset/GRScenes_assets/cabinet/9a353a5b701d12e61c6a1a8a720790ae/usd/9a353a5b701d12e61c6a1a8a720790ae.usd
cabinet,9ca88573bad3496ee48a3045245d193b,suspicious,0.030849,0.034218,115,blank;blank;ok;blank,/cpfs/user/zhuzihou/assets/dedup_workspaces/test0_transitive_apply_parallel/dataset/GRScenes_assets/cabinet/9ca88573bad3496ee48a3045245d193b,/cpfs/user/zhuzihou/assets/dedup_workspaces/test0_transitive_apply_parallel/dataset/GRScenes_assets/cabinet/9ca88573bad3496ee48a3045245d193b/usd/9ca88573bad3496ee48a3045245d193b.usd
cabinet,9cbd2f08a6d994a11621b492564278c6,suspicious,0.026867,0.034042,97,ok;tiny;ok;ok,/cpfs/user/zhuzihou/assets/dedup_workspaces/test0_transitive_apply_parallel/dataset/GRScenes_assets/cabinet/9cbd2f08a6d994a11621b492564278c6,/cpfs/user/zhuzihou/assets/dedup_workspaces/test0_transitive_apply_parallel/dataset/GRScenes_assets/cabinet/9cbd2f08a6d994a11621b492564278c6/usd/9cbd2f08a6d994a11621b492564278c6.usd
cabinet,9d13522457431bd69b4e9ce148db2a2f,suspicious,0.010529,0.021496,245,tiny;blank;blank;ok,/cpfs/user/zhuzihou/assets/dedup_workspaces/test0_transitive_apply_parallel/dataset/GRScenes_assets/cabinet/9d13522457431bd69b4e9ce148db2a2f,/cpfs/user/zhuzihou/assets/dedup_workspaces/test0_transitive_apply_parallel/dataset/GRScenes_assets/cabinet/9d13522457431bd69b4e9ce148db2a2f/usd/9d13522457431bd69b4e9ce148db2a2f.usd
cabinet,9d431d78f32a69204b68971612447878,suspicious,0.016327,0.017414,83,ok;tiny;tiny;tiny,/cpfs/user/zhuzihou/assets/dedup_workspaces/test0_transitive_apply_parallel/dataset/GRScenes_assets/cabinet/9d431d78f32a69204b68971612447878,/cpfs/user/zhuzihou/assets/dedup_workspaces/test0_transitive_apply_parallel/dataset/GRScenes_assets/cabinet/9d431d78f32a69204b68971612447878/usd/9d431d78f32a69204b68971612447878.usd
cabinet,9d4f1b6f3201ec34a50beeedc1e2fd4b,tiny,0.002338,0.008125,71,blank;blank;tiny;blank,/cpfs/user/zhuzihou/assets/dedup_workspaces/test0_transitive_apply_parallel/dataset/GRScenes_assets/cabinet/9d4f1b6f3201ec34a50beeedc1e2fd4b,/cpfs/user/zhuzihou/assets/dedup_workspaces/test0_transitive_apply_parallel/dataset/GRScenes_assets/cabinet/9d4f1b6f3201ec34a50beeedc1e2fd4b/usd/9d4f1b6f3201ec34a50beeedc1e2fd4b.usd
cabinet,9d69a2d8beecea044158c94e886ce2cf,suspicious,0.025143,0.035645,128,blank;blank;ok;ok,/cpfs/user/zhuzihou/assets/dedup_workspaces/test0_transitive_apply_parallel/dataset/GRScenes_assets/cabinet/9d69a2d8beecea044158c94e886ce2cf,/cpfs/user/zhuzihou/assets/dedup_workspaces/test0_transitive_apply_parallel/dataset/GRScenes_assets/cabinet/9d69a2d8beecea044158c94e886ce2cf/usd/9d69a2d8beecea044158c94e886ce2cf.usd
cabinet,9d7a33fc87f1d1f35b9b6c27aa9f0f3c,tiny,0.006615,0.012634,72,blank;blank;blank;tiny,/cpfs/user/zhuzihou/assets/dedup_workspaces/test0_transitive_apply_parallel/dataset/GRScenes_assets/cabinet/9d7a33fc87f1d1f35b9b6c27aa9f0f3c,/cpfs/user/zhuzihou/assets/dedup_workspaces/test0_transitive_apply_parallel/dataset/GRScenes_assets/cabinet/9d7a33fc87f1d1f35b9b6c27aa9f0f3c/usd/9d7a33fc87f1d1f35b9b6c27aa9f0f3c.usd
cabinet,9e5b7ce12a0e87590980a9c4b458114a,suspicious,0.040260,0.066551,143,ok;ok;blank;blank,/cpfs/user/zhuzihou/assets/dedup_workspaces/test0_transitive_apply_parallel/dataset/GRScenes_assets/cabinet/9e5b7ce12a0e87590980a9c4b458114a,/cpfs/user/zhuzihou/assets/dedup_workspaces/test0_transitive_apply_parallel/dataset/GRScenes_assets/cabinet/9e5b7ce12a0e87590980a9c4b458114a/usd/9e5b7ce12a0e87590980a9c4b458114a.usd
cabinet,9f1b5dc7fd2b4e06bdd4b88755159feb,suspicious,0.087101,0.097015,200,blank;blank;ok;ok,/cpfs/user/zhuzihou/assets/dedup_workspaces/test0_transitive_apply_parallel/dataset/GRScenes_assets/cabinet/9f1b5dc7fd2b4e06bdd4b88755159feb,/cpfs/user/zhuzihou/assets/dedup_workspaces/test0_transitive_apply_parallel/dataset/GRScenes_assets/cabinet/9f1b5dc7fd2b4e06bdd4b88755159feb/usd/9f1b5dc7fd2b4e06bdd4b88755159feb.usd
cabinet,9f57b314a4bab67ba630b2883a49307a,suspicious,0.003670,0.003712,139,blank;blank;ok;blank,/cpfs/user/zhuzihou/assets/dedup_workspaces/test0_transitive_apply_parallel/dataset/GRScenes_assets/cabinet/9f57b314a4bab67ba630b2883a49307a,/cpfs/user/zhuzihou/assets/dedup_workspaces/test0_transitive_apply_parallel/dataset/GRScenes_assets/cabinet/9f57b314a4bab67ba630b2883a49307a/usd/9f57b314a4bab67ba630b2883a49307a.usd
cabinet,9fa177a9c7451aa66bb5cb4a67c78b24,suspicious,0.014687,0.018688,81,tiny;ok;tiny;tiny,/cpfs/user/zhuzihou/assets/dedup_workspaces/test0_transitive_apply_parallel/dataset/GRScenes_assets/cabinet/9fa177a9c7451aa66bb5cb4a67c78b24,/cpfs/user/zhuzihou/assets/dedup_workspaces/test0_transitive_apply_parallel/dataset/GRScenes_assets/cabinet/9fa177a9c7451aa66bb5cb4a67c78b24/usd/9fa177a9c7451aa66bb5cb4a67c78b24.usd
cabinet,9faa4ba52c95140899782f9b9266a228,suspicious,0.062248,0.067039,174,ok;blank;blank;blank,/cpfs/user/zhuzihou/assets/dedup_workspaces/test0_transitive_apply_parallel/dataset/GRScenes_assets/cabinet/9faa4ba52c95140899782f9b9266a228,/cpfs/user/zhuzihou/assets/dedup_workspaces/test0_transitive_apply_parallel/dataset/GRScenes_assets/cabinet/9faa4ba52c95140899782f9b9266a228/usd/9faa4ba52c95140899782f9b9266a228.usd
cabinet,9fb3b80407e5ca74c4873eaeb8efb3a8,suspicious,0.010067,0.010208,223,ok;blank;blank;tiny,/cpfs/user/zhuzihou/assets/dedup_workspaces/test0_transitive_apply_parallel/dataset/GRScenes_assets/cabinet/9fb3b80407e5ca74c4873eaeb8efb3a8,/cpfs/user/zhuzihou/assets/dedup_workspaces/test0_transitive_apply_parallel/dataset/GRScenes_assets/cabinet/9fb3b80407e5ca74c4873eaeb8efb3a8/usd/9fb3b80407e5ca74c4873eaeb8efb3a8.usd
cabinet,a0557ed6069e023d09f7d07fd0ee2d8c,blank,0.000000,0.000000,0,blank;blank;blank;blank,/cpfs/user/zhuzihou/assets/dedup_workspaces/test0_transitive_apply_parallel/dataset/GRScenes_assets/cabinet/a0557ed6069e023d09f7d07fd0ee2d8c,/cpfs/user/zhuzihou/assets/dedup_workspaces/test0_transitive_apply_parallel/dataset/GRScenes_assets/cabinet/a0557ed6069e023d09f7d07fd0ee2d8c/usd/a0557ed6069e023d09f7d07fd0ee2d8c.usd
cabinet,a12e07fb44e79f848da4829aad56d73e,suspicious,0.053169,0.065491,148,tiny;ok;ok;ok,/cpfs/user/zhuzihou/assets/dedup_workspaces/test0_transitive_apply_parallel/dataset/GRScenes_assets/cabinet/a12e07fb44e79f848da4829aad56d73e,/cpfs/user/zhuzihou/assets/dedup_workspaces/test0_transitive_apply_parallel/dataset/GRScenes_assets/cabinet/a12e07fb44e79f848da4829aad56d73e/usd/a12e07fb44e79f848da4829aad56d73e.usd
cabinet,a371797efe4514540f6c27f10922f60b,suspicious,0.002247,0.003567,85,ok;blank;blank;blank,/cpfs/user/zhuzihou/assets/dedup_workspaces/test0_transitive_apply_parallel/dataset/GRScenes_assets/cabinet/a371797efe4514540f6c27f10922f60b,/cpfs/user/zhuzihou/assets/dedup_workspaces/test0_transitive_apply_parallel/dataset/GRScenes_assets/cabinet/a371797efe4514540f6c27f10922f60b/usd/a371797efe4514540f6c27f10922f60b.usd
cabinet,a45579641a4383449d065e3ec4b3250d,suspicious,0.034721,0.037491,126,ok;ok;tiny;ok,/cpfs/user/zhuzihou/assets/dedup_workspaces/test0_transitive_apply_parallel/dataset/GRScenes_assets/cabinet/a45579641a4383449d065e3ec4b3250d,/cpfs/user/zhuzihou/assets/dedup_workspaces/test0_transitive_apply_parallel/dataset/GRScenes_assets/cabinet/a45579641a4383449d065e3ec4b3250d/usd/a45579641a4383449d065e3ec4b3250d.usd
cabinet,a47e962b60da7bece253cf45e250af60,tiny,0.006054,0.006317,69,blank;blank;tiny;blank,/cpfs/user/zhuzihou/assets/dedup_workspaces/test0_transitive_apply_parallel/dataset/GRScenes_assets/cabinet/a47e962b60da7bece253cf45e250af60,/cpfs/user/zhuzihou/assets/dedup_workspaces/test0_transitive_apply_parallel/dataset/GRScenes_assets/cabinet/a47e962b60da7bece253cf45e250af60/usd/a47e962b60da7bece253cf45e250af60.usd
cabinet,a5b00b1c4cbab349101a247e117ed0cd,suspicious,0.015263,0.018906,84,tiny;tiny;ok;tiny,/cpfs/user/zhuzihou/assets/dedup_workspaces/test0_transitive_apply_parallel/dataset/GRScenes_assets/cabinet/a5b00b1c4cbab349101a247e117ed0cd,/cpfs/user/zhuzihou/assets/dedup_workspaces/test0_transitive_apply_parallel/dataset/GRScenes_assets/cabinet/a5b00b1c4cbab349101a247e117ed0cd/usd/a5b00b1c4cbab349101a247e117ed0cd.usd
cabinet,a6b242a035b2075cd37333c58a58d892,suspicious,0.041866,0.050323,136,tiny;ok;ok;ok,/cpfs/user/zhuzihou/assets/dedup_workspaces/test0_transitive_apply_parallel/dataset/GRScenes_assets/cabinet/a6b242a035b2075cd37333c58a58d892,/cpfs/user/zhuzihou/assets/dedup_workspaces/test0_transitive_apply_parallel/dataset/GRScenes_assets/cabinet/a6b242a035b2075cd37333c58a58d892/usd/a6b242a035b2075cd37333c58a58d892.usd
cabinet,a734aea30ea56a868d3c1ff2aa97c005,suspicious,0.039909,0.042004,143,tiny;ok;ok;ok,/cpfs/user/zhuzihou/assets/dedup_workspaces/test0_transitive_apply_parallel/dataset/GRScenes_assets/cabinet/a734aea30ea56a868d3c1ff2aa97c005,/cpfs/user/zhuzihou/assets/dedup_workspaces/test0_transitive_apply_parallel/dataset/GRScenes_assets/cabinet/a734aea30ea56a868d3c1ff2aa97c005/usd/a734aea30ea56a868d3c1ff2aa97c005.usd
cabinet,a754fb0df6038962e430a3053f507df3,suspicious,0.058430,0.067852,147,ok;blank;blank;blank,/cpfs/user/zhuzihou/assets/dedup_workspaces/test0_transitive_apply_parallel/dataset/GRScenes_assets/cabinet/a754fb0df6038962e430a3053f507df3,/cpfs/user/zhuzihou/assets/dedup_workspaces/test0_transitive_apply_parallel/dataset/GRScenes_assets/cabinet/a754fb0df6038962e430a3053f507df3/usd/a754fb0df6038962e430a3053f507df3.usd
cabinet,a793215c9f45e36867e3965173dcbb61,suspicious,0.023212,0.025787,130,tiny;ok;ok;tiny,/cpfs/user/zhuzihou/assets/dedup_workspaces/test0_transitive_apply_parallel/dataset/GRScenes_assets/cabinet/a793215c9f45e36867e3965173dcbb61,/cpfs/user/zhuzihou/assets/dedup_workspaces/test0_transitive_apply_parallel/dataset/GRScenes_assets/cabinet/a793215c9f45e36867e3965173dcbb61/usd/a793215c9f45e36867e3965173dcbb61.usd
cabinet,a7a048bbee88c0ad08269060448bac50,suspicious,0.023197,0.023804,130,tiny;ok;ok;ok,/cpfs/user/zhuzihou/assets/dedup_workspaces/test0_transitive_apply_parallel/dataset/GRScenes_assets/cabinet/a7a048bbee88c0ad08269060448bac50,/cpfs/user/zhuzihou/assets/dedup_workspaces/test0_transitive_apply_parallel/dataset/GRScenes_assets/cabinet/a7a048bbee88c0ad08269060448bac50/usd/a7a048bbee88c0ad08269060448bac50.usd
cabinet,a8f9344714cbaceb84a45050c95be753,suspicious,0.056931,0.090546,216,blank;ok;ok;ok,/cpfs/user/zhuzihou/assets/dedup_workspaces/test0_transitive_apply_parallel/dataset/GRScenes_assets/cabinet/a8f9344714cbaceb84a45050c95be753,/cpfs/user/zhuzihou/assets/dedup_workspaces/test0_transitive_apply_parallel/dataset/GRScenes_assets/cabinet/a8f9344714cbaceb84a45050c95be753/usd/a8f9344714cbaceb84a45050c95be753.usd
cabinet,a9d451823167d25e235a54db4524c9f7,suspicious,0.037590,0.057716,178,blank;blank;ok;ok,/cpfs/user/zhuzihou/assets/dedup_workspaces/test0_transitive_apply_parallel/dataset/GRScenes_assets/cabinet/a9d451823167d25e235a54db4524c9f7,/cpfs/user/zhuzihou/assets/dedup_workspaces/test0_transitive_apply_parallel/dataset/GRScenes_assets/cabinet/a9d451823167d25e235a54db4524c9f7/usd/a9d451823167d25e235a54db4524c9f7.usd
cabinet,aa4a2271947063d2ff6e91dffeefcf81,blank,0.000000,0.000000,0,blank;blank;blank;blank,/cpfs/user/zhuzihou/assets/dedup_workspaces/test0_transitive_apply_parallel/dataset/GRScenes_assets/cabinet/aa4a2271947063d2ff6e91dffeefcf81,/cpfs/user/zhuzihou/assets/dedup_workspaces/test0_transitive_apply_parallel/dataset/GRScenes_assets/cabinet/aa4a2271947063d2ff6e91dffeefcf81/usd/aa4a2271947063d2ff6e91dffeefcf81.usd
cabinet,aa67db584489840130a24309e6f5d733,suspicious,0.035778,0.037937,153,ok;blank;blank;blank,/cpfs/user/zhuzihou/assets/dedup_workspaces/test0_transitive_apply_parallel/dataset/GRScenes_assets/cabinet/aa67db584489840130a24309e6f5d733,/cpfs/user/zhuzihou/assets/dedup_workspaces/test0_transitive_apply_parallel/dataset/GRScenes_assets/cabinet/aa67db584489840130a24309e6f5d733/usd/aa67db584489840130a24309e6f5d733.usd
cabinet,aaa40eb91a388ee493e483797a6364bf,suspicious,0.032146,0.045464,118,blank;blank;ok;tiny,/cpfs/user/zhuzihou/assets/dedup_workspaces/test0_transitive_apply_parallel/dataset/GRScenes_assets/cabinet/aaa40eb91a388ee493e483797a6364bf,/cpfs/user/zhuzihou/assets/dedup_workspaces/test0_transitive_apply_parallel/dataset/GRScenes_assets/cabinet/aaa40eb91a388ee493e483797a6364bf/usd/aaa40eb91a388ee493e483797a6364bf.usd
cabinet,aac0c5c9d050c4951534e08b459c7d09,suspicious,0.039696,0.061768,176,blank;ok;ok;blank,/cpfs/user/zhuzihou/assets/dedup_workspaces/test0_transitive_apply_parallel/dataset/GRScenes_assets/cabinet/aac0c5c9d050c4951534e08b459c7d09,/cpfs/user/zhuzihou/assets/dedup_workspaces/test0_transitive_apply_parallel/dataset/GRScenes_assets/cabinet/aac0c5c9d050c4951534e08b459c7d09/usd/aac0c5c9d050c4951534e08b459c7d09.usd
cabinet,abc8a42845e34b47597d2a30fb49a0a3,suspicious,0.056053,0.069221,211,ok;blank;blank;ok,/cpfs/user/zhuzihou/assets/dedup_workspaces/test0_transitive_apply_parallel/dataset/GRScenes_assets/cabinet/abc8a42845e34b47597d2a30fb49a0a3,/cpfs/user/zhuzihou/assets/dedup_workspaces/test0_transitive_apply_parallel/dataset/GRScenes_assets/cabinet/abc8a42845e34b47597d2a30fb49a0a3/usd/abc8a42845e34b47597d2a30fb49a0a3.usd
cabinet,abd3bc4faf43927164dc0723fd61da06,tiny,0.006557,0.007324,48,blank;blank;tiny;blank,/cpfs/user/zhuzihou/assets/dedup_workspaces/test0_transitive_apply_parallel/dataset/GRScenes_assets/cabinet/abd3bc4faf43927164dc0723fd61da06,/cpfs/user/zhuzihou/assets/dedup_workspaces/test0_transitive_apply_parallel/dataset/GRScenes_assets/cabinet/abd3bc4faf43927164dc0723fd61da06/usd/abd3bc4faf43927164dc0723fd61da06.usd
cabinet,ac444f37540d9fb5e301c8914c1d8888,suspicious,0.018341,0.023193,92,tiny;tiny;ok;ok,/cpfs/user/zhuzihou/assets/dedup_workspaces/test0_transitive_apply_parallel/dataset/GRScenes_assets/cabinet/ac444f37540d9fb5e301c8914c1d8888,/cpfs/user/zhuzihou/assets/dedup_workspaces/test0_transitive_apply_parallel/dataset/GRScenes_assets/cabinet/ac444f37540d9fb5e301c8914c1d8888/usd/ac444f37540d9fb5e301c8914c1d8888.usd
cabinet,add913715e2cf1e79e85c68a9d2a1927,suspicious,0.030014,0.034996,139,blank;ok;blank;blank,/cpfs/user/zhuzihou/assets/dedup_workspaces/test0_transitive_apply_parallel/dataset/GRScenes_assets/cabinet/add913715e2cf1e79e85c68a9d2a1927,/cpfs/user/zhuzihou/assets/dedup_workspaces/test0_transitive_apply_parallel/dataset/GRScenes_assets/cabinet/add913715e2cf1e79e85c68a9d2a1927/usd/add913715e2cf1e79e85c68a9d2a1927.usd
cabinet,aec5ad6ea954e798907812392fffc180,suspicious,0.010559,0.015419,94,blank;ok;blank;blank,/cpfs/user/zhuzihou/assets/dedup_workspaces/test0_transitive_apply_parallel/dataset/GRScenes_assets/cabinet/aec5ad6ea954e798907812392fffc180,/cpfs/user/zhuzihou/assets/dedup_workspaces/test0_transitive_apply_parallel/dataset/GRScenes_assets/cabinet/aec5ad6ea954e798907812392fffc180/usd/aec5ad6ea954e798907812392fffc180.usd
cabinet,affb5e1b5b14570602e61c459d6bc7c5,tiny,0.001057,0.002014,44,blank;blank;tiny;blank,/cpfs/user/zhuzihou/assets/dedup_workspaces/test0_transitive_apply_parallel/dataset/GRScenes_assets/cabinet/affb5e1b5b14570602e61c459d6bc7c5,/cpfs/user/zhuzihou/assets/dedup_workspaces/test0_transitive_apply_parallel/dataset/GRScenes_assets/cabinet/affb5e1b5b14570602e61c459d6bc7c5/usd/affb5e1b5b14570602e61c459d6bc7c5.usd
cabinet,b051236a40b01709b12b75697cdafa58,suspicious,0.098206,0.110470,242,blank;ok;ok;blank,/cpfs/user/zhuzihou/assets/dedup_workspaces/test0_transitive_apply_parallel/dataset/GRScenes_assets/cabinet/b051236a40b01709b12b75697cdafa58,/cpfs/user/zhuzihou/assets/dedup_workspaces/test0_transitive_apply_parallel/dataset/GRScenes_assets/cabinet/b051236a40b01709b12b75697cdafa58/usd/b051236a40b01709b12b75697cdafa58.usd
cabinet,b167828cbdec5ad36d70d57a297ecf44,suspicious,0.041332,0.051296,119,tiny;tiny;ok;ok,/cpfs/user/zhuzihou/assets/dedup_workspaces/test0_transitive_apply_parallel/dataset/GRScenes_assets/cabinet/b167828cbdec5ad36d70d57a297ecf44,/cpfs/user/zhuzihou/assets/dedup_workspaces/test0_transitive_apply_parallel/dataset/GRScenes_assets/cabinet/b167828cbdec5ad36d70d57a297ecf44/usd/b167828cbdec5ad36d70d57a297ecf44.usd
cabinet,b177c40f21ee250c430f97cecc2bb396,suspicious,0.053486,0.078453,182,ok;blank;blank;ok,/cpfs/user/zhuzihou/assets/dedup_workspaces/test0_transitive_apply_parallel/dataset/GRScenes_assets/cabinet/b177c40f21ee250c430f97cecc2bb396,/cpfs/user/zhuzihou/assets/dedup_workspaces/test0_transitive_apply_parallel/dataset/GRScenes_assets/cabinet/b177c40f21ee250c430f97cecc2bb396/usd/b177c40f21ee250c430f97cecc2bb396.usd
cabinet,b21321e1a2848a1a23a0152c137319cd,blank,0.000000,0.000000,0,blank;blank;blank;blank,/cpfs/user/zhuzihou/assets/dedup_workspaces/test0_transitive_apply_parallel/dataset/GRScenes_assets/cabinet/b21321e1a2848a1a23a0152c137319cd,/cpfs/user/zhuzihou/assets/dedup_workspaces/test0_transitive_apply_parallel/dataset/GRScenes_assets/cabinet/b21321e1a2848a1a23a0152c137319cd/usd/b21321e1a2848a1a23a0152c137319cd.usd
cabinet,b2c045d54227b760dc900ec0c8146148,suspicious,0.004887,0.010967,125,blank;ok;blank;blank,/cpfs/user/zhuzihou/assets/dedup_workspaces/test0_transitive_apply_parallel/dataset/GRScenes_assets/cabinet/b2c045d54227b760dc900ec0c8146148,/cpfs/user/zhuzihou/assets/dedup_workspaces/test0_transitive_apply_parallel/dataset/GRScenes_assets/cabinet/b2c045d54227b760dc900ec0c8146148/usd/b2c045d54227b760dc900ec0c8146148.usd
cabinet,b2df04178ae53c4307c24b1bf274c8cf,suspicious,0.032871,0.037071,113,blank;ok;blank;blank,/cpfs/user/zhuzihou/assets/dedup_workspaces/test0_transitive_apply_parallel/dataset/GRScenes_assets/cabinet/b2df04178ae53c4307c24b1bf274c8cf,/cpfs/user/zhuzihou/assets/dedup_workspaces/test0_transitive_apply_parallel/dataset/GRScenes_assets/cabinet/b2df04178ae53c4307c24b1bf274c8cf/usd/b2df04178ae53c4307c24b1bf274c8cf.usd
cabinet,b42c7faab4a78e021d7e3cc6c5a81734,suspicious,0.061684,0.076672,216,ok;ok;ok;blank,/cpfs/user/zhuzihou/assets/dedup_workspaces/test0_transitive_apply_parallel/dataset/GRScenes_assets/cabinet/b42c7faab4a78e021d7e3cc6c5a81734,/cpfs/user/zhuzihou/assets/dedup_workspaces/test0_transitive_apply_parallel/dataset/GRScenes_assets/cabinet/b42c7faab4a78e021d7e3cc6c5a81734/usd/b42c7faab4a78e021d7e3cc6c5a81734.usd
cabinet,b6d88a2e8f94f6d1a1916fc1b083f269,suspicious,0.022121,0.029572,102,blank;ok;blank;blank,/cpfs/user/zhuzihou/assets/dedup_workspaces/test0_transitive_apply_parallel/dataset/GRScenes_assets/cabinet/b6d88a2e8f94f6d1a1916fc1b083f269,/cpfs/user/zhuzihou/assets/dedup_workspaces/test0_transitive_apply_parallel/dataset/GRScenes_assets/cabinet/b6d88a2e8f94f6d1a1916fc1b083f269/usd/b6d88a2e8f94f6d1a1916fc1b083f269.usd
cabinet,b7753a03a8a0b555c4fe691b4e97e681,suspicious,0.007198,0.016769,157,blank;ok;blank;blank,/cpfs/user/zhuzihou/assets/dedup_workspaces/test0_transitive_apply_parallel/dataset/GRScenes_assets/cabinet/b7753a03a8a0b555c4fe691b4e97e681,/cpfs/user/zhuzihou/assets/dedup_workspaces/test0_transitive_apply_parallel/dataset/GRScenes_assets/cabinet/b7753a03a8a0b555c4fe691b4e97e681/usd/b7753a03a8a0b555c4fe691b4e97e681.usd
cabinet,b79aea153ed0e7608e98f1174321cb5b,suspicious,0.053596,0.056236,162,blank;blank;ok;blank,/cpfs/user/zhuzihou/assets/dedup_workspaces/test0_transitive_apply_parallel/dataset/GRScenes_assets/cabinet/b79aea153ed0e7608e98f1174321cb5b,/cpfs/user/zhuzihou/assets/dedup_workspaces/test0_transitive_apply_parallel/dataset/GRScenes_assets/cabinet/b79aea153ed0e7608e98f1174321cb5b/usd/b79aea153ed0e7608e98f1174321cb5b.usd
cabinet,b98ecd271c33b455b28189e72a981600,suspicious,0.019775,0.027237,85,blank;blank;blank;ok,/cpfs/user/zhuzihou/assets/dedup_workspaces/test0_transitive_apply_parallel/dataset/GRScenes_assets/cabinet/b98ecd271c33b455b28189e72a981600,/cpfs/user/zhuzihou/assets/dedup_workspaces/test0_transitive_apply_parallel/dataset/GRScenes_assets/cabinet/b98ecd271c33b455b28189e72a981600/usd/b98ecd271c33b455b28189e72a981600.usd
cabinet,b99d258732159888586c2f51a5497167,suspicious,0.089211,0.098801,175,ok;blank;blank;blank,/cpfs/user/zhuzihou/assets/dedup_workspaces/test0_transitive_apply_parallel/dataset/GRScenes_assets/cabinet/b99d258732159888586c2f51a5497167,/cpfs/user/zhuzihou/assets/dedup_workspaces/test0_transitive_apply_parallel/dataset/GRScenes_assets/cabinet/b99d258732159888586c2f51a5497167/usd/b99d258732159888586c2f51a5497167.usd
cabinet,b9de2d5b50dbb2dd091f0fbfc3ed9500,suspicious,0.010815,0.011395,103,blank;blank;ok;blank,/cpfs/user/zhuzihou/assets/dedup_workspaces/test0_transitive_apply_parallel/dataset/GRScenes_assets/cabinet/b9de2d5b50dbb2dd091f0fbfc3ed9500,/cpfs/user/zhuzihou/assets/dedup_workspaces/test0_transitive_apply_parallel/dataset/GRScenes_assets/cabinet/b9de2d5b50dbb2dd091f0fbfc3ed9500/usd/b9de2d5b50dbb2dd091f0fbfc3ed9500.usd
cabinet,ba215c775d9633bb01b431571603a57f,suspicious,0.039310,0.071716,188,blank;ok;blank;blank,/cpfs/user/zhuzihou/assets/dedup_workspaces/test0_transitive_apply_parallel/dataset/GRScenes_assets/cabinet/ba215c775d9633bb01b431571603a57f,/cpfs/user/zhuzihou/assets/dedup_workspaces/test0_transitive_apply_parallel/dataset/GRScenes_assets/cabinet/ba215c775d9633bb01b431571603a57f/usd/ba215c775d9633bb01b431571603a57f.usd
cabinet,ba56c3e6a715bc302fdebd862ecfb21e,suspicious,0.031639,0.038574,161,ok;ok;blank;blank,/cpfs/user/zhuzihou/assets/dedup_workspaces/test0_transitive_apply_parallel/dataset/GRScenes_assets/cabinet/ba56c3e6a715bc302fdebd862ecfb21e,/cpfs/user/zhuzihou/assets/dedup_workspaces/test0_transitive_apply_parallel/dataset/GRScenes_assets/cabinet/ba56c3e6a715bc302fdebd862ecfb21e/usd/ba56c3e6a715bc302fdebd862ecfb21e.usd
cabinet,baf56f14fe94ce6e51fc2fcd73877608,tiny,0.004101,0.006294,55,blank;blank;blank;tiny,/cpfs/user/zhuzihou/assets/dedup_workspaces/test0_transitive_apply_parallel/dataset/GRScenes_assets/cabinet/baf56f14fe94ce6e51fc2fcd73877608,/cpfs/user/zhuzihou/assets/dedup_workspaces/test0_transitive_apply_parallel/dataset/GRScenes_assets/cabinet/baf56f14fe94ce6e51fc2fcd73877608/usd/baf56f14fe94ce6e51fc2fcd73877608.usd
cabinet,bb8788bb75e34058841836fc14a60c22,suspicious,0.023544,0.037399,114,blank;blank;blank;ok,/cpfs/user/zhuzihou/assets/dedup_workspaces/test0_transitive_apply_parallel/dataset/GRScenes_assets/cabinet/bb8788bb75e34058841836fc14a60c22,/cpfs/user/zhuzihou/assets/dedup_workspaces/test0_transitive_apply_parallel/dataset/GRScenes_assets/cabinet/bb8788bb75e34058841836fc14a60c22/usd/bb8788bb75e34058841836fc14a60c22.usd
cabinet,bb9e1bce727fb787d4d2547978a22f3d,suspicious,0.030327,0.033752,158,blank;blank;ok;blank,/cpfs/user/zhuzihou/assets/dedup_workspaces/test0_transitive_apply_parallel/dataset/GRScenes_assets/cabinet/bb9e1bce727fb787d4d2547978a22f3d,/cpfs/user/zhuzihou/assets/dedup_workspaces/test0_transitive_apply_parallel/dataset/GRScenes_assets/cabinet/bb9e1bce727fb787d4d2547978a22f3d/usd/bb9e1bce727fb787d4d2547978a22f3d.usd
cabinet,bc535844bf4e712f401dd5d458b08b6d,suspicious,0.035393,0.039654,105,tiny;tiny;ok;ok,/cpfs/user/zhuzihou/assets/dedup_workspaces/test0_transitive_apply_parallel/dataset/GRScenes_assets/cabinet/bc535844bf4e712f401dd5d458b08b6d,/cpfs/user/zhuzihou/assets/dedup_workspaces/test0_transitive_apply_parallel/dataset/GRScenes_assets/cabinet/bc535844bf4e712f401dd5d458b08b6d/usd/bc535844bf4e712f401dd5d458b08b6d.usd
cabinet,bd0a5a4855f3f5693eb405f1723a2fc7,suspicious,0.047333,0.055122,170,ok;blank;blank;blank,/cpfs/user/zhuzihou/assets/dedup_workspaces/test0_transitive_apply_parallel/dataset/GRScenes_assets/cabinet/bd0a5a4855f3f5693eb405f1723a2fc7,/cpfs/user/zhuzihou/assets/dedup_workspaces/test0_transitive_apply_parallel/dataset/GRScenes_assets/cabinet/bd0a5a4855f3f5693eb405f1723a2fc7/usd/bd0a5a4855f3f5693eb405f1723a2fc7.usd
cabinet,bd222255965857d4d7fe7a529d4eb93a,suspicious,0.042667,0.050659,160,ok;tiny;ok;ok,/cpfs/user/zhuzihou/assets/dedup_workspaces/test0_transitive_apply_parallel/dataset/GRScenes_assets/cabinet/bd222255965857d4d7fe7a529d4eb93a,/cpfs/user/zhuzihou/assets/dedup_workspaces/test0_transitive_apply_parallel/dataset/GRScenes_assets/cabinet/bd222255965857d4d7fe7a529d4eb93a/usd/bd222255965857d4d7fe7a529d4eb93a.usd
cabinet,be2234dbba941a17522a2cf48d88d268,suspicious,0.064747,0.093449,187,ok;ok;blank;blank,/cpfs/user/zhuzihou/assets/dedup_workspaces/test0_transitive_apply_parallel/dataset/GRScenes_assets/cabinet/be2234dbba941a17522a2cf48d88d268,/cpfs/user/zhuzihou/assets/dedup_workspaces/test0_transitive_apply_parallel/dataset/GRScenes_assets/cabinet/be2234dbba941a17522a2cf48d88d268/usd/be2234dbba941a17522a2cf48d88d268.usd
cabinet,bea2af1646624c455f03838f1903cbac,blank,0.000000,0.000000,0,blank;blank;blank;blank,/cpfs/user/zhuzihou/assets/dedup_workspaces/test0_transitive_apply_parallel/dataset/GRScenes_assets/cabinet/bea2af1646624c455f03838f1903cbac,/cpfs/user/zhuzihou/assets/dedup_workspaces/test0_transitive_apply_parallel/dataset/GRScenes_assets/cabinet/bea2af1646624c455f03838f1903cbac/usd/bea2af1646624c455f03838f1903cbac.usd
cabinet,c2baafe7faae17a654ae50ac0794baa7,tiny,0.002113,0.012897,69,blank;tiny;blank;blank,/cpfs/user/zhuzihou/assets/dedup_workspaces/test0_transitive_apply_parallel/dataset/GRScenes_assets/cabinet/c2baafe7faae17a654ae50ac0794baa7,/cpfs/user/zhuzihou/assets/dedup_workspaces/test0_transitive_apply_parallel/dataset/GRScenes_assets/cabinet/c2baafe7faae17a654ae50ac0794baa7/usd/c2baafe7faae17a654ae50ac0794baa7.usd
cabinet,c32ceb8e0963306845e5ca8a739d9d0c,suspicious,0.021973,0.024002,143,ok;blank;blank;blank,/cpfs/user/zhuzihou/assets/dedup_workspaces/test0_transitive_apply_parallel/dataset/GRScenes_assets/cabinet/c32ceb8e0963306845e5ca8a739d9d0c,/cpfs/user/zhuzihou/assets/dedup_workspaces/test0_transitive_apply_parallel/dataset/GRScenes_assets/cabinet/c32ceb8e0963306845e5ca8a739d9d0c/usd/c32ceb8e0963306845e5ca8a739d9d0c.usd
cabinet,c374d6871c66a3e3addaf9ca544316fd,suspicious,0.027176,0.028809,128,blank;blank;ok;blank,/cpfs/user/zhuzihou/assets/dedup_workspaces/test0_transitive_apply_parallel/dataset/GRScenes_assets/cabinet/c374d6871c66a3e3addaf9ca544316fd,/cpfs/user/zhuzihou/assets/dedup_workspaces/test0_transitive_apply_parallel/dataset/GRScenes_assets/cabinet/c374d6871c66a3e3addaf9ca544316fd/usd/c374d6871c66a3e3addaf9ca544316fd.usd
cabinet,c3d775aaa4117e7169a87f1ba6ad6eec,suspicious,0.007641,0.008057,192,blank;blank;ok;blank,/cpfs/user/zhuzihou/assets/dedup_workspaces/test0_transitive_apply_parallel/dataset/GRScenes_assets/cabinet/c3d775aaa4117e7169a87f1ba6ad6eec,/cpfs/user/zhuzihou/assets/dedup_workspaces/test0_transitive_apply_parallel/dataset/GRScenes_assets/cabinet/c3d775aaa4117e7169a87f1ba6ad6eec/usd/c3d775aaa4117e7169a87f1ba6ad6eec.usd
cabinet,c43392a9e2dd7be34b1a6a7cdc7747fb,suspicious,0.008347,0.013550,220,blank;tiny;ok;blank,/cpfs/user/zhuzihou/assets/dedup_workspaces/test0_transitive_apply_parallel/dataset/GRScenes_assets/cabinet/c43392a9e2dd7be34b1a6a7cdc7747fb,/cpfs/user/zhuzihou/assets/dedup_workspaces/test0_transitive_apply_parallel/dataset/GRScenes_assets/cabinet/c43392a9e2dd7be34b1a6a7cdc7747fb/usd/c43392a9e2dd7be34b1a6a7cdc7747fb.usd
cabinet,c4c751bead45675090d7b4adda928f55,suspicious,0.019947,0.024376,90,tiny;tiny;ok;tiny,/cpfs/user/zhuzihou/assets/dedup_workspaces/test0_transitive_apply_parallel/dataset/GRScenes_assets/cabinet/c4c751bead45675090d7b4adda928f55,/cpfs/user/zhuzihou/assets/dedup_workspaces/test0_transitive_apply_parallel/dataset/GRScenes_assets/cabinet/c4c751bead45675090d7b4adda928f55/usd/c4c751bead45675090d7b4adda928f55.usd
cabinet,c4ea5b9a659e221f4f93fcea6b548a5b,suspicious,0.022297,0.024719,109,tiny;ok;ok;ok,/cpfs/user/zhuzihou/assets/dedup_workspaces/test0_transitive_apply_parallel/dataset/GRScenes_assets/cabinet/c4ea5b9a659e221f4f93fcea6b548a5b,/cpfs/user/zhuzihou/assets/dedup_workspaces/test0_transitive_apply_parallel/dataset/GRScenes_assets/cabinet/c4ea5b9a659e221f4f93fcea6b548a5b/usd/c4ea5b9a659e221f4f93fcea6b548a5b.usd
cabinet,c519f1a811a84b231232c3808588b911,suspicious,0.017715,0.026245,86,blank;ok;blank;blank,/cpfs/user/zhuzihou/assets/dedup_workspaces/test0_transitive_apply_parallel/dataset/GRScenes_assets/cabinet/c519f1a811a84b231232c3808588b911,/cpfs/user/zhuzihou/assets/dedup_workspaces/test0_transitive_apply_parallel/dataset/GRScenes_assets/cabinet/c519f1a811a84b231232c3808588b911/usd/c519f1a811a84b231232c3808588b911.usd
cabinet,c565c84bc38df671c1800c35c818d8b3,suspicious,0.061531,0.067017,183,blank;blank;ok;ok,/cpfs/user/zhuzihou/assets/dedup_workspaces/test0_transitive_apply_parallel/dataset/GRScenes_assets/cabinet/c565c84bc38df671c1800c35c818d8b3,/cpfs/user/zhuzihou/assets/dedup_workspaces/test0_transitive_apply_parallel/dataset/GRScenes_assets/cabinet/c565c84bc38df671c1800c35c818d8b3/usd/c565c84bc38df671c1800c35c818d8b3.usd
cabinet,c59b74e1cda143c49625c0b06c36e64e,suspicious,0.006466,0.009167,89,blank;blank;blank;ok,/cpfs/user/zhuzihou/assets/dedup_workspaces/test0_transitive_apply_parallel/dataset/GRScenes_assets/cabinet/c59b74e1cda143c49625c0b06c36e64e,/cpfs/user/zhuzihou/assets/dedup_workspaces/test0_transitive_apply_parallel/dataset/GRScenes_assets/cabinet/c59b74e1cda143c49625c0b06c36e64e/usd/c59b74e1cda143c49625c0b06c36e64e.usd
cabinet,c6113ae3b3652c485c02a0dca2a4a175,suspicious,0.026218,0.041962,128,ok;ok;tiny;tiny,/cpfs/user/zhuzihou/assets/dedup_workspaces/test0_transitive_apply_parallel/dataset/GRScenes_assets/cabinet/c6113ae3b3652c485c02a0dca2a4a175,/cpfs/user/zhuzihou/assets/dedup_workspaces/test0_transitive_apply_parallel/dataset/GRScenes_assets/cabinet/c6113ae3b3652c485c02a0dca2a4a175/usd/c6113ae3b3652c485c02a0dca2a4a175.usd
cabinet,c7c94deabb0a556a6953cfa454e62bca,suspicious,0.004311,0.019089,139,blank;blank;ok;blank,/cpfs/user/zhuzihou/assets/dedup_workspaces/test0_transitive_apply_parallel/dataset/GRScenes_assets/cabinet/c7c94deabb0a556a6953cfa454e62bca,/cpfs/user/zhuzihou/assets/dedup_workspaces/test0_transitive_apply_parallel/dataset/GRScenes_assets/cabinet/c7c94deabb0a556a6953cfa454e62bca/usd/c7c94deabb0a556a6953cfa454e62bca.usd
cabinet,c803d393caa7ac5f1ff0fb53e3ff80a8,blank,0.000000,0.000000,0,blank;blank;blank;blank,/cpfs/user/zhuzihou/assets/dedup_workspaces/test0_transitive_apply_parallel/dataset/GRScenes_assets/cabinet/c803d393caa7ac5f1ff0fb53e3ff80a8,/cpfs/user/zhuzihou/assets/dedup_workspaces/test0_transitive_apply_parallel/dataset/GRScenes_assets/cabinet/c803d393caa7ac5f1ff0fb53e3ff80a8/usd/c803d393caa7ac5f1ff0fb53e3ff80a8.usd
cabinet,c935d086c0db421b10a76997bae4453f,suspicious,0.020752,0.025715,111,ok;ok;ok;tiny,/cpfs/user/zhuzihou/assets/dedup_workspaces/test0_transitive_apply_parallel/dataset/GRScenes_assets/cabinet/c935d086c0db421b10a76997bae4453f,/cpfs/user/zhuzihou/assets/dedup_workspaces/test0_transitive_apply_parallel/dataset/GRScenes_assets/cabinet/c935d086c0db421b10a76997bae4453f/usd/c935d086c0db421b10a76997bae4453f.usd
cabinet,c95de9eff5043760a8ed53a3a0e6f608,suspicious,0.037766,0.043152,147,ok;ok;tiny;tiny,/cpfs/user/zhuzihou/assets/dedup_workspaces/test0_transitive_apply_parallel/dataset/GRScenes_assets/cabinet/c95de9eff5043760a8ed53a3a0e6f608,/cpfs/user/zhuzihou/assets/dedup_workspaces/test0_transitive_apply_parallel/dataset/GRScenes_assets/cabinet/c95de9eff5043760a8ed53a3a0e6f608/usd/c95de9eff5043760a8ed53a3a0e6f608.usd
cabinet,cb561db826a2ed38da0ed8eccc202c47,suspicious,0.048485,0.057236,124,ok;tiny;ok;ok,/cpfs/user/zhuzihou/assets/dedup_workspaces/test0_transitive_apply_parallel/dataset/GRScenes_assets/cabinet/cb561db826a2ed38da0ed8eccc202c47,/cpfs/user/zhuzihou/assets/dedup_workspaces/test0_transitive_apply_parallel/dataset/GRScenes_assets/cabinet/cb561db826a2ed38da0ed8eccc202c47/usd/cb561db826a2ed38da0ed8eccc202c47.usd
cabinet,cbab51254d16b6acf1685955b2b002d0,suspicious,0.048630,0.072922,162,blank;ok;blank;blank,/cpfs/user/zhuzihou/assets/dedup_workspaces/test0_transitive_apply_parallel/dataset/GRScenes_assets/cabinet/cbab51254d16b6acf1685955b2b002d0,/cpfs/user/zhuzihou/assets/dedup_workspaces/test0_transitive_apply_parallel/dataset/GRScenes_assets/cabinet/cbab51254d16b6acf1685955b2b002d0/usd/cbab51254d16b6acf1685955b2b002d0.usd
cabinet,ccd0c711954dc3dbe2d508f03b451ef4,suspicious,0.061687,0.065163,219,blank;ok;ok;blank,/cpfs/user/zhuzihou/assets/dedup_workspaces/test0_transitive_apply_parallel/dataset/GRScenes_assets/cabinet/ccd0c711954dc3dbe2d508f03b451ef4,/cpfs/user/zhuzihou/assets/dedup_workspaces/test0_transitive_apply_parallel/dataset/GRScenes_assets/cabinet/ccd0c711954dc3dbe2d508f03b451ef4/usd/ccd0c711954dc3dbe2d508f03b451ef4.usd
cabinet,cd669d742c1c364140fc9956e5e6e29d,suspicious,0.002892,0.003052,100,blank;blank;blank;ok,/cpfs/user/zhuzihou/assets/dedup_workspaces/test0_transitive_apply_parallel/dataset/GRScenes_assets/cabinet/cd669d742c1c364140fc9956e5e6e29d,/cpfs/user/zhuzihou/assets/dedup_workspaces/test0_transitive_apply_parallel/dataset/GRScenes_assets/cabinet/cd669d742c1c364140fc9956e5e6e29d/usd/cd669d742c1c364140fc9956e5e6e29d.usd
cabinet,cd8e798a564acb1564dc284cbcc5d087,tiny,0.015152,0.016479,72,blank;blank;tiny;blank,/cpfs/user/zhuzihou/assets/dedup_workspaces/test0_transitive_apply_parallel/dataset/GRScenes_assets/cabinet/cd8e798a564acb1564dc284cbcc5d087,/cpfs/user/zhuzihou/assets/dedup_workspaces/test0_transitive_apply_parallel/dataset/GRScenes_assets/cabinet/cd8e798a564acb1564dc284cbcc5d087/usd/cd8e798a564acb1564dc284cbcc5d087.usd
cabinet,ce6d6990195849f50462f4ff0a2b820b,tiny,0.012302,0.014343,80,tiny;blank;blank;blank,/cpfs/user/zhuzihou/assets/dedup_workspaces/test0_transitive_apply_parallel/dataset/GRScenes_assets/cabinet/ce6d6990195849f50462f4ff0a2b820b,/cpfs/user/zhuzihou/assets/dedup_workspaces/test0_transitive_apply_parallel/dataset/GRScenes_assets/cabinet/ce6d6990195849f50462f4ff0a2b820b/usd/ce6d6990195849f50462f4ff0a2b820b.usd
cabinet,cebf73466eb691bf9557a0dc4cf35f67,tiny,0.004848,0.005081,74,tiny;blank;blank;blank,/cpfs/user/zhuzihou/assets/dedup_workspaces/test0_transitive_apply_parallel/dataset/GRScenes_assets/cabinet/cebf73466eb691bf9557a0dc4cf35f67,/cpfs/user/zhuzihou/assets/dedup_workspaces/test0_transitive_apply_parallel/dataset/GRScenes_assets/cabinet/cebf73466eb691bf9557a0dc4cf35f67/usd/cebf73466eb691bf9557a0dc4cf35f67.usd
cabinet,cec0a421ba45b978178906a454e11f53,suspicious,0.047676,0.059891,157,ok;tiny;ok;ok,/cpfs/user/zhuzihou/assets/dedup_workspaces/test0_transitive_apply_parallel/dataset/GRScenes_assets/cabinet/cec0a421ba45b978178906a454e11f53,/cpfs/user/zhuzihou/assets/dedup_workspaces/test0_transitive_apply_parallel/dataset/GRScenes_assets/cabinet/cec0a421ba45b978178906a454e11f53/usd/cec0a421ba45b978178906a454e11f53.usd
cabinet,cec86013d20d97c5cddbc52c0271daa9,suspicious,0.029854,0.031052,148,blank;blank;ok;blank,/cpfs/user/zhuzihou/assets/dedup_workspaces/test0_transitive_apply_parallel/dataset/GRScenes_assets/cabinet/cec86013d20d97c5cddbc52c0271daa9,/cpfs/user/zhuzihou/assets/dedup_workspaces/test0_transitive_apply_parallel/dataset/GRScenes_assets/cabinet/cec86013d20d97c5cddbc52c0271daa9/usd/cec86013d20d97c5cddbc52c0271daa9.usd
cabinet,cee3098512f795e9d95ea3d81f7bbc4a,suspicious,0.028263,0.033134,101,ok;ok;tiny;tiny,/cpfs/user/zhuzihou/assets/dedup_workspaces/test0_transitive_apply_parallel/dataset/GRScenes_assets/cabinet/cee3098512f795e9d95ea3d81f7bbc4a,/cpfs/user/zhuzihou/assets/dedup_workspaces/test0_transitive_apply_parallel/dataset/GRScenes_assets/cabinet/cee3098512f795e9d95ea3d81f7bbc4a/usd/cee3098512f795e9d95ea3d81f7bbc4a.usd
cabinet,cefd05f9afdac3ea57802435e42820d0,tiny,0.009541,0.011753,79,tiny;blank;blank;blank,/cpfs/user/zhuzihou/assets/dedup_workspaces/test0_transitive_apply_parallel/dataset/GRScenes_assets/cabinet/cefd05f9afdac3ea57802435e42820d0,/cpfs/user/zhuzihou/assets/dedup_workspaces/test0_transitive_apply_parallel/dataset/GRScenes_assets/cabinet/cefd05f9afdac3ea57802435e42820d0/usd/cefd05f9afdac3ea57802435e42820d0.usd
cabinet,cf7f48de4042e45bc9ae086dc3a21208,suspicious,0.021194,0.024033,100,ok;ok;tiny;ok,/cpfs/user/zhuzihou/assets/dedup_workspaces/test0_transitive_apply_parallel/dataset/GRScenes_assets/cabinet/cf7f48de4042e45bc9ae086dc3a21208,/cpfs/user/zhuzihou/assets/dedup_workspaces/test0_transitive_apply_parallel/dataset/GRScenes_assets/cabinet/cf7f48de4042e45bc9ae086dc3a21208/usd/cf7f48de4042e45bc9ae086dc3a21208.usd
cabinet,cf90253939f8aceae7cde192b36bb535,suspicious,0.126331,0.147663,356,blank;ok;ok;ok,/cpfs/user/zhuzihou/assets/dedup_workspaces/test0_transitive_apply_parallel/dataset/GRScenes_assets/cabinet/cf90253939f8aceae7cde192b36bb535,/cpfs/user/zhuzihou/assets/dedup_workspaces/test0_transitive_apply_parallel/dataset/GRScenes_assets/cabinet/cf90253939f8aceae7cde192b36bb535/usd/cf90253939f8aceae7cde192b36bb535.usd
cabinet,d0ef1eb90058ae933c334290d1ac83fc,blank,0.000000,0.000000,0,blank;blank;blank;blank,/cpfs/user/zhuzihou/assets/dedup_workspaces/test0_transitive_apply_parallel/dataset/GRScenes_assets/cabinet/d0ef1eb90058ae933c334290d1ac83fc,/cpfs/user/zhuzihou/assets/dedup_workspaces/test0_transitive_apply_parallel/dataset/GRScenes_assets/cabinet/d0ef1eb90058ae933c334290d1ac83fc/usd/d0ef1eb90058ae933c334290d1ac83fc.usd
cabinet,d25b1eaa551dc87164ebc6fecefa5e20,tiny,0.006718,0.007553,45,blank;blank;blank;tiny,/cpfs/user/zhuzihou/assets/dedup_workspaces/test0_transitive_apply_parallel/dataset/GRScenes_assets/cabinet/d25b1eaa551dc87164ebc6fecefa5e20,/cpfs/user/zhuzihou/assets/dedup_workspaces/test0_transitive_apply_parallel/dataset/GRScenes_assets/cabinet/d25b1eaa551dc87164ebc6fecefa5e20/usd/d25b1eaa551dc87164ebc6fecefa5e20.usd
cabinet,d3bc8f87f7e6cefe8791c439590e8b46,suspicious,0.027222,0.031471,125,tiny;ok;ok;tiny,/cpfs/user/zhuzihou/assets/dedup_workspaces/test0_transitive_apply_parallel/dataset/GRScenes_assets/cabinet/d3bc8f87f7e6cefe8791c439590e8b46,/cpfs/user/zhuzihou/assets/dedup_workspaces/test0_transitive_apply_parallel/dataset/GRScenes_assets/cabinet/d3bc8f87f7e6cefe8791c439590e8b46/usd/d3bc8f87f7e6cefe8791c439590e8b46.usd
cabinet,d42176c5fe4029f74677527b7af8e20e,suspicious,0.003864,0.007725,81,blank;blank;tiny;ok,/cpfs/user/zhuzihou/assets/dedup_workspaces/test0_transitive_apply_parallel/dataset/GRScenes_assets/cabinet/d42176c5fe4029f74677527b7af8e20e,/cpfs/user/zhuzihou/assets/dedup_workspaces/test0_transitive_apply_parallel/dataset/GRScenes_assets/cabinet/d42176c5fe4029f74677527b7af8e20e/usd/d42176c5fe4029f74677527b7af8e20e.usd
cabinet,d42f2e8221d899971e2effeaf540e2cb,tiny,0.008133,0.011810,72,blank;blank;blank;tiny,/cpfs/user/zhuzihou/assets/dedup_workspaces/test0_transitive_apply_parallel/dataset/GRScenes_assets/cabinet/d42f2e8221d899971e2effeaf540e2cb,/cpfs/user/zhuzihou/assets/dedup_workspaces/test0_transitive_apply_parallel/dataset/GRScenes_assets/cabinet/d42f2e8221d899971e2effeaf540e2cb/usd/d42f2e8221d899971e2effeaf540e2cb.usd
cabinet,d4c62cb1f5020fbdb15a98dc29e3f004,suspicious,0.036285,0.047962,132,tiny;ok;ok;ok,/cpfs/user/zhuzihou/assets/dedup_workspaces/test0_transitive_apply_parallel/dataset/GRScenes_assets/cabinet/d4c62cb1f5020fbdb15a98dc29e3f004,/cpfs/user/zhuzihou/assets/dedup_workspaces/test0_transitive_apply_parallel/dataset/GRScenes_assets/cabinet/d4c62cb1f5020fbdb15a98dc29e3f004/usd/d4c62cb1f5020fbdb15a98dc29e3f004.usd
cabinet,d6f9fe2fb4c44b92cceba829a357f7ed,suspicious,0.112457,0.125717,214,ok;ok;blank;blank,/cpfs/user/zhuzihou/assets/dedup_workspaces/test0_transitive_apply_parallel/dataset/GRScenes_assets/cabinet/d6f9fe2fb4c44b92cceba829a357f7ed,/cpfs/user/zhuzihou/assets/dedup_workspaces/test0_transitive_apply_parallel/dataset/GRScenes_assets/cabinet/d6f9fe2fb4c44b92cceba829a357f7ed/usd/d6f9fe2fb4c44b92cceba829a357f7ed.usd
cabinet,d7369035ad50d263c7bb172b208d92c2,blank,0.000000,0.000000,0,blank;blank;blank;blank,/cpfs/user/zhuzihou/assets/dedup_workspaces/test0_transitive_apply_parallel/dataset/GRScenes_assets/cabinet/d7369035ad50d263c7bb172b208d92c2,/cpfs/user/zhuzihou/assets/dedup_workspaces/test0_transitive_apply_parallel/dataset/GRScenes_assets/cabinet/d7369035ad50d263c7bb172b208d92c2/usd/d7369035ad50d263c7bb172b208d92c2.usd
cabinet,d7698ecd95c919e1fc3adb1a72dd7fcc,suspicious,0.008896,0.011669,133,blank;ok;blank;blank,/cpfs/user/zhuzihou/assets/dedup_workspaces/test0_transitive_apply_parallel/dataset/GRScenes_assets/cabinet/d7698ecd95c919e1fc3adb1a72dd7fcc,/cpfs/user/zhuzihou/assets/dedup_workspaces/test0_transitive_apply_parallel/dataset/GRScenes_assets/cabinet/d7698ecd95c919e1fc3adb1a72dd7fcc/usd/d7698ecd95c919e1fc3adb1a72dd7fcc.usd
cabinet,d8081d8a224daa5d3b0f2d803c29028e,suspicious,0.018490,0.027588,113,blank;blank;blank;ok,/cpfs/user/zhuzihou/assets/dedup_workspaces/test0_transitive_apply_parallel/dataset/GRScenes_assets/cabinet/d8081d8a224daa5d3b0f2d803c29028e,/cpfs/user/zhuzihou/assets/dedup_workspaces/test0_transitive_apply_parallel/dataset/GRScenes_assets/cabinet/d8081d8a224daa5d3b0f2d803c29028e/usd/d8081d8a224daa5d3b0f2d803c29028e.usd
cabinet,d87f3842bfda3078627155cd8d492330,suspicious,0.025505,0.035667,110,blank;blank;ok;blank,/cpfs/user/zhuzihou/assets/dedup_workspaces/test0_transitive_apply_parallel/dataset/GRScenes_assets/cabinet/d87f3842bfda3078627155cd8d492330,/cpfs/user/zhuzihou/assets/dedup_workspaces/test0_transitive_apply_parallel/dataset/GRScenes_assets/cabinet/d87f3842bfda3078627155cd8d492330/usd/d87f3842bfda3078627155cd8d492330.usd
cabinet,da15ecae646653e80b36758c5d46f0da,suspicious,0.066948,0.071163,205,ok;blank;blank;tiny,/cpfs/user/zhuzihou/assets/dedup_workspaces/test0_transitive_apply_parallel/dataset/GRScenes_assets/cabinet/da15ecae646653e80b36758c5d46f0da,/cpfs/user/zhuzihou/assets/dedup_workspaces/test0_transitive_apply_parallel/dataset/GRScenes_assets/cabinet/da15ecae646653e80b36758c5d46f0da/usd/da15ecae646653e80b36758c5d46f0da.usd
cabinet,da36bd2ae3a9bdf958a886ed34e8a088,suspicious,0.003323,0.007050,88,ok;blank;blank;blank,/cpfs/user/zhuzihou/assets/dedup_workspaces/test0_transitive_apply_parallel/dataset/GRScenes_assets/cabinet/da36bd2ae3a9bdf958a886ed34e8a088,/cpfs/user/zhuzihou/assets/dedup_workspaces/test0_transitive_apply_parallel/dataset/GRScenes_assets/cabinet/da36bd2ae3a9bdf958a886ed34e8a088/usd/da36bd2ae3a9bdf958a886ed34e8a088.usd
cabinet,dba56e0165ad4beaf1e22d5eb14ee64d,suspicious,0.064728,0.068970,160,blank;blank;ok;blank,/cpfs/user/zhuzihou/assets/dedup_workspaces/test0_transitive_apply_parallel/dataset/GRScenes_assets/cabinet/dba56e0165ad4beaf1e22d5eb14ee64d,/cpfs/user/zhuzihou/assets/dedup_workspaces/test0_transitive_apply_parallel/dataset/GRScenes_assets/cabinet/dba56e0165ad4beaf1e22d5eb14ee64d/usd/dba56e0165ad4beaf1e22d5eb14ee64d.usd
cabinet,dbec0996b6cff910ffcfbdcd779eda2d,suspicious,0.056789,0.069000,136,ok;ok;blank;blank,/cpfs/user/zhuzihou/assets/dedup_workspaces/test0_transitive_apply_parallel/dataset/GRScenes_assets/cabinet/dbec0996b6cff910ffcfbdcd779eda2d,/cpfs/user/zhuzihou/assets/dedup_workspaces/test0_transitive_apply_parallel/dataset/GRScenes_assets/cabinet/dbec0996b6cff910ffcfbdcd779eda2d/usd/dbec0996b6cff910ffcfbdcd779eda2d.usd
cabinet,dc69ec5a1d815db86e23193601e529ee,suspicious,0.045975,0.061218,136,blank;ok;blank;blank,/cpfs/user/zhuzihou/assets/dedup_workspaces/test0_transitive_apply_parallel/dataset/GRScenes_assets/cabinet/dc69ec5a1d815db86e23193601e529ee,/cpfs/user/zhuzihou/assets/dedup_workspaces/test0_transitive_apply_parallel/dataset/GRScenes_assets/cabinet/dc69ec5a1d815db86e23193601e529ee/usd/dc69ec5a1d815db86e23193601e529ee.usd
cabinet,dc806be9b2966a6a2aa7f01b1294b886,suspicious,0.028091,0.030945,151,ok;ok;tiny;ok,/cpfs/user/zhuzihou/assets/dedup_workspaces/test0_transitive_apply_parallel/dataset/GRScenes_assets/cabinet/dc806be9b2966a6a2aa7f01b1294b886,/cpfs/user/zhuzihou/assets/dedup_workspaces/test0_transitive_apply_parallel/dataset/GRScenes_assets/cabinet/dc806be9b2966a6a2aa7f01b1294b886/usd/dc806be9b2966a6a2aa7f01b1294b886.usd
cabinet,dd20d3ca674061250e14bc286a24a591,suspicious,0.108067,0.150711,238,blank;blank;ok;ok,/cpfs/user/zhuzihou/assets/dedup_workspaces/test0_transitive_apply_parallel/dataset/GRScenes_assets/cabinet/dd20d3ca674061250e14bc286a24a591,/cpfs/user/zhuzihou/assets/dedup_workspaces/test0_transitive_apply_parallel/dataset/GRScenes_assets/cabinet/dd20d3ca674061250e14bc286a24a591/usd/dd20d3ca674061250e14bc286a24a591.usd
cabinet,dd99dcc88437c46ff91c42b4bcf8b829,suspicious,0.028679,0.030090,136,tiny;ok;ok;tiny,/cpfs/user/zhuzihou/assets/dedup_workspaces/test0_transitive_apply_parallel/dataset/GRScenes_assets/cabinet/dd99dcc88437c46ff91c42b4bcf8b829,/cpfs/user/zhuzihou/assets/dedup_workspaces/test0_transitive_apply_parallel/dataset/GRScenes_assets/cabinet/dd99dcc88437c46ff91c42b4bcf8b829/usd/dd99dcc88437c46ff91c42b4bcf8b829.usd
cabinet,ddbc8069711d9fc845959c398d9337dd,suspicious,0.024380,0.033852,102,blank;ok;blank;blank,/cpfs/user/zhuzihou/assets/dedup_workspaces/test0_transitive_apply_parallel/dataset/GRScenes_assets/cabinet/ddbc8069711d9fc845959c398d9337dd,/cpfs/user/zhuzihou/assets/dedup_workspaces/test0_transitive_apply_parallel/dataset/GRScenes_assets/cabinet/ddbc8069711d9fc845959c398d9337dd/usd/ddbc8069711d9fc845959c398d9337dd.usd
cabinet,de8c2d6839aab19829e78df1d7524277,suspicious,0.010250,0.011124,108,blank;blank;blank;ok,/cpfs/user/zhuzihou/assets/dedup_workspaces/test0_transitive_apply_parallel/dataset/GRScenes_assets/cabinet/de8c2d6839aab19829e78df1d7524277,/cpfs/user/zhuzihou/assets/dedup_workspaces/test0_transitive_apply_parallel/dataset/GRScenes_assets/cabinet/de8c2d6839aab19829e78df1d7524277/usd/de8c2d6839aab19829e78df1d7524277.usd
cabinet,deb8cd7ff9147ab060e90f315686a647,suspicious,0.027622,0.028610,150,blank;blank;blank;ok,/cpfs/user/zhuzihou/assets/dedup_workspaces/test0_transitive_apply_parallel/dataset/GRScenes_assets/cabinet/deb8cd7ff9147ab060e90f315686a647,/cpfs/user/zhuzihou/assets/dedup_workspaces/test0_transitive_apply_parallel/dataset/GRScenes_assets/cabinet/deb8cd7ff9147ab060e90f315686a647/usd/deb8cd7ff9147ab060e90f315686a647.usd
cabinet,def8f92095cc409637c90677fdc879ce,tiny,0.002605,0.003719,39,blank;tiny;blank;blank,/cpfs/user/zhuzihou/assets/dedup_workspaces/test0_transitive_apply_parallel/dataset/GRScenes_assets/cabinet/def8f92095cc409637c90677fdc879ce,/cpfs/user/zhuzihou/assets/dedup_workspaces/test0_transitive_apply_parallel/dataset/GRScenes_assets/cabinet/def8f92095cc409637c90677fdc879ce/usd/def8f92095cc409637c90677fdc879ce.usd
cabinet,e15f4b04cebaddc657da1bbebf0d5038,suspicious,0.031696,0.033112,140,ok;blank;blank;blank,/cpfs/user/zhuzihou/assets/dedup_workspaces/test0_transitive_apply_parallel/dataset/GRScenes_assets/cabinet/e15f4b04cebaddc657da1bbebf0d5038,/cpfs/user/zhuzihou/assets/dedup_workspaces/test0_transitive_apply_parallel/dataset/GRScenes_assets/cabinet/e15f4b04cebaddc657da1bbebf0d5038/usd/e15f4b04cebaddc657da1bbebf0d5038.usd
cabinet,e2066750ba0fcffa83eda55473256602,suspicious,0.040733,0.048351,169,ok;ok;ok;blank,/cpfs/user/zhuzihou/assets/dedup_workspaces/test0_transitive_apply_parallel/dataset/GRScenes_assets/cabinet/e2066750ba0fcffa83eda55473256602,/cpfs/user/zhuzihou/assets/dedup_workspaces/test0_transitive_apply_parallel/dataset/GRScenes_assets/cabinet/e2066750ba0fcffa83eda55473256602/usd/e2066750ba0fcffa83eda55473256602.usd
cabinet,e21d4bb1dbfcf5807d8aa4418113613c,tiny,0.007736,0.008926,60,blank;blank;tiny;blank,/cpfs/user/zhuzihou/assets/dedup_workspaces/test0_transitive_apply_parallel/dataset/GRScenes_assets/cabinet/e21d4bb1dbfcf5807d8aa4418113613c,/cpfs/user/zhuzihou/assets/dedup_workspaces/test0_transitive_apply_parallel/dataset/GRScenes_assets/cabinet/e21d4bb1dbfcf5807d8aa4418113613c/usd/e21d4bb1dbfcf5807d8aa4418113613c.usd
cabinet,e2215f4ea7ad96b95c2ae85b9cf61bef,suspicious,0.106598,0.129089,278,ok;ok;blank;blank,/cpfs/user/zhuzihou/assets/dedup_workspaces/test0_transitive_apply_parallel/dataset/GRScenes_assets/cabinet/e2215f4ea7ad96b95c2ae85b9cf61bef,/cpfs/user/zhuzihou/assets/dedup_workspaces/test0_transitive_apply_parallel/dataset/GRScenes_assets/cabinet/e2215f4ea7ad96b95c2ae85b9cf61bef/usd/e2215f4ea7ad96b95c2ae85b9cf61bef.usd
cabinet,e29a46128e53d771b18dfbe3046b6247,suspicious,0.027302,0.034332,125,ok;ok;tiny;tiny,/cpfs/user/zhuzihou/assets/dedup_workspaces/test0_transitive_apply_parallel/dataset/GRScenes_assets/cabinet/e29a46128e53d771b18dfbe3046b6247,/cpfs/user/zhuzihou/assets/dedup_workspaces/test0_transitive_apply_parallel/dataset/GRScenes_assets/cabinet/e29a46128e53d771b18dfbe3046b6247/usd/e29a46128e53d771b18dfbe3046b6247.usd
cabinet,e2b8800c58a36ce26a041ea22343d54a,tiny,0.002224,0.003128,41,tiny;blank;blank;blank,/cpfs/user/zhuzihou/assets/dedup_workspaces/test0_transitive_apply_parallel/dataset/GRScenes_assets/cabinet/e2b8800c58a36ce26a041ea22343d54a,/cpfs/user/zhuzihou/assets/dedup_workspaces/test0_transitive_apply_parallel/dataset/GRScenes_assets/cabinet/e2b8800c58a36ce26a041ea22343d54a/usd/e2b8800c58a36ce26a041ea22343d54a.usd
cabinet,e2ff023772049113ad2becaf16f9d76e,suspicious,0.027851,0.033592,119,tiny;ok;ok;tiny,/cpfs/user/zhuzihou/assets/dedup_workspaces/test0_transitive_apply_parallel/dataset/GRScenes_assets/cabinet/e2ff023772049113ad2becaf16f9d76e,/cpfs/user/zhuzihou/assets/dedup_workspaces/test0_transitive_apply_parallel/dataset/GRScenes_assets/cabinet/e2ff023772049113ad2becaf16f9d76e/usd/e2ff023772049113ad2becaf16f9d76e.usd
cabinet,e3227b69e963d8524b2ca42162c53b22,suspicious,0.041817,0.046349,162,tiny;ok;ok;ok,/cpfs/user/zhuzihou/assets/dedup_workspaces/test0_transitive_apply_parallel/dataset/GRScenes_assets/cabinet/e3227b69e963d8524b2ca42162c53b22,/cpfs/user/zhuzihou/assets/dedup_workspaces/test0_transitive_apply_parallel/dataset/GRScenes_assets/cabinet/e3227b69e963d8524b2ca42162c53b22/usd/e3227b69e963d8524b2ca42162c53b22.usd
cabinet,e344c0e0d1054db169d2c0ed258df664,suspicious,0.053215,0.072754,149,tiny;ok;ok;ok,/cpfs/user/zhuzihou/assets/dedup_workspaces/test0_transitive_apply_parallel/dataset/GRScenes_assets/cabinet/e344c0e0d1054db169d2c0ed258df664,/cpfs/user/zhuzihou/assets/dedup_workspaces/test0_transitive_apply_parallel/dataset/GRScenes_assets/cabinet/e344c0e0d1054db169d2c0ed258df664/usd/e344c0e0d1054db169d2c0ed258df664.usd
cabinet,e363e765f5560aec9ee5fa73ee565eed,suspicious,0.033092,0.046474,131,tiny;ok;ok;ok,/cpfs/user/zhuzihou/assets/dedup_workspaces/test0_transitive_apply_parallel/dataset/GRScenes_assets/cabinet/e363e765f5560aec9ee5fa73ee565eed,/cpfs/user/zhuzihou/assets/dedup_workspaces/test0_transitive_apply_parallel/dataset/GRScenes_assets/cabinet/e363e765f5560aec9ee5fa73ee565eed/usd/e363e765f5560aec9ee5fa73ee565eed.usd
cabinet,e3a719d21be5b76eedd1e29ca9aa7c06,suspicious,0.046391,0.063858,186,ok;ok;blank;blank,/cpfs/user/zhuzihou/assets/dedup_workspaces/test0_transitive_apply_parallel/dataset/GRScenes_assets/cabinet/e3a719d21be5b76eedd1e29ca9aa7c06,/cpfs/user/zhuzihou/assets/dedup_workspaces/test0_transitive_apply_parallel/dataset/GRScenes_assets/cabinet/e3a719d21be5b76eedd1e29ca9aa7c06/usd/e3a719d21be5b76eedd1e29ca9aa7c06.usd
cabinet,e40da5dc3ce0234ecde394b21499832d,suspicious,0.027679,0.039543,146,tiny;ok;ok;ok,/cpfs/user/zhuzihou/assets/dedup_workspaces/test0_transitive_apply_parallel/dataset/GRScenes_assets/cabinet/e40da5dc3ce0234ecde394b21499832d,/cpfs/user/zhuzihou/assets/dedup_workspaces/test0_transitive_apply_parallel/dataset/GRScenes_assets/cabinet/e40da5dc3ce0234ecde394b21499832d/usd/e40da5dc3ce0234ecde394b21499832d.usd
cabinet,e4838a619b3db92a09d0b70cb054e537,suspicious,0.121574,0.151840,321,blank;ok;ok;ok,/cpfs/user/zhuzihou/assets/dedup_workspaces/test0_transitive_apply_parallel/dataset/GRScenes_assets/cabinet/e4838a619b3db92a09d0b70cb054e537,/cpfs/user/zhuzihou/assets/dedup_workspaces/test0_transitive_apply_parallel/dataset/GRScenes_assets/cabinet/e4838a619b3db92a09d0b70cb054e537/usd/e4838a619b3db92a09d0b70cb054e537.usd
cabinet,e642d4dfb1c10a79760fffd5af95d005,suspicious,0.025635,0.043457,128,ok;blank;blank;blank,/cpfs/user/zhuzihou/assets/dedup_workspaces/test0_transitive_apply_parallel/dataset/GRScenes_assets/cabinet/e642d4dfb1c10a79760fffd5af95d005,/cpfs/user/zhuzihou/assets/dedup_workspaces/test0_transitive_apply_parallel/dataset/GRScenes_assets/cabinet/e642d4dfb1c10a79760fffd5af95d005/usd/e642d4dfb1c10a79760fffd5af95d005.usd
cabinet,e65ebd2a789aec63a2f55889c148fba9,suspicious,0.045746,0.072205,170,ok;blank;blank;ok,/cpfs/user/zhuzihou/assets/dedup_workspaces/test0_transitive_apply_parallel/dataset/GRScenes_assets/cabinet/e65ebd2a789aec63a2f55889c148fba9,/cpfs/user/zhuzihou/assets/dedup_workspaces/test0_transitive_apply_parallel/dataset/GRScenes_assets/cabinet/e65ebd2a789aec63a2f55889c148fba9/usd/e65ebd2a789aec63a2f55889c148fba9.usd
cabinet,e6705d1edaf4c72d9849e5720e05b98c,suspicious,0.027702,0.032185,143,blank;ok;blank;blank,/cpfs/user/zhuzihou/assets/dedup_workspaces/test0_transitive_apply_parallel/dataset/GRScenes_assets/cabinet/e6705d1edaf4c72d9849e5720e05b98c,/cpfs/user/zhuzihou/assets/dedup_workspaces/test0_transitive_apply_parallel/dataset/GRScenes_assets/cabinet/e6705d1edaf4c72d9849e5720e05b98c/usd/e6705d1edaf4c72d9849e5720e05b98c.usd
cabinet,e7419f536d31133abf8b371a38a3e4be,suspicious,0.015697,0.020355,116,blank;blank;blank;ok,/cpfs/user/zhuzihou/assets/dedup_workspaces/test0_transitive_apply_parallel/dataset/GRScenes_assets/cabinet/e7419f536d31133abf8b371a38a3e4be,/cpfs/user/zhuzihou/assets/dedup_workspaces/test0_transitive_apply_parallel/dataset/GRScenes_assets/cabinet/e7419f536d31133abf8b371a38a3e4be/usd/e7419f536d31133abf8b371a38a3e4be.usd
cabinet,e820faac0e5a4a862631cf93ce6126f5,suspicious,0.019623,0.020176,129,ok;blank;blank;blank,/cpfs/user/zhuzihou/assets/dedup_workspaces/test0_transitive_apply_parallel/dataset/GRScenes_assets/cabinet/e820faac0e5a4a862631cf93ce6126f5,/cpfs/user/zhuzihou/assets/dedup_workspaces/test0_transitive_apply_parallel/dataset/GRScenes_assets/cabinet/e820faac0e5a4a862631cf93ce6126f5/usd/e820faac0e5a4a862631cf93ce6126f5.usd
cabinet,e884b84801a6d5fba3a0319606077179,suspicious,0.015366,0.050247,178,blank;blank;ok;blank,/cpfs/user/zhuzihou/assets/dedup_workspaces/test0_transitive_apply_parallel/dataset/GRScenes_assets/cabinet/e884b84801a6d5fba3a0319606077179,/cpfs/user/zhuzihou/assets/dedup_workspaces/test0_transitive_apply_parallel/dataset/GRScenes_assets/cabinet/e884b84801a6d5fba3a0319606077179/usd/e884b84801a6d5fba3a0319606077179.usd
cabinet,e8cfc61faf8eea98f99938986cf4708c,suspicious,0.018318,0.021973,90,ok;blank;blank;blank,/cpfs/user/zhuzihou/assets/dedup_workspaces/test0_transitive_apply_parallel/dataset/GRScenes_assets/cabinet/e8cfc61faf8eea98f99938986cf4708c,/cpfs/user/zhuzihou/assets/dedup_workspaces/test0_transitive_apply_parallel/dataset/GRScenes_assets/cabinet/e8cfc61faf8eea98f99938986cf4708c/usd/e8cfc61faf8eea98f99938986cf4708c.usd
cabinet,e920d4d3e8679813cc97a1d8beb19655,suspicious,0.023487,0.031311,172,ok;tiny;ok;ok,/cpfs/user/zhuzihou/assets/dedup_workspaces/test0_transitive_apply_parallel/dataset/GRScenes_assets/cabinet/e920d4d3e8679813cc97a1d8beb19655,/cpfs/user/zhuzihou/assets/dedup_workspaces/test0_transitive_apply_parallel/dataset/GRScenes_assets/cabinet/e920d4d3e8679813cc97a1d8beb19655/usd/e920d4d3e8679813cc97a1d8beb19655.usd
cabinet,e9a0d1fb1944db825e611a36a9c14d31,suspicious,0.020859,0.022285,127,blank;blank;blank;ok,/cpfs/user/zhuzihou/assets/dedup_workspaces/test0_transitive_apply_parallel/dataset/GRScenes_assets/cabinet/e9a0d1fb1944db825e611a36a9c14d31,/cpfs/user/zhuzihou/assets/dedup_workspaces/test0_transitive_apply_parallel/dataset/GRScenes_assets/cabinet/e9a0d1fb1944db825e611a36a9c14d31/usd/e9a0d1fb1944db825e611a36a9c14d31.usd
cabinet,e9a4e1fc5ec5eaa27245f6a2b75993ba,tiny,0.001114,0.001175,28,blank;tiny;blank;blank,/cpfs/user/zhuzihou/assets/dedup_workspaces/test0_transitive_apply_parallel/dataset/GRScenes_assets/cabinet/e9a4e1fc5ec5eaa27245f6a2b75993ba,/cpfs/user/zhuzihou/assets/dedup_workspaces/test0_transitive_apply_parallel/dataset/GRScenes_assets/cabinet/e9a4e1fc5ec5eaa27245f6a2b75993ba/usd/e9a4e1fc5ec5eaa27245f6a2b75993ba.usd
cabinet,e9bb94d31eac951949f463a3e1f87bc0,suspicious,0.010979,0.016266,82,blank;blank;blank;ok,/cpfs/user/zhuzihou/assets/dedup_workspaces/test0_transitive_apply_parallel/dataset/GRScenes_assets/cabinet/e9bb94d31eac951949f463a3e1f87bc0,/cpfs/user/zhuzihou/assets/dedup_workspaces/test0_transitive_apply_parallel/dataset/GRScenes_assets/cabinet/e9bb94d31eac951949f463a3e1f87bc0/usd/e9bb94d31eac951949f463a3e1f87bc0.usd
cabinet,eae9f61ba47278ad6ca5c848ede930f7,suspicious,0.120258,0.144234,307,blank;tiny;ok;ok,/cpfs/user/zhuzihou/assets/dedup_workspaces/test0_transitive_apply_parallel/dataset/GRScenes_assets/cabinet/eae9f61ba47278ad6ca5c848ede930f7,/cpfs/user/zhuzihou/assets/dedup_workspaces/test0_transitive_apply_parallel/dataset/GRScenes_assets/cabinet/eae9f61ba47278ad6ca5c848ede930f7/usd/eae9f61ba47278ad6ca5c848ede930f7.usd
cabinet,eb6650a0ee9f6f88650a16d886e588b6,suspicious,0.031635,0.066940,214,blank;blank;ok;blank,/cpfs/user/zhuzihou/assets/dedup_workspaces/test0_transitive_apply_parallel/dataset/GRScenes_assets/cabinet/eb6650a0ee9f6f88650a16d886e588b6,/cpfs/user/zhuzihou/assets/dedup_workspaces/test0_transitive_apply_parallel/dataset/GRScenes_assets/cabinet/eb6650a0ee9f6f88650a16d886e588b6/usd/eb6650a0ee9f6f88650a16d886e588b6.usd
cabinet,ebc2b84a248d43815706c0cc06013d2d,blank,0.000000,0.000000,0,blank;blank;blank;blank,/cpfs/user/zhuzihou/assets/dedup_workspaces/test0_transitive_apply_parallel/dataset/GRScenes_assets/cabinet/ebc2b84a248d43815706c0cc06013d2d,/cpfs/user/zhuzihou/assets/dedup_workspaces/test0_transitive_apply_parallel/dataset/GRScenes_assets/cabinet/ebc2b84a248d43815706c0cc06013d2d/usd/ebc2b84a248d43815706c0cc06013d2d.usd
cabinet,ebd64c86dfbad9c07da8252d0b073d96,suspicious,0.008450,0.008545,224,ok;blank;blank;blank,/cpfs/user/zhuzihou/assets/dedup_workspaces/test0_transitive_apply_parallel/dataset/GRScenes_assets/cabinet/ebd64c86dfbad9c07da8252d0b073d96,/cpfs/user/zhuzihou/assets/dedup_workspaces/test0_transitive_apply_parallel/dataset/GRScenes_assets/cabinet/ebd64c86dfbad9c07da8252d0b073d96/usd/ebd64c86dfbad9c07da8252d0b073d96.usd
cabinet,ec5d34136c3f222a371ecb2de6d7825f,suspicious,0.007191,0.024391,139,ok;blank;blank;blank,/cpfs/user/zhuzihou/assets/dedup_workspaces/test0_transitive_apply_parallel/dataset/GRScenes_assets/cabinet/ec5d34136c3f222a371ecb2de6d7825f,/cpfs/user/zhuzihou/assets/dedup_workspaces/test0_transitive_apply_parallel/dataset/GRScenes_assets/cabinet/ec5d34136c3f222a371ecb2de6d7825f/usd/ec5d34136c3f222a371ecb2de6d7825f.usd
cabinet,ecd58ee0a25cdc5987d48ace8b282eb0,suspicious,0.032520,0.040466,136,ok;ok;tiny;ok,/cpfs/user/zhuzihou/assets/dedup_workspaces/test0_transitive_apply_parallel/dataset/GRScenes_assets/cabinet/ecd58ee0a25cdc5987d48ace8b282eb0,/cpfs/user/zhuzihou/assets/dedup_workspaces/test0_transitive_apply_parallel/dataset/GRScenes_assets/cabinet/ecd58ee0a25cdc5987d48ace8b282eb0/usd/ecd58ee0a25cdc5987d48ace8b282eb0.usd
cabinet,ecde1b3c82ae626f94f540321fcb43cd,suspicious,0.017456,0.020508,112,blank;ok;blank;blank,/cpfs/user/zhuzihou/assets/dedup_workspaces/test0_transitive_apply_parallel/dataset/GRScenes_assets/cabinet/ecde1b3c82ae626f94f540321fcb43cd,/cpfs/user/zhuzihou/assets/dedup_workspaces/test0_transitive_apply_parallel/dataset/GRScenes_assets/cabinet/ecde1b3c82ae626f94f540321fcb43cd/usd/ecde1b3c82ae626f94f540321fcb43cd.usd
cabinet,ed18a7da388671a055943a5858c4c6ca,suspicious,0.043533,0.050472,131,blank;ok;ok;blank,/cpfs/user/zhuzihou/assets/dedup_workspaces/test0_transitive_apply_parallel/dataset/GRScenes_assets/cabinet/ed18a7da388671a055943a5858c4c6ca,/cpfs/user/zhuzihou/assets/dedup_workspaces/test0_transitive_apply_parallel/dataset/GRScenes_assets/cabinet/ed18a7da388671a055943a5858c4c6ca/usd/ed18a7da388671a055943a5858c4c6ca.usd
cabinet,ed1c3af2c56cf5578760c692a39ed85d,suspicious,0.028568,0.035706,137,ok;ok;tiny;tiny,/cpfs/user/zhuzihou/assets/dedup_workspaces/test0_transitive_apply_parallel/dataset/GRScenes_assets/cabinet/ed1c3af2c56cf5578760c692a39ed85d,/cpfs/user/zhuzihou/assets/dedup_workspaces/test0_transitive_apply_parallel/dataset/GRScenes_assets/cabinet/ed1c3af2c56cf5578760c692a39ed85d/usd/ed1c3af2c56cf5578760c692a39ed85d.usd
cabinet,edf61045f563d0ab377dfd9b490a1bac,suspicious,0.037220,0.043266,107,tiny;ok;ok;ok,/cpfs/user/zhuzihou/assets/dedup_workspaces/test0_transitive_apply_parallel/dataset/GRScenes_assets/cabinet/edf61045f563d0ab377dfd9b490a1bac,/cpfs/user/zhuzihou/assets/dedup_workspaces/test0_transitive_apply_parallel/dataset/GRScenes_assets/cabinet/edf61045f563d0ab377dfd9b490a1bac/usd/edf61045f563d0ab377dfd9b490a1bac.usd
cabinet,ee5e3b5379985e5884dca7d4bafcab0f,blank,0.000000,0.000000,0,blank;blank;blank;blank,/cpfs/user/zhuzihou/assets/dedup_workspaces/test0_transitive_apply_parallel/dataset/GRScenes_assets/cabinet/ee5e3b5379985e5884dca7d4bafcab0f,/cpfs/user/zhuzihou/assets/dedup_workspaces/test0_transitive_apply_parallel/dataset/GRScenes_assets/cabinet/ee5e3b5379985e5884dca7d4bafcab0f/usd/ee5e3b5379985e5884dca7d4bafcab0f.usd
cabinet,eeb58819d13c08508db6fffc82554d65,suspicious,0.008640,0.008835,193,blank;blank;ok;blank,/cpfs/user/zhuzihou/assets/dedup_workspaces/test0_transitive_apply_parallel/dataset/GRScenes_assets/cabinet/eeb58819d13c08508db6fffc82554d65,/cpfs/user/zhuzihou/assets/dedup_workspaces/test0_transitive_apply_parallel/dataset/GRScenes_assets/cabinet/eeb58819d13c08508db6fffc82554d65/usd/eeb58819d13c08508db6fffc82554d65.usd
cabinet,eef055a25182e7ce4dd651be2c5394ea,suspicious,0.043541,0.051659,178,ok;tiny;ok;ok,/cpfs/user/zhuzihou/assets/dedup_workspaces/test0_transitive_apply_parallel/dataset/GRScenes_assets/cabinet/eef055a25182e7ce4dd651be2c5394ea,/cpfs/user/zhuzihou/assets/dedup_workspaces/test0_transitive_apply_parallel/dataset/GRScenes_assets/cabinet/eef055a25182e7ce4dd651be2c5394ea/usd/eef055a25182e7ce4dd651be2c5394ea.usd
cabinet,eefa2c2d7a7c35a45b983ad8f1a63edd,suspicious,0.041000,0.047302,124,tiny;tiny;ok;ok,/cpfs/user/zhuzihou/assets/dedup_workspaces/test0_transitive_apply_parallel/dataset/GRScenes_assets/cabinet/eefa2c2d7a7c35a45b983ad8f1a63edd,/cpfs/user/zhuzihou/assets/dedup_workspaces/test0_transitive_apply_parallel/dataset/GRScenes_assets/cabinet/eefa2c2d7a7c35a45b983ad8f1a63edd/usd/eefa2c2d7a7c35a45b983ad8f1a63edd.usd
cabinet,eff7491003afbbc1f98e2574ee8c5e98,suspicious,0.016266,0.021011,81,tiny;tiny;ok;tiny,/cpfs/user/zhuzihou/assets/dedup_workspaces/test0_transitive_apply_parallel/dataset/GRScenes_assets/cabinet/eff7491003afbbc1f98e2574ee8c5e98,/cpfs/user/zhuzihou/assets/dedup_workspaces/test0_transitive_apply_parallel/dataset/GRScenes_assets/cabinet/eff7491003afbbc1f98e2574ee8c5e98/usd/eff7491003afbbc1f98e2574ee8c5e98.usd
cabinet,f00855a56cfd1991595e5d70a59c0afe,suspicious,0.045559,0.048592,193,ok;blank;blank;blank,/cpfs/user/zhuzihou/assets/dedup_workspaces/test0_transitive_apply_parallel/dataset/GRScenes_assets/cabinet/f00855a56cfd1991595e5d70a59c0afe,/cpfs/user/zhuzihou/assets/dedup_workspaces/test0_transitive_apply_parallel/dataset/GRScenes_assets/cabinet/f00855a56cfd1991595e5d70a59c0afe/usd/f00855a56cfd1991595e5d70a59c0afe.usd
cabinet,f0805d366a08f81e15ddfb2235165638,suspicious,0.026554,0.036621,160,blank;ok;blank;blank,/cpfs/user/zhuzihou/assets/dedup_workspaces/test0_transitive_apply_parallel/dataset/GRScenes_assets/cabinet/f0805d366a08f81e15ddfb2235165638,/cpfs/user/zhuzihou/assets/dedup_workspaces/test0_transitive_apply_parallel/dataset/GRScenes_assets/cabinet/f0805d366a08f81e15ddfb2235165638/usd/f0805d366a08f81e15ddfb2235165638.usd
cabinet,f24adef3f58278ace48c3194f2cc1303,suspicious,0.010319,0.010586,185,ok;blank;blank;blank,/cpfs/user/zhuzihou/assets/dedup_workspaces/test0_transitive_apply_parallel/dataset/GRScenes_assets/cabinet/f24adef3f58278ace48c3194f2cc1303,/cpfs/user/zhuzihou/assets/dedup_workspaces/test0_transitive_apply_parallel/dataset/GRScenes_assets/cabinet/f24adef3f58278ace48c3194f2cc1303/usd/f24adef3f58278ace48c3194f2cc1303.usd
cabinet,f29d02f6b2b9b50bbc57f60a6fd649d5,suspicious,0.002106,0.004044,106,blank;blank;ok;blank,/cpfs/user/zhuzihou/assets/dedup_workspaces/test0_transitive_apply_parallel/dataset/GRScenes_assets/cabinet/f29d02f6b2b9b50bbc57f60a6fd649d5,/cpfs/user/zhuzihou/assets/dedup_workspaces/test0_transitive_apply_parallel/dataset/GRScenes_assets/cabinet/f29d02f6b2b9b50bbc57f60a6fd649d5/usd/f29d02f6b2b9b50bbc57f60a6fd649d5.usd
cabinet,f307d93cd235772ea4688ee1f9d51778,tiny,0.005886,0.007019,46,blank;blank;blank;tiny,/cpfs/user/zhuzihou/assets/dedup_workspaces/test0_transitive_apply_parallel/dataset/GRScenes_assets/cabinet/f307d93cd235772ea4688ee1f9d51778,/cpfs/user/zhuzihou/assets/dedup_workspaces/test0_transitive_apply_parallel/dataset/GRScenes_assets/cabinet/f307d93cd235772ea4688ee1f9d51778/usd/f307d93cd235772ea4688ee1f9d51778.usd
cabinet,f471513f73ace7981707dea152802450,tiny,0.009483,0.012657,79,tiny;blank;blank;blank,/cpfs/user/zhuzihou/assets/dedup_workspaces/test0_transitive_apply_parallel/dataset/GRScenes_assets/cabinet/f471513f73ace7981707dea152802450,/cpfs/user/zhuzihou/assets/dedup_workspaces/test0_transitive_apply_parallel/dataset/GRScenes_assets/cabinet/f471513f73ace7981707dea152802450/usd/f471513f73ace7981707dea152802450.usd
cabinet,f4840171aa37c2e23fb88895f4970e4a,suspicious,0.043495,0.053169,138,tiny;ok;ok;ok,/cpfs/user/zhuzihou/assets/dedup_workspaces/test0_transitive_apply_parallel/dataset/GRScenes_assets/cabinet/f4840171aa37c2e23fb88895f4970e4a,/cpfs/user/zhuzihou/assets/dedup_workspaces/test0_transitive_apply_parallel/dataset/GRScenes_assets/cabinet/f4840171aa37c2e23fb88895f4970e4a/usd/f4840171aa37c2e23fb88895f4970e4a.usd
cabinet,f54498f152adc7faea9a7bee1bb3c0a1,tiny,0.003765,0.004280,34,tiny;blank;blank;blank,/cpfs/user/zhuzihou/assets/dedup_workspaces/test0_transitive_apply_parallel/dataset/GRScenes_assets/cabinet/f54498f152adc7faea9a7bee1bb3c0a1,/cpfs/user/zhuzihou/assets/dedup_workspaces/test0_transitive_apply_parallel/dataset/GRScenes_assets/cabinet/f54498f152adc7faea9a7bee1bb3c0a1/usd/f54498f152adc7faea9a7bee1bb3c0a1.usd
cabinet,f607af751f597c1f78f663c648c662f9,tiny,0.009399,0.010681,56,blank;blank;tiny;blank,/cpfs/user/zhuzihou/assets/dedup_workspaces/test0_transitive_apply_parallel/dataset/GRScenes_assets/cabinet/f607af751f597c1f78f663c648c662f9,/cpfs/user/zhuzihou/assets/dedup_workspaces/test0_transitive_apply_parallel/dataset/GRScenes_assets/cabinet/f607af751f597c1f78f663c648c662f9/usd/f607af751f597c1f78f663c648c662f9.usd
cabinet,f65d06200e45883b51385f5f5aa9574e,suspicious,0.018238,0.025043,101,tiny;tiny;ok;ok,/cpfs/user/zhuzihou/assets/dedup_workspaces/test0_transitive_apply_parallel/dataset/GRScenes_assets/cabinet/f65d06200e45883b51385f5f5aa9574e,/cpfs/user/zhuzihou/assets/dedup_workspaces/test0_transitive_apply_parallel/dataset/GRScenes_assets/cabinet/f65d06200e45883b51385f5f5aa9574e/usd/f65d06200e45883b51385f5f5aa9574e.usd
cabinet,f69d4e36458be5f1b16ded0dbf52b3f8,suspicious,0.019341,0.037251,155,blank;blank;ok;blank,/cpfs/user/zhuzihou/assets/dedup_workspaces/test0_transitive_apply_parallel/dataset/GRScenes_assets/cabinet/f69d4e36458be5f1b16ded0dbf52b3f8,/cpfs/user/zhuzihou/assets/dedup_workspaces/test0_transitive_apply_parallel/dataset/GRScenes_assets/cabinet/f69d4e36458be5f1b16ded0dbf52b3f8/usd/f69d4e36458be5f1b16ded0dbf52b3f8.usd
cabinet,f703f804351f565ce09bd17a41b07632,suspicious,0.005379,0.005424,158,ok;blank;blank;blank,/cpfs/user/zhuzihou/assets/dedup_workspaces/test0_transitive_apply_parallel/dataset/GRScenes_assets/cabinet/f703f804351f565ce09bd17a41b07632,/cpfs/user/zhuzihou/assets/dedup_workspaces/test0_transitive_apply_parallel/dataset/GRScenes_assets/cabinet/f703f804351f565ce09bd17a41b07632/usd/f703f804351f565ce09bd17a41b07632.usd
cabinet,f72edcf5eed1da98a84cc045f3a0fe1b,suspicious,0.015911,0.016651,97,ok;blank;blank;blank,/cpfs/user/zhuzihou/assets/dedup_workspaces/test0_transitive_apply_parallel/dataset/GRScenes_assets/cabinet/f72edcf5eed1da98a84cc045f3a0fe1b,/cpfs/user/zhuzihou/assets/dedup_workspaces/test0_transitive_apply_parallel/dataset/GRScenes_assets/cabinet/f72edcf5eed1da98a84cc045f3a0fe1b/usd/f72edcf5eed1da98a84cc045f3a0fe1b.usd
cabinet,f73e0fdc412b8f6b6bf2cb3ac479211e,suspicious,0.086693,0.095169,168,blank;blank;ok;ok,/cpfs/user/zhuzihou/assets/dedup_workspaces/test0_transitive_apply_parallel/dataset/GRScenes_assets/cabinet/f73e0fdc412b8f6b6bf2cb3ac479211e,/cpfs/user/zhuzihou/assets/dedup_workspaces/test0_transitive_apply_parallel/dataset/GRScenes_assets/cabinet/f73e0fdc412b8f6b6bf2cb3ac479211e/usd/f73e0fdc412b8f6b6bf2cb3ac479211e.usd
cabinet,f768c8b9386c290581890bf71e6a1d7d,suspicious,0.003483,0.003502,102,ok;blank;blank;blank,/cpfs/user/zhuzihou/assets/dedup_workspaces/test0_transitive_apply_parallel/dataset/GRScenes_assets/cabinet/f768c8b9386c290581890bf71e6a1d7d,/cpfs/user/zhuzihou/assets/dedup_workspaces/test0_transitive_apply_parallel/dataset/GRScenes_assets/cabinet/f768c8b9386c290581890bf71e6a1d7d/usd/f768c8b9386c290581890bf71e6a1d7d.usd
cabinet,f7bd19e3653539abbb44dd4077509c3e,suspicious,0.028984,0.052368,176,blank;ok;ok;blank,/cpfs/user/zhuzihou/assets/dedup_workspaces/test0_transitive_apply_parallel/dataset/GRScenes_assets/cabinet/f7bd19e3653539abbb44dd4077509c3e,/cpfs/user/zhuzihou/assets/dedup_workspaces/test0_transitive_apply_parallel/dataset/GRScenes_assets/cabinet/f7bd19e3653539abbb44dd4077509c3e/usd/f7bd19e3653539abbb44dd4077509c3e.usd
cabinet,f82d5f8eb7fda624bfc08f3d328164df,suspicious,0.035316,0.056053,167,tiny;ok;ok;ok,/cpfs/user/zhuzihou/assets/dedup_workspaces/test0_transitive_apply_parallel/dataset/GRScenes_assets/cabinet/f82d5f8eb7fda624bfc08f3d328164df,/cpfs/user/zhuzihou/assets/dedup_workspaces/test0_transitive_apply_parallel/dataset/GRScenes_assets/cabinet/f82d5f8eb7fda624bfc08f3d328164df/usd/f82d5f8eb7fda624bfc08f3d328164df.usd
cabinet,f848e6efef05475e70a23060d4554387,suspicious,0.020672,0.023174,135,blank;blank;blank;ok,/cpfs/user/zhuzihou/assets/dedup_workspaces/test0_transitive_apply_parallel/dataset/GRScenes_assets/cabinet/f848e6efef05475e70a23060d4554387,/cpfs/user/zhuzihou/assets/dedup_workspaces/test0_transitive_apply_parallel/dataset/GRScenes_assets/cabinet/f848e6efef05475e70a23060d4554387/usd/f848e6efef05475e70a23060d4554387.usd
cabinet,f8b30e28c6f8a84032f526b9ed9d72f2,suspicious,0.027416,0.032547,108,ok;tiny;blank;blank,/cpfs/user/zhuzihou/assets/dedup_workspaces/test0_transitive_apply_parallel/dataset/GRScenes_assets/cabinet/f8b30e28c6f8a84032f526b9ed9d72f2,/cpfs/user/zhuzihou/assets/dedup_workspaces/test0_transitive_apply_parallel/dataset/GRScenes_assets/cabinet/f8b30e28c6f8a84032f526b9ed9d72f2/usd/f8b30e28c6f8a84032f526b9ed9d72f2.usd
cabinet,fa0a46357a52792a180dc1c68c69cdd2,suspicious,0.081642,0.114555,195,blank;blank;ok;ok,/cpfs/user/zhuzihou/assets/dedup_workspaces/test0_transitive_apply_parallel/dataset/GRScenes_assets/cabinet/fa0a46357a52792a180dc1c68c69cdd2,/cpfs/user/zhuzihou/assets/dedup_workspaces/test0_transitive_apply_parallel/dataset/GRScenes_assets/cabinet/fa0a46357a52792a180dc1c68c69cdd2/usd/fa0a46357a52792a180dc1c68c69cdd2.usd
cabinet,fa430dd6b8e205916bc6b09127057839,suspicious,0.020565,0.024033,84,tiny;tiny;ok;tiny,/cpfs/user/zhuzihou/assets/dedup_workspaces/test0_transitive_apply_parallel/dataset/GRScenes_assets/cabinet/fa430dd6b8e205916bc6b09127057839,/cpfs/user/zhuzihou/assets/dedup_workspaces/test0_transitive_apply_parallel/dataset/GRScenes_assets/cabinet/fa430dd6b8e205916bc6b09127057839/usd/fa430dd6b8e205916bc6b09127057839.usd
cabinet,fa67e0a29f9740a1b11f290cc2c575fa,suspicious,0.015141,0.015911,97,ok;blank;blank;blank,/cpfs/user/zhuzihou/assets/dedup_workspaces/test0_transitive_apply_parallel/dataset/GRScenes_assets/cabinet/fa67e0a29f9740a1b11f290cc2c575fa,/cpfs/user/zhuzihou/assets/dedup_workspaces/test0_transitive_apply_parallel/dataset/GRScenes_assets/cabinet/fa67e0a29f9740a1b11f290cc2c575fa/usd/fa67e0a29f9740a1b11f290cc2c575fa.usd
cabinet,fb070d852f71ecb3b8351e38ab04b595,suspicious,0.020641,0.033920,146,tiny;tiny;ok;ok,/cpfs/user/zhuzihou/assets/dedup_workspaces/test0_transitive_apply_parallel/dataset/GRScenes_assets/cabinet/fb070d852f71ecb3b8351e38ab04b595,/cpfs/user/zhuzihou/assets/dedup_workspaces/test0_transitive_apply_parallel/dataset/GRScenes_assets/cabinet/fb070d852f71ecb3b8351e38ab04b595/usd/fb070d852f71ecb3b8351e38ab04b595.usd
cabinet,fc5dfa65e71476fa2b37ad889bbe52b5,suspicious,0.034519,0.036060,137,blank;blank;ok;tiny,/cpfs/user/zhuzihou/assets/dedup_workspaces/test0_transitive_apply_parallel/dataset/GRScenes_assets/cabinet/fc5dfa65e71476fa2b37ad889bbe52b5,/cpfs/user/zhuzihou/assets/dedup_workspaces/test0_transitive_apply_parallel/dataset/GRScenes_assets/cabinet/fc5dfa65e71476fa2b37ad889bbe52b5/usd/fc5dfa65e71476fa2b37ad889bbe52b5.usd
cabinet,fd0a02a7d9f6ceba9af45e731c8231b1,blank,0.000965,0.001389,28,blank;blank;blank;blank,/cpfs/user/zhuzihou/assets/dedup_workspaces/test0_transitive_apply_parallel/dataset/GRScenes_assets/cabinet/fd0a02a7d9f6ceba9af45e731c8231b1,/cpfs/user/zhuzihou/assets/dedup_workspaces/test0_transitive_apply_parallel/dataset/GRScenes_assets/cabinet/fd0a02a7d9f6ceba9af45e731c8231b1/usd/fd0a02a7d9f6ceba9af45e731c8231b1.usd
cabinet,fddb158c3b5d10977cc4047930c5881a,suspicious,0.018356,0.019138,173,blank;blank;ok;blank,/cpfs/user/zhuzihou/assets/dedup_workspaces/test0_transitive_apply_parallel/dataset/GRScenes_assets/cabinet/fddb158c3b5d10977cc4047930c5881a,/cpfs/user/zhuzihou/assets/dedup_workspaces/test0_transitive_apply_parallel/dataset/GRScenes_assets/cabinet/fddb158c3b5d10977cc4047930c5881a/usd/fddb158c3b5d10977cc4047930c5881a.usd
cabinet,fe383fbf02546b0518ba35db1701a8c0,suspicious,0.018467,0.028210,87,blank;blank;ok;blank,/cpfs/user/zhuzihou/assets/dedup_workspaces/test0_transitive_apply_parallel/dataset/GRScenes_assets/cabinet/fe383fbf02546b0518ba35db1701a8c0,/cpfs/user/zhuzihou/assets/dedup_workspaces/test0_transitive_apply_parallel/dataset/GRScenes_assets/cabinet/fe383fbf02546b0518ba35db1701a8c0/usd/fe383fbf02546b0518ba35db1701a8c0.usd
cabinet,feb829b7221845e81c98fb9b9fc7bbde,suspicious,0.024529,0.027237,105,tiny;ok;ok;ok,/cpfs/user/zhuzihou/assets/dedup_workspaces/test0_transitive_apply_parallel/dataset/GRScenes_assets/cabinet/feb829b7221845e81c98fb9b9fc7bbde,/cpfs/user/zhuzihou/assets/dedup_workspaces/test0_transitive_apply_parallel/dataset/GRScenes_assets/cabinet/feb829b7221845e81c98fb9b9fc7bbde/usd/feb829b7221845e81c98fb9b9fc7bbde.usd
cabinet,fec9c1b32f7a49927df3104e714643c5,tiny,0.005974,0.006592,48,blank;blank;tiny;blank,/cpfs/user/zhuzihou/assets/dedup_workspaces/test0_transitive_apply_parallel/dataset/GRScenes_assets/cabinet/fec9c1b32f7a49927df3104e714643c5,/cpfs/user/zhuzihou/assets/dedup_workspaces/test0_transitive_apply_parallel/dataset/GRScenes_assets/cabinet/fec9c1b32f7a49927df3104e714643c5/usd/fec9c1b32f7a49927df3104e714643c5.usd
cabinet,ff8577487ace9743e1d7d06bb270e4c4,suspicious,0.027058,0.028625,134,blank;blank;ok;blank,/cpfs/user/zhuzihou/assets/dedup_workspaces/test0_transitive_apply_parallel/dataset/GRScenes_assets/cabinet/ff8577487ace9743e1d7d06bb270e4c4,/cpfs/user/zhuzihou/assets/dedup_workspaces/test0_transitive_apply_parallel/dataset/GRScenes_assets/cabinet/ff8577487ace9743e1d7d06bb270e4c4/usd/ff8577487ace9743e1d7d06bb270e4c4.usd
chair,5ad7ff271d630c9c61d8cf6e492ef23f,suspicious,0.061462,0.102997,284,ok;ok;ok;blank,/cpfs/user/zhuzihou/assets/dedup_workspaces/test0_transitive_apply_parallel/dataset/GRScenes_assets/chair/5ad7ff271d630c9c61d8cf6e492ef23f,/cpfs/user/zhuzihou/assets/dedup_workspaces/test0_transitive_apply_parallel/dataset/GRScenes_assets/chair/5ad7ff271d630c9c61d8cf6e492ef23f/usd/5ad7ff271d630c9c61d8cf6e492ef23f.usd
chair,f2128e5187ea094ef82e7e2a97d7b0e8,suspicious,0.062065,0.103474,217,ok;ok;ok;blank,/cpfs/user/zhuzihou/assets/dedup_workspaces/test0_transitive_apply_parallel/dataset/GRScenes_assets/chair/f2128e5187ea094ef82e7e2a97d7b0e8,/cpfs/user/zhuzihou/assets/dedup_workspaces/test0_transitive_apply_parallel/dataset/GRScenes_assets/chair/f2128e5187ea094ef82e7e2a97d7b0e8/usd/f2128e5187ea094ef82e7e2a97d7b0e8.usd
clothes,a199c03988a0c9fcdcc0aee56944b2db,suspicious,0.088806,0.110073,275,ok;ok;blank;ok,/cpfs/user/zhuzihou/assets/dedup_workspaces/test0_transitive_apply_parallel/dataset/GRScenes_assets/clothes/a199c03988a0c9fcdcc0aee56944b2db,/cpfs/user/zhuzihou/assets/dedup_workspaces/test0_transitive_apply_parallel/dataset/GRScenes_assets/clothes/a199c03988a0c9fcdcc0aee56944b2db/usd/a199c03988a0c9fcdcc0aee56944b2db.usd
couch,08361d0691dbd1ddc85e18580132e459,blank,0.000000,0.000000,0,blank;blank;blank;blank,/cpfs/user/zhuzihou/assets/dedup_workspaces/test0_transitive_apply_parallel/dataset/GRScenes_assets/couch/08361d0691dbd1ddc85e18580132e459,/cpfs/user/zhuzihou/assets/dedup_workspaces/test0_transitive_apply_parallel/dataset/GRScenes_assets/couch/08361d0691dbd1ddc85e18580132e459/usd/08361d0691dbd1ddc85e18580132e459.usd
cup,0259416759bb738302bd0d8752c2f85b,suspicious,0.155655,0.291016,512,ok;blank;ok;blank,/cpfs/user/zhuzihou/assets/dedup_workspaces/test0_transitive_apply_parallel/dataset/GRScenes_assets/cup/0259416759bb738302bd0d8752c2f85b,/cpfs/user/zhuzihou/assets/dedup_workspaces/test0_transitive_apply_parallel/dataset/GRScenes_assets/cup/0259416759bb738302bd0d8752c2f85b/usd/0259416759bb738302bd0d8752c2f85b.usd
cup,075884bd3ef552d16acdb5e64de06f8b,blank,0.000000,0.000000,0,blank;blank;blank;blank,/cpfs/user/zhuzihou/assets/dedup_workspaces/test0_transitive_apply_parallel/dataset/GRScenes_assets/cup/075884bd3ef552d16acdb5e64de06f8b,/cpfs/user/zhuzihou/assets/dedup_workspaces/test0_transitive_apply_parallel/dataset/GRScenes_assets/cup/075884bd3ef552d16acdb5e64de06f8b/usd/075884bd3ef552d16acdb5e64de06f8b.usd
cup,23e5322e8c48a562c63aa10fbb74682a,suspicious,0.067822,0.087395,236,ok;ok;blank;ok,/cpfs/user/zhuzihou/assets/dedup_workspaces/test0_transitive_apply_parallel/dataset/GRScenes_assets/cup/23e5322e8c48a562c63aa10fbb74682a,/cpfs/user/zhuzihou/assets/dedup_workspaces/test0_transitive_apply_parallel/dataset/GRScenes_assets/cup/23e5322e8c48a562c63aa10fbb74682a/usd/23e5322e8c48a562c63aa10fbb74682a.usd
cup,25c6ed4940b23ffb384d157374e1046c,suspicious,0.124397,0.176849,244,ok;ok;blank;ok,/cpfs/user/zhuzihou/assets/dedup_workspaces/test0_transitive_apply_parallel/dataset/GRScenes_assets/cup/25c6ed4940b23ffb384d157374e1046c,/cpfs/user/zhuzihou/assets/dedup_workspaces/test0_transitive_apply_parallel/dataset/GRScenes_assets/cup/25c6ed4940b23ffb384d157374e1046c/usd/25c6ed4940b23ffb384d157374e1046c.usd
cup,2af5020d96eb2d3e9fd5355bd4cb0405,suspicious,1.000000,1.000000,512,ok;blank;ok;blank,/cpfs/user/zhuzihou/assets/dedup_workspaces/test0_transitive_apply_parallel/dataset/GRScenes_assets/cup/2af5020d96eb2d3e9fd5355bd4cb0405,/cpfs/user/zhuzihou/assets/dedup_workspaces/test0_transitive_apply_parallel/dataset/GRScenes_assets/cup/2af5020d96eb2d3e9fd5355bd4cb0405/usd/2af5020d96eb2d3e9fd5355bd4cb0405.usd
cup,31abcf3ff3695141dd1920c7711fa37e,suspicious,0.047680,0.094604,248,tiny;ok;ok;tiny,/cpfs/user/zhuzihou/assets/dedup_workspaces/test0_transitive_apply_parallel/dataset/GRScenes_assets/cup/31abcf3ff3695141dd1920c7711fa37e,/cpfs/user/zhuzihou/assets/dedup_workspaces/test0_transitive_apply_parallel/dataset/GRScenes_assets/cup/31abcf3ff3695141dd1920c7711fa37e/usd/31abcf3ff3695141dd1920c7711fa37e.usd
cup,32b94dab7589d0143c94a78c3ad8632a,suspicious,0.040504,0.086121,272,ok;ok;tiny;ok,/cpfs/user/zhuzihou/assets/dedup_workspaces/test0_transitive_apply_parallel/dataset/GRScenes_assets/cup/32b94dab7589d0143c94a78c3ad8632a,/cpfs/user/zhuzihou/assets/dedup_workspaces/test0_transitive_apply_parallel/dataset/GRScenes_assets/cup/32b94dab7589d0143c94a78c3ad8632a/usd/32b94dab7589d0143c94a78c3ad8632a.usd
cup,47da8d95a64acf7e780bb97f71c479ae,suspicious,0.568436,0.722580,462,ok;blank;ok;ok,/cpfs/user/zhuzihou/assets/dedup_workspaces/test0_transitive_apply_parallel/dataset/GRScenes_assets/cup/47da8d95a64acf7e780bb97f71c479ae,/cpfs/user/zhuzihou/assets/dedup_workspaces/test0_transitive_apply_parallel/dataset/GRScenes_assets/cup/47da8d95a64acf7e780bb97f71c479ae/usd/47da8d95a64acf7e780bb97f71c479ae.usd
cup,69fb94953426586843f0c669157c407b,suspicious,1.000000,1.000000,512,ok;blank;ok;blank,/cpfs/user/zhuzihou/assets/dedup_workspaces/test0_transitive_apply_parallel/dataset/GRScenes_assets/cup/69fb94953426586843f0c669157c407b,/cpfs/user/zhuzihou/assets/dedup_workspaces/test0_transitive_apply_parallel/dataset/GRScenes_assets/cup/69fb94953426586843f0c669157c407b/usd/69fb94953426586843f0c669157c407b.usd
cup,7af4408a6bda3eed06ea6c98ba2d30c9,suspicious,0.061123,0.077408,232,blank;ok;ok;ok,/cpfs/user/zhuzihou/assets/dedup_workspaces/test0_transitive_apply_parallel/dataset/GRScenes_assets/cup/7af4408a6bda3eed06ea6c98ba2d30c9,/cpfs/user/zhuzihou/assets/dedup_workspaces/test0_transitive_apply_parallel/dataset/GRScenes_assets/cup/7af4408a6bda3eed06ea6c98ba2d30c9/usd/7af4408a6bda3eed06ea6c98ba2d30c9.usd
cup,97b7e866f0419a9cf3f1d889d5248aa4,suspicious,0.052162,0.103477,274,blank;ok;ok;ok,/cpfs/user/zhuzihou/assets/dedup_workspaces/test0_transitive_apply_parallel/dataset/GRScenes_assets/cup/97b7e866f0419a9cf3f1d889d5248aa4,/cpfs/user/zhuzihou/assets/dedup_workspaces/test0_transitive_apply_parallel/dataset/GRScenes_assets/cup/97b7e866f0419a9cf3f1d889d5248aa4/usd/97b7e866f0419a9cf3f1d889d5248aa4.usd
cup,9d7505a961e547800282c04057dc25eb,suspicious,0.072109,0.091644,168,ok;blank;ok;ok,/cpfs/user/zhuzihou/assets/dedup_workspaces/test0_transitive_apply_parallel/dataset/GRScenes_assets/cup/9d7505a961e547800282c04057dc25eb,/cpfs/user/zhuzihou/assets/dedup_workspaces/test0_transitive_apply_parallel/dataset/GRScenes_assets/cup/9d7505a961e547800282c04057dc25eb/usd/9d7505a961e547800282c04057dc25eb.usd
cup,a9108c7ce86fc1282c59897fe515582e,suspicious,0.137352,0.194244,268,blank;ok;ok;ok,/cpfs/user/zhuzihou/assets/dedup_workspaces/test0_transitive_apply_parallel/dataset/GRScenes_assets/cup/a9108c7ce86fc1282c59897fe515582e,/cpfs/user/zhuzihou/assets/dedup_workspaces/test0_transitive_apply_parallel/dataset/GRScenes_assets/cup/a9108c7ce86fc1282c59897fe515582e/usd/a9108c7ce86fc1282c59897fe515582e.usd
cup,c30802edc476ba7b2968d7afad1d96e3,suspicious,0.061089,0.077408,232,blank;ok;ok;ok,/cpfs/user/zhuzihou/assets/dedup_workspaces/test0_transitive_apply_parallel/dataset/GRScenes_assets/cup/c30802edc476ba7b2968d7afad1d96e3,/cpfs/user/zhuzihou/assets/dedup_workspaces/test0_transitive_apply_parallel/dataset/GRScenes_assets/cup/c30802edc476ba7b2968d7afad1d96e3/usd/c30802edc476ba7b2968d7afad1d96e3.usd
cup,d3c86f462a5f2aa656548c690cd804fe,blank,0.000000,0.000000,0,blank;blank;blank;blank,/cpfs/user/zhuzihou/assets/dedup_workspaces/test0_transitive_apply_parallel/dataset/GRScenes_assets/cup/d3c86f462a5f2aa656548c690cd804fe,/cpfs/user/zhuzihou/assets/dedup_workspaces/test0_transitive_apply_parallel/dataset/GRScenes_assets/cup/d3c86f462a5f2aa656548c690cd804fe/usd/d3c86f462a5f2aa656548c690cd804fe.usd
cup,e4a4f11298aadaa07e12a3942704117a,suspicious,0.063297,0.089561,184,blank;tiny;ok;ok,/cpfs/user/zhuzihou/assets/dedup_workspaces/test0_transitive_apply_parallel/dataset/GRScenes_assets/cup/e4a4f11298aadaa07e12a3942704117a,/cpfs/user/zhuzihou/assets/dedup_workspaces/test0_transitive_apply_parallel/dataset/GRScenes_assets/cup/e4a4f11298aadaa07e12a3942704117a/usd/e4a4f11298aadaa07e12a3942704117a.usd
cup,ec8f76095858949493f2002705265ca6,suspicious,0.115437,0.153568,253,ok;ok;ok;blank,/cpfs/user/zhuzihou/assets/dedup_workspaces/test0_transitive_apply_parallel/dataset/GRScenes_assets/cup/ec8f76095858949493f2002705265ca6,/cpfs/user/zhuzihou/assets/dedup_workspaces/test0_transitive_apply_parallel/dataset/GRScenes_assets/cup/ec8f76095858949493f2002705265ca6/usd/ec8f76095858949493f2002705265ca6.usd
cup,eccd823b3816be68fbed60dd9a8aa146,suspicious,0.040512,0.086121,272,ok;ok;tiny;ok,/cpfs/user/zhuzihou/assets/dedup_workspaces/test0_transitive_apply_parallel/dataset/GRScenes_assets/cup/eccd823b3816be68fbed60dd9a8aa146,/cpfs/user/zhuzihou/assets/dedup_workspaces/test0_transitive_apply_parallel/dataset/GRScenes_assets/cup/eccd823b3816be68fbed60dd9a8aa146/usd/eccd823b3816be68fbed60dd9a8aa146.usd
cup,f4084112ae0ef4ce78099edfc6605eb1,suspicious,0.096027,0.146507,222,blank;tiny;ok;ok,/cpfs/user/zhuzihou/assets/dedup_workspaces/test0_transitive_apply_parallel/dataset/GRScenes_assets/cup/f4084112ae0ef4ce78099edfc6605eb1,/cpfs/user/zhuzihou/assets/dedup_workspaces/test0_transitive_apply_parallel/dataset/GRScenes_assets/cup/f4084112ae0ef4ce78099edfc6605eb1/usd/f4084112ae0ef4ce78099edfc6605eb1.usd
cup,fabe3fe9baca31dffd02e8a3cbd9c948,suspicious,0.053585,0.095871,206,ok;blank;blank;blank,/cpfs/user/zhuzihou/assets/dedup_workspaces/test0_transitive_apply_parallel/dataset/GRScenes_assets/cup/fabe3fe9baca31dffd02e8a3cbd9c948,/cpfs/user/zhuzihou/assets/dedup_workspaces/test0_transitive_apply_parallel/dataset/GRScenes_assets/cup/fabe3fe9baca31dffd02e8a3cbd9c948/usd/fabe3fe9baca31dffd02e8a3cbd9c948.usd
curtain,14854c93fee2ce3b92b6be548aa69452,suspicious,0.036781,0.040791,289,blank;tiny;ok;tiny,/cpfs/user/zhuzihou/assets/dedup_workspaces/test0_transitive_apply_parallel/dataset/GRScenes_assets/curtain/14854c93fee2ce3b92b6be548aa69452,/cpfs/user/zhuzihou/assets/dedup_workspaces/test0_transitive_apply_parallel/dataset/GRScenes_assets/curtain/14854c93fee2ce3b92b6be548aa69452/usd/14854c93fee2ce3b92b6be548aa69452.usd
curtain,6617ca4603285f18b7c724b656bdd06e,suspicious,0.036770,0.040791,289,ok;tiny;blank;tiny,/cpfs/user/zhuzihou/assets/dedup_workspaces/test0_transitive_apply_parallel/dataset/GRScenes_assets/curtain/6617ca4603285f18b7c724b656bdd06e,/cpfs/user/zhuzihou/assets/dedup_workspaces/test0_transitive_apply_parallel/dataset/GRScenes_assets/curtain/6617ca4603285f18b7c724b656bdd06e/usd/6617ca4603285f18b7c724b656bdd06e.usd
decoration,23fdbd2c5cc6de7f655e7790cb7b4f35,suspicious,0.072861,0.099419,199,ok;ok;blank;ok,/cpfs/user/zhuzihou/assets/dedup_workspaces/test0_transitive_apply_parallel/dataset/GRScenes_assets/decoration/23fdbd2c5cc6de7f655e7790cb7b4f35,/cpfs/user/zhuzihou/assets/dedup_workspaces/test0_transitive_apply_parallel/dataset/GRScenes_assets/decoration/23fdbd2c5cc6de7f655e7790cb7b4f35/usd/23fdbd2c5cc6de7f655e7790cb7b4f35.usd
decoration,2b715cfcff1efccb53ca36be8c61230e,suspicious,0.036621,0.075386,241,blank;ok;ok;tiny,/cpfs/user/zhuzihou/assets/dedup_workspaces/test0_transitive_apply_parallel/dataset/GRScenes_assets/decoration/2b715cfcff1efccb53ca36be8c61230e,/cpfs/user/zhuzihou/assets/dedup_workspaces/test0_transitive_apply_parallel/dataset/GRScenes_assets/decoration/2b715cfcff1efccb53ca36be8c61230e/usd/2b715cfcff1efccb53ca36be8c61230e.usd
decoration,3682da00ee8f439832b6529741e3883a,suspicious,0.035881,0.104797,272,ok;blank;ok;ok,/cpfs/user/zhuzihou/assets/dedup_workspaces/test0_transitive_apply_parallel/dataset/GRScenes_assets/decoration/3682da00ee8f439832b6529741e3883a,/cpfs/user/zhuzihou/assets/dedup_workspaces/test0_transitive_apply_parallel/dataset/GRScenes_assets/decoration/3682da00ee8f439832b6529741e3883a/usd/3682da00ee8f439832b6529741e3883a.usd
decoration,ac451f3bb25dfb60f80a0ce6430ce71b,suspicious,0.039970,0.125618,185,blank;ok;ok;ok,/cpfs/user/zhuzihou/assets/dedup_workspaces/test0_transitive_apply_parallel/dataset/GRScenes_assets/decoration/ac451f3bb25dfb60f80a0ce6430ce71b,/cpfs/user/zhuzihou/assets/dedup_workspaces/test0_transitive_apply_parallel/dataset/GRScenes_assets/decoration/ac451f3bb25dfb60f80a0ce6430ce71b/usd/ac451f3bb25dfb60f80a0ce6430ce71b.usd
decoration,bf3b35674c5943ed47a94841a73b42ce,blank,0.000000,0.000000,0,blank;blank;blank;blank,/cpfs/user/zhuzihou/assets/dedup_workspaces/test0_transitive_apply_parallel/dataset/GRScenes_assets/decoration/bf3b35674c5943ed47a94841a73b42ce,/cpfs/user/zhuzihou/assets/dedup_workspaces/test0_transitive_apply_parallel/dataset/GRScenes_assets/decoration/bf3b35674c5943ed47a94841a73b42ce/usd/bf3b35674c5943ed47a94841a73b42ce.usd
decoration,c5e6c4c872849c80e9cf3de53f84e9fe,suspicious,0.974770,1.000000,512,ok;tiny;ok;tiny,/cpfs/user/zhuzihou/assets/dedup_workspaces/test0_transitive_apply_parallel/dataset/GRScenes_assets/decoration/c5e6c4c872849c80e9cf3de53f84e9fe,/cpfs/user/zhuzihou/assets/dedup_workspaces/test0_transitive_apply_parallel/dataset/GRScenes_assets/decoration/c5e6c4c872849c80e9cf3de53f84e9fe/usd/c5e6c4c872849c80e9cf3de53f84e9fe.usd
decoration,deb192f7cd92dc3960d5742b34fcf0e1,suspicious,0.077438,0.100891,175,blank;ok;ok;ok,/cpfs/user/zhuzihou/assets/dedup_workspaces/test0_transitive_apply_parallel/dataset/GRScenes_assets/decoration/deb192f7cd92dc3960d5742b34fcf0e1,/cpfs/user/zhuzihou/assets/dedup_workspaces/test0_transitive_apply_parallel/dataset/GRScenes_assets/decoration/deb192f7cd92dc3960d5742b34fcf0e1/usd/deb192f7cd92dc3960d5742b34fcf0e1.usd
decoration,f26479204b96003dd151305a4846952f,blank,0.000000,0.000000,0,blank;blank;blank;blank,/cpfs/user/zhuzihou/assets/dedup_workspaces/test0_transitive_apply_parallel/dataset/GRScenes_assets/decoration/f26479204b96003dd151305a4846952f,/cpfs/user/zhuzihou/assets/dedup_workspaces/test0_transitive_apply_parallel/dataset/GRScenes_assets/decoration/f26479204b96003dd151305a4846952f/usd/f26479204b96003dd151305a4846952f.usd
door,00a3b5cc011be5cc8bc71641fa0890d2,suspicious,0.020641,0.034760,136,blank;blank;blank;ok,/cpfs/user/zhuzihou/assets/dedup_workspaces/test0_transitive_apply_parallel/dataset/GRScenes_assets/door/00a3b5cc011be5cc8bc71641fa0890d2,/cpfs/user/zhuzihou/assets/dedup_workspaces/test0_transitive_apply_parallel/dataset/GRScenes_assets/door/00a3b5cc011be5cc8bc71641fa0890d2/usd/00a3b5cc011be5cc8bc71641fa0890d2.usd
door,00b8bba3202be4b0dfdc5b4066d22f37,suspicious,0.033005,0.035248,154,tiny;ok;ok;tiny,/cpfs/user/zhuzihou/assets/dedup_workspaces/test0_transitive_apply_parallel/dataset/GRScenes_assets/door/00b8bba3202be4b0dfdc5b4066d22f37,/cpfs/user/zhuzihou/assets/dedup_workspaces/test0_transitive_apply_parallel/dataset/GRScenes_assets/door/00b8bba3202be4b0dfdc5b4066d22f37/usd/00b8bba3202be4b0dfdc5b4066d22f37.usd
door,058ee9a6db75c12d0ee1fb9b2fec56da,suspicious,0.038948,0.091633,236,ok;ok;ok;blank,/cpfs/user/zhuzihou/assets/dedup_workspaces/test0_transitive_apply_parallel/dataset/GRScenes_assets/door/058ee9a6db75c12d0ee1fb9b2fec56da,/cpfs/user/zhuzihou/assets/dedup_workspaces/test0_transitive_apply_parallel/dataset/GRScenes_assets/door/058ee9a6db75c12d0ee1fb9b2fec56da/usd/058ee9a6db75c12d0ee1fb9b2fec56da.usd
door,0822efb1d8134b1d1a6583c92866114f,suspicious,0.030399,0.033310,118,ok;ok;tiny;tiny,/cpfs/user/zhuzihou/assets/dedup_workspaces/test0_transitive_apply_parallel/dataset/GRScenes_assets/door/0822efb1d8134b1d1a6583c92866114f,/cpfs/user/zhuzihou/assets/dedup_workspaces/test0_transitive_apply_parallel/dataset/GRScenes_assets/door/0822efb1d8134b1d1a6583c92866114f/usd/0822efb1d8134b1d1a6583c92866114f.usd
door,096950d462f90002d961680057896d1f,suspicious,0.091045,0.100945,202,blank;blank;ok;ok,/cpfs/user/zhuzihou/assets/dedup_workspaces/test0_transitive_apply_parallel/dataset/GRScenes_assets/door/096950d462f90002d961680057896d1f,/cpfs/user/zhuzihou/assets/dedup_workspaces/test0_transitive_apply_parallel/dataset/GRScenes_assets/door/096950d462f90002d961680057896d1f/usd/096950d462f90002d961680057896d1f.usd
door,0a6c23543ed06d75b861a4adf0db73e3,suspicious,0.020607,0.022167,149,blank;blank;ok;blank,/cpfs/user/zhuzihou/assets/dedup_workspaces/test0_transitive_apply_parallel/dataset/GRScenes_assets/door/0a6c23543ed06d75b861a4adf0db73e3,/cpfs/user/zhuzihou/assets/dedup_workspaces/test0_transitive_apply_parallel/dataset/GRScenes_assets/door/0a6c23543ed06d75b861a4adf0db73e3/usd/0a6c23543ed06d75b861a4adf0db73e3.usd
door,0e28a2d69edb5df53c0f99a5a3b7165d,suspicious,0.033829,0.040878,114,ok;blank;blank;blank,/cpfs/user/zhuzihou/assets/dedup_workspaces/test0_transitive_apply_parallel/dataset/GRScenes_assets/door/0e28a2d69edb5df53c0f99a5a3b7165d,/cpfs/user/zhuzihou/assets/dedup_workspaces/test0_transitive_apply_parallel/dataset/GRScenes_assets/door/0e28a2d69edb5df53c0f99a5a3b7165d/usd/0e28a2d69edb5df53c0f99a5a3b7165d.usd
door,0fa2eaeddf62a9aef081dbc822b32a74,suspicious,0.035992,0.039684,144,ok;ok;ok;tiny,/cpfs/user/zhuzihou/assets/dedup_workspaces/test0_transitive_apply_parallel/dataset/GRScenes_assets/door/0fa2eaeddf62a9aef081dbc822b32a74,/cpfs/user/zhuzihou/assets/dedup_workspaces/test0_transitive_apply_parallel/dataset/GRScenes_assets/door/0fa2eaeddf62a9aef081dbc822b32a74/usd/0fa2eaeddf62a9aef081dbc822b32a74.usd
door,112a91d2099739bfb5f56fb00b5fd320,suspicious,0.023037,0.023804,160,tiny;tiny;ok;ok,/cpfs/user/zhuzihou/assets/dedup_workspaces/test0_transitive_apply_parallel/dataset/GRScenes_assets/door/112a91d2099739bfb5f56fb00b5fd320,/cpfs/user/zhuzihou/assets/dedup_workspaces/test0_transitive_apply_parallel/dataset/GRScenes_assets/door/112a91d2099739bfb5f56fb00b5fd320/usd/112a91d2099739bfb5f56fb00b5fd320.usd
door,131957686cee2b4f73f7b58b08388d29,suspicious,0.019218,0.045181,188,blank;blank;blank;ok,/cpfs/user/zhuzihou/assets/dedup_workspaces/test0_transitive_apply_parallel/dataset/GRScenes_assets/door/131957686cee2b4f73f7b58b08388d29,/cpfs/user/zhuzihou/assets/dedup_workspaces/test0_transitive_apply_parallel/dataset/GRScenes_assets/door/131957686cee2b4f73f7b58b08388d29/usd/131957686cee2b4f73f7b58b08388d29.usd
door,145d74f2fde0d084fe778acbc6b68667,suspicious,0.023178,0.088715,153,ok;blank;blank;blank,/cpfs/user/zhuzihou/assets/dedup_workspaces/test0_transitive_apply_parallel/dataset/GRScenes_assets/door/145d74f2fde0d084fe778acbc6b68667,/cpfs/user/zhuzihou/assets/dedup_workspaces/test0_transitive_apply_parallel/dataset/GRScenes_assets/door/145d74f2fde0d084fe778acbc6b68667/usd/145d74f2fde0d084fe778acbc6b68667.usd
door,17e0ebfcd0c915fcc48872dcd929cc80,suspicious,0.012890,0.016449,196,blank;ok;blank;blank,/cpfs/user/zhuzihou/assets/dedup_workspaces/test0_transitive_apply_parallel/dataset/GRScenes_assets/door/17e0ebfcd0c915fcc48872dcd929cc80,/cpfs/user/zhuzihou/assets/dedup_workspaces/test0_transitive_apply_parallel/dataset/GRScenes_assets/door/17e0ebfcd0c915fcc48872dcd929cc80/usd/17e0ebfcd0c915fcc48872dcd929cc80.usd
door,19b244036b354a2172a6f048dc926c5b,suspicious,0.013000,0.060558,127,ok;blank;blank;blank,/cpfs/user/zhuzihou/assets/dedup_workspaces/test0_transitive_apply_parallel/dataset/GRScenes_assets/door/19b244036b354a2172a6f048dc926c5b,/cpfs/user/zhuzihou/assets/dedup_workspaces/test0_transitive_apply_parallel/dataset/GRScenes_assets/door/19b244036b354a2172a6f048dc926c5b/usd/19b244036b354a2172a6f048dc926c5b.usd
door,1a58b583496f33ae458cd640c8b6a656,suspicious,0.023926,0.047665,147,blank;blank;tiny;ok,/cpfs/user/zhuzihou/assets/dedup_workspaces/test0_transitive_apply_parallel/dataset/GRScenes_assets/door/1a58b583496f33ae458cd640c8b6a656,/cpfs/user/zhuzihou/assets/dedup_workspaces/test0_transitive_apply_parallel/dataset/GRScenes_assets/door/1a58b583496f33ae458cd640c8b6a656/usd/1a58b583496f33ae458cd640c8b6a656.usd
door,1b54aee00220d72ef513c9c0d0afe430,suspicious,0.026806,0.030884,176,blank;ok;blank;blank,/cpfs/user/zhuzihou/assets/dedup_workspaces/test0_transitive_apply_parallel/dataset/GRScenes_assets/door/1b54aee00220d72ef513c9c0d0afe430,/cpfs/user/zhuzihou/assets/dedup_workspaces/test0_transitive_apply_parallel/dataset/GRScenes_assets/door/1b54aee00220d72ef513c9c0d0afe430/usd/1b54aee00220d72ef513c9c0d0afe430.usd
door,1b72ef6e7b462537f248fcdc472426c4,suspicious,0.016506,0.020081,157,tiny;ok;ok;ok,/cpfs/user/zhuzihou/assets/dedup_workspaces/test0_transitive_apply_parallel/dataset/GRScenes_assets/door/1b72ef6e7b462537f248fcdc472426c4,/cpfs/user/zhuzihou/assets/dedup_workspaces/test0_transitive_apply_parallel/dataset/GRScenes_assets/door/1b72ef6e7b462537f248fcdc472426c4/usd/1b72ef6e7b462537f248fcdc472426c4.usd
door,1ba0ffdc348928821647cf6fa5bb6a55,suspicious,0.025574,0.031593,112,ok;ok;blank;blank,/cpfs/user/zhuzihou/assets/dedup_workspaces/test0_transitive_apply_parallel/dataset/GRScenes_assets/door/1ba0ffdc348928821647cf6fa5bb6a55,/cpfs/user/zhuzihou/assets/dedup_workspaces/test0_transitive_apply_parallel/dataset/GRScenes_assets/door/1ba0ffdc348928821647cf6fa5bb6a55/usd/1ba0ffdc348928821647cf6fa5bb6a55.usd
door,1c5b4263820d3264c31c028df1becc3f,suspicious,0.027664,0.029907,140,tiny;tiny;ok;tiny,/cpfs/user/zhuzihou/assets/dedup_workspaces/test0_transitive_apply_parallel/dataset/GRScenes_assets/door/1c5b4263820d3264c31c028df1becc3f,/cpfs/user/zhuzihou/assets/dedup_workspaces/test0_transitive_apply_parallel/dataset/GRScenes_assets/door/1c5b4263820d3264c31c028df1becc3f/usd/1c5b4263820d3264c31c028df1becc3f.usd
door,1d811324255f2c235d9b0596b7b533b6,suspicious,0.027515,0.062256,170,blank;ok;ok;blank,/cpfs/user/zhuzihou/assets/dedup_workspaces/test0_transitive_apply_parallel/dataset/GRScenes_assets/door/1d811324255f2c235d9b0596b7b533b6,/cpfs/user/zhuzihou/assets/dedup_workspaces/test0_transitive_apply_parallel/dataset/GRScenes_assets/door/1d811324255f2c235d9b0596b7b533b6/usd/1d811324255f2c235d9b0596b7b533b6.usd
door,1ede7d354f5561f70a087058c770696c,suspicious,0.033714,0.037571,147,blank;blank;ok;ok,/cpfs/user/zhuzihou/assets/dedup_workspaces/test0_transitive_apply_parallel/dataset/GRScenes_assets/door/1ede7d354f5561f70a087058c770696c,/cpfs/user/zhuzihou/assets/dedup_workspaces/test0_transitive_apply_parallel/dataset/GRScenes_assets/door/1ede7d354f5561f70a087058c770696c/usd/1ede7d354f5561f70a087058c770696c.usd
door,1f202d51d9d511d099b264cb7cef3de0,suspicious,0.016842,0.029266,137,blank;blank;blank;ok,/cpfs/user/zhuzihou/assets/dedup_workspaces/test0_transitive_apply_parallel/dataset/GRScenes_assets/door/1f202d51d9d511d099b264cb7cef3de0,/cpfs/user/zhuzihou/assets/dedup_workspaces/test0_transitive_apply_parallel/dataset/GRScenes_assets/door/1f202d51d9d511d099b264cb7cef3de0/usd/1f202d51d9d511d099b264cb7cef3de0.usd
door,1f614c5e84cf7ab87a1fc0d1bcf00f40,tiny,0.013664,0.019760,74,tiny;blank;blank;tiny,/cpfs/user/zhuzihou/assets/dedup_workspaces/test0_transitive_apply_parallel/dataset/GRScenes_assets/door/1f614c5e84cf7ab87a1fc0d1bcf00f40,/cpfs/user/zhuzihou/assets/dedup_workspaces/test0_transitive_apply_parallel/dataset/GRScenes_assets/door/1f614c5e84cf7ab87a1fc0d1bcf00f40/usd/1f614c5e84cf7ab87a1fc0d1bcf00f40.usd
door,210d1c91ceb228446a733a354b6afc39,suspicious,0.016567,0.017395,114,tiny;tiny;ok;tiny,/cpfs/user/zhuzihou/assets/dedup_workspaces/test0_transitive_apply_parallel/dataset/GRScenes_assets/door/210d1c91ceb228446a733a354b6afc39,/cpfs/user/zhuzihou/assets/dedup_workspaces/test0_transitive_apply_parallel/dataset/GRScenes_assets/door/210d1c91ceb228446a733a354b6afc39/usd/210d1c91ceb228446a733a354b6afc39.usd
door,219ee33de0ea406e6d70642776205562,suspicious,0.009186,0.010761,91,ok;blank;blank;blank,/cpfs/user/zhuzihou/assets/dedup_workspaces/test0_transitive_apply_parallel/dataset/GRScenes_assets/door/219ee33de0ea406e6d70642776205562,/cpfs/user/zhuzihou/assets/dedup_workspaces/test0_transitive_apply_parallel/dataset/GRScenes_assets/door/219ee33de0ea406e6d70642776205562/usd/219ee33de0ea406e6d70642776205562.usd
door,2209ec70e0754b1250fecfbba9833c4f,suspicious,0.035999,0.041649,141,ok;ok;ok;tiny,/cpfs/user/zhuzihou/assets/dedup_workspaces/test0_transitive_apply_parallel/dataset/GRScenes_assets/door/2209ec70e0754b1250fecfbba9833c4f,/cpfs/user/zhuzihou/assets/dedup_workspaces/test0_transitive_apply_parallel/dataset/GRScenes_assets/door/2209ec70e0754b1250fecfbba9833c4f/usd/2209ec70e0754b1250fecfbba9833c4f.usd
door,225ad0911b83612d6c469f65c77cc68d,suspicious,0.026573,0.081688,166,blank;blank;ok;blank,/cpfs/user/zhuzihou/assets/dedup_workspaces/test0_transitive_apply_parallel/dataset/GRScenes_assets/door/225ad0911b83612d6c469f65c77cc68d,/cpfs/user/zhuzihou/assets/dedup_workspaces/test0_transitive_apply_parallel/dataset/GRScenes_assets/door/225ad0911b83612d6c469f65c77cc68d/usd/225ad0911b83612d6c469f65c77cc68d.usd
door,23a4534b7eedf3073dae419fb9a807a5,suspicious,0.032085,0.062080,206,blank;blank;ok;ok,/cpfs/user/zhuzihou/assets/dedup_workspaces/test0_transitive_apply_parallel/dataset/GRScenes_assets/door/23a4534b7eedf3073dae419fb9a807a5,/cpfs/user/zhuzihou/assets/dedup_workspaces/test0_transitive_apply_parallel/dataset/GRScenes_assets/door/23a4534b7eedf3073dae419fb9a807a5/usd/23a4534b7eedf3073dae419fb9a807a5.usd
door,256956b099e136fd6af106a168838caa,suspicious,0.011986,0.014160,128,ok;blank;blank;blank,/cpfs/user/zhuzihou/assets/dedup_workspaces/test0_transitive_apply_parallel/dataset/GRScenes_assets/door/256956b099e136fd6af106a168838caa,/cpfs/user/zhuzihou/assets/dedup_workspaces/test0_transitive_apply_parallel/dataset/GRScenes_assets/door/256956b099e136fd6af106a168838caa/usd/256956b099e136fd6af106a168838caa.usd
door,2670a056ffa822d14354377eb38ea57f,suspicious,0.029964,0.035667,170,ok;blank;blank;blank,/cpfs/user/zhuzihou/assets/dedup_workspaces/test0_transitive_apply_parallel/dataset/GRScenes_assets/door/2670a056ffa822d14354377eb38ea57f,/cpfs/user/zhuzihou/assets/dedup_workspaces/test0_transitive_apply_parallel/dataset/GRScenes_assets/door/2670a056ffa822d14354377eb38ea57f/usd/2670a056ffa822d14354377eb38ea57f.usd
door,26f1f0cebe724feba04a98c48976e1d3,suspicious,0.040302,0.045391,163,tiny;blank;blank;ok,/cpfs/user/zhuzihou/assets/dedup_workspaces/test0_transitive_apply_parallel/dataset/GRScenes_assets/door/26f1f0cebe724feba04a98c48976e1d3,/cpfs/user/zhuzihou/assets/dedup_workspaces/test0_transitive_apply_parallel/dataset/GRScenes_assets/door/26f1f0cebe724feba04a98c48976e1d3/usd/26f1f0cebe724feba04a98c48976e1d3.usd
door,26ff81b77b9c811ef66804f3ba8f43fc,suspicious,0.026157,0.027790,155,tiny;ok;ok;tiny,/cpfs/user/zhuzihou/assets/dedup_workspaces/test0_transitive_apply_parallel/dataset/GRScenes_assets/door/26ff81b77b9c811ef66804f3ba8f43fc,/cpfs/user/zhuzihou/assets/dedup_workspaces/test0_transitive_apply_parallel/dataset/GRScenes_assets/door/26ff81b77b9c811ef66804f3ba8f43fc/usd/26ff81b77b9c811ef66804f3ba8f43fc.usd
door,2838e4c1d82a7520eb3a9f0336ba3fa6,suspicious,0.037807,0.056030,165,ok;ok;ok;tiny,/cpfs/user/zhuzihou/assets/dedup_workspaces/test0_transitive_apply_parallel/dataset/GRScenes_assets/door/2838e4c1d82a7520eb3a9f0336ba3fa6,/cpfs/user/zhuzihou/assets/dedup_workspaces/test0_transitive_apply_parallel/dataset/GRScenes_assets/door/2838e4c1d82a7520eb3a9f0336ba3fa6/usd/2838e4c1d82a7520eb3a9f0336ba3fa6.usd
door,2887d9eaa37a51070b54e7ae9bd582d4,suspicious,0.028286,0.035370,177,ok;ok;tiny;ok,/cpfs/user/zhuzihou/assets/dedup_workspaces/test0_transitive_apply_parallel/dataset/GRScenes_assets/door/2887d9eaa37a51070b54e7ae9bd582d4,/cpfs/user/zhuzihou/assets/dedup_workspaces/test0_transitive_apply_parallel/dataset/GRScenes_assets/door/2887d9eaa37a51070b54e7ae9bd582d4/usd/2887d9eaa37a51070b54e7ae9bd582d4.usd
door,2b0f335f8f68450a845c35a663bcaec2,suspicious,0.081730,0.089455,175,ok;blank;blank;blank,/cpfs/user/zhuzihou/assets/dedup_workspaces/test0_transitive_apply_parallel/dataset/GRScenes_assets/door/2b0f335f8f68450a845c35a663bcaec2,/cpfs/user/zhuzihou/assets/dedup_workspaces/test0_transitive_apply_parallel/dataset/GRScenes_assets/door/2b0f335f8f68450a845c35a663bcaec2/usd/2b0f335f8f68450a845c35a663bcaec2.usd
door,2ef8706f62ef9fda7547857a3e07c1b6,suspicious,0.021690,0.023003,134,ok;tiny;tiny;ok,/cpfs/user/zhuzihou/assets/dedup_workspaces/test0_transitive_apply_parallel/dataset/GRScenes_assets/door/2ef8706f62ef9fda7547857a3e07c1b6,/cpfs/user/zhuzihou/assets/dedup_workspaces/test0_transitive_apply_parallel/dataset/GRScenes_assets/door/2ef8706f62ef9fda7547857a3e07c1b6/usd/2ef8706f62ef9fda7547857a3e07c1b6.usd
door,2fe977536d21375aec9e76a3c9d82d32,suspicious,0.019245,0.022522,144,blank;blank;blank;ok,/cpfs/user/zhuzihou/assets/dedup_workspaces/test0_transitive_apply_parallel/dataset/GRScenes_assets/door/2fe977536d21375aec9e76a3c9d82d32,/cpfs/user/zhuzihou/assets/dedup_workspaces/test0_transitive_apply_parallel/dataset/GRScenes_assets/door/2fe977536d21375aec9e76a3c9d82d32/usd/2fe977536d21375aec9e76a3c9d82d32.usd
door,301fc5a5bbb3a65ec04dc378d7932405,suspicious,0.011684,0.015945,110,tiny;tiny;ok;tiny,/cpfs/user/zhuzihou/assets/dedup_workspaces/test0_transitive_apply_parallel/dataset/GRScenes_assets/door/301fc5a5bbb3a65ec04dc378d7932405,/cpfs/user/zhuzihou/assets/dedup_workspaces/test0_transitive_apply_parallel/dataset/GRScenes_assets/door/301fc5a5bbb3a65ec04dc378d7932405/usd/301fc5a5bbb3a65ec04dc378d7932405.usd
door,335894167f30bc3eaec5e9c690f1af5e,suspicious,0.012764,0.015717,108,ok;ok;ok;tiny,/cpfs/user/zhuzihou/assets/dedup_workspaces/test0_transitive_apply_parallel/dataset/GRScenes_assets/door/335894167f30bc3eaec5e9c690f1af5e,/cpfs/user/zhuzihou/assets/dedup_workspaces/test0_transitive_apply_parallel/dataset/GRScenes_assets/door/335894167f30bc3eaec5e9c690f1af5e/usd/335894167f30bc3eaec5e9c690f1af5e.usd
door,363281323a527dba77dde702cff35ba4,suspicious,0.037758,0.041504,160,tiny;ok;ok;tiny,/cpfs/user/zhuzihou/assets/dedup_workspaces/test0_transitive_apply_parallel/dataset/GRScenes_assets/door/363281323a527dba77dde702cff35ba4,/cpfs/user/zhuzihou/assets/dedup_workspaces/test0_transitive_apply_parallel/dataset/GRScenes_assets/door/363281323a527dba77dde702cff35ba4/usd/363281323a527dba77dde702cff35ba4.usd
door,368812ebffe23e3f3de16ae99580327c,suspicious,0.025730,0.042885,146,ok;ok;ok;tiny,/cpfs/user/zhuzihou/assets/dedup_workspaces/test0_transitive_apply_parallel/dataset/GRScenes_assets/door/368812ebffe23e3f3de16ae99580327c,/cpfs/user/zhuzihou/assets/dedup_workspaces/test0_transitive_apply_parallel/dataset/GRScenes_assets/door/368812ebffe23e3f3de16ae99580327c/usd/368812ebffe23e3f3de16ae99580327c.usd
door,3c1275839d3652f8d33a95f713695c3c,suspicious,0.042984,0.048271,114,ok;blank;blank;blank,/cpfs/user/zhuzihou/assets/dedup_workspaces/test0_transitive_apply_parallel/dataset/GRScenes_assets/door/3c1275839d3652f8d33a95f713695c3c,/cpfs/user/zhuzihou/assets/dedup_workspaces/test0_transitive_apply_parallel/dataset/GRScenes_assets/door/3c1275839d3652f8d33a95f713695c3c/usd/3c1275839d3652f8d33a95f713695c3c.usd
door,3c64725c5bb65ddf2a447380c06927df,suspicious,0.018913,0.032024,163,tiny;ok;ok;ok,/cpfs/user/zhuzihou/assets/dedup_workspaces/test0_transitive_apply_parallel/dataset/GRScenes_assets/door/3c64725c5bb65ddf2a447380c06927df,/cpfs/user/zhuzihou/assets/dedup_workspaces/test0_transitive_apply_parallel/dataset/GRScenes_assets/door/3c64725c5bb65ddf2a447380c06927df/usd/3c64725c5bb65ddf2a447380c06927df.usd
door,423f96ca9b5a8c745d4b5241394cc529,suspicious,0.047325,0.052391,218,tiny;blank;blank;ok,/cpfs/user/zhuzihou/assets/dedup_workspaces/test0_transitive_apply_parallel/dataset/GRScenes_assets/door/423f96ca9b5a8c745d4b5241394cc529,/cpfs/user/zhuzihou/assets/dedup_workspaces/test0_transitive_apply_parallel/dataset/GRScenes_assets/door/423f96ca9b5a8c745d4b5241394cc529/usd/423f96ca9b5a8c745d4b5241394cc529.usd
door,4272d6880f06ac27835371374438d904,suspicious,0.035892,0.038815,185,blank;blank;ok;blank,/cpfs/user/zhuzihou/assets/dedup_workspaces/test0_transitive_apply_parallel/dataset/GRScenes_assets/door/4272d6880f06ac27835371374438d904,/cpfs/user/zhuzihou/assets/dedup_workspaces/test0_transitive_apply_parallel/dataset/GRScenes_assets/door/4272d6880f06ac27835371374438d904/usd/4272d6880f06ac27835371374438d904.usd
door,442c70f66ce94f5bcd3b939e041e39e6,suspicious,0.016365,0.017700,145,blank;blank;blank;ok,/cpfs/user/zhuzihou/assets/dedup_workspaces/test0_transitive_apply_parallel/dataset/GRScenes_assets/door/442c70f66ce94f5bcd3b939e041e39e6,/cpfs/user/zhuzihou/assets/dedup_workspaces/test0_transitive_apply_parallel/dataset/GRScenes_assets/door/442c70f66ce94f5bcd3b939e041e39e6/usd/442c70f66ce94f5bcd3b939e041e39e6.usd
door,47151d57b3c662ad3dfff8a11eceb59a,suspicious,0.017818,0.065865,194,blank;blank;ok;blank,/cpfs/user/zhuzihou/assets/dedup_workspaces/test0_transitive_apply_parallel/dataset/GRScenes_assets/door/47151d57b3c662ad3dfff8a11eceb59a,/cpfs/user/zhuzihou/assets/dedup_workspaces/test0_transitive_apply_parallel/dataset/GRScenes_assets/door/47151d57b3c662ad3dfff8a11eceb59a/usd/47151d57b3c662ad3dfff8a11eceb59a.usd
door,47bf3fd236bc0647cba641174608b7a7,suspicious,0.007641,0.010071,132,blank;blank;blank;ok,/cpfs/user/zhuzihou/assets/dedup_workspaces/test0_transitive_apply_parallel/dataset/GRScenes_assets/door/47bf3fd236bc0647cba641174608b7a7,/cpfs/user/zhuzihou/assets/dedup_workspaces/test0_transitive_apply_parallel/dataset/GRScenes_assets/door/47bf3fd236bc0647cba641174608b7a7/usd/47bf3fd236bc0647cba641174608b7a7.usd
door,496c1e35404570c616e61398ae58f7e9,suspicious,0.015842,0.039795,163,blank;blank;blank;ok,/cpfs/user/zhuzihou/assets/dedup_workspaces/test0_transitive_apply_parallel/dataset/GRScenes_assets/door/496c1e35404570c616e61398ae58f7e9,/cpfs/user/zhuzihou/assets/dedup_workspaces/test0_transitive_apply_parallel/dataset/GRScenes_assets/door/496c1e35404570c616e61398ae58f7e9/usd/496c1e35404570c616e61398ae58f7e9.usd
door,4981ca17c3b1c1e3b842321d388389db,suspicious,0.021690,0.023430,110,ok;ok;ok;tiny,/cpfs/user/zhuzihou/assets/dedup_workspaces/test0_transitive_apply_parallel/dataset/GRScenes_assets/door/4981ca17c3b1c1e3b842321d388389db,/cpfs/user/zhuzihou/assets/dedup_workspaces/test0_transitive_apply_parallel/dataset/GRScenes_assets/door/4981ca17c3b1c1e3b842321d388389db/usd/4981ca17c3b1c1e3b842321d388389db.usd
door,4ab04d704a7bc95ea2c5f93ff3032d92,suspicious,0.085972,0.099907,194,ok;blank;blank;ok,/cpfs/user/zhuzihou/assets/dedup_workspaces/test0_transitive_apply_parallel/dataset/GRScenes_assets/door/4ab04d704a7bc95ea2c5f93ff3032d92,/cpfs/user/zhuzihou/assets/dedup_workspaces/test0_transitive_apply_parallel/dataset/GRScenes_assets/door/4ab04d704a7bc95ea2c5f93ff3032d92/usd/4ab04d704a7bc95ea2c5f93ff3032d92.usd
door,4c630345d638858e6258da1980c2367c,suspicious,0.032089,0.039883,123,ok;blank;blank;ok,/cpfs/user/zhuzihou/assets/dedup_workspaces/test0_transitive_apply_parallel/dataset/GRScenes_assets/door/4c630345d638858e6258da1980c2367c,/cpfs/user/zhuzihou/assets/dedup_workspaces/test0_transitive_apply_parallel/dataset/GRScenes_assets/door/4c630345d638858e6258da1980c2367c/usd/4c630345d638858e6258da1980c2367c.usd
door,4dce3ae783f11c472b07b10a1c8d6541,suspicious,0.037231,0.049194,148,ok;ok;ok;tiny,/cpfs/user/zhuzihou/assets/dedup_workspaces/test0_transitive_apply_parallel/dataset/GRScenes_assets/door/4dce3ae783f11c472b07b10a1c8d6541,/cpfs/user/zhuzihou/assets/dedup_workspaces/test0_transitive_apply_parallel/dataset/GRScenes_assets/door/4dce3ae783f11c472b07b10a1c8d6541/usd/4dce3ae783f11c472b07b10a1c8d6541.usd
door,4edbccca050de96311b7561cb86b4f14,suspicious,0.053345,0.081875,177,ok;ok;ok;tiny,/cpfs/user/zhuzihou/assets/dedup_workspaces/test0_transitive_apply_parallel/dataset/GRScenes_assets/door/4edbccca050de96311b7561cb86b4f14,/cpfs/user/zhuzihou/assets/dedup_workspaces/test0_transitive_apply_parallel/dataset/GRScenes_assets/door/4edbccca050de96311b7561cb86b4f14/usd/4edbccca050de96311b7561cb86b4f14.usd
door,50a219ca7c9a3382972f6cc533f18648,suspicious,0.038158,0.063278,157,ok;ok;ok;tiny,/cpfs/user/zhuzihou/assets/dedup_workspaces/test0_transitive_apply_parallel/dataset/GRScenes_assets/door/50a219ca7c9a3382972f6cc533f18648,/cpfs/user/zhuzihou/assets/dedup_workspaces/test0_transitive_apply_parallel/dataset/GRScenes_assets/door/50a219ca7c9a3382972f6cc533f18648/usd/50a219ca7c9a3382972f6cc533f18648.usd
door,531e4831360924341588c269d286d098,suspicious,0.013878,0.051296,176,blank;ok;ok;blank,/cpfs/user/zhuzihou/assets/dedup_workspaces/test0_transitive_apply_parallel/dataset/GRScenes_assets/door/531e4831360924341588c269d286d098,/cpfs/user/zhuzihou/assets/dedup_workspaces/test0_transitive_apply_parallel/dataset/GRScenes_assets/door/531e4831360924341588c269d286d098/usd/531e4831360924341588c269d286d098.usd
door,5466b4aae1ffdd80c7b8c2171f2f3a5c,suspicious,0.005211,0.006042,144,blank;ok;blank;blank,/cpfs/user/zhuzihou/assets/dedup_workspaces/test0_transitive_apply_parallel/dataset/GRScenes_assets/door/5466b4aae1ffdd80c7b8c2171f2f3a5c,/cpfs/user/zhuzihou/assets/dedup_workspaces/test0_transitive_apply_parallel/dataset/GRScenes_assets/door/5466b4aae1ffdd80c7b8c2171f2f3a5c/usd/5466b4aae1ffdd80c7b8c2171f2f3a5c.usd
door,549f6247f83400b71cf42d7b3072188c,suspicious,0.020226,0.027023,92,ok;tiny;ok;ok,/cpfs/user/zhuzihou/assets/dedup_workspaces/test0_transitive_apply_parallel/dataset/GRScenes_assets/door/549f6247f83400b71cf42d7b3072188c,/cpfs/user/zhuzihou/assets/dedup_workspaces/test0_transitive_apply_parallel/dataset/GRScenes_assets/door/549f6247f83400b71cf42d7b3072188c/usd/549f6247f83400b71cf42d7b3072188c.usd
door,55421f8f6ae7b060eccc3f7859e5332b,suspicious,0.039017,0.042351,182,ok;ok;ok;tiny,/cpfs/user/zhuzihou/assets/dedup_workspaces/test0_transitive_apply_parallel/dataset/GRScenes_assets/door/55421f8f6ae7b060eccc3f7859e5332b,/cpfs/user/zhuzihou/assets/dedup_workspaces/test0_transitive_apply_parallel/dataset/GRScenes_assets/door/55421f8f6ae7b060eccc3f7859e5332b/usd/55421f8f6ae7b060eccc3f7859e5332b.usd
door,55492a43b6f1c5dd9975b97fdd7ab307,suspicious,0.043312,0.073067,163,ok;tiny;ok;ok,/cpfs/user/zhuzihou/assets/dedup_workspaces/test0_transitive_apply_parallel/dataset/GRScenes_assets/door/55492a43b6f1c5dd9975b97fdd7ab307,/cpfs/user/zhuzihou/assets/dedup_workspaces/test0_transitive_apply_parallel/dataset/GRScenes_assets/door/55492a43b6f1c5dd9975b97fdd7ab307/usd/55492a43b6f1c5dd9975b97fdd7ab307.usd
door,56b5763f9803fa949217ea29f78210dc,suspicious,0.014488,0.028854,124,tiny;tiny;ok;tiny,/cpfs/user/zhuzihou/assets/dedup_workspaces/test0_transitive_apply_parallel/dataset/GRScenes_assets/door/56b5763f9803fa949217ea29f78210dc,/cpfs/user/zhuzihou/assets/dedup_workspaces/test0_transitive_apply_parallel/dataset/GRScenes_assets/door/56b5763f9803fa949217ea29f78210dc/usd/56b5763f9803fa949217ea29f78210dc.usd
door,58cac72957361501bdeb51483a8d289c,suspicious,0.012970,0.083847,157,ok;blank;blank;blank,/cpfs/user/zhuzihou/assets/dedup_workspaces/test0_transitive_apply_parallel/dataset/GRScenes_assets/door/58cac72957361501bdeb51483a8d289c,/cpfs/user/zhuzihou/assets/dedup_workspaces/test0_transitive_apply_parallel/dataset/GRScenes_assets/door/58cac72957361501bdeb51483a8d289c/usd/58cac72957361501bdeb51483a8d289c.usd
door,59f42b3ab8871994155d1ef72fefcdd8,suspicious,0.027332,0.028564,156,tiny;ok;ok;ok,/cpfs/user/zhuzihou/assets/dedup_workspaces/test0_transitive_apply_parallel/dataset/GRScenes_assets/door/59f42b3ab8871994155d1ef72fefcdd8,/cpfs/user/zhuzihou/assets/dedup_workspaces/test0_transitive_apply_parallel/dataset/GRScenes_assets/door/59f42b3ab8871994155d1ef72fefcdd8/usd/59f42b3ab8871994155d1ef72fefcdd8.usd
door,5bcba605d6b85b53f32ea5cebc5e5dfe,suspicious,0.017128,0.060482,151,ok;blank;blank;blank,/cpfs/user/zhuzihou/assets/dedup_workspaces/test0_transitive_apply_parallel/dataset/GRScenes_assets/door/5bcba605d6b85b53f32ea5cebc5e5dfe,/cpfs/user/zhuzihou/assets/dedup_workspaces/test0_transitive_apply_parallel/dataset/GRScenes_assets/door/5bcba605d6b85b53f32ea5cebc5e5dfe/usd/5bcba605d6b85b53f32ea5cebc5e5dfe.usd
door,5c4c99780f80b10bbdaf5a2d04fc11d1,suspicious,0.011829,0.012817,105,blank;blank;ok;blank,/cpfs/user/zhuzihou/assets/dedup_workspaces/test0_transitive_apply_parallel/dataset/GRScenes_assets/door/5c4c99780f80b10bbdaf5a2d04fc11d1,/cpfs/user/zhuzihou/assets/dedup_workspaces/test0_transitive_apply_parallel/dataset/GRScenes_assets/door/5c4c99780f80b10bbdaf5a2d04fc11d1/usd/5c4c99780f80b10bbdaf5a2d04fc11d1.usd
door,5fad2bce2b5b4adc2cabdcd0e54c5672,suspicious,0.010685,0.041794,166,ok;blank;blank;blank,/cpfs/user/zhuzihou/assets/dedup_workspaces/test0_transitive_apply_parallel/dataset/GRScenes_assets/door/5fad2bce2b5b4adc2cabdcd0e54c5672,/cpfs/user/zhuzihou/assets/dedup_workspaces/test0_transitive_apply_parallel/dataset/GRScenes_assets/door/5fad2bce2b5b4adc2cabdcd0e54c5672/usd/5fad2bce2b5b4adc2cabdcd0e54c5672.usd
door,65467d945d3adac0db42f1b04e820ba7,suspicious,0.015343,0.031738,128,ok;tiny;ok;ok,/cpfs/user/zhuzihou/assets/dedup_workspaces/test0_transitive_apply_parallel/dataset/GRScenes_assets/door/65467d945d3adac0db42f1b04e820ba7,/cpfs/user/zhuzihou/assets/dedup_workspaces/test0_transitive_apply_parallel/dataset/GRScenes_assets/door/65467d945d3adac0db42f1b04e820ba7/usd/65467d945d3adac0db42f1b04e820ba7.usd
door,65508d6fbdb9515785834f96088054eb,suspicious,0.083717,0.093025,178,ok;blank;blank;blank,/cpfs/user/zhuzihou/assets/dedup_workspaces/test0_transitive_apply_parallel/dataset/GRScenes_assets/door/65508d6fbdb9515785834f96088054eb,/cpfs/user/zhuzihou/assets/dedup_workspaces/test0_transitive_apply_parallel/dataset/GRScenes_assets/door/65508d6fbdb9515785834f96088054eb/usd/65508d6fbdb9515785834f96088054eb.usd
door,6576b116b8e2f8cc772d7e5875cfdf60,suspicious,0.014133,0.030510,129,ok;tiny;ok;ok,/cpfs/user/zhuzihou/assets/dedup_workspaces/test0_transitive_apply_parallel/dataset/GRScenes_assets/door/6576b116b8e2f8cc772d7e5875cfdf60,/cpfs/user/zhuzihou/assets/dedup_workspaces/test0_transitive_apply_parallel/dataset/GRScenes_assets/door/6576b116b8e2f8cc772d7e5875cfdf60/usd/6576b116b8e2f8cc772d7e5875cfdf60.usd
door,65a01e404838d3f670d4bab605f2c6d6,suspicious,0.017765,0.022705,96,tiny;blank;blank;ok,/cpfs/user/zhuzihou/assets/dedup_workspaces/test0_transitive_apply_parallel/dataset/GRScenes_assets/door/65a01e404838d3f670d4bab605f2c6d6,/cpfs/user/zhuzihou/assets/dedup_workspaces/test0_transitive_apply_parallel/dataset/GRScenes_assets/door/65a01e404838d3f670d4bab605f2c6d6/usd/65a01e404838d3f670d4bab605f2c6d6.usd
door,6660951fb2f8767d956758941ae79c42,suspicious,0.024952,0.047470,183,blank;ok;tiny;blank,/cpfs/user/zhuzihou/assets/dedup_workspaces/test0_transitive_apply_parallel/dataset/GRScenes_assets/door/6660951fb2f8767d956758941ae79c42,/cpfs/user/zhuzihou/assets/dedup_workspaces/test0_transitive_apply_parallel/dataset/GRScenes_assets/door/6660951fb2f8767d956758941ae79c42/usd/6660951fb2f8767d956758941ae79c42.usd
door,6799c2f67fb517b1270f791faa6230d8,suspicious,0.008766,0.045410,124,ok;blank;blank;blank,/cpfs/user/zhuzihou/assets/dedup_workspaces/test0_transitive_apply_parallel/dataset/GRScenes_assets/door/6799c2f67fb517b1270f791faa6230d8,/cpfs/user/zhuzihou/assets/dedup_workspaces/test0_transitive_apply_parallel/dataset/GRScenes_assets/door/6799c2f67fb517b1270f791faa6230d8/usd/6799c2f67fb517b1270f791faa6230d8.usd
door,68c1af59de578c022457fbfee575682b,suspicious,0.023293,0.024902,136,ok;tiny;tiny;tiny,/cpfs/user/zhuzihou/assets/dedup_workspaces/test0_transitive_apply_parallel/dataset/GRScenes_assets/door/68c1af59de578c022457fbfee575682b,/cpfs/user/zhuzihou/assets/dedup_workspaces/test0_transitive_apply_parallel/dataset/GRScenes_assets/door/68c1af59de578c022457fbfee575682b/usd/68c1af59de578c022457fbfee575682b.usd
door,6a3a5c8c482ca566fbcf59b65a15b1d6,suspicious,0.051952,0.098579,240,blank;ok;ok;ok,/cpfs/user/zhuzihou/assets/dedup_workspaces/test0_transitive_apply_parallel/dataset/GRScenes_assets/door/6a3a5c8c482ca566fbcf59b65a15b1d6,/cpfs/user/zhuzihou/assets/dedup_workspaces/test0_transitive_apply_parallel/dataset/GRScenes_assets/door/6a3a5c8c482ca566fbcf59b65a15b1d6/usd/6a3a5c8c482ca566fbcf59b65a15b1d6.usd
door,6a3c62f42b8d762db7e35407d741a339,suspicious,0.011711,0.027435,124,blank;ok;blank;blank,/cpfs/user/zhuzihou/assets/dedup_workspaces/test0_transitive_apply_parallel/dataset/GRScenes_assets/door/6a3c62f42b8d762db7e35407d741a339,/cpfs/user/zhuzihou/assets/dedup_workspaces/test0_transitive_apply_parallel/dataset/GRScenes_assets/door/6a3c62f42b8d762db7e35407d741a339/usd/6a3c62f42b8d762db7e35407d741a339.usd
door,6afa6a3493e29ed1635708a62356a344,tiny,0.009510,0.012524,67,tiny;blank;blank;blank,/cpfs/user/zhuzihou/assets/dedup_workspaces/test0_transitive_apply_parallel/dataset/GRScenes_assets/door/6afa6a3493e29ed1635708a62356a344,/cpfs/user/zhuzihou/assets/dedup_workspaces/test0_transitive_apply_parallel/dataset/GRScenes_assets/door/6afa6a3493e29ed1635708a62356a344/usd/6afa6a3493e29ed1635708a62356a344.usd
door,6b6ecc4a651057a44dd4b51ea0560bf2,suspicious,0.013145,0.016956,127,blank;ok;blank;blank,/cpfs/user/zhuzihou/assets/dedup_workspaces/test0_transitive_apply_parallel/dataset/GRScenes_assets/door/6b6ecc4a651057a44dd4b51ea0560bf2,/cpfs/user/zhuzihou/assets/dedup_workspaces/test0_transitive_apply_parallel/dataset/GRScenes_assets/door/6b6ecc4a651057a44dd4b51ea0560bf2/usd/6b6ecc4a651057a44dd4b51ea0560bf2.usd
door,6b7443a693c2f16c7f3d3879c854648c,suspicious,0.024014,0.059166,165,blank;blank;ok;blank,/cpfs/user/zhuzihou/assets/dedup_workspaces/test0_transitive_apply_parallel/dataset/GRScenes_assets/door/6b7443a693c2f16c7f3d3879c854648c,/cpfs/user/zhuzihou/assets/dedup_workspaces/test0_transitive_apply_parallel/dataset/GRScenes_assets/door/6b7443a693c2f16c7f3d3879c854648c/usd/6b7443a693c2f16c7f3d3879c854648c.usd
door,6bd5f918180b6daea2ccb7ffab245661,tiny,0.007637,0.011581,66,blank;blank;blank;tiny,/cpfs/user/zhuzihou/assets/dedup_workspaces/test0_transitive_apply_parallel/dataset/GRScenes_assets/door/6bd5f918180b6daea2ccb7ffab245661,/cpfs/user/zhuzihou/assets/dedup_workspaces/test0_transitive_apply_parallel/dataset/GRScenes_assets/door/6bd5f918180b6daea2ccb7ffab245661/usd/6bd5f918180b6daea2ccb7ffab245661.usd
door,713449e8535c98457cdff2d40abcaf99,suspicious,0.020596,0.034180,140,ok;tiny;ok;ok,/cpfs/user/zhuzihou/assets/dedup_workspaces/test0_transitive_apply_parallel/dataset/GRScenes_assets/door/713449e8535c98457cdff2d40abcaf99,/cpfs/user/zhuzihou/assets/dedup_workspaces/test0_transitive_apply_parallel/dataset/GRScenes_assets/door/713449e8535c98457cdff2d40abcaf99/usd/713449e8535c98457cdff2d40abcaf99.usd
door,71d3e462df0b46dcc63a3c2e99d4f10c,suspicious,0.032341,0.038223,167,blank;ok;blank;blank,/cpfs/user/zhuzihou/assets/dedup_workspaces/test0_transitive_apply_parallel/dataset/GRScenes_assets/door/71d3e462df0b46dcc63a3c2e99d4f10c,/cpfs/user/zhuzihou/assets/dedup_workspaces/test0_transitive_apply_parallel/dataset/GRScenes_assets/door/71d3e462df0b46dcc63a3c2e99d4f10c/usd/71d3e462df0b46dcc63a3c2e99d4f10c.usd
door,7228c946c46374b5defce67952a1fd7b,suspicious,0.048740,0.077625,169,ok;tiny;ok;ok,/cpfs/user/zhuzihou/assets/dedup_workspaces/test0_transitive_apply_parallel/dataset/GRScenes_assets/door/7228c946c46374b5defce67952a1fd7b,/cpfs/user/zhuzihou/assets/dedup_workspaces/test0_transitive_apply_parallel/dataset/GRScenes_assets/door/7228c946c46374b5defce67952a1fd7b/usd/7228c946c46374b5defce67952a1fd7b.usd
door,763dec84fbb65dc6e41960df40120b83,suspicious,0.016640,0.043282,186,tiny;blank;blank;ok,/cpfs/user/zhuzihou/assets/dedup_workspaces/test0_transitive_apply_parallel/dataset/GRScenes_assets/door/763dec84fbb65dc6e41960df40120b83,/cpfs/user/zhuzihou/assets/dedup_workspaces/test0_transitive_apply_parallel/dataset/GRScenes_assets/door/763dec84fbb65dc6e41960df40120b83/usd/763dec84fbb65dc6e41960df40120b83.usd
door,76d5cb18a90e106e24cfd1ae349094e6,suspicious,0.054321,0.080711,153,ok;tiny;ok;ok,/cpfs/user/zhuzihou/assets/dedup_workspaces/test0_transitive_apply_parallel/dataset/GRScenes_assets/door/76d5cb18a90e106e24cfd1ae349094e6,/cpfs/user/zhuzihou/assets/dedup_workspaces/test0_transitive_apply_parallel/dataset/GRScenes_assets/door/76d5cb18a90e106e24cfd1ae349094e6/usd/76d5cb18a90e106e24cfd1ae349094e6.usd
door,78ce6e74d43290aedf7acb20cf8f9da6,suspicious,0.027630,0.040054,210,ok;tiny;blank;blank,/cpfs/user/zhuzihou/assets/dedup_workspaces/test0_transitive_apply_parallel/dataset/GRScenes_assets/door/78ce6e74d43290aedf7acb20cf8f9da6,/cpfs/user/zhuzihou/assets/dedup_workspaces/test0_transitive_apply_parallel/dataset/GRScenes_assets/door/78ce6e74d43290aedf7acb20cf8f9da6/usd/78ce6e74d43290aedf7acb20cf8f9da6.usd
door,78d773e877a8161bed36f7d342389c63,suspicious,0.021683,0.037346,110,tiny;ok;ok;tiny,/cpfs/user/zhuzihou/assets/dedup_workspaces/test0_transitive_apply_parallel/dataset/GRScenes_assets/door/78d773e877a8161bed36f7d342389c63,/cpfs/user/zhuzihou/assets/dedup_workspaces/test0_transitive_apply_parallel/dataset/GRScenes_assets/door/78d773e877a8161bed36f7d342389c63/usd/78d773e877a8161bed36f7d342389c63.usd
door,7985ec8c1545d56d8727b78f71be9e0c,suspicious,0.029922,0.039139,108,tiny;ok;tiny;tiny,/cpfs/user/zhuzihou/assets/dedup_workspaces/test0_transitive_apply_parallel/dataset/GRScenes_assets/door/7985ec8c1545d56d8727b78f71be9e0c,/cpfs/user/zhuzihou/assets/dedup_workspaces/test0_transitive_apply_parallel/dataset/GRScenes_assets/door/7985ec8c1545d56d8727b78f71be9e0c/usd/7985ec8c1545d56d8727b78f71be9e0c.usd
door,79902a4d2389d9ae748416de873d068e,suspicious,0.014584,0.020477,122,ok;blank;blank;blank,/cpfs/user/zhuzihou/assets/dedup_workspaces/test0_transitive_apply_parallel/dataset/GRScenes_assets/door/79902a4d2389d9ae748416de873d068e,/cpfs/user/zhuzihou/assets/dedup_workspaces/test0_transitive_apply_parallel/dataset/GRScenes_assets/door/79902a4d2389d9ae748416de873d068e/usd/79902a4d2389d9ae748416de873d068e.usd
door,7b00e0ac8a3ee7d3ddb5ee6ed1028c29,suspicious,0.017128,0.056038,130,blank;blank;ok;blank,/cpfs/user/zhuzihou/assets/dedup_workspaces/test0_transitive_apply_parallel/dataset/GRScenes_assets/door/7b00e0ac8a3ee7d3ddb5ee6ed1028c29,/cpfs/user/zhuzihou/assets/dedup_workspaces/test0_transitive_apply_parallel/dataset/GRScenes_assets/door/7b00e0ac8a3ee7d3ddb5ee6ed1028c29/usd/7b00e0ac8a3ee7d3ddb5ee6ed1028c29.usd
door,7b46af01a13e3ca1723c1574556af337,tiny,0.008488,0.011456,77,blank;blank;blank;tiny,/cpfs/user/zhuzihou/assets/dedup_workspaces/test0_transitive_apply_parallel/dataset/GRScenes_assets/door/7b46af01a13e3ca1723c1574556af337,/cpfs/user/zhuzihou/assets/dedup_workspaces/test0_transitive_apply_parallel/dataset/GRScenes_assets/door/7b46af01a13e3ca1723c1574556af337/usd/7b46af01a13e3ca1723c1574556af337.usd
door,7cbe0a6e731d2f4608b010735ca38c0c,suspicious,0.014523,0.032845,123,blank;ok;blank;blank,/cpfs/user/zhuzihou/assets/dedup_workspaces/test0_transitive_apply_parallel/dataset/GRScenes_assets/door/7cbe0a6e731d2f4608b010735ca38c0c,/cpfs/user/zhuzihou/assets/dedup_workspaces/test0_transitive_apply_parallel/dataset/GRScenes_assets/door/7cbe0a6e731d2f4608b010735ca38c0c/usd/7cbe0a6e731d2f4608b010735ca38c0c.usd
door,7df0c3a4c44800c85a3dd1a935c49dd0,suspicious,0.027546,0.033302,110,ok;ok;ok;tiny,/cpfs/user/zhuzihou/assets/dedup_workspaces/test0_transitive_apply_parallel/dataset/GRScenes_assets/door/7df0c3a4c44800c85a3dd1a935c49dd0,/cpfs/user/zhuzihou/assets/dedup_workspaces/test0_transitive_apply_parallel/dataset/GRScenes_assets/door/7df0c3a4c44800c85a3dd1a935c49dd0/usd/7df0c3a4c44800c85a3dd1a935c49dd0.usd
door,82de360c606461296ec7491d3111d0a0,suspicious,0.033325,0.035225,162,tiny;ok;ok;tiny,/cpfs/user/zhuzihou/assets/dedup_workspaces/test0_transitive_apply_parallel/dataset/GRScenes_assets/door/82de360c606461296ec7491d3111d0a0,/cpfs/user/zhuzihou/assets/dedup_workspaces/test0_transitive_apply_parallel/dataset/GRScenes_assets/door/82de360c606461296ec7491d3111d0a0/usd/82de360c606461296ec7491d3111d0a0.usd
door,83288fc8cb39af463e2f2868d32c532a,suspicious,0.019558,0.024567,92,ok;ok;blank;blank,/cpfs/user/zhuzihou/assets/dedup_workspaces/test0_transitive_apply_parallel/dataset/GRScenes_assets/door/83288fc8cb39af463e2f2868d32c532a,/cpfs/user/zhuzihou/assets/dedup_workspaces/test0_transitive_apply_parallel/dataset/GRScenes_assets/door/83288fc8cb39af463e2f2868d32c532a/usd/83288fc8cb39af463e2f2868d32c532a.usd
door,861558f327f413d560ca71e599bae64e,suspicious,0.042103,0.045464,118,blank;blank;ok;blank,/cpfs/user/zhuzihou/assets/dedup_workspaces/test0_transitive_apply_parallel/dataset/GRScenes_assets/door/861558f327f413d560ca71e599bae64e,/cpfs/user/zhuzihou/assets/dedup_workspaces/test0_transitive_apply_parallel/dataset/GRScenes_assets/door/861558f327f413d560ca71e599bae64e/usd/861558f327f413d560ca71e599bae64e.usd
door,866ea6060036a50df21fc605b54c2749,suspicious,0.020115,0.039253,147,tiny;tiny;ok;ok,/cpfs/user/zhuzihou/assets/dedup_workspaces/test0_transitive_apply_parallel/dataset/GRScenes_assets/door/866ea6060036a50df21fc605b54c2749,/cpfs/user/zhuzihou/assets/dedup_workspaces/test0_transitive_apply_parallel/dataset/GRScenes_assets/door/866ea6060036a50df21fc605b54c2749/usd/866ea6060036a50df21fc605b54c2749.usd
door,87f30f1e2c0394dd97fc075fcef73c72,suspicious,0.020222,0.035381,175,blank;blank;blank;ok,/cpfs/user/zhuzihou/assets/dedup_workspaces/test0_transitive_apply_parallel/dataset/GRScenes_assets/door/87f30f1e2c0394dd97fc075fcef73c72,/cpfs/user/zhuzihou/assets/dedup_workspaces/test0_transitive_apply_parallel/dataset/GRScenes_assets/door/87f30f1e2c0394dd97fc075fcef73c72/usd/87f30f1e2c0394dd97fc075fcef73c72.usd
door,88ebdb259abd13b54ef4f193dd7a20c2,suspicious,0.011143,0.026382,133,ok;tiny;tiny;tiny,/cpfs/user/zhuzihou/assets/dedup_workspaces/test0_transitive_apply_parallel/dataset/GRScenes_assets/door/88ebdb259abd13b54ef4f193dd7a20c2,/cpfs/user/zhuzihou/assets/dedup_workspaces/test0_transitive_apply_parallel/dataset/GRScenes_assets/door/88ebdb259abd13b54ef4f193dd7a20c2/usd/88ebdb259abd13b54ef4f193dd7a20c2.usd
door,89e2b58b950bb7bc12658a6ec3df8061,suspicious,0.055550,0.062370,150,blank;blank;ok;blank,/cpfs/user/zhuzihou/assets/dedup_workspaces/test0_transitive_apply_parallel/dataset/GRScenes_assets/door/89e2b58b950bb7bc12658a6ec3df8061,/cpfs/user/zhuzihou/assets/dedup_workspaces/test0_transitive_apply_parallel/dataset/GRScenes_assets/door/89e2b58b950bb7bc12658a6ec3df8061/usd/89e2b58b950bb7bc12658a6ec3df8061.usd
door,8c361919bc21718d3941d31e8e4c4ee5,suspicious,0.066837,0.075005,174,ok;blank;blank;blank,/cpfs/user/zhuzihou/assets/dedup_workspaces/test0_transitive_apply_parallel/dataset/GRScenes_assets/door/8c361919bc21718d3941d31e8e4c4ee5,/cpfs/user/zhuzihou/assets/dedup_workspaces/test0_transitive_apply_parallel/dataset/GRScenes_assets/door/8c361919bc21718d3941d31e8e4c4ee5/usd/8c361919bc21718d3941d31e8e4c4ee5.usd
door,8cec38ba15e4d3c3123028f4544b2210,suspicious,0.022606,0.055447,153,blank;ok;blank;blank,/cpfs/user/zhuzihou/assets/dedup_workspaces/test0_transitive_apply_parallel/dataset/GRScenes_assets/door/8cec38ba15e4d3c3123028f4544b2210,/cpfs/user/zhuzihou/assets/dedup_workspaces/test0_transitive_apply_parallel/dataset/GRScenes_assets/door/8cec38ba15e4d3c3123028f4544b2210/usd/8cec38ba15e4d3c3123028f4544b2210.usd
door,8e517678b7fe3946723ab0b0904a624c,suspicious,0.024067,0.043049,185,blank;blank;blank;ok,/cpfs/user/zhuzihou/assets/dedup_workspaces/test0_transitive_apply_parallel/dataset/GRScenes_assets/door/8e517678b7fe3946723ab0b0904a624c,/cpfs/user/zhuzihou/assets/dedup_workspaces/test0_transitive_apply_parallel/dataset/GRScenes_assets/door/8e517678b7fe3946723ab0b0904a624c/usd/8e517678b7fe3946723ab0b0904a624c.usd
door,8fdf31944cf32661abcdada514ef885f,suspicious,0.023415,0.031738,159,ok;ok;blank;blank,/cpfs/user/zhuzihou/assets/dedup_workspaces/test0_transitive_apply_parallel/dataset/GRScenes_assets/door/8fdf31944cf32661abcdada514ef885f,/cpfs/user/zhuzihou/assets/dedup_workspaces/test0_transitive_apply_parallel/dataset/GRScenes_assets/door/8fdf31944cf32661abcdada514ef885f/usd/8fdf31944cf32661abcdada514ef885f.usd
door,95b81276e653a49c5550a1326fb064fc,suspicious,0.040760,0.050880,129,ok;ok;ok;tiny,/cpfs/user/zhuzihou/assets/dedup_workspaces/test0_transitive_apply_parallel/dataset/GRScenes_assets/door/95b81276e653a49c5550a1326fb064fc,/cpfs/user/zhuzihou/assets/dedup_workspaces/test0_transitive_apply_parallel/dataset/GRScenes_assets/door/95b81276e653a49c5550a1326fb064fc/usd/95b81276e653a49c5550a1326fb064fc.usd
door,9737c07304b7548bd223e08f841b2c34,suspicious,0.082333,0.092079,162,ok;blank;blank;blank,/cpfs/user/zhuzihou/assets/dedup_workspaces/test0_transitive_apply_parallel/dataset/GRScenes_assets/door/9737c07304b7548bd223e08f841b2c34,/cpfs/user/zhuzihou/assets/dedup_workspaces/test0_transitive_apply_parallel/dataset/GRScenes_assets/door/9737c07304b7548bd223e08f841b2c34/usd/9737c07304b7548bd223e08f841b2c34.usd
door,98b4ab82b9be98179d34926fa014fada,suspicious,0.028503,0.032310,121,ok;tiny;tiny;tiny,/cpfs/user/zhuzihou/assets/dedup_workspaces/test0_transitive_apply_parallel/dataset/GRScenes_assets/door/98b4ab82b9be98179d34926fa014fada,/cpfs/user/zhuzihou/assets/dedup_workspaces/test0_transitive_apply_parallel/dataset/GRScenes_assets/door/98b4ab82b9be98179d34926fa014fada/usd/98b4ab82b9be98179d34926fa014fada.usd
door,991cf6f1dbbcb24e137e4c3eb10c2c78,suspicious,0.057693,0.064964,131,ok;tiny;blank;blank,/cpfs/user/zhuzihou/assets/dedup_workspaces/test0_transitive_apply_parallel/dataset/GRScenes_assets/door/991cf6f1dbbcb24e137e4c3eb10c2c78,/cpfs/user/zhuzihou/assets/dedup_workspaces/test0_transitive_apply_parallel/dataset/GRScenes_assets/door/991cf6f1dbbcb24e137e4c3eb10c2c78/usd/991cf6f1dbbcb24e137e4c3eb10c2c78.usd
door,9d475a41093791e984cb3e1ec02b5b60,suspicious,0.036545,0.040817,159,ok;tiny;ok;ok,/cpfs/user/zhuzihou/assets/dedup_workspaces/test0_transitive_apply_parallel/dataset/GRScenes_assets/door/9d475a41093791e984cb3e1ec02b5b60,/cpfs/user/zhuzihou/assets/dedup_workspaces/test0_transitive_apply_parallel/dataset/GRScenes_assets/door/9d475a41093791e984cb3e1ec02b5b60/usd/9d475a41093791e984cb3e1ec02b5b60.usd
door,a0c66b9cc4ff38c79f4fb9d7b25105a0,suspicious,0.026871,0.038910,204,blank;blank;ok;blank,/cpfs/user/zhuzihou/assets/dedup_workspaces/test0_transitive_apply_parallel/dataset/GRScenes_assets/door/a0c66b9cc4ff38c79f4fb9d7b25105a0,/cpfs/user/zhuzihou/assets/dedup_workspaces/test0_transitive_apply_parallel/dataset/GRScenes_assets/door/a0c66b9cc4ff38c79f4fb9d7b25105a0/usd/a0c66b9cc4ff38c79f4fb9d7b25105a0.usd
door,a19798bc58e6cd201db3a63aa58fd616,suspicious,0.054329,0.057220,150,ok;blank;blank;blank,/cpfs/user/zhuzihou/assets/dedup_workspaces/test0_transitive_apply_parallel/dataset/GRScenes_assets/door/a19798bc58e6cd201db3a63aa58fd616,/cpfs/user/zhuzihou/assets/dedup_workspaces/test0_transitive_apply_parallel/dataset/GRScenes_assets/door/a19798bc58e6cd201db3a63aa58fd616/usd/a19798bc58e6cd201db3a63aa58fd616.usd
door,a4c5d857e6cafa9dfcf32cab1a015dff,suspicious,0.010174,0.015434,119,ok;blank;blank;blank,/cpfs/user/zhuzihou/assets/dedup_workspaces/test0_transitive_apply_parallel/dataset/GRScenes_assets/door/a4c5d857e6cafa9dfcf32cab1a015dff,/cpfs/user/zhuzihou/assets/dedup_workspaces/test0_transitive_apply_parallel/dataset/GRScenes_assets/door/a4c5d857e6cafa9dfcf32cab1a015dff/usd/a4c5d857e6cafa9dfcf32cab1a015dff.usd
door,a58442481504bbd4a96e95ac7c69a129,suspicious,0.012569,0.024498,169,ok;blank;blank;blank,/cpfs/user/zhuzihou/assets/dedup_workspaces/test0_transitive_apply_parallel/dataset/GRScenes_assets/door/a58442481504bbd4a96e95ac7c69a129,/cpfs/user/zhuzihou/assets/dedup_workspaces/test0_transitive_apply_parallel/dataset/GRScenes_assets/door/a58442481504bbd4a96e95ac7c69a129/usd/a58442481504bbd4a96e95ac7c69a129.usd
door,a8206555830d974572ac758f3d449b3e,suspicious,0.025528,0.029217,168,tiny;ok;ok;ok,/cpfs/user/zhuzihou/assets/dedup_workspaces/test0_transitive_apply_parallel/dataset/GRScenes_assets/door/a8206555830d974572ac758f3d449b3e,/cpfs/user/zhuzihou/assets/dedup_workspaces/test0_transitive_apply_parallel/dataset/GRScenes_assets/door/a8206555830d974572ac758f3d449b3e/usd/a8206555830d974572ac758f3d449b3e.usd
door,aa029a85dd34635a3af7cd3ef7e5378d,suspicious,0.044449,0.059868,168,ok;tiny;ok;ok,/cpfs/user/zhuzihou/assets/dedup_workspaces/test0_transitive_apply_parallel/dataset/GRScenes_assets/door/aa029a85dd34635a3af7cd3ef7e5378d,/cpfs/user/zhuzihou/assets/dedup_workspaces/test0_transitive_apply_parallel/dataset/GRScenes_assets/door/aa029a85dd34635a3af7cd3ef7e5378d/usd/aa029a85dd34635a3af7cd3ef7e5378d.usd
door,abfc50e7374cb743b2817f4c82deee97,suspicious,0.054306,0.080143,152,ok;tiny;ok;ok,/cpfs/user/zhuzihou/assets/dedup_workspaces/test0_transitive_apply_parallel/dataset/GRScenes_assets/door/abfc50e7374cb743b2817f4c82deee97,/cpfs/user/zhuzihou/assets/dedup_workspaces/test0_transitive_apply_parallel/dataset/GRScenes_assets/door/abfc50e7374cb743b2817f4c82deee97/usd/abfc50e7374cb743b2817f4c82deee97.usd
door,ad51fd906b342554ac3c5ff29f203d9b,suspicious,0.036999,0.087555,230,ok;blank;ok;ok,/cpfs/user/zhuzihou/assets/dedup_workspaces/test0_transitive_apply_parallel/dataset/GRScenes_assets/door/ad51fd906b342554ac3c5ff29f203d9b,/cpfs/user/zhuzihou/assets/dedup_workspaces/test0_transitive_apply_parallel/dataset/GRScenes_assets/door/ad51fd906b342554ac3c5ff29f203d9b/usd/ad51fd906b342554ac3c5ff29f203d9b.usd
door,aed618a154b36fe211add5663236a110,suspicious,0.013893,0.018883,110,ok;ok;ok;tiny,/cpfs/user/zhuzihou/assets/dedup_workspaces/test0_transitive_apply_parallel/dataset/GRScenes_assets/door/aed618a154b36fe211add5663236a110,/cpfs/user/zhuzihou/assets/dedup_workspaces/test0_transitive_apply_parallel/dataset/GRScenes_assets/door/aed618a154b36fe211add5663236a110/usd/aed618a154b36fe211add5663236a110.usd
door,b04b3b4394ff733993f21619e0a29a8e,suspicious,0.092278,0.103317,183,blank;blank;ok;blank,/cpfs/user/zhuzihou/assets/dedup_workspaces/test0_transitive_apply_parallel/dataset/GRScenes_assets/door/b04b3b4394ff733993f21619e0a29a8e,/cpfs/user/zhuzihou/assets/dedup_workspaces/test0_transitive_apply_parallel/dataset/GRScenes_assets/door/b04b3b4394ff733993f21619e0a29a8e/usd/b04b3b4394ff733993f21619e0a29a8e.usd
door,b16b5205214f15c42aed50b3a329326e,tiny,0.002148,0.006294,75,tiny;blank;blank;blank,/cpfs/user/zhuzihou/assets/dedup_workspaces/test0_transitive_apply_parallel/dataset/GRScenes_assets/door/b16b5205214f15c42aed50b3a329326e,/cpfs/user/zhuzihou/assets/dedup_workspaces/test0_transitive_apply_parallel/dataset/GRScenes_assets/door/b16b5205214f15c42aed50b3a329326e/usd/b16b5205214f15c42aed50b3a329326e.usd
door,b1bebc899534826b488772472258b6c0,suspicious,0.035553,0.040855,140,ok;ok;ok;tiny,/cpfs/user/zhuzihou/assets/dedup_workspaces/test0_transitive_apply_parallel/dataset/GRScenes_assets/door/b1bebc899534826b488772472258b6c0,/cpfs/user/zhuzihou/assets/dedup_workspaces/test0_transitive_apply_parallel/dataset/GRScenes_assets/door/b1bebc899534826b488772472258b6c0/usd/b1bebc899534826b488772472258b6c0.usd
door,b4687a944670c0e79d9491a08f7eebf3,suspicious,0.021591,0.041542,121,tiny;ok;blank;blank,/cpfs/user/zhuzihou/assets/dedup_workspaces/test0_transitive_apply_parallel/dataset/GRScenes_assets/door/b4687a944670c0e79d9491a08f7eebf3,/cpfs/user/zhuzihou/assets/dedup_workspaces/test0_transitive_apply_parallel/dataset/GRScenes_assets/door/b4687a944670c0e79d9491a08f7eebf3/usd/b4687a944670c0e79d9491a08f7eebf3.usd
door,b485442ae320e3f9821ffc9fc6f612e8,suspicious,0.019508,0.038010,212,ok;tiny;blank;blank,/cpfs/user/zhuzihou/assets/dedup_workspaces/test0_transitive_apply_parallel/dataset/GRScenes_assets/door/b485442ae320e3f9821ffc9fc6f612e8,/cpfs/user/zhuzihou/assets/dedup_workspaces/test0_transitive_apply_parallel/dataset/GRScenes_assets/door/b485442ae320e3f9821ffc9fc6f612e8/usd/b485442ae320e3f9821ffc9fc6f612e8.usd
door,b61bff72e74797683da08d1be57fcd98,suspicious,0.017300,0.053303,157,ok;ok;blank;blank,/cpfs/user/zhuzihou/assets/dedup_workspaces/test0_transitive_apply_parallel/dataset/GRScenes_assets/door/b61bff72e74797683da08d1be57fcd98,/cpfs/user/zhuzihou/assets/dedup_workspaces/test0_transitive_apply_parallel/dataset/GRScenes_assets/door/b61bff72e74797683da08d1be57fcd98/usd/b61bff72e74797683da08d1be57fcd98.usd
door,ba4b0ebcf6bddc5b3df23b65f8de4d39,suspicious,0.058594,0.079651,227,ok;ok;blank;ok,/cpfs/user/zhuzihou/assets/dedup_workspaces/test0_transitive_apply_parallel/dataset/GRScenes_assets/door/ba4b0ebcf6bddc5b3df23b65f8de4d39,/cpfs/user/zhuzihou/assets/dedup_workspaces/test0_transitive_apply_parallel/dataset/GRScenes_assets/door/ba4b0ebcf6bddc5b3df23b65f8de4d39/usd/ba4b0ebcf6bddc5b3df23b65f8de4d39.usd
door,c13fc3c2db21ca9c26a1d910e2d6a405,suspicious,0.012268,0.030632,146,blank;ok;blank;blank,/cpfs/user/zhuzihou/assets/dedup_workspaces/test0_transitive_apply_parallel/dataset/GRScenes_assets/door/c13fc3c2db21ca9c26a1d910e2d6a405,/cpfs/user/zhuzihou/assets/dedup_workspaces/test0_transitive_apply_parallel/dataset/GRScenes_assets/door/c13fc3c2db21ca9c26a1d910e2d6a405/usd/c13fc3c2db21ca9c26a1d910e2d6a405.usd
door,c1eff10a921be72fd54fd1cc54c41cff,suspicious,0.051407,0.055874,151,ok;ok;ok;tiny,/cpfs/user/zhuzihou/assets/dedup_workspaces/test0_transitive_apply_parallel/dataset/GRScenes_assets/door/c1eff10a921be72fd54fd1cc54c41cff,/cpfs/user/zhuzihou/assets/dedup_workspaces/test0_transitive_apply_parallel/dataset/GRScenes_assets/door/c1eff10a921be72fd54fd1cc54c41cff/usd/c1eff10a921be72fd54fd1cc54c41cff.usd
door,c2a03c7fade4fd0cb2bad49f1abfd5a3,suspicious,0.017403,0.066467,144,ok;blank;blank;blank,/cpfs/user/zhuzihou/assets/dedup_workspaces/test0_transitive_apply_parallel/dataset/GRScenes_assets/door/c2a03c7fade4fd0cb2bad49f1abfd5a3,/cpfs/user/zhuzihou/assets/dedup_workspaces/test0_transitive_apply_parallel/dataset/GRScenes_assets/door/c2a03c7fade4fd0cb2bad49f1abfd5a3/usd/c2a03c7fade4fd0cb2bad49f1abfd5a3.usd
door,c7d17ba4ef751eed553c6ec8aa84de0d,suspicious,0.017891,0.075859,163,ok;blank;blank;blank,/cpfs/user/zhuzihou/assets/dedup_workspaces/test0_transitive_apply_parallel/dataset/GRScenes_assets/door/c7d17ba4ef751eed553c6ec8aa84de0d,/cpfs/user/zhuzihou/assets/dedup_workspaces/test0_transitive_apply_parallel/dataset/GRScenes_assets/door/c7d17ba4ef751eed553c6ec8aa84de0d/usd/c7d17ba4ef751eed553c6ec8aa84de0d.usd
door,caccfcf88c93964e0ef99451f0b7c36a,suspicious,0.029430,0.032272,134,ok;ok;ok;tiny,/cpfs/user/zhuzihou/assets/dedup_workspaces/test0_transitive_apply_parallel/dataset/GRScenes_assets/door/caccfcf88c93964e0ef99451f0b7c36a,/cpfs/user/zhuzihou/assets/dedup_workspaces/test0_transitive_apply_parallel/dataset/GRScenes_assets/door/caccfcf88c93964e0ef99451f0b7c36a/usd/caccfcf88c93964e0ef99451f0b7c36a.usd
door,cae5ec2582a4c3d30e8f40d9d1d7f31d,suspicious,0.029114,0.091766,194,blank;ok;ok;blank,/cpfs/user/zhuzihou/assets/dedup_workspaces/test0_transitive_apply_parallel/dataset/GRScenes_assets/door/cae5ec2582a4c3d30e8f40d9d1d7f31d,/cpfs/user/zhuzihou/assets/dedup_workspaces/test0_transitive_apply_parallel/dataset/GRScenes_assets/door/cae5ec2582a4c3d30e8f40d9d1d7f31d/usd/cae5ec2582a4c3d30e8f40d9d1d7f31d.usd
door,cb17d0bc37963bc149c36459dc42406e,suspicious,0.045223,0.077305,193,ok;ok;blank;blank,/cpfs/user/zhuzihou/assets/dedup_workspaces/test0_transitive_apply_parallel/dataset/GRScenes_assets/door/cb17d0bc37963bc149c36459dc42406e,/cpfs/user/zhuzihou/assets/dedup_workspaces/test0_transitive_apply_parallel/dataset/GRScenes_assets/door/cb17d0bc37963bc149c36459dc42406e/usd/cb17d0bc37963bc149c36459dc42406e.usd
door,cbacdf8e1bc20257bace15f32fe1fc46,suspicious,0.017651,0.053062,214,ok;blank;blank;ok,/cpfs/user/zhuzihou/assets/dedup_workspaces/test0_transitive_apply_parallel/dataset/GRScenes_assets/door/cbacdf8e1bc20257bace15f32fe1fc46,/cpfs/user/zhuzihou/assets/dedup_workspaces/test0_transitive_apply_parallel/dataset/GRScenes_assets/door/cbacdf8e1bc20257bace15f32fe1fc46/usd/cbacdf8e1bc20257bace15f32fe1fc46.usd
door,cd806e20565d6750ab1ce6593b5b97eb,suspicious,0.008980,0.022568,118,ok;ok;blank;blank,/cpfs/user/zhuzihou/assets/dedup_workspaces/test0_transitive_apply_parallel/dataset/GRScenes_assets/door/cd806e20565d6750ab1ce6593b5b97eb,/cpfs/user/zhuzihou/assets/dedup_workspaces/test0_transitive_apply_parallel/dataset/GRScenes_assets/door/cd806e20565d6750ab1ce6593b5b97eb/usd/cd806e20565d6750ab1ce6593b5b97eb.usd
door,ce910fa4bd67c8a2e663fd1ec3f95b5e,suspicious,0.043255,0.069214,152,ok;ok;ok;tiny,/cpfs/user/zhuzihou/assets/dedup_workspaces/test0_transitive_apply_parallel/dataset/GRScenes_assets/door/ce910fa4bd67c8a2e663fd1ec3f95b5e,/cpfs/user/zhuzihou/assets/dedup_workspaces/test0_transitive_apply_parallel/dataset/GRScenes_assets/door/ce910fa4bd67c8a2e663fd1ec3f95b5e/usd/ce910fa4bd67c8a2e663fd1ec3f95b5e.usd
door,cf3d08857d169c7d0f90a02562bdbf3f,suspicious,0.046703,0.070274,162,ok;ok;ok;tiny,/cpfs/user/zhuzihou/assets/dedup_workspaces/test0_transitive_apply_parallel/dataset/GRScenes_assets/door/cf3d08857d169c7d0f90a02562bdbf3f,/cpfs/user/zhuzihou/assets/dedup_workspaces/test0_transitive_apply_parallel/dataset/GRScenes_assets/door/cf3d08857d169c7d0f90a02562bdbf3f/usd/cf3d08857d169c7d0f90a02562bdbf3f.usd
door,cf755e66f04c8cc57359b4c445ebeb74,suspicious,0.019577,0.023048,143,tiny;ok;ok;tiny,/cpfs/user/zhuzihou/assets/dedup_workspaces/test0_transitive_apply_parallel/dataset/GRScenes_assets/door/cf755e66f04c8cc57359b4c445ebeb74,/cpfs/user/zhuzihou/assets/dedup_workspaces/test0_transitive_apply_parallel/dataset/GRScenes_assets/door/cf755e66f04c8cc57359b4c445ebeb74/usd/cf755e66f04c8cc57359b4c445ebeb74.usd
door,d3a61a241adb21bcad64d88913c249d0,suspicious,0.017586,0.037109,152,ok;blank;blank;ok,/cpfs/user/zhuzihou/assets/dedup_workspaces/test0_transitive_apply_parallel/dataset/GRScenes_assets/door/d3a61a241adb21bcad64d88913c249d0,/cpfs/user/zhuzihou/assets/dedup_workspaces/test0_transitive_apply_parallel/dataset/GRScenes_assets/door/d3a61a241adb21bcad64d88913c249d0/usd/d3a61a241adb21bcad64d88913c249d0.usd
door,d6694d8ab82db9c94861565343a3290d,suspicious,0.026497,0.035843,114,ok;ok;ok;tiny,/cpfs/user/zhuzihou/assets/dedup_workspaces/test0_transitive_apply_parallel/dataset/GRScenes_assets/door/d6694d8ab82db9c94861565343a3290d,/cpfs/user/zhuzihou/assets/dedup_workspaces/test0_transitive_apply_parallel/dataset/GRScenes_assets/door/d6694d8ab82db9c94861565343a3290d/usd/d6694d8ab82db9c94861565343a3290d.usd
door,d7c9fc9c593e628ac7053b01d5c0ecb2,suspicious,0.042465,0.075943,179,ok;tiny;ok;ok,/cpfs/user/zhuzihou/assets/dedup_workspaces/test0_transitive_apply_parallel/dataset/GRScenes_assets/door/d7c9fc9c593e628ac7053b01d5c0ecb2,/cpfs/user/zhuzihou/assets/dedup_workspaces/test0_transitive_apply_parallel/dataset/GRScenes_assets/door/d7c9fc9c593e628ac7053b01d5c0ecb2/usd/d7c9fc9c593e628ac7053b01d5c0ecb2.usd
door,dbeb79ef8a7a558e28f6b6e528e1fb0b,suspicious,0.009438,0.014740,138,blank;blank;ok;blank,/cpfs/user/zhuzihou/assets/dedup_workspaces/test0_transitive_apply_parallel/dataset/GRScenes_assets/door/dbeb79ef8a7a558e28f6b6e528e1fb0b,/cpfs/user/zhuzihou/assets/dedup_workspaces/test0_transitive_apply_parallel/dataset/GRScenes_assets/door/dbeb79ef8a7a558e28f6b6e528e1fb0b/usd/dbeb79ef8a7a558e28f6b6e528e1fb0b.usd
door,de75e5188c60c6eef2440984a28722c2,suspicious,0.028564,0.050003,169,blank;ok;ok;blank,/cpfs/user/zhuzihou/assets/dedup_workspaces/test0_transitive_apply_parallel/dataset/GRScenes_assets/door/de75e5188c60c6eef2440984a28722c2,/cpfs/user/zhuzihou/assets/dedup_workspaces/test0_transitive_apply_parallel/dataset/GRScenes_assets/door/de75e5188c60c6eef2440984a28722c2/usd/de75e5188c60c6eef2440984a28722c2.usd
door,de84a12efff3ca993727c3d4b1f173c2,suspicious,0.053730,0.058193,135,ok;blank;blank;blank,/cpfs/user/zhuzihou/assets/dedup_workspaces/test0_transitive_apply_parallel/dataset/GRScenes_assets/door/de84a12efff3ca993727c3d4b1f173c2,/cpfs/user/zhuzihou/assets/dedup_workspaces/test0_transitive_apply_parallel/dataset/GRScenes_assets/door/de84a12efff3ca993727c3d4b1f173c2/usd/de84a12efff3ca993727c3d4b1f173c2.usd
door,deb8b23a57e4b4736b0205556feafb28,suspicious,0.027451,0.034927,109,ok;blank;blank;ok,/cpfs/user/zhuzihou/assets/dedup_workspaces/test0_transitive_apply_parallel/dataset/GRScenes_assets/door/deb8b23a57e4b4736b0205556feafb28,/cpfs/user/zhuzihou/assets/dedup_workspaces/test0_transitive_apply_parallel/dataset/GRScenes_assets/door/deb8b23a57e4b4736b0205556feafb28/usd/deb8b23a57e4b4736b0205556feafb28.usd
door,e0323472fc3ba395c94c2b7af5302e5e,suspicious,0.013401,0.021317,127,blank;ok;blank;blank,/cpfs/user/zhuzihou/assets/dedup_workspaces/test0_transitive_apply_parallel/dataset/GRScenes_assets/door/e0323472fc3ba395c94c2b7af5302e5e,/cpfs/user/zhuzihou/assets/dedup_workspaces/test0_transitive_apply_parallel/dataset/GRScenes_assets/door/e0323472fc3ba395c94c2b7af5302e5e/usd/e0323472fc3ba395c94c2b7af5302e5e.usd
door,e121491bec0b83f68962c741d08c0215,suspicious,0.040699,0.054623,157,ok;tiny;ok;ok,/cpfs/user/zhuzihou/assets/dedup_workspaces/test0_transitive_apply_parallel/dataset/GRScenes_assets/door/e121491bec0b83f68962c741d08c0215,/cpfs/user/zhuzihou/assets/dedup_workspaces/test0_transitive_apply_parallel/dataset/GRScenes_assets/door/e121491bec0b83f68962c741d08c0215/usd/e121491bec0b83f68962c741d08c0215.usd
door,e23c3e854c78ceafc91d27a396daa121,suspicious,0.038925,0.042427,166,blank;tiny;ok;blank,/cpfs/user/zhuzihou/assets/dedup_workspaces/test0_transitive_apply_parallel/dataset/GRScenes_assets/door/e23c3e854c78ceafc91d27a396daa121,/cpfs/user/zhuzihou/assets/dedup_workspaces/test0_transitive_apply_parallel/dataset/GRScenes_assets/door/e23c3e854c78ceafc91d27a396daa121/usd/e23c3e854c78ceafc91d27a396daa121.usd
door,e26a77ccda7c88159059fae4023e4da8,suspicious,0.008091,0.024319,125,tiny;tiny;ok;tiny,/cpfs/user/zhuzihou/assets/dedup_workspaces/test0_transitive_apply_parallel/dataset/GRScenes_assets/door/e26a77ccda7c88159059fae4023e4da8,/cpfs/user/zhuzihou/assets/dedup_workspaces/test0_transitive_apply_parallel/dataset/GRScenes_assets/door/e26a77ccda7c88159059fae4023e4da8/usd/e26a77ccda7c88159059fae4023e4da8.usd
door,e38c06df07622811c186160023082843,suspicious,0.074371,0.088131,207,ok;ok;blank;ok,/cpfs/user/zhuzihou/assets/dedup_workspaces/test0_transitive_apply_parallel/dataset/GRScenes_assets/door/e38c06df07622811c186160023082843,/cpfs/user/zhuzihou/assets/dedup_workspaces/test0_transitive_apply_parallel/dataset/GRScenes_assets/door/e38c06df07622811c186160023082843/usd/e38c06df07622811c186160023082843.usd
door,e395f15c671937384e8e7da04fe95d9d,suspicious,0.060955,0.147800,319,blank;ok;ok;ok,/cpfs/user/zhuzihou/assets/dedup_workspaces/test0_transitive_apply_parallel/dataset/GRScenes_assets/door/e395f15c671937384e8e7da04fe95d9d,/cpfs/user/zhuzihou/assets/dedup_workspaces/test0_transitive_apply_parallel/dataset/GRScenes_assets/door/e395f15c671937384e8e7da04fe95d9d/usd/e395f15c671937384e8e7da04fe95d9d.usd
door,e806b44dc58760f97b59f5414d8e9bd4,suspicious,0.020397,0.063446,216,tiny;blank;ok;ok,/cpfs/user/zhuzihou/assets/dedup_workspaces/test0_transitive_apply_parallel/dataset/GRScenes_assets/door/e806b44dc58760f97b59f5414d8e9bd4,/cpfs/user/zhuzihou/assets/dedup_workspaces/test0_transitive_apply_parallel/dataset/GRScenes_assets/door/e806b44dc58760f97b59f5414d8e9bd4/usd/e806b44dc58760f97b59f5414d8e9bd4.usd
door,e90f1f1ba5b57514a04869d692d703df,suspicious,0.020336,0.033821,143,blank;ok;blank;blank,/cpfs/user/zhuzihou/assets/dedup_workspaces/test0_transitive_apply_parallel/dataset/GRScenes_assets/door/e90f1f1ba5b57514a04869d692d703df,/cpfs/user/zhuzihou/assets/dedup_workspaces/test0_transitive_apply_parallel/dataset/GRScenes_assets/door/e90f1f1ba5b57514a04869d692d703df/usd/e90f1f1ba5b57514a04869d692d703df.usd
door,e9c38467eb4dc1d8f3f9610038379071,suspicious,0.039829,0.046062,162,ok;ok;ok;tiny,/cpfs/user/zhuzihou/assets/dedup_workspaces/test0_transitive_apply_parallel/dataset/GRScenes_assets/door/e9c38467eb4dc1d8f3f9610038379071,/cpfs/user/zhuzihou/assets/dedup_workspaces/test0_transitive_apply_parallel/dataset/GRScenes_assets/door/e9c38467eb4dc1d8f3f9610038379071/usd/e9c38467eb4dc1d8f3f9610038379071.usd
door,ea8de76d8ae020bdb02e99a3a780b1dd,suspicious,0.017410,0.050285,169,blank;blank;ok;blank,/cpfs/user/zhuzihou/assets/dedup_workspaces/test0_transitive_apply_parallel/dataset/GRScenes_assets/door/ea8de76d8ae020bdb02e99a3a780b1dd,/cpfs/user/zhuzihou/assets/dedup_workspaces/test0_transitive_apply_parallel/dataset/GRScenes_assets/door/ea8de76d8ae020bdb02e99a3a780b1dd/usd/ea8de76d8ae020bdb02e99a3a780b1dd.usd
door,ed0f8a9790cc735e26c54a7248a940ca,suspicious,0.015640,0.016373,116,ok;tiny;tiny;tiny,/cpfs/user/zhuzihou/assets/dedup_workspaces/test0_transitive_apply_parallel/dataset/GRScenes_assets/door/ed0f8a9790cc735e26c54a7248a940ca,/cpfs/user/zhuzihou/assets/dedup_workspaces/test0_transitive_apply_parallel/dataset/GRScenes_assets/door/ed0f8a9790cc735e26c54a7248a940ca/usd/ed0f8a9790cc735e26c54a7248a940ca.usd
door,efea5da75262b0b4fecc3f02fe942d19,suspicious,0.017616,0.018265,114,ok;tiny;tiny;tiny,/cpfs/user/zhuzihou/assets/dedup_workspaces/test0_transitive_apply_parallel/dataset/GRScenes_assets/door/efea5da75262b0b4fecc3f02fe942d19,/cpfs/user/zhuzihou/assets/dedup_workspaces/test0_transitive_apply_parallel/dataset/GRScenes_assets/door/efea5da75262b0b4fecc3f02fe942d19/usd/efea5da75262b0b4fecc3f02fe942d19.usd
door,f121b1d92c7f7f8c9d8e4887248309ed,suspicious,0.008324,0.028027,93,ok;blank;blank;blank,/cpfs/user/zhuzihou/assets/dedup_workspaces/test0_transitive_apply_parallel/dataset/GRScenes_assets/door/f121b1d92c7f7f8c9d8e4887248309ed,/cpfs/user/zhuzihou/assets/dedup_workspaces/test0_transitive_apply_parallel/dataset/GRScenes_assets/door/f121b1d92c7f7f8c9d8e4887248309ed/usd/f121b1d92c7f7f8c9d8e4887248309ed.usd
door,f19b6d19e28b903e4653a546ab10ce5c,suspicious,0.024879,0.057114,197,blank;ok;ok;blank,/cpfs/user/zhuzihou/assets/dedup_workspaces/test0_transitive_apply_parallel/dataset/GRScenes_assets/door/f19b6d19e28b903e4653a546ab10ce5c,/cpfs/user/zhuzihou/assets/dedup_workspaces/test0_transitive_apply_parallel/dataset/GRScenes_assets/door/f19b6d19e28b903e4653a546ab10ce5c/usd/f19b6d19e28b903e4653a546ab10ce5c.usd
door,f2c0a59a214519ea5b503db2bbc6e3ff,suspicious,0.011646,0.016068,108,blank;blank;blank;ok,/cpfs/user/zhuzihou/assets/dedup_workspaces/test0_transitive_apply_parallel/dataset/GRScenes_assets/door/f2c0a59a214519ea5b503db2bbc6e3ff,/cpfs/user/zhuzihou/assets/dedup_workspaces/test0_transitive_apply_parallel/dataset/GRScenes_assets/door/f2c0a59a214519ea5b503db2bbc6e3ff/usd/f2c0a59a214519ea5b503db2bbc6e3ff.usd
door,f44c8a887a0ac753af77fb4b6302c6c2,suspicious,0.073154,0.080078,164,blank;blank;ok;blank,/cpfs/user/zhuzihou/assets/dedup_workspaces/test0_transitive_apply_parallel/dataset/GRScenes_assets/door/f44c8a887a0ac753af77fb4b6302c6c2,/cpfs/user/zhuzihou/assets/dedup_workspaces/test0_transitive_apply_parallel/dataset/GRScenes_assets/door/f44c8a887a0ac753af77fb4b6302c6c2/usd/f44c8a887a0ac753af77fb4b6302c6c2.usd
door,f74d2763c278e90fdc80943313f2baef,suspicious,0.015453,0.017078,121,ok;blank;blank;blank,/cpfs/user/zhuzihou/assets/dedup_workspaces/test0_transitive_apply_parallel/dataset/GRScenes_assets/door/f74d2763c278e90fdc80943313f2baef,/cpfs/user/zhuzihou/assets/dedup_workspaces/test0_transitive_apply_parallel/dataset/GRScenes_assets/door/f74d2763c278e90fdc80943313f2baef/usd/f74d2763c278e90fdc80943313f2baef.usd
door,f801fd8210b6526fe4de8b6a58dc6a91,suspicious,0.012455,0.027546,87,blank;ok;blank;blank,/cpfs/user/zhuzihou/assets/dedup_workspaces/test0_transitive_apply_parallel/dataset/GRScenes_assets/door/f801fd8210b6526fe4de8b6a58dc6a91,/cpfs/user/zhuzihou/assets/dedup_workspaces/test0_transitive_apply_parallel/dataset/GRScenes_assets/door/f801fd8210b6526fe4de8b6a58dc6a91/usd/f801fd8210b6526fe4de8b6a58dc6a91.usd
door,f8ba0976e3387c7e8332ce461e44b50e,suspicious,0.017796,0.030075,146,blank;blank;blank;ok,/cpfs/user/zhuzihou/assets/dedup_workspaces/test0_transitive_apply_parallel/dataset/GRScenes_assets/door/f8ba0976e3387c7e8332ce461e44b50e,/cpfs/user/zhuzihou/assets/dedup_workspaces/test0_transitive_apply_parallel/dataset/GRScenes_assets/door/f8ba0976e3387c7e8332ce461e44b50e/usd/f8ba0976e3387c7e8332ce461e44b50e.usd
door,fa08a6644d80eeb0f65bc13cd12310ba,suspicious,0.021690,0.023430,110,ok;ok;ok;tiny,/cpfs/user/zhuzihou/assets/dedup_workspaces/test0_transitive_apply_parallel/dataset/GRScenes_assets/door/fa08a6644d80eeb0f65bc13cd12310ba,/cpfs/user/zhuzihou/assets/dedup_workspaces/test0_transitive_apply_parallel/dataset/GRScenes_assets/door/fa08a6644d80eeb0f65bc13cd12310ba/usd/fa08a6644d80eeb0f65bc13cd12310ba.usd
door,fa9aff7979cc1504395544b645b80f05,suspicious,0.072536,0.080063,198,blank;ok;ok;blank,/cpfs/user/zhuzihou/assets/dedup_workspaces/test0_transitive_apply_parallel/dataset/GRScenes_assets/door/fa9aff7979cc1504395544b645b80f05,/cpfs/user/zhuzihou/assets/dedup_workspaces/test0_transitive_apply_parallel/dataset/GRScenes_assets/door/fa9aff7979cc1504395544b645b80f05/usd/fa9aff7979cc1504395544b645b80f05.usd
door,fae0fbacfc3a40eaa06b5b4fc85b17e8,suspicious,0.025536,0.079605,188,ok;blank;blank;blank,/cpfs/user/zhuzihou/assets/dedup_workspaces/test0_transitive_apply_parallel/dataset/GRScenes_assets/door/fae0fbacfc3a40eaa06b5b4fc85b17e8,/cpfs/user/zhuzihou/assets/dedup_workspaces/test0_transitive_apply_parallel/dataset/GRScenes_assets/door/fae0fbacfc3a40eaa06b5b4fc85b17e8/usd/fae0fbacfc3a40eaa06b5b4fc85b17e8.usd
door,fca2d6cabe2b3e1e8fa73a99416cdc3f,suspicious,0.017281,0.017830,123,tiny;tiny;ok;tiny,/cpfs/user/zhuzihou/assets/dedup_workspaces/test0_transitive_apply_parallel/dataset/GRScenes_assets/door/fca2d6cabe2b3e1e8fa73a99416cdc3f,/cpfs/user/zhuzihou/assets/dedup_workspaces/test0_transitive_apply_parallel/dataset/GRScenes_assets/door/fca2d6cabe2b3e1e8fa73a99416cdc3f/usd/fca2d6cabe2b3e1e8fa73a99416cdc3f.usd
door,ff304656bc3734b7b1d4c766bfdf7363,suspicious,0.013046,0.042801,132,ok;blank;blank;blank,/cpfs/user/zhuzihou/assets/dedup_workspaces/test0_transitive_apply_parallel/dataset/GRScenes_assets/door/ff304656bc3734b7b1d4c766bfdf7363,/cpfs/user/zhuzihou/assets/dedup_workspaces/test0_transitive_apply_parallel/dataset/GRScenes_assets/door/ff304656bc3734b7b1d4c766bfdf7363/usd/ff304656bc3734b7b1d4c766bfdf7363.usd
door,ff9ae9c6631091993e013e0989b26055,suspicious,0.005367,0.014133,95,tiny;tiny;ok;tiny,/cpfs/user/zhuzihou/assets/dedup_workspaces/test0_transitive_apply_parallel/dataset/GRScenes_assets/door/ff9ae9c6631091993e013e0989b26055,/cpfs/user/zhuzihou/assets/dedup_workspaces/test0_transitive_apply_parallel/dataset/GRScenes_assets/door/ff9ae9c6631091993e013e0989b26055/usd/ff9ae9c6631091993e013e0989b26055.usd
pan,24135440f13a41a90ee4fa197721c4aa,suspicious,0.011814,0.026962,114,ok;ok;tiny;ok,/cpfs/user/zhuzihou/assets/dedup_workspaces/test0_transitive_apply_parallel/dataset/GRScenes_assets/pan/24135440f13a41a90ee4fa197721c4aa,/cpfs/user/zhuzihou/assets/dedup_workspaces/test0_transitive_apply_parallel/dataset/GRScenes_assets/pan/24135440f13a41a90ee4fa197721c4aa/usd/24135440f13a41a90ee4fa197721c4aa.usd
pen,01ee63be42b774c592f80276f9dc29fe,suspicious,0.013687,0.082047,283,ok;blank;ok;blank,/cpfs/user/zhuzihou/assets/dedup_workspaces/test0_transitive_apply_parallel/dataset/GRScenes_assets/pen/01ee63be42b774c592f80276f9dc29fe,/cpfs/user/zhuzihou/assets/dedup_workspaces/test0_transitive_apply_parallel/dataset/GRScenes_assets/pen/01ee63be42b774c592f80276f9dc29fe/usd/01ee63be42b774c592f80276f9dc29fe.usd
pen,026352231997a82eca4a5837c4262100,suspicious,0.024891,0.120300,271,ok;ok;ok;tiny,/cpfs/user/zhuzihou/assets/dedup_workspaces/test0_transitive_apply_parallel/dataset/GRScenes_assets/pen/026352231997a82eca4a5837c4262100,/cpfs/user/zhuzihou/assets/dedup_workspaces/test0_transitive_apply_parallel/dataset/GRScenes_assets/pen/026352231997a82eca4a5837c4262100/usd/026352231997a82eca4a5837c4262100.usd
pen,064c8dd7a35328d0cdb0241853b3f0dd,suspicious,0.013149,0.059738,290,ok;blank;blank;blank,/cpfs/user/zhuzihou/assets/dedup_workspaces/test0_transitive_apply_parallel/dataset/GRScenes_assets/pen/064c8dd7a35328d0cdb0241853b3f0dd,/cpfs/user/zhuzihou/assets/dedup_workspaces/test0_transitive_apply_parallel/dataset/GRScenes_assets/pen/064c8dd7a35328d0cdb0241853b3f0dd/usd/064c8dd7a35328d0cdb0241853b3f0dd.usd
pen,06982bde2031570e803f1c9fbd8f5c8b,suspicious,0.373379,0.433594,512,ok;blank;ok;tiny,/cpfs/user/zhuzihou/assets/dedup_workspaces/test0_transitive_apply_parallel/dataset/GRScenes_assets/pen/06982bde2031570e803f1c9fbd8f5c8b,/cpfs/user/zhuzihou/assets/dedup_workspaces/test0_transitive_apply_parallel/dataset/GRScenes_assets/pen/06982bde2031570e803f1c9fbd8f5c8b/usd/06982bde2031570e803f1c9fbd8f5c8b.usd
pen,0c1d4c3ccef36e9f318129588000145a,suspicious,0.017056,0.101292,315,ok;ok;ok;blank,/cpfs/user/zhuzihou/assets/dedup_workspaces/test0_transitive_apply_parallel/dataset/GRScenes_assets/pen/0c1d4c3ccef36e9f318129588000145a,/cpfs/user/zhuzihou/assets/dedup_workspaces/test0_transitive_apply_parallel/dataset/GRScenes_assets/pen/0c1d4c3ccef36e9f318129588000145a/usd/0c1d4c3ccef36e9f318129588000145a.usd
pen,131dae5c38f8d1911e11f427505481d2,suspicious,0.089897,0.221558,447,ok;tiny;ok;ok,/cpfs/user/zhuzihou/assets/dedup_workspaces/test0_transitive_apply_parallel/dataset/GRScenes_assets/pen/131dae5c38f8d1911e11f427505481d2,/cpfs/user/zhuzihou/assets/dedup_workspaces/test0_transitive_apply_parallel/dataset/GRScenes_assets/pen/131dae5c38f8d1911e11f427505481d2/usd/131dae5c38f8d1911e11f427505481d2.usd
pen,1d48658578becc4c2ea250f817443829,suspicious,0.032181,0.130806,340,tiny;ok;ok;ok,/cpfs/user/zhuzihou/assets/dedup_workspaces/test0_transitive_apply_parallel/dataset/GRScenes_assets/pen/1d48658578becc4c2ea250f817443829,/cpfs/user/zhuzihou/assets/dedup_workspaces/test0_transitive_apply_parallel/dataset/GRScenes_assets/pen/1d48658578becc4c2ea250f817443829/usd/1d48658578becc4c2ea250f817443829.usd
pen,245f5088f35752cacddea68c66c25bd0,suspicious,0.120872,0.542969,512,ok;ok;ok;blank,/cpfs/user/zhuzihou/assets/dedup_workspaces/test0_transitive_apply_parallel/dataset/GRScenes_assets/pen/245f5088f35752cacddea68c66c25bd0,/cpfs/user/zhuzihou/assets/dedup_workspaces/test0_transitive_apply_parallel/dataset/GRScenes_assets/pen/245f5088f35752cacddea68c66c25bd0/usd/245f5088f35752cacddea68c66c25bd0.usd
pen,255244938e97de50f6e98717106c470c,suspicious,0.017338,0.057865,203,ok;ok;ok;tiny,/cpfs/user/zhuzihou/assets/dedup_workspaces/test0_transitive_apply_parallel/dataset/GRScenes_assets/pen/255244938e97de50f6e98717106c470c,/cpfs/user/zhuzihou/assets/dedup_workspaces/test0_transitive_apply_parallel/dataset/GRScenes_assets/pen/255244938e97de50f6e98717106c470c/usd/255244938e97de50f6e98717106c470c.usd
pen,2b92a77b513b2cff50b031f40710613b,blank,0.000000,0.000000,0,blank;blank;blank;blank,/cpfs/user/zhuzihou/assets/dedup_workspaces/test0_transitive_apply_parallel/dataset/GRScenes_assets/pen/2b92a77b513b2cff50b031f40710613b,/cpfs/user/zhuzihou/assets/dedup_workspaces/test0_transitive_apply_parallel/dataset/GRScenes_assets/pen/2b92a77b513b2cff50b031f40710613b/usd/2b92a77b513b2cff50b031f40710613b.usd
pen,3210d5989bf15d44d09ead99583328ba,suspicious,0.115574,0.431641,512,ok;tiny;ok;blank,/cpfs/user/zhuzihou/assets/dedup_workspaces/test0_transitive_apply_parallel/dataset/GRScenes_assets/pen/3210d5989bf15d44d09ead99583328ba,/cpfs/user/zhuzihou/assets/dedup_workspaces/test0_transitive_apply_parallel/dataset/GRScenes_assets/pen/3210d5989bf15d44d09ead99583328ba/usd/3210d5989bf15d44d09ead99583328ba.usd
pen,33c5fdfd93cb899858737c2d40cc56fc,suspicious,0.125660,0.435547,512,ok;tiny;ok;blank,/cpfs/user/zhuzihou/assets/dedup_workspaces/test0_transitive_apply_parallel/dataset/GRScenes_assets/pen/33c5fdfd93cb899858737c2d40cc56fc,/cpfs/user/zhuzihou/assets/dedup_workspaces/test0_transitive_apply_parallel/dataset/GRScenes_assets/pen/33c5fdfd93cb899858737c2d40cc56fc/usd/33c5fdfd93cb899858737c2d40cc56fc.usd
pen,3470dbda73c22e2335b8c2b2620efc0a,suspicious,0.097610,0.222656,512,ok;blank;ok;ok,/cpfs/user/zhuzihou/assets/dedup_workspaces/test0_transitive_apply_parallel/dataset/GRScenes_assets/pen/3470dbda73c22e2335b8c2b2620efc0a,/cpfs/user/zhuzihou/assets/dedup_workspaces/test0_transitive_apply_parallel/dataset/GRScenes_assets/pen/3470dbda73c22e2335b8c2b2620efc0a/usd/3470dbda73c22e2335b8c2b2620efc0a.usd
pen,3742bce63b41d71ce74b11cae21a8935,suspicious,0.105228,0.220703,512,ok;tiny;ok;tiny,/cpfs/user/zhuzihou/assets/dedup_workspaces/test0_transitive_apply_parallel/dataset/GRScenes_assets/pen/3742bce63b41d71ce74b11cae21a8935,/cpfs/user/zhuzihou/assets/dedup_workspaces/test0_transitive_apply_parallel/dataset/GRScenes_assets/pen/3742bce63b41d71ce74b11cae21a8935/usd/3742bce63b41d71ce74b11cae21a8935.usd
pen,3a445c3e9e0b3e355b41784dd3ecf656,suspicious,0.031178,0.061932,298,ok;tiny;ok;blank,/cpfs/user/zhuzihou/assets/dedup_workspaces/test0_transitive_apply_parallel/dataset/GRScenes_assets/pen/3a445c3e9e0b3e355b41784dd3ecf656,/cpfs/user/zhuzihou/assets/dedup_workspaces/test0_transitive_apply_parallel/dataset/GRScenes_assets/pen/3a445c3e9e0b3e355b41784dd3ecf656/usd/3a445c3e9e0b3e355b41784dd3ecf656.usd
pen,448ecd89c91ce2e8f7a8abef60c47809,suspicious,0.010754,0.045807,170,ok;tiny;blank;ok,/cpfs/user/zhuzihou/assets/dedup_workspaces/test0_transitive_apply_parallel/dataset/GRScenes_assets/pen/448ecd89c91ce2e8f7a8abef60c47809,/cpfs/user/zhuzihou/assets/dedup_workspaces/test0_transitive_apply_parallel/dataset/GRScenes_assets/pen/448ecd89c91ce2e8f7a8abef60c47809/usd/448ecd89c91ce2e8f7a8abef60c47809.usd
pen,51587b182058bb3d000d07199eafb37a,suspicious,0.014053,0.162933,281,ok;ok;ok;blank,/cpfs/user/zhuzihou/assets/dedup_workspaces/test0_transitive_apply_parallel/dataset/GRScenes_assets/pen/51587b182058bb3d000d07199eafb37a,/cpfs/user/zhuzihou/assets/dedup_workspaces/test0_transitive_apply_parallel/dataset/GRScenes_assets/pen/51587b182058bb3d000d07199eafb37a/usd/51587b182058bb3d000d07199eafb37a.usd
pen,5259a9e94e1c0a24de525763dc3e9c7c,blank,0.000000,0.000000,0,blank;blank;blank;blank,/cpfs/user/zhuzihou/assets/dedup_workspaces/test0_transitive_apply_parallel/dataset/GRScenes_assets/pen/5259a9e94e1c0a24de525763dc3e9c7c,/cpfs/user/zhuzihou/assets/dedup_workspaces/test0_transitive_apply_parallel/dataset/GRScenes_assets/pen/5259a9e94e1c0a24de525763dc3e9c7c/usd/5259a9e94e1c0a24de525763dc3e9c7c.usd
pen,56fc06235520b3a8314115f834fc0f1a,suspicious,0.014618,0.085644,311,ok;ok;ok;blank,/cpfs/user/zhuzihou/assets/dedup_workspaces/test0_transitive_apply_parallel/dataset/GRScenes_assets/pen/56fc06235520b3a8314115f834fc0f1a,/cpfs/user/zhuzihou/assets/dedup_workspaces/test0_transitive_apply_parallel/dataset/GRScenes_assets/pen/56fc06235520b3a8314115f834fc0f1a/usd/56fc06235520b3a8314115f834fc0f1a.usd
pen,57b151a354e321e4ebd75c68d16584e1,suspicious,0.020435,0.098129,240,ok;ok;ok;tiny,/cpfs/user/zhuzihou/assets/dedup_workspaces/test0_transitive_apply_parallel/dataset/GRScenes_assets/pen/57b151a354e321e4ebd75c68d16584e1,/cpfs/user/zhuzihou/assets/dedup_workspaces/test0_transitive_apply_parallel/dataset/GRScenes_assets/pen/57b151a354e321e4ebd75c68d16584e1/usd/57b151a354e321e4ebd75c68d16584e1.usd
pen,608a14bb8f59a917162c47c0c29d989c,suspicious,0.363514,0.466797,512,ok;blank;ok;blank,/cpfs/user/zhuzihou/assets/dedup_workspaces/test0_transitive_apply_parallel/dataset/GRScenes_assets/pen/608a14bb8f59a917162c47c0c29d989c,/cpfs/user/zhuzihou/assets/dedup_workspaces/test0_transitive_apply_parallel/dataset/GRScenes_assets/pen/608a14bb8f59a917162c47c0c29d989c/usd/608a14bb8f59a917162c47c0c29d989c.usd
pen,61c41305dc2f7b3d9bdfd0643819adde,suspicious,0.155376,0.382812,512,ok;tiny;ok;tiny,/cpfs/user/zhuzihou/assets/dedup_workspaces/test0_transitive_apply_parallel/dataset/GRScenes_assets/pen/61c41305dc2f7b3d9bdfd0643819adde,/cpfs/user/zhuzihou/assets/dedup_workspaces/test0_transitive_apply_parallel/dataset/GRScenes_assets/pen/61c41305dc2f7b3d9bdfd0643819adde/usd/61c41305dc2f7b3d9bdfd0643819adde.usd
pen,698c30c77700537f165df0a938f8ac7a,suspicious,0.008556,0.013351,100,ok;blank;blank;ok,/cpfs/user/zhuzihou/assets/dedup_workspaces/test0_transitive_apply_parallel/dataset/GRScenes_assets/pen/698c30c77700537f165df0a938f8ac7a,/cpfs/user/zhuzihou/assets/dedup_workspaces/test0_transitive_apply_parallel/dataset/GRScenes_assets/pen/698c30c77700537f165df0a938f8ac7a/usd/698c30c77700537f165df0a938f8ac7a.usd
pen,71674ceba4e071c22e2ac3b7e68bda2f,suspicious,0.019016,0.080376,215,ok;ok;ok;tiny,/cpfs/user/zhuzihou/assets/dedup_workspaces/test0_transitive_apply_parallel/dataset/GRScenes_assets/pen/71674ceba4e071c22e2ac3b7e68bda2f,/cpfs/user/zhuzihou/assets/dedup_workspaces/test0_transitive_apply_parallel/dataset/GRScenes_assets/pen/71674ceba4e071c22e2ac3b7e68bda2f/usd/71674ceba4e071c22e2ac3b7e68bda2f.usd
pen,77d7aa8f3cfc2066815e6af5bd52764d,suspicious,0.013809,0.135899,285,blank;ok;ok;blank,/cpfs/user/zhuzihou/assets/dedup_workspaces/test0_transitive_apply_parallel/dataset/GRScenes_assets/pen/77d7aa8f3cfc2066815e6af5bd52764d,/cpfs/user/zhuzihou/assets/dedup_workspaces/test0_transitive_apply_parallel/dataset/GRScenes_assets/pen/77d7aa8f3cfc2066815e6af5bd52764d/usd/77d7aa8f3cfc2066815e6af5bd52764d.usd
pen,7841807701e04318c7561b83fa33e0e6,suspicious,0.115780,0.441406,512,ok;blank;ok;tiny,/cpfs/user/zhuzihou/assets/dedup_workspaces/test0_transitive_apply_parallel/dataset/GRScenes_assets/pen/7841807701e04318c7561b83fa33e0e6,/cpfs/user/zhuzihou/assets/dedup_workspaces/test0_transitive_apply_parallel/dataset/GRScenes_assets/pen/7841807701e04318c7561b83fa33e0e6/usd/7841807701e04318c7561b83fa33e0e6.usd
pen,7a2c608559889991cb6a115e7d0ab700,suspicious,0.076221,0.152100,448,ok;blank;blank;blank,/cpfs/user/zhuzihou/assets/dedup_workspaces/test0_transitive_apply_parallel/dataset/GRScenes_assets/pen/7a2c608559889991cb6a115e7d0ab700,/cpfs/user/zhuzihou/assets/dedup_workspaces/test0_transitive_apply_parallel/dataset/GRScenes_assets/pen/7a2c608559889991cb6a115e7d0ab700/usd/7a2c608559889991cb6a115e7d0ab700.usd
pen,7b63f4c94615619b92ae8b2e6a50eb5a,suspicious,0.014618,0.085644,311,ok;ok;ok;blank,/cpfs/user/zhuzihou/assets/dedup_workspaces/test0_transitive_apply_parallel/dataset/GRScenes_assets/pen/7b63f4c94615619b92ae8b2e6a50eb5a,/cpfs/user/zhuzihou/assets/dedup_workspaces/test0_transitive_apply_parallel/dataset/GRScenes_assets/pen/7b63f4c94615619b92ae8b2e6a50eb5a/usd/7b63f4c94615619b92ae8b2e6a50eb5a.usd
pen,801583e1f8d7ae7a1ce359a682f79224,suspicious,0.324200,0.449219,512,ok;blank;ok;blank,/cpfs/user/zhuzihou/assets/dedup_workspaces/test0_transitive_apply_parallel/dataset/GRScenes_assets/pen/801583e1f8d7ae7a1ce359a682f79224,/cpfs/user/zhuzihou/assets/dedup_workspaces/test0_transitive_apply_parallel/dataset/GRScenes_assets/pen/801583e1f8d7ae7a1ce359a682f79224/usd/801583e1f8d7ae7a1ce359a682f79224.usd
pen,818ffbd6c0a7c2b8a420eecbbae4d92a,suspicious,0.013969,0.075195,303,blank;ok;ok;blank,/cpfs/user/zhuzihou/assets/dedup_workspaces/test0_transitive_apply_parallel/dataset/GRScenes_assets/pen/818ffbd6c0a7c2b8a420eecbbae4d92a,/cpfs/user/zhuzihou/assets/dedup_workspaces/test0_transitive_apply_parallel/dataset/GRScenes_assets/pen/818ffbd6c0a7c2b8a420eecbbae4d92a/usd/818ffbd6c0a7c2b8a420eecbbae4d92a.usd
pen,864d92b821791a215d8dcb1d4dfeab3e,suspicious,0.092396,0.109375,512,ok;blank;ok;ok,/cpfs/user/zhuzihou/assets/dedup_workspaces/test0_transitive_apply_parallel/dataset/GRScenes_assets/pen/864d92b821791a215d8dcb1d4dfeab3e,/cpfs/user/zhuzihou/assets/dedup_workspaces/test0_transitive_apply_parallel/dataset/GRScenes_assets/pen/864d92b821791a215d8dcb1d4dfeab3e/usd/864d92b821791a215d8dcb1d4dfeab3e.usd
pen,8685cd7d59ab69a7e569a64712b26c64,suspicious,0.079262,0.306641,512,ok;tiny;ok;ok,/cpfs/user/zhuzihou/assets/dedup_workspaces/test0_transitive_apply_parallel/dataset/GRScenes_assets/pen/8685cd7d59ab69a7e569a64712b26c64,/cpfs/user/zhuzihou/assets/dedup_workspaces/test0_transitive_apply_parallel/dataset/GRScenes_assets/pen/8685cd7d59ab69a7e569a64712b26c64/usd/8685cd7d59ab69a7e569a64712b26c64.usd
pen,8acc760f9aabc9ddcf8d1f8f221a4a49,suspicious,0.021500,0.067406,227,ok;ok;ok;tiny,/cpfs/user/zhuzihou/assets/dedup_workspaces/test0_transitive_apply_parallel/dataset/GRScenes_assets/pen/8acc760f9aabc9ddcf8d1f8f221a4a49,/cpfs/user/zhuzihou/assets/dedup_workspaces/test0_transitive_apply_parallel/dataset/GRScenes_assets/pen/8acc760f9aabc9ddcf8d1f8f221a4a49/usd/8acc760f9aabc9ddcf8d1f8f221a4a49.usd
pen,8b5ae5b31ccd41f3df706601733030b1,suspicious,0.133495,0.345703,512,ok;blank;ok;blank,/cpfs/user/zhuzihou/assets/dedup_workspaces/test0_transitive_apply_parallel/dataset/GRScenes_assets/pen/8b5ae5b31ccd41f3df706601733030b1,/cpfs/user/zhuzihou/assets/dedup_workspaces/test0_transitive_apply_parallel/dataset/GRScenes_assets/pen/8b5ae5b31ccd41f3df706601733030b1/usd/8b5ae5b31ccd41f3df706601733030b1.usd
pen,91ea66354b4437da20539b2cfd1f1b7f,suspicious,0.071690,0.167572,500,ok;ok;ok;blank,/cpfs/user/zhuzihou/assets/dedup_workspaces/test0_transitive_apply_parallel/dataset/GRScenes_assets/pen/91ea66354b4437da20539b2cfd1f1b7f,/cpfs/user/zhuzihou/assets/dedup_workspaces/test0_transitive_apply_parallel/dataset/GRScenes_assets/pen/91ea66354b4437da20539b2cfd1f1b7f/usd/91ea66354b4437da20539b2cfd1f1b7f.usd
pen,961d14e7bb5b885ecac17db23961f3bf,blank,0.000000,0.000000,0,blank;blank;blank;blank,/cpfs/user/zhuzihou/assets/dedup_workspaces/test0_transitive_apply_parallel/dataset/GRScenes_assets/pen/961d14e7bb5b885ecac17db23961f3bf,/cpfs/user/zhuzihou/assets/dedup_workspaces/test0_transitive_apply_parallel/dataset/GRScenes_assets/pen/961d14e7bb5b885ecac17db23961f3bf/usd/961d14e7bb5b885ecac17db23961f3bf.usd
pen,98167bf15eb85ef7d805a08772ca27b2,suspicious,0.015846,0.116241,293,ok;ok;ok;tiny,/cpfs/user/zhuzihou/assets/dedup_workspaces/test0_transitive_apply_parallel/dataset/GRScenes_assets/pen/98167bf15eb85ef7d805a08772ca27b2,/cpfs/user/zhuzihou/assets/dedup_workspaces/test0_transitive_apply_parallel/dataset/GRScenes_assets/pen/98167bf15eb85ef7d805a08772ca27b2/usd/98167bf15eb85ef7d805a08772ca27b2.usd
pen,9ba460f380d1bb057278d2ac3c0f8183,suspicious,0.023109,0.118561,243,ok;ok;ok;tiny,/cpfs/user/zhuzihou/assets/dedup_workspaces/test0_transitive_apply_parallel/dataset/GRScenes_assets/pen/9ba460f380d1bb057278d2ac3c0f8183,/cpfs/user/zhuzihou/assets/dedup_workspaces/test0_transitive_apply_parallel/dataset/GRScenes_assets/pen/9ba460f380d1bb057278d2ac3c0f8183/usd/9ba460f380d1bb057278d2ac3c0f8183.usd
pen,a7431cb51ef52d581d3690df2e789651,suspicious,0.014088,0.118561,296,blank;ok;ok;blank,/cpfs/user/zhuzihou/assets/dedup_workspaces/test0_transitive_apply_parallel/dataset/GRScenes_assets/pen/a7431cb51ef52d581d3690df2e789651,/cpfs/user/zhuzihou/assets/dedup_workspaces/test0_transitive_apply_parallel/dataset/GRScenes_assets/pen/a7431cb51ef52d581d3690df2e789651/usd/a7431cb51ef52d581d3690df2e789651.usd
pen,a9ed13b34c15ee4cad6ef690caede811,suspicious,0.108463,0.244141,512,ok;blank;ok;tiny,/cpfs/user/zhuzihou/assets/dedup_workspaces/test0_transitive_apply_parallel/dataset/GRScenes_assets/pen/a9ed13b34c15ee4cad6ef690caede811,/cpfs/user/zhuzihou/assets/dedup_workspaces/test0_transitive_apply_parallel/dataset/GRScenes_assets/pen/a9ed13b34c15ee4cad6ef690caede811/usd/a9ed13b34c15ee4cad6ef690caede811.usd
pen,af01b5acf3ee821afc228a1c834a74f9,suspicious,0.023533,0.102943,263,ok;ok;ok;tiny,/cpfs/user/zhuzihou/assets/dedup_workspaces/test0_transitive_apply_parallel/dataset/GRScenes_assets/pen/af01b5acf3ee821afc228a1c834a74f9,/cpfs/user/zhuzihou/assets/dedup_workspaces/test0_transitive_apply_parallel/dataset/GRScenes_assets/pen/af01b5acf3ee821afc228a1c834a74f9/usd/af01b5acf3ee821afc228a1c834a74f9.usd
pen,af0d67d4f8e983207592e93b0ec96cc9,suspicious,0.085594,0.253906,512,ok;tiny;ok;tiny,/cpfs/user/zhuzihou/assets/dedup_workspaces/test0_transitive_apply_parallel/dataset/GRScenes_assets/pen/af0d67d4f8e983207592e93b0ec96cc9,/cpfs/user/zhuzihou/assets/dedup_workspaces/test0_transitive_apply_parallel/dataset/GRScenes_assets/pen/af0d67d4f8e983207592e93b0ec96cc9/usd/af0d67d4f8e983207592e93b0ec96cc9.usd
pen,b07d17db3065c846452253ad34c49f9a,suspicious,0.095169,0.148438,512,ok;tiny;ok;blank,/cpfs/user/zhuzihou/assets/dedup_workspaces/test0_transitive_apply_parallel/dataset/GRScenes_assets/pen/b07d17db3065c846452253ad34c49f9a,/cpfs/user/zhuzihou/assets/dedup_workspaces/test0_transitive_apply_parallel/dataset/GRScenes_assets/pen/b07d17db3065c846452253ad34c49f9a/usd/b07d17db3065c846452253ad34c49f9a.usd
pen,b4cc07aa9a31290d61dee5ec69b1086b,suspicious,0.014706,0.059143,244,ok;tiny;ok;ok,/cpfs/user/zhuzihou/assets/dedup_workspaces/test0_transitive_apply_parallel/dataset/GRScenes_assets/pen/b4cc07aa9a31290d61dee5ec69b1086b,/cpfs/user/zhuzihou/assets/dedup_workspaces/test0_transitive_apply_parallel/dataset/GRScenes_assets/pen/b4cc07aa9a31290d61dee5ec69b1086b/usd/b4cc07aa9a31290d61dee5ec69b1086b.usd
pen,b5289616983da7689d3f80ad06986c1a,blank,0.000000,0.000000,0,blank;blank;blank;blank,/cpfs/user/zhuzihou/assets/dedup_workspaces/test0_transitive_apply_parallel/dataset/GRScenes_assets/pen/b5289616983da7689d3f80ad06986c1a,/cpfs/user/zhuzihou/assets/dedup_workspaces/test0_transitive_apply_parallel/dataset/GRScenes_assets/pen/b5289616983da7689d3f80ad06986c1a/usd/b5289616983da7689d3f80ad06986c1a.usd
pen,b7bc0ac69a87d451eb6d006ec5e81be3,tiny,0.002602,0.005188,80,tiny;blank;blank;blank,/cpfs/user/zhuzihou/assets/dedup_workspaces/test0_transitive_apply_parallel/dataset/GRScenes_assets/pen/b7bc0ac69a87d451eb6d006ec5e81be3,/cpfs/user/zhuzihou/assets/dedup_workspaces/test0_transitive_apply_parallel/dataset/GRScenes_assets/pen/b7bc0ac69a87d451eb6d006ec5e81be3/usd/b7bc0ac69a87d451eb6d006ec5e81be3.usd
pen,bde0635536ed8f875d31aa358f526a3c,suspicious,0.021526,0.125950,245,ok;ok;ok;tiny,/cpfs/user/zhuzihou/assets/dedup_workspaces/test0_transitive_apply_parallel/dataset/GRScenes_assets/pen/bde0635536ed8f875d31aa358f526a3c,/cpfs/user/zhuzihou/assets/dedup_workspaces/test0_transitive_apply_parallel/dataset/GRScenes_assets/pen/bde0635536ed8f875d31aa358f526a3c/usd/bde0635536ed8f875d31aa358f526a3c.usd
pen,cc8ec57cd7f99ba63a5de871a876935d,suspicious,0.011768,0.088749,235,blank;blank;ok;blank,/cpfs/user/zhuzihou/assets/dedup_workspaces/test0_transitive_apply_parallel/dataset/GRScenes_assets/pen/cc8ec57cd7f99ba63a5de871a876935d,/cpfs/user/zhuzihou/assets/dedup_workspaces/test0_transitive_apply_parallel/dataset/GRScenes_assets/pen/cc8ec57cd7f99ba63a5de871a876935d/usd/cc8ec57cd7f99ba63a5de871a876935d.usd
pen,db095430772b1680a28b52fd4cfbcb9d,blank,0.000000,0.000000,0,blank;blank;blank;blank,/cpfs/user/zhuzihou/assets/dedup_workspaces/test0_transitive_apply_parallel/dataset/GRScenes_assets/pen/db095430772b1680a28b52fd4cfbcb9d,/cpfs/user/zhuzihou/assets/dedup_workspaces/test0_transitive_apply_parallel/dataset/GRScenes_assets/pen/db095430772b1680a28b52fd4cfbcb9d/usd/db095430772b1680a28b52fd4cfbcb9d.usd
pen,e0a445ebcbe421ab1454bfa2fb77fadd,suspicious,0.023365,0.107559,257,ok;ok;ok;tiny,/cpfs/user/zhuzihou/assets/dedup_workspaces/test0_transitive_apply_parallel/dataset/GRScenes_assets/pen/e0a445ebcbe421ab1454bfa2fb77fadd,/cpfs/user/zhuzihou/assets/dedup_workspaces/test0_transitive_apply_parallel/dataset/GRScenes_assets/pen/e0a445ebcbe421ab1454bfa2fb77fadd/usd/e0a445ebcbe421ab1454bfa2fb77fadd.usd
pen,e12be2dab46482dd4178ad5592d7824c,suspicious,0.021866,0.082661,236,ok;ok;ok;tiny,/cpfs/user/zhuzihou/assets/dedup_workspaces/test0_transitive_apply_parallel/dataset/GRScenes_assets/pen/e12be2dab46482dd4178ad5592d7824c,/cpfs/user/zhuzihou/assets/dedup_workspaces/test0_transitive_apply_parallel/dataset/GRScenes_assets/pen/e12be2dab46482dd4178ad5592d7824c/usd/e12be2dab46482dd4178ad5592d7824c.usd
pen,ee1f1725e5d6d6ed3e7d89d848a51fae,suspicious,0.013969,0.075195,303,blank;ok;ok;blank,/cpfs/user/zhuzihou/assets/dedup_workspaces/test0_transitive_apply_parallel/dataset/GRScenes_assets/pen/ee1f1725e5d6d6ed3e7d89d848a51fae,/cpfs/user/zhuzihou/assets/dedup_workspaces/test0_transitive_apply_parallel/dataset/GRScenes_assets/pen/ee1f1725e5d6d6ed3e7d89d848a51fae/usd/ee1f1725e5d6d6ed3e7d89d848a51fae.usd
pen,efee5b83955cb06af60129066c5f2181,suspicious,0.056778,0.324295,416,ok;tiny;ok;ok,/cpfs/user/zhuzihou/assets/dedup_workspaces/test0_transitive_apply_parallel/dataset/GRScenes_assets/pen/efee5b83955cb06af60129066c5f2181,/cpfs/user/zhuzihou/assets/dedup_workspaces/test0_transitive_apply_parallel/dataset/GRScenes_assets/pen/efee5b83955cb06af60129066c5f2181/usd/efee5b83955cb06af60129066c5f2181.usd
pen,f2007aad00e8bb57a3cd9fe30707995e,suspicious,0.116711,0.210938,512,ok;ok;ok;blank,/cpfs/user/zhuzihou/assets/dedup_workspaces/test0_transitive_apply_parallel/dataset/GRScenes_assets/pen/f2007aad00e8bb57a3cd9fe30707995e,/cpfs/user/zhuzihou/assets/dedup_workspaces/test0_transitive_apply_parallel/dataset/GRScenes_assets/pen/f2007aad00e8bb57a3cd9fe30707995e/usd/f2007aad00e8bb57a3cd9fe30707995e.usd
pen,f61b5093a353dd3a3f6d57b05938e5e6,suspicious,0.093102,0.414062,512,ok;ok;ok;blank,/cpfs/user/zhuzihou/assets/dedup_workspaces/test0_transitive_apply_parallel/dataset/GRScenes_assets/pen/f61b5093a353dd3a3f6d57b05938e5e6,/cpfs/user/zhuzihou/assets/dedup_workspaces/test0_transitive_apply_parallel/dataset/GRScenes_assets/pen/f61b5093a353dd3a3f6d57b05938e5e6/usd/f61b5093a353dd3a3f6d57b05938e5e6.usd
pen,fbed0a32ea4f797182c1e085f63899f7,suspicious,0.027611,0.138321,281,ok;ok;ok;tiny,/cpfs/user/zhuzihou/assets/dedup_workspaces/test0_transitive_apply_parallel/dataset/GRScenes_assets/pen/fbed0a32ea4f797182c1e085f63899f7,/cpfs/user/zhuzihou/assets/dedup_workspaces/test0_transitive_apply_parallel/dataset/GRScenes_assets/pen/fbed0a32ea4f797182c1e085f63899f7/usd/fbed0a32ea4f797182c1e085f63899f7.usd
pen,fe885305f36bbf29aca31cc4a04255d1,suspicious,0.008717,0.017029,144,blank;blank;ok;blank,/cpfs/user/zhuzihou/assets/dedup_workspaces/test0_transitive_apply_parallel/dataset/GRScenes_assets/pen/fe885305f36bbf29aca31cc4a04255d1,/cpfs/user/zhuzihou/assets/dedup_workspaces/test0_transitive_apply_parallel/dataset/GRScenes_assets/pen/fe885305f36bbf29aca31cc4a04255d1/usd/fe885305f36bbf29aca31cc4a04255d1.usd
picture,02d2ee0d51cd4adbc0752d52f5bd612b,suspicious,0.149559,0.167969,256,ok;ok;blank;ok,/cpfs/user/zhuzihou/assets/dedup_workspaces/test0_transitive_apply_parallel/dataset/GRScenes_assets/picture/02d2ee0d51cd4adbc0752d52f5bd612b,/cpfs/user/zhuzihou/assets/dedup_workspaces/test0_transitive_apply_parallel/dataset/GRScenes_assets/picture/02d2ee0d51cd4adbc0752d52f5bd612b/usd/02d2ee0d51cd4adbc0752d52f5bd612b.usd
picture,114b275347a2311fc0e9b1f5a3900172,blank,0.000000,0.000000,0,blank;blank;blank;blank,/cpfs/user/zhuzihou/assets/dedup_workspaces/test0_transitive_apply_parallel/dataset/GRScenes_assets/picture/114b275347a2311fc0e9b1f5a3900172,/cpfs/user/zhuzihou/assets/dedup_workspaces/test0_transitive_apply_parallel/dataset/GRScenes_assets/picture/114b275347a2311fc0e9b1f5a3900172/usd/114b275347a2311fc0e9b1f5a3900172.usd
picture,26c4038b9e1d827a1b3f308fd57d5685,suspicious,0.151108,0.167969,256,blank;ok;ok;ok,/cpfs/user/zhuzihou/assets/dedup_workspaces/test0_transitive_apply_parallel/dataset/GRScenes_assets/picture/26c4038b9e1d827a1b3f308fd57d5685,/cpfs/user/zhuzihou/assets/dedup_workspaces/test0_transitive_apply_parallel/dataset/GRScenes_assets/picture/26c4038b9e1d827a1b3f308fd57d5685/usd/26c4038b9e1d827a1b3f308fd57d5685.usd
picture,2ba46514c4150dc130bdaa90cf9e3f67,suspicious,0.100254,0.130920,303,blank;ok;ok;ok,/cpfs/user/zhuzihou/assets/dedup_workspaces/test0_transitive_apply_parallel/dataset/GRScenes_assets/picture/2ba46514c4150dc130bdaa90cf9e3f67,/cpfs/user/zhuzihou/assets/dedup_workspaces/test0_transitive_apply_parallel/dataset/GRScenes_assets/picture/2ba46514c4150dc130bdaa90cf9e3f67/usd/2ba46514c4150dc130bdaa90cf9e3f67.usd
picture,410e78c8d9a8103373d420ee96777eec,suspicious,0.047939,0.081329,257,blank;ok;ok;ok,/cpfs/user/zhuzihou/assets/dedup_workspaces/test0_transitive_apply_parallel/dataset/GRScenes_assets/picture/410e78c8d9a8103373d420ee96777eec,/cpfs/user/zhuzihou/assets/dedup_workspaces/test0_transitive_apply_parallel/dataset/GRScenes_assets/picture/410e78c8d9a8103373d420ee96777eec/usd/410e78c8d9a8103373d420ee96777eec.usd
picture,44ebd353f2a9b376661ff83c14e2af7b,suspicious,0.161583,0.181854,236,blank;ok;ok;ok,/cpfs/user/zhuzihou/assets/dedup_workspaces/test0_transitive_apply_parallel/dataset/GRScenes_assets/picture/44ebd353f2a9b376661ff83c14e2af7b,/cpfs/user/zhuzihou/assets/dedup_workspaces/test0_transitive_apply_parallel/dataset/GRScenes_assets/picture/44ebd353f2a9b376661ff83c14e2af7b/usd/44ebd353f2a9b376661ff83c14e2af7b.usd
picture,56087eb8130d0e371a50e10616ba126e,suspicious,0.132038,0.144516,231,ok;ok;blank;ok,/cpfs/user/zhuzihou/assets/dedup_workspaces/test0_transitive_apply_parallel/dataset/GRScenes_assets/picture/56087eb8130d0e371a50e10616ba126e,/cpfs/user/zhuzihou/assets/dedup_workspaces/test0_transitive_apply_parallel/dataset/GRScenes_assets/picture/56087eb8130d0e371a50e10616ba126e/usd/56087eb8130d0e371a50e10616ba126e.usd
picture,63983571929f92df7ee34741451e2d7e,suspicious,0.089565,0.097733,183,blank;blank;ok;blank,/cpfs/user/zhuzihou/assets/dedup_workspaces/test0_transitive_apply_parallel/dataset/GRScenes_assets/picture/63983571929f92df7ee34741451e2d7e,/cpfs/user/zhuzihou/assets/dedup_workspaces/test0_transitive_apply_parallel/dataset/GRScenes_assets/picture/63983571929f92df7ee34741451e2d7e/usd/63983571929f92df7ee34741451e2d7e.usd
picture,7b34a40fdd6e1afbc7fec2e528a7b700,suspicious,0.338070,0.395527,445,ok;blank;ok;blank,/cpfs/user/zhuzihou/assets/dedup_workspaces/test0_transitive_apply_parallel/dataset/GRScenes_assets/picture/7b34a40fdd6e1afbc7fec2e528a7b700,/cpfs/user/zhuzihou/assets/dedup_workspaces/test0_transitive_apply_parallel/dataset/GRScenes_assets/picture/7b34a40fdd6e1afbc7fec2e528a7b700/usd/7b34a40fdd6e1afbc7fec2e528a7b700.usd
picture,8217b01f5739f92ca545a11e61a367a2,suspicious,0.100655,0.122566,238,blank;ok;ok;ok,/cpfs/user/zhuzihou/assets/dedup_workspaces/test0_transitive_apply_parallel/dataset/GRScenes_assets/picture/8217b01f5739f92ca545a11e61a367a2,/cpfs/user/zhuzihou/assets/dedup_workspaces/test0_transitive_apply_parallel/dataset/GRScenes_assets/picture/8217b01f5739f92ca545a11e61a367a2/usd/8217b01f5739f92ca545a11e61a367a2.usd
picture,d3dcae14ed6e2555cd42a1a6be0829b9,suspicious,0.153828,0.168907,262,blank;ok;ok;ok,/cpfs/user/zhuzihou/assets/dedup_workspaces/test0_transitive_apply_parallel/dataset/GRScenes_assets/picture/d3dcae14ed6e2555cd42a1a6be0829b9,/cpfs/user/zhuzihou/assets/dedup_workspaces/test0_transitive_apply_parallel/dataset/GRScenes_assets/picture/d3dcae14ed6e2555cd42a1a6be0829b9/usd/d3dcae14ed6e2555cd42a1a6be0829b9.usd
picture,d40650b32c52e631c69337f5bfb2877c,suspicious,0.305481,0.352478,462,ok;blank;ok;blank,/cpfs/user/zhuzihou/assets/dedup_workspaces/test0_transitive_apply_parallel/dataset/GRScenes_assets/picture/d40650b32c52e631c69337f5bfb2877c,/cpfs/user/zhuzihou/assets/dedup_workspaces/test0_transitive_apply_parallel/dataset/GRScenes_assets/picture/d40650b32c52e631c69337f5bfb2877c/usd/d40650b32c52e631c69337f5bfb2877c.usd
picture,d5c07a4ae47f1994fa781275bc20c139,suspicious,0.150208,0.165344,258,blank;ok;ok;ok,/cpfs/user/zhuzihou/assets/dedup_workspaces/test0_transitive_apply_parallel/dataset/GRScenes_assets/picture/d5c07a4ae47f1994fa781275bc20c139,/cpfs/user/zhuzihou/assets/dedup_workspaces/test0_transitive_apply_parallel/dataset/GRScenes_assets/picture/d5c07a4ae47f1994fa781275bc20c139/usd/d5c07a4ae47f1994fa781275bc20c139.usd
picture,f5e8f8e6728866a6118016c8b185906d,suspicious,0.150936,0.166328,258,ok;ok;blank;ok,/cpfs/user/zhuzihou/assets/dedup_workspaces/test0_transitive_apply_parallel/dataset/GRScenes_assets/picture/f5e8f8e6728866a6118016c8b185906d,/cpfs/user/zhuzihou/assets/dedup_workspaces/test0_transitive_apply_parallel/dataset/GRScenes_assets/picture/f5e8f8e6728866a6118016c8b185906d/usd/f5e8f8e6728866a6118016c8b185906d.usd
picture,f80b4fc3055e1157422b7925d1f89d9f,suspicious,0.323925,0.374908,455,ok;blank;ok;blank,/cpfs/user/zhuzihou/assets/dedup_workspaces/test0_transitive_apply_parallel/dataset/GRScenes_assets/picture/f80b4fc3055e1157422b7925d1f89d9f,/cpfs/user/zhuzihou/assets/dedup_workspaces/test0_transitive_apply_parallel/dataset/GRScenes_assets/picture/f80b4fc3055e1157422b7925d1f89d9f/usd/f80b4fc3055e1157422b7925d1f89d9f.usd
pillow,03444ea0b5ebc1d1d2391536d5404b88,suspicious,0.097954,0.147629,278,tiny;ok;ok;ok,/cpfs/user/zhuzihou/assets/dedup_workspaces/test0_transitive_apply_parallel/dataset/GRScenes_assets/pillow/03444ea0b5ebc1d1d2391536d5404b88,/cpfs/user/zhuzihou/assets/dedup_workspaces/test0_transitive_apply_parallel/dataset/GRScenes_assets/pillow/03444ea0b5ebc1d1d2391536d5404b88/usd/03444ea0b5ebc1d1d2391536d5404b88.usd
pillow,034991f740b7a010239a0a464a08220c,suspicious,0.080036,0.110283,255,tiny;ok;ok;blank,/cpfs/user/zhuzihou/assets/dedup_workspaces/test0_transitive_apply_parallel/dataset/GRScenes_assets/pillow/034991f740b7a010239a0a464a08220c,/cpfs/user/zhuzihou/assets/dedup_workspaces/test0_transitive_apply_parallel/dataset/GRScenes_assets/pillow/034991f740b7a010239a0a464a08220c/usd/034991f740b7a010239a0a464a08220c.usd
pillow,03aaca23cba8c9cf439825f203d86270,suspicious,0.094791,0.116302,221,ok;ok;blank;blank,/cpfs/user/zhuzihou/assets/dedup_workspaces/test0_transitive_apply_parallel/dataset/GRScenes_assets/pillow/03aaca23cba8c9cf439825f203d86270,/cpfs/user/zhuzihou/assets/dedup_workspaces/test0_transitive_apply_parallel/dataset/GRScenes_assets/pillow/03aaca23cba8c9cf439825f203d86270/usd/03aaca23cba8c9cf439825f203d86270.usd
pillow,04ad39b0375071bea2abb27a28fd1811,suspicious,0.053123,0.067711,250,ok;ok;ok;blank,/cpfs/user/zhuzihou/assets/dedup_workspaces/test0_transitive_apply_parallel/dataset/GRScenes_assets/pillow/04ad39b0375071bea2abb27a28fd1811,/cpfs/user/zhuzihou/assets/dedup_workspaces/test0_transitive_apply_parallel/dataset/GRScenes_assets/pillow/04ad39b0375071bea2abb27a28fd1811/usd/04ad39b0375071bea2abb27a28fd1811.usd
pillow,04cf3a1b5fc382ef04c514af24ca2245,suspicious,0.062271,0.077820,295,tiny;ok;ok;ok,/cpfs/user/zhuzihou/assets/dedup_workspaces/test0_transitive_apply_parallel/dataset/GRScenes_assets/pillow/04cf3a1b5fc382ef04c514af24ca2245,/cpfs/user/zhuzihou/assets/dedup_workspaces/test0_transitive_apply_parallel/dataset/GRScenes_assets/pillow/04cf3a1b5fc382ef04c514af24ca2245/usd/04cf3a1b5fc382ef04c514af24ca2245.usd
pillow,050e4a9ce76e874bcc4f5ccd5d8c4be9,suspicious,0.063107,0.101257,173,ok;blank;ok;ok,/cpfs/user/zhuzihou/assets/dedup_workspaces/test0_transitive_apply_parallel/dataset/GRScenes_assets/pillow/050e4a9ce76e874bcc4f5ccd5d8c4be9,/cpfs/user/zhuzihou/assets/dedup_workspaces/test0_transitive_apply_parallel/dataset/GRScenes_assets/pillow/050e4a9ce76e874bcc4f5ccd5d8c4be9/usd/050e4a9ce76e874bcc4f5ccd5d8c4be9.usd
pillow,05a4c85843c35c1dbde5120caa79ad29,suspicious,0.107449,0.164032,310,tiny;ok;ok;blank,/cpfs/user/zhuzihou/assets/dedup_workspaces/test0_transitive_apply_parallel/dataset/GRScenes_assets/pillow/05a4c85843c35c1dbde5120caa79ad29,/cpfs/user/zhuzihou/assets/dedup_workspaces/test0_transitive_apply_parallel/dataset/GRScenes_assets/pillow/05a4c85843c35c1dbde5120caa79ad29/usd/05a4c85843c35c1dbde5120caa79ad29.usd
pillow,05d1c9d93eef40962cecb5501a33a462,suspicious,0.115612,0.177040,319,ok;ok;blank;blank,/cpfs/user/zhuzihou/assets/dedup_workspaces/test0_transitive_apply_parallel/dataset/GRScenes_assets/pillow/05d1c9d93eef40962cecb5501a33a462,/cpfs/user/zhuzihou/assets/dedup_workspaces/test0_transitive_apply_parallel/dataset/GRScenes_assets/pillow/05d1c9d93eef40962cecb5501a33a462/usd/05d1c9d93eef40962cecb5501a33a462.usd
pillow,0954066900793de00d4b44b2a89d5b65,suspicious,0.031052,0.069878,142,ok;ok;blank;blank,/cpfs/user/zhuzihou/assets/dedup_workspaces/test0_transitive_apply_parallel/dataset/GRScenes_assets/pillow/0954066900793de00d4b44b2a89d5b65,/cpfs/user/zhuzihou/assets/dedup_workspaces/test0_transitive_apply_parallel/dataset/GRScenes_assets/pillow/0954066900793de00d4b44b2a89d5b65/usd/0954066900793de00d4b44b2a89d5b65.usd
pillow,096a1632a4934deab8708876f09d27ad,suspicious,0.110573,0.130920,260,ok;ok;ok;blank,/cpfs/user/zhuzihou/assets/dedup_workspaces/test0_transitive_apply_parallel/dataset/GRScenes_assets/pillow/096a1632a4934deab8708876f09d27ad,/cpfs/user/zhuzihou/assets/dedup_workspaces/test0_transitive_apply_parallel/dataset/GRScenes_assets/pillow/096a1632a4934deab8708876f09d27ad/usd/096a1632a4934deab8708876f09d27ad.usd
pillow,09d9209813363db22ab1ff5c9cd94a06,suspicious,0.059498,0.093616,253,blank;ok;ok;blank,/cpfs/user/zhuzihou/assets/dedup_workspaces/test0_transitive_apply_parallel/dataset/GRScenes_assets/pillow/09d9209813363db22ab1ff5c9cd94a06,/cpfs/user/zhuzihou/assets/dedup_workspaces/test0_transitive_apply_parallel/dataset/GRScenes_assets/pillow/09d9209813363db22ab1ff5c9cd94a06/usd/09d9209813363db22ab1ff5c9cd94a06.usd
pillow,0a71eedd80d82eb36ec8f0ec05dfe5bd,suspicious,0.076767,0.138557,296,blank;ok;ok;blank,/cpfs/user/zhuzihou/assets/dedup_workspaces/test0_transitive_apply_parallel/dataset/GRScenes_assets/pillow/0a71eedd80d82eb36ec8f0ec05dfe5bd,/cpfs/user/zhuzihou/assets/dedup_workspaces/test0_transitive_apply_parallel/dataset/GRScenes_assets/pillow/0a71eedd80d82eb36ec8f0ec05dfe5bd/usd/0a71eedd80d82eb36ec8f0ec05dfe5bd.usd
pillow,0b1e706725c644970bf0892ebf4bcec5,suspicious,0.090412,0.105957,217,ok;ok;blank;blank,/cpfs/user/zhuzihou/assets/dedup_workspaces/test0_transitive_apply_parallel/dataset/GRScenes_assets/pillow/0b1e706725c644970bf0892ebf4bcec5,/cpfs/user/zhuzihou/assets/dedup_workspaces/test0_transitive_apply_parallel/dataset/GRScenes_assets/pillow/0b1e706725c644970bf0892ebf4bcec5/usd/0b1e706725c644970bf0892ebf4bcec5.usd
pillow,0b5ee8d5ec14b0bad7719ba5d61a4094,suspicious,0.090412,0.103912,227,ok;ok;blank;blank,/cpfs/user/zhuzihou/assets/dedup_workspaces/test0_transitive_apply_parallel/dataset/GRScenes_assets/pillow/0b5ee8d5ec14b0bad7719ba5d61a4094,/cpfs/user/zhuzihou/assets/dedup_workspaces/test0_transitive_apply_parallel/dataset/GRScenes_assets/pillow/0b5ee8d5ec14b0bad7719ba5d61a4094/usd/0b5ee8d5ec14b0bad7719ba5d61a4094.usd
pillow,0d440984e8151dd0f79678e83948cfcb,suspicious,0.102203,0.151566,258,blank;ok;ok;blank,/cpfs/user/zhuzihou/assets/dedup_workspaces/test0_transitive_apply_parallel/dataset/GRScenes_assets/pillow/0d440984e8151dd0f79678e83948cfcb,/cpfs/user/zhuzihou/assets/dedup_workspaces/test0_transitive_apply_parallel/dataset/GRScenes_assets/pillow/0d440984e8151dd0f79678e83948cfcb/usd/0d440984e8151dd0f79678e83948cfcb.usd
pillow,0d86c0e79a9c9b955b04a40e63a96ca3,suspicious,0.036514,0.063236,137,ok;blank;blank;ok,/cpfs/user/zhuzihou/assets/dedup_workspaces/test0_transitive_apply_parallel/dataset/GRScenes_assets/pillow/0d86c0e79a9c9b955b04a40e63a96ca3,/cpfs/user/zhuzihou/assets/dedup_workspaces/test0_transitive_apply_parallel/dataset/GRScenes_assets/pillow/0d86c0e79a9c9b955b04a40e63a96ca3/usd/0d86c0e79a9c9b955b04a40e63a96ca3.usd
pillow,0ed61d9fe4e8893c282ff346848595c8,suspicious,0.046238,0.076729,235,blank;ok;ok;blank,/cpfs/user/zhuzihou/assets/dedup_workspaces/test0_transitive_apply_parallel/dataset/GRScenes_assets/pillow/0ed61d9fe4e8893c282ff346848595c8,/cpfs/user/zhuzihou/assets/dedup_workspaces/test0_transitive_apply_parallel/dataset/GRScenes_assets/pillow/0ed61d9fe4e8893c282ff346848595c8/usd/0ed61d9fe4e8893c282ff346848595c8.usd
pillow,0ee8a14a3e637054d5ba0569d8d541f2,suspicious,0.126270,0.164688,283,ok;ok;blank;blank,/cpfs/user/zhuzihou/assets/dedup_workspaces/test0_transitive_apply_parallel/dataset/GRScenes_assets/pillow/0ee8a14a3e637054d5ba0569d8d541f2,/cpfs/user/zhuzihou/assets/dedup_workspaces/test0_transitive_apply_parallel/dataset/GRScenes_assets/pillow/0ee8a14a3e637054d5ba0569d8d541f2/usd/0ee8a14a3e637054d5ba0569d8d541f2.usd
pillow,107726de6b518f0d4c835fceb13ed2f8,suspicious,0.102020,0.143890,239,ok;ok;ok;blank,/cpfs/user/zhuzihou/assets/dedup_workspaces/test0_transitive_apply_parallel/dataset/GRScenes_assets/pillow/107726de6b518f0d4c835fceb13ed2f8,/cpfs/user/zhuzihou/assets/dedup_workspaces/test0_transitive_apply_parallel/dataset/GRScenes_assets/pillow/107726de6b518f0d4c835fceb13ed2f8/usd/107726de6b518f0d4c835fceb13ed2f8.usd
pillow,11844ee1f624d3afbde4bb5c791e2cb6,suspicious,0.030418,0.070370,143,blank;tiny;ok;tiny,/cpfs/user/zhuzihou/assets/dedup_workspaces/test0_transitive_apply_parallel/dataset/GRScenes_assets/pillow/11844ee1f624d3afbde4bb5c791e2cb6,/cpfs/user/zhuzihou/assets/dedup_workspaces/test0_transitive_apply_parallel/dataset/GRScenes_assets/pillow/11844ee1f624d3afbde4bb5c791e2cb6/usd/11844ee1f624d3afbde4bb5c791e2cb6.usd
pillow,118b78c64a38cba88dd80f064e444465,suspicious,0.097355,0.112625,244,blank;ok;ok;blank,/cpfs/user/zhuzihou/assets/dedup_workspaces/test0_transitive_apply_parallel/dataset/GRScenes_assets/pillow/118b78c64a38cba88dd80f064e444465,/cpfs/user/zhuzihou/assets/dedup_workspaces/test0_transitive_apply_parallel/dataset/GRScenes_assets/pillow/118b78c64a38cba88dd80f064e444465/usd/118b78c64a38cba88dd80f064e444465.usd
pillow,12043793404c04cbba0eafe69a05a5a4,suspicious,0.099354,0.157310,266,blank;ok;ok;blank,/cpfs/user/zhuzihou/assets/dedup_workspaces/test0_transitive_apply_parallel/dataset/GRScenes_assets/pillow/12043793404c04cbba0eafe69a05a5a4,/cpfs/user/zhuzihou/assets/dedup_workspaces/test0_transitive_apply_parallel/dataset/GRScenes_assets/pillow/12043793404c04cbba0eafe69a05a5a4/usd/12043793404c04cbba0eafe69a05a5a4.usd
pillow,1322abd2d046373b84effceb1fc56574,suspicious,0.058758,0.078201,250,ok;ok;blank;blank,/cpfs/user/zhuzihou/assets/dedup_workspaces/test0_transitive_apply_parallel/dataset/GRScenes_assets/pillow/1322abd2d046373b84effceb1fc56574,/cpfs/user/zhuzihou/assets/dedup_workspaces/test0_transitive_apply_parallel/dataset/GRScenes_assets/pillow/1322abd2d046373b84effceb1fc56574/usd/1322abd2d046373b84effceb1fc56574.usd
pillow,13bb9c4d94c4fe698dad05cd63ad3bb9,suspicious,0.087654,0.160828,269,blank;ok;ok;blank,/cpfs/user/zhuzihou/assets/dedup_workspaces/test0_transitive_apply_parallel/dataset/GRScenes_assets/pillow/13bb9c4d94c4fe698dad05cd63ad3bb9,/cpfs/user/zhuzihou/assets/dedup_workspaces/test0_transitive_apply_parallel/dataset/GRScenes_assets/pillow/13bb9c4d94c4fe698dad05cd63ad3bb9/usd/13bb9c4d94c4fe698dad05cd63ad3bb9.usd
pillow,158f111aa347296e011e8554e1b50412,suspicious,0.098434,0.146118,288,blank;ok;ok;blank,/cpfs/user/zhuzihou/assets/dedup_workspaces/test0_transitive_apply_parallel/dataset/GRScenes_assets/pillow/158f111aa347296e011e8554e1b50412,/cpfs/user/zhuzihou/assets/dedup_workspaces/test0_transitive_apply_parallel/dataset/GRScenes_assets/pillow/158f111aa347296e011e8554e1b50412/usd/158f111aa347296e011e8554e1b50412.usd
pillow,159a12a48685a99eba3060c0d099a0ae,suspicious,0.050022,0.066528,218,ok;ok;ok;blank,/cpfs/user/zhuzihou/assets/dedup_workspaces/test0_transitive_apply_parallel/dataset/GRScenes_assets/pillow/159a12a48685a99eba3060c0d099a0ae,/cpfs/user/zhuzihou/assets/dedup_workspaces/test0_transitive_apply_parallel/dataset/GRScenes_assets/pillow/159a12a48685a99eba3060c0d099a0ae/usd/159a12a48685a99eba3060c0d099a0ae.usd
pillow,171be1dd7d249de0856a0bbdb8b28306,suspicious,0.072258,0.110184,249,blank;ok;ok;blank,/cpfs/user/zhuzihou/assets/dedup_workspaces/test0_transitive_apply_parallel/dataset/GRScenes_assets/pillow/171be1dd7d249de0856a0bbdb8b28306,/cpfs/user/zhuzihou/assets/dedup_workspaces/test0_transitive_apply_parallel/dataset/GRScenes_assets/pillow/171be1dd7d249de0856a0bbdb8b28306/usd/171be1dd7d249de0856a0bbdb8b28306.usd
pillow,1a0e614bdb71f14f37b7f8f7fa27cae7,suspicious,0.102604,0.118675,255,ok;ok;blank;ok,/cpfs/user/zhuzihou/assets/dedup_workspaces/test0_transitive_apply_parallel/dataset/GRScenes_assets/pillow/1a0e614bdb71f14f37b7f8f7fa27cae7,/cpfs/user/zhuzihou/assets/dedup_workspaces/test0_transitive_apply_parallel/dataset/GRScenes_assets/pillow/1a0e614bdb71f14f37b7f8f7fa27cae7/usd/1a0e614bdb71f14f37b7f8f7fa27cae7.usd
pillow,1a3892265ae2f9d9020d9fa08d36df46,suspicious,0.077858,0.127789,252,ok;ok;blank;blank,/cpfs/user/zhuzihou/assets/dedup_workspaces/test0_transitive_apply_parallel/dataset/GRScenes_assets/pillow/1a3892265ae2f9d9020d9fa08d36df46,/cpfs/user/zhuzihou/assets/dedup_workspaces/test0_transitive_apply_parallel/dataset/GRScenes_assets/pillow/1a3892265ae2f9d9020d9fa08d36df46/usd/1a3892265ae2f9d9020d9fa08d36df46.usd
pillow,1a607c3af7b26f0efc63445d0fd5cd69,suspicious,0.816509,1.000000,512,ok;blank;ok;blank,/cpfs/user/zhuzihou/assets/dedup_workspaces/test0_transitive_apply_parallel/dataset/GRScenes_assets/pillow/1a607c3af7b26f0efc63445d0fd5cd69,/cpfs/user/zhuzihou/assets/dedup_workspaces/test0_transitive_apply_parallel/dataset/GRScenes_assets/pillow/1a607c3af7b26f0efc63445d0fd5cd69/usd/1a607c3af7b26f0efc63445d0fd5cd69.usd
pillow,1a79d4057c6d19916086019b478400a0,suspicious,0.080002,0.123535,277,ok;ok;blank;blank,/cpfs/user/zhuzihou/assets/dedup_workspaces/test0_transitive_apply_parallel/dataset/GRScenes_assets/pillow/1a79d4057c6d19916086019b478400a0,/cpfs/user/zhuzihou/assets/dedup_workspaces/test0_transitive_apply_parallel/dataset/GRScenes_assets/pillow/1a79d4057c6d19916086019b478400a0/usd/1a79d4057c6d19916086019b478400a0.usd
pillow,1c98e0fac4eae68ad57f822da80b27c8,suspicious,0.123852,0.165653,290,blank;ok;ok;blank,/cpfs/user/zhuzihou/assets/dedup_workspaces/test0_transitive_apply_parallel/dataset/GRScenes_assets/pillow/1c98e0fac4eae68ad57f822da80b27c8,/cpfs/user/zhuzihou/assets/dedup_workspaces/test0_transitive_apply_parallel/dataset/GRScenes_assets/pillow/1c98e0fac4eae68ad57f822da80b27c8/usd/1c98e0fac4eae68ad57f822da80b27c8.usd
pillow,1ca2f55db006d619955a68692ef16785,suspicious,0.065926,0.123047,256,blank;ok;ok;blank,/cpfs/user/zhuzihou/assets/dedup_workspaces/test0_transitive_apply_parallel/dataset/GRScenes_assets/pillow/1ca2f55db006d619955a68692ef16785,/cpfs/user/zhuzihou/assets/dedup_workspaces/test0_transitive_apply_parallel/dataset/GRScenes_assets/pillow/1ca2f55db006d619955a68692ef16785/usd/1ca2f55db006d619955a68692ef16785.usd
pillow,1eb6fd0263ee5d60798f5788e6cb87a0,suspicious,0.087833,0.130859,292,blank;ok;ok;blank,/cpfs/user/zhuzihou/assets/dedup_workspaces/test0_transitive_apply_parallel/dataset/GRScenes_assets/pillow/1eb6fd0263ee5d60798f5788e6cb87a0,/cpfs/user/zhuzihou/assets/dedup_workspaces/test0_transitive_apply_parallel/dataset/GRScenes_assets/pillow/1eb6fd0263ee5d60798f5788e6cb87a0/usd/1eb6fd0263ee5d60798f5788e6cb87a0.usd
pillow,1ec5ce5cd944b991a1543b4a3b7bd02f,suspicious,0.040981,0.065617,237,ok;ok;blank;blank,/cpfs/user/zhuzihou/assets/dedup_workspaces/test0_transitive_apply_parallel/dataset/GRScenes_assets/pillow/1ec5ce5cd944b991a1543b4a3b7bd02f,/cpfs/user/zhuzihou/assets/dedup_workspaces/test0_transitive_apply_parallel/dataset/GRScenes_assets/pillow/1ec5ce5cd944b991a1543b4a3b7bd02f/usd/1ec5ce5cd944b991a1543b4a3b7bd02f.usd
pillow,1f9fba4511636f1a2c3f88dba8f27b32,suspicious,0.063332,0.107765,245,ok;ok;blank;blank,/cpfs/user/zhuzihou/assets/dedup_workspaces/test0_transitive_apply_parallel/dataset/GRScenes_assets/pillow/1f9fba4511636f1a2c3f88dba8f27b32,/cpfs/user/zhuzihou/assets/dedup_workspaces/test0_transitive_apply_parallel/dataset/GRScenes_assets/pillow/1f9fba4511636f1a2c3f88dba8f27b32/usd/1f9fba4511636f1a2c3f88dba8f27b32.usd
pillow,21322a5c8dd104172385995d255a4601,suspicious,0.067902,0.084877,250,ok;ok;tiny;blank,/cpfs/user/zhuzihou/assets/dedup_workspaces/test0_transitive_apply_parallel/dataset/GRScenes_assets/pillow/21322a5c8dd104172385995d255a4601,/cpfs/user/zhuzihou/assets/dedup_workspaces/test0_transitive_apply_parallel/dataset/GRScenes_assets/pillow/21322a5c8dd104172385995d255a4601/usd/21322a5c8dd104172385995d255a4601.usd
pillow,2250347f9d42d4320f9258b3b9aaa895,suspicious,0.072563,0.109741,243,ok;ok;blank;blank,/cpfs/user/zhuzihou/assets/dedup_workspaces/test0_transitive_apply_parallel/dataset/GRScenes_assets/pillow/2250347f9d42d4320f9258b3b9aaa895,/cpfs/user/zhuzihou/assets/dedup_workspaces/test0_transitive_apply_parallel/dataset/GRScenes_assets/pillow/2250347f9d42d4320f9258b3b9aaa895/usd/2250347f9d42d4320f9258b3b9aaa895.usd
pillow,230598229d045005df7ff9285511c379,suspicious,0.058762,0.108940,229,ok;ok;blank;blank,/cpfs/user/zhuzihou/assets/dedup_workspaces/test0_transitive_apply_parallel/dataset/GRScenes_assets/pillow/230598229d045005df7ff9285511c379,/cpfs/user/zhuzihou/assets/dedup_workspaces/test0_transitive_apply_parallel/dataset/GRScenes_assets/pillow/230598229d045005df7ff9285511c379/usd/230598229d045005df7ff9285511c379.usd
pillow,23530aae627f22c403f3e2cfa0c54f74,suspicious,0.080746,0.127888,243,blank;ok;ok;blank,/cpfs/user/zhuzihou/assets/dedup_workspaces/test0_transitive_apply_parallel/dataset/GRScenes_assets/pillow/23530aae627f22c403f3e2cfa0c54f74,/cpfs/user/zhuzihou/assets/dedup_workspaces/test0_transitive_apply_parallel/dataset/GRScenes_assets/pillow/23530aae627f22c403f3e2cfa0c54f74/usd/23530aae627f22c403f3e2cfa0c54f74.usd
pillow,24e7cacda39455aa8235cd88171bb8e1,suspicious,0.056358,0.089645,237,blank;ok;ok;blank,/cpfs/user/zhuzihou/assets/dedup_workspaces/test0_transitive_apply_parallel/dataset/GRScenes_assets/pillow/24e7cacda39455aa8235cd88171bb8e1,/cpfs/user/zhuzihou/assets/dedup_workspaces/test0_transitive_apply_parallel/dataset/GRScenes_assets/pillow/24e7cacda39455aa8235cd88171bb8e1/usd/24e7cacda39455aa8235cd88171bb8e1.usd
pillow,26b0d77dc07dc4f99996b5e78a14b9be,suspicious,0.226547,0.378906,512,blank;ok;blank;ok,/cpfs/user/zhuzihou/assets/dedup_workspaces/test0_transitive_apply_parallel/dataset/GRScenes_assets/pillow/26b0d77dc07dc4f99996b5e78a14b9be,/cpfs/user/zhuzihou/assets/dedup_workspaces/test0_transitive_apply_parallel/dataset/GRScenes_assets/pillow/26b0d77dc07dc4f99996b5e78a14b9be/usd/26b0d77dc07dc4f99996b5e78a14b9be.usd
pillow,2a2c1cf8be3e71959e7133d0b2adb42b,suspicious,0.066498,0.101166,260,blank;ok;ok;blank,/cpfs/user/zhuzihou/assets/dedup_workspaces/test0_transitive_apply_parallel/dataset/GRScenes_assets/pillow/2a2c1cf8be3e71959e7133d0b2adb42b,/cpfs/user/zhuzihou/assets/dedup_workspaces/test0_transitive_apply_parallel/dataset/GRScenes_assets/pillow/2a2c1cf8be3e71959e7133d0b2adb42b/usd/2a2c1cf8be3e71959e7133d0b2adb42b.usd
pillow,2b0ce4fdf29bdd63b218da6c931589c0,suspicious,0.064663,0.082916,209,tiny;ok;tiny;blank,/cpfs/user/zhuzihou/assets/dedup_workspaces/test0_transitive_apply_parallel/dataset/GRScenes_assets/pillow/2b0ce4fdf29bdd63b218da6c931589c0,/cpfs/user/zhuzihou/assets/dedup_workspaces/test0_transitive_apply_parallel/dataset/GRScenes_assets/pillow/2b0ce4fdf29bdd63b218da6c931589c0/usd/2b0ce4fdf29bdd63b218da6c931589c0.usd
pillow,2e1f8b3377c33411a1c290d727607e9f,suspicious,0.080421,0.117310,261,ok;ok;blank;blank,/cpfs/user/zhuzihou/assets/dedup_workspaces/test0_transitive_apply_parallel/dataset/GRScenes_assets/pillow/2e1f8b3377c33411a1c290d727607e9f,/cpfs/user/zhuzihou/assets/dedup_workspaces/test0_transitive_apply_parallel/dataset/GRScenes_assets/pillow/2e1f8b3377c33411a1c290d727607e9f/usd/2e1f8b3377c33411a1c290d727607e9f.usd
pillow,2e72ae9284dee3fecea5552e73704c55,suspicious,0.066166,0.095272,225,blank;ok;ok;ok,/cpfs/user/zhuzihou/assets/dedup_workspaces/test0_transitive_apply_parallel/dataset/GRScenes_assets/pillow/2e72ae9284dee3fecea5552e73704c55,/cpfs/user/zhuzihou/assets/dedup_workspaces/test0_transitive_apply_parallel/dataset/GRScenes_assets/pillow/2e72ae9284dee3fecea5552e73704c55/usd/2e72ae9284dee3fecea5552e73704c55.usd
pillow,2fa92552b3dc57ffd521db302119bbe0,suspicious,0.092113,0.131416,265,ok;blank;blank;ok,/cpfs/user/zhuzihou/assets/dedup_workspaces/test0_transitive_apply_parallel/dataset/GRScenes_assets/pillow/2fa92552b3dc57ffd521db302119bbe0,/cpfs/user/zhuzihou/assets/dedup_workspaces/test0_transitive_apply_parallel/dataset/GRScenes_assets/pillow/2fa92552b3dc57ffd521db302119bbe0/usd/2fa92552b3dc57ffd521db302119bbe0.usd
pillow,307765b617a9b65d4d6f4f06a3bfba13,suspicious,0.099354,0.141708,251,ok;ok;ok;tiny,/cpfs/user/zhuzihou/assets/dedup_workspaces/test0_transitive_apply_parallel/dataset/GRScenes_assets/pillow/307765b617a9b65d4d6f4f06a3bfba13,/cpfs/user/zhuzihou/assets/dedup_workspaces/test0_transitive_apply_parallel/dataset/GRScenes_assets/pillow/307765b617a9b65d4d6f4f06a3bfba13/usd/307765b617a9b65d4d6f4f06a3bfba13.usd
pillow,31168272d64cf3b8745f2163fc0b7a15,suspicious,0.092728,0.121769,233,ok;ok;ok;blank,/cpfs/user/zhuzihou/assets/dedup_workspaces/test0_transitive_apply_parallel/dataset/GRScenes_assets/pillow/31168272d64cf3b8745f2163fc0b7a15,/cpfs/user/zhuzihou/assets/dedup_workspaces/test0_transitive_apply_parallel/dataset/GRScenes_assets/pillow/31168272d64cf3b8745f2163fc0b7a15/usd/31168272d64cf3b8745f2163fc0b7a15.usd
pillow,31707638a64304240e8dd22914f94531,suspicious,0.089222,0.129883,260,ok;ok;blank;blank,/cpfs/user/zhuzihou/assets/dedup_workspaces/test0_transitive_apply_parallel/dataset/GRScenes_assets/pillow/31707638a64304240e8dd22914f94531,/cpfs/user/zhuzihou/assets/dedup_workspaces/test0_transitive_apply_parallel/dataset/GRScenes_assets/pillow/31707638a64304240e8dd22914f94531/usd/31707638a64304240e8dd22914f94531.usd
pillow,362610a39cb7354a473a3a175e24cd47,suspicious,0.095623,0.149380,252,ok;ok;blank;blank,/cpfs/user/zhuzihou/assets/dedup_workspaces/test0_transitive_apply_parallel/dataset/GRScenes_assets/pillow/362610a39cb7354a473a3a175e24cd47,/cpfs/user/zhuzihou/assets/dedup_workspaces/test0_transitive_apply_parallel/dataset/GRScenes_assets/pillow/362610a39cb7354a473a3a175e24cd47/usd/362610a39cb7354a473a3a175e24cd47.usd
pillow,36720d7a153437a1c12039f1f3348214,suspicious,0.055283,0.090122,178,ok;ok;tiny;ok,/cpfs/user/zhuzihou/assets/dedup_workspaces/test0_transitive_apply_parallel/dataset/GRScenes_assets/pillow/36720d7a153437a1c12039f1f3348214,/cpfs/user/zhuzihou/assets/dedup_workspaces/test0_transitive_apply_parallel/dataset/GRScenes_assets/pillow/36720d7a153437a1c12039f1f3348214/usd/36720d7a153437a1c12039f1f3348214.usd
pillow,3701a1d5befb3a78e748610ca4637d96,suspicious,0.099499,0.147213,295,blank;ok;ok;blank,/cpfs/user/zhuzihou/assets/dedup_workspaces/test0_transitive_apply_parallel/dataset/GRScenes_assets/pillow/3701a1d5befb3a78e748610ca4637d96,/cpfs/user/zhuzihou/assets/dedup_workspaces/test0_transitive_apply_parallel/dataset/GRScenes_assets/pillow/3701a1d5befb3a78e748610ca4637d96/usd/3701a1d5befb3a78e748610ca4637d96.usd
pillow,3784ecbcc61985e172bc921f9aeeac29,suspicious,0.084484,0.107040,258,ok;ok;tiny;blank,/cpfs/user/zhuzihou/assets/dedup_workspaces/test0_transitive_apply_parallel/dataset/GRScenes_assets/pillow/3784ecbcc61985e172bc921f9aeeac29,/cpfs/user/zhuzihou/assets/dedup_workspaces/test0_transitive_apply_parallel/dataset/GRScenes_assets/pillow/3784ecbcc61985e172bc921f9aeeac29/usd/3784ecbcc61985e172bc921f9aeeac29.usd
pillow,3993f35d437b473e5e1fb8c8097a5468,suspicious,0.115864,0.136841,252,ok;ok;blank;ok,/cpfs/user/zhuzihou/assets/dedup_workspaces/test0_transitive_apply_parallel/dataset/GRScenes_assets/pillow/3993f35d437b473e5e1fb8c8097a5468,/cpfs/user/zhuzihou/assets/dedup_workspaces/test0_transitive_apply_parallel/dataset/GRScenes_assets/pillow/3993f35d437b473e5e1fb8c8097a5468/usd/3993f35d437b473e5e1fb8c8097a5468.usd
pillow,39abaf818dbab1eea5e956ce305dc888,suspicious,0.066547,0.115311,229,blank;ok;ok;blank,/cpfs/user/zhuzihou/assets/dedup_workspaces/test0_transitive_apply_parallel/dataset/GRScenes_assets/pillow/39abaf818dbab1eea5e956ce305dc888,/cpfs/user/zhuzihou/assets/dedup_workspaces/test0_transitive_apply_parallel/dataset/GRScenes_assets/pillow/39abaf818dbab1eea5e956ce305dc888/usd/39abaf818dbab1eea5e956ce305dc888.usd
pillow,3a93ffab02d51ef73c8477f27b783ed9,suspicious,0.053791,0.099281,182,tiny;ok;ok;ok,/cpfs/user/zhuzihou/assets/dedup_workspaces/test0_transitive_apply_parallel/dataset/GRScenes_assets/pillow/3a93ffab02d51ef73c8477f27b783ed9,/cpfs/user/zhuzihou/assets/dedup_workspaces/test0_transitive_apply_parallel/dataset/GRScenes_assets/pillow/3a93ffab02d51ef73c8477f27b783ed9/usd/3a93ffab02d51ef73c8477f27b783ed9.usd
pillow,3b2b0f822a8895674c80b773bd921c9a,suspicious,0.064476,0.106224,236,blank;ok;ok;blank,/cpfs/user/zhuzihou/assets/dedup_workspaces/test0_transitive_apply_parallel/dataset/GRScenes_assets/pillow/3b2b0f822a8895674c80b773bd921c9a,/cpfs/user/zhuzihou/assets/dedup_workspaces/test0_transitive_apply_parallel/dataset/GRScenes_assets/pillow/3b2b0f822a8895674c80b773bd921c9a/usd/3b2b0f822a8895674c80b773bd921c9a.usd
pillow,3c79eeec05d84dd6c451bd69994d86b7,suspicious,0.091267,0.121101,222,blank;ok;ok;blank,/cpfs/user/zhuzihou/assets/dedup_workspaces/test0_transitive_apply_parallel/dataset/GRScenes_assets/pillow/3c79eeec05d84dd6c451bd69994d86b7,/cpfs/user/zhuzihou/assets/dedup_workspaces/test0_transitive_apply_parallel/dataset/GRScenes_assets/pillow/3c79eeec05d84dd6c451bd69994d86b7/usd/3c79eeec05d84dd6c451bd69994d86b7.usd
pillow,3d4fa06b586340efc81ab845353b3df3,suspicious,0.095058,0.167267,280,blank;ok;ok;blank,/cpfs/user/zhuzihou/assets/dedup_workspaces/test0_transitive_apply_parallel/dataset/GRScenes_assets/pillow/3d4fa06b586340efc81ab845353b3df3,/cpfs/user/zhuzihou/assets/dedup_workspaces/test0_transitive_apply_parallel/dataset/GRScenes_assets/pillow/3d4fa06b586340efc81ab845353b3df3/usd/3d4fa06b586340efc81ab845353b3df3.usd
pillow,3e6a850276032d5baec20a52a19f2c9c,suspicious,0.091949,0.135498,274,blank;ok;ok;blank,/cpfs/user/zhuzihou/assets/dedup_workspaces/test0_transitive_apply_parallel/dataset/GRScenes_assets/pillow/3e6a850276032d5baec20a52a19f2c9c,/cpfs/user/zhuzihou/assets/dedup_workspaces/test0_transitive_apply_parallel/dataset/GRScenes_assets/pillow/3e6a850276032d5baec20a52a19f2c9c/usd/3e6a850276032d5baec20a52a19f2c9c.usd
pillow,3ead3806c247e4c6a2b01a6cec4815c0,suspicious,0.089516,0.111427,254,ok;ok;blank;blank,/cpfs/user/zhuzihou/assets/dedup_workspaces/test0_transitive_apply_parallel/dataset/GRScenes_assets/pillow/3ead3806c247e4c6a2b01a6cec4815c0,/cpfs/user/zhuzihou/assets/dedup_workspaces/test0_transitive_apply_parallel/dataset/GRScenes_assets/pillow/3ead3806c247e4c6a2b01a6cec4815c0/usd/3ead3806c247e4c6a2b01a6cec4815c0.usd
pillow,3f043ac5fcceef58d5d368b1653d9615,suspicious,0.077229,0.100830,236,blank;ok;ok;blank,/cpfs/user/zhuzihou/assets/dedup_workspaces/test0_transitive_apply_parallel/dataset/GRScenes_assets/pillow/3f043ac5fcceef58d5d368b1653d9615,/cpfs/user/zhuzihou/assets/dedup_workspaces/test0_transitive_apply_parallel/dataset/GRScenes_assets/pillow/3f043ac5fcceef58d5d368b1653d9615/usd/3f043ac5fcceef58d5d368b1653d9615.usd
pillow,3f2d9a217acae05dc8b817a288545569,suspicious,0.092331,0.109154,251,ok;ok;ok;blank,/cpfs/user/zhuzihou/assets/dedup_workspaces/test0_transitive_apply_parallel/dataset/GRScenes_assets/pillow/3f2d9a217acae05dc8b817a288545569,/cpfs/user/zhuzihou/assets/dedup_workspaces/test0_transitive_apply_parallel/dataset/GRScenes_assets/pillow/3f2d9a217acae05dc8b817a288545569/usd/3f2d9a217acae05dc8b817a288545569.usd
pillow,42a68f6e844c34cbd4d50787fe3a1bb1,suspicious,0.065048,0.076717,221,blank;ok;ok;blank,/cpfs/user/zhuzihou/assets/dedup_workspaces/test0_transitive_apply_parallel/dataset/GRScenes_assets/pillow/42a68f6e844c34cbd4d50787fe3a1bb1,/cpfs/user/zhuzihou/assets/dedup_workspaces/test0_transitive_apply_parallel/dataset/GRScenes_assets/pillow/42a68f6e844c34cbd4d50787fe3a1bb1/usd/42a68f6e844c34cbd4d50787fe3a1bb1.usd
pillow,42bbaaeaf8ecbf5ffbd570c54bc9a0b9,suspicious,0.077000,0.113140,223,blank;ok;ok;blank,/cpfs/user/zhuzihou/assets/dedup_workspaces/test0_transitive_apply_parallel/dataset/GRScenes_assets/pillow/42bbaaeaf8ecbf5ffbd570c54bc9a0b9,/cpfs/user/zhuzihou/assets/dedup_workspaces/test0_transitive_apply_parallel/dataset/GRScenes_assets/pillow/42bbaaeaf8ecbf5ffbd570c54bc9a0b9/usd/42bbaaeaf8ecbf5ffbd570c54bc9a0b9.usd
pillow,438d65570898a80b7b3c362e016849ef,suspicious,0.119793,0.164246,320,ok;ok;blank;blank,/cpfs/user/zhuzihou/assets/dedup_workspaces/test0_transitive_apply_parallel/dataset/GRScenes_assets/pillow/438d65570898a80b7b3c362e016849ef,/cpfs/user/zhuzihou/assets/dedup_workspaces/test0_transitive_apply_parallel/dataset/GRScenes_assets/pillow/438d65570898a80b7b3c362e016849ef/usd/438d65570898a80b7b3c362e016849ef.usd
pillow,43b34d1be8bc45e1920edbf110652cf3,suspicious,0.103226,0.144043,236,ok;ok;ok;blank,/cpfs/user/zhuzihou/assets/dedup_workspaces/test0_transitive_apply_parallel/dataset/GRScenes_assets/pillow/43b34d1be8bc45e1920edbf110652cf3,/cpfs/user/zhuzihou/assets/dedup_workspaces/test0_transitive_apply_parallel/dataset/GRScenes_assets/pillow/43b34d1be8bc45e1920edbf110652cf3/usd/43b34d1be8bc45e1920edbf110652cf3.usd
pillow,43f94e84e07438ff0594bd026f330297,suspicious,0.056786,0.088226,250,blank;ok;ok;blank,/cpfs/user/zhuzihou/assets/dedup_workspaces/test0_transitive_apply_parallel/dataset/GRScenes_assets/pillow/43f94e84e07438ff0594bd026f330297,/cpfs/user/zhuzihou/assets/dedup_workspaces/test0_transitive_apply_parallel/dataset/GRScenes_assets/pillow/43f94e84e07438ff0594bd026f330297/usd/43f94e84e07438ff0594bd026f330297.usd
pillow,44564aa1fcfdc67386fe411a113140bc,suspicious,0.093830,0.109749,210,ok;ok;blank;blank,/cpfs/user/zhuzihou/assets/dedup_workspaces/test0_transitive_apply_parallel/dataset/GRScenes_assets/pillow/44564aa1fcfdc67386fe411a113140bc,/cpfs/user/zhuzihou/assets/dedup_workspaces/test0_transitive_apply_parallel/dataset/GRScenes_assets/pillow/44564aa1fcfdc67386fe411a113140bc/usd/44564aa1fcfdc67386fe411a113140bc.usd
pillow,44f9832497def69ec57f6c8680dc9b89,suspicious,0.126888,0.181850,305,ok;ok;tiny;tiny,/cpfs/user/zhuzihou/assets/dedup_workspaces/test0_transitive_apply_parallel/dataset/GRScenes_assets/pillow/44f9832497def69ec57f6c8680dc9b89,/cpfs/user/zhuzihou/assets/dedup_workspaces/test0_transitive_apply_parallel/dataset/GRScenes_assets/pillow/44f9832497def69ec57f6c8680dc9b89/usd/44f9832497def69ec57f6c8680dc9b89.usd
pillow,4544441f9d13bff073c83f34f934ce6d,suspicious,0.097713,0.158981,295,ok;ok;blank;blank,/cpfs/user/zhuzihou/assets/dedup_workspaces/test0_transitive_apply_parallel/dataset/GRScenes_assets/pillow/4544441f9d13bff073c83f34f934ce6d,/cpfs/user/zhuzihou/assets/dedup_workspaces/test0_transitive_apply_parallel/dataset/GRScenes_assets/pillow/4544441f9d13bff073c83f34f934ce6d/usd/4544441f9d13bff073c83f34f934ce6d.usd
pillow,46a9ab367839983e7cf70621bd98094c,suspicious,0.097267,0.138885,285,blank;ok;ok;blank,/cpfs/user/zhuzihou/assets/dedup_workspaces/test0_transitive_apply_parallel/dataset/GRScenes_assets/pillow/46a9ab367839983e7cf70621bd98094c,/cpfs/user/zhuzihou/assets/dedup_workspaces/test0_transitive_apply_parallel/dataset/GRScenes_assets/pillow/46a9ab367839983e7cf70621bd98094c/usd/46a9ab367839983e7cf70621bd98094c.usd
pillow,46b210690e6bdc3f4278dcb757aef996,suspicious,0.116692,0.132011,242,blank;ok;ok;blank,/cpfs/user/zhuzihou/assets/dedup_workspaces/test0_transitive_apply_parallel/dataset/GRScenes_assets/pillow/46b210690e6bdc3f4278dcb757aef996,/cpfs/user/zhuzihou/assets/dedup_workspaces/test0_transitive_apply_parallel/dataset/GRScenes_assets/pillow/46b210690e6bdc3f4278dcb757aef996/usd/46b210690e6bdc3f4278dcb757aef996.usd
pillow,4742c2912c2c54272ddb355ee379871e,suspicious,0.037086,0.067642,143,blank;ok;ok;blank,/cpfs/user/zhuzihou/assets/dedup_workspaces/test0_transitive_apply_parallel/dataset/GRScenes_assets/pillow/4742c2912c2c54272ddb355ee379871e,/cpfs/user/zhuzihou/assets/dedup_workspaces/test0_transitive_apply_parallel/dataset/GRScenes_assets/pillow/4742c2912c2c54272ddb355ee379871e/usd/4742c2912c2c54272ddb355ee379871e.usd
pillow,484a6ca68767f521147b453b598544b5,suspicious,0.078167,0.115356,243,blank;ok;ok;blank,/cpfs/user/zhuzihou/assets/dedup_workspaces/test0_transitive_apply_parallel/dataset/GRScenes_assets/pillow/484a6ca68767f521147b453b598544b5,/cpfs/user/zhuzihou/assets/dedup_workspaces/test0_transitive_apply_parallel/dataset/GRScenes_assets/pillow/484a6ca68767f521147b453b598544b5/usd/484a6ca68767f521147b453b598544b5.usd
pillow,49e324c9354edb82f7c5dc999b8aa97a,suspicious,0.056290,0.059280,259,blank;ok;ok;blank,/cpfs/user/zhuzihou/assets/dedup_workspaces/test0_transitive_apply_parallel/dataset/GRScenes_assets/pillow/49e324c9354edb82f7c5dc999b8aa97a,/cpfs/user/zhuzihou/assets/dedup_workspaces/test0_transitive_apply_parallel/dataset/GRScenes_assets/pillow/49e324c9354edb82f7c5dc999b8aa97a/usd/49e324c9354edb82f7c5dc999b8aa97a.usd
pillow,4a46e05dcfed06af58b52f1fc9edf48e,suspicious,0.098030,0.158905,264,blank;ok;ok;blank,/cpfs/user/zhuzihou/assets/dedup_workspaces/test0_transitive_apply_parallel/dataset/GRScenes_assets/pillow/4a46e05dcfed06af58b52f1fc9edf48e,/cpfs/user/zhuzihou/assets/dedup_workspaces/test0_transitive_apply_parallel/dataset/GRScenes_assets/pillow/4a46e05dcfed06af58b52f1fc9edf48e/usd/4a46e05dcfed06af58b52f1fc9edf48e.usd
pillow,4afb557e4b28a12324ae59ac8d0f2b20,suspicious,0.082176,0.104248,244,ok;ok;ok;blank,/cpfs/user/zhuzihou/assets/dedup_workspaces/test0_transitive_apply_parallel/dataset/GRScenes_assets/pillow/4afb557e4b28a12324ae59ac8d0f2b20,/cpfs/user/zhuzihou/assets/dedup_workspaces/test0_transitive_apply_parallel/dataset/GRScenes_assets/pillow/4afb557e4b28a12324ae59ac8d0f2b20/usd/4afb557e4b28a12324ae59ac8d0f2b20.usd
pillow,4b0aa5c0a2ef6b8017140b27c67748f0,suspicious,0.068848,0.085487,270,ok;ok;ok;blank,/cpfs/user/zhuzihou/assets/dedup_workspaces/test0_transitive_apply_parallel/dataset/GRScenes_assets/pillow/4b0aa5c0a2ef6b8017140b27c67748f0,/cpfs/user/zhuzihou/assets/dedup_workspaces/test0_transitive_apply_parallel/dataset/GRScenes_assets/pillow/4b0aa5c0a2ef6b8017140b27c67748f0/usd/4b0aa5c0a2ef6b8017140b27c67748f0.usd
pillow,4b9a41508822342c0957300482057d79,suspicious,0.083099,0.128563,246,blank;ok;ok;blank,/cpfs/user/zhuzihou/assets/dedup_workspaces/test0_transitive_apply_parallel/dataset/GRScenes_assets/pillow/4b9a41508822342c0957300482057d79,/cpfs/user/zhuzihou/assets/dedup_workspaces/test0_transitive_apply_parallel/dataset/GRScenes_assets/pillow/4b9a41508822342c0957300482057d79/usd/4b9a41508822342c0957300482057d79.usd
pillow,4c936b5dab7faf15395b5a6e3a494593,suspicious,0.142826,0.173035,306,ok;ok;blank;blank,/cpfs/user/zhuzihou/assets/dedup_workspaces/test0_transitive_apply_parallel/dataset/GRScenes_assets/pillow/4c936b5dab7faf15395b5a6e3a494593,/cpfs/user/zhuzihou/assets/dedup_workspaces/test0_transitive_apply_parallel/dataset/GRScenes_assets/pillow/4c936b5dab7faf15395b5a6e3a494593/usd/4c936b5dab7faf15395b5a6e3a494593.usd
pillow,4ded23602a5a37f4cdbeb5a18d12fb4a,suspicious,0.065201,0.099548,243,tiny;ok;ok;tiny,/cpfs/user/zhuzihou/assets/dedup_workspaces/test0_transitive_apply_parallel/dataset/GRScenes_assets/pillow/4ded23602a5a37f4cdbeb5a18d12fb4a,/cpfs/user/zhuzihou/assets/dedup_workspaces/test0_transitive_apply_parallel/dataset/GRScenes_assets/pillow/4ded23602a5a37f4cdbeb5a18d12fb4a/usd/4ded23602a5a37f4cdbeb5a18d12fb4a.usd
pillow,4e5b4b9f0b9261402e405441e602edec,suspicious,0.083897,0.133789,273,blank;ok;ok;blank,/cpfs/user/zhuzihou/assets/dedup_workspaces/test0_transitive_apply_parallel/dataset/GRScenes_assets/pillow/4e5b4b9f0b9261402e405441e602edec,/cpfs/user/zhuzihou/assets/dedup_workspaces/test0_transitive_apply_parallel/dataset/GRScenes_assets/pillow/4e5b4b9f0b9261402e405441e602edec/usd/4e5b4b9f0b9261402e405441e602edec.usd
pillow,4e7b782d5b87e30114f83818b3e9186c,suspicious,0.098179,0.157093,266,blank;ok;ok;blank,/cpfs/user/zhuzihou/assets/dedup_workspaces/test0_transitive_apply_parallel/dataset/GRScenes_assets/pillow/4e7b782d5b87e30114f83818b3e9186c,/cpfs/user/zhuzihou/assets/dedup_workspaces/test0_transitive_apply_parallel/dataset/GRScenes_assets/pillow/4e7b782d5b87e30114f83818b3e9186c/usd/4e7b782d5b87e30114f83818b3e9186c.usd
pillow,4ee23c23739274d8957962b84725e695,suspicious,0.083645,0.144356,273,blank;ok;ok;blank,/cpfs/user/zhuzihou/assets/dedup_workspaces/test0_transitive_apply_parallel/dataset/GRScenes_assets/pillow/4ee23c23739274d8957962b84725e695,/cpfs/user/zhuzihou/assets/dedup_workspaces/test0_transitive_apply_parallel/dataset/GRScenes_assets/pillow/4ee23c23739274d8957962b84725e695/usd/4ee23c23739274d8957962b84725e695.usd
pillow,507c7101f7e40b6e8688717a3e27aa4f,suspicious,0.097816,0.116318,238,ok;ok;blank;blank,/cpfs/user/zhuzihou/assets/dedup_workspaces/test0_transitive_apply_parallel/dataset/GRScenes_assets/pillow/507c7101f7e40b6e8688717a3e27aa4f,/cpfs/user/zhuzihou/assets/dedup_workspaces/test0_transitive_apply_parallel/dataset/GRScenes_assets/pillow/507c7101f7e40b6e8688717a3e27aa4f/usd/507c7101f7e40b6e8688717a3e27aa4f.usd
pillow,510fb2dabd6c1556608742a8370cf471,suspicious,0.065971,0.107971,232,ok;ok;blank;blank,/cpfs/user/zhuzihou/assets/dedup_workspaces/test0_transitive_apply_parallel/dataset/GRScenes_assets/pillow/510fb2dabd6c1556608742a8370cf471,/cpfs/user/zhuzihou/assets/dedup_workspaces/test0_transitive_apply_parallel/dataset/GRScenes_assets/pillow/510fb2dabd6c1556608742a8370cf471/usd/510fb2dabd6c1556608742a8370cf471.usd
pillow,51e3d0a4a6eb87785ec82f578b66cea0,suspicious,0.077011,0.111511,247,blank;ok;ok;blank,/cpfs/user/zhuzihou/assets/dedup_workspaces/test0_transitive_apply_parallel/dataset/GRScenes_assets/pillow/51e3d0a4a6eb87785ec82f578b66cea0,/cpfs/user/zhuzihou/assets/dedup_workspaces/test0_transitive_apply_parallel/dataset/GRScenes_assets/pillow/51e3d0a4a6eb87785ec82f578b66cea0/usd/51e3d0a4a6eb87785ec82f578b66cea0.usd
pillow,548b923cbfe03c1bd6e4b8c1216e5d34,suspicious,0.113724,0.152588,250,ok;ok;blank;blank,/cpfs/user/zhuzihou/assets/dedup_workspaces/test0_transitive_apply_parallel/dataset/GRScenes_assets/pillow/548b923cbfe03c1bd6e4b8c1216e5d34,/cpfs/user/zhuzihou/assets/dedup_workspaces/test0_transitive_apply_parallel/dataset/GRScenes_assets/pillow/548b923cbfe03c1bd6e4b8c1216e5d34/usd/548b923cbfe03c1bd6e4b8c1216e5d34.usd
pillow,56a9405077a72cbbfb15c5598decf29d,suspicious,0.088150,0.120029,217,blank;ok;tiny;blank,/cpfs/user/zhuzihou/assets/dedup_workspaces/test0_transitive_apply_parallel/dataset/GRScenes_assets/pillow/56a9405077a72cbbfb15c5598decf29d,/cpfs/user/zhuzihou/assets/dedup_workspaces/test0_transitive_apply_parallel/dataset/GRScenes_assets/pillow/56a9405077a72cbbfb15c5598decf29d/usd/56a9405077a72cbbfb15c5598decf29d.usd
pillow,57162ac641828a1bd46171b5d35a2d52,suspicious,1.000000,1.000000,512,blank;ok;ok;ok,/cpfs/user/zhuzihou/assets/dedup_workspaces/test0_transitive_apply_parallel/dataset/GRScenes_assets/pillow/57162ac641828a1bd46171b5d35a2d52,/cpfs/user/zhuzihou/assets/dedup_workspaces/test0_transitive_apply_parallel/dataset/GRScenes_assets/pillow/57162ac641828a1bd46171b5d35a2d52/usd/57162ac641828a1bd46171b5d35a2d52.usd
pillow,577cc6b6172b68aaf118582106053c1d,suspicious,0.060532,0.078201,250,tiny;ok;ok;blank,/cpfs/user/zhuzihou/assets/dedup_workspaces/test0_transitive_apply_parallel/dataset/GRScenes_assets/pillow/577cc6b6172b68aaf118582106053c1d,/cpfs/user/zhuzihou/assets/dedup_workspaces/test0_transitive_apply_parallel/dataset/GRScenes_assets/pillow/577cc6b6172b68aaf118582106053c1d/usd/577cc6b6172b68aaf118582106053c1d.usd
pillow,58b316b54129b512d7ab31a039f3f054,suspicious,0.121510,0.174477,310,blank;ok;ok;blank,/cpfs/user/zhuzihou/assets/dedup_workspaces/test0_transitive_apply_parallel/dataset/GRScenes_assets/pillow/58b316b54129b512d7ab31a039f3f054,/cpfs/user/zhuzihou/assets/dedup_workspaces/test0_transitive_apply_parallel/dataset/GRScenes_assets/pillow/58b316b54129b512d7ab31a039f3f054/usd/58b316b54129b512d7ab31a039f3f054.usd
pillow,5982bb56d625fb1c6ef799e9b8fa0a37,suspicious,0.045292,0.070759,238,blank;ok;ok;blank,/cpfs/user/zhuzihou/assets/dedup_workspaces/test0_transitive_apply_parallel/dataset/GRScenes_assets/pillow/5982bb56d625fb1c6ef799e9b8fa0a37,/cpfs/user/zhuzihou/assets/dedup_workspaces/test0_transitive_apply_parallel/dataset/GRScenes_assets/pillow/5982bb56d625fb1c6ef799e9b8fa0a37/usd/5982bb56d625fb1c6ef799e9b8fa0a37.usd
pillow,599d7820bacb35127953f0b16c197b5a,suspicious,0.065136,0.088280,203,ok;ok;ok;blank,/cpfs/user/zhuzihou/assets/dedup_workspaces/test0_transitive_apply_parallel/dataset/GRScenes_assets/pillow/599d7820bacb35127953f0b16c197b5a,/cpfs/user/zhuzihou/assets/dedup_workspaces/test0_transitive_apply_parallel/dataset/GRScenes_assets/pillow/599d7820bacb35127953f0b16c197b5a/usd/599d7820bacb35127953f0b16c197b5a.usd
pillow,59b698b2bde6d36696767db681cdd14c,suspicious,0.094250,0.163948,274,blank;ok;ok;blank,/cpfs/user/zhuzihou/assets/dedup_workspaces/test0_transitive_apply_parallel/dataset/GRScenes_assets/pillow/59b698b2bde6d36696767db681cdd14c,/cpfs/user/zhuzihou/assets/dedup_workspaces/test0_transitive_apply_parallel/dataset/GRScenes_assets/pillow/59b698b2bde6d36696767db681cdd14c/usd/59b698b2bde6d36696767db681cdd14c.usd
pillow,5a2bbe607ad465ff27967f141375bff5,suspicious,0.070862,0.109356,285,ok;ok;blank;blank,/cpfs/user/zhuzihou/assets/dedup_workspaces/test0_transitive_apply_parallel/dataset/GRScenes_assets/pillow/5a2bbe607ad465ff27967f141375bff5,/cpfs/user/zhuzihou/assets/dedup_workspaces/test0_transitive_apply_parallel/dataset/GRScenes_assets/pillow/5a2bbe607ad465ff27967f141375bff5/usd/5a2bbe607ad465ff27967f141375bff5.usd
pillow,5a8690578e2d5659fc856be9c9a07937,suspicious,0.098785,0.121078,248,tiny;ok;ok;blank,/cpfs/user/zhuzihou/assets/dedup_workspaces/test0_transitive_apply_parallel/dataset/GRScenes_assets/pillow/5a8690578e2d5659fc856be9c9a07937,/cpfs/user/zhuzihou/assets/dedup_workspaces/test0_transitive_apply_parallel/dataset/GRScenes_assets/pillow/5a8690578e2d5659fc856be9c9a07937/usd/5a8690578e2d5659fc856be9c9a07937.usd
pillow,5c925e451cfe2fc1f0eb0cd82490f9d5,suspicious,0.103550,0.125122,208,ok;ok;tiny;blank,/cpfs/user/zhuzihou/assets/dedup_workspaces/test0_transitive_apply_parallel/dataset/GRScenes_assets/pillow/5c925e451cfe2fc1f0eb0cd82490f9d5,/cpfs/user/zhuzihou/assets/dedup_workspaces/test0_transitive_apply_parallel/dataset/GRScenes_assets/pillow/5c925e451cfe2fc1f0eb0cd82490f9d5/usd/5c925e451cfe2fc1f0eb0cd82490f9d5.usd
pillow,5e98d6952a4ab76ea479fa1d1e6a6412,suspicious,0.085995,0.121117,264,ok;ok;tiny;tiny,/cpfs/user/zhuzihou/assets/dedup_workspaces/test0_transitive_apply_parallel/dataset/GRScenes_assets/pillow/5e98d6952a4ab76ea479fa1d1e6a6412,/cpfs/user/zhuzihou/assets/dedup_workspaces/test0_transitive_apply_parallel/dataset/GRScenes_assets/pillow/5e98d6952a4ab76ea479fa1d1e6a6412/usd/5e98d6952a4ab76ea479fa1d1e6a6412.usd
pillow,5ed9c7ad60b90596a1c78917753d9f0f,suspicious,0.064037,0.119202,186,blank;ok;blank;blank,/cpfs/user/zhuzihou/assets/dedup_workspaces/test0_transitive_apply_parallel/dataset/GRScenes_assets/pillow/5ed9c7ad60b90596a1c78917753d9f0f,/cpfs/user/zhuzihou/assets/dedup_workspaces/test0_transitive_apply_parallel/dataset/GRScenes_assets/pillow/5ed9c7ad60b90596a1c78917753d9f0f/usd/5ed9c7ad60b90596a1c78917753d9f0f.usd
pillow,5f318bcd642cfff7209fa92cabd81258,suspicious,0.094997,0.168125,264,ok;ok;blank;blank,/cpfs/user/zhuzihou/assets/dedup_workspaces/test0_transitive_apply_parallel/dataset/GRScenes_assets/pillow/5f318bcd642cfff7209fa92cabd81258,/cpfs/user/zhuzihou/assets/dedup_workspaces/test0_transitive_apply_parallel/dataset/GRScenes_assets/pillow/5f318bcd642cfff7209fa92cabd81258/usd/5f318bcd642cfff7209fa92cabd81258.usd
pillow,5fc333e724480c0bb6bf2266eecc5d9d,suspicious,0.093876,0.162888,271,blank;ok;ok;blank,/cpfs/user/zhuzihou/assets/dedup_workspaces/test0_transitive_apply_parallel/dataset/GRScenes_assets/pillow/5fc333e724480c0bb6bf2266eecc5d9d,/cpfs/user/zhuzihou/assets/dedup_workspaces/test0_transitive_apply_parallel/dataset/GRScenes_assets/pillow/5fc333e724480c0bb6bf2266eecc5d9d/usd/5fc333e724480c0bb6bf2266eecc5d9d.usd
pillow,6088e3dd4527047a5ed62e1c9b9fb02a,suspicious,0.050743,0.074570,236,ok;ok;blank;blank,/cpfs/user/zhuzihou/assets/dedup_workspaces/test0_transitive_apply_parallel/dataset/GRScenes_assets/pillow/6088e3dd4527047a5ed62e1c9b9fb02a,/cpfs/user/zhuzihou/assets/dedup_workspaces/test0_transitive_apply_parallel/dataset/GRScenes_assets/pillow/6088e3dd4527047a5ed62e1c9b9fb02a/usd/6088e3dd4527047a5ed62e1c9b9fb02a.usd
pillow,60f795b028efbf159dbbf06a7ea3963f,suspicious,0.057873,0.090412,221,ok;ok;ok;blank,/cpfs/user/zhuzihou/assets/dedup_workspaces/test0_transitive_apply_parallel/dataset/GRScenes_assets/pillow/60f795b028efbf159dbbf06a7ea3963f,/cpfs/user/zhuzihou/assets/dedup_workspaces/test0_transitive_apply_parallel/dataset/GRScenes_assets/pillow/60f795b028efbf159dbbf06a7ea3963f/usd/60f795b028efbf159dbbf06a7ea3963f.usd
pillow,6135b53bbb38d2d382474513a027c11f,suspicious,0.065346,0.082474,230,ok;ok;blank;blank,/cpfs/user/zhuzihou/assets/dedup_workspaces/test0_transitive_apply_parallel/dataset/GRScenes_assets/pillow/6135b53bbb38d2d382474513a027c11f,/cpfs/user/zhuzihou/assets/dedup_workspaces/test0_transitive_apply_parallel/dataset/GRScenes_assets/pillow/6135b53bbb38d2d382474513a027c11f/usd/6135b53bbb38d2d382474513a027c11f.usd
pillow,624b3eaae6be8b754535d63d4270f09e,suspicious,0.121986,0.194412,316,ok;ok;blank;tiny,/cpfs/user/zhuzihou/assets/dedup_workspaces/test0_transitive_apply_parallel/dataset/GRScenes_assets/pillow/624b3eaae6be8b754535d63d4270f09e,/cpfs/user/zhuzihou/assets/dedup_workspaces/test0_transitive_apply_parallel/dataset/GRScenes_assets/pillow/624b3eaae6be8b754535d63d4270f09e/usd/624b3eaae6be8b754535d63d4270f09e.usd
pillow,63b1de4768cf2c3b8210a8b37dd7ef0c,suspicious,0.088669,0.110321,241,ok;ok;blank;blank,/cpfs/user/zhuzihou/assets/dedup_workspaces/test0_transitive_apply_parallel/dataset/GRScenes_assets/pillow/63b1de4768cf2c3b8210a8b37dd7ef0c,/cpfs/user/zhuzihou/assets/dedup_workspaces/test0_transitive_apply_parallel/dataset/GRScenes_assets/pillow/63b1de4768cf2c3b8210a8b37dd7ef0c/usd/63b1de4768cf2c3b8210a8b37dd7ef0c.usd
pillow,642b5371d1b6c702f49725aca8eafc6f,suspicious,0.105343,0.147400,276,blank;ok;ok;blank,/cpfs/user/zhuzihou/assets/dedup_workspaces/test0_transitive_apply_parallel/dataset/GRScenes_assets/pillow/642b5371d1b6c702f49725aca8eafc6f,/cpfs/user/zhuzihou/assets/dedup_workspaces/test0_transitive_apply_parallel/dataset/GRScenes_assets/pillow/642b5371d1b6c702f49725aca8eafc6f/usd/642b5371d1b6c702f49725aca8eafc6f.usd
pillow,652310f64be49b0e763338c32544dceb,suspicious,0.104576,0.125732,206,ok;ok;ok;blank,/cpfs/user/zhuzihou/assets/dedup_workspaces/test0_transitive_apply_parallel/dataset/GRScenes_assets/pillow/652310f64be49b0e763338c32544dceb,/cpfs/user/zhuzihou/assets/dedup_workspaces/test0_transitive_apply_parallel/dataset/GRScenes_assets/pillow/652310f64be49b0e763338c32544dceb/usd/652310f64be49b0e763338c32544dceb.usd
pillow,680339723055ce6a1be68a6aa32f8727,suspicious,0.097683,0.123047,243,ok;ok;blank;blank,/cpfs/user/zhuzihou/assets/dedup_workspaces/test0_transitive_apply_parallel/dataset/GRScenes_assets/pillow/680339723055ce6a1be68a6aa32f8727,/cpfs/user/zhuzihou/assets/dedup_workspaces/test0_transitive_apply_parallel/dataset/GRScenes_assets/pillow/680339723055ce6a1be68a6aa32f8727/usd/680339723055ce6a1be68a6aa32f8727.usd
pillow,680b6f67a632b6f49b334af530e452e1,suspicious,0.098148,0.126869,279,ok;ok;ok;blank,/cpfs/user/zhuzihou/assets/dedup_workspaces/test0_transitive_apply_parallel/dataset/GRScenes_assets/pillow/680b6f67a632b6f49b334af530e452e1,/cpfs/user/zhuzihou/assets/dedup_workspaces/test0_transitive_apply_parallel/dataset/GRScenes_assets/pillow/680b6f67a632b6f49b334af530e452e1/usd/680b6f67a632b6f49b334af530e452e1.usd
pillow,68e9c1af8bcdccc3e1f0e0c407432a38,suspicious,0.108063,0.141701,246,ok;ok;blank;blank,/cpfs/user/zhuzihou/assets/dedup_workspaces/test0_transitive_apply_parallel/dataset/GRScenes_assets/pillow/68e9c1af8bcdccc3e1f0e0c407432a38,/cpfs/user/zhuzihou/assets/dedup_workspaces/test0_transitive_apply_parallel/dataset/GRScenes_assets/pillow/68e9c1af8bcdccc3e1f0e0c407432a38/usd/68e9c1af8bcdccc3e1f0e0c407432a38.usd
pillow,68f2be38ee8de34a97e845b9bf085e66,suspicious,0.102547,0.116718,217,tiny;ok;ok;blank,/cpfs/user/zhuzihou/assets/dedup_workspaces/test0_transitive_apply_parallel/dataset/GRScenes_assets/pillow/68f2be38ee8de34a97e845b9bf085e66,/cpfs/user/zhuzihou/assets/dedup_workspaces/test0_transitive_apply_parallel/dataset/GRScenes_assets/pillow/68f2be38ee8de34a97e845b9bf085e66/usd/68f2be38ee8de34a97e845b9bf085e66.usd
pillow,6a79841bc20eef7703d8f43e6d63b432,suspicious,0.118229,0.177383,299,blank;ok;ok;blank,/cpfs/user/zhuzihou/assets/dedup_workspaces/test0_transitive_apply_parallel/dataset/GRScenes_assets/pillow/6a79841bc20eef7703d8f43e6d63b432,/cpfs/user/zhuzihou/assets/dedup_workspaces/test0_transitive_apply_parallel/dataset/GRScenes_assets/pillow/6a79841bc20eef7703d8f43e6d63b432/usd/6a79841bc20eef7703d8f43e6d63b432.usd
pillow,6b60e46a0e2fc2e93f8a36f59af5c335,suspicious,0.054333,0.075115,203,ok;ok;ok;blank,/cpfs/user/zhuzihou/assets/dedup_workspaces/test0_transitive_apply_parallel/dataset/GRScenes_assets/pillow/6b60e46a0e2fc2e93f8a36f59af5c335,/cpfs/user/zhuzihou/assets/dedup_workspaces/test0_transitive_apply_parallel/dataset/GRScenes_assets/pillow/6b60e46a0e2fc2e93f8a36f59af5c335/usd/6b60e46a0e2fc2e93f8a36f59af5c335.usd
pillow,6bc984639e5df2655d854d3da8a714e5,suspicious,0.086060,0.097412,228,ok;ok;blank;blank,/cpfs/user/zhuzihou/assets/dedup_workspaces/test0_transitive_apply_parallel/dataset/GRScenes_assets/pillow/6bc984639e5df2655d854d3da8a714e5,/cpfs/user/zhuzihou/assets/dedup_workspaces/test0_transitive_apply_parallel/dataset/GRScenes_assets/pillow/6bc984639e5df2655d854d3da8a714e5/usd/6bc984639e5df2655d854d3da8a714e5.usd
pillow,6e38d8bf4a3ebcd76679ec8e95af4b26,suspicious,0.084644,0.124786,245,blank;blank;ok;ok,/cpfs/user/zhuzihou/assets/dedup_workspaces/test0_transitive_apply_parallel/dataset/GRScenes_assets/pillow/6e38d8bf4a3ebcd76679ec8e95af4b26,/cpfs/user/zhuzihou/assets/dedup_workspaces/test0_transitive_apply_parallel/dataset/GRScenes_assets/pillow/6e38d8bf4a3ebcd76679ec8e95af4b26/usd/6e38d8bf4a3ebcd76679ec8e95af4b26.usd
pillow,6e925b4948a0b4ce759d7d20a50cdc34,suspicious,0.115631,0.175652,320,ok;ok;blank;blank,/cpfs/user/zhuzihou/assets/dedup_workspaces/test0_transitive_apply_parallel/dataset/GRScenes_assets/pillow/6e925b4948a0b4ce759d7d20a50cdc34,/cpfs/user/zhuzihou/assets/dedup_workspaces/test0_transitive_apply_parallel/dataset/GRScenes_assets/pillow/6e925b4948a0b4ce759d7d20a50cdc34/usd/6e925b4948a0b4ce759d7d20a50cdc34.usd
pillow,6f7bf782c2408244e922784ba32ac99e,suspicious,0.098175,0.157093,266,blank;ok;ok;blank,/cpfs/user/zhuzihou/assets/dedup_workspaces/test0_transitive_apply_parallel/dataset/GRScenes_assets/pillow/6f7bf782c2408244e922784ba32ac99e,/cpfs/user/zhuzihou/assets/dedup_workspaces/test0_transitive_apply_parallel/dataset/GRScenes_assets/pillow/6f7bf782c2408244e922784ba32ac99e/usd/6f7bf782c2408244e922784ba32ac99e.usd
pillow,6ff9fe2c7f1b659a7989e2b07482c230,suspicious,0.087318,0.113297,198,ok;ok;ok;blank,/cpfs/user/zhuzihou/assets/dedup_workspaces/test0_transitive_apply_parallel/dataset/GRScenes_assets/pillow/6ff9fe2c7f1b659a7989e2b07482c230,/cpfs/user/zhuzihou/assets/dedup_workspaces/test0_transitive_apply_parallel/dataset/GRScenes_assets/pillow/6ff9fe2c7f1b659a7989e2b07482c230/usd/6ff9fe2c7f1b659a7989e2b07482c230.usd
pillow,7122612de6fcd8a488e0b952814a54f9,suspicious,0.075893,0.117264,212,blank;ok;tiny;blank,/cpfs/user/zhuzihou/assets/dedup_workspaces/test0_transitive_apply_parallel/dataset/GRScenes_assets/pillow/7122612de6fcd8a488e0b952814a54f9,/cpfs/user/zhuzihou/assets/dedup_workspaces/test0_transitive_apply_parallel/dataset/GRScenes_assets/pillow/7122612de6fcd8a488e0b952814a54f9/usd/7122612de6fcd8a488e0b952814a54f9.usd
pillow,7189e678adde526577c18f3bbfcec572,suspicious,0.055698,0.094002,232,blank;ok;ok;blank,/cpfs/user/zhuzihou/assets/dedup_workspaces/test0_transitive_apply_parallel/dataset/GRScenes_assets/pillow/7189e678adde526577c18f3bbfcec572,/cpfs/user/zhuzihou/assets/dedup_workspaces/test0_transitive_apply_parallel/dataset/GRScenes_assets/pillow/7189e678adde526577c18f3bbfcec572/usd/7189e678adde526577c18f3bbfcec572.usd
pillow,719c6635755a37a4ae0fb0ab62577899,suspicious,0.049759,0.078888,235,ok;ok;blank;blank,/cpfs/user/zhuzihou/assets/dedup_workspaces/test0_transitive_apply_parallel/dataset/GRScenes_assets/pillow/719c6635755a37a4ae0fb0ab62577899,/cpfs/user/zhuzihou/assets/dedup_workspaces/test0_transitive_apply_parallel/dataset/GRScenes_assets/pillow/719c6635755a37a4ae0fb0ab62577899/usd/719c6635755a37a4ae0fb0ab62577899.usd
pillow,71a861244d685675d35e58274237f260,suspicious,0.021751,0.257576,371,blank;ok;ok;ok,/cpfs/user/zhuzihou/assets/dedup_workspaces/test0_transitive_apply_parallel/dataset/GRScenes_assets/pillow/71a861244d685675d35e58274237f260,/cpfs/user/zhuzihou/assets/dedup_workspaces/test0_transitive_apply_parallel/dataset/GRScenes_assets/pillow/71a861244d685675d35e58274237f260/usd/71a861244d685675d35e58274237f260.usd
pillow,71dbf846aec0ae549f411af2587a3d91,suspicious,0.130280,0.206451,315,tiny;ok;ok;tiny,/cpfs/user/zhuzihou/assets/dedup_workspaces/test0_transitive_apply_parallel/dataset/GRScenes_assets/pillow/71dbf846aec0ae549f411af2587a3d91,/cpfs/user/zhuzihou/assets/dedup_workspaces/test0_transitive_apply_parallel/dataset/GRScenes_assets/pillow/71dbf846aec0ae549f411af2587a3d91/usd/71dbf846aec0ae549f411af2587a3d91.usd
pillow,73d0d14e16eaa9fd7fc65bd647012c9c,suspicious,0.052326,0.104366,257,ok;ok;blank;blank,/cpfs/user/zhuzihou/assets/dedup_workspaces/test0_transitive_apply_parallel/dataset/GRScenes_assets/pillow/73d0d14e16eaa9fd7fc65bd647012c9c,/cpfs/user/zhuzihou/assets/dedup_workspaces/test0_transitive_apply_parallel/dataset/GRScenes_assets/pillow/73d0d14e16eaa9fd7fc65bd647012c9c/usd/73d0d14e16eaa9fd7fc65bd647012c9c.usd
pillow,7488be42a346166bb21bc05213f8407f,suspicious,0.052425,0.070190,230,tiny;ok;tiny;blank,/cpfs/user/zhuzihou/assets/dedup_workspaces/test0_transitive_apply_parallel/dataset/GRScenes_assets/pillow/7488be42a346166bb21bc05213f8407f,/cpfs/user/zhuzihou/assets/dedup_workspaces/test0_transitive_apply_parallel/dataset/GRScenes_assets/pillow/7488be42a346166bb21bc05213f8407f/usd/7488be42a346166bb21bc05213f8407f.usd
pillow,753dd3c5a02a54a1476ff13c2a01185e,suspicious,0.046299,0.071507,255,ok;ok;blank;ok,/cpfs/user/zhuzihou/assets/dedup_workspaces/test0_transitive_apply_parallel/dataset/GRScenes_assets/pillow/753dd3c5a02a54a1476ff13c2a01185e,/cpfs/user/zhuzihou/assets/dedup_workspaces/test0_transitive_apply_parallel/dataset/GRScenes_assets/pillow/753dd3c5a02a54a1476ff13c2a01185e/usd/753dd3c5a02a54a1476ff13c2a01185e.usd
pillow,758df63a3cb10f826e6fdb3e77fd4bf8,suspicious,0.060230,0.091644,231,ok;ok;tiny;ok,/cpfs/user/zhuzihou/assets/dedup_workspaces/test0_transitive_apply_parallel/dataset/GRScenes_assets/pillow/758df63a3cb10f826e6fdb3e77fd4bf8,/cpfs/user/zhuzihou/assets/dedup_workspaces/test0_transitive_apply_parallel/dataset/GRScenes_assets/pillow/758df63a3cb10f826e6fdb3e77fd4bf8/usd/758df63a3cb10f826e6fdb3e77fd4bf8.usd
pillow,759de9df8bcd17ae5c2b8731158b7376,suspicious,0.081501,0.114296,250,ok;ok;ok;blank,/cpfs/user/zhuzihou/assets/dedup_workspaces/test0_transitive_apply_parallel/dataset/GRScenes_assets/pillow/759de9df8bcd17ae5c2b8731158b7376,/cpfs/user/zhuzihou/assets/dedup_workspaces/test0_transitive_apply_parallel/dataset/GRScenes_assets/pillow/759de9df8bcd17ae5c2b8731158b7376/usd/759de9df8bcd17ae5c2b8731158b7376.usd
pillow,75a29744f049c3e3a2f161c9a8521350,suspicious,0.064171,0.111031,254,ok;ok;blank;blank,/cpfs/user/zhuzihou/assets/dedup_workspaces/test0_transitive_apply_parallel/dataset/GRScenes_assets/pillow/75a29744f049c3e3a2f161c9a8521350,/cpfs/user/zhuzihou/assets/dedup_workspaces/test0_transitive_apply_parallel/dataset/GRScenes_assets/pillow/75a29744f049c3e3a2f161c9a8521350/usd/75a29744f049c3e3a2f161c9a8521350.usd
pillow,75a95770156b642bcf4138a1706c4de2,suspicious,0.074127,0.147293,206,blank;ok;ok;blank,/cpfs/user/zhuzihou/assets/dedup_workspaces/test0_transitive_apply_parallel/dataset/GRScenes_assets/pillow/75a95770156b642bcf4138a1706c4de2,/cpfs/user/zhuzihou/assets/dedup_workspaces/test0_transitive_apply_parallel/dataset/GRScenes_assets/pillow/75a95770156b642bcf4138a1706c4de2/usd/75a95770156b642bcf4138a1706c4de2.usd
pillow,75c00dda4f2b0e28ad72f432db9a3c3c,suspicious,0.099628,0.137318,213,blank;ok;ok;blank,/cpfs/user/zhuzihou/assets/dedup_workspaces/test0_transitive_apply_parallel/dataset/GRScenes_assets/pillow/75c00dda4f2b0e28ad72f432db9a3c3c,/cpfs/user/zhuzihou/assets/dedup_workspaces/test0_transitive_apply_parallel/dataset/GRScenes_assets/pillow/75c00dda4f2b0e28ad72f432db9a3c3c/usd/75c00dda4f2b0e28ad72f432db9a3c3c.usd
pillow,787e1adc2aa95833f0fc51035c5d81af,suspicious,0.056725,0.086639,167,blank;blank;ok;blank,/cpfs/user/zhuzihou/assets/dedup_workspaces/test0_transitive_apply_parallel/dataset/GRScenes_assets/pillow/787e1adc2aa95833f0fc51035c5d81af,/cpfs/user/zhuzihou/assets/dedup_workspaces/test0_transitive_apply_parallel/dataset/GRScenes_assets/pillow/787e1adc2aa95833f0fc51035c5d81af/usd/787e1adc2aa95833f0fc51035c5d81af.usd
pillow,797887c818fed26c5fe876dbb04a8084,suspicious,0.084515,0.124077,268,ok;ok;blank;blank,/cpfs/user/zhuzihou/assets/dedup_workspaces/test0_transitive_apply_parallel/dataset/GRScenes_assets/pillow/797887c818fed26c5fe876dbb04a8084,/cpfs/user/zhuzihou/assets/dedup_workspaces/test0_transitive_apply_parallel/dataset/GRScenes_assets/pillow/797887c818fed26c5fe876dbb04a8084/usd/797887c818fed26c5fe876dbb04a8084.usd
pillow,79dffb445894435587d3241331afa3de,suspicious,0.066978,0.092854,241,ok;ok;tiny;tiny,/cpfs/user/zhuzihou/assets/dedup_workspaces/test0_transitive_apply_parallel/dataset/GRScenes_assets/pillow/79dffb445894435587d3241331afa3de,/cpfs/user/zhuzihou/assets/dedup_workspaces/test0_transitive_apply_parallel/dataset/GRScenes_assets/pillow/79dffb445894435587d3241331afa3de/usd/79dffb445894435587d3241331afa3de.usd
pillow,7c351efab103decf7e56ea53b6266352,suspicious,0.092361,0.109833,236,ok;ok;ok;blank,/cpfs/user/zhuzihou/assets/dedup_workspaces/test0_transitive_apply_parallel/dataset/GRScenes_assets/pillow/7c351efab103decf7e56ea53b6266352,/cpfs/user/zhuzihou/assets/dedup_workspaces/test0_transitive_apply_parallel/dataset/GRScenes_assets/pillow/7c351efab103decf7e56ea53b6266352/usd/7c351efab103decf7e56ea53b6266352.usd
pillow,7d1a6ea42260a9ed76b48b4e6f569865,suspicious,0.061993,0.096989,241,ok;blank;blank;ok,/cpfs/user/zhuzihou/assets/dedup_workspaces/test0_transitive_apply_parallel/dataset/GRScenes_assets/pillow/7d1a6ea42260a9ed76b48b4e6f569865,/cpfs/user/zhuzihou/assets/dedup_workspaces/test0_transitive_apply_parallel/dataset/GRScenes_assets/pillow/7d1a6ea42260a9ed76b48b4e6f569865/usd/7d1a6ea42260a9ed76b48b4e6f569865.usd
pillow,7fcfc8084cf51644b24d0178d5ca9fbe,suspicious,0.127796,0.147633,286,ok;ok;tiny;blank,/cpfs/user/zhuzihou/assets/dedup_workspaces/test0_transitive_apply_parallel/dataset/GRScenes_assets/pillow/7fcfc8084cf51644b24d0178d5ca9fbe,/cpfs/user/zhuzihou/assets/dedup_workspaces/test0_transitive_apply_parallel/dataset/GRScenes_assets/pillow/7fcfc8084cf51644b24d0178d5ca9fbe/usd/7fcfc8084cf51644b24d0178d5ca9fbe.usd
pillow,80228a8cbf6bf796a85021435a7a7c76,suspicious,0.059254,0.096497,253,blank;ok;ok;blank,/cpfs/user/zhuzihou/assets/dedup_workspaces/test0_transitive_apply_parallel/dataset/GRScenes_assets/pillow/80228a8cbf6bf796a85021435a7a7c76,/cpfs/user/zhuzihou/assets/dedup_workspaces/test0_transitive_apply_parallel/dataset/GRScenes_assets/pillow/80228a8cbf6bf796a85021435a7a7c76/usd/80228a8cbf6bf796a85021435a7a7c76.usd
pillow,80567368358845fdd9b5bf8990595422,suspicious,0.084415,0.130657,259,ok;ok;blank;blank,/cpfs/user/zhuzihou/assets/dedup_workspaces/test0_transitive_apply_parallel/dataset/GRScenes_assets/pillow/80567368358845fdd9b5bf8990595422,/cpfs/user/zhuzihou/assets/dedup_workspaces/test0_transitive_apply_parallel/dataset/GRScenes_assets/pillow/80567368358845fdd9b5bf8990595422/usd/80567368358845fdd9b5bf8990595422.usd
pillow,814f47a6bef8548d4339ace213c1257e,suspicious,0.117550,0.136517,267,ok;ok;ok;blank,/cpfs/user/zhuzihou/assets/dedup_workspaces/test0_transitive_apply_parallel/dataset/GRScenes_assets/pillow/814f47a6bef8548d4339ace213c1257e,/cpfs/user/zhuzihou/assets/dedup_workspaces/test0_transitive_apply_parallel/dataset/GRScenes_assets/pillow/814f47a6bef8548d4339ace213c1257e/usd/814f47a6bef8548d4339ace213c1257e.usd
pillow,82144a38852dd08d56830f48207cf1f0,suspicious,0.074516,0.111237,236,ok;ok;ok;blank,/cpfs/user/zhuzihou/assets/dedup_workspaces/test0_transitive_apply_parallel/dataset/GRScenes_assets/pillow/82144a38852dd08d56830f48207cf1f0,/cpfs/user/zhuzihou/assets/dedup_workspaces/test0_transitive_apply_parallel/dataset/GRScenes_assets/pillow/82144a38852dd08d56830f48207cf1f0/usd/82144a38852dd08d56830f48207cf1f0.usd
pillow,8227bb022c1c9dffd20fd8961d8e1656,suspicious,0.083290,0.106812,224,ok;ok;ok;blank,/cpfs/user/zhuzihou/assets/dedup_workspaces/test0_transitive_apply_parallel/dataset/GRScenes_assets/pillow/8227bb022c1c9dffd20fd8961d8e1656,/cpfs/user/zhuzihou/assets/dedup_workspaces/test0_transitive_apply_parallel/dataset/GRScenes_assets/pillow/8227bb022c1c9dffd20fd8961d8e1656/usd/8227bb022c1c9dffd20fd8961d8e1656.usd
pillow,855427e236488b52ba5dd28762a32664,suspicious,0.074234,0.096092,229,ok;ok;blank;blank,/cpfs/user/zhuzihou/assets/dedup_workspaces/test0_transitive_apply_parallel/dataset/GRScenes_assets/pillow/855427e236488b52ba5dd28762a32664,/cpfs/user/zhuzihou/assets/dedup_workspaces/test0_transitive_apply_parallel/dataset/GRScenes_assets/pillow/855427e236488b52ba5dd28762a32664/usd/855427e236488b52ba5dd28762a32664.usd
pillow,858c043e049d12828c3f5d743da8f52a,suspicious,0.104877,0.157196,204,ok;ok;blank;blank,/cpfs/user/zhuzihou/assets/dedup_workspaces/test0_transitive_apply_parallel/dataset/GRScenes_assets/pillow/858c043e049d12828c3f5d743da8f52a,/cpfs/user/zhuzihou/assets/dedup_workspaces/test0_transitive_apply_parallel/dataset/GRScenes_assets/pillow/858c043e049d12828c3f5d743da8f52a/usd/858c043e049d12828c3f5d743da8f52a.usd
pillow,86b529f0ca96102cbd12ff9be6cd701b,suspicious,0.061729,0.087677,221,blank;ok;blank;blank,/cpfs/user/zhuzihou/assets/dedup_workspaces/test0_transitive_apply_parallel/dataset/GRScenes_assets/pillow/86b529f0ca96102cbd12ff9be6cd701b,/cpfs/user/zhuzihou/assets/dedup_workspaces/test0_transitive_apply_parallel/dataset/GRScenes_assets/pillow/86b529f0ca96102cbd12ff9be6cd701b/usd/86b529f0ca96102cbd12ff9be6cd701b.usd
pillow,876d226fe70005fd36e4e3db487c4d92,suspicious,0.118233,0.182407,281,blank;ok;ok;blank,/cpfs/user/zhuzihou/assets/dedup_workspaces/test0_transitive_apply_parallel/dataset/GRScenes_assets/pillow/876d226fe70005fd36e4e3db487c4d92,/cpfs/user/zhuzihou/assets/dedup_workspaces/test0_transitive_apply_parallel/dataset/GRScenes_assets/pillow/876d226fe70005fd36e4e3db487c4d92/usd/876d226fe70005fd36e4e3db487c4d92.usd
pillow,88d08f36a0aa54d98bb568478686ef14,suspicious,0.091949,0.140568,213,ok;ok;blank;blank,/cpfs/user/zhuzihou/assets/dedup_workspaces/test0_transitive_apply_parallel/dataset/GRScenes_assets/pillow/88d08f36a0aa54d98bb568478686ef14,/cpfs/user/zhuzihou/assets/dedup_workspaces/test0_transitive_apply_parallel/dataset/GRScenes_assets/pillow/88d08f36a0aa54d98bb568478686ef14/usd/88d08f36a0aa54d98bb568478686ef14.usd
pillow,8cc536f7c980c742a66832f5ab6b7d8c,suspicious,0.094532,0.142666,335,ok;ok;blank;blank,/cpfs/user/zhuzihou/assets/dedup_workspaces/test0_transitive_apply_parallel/dataset/GRScenes_assets/pillow/8cc536f7c980c742a66832f5ab6b7d8c,/cpfs/user/zhuzihou/assets/dedup_workspaces/test0_transitive_apply_parallel/dataset/GRScenes_assets/pillow/8cc536f7c980c742a66832f5ab6b7d8c/usd/8cc536f7c980c742a66832f5ab6b7d8c.usd
pillow,8de95363526a27ba9c15319484abdbe0,suspicious,0.081936,0.118542,275,ok;ok;blank;blank,/cpfs/user/zhuzihou/assets/dedup_workspaces/test0_transitive_apply_parallel/dataset/GRScenes_assets/pillow/8de95363526a27ba9c15319484abdbe0,/cpfs/user/zhuzihou/assets/dedup_workspaces/test0_transitive_apply_parallel/dataset/GRScenes_assets/pillow/8de95363526a27ba9c15319484abdbe0/usd/8de95363526a27ba9c15319484abdbe0.usd
pillow,8e8d747d2f22d8cd1ea757f6e0896c87,suspicious,0.117603,0.196106,288,tiny;ok;ok;tiny,/cpfs/user/zhuzihou/assets/dedup_workspaces/test0_transitive_apply_parallel/dataset/GRScenes_assets/pillow/8e8d747d2f22d8cd1ea757f6e0896c87,/cpfs/user/zhuzihou/assets/dedup_workspaces/test0_transitive_apply_parallel/dataset/GRScenes_assets/pillow/8e8d747d2f22d8cd1ea757f6e0896c87/usd/8e8d747d2f22d8cd1ea757f6e0896c87.usd
pillow,8f19c11313bb464a4b6625b503c2e3f1,suspicious,0.089729,0.113930,240,ok;ok;blank;blank,/cpfs/user/zhuzihou/assets/dedup_workspaces/test0_transitive_apply_parallel/dataset/GRScenes_assets/pillow/8f19c11313bb464a4b6625b503c2e3f1,/cpfs/user/zhuzihou/assets/dedup_workspaces/test0_transitive_apply_parallel/dataset/GRScenes_assets/pillow/8f19c11313bb464a4b6625b503c2e3f1/usd/8f19c11313bb464a4b6625b503c2e3f1.usd
pillow,8f6643ff5a2b7a0245807a57ca2b772a,suspicious,0.089836,0.125824,248,blank;ok;ok;blank,/cpfs/user/zhuzihou/assets/dedup_workspaces/test0_transitive_apply_parallel/dataset/GRScenes_assets/pillow/8f6643ff5a2b7a0245807a57ca2b772a,/cpfs/user/zhuzihou/assets/dedup_workspaces/test0_transitive_apply_parallel/dataset/GRScenes_assets/pillow/8f6643ff5a2b7a0245807a57ca2b772a/usd/8f6643ff5a2b7a0245807a57ca2b772a.usd
pillow,9155eebaf51466b86bdf548eec2a8199,suspicious,0.064171,0.111031,254,ok;ok;blank;blank,/cpfs/user/zhuzihou/assets/dedup_workspaces/test0_transitive_apply_parallel/dataset/GRScenes_assets/pillow/9155eebaf51466b86bdf548eec2a8199,/cpfs/user/zhuzihou/assets/dedup_workspaces/test0_transitive_apply_parallel/dataset/GRScenes_assets/pillow/9155eebaf51466b86bdf548eec2a8199/usd/9155eebaf51466b86bdf548eec2a8199.usd
pillow,9269040fac671d82e0fa98baf606a398,suspicious,0.116528,0.163532,296,tiny;ok;ok;ok,/cpfs/user/zhuzihou/assets/dedup_workspaces/test0_transitive_apply_parallel/dataset/GRScenes_assets/pillow/9269040fac671d82e0fa98baf606a398,/cpfs/user/zhuzihou/assets/dedup_workspaces/test0_transitive_apply_parallel/dataset/GRScenes_assets/pillow/9269040fac671d82e0fa98baf606a398/usd/9269040fac671d82e0fa98baf606a398.usd
pillow,93654a9c698155c3726ce4b405a43730,suspicious,0.045101,0.061523,224,ok;ok;blank;blank,/cpfs/user/zhuzihou/assets/dedup_workspaces/test0_transitive_apply_parallel/dataset/GRScenes_assets/pillow/93654a9c698155c3726ce4b405a43730,/cpfs/user/zhuzihou/assets/dedup_workspaces/test0_transitive_apply_parallel/dataset/GRScenes_assets/pillow/93654a9c698155c3726ce4b405a43730/usd/93654a9c698155c3726ce4b405a43730.usd
pillow,940511e7e088d0324c602378b20adcde,suspicious,0.117718,0.136841,265,ok;ok;ok;blank,/cpfs/user/zhuzihou/assets/dedup_workspaces/test0_transitive_apply_parallel/dataset/GRScenes_assets/pillow/940511e7e088d0324c602378b20adcde,/cpfs/user/zhuzihou/assets/dedup_workspaces/test0_transitive_apply_parallel/dataset/GRScenes_assets/pillow/940511e7e088d0324c602378b20adcde/usd/940511e7e088d0324c602378b20adcde.usd
pillow,949a20241520e3a70f6b8d0326cdded3,suspicious,0.110153,0.160503,320,ok;ok;blank;blank,/cpfs/user/zhuzihou/assets/dedup_workspaces/test0_transitive_apply_parallel/dataset/GRScenes_assets/pillow/949a20241520e3a70f6b8d0326cdded3,/cpfs/user/zhuzihou/assets/dedup_workspaces/test0_transitive_apply_parallel/dataset/GRScenes_assets/pillow/949a20241520e3a70f6b8d0326cdded3/usd/949a20241520e3a70f6b8d0326cdded3.usd
pillow,94bb2d83d21aa03805b0dfd9a4eb45ff,suspicious,0.091602,0.110794,219,ok;ok;blank;blank,/cpfs/user/zhuzihou/assets/dedup_workspaces/test0_transitive_apply_parallel/dataset/GRScenes_assets/pillow/94bb2d83d21aa03805b0dfd9a4eb45ff,/cpfs/user/zhuzihou/assets/dedup_workspaces/test0_transitive_apply_parallel/dataset/GRScenes_assets/pillow/94bb2d83d21aa03805b0dfd9a4eb45ff/usd/94bb2d83d21aa03805b0dfd9a4eb45ff.usd
pillow,96495a968ab3c028c433bf960165818f,suspicious,0.101498,0.149536,287,blank;ok;ok;blank,/cpfs/user/zhuzihou/assets/dedup_workspaces/test0_transitive_apply_parallel/dataset/GRScenes_assets/pillow/96495a968ab3c028c433bf960165818f,/cpfs/user/zhuzihou/assets/dedup_workspaces/test0_transitive_apply_parallel/dataset/GRScenes_assets/pillow/96495a968ab3c028c433bf960165818f/usd/96495a968ab3c028c433bf960165818f.usd
pillow,97a3b4d46d76e25b2bc851841a25dfa3,suspicious,0.096539,0.174545,275,ok;ok;blank;blank,/cpfs/user/zhuzihou/assets/dedup_workspaces/test0_transitive_apply_parallel/dataset/GRScenes_assets/pillow/97a3b4d46d76e25b2bc851841a25dfa3,/cpfs/user/zhuzihou/assets/dedup_workspaces/test0_transitive_apply_parallel/dataset/GRScenes_assets/pillow/97a3b4d46d76e25b2bc851841a25dfa3/usd/97a3b4d46d76e25b2bc851841a25dfa3.usd
pillow,98281d8ef5e7cab49bfbf09f2ba8705c,suspicious,0.097752,0.117199,247,blank;ok;ok;blank,/cpfs/user/zhuzihou/assets/dedup_workspaces/test0_transitive_apply_parallel/dataset/GRScenes_assets/pillow/98281d8ef5e7cab49bfbf09f2ba8705c,/cpfs/user/zhuzihou/assets/dedup_workspaces/test0_transitive_apply_parallel/dataset/GRScenes_assets/pillow/98281d8ef5e7cab49bfbf09f2ba8705c/usd/98281d8ef5e7cab49bfbf09f2ba8705c.usd
pillow,989975dac38e50a6f839c4aa79806bae,suspicious,0.129784,0.147167,280,ok;ok;ok;blank,/cpfs/user/zhuzihou/assets/dedup_workspaces/test0_transitive_apply_parallel/dataset/GRScenes_assets/pillow/989975dac38e50a6f839c4aa79806bae,/cpfs/user/zhuzihou/assets/dedup_workspaces/test0_transitive_apply_parallel/dataset/GRScenes_assets/pillow/989975dac38e50a6f839c4aa79806bae/usd/989975dac38e50a6f839c4aa79806bae.usd
pillow,9a4375223f483aef61923fa2fa641aca,suspicious,0.086891,0.149261,283,blank;ok;ok;blank,/cpfs/user/zhuzihou/assets/dedup_workspaces/test0_transitive_apply_parallel/dataset/GRScenes_assets/pillow/9a4375223f483aef61923fa2fa641aca,/cpfs/user/zhuzihou/assets/dedup_workspaces/test0_transitive_apply_parallel/dataset/GRScenes_assets/pillow/9a4375223f483aef61923fa2fa641aca/usd/9a4375223f483aef61923fa2fa641aca.usd
pillow,9a721814805c66ee7fc45743336e7161,suspicious,0.094440,0.110794,212,blank;ok;ok;blank,/cpfs/user/zhuzihou/assets/dedup_workspaces/test0_transitive_apply_parallel/dataset/GRScenes_assets/pillow/9a721814805c66ee7fc45743336e7161,/cpfs/user/zhuzihou/assets/dedup_workspaces/test0_transitive_apply_parallel/dataset/GRScenes_assets/pillow/9a721814805c66ee7fc45743336e7161/usd/9a721814805c66ee7fc45743336e7161.usd
pillow,9a77c211ca8f0532d998203670bbee77,suspicious,0.121967,0.197250,317,ok;ok;blank;tiny,/cpfs/user/zhuzihou/assets/dedup_workspaces/test0_transitive_apply_parallel/dataset/GRScenes_assets/pillow/9a77c211ca8f0532d998203670bbee77,/cpfs/user/zhuzihou/assets/dedup_workspaces/test0_transitive_apply_parallel/dataset/GRScenes_assets/pillow/9a77c211ca8f0532d998203670bbee77/usd/9a77c211ca8f0532d998203670bbee77.usd
pillow,9a8841e55a0f8b4e2468ec098990f751,suspicious,0.073376,0.115303,247,ok;ok;blank;blank,/cpfs/user/zhuzihou/assets/dedup_workspaces/test0_transitive_apply_parallel/dataset/GRScenes_assets/pillow/9a8841e55a0f8b4e2468ec098990f751,/cpfs/user/zhuzihou/assets/dedup_workspaces/test0_transitive_apply_parallel/dataset/GRScenes_assets/pillow/9a8841e55a0f8b4e2468ec098990f751/usd/9a8841e55a0f8b4e2468ec098990f751.usd
pillow,9b026f90bdb00f355e635eb0168efabf,suspicious,0.070671,0.119736,264,ok;ok;tiny;blank,/cpfs/user/zhuzihou/assets/dedup_workspaces/test0_transitive_apply_parallel/dataset/GRScenes_assets/pillow/9b026f90bdb00f355e635eb0168efabf,/cpfs/user/zhuzihou/assets/dedup_workspaces/test0_transitive_apply_parallel/dataset/GRScenes_assets/pillow/9b026f90bdb00f355e635eb0168efabf/usd/9b026f90bdb00f355e635eb0168efabf.usd
pillow,9c7190d71c294fcdb3dc2e1728f4ce6b,suspicious,0.112892,0.156212,273,blank;ok;ok;blank,/cpfs/user/zhuzihou/assets/dedup_workspaces/test0_transitive_apply_parallel/dataset/GRScenes_assets/pillow/9c7190d71c294fcdb3dc2e1728f4ce6b,/cpfs/user/zhuzihou/assets/dedup_workspaces/test0_transitive_apply_parallel/dataset/GRScenes_assets/pillow/9c7190d71c294fcdb3dc2e1728f4ce6b/usd/9c7190d71c294fcdb3dc2e1728f4ce6b.usd
pillow,9dcf8b129474d7315621d00812ef14d4,suspicious,0.093571,0.152328,311,blank;ok;ok;blank,/cpfs/user/zhuzihou/assets/dedup_workspaces/test0_transitive_apply_parallel/dataset/GRScenes_assets/pillow/9dcf8b129474d7315621d00812ef14d4,/cpfs/user/zhuzihou/assets/dedup_workspaces/test0_transitive_apply_parallel/dataset/GRScenes_assets/pillow/9dcf8b129474d7315621d00812ef14d4/usd/9dcf8b129474d7315621d00812ef14d4.usd
pillow,9ec706c65ce945f4fdfea5d719eefcac,suspicious,0.459930,0.478516,512,tiny;ok;tiny;ok,/cpfs/user/zhuzihou/assets/dedup_workspaces/test0_transitive_apply_parallel/dataset/GRScenes_assets/pillow/9ec706c65ce945f4fdfea5d719eefcac,/cpfs/user/zhuzihou/assets/dedup_workspaces/test0_transitive_apply_parallel/dataset/GRScenes_assets/pillow/9ec706c65ce945f4fdfea5d719eefcac/usd/9ec706c65ce945f4fdfea5d719eefcac.usd
pillow,a01674d727aa2eb6619aa6e2246d9315,suspicious,0.042301,0.082146,222,blank;ok;ok;blank,/cpfs/user/zhuzihou/assets/dedup_workspaces/test0_transitive_apply_parallel/dataset/GRScenes_assets/pillow/a01674d727aa2eb6619aa6e2246d9315,/cpfs/user/zhuzihou/assets/dedup_workspaces/test0_transitive_apply_parallel/dataset/GRScenes_assets/pillow/a01674d727aa2eb6619aa6e2246d9315/usd/a01674d727aa2eb6619aa6e2246d9315.usd
pillow,a056d8fde4babd5b4d9645147184adfb,suspicious,0.080769,0.132782,229,ok;ok;blank;blank,/cpfs/user/zhuzihou/assets/dedup_workspaces/test0_transitive_apply_parallel/dataset/GRScenes_assets/pillow/a056d8fde4babd5b4d9645147184adfb,/cpfs/user/zhuzihou/assets/dedup_workspaces/test0_transitive_apply_parallel/dataset/GRScenes_assets/pillow/a056d8fde4babd5b4d9645147184adfb/usd/a056d8fde4babd5b4d9645147184adfb.usd
pillow,a214f4af5fba8f43224fd8e565c9e3e2,suspicious,0.109680,0.133461,252,ok;ok;blank;blank,/cpfs/user/zhuzihou/assets/dedup_workspaces/test0_transitive_apply_parallel/dataset/GRScenes_assets/pillow/a214f4af5fba8f43224fd8e565c9e3e2,/cpfs/user/zhuzihou/assets/dedup_workspaces/test0_transitive_apply_parallel/dataset/GRScenes_assets/pillow/a214f4af5fba8f43224fd8e565c9e3e2/usd/a214f4af5fba8f43224fd8e565c9e3e2.usd
pillow,a3d0aed54b9694f851b698ed40d85570,suspicious,0.269577,0.459396,374,blank;ok;ok;ok,/cpfs/user/zhuzihou/assets/dedup_workspaces/test0_transitive_apply_parallel/dataset/GRScenes_assets/pillow/a3d0aed54b9694f851b698ed40d85570,/cpfs/user/zhuzihou/assets/dedup_workspaces/test0_transitive_apply_parallel/dataset/GRScenes_assets/pillow/a3d0aed54b9694f851b698ed40d85570/usd/a3d0aed54b9694f851b698ed40d85570.usd
pillow,a4488ff9b1547cf6b1632543eaba2fb3,suspicious,0.118248,0.135132,246,ok;ok;blank;blank,/cpfs/user/zhuzihou/assets/dedup_workspaces/test0_transitive_apply_parallel/dataset/GRScenes_assets/pillow/a4488ff9b1547cf6b1632543eaba2fb3,/cpfs/user/zhuzihou/assets/dedup_workspaces/test0_transitive_apply_parallel/dataset/GRScenes_assets/pillow/a4488ff9b1547cf6b1632543eaba2fb3/usd/a4488ff9b1547cf6b1632543eaba2fb3.usd
pillow,a4f03511bad86814ebc18fc7351cb1bd,suspicious,0.103558,0.156403,205,blank;ok;ok;blank,/cpfs/user/zhuzihou/assets/dedup_workspaces/test0_transitive_apply_parallel/dataset/GRScenes_assets/pillow/a4f03511bad86814ebc18fc7351cb1bd,/cpfs/user/zhuzihou/assets/dedup_workspaces/test0_transitive_apply_parallel/dataset/GRScenes_assets/pillow/a4f03511bad86814ebc18fc7351cb1bd/usd/a4f03511bad86814ebc18fc7351cb1bd.usd
pillow,a6b65869df0040a10e1d39dbdc312e36,suspicious,0.097153,0.144516,274,ok;ok;blank;blank,/cpfs/user/zhuzihou/assets/dedup_workspaces/test0_transitive_apply_parallel/dataset/GRScenes_assets/pillow/a6b65869df0040a10e1d39dbdc312e36,/cpfs/user/zhuzihou/assets/dedup_workspaces/test0_transitive_apply_parallel/dataset/GRScenes_assets/pillow/a6b65869df0040a10e1d39dbdc312e36/usd/a6b65869df0040a10e1d39dbdc312e36.usd
pillow,a76ff5c2bcbba9592f5104200d5942e6,suspicious,0.049263,0.133015,286,ok;ok;blank;blank,/cpfs/user/zhuzihou/assets/dedup_workspaces/test0_transitive_apply_parallel/dataset/GRScenes_assets/pillow/a76ff5c2bcbba9592f5104200d5942e6,/cpfs/user/zhuzihou/assets/dedup_workspaces/test0_transitive_apply_parallel/dataset/GRScenes_assets/pillow/a76ff5c2bcbba9592f5104200d5942e6/usd/a76ff5c2bcbba9592f5104200d5942e6.usd
pillow,a7a45b59b3c45b7f6f26ed6f0a4c4de2,suspicious,0.064293,0.092697,225,ok;ok;blank;blank,/cpfs/user/zhuzihou/assets/dedup_workspaces/test0_transitive_apply_parallel/dataset/GRScenes_assets/pillow/a7a45b59b3c45b7f6f26ed6f0a4c4de2,/cpfs/user/zhuzihou/assets/dedup_workspaces/test0_transitive_apply_parallel/dataset/GRScenes_assets/pillow/a7a45b59b3c45b7f6f26ed6f0a4c4de2/usd/a7a45b59b3c45b7f6f26ed6f0a4c4de2.usd
pillow,a9d6ce4f22ced95a925e9195106ec4f6,suspicious,0.080292,0.114498,209,ok;ok;ok;blank,/cpfs/user/zhuzihou/assets/dedup_workspaces/test0_transitive_apply_parallel/dataset/GRScenes_assets/pillow/a9d6ce4f22ced95a925e9195106ec4f6,/cpfs/user/zhuzihou/assets/dedup_workspaces/test0_transitive_apply_parallel/dataset/GRScenes_assets/pillow/a9d6ce4f22ced95a925e9195106ec4f6/usd/a9d6ce4f22ced95a925e9195106ec4f6.usd
pillow,aa0b40fcf5303fae10beb0dac310dd69,suspicious,0.089741,0.130405,265,ok;ok;ok;tiny,/cpfs/user/zhuzihou/assets/dedup_workspaces/test0_transitive_apply_parallel/dataset/GRScenes_assets/pillow/aa0b40fcf5303fae10beb0dac310dd69,/cpfs/user/zhuzihou/assets/dedup_workspaces/test0_transitive_apply_parallel/dataset/GRScenes_assets/pillow/aa0b40fcf5303fae10beb0dac310dd69/usd/aa0b40fcf5303fae10beb0dac310dd69.usd
pillow,ab7905e10c85aac4d9649d4c7629704c,suspicious,0.110321,0.158737,274,ok;ok;blank;blank,/cpfs/user/zhuzihou/assets/dedup_workspaces/test0_transitive_apply_parallel/dataset/GRScenes_assets/pillow/ab7905e10c85aac4d9649d4c7629704c,/cpfs/user/zhuzihou/assets/dedup_workspaces/test0_transitive_apply_parallel/dataset/GRScenes_assets/pillow/ab7905e10c85aac4d9649d4c7629704c/usd/ab7905e10c85aac4d9649d4c7629704c.usd
pillow,abc870a47ba7a5c73c1837f90bf4caa0,suspicious,0.093281,0.144958,304,blank;ok;ok;blank,/cpfs/user/zhuzihou/assets/dedup_workspaces/test0_transitive_apply_parallel/dataset/GRScenes_assets/pillow/abc870a47ba7a5c73c1837f90bf4caa0,/cpfs/user/zhuzihou/assets/dedup_workspaces/test0_transitive_apply_parallel/dataset/GRScenes_assets/pillow/abc870a47ba7a5c73c1837f90bf4caa0/usd/abc870a47ba7a5c73c1837f90bf4caa0.usd
pillow,ac3d3fab6b19c36f25f36ec032822fe4,suspicious,0.085327,0.120556,253,ok;ok;ok;blank,/cpfs/user/zhuzihou/assets/dedup_workspaces/test0_transitive_apply_parallel/dataset/GRScenes_assets/pillow/ac3d3fab6b19c36f25f36ec032822fe4,/cpfs/user/zhuzihou/assets/dedup_workspaces/test0_transitive_apply_parallel/dataset/GRScenes_assets/pillow/ac3d3fab6b19c36f25f36ec032822fe4/usd/ac3d3fab6b19c36f25f36ec032822fe4.usd
pillow,ad8038b6fdda07566a2bf2cd2823c705,suspicious,0.061909,0.101566,216,blank;ok;ok;blank,/cpfs/user/zhuzihou/assets/dedup_workspaces/test0_transitive_apply_parallel/dataset/GRScenes_assets/pillow/ad8038b6fdda07566a2bf2cd2823c705,/cpfs/user/zhuzihou/assets/dedup_workspaces/test0_transitive_apply_parallel/dataset/GRScenes_assets/pillow/ad8038b6fdda07566a2bf2cd2823c705/usd/ad8038b6fdda07566a2bf2cd2823c705.usd
pillow,af3307efa5c569962eab94e9685b093b,suspicious,0.108566,0.169334,299,ok;ok;blank;blank,/cpfs/user/zhuzihou/assets/dedup_workspaces/test0_transitive_apply_parallel/dataset/GRScenes_assets/pillow/af3307efa5c569962eab94e9685b093b,/cpfs/user/zhuzihou/assets/dedup_workspaces/test0_transitive_apply_parallel/dataset/GRScenes_assets/pillow/af3307efa5c569962eab94e9685b093b/usd/af3307efa5c569962eab94e9685b093b.usd
pillow,b06e3df3d417117902c36269d5764c8c,suspicious,0.111210,0.164917,308,ok;ok;blank;blank,/cpfs/user/zhuzihou/assets/dedup_workspaces/test0_transitive_apply_parallel/dataset/GRScenes_assets/pillow/b06e3df3d417117902c36269d5764c8c,/cpfs/user/zhuzihou/assets/dedup_workspaces/test0_transitive_apply_parallel/dataset/GRScenes_assets/pillow/b06e3df3d417117902c36269d5764c8c/usd/b06e3df3d417117902c36269d5764c8c.usd
pillow,b20b180f9edf4d7590c90247f4e428ff,suspicious,0.095280,0.119438,219,ok;ok;ok;blank,/cpfs/user/zhuzihou/assets/dedup_workspaces/test0_transitive_apply_parallel/dataset/GRScenes_assets/pillow/b20b180f9edf4d7590c90247f4e428ff,/cpfs/user/zhuzihou/assets/dedup_workspaces/test0_transitive_apply_parallel/dataset/GRScenes_assets/pillow/b20b180f9edf4d7590c90247f4e428ff/usd/b20b180f9edf4d7590c90247f4e428ff.usd
pillow,b228db94c300aa38ebe424a9a60d349e,suspicious,0.097664,0.129429,259,ok;ok;blank;ok,/cpfs/user/zhuzihou/assets/dedup_workspaces/test0_transitive_apply_parallel/dataset/GRScenes_assets/pillow/b228db94c300aa38ebe424a9a60d349e,/cpfs/user/zhuzihou/assets/dedup_workspaces/test0_transitive_apply_parallel/dataset/GRScenes_assets/pillow/b228db94c300aa38ebe424a9a60d349e/usd/b228db94c300aa38ebe424a9a60d349e.usd
pillow,b2cab6db8f32f839b1505e308a809e38,suspicious,0.102955,0.143143,237,ok;ok;ok;blank,/cpfs/user/zhuzihou/assets/dedup_workspaces/test0_transitive_apply_parallel/dataset/GRScenes_assets/pillow/b2cab6db8f32f839b1505e308a809e38,/cpfs/user/zhuzihou/assets/dedup_workspaces/test0_transitive_apply_parallel/dataset/GRScenes_assets/pillow/b2cab6db8f32f839b1505e308a809e38/usd/b2cab6db8f32f839b1505e308a809e38.usd
pillow,b35fda900d248b182b72e5d40e28e218,suspicious,0.070827,0.104366,271,ok;ok;blank;blank,/cpfs/user/zhuzihou/assets/dedup_workspaces/test0_transitive_apply_parallel/dataset/GRScenes_assets/pillow/b35fda900d248b182b72e5d40e28e218,/cpfs/user/zhuzihou/assets/dedup_workspaces/test0_transitive_apply_parallel/dataset/GRScenes_assets/pillow/b35fda900d248b182b72e5d40e28e218/usd/b35fda900d248b182b72e5d40e28e218.usd
pillow,b3b78d8e863ee9cf6fe091ee63375bd6,suspicious,0.081776,0.120636,268,tiny;tiny;ok;ok,/cpfs/user/zhuzihou/assets/dedup_workspaces/test0_transitive_apply_parallel/dataset/GRScenes_assets/pillow/b3b78d8e863ee9cf6fe091ee63375bd6,/cpfs/user/zhuzihou/assets/dedup_workspaces/test0_transitive_apply_parallel/dataset/GRScenes_assets/pillow/b3b78d8e863ee9cf6fe091ee63375bd6/usd/b3b78d8e863ee9cf6fe091ee63375bd6.usd
pillow,b3f56160c8ffd40200c494e214b3186a,suspicious,0.077297,0.108009,198,blank;ok;ok;blank,/cpfs/user/zhuzihou/assets/dedup_workspaces/test0_transitive_apply_parallel/dataset/GRScenes_assets/pillow/b3f56160c8ffd40200c494e214b3186a,/cpfs/user/zhuzihou/assets/dedup_workspaces/test0_transitive_apply_parallel/dataset/GRScenes_assets/pillow/b3f56160c8ffd40200c494e214b3186a/usd/b3f56160c8ffd40200c494e214b3186a.usd
pillow,b4a28e5ea812df8fad47468e273d5dca,suspicious,0.080460,0.141930,266,blank;ok;ok;blank,/cpfs/user/zhuzihou/assets/dedup_workspaces/test0_transitive_apply_parallel/dataset/GRScenes_assets/pillow/b4a28e5ea812df8fad47468e273d5dca,/cpfs/user/zhuzihou/assets/dedup_workspaces/test0_transitive_apply_parallel/dataset/GRScenes_assets/pillow/b4a28e5ea812df8fad47468e273d5dca/usd/b4a28e5ea812df8fad47468e273d5dca.usd
pillow,b4eb3a2ba8689f2719d69b0a786fe24d,suspicious,0.085136,0.111076,230,blank;ok;ok;blank,/cpfs/user/zhuzihou/assets/dedup_workspaces/test0_transitive_apply_parallel/dataset/GRScenes_assets/pillow/b4eb3a2ba8689f2719d69b0a786fe24d,/cpfs/user/zhuzihou/assets/dedup_workspaces/test0_transitive_apply_parallel/dataset/GRScenes_assets/pillow/b4eb3a2ba8689f2719d69b0a786fe24d/usd/b4eb3a2ba8689f2719d69b0a786fe24d.usd
pillow,b54c331432470c6427aec5b7741a9045,suspicious,0.051823,0.074577,170,blank;ok;ok;ok,/cpfs/user/zhuzihou/assets/dedup_workspaces/test0_transitive_apply_parallel/dataset/GRScenes_assets/pillow/b54c331432470c6427aec5b7741a9045,/cpfs/user/zhuzihou/assets/dedup_workspaces/test0_transitive_apply_parallel/dataset/GRScenes_assets/pillow/b54c331432470c6427aec5b7741a9045/usd/b54c331432470c6427aec5b7741a9045.usd
pillow,b62b6616f9a0416038ccb31d1be9a7e3,suspicious,0.059292,0.082123,236,ok;blank;blank;ok,/cpfs/user/zhuzihou/assets/dedup_workspaces/test0_transitive_apply_parallel/dataset/GRScenes_assets/pillow/b62b6616f9a0416038ccb31d1be9a7e3,/cpfs/user/zhuzihou/assets/dedup_workspaces/test0_transitive_apply_parallel/dataset/GRScenes_assets/pillow/b62b6616f9a0416038ccb31d1be9a7e3/usd/b62b6616f9a0416038ccb31d1be9a7e3.usd
pillow,b6604d75cef6c39889644f27f70cfb4f,suspicious,0.046902,0.071777,224,blank;blank;ok;ok,/cpfs/user/zhuzihou/assets/dedup_workspaces/test0_transitive_apply_parallel/dataset/GRScenes_assets/pillow/b6604d75cef6c39889644f27f70cfb4f,/cpfs/user/zhuzihou/assets/dedup_workspaces/test0_transitive_apply_parallel/dataset/GRScenes_assets/pillow/b6604d75cef6c39889644f27f70cfb4f/usd/b6604d75cef6c39889644f27f70cfb4f.usd
pillow,b75db802594397c1eff144061155582d,suspicious,0.043442,0.093811,238,blank;ok;ok;blank,/cpfs/user/zhuzihou/assets/dedup_workspaces/test0_transitive_apply_parallel/dataset/GRScenes_assets/pillow/b75db802594397c1eff144061155582d,/cpfs/user/zhuzihou/assets/dedup_workspaces/test0_transitive_apply_parallel/dataset/GRScenes_assets/pillow/b75db802594397c1eff144061155582d/usd/b75db802594397c1eff144061155582d.usd
pillow,b8eb8479fd055a17bea9fb37c159d112,suspicious,0.105564,0.127430,255,ok;ok;blank;ok,/cpfs/user/zhuzihou/assets/dedup_workspaces/test0_transitive_apply_parallel/dataset/GRScenes_assets/pillow/b8eb8479fd055a17bea9fb37c159d112,/cpfs/user/zhuzihou/assets/dedup_workspaces/test0_transitive_apply_parallel/dataset/GRScenes_assets/pillow/b8eb8479fd055a17bea9fb37c159d112/usd/b8eb8479fd055a17bea9fb37c159d112.usd
pillow,b915bf95a817204308cc43e5d13fb9c7,suspicious,0.076252,0.117851,271,ok;ok;blank;blank,/cpfs/user/zhuzihou/assets/dedup_workspaces/test0_transitive_apply_parallel/dataset/GRScenes_assets/pillow/b915bf95a817204308cc43e5d13fb9c7,/cpfs/user/zhuzihou/assets/dedup_workspaces/test0_transitive_apply_parallel/dataset/GRScenes_assets/pillow/b915bf95a817204308cc43e5d13fb9c7/usd/b915bf95a817204308cc43e5d13fb9c7.usd
pillow,bb553b101840b4d0e0044035dd5d28e6,suspicious,0.093456,0.128372,188,ok;ok;ok;blank,/cpfs/user/zhuzihou/assets/dedup_workspaces/test0_transitive_apply_parallel/dataset/GRScenes_assets/pillow/bb553b101840b4d0e0044035dd5d28e6,/cpfs/user/zhuzihou/assets/dedup_workspaces/test0_transitive_apply_parallel/dataset/GRScenes_assets/pillow/bb553b101840b4d0e0044035dd5d28e6/usd/bb553b101840b4d0e0044035dd5d28e6.usd
pillow,bbf157590d83e82125a6f0aad3a1c806,suspicious,0.063808,0.111103,258,ok;ok;blank;blank,/cpfs/user/zhuzihou/assets/dedup_workspaces/test0_transitive_apply_parallel/dataset/GRScenes_assets/pillow/bbf157590d83e82125a6f0aad3a1c806,/cpfs/user/zhuzihou/assets/dedup_workspaces/test0_transitive_apply_parallel/dataset/GRScenes_assets/pillow/bbf157590d83e82125a6f0aad3a1c806/usd/bbf157590d83e82125a6f0aad3a1c806.usd
pillow,bc1c1254a734d8cd135d6affd9d75060,suspicious,0.050217,0.066666,257,blank;ok;ok;blank,/cpfs/user/zhuzihou/assets/dedup_workspaces/test0_transitive_apply_parallel/dataset/GRScenes_assets/pillow/bc1c1254a734d8cd135d6affd9d75060,/cpfs/user/zhuzihou/assets/dedup_workspaces/test0_transitive_apply_parallel/dataset/GRScenes_assets/pillow/bc1c1254a734d8cd135d6affd9d75060/usd/bc1c1254a734d8cd135d6affd9d75060.usd
pillow,bc59199379f03bc89dd45a88b4b65920,suspicious,0.110847,0.158890,267,ok;ok;blank;blank,/cpfs/user/zhuzihou/assets/dedup_workspaces/test0_transitive_apply_parallel/dataset/GRScenes_assets/pillow/bc59199379f03bc89dd45a88b4b65920,/cpfs/user/zhuzihou/assets/dedup_workspaces/test0_transitive_apply_parallel/dataset/GRScenes_assets/pillow/bc59199379f03bc89dd45a88b4b65920/usd/bc59199379f03bc89dd45a88b4b65920.usd
pillow,bc6333d7940a609d483541ade50a1c96,suspicious,0.107437,0.165539,320,tiny;ok;ok;ok,/cpfs/user/zhuzihou/assets/dedup_workspaces/test0_transitive_apply_parallel/dataset/GRScenes_assets/pillow/bc6333d7940a609d483541ade50a1c96,/cpfs/user/zhuzihou/assets/dedup_workspaces/test0_transitive_apply_parallel/dataset/GRScenes_assets/pillow/bc6333d7940a609d483541ade50a1c96/usd/bc6333d7940a609d483541ade50a1c96.usd
pillow,bea459399e80db205fbdc7ee817a7c8d,suspicious,0.098907,0.165394,259,blank;ok;ok;blank,/cpfs/user/zhuzihou/assets/dedup_workspaces/test0_transitive_apply_parallel/dataset/GRScenes_assets/pillow/bea459399e80db205fbdc7ee817a7c8d,/cpfs/user/zhuzihou/assets/dedup_workspaces/test0_transitive_apply_parallel/dataset/GRScenes_assets/pillow/bea459399e80db205fbdc7ee817a7c8d/usd/bea459399e80db205fbdc7ee817a7c8d.usd
pillow,beb7560706728baf26ee4eb52ae68dff,suspicious,0.046490,0.111702,242,ok;ok;blank;blank,/cpfs/user/zhuzihou/assets/dedup_workspaces/test0_transitive_apply_parallel/dataset/GRScenes_assets/pillow/beb7560706728baf26ee4eb52ae68dff,/cpfs/user/zhuzihou/assets/dedup_workspaces/test0_transitive_apply_parallel/dataset/GRScenes_assets/pillow/beb7560706728baf26ee4eb52ae68dff/usd/beb7560706728baf26ee4eb52ae68dff.usd
pillow,bf3d8a9298f510c1cf3edee0a9291f96,suspicious,0.065319,0.101337,239,ok;blank;blank;ok,/cpfs/user/zhuzihou/assets/dedup_workspaces/test0_transitive_apply_parallel/dataset/GRScenes_assets/pillow/bf3d8a9298f510c1cf3edee0a9291f96,/cpfs/user/zhuzihou/assets/dedup_workspaces/test0_transitive_apply_parallel/dataset/GRScenes_assets/pillow/bf3d8a9298f510c1cf3edee0a9291f96/usd/bf3d8a9298f510c1cf3edee0a9291f96.usd
pillow,c117afaa4f96a46e003c9afb68c93309,suspicious,0.086578,0.120644,251,ok;ok;blank;blank,/cpfs/user/zhuzihou/assets/dedup_workspaces/test0_transitive_apply_parallel/dataset/GRScenes_assets/pillow/c117afaa4f96a46e003c9afb68c93309,/cpfs/user/zhuzihou/assets/dedup_workspaces/test0_transitive_apply_parallel/dataset/GRScenes_assets/pillow/c117afaa4f96a46e003c9afb68c93309/usd/c117afaa4f96a46e003c9afb68c93309.usd
pillow,c19df048c27428984b768c80c31d15ac,suspicious,0.090092,0.105469,216,blank;ok;ok;blank,/cpfs/user/zhuzihou/assets/dedup_workspaces/test0_transitive_apply_parallel/dataset/GRScenes_assets/pillow/c19df048c27428984b768c80c31d15ac,/cpfs/user/zhuzihou/assets/dedup_workspaces/test0_transitive_apply_parallel/dataset/GRScenes_assets/pillow/c19df048c27428984b768c80c31d15ac/usd/c19df048c27428984b768c80c31d15ac.usd
pillow,c34739b26fd6b120b51c0c2321e846ea,suspicious,0.095093,0.116318,252,ok;ok;blank;blank,/cpfs/user/zhuzihou/assets/dedup_workspaces/test0_transitive_apply_parallel/dataset/GRScenes_assets/pillow/c34739b26fd6b120b51c0c2321e846ea,/cpfs/user/zhuzihou/assets/dedup_workspaces/test0_transitive_apply_parallel/dataset/GRScenes_assets/pillow/c34739b26fd6b120b51c0c2321e846ea/usd/c34739b26fd6b120b51c0c2321e846ea.usd
pillow,c3a3651a298e0cff6c78e913628e8fe2,suspicious,0.119473,0.174477,311,ok;ok;blank;blank,/cpfs/user/zhuzihou/assets/dedup_workspaces/test0_transitive_apply_parallel/dataset/GRScenes_assets/pillow/c3a3651a298e0cff6c78e913628e8fe2,/cpfs/user/zhuzihou/assets/dedup_workspaces/test0_transitive_apply_parallel/dataset/GRScenes_assets/pillow/c3a3651a298e0cff6c78e913628e8fe2/usd/c3a3651a298e0cff6c78e913628e8fe2.usd
pillow,c603e15cedb571443b09a00368f2a524,suspicious,0.121765,0.194031,314,ok;ok;blank;tiny,/cpfs/user/zhuzihou/assets/dedup_workspaces/test0_transitive_apply_parallel/dataset/GRScenes_assets/pillow/c603e15cedb571443b09a00368f2a524,/cpfs/user/zhuzihou/assets/dedup_workspaces/test0_transitive_apply_parallel/dataset/GRScenes_assets/pillow/c603e15cedb571443b09a00368f2a524/usd/c603e15cedb571443b09a00368f2a524.usd
pillow,c64c60c4238e4fa305cf26aff79057c6,suspicious,0.088272,0.115170,227,ok;ok;ok;blank,/cpfs/user/zhuzihou/assets/dedup_workspaces/test0_transitive_apply_parallel/dataset/GRScenes_assets/pillow/c64c60c4238e4fa305cf26aff79057c6,/cpfs/user/zhuzihou/assets/dedup_workspaces/test0_transitive_apply_parallel/dataset/GRScenes_assets/pillow/c64c60c4238e4fa305cf26aff79057c6/usd/c64c60c4238e4fa305cf26aff79057c6.usd
pillow,c875f73bbd5c4ff3f24a307e2e8b7819,suspicious,0.058205,0.155369,256,ok;ok;blank;blank,/cpfs/user/zhuzihou/assets/dedup_workspaces/test0_transitive_apply_parallel/dataset/GRScenes_assets/pillow/c875f73bbd5c4ff3f24a307e2e8b7819,/cpfs/user/zhuzihou/assets/dedup_workspaces/test0_transitive_apply_parallel/dataset/GRScenes_assets/pillow/c875f73bbd5c4ff3f24a307e2e8b7819/usd/c875f73bbd5c4ff3f24a307e2e8b7819.usd
pillow,c8a1766949de5ee51aa4e8f539aef459,suspicious,0.085316,0.154724,260,blank;ok;ok;blank,/cpfs/user/zhuzihou/assets/dedup_workspaces/test0_transitive_apply_parallel/dataset/GRScenes_assets/pillow/c8a1766949de5ee51aa4e8f539aef459,/cpfs/user/zhuzihou/assets/dedup_workspaces/test0_transitive_apply_parallel/dataset/GRScenes_assets/pillow/c8a1766949de5ee51aa4e8f539aef459/usd/c8a1766949de5ee51aa4e8f539aef459.usd
pillow,c909a34066fba611979c96a68d5aafa0,suspicious,0.085484,0.110939,234,blank;ok;ok;blank,/cpfs/user/zhuzihou/assets/dedup_workspaces/test0_transitive_apply_parallel/dataset/GRScenes_assets/pillow/c909a34066fba611979c96a68d5aafa0,/cpfs/user/zhuzihou/assets/dedup_workspaces/test0_transitive_apply_parallel/dataset/GRScenes_assets/pillow/c909a34066fba611979c96a68d5aafa0/usd/c909a34066fba611979c96a68d5aafa0.usd
pillow,c9379a9f29c3debd3834880b120d0a2f,suspicious,0.089165,0.151920,245,ok;ok;blank;blank,/cpfs/user/zhuzihou/assets/dedup_workspaces/test0_transitive_apply_parallel/dataset/GRScenes_assets/pillow/c9379a9f29c3debd3834880b120d0a2f,/cpfs/user/zhuzihou/assets/dedup_workspaces/test0_transitive_apply_parallel/dataset/GRScenes_assets/pillow/c9379a9f29c3debd3834880b120d0a2f/usd/c9379a9f29c3debd3834880b120d0a2f.usd
pillow,c9cd45edccbcf27200bd331c835410fe,suspicious,1.000000,1.000000,512,blank;ok;ok;ok,/cpfs/user/zhuzihou/assets/dedup_workspaces/test0_transitive_apply_parallel/dataset/GRScenes_assets/pillow/c9cd45edccbcf27200bd331c835410fe,/cpfs/user/zhuzihou/assets/dedup_workspaces/test0_transitive_apply_parallel/dataset/GRScenes_assets/pillow/c9cd45edccbcf27200bd331c835410fe/usd/c9cd45edccbcf27200bd331c835410fe.usd
pillow,c9d59f5f2f1c04fc696387ff386cf6b3,suspicious,0.099041,0.143143,212,blank;ok;ok;blank,/cpfs/user/zhuzihou/assets/dedup_workspaces/test0_transitive_apply_parallel/dataset/GRScenes_assets/pillow/c9d59f5f2f1c04fc696387ff386cf6b3,/cpfs/user/zhuzihou/assets/dedup_workspaces/test0_transitive_apply_parallel/dataset/GRScenes_assets/pillow/c9d59f5f2f1c04fc696387ff386cf6b3/usd/c9d59f5f2f1c04fc696387ff386cf6b3.usd
pillow,ca99f331db63cda016d63d49d12ef80d,suspicious,0.073376,0.115303,247,ok;ok;blank;blank,/cpfs/user/zhuzihou/assets/dedup_workspaces/test0_transitive_apply_parallel/dataset/GRScenes_assets/pillow/ca99f331db63cda016d63d49d12ef80d,/cpfs/user/zhuzihou/assets/dedup_workspaces/test0_transitive_apply_parallel/dataset/GRScenes_assets/pillow/ca99f331db63cda016d63d49d12ef80d/usd/ca99f331db63cda016d63d49d12ef80d.usd
pillow,cb6cb7d3e7e112ceb8a8ef96e5065768,suspicious,0.101452,0.121635,214,tiny;ok;ok;blank,/cpfs/user/zhuzihou/assets/dedup_workspaces/test0_transitive_apply_parallel/dataset/GRScenes_assets/pillow/cb6cb7d3e7e112ceb8a8ef96e5065768,/cpfs/user/zhuzihou/assets/dedup_workspaces/test0_transitive_apply_parallel/dataset/GRScenes_assets/pillow/cb6cb7d3e7e112ceb8a8ef96e5065768/usd/cb6cb7d3e7e112ceb8a8ef96e5065768.usd
pillow,cb73094aa9143cd83b1c2134d23c4130,suspicious,0.058563,0.086517,168,tiny;ok;blank;blank,/cpfs/user/zhuzihou/assets/dedup_workspaces/test0_transitive_apply_parallel/dataset/GRScenes_assets/pillow/cb73094aa9143cd83b1c2134d23c4130,/cpfs/user/zhuzihou/assets/dedup_workspaces/test0_transitive_apply_parallel/dataset/GRScenes_assets/pillow/cb73094aa9143cd83b1c2134d23c4130/usd/cb73094aa9143cd83b1c2134d23c4130.usd
pillow,cbbd8a85a93970b359864782d1bedf26,suspicious,0.114532,0.191483,282,ok;ok;tiny;tiny,/cpfs/user/zhuzihou/assets/dedup_workspaces/test0_transitive_apply_parallel/dataset/GRScenes_assets/pillow/cbbd8a85a93970b359864782d1bedf26,/cpfs/user/zhuzihou/assets/dedup_workspaces/test0_transitive_apply_parallel/dataset/GRScenes_assets/pillow/cbbd8a85a93970b359864782d1bedf26/usd/cbbd8a85a93970b359864782d1bedf26.usd
pillow,ccc274cdfc254e0747ee7275716512e7,suspicious,0.086426,0.119019,260,ok;ok;blank;blank,/cpfs/user/zhuzihou/assets/dedup_workspaces/test0_transitive_apply_parallel/dataset/GRScenes_assets/pillow/ccc274cdfc254e0747ee7275716512e7,/cpfs/user/zhuzihou/assets/dedup_workspaces/test0_transitive_apply_parallel/dataset/GRScenes_assets/pillow/ccc274cdfc254e0747ee7275716512e7/usd/ccc274cdfc254e0747ee7275716512e7.usd
pillow,cdb842dd7d8a1cf4cf2fed661dfbb029,suspicious,0.084831,0.101494,251,ok;ok;ok;blank,/cpfs/user/zhuzihou/assets/dedup_workspaces/test0_transitive_apply_parallel/dataset/GRScenes_assets/pillow/cdb842dd7d8a1cf4cf2fed661dfbb029,/cpfs/user/zhuzihou/assets/dedup_workspaces/test0_transitive_apply_parallel/dataset/GRScenes_assets/pillow/cdb842dd7d8a1cf4cf2fed661dfbb029/usd/cdb842dd7d8a1cf4cf2fed661dfbb029.usd
pillow,ceaa4a08877d4bc64ffd9fc56f0af66a,suspicious,0.137501,0.175705,308,ok;ok;tiny;ok,/cpfs/user/zhuzihou/assets/dedup_workspaces/test0_transitive_apply_parallel/dataset/GRScenes_assets/pillow/ceaa4a08877d4bc64ffd9fc56f0af66a,/cpfs/user/zhuzihou/assets/dedup_workspaces/test0_transitive_apply_parallel/dataset/GRScenes_assets/pillow/ceaa4a08877d4bc64ffd9fc56f0af66a/usd/ceaa4a08877d4bc64ffd9fc56f0af66a.usd
pillow,cf4e3087b12977a0f5b20034ce760570,suspicious,0.085445,0.113350,179,ok;ok;ok;blank,/cpfs/user/zhuzihou/assets/dedup_workspaces/test0_transitive_apply_parallel/dataset/GRScenes_assets/pillow/cf4e3087b12977a0f5b20034ce760570,/cpfs/user/zhuzihou/assets/dedup_workspaces/test0_transitive_apply_parallel/dataset/GRScenes_assets/pillow/cf4e3087b12977a0f5b20034ce760570/usd/cf4e3087b12977a0f5b20034ce760570.usd
pillow,d18134032c29b687a54c2e3484eac983,suspicious,0.062935,0.110298,265,ok;ok;blank;blank,/cpfs/user/zhuzihou/assets/dedup_workspaces/test0_transitive_apply_parallel/dataset/GRScenes_assets/pillow/d18134032c29b687a54c2e3484eac983,/cpfs/user/zhuzihou/assets/dedup_workspaces/test0_transitive_apply_parallel/dataset/GRScenes_assets/pillow/d18134032c29b687a54c2e3484eac983/usd/d18134032c29b687a54c2e3484eac983.usd
pillow,d1cb5fe3126e9d90787491ed1693d1f2,suspicious,0.072178,0.108147,270,ok;ok;blank;blank,/cpfs/user/zhuzihou/assets/dedup_workspaces/test0_transitive_apply_parallel/dataset/GRScenes_assets/pillow/d1cb5fe3126e9d90787491ed1693d1f2,/cpfs/user/zhuzihou/assets/dedup_workspaces/test0_transitive_apply_parallel/dataset/GRScenes_assets/pillow/d1cb5fe3126e9d90787491ed1693d1f2/usd/d1cb5fe3126e9d90787491ed1693d1f2.usd
pillow,d228d49262ad803a30a465f2c254f726,suspicious,0.096924,0.117920,248,ok;ok;tiny;blank,/cpfs/user/zhuzihou/assets/dedup_workspaces/test0_transitive_apply_parallel/dataset/GRScenes_assets/pillow/d228d49262ad803a30a465f2c254f726,/cpfs/user/zhuzihou/assets/dedup_workspaces/test0_transitive_apply_parallel/dataset/GRScenes_assets/pillow/d228d49262ad803a30a465f2c254f726/usd/d228d49262ad803a30a465f2c254f726.usd
pillow,d2b8ebb6598f91fb61b360646edd9904,suspicious,0.085133,0.132980,292,blank;ok;ok;blank,/cpfs/user/zhuzihou/assets/dedup_workspaces/test0_transitive_apply_parallel/dataset/GRScenes_assets/pillow/d2b8ebb6598f91fb61b360646edd9904,/cpfs/user/zhuzihou/assets/dedup_workspaces/test0_transitive_apply_parallel/dataset/GRScenes_assets/pillow/d2b8ebb6598f91fb61b360646edd9904/usd/d2b8ebb6598f91fb61b360646edd9904.usd
pillow,d3b46052f1fcafce373e71da1eefb226,suspicious,0.109612,0.131779,253,blank;ok;ok;blank,/cpfs/user/zhuzihou/assets/dedup_workspaces/test0_transitive_apply_parallel/dataset/GRScenes_assets/pillow/d3b46052f1fcafce373e71da1eefb226,/cpfs/user/zhuzihou/assets/dedup_workspaces/test0_transitive_apply_parallel/dataset/GRScenes_assets/pillow/d3b46052f1fcafce373e71da1eefb226/usd/d3b46052f1fcafce373e71da1eefb226.usd
pillow,d48ec230a3abe22ef34c8a0dadb51b65,suspicious,0.093876,0.162888,271,blank;ok;ok;blank,/cpfs/user/zhuzihou/assets/dedup_workspaces/test0_transitive_apply_parallel/dataset/GRScenes_assets/pillow/d48ec230a3abe22ef34c8a0dadb51b65,/cpfs/user/zhuzihou/assets/dedup_workspaces/test0_transitive_apply_parallel/dataset/GRScenes_assets/pillow/d48ec230a3abe22ef34c8a0dadb51b65/usd/d48ec230a3abe22ef34c8a0dadb51b65.usd
pillow,d576f10de4556dc133e51dc7f8c832e0,suspicious,0.063461,0.082703,297,blank;ok;ok;ok,/cpfs/user/zhuzihou/assets/dedup_workspaces/test0_transitive_apply_parallel/dataset/GRScenes_assets/pillow/d576f10de4556dc133e51dc7f8c832e0,/cpfs/user/zhuzihou/assets/dedup_workspaces/test0_transitive_apply_parallel/dataset/GRScenes_assets/pillow/d576f10de4556dc133e51dc7f8c832e0/usd/d576f10de4556dc133e51dc7f8c832e0.usd
pillow,d641bd54be0378d07d918b6074c48ca2,suspicious,0.101498,0.188324,281,ok;ok;blank;blank,/cpfs/user/zhuzihou/assets/dedup_workspaces/test0_transitive_apply_parallel/dataset/GRScenes_assets/pillow/d641bd54be0378d07d918b6074c48ca2,/cpfs/user/zhuzihou/assets/dedup_workspaces/test0_transitive_apply_parallel/dataset/GRScenes_assets/pillow/d641bd54be0378d07d918b6074c48ca2/usd/d641bd54be0378d07d918b6074c48ca2.usd
pillow,d6f2fa6fc738e32ed8434f1af9f3677b,suspicious,0.091438,0.134583,240,ok;ok;ok;blank,/cpfs/user/zhuzihou/assets/dedup_workspaces/test0_transitive_apply_parallel/dataset/GRScenes_assets/pillow/d6f2fa6fc738e32ed8434f1af9f3677b,/cpfs/user/zhuzihou/assets/dedup_workspaces/test0_transitive_apply_parallel/dataset/GRScenes_assets/pillow/d6f2fa6fc738e32ed8434f1af9f3677b/usd/d6f2fa6fc738e32ed8434f1af9f3677b.usd
pillow,d7401ae13996981ddab24300bf16062b,suspicious,0.062378,0.096893,234,ok;ok;blank;blank,/cpfs/user/zhuzihou/assets/dedup_workspaces/test0_transitive_apply_parallel/dataset/GRScenes_assets/pillow/d7401ae13996981ddab24300bf16062b,/cpfs/user/zhuzihou/assets/dedup_workspaces/test0_transitive_apply_parallel/dataset/GRScenes_assets/pillow/d7401ae13996981ddab24300bf16062b/usd/d7401ae13996981ddab24300bf16062b.usd
pillow,d7466baa0e937241ae2d528c3e90402a,suspicious,0.061695,0.088165,216,ok;blank;blank;blank,/cpfs/user/zhuzihou/assets/dedup_workspaces/test0_transitive_apply_parallel/dataset/GRScenes_assets/pillow/d7466baa0e937241ae2d528c3e90402a,/cpfs/user/zhuzihou/assets/dedup_workspaces/test0_transitive_apply_parallel/dataset/GRScenes_assets/pillow/d7466baa0e937241ae2d528c3e90402a/usd/d7466baa0e937241ae2d528c3e90402a.usd
pillow,d858f7419140dbf7d758a76e875e889e,suspicious,0.098362,0.131760,255,blank;ok;ok;blank,/cpfs/user/zhuzihou/assets/dedup_workspaces/test0_transitive_apply_parallel/dataset/GRScenes_assets/pillow/d858f7419140dbf7d758a76e875e889e,/cpfs/user/zhuzihou/assets/dedup_workspaces/test0_transitive_apply_parallel/dataset/GRScenes_assets/pillow/d858f7419140dbf7d758a76e875e889e/usd/d858f7419140dbf7d758a76e875e889e.usd
pillow,d8634a464040f96b402191fa8c923b54,suspicious,0.124367,0.180183,317,blank;ok;ok;ok,/cpfs/user/zhuzihou/assets/dedup_workspaces/test0_transitive_apply_parallel/dataset/GRScenes_assets/pillow/d8634a464040f96b402191fa8c923b54,/cpfs/user/zhuzihou/assets/dedup_workspaces/test0_transitive_apply_parallel/dataset/GRScenes_assets/pillow/d8634a464040f96b402191fa8c923b54/usd/d8634a464040f96b402191fa8c923b54.usd
pillow,d8e6b4f6044ff32b7fa795326cc068b9,suspicious,0.077354,0.125656,280,blank;ok;ok;blank,/cpfs/user/zhuzihou/assets/dedup_workspaces/test0_transitive_apply_parallel/dataset/GRScenes_assets/pillow/d8e6b4f6044ff32b7fa795326cc068b9,/cpfs/user/zhuzihou/assets/dedup_workspaces/test0_transitive_apply_parallel/dataset/GRScenes_assets/pillow/d8e6b4f6044ff32b7fa795326cc068b9/usd/d8e6b4f6044ff32b7fa795326cc068b9.usd
pillow,d92d5a97a77beb9debd1724423a2b8b9,suspicious,0.005562,0.117615,188,blank;ok;blank;blank,/cpfs/user/zhuzihou/assets/dedup_workspaces/test0_transitive_apply_parallel/dataset/GRScenes_assets/pillow/d92d5a97a77beb9debd1724423a2b8b9,/cpfs/user/zhuzihou/assets/dedup_workspaces/test0_transitive_apply_parallel/dataset/GRScenes_assets/pillow/d92d5a97a77beb9debd1724423a2b8b9/usd/d92d5a97a77beb9debd1724423a2b8b9.usd
pillow,da85c5fc59788cf1add71a3409a61ac7,suspicious,0.075180,0.107563,253,ok;ok;blank;blank,/cpfs/user/zhuzihou/assets/dedup_workspaces/test0_transitive_apply_parallel/dataset/GRScenes_assets/pillow/da85c5fc59788cf1add71a3409a61ac7,/cpfs/user/zhuzihou/assets/dedup_workspaces/test0_transitive_apply_parallel/dataset/GRScenes_assets/pillow/da85c5fc59788cf1add71a3409a61ac7/usd/da85c5fc59788cf1add71a3409a61ac7.usd
pillow,db51976e3967d342e81598ad6c10fbbd,suspicious,0.063015,0.085590,277,blank;ok;ok;blank,/cpfs/user/zhuzihou/assets/dedup_workspaces/test0_transitive_apply_parallel/dataset/GRScenes_assets/pillow/db51976e3967d342e81598ad6c10fbbd,/cpfs/user/zhuzihou/assets/dedup_workspaces/test0_transitive_apply_parallel/dataset/GRScenes_assets/pillow/db51976e3967d342e81598ad6c10fbbd/usd/db51976e3967d342e81598ad6c10fbbd.usd
pillow,db6e116ee1079037a068f15799f91e34,suspicious,0.105614,0.163376,288,ok;ok;tiny;ok,/cpfs/user/zhuzihou/assets/dedup_workspaces/test0_transitive_apply_parallel/dataset/GRScenes_assets/pillow/db6e116ee1079037a068f15799f91e34,/cpfs/user/zhuzihou/assets/dedup_workspaces/test0_transitive_apply_parallel/dataset/GRScenes_assets/pillow/db6e116ee1079037a068f15799f91e34/usd/db6e116ee1079037a068f15799f91e34.usd
pillow,dbd4310fef1ebeb3a437b362bb83ce42,suspicious,0.071182,0.108795,230,ok;ok;blank;blank,/cpfs/user/zhuzihou/assets/dedup_workspaces/test0_transitive_apply_parallel/dataset/GRScenes_assets/pillow/dbd4310fef1ebeb3a437b362bb83ce42,/cpfs/user/zhuzihou/assets/dedup_workspaces/test0_transitive_apply_parallel/dataset/GRScenes_assets/pillow/dbd4310fef1ebeb3a437b362bb83ce42/usd/dbd4310fef1ebeb3a437b362bb83ce42.usd
pillow,dca5f7bcd841fb3e0e68e60f1b1b88fc,suspicious,0.107185,0.168686,321,tiny;ok;ok;ok,/cpfs/user/zhuzihou/assets/dedup_workspaces/test0_transitive_apply_parallel/dataset/GRScenes_assets/pillow/dca5f7bcd841fb3e0e68e60f1b1b88fc,/cpfs/user/zhuzihou/assets/dedup_workspaces/test0_transitive_apply_parallel/dataset/GRScenes_assets/pillow/dca5f7bcd841fb3e0e68e60f1b1b88fc/usd/dca5f7bcd841fb3e0e68e60f1b1b88fc.usd
pillow,de738f7295e9372b0457faacdc771fff,suspicious,0.096230,0.119305,229,blank;ok;ok;blank,/cpfs/user/zhuzihou/assets/dedup_workspaces/test0_transitive_apply_parallel/dataset/GRScenes_assets/pillow/de738f7295e9372b0457faacdc771fff,/cpfs/user/zhuzihou/assets/dedup_workspaces/test0_transitive_apply_parallel/dataset/GRScenes_assets/pillow/de738f7295e9372b0457faacdc771fff/usd/de738f7295e9372b0457faacdc771fff.usd
pillow,df23b44468bf5ac5c62f89a64b9fddef,suspicious,0.107994,0.132294,259,ok;ok;tiny;ok,/cpfs/user/zhuzihou/assets/dedup_workspaces/test0_transitive_apply_parallel/dataset/GRScenes_assets/pillow/df23b44468bf5ac5c62f89a64b9fddef,/cpfs/user/zhuzihou/assets/dedup_workspaces/test0_transitive_apply_parallel/dataset/GRScenes_assets/pillow/df23b44468bf5ac5c62f89a64b9fddef/usd/df23b44468bf5ac5c62f89a64b9fddef.usd
pillow,e284c17d9f74bca96613c42487067316,suspicious,0.059551,0.101254,209,blank;ok;ok;blank,/cpfs/user/zhuzihou/assets/dedup_workspaces/test0_transitive_apply_parallel/dataset/GRScenes_assets/pillow/e284c17d9f74bca96613c42487067316,/cpfs/user/zhuzihou/assets/dedup_workspaces/test0_transitive_apply_parallel/dataset/GRScenes_assets/pillow/e284c17d9f74bca96613c42487067316/usd/e284c17d9f74bca96613c42487067316.usd
pillow,e2fbcb29d014f9d0ac6dd075bbfac487,suspicious,0.057381,0.102646,217,ok;ok;ok;blank,/cpfs/user/zhuzihou/assets/dedup_workspaces/test0_transitive_apply_parallel/dataset/GRScenes_assets/pillow/e2fbcb29d014f9d0ac6dd075bbfac487,/cpfs/user/zhuzihou/assets/dedup_workspaces/test0_transitive_apply_parallel/dataset/GRScenes_assets/pillow/e2fbcb29d014f9d0ac6dd075bbfac487/usd/e2fbcb29d014f9d0ac6dd075bbfac487.usd
pillow,e466c9d3efcc495d03d26e096fa60508,suspicious,0.101101,0.156689,265,blank;ok;ok;blank,/cpfs/user/zhuzihou/assets/dedup_workspaces/test0_transitive_apply_parallel/dataset/GRScenes_assets/pillow/e466c9d3efcc495d03d26e096fa60508,/cpfs/user/zhuzihou/assets/dedup_workspaces/test0_transitive_apply_parallel/dataset/GRScenes_assets/pillow/e466c9d3efcc495d03d26e096fa60508/usd/e466c9d3efcc495d03d26e096fa60508.usd
pillow,e6365efc407606e8e9b7a4e2f227624c,suspicious,1.000000,1.000000,512,blank;ok;tiny;ok,/cpfs/user/zhuzihou/assets/dedup_workspaces/test0_transitive_apply_parallel/dataset/GRScenes_assets/pillow/e6365efc407606e8e9b7a4e2f227624c,/cpfs/user/zhuzihou/assets/dedup_workspaces/test0_transitive_apply_parallel/dataset/GRScenes_assets/pillow/e6365efc407606e8e9b7a4e2f227624c/usd/e6365efc407606e8e9b7a4e2f227624c.usd
pillow,e7831bbdf9f774c4d139ae0b10bd62cd,suspicious,0.059811,0.081055,174,blank;ok;ok;ok,/cpfs/user/zhuzihou/assets/dedup_workspaces/test0_transitive_apply_parallel/dataset/GRScenes_assets/pillow/e7831bbdf9f774c4d139ae0b10bd62cd,/cpfs/user/zhuzihou/assets/dedup_workspaces/test0_transitive_apply_parallel/dataset/GRScenes_assets/pillow/e7831bbdf9f774c4d139ae0b10bd62cd/usd/e7831bbdf9f774c4d139ae0b10bd62cd.usd
pillow,ea10b64b7eca9e9ba1e8c0ee81dc2d28,suspicious,0.048664,0.118935,249,ok;ok;blank;blank,/cpfs/user/zhuzihou/assets/dedup_workspaces/test0_transitive_apply_parallel/dataset/GRScenes_assets/pillow/ea10b64b7eca9e9ba1e8c0ee81dc2d28,/cpfs/user/zhuzihou/assets/dedup_workspaces/test0_transitive_apply_parallel/dataset/GRScenes_assets/pillow/ea10b64b7eca9e9ba1e8c0ee81dc2d28/usd/ea10b64b7eca9e9ba1e8c0ee81dc2d28.usd
pillow,ea59dc32198f3bee9e55dd7e0e5ff366,suspicious,0.044945,0.062347,227,tiny;ok;ok;blank,/cpfs/user/zhuzihou/assets/dedup_workspaces/test0_transitive_apply_parallel/dataset/GRScenes_assets/pillow/ea59dc32198f3bee9e55dd7e0e5ff366,/cpfs/user/zhuzihou/assets/dedup_workspaces/test0_transitive_apply_parallel/dataset/GRScenes_assets/pillow/ea59dc32198f3bee9e55dd7e0e5ff366/usd/ea59dc32198f3bee9e55dd7e0e5ff366.usd
pillow,eab06b0230f83cbe0010b5531be23afa,suspicious,0.080517,0.106945,269,blank;ok;ok;ok,/cpfs/user/zhuzihou/assets/dedup_workspaces/test0_transitive_apply_parallel/dataset/GRScenes_assets/pillow/eab06b0230f83cbe0010b5531be23afa,/cpfs/user/zhuzihou/assets/dedup_workspaces/test0_transitive_apply_parallel/dataset/GRScenes_assets/pillow/eab06b0230f83cbe0010b5531be23afa/usd/eab06b0230f83cbe0010b5531be23afa.usd
pillow,eabb89ceb0d87deb2d99bf3ee9e87b8c,suspicious,0.075275,0.108387,231,ok;ok;ok;blank,/cpfs/user/zhuzihou/assets/dedup_workspaces/test0_transitive_apply_parallel/dataset/GRScenes_assets/pillow/eabb89ceb0d87deb2d99bf3ee9e87b8c,/cpfs/user/zhuzihou/assets/dedup_workspaces/test0_transitive_apply_parallel/dataset/GRScenes_assets/pillow/eabb89ceb0d87deb2d99bf3ee9e87b8c/usd/eabb89ceb0d87deb2d99bf3ee9e87b8c.usd
pillow,eba42d1f4ac69846a2708c644e85bf08,suspicious,0.056141,0.059280,259,blank;ok;ok;blank,/cpfs/user/zhuzihou/assets/dedup_workspaces/test0_transitive_apply_parallel/dataset/GRScenes_assets/pillow/eba42d1f4ac69846a2708c644e85bf08,/cpfs/user/zhuzihou/assets/dedup_workspaces/test0_transitive_apply_parallel/dataset/GRScenes_assets/pillow/eba42d1f4ac69846a2708c644e85bf08/usd/eba42d1f4ac69846a2708c644e85bf08.usd
pillow,eded3fd4d80a71c84be0982684447ef4,suspicious,0.090412,0.135651,254,blank;ok;ok;blank,/cpfs/user/zhuzihou/assets/dedup_workspaces/test0_transitive_apply_parallel/dataset/GRScenes_assets/pillow/eded3fd4d80a71c84be0982684447ef4,/cpfs/user/zhuzihou/assets/dedup_workspaces/test0_transitive_apply_parallel/dataset/GRScenes_assets/pillow/eded3fd4d80a71c84be0982684447ef4/usd/eded3fd4d80a71c84be0982684447ef4.usd
pillow,ee06ee2fc0dc7d620f2b458985822266,suspicious,0.064011,0.093109,216,blank;blank;ok;blank,/cpfs/user/zhuzihou/assets/dedup_workspaces/test0_transitive_apply_parallel/dataset/GRScenes_assets/pillow/ee06ee2fc0dc7d620f2b458985822266,/cpfs/user/zhuzihou/assets/dedup_workspaces/test0_transitive_apply_parallel/dataset/GRScenes_assets/pillow/ee06ee2fc0dc7d620f2b458985822266/usd/ee06ee2fc0dc7d620f2b458985822266.usd
pillow,ee39e37d289bdf900c09124ff917f377,suspicious,0.102589,0.138672,256,blank;ok;ok;blank,/cpfs/user/zhuzihou/assets/dedup_workspaces/test0_transitive_apply_parallel/dataset/GRScenes_assets/pillow/ee39e37d289bdf900c09124ff917f377,/cpfs/user/zhuzihou/assets/dedup_workspaces/test0_transitive_apply_parallel/dataset/GRScenes_assets/pillow/ee39e37d289bdf900c09124ff917f377/usd/ee39e37d289bdf900c09124ff917f377.usd
pillow,eee57f6f0a59d7b3d815e1d4ebd33ac3,suspicious,0.076302,0.112942,241,blank;ok;ok;blank,/cpfs/user/zhuzihou/assets/dedup_workspaces/test0_transitive_apply_parallel/dataset/GRScenes_assets/pillow/eee57f6f0a59d7b3d815e1d4ebd33ac3,/cpfs/user/zhuzihou/assets/dedup_workspaces/test0_transitive_apply_parallel/dataset/GRScenes_assets/pillow/eee57f6f0a59d7b3d815e1d4ebd33ac3/usd/eee57f6f0a59d7b3d815e1d4ebd33ac3.usd
pillow,f2679a3cb6671930aa5ffc9ab40f78b0,suspicious,0.101387,0.131161,219,ok;ok;blank;blank,/cpfs/user/zhuzihou/assets/dedup_workspaces/test0_transitive_apply_parallel/dataset/GRScenes_assets/pillow/f2679a3cb6671930aa5ffc9ab40f78b0,/cpfs/user/zhuzihou/assets/dedup_workspaces/test0_transitive_apply_parallel/dataset/GRScenes_assets/pillow/f2679a3cb6671930aa5ffc9ab40f78b0/usd/f2679a3cb6671930aa5ffc9ab40f78b0.usd
pillow,f3265d7e2f9118f30aa1a81e850096b4,suspicious,0.099487,0.124741,218,ok;ok;tiny;blank,/cpfs/user/zhuzihou/assets/dedup_workspaces/test0_transitive_apply_parallel/dataset/GRScenes_assets/pillow/f3265d7e2f9118f30aa1a81e850096b4,/cpfs/user/zhuzihou/assets/dedup_workspaces/test0_transitive_apply_parallel/dataset/GRScenes_assets/pillow/f3265d7e2f9118f30aa1a81e850096b4/usd/f3265d7e2f9118f30aa1a81e850096b4.usd
pillow,f328bae77494b48ab240305f08f5a021,suspicious,0.078407,0.113930,218,blank;blank;ok;ok,/cpfs/user/zhuzihou/assets/dedup_workspaces/test0_transitive_apply_parallel/dataset/GRScenes_assets/pillow/f328bae77494b48ab240305f08f5a021,/cpfs/user/zhuzihou/assets/dedup_workspaces/test0_transitive_apply_parallel/dataset/GRScenes_assets/pillow/f328bae77494b48ab240305f08f5a021/usd/f328bae77494b48ab240305f08f5a021.usd
pillow,f334c28ce51d6b1aa2dbfdd56c809484,suspicious,0.066948,0.104538,223,ok;blank;blank;ok,/cpfs/user/zhuzihou/assets/dedup_workspaces/test0_transitive_apply_parallel/dataset/GRScenes_assets/pillow/f334c28ce51d6b1aa2dbfdd56c809484,/cpfs/user/zhuzihou/assets/dedup_workspaces/test0_transitive_apply_parallel/dataset/GRScenes_assets/pillow/f334c28ce51d6b1aa2dbfdd56c809484/usd/f334c28ce51d6b1aa2dbfdd56c809484.usd
pillow,f34d7501eb149275433730a45bf5071e,suspicious,0.095795,0.153542,300,blank;ok;ok;blank,/cpfs/user/zhuzihou/assets/dedup_workspaces/test0_transitive_apply_parallel/dataset/GRScenes_assets/pillow/f34d7501eb149275433730a45bf5071e,/cpfs/user/zhuzihou/assets/dedup_workspaces/test0_transitive_apply_parallel/dataset/GRScenes_assets/pillow/f34d7501eb149275433730a45bf5071e/usd/f34d7501eb149275433730a45bf5071e.usd
pillow,f3c9d9e1c7136fe3910f81c03071dcb0,suspicious,0.069450,0.116020,298,tiny;ok;ok;tiny,/cpfs/user/zhuzihou/assets/dedup_workspaces/test0_transitive_apply_parallel/dataset/GRScenes_assets/pillow/f3c9d9e1c7136fe3910f81c03071dcb0,/cpfs/user/zhuzihou/assets/dedup_workspaces/test0_transitive_apply_parallel/dataset/GRScenes_assets/pillow/f3c9d9e1c7136fe3910f81c03071dcb0/usd/f3c9d9e1c7136fe3910f81c03071dcb0.usd
pillow,f41d42808b984bc5132c38489d2978bd,suspicious,0.091984,0.118835,264,blank;ok;ok;blank,/cpfs/user/zhuzihou/assets/dedup_workspaces/test0_transitive_apply_parallel/dataset/GRScenes_assets/pillow/f41d42808b984bc5132c38489d2978bd,/cpfs/user/zhuzihou/assets/dedup_workspaces/test0_transitive_apply_parallel/dataset/GRScenes_assets/pillow/f41d42808b984bc5132c38489d2978bd/usd/f41d42808b984bc5132c38489d2978bd.usd
pillow,f4b294a04ae7d99f1054fbb095cfb3ca,suspicious,0.122555,0.182785,304,ok;ok;tiny;tiny,/cpfs/user/zhuzihou/assets/dedup_workspaces/test0_transitive_apply_parallel/dataset/GRScenes_assets/pillow/f4b294a04ae7d99f1054fbb095cfb3ca,/cpfs/user/zhuzihou/assets/dedup_workspaces/test0_transitive_apply_parallel/dataset/GRScenes_assets/pillow/f4b294a04ae7d99f1054fbb095cfb3ca/usd/f4b294a04ae7d99f1054fbb095cfb3ca.usd
pillow,f53313ff6d06c7ed2350152164511b85,suspicious,0.099113,0.126068,273,ok;ok;ok;blank,/cpfs/user/zhuzihou/assets/dedup_workspaces/test0_transitive_apply_parallel/dataset/GRScenes_assets/pillow/f53313ff6d06c7ed2350152164511b85,/cpfs/user/zhuzihou/assets/dedup_workspaces/test0_transitive_apply_parallel/dataset/GRScenes_assets/pillow/f53313ff6d06c7ed2350152164511b85/usd/f53313ff6d06c7ed2350152164511b85.usd
pillow,f60eb5426bf10efe6db67c1985468ef9,suspicious,0.084736,0.101494,251,ok;ok;ok;blank,/cpfs/user/zhuzihou/assets/dedup_workspaces/test0_transitive_apply_parallel/dataset/GRScenes_assets/pillow/f60eb5426bf10efe6db67c1985468ef9,/cpfs/user/zhuzihou/assets/dedup_workspaces/test0_transitive_apply_parallel/dataset/GRScenes_assets/pillow/f60eb5426bf10efe6db67c1985468ef9/usd/f60eb5426bf10efe6db67c1985468ef9.usd
pillow,fb7dd4a36ffcacf95bc58f34fd5f7c1e,suspicious,0.026752,0.037788,254,ok;ok;tiny;ok,/cpfs/user/zhuzihou/assets/dedup_workspaces/test0_transitive_apply_parallel/dataset/GRScenes_assets/pillow/fb7dd4a36ffcacf95bc58f34fd5f7c1e,/cpfs/user/zhuzihou/assets/dedup_workspaces/test0_transitive_apply_parallel/dataset/GRScenes_assets/pillow/fb7dd4a36ffcacf95bc58f34fd5f7c1e/usd/fb7dd4a36ffcacf95bc58f34fd5f7c1e.usd
pillow,fba728a98ca25b9e4891c5573e7d02a9,suspicious,0.057850,0.091499,220,ok;ok;ok;blank,/cpfs/user/zhuzihou/assets/dedup_workspaces/test0_transitive_apply_parallel/dataset/GRScenes_assets/pillow/fba728a98ca25b9e4891c5573e7d02a9,/cpfs/user/zhuzihou/assets/dedup_workspaces/test0_transitive_apply_parallel/dataset/GRScenes_assets/pillow/fba728a98ca25b9e4891c5573e7d02a9/usd/fba728a98ca25b9e4891c5573e7d02a9.usd
pillow,fdec63ed629f8412924ffbb0f14c01db,suspicious,0.110218,0.161762,320,ok;ok;blank;blank,/cpfs/user/zhuzihou/assets/dedup_workspaces/test0_transitive_apply_parallel/dataset/GRScenes_assets/pillow/fdec63ed629f8412924ffbb0f14c01db,/cpfs/user/zhuzihou/assets/dedup_workspaces/test0_transitive_apply_parallel/dataset/GRScenes_assets/pillow/fdec63ed629f8412924ffbb0f14c01db/usd/fdec63ed629f8412924ffbb0f14c01db.usd
pillow,ff9aaf0d8a87911dc6ca0a73fa9089fe,suspicious,0.092529,0.158638,264,blank;ok;ok;blank,/cpfs/user/zhuzihou/assets/dedup_workspaces/test0_transitive_apply_parallel/dataset/GRScenes_assets/pillow/ff9aaf0d8a87911dc6ca0a73fa9089fe,/cpfs/user/zhuzihou/assets/dedup_workspaces/test0_transitive_apply_parallel/dataset/GRScenes_assets/pillow/ff9aaf0d8a87911dc6ca0a73fa9089fe/usd/ff9aaf0d8a87911dc6ca0a73fa9089fe.usd
plant,03f04155efc33ea805af13cb31f3ce86,suspicious,0.036102,0.079632,212,ok;ok;blank;ok,/cpfs/user/zhuzihou/assets/dedup_workspaces/test0_transitive_apply_parallel/dataset/GRScenes_assets/plant/03f04155efc33ea805af13cb31f3ce86,/cpfs/user/zhuzihou/assets/dedup_workspaces/test0_transitive_apply_parallel/dataset/GRScenes_assets/plant/03f04155efc33ea805af13cb31f3ce86/usd/03f04155efc33ea805af13cb31f3ce86.usd
plant,0dd7f9190bac61889175c2bfb48570b6,suspicious,0.907322,1.000000,512,ok;blank;ok;blank,/cpfs/user/zhuzihou/assets/dedup_workspaces/test0_transitive_apply_parallel/dataset/GRScenes_assets/plant/0dd7f9190bac61889175c2bfb48570b6,/cpfs/user/zhuzihou/assets/dedup_workspaces/test0_transitive_apply_parallel/dataset/GRScenes_assets/plant/0dd7f9190bac61889175c2bfb48570b6/usd/0dd7f9190bac61889175c2bfb48570b6.usd
plant,120ac6d4ab5f8fd044d9013d492a03be,suspicious,0.088310,0.113983,180,blank;ok;ok;tiny,/cpfs/user/zhuzihou/assets/dedup_workspaces/test0_transitive_apply_parallel/dataset/GRScenes_assets/plant/120ac6d4ab5f8fd044d9013d492a03be,/cpfs/user/zhuzihou/assets/dedup_workspaces/test0_transitive_apply_parallel/dataset/GRScenes_assets/plant/120ac6d4ab5f8fd044d9013d492a03be/usd/120ac6d4ab5f8fd044d9013d492a03be.usd
plant,2a3dc18d904961af9f4a0ae5317e018b,suspicious,0.066425,0.137131,249,ok;ok;ok;blank,/cpfs/user/zhuzihou/assets/dedup_workspaces/test0_transitive_apply_parallel/dataset/GRScenes_assets/plant/2a3dc18d904961af9f4a0ae5317e018b,/cpfs/user/zhuzihou/assets/dedup_workspaces/test0_transitive_apply_parallel/dataset/GRScenes_assets/plant/2a3dc18d904961af9f4a0ae5317e018b/usd/2a3dc18d904961af9f4a0ae5317e018b.usd
plant,2d8924ba6a9206a9a0b4854e8884d1bc,suspicious,0.051956,0.119629,196,tiny;ok;ok;blank,/cpfs/user/zhuzihou/assets/dedup_workspaces/test0_transitive_apply_parallel/dataset/GRScenes_assets/plant/2d8924ba6a9206a9a0b4854e8884d1bc,/cpfs/user/zhuzihou/assets/dedup_workspaces/test0_transitive_apply_parallel/dataset/GRScenes_assets/plant/2d8924ba6a9206a9a0b4854e8884d1bc/usd/2d8924ba6a9206a9a0b4854e8884d1bc.usd
plant,319b686ab1093c1d5c50196650642403,blank,0.000000,0.000000,0,blank;blank;blank;blank,/cpfs/user/zhuzihou/assets/dedup_workspaces/test0_transitive_apply_parallel/dataset/GRScenes_assets/plant/319b686ab1093c1d5c50196650642403,/cpfs/user/zhuzihou/assets/dedup_workspaces/test0_transitive_apply_parallel/dataset/GRScenes_assets/plant/319b686ab1093c1d5c50196650642403/usd/319b686ab1093c1d5c50196650642403.usd
plant,334980fd8eecd2c120cd2963d73ea772,suspicious,0.069706,0.099335,210,ok;blank;blank;blank,/cpfs/user/zhuzihou/assets/dedup_workspaces/test0_transitive_apply_parallel/dataset/GRScenes_assets/plant/334980fd8eecd2c120cd2963d73ea772,/cpfs/user/zhuzihou/assets/dedup_workspaces/test0_transitive_apply_parallel/dataset/GRScenes_assets/plant/334980fd8eecd2c120cd2963d73ea772/usd/334980fd8eecd2c120cd2963d73ea772.usd
plant,41d3faf42affbe1a4a010d67cdd90064,suspicious,0.071228,0.089451,191,ok;ok;blank;ok,/cpfs/user/zhuzihou/assets/dedup_workspaces/test0_transitive_apply_parallel/dataset/GRScenes_assets/plant/41d3faf42affbe1a4a010d67cdd90064,/cpfs/user/zhuzihou/assets/dedup_workspaces/test0_transitive_apply_parallel/dataset/GRScenes_assets/plant/41d3faf42affbe1a4a010d67cdd90064/usd/41d3faf42affbe1a4a010d67cdd90064.usd
plant,4b29674acc0cd5421c93c3f6c1f5c094,suspicious,0.020710,0.096558,240,blank;ok;ok;ok,/cpfs/user/zhuzihou/assets/dedup_workspaces/test0_transitive_apply_parallel/dataset/GRScenes_assets/plant/4b29674acc0cd5421c93c3f6c1f5c094,/cpfs/user/zhuzihou/assets/dedup_workspaces/test0_transitive_apply_parallel/dataset/GRScenes_assets/plant/4b29674acc0cd5421c93c3f6c1f5c094/usd/4b29674acc0cd5421c93c3f6c1f5c094.usd
plant,53a411d1c2a79affa0e765eff2f880b5,blank,0.000324,0.000412,12,blank;blank;blank;blank,/cpfs/user/zhuzihou/assets/dedup_workspaces/test0_transitive_apply_parallel/dataset/GRScenes_assets/plant/53a411d1c2a79affa0e765eff2f880b5,/cpfs/user/zhuzihou/assets/dedup_workspaces/test0_transitive_apply_parallel/dataset/GRScenes_assets/plant/53a411d1c2a79affa0e765eff2f880b5/usd/53a411d1c2a79affa0e765eff2f880b5.usd
plant,729ab87799e46be9f7cc12c4d2ef440b,suspicious,0.124317,0.414963,490,ok;blank;ok;blank,/cpfs/user/zhuzihou/assets/dedup_workspaces/test0_transitive_apply_parallel/dataset/GRScenes_assets/plant/729ab87799e46be9f7cc12c4d2ef440b,/cpfs/user/zhuzihou/assets/dedup_workspaces/test0_transitive_apply_parallel/dataset/GRScenes_assets/plant/729ab87799e46be9f7cc12c4d2ef440b/usd/729ab87799e46be9f7cc12c4d2ef440b.usd
plate,322a9eb10e0e859a07a296fc78ab3dd8,suspicious,0.107746,0.137466,252,ok;ok;blank;blank,/cpfs/user/zhuzihou/assets/dedup_workspaces/test0_transitive_apply_parallel/dataset/GRScenes_assets/plate/322a9eb10e0e859a07a296fc78ab3dd8,/cpfs/user/zhuzihou/assets/dedup_workspaces/test0_transitive_apply_parallel/dataset/GRScenes_assets/plate/322a9eb10e0e859a07a296fc78ab3dd8/usd/322a9eb10e0e859a07a296fc78ab3dd8.usd
plate,3a2821ef33b98eff27dc9cdb40e94859,suspicious,0.089470,0.115185,213,blank;ok;ok;blank,/cpfs/user/zhuzihou/assets/dedup_workspaces/test0_transitive_apply_parallel/dataset/GRScenes_assets/plate/3a2821ef33b98eff27dc9cdb40e94859,/cpfs/user/zhuzihou/assets/dedup_workspaces/test0_transitive_apply_parallel/dataset/GRScenes_assets/plate/3a2821ef33b98eff27dc9cdb40e94859/usd/3a2821ef33b98eff27dc9cdb40e94859.usd
plate,6d870adb2ef2098d957e04a95e86ebef,suspicious,0.200123,0.254860,262,tiny;ok;ok;ok,/cpfs/user/zhuzihou/assets/dedup_workspaces/test0_transitive_apply_parallel/dataset/GRScenes_assets/plate/6d870adb2ef2098d957e04a95e86ebef,/cpfs/user/zhuzihou/assets/dedup_workspaces/test0_transitive_apply_parallel/dataset/GRScenes_assets/plate/6d870adb2ef2098d957e04a95e86ebef/usd/6d870adb2ef2098d957e04a95e86ebef.usd
plate,76215d6357009fcb926cc0f7f9cf5726,suspicious,0.098480,0.126892,252,blank;ok;ok;blank,/cpfs/user/zhuzihou/assets/dedup_workspaces/test0_transitive_apply_parallel/dataset/GRScenes_assets/plate/76215d6357009fcb926cc0f7f9cf5726,/cpfs/user/zhuzihou/assets/dedup_workspaces/test0_transitive_apply_parallel/dataset/GRScenes_assets/plate/76215d6357009fcb926cc0f7f9cf5726/usd/76215d6357009fcb926cc0f7f9cf5726.usd
plate,79421ccf775763345a5b0056f23ecb43,suspicious,0.095081,0.114815,202,blank;ok;ok;ok,/cpfs/user/zhuzihou/assets/dedup_workspaces/test0_transitive_apply_parallel/dataset/GRScenes_assets/plate/79421ccf775763345a5b0056f23ecb43,/cpfs/user/zhuzihou/assets/dedup_workspaces/test0_transitive_apply_parallel/dataset/GRScenes_assets/plate/79421ccf775763345a5b0056f23ecb43/usd/79421ccf775763345a5b0056f23ecb43.usd
plate,d75c9ef6ed93b777f945c27e70a91ed3,suspicious,0.101997,0.129730,230,ok;ok;ok;blank,/cpfs/user/zhuzihou/assets/dedup_workspaces/test0_transitive_apply_parallel/dataset/GRScenes_assets/plate/d75c9ef6ed93b777f945c27e70a91ed3,/cpfs/user/zhuzihou/assets/dedup_workspaces/test0_transitive_apply_parallel/dataset/GRScenes_assets/plate/d75c9ef6ed93b777f945c27e70a91ed3/usd/d75c9ef6ed93b777f945c27e70a91ed3.usd
shelf,00885608b8b4da4af6b1929c2dff5e62,suspicious,0.119171,0.143738,240,ok;blank;ok;blank,/cpfs/user/zhuzihou/assets/dedup_workspaces/test0_transitive_apply_parallel/dataset/GRScenes_assets/shelf/00885608b8b4da4af6b1929c2dff5e62,/cpfs/user/zhuzihou/assets/dedup_workspaces/test0_transitive_apply_parallel/dataset/GRScenes_assets/shelf/00885608b8b4da4af6b1929c2dff5e62/usd/00885608b8b4da4af6b1929c2dff5e62.usd
shelf,12b876c3949b0feee6b7cde6593a220d,suspicious,0.061104,0.116520,205,ok;blank;ok;blank,/cpfs/user/zhuzihou/assets/dedup_workspaces/test0_transitive_apply_parallel/dataset/GRScenes_assets/shelf/12b876c3949b0feee6b7cde6593a220d,/cpfs/user/zhuzihou/assets/dedup_workspaces/test0_transitive_apply_parallel/dataset/GRScenes_assets/shelf/12b876c3949b0feee6b7cde6593a220d/usd/12b876c3949b0feee6b7cde6593a220d.usd
shelf,5bd065e4b72ca0a5acfbc18c9b61e6ea,suspicious,0.115276,0.137466,234,ok;blank;ok;blank,/cpfs/user/zhuzihou/assets/dedup_workspaces/test0_transitive_apply_parallel/dataset/GRScenes_assets/shelf/5bd065e4b72ca0a5acfbc18c9b61e6ea,/cpfs/user/zhuzihou/assets/dedup_workspaces/test0_transitive_apply_parallel/dataset/GRScenes_assets/shelf/5bd065e4b72ca0a5acfbc18c9b61e6ea/usd/5bd065e4b72ca0a5acfbc18c9b61e6ea.usd
shelf,6b21424e84bba4cc3aae6072b7fd0954,suspicious,0.054882,0.096130,180,ok;blank;ok;blank,/cpfs/user/zhuzihou/assets/dedup_workspaces/test0_transitive_apply_parallel/dataset/GRScenes_assets/shelf/6b21424e84bba4cc3aae6072b7fd0954,/cpfs/user/zhuzihou/assets/dedup_workspaces/test0_transitive_apply_parallel/dataset/GRScenes_assets/shelf/6b21424e84bba4cc3aae6072b7fd0954/usd/6b21424e84bba4cc3aae6072b7fd0954.usd
shelf,7f071217a0b04b23635a5acb88793b46,suspicious,0.021259,0.029297,512,blank;tiny;ok;ok,/cpfs/user/zhuzihou/assets/dedup_workspaces/test0_transitive_apply_parallel/dataset/GRScenes_assets/shelf/7f071217a0b04b23635a5acb88793b46,/cpfs/user/zhuzihou/assets/dedup_workspaces/test0_transitive_apply_parallel/dataset/GRScenes_assets/shelf/7f071217a0b04b23635a5acb88793b46/usd/7f071217a0b04b23635a5acb88793b46.usd
shelf,83cfa35165806d387a2417b3f60eebc8,suspicious,0.061256,0.092506,194,ok;blank;ok;blank,/cpfs/user/zhuzihou/assets/dedup_workspaces/test0_transitive_apply_parallel/dataset/GRScenes_assets/shelf/83cfa35165806d387a2417b3f60eebc8,/cpfs/user/zhuzihou/assets/dedup_workspaces/test0_transitive_apply_parallel/dataset/GRScenes_assets/shelf/83cfa35165806d387a2417b3f60eebc8/usd/83cfa35165806d387a2417b3f60eebc8.usd
shelf,92d1e3b8c581d92820ed1478e15472af,suspicious,0.080376,0.164383,252,ok;ok;blank;ok,/cpfs/user/zhuzihou/assets/dedup_workspaces/test0_transitive_apply_parallel/dataset/GRScenes_assets/shelf/92d1e3b8c581d92820ed1478e15472af,/cpfs/user/zhuzihou/assets/dedup_workspaces/test0_transitive_apply_parallel/dataset/GRScenes_assets/shelf/92d1e3b8c581d92820ed1478e15472af/usd/92d1e3b8c581d92820ed1478e15472af.usd
shelf,b5d2e6e656e9006b8a0f50fc9edc18fc,suspicious,0.063450,0.080750,196,ok;blank;ok;blank,/cpfs/user/zhuzihou/assets/dedup_workspaces/test0_transitive_apply_parallel/dataset/GRScenes_assets/shelf/b5d2e6e656e9006b8a0f50fc9edc18fc,/cpfs/user/zhuzihou/assets/dedup_workspaces/test0_transitive_apply_parallel/dataset/GRScenes_assets/shelf/b5d2e6e656e9006b8a0f50fc9edc18fc/usd/b5d2e6e656e9006b8a0f50fc9edc18fc.usd
shelf,c3efec54e1818f894ebe2a7b0e4c9a2f,suspicious,0.018555,0.032898,154,tiny;ok;ok;ok,/cpfs/user/zhuzihou/assets/dedup_workspaces/test0_transitive_apply_parallel/dataset/GRScenes_assets/shelf/c3efec54e1818f894ebe2a7b0e4c9a2f,/cpfs/user/zhuzihou/assets/dedup_workspaces/test0_transitive_apply_parallel/dataset/GRScenes_assets/shelf/c3efec54e1818f894ebe2a7b0e4c9a2f/usd/c3efec54e1818f894ebe2a7b0e4c9a2f.usd
shelf,f170edca81f4bd7332bb2b3688405bca,suspicious,0.018303,0.020897,249,ok;ok;blank;ok,/cpfs/user/zhuzihou/assets/dedup_workspaces/test0_transitive_apply_parallel/dataset/GRScenes_assets/shelf/f170edca81f4bd7332bb2b3688405bca,/cpfs/user/zhuzihou/assets/dedup_workspaces/test0_transitive_apply_parallel/dataset/GRScenes_assets/shelf/f170edca81f4bd7332bb2b3688405bca/usd/f170edca81f4bd7332bb2b3688405bca.usd
shoe,4aec2cad69508d32080e6d5fa7dd483e,suspicious,0.053894,0.130463,200,ok;blank;blank;blank,/cpfs/user/zhuzihou/assets/dedup_workspaces/test0_transitive_apply_parallel/dataset/GRScenes_assets/shoe/4aec2cad69508d32080e6d5fa7dd483e,/cpfs/user/zhuzihou/assets/dedup_workspaces/test0_transitive_apply_parallel/dataset/GRScenes_assets/shoe/4aec2cad69508d32080e6d5fa7dd483e/usd/4aec2cad69508d32080e6d5fa7dd483e.usd
shoe,8c96e2cb36e629b3b08ac520026be6a9,suspicious,0.053066,0.130348,201,blank;blank;ok;blank,/cpfs/user/zhuzihou/assets/dedup_workspaces/test0_transitive_apply_parallel/dataset/GRScenes_assets/shoe/8c96e2cb36e629b3b08ac520026be6a9,/cpfs/user/zhuzihou/assets/dedup_workspaces/test0_transitive_apply_parallel/dataset/GRScenes_assets/shoe/8c96e2cb36e629b3b08ac520026be6a9/usd/8c96e2cb36e629b3b08ac520026be6a9.usd
table,76c7a7e7c945a8bfea9c257cc2011559,suspicious,0.020462,0.070496,140,blank;blank;blank;ok,/cpfs/user/zhuzihou/assets/dedup_workspaces/test0_transitive_apply_parallel/dataset/GRScenes_assets/table/76c7a7e7c945a8bfea9c257cc2011559,/cpfs/user/zhuzihou/assets/dedup_workspaces/test0_transitive_apply_parallel/dataset/GRScenes_assets/table/76c7a7e7c945a8bfea9c257cc2011559/usd/76c7a7e7c945a8bfea9c257cc2011559.usd
towel,0e2d2e1973dd211b02b23815e808ac73,suspicious,0.192959,0.378906,512,ok;ok;ok;tiny,/cpfs/user/zhuzihou/assets/dedup_workspaces/test0_transitive_apply_parallel/dataset/GRScenes_assets/towel/0e2d2e1973dd211b02b23815e808ac73,/cpfs/user/zhuzihou/assets/dedup_workspaces/test0_transitive_apply_parallel/dataset/GRScenes_assets/towel/0e2d2e1973dd211b02b23815e808ac73/usd/0e2d2e1973dd211b02b23815e808ac73.usd
towel,1236401d78c6a06fe442757b30ed51f4,suspicious,0.114231,0.126465,224,ok;tiny;ok;ok,/cpfs/user/zhuzihou/assets/dedup_workspaces/test0_transitive_apply_parallel/dataset/GRScenes_assets/towel/1236401d78c6a06fe442757b30ed51f4,/cpfs/user/zhuzihou/assets/dedup_workspaces/test0_transitive_apply_parallel/dataset/GRScenes_assets/towel/1236401d78c6a06fe442757b30ed51f4/usd/1236401d78c6a06fe442757b30ed51f4.usd
towel,1fc65dfa98729079b9aa800c4659787f,suspicious,0.116985,0.142464,263,ok;ok;ok;blank,/cpfs/user/zhuzihou/assets/dedup_workspaces/test0_transitive_apply_parallel/dataset/GRScenes_assets/towel/1fc65dfa98729079b9aa800c4659787f,/cpfs/user/zhuzihou/assets/dedup_workspaces/test0_transitive_apply_parallel/dataset/GRScenes_assets/towel/1fc65dfa98729079b9aa800c4659787f/usd/1fc65dfa98729079b9aa800c4659787f.usd
towel,4f516d9c6cba95cd4e2b52a4e214b9d7,suspicious,0.331421,0.414062,512,ok;tiny;ok;ok,/cpfs/user/zhuzihou/assets/dedup_workspaces/test0_transitive_apply_parallel/dataset/GRScenes_assets/towel/4f516d9c6cba95cd4e2b52a4e214b9d7,/cpfs/user/zhuzihou/assets/dedup_workspaces/test0_transitive_apply_parallel/dataset/GRScenes_assets/towel/4f516d9c6cba95cd4e2b52a4e214b9d7/usd/4f516d9c6cba95cd4e2b52a4e214b9d7.usd
towel,50f46fb7a1912a73ec321273a0956ae1,suspicious,0.055485,0.062988,201,ok;ok;tiny;ok,/cpfs/user/zhuzihou/assets/dedup_workspaces/test0_transitive_apply_parallel/dataset/GRScenes_assets/towel/50f46fb7a1912a73ec321273a0956ae1,/cpfs/user/zhuzihou/assets/dedup_workspaces/test0_transitive_apply_parallel/dataset/GRScenes_assets/towel/50f46fb7a1912a73ec321273a0956ae1/usd/50f46fb7a1912a73ec321273a0956ae1.usd
towel,6568e0645616074f53ec54bee02f3654,suspicious,0.086189,0.106834,209,ok;blank;ok;ok,/cpfs/user/zhuzihou/assets/dedup_workspaces/test0_transitive_apply_parallel/dataset/GRScenes_assets/towel/6568e0645616074f53ec54bee02f3654,/cpfs/user/zhuzihou/assets/dedup_workspaces/test0_transitive_apply_parallel/dataset/GRScenes_assets/towel/6568e0645616074f53ec54bee02f3654/usd/6568e0645616074f53ec54bee02f3654.usd
towel,8416d985b89aa0917c8ee782e98b580e,suspicious,0.077637,0.116936,234,ok;ok;ok;tiny,/cpfs/user/zhuzihou/assets/dedup_workspaces/test0_transitive_apply_parallel/dataset/GRScenes_assets/towel/8416d985b89aa0917c8ee782e98b580e,/cpfs/user/zhuzihou/assets/dedup_workspaces/test0_transitive_apply_parallel/dataset/GRScenes_assets/towel/8416d985b89aa0917c8ee782e98b580e/usd/8416d985b89aa0917c8ee782e98b580e.usd
towel,b5be14e332c93799df8b568152c993f7,suspicious,0.093636,0.103107,288,ok;ok;blank;ok,/cpfs/user/zhuzihou/assets/dedup_workspaces/test0_transitive_apply_parallel/dataset/GRScenes_assets/towel/b5be14e332c93799df8b568152c993f7,/cpfs/user/zhuzihou/assets/dedup_workspaces/test0_transitive_apply_parallel/dataset/GRScenes_assets/towel/b5be14e332c93799df8b568152c993f7/usd/b5be14e332c93799df8b568152c993f7.usd
toy,04810c8eaede7894be81e43fe1be5b46,suspicious,0.025715,0.110577,287,ok;blank;blank;blank,/cpfs/user/zhuzihou/assets/dedup_workspaces/test0_transitive_apply_parallel/dataset/GRScenes_assets/toy/04810c8eaede7894be81e43fe1be5b46,/cpfs/user/zhuzihou/assets/dedup_workspaces/test0_transitive_apply_parallel/dataset/GRScenes_assets/toy/04810c8eaede7894be81e43fe1be5b46/usd/04810c8eaede7894be81e43fe1be5b46.usd
toy,08ea8e9d373658849b561c1a41bb48f4,suspicious,0.042969,0.100601,512,ok;ok;ok;tiny,/cpfs/user/zhuzihou/assets/dedup_workspaces/test0_transitive_apply_parallel/dataset/GRScenes_assets/toy/08ea8e9d373658849b561c1a41bb48f4,/cpfs/user/zhuzihou/assets/dedup_workspaces/test0_transitive_apply_parallel/dataset/GRScenes_assets/toy/08ea8e9d373658849b561c1a41bb48f4/usd/08ea8e9d373658849b561c1a41bb48f4.usd
toy,103864e12827d20178a537496956e40a,suspicious,0.092400,0.095718,204,blank;ok;ok;blank,/cpfs/user/zhuzihou/assets/dedup_workspaces/test0_transitive_apply_parallel/dataset/GRScenes_assets/toy/103864e12827d20178a537496956e40a,/cpfs/user/zhuzihou/assets/dedup_workspaces/test0_transitive_apply_parallel/dataset/GRScenes_assets/toy/103864e12827d20178a537496956e40a/usd/103864e12827d20178a537496956e40a.usd
toy,10f92272195b1c70c1d96857e2fcece4,suspicious,0.092545,0.130898,292,ok;ok;ok;blank,/cpfs/user/zhuzihou/assets/dedup_workspaces/test0_transitive_apply_parallel/dataset/GRScenes_assets/toy/10f92272195b1c70c1d96857e2fcece4,/cpfs/user/zhuzihou/assets/dedup_workspaces/test0_transitive_apply_parallel/dataset/GRScenes_assets/toy/10f92272195b1c70c1d96857e2fcece4/usd/10f92272195b1c70c1d96857e2fcece4.usd
toy,311a13fa2a90f8db82e15c552739c927,suspicious,0.046200,0.080566,252,ok;blank;ok;ok,/cpfs/user/zhuzihou/assets/dedup_workspaces/test0_transitive_apply_parallel/dataset/GRScenes_assets/toy/311a13fa2a90f8db82e15c552739c927,/cpfs/user/zhuzihou/assets/dedup_workspaces/test0_transitive_apply_parallel/dataset/GRScenes_assets/toy/311a13fa2a90f8db82e15c552739c927/usd/311a13fa2a90f8db82e15c552739c927.usd
toy,52d3022fb9abe6ebf6279632ccc5d241,suspicious,0.040257,0.044746,230,ok;blank;ok;tiny,/cpfs/user/zhuzihou/assets/dedup_workspaces/test0_transitive_apply_parallel/dataset/GRScenes_assets/toy/52d3022fb9abe6ebf6279632ccc5d241,/cpfs/user/zhuzihou/assets/dedup_workspaces/test0_transitive_apply_parallel/dataset/GRScenes_assets/toy/52d3022fb9abe6ebf6279632ccc5d241/usd/52d3022fb9abe6ebf6279632ccc5d241.usd
toy,886bc5342ddd2a8ffb51e4b3736f2130,suspicious,0.068634,0.109268,186,blank;blank;ok;blank,/cpfs/user/zhuzihou/assets/dedup_workspaces/test0_transitive_apply_parallel/dataset/GRScenes_assets/toy/886bc5342ddd2a8ffb51e4b3736f2130,/cpfs/user/zhuzihou/assets/dedup_workspaces/test0_transitive_apply_parallel/dataset/GRScenes_assets/toy/886bc5342ddd2a8ffb51e4b3736f2130/usd/886bc5342ddd2a8ffb51e4b3736f2130.usd
toy,8d112c03bedb6ca2c84c10caad7927bb,suspicious,0.092400,0.095718,204,blank;ok;ok;blank,/cpfs/user/zhuzihou/assets/dedup_workspaces/test0_transitive_apply_parallel/dataset/GRScenes_assets/toy/8d112c03bedb6ca2c84c10caad7927bb,/cpfs/user/zhuzihou/assets/dedup_workspaces/test0_transitive_apply_parallel/dataset/GRScenes_assets/toy/8d112c03bedb6ca2c84c10caad7927bb/usd/8d112c03bedb6ca2c84c10caad7927bb.usd
toy,a4ba68ceb3fdfcf9a3570cdefeccdadc,suspicious,0.091934,0.154102,278,ok;ok;blank;ok,/cpfs/user/zhuzihou/assets/dedup_workspaces/test0_transitive_apply_parallel/dataset/GRScenes_assets/toy/a4ba68ceb3fdfcf9a3570cdefeccdadc,/cpfs/user/zhuzihou/assets/dedup_workspaces/test0_transitive_apply_parallel/dataset/GRScenes_assets/toy/a4ba68ceb3fdfcf9a3570cdefeccdadc/usd/a4ba68ceb3fdfcf9a3570cdefeccdadc.usd
toy,ab1021d270f6a0fdad588aa73ff9ceb4,suspicious,0.120975,0.203125,512,ok;ok;ok;blank,/cpfs/user/zhuzihou/assets/dedup_workspaces/test0_transitive_apply_parallel/dataset/GRScenes_assets/toy/ab1021d270f6a0fdad588aa73ff9ceb4,/cpfs/user/zhuzihou/assets/dedup_workspaces/test0_transitive_apply_parallel/dataset/GRScenes_assets/toy/ab1021d270f6a0fdad588aa73ff9ceb4/usd/ab1021d270f6a0fdad588aa73ff9ceb4.usd
toy,ae632f3766c3cb3d9747fa50d5fb5c31,suspicious,1.000000,1.000000,512,blank;ok;blank;ok,/cpfs/user/zhuzihou/assets/dedup_workspaces/test0_transitive_apply_parallel/dataset/GRScenes_assets/toy/ae632f3766c3cb3d9747fa50d5fb5c31,/cpfs/user/zhuzihou/assets/dedup_workspaces/test0_transitive_apply_parallel/dataset/GRScenes_assets/toy/ae632f3766c3cb3d9747fa50d5fb5c31/usd/ae632f3766c3cb3d9747fa50d5fb5c31.usd
toy,b8a1794bac7b32feafd797fc58544a14,suspicious,0.040257,0.044746,230,ok;blank;ok;tiny,/cpfs/user/zhuzihou/assets/dedup_workspaces/test0_transitive_apply_parallel/dataset/GRScenes_assets/toy/b8a1794bac7b32feafd797fc58544a14,/cpfs/user/zhuzihou/assets/dedup_workspaces/test0_transitive_apply_parallel/dataset/GRScenes_assets/toy/b8a1794bac7b32feafd797fc58544a14/usd/b8a1794bac7b32feafd797fc58544a14.usd
toy,b9d58bb302fc85d91d49b5a79fab69ba,suspicious,0.019817,0.112061,306,ok;ok;blank;blank,/cpfs/user/zhuzihou/assets/dedup_workspaces/test0_transitive_apply_parallel/dataset/GRScenes_assets/toy/b9d58bb302fc85d91d49b5a79fab69ba,/cpfs/user/zhuzihou/assets/dedup_workspaces/test0_transitive_apply_parallel/dataset/GRScenes_assets/toy/b9d58bb302fc85d91d49b5a79fab69ba/usd/b9d58bb302fc85d91d49b5a79fab69ba.usd
toy,c9d2cc7fb6ae8ca80427dbdd33bb0877,suspicious,0.089394,0.128166,214,tiny;ok;ok;ok,/cpfs/user/zhuzihou/assets/dedup_workspaces/test0_transitive_apply_parallel/dataset/GRScenes_assets/toy/c9d2cc7fb6ae8ca80427dbdd33bb0877,/cpfs/user/zhuzihou/assets/dedup_workspaces/test0_transitive_apply_parallel/dataset/GRScenes_assets/toy/c9d2cc7fb6ae8ca80427dbdd33bb0877/usd/c9d2cc7fb6ae8ca80427dbdd33bb0877.usd
toy,cc004b0e0fcf3ee03c4122b7bd75366a,suspicious,0.057430,0.095093,164,ok;blank;blank;ok,/cpfs/user/zhuzihou/assets/dedup_workspaces/test0_transitive_apply_parallel/dataset/GRScenes_assets/toy/cc004b0e0fcf3ee03c4122b7bd75366a,/cpfs/user/zhuzihou/assets/dedup_workspaces/test0_transitive_apply_parallel/dataset/GRScenes_assets/toy/cc004b0e0fcf3ee03c4122b7bd75366a/usd/cc004b0e0fcf3ee03c4122b7bd75366a.usd
toy,f1b0f3c04e0d90d469fdcf13e4c634c1,tiny,0.001049,0.001930,29,blank;blank;tiny;blank,/cpfs/user/zhuzihou/assets/dedup_workspaces/test0_transitive_apply_parallel/dataset/GRScenes_assets/toy/f1b0f3c04e0d90d469fdcf13e4c634c1,/cpfs/user/zhuzihou/assets/dedup_workspaces/test0_transitive_apply_parallel/dataset/GRScenes_assets/toy/f1b0f3c04e0d90d469fdcf13e4c634c1/usd/f1b0f3c04e0d90d469fdcf13e4c634c1.usd
toy,fd401684176269057dcc8b8ffc67a136,blank,0.000000,0.000000,0,blank;blank;blank;blank,/cpfs/user/zhuzihou/assets/dedup_workspaces/test0_transitive_apply_parallel/dataset/GRScenes_assets/toy/fd401684176269057dcc8b8ffc67a136,/cpfs/user/zhuzihou/assets/dedup_workspaces/test0_transitive_apply_parallel/dataset/GRScenes_assets/toy/fd401684176269057dcc8b8ffc67a136/usd/fd401684176269057dcc8b8ffc67a136.usd
tray,35e11a93da6d088116552def4ce13749,suspicious,0.058628,0.170288,256,ok;ok;blank;ok,/cpfs/user/zhuzihou/assets/dedup_workspaces/test0_transitive_apply_parallel/dataset/GRScenes_assets/tray/35e11a93da6d088116552def4ce13749,/cpfs/user/zhuzihou/assets/dedup_workspaces/test0_transitive_apply_parallel/dataset/GRScenes_assets/tray/35e11a93da6d088116552def4ce13749/usd/35e11a93da6d088116552def4ce13749.usd
tray,ba21a926bb5e2cfe07fae4644a05962b,suspicious,1.000000,1.000000,512,blank;ok;blank;ok,/cpfs/user/zhuzihou/assets/dedup_workspaces/test0_transitive_apply_parallel/dataset/GRScenes_assets/tray/ba21a926bb5e2cfe07fae4644a05962b,/cpfs/user/zhuzihou/assets/dedup_workspaces/test0_transitive_apply_parallel/dataset/GRScenes_assets/tray/ba21a926bb5e2cfe07fae4644a05962b/usd/ba21a926bb5e2cfe07fae4644a05962b.usd
