category,uid,image_class,category_group,old_diag,new_diag,diag_ratio,center_offset_ratio,fallback_changed,rerender_recommended,scan_error,best_fg_ratio,best_bbox_area_ratio,best_max_dim,view_classes,asset_dir,usd_path
bottle,00a64fb677b7f0d9d61e067672356ed1,blank,object,28.721849,28.721849,1.000000,4.810585,true,true,,0.000000,0.000000,0,blank;blank;blank;blank,/cpfs/user/zhuzihou/assets/dedup_workspaces/test0_transitive_apply_parallel/dataset/GRScenes_assets/bottle/00a64fb677b7f0d9d61e067672356ed1,/cpfs/user/zhuzihou/assets/dedup_workspaces/test0_transitive_apply_parallel/dataset/GRScenes_assets/bottle/00a64fb677b7f0d9d61e067672356ed1/usd/00a64fb677b7f0d9d61e067672356ed1.usd
bottle,00c47f45cd33a2960d332618824d01c6,suspicious,object,20.331459,20.331459,1.000000,2.705203,true,true,,0.015636,0.021790,84,blank;blank;blank;ok,/cpfs/user/zhuzihou/assets/dedup_workspaces/test0_transitive_apply_parallel/dataset/GRScenes_assets/bottle/00c47f45cd33a2960d332618824d01c6,/cpfs/user/zhuzihou/assets/dedup_workspaces/test0_transitive_apply_parallel/dataset/GRScenes_assets/bottle/00c47f45cd33a2960d332618824d01c6/usd/00c47f45cd33a2960d332618824d01c6.usd
bottle,013fb794b1f4679e24f57ca687b2a23c,blank,object,27.647707,27.647708,1.000000,3.196828,true,true,,0.000000,0.000000,0,blank;blank;blank;blank,/cpfs/user/zhuzihou/assets/dedup_workspaces/test0_transitive_apply_parallel/dataset/GRScenes_assets/bottle/013fb794b1f4679e24f57ca687b2a23c,/cpfs/user/zhuzihou/assets/dedup_workspaces/test0_transitive_apply_parallel/dataset/GRScenes_assets/bottle/013fb794b1f4679e24f57ca687b2a23c/usd/013fb794b1f4679e24f57ca687b2a23c.usd
bottle,0177d045454baecd84e25257f9642cc8,blank,object,35.704486,35.704485,1.000000,3.673337,true,true,,0.000000,0.000000,0,blank;blank;blank;blank,/cpfs/user/zhuzihou/assets/dedup_workspaces/test0_transitive_apply_parallel/dataset/GRScenes_assets/bottle/0177d045454baecd84e25257f9642cc8,/cpfs/user/zhuzihou/assets/dedup_workspaces/test0_transitive_apply_parallel/dataset/GRScenes_assets/bottle/0177d045454baecd84e25257f9642cc8/usd/0177d045454baecd84e25257f9642cc8.usd
bottle,019adc7dd73fdd009f4e3ab6804651b1,blank,object,22.335268,22.335268,1.000000,3.409079,true,true,,0.000000,0.000000,0,blank;blank;blank;blank,/cpfs/user/zhuzihou/assets/dedup_workspaces/test0_transitive_apply_parallel/dataset/GRScenes_assets/bottle/019adc7dd73fdd009f4e3ab6804651b1,/cpfs/user/zhuzihou/assets/dedup_workspaces/test0_transitive_apply_parallel/dataset/GRScenes_assets/bottle/019adc7dd73fdd009f4e3ab6804651b1/usd/019adc7dd73fdd009f4e3ab6804651b1.usd
bottle,01d1b94ffd9c81ce23d9ebdf423a6f03,blank,object,26.966021,26.966021,1.000000,6.831322,true,true,,0.000000,0.000000,0,blank;blank;blank;blank,/cpfs/user/zhuzihou/assets/dedup_workspaces/test0_transitive_apply_parallel/dataset/GRScenes_assets/bottle/01d1b94ffd9c81ce23d9ebdf423a6f03,/cpfs/user/zhuzihou/assets/dedup_workspaces/test0_transitive_apply_parallel/dataset/GRScenes_assets/bottle/01d1b94ffd9c81ce23d9ebdf423a6f03/usd/01d1b94ffd9c81ce23d9ebdf423a6f03.usd
bottle,01f27c1a96d01cb2529616358da2c7b8,blank,object,27.814674,27.814673,1.000000,3.430180,true,true,,0.000000,0.000000,0,blank;blank;blank;blank,/cpfs/user/zhuzihou/assets/dedup_workspaces/test0_transitive_apply_parallel/dataset/GRScenes_assets/bottle/01f27c1a96d01cb2529616358da2c7b8,/cpfs/user/zhuzihou/assets/dedup_workspaces/test0_transitive_apply_parallel/dataset/GRScenes_assets/bottle/01f27c1a96d01cb2529616358da2c7b8/usd/01f27c1a96d01cb2529616358da2c7b8.usd
bottle,0209ccaed35203f51af7df64971c6eaa,suspicious,object,16.351621,16.351621,1.000000,4.628816,true,true,,0.002022,0.002884,28,blank;tiny;blank;blank,/cpfs/user/zhuzihou/assets/dedup_workspaces/test0_transitive_apply_parallel/dataset/GRScenes_assets/bottle/0209ccaed35203f51af7df64971c6eaa,/cpfs/user/zhuzihou/assets/dedup_workspaces/test0_transitive_apply_parallel/dataset/GRScenes_assets/bottle/0209ccaed35203f51af7df64971c6eaa/usd/0209ccaed35203f51af7df64971c6eaa.usd
bottle,02f0980a9d72f1f58f4ccbb5fca7b24b,suspicious,object,18.616232,18.616232,1.000000,2.766932,true,true,,0.025463,0.034657,115,ok;ok;blank;blank,/cpfs/user/zhuzihou/assets/dedup_workspaces/test0_transitive_apply_parallel/dataset/GRScenes_assets/bottle/02f0980a9d72f1f58f4ccbb5fca7b24b,/cpfs/user/zhuzihou/assets/dedup_workspaces/test0_transitive_apply_parallel/dataset/GRScenes_assets/bottle/02f0980a9d72f1f58f4ccbb5fca7b24b/usd/02f0980a9d72f1f58f4ccbb5fca7b24b.usd
bottle,03043a8cf7e5ef575be50a42b8521b7c,blank,object,27.342545,27.342544,1.000000,2.178082,true,true,,0.000000,0.000000,0,blank;blank;blank;blank,/cpfs/user/zhuzihou/assets/dedup_workspaces/test0_transitive_apply_parallel/dataset/GRScenes_assets/bottle/03043a8cf7e5ef575be50a42b8521b7c,/cpfs/user/zhuzihou/assets/dedup_workspaces/test0_transitive_apply_parallel/dataset/GRScenes_assets/bottle/03043a8cf7e5ef575be50a42b8521b7c/usd/03043a8cf7e5ef575be50a42b8521b7c.usd
bottle,0339a33c619fc45c0c171d9ac885e963,blank,object,24.137448,24.137449,1.000000,2.823628,true,true,,0.000000,0.000000,0,blank;blank;blank;blank,/cpfs/user/zhuzihou/assets/dedup_workspaces/test0_transitive_apply_parallel/dataset/GRScenes_assets/bottle/0339a33c619fc45c0c171d9ac885e963,/cpfs/user/zhuzihou/assets/dedup_workspaces/test0_transitive_apply_parallel/dataset/GRScenes_assets/bottle/0339a33c619fc45c0c171d9ac885e963/usd/0339a33c619fc45c0c171d9ac885e963.usd
bottle,0341504615d325859cc11d0ef706c48f,suspicious,object,18.614400,18.614400,1.000000,2.821392,true,true,,0.022568,0.024757,110,blank;blank;ok;blank,/cpfs/user/zhuzihou/assets/dedup_workspaces/test0_transitive_apply_parallel/dataset/GRScenes_assets/bottle/0341504615d325859cc11d0ef706c48f,/cpfs/user/zhuzihou/assets/dedup_workspaces/test0_transitive_apply_parallel/dataset/GRScenes_assets/bottle/0341504615d325859cc11d0ef706c48f/usd/0341504615d325859cc11d0ef706c48f.usd
bottle,0356ec2c0ef1e9c927ffee0c63e2afeb,suspicious,object,15.716622,15.716622,1.000000,4.172062,true,true,,0.017105,0.017918,77,blank;blank;tiny;blank,/cpfs/user/zhuzihou/assets/dedup_workspaces/test0_transitive_apply_parallel/dataset/GRScenes_assets/bottle/0356ec2c0ef1e9c927ffee0c63e2afeb,/cpfs/user/zhuzihou/assets/dedup_workspaces/test0_transitive_apply_parallel/dataset/GRScenes_assets/bottle/0356ec2c0ef1e9c927ffee0c63e2afeb/usd/0356ec2c0ef1e9c927ffee0c63e2afeb.usd
bottle,037516885a561ef351ba52791ae2a8f5,blank,object,23.700547,23.700547,1.000000,1.899734,true,true,,0.000000,0.000000,0,blank;blank;blank;blank,/cpfs/user/zhuzihou/assets/dedup_workspaces/test0_transitive_apply_parallel/dataset/GRScenes_assets/bottle/037516885a561ef351ba52791ae2a8f5,/cpfs/user/zhuzihou/assets/dedup_workspaces/test0_transitive_apply_parallel/dataset/GRScenes_assets/bottle/037516885a561ef351ba52791ae2a8f5/usd/037516885a561ef351ba52791ae2a8f5.usd
bottle,037dac1784b9b49466b937b09bbb0f88,suspicious,object,20.871247,20.871247,1.000000,1.280210,true,true,,0.033302,0.063950,132,ok;blank;blank;ok,/cpfs/user/zhuzihou/assets/dedup_workspaces/test0_transitive_apply_parallel/dataset/GRScenes_assets/bottle/037dac1784b9b49466b937b09bbb0f88,/cpfs/user/zhuzihou/assets/dedup_workspaces/test0_transitive_apply_parallel/dataset/GRScenes_assets/bottle/037dac1784b9b49466b937b09bbb0f88/usd/037dac1784b9b49466b937b09bbb0f88.usd
bottle,03b79735c14a4f0cbfa26b9b4fcabd14,blank,object,27.814649,27.814649,1.000000,3.089110,true,true,,0.000000,0.000000,0,blank;blank;blank;blank,/cpfs/user/zhuzihou/assets/dedup_workspaces/test0_transitive_apply_parallel/dataset/GRScenes_assets/bottle/03b79735c14a4f0cbfa26b9b4fcabd14,/cpfs/user/zhuzihou/assets/dedup_workspaces/test0_transitive_apply_parallel/dataset/GRScenes_assets/bottle/03b79735c14a4f0cbfa26b9b4fcabd14/usd/03b79735c14a4f0cbfa26b9b4fcabd14.usd
bottle,04194c8895e27440af7cfb84ed0110aa,suspicious,object,35.704402,35.704402,1.000000,4.100151,true,true,,0.007286,0.009956,87,blank;blank;tiny;blank,/cpfs/user/zhuzihou/assets/dedup_workspaces/test0_transitive_apply_parallel/dataset/GRScenes_assets/bottle/04194c8895e27440af7cfb84ed0110aa,/cpfs/user/zhuzihou/assets/dedup_workspaces/test0_transitive_apply_parallel/dataset/GRScenes_assets/bottle/04194c8895e27440af7cfb84ed0110aa/usd/04194c8895e27440af7cfb84ed0110aa.usd
bottle,04304efee0b4c6d92955b112f9325ad5,suspicious,object,29.502972,29.502973,1.000000,1.148944,true,true,,0.032413,0.074928,185,ok;blank;blank;ok,/cpfs/user/zhuzihou/assets/dedup_workspaces/test0_transitive_apply_parallel/dataset/GRScenes_assets/bottle/04304efee0b4c6d92955b112f9325ad5,/cpfs/user/zhuzihou/assets/dedup_workspaces/test0_transitive_apply_parallel/dataset/GRScenes_assets/bottle/04304efee0b4c6d92955b112f9325ad5/usd/04304efee0b4c6d92955b112f9325ad5.usd
bottle,0462e9b454b32ce7036005d6f9f3201e,suspicious,object,18.594252,18.594252,1.000000,2.110179,true,true,,0.029701,0.036598,123,blank;ok;blank;blank,/cpfs/user/zhuzihou/assets/dedup_workspaces/test0_transitive_apply_parallel/dataset/GRScenes_assets/bottle/0462e9b454b32ce7036005d6f9f3201e,/cpfs/user/zhuzihou/assets/dedup_workspaces/test0_transitive_apply_parallel/dataset/GRScenes_assets/bottle/0462e9b454b32ce7036005d6f9f3201e/usd/0462e9b454b32ce7036005d6f9f3201e.usd
bottle,0498dea42b160a172c69aabf75503a8d,blank,object,27.342561,27.342561,1.000000,1.845393,true,true,,0.000000,0.000000,0,blank;blank;blank;blank,/cpfs/user/zhuzihou/assets/dedup_workspaces/test0_transitive_apply_parallel/dataset/GRScenes_assets/bottle/0498dea42b160a172c69aabf75503a8d,/cpfs/user/zhuzihou/assets/dedup_workspaces/test0_transitive_apply_parallel/dataset/GRScenes_assets/bottle/0498dea42b160a172c69aabf75503a8d/usd/0498dea42b160a172c69aabf75503a8d.usd
bottle,04a98b437b4441d2480ac8b9327d5b34,blank,object,18.291316,18.291316,1.000000,1.411740,true,true,,0.000000,0.000000,0,blank;blank;blank;blank,/cpfs/user/zhuzihou/assets/dedup_workspaces/test0_transitive_apply_parallel/dataset/GRScenes_assets/bottle/04a98b437b4441d2480ac8b9327d5b34,/cpfs/user/zhuzihou/assets/dedup_workspaces/test0_transitive_apply_parallel/dataset/GRScenes_assets/bottle/04a98b437b4441d2480ac8b9327d5b34/usd/04a98b437b4441d2480ac8b9327d5b34.usd
bottle,04e73f686839e1b3cc45007dd1c38d20,suspicious,object,22.846957,22.846958,1.000000,1.196861,true,true,,0.020287,0.028702,114,tiny;ok;blank;blank,/cpfs/user/zhuzihou/assets/dedup_workspaces/test0_transitive_apply_parallel/dataset/GRScenes_assets/bottle/04e73f686839e1b3cc45007dd1c38d20,/cpfs/user/zhuzihou/assets/dedup_workspaces/test0_transitive_apply_parallel/dataset/GRScenes_assets/bottle/04e73f686839e1b3cc45007dd1c38d20/usd/04e73f686839e1b3cc45007dd1c38d20.usd
bottle,05845c789b8d5abd2580bd8f1c86aca3,suspicious,object,18.616563,18.616563,1.000000,2.396868,true,true,,0.033508,0.040985,136,blank;ok;tiny;blank,/cpfs/user/zhuzihou/assets/dedup_workspaces/test0_transitive_apply_parallel/dataset/GRScenes_assets/bottle/05845c789b8d5abd2580bd8f1c86aca3,/cpfs/user/zhuzihou/assets/dedup_workspaces/test0_transitive_apply_parallel/dataset/GRScenes_assets/bottle/05845c789b8d5abd2580bd8f1c86aca3/usd/05845c789b8d5abd2580bd8f1c86aca3.usd
bottle,058a7f81dfdaf957fba5eda7caa38358,blank,object,14.457908,14.457909,1.000000,1.558643,true,true,,0.000000,0.000000,0,blank;blank;blank;blank,/cpfs/user/zhuzihou/assets/dedup_workspaces/test0_transitive_apply_parallel/dataset/GRScenes_assets/bottle/058a7f81dfdaf957fba5eda7caa38358,/cpfs/user/zhuzihou/assets/dedup_workspaces/test0_transitive_apply_parallel/dataset/GRScenes_assets/bottle/058a7f81dfdaf957fba5eda7caa38358/usd/058a7f81dfdaf957fba5eda7caa38358.usd
bottle,05b2ac9d79338e1744ac82ea0a700195,blank,object,27.342568,27.342568,1.000000,2.673852,true,true,,0.000000,0.000000,0,blank;blank;blank;blank,/cpfs/user/zhuzihou/assets/dedup_workspaces/test0_transitive_apply_parallel/dataset/GRScenes_assets/bottle/05b2ac9d79338e1744ac82ea0a700195,/cpfs/user/zhuzihou/assets/dedup_workspaces/test0_transitive_apply_parallel/dataset/GRScenes_assets/bottle/05b2ac9d79338e1744ac82ea0a700195/usd/05b2ac9d79338e1744ac82ea0a700195.usd
bottle,05b338342eb597089839390f5ee422d1,blank,object,11.882023,11.882023,1.000000,3.417327,true,true,,0.000000,0.000000,0,blank;blank;blank;blank,/cpfs/user/zhuzihou/assets/dedup_workspaces/test0_transitive_apply_parallel/dataset/GRScenes_assets/bottle/05b338342eb597089839390f5ee422d1,/cpfs/user/zhuzihou/assets/dedup_workspaces/test0_transitive_apply_parallel/dataset/GRScenes_assets/bottle/05b338342eb597089839390f5ee422d1/usd/05b338342eb597089839390f5ee422d1.usd
bottle,06a8c1b150642fe7a850aabab1360407,suspicious,object,19.000384,19.000384,1.000000,1.261430,true,true,,0.067245,0.068893,215,ok;blank;blank;blank,/cpfs/user/zhuzihou/assets/dedup_workspaces/test0_transitive_apply_parallel/dataset/GRScenes_assets/bottle/06a8c1b150642fe7a850aabab1360407,/cpfs/user/zhuzihou/assets/dedup_workspaces/test0_transitive_apply_parallel/dataset/GRScenes_assets/bottle/06a8c1b150642fe7a850aabab1360407/usd/06a8c1b150642fe7a850aabab1360407.usd
bottle,072394c41d664826d195377b0e96a84f,blank,object,35.063029,35.063029,1.000000,2.598769,true,true,,0.000000,0.000000,0,blank;blank;blank;blank,/cpfs/user/zhuzihou/assets/dedup_workspaces/test0_transitive_apply_parallel/dataset/GRScenes_assets/bottle/072394c41d664826d195377b0e96a84f,/cpfs/user/zhuzihou/assets/dedup_workspaces/test0_transitive_apply_parallel/dataset/GRScenes_assets/bottle/072394c41d664826d195377b0e96a84f/usd/072394c41d664826d195377b0e96a84f.usd
bottle,07249a8ffce099b71b995ad9b8e15cd1,blank,object,30.344407,30.344408,1.000000,2.632313,true,true,,0.000000,0.000000,0,blank;blank;blank;blank,/cpfs/user/zhuzihou/assets/dedup_workspaces/test0_transitive_apply_parallel/dataset/GRScenes_assets/bottle/07249a8ffce099b71b995ad9b8e15cd1,/cpfs/user/zhuzihou/assets/dedup_workspaces/test0_transitive_apply_parallel/dataset/GRScenes_assets/bottle/07249a8ffce099b71b995ad9b8e15cd1/usd/07249a8ffce099b71b995ad9b8e15cd1.usd
bottle,073eb262d3d51b6d9ec1169f28e7538e,blank,object,23.220120,23.220119,1.000000,1.367994,true,true,,0.000000,0.000000,0,blank;blank;blank;blank,/cpfs/user/zhuzihou/assets/dedup_workspaces/test0_transitive_apply_parallel/dataset/GRScenes_assets/bottle/073eb262d3d51b6d9ec1169f28e7538e,/cpfs/user/zhuzihou/assets/dedup_workspaces/test0_transitive_apply_parallel/dataset/GRScenes_assets/bottle/073eb262d3d51b6d9ec1169f28e7538e/usd/073eb262d3d51b6d9ec1169f28e7538e.usd
bottle,0750fed0e04fbbdf4eb0599642ec7b0a,blank,object,12.791886,12.791886,1.000000,1.896583,true,true,,0.000000,0.000000,0,blank;blank;blank;blank,/cpfs/user/zhuzihou/assets/dedup_workspaces/test0_transitive_apply_parallel/dataset/GRScenes_assets/bottle/0750fed0e04fbbdf4eb0599642ec7b0a,/cpfs/user/zhuzihou/assets/dedup_workspaces/test0_transitive_apply_parallel/dataset/GRScenes_assets/bottle/0750fed0e04fbbdf4eb0599642ec7b0a/usd/0750fed0e04fbbdf4eb0599642ec7b0a.usd
bottle,0763828f5dabd43d4e3a35703b82f1c1,blank,object,23.220095,23.220095,1.000000,2.239160,true,true,,0.000000,0.000000,0,blank;blank;blank;blank,/cpfs/user/zhuzihou/assets/dedup_workspaces/test0_transitive_apply_parallel/dataset/GRScenes_assets/bottle/0763828f5dabd43d4e3a35703b82f1c1,/cpfs/user/zhuzihou/assets/dedup_workspaces/test0_transitive_apply_parallel/dataset/GRScenes_assets/bottle/0763828f5dabd43d4e3a35703b82f1c1/usd/0763828f5dabd43d4e3a35703b82f1c1.usd
bottle,0765634cfa63da5ddb8dac0ccfe2f8ba,blank,object,35.063033,35.063033,1.000000,2.770139,true,true,,0.000000,0.000000,0,blank;blank;blank;blank,/cpfs/user/zhuzihou/assets/dedup_workspaces/test0_transitive_apply_parallel/dataset/GRScenes_assets/bottle/0765634cfa63da5ddb8dac0ccfe2f8ba,/cpfs/user/zhuzihou/assets/dedup_workspaces/test0_transitive_apply_parallel/dataset/GRScenes_assets/bottle/0765634cfa63da5ddb8dac0ccfe2f8ba/usd/0765634cfa63da5ddb8dac0ccfe2f8ba.usd
bottle,079c605e553dc07a40a19c7c95402aff,blank,object,34.300522,34.300522,1.000000,2.556818,true,true,,0.000000,0.000000,0,blank;blank;blank;blank,/cpfs/user/zhuzihou/assets/dedup_workspaces/test0_transitive_apply_parallel/dataset/GRScenes_assets/bottle/079c605e553dc07a40a19c7c95402aff,/cpfs/user/zhuzihou/assets/dedup_workspaces/test0_transitive_apply_parallel/dataset/GRScenes_assets/bottle/079c605e553dc07a40a19c7c95402aff/usd/079c605e553dc07a40a19c7c95402aff.usd
bottle,08c39f48a87efb271053989885194f88,blank,object,25.355758,25.355759,1.000000,3.293751,true,true,,0.000000,0.000000,0,blank;blank;blank;blank,/cpfs/user/zhuzihou/assets/dedup_workspaces/test0_transitive_apply_parallel/dataset/GRScenes_assets/bottle/08c39f48a87efb271053989885194f88,/cpfs/user/zhuzihou/assets/dedup_workspaces/test0_transitive_apply_parallel/dataset/GRScenes_assets/bottle/08c39f48a87efb271053989885194f88/usd/08c39f48a87efb271053989885194f88.usd
bottle,08ea7b94c9ac25768b2ba447079bdee7,suspicious,object,30.164949,30.164948,1.000000,1.355121,true,true,,0.031300,0.038147,200,ok;blank;blank;blank,/cpfs/user/zhuzihou/assets/dedup_workspaces/test0_transitive_apply_parallel/dataset/GRScenes_assets/bottle/08ea7b94c9ac25768b2ba447079bdee7,/cpfs/user/zhuzihou/assets/dedup_workspaces/test0_transitive_apply_parallel/dataset/GRScenes_assets/bottle/08ea7b94c9ac25768b2ba447079bdee7/usd/08ea7b94c9ac25768b2ba447079bdee7.usd
bottle,09f92ed8c3ec29e040c019539ddd4453,suspicious,object,15.516025,15.516026,1.000000,3.863054,true,true,,0.015064,0.020508,96,tiny;blank;blank;ok,/cpfs/user/zhuzihou/assets/dedup_workspaces/test0_transitive_apply_parallel/dataset/GRScenes_assets/bottle/09f92ed8c3ec29e040c019539ddd4453,/cpfs/user/zhuzihou/assets/dedup_workspaces/test0_transitive_apply_parallel/dataset/GRScenes_assets/bottle/09f92ed8c3ec29e040c019539ddd4453/usd/09f92ed8c3ec29e040c019539ddd4453.usd
bottle,0a1276eca5b792f6da5f45f67979d651,blank,object,27.342545,27.342544,1.000000,1.887107,true,true,,0.000000,0.000000,0,blank;blank;blank;blank,/cpfs/user/zhuzihou/assets/dedup_workspaces/test0_transitive_apply_parallel/dataset/GRScenes_assets/bottle/0a1276eca5b792f6da5f45f67979d651,/cpfs/user/zhuzihou/assets/dedup_workspaces/test0_transitive_apply_parallel/dataset/GRScenes_assets/bottle/0a1276eca5b792f6da5f45f67979d651/usd/0a1276eca5b792f6da5f45f67979d651.usd
bottle,0a60124c4691bf4e474efd3df1f953c5,blank,object,35.831265,35.831264,1.000000,2.439032,true,true,,0.000000,0.000000,0,blank;blank;blank;blank,/cpfs/user/zhuzihou/assets/dedup_workspaces/test0_transitive_apply_parallel/dataset/GRScenes_assets/bottle/0a60124c4691bf4e474efd3df1f953c5,/cpfs/user/zhuzihou/assets/dedup_workspaces/test0_transitive_apply_parallel/dataset/GRScenes_assets/bottle/0a60124c4691bf4e474efd3df1f953c5/usd/0a60124c4691bf4e474efd3df1f953c5.usd
bottle,0a61cd9607ac624c8d8cbdc7d3d602f9,blank,object,14.457800,14.457800,1.000000,2.942990,true,true,,0.000000,0.000000,0,blank;blank;blank;blank,/cpfs/user/zhuzihou/assets/dedup_workspaces/test0_transitive_apply_parallel/dataset/GRScenes_assets/bottle/0a61cd9607ac624c8d8cbdc7d3d602f9,/cpfs/user/zhuzihou/assets/dedup_workspaces/test0_transitive_apply_parallel/dataset/GRScenes_assets/bottle/0a61cd9607ac624c8d8cbdc7d3d602f9/usd/0a61cd9607ac624c8d8cbdc7d3d602f9.usd
bottle,0aee476bd8fbb3417e13d1d2286d5657,blank,object,34.300496,34.300496,1.000000,2.662804,true,true,,0.000000,0.000000,0,blank;blank;blank;blank,/cpfs/user/zhuzihou/assets/dedup_workspaces/test0_transitive_apply_parallel/dataset/GRScenes_assets/bottle/0aee476bd8fbb3417e13d1d2286d5657,/cpfs/user/zhuzihou/assets/dedup_workspaces/test0_transitive_apply_parallel/dataset/GRScenes_assets/bottle/0aee476bd8fbb3417e13d1d2286d5657/usd/0aee476bd8fbb3417e13d1d2286d5657.usd
bottle,0b2083a9e4764051fdce4a30629e7cb4,blank,object,27.810815,27.810816,1.000000,4.825004,true,true,,0.000000,0.000000,0,blank;blank;blank;blank,/cpfs/user/zhuzihou/assets/dedup_workspaces/test0_transitive_apply_parallel/dataset/GRScenes_assets/bottle/0b2083a9e4764051fdce4a30629e7cb4,/cpfs/user/zhuzihou/assets/dedup_workspaces/test0_transitive_apply_parallel/dataset/GRScenes_assets/bottle/0b2083a9e4764051fdce4a30629e7cb4/usd/0b2083a9e4764051fdce4a30629e7cb4.usd
bottle,0b7ae83a0d057f07d22c51015ff24b93,suspicious,object,22.462621,22.462620,1.000000,1.045362,true,true,,0.012093,0.016373,143,blank;tiny;tiny;blank,/cpfs/user/zhuzihou/assets/dedup_workspaces/test0_transitive_apply_parallel/dataset/GRScenes_assets/bottle/0b7ae83a0d057f07d22c51015ff24b93,/cpfs/user/zhuzihou/assets/dedup_workspaces/test0_transitive_apply_parallel/dataset/GRScenes_assets/bottle/0b7ae83a0d057f07d22c51015ff24b93/usd/0b7ae83a0d057f07d22c51015ff24b93.usd
bottle,0ba621123860758126764d301b88eedb,blank,object,35.063028,35.063028,1.000000,2.481865,true,true,,0.000000,0.000000,0,blank;blank;blank;blank,/cpfs/user/zhuzihou/assets/dedup_workspaces/test0_transitive_apply_parallel/dataset/GRScenes_assets/bottle/0ba621123860758126764d301b88eedb,/cpfs/user/zhuzihou/assets/dedup_workspaces/test0_transitive_apply_parallel/dataset/GRScenes_assets/bottle/0ba621123860758126764d301b88eedb/usd/0ba621123860758126764d301b88eedb.usd
bottle,0c4e9989779f890c3e51bb0c75684b40,suspicious,object,19.137031,19.137032,1.000000,1.633987,true,true,,0.032913,0.043659,109,blank;ok;blank;blank,/cpfs/user/zhuzihou/assets/dedup_workspaces/test0_transitive_apply_parallel/dataset/GRScenes_assets/bottle/0c4e9989779f890c3e51bb0c75684b40,/cpfs/user/zhuzihou/assets/dedup_workspaces/test0_transitive_apply_parallel/dataset/GRScenes_assets/bottle/0c4e9989779f890c3e51bb0c75684b40/usd/0c4e9989779f890c3e51bb0c75684b40.usd
bottle,0c97e9063ce3bed2d2850546d343ceb9,blank,object,25.197317,25.197316,1.000000,1.876150,true,true,,0.000000,0.000000,0,blank;blank;blank;blank,/cpfs/user/zhuzihou/assets/dedup_workspaces/test0_transitive_apply_parallel/dataset/GRScenes_assets/bottle/0c97e9063ce3bed2d2850546d343ceb9,/cpfs/user/zhuzihou/assets/dedup_workspaces/test0_transitive_apply_parallel/dataset/GRScenes_assets/bottle/0c97e9063ce3bed2d2850546d343ceb9/usd/0c97e9063ce3bed2d2850546d343ceb9.usd
bottle,0cc21839dfa4b700497ce735293ddaf9,suspicious,object,21.258118,21.258118,1.000000,3.134485,true,true,,0.012459,0.017548,100,tiny;blank;blank;tiny,/cpfs/user/zhuzihou/assets/dedup_workspaces/test0_transitive_apply_parallel/dataset/GRScenes_assets/bottle/0cc21839dfa4b700497ce735293ddaf9,/cpfs/user/zhuzihou/assets/dedup_workspaces/test0_transitive_apply_parallel/dataset/GRScenes_assets/bottle/0cc21839dfa4b700497ce735293ddaf9/usd/0cc21839dfa4b700497ce735293ddaf9.usd
bottle,0d1a65f865a30dccd20ae0163baba113,blank,object,24.771415,24.771416,1.000000,1.477991,true,true,,0.000000,0.000000,0,blank;blank;blank;blank,/cpfs/user/zhuzihou/assets/dedup_workspaces/test0_transitive_apply_parallel/dataset/GRScenes_assets/bottle/0d1a65f865a30dccd20ae0163baba113,/cpfs/user/zhuzihou/assets/dedup_workspaces/test0_transitive_apply_parallel/dataset/GRScenes_assets/bottle/0d1a65f865a30dccd20ae0163baba113/usd/0d1a65f865a30dccd20ae0163baba113.usd
bottle,0db16ac4cf36ae1cfac2c0ef0a1d3699,suspicious,object,10.595113,10.595113,1.000000,1.657862,true,true,,0.024982,0.025429,101,ok;blank;blank;tiny,/cpfs/user/zhuzihou/assets/dedup_workspaces/test0_transitive_apply_parallel/dataset/GRScenes_assets/bottle/0db16ac4cf36ae1cfac2c0ef0a1d3699,/cpfs/user/zhuzihou/assets/dedup_workspaces/test0_transitive_apply_parallel/dataset/GRScenes_assets/bottle/0db16ac4cf36ae1cfac2c0ef0a1d3699/usd/0db16ac4cf36ae1cfac2c0ef0a1d3699.usd
bottle,0e188fa480272e2b5ec74ba0f5e6fae1,suspicious,object,20.982586,20.982586,1.000000,2.732613,true,true,,0.035198,0.040588,140,blank;ok;ok;blank,/cpfs/user/zhuzihou/assets/dedup_workspaces/test0_transitive_apply_parallel/dataset/GRScenes_assets/bottle/0e188fa480272e2b5ec74ba0f5e6fae1,/cpfs/user/zhuzihou/assets/dedup_workspaces/test0_transitive_apply_parallel/dataset/GRScenes_assets/bottle/0e188fa480272e2b5ec74ba0f5e6fae1/usd/0e188fa480272e2b5ec74ba0f5e6fae1.usd
bottle,0e98e028ae847119a085a038cd4dea91,blank,object,35.340938,35.340937,1.000000,2.517981,true,true,,0.000000,0.000000,0,blank;blank;blank;blank,/cpfs/user/zhuzihou/assets/dedup_workspaces/test0_transitive_apply_parallel/dataset/GRScenes_assets/bottle/0e98e028ae847119a085a038cd4dea91,/cpfs/user/zhuzihou/assets/dedup_workspaces/test0_transitive_apply_parallel/dataset/GRScenes_assets/bottle/0e98e028ae847119a085a038cd4dea91/usd/0e98e028ae847119a085a038cd4dea91.usd
bottle,0ee15fb3f91250556c10d8d22d329237,blank,object,34.141584,34.141583,1.000000,1.749585,true,true,,0.000000,0.000000,0,blank;blank;blank;blank,/cpfs/user/zhuzihou/assets/dedup_workspaces/test0_transitive_apply_parallel/dataset/GRScenes_assets/bottle/0ee15fb3f91250556c10d8d22d329237,/cpfs/user/zhuzihou/assets/dedup_workspaces/test0_transitive_apply_parallel/dataset/GRScenes_assets/bottle/0ee15fb3f91250556c10d8d22d329237/usd/0ee15fb3f91250556c10d8d22d329237.usd
bottle,0eff809f849f85bcfa5c9a39c1a12333,suspicious,object,22.940223,22.940223,1.000000,1.906006,true,true,,0.041634,0.044083,137,ok;ok;blank;blank,/cpfs/user/zhuzihou/assets/dedup_workspaces/test0_transitive_apply_parallel/dataset/GRScenes_assets/bottle/0eff809f849f85bcfa5c9a39c1a12333,/cpfs/user/zhuzihou/assets/dedup_workspaces/test0_transitive_apply_parallel/dataset/GRScenes_assets/bottle/0eff809f849f85bcfa5c9a39c1a12333/usd/0eff809f849f85bcfa5c9a39c1a12333.usd
bottle,0fb70473d8589649196e7c6b18839810,suspicious,object,16.351653,16.351653,1.000000,4.763052,true,true,,0.008926,0.010952,87,tiny;blank;blank;blank,/cpfs/user/zhuzihou/assets/dedup_workspaces/test0_transitive_apply_parallel/dataset/GRScenes_assets/bottle/0fb70473d8589649196e7c6b18839810,/cpfs/user/zhuzihou/assets/dedup_workspaces/test0_transitive_apply_parallel/dataset/GRScenes_assets/bottle/0fb70473d8589649196e7c6b18839810/usd/0fb70473d8589649196e7c6b18839810.usd
bottle,0fe7d3e673c16959ec8a25527057639c,suspicious,object,32.758803,32.758802,1.000000,2.470957,true,true,,0.014496,0.019192,129,tiny;blank;blank;blank,/cpfs/user/zhuzihou/assets/dedup_workspaces/test0_transitive_apply_parallel/dataset/GRScenes_assets/bottle/0fe7d3e673c16959ec8a25527057639c,/cpfs/user/zhuzihou/assets/dedup_workspaces/test0_transitive_apply_parallel/dataset/GRScenes_assets/bottle/0fe7d3e673c16959ec8a25527057639c/usd/0fe7d3e673c16959ec8a25527057639c.usd
bottle,104b97b50bf1113eb53c841b4e075fe2,suspicious,object,22.284949,22.284949,1.000000,1.295538,true,true,,0.065620,0.074387,250,ok;blank;tiny;ok,/cpfs/user/zhuzihou/assets/dedup_workspaces/test0_transitive_apply_parallel/dataset/GRScenes_assets/bottle/104b97b50bf1113eb53c841b4e075fe2,/cpfs/user/zhuzihou/assets/dedup_workspaces/test0_transitive_apply_parallel/dataset/GRScenes_assets/bottle/104b97b50bf1113eb53c841b4e075fe2/usd/104b97b50bf1113eb53c841b4e075fe2.usd
bottle,10748e701e9dc2010f7e23f59d8e7dac,suspicious,object,23.367019,23.367019,1.000000,2.426297,true,true,,0.008259,0.010910,65,blank;tiny;blank;blank,/cpfs/user/zhuzihou/assets/dedup_workspaces/test0_transitive_apply_parallel/dataset/GRScenes_assets/bottle/10748e701e9dc2010f7e23f59d8e7dac,/cpfs/user/zhuzihou/assets/dedup_workspaces/test0_transitive_apply_parallel/dataset/GRScenes_assets/bottle/10748e701e9dc2010f7e23f59d8e7dac/usd/10748e701e9dc2010f7e23f59d8e7dac.usd
bottle,109b1570e4a115f09050b71292fd6064,suspicious,object,18.283079,18.283079,1.000000,1.764574,true,true,,0.040600,0.070518,165,ok;ok;blank;blank,/cpfs/user/zhuzihou/assets/dedup_workspaces/test0_transitive_apply_parallel/dataset/GRScenes_assets/bottle/109b1570e4a115f09050b71292fd6064,/cpfs/user/zhuzihou/assets/dedup_workspaces/test0_transitive_apply_parallel/dataset/GRScenes_assets/bottle/109b1570e4a115f09050b71292fd6064/usd/109b1570e4a115f09050b71292fd6064.usd
bottle,1166b04acdc298b5f120e90e5c9e395a,suspicious,object,36.566882,36.566881,1.000000,1.824108,true,true,,0.024227,0.031322,161,ok;tiny;blank;tiny,/cpfs/user/zhuzihou/assets/dedup_workspaces/test0_transitive_apply_parallel/dataset/GRScenes_assets/bottle/1166b04acdc298b5f120e90e5c9e395a,/cpfs/user/zhuzihou/assets/dedup_workspaces/test0_transitive_apply_parallel/dataset/GRScenes_assets/bottle/1166b04acdc298b5f120e90e5c9e395a/usd/1166b04acdc298b5f120e90e5c9e395a.usd
bottle,12812d84b309468bf8ac3aeccd508a8d,blank,object,25.197305,25.197304,1.000000,1.940796,true,true,,0.000000,0.000000,0,blank;blank;blank;blank,/cpfs/user/zhuzihou/assets/dedup_workspaces/test0_transitive_apply_parallel/dataset/GRScenes_assets/bottle/12812d84b309468bf8ac3aeccd508a8d,/cpfs/user/zhuzihou/assets/dedup_workspaces/test0_transitive_apply_parallel/dataset/GRScenes_assets/bottle/12812d84b309468bf8ac3aeccd508a8d/usd/12812d84b309468bf8ac3aeccd508a8d.usd
bottle,12b1d1f84fc82dbc20eedfc54a3e5ce0,suspicious,object,20.331490,20.331490,1.000000,1.398357,true,true,,0.037415,0.053566,119,tiny;ok;blank;blank,/cpfs/user/zhuzihou/assets/dedup_workspaces/test0_transitive_apply_parallel/dataset/GRScenes_assets/bottle/12b1d1f84fc82dbc20eedfc54a3e5ce0,/cpfs/user/zhuzihou/assets/dedup_workspaces/test0_transitive_apply_parallel/dataset/GRScenes_assets/bottle/12b1d1f84fc82dbc20eedfc54a3e5ce0/usd/12b1d1f84fc82dbc20eedfc54a3e5ce0.usd
bottle,12ce3b4db734ec1dbb0d32803717b730,blank,object,26.697786,26.697786,1.000000,2.549639,true,true,,0.000000,0.000000,0,blank;blank;blank;blank,/cpfs/user/zhuzihou/assets/dedup_workspaces/test0_transitive_apply_parallel/dataset/GRScenes_assets/bottle/12ce3b4db734ec1dbb0d32803717b730,/cpfs/user/zhuzihou/assets/dedup_workspaces/test0_transitive_apply_parallel/dataset/GRScenes_assets/bottle/12ce3b4db734ec1dbb0d32803717b730/usd/12ce3b4db734ec1dbb0d32803717b730.usd
bottle,135c62d3ad8b80f28272b42cf121a4c4,blank,object,35.244763,35.244763,1.000000,2.738207,true,true,,0.000000,0.000000,0,blank;blank;blank;blank,/cpfs/user/zhuzihou/assets/dedup_workspaces/test0_transitive_apply_parallel/dataset/GRScenes_assets/bottle/135c62d3ad8b80f28272b42cf121a4c4,/cpfs/user/zhuzihou/assets/dedup_workspaces/test0_transitive_apply_parallel/dataset/GRScenes_assets/bottle/135c62d3ad8b80f28272b42cf121a4c4/usd/135c62d3ad8b80f28272b42cf121a4c4.usd
bottle,1367a232d69997ba725a4ea5c366ef57,suspicious,object,24.478092,24.478093,1.000000,2.952537,true,true,,0.009106,0.012360,81,blank;tiny;blank;blank,/cpfs/user/zhuzihou/assets/dedup_workspaces/test0_transitive_apply_parallel/dataset/GRScenes_assets/bottle/1367a232d69997ba725a4ea5c366ef57,/cpfs/user/zhuzihou/assets/dedup_workspaces/test0_transitive_apply_parallel/dataset/GRScenes_assets/bottle/1367a232d69997ba725a4ea5c366ef57/usd/1367a232d69997ba725a4ea5c366ef57.usd
bottle,13d4b97a7183f697eaddbbca1225271f,suspicious,object,6.360289,6.360289,1.000000,1.692964,true,true,,0.028740,0.039265,141,ok;blank;blank;blank,/cpfs/user/zhuzihou/assets/dedup_workspaces/test0_transitive_apply_parallel/dataset/GRScenes_assets/bottle/13d4b97a7183f697eaddbbca1225271f,/cpfs/user/zhuzihou/assets/dedup_workspaces/test0_transitive_apply_parallel/dataset/GRScenes_assets/bottle/13d4b97a7183f697eaddbbca1225271f/usd/13d4b97a7183f697eaddbbca1225271f.usd
bottle,13e92a453a3c5b2a2f64dbe1dddef527,suspicious,object,34.907380,34.907380,1.000000,2.911441,true,true,,0.004414,0.006485,50,blank;blank;blank;tiny,/cpfs/user/zhuzihou/assets/dedup_workspaces/test0_transitive_apply_parallel/dataset/GRScenes_assets/bottle/13e92a453a3c5b2a2f64dbe1dddef527,/cpfs/user/zhuzihou/assets/dedup_workspaces/test0_transitive_apply_parallel/dataset/GRScenes_assets/bottle/13e92a453a3c5b2a2f64dbe1dddef527/usd/13e92a453a3c5b2a2f64dbe1dddef527.usd
bottle,1465436036dce99b9abe6e73919acb98,suspicious,object,21.420904,21.420904,1.000000,1.798045,true,true,,0.047718,0.056534,190,ok;ok;blank;blank,/cpfs/user/zhuzihou/assets/dedup_workspaces/test0_transitive_apply_parallel/dataset/GRScenes_assets/bottle/1465436036dce99b9abe6e73919acb98,/cpfs/user/zhuzihou/assets/dedup_workspaces/test0_transitive_apply_parallel/dataset/GRScenes_assets/bottle/1465436036dce99b9abe6e73919acb98/usd/1465436036dce99b9abe6e73919acb98.usd
bottle,14db6dba6c2648d663ffca700c88f1bc,suspicious,object,36.171747,36.171746,1.000000,1.103289,true,true,,0.042942,0.067909,258,ok;ok;blank;ok,/cpfs/user/zhuzihou/assets/dedup_workspaces/test0_transitive_apply_parallel/dataset/GRScenes_assets/bottle/14db6dba6c2648d663ffca700c88f1bc,/cpfs/user/zhuzihou/assets/dedup_workspaces/test0_transitive_apply_parallel/dataset/GRScenes_assets/bottle/14db6dba6c2648d663ffca700c88f1bc/usd/14db6dba6c2648d663ffca700c88f1bc.usd
bottle,14e22f109e4e9e0828c23267fd2c9cab,suspicious,object,21.258118,21.258118,1.000000,3.127653,true,true,,0.012966,0.018127,99,tiny;tiny;blank;blank,/cpfs/user/zhuzihou/assets/dedup_workspaces/test0_transitive_apply_parallel/dataset/GRScenes_assets/bottle/14e22f109e4e9e0828c23267fd2c9cab,/cpfs/user/zhuzihou/assets/dedup_workspaces/test0_transitive_apply_parallel/dataset/GRScenes_assets/bottle/14e22f109e4e9e0828c23267fd2c9cab/usd/14e22f109e4e9e0828c23267fd2c9cab.usd
bottle,14e4f070f7fc046970cd1dcb89751019,suspicious,object,11.260481,11.260481,1.000000,2.047605,true,true,,0.041821,0.044960,142,blank;tiny;ok;blank,/cpfs/user/zhuzihou/assets/dedup_workspaces/test0_transitive_apply_parallel/dataset/GRScenes_assets/bottle/14e4f070f7fc046970cd1dcb89751019,/cpfs/user/zhuzihou/assets/dedup_workspaces/test0_transitive_apply_parallel/dataset/GRScenes_assets/bottle/14e4f070f7fc046970cd1dcb89751019/usd/14e4f070f7fc046970cd1dcb89751019.usd
bottle,150f07ef581cdf51107b76424594e60c,suspicious,object,20.331459,20.331459,1.000000,1.482262,true,true,,0.042439,0.049095,165,ok;blank;blank;tiny,/cpfs/user/zhuzihou/assets/dedup_workspaces/test0_transitive_apply_parallel/dataset/GRScenes_assets/bottle/150f07ef581cdf51107b76424594e60c,/cpfs/user/zhuzihou/assets/dedup_workspaces/test0_transitive_apply_parallel/dataset/GRScenes_assets/bottle/150f07ef581cdf51107b76424594e60c/usd/150f07ef581cdf51107b76424594e60c.usd
bottle,15bde5d6b3cc94cbfab0206a439d47f9,suspicious,object,20.597979,20.597980,1.000000,1.717047,true,true,,0.052261,0.072479,190,ok;ok;blank;blank,/cpfs/user/zhuzihou/assets/dedup_workspaces/test0_transitive_apply_parallel/dataset/GRScenes_assets/bottle/15bde5d6b3cc94cbfab0206a439d47f9,/cpfs/user/zhuzihou/assets/dedup_workspaces/test0_transitive_apply_parallel/dataset/GRScenes_assets/bottle/15bde5d6b3cc94cbfab0206a439d47f9/usd/15bde5d6b3cc94cbfab0206a439d47f9.usd
bottle,15cfcc3dcbbc2a81263f61948a732997,suspicious,object,11.678978,11.678978,1.000000,1.862141,true,true,,0.017895,0.018772,133,tiny;tiny;blank;blank,/cpfs/user/zhuzihou/assets/dedup_workspaces/test0_transitive_apply_parallel/dataset/GRScenes_assets/bottle/15cfcc3dcbbc2a81263f61948a732997,/cpfs/user/zhuzihou/assets/dedup_workspaces/test0_transitive_apply_parallel/dataset/GRScenes_assets/bottle/15cfcc3dcbbc2a81263f61948a732997/usd/15cfcc3dcbbc2a81263f61948a732997.usd
bottle,15e612a610daa656ce14e5af83c681cc,suspicious,object,18.588350,18.588350,1.000000,3.155057,true,true,,0.017559,0.018398,91,blank;blank;tiny;blank,/cpfs/user/zhuzihou/assets/dedup_workspaces/test0_transitive_apply_parallel/dataset/GRScenes_assets/bottle/15e612a610daa656ce14e5af83c681cc,/cpfs/user/zhuzihou/assets/dedup_workspaces/test0_transitive_apply_parallel/dataset/GRScenes_assets/bottle/15e612a610daa656ce14e5af83c681cc/usd/15e612a610daa656ce14e5af83c681cc.usd
bottle,16a0083bb45fb2a313314f918b545a5c,blank,object,26.697777,26.697777,1.000000,2.639901,true,true,,0.000000,0.000000,0,blank;blank;blank;blank,/cpfs/user/zhuzihou/assets/dedup_workspaces/test0_transitive_apply_parallel/dataset/GRScenes_assets/bottle/16a0083bb45fb2a313314f918b545a5c,/cpfs/user/zhuzihou/assets/dedup_workspaces/test0_transitive_apply_parallel/dataset/GRScenes_assets/bottle/16a0083bb45fb2a313314f918b545a5c/usd/16a0083bb45fb2a313314f918b545a5c.usd
bottle,173e246d5eb10f81265e2c174de2101d,suspicious,object,26.288849,26.288849,1.000000,6.209791,true,true,,0.006798,0.006977,59,tiny;blank;blank;blank,/cpfs/user/zhuzihou/assets/dedup_workspaces/test0_transitive_apply_parallel/dataset/GRScenes_assets/bottle/173e246d5eb10f81265e2c174de2101d,/cpfs/user/zhuzihou/assets/dedup_workspaces/test0_transitive_apply_parallel/dataset/GRScenes_assets/bottle/173e246d5eb10f81265e2c174de2101d/usd/173e246d5eb10f81265e2c174de2101d.usd
bottle,17ac376d5d0707d8a88b478f7feae2e8,blank,object,27.678557,27.678556,1.000000,3.603444,true,true,,0.000000,0.000000,0,blank;blank;blank;blank,/cpfs/user/zhuzihou/assets/dedup_workspaces/test0_transitive_apply_parallel/dataset/GRScenes_assets/bottle/17ac376d5d0707d8a88b478f7feae2e8,/cpfs/user/zhuzihou/assets/dedup_workspaces/test0_transitive_apply_parallel/dataset/GRScenes_assets/bottle/17ac376d5d0707d8a88b478f7feae2e8/usd/17ac376d5d0707d8a88b478f7feae2e8.usd
bottle,18233e300e26431329241446c6384420,suspicious,object,15.489903,15.489903,1.000000,4.434010,true,true,,0.008385,0.009747,73,blank;blank;blank;tiny,/cpfs/user/zhuzihou/assets/dedup_workspaces/test0_transitive_apply_parallel/dataset/GRScenes_assets/bottle/18233e300e26431329241446c6384420,/cpfs/user/zhuzihou/assets/dedup_workspaces/test0_transitive_apply_parallel/dataset/GRScenes_assets/bottle/18233e300e26431329241446c6384420/usd/18233e300e26431329241446c6384420.usd
bottle,1980626cc7c31888edd6eeeabdb4562f,blank,object,26.986439,26.986439,1.000000,5.995967,true,true,,0.000000,0.000000,0,blank;blank;blank;blank,/cpfs/user/zhuzihou/assets/dedup_workspaces/test0_transitive_apply_parallel/dataset/GRScenes_assets/bottle/1980626cc7c31888edd6eeeabdb4562f,/cpfs/user/zhuzihou/assets/dedup_workspaces/test0_transitive_apply_parallel/dataset/GRScenes_assets/bottle/1980626cc7c31888edd6eeeabdb4562f/usd/1980626cc7c31888edd6eeeabdb4562f.usd
bottle,1a3575502348211b805e7d75f19a1c65,blank,object,24.127697,24.127697,1.000000,2.797594,true,true,,0.000000,0.000000,0,blank;blank;blank;blank,/cpfs/user/zhuzihou/assets/dedup_workspaces/test0_transitive_apply_parallel/dataset/GRScenes_assets/bottle/1a3575502348211b805e7d75f19a1c65,/cpfs/user/zhuzihou/assets/dedup_workspaces/test0_transitive_apply_parallel/dataset/GRScenes_assets/bottle/1a3575502348211b805e7d75f19a1c65/usd/1a3575502348211b805e7d75f19a1c65.usd
bottle,1b2288e55a02b787656ccf1cecdf2525,suspicious,object,18.283074,18.283073,1.000000,1.020857,true,true,,0.766060,1.000000,512,tiny;blank;ok;blank,/cpfs/user/zhuzihou/assets/dedup_workspaces/test0_transitive_apply_parallel/dataset/GRScenes_assets/bottle/1b2288e55a02b787656ccf1cecdf2525,/cpfs/user/zhuzihou/assets/dedup_workspaces/test0_transitive_apply_parallel/dataset/GRScenes_assets/bottle/1b2288e55a02b787656ccf1cecdf2525/usd/1b2288e55a02b787656ccf1cecdf2525.usd
bottle,1c6bc36fb5354526ef1384bd843d3948,suspicious,object,25.932327,25.932327,1.000000,1.219556,true,true,,0.017563,0.057869,205,ok;ok;blank;ok,/cpfs/user/zhuzihou/assets/dedup_workspaces/test0_transitive_apply_parallel/dataset/GRScenes_assets/bottle/1c6bc36fb5354526ef1384bd843d3948,/cpfs/user/zhuzihou/assets/dedup_workspaces/test0_transitive_apply_parallel/dataset/GRScenes_assets/bottle/1c6bc36fb5354526ef1384bd843d3948/usd/1c6bc36fb5354526ef1384bd843d3948.usd
bottle,1d0b687102526686a279c1f6f649997e,suspicious,object,20.743074,20.743074,1.000000,1.346232,true,true,,0.043320,0.053261,184,ok;blank;blank;ok,/cpfs/user/zhuzihou/assets/dedup_workspaces/test0_transitive_apply_parallel/dataset/GRScenes_assets/bottle/1d0b687102526686a279c1f6f649997e,/cpfs/user/zhuzihou/assets/dedup_workspaces/test0_transitive_apply_parallel/dataset/GRScenes_assets/bottle/1d0b687102526686a279c1f6f649997e/usd/1d0b687102526686a279c1f6f649997e.usd
bottle,1da1bfdd4d5a43c9f5e6e929be8a78f9,suspicious,object,15.101799,15.101799,1.000000,3.575698,true,true,,0.017258,0.019260,99,blank;blank;blank;tiny,/cpfs/user/zhuzihou/assets/dedup_workspaces/test0_transitive_apply_parallel/dataset/GRScenes_assets/bottle/1da1bfdd4d5a43c9f5e6e929be8a78f9,/cpfs/user/zhuzihou/assets/dedup_workspaces/test0_transitive_apply_parallel/dataset/GRScenes_assets/bottle/1da1bfdd4d5a43c9f5e6e929be8a78f9/usd/1da1bfdd4d5a43c9f5e6e929be8a78f9.usd
bottle,1df67a23b5532cecbbca63f0b41e2524,blank,object,23.277050,23.277051,1.000000,3.612389,true,true,,0.000000,0.000000,0,blank;blank;blank;blank,/cpfs/user/zhuzihou/assets/dedup_workspaces/test0_transitive_apply_parallel/dataset/GRScenes_assets/bottle/1df67a23b5532cecbbca63f0b41e2524,/cpfs/user/zhuzihou/assets/dedup_workspaces/test0_transitive_apply_parallel/dataset/GRScenes_assets/bottle/1df67a23b5532cecbbca63f0b41e2524/usd/1df67a23b5532cecbbca63f0b41e2524.usd
bottle,1e162bae7772a09731b82cddc158fd9a,blank,object,27.810815,27.810816,1.000000,4.821434,true,true,,0.000000,0.000000,0,blank;blank;blank;blank,/cpfs/user/zhuzihou/assets/dedup_workspaces/test0_transitive_apply_parallel/dataset/GRScenes_assets/bottle/1e162bae7772a09731b82cddc158fd9a,/cpfs/user/zhuzihou/assets/dedup_workspaces/test0_transitive_apply_parallel/dataset/GRScenes_assets/bottle/1e162bae7772a09731b82cddc158fd9a/usd/1e162bae7772a09731b82cddc158fd9a.usd
bottle,1fbb8fc3e3920a9ba65822ed0ecac0eb,suspicious,object,18.614853,18.614853,1.000000,1.898713,true,true,,0.035915,0.044098,136,ok;blank;blank;ok,/cpfs/user/zhuzihou/assets/dedup_workspaces/test0_transitive_apply_parallel/dataset/GRScenes_assets/bottle/1fbb8fc3e3920a9ba65822ed0ecac0eb,/cpfs/user/zhuzihou/assets/dedup_workspaces/test0_transitive_apply_parallel/dataset/GRScenes_assets/bottle/1fbb8fc3e3920a9ba65822ed0ecac0eb/usd/1fbb8fc3e3920a9ba65822ed0ecac0eb.usd
bottle,1fffe2d1b85937bd9f26e2adfbb4d172,suspicious,object,22.284952,22.284952,1.000000,2.110283,true,true,,0.018803,0.021423,104,blank;ok;blank;blank,/cpfs/user/zhuzihou/assets/dedup_workspaces/test0_transitive_apply_parallel/dataset/GRScenes_assets/bottle/1fffe2d1b85937bd9f26e2adfbb4d172,/cpfs/user/zhuzihou/assets/dedup_workspaces/test0_transitive_apply_parallel/dataset/GRScenes_assets/bottle/1fffe2d1b85937bd9f26e2adfbb4d172/usd/1fffe2d1b85937bd9f26e2adfbb4d172.usd
bottle,200ef2c167ba5c82287aea27573e190b,blank,object,23.220128,23.220128,1.000000,1.161019,true,true,,0.000000,0.000000,0,blank;blank;blank;blank,/cpfs/user/zhuzihou/assets/dedup_workspaces/test0_transitive_apply_parallel/dataset/GRScenes_assets/bottle/200ef2c167ba5c82287aea27573e190b,/cpfs/user/zhuzihou/assets/dedup_workspaces/test0_transitive_apply_parallel/dataset/GRScenes_assets/bottle/200ef2c167ba5c82287aea27573e190b/usd/200ef2c167ba5c82287aea27573e190b.usd
bottle,202801c6a7c2b9e9d996442ad0ab1cc8,blank,object,27.814691,27.814690,1.000000,2.674834,true,true,,0.000000,0.000000,0,blank;blank;blank;blank,/cpfs/user/zhuzihou/assets/dedup_workspaces/test0_transitive_apply_parallel/dataset/GRScenes_assets/bottle/202801c6a7c2b9e9d996442ad0ab1cc8,/cpfs/user/zhuzihou/assets/dedup_workspaces/test0_transitive_apply_parallel/dataset/GRScenes_assets/bottle/202801c6a7c2b9e9d996442ad0ab1cc8/usd/202801c6a7c2b9e9d996442ad0ab1cc8.usd
bottle,2060d9258dc85f37aec6f543707e473f,blank,object,35.244762,35.244762,1.000000,2.561935,true,true,,0.000000,0.000000,0,blank;blank;blank;blank,/cpfs/user/zhuzihou/assets/dedup_workspaces/test0_transitive_apply_parallel/dataset/GRScenes_assets/bottle/2060d9258dc85f37aec6f543707e473f,/cpfs/user/zhuzihou/assets/dedup_workspaces/test0_transitive_apply_parallel/dataset/GRScenes_assets/bottle/2060d9258dc85f37aec6f543707e473f/usd/2060d9258dc85f37aec6f543707e473f.usd
bottle,20b91b536a335327004e6c2ad1a605eb,suspicious,object,20.597991,20.597990,1.000000,1.409643,true,true,,0.057281,0.062897,229,ok;ok;tiny;blank,/cpfs/user/zhuzihou/assets/dedup_workspaces/test0_transitive_apply_parallel/dataset/GRScenes_assets/bottle/20b91b536a335327004e6c2ad1a605eb,/cpfs/user/zhuzihou/assets/dedup_workspaces/test0_transitive_apply_parallel/dataset/GRScenes_assets/bottle/20b91b536a335327004e6c2ad1a605eb/usd/20b91b536a335327004e6c2ad1a605eb.usd
bottle,21761f59d4beb332512447052b20363f,suspicious,object,18.599480,18.599480,1.000000,2.168877,true,true,,0.040321,0.055695,146,ok;ok;blank;blank,/cpfs/user/zhuzihou/assets/dedup_workspaces/test0_transitive_apply_parallel/dataset/GRScenes_assets/bottle/21761f59d4beb332512447052b20363f,/cpfs/user/zhuzihou/assets/dedup_workspaces/test0_transitive_apply_parallel/dataset/GRScenes_assets/bottle/21761f59d4beb332512447052b20363f/usd/21761f59d4beb332512447052b20363f.usd
bottle,220dd36d97465293be0dc68ccac136af,blank,object,27.678589,27.678588,1.000000,4.310133,true,true,,0.000000,0.000000,0,blank;blank;blank;blank,/cpfs/user/zhuzihou/assets/dedup_workspaces/test0_transitive_apply_parallel/dataset/GRScenes_assets/bottle/220dd36d97465293be0dc68ccac136af,/cpfs/user/zhuzihou/assets/dedup_workspaces/test0_transitive_apply_parallel/dataset/GRScenes_assets/bottle/220dd36d97465293be0dc68ccac136af/usd/220dd36d97465293be0dc68ccac136af.usd
bottle,22f0953705f26e5ae14f4bcab180718e,blank,object,25.197321,25.197320,1.000000,1.861682,true,true,,0.000000,0.000000,0,blank;blank;blank;blank,/cpfs/user/zhuzihou/assets/dedup_workspaces/test0_transitive_apply_parallel/dataset/GRScenes_assets/bottle/22f0953705f26e5ae14f4bcab180718e,/cpfs/user/zhuzihou/assets/dedup_workspaces/test0_transitive_apply_parallel/dataset/GRScenes_assets/bottle/22f0953705f26e5ae14f4bcab180718e/usd/22f0953705f26e5ae14f4bcab180718e.usd
bottle,2358f29ab72d60549816f3dab7c2c546,suspicious,object,11.854491,11.854491,1.000000,3.366772,true,true,,0.014675,0.015564,85,tiny;blank;blank;blank,/cpfs/user/zhuzihou/assets/dedup_workspaces/test0_transitive_apply_parallel/dataset/GRScenes_assets/bottle/2358f29ab72d60549816f3dab7c2c546,/cpfs/user/zhuzihou/assets/dedup_workspaces/test0_transitive_apply_parallel/dataset/GRScenes_assets/bottle/2358f29ab72d60549816f3dab7c2c546/usd/2358f29ab72d60549816f3dab7c2c546.usd
bottle,23c089710b88f54b59889d0c3b57adb7,suspicious,object,18.614853,18.614853,1.000000,2.487605,true,true,,0.029461,0.035366,127,tiny;blank;blank;ok,/cpfs/user/zhuzihou/assets/dedup_workspaces/test0_transitive_apply_parallel/dataset/GRScenes_assets/bottle/23c089710b88f54b59889d0c3b57adb7,/cpfs/user/zhuzihou/assets/dedup_workspaces/test0_transitive_apply_parallel/dataset/GRScenes_assets/bottle/23c089710b88f54b59889d0c3b57adb7/usd/23c089710b88f54b59889d0c3b57adb7.usd
bottle,247c08618a99186d9022c53c09d031fe,suspicious,object,26.831228,26.831230,1.000000,1.232960,true,true,,0.038754,0.053959,205,blank;blank;ok;blank,/cpfs/user/zhuzihou/assets/dedup_workspaces/test0_transitive_apply_parallel/dataset/GRScenes_assets/bottle/247c08618a99186d9022c53c09d031fe,/cpfs/user/zhuzihou/assets/dedup_workspaces/test0_transitive_apply_parallel/dataset/GRScenes_assets/bottle/247c08618a99186d9022c53c09d031fe/usd/247c08618a99186d9022c53c09d031fe.usd
bottle,24d6ad5552b78d472b75ec5f240ffebb,suspicious,object,27.552772,27.552773,1.000000,3.197426,true,true,,0.009392,0.013599,115,blank;blank;tiny;blank,/cpfs/user/zhuzihou/assets/dedup_workspaces/test0_transitive_apply_parallel/dataset/GRScenes_assets/bottle/24d6ad5552b78d472b75ec5f240ffebb,/cpfs/user/zhuzihou/assets/dedup_workspaces/test0_transitive_apply_parallel/dataset/GRScenes_assets/bottle/24d6ad5552b78d472b75ec5f240ffebb/usd/24d6ad5552b78d472b75ec5f240ffebb.usd
bottle,2526fa239a28cd579d37dbccebd6dd98,suspicious,object,18.593077,18.593077,1.000000,2.610759,true,true,,0.036739,0.057552,141,blank;blank;ok;ok,/cpfs/user/zhuzihou/assets/dedup_workspaces/test0_transitive_apply_parallel/dataset/GRScenes_assets/bottle/2526fa239a28cd579d37dbccebd6dd98,/cpfs/user/zhuzihou/assets/dedup_workspaces/test0_transitive_apply_parallel/dataset/GRScenes_assets/bottle/2526fa239a28cd579d37dbccebd6dd98/usd/2526fa239a28cd579d37dbccebd6dd98.usd
bottle,253cfa4d4a0c428cb17bc8e6bb3b6c51,blank,object,26.986484,26.986484,1.000000,6.549394,true,true,,0.000000,0.000000,0,blank;blank;blank;blank,/cpfs/user/zhuzihou/assets/dedup_workspaces/test0_transitive_apply_parallel/dataset/GRScenes_assets/bottle/253cfa4d4a0c428cb17bc8e6bb3b6c51,/cpfs/user/zhuzihou/assets/dedup_workspaces/test0_transitive_apply_parallel/dataset/GRScenes_assets/bottle/253cfa4d4a0c428cb17bc8e6bb3b6c51/usd/253cfa4d4a0c428cb17bc8e6bb3b6c51.usd
bottle,25d433d582537df637e73037ed9e8229,blank,object,22.760744,22.760743,1.000000,3.206309,true,true,,0.000000,0.000000,0,blank;blank;blank;blank,/cpfs/user/zhuzihou/assets/dedup_workspaces/test0_transitive_apply_parallel/dataset/GRScenes_assets/bottle/25d433d582537df637e73037ed9e8229,/cpfs/user/zhuzihou/assets/dedup_workspaces/test0_transitive_apply_parallel/dataset/GRScenes_assets/bottle/25d433d582537df637e73037ed9e8229/usd/25d433d582537df637e73037ed9e8229.usd
bottle,2681d2ec5e8974786ee6060eb257c89f,blank,object,34.300539,34.300539,1.000000,2.884023,true,true,,0.000000,0.000000,0,blank;blank;blank;blank,/cpfs/user/zhuzihou/assets/dedup_workspaces/test0_transitive_apply_parallel/dataset/GRScenes_assets/bottle/2681d2ec5e8974786ee6060eb257c89f,/cpfs/user/zhuzihou/assets/dedup_workspaces/test0_transitive_apply_parallel/dataset/GRScenes_assets/bottle/2681d2ec5e8974786ee6060eb257c89f/usd/2681d2ec5e8974786ee6060eb257c89f.usd
bottle,2696c36f847643da4f16023f98ac610e,blank,object,24.320749,24.320750,1.000000,2.201435,true,true,,0.000000,0.000000,0,blank;blank;blank;blank,/cpfs/user/zhuzihou/assets/dedup_workspaces/test0_transitive_apply_parallel/dataset/GRScenes_assets/bottle/2696c36f847643da4f16023f98ac610e,/cpfs/user/zhuzihou/assets/dedup_workspaces/test0_transitive_apply_parallel/dataset/GRScenes_assets/bottle/2696c36f847643da4f16023f98ac610e/usd/2696c36f847643da4f16023f98ac610e.usd
bottle,26c13afa9125afd66e7d324b8891efa2,blank,object,24.205346,24.205346,1.000000,2.651626,true,true,,0.000000,0.000000,0,blank;blank;blank;blank,/cpfs/user/zhuzihou/assets/dedup_workspaces/test0_transitive_apply_parallel/dataset/GRScenes_assets/bottle/26c13afa9125afd66e7d324b8891efa2,/cpfs/user/zhuzihou/assets/dedup_workspaces/test0_transitive_apply_parallel/dataset/GRScenes_assets/bottle/26c13afa9125afd66e7d324b8891efa2/usd/26c13afa9125afd66e7d324b8891efa2.usd
bottle,27ec89ea796499a4251d07c2ba663d28,suspicious,object,20.286863,20.286862,1.000000,1.786262,true,true,,0.015678,0.025124,89,blank;blank;blank;ok,/cpfs/user/zhuzihou/assets/dedup_workspaces/test0_transitive_apply_parallel/dataset/GRScenes_assets/bottle/27ec89ea796499a4251d07c2ba663d28,/cpfs/user/zhuzihou/assets/dedup_workspaces/test0_transitive_apply_parallel/dataset/GRScenes_assets/bottle/27ec89ea796499a4251d07c2ba663d28/usd/27ec89ea796499a4251d07c2ba663d28.usd
bottle,2826fb1437b851c48c236121a09eaa52,blank,object,35.063028,35.063028,1.000000,2.827584,true,true,,0.000000,0.000000,0,blank;blank;blank;blank,/cpfs/user/zhuzihou/assets/dedup_workspaces/test0_transitive_apply_parallel/dataset/GRScenes_assets/bottle/2826fb1437b851c48c236121a09eaa52,/cpfs/user/zhuzihou/assets/dedup_workspaces/test0_transitive_apply_parallel/dataset/GRScenes_assets/bottle/2826fb1437b851c48c236121a09eaa52/usd/2826fb1437b851c48c236121a09eaa52.usd
bottle,292f26296e61558c8426c89bd506a82a,suspicious,object,24.634792,24.634792,1.000000,2.620550,true,true,,0.005791,0.009567,66,blank;tiny;blank;blank,/cpfs/user/zhuzihou/assets/dedup_workspaces/test0_transitive_apply_parallel/dataset/GRScenes_assets/bottle/292f26296e61558c8426c89bd506a82a,/cpfs/user/zhuzihou/assets/dedup_workspaces/test0_transitive_apply_parallel/dataset/GRScenes_assets/bottle/292f26296e61558c8426c89bd506a82a/usd/292f26296e61558c8426c89bd506a82a.usd
bottle,2943e83894f5eab8985362fa1bc43307,suspicious,object,18.594174,18.594174,1.000000,3.337053,true,true,,0.021416,0.030899,108,blank;blank;tiny;ok,/cpfs/user/zhuzihou/assets/dedup_workspaces/test0_transitive_apply_parallel/dataset/GRScenes_assets/bottle/2943e83894f5eab8985362fa1bc43307,/cpfs/user/zhuzihou/assets/dedup_workspaces/test0_transitive_apply_parallel/dataset/GRScenes_assets/bottle/2943e83894f5eab8985362fa1bc43307/usd/2943e83894f5eab8985362fa1bc43307.usd
bottle,2aa4a7151b8824ed974af050fc064ff9,blank,object,24.771413,24.771414,1.000000,2.461209,true,true,,0.000000,0.000000,0,blank;blank;blank;blank,/cpfs/user/zhuzihou/assets/dedup_workspaces/test0_transitive_apply_parallel/dataset/GRScenes_assets/bottle/2aa4a7151b8824ed974af050fc064ff9,/cpfs/user/zhuzihou/assets/dedup_workspaces/test0_transitive_apply_parallel/dataset/GRScenes_assets/bottle/2aa4a7151b8824ed974af050fc064ff9/usd/2aa4a7151b8824ed974af050fc064ff9.usd
bottle,2b4dae1e5de9f39994b9bde103e51b08,blank,object,35.751466,35.751466,1.000000,3.861599,true,true,,0.000000,0.000000,0,blank;blank;blank;blank,/cpfs/user/zhuzihou/assets/dedup_workspaces/test0_transitive_apply_parallel/dataset/GRScenes_assets/bottle/2b4dae1e5de9f39994b9bde103e51b08,/cpfs/user/zhuzihou/assets/dedup_workspaces/test0_transitive_apply_parallel/dataset/GRScenes_assets/bottle/2b4dae1e5de9f39994b9bde103e51b08/usd/2b4dae1e5de9f39994b9bde103e51b08.usd
bottle,2b5b133e05aada100b8b98d9592bbf6f,blank,object,29.680961,29.680961,1.000000,1.858903,true,true,,0.000000,0.000000,0,blank;blank;blank;blank,/cpfs/user/zhuzihou/assets/dedup_workspaces/test0_transitive_apply_parallel/dataset/GRScenes_assets/bottle/2b5b133e05aada100b8b98d9592bbf6f,/cpfs/user/zhuzihou/assets/dedup_workspaces/test0_transitive_apply_parallel/dataset/GRScenes_assets/bottle/2b5b133e05aada100b8b98d9592bbf6f/usd/2b5b133e05aada100b8b98d9592bbf6f.usd
bottle,2ced14cd976041f62906951d2822cb21,blank,object,26.697759,26.697759,1.000000,2.336882,true,true,,0.000000,0.000000,0,blank;blank;blank;blank,/cpfs/user/zhuzihou/assets/dedup_workspaces/test0_transitive_apply_parallel/dataset/GRScenes_assets/bottle/2ced14cd976041f62906951d2822cb21,/cpfs/user/zhuzihou/assets/dedup_workspaces/test0_transitive_apply_parallel/dataset/GRScenes_assets/bottle/2ced14cd976041f62906951d2822cb21/usd/2ced14cd976041f62906951d2822cb21.usd
bottle,2d830328500665ee4495ba46fb745441,blank,object,26.011515,26.011516,1.000000,4.200826,true,true,,0.000000,0.000000,0,blank;blank;blank;blank,/cpfs/user/zhuzihou/assets/dedup_workspaces/test0_transitive_apply_parallel/dataset/GRScenes_assets/bottle/2d830328500665ee4495ba46fb745441,/cpfs/user/zhuzihou/assets/dedup_workspaces/test0_transitive_apply_parallel/dataset/GRScenes_assets/bottle/2d830328500665ee4495ba46fb745441/usd/2d830328500665ee4495ba46fb745441.usd
bottle,2dbf39466131f49990665adad8437b83,suspicious,object,22.284958,22.284958,1.000000,1.615987,true,true,,0.047752,0.055756,168,ok;blank;blank;ok,/cpfs/user/zhuzihou/assets/dedup_workspaces/test0_transitive_apply_parallel/dataset/GRScenes_assets/bottle/2dbf39466131f49990665adad8437b83,/cpfs/user/zhuzihou/assets/dedup_workspaces/test0_transitive_apply_parallel/dataset/GRScenes_assets/bottle/2dbf39466131f49990665adad8437b83/usd/2dbf39466131f49990665adad8437b83.usd
bottle,2dc18a26b82d6a0e3f7b759eef026bdc,suspicious,object,21.839774,21.839773,1.000000,3.498713,true,true,,0.006050,0.014191,62,blank;blank;blank;tiny,/cpfs/user/zhuzihou/assets/dedup_workspaces/test0_transitive_apply_parallel/dataset/GRScenes_assets/bottle/2dc18a26b82d6a0e3f7b759eef026bdc,/cpfs/user/zhuzihou/assets/dedup_workspaces/test0_transitive_apply_parallel/dataset/GRScenes_assets/bottle/2dc18a26b82d6a0e3f7b759eef026bdc/usd/2dc18a26b82d6a0e3f7b759eef026bdc.usd
bottle,2e544c656f9a010185fdb0530cfc243c,blank,object,18.283074,18.283073,1.000000,1.333908,true,true,,0.000000,0.000000,0,blank;blank;blank;blank,/cpfs/user/zhuzihou/assets/dedup_workspaces/test0_transitive_apply_parallel/dataset/GRScenes_assets/bottle/2e544c656f9a010185fdb0530cfc243c,/cpfs/user/zhuzihou/assets/dedup_workspaces/test0_transitive_apply_parallel/dataset/GRScenes_assets/bottle/2e544c656f9a010185fdb0530cfc243c/usd/2e544c656f9a010185fdb0530cfc243c.usd
bottle,2f03f0c6f6cbefcadc1137c1e620d176,blank,object,34.300526,34.300526,1.000000,2.545854,true,true,,0.000000,0.000000,0,blank;blank;blank;blank,/cpfs/user/zhuzihou/assets/dedup_workspaces/test0_transitive_apply_parallel/dataset/GRScenes_assets/bottle/2f03f0c6f6cbefcadc1137c1e620d176,/cpfs/user/zhuzihou/assets/dedup_workspaces/test0_transitive_apply_parallel/dataset/GRScenes_assets/bottle/2f03f0c6f6cbefcadc1137c1e620d176/usd/2f03f0c6f6cbefcadc1137c1e620d176.usd
bottle,30a990ebc15a71d7da8baeac0600664d,blank,object,26.986498,26.986498,1.000000,7.145126,true,true,,0.000000,0.000000,0,blank;blank;blank;blank,/cpfs/user/zhuzihou/assets/dedup_workspaces/test0_transitive_apply_parallel/dataset/GRScenes_assets/bottle/30a990ebc15a71d7da8baeac0600664d,/cpfs/user/zhuzihou/assets/dedup_workspaces/test0_transitive_apply_parallel/dataset/GRScenes_assets/bottle/30a990ebc15a71d7da8baeac0600664d/usd/30a990ebc15a71d7da8baeac0600664d.usd
bottle,30ba96a4f082b37f132e9653fbea9c15,suspicious,object,34.030028,34.030028,1.000000,2.665927,true,true,,0.032845,0.033722,104,blank;blank;ok;blank,/cpfs/user/zhuzihou/assets/dedup_workspaces/test0_transitive_apply_parallel/dataset/GRScenes_assets/bottle/30ba96a4f082b37f132e9653fbea9c15,/cpfs/user/zhuzihou/assets/dedup_workspaces/test0_transitive_apply_parallel/dataset/GRScenes_assets/bottle/30ba96a4f082b37f132e9653fbea9c15/usd/30ba96a4f082b37f132e9653fbea9c15.usd
bottle,312e1f34a6fd0ea7762fed294b7d9d89,blank,object,25.453915,25.453915,1.000000,2.448174,true,true,,0.000000,0.000000,0,blank;blank;blank;blank,/cpfs/user/zhuzihou/assets/dedup_workspaces/test0_transitive_apply_parallel/dataset/GRScenes_assets/bottle/312e1f34a6fd0ea7762fed294b7d9d89,/cpfs/user/zhuzihou/assets/dedup_workspaces/test0_transitive_apply_parallel/dataset/GRScenes_assets/bottle/312e1f34a6fd0ea7762fed294b7d9d89/usd/312e1f34a6fd0ea7762fed294b7d9d89.usd
bottle,314b19ea4876f0e0655e676e243972cf,suspicious,object,33.259936,33.259937,1.000000,1.204986,true,true,,0.033916,0.051865,132,blank;blank;blank;ok,/cpfs/user/zhuzihou/assets/dedup_workspaces/test0_transitive_apply_parallel/dataset/GRScenes_assets/bottle/314b19ea4876f0e0655e676e243972cf,/cpfs/user/zhuzihou/assets/dedup_workspaces/test0_transitive_apply_parallel/dataset/GRScenes_assets/bottle/314b19ea4876f0e0655e676e243972cf/usd/314b19ea4876f0e0655e676e243972cf.usd
bottle,314cceb346b19989f3aebacf8621612b,suspicious,object,22.284958,22.284958,1.000000,1.864389,true,true,,0.039516,0.054749,169,ok;ok;blank;blank,/cpfs/user/zhuzihou/assets/dedup_workspaces/test0_transitive_apply_parallel/dataset/GRScenes_assets/bottle/314cceb346b19989f3aebacf8621612b,/cpfs/user/zhuzihou/assets/dedup_workspaces/test0_transitive_apply_parallel/dataset/GRScenes_assets/bottle/314cceb346b19989f3aebacf8621612b/usd/314cceb346b19989f3aebacf8621612b.usd
bottle,3153d54f07dd4f15504e653769b39337,blank,object,35.244763,35.244763,1.000000,2.583788,true,true,,0.000000,0.000000,0,blank;blank;blank;blank,/cpfs/user/zhuzihou/assets/dedup_workspaces/test0_transitive_apply_parallel/dataset/GRScenes_assets/bottle/3153d54f07dd4f15504e653769b39337,/cpfs/user/zhuzihou/assets/dedup_workspaces/test0_transitive_apply_parallel/dataset/GRScenes_assets/bottle/3153d54f07dd4f15504e653769b39337/usd/3153d54f07dd4f15504e653769b39337.usd
bottle,32c94882e701219a85e6d7864f624774,suspicious,object,15.048028,15.048028,1.000000,4.227462,true,true,,0.010609,0.013298,83,blank;blank;blank;tiny,/cpfs/user/zhuzihou/assets/dedup_workspaces/test0_transitive_apply_parallel/dataset/GRScenes_assets/bottle/32c94882e701219a85e6d7864f624774,/cpfs/user/zhuzihou/assets/dedup_workspaces/test0_transitive_apply_parallel/dataset/GRScenes_assets/bottle/32c94882e701219a85e6d7864f624774/usd/32c94882e701219a85e6d7864f624774.usd
bottle,34455a1739a48c3e82f3611bb3a56a42,suspicious,object,20.218785,20.218785,1.000000,3.443950,true,true,,0.010040,0.019215,73,blank;blank;blank;tiny,/cpfs/user/zhuzihou/assets/dedup_workspaces/test0_transitive_apply_parallel/dataset/GRScenes_assets/bottle/34455a1739a48c3e82f3611bb3a56a42,/cpfs/user/zhuzihou/assets/dedup_workspaces/test0_transitive_apply_parallel/dataset/GRScenes_assets/bottle/34455a1739a48c3e82f3611bb3a56a42/usd/34455a1739a48c3e82f3611bb3a56a42.usd
bottle,348083faee227ffaebd97a4a75b56e67,blank,object,34.300538,34.300538,1.000000,2.616495,true,true,,0.000000,0.000000,0,blank;blank;blank;blank,/cpfs/user/zhuzihou/assets/dedup_workspaces/test0_transitive_apply_parallel/dataset/GRScenes_assets/bottle/348083faee227ffaebd97a4a75b56e67,/cpfs/user/zhuzihou/assets/dedup_workspaces/test0_transitive_apply_parallel/dataset/GRScenes_assets/bottle/348083faee227ffaebd97a4a75b56e67/usd/348083faee227ffaebd97a4a75b56e67.usd
bottle,35be58c92f6af2d53721788c80f7f1d6,blank,object,34.300526,34.300526,1.000000,2.547553,true,true,,0.000000,0.000000,0,blank;blank;blank;blank,/cpfs/user/zhuzihou/assets/dedup_workspaces/test0_transitive_apply_parallel/dataset/GRScenes_assets/bottle/35be58c92f6af2d53721788c80f7f1d6,/cpfs/user/zhuzihou/assets/dedup_workspaces/test0_transitive_apply_parallel/dataset/GRScenes_assets/bottle/35be58c92f6af2d53721788c80f7f1d6/usd/35be58c92f6af2d53721788c80f7f1d6.usd
bottle,35c8cf43dd7c300768b83551a489f57a,suspicious,object,27.789376,27.789375,1.000000,4.558766,true,true,,0.004745,0.006042,48,blank;blank;blank;tiny,/cpfs/user/zhuzihou/assets/dedup_workspaces/test0_transitive_apply_parallel/dataset/GRScenes_assets/bottle/35c8cf43dd7c300768b83551a489f57a,/cpfs/user/zhuzihou/assets/dedup_workspaces/test0_transitive_apply_parallel/dataset/GRScenes_assets/bottle/35c8cf43dd7c300768b83551a489f57a/usd/35c8cf43dd7c300768b83551a489f57a.usd
bottle,36757695b7d5a576f0160e8a71e11f20,blank,object,15.677524,15.677525,1.000000,5.267892,true,true,,0.000000,0.000000,0,blank;blank;blank;blank,/cpfs/user/zhuzihou/assets/dedup_workspaces/test0_transitive_apply_parallel/dataset/GRScenes_assets/bottle/36757695b7d5a576f0160e8a71e11f20,/cpfs/user/zhuzihou/assets/dedup_workspaces/test0_transitive_apply_parallel/dataset/GRScenes_assets/bottle/36757695b7d5a576f0160e8a71e11f20/usd/36757695b7d5a576f0160e8a71e11f20.usd
bottle,38a83b629e4e445b66bd0d015443bf1b,blank,object,35.063033,35.063033,1.000000,2.498481,true,true,,0.000000,0.000000,0,blank;blank;blank;blank,/cpfs/user/zhuzihou/assets/dedup_workspaces/test0_transitive_apply_parallel/dataset/GRScenes_assets/bottle/38a83b629e4e445b66bd0d015443bf1b,/cpfs/user/zhuzihou/assets/dedup_workspaces/test0_transitive_apply_parallel/dataset/GRScenes_assets/bottle/38a83b629e4e445b66bd0d015443bf1b/usd/38a83b629e4e445b66bd0d015443bf1b.usd
bottle,3958f6635643a60e76276e57e62e9dd0,suspicious,object,18.587913,18.587913,1.000000,3.232158,true,true,,0.017471,0.019131,85,blank;blank;tiny;blank,/cpfs/user/zhuzihou/assets/dedup_workspaces/test0_transitive_apply_parallel/dataset/GRScenes_assets/bottle/3958f6635643a60e76276e57e62e9dd0,/cpfs/user/zhuzihou/assets/dedup_workspaces/test0_transitive_apply_parallel/dataset/GRScenes_assets/bottle/3958f6635643a60e76276e57e62e9dd0/usd/3958f6635643a60e76276e57e62e9dd0.usd
bottle,3a6493c3609c88c577f13fbec7586b0c,suspicious,object,18.587913,18.587913,1.000000,3.610734,true,true,,0.019135,0.020622,102,blank;blank;ok;tiny,/cpfs/user/zhuzihou/assets/dedup_workspaces/test0_transitive_apply_parallel/dataset/GRScenes_assets/bottle/3a6493c3609c88c577f13fbec7586b0c,/cpfs/user/zhuzihou/assets/dedup_workspaces/test0_transitive_apply_parallel/dataset/GRScenes_assets/bottle/3a6493c3609c88c577f13fbec7586b0c/usd/3a6493c3609c88c577f13fbec7586b0c.usd
bottle,3a6a11e43eac6eadfb7e70b7e5a97761,blank,object,26.986478,26.986478,1.000000,7.136360,true,true,,0.000000,0.000000,0,blank;blank;blank;blank,/cpfs/user/zhuzihou/assets/dedup_workspaces/test0_transitive_apply_parallel/dataset/GRScenes_assets/bottle/3a6a11e43eac6eadfb7e70b7e5a97761,/cpfs/user/zhuzihou/assets/dedup_workspaces/test0_transitive_apply_parallel/dataset/GRScenes_assets/bottle/3a6a11e43eac6eadfb7e70b7e5a97761/usd/3a6a11e43eac6eadfb7e70b7e5a97761.usd
bottle,3b7c8607fc596630da5a83dd27e6b007,suspicious,object,35.704316,35.704317,1.000000,2.578420,true,true,,0.017128,0.022636,129,blank;blank;ok;blank,/cpfs/user/zhuzihou/assets/dedup_workspaces/test0_transitive_apply_parallel/dataset/GRScenes_assets/bottle/3b7c8607fc596630da5a83dd27e6b007,/cpfs/user/zhuzihou/assets/dedup_workspaces/test0_transitive_apply_parallel/dataset/GRScenes_assets/bottle/3b7c8607fc596630da5a83dd27e6b007/usd/3b7c8607fc596630da5a83dd27e6b007.usd
bottle,3b959a988993ed8dadb69a34d65e9705,blank,object,35.063029,35.063029,1.000000,2.755162,true,true,,0.000000,0.000000,0,blank;blank;blank;blank,/cpfs/user/zhuzihou/assets/dedup_workspaces/test0_transitive_apply_parallel/dataset/GRScenes_assets/bottle/3b959a988993ed8dadb69a34d65e9705,/cpfs/user/zhuzihou/assets/dedup_workspaces/test0_transitive_apply_parallel/dataset/GRScenes_assets/bottle/3b959a988993ed8dadb69a34d65e9705/usd/3b959a988993ed8dadb69a34d65e9705.usd
bottle,3ba8adccd1e17005362ca084ac7c175b,blank,object,26.697786,26.697786,1.000000,1.962115,true,true,,0.000000,0.000000,0,blank;blank;blank;blank,/cpfs/user/zhuzihou/assets/dedup_workspaces/test0_transitive_apply_parallel/dataset/GRScenes_assets/bottle/3ba8adccd1e17005362ca084ac7c175b,/cpfs/user/zhuzihou/assets/dedup_workspaces/test0_transitive_apply_parallel/dataset/GRScenes_assets/bottle/3ba8adccd1e17005362ca084ac7c175b/usd/3ba8adccd1e17005362ca084ac7c175b.usd
bottle,3bd873d403ae147bd9a95b410fff26eb,suspicious,object,16.351643,16.351643,1.000000,4.699509,true,true,,0.008812,0.010700,85,tiny;blank;blank;blank,/cpfs/user/zhuzihou/assets/dedup_workspaces/test0_transitive_apply_parallel/dataset/GRScenes_assets/bottle/3bd873d403ae147bd9a95b410fff26eb,/cpfs/user/zhuzihou/assets/dedup_workspaces/test0_transitive_apply_parallel/dataset/GRScenes_assets/bottle/3bd873d403ae147bd9a95b410fff26eb/usd/3bd873d403ae147bd9a95b410fff26eb.usd
bottle,3d1ddc98d7c1f1bc9d48344398d5c275,blank,object,27.810817,27.810817,1.000000,5.183557,true,true,,0.000000,0.000000,0,blank;blank;blank;blank,/cpfs/user/zhuzihou/assets/dedup_workspaces/test0_transitive_apply_parallel/dataset/GRScenes_assets/bottle/3d1ddc98d7c1f1bc9d48344398d5c275,/cpfs/user/zhuzihou/assets/dedup_workspaces/test0_transitive_apply_parallel/dataset/GRScenes_assets/bottle/3d1ddc98d7c1f1bc9d48344398d5c275/usd/3d1ddc98d7c1f1bc9d48344398d5c275.usd
bottle,3d32635e9aa71e334edd551b53d24a12,blank,object,14.265051,14.265051,1.000000,1.647235,true,true,,0.000000,0.000000,0,blank;blank;blank;blank,/cpfs/user/zhuzihou/assets/dedup_workspaces/test0_transitive_apply_parallel/dataset/GRScenes_assets/bottle/3d32635e9aa71e334edd551b53d24a12,/cpfs/user/zhuzihou/assets/dedup_workspaces/test0_transitive_apply_parallel/dataset/GRScenes_assets/bottle/3d32635e9aa71e334edd551b53d24a12/usd/3d32635e9aa71e334edd551b53d24a12.usd
bottle,3fbea76496bf04349440a969710847fc,blank,object,23.663534,23.663533,1.000000,3.887170,true,true,,0.000000,0.000000,0,blank;blank;blank;blank,/cpfs/user/zhuzihou/assets/dedup_workspaces/test0_transitive_apply_parallel/dataset/GRScenes_assets/bottle/3fbea76496bf04349440a969710847fc,/cpfs/user/zhuzihou/assets/dedup_workspaces/test0_transitive_apply_parallel/dataset/GRScenes_assets/bottle/3fbea76496bf04349440a969710847fc/usd/3fbea76496bf04349440a969710847fc.usd
bottle,404dd2da5b4a286fd6dd602038c69ba3,blank,object,8.735989,8.735989,1.000000,1.990894,true,true,,0.000000,0.000000,0,blank;blank;blank;blank,/cpfs/user/zhuzihou/assets/dedup_workspaces/test0_transitive_apply_parallel/dataset/GRScenes_assets/bottle/404dd2da5b4a286fd6dd602038c69ba3,/cpfs/user/zhuzihou/assets/dedup_workspaces/test0_transitive_apply_parallel/dataset/GRScenes_assets/bottle/404dd2da5b4a286fd6dd602038c69ba3/usd/404dd2da5b4a286fd6dd602038c69ba3.usd
bottle,41f5cda91cd46c23292d222e027e3c1a,suspicious,object,15.994651,15.994651,1.000000,4.308096,true,true,,0.010021,0.015015,82,tiny;blank;blank;blank,/cpfs/user/zhuzihou/assets/dedup_workspaces/test0_transitive_apply_parallel/dataset/GRScenes_assets/bottle/41f5cda91cd46c23292d222e027e3c1a,/cpfs/user/zhuzihou/assets/dedup_workspaces/test0_transitive_apply_parallel/dataset/GRScenes_assets/bottle/41f5cda91cd46c23292d222e027e3c1a/usd/41f5cda91cd46c23292d222e027e3c1a.usd
bottle,427c195427a5716df469c9d279488e34,suspicious,object,18.616286,18.616286,1.000000,1.657876,true,true,,0.064289,0.094242,183,ok;ok;blank;blank,/cpfs/user/zhuzihou/assets/dedup_workspaces/test0_transitive_apply_parallel/dataset/GRScenes_assets/bottle/427c195427a5716df469c9d279488e34,/cpfs/user/zhuzihou/assets/dedup_workspaces/test0_transitive_apply_parallel/dataset/GRScenes_assets/bottle/427c195427a5716df469c9d279488e34/usd/427c195427a5716df469c9d279488e34.usd
bottle,428beced80e3dd74a2c1b37e860efef2,suspicious,object,27.814044,27.814044,1.000000,1.079831,true,true,,0.052238,0.070206,253,ok;ok;blank;tiny,/cpfs/user/zhuzihou/assets/dedup_workspaces/test0_transitive_apply_parallel/dataset/GRScenes_assets/bottle/428beced80e3dd74a2c1b37e860efef2,/cpfs/user/zhuzihou/assets/dedup_workspaces/test0_transitive_apply_parallel/dataset/GRScenes_assets/bottle/428beced80e3dd74a2c1b37e860efef2/usd/428beced80e3dd74a2c1b37e860efef2.usd
bottle,42f6cefe823d3ad1464801abab1b628d,blank,object,24.320752,24.320752,1.000000,2.774731,true,true,,0.000000,0.000000,0,blank;blank;blank;blank,/cpfs/user/zhuzihou/assets/dedup_workspaces/test0_transitive_apply_parallel/dataset/GRScenes_assets/bottle/42f6cefe823d3ad1464801abab1b628d,/cpfs/user/zhuzihou/assets/dedup_workspaces/test0_transitive_apply_parallel/dataset/GRScenes_assets/bottle/42f6cefe823d3ad1464801abab1b628d/usd/42f6cefe823d3ad1464801abab1b628d.usd
bottle,44766ee86b84ecc6d30891965eb98ff0,blank,object,27.678557,27.678556,1.000000,3.600343,true,true,,0.000000,0.000000,0,blank;blank;blank;blank,/cpfs/user/zhuzihou/assets/dedup_workspaces/test0_transitive_apply_parallel/dataset/GRScenes_assets/bottle/44766ee86b84ecc6d30891965eb98ff0,/cpfs/user/zhuzihou/assets/dedup_workspaces/test0_transitive_apply_parallel/dataset/GRScenes_assets/bottle/44766ee86b84ecc6d30891965eb98ff0/usd/44766ee86b84ecc6d30891965eb98ff0.usd
bottle,47c4d004531c8fb456cddbf21b4c870d,blank,object,23.277050,23.277051,1.000000,3.673943,true,true,,0.000000,0.000000,0,blank;blank;blank;blank,/cpfs/user/zhuzihou/assets/dedup_workspaces/test0_transitive_apply_parallel/dataset/GRScenes_assets/bottle/47c4d004531c8fb456cddbf21b4c870d,/cpfs/user/zhuzihou/assets/dedup_workspaces/test0_transitive_apply_parallel/dataset/GRScenes_assets/bottle/47c4d004531c8fb456cddbf21b4c870d/usd/47c4d004531c8fb456cddbf21b4c870d.usd
bottle,4864951764f74b53cc1a9f8e4b899776,blank,object,26.011514,26.011516,1.000000,3.973623,true,true,,0.000000,0.000000,0,blank;blank;blank;blank,/cpfs/user/zhuzihou/assets/dedup_workspaces/test0_transitive_apply_parallel/dataset/GRScenes_assets/bottle/4864951764f74b53cc1a9f8e4b899776,/cpfs/user/zhuzihou/assets/dedup_workspaces/test0_transitive_apply_parallel/dataset/GRScenes_assets/bottle/4864951764f74b53cc1a9f8e4b899776/usd/4864951764f74b53cc1a9f8e4b899776.usd
bottle,48d781448d209a08b21263b1b45ec901,blank,object,27.678557,27.678555,1.000000,4.032052,true,true,,0.000000,0.000000,0,blank;blank;blank;blank,/cpfs/user/zhuzihou/assets/dedup_workspaces/test0_transitive_apply_parallel/dataset/GRScenes_assets/bottle/48d781448d209a08b21263b1b45ec901,/cpfs/user/zhuzihou/assets/dedup_workspaces/test0_transitive_apply_parallel/dataset/GRScenes_assets/bottle/48d781448d209a08b21263b1b45ec901/usd/48d781448d209a08b21263b1b45ec901.usd
bottle,49514ad36e92ad66895ea6d6d83ef101,suspicious,object,20.982552,20.982552,1.000000,3.394634,true,true,,0.018391,0.021011,102,blank;blank;ok;blank,/cpfs/user/zhuzihou/assets/dedup_workspaces/test0_transitive_apply_parallel/dataset/GRScenes_assets/bottle/49514ad36e92ad66895ea6d6d83ef101,/cpfs/user/zhuzihou/assets/dedup_workspaces/test0_transitive_apply_parallel/dataset/GRScenes_assets/bottle/49514ad36e92ad66895ea6d6d83ef101/usd/49514ad36e92ad66895ea6d6d83ef101.usd
bottle,4aa68d036f1e4d2449bc37e54ce214c7,blank,object,26.697777,26.697777,1.000000,1.910061,true,true,,0.000000,0.000000,0,blank;blank;blank;blank,/cpfs/user/zhuzihou/assets/dedup_workspaces/test0_transitive_apply_parallel/dataset/GRScenes_assets/bottle/4aa68d036f1e4d2449bc37e54ce214c7,/cpfs/user/zhuzihou/assets/dedup_workspaces/test0_transitive_apply_parallel/dataset/GRScenes_assets/bottle/4aa68d036f1e4d2449bc37e54ce214c7/usd/4aa68d036f1e4d2449bc37e54ce214c7.usd
bottle,4b8da75f8ce46fa39b9b6976fe4756f5,suspicious,object,13.021321,13.021321,1.000000,1.185315,true,true,,0.100471,0.109673,230,ok;blank;blank;tiny,/cpfs/user/zhuzihou/assets/dedup_workspaces/test0_transitive_apply_parallel/dataset/GRScenes_assets/bottle/4b8da75f8ce46fa39b9b6976fe4756f5,/cpfs/user/zhuzihou/assets/dedup_workspaces/test0_transitive_apply_parallel/dataset/GRScenes_assets/bottle/4b8da75f8ce46fa39b9b6976fe4756f5/usd/4b8da75f8ce46fa39b9b6976fe4756f5.usd
bottle,4c03774c8d95f7ba0f5146a22a42365d,blank,object,23.277071,23.277072,1.000000,3.977889,true,true,,0.000000,0.000000,0,blank;blank;blank;blank,/cpfs/user/zhuzihou/assets/dedup_workspaces/test0_transitive_apply_parallel/dataset/GRScenes_assets/bottle/4c03774c8d95f7ba0f5146a22a42365d,/cpfs/user/zhuzihou/assets/dedup_workspaces/test0_transitive_apply_parallel/dataset/GRScenes_assets/bottle/4c03774c8d95f7ba0f5146a22a42365d/usd/4c03774c8d95f7ba0f5146a22a42365d.usd
bottle,4c17c4987af529e91fc36a1f56aeb908,blank,object,24.205335,24.205335,1.000000,2.099092,true,true,,0.000000,0.000000,0,blank;blank;blank;blank,/cpfs/user/zhuzihou/assets/dedup_workspaces/test0_transitive_apply_parallel/dataset/GRScenes_assets/bottle/4c17c4987af529e91fc36a1f56aeb908,/cpfs/user/zhuzihou/assets/dedup_workspaces/test0_transitive_apply_parallel/dataset/GRScenes_assets/bottle/4c17c4987af529e91fc36a1f56aeb908/usd/4c17c4987af529e91fc36a1f56aeb908.usd
bottle,4e8e59c6b862e5896d666b2ccc8b5c11,blank,object,22.760737,22.760736,1.000000,2.945057,true,true,,0.000000,0.000000,0,blank;blank;blank;blank,/cpfs/user/zhuzihou/assets/dedup_workspaces/test0_transitive_apply_parallel/dataset/GRScenes_assets/bottle/4e8e59c6b862e5896d666b2ccc8b5c11,/cpfs/user/zhuzihou/assets/dedup_workspaces/test0_transitive_apply_parallel/dataset/GRScenes_assets/bottle/4e8e59c6b862e5896d666b2ccc8b5c11/usd/4e8e59c6b862e5896d666b2ccc8b5c11.usd
bottle,4f2775f5bcb1559d0794f09ef6cb8f8a,blank,object,24.320752,24.320752,1.000000,2.415501,true,true,,0.000000,0.000000,0,blank;blank;blank;blank,/cpfs/user/zhuzihou/assets/dedup_workspaces/test0_transitive_apply_parallel/dataset/GRScenes_assets/bottle/4f2775f5bcb1559d0794f09ef6cb8f8a,/cpfs/user/zhuzihou/assets/dedup_workspaces/test0_transitive_apply_parallel/dataset/GRScenes_assets/bottle/4f2775f5bcb1559d0794f09ef6cb8f8a/usd/4f2775f5bcb1559d0794f09ef6cb8f8a.usd
bottle,4f676ea855236b22d221ab89d9ab9db0,suspicious,object,18.616691,18.616691,1.000000,2.398452,true,true,,0.044380,0.054325,148,ok;blank;blank;ok,/cpfs/user/zhuzihou/assets/dedup_workspaces/test0_transitive_apply_parallel/dataset/GRScenes_assets/bottle/4f676ea855236b22d221ab89d9ab9db0,/cpfs/user/zhuzihou/assets/dedup_workspaces/test0_transitive_apply_parallel/dataset/GRScenes_assets/bottle/4f676ea855236b22d221ab89d9ab9db0/usd/4f676ea855236b22d221ab89d9ab9db0.usd
bottle,501a5ac3cbdae92226c51c349e4e6a17,suspicious,object,11.442467,11.442467,1.000000,1.418585,true,true,,0.066792,0.079002,190,blank;blank;ok;blank,/cpfs/user/zhuzihou/assets/dedup_workspaces/test0_transitive_apply_parallel/dataset/GRScenes_assets/bottle/501a5ac3cbdae92226c51c349e4e6a17,/cpfs/user/zhuzihou/assets/dedup_workspaces/test0_transitive_apply_parallel/dataset/GRScenes_assets/bottle/501a5ac3cbdae92226c51c349e4e6a17/usd/501a5ac3cbdae92226c51c349e4e6a17.usd
bottle,5110cf450c58c157ae51820e4f8f5a70,suspicious,object,18.594191,18.594191,1.000000,2.259746,true,true,,0.025402,0.029457,117,blank;blank;ok;blank,/cpfs/user/zhuzihou/assets/dedup_workspaces/test0_transitive_apply_parallel/dataset/GRScenes_assets/bottle/5110cf450c58c157ae51820e4f8f5a70,/cpfs/user/zhuzihou/assets/dedup_workspaces/test0_transitive_apply_parallel/dataset/GRScenes_assets/bottle/5110cf450c58c157ae51820e4f8f5a70/usd/5110cf450c58c157ae51820e4f8f5a70.usd
bottle,512ed749857d54b770c8fb1d95ebe719,suspicious,object,27.814054,27.814054,1.000000,1.286816,true,true,,0.043205,0.044300,159,ok;ok;ok;blank,/cpfs/user/zhuzihou/assets/dedup_workspaces/test0_transitive_apply_parallel/dataset/GRScenes_assets/bottle/512ed749857d54b770c8fb1d95ebe719,/cpfs/user/zhuzihou/assets/dedup_workspaces/test0_transitive_apply_parallel/dataset/GRScenes_assets/bottle/512ed749857d54b770c8fb1d95ebe719/usd/512ed749857d54b770c8fb1d95ebe719.usd
bottle,51657fff4142cac375067af63e5f46a5,suspicious,object,29.502972,29.502973,1.000000,1.904629,true,true,,0.010571,0.017212,94,tiny;blank;blank;tiny,/cpfs/user/zhuzihou/assets/dedup_workspaces/test0_transitive_apply_parallel/dataset/GRScenes_assets/bottle/51657fff4142cac375067af63e5f46a5,/cpfs/user/zhuzihou/assets/dedup_workspaces/test0_transitive_apply_parallel/dataset/GRScenes_assets/bottle/51657fff4142cac375067af63e5f46a5/usd/51657fff4142cac375067af63e5f46a5.usd
bottle,52a8b574134363d8d714f7c0905e5a23,suspicious,object,20.361854,20.361854,1.000000,2.699418,true,true,,0.020130,0.038086,104,tiny;blank;blank;ok,/cpfs/user/zhuzihou/assets/dedup_workspaces/test0_transitive_apply_parallel/dataset/GRScenes_assets/bottle/52a8b574134363d8d714f7c0905e5a23,/cpfs/user/zhuzihou/assets/dedup_workspaces/test0_transitive_apply_parallel/dataset/GRScenes_assets/bottle/52a8b574134363d8d714f7c0905e5a23/usd/52a8b574134363d8d714f7c0905e5a23.usd
bottle,535eb2876247eb78fe2fc2d73c370277,suspicious,object,23.336249,23.336249,1.000000,1.712142,true,true,,0.050999,0.064915,143,ok;ok;blank;blank,/cpfs/user/zhuzihou/assets/dedup_workspaces/test0_transitive_apply_parallel/dataset/GRScenes_assets/bottle/535eb2876247eb78fe2fc2d73c370277,/cpfs/user/zhuzihou/assets/dedup_workspaces/test0_transitive_apply_parallel/dataset/GRScenes_assets/bottle/535eb2876247eb78fe2fc2d73c370277/usd/535eb2876247eb78fe2fc2d73c370277.usd
bottle,5400f05e475b0a6254f90a92873d50f7,blank,object,22.335267,22.335268,1.000000,3.771044,true,true,,0.000000,0.000000,0,blank;blank;blank;blank,/cpfs/user/zhuzihou/assets/dedup_workspaces/test0_transitive_apply_parallel/dataset/GRScenes_assets/bottle/5400f05e475b0a6254f90a92873d50f7,/cpfs/user/zhuzihou/assets/dedup_workspaces/test0_transitive_apply_parallel/dataset/GRScenes_assets/bottle/5400f05e475b0a6254f90a92873d50f7/usd/5400f05e475b0a6254f90a92873d50f7.usd
bottle,54072cef39d85c24d19c5a9b585307c7,blank,object,24.320749,24.320750,1.000000,2.590522,true,true,,0.000000,0.000000,0,blank;blank;blank;blank,/cpfs/user/zhuzihou/assets/dedup_workspaces/test0_transitive_apply_parallel/dataset/GRScenes_assets/bottle/54072cef39d85c24d19c5a9b585307c7,/cpfs/user/zhuzihou/assets/dedup_workspaces/test0_transitive_apply_parallel/dataset/GRScenes_assets/bottle/54072cef39d85c24d19c5a9b585307c7/usd/54072cef39d85c24d19c5a9b585307c7.usd
bottle,5446d9db321a150d3fdd5de0c4ad8391,blank,object,17.163554,17.163553,1.000000,4.774171,true,true,,0.000000,0.000000,0,blank;blank;blank;blank,/cpfs/user/zhuzihou/assets/dedup_workspaces/test0_transitive_apply_parallel/dataset/GRScenes_assets/bottle/5446d9db321a150d3fdd5de0c4ad8391,/cpfs/user/zhuzihou/assets/dedup_workspaces/test0_transitive_apply_parallel/dataset/GRScenes_assets/bottle/5446d9db321a150d3fdd5de0c4ad8391/usd/5446d9db321a150d3fdd5de0c4ad8391.usd
bottle,544fcd703847ce2bce83524adc22f526,suspicious,object,14.608460,14.608460,1.000000,1.388651,true,true,,0.004612,0.018105,226,blank;blank;tiny;blank,/cpfs/user/zhuzihou/assets/dedup_workspaces/test0_transitive_apply_parallel/dataset/GRScenes_assets/bottle/544fcd703847ce2bce83524adc22f526,/cpfs/user/zhuzihou/assets/dedup_workspaces/test0_transitive_apply_parallel/dataset/GRScenes_assets/bottle/544fcd703847ce2bce83524adc22f526/usd/544fcd703847ce2bce83524adc22f526.usd
bottle,5460e234d7ae589d2a4849ec9a8740e6,blank,object,24.771415,24.771415,1.000000,1.973109,true,true,,0.000000,0.000000,0,blank;blank;blank;blank,/cpfs/user/zhuzihou/assets/dedup_workspaces/test0_transitive_apply_parallel/dataset/GRScenes_assets/bottle/5460e234d7ae589d2a4849ec9a8740e6,/cpfs/user/zhuzihou/assets/dedup_workspaces/test0_transitive_apply_parallel/dataset/GRScenes_assets/bottle/5460e234d7ae589d2a4849ec9a8740e6/usd/5460e234d7ae589d2a4849ec9a8740e6.usd
bottle,5498de6c8bbc1a8c11ad8372dad01033,blank,object,27.342532,27.342532,1.000000,2.400528,true,true,,0.000000,0.000000,0,blank;blank;blank;blank,/cpfs/user/zhuzihou/assets/dedup_workspaces/test0_transitive_apply_parallel/dataset/GRScenes_assets/bottle/5498de6c8bbc1a8c11ad8372dad01033,/cpfs/user/zhuzihou/assets/dedup_workspaces/test0_transitive_apply_parallel/dataset/GRScenes_assets/bottle/5498de6c8bbc1a8c11ad8372dad01033/usd/5498de6c8bbc1a8c11ad8372dad01033.usd
bottle,55ced24594c88bee9bbc45eb1dea2388,suspicious,object,26.583467,26.583467,1.000000,1.737099,true,true,,0.037273,0.047836,132,blank;blank;ok;blank,/cpfs/user/zhuzihou/assets/dedup_workspaces/test0_transitive_apply_parallel/dataset/GRScenes_assets/bottle/55ced24594c88bee9bbc45eb1dea2388,/cpfs/user/zhuzihou/assets/dedup_workspaces/test0_transitive_apply_parallel/dataset/GRScenes_assets/bottle/55ced24594c88bee9bbc45eb1dea2388/usd/55ced24594c88bee9bbc45eb1dea2388.usd
bottle,561e2f5ddcc33496a9032842ff1d2251,blank,object,27.810820,27.810821,1.000000,5.465584,true,true,,0.000000,0.000000,0,blank;blank;blank;blank,/cpfs/user/zhuzihou/assets/dedup_workspaces/test0_transitive_apply_parallel/dataset/GRScenes_assets/bottle/561e2f5ddcc33496a9032842ff1d2251,/cpfs/user/zhuzihou/assets/dedup_workspaces/test0_transitive_apply_parallel/dataset/GRScenes_assets/bottle/561e2f5ddcc33496a9032842ff1d2251/usd/561e2f5ddcc33496a9032842ff1d2251.usd
bottle,567c02620505519314378ae81128e6b9,blank,object,14.457837,14.457837,1.000000,1.187392,true,true,,0.000000,0.000000,0,blank;blank;blank;blank,/cpfs/user/zhuzihou/assets/dedup_workspaces/test0_transitive_apply_parallel/dataset/GRScenes_assets/bottle/567c02620505519314378ae81128e6b9,/cpfs/user/zhuzihou/assets/dedup_workspaces/test0_transitive_apply_parallel/dataset/GRScenes_assets/bottle/567c02620505519314378ae81128e6b9/usd/567c02620505519314378ae81128e6b9.usd
bottle,571d76da604a73277545ba9f30669fed,blank,object,23.277050,23.277051,1.000000,3.801780,true,true,,0.000000,0.000000,0,blank;blank;blank;blank,/cpfs/user/zhuzihou/assets/dedup_workspaces/test0_transitive_apply_parallel/dataset/GRScenes_assets/bottle/571d76da604a73277545ba9f30669fed,/cpfs/user/zhuzihou/assets/dedup_workspaces/test0_transitive_apply_parallel/dataset/GRScenes_assets/bottle/571d76da604a73277545ba9f30669fed/usd/571d76da604a73277545ba9f30669fed.usd
bottle,573c96d5c920fec7c1b4f845b81181d9,suspicious,object,33.324569,33.324570,1.000000,1.834069,true,true,,0.023758,0.034512,109,blank;ok;blank;blank,/cpfs/user/zhuzihou/assets/dedup_workspaces/test0_transitive_apply_parallel/dataset/GRScenes_assets/bottle/573c96d5c920fec7c1b4f845b81181d9,/cpfs/user/zhuzihou/assets/dedup_workspaces/test0_transitive_apply_parallel/dataset/GRScenes_assets/bottle/573c96d5c920fec7c1b4f845b81181d9/usd/573c96d5c920fec7c1b4f845b81181d9.usd
bottle,585342f0411dd5cb4657535ac169f868,blank,object,26.986491,26.986491,1.000000,6.532230,true,true,,0.000000,0.000000,0,blank;blank;blank;blank,/cpfs/user/zhuzihou/assets/dedup_workspaces/test0_transitive_apply_parallel/dataset/GRScenes_assets/bottle/585342f0411dd5cb4657535ac169f868,/cpfs/user/zhuzihou/assets/dedup_workspaces/test0_transitive_apply_parallel/dataset/GRScenes_assets/bottle/585342f0411dd5cb4657535ac169f868/usd/585342f0411dd5cb4657535ac169f868.usd
bottle,58c5f4b01b3961a431a9eb9536c0c0fe,suspicious,object,29.502990,29.502991,1.000000,1.360476,true,true,,0.015640,0.021790,112,blank;blank;blank;ok,/cpfs/user/zhuzihou/assets/dedup_workspaces/test0_transitive_apply_parallel/dataset/GRScenes_assets/bottle/58c5f4b01b3961a431a9eb9536c0c0fe,/cpfs/user/zhuzihou/assets/dedup_workspaces/test0_transitive_apply_parallel/dataset/GRScenes_assets/bottle/58c5f4b01b3961a431a9eb9536c0c0fe/usd/58c5f4b01b3961a431a9eb9536c0c0fe.usd
bottle,58de8af0b326b57abaeb988f263b73cc,blank,object,35.665890,35.665890,1.000000,2.756708,true,true,,0.000000,0.000000,0,blank;blank;blank;blank,/cpfs/user/zhuzihou/assets/dedup_workspaces/test0_transitive_apply_parallel/dataset/GRScenes_assets/bottle/58de8af0b326b57abaeb988f263b73cc,/cpfs/user/zhuzihou/assets/dedup_workspaces/test0_transitive_apply_parallel/dataset/GRScenes_assets/bottle/58de8af0b326b57abaeb988f263b73cc/usd/58de8af0b326b57abaeb988f263b73cc.usd
bottle,5ab086a2ddbf47648c6b3d00df36eaeb,blank,object,22.335272,22.335272,1.000000,3.476050,true,true,,0.000000,0.000000,0,blank;blank;blank;blank,/cpfs/user/zhuzihou/assets/dedup_workspaces/test0_transitive_apply_parallel/dataset/GRScenes_assets/bottle/5ab086a2ddbf47648c6b3d00df36eaeb,/cpfs/user/zhuzihou/assets/dedup_workspaces/test0_transitive_apply_parallel/dataset/GRScenes_assets/bottle/5ab086a2ddbf47648c6b3d00df36eaeb/usd/5ab086a2ddbf47648c6b3d00df36eaeb.usd
bottle,5afba4862b89ce4978bca2fb4d2d0b74,blank,object,27.810820,27.810821,1.000000,5.196014,true,true,,0.000000,0.000000,0,blank;blank;blank;blank,/cpfs/user/zhuzihou/assets/dedup_workspaces/test0_transitive_apply_parallel/dataset/GRScenes_assets/bottle/5afba4862b89ce4978bca2fb4d2d0b74,/cpfs/user/zhuzihou/assets/dedup_workspaces/test0_transitive_apply_parallel/dataset/GRScenes_assets/bottle/5afba4862b89ce4978bca2fb4d2d0b74/usd/5afba4862b89ce4978bca2fb4d2d0b74.usd
bottle,5b19ee1841b31d4a569ef07f6bd95c77,suspicious,object,32.578642,32.578642,1.000000,4.154349,true,true,,0.007309,0.012531,73,blank;blank;tiny;blank,/cpfs/user/zhuzihou/assets/dedup_workspaces/test0_transitive_apply_parallel/dataset/GRScenes_assets/bottle/5b19ee1841b31d4a569ef07f6bd95c77,/cpfs/user/zhuzihou/assets/dedup_workspaces/test0_transitive_apply_parallel/dataset/GRScenes_assets/bottle/5b19ee1841b31d4a569ef07f6bd95c77/usd/5b19ee1841b31d4a569ef07f6bd95c77.usd
bottle,5b6b3e43378339d9d4eabc23ee462459,blank,object,24.320750,24.320750,1.000000,2.642871,true,true,,0.000000,0.000000,0,blank;blank;blank;blank,/cpfs/user/zhuzihou/assets/dedup_workspaces/test0_transitive_apply_parallel/dataset/GRScenes_assets/bottle/5b6b3e43378339d9d4eabc23ee462459,/cpfs/user/zhuzihou/assets/dedup_workspaces/test0_transitive_apply_parallel/dataset/GRScenes_assets/bottle/5b6b3e43378339d9d4eabc23ee462459/usd/5b6b3e43378339d9d4eabc23ee462459.usd
bottle,5bd5c546e9f458e54a192a3195a598dd,suspicious,object,21.258121,21.258120,1.000000,2.575906,true,true,,0.012268,0.015274,143,tiny;tiny;blank;blank,/cpfs/user/zhuzihou/assets/dedup_workspaces/test0_transitive_apply_parallel/dataset/GRScenes_assets/bottle/5bd5c546e9f458e54a192a3195a598dd,/cpfs/user/zhuzihou/assets/dedup_workspaces/test0_transitive_apply_parallel/dataset/GRScenes_assets/bottle/5bd5c546e9f458e54a192a3195a598dd/usd/5bd5c546e9f458e54a192a3195a598dd.usd
bottle,5c042d7c2f32b50b54eac982a13b6909,blank,object,23.277050,23.277051,1.000000,3.456541,true,true,,0.000000,0.000000,0,blank;blank;blank;blank,/cpfs/user/zhuzihou/assets/dedup_workspaces/test0_transitive_apply_parallel/dataset/GRScenes_assets/bottle/5c042d7c2f32b50b54eac982a13b6909,/cpfs/user/zhuzihou/assets/dedup_workspaces/test0_transitive_apply_parallel/dataset/GRScenes_assets/bottle/5c042d7c2f32b50b54eac982a13b6909/usd/5c042d7c2f32b50b54eac982a13b6909.usd
bottle,5d36719f2b37671f108393847d7c7283,suspicious,object,27.101935,27.101935,1.000000,1.360985,true,true,,0.049522,0.056763,160,blank;blank;ok;blank,/cpfs/user/zhuzihou/assets/dedup_workspaces/test0_transitive_apply_parallel/dataset/GRScenes_assets/bottle/5d36719f2b37671f108393847d7c7283,/cpfs/user/zhuzihou/assets/dedup_workspaces/test0_transitive_apply_parallel/dataset/GRScenes_assets/bottle/5d36719f2b37671f108393847d7c7283/usd/5d36719f2b37671f108393847d7c7283.usd
bottle,61b38bd256642779ce1925544319605b,suspicious,object,18.615638,18.615638,1.000000,3.082091,true,true,,0.023518,0.035431,108,blank;blank;tiny;ok,/cpfs/user/zhuzihou/assets/dedup_workspaces/test0_transitive_apply_parallel/dataset/GRScenes_assets/bottle/61b38bd256642779ce1925544319605b,/cpfs/user/zhuzihou/assets/dedup_workspaces/test0_transitive_apply_parallel/dataset/GRScenes_assets/bottle/61b38bd256642779ce1925544319605b/usd/61b38bd256642779ce1925544319605b.usd
bottle,61f388616edbb200e00864fb5b86bf87,blank,object,35.340898,35.340896,1.000000,2.672725,true,true,,0.000000,0.000000,0,blank;blank;blank;blank,/cpfs/user/zhuzihou/assets/dedup_workspaces/test0_transitive_apply_parallel/dataset/GRScenes_assets/bottle/61f388616edbb200e00864fb5b86bf87,/cpfs/user/zhuzihou/assets/dedup_workspaces/test0_transitive_apply_parallel/dataset/GRScenes_assets/bottle/61f388616edbb200e00864fb5b86bf87/usd/61f388616edbb200e00864fb5b86bf87.usd
bottle,61fe65dd207bdfc6a7fd763b250c9d01,suspicious,object,20.989516,20.989516,1.000000,1.744711,true,true,,0.042637,0.044434,128,blank;blank;ok;blank,/cpfs/user/zhuzihou/assets/dedup_workspaces/test0_transitive_apply_parallel/dataset/GRScenes_assets/bottle/61fe65dd207bdfc6a7fd763b250c9d01,/cpfs/user/zhuzihou/assets/dedup_workspaces/test0_transitive_apply_parallel/dataset/GRScenes_assets/bottle/61fe65dd207bdfc6a7fd763b250c9d01/usd/61fe65dd207bdfc6a7fd763b250c9d01.usd
bottle,622cf0ed653a5f83492f8a9c2aa9de06,blank,object,27.814650,27.814650,1.000000,3.128537,true,true,,0.000000,0.000000,0,blank;blank;blank;blank,/cpfs/user/zhuzihou/assets/dedup_workspaces/test0_transitive_apply_parallel/dataset/GRScenes_assets/bottle/622cf0ed653a5f83492f8a9c2aa9de06,/cpfs/user/zhuzihou/assets/dedup_workspaces/test0_transitive_apply_parallel/dataset/GRScenes_assets/bottle/622cf0ed653a5f83492f8a9c2aa9de06/usd/622cf0ed653a5f83492f8a9c2aa9de06.usd
bottle,62305e1d661f08796d691447e5c7dc98,suspicious,object,20.982561,20.982562,1.000000,2.801083,true,true,,0.027351,0.030670,120,blank;tiny;ok;blank,/cpfs/user/zhuzihou/assets/dedup_workspaces/test0_transitive_apply_parallel/dataset/GRScenes_assets/bottle/62305e1d661f08796d691447e5c7dc98,/cpfs/user/zhuzihou/assets/dedup_workspaces/test0_transitive_apply_parallel/dataset/GRScenes_assets/bottle/62305e1d661f08796d691447e5c7dc98/usd/62305e1d661f08796d691447e5c7dc98.usd
bottle,6498514e7099ae52a90c61ecd03cc231,blank,object,35.244749,35.244749,1.000000,2.493876,true,true,,0.000000,0.000000,0,blank;blank;blank;blank,/cpfs/user/zhuzihou/assets/dedup_workspaces/test0_transitive_apply_parallel/dataset/GRScenes_assets/bottle/6498514e7099ae52a90c61ecd03cc231,/cpfs/user/zhuzihou/assets/dedup_workspaces/test0_transitive_apply_parallel/dataset/GRScenes_assets/bottle/6498514e7099ae52a90c61ecd03cc231/usd/6498514e7099ae52a90c61ecd03cc231.usd
bottle,64c3bb1d7da1a27d0ab8e76eebbb01d8,blank,object,23.277037,23.277038,1.000000,3.468597,true,true,,0.000000,0.000000,0,blank;blank;blank;blank,/cpfs/user/zhuzihou/assets/dedup_workspaces/test0_transitive_apply_parallel/dataset/GRScenes_assets/bottle/64c3bb1d7da1a27d0ab8e76eebbb01d8,/cpfs/user/zhuzihou/assets/dedup_workspaces/test0_transitive_apply_parallel/dataset/GRScenes_assets/bottle/64c3bb1d7da1a27d0ab8e76eebbb01d8/usd/64c3bb1d7da1a27d0ab8e76eebbb01d8.usd
bottle,64e02a3dcd0f0e5dba7e6e799a381be1,blank,object,27.810813,27.810814,1.000000,4.978326,true,true,,0.000000,0.000000,0,blank;blank;blank;blank,/cpfs/user/zhuzihou/assets/dedup_workspaces/test0_transitive_apply_parallel/dataset/GRScenes_assets/bottle/64e02a3dcd0f0e5dba7e6e799a381be1,/cpfs/user/zhuzihou/assets/dedup_workspaces/test0_transitive_apply_parallel/dataset/GRScenes_assets/bottle/64e02a3dcd0f0e5dba7e6e799a381be1/usd/64e02a3dcd0f0e5dba7e6e799a381be1.usd
bottle,64fe6b761d4066429a40695644bbbaaf,suspicious,object,18.599480,18.599480,1.000000,2.021894,true,true,,0.042728,0.055092,166,ok;blank;blank;ok,/cpfs/user/zhuzihou/assets/dedup_workspaces/test0_transitive_apply_parallel/dataset/GRScenes_assets/bottle/64fe6b761d4066429a40695644bbbaaf,/cpfs/user/zhuzihou/assets/dedup_workspaces/test0_transitive_apply_parallel/dataset/GRScenes_assets/bottle/64fe6b761d4066429a40695644bbbaaf/usd/64fe6b761d4066429a40695644bbbaaf.usd
bottle,654351a0dc2ed1a9ed5b48f0a32b12c0,suspicious,object,18.594174,18.594174,1.000000,2.923544,true,true,,0.014393,0.022240,110,blank;blank;tiny;ok,/cpfs/user/zhuzihou/assets/dedup_workspaces/test0_transitive_apply_parallel/dataset/GRScenes_assets/bottle/654351a0dc2ed1a9ed5b48f0a32b12c0,/cpfs/user/zhuzihou/assets/dedup_workspaces/test0_transitive_apply_parallel/dataset/GRScenes_assets/bottle/654351a0dc2ed1a9ed5b48f0a32b12c0/usd/654351a0dc2ed1a9ed5b48f0a32b12c0.usd
bottle,66714245ba1e509df26ca78885128115,blank,object,24.205346,24.205346,1.000000,2.213096,true,true,,0.000000,0.000000,0,blank;blank;blank;blank,/cpfs/user/zhuzihou/assets/dedup_workspaces/test0_transitive_apply_parallel/dataset/GRScenes_assets/bottle/66714245ba1e509df26ca78885128115,/cpfs/user/zhuzihou/assets/dedup_workspaces/test0_transitive_apply_parallel/dataset/GRScenes_assets/bottle/66714245ba1e509df26ca78885128115/usd/66714245ba1e509df26ca78885128115.usd
bottle,6675bc91e79445c0ba6bb494e526d694,suspicious,object,33.259926,33.259926,1.000000,1.215781,true,true,,0.044376,0.057823,143,tiny;ok;blank;blank,/cpfs/user/zhuzihou/assets/dedup_workspaces/test0_transitive_apply_parallel/dataset/GRScenes_assets/bottle/6675bc91e79445c0ba6bb494e526d694,/cpfs/user/zhuzihou/assets/dedup_workspaces/test0_transitive_apply_parallel/dataset/GRScenes_assets/bottle/6675bc91e79445c0ba6bb494e526d694/usd/6675bc91e79445c0ba6bb494e526d694.usd
bottle,675cff94216ffebed10a5bbe973f37e4,suspicious,object,18.588350,18.588350,1.000000,2.713660,true,true,,0.021889,0.022789,103,blank;blank;ok;blank,/cpfs/user/zhuzihou/assets/dedup_workspaces/test0_transitive_apply_parallel/dataset/GRScenes_assets/bottle/675cff94216ffebed10a5bbe973f37e4,/cpfs/user/zhuzihou/assets/dedup_workspaces/test0_transitive_apply_parallel/dataset/GRScenes_assets/bottle/675cff94216ffebed10a5bbe973f37e4/usd/675cff94216ffebed10a5bbe973f37e4.usd
bottle,67c25d7d62e5eb31ef2e7a9f8a4b9d14,suspicious,object,18.616586,18.616586,1.000000,2.288635,true,true,,0.025700,0.031311,114,blank;blank;blank;ok,/cpfs/user/zhuzihou/assets/dedup_workspaces/test0_transitive_apply_parallel/dataset/GRScenes_assets/bottle/67c25d7d62e5eb31ef2e7a9f8a4b9d14,/cpfs/user/zhuzihou/assets/dedup_workspaces/test0_transitive_apply_parallel/dataset/GRScenes_assets/bottle/67c25d7d62e5eb31ef2e7a9f8a4b9d14/usd/67c25d7d62e5eb31ef2e7a9f8a4b9d14.usd
bottle,68c4ea45f70a0e389aad2c51a9b5a24d,blank,object,35.063015,35.063015,1.000000,2.410202,true,true,,0.000000,0.000000,0,blank;blank;blank;blank,/cpfs/user/zhuzihou/assets/dedup_workspaces/test0_transitive_apply_parallel/dataset/GRScenes_assets/bottle/68c4ea45f70a0e389aad2c51a9b5a24d,/cpfs/user/zhuzihou/assets/dedup_workspaces/test0_transitive_apply_parallel/dataset/GRScenes_assets/bottle/68c4ea45f70a0e389aad2c51a9b5a24d/usd/68c4ea45f70a0e389aad2c51a9b5a24d.usd
bottle,691d1b56190c43c06ca49d7968b46683,blank,object,24.205348,24.205348,1.000000,2.397164,true,true,,0.000000,0.000000,0,blank;blank;blank;blank,/cpfs/user/zhuzihou/assets/dedup_workspaces/test0_transitive_apply_parallel/dataset/GRScenes_assets/bottle/691d1b56190c43c06ca49d7968b46683,/cpfs/user/zhuzihou/assets/dedup_workspaces/test0_transitive_apply_parallel/dataset/GRScenes_assets/bottle/691d1b56190c43c06ca49d7968b46683/usd/691d1b56190c43c06ca49d7968b46683.usd
bottle,6978ac6d93a7bc9deca20e7fdd059ff9,suspicious,object,18.616606,18.616606,1.000000,1.349341,true,true,,0.066563,0.070038,204,blank;ok;ok;ok,/cpfs/user/zhuzihou/assets/dedup_workspaces/test0_transitive_apply_parallel/dataset/GRScenes_assets/bottle/6978ac6d93a7bc9deca20e7fdd059ff9,/cpfs/user/zhuzihou/assets/dedup_workspaces/test0_transitive_apply_parallel/dataset/GRScenes_assets/bottle/6978ac6d93a7bc9deca20e7fdd059ff9/usd/6978ac6d93a7bc9deca20e7fdd059ff9.usd
bottle,6b10aec896e67c6fc7232679409663ce,blank,object,27.342568,27.342568,1.000000,1.963661,true,true,,0.000000,0.000000,0,blank;blank;blank;blank,/cpfs/user/zhuzihou/assets/dedup_workspaces/test0_transitive_apply_parallel/dataset/GRScenes_assets/bottle/6b10aec896e67c6fc7232679409663ce,/cpfs/user/zhuzihou/assets/dedup_workspaces/test0_transitive_apply_parallel/dataset/GRScenes_assets/bottle/6b10aec896e67c6fc7232679409663ce/usd/6b10aec896e67c6fc7232679409663ce.usd
bottle,6b4ad081aff2726132a705d9a087c582,blank,object,35.063033,35.063033,1.000000,2.614641,true,true,,0.000000,0.000000,0,blank;blank;blank;blank,/cpfs/user/zhuzihou/assets/dedup_workspaces/test0_transitive_apply_parallel/dataset/GRScenes_assets/bottle/6b4ad081aff2726132a705d9a087c582,/cpfs/user/zhuzihou/assets/dedup_workspaces/test0_transitive_apply_parallel/dataset/GRScenes_assets/bottle/6b4ad081aff2726132a705d9a087c582/usd/6b4ad081aff2726132a705d9a087c582.usd
bottle,6cd6d7d42e14de38931c92604efd5aef,suspicious,object,28.032250,28.032251,1.000000,4.076156,true,true,,0.003925,0.005474,41,blank;blank;blank;tiny,/cpfs/user/zhuzihou/assets/dedup_workspaces/test0_transitive_apply_parallel/dataset/GRScenes_assets/bottle/6cd6d7d42e14de38931c92604efd5aef,/cpfs/user/zhuzihou/assets/dedup_workspaces/test0_transitive_apply_parallel/dataset/GRScenes_assets/bottle/6cd6d7d42e14de38931c92604efd5aef/usd/6cd6d7d42e14de38931c92604efd5aef.usd
bottle,6d789fa9638f3187387c726da80c22c8,blank,object,27.810819,27.810819,1.000000,4.991295,true,true,,0.000000,0.000000,0,blank;blank;blank;blank,/cpfs/user/zhuzihou/assets/dedup_workspaces/test0_transitive_apply_parallel/dataset/GRScenes_assets/bottle/6d789fa9638f3187387c726da80c22c8,/cpfs/user/zhuzihou/assets/dedup_workspaces/test0_transitive_apply_parallel/dataset/GRScenes_assets/bottle/6d789fa9638f3187387c726da80c22c8/usd/6d789fa9638f3187387c726da80c22c8.usd
bottle,6ec6fb8444e4322cd3c31cb2fd89876b,suspicious,object,53.202500,53.202499,1.000000,1.027826,true,true,,0.021137,0.085239,205,ok;ok;ok;tiny,/cpfs/user/zhuzihou/assets/dedup_workspaces/test0_transitive_apply_parallel/dataset/GRScenes_assets/bottle/6ec6fb8444e4322cd3c31cb2fd89876b,/cpfs/user/zhuzihou/assets/dedup_workspaces/test0_transitive_apply_parallel/dataset/GRScenes_assets/bottle/6ec6fb8444e4322cd3c31cb2fd89876b/usd/6ec6fb8444e4322cd3c31cb2fd89876b.usd
bottle,6fd2d41e9f66f2fc0e7a6c05e760575a,suspicious,object,29.502995,29.502996,1.000000,1.582393,true,true,,0.028538,0.036438,199,ok;blank;blank;blank,/cpfs/user/zhuzihou/assets/dedup_workspaces/test0_transitive_apply_parallel/dataset/GRScenes_assets/bottle/6fd2d41e9f66f2fc0e7a6c05e760575a,/cpfs/user/zhuzihou/assets/dedup_workspaces/test0_transitive_apply_parallel/dataset/GRScenes_assets/bottle/6fd2d41e9f66f2fc0e7a6c05e760575a/usd/6fd2d41e9f66f2fc0e7a6c05e760575a.usd
bottle,6fda904c9ea76ea7884ea2987a3254d9,suspicious,object,18.598474,18.598474,1.000000,2.791464,true,true,,0.021790,0.023415,97,blank;tiny;ok;blank,/cpfs/user/zhuzihou/assets/dedup_workspaces/test0_transitive_apply_parallel/dataset/GRScenes_assets/bottle/6fda904c9ea76ea7884ea2987a3254d9,/cpfs/user/zhuzihou/assets/dedup_workspaces/test0_transitive_apply_parallel/dataset/GRScenes_assets/bottle/6fda904c9ea76ea7884ea2987a3254d9/usd/6fda904c9ea76ea7884ea2987a3254d9.usd
bottle,71bec0177c030f563c8a5a0307db801e,blank,object,8.735604,8.735604,1.000000,1.751981,true,true,,0.000000,0.000000,0,blank;blank;blank;blank,/cpfs/user/zhuzihou/assets/dedup_workspaces/test0_transitive_apply_parallel/dataset/GRScenes_assets/bottle/71bec0177c030f563c8a5a0307db801e,/cpfs/user/zhuzihou/assets/dedup_workspaces/test0_transitive_apply_parallel/dataset/GRScenes_assets/bottle/71bec0177c030f563c8a5a0307db801e/usd/71bec0177c030f563c8a5a0307db801e.usd
bottle,73f64d36da65990e88ea21c0ef0685fd,blank,object,28.047111,28.047111,1.000000,1.999468,true,true,,0.000000,0.000000,0,blank;blank;blank;blank,/cpfs/user/zhuzihou/assets/dedup_workspaces/test0_transitive_apply_parallel/dataset/GRScenes_assets/bottle/73f64d36da65990e88ea21c0ef0685fd,/cpfs/user/zhuzihou/assets/dedup_workspaces/test0_transitive_apply_parallel/dataset/GRScenes_assets/bottle/73f64d36da65990e88ea21c0ef0685fd/usd/73f64d36da65990e88ea21c0ef0685fd.usd
bottle,74b27ded7e2ec0e6cd98f45af40efaae,blank,object,26.697795,26.697795,1.000000,2.266266,true,true,,0.000000,0.000000,0,blank;blank;blank;blank,/cpfs/user/zhuzihou/assets/dedup_workspaces/test0_transitive_apply_parallel/dataset/GRScenes_assets/bottle/74b27ded7e2ec0e6cd98f45af40efaae,/cpfs/user/zhuzihou/assets/dedup_workspaces/test0_transitive_apply_parallel/dataset/GRScenes_assets/bottle/74b27ded7e2ec0e6cd98f45af40efaae/usd/74b27ded7e2ec0e6cd98f45af40efaae.usd
bottle,773d70ba991df126394cf8f60a1bcf60,suspicious,object,18.616691,18.616691,1.000000,1.780454,true,true,,0.056393,0.077576,165,ok;blank;blank;ok,/cpfs/user/zhuzihou/assets/dedup_workspaces/test0_transitive_apply_parallel/dataset/GRScenes_assets/bottle/773d70ba991df126394cf8f60a1bcf60,/cpfs/user/zhuzihou/assets/dedup_workspaces/test0_transitive_apply_parallel/dataset/GRScenes_assets/bottle/773d70ba991df126394cf8f60a1bcf60/usd/773d70ba991df126394cf8f60a1bcf60.usd
bottle,774d8c817601295612b1bb1b9d580b9a,blank,object,35.244768,35.244768,1.000000,2.755735,true,true,,0.000000,0.000000,0,blank;blank;blank;blank,/cpfs/user/zhuzihou/assets/dedup_workspaces/test0_transitive_apply_parallel/dataset/GRScenes_assets/bottle/774d8c817601295612b1bb1b9d580b9a,/cpfs/user/zhuzihou/assets/dedup_workspaces/test0_transitive_apply_parallel/dataset/GRScenes_assets/bottle/774d8c817601295612b1bb1b9d580b9a/usd/774d8c817601295612b1bb1b9d580b9a.usd
bottle,776d740368102dd24fc9f1c5b9c899cb,blank,object,25.197304,25.197303,1.000000,1.981199,true,true,,0.000000,0.000000,0,blank;blank;blank;blank,/cpfs/user/zhuzihou/assets/dedup_workspaces/test0_transitive_apply_parallel/dataset/GRScenes_assets/bottle/776d740368102dd24fc9f1c5b9c899cb,/cpfs/user/zhuzihou/assets/dedup_workspaces/test0_transitive_apply_parallel/dataset/GRScenes_assets/bottle/776d740368102dd24fc9f1c5b9c899cb/usd/776d740368102dd24fc9f1c5b9c899cb.usd
bottle,785887b2a0298544416f5be6b5624a5c,suspicious,object,18.587901,18.587901,1.000000,2.669801,true,true,,0.021698,0.023407,104,blank;blank;ok;blank,/cpfs/user/zhuzihou/assets/dedup_workspaces/test0_transitive_apply_parallel/dataset/GRScenes_assets/bottle/785887b2a0298544416f5be6b5624a5c,/cpfs/user/zhuzihou/assets/dedup_workspaces/test0_transitive_apply_parallel/dataset/GRScenes_assets/bottle/785887b2a0298544416f5be6b5624a5c/usd/785887b2a0298544416f5be6b5624a5c.usd
bottle,78e22eac651ac424bd3ca72e5f5a6bc4,suspicious,object,27.814831,27.814829,1.000000,1.249626,true,true,,0.036411,0.047619,219,ok;tiny;blank;blank,/cpfs/user/zhuzihou/assets/dedup_workspaces/test0_transitive_apply_parallel/dataset/GRScenes_assets/bottle/78e22eac651ac424bd3ca72e5f5a6bc4,/cpfs/user/zhuzihou/assets/dedup_workspaces/test0_transitive_apply_parallel/dataset/GRScenes_assets/bottle/78e22eac651ac424bd3ca72e5f5a6bc4/usd/78e22eac651ac424bd3ca72e5f5a6bc4.usd
bottle,7abfc8692c6ae021afdc6f2aacf711b9,suspicious,object,18.599480,18.599480,1.000000,2.700253,true,true,,0.035549,0.054993,136,ok;ok;blank;blank,/cpfs/user/zhuzihou/assets/dedup_workspaces/test0_transitive_apply_parallel/dataset/GRScenes_assets/bottle/7abfc8692c6ae021afdc6f2aacf711b9,/cpfs/user/zhuzihou/assets/dedup_workspaces/test0_transitive_apply_parallel/dataset/GRScenes_assets/bottle/7abfc8692c6ae021afdc6f2aacf711b9/usd/7abfc8692c6ae021afdc6f2aacf711b9.usd
bottle,7c3600e246ec48c49c73cf290aee1b34,suspicious,object,18.594191,18.594191,1.000000,2.774033,true,true,,0.020710,0.023346,102,blank;blank;ok;blank,/cpfs/user/zhuzihou/assets/dedup_workspaces/test0_transitive_apply_parallel/dataset/GRScenes_assets/bottle/7c3600e246ec48c49c73cf290aee1b34,/cpfs/user/zhuzihou/assets/dedup_workspaces/test0_transitive_apply_parallel/dataset/GRScenes_assets/bottle/7c3600e246ec48c49c73cf290aee1b34/usd/7c3600e246ec48c49c73cf290aee1b34.usd
bottle,7e09438c1309881278bc6058c7ac9c3b,suspicious,object,26.162191,26.162191,1.000000,1.205004,true,true,,0.084942,0.091591,245,ok;blank;blank;blank,/cpfs/user/zhuzihou/assets/dedup_workspaces/test0_transitive_apply_parallel/dataset/GRScenes_assets/bottle/7e09438c1309881278bc6058c7ac9c3b,/cpfs/user/zhuzihou/assets/dedup_workspaces/test0_transitive_apply_parallel/dataset/GRScenes_assets/bottle/7e09438c1309881278bc6058c7ac9c3b/usd/7e09438c1309881278bc6058c7ac9c3b.usd
bottle,7e9d731b49eda91aeca0f040a605ed50,suspicious,object,18.614830,18.614830,1.000000,2.208262,true,true,,0.032234,0.037613,152,tiny;ok;blank;blank,/cpfs/user/zhuzihou/assets/dedup_workspaces/test0_transitive_apply_parallel/dataset/GRScenes_assets/bottle/7e9d731b49eda91aeca0f040a605ed50,/cpfs/user/zhuzihou/assets/dedup_workspaces/test0_transitive_apply_parallel/dataset/GRScenes_assets/bottle/7e9d731b49eda91aeca0f040a605ed50/usd/7e9d731b49eda91aeca0f040a605ed50.usd
bottle,7ecf9257d56bb9608ce272d57f129b85,blank,object,26.697768,26.697768,1.000000,2.121352,true,true,,0.000000,0.000000,0,blank;blank;blank;blank,/cpfs/user/zhuzihou/assets/dedup_workspaces/test0_transitive_apply_parallel/dataset/GRScenes_assets/bottle/7ecf9257d56bb9608ce272d57f129b85,/cpfs/user/zhuzihou/assets/dedup_workspaces/test0_transitive_apply_parallel/dataset/GRScenes_assets/bottle/7ecf9257d56bb9608ce272d57f129b85/usd/7ecf9257d56bb9608ce272d57f129b85.usd
bottle,7edbfd1ef4096e773d3afee45adcd314,suspicious,object,35.704316,35.704317,1.000000,2.212075,true,true,,0.020439,0.026543,142,blank;blank;ok;blank,/cpfs/user/zhuzihou/assets/dedup_workspaces/test0_transitive_apply_parallel/dataset/GRScenes_assets/bottle/7edbfd1ef4096e773d3afee45adcd314,/cpfs/user/zhuzihou/assets/dedup_workspaces/test0_transitive_apply_parallel/dataset/GRScenes_assets/bottle/7edbfd1ef4096e773d3afee45adcd314/usd/7edbfd1ef4096e773d3afee45adcd314.usd
bottle,7f79e2039c92fdb7aad5403257421ad3,suspicious,object,22.968025,22.968025,1.000000,1.198679,true,true,,0.074848,0.108643,178,ok;ok;blank;blank,/cpfs/user/zhuzihou/assets/dedup_workspaces/test0_transitive_apply_parallel/dataset/GRScenes_assets/bottle/7f79e2039c92fdb7aad5403257421ad3,/cpfs/user/zhuzihou/assets/dedup_workspaces/test0_transitive_apply_parallel/dataset/GRScenes_assets/bottle/7f79e2039c92fdb7aad5403257421ad3/usd/7f79e2039c92fdb7aad5403257421ad3.usd
bottle,7f7e15a537f2f1ccee9a602473a8b1dc,suspicious,object,21.935084,21.935084,1.000000,2.562857,true,true,,0.013210,0.016975,89,blank;tiny;blank;blank,/cpfs/user/zhuzihou/assets/dedup_workspaces/test0_transitive_apply_parallel/dataset/GRScenes_assets/bottle/7f7e15a537f2f1ccee9a602473a8b1dc,/cpfs/user/zhuzihou/assets/dedup_workspaces/test0_transitive_apply_parallel/dataset/GRScenes_assets/bottle/7f7e15a537f2f1ccee9a602473a8b1dc/usd/7f7e15a537f2f1ccee9a602473a8b1dc.usd
bottle,7fad482f299a4cba8bba988cb5f287b5,blank,object,20.319286,20.319287,1.000000,5.523587,true,true,,0.000000,0.000000,0,blank;blank;blank;blank,/cpfs/user/zhuzihou/assets/dedup_workspaces/test0_transitive_apply_parallel/dataset/GRScenes_assets/bottle/7fad482f299a4cba8bba988cb5f287b5,/cpfs/user/zhuzihou/assets/dedup_workspaces/test0_transitive_apply_parallel/dataset/GRScenes_assets/bottle/7fad482f299a4cba8bba988cb5f287b5/usd/7fad482f299a4cba8bba988cb5f287b5.usd
bottle,81195e8cf08f6209b45b6fc77f81b540,blank,object,10.085232,10.085232,1.000000,3.640925,true,true,,0.000000,0.000000,0,blank;blank;blank;blank,/cpfs/user/zhuzihou/assets/dedup_workspaces/test0_transitive_apply_parallel/dataset/GRScenes_assets/bottle/81195e8cf08f6209b45b6fc77f81b540,/cpfs/user/zhuzihou/assets/dedup_workspaces/test0_transitive_apply_parallel/dataset/GRScenes_assets/bottle/81195e8cf08f6209b45b6fc77f81b540/usd/81195e8cf08f6209b45b6fc77f81b540.usd
bottle,81c807f06b272d333edbee3ce30e8f7e,blank,object,22.335268,22.335269,1.000000,3.592107,true,true,,0.000000,0.000000,0,blank;blank;blank;blank,/cpfs/user/zhuzihou/assets/dedup_workspaces/test0_transitive_apply_parallel/dataset/GRScenes_assets/bottle/81c807f06b272d333edbee3ce30e8f7e,/cpfs/user/zhuzihou/assets/dedup_workspaces/test0_transitive_apply_parallel/dataset/GRScenes_assets/bottle/81c807f06b272d333edbee3ce30e8f7e/usd/81c807f06b272d333edbee3ce30e8f7e.usd
bottle,82afaacc024b5f766bb195e168a1a2a5,blank,object,24.320752,24.320752,1.000000,2.572377,true,true,,0.000000,0.000000,0,blank;blank;blank;blank,/cpfs/user/zhuzihou/assets/dedup_workspaces/test0_transitive_apply_parallel/dataset/GRScenes_assets/bottle/82afaacc024b5f766bb195e168a1a2a5,/cpfs/user/zhuzihou/assets/dedup_workspaces/test0_transitive_apply_parallel/dataset/GRScenes_assets/bottle/82afaacc024b5f766bb195e168a1a2a5/usd/82afaacc024b5f766bb195e168a1a2a5.usd
bottle,83918d920c4a373017754370dd3bfc72,blank,object,24.205348,24.205348,1.000000,2.764868,true,true,,0.000000,0.000000,0,blank;blank;blank;blank,/cpfs/user/zhuzihou/assets/dedup_workspaces/test0_transitive_apply_parallel/dataset/GRScenes_assets/bottle/83918d920c4a373017754370dd3bfc72,/cpfs/user/zhuzihou/assets/dedup_workspaces/test0_transitive_apply_parallel/dataset/GRScenes_assets/bottle/83918d920c4a373017754370dd3bfc72/usd/83918d920c4a373017754370dd3bfc72.usd
bottle,8566a9d26a3363dd202468339b9af145,suspicious,object,26.296704,26.296704,1.000000,2.240849,true,true,,0.013550,0.017700,80,blank;blank;blank;tiny,/cpfs/user/zhuzihou/assets/dedup_workspaces/test0_transitive_apply_parallel/dataset/GRScenes_assets/bottle/8566a9d26a3363dd202468339b9af145,/cpfs/user/zhuzihou/assets/dedup_workspaces/test0_transitive_apply_parallel/dataset/GRScenes_assets/bottle/8566a9d26a3363dd202468339b9af145/usd/8566a9d26a3363dd202468339b9af145.usd
bottle,85d0b308aa0855813b883b59ba5fa3ae,blank,object,15.677524,15.677524,1.000000,5.030371,true,true,,0.000000,0.000000,0,blank;blank;blank;blank,/cpfs/user/zhuzihou/assets/dedup_workspaces/test0_transitive_apply_parallel/dataset/GRScenes_assets/bottle/85d0b308aa0855813b883b59ba5fa3ae,/cpfs/user/zhuzihou/assets/dedup_workspaces/test0_transitive_apply_parallel/dataset/GRScenes_assets/bottle/85d0b308aa0855813b883b59ba5fa3ae/usd/85d0b308aa0855813b883b59ba5fa3ae.usd
bottle,88478a8b801fbc4888651207dac2377a,blank,object,11.465918,11.465918,1.000000,1.597065,true,true,,0.000000,0.000000,0,blank;blank;blank;blank,/cpfs/user/zhuzihou/assets/dedup_workspaces/test0_transitive_apply_parallel/dataset/GRScenes_assets/bottle/88478a8b801fbc4888651207dac2377a,/cpfs/user/zhuzihou/assets/dedup_workspaces/test0_transitive_apply_parallel/dataset/GRScenes_assets/bottle/88478a8b801fbc4888651207dac2377a/usd/88478a8b801fbc4888651207dac2377a.usd
bottle,88bee572759884db904983599d2a0e28,suspicious,object,18.616606,18.616606,1.000000,2.098404,true,true,,0.010750,0.012497,145,blank;tiny;tiny;blank,/cpfs/user/zhuzihou/assets/dedup_workspaces/test0_transitive_apply_parallel/dataset/GRScenes_assets/bottle/88bee572759884db904983599d2a0e28,/cpfs/user/zhuzihou/assets/dedup_workspaces/test0_transitive_apply_parallel/dataset/GRScenes_assets/bottle/88bee572759884db904983599d2a0e28/usd/88bee572759884db904983599d2a0e28.usd
bottle,88dfa136bd784ede1deb6e9c8da8006b,blank,object,35.244768,35.244767,1.000000,2.487833,true,true,,0.000000,0.000000,0,blank;blank;blank;blank,/cpfs/user/zhuzihou/assets/dedup_workspaces/test0_transitive_apply_parallel/dataset/GRScenes_assets/bottle/88dfa136bd784ede1deb6e9c8da8006b,/cpfs/user/zhuzihou/assets/dedup_workspaces/test0_transitive_apply_parallel/dataset/GRScenes_assets/bottle/88dfa136bd784ede1deb6e9c8da8006b/usd/88dfa136bd784ede1deb6e9c8da8006b.usd
bottle,891087fc10744cae4285c7a86c5f7504,blank,object,24.205346,24.205346,1.000000,2.386290,true,true,,0.000000,0.000000,0,blank;blank;blank;blank,/cpfs/user/zhuzihou/assets/dedup_workspaces/test0_transitive_apply_parallel/dataset/GRScenes_assets/bottle/891087fc10744cae4285c7a86c5f7504,/cpfs/user/zhuzihou/assets/dedup_workspaces/test0_transitive_apply_parallel/dataset/GRScenes_assets/bottle/891087fc10744cae4285c7a86c5f7504/usd/891087fc10744cae4285c7a86c5f7504.usd
bottle,894d65c090af5e97c6e5d3f6a39b3aa8,blank,object,27.810814,27.810814,1.000000,5.456898,true,true,,0.000000,0.000000,0,blank;blank;blank;blank,/cpfs/user/zhuzihou/assets/dedup_workspaces/test0_transitive_apply_parallel/dataset/GRScenes_assets/bottle/894d65c090af5e97c6e5d3f6a39b3aa8,/cpfs/user/zhuzihou/assets/dedup_workspaces/test0_transitive_apply_parallel/dataset/GRScenes_assets/bottle/894d65c090af5e97c6e5d3f6a39b3aa8/usd/894d65c090af5e97c6e5d3f6a39b3aa8.usd
bottle,8a835d563485c9f78329de93296e758d,blank,object,26.697782,26.697782,1.000000,2.166304,true,true,,0.000000,0.000000,0,blank;blank;blank;blank,/cpfs/user/zhuzihou/assets/dedup_workspaces/test0_transitive_apply_parallel/dataset/GRScenes_assets/bottle/8a835d563485c9f78329de93296e758d,/cpfs/user/zhuzihou/assets/dedup_workspaces/test0_transitive_apply_parallel/dataset/GRScenes_assets/bottle/8a835d563485c9f78329de93296e758d/usd/8a835d563485c9f78329de93296e758d.usd
bottle,8b8630e94813d4ff869d37050399eaab,blank,object,16.915040,16.915040,1.000000,1.172986,true,true,,0.000000,0.000000,0,blank;blank;blank;blank,/cpfs/user/zhuzihou/assets/dedup_workspaces/test0_transitive_apply_parallel/dataset/GRScenes_assets/bottle/8b8630e94813d4ff869d37050399eaab,/cpfs/user/zhuzihou/assets/dedup_workspaces/test0_transitive_apply_parallel/dataset/GRScenes_assets/bottle/8b8630e94813d4ff869d37050399eaab/usd/8b8630e94813d4ff869d37050399eaab.usd
bottle,8c9d7cc17a58559145e8855d1cb6d826,blank,object,7.361761,7.361761,1.000000,2.782148,true,true,,0.000000,0.000000,0,blank;blank;blank;blank,/cpfs/user/zhuzihou/assets/dedup_workspaces/test0_transitive_apply_parallel/dataset/GRScenes_assets/bottle/8c9d7cc17a58559145e8855d1cb6d826,/cpfs/user/zhuzihou/assets/dedup_workspaces/test0_transitive_apply_parallel/dataset/GRScenes_assets/bottle/8c9d7cc17a58559145e8855d1cb6d826/usd/8c9d7cc17a58559145e8855d1cb6d826.usd
bottle,8c9f1373365fd08fc382bd35e303eb24,suspicious,object,27.515055,27.515056,1.000000,3.182183,true,true,,0.009159,0.013363,113,blank;blank;tiny;blank,/cpfs/user/zhuzihou/assets/dedup_workspaces/test0_transitive_apply_parallel/dataset/GRScenes_assets/bottle/8c9f1373365fd08fc382bd35e303eb24,/cpfs/user/zhuzihou/assets/dedup_workspaces/test0_transitive_apply_parallel/dataset/GRScenes_assets/bottle/8c9f1373365fd08fc382bd35e303eb24/usd/8c9f1373365fd08fc382bd35e303eb24.usd
bottle,8dc909eaa1958860eef35b231e96afce,blank,object,47.605719,47.605719,1.000000,2.039746,true,true,,0.000000,0.000000,0,blank;blank;blank;blank,/cpfs/user/zhuzihou/assets/dedup_workspaces/test0_transitive_apply_parallel/dataset/GRScenes_assets/bottle/8dc909eaa1958860eef35b231e96afce,/cpfs/user/zhuzihou/assets/dedup_workspaces/test0_transitive_apply_parallel/dataset/GRScenes_assets/bottle/8dc909eaa1958860eef35b231e96afce/usd/8dc909eaa1958860eef35b231e96afce.usd
bottle,8f10bae85dabd98c5b8b000bf0ee37eb,blank,object,23.663533,23.663533,1.000000,3.953983,true,true,,0.000000,0.000000,0,blank;blank;blank;blank,/cpfs/user/zhuzihou/assets/dedup_workspaces/test0_transitive_apply_parallel/dataset/GRScenes_assets/bottle/8f10bae85dabd98c5b8b000bf0ee37eb,/cpfs/user/zhuzihou/assets/dedup_workspaces/test0_transitive_apply_parallel/dataset/GRScenes_assets/bottle/8f10bae85dabd98c5b8b000bf0ee37eb/usd/8f10bae85dabd98c5b8b000bf0ee37eb.usd
bottle,8f36c20040977d84b62faff7bca4f8ec,suspicious,object,18.616449,18.616449,1.000000,2.124102,true,true,,0.019566,0.022751,146,tiny;blank;blank;ok,/cpfs/user/zhuzihou/assets/dedup_workspaces/test0_transitive_apply_parallel/dataset/GRScenes_assets/bottle/8f36c20040977d84b62faff7bca4f8ec,/cpfs/user/zhuzihou/assets/dedup_workspaces/test0_transitive_apply_parallel/dataset/GRScenes_assets/bottle/8f36c20040977d84b62faff7bca4f8ec/usd/8f36c20040977d84b62faff7bca4f8ec.usd
bottle,9023e208647c36691e95a646679d6cb3,blank,object,19.592178,19.592178,1.000000,1.481443,true,true,,0.000000,0.000000,0,blank;blank;blank;blank,/cpfs/user/zhuzihou/assets/dedup_workspaces/test0_transitive_apply_parallel/dataset/GRScenes_assets/bottle/9023e208647c36691e95a646679d6cb3,/cpfs/user/zhuzihou/assets/dedup_workspaces/test0_transitive_apply_parallel/dataset/GRScenes_assets/bottle/9023e208647c36691e95a646679d6cb3/usd/9023e208647c36691e95a646679d6cb3.usd
bottle,90fce87b7726cca3b341cfb754ed6a2a,blank,object,24.205337,24.205337,1.000000,2.292333,true,true,,0.000000,0.000000,0,blank;blank;blank;blank,/cpfs/user/zhuzihou/assets/dedup_workspaces/test0_transitive_apply_parallel/dataset/GRScenes_assets/bottle/90fce87b7726cca3b341cfb754ed6a2a,/cpfs/user/zhuzihou/assets/dedup_workspaces/test0_transitive_apply_parallel/dataset/GRScenes_assets/bottle/90fce87b7726cca3b341cfb754ed6a2a/usd/90fce87b7726cca3b341cfb754ed6a2a.usd
bottle,91897868dcb5298d5bcdb49ea6771cde,blank,object,24.320739,24.320739,1.000000,2.088878,true,true,,0.000000,0.000000,0,blank;blank;blank;blank,/cpfs/user/zhuzihou/assets/dedup_workspaces/test0_transitive_apply_parallel/dataset/GRScenes_assets/bottle/91897868dcb5298d5bcdb49ea6771cde,/cpfs/user/zhuzihou/assets/dedup_workspaces/test0_transitive_apply_parallel/dataset/GRScenes_assets/bottle/91897868dcb5298d5bcdb49ea6771cde/usd/91897868dcb5298d5bcdb49ea6771cde.usd
bottle,931ec3ae96cada271676a881a12d9576,blank,object,24.205335,24.205335,1.000000,2.154395,true,true,,0.000000,0.000000,0,blank;blank;blank;blank,/cpfs/user/zhuzihou/assets/dedup_workspaces/test0_transitive_apply_parallel/dataset/GRScenes_assets/bottle/931ec3ae96cada271676a881a12d9576,/cpfs/user/zhuzihou/assets/dedup_workspaces/test0_transitive_apply_parallel/dataset/GRScenes_assets/bottle/931ec3ae96cada271676a881a12d9576/usd/931ec3ae96cada271676a881a12d9576.usd
bottle,956420a8f750335ac042fec62cc7d9b0,blank,object,35.063015,35.063015,1.000000,2.492666,true,true,,0.000000,0.000000,0,blank;blank;blank;blank,/cpfs/user/zhuzihou/assets/dedup_workspaces/test0_transitive_apply_parallel/dataset/GRScenes_assets/bottle/956420a8f750335ac042fec62cc7d9b0,/cpfs/user/zhuzihou/assets/dedup_workspaces/test0_transitive_apply_parallel/dataset/GRScenes_assets/bottle/956420a8f750335ac042fec62cc7d9b0/usd/956420a8f750335ac042fec62cc7d9b0.usd
bottle,95927b7ba4a77085b8a44e6c3a5f6e8b,suspicious,object,19.000384,19.000384,1.000000,1.261219,true,true,,0.067272,0.068893,215,blank;blank;ok;blank,/cpfs/user/zhuzihou/assets/dedup_workspaces/test0_transitive_apply_parallel/dataset/GRScenes_assets/bottle/95927b7ba4a77085b8a44e6c3a5f6e8b,/cpfs/user/zhuzihou/assets/dedup_workspaces/test0_transitive_apply_parallel/dataset/GRScenes_assets/bottle/95927b7ba4a77085b8a44e6c3a5f6e8b/usd/95927b7ba4a77085b8a44e6c3a5f6e8b.usd
bottle,95f22106216d08017c25bc92f2b4dce0,blank,object,35.340921,35.340920,1.000000,2.430220,true,true,,0.000000,0.000000,0,blank;blank;blank;blank,/cpfs/user/zhuzihou/assets/dedup_workspaces/test0_transitive_apply_parallel/dataset/GRScenes_assets/bottle/95f22106216d08017c25bc92f2b4dce0,/cpfs/user/zhuzihou/assets/dedup_workspaces/test0_transitive_apply_parallel/dataset/GRScenes_assets/bottle/95f22106216d08017c25bc92f2b4dce0/usd/95f22106216d08017c25bc92f2b4dce0.usd
bottle,963e975d1caf234833286d3d609c62af,blank,object,24.320742,24.320742,1.000000,2.313383,true,true,,0.000000,0.000000,0,blank;blank;blank;blank,/cpfs/user/zhuzihou/assets/dedup_workspaces/test0_transitive_apply_parallel/dataset/GRScenes_assets/bottle/963e975d1caf234833286d3d609c62af,/cpfs/user/zhuzihou/assets/dedup_workspaces/test0_transitive_apply_parallel/dataset/GRScenes_assets/bottle/963e975d1caf234833286d3d609c62af/usd/963e975d1caf234833286d3d609c62af.usd
bottle,969d57b01f071d79d89e6b1ddbe4cc57,blank,object,35.665894,35.665894,1.000000,2.701539,true,true,,0.000000,0.000000,0,blank;blank;blank;blank,/cpfs/user/zhuzihou/assets/dedup_workspaces/test0_transitive_apply_parallel/dataset/GRScenes_assets/bottle/969d57b01f071d79d89e6b1ddbe4cc57,/cpfs/user/zhuzihou/assets/dedup_workspaces/test0_transitive_apply_parallel/dataset/GRScenes_assets/bottle/969d57b01f071d79d89e6b1ddbe4cc57/usd/969d57b01f071d79d89e6b1ddbe4cc57.usd
bottle,975cb143de993461d1da16c318ad2630,suspicious,object,36.298207,36.298209,1.000000,3.797713,true,true,,0.003448,0.004807,42,blank;blank;blank;tiny,/cpfs/user/zhuzihou/assets/dedup_workspaces/test0_transitive_apply_parallel/dataset/GRScenes_assets/bottle/975cb143de993461d1da16c318ad2630,/cpfs/user/zhuzihou/assets/dedup_workspaces/test0_transitive_apply_parallel/dataset/GRScenes_assets/bottle/975cb143de993461d1da16c318ad2630/usd/975cb143de993461d1da16c318ad2630.usd
bottle,9970d97265b4bf33bf395c62002df1fc,blank,object,24.205346,24.205346,1.000000,2.265618,true,true,,0.000000,0.000000,0,blank;blank;blank;blank,/cpfs/user/zhuzihou/assets/dedup_workspaces/test0_transitive_apply_parallel/dataset/GRScenes_assets/bottle/9970d97265b4bf33bf395c62002df1fc,/cpfs/user/zhuzihou/assets/dedup_workspaces/test0_transitive_apply_parallel/dataset/GRScenes_assets/bottle/9970d97265b4bf33bf395c62002df1fc/usd/9970d97265b4bf33bf395c62002df1fc.usd
bottle,9b9260755b3fb7c3d6f8c4642a3fb1c3,blank,object,23.277072,23.277072,1.000000,3.911723,true,true,,0.000000,0.000000,0,blank;blank;blank;blank,/cpfs/user/zhuzihou/assets/dedup_workspaces/test0_transitive_apply_parallel/dataset/GRScenes_assets/bottle/9b9260755b3fb7c3d6f8c4642a3fb1c3,/cpfs/user/zhuzihou/assets/dedup_workspaces/test0_transitive_apply_parallel/dataset/GRScenes_assets/bottle/9b9260755b3fb7c3d6f8c4642a3fb1c3/usd/9b9260755b3fb7c3d6f8c4642a3fb1c3.usd
bottle,9bfa0bc6db0af285dc94db3f174b1421,blank,object,14.177221,14.177221,1.000000,6.545803,true,true,,0.000000,0.000000,0,blank;blank;blank;blank,/cpfs/user/zhuzihou/assets/dedup_workspaces/test0_transitive_apply_parallel/dataset/GRScenes_assets/bottle/9bfa0bc6db0af285dc94db3f174b1421,/cpfs/user/zhuzihou/assets/dedup_workspaces/test0_transitive_apply_parallel/dataset/GRScenes_assets/bottle/9bfa0bc6db0af285dc94db3f174b1421/usd/9bfa0bc6db0af285dc94db3f174b1421.usd
bottle,9bfafc13bf42dfe6b17c2d00e2d70e79,suspicious,object,18.588368,18.588368,1.000000,3.549766,true,true,,0.019760,0.021431,106,blank;blank;ok;blank,/cpfs/user/zhuzihou/assets/dedup_workspaces/test0_transitive_apply_parallel/dataset/GRScenes_assets/bottle/9bfafc13bf42dfe6b17c2d00e2d70e79,/cpfs/user/zhuzihou/assets/dedup_workspaces/test0_transitive_apply_parallel/dataset/GRScenes_assets/bottle/9bfafc13bf42dfe6b17c2d00e2d70e79/usd/9bfafc13bf42dfe6b17c2d00e2d70e79.usd
bottle,9cbb7de5b3e1652210cfbdb7fa926a78,blank,object,35.340904,35.340903,1.000000,2.654067,true,true,,0.000000,0.000000,0,blank;blank;blank;blank,/cpfs/user/zhuzihou/assets/dedup_workspaces/test0_transitive_apply_parallel/dataset/GRScenes_assets/bottle/9cbb7de5b3e1652210cfbdb7fa926a78,/cpfs/user/zhuzihou/assets/dedup_workspaces/test0_transitive_apply_parallel/dataset/GRScenes_assets/bottle/9cbb7de5b3e1652210cfbdb7fa926a78/usd/9cbb7de5b3e1652210cfbdb7fa926a78.usd
bottle,9d601eca7d523b71b36533ce84e6e63d,suspicious,object,28.526141,28.526142,1.000000,3.000978,true,true,,0.004555,0.012566,61,tiny;blank;blank;blank,/cpfs/user/zhuzihou/assets/dedup_workspaces/test0_transitive_apply_parallel/dataset/GRScenes_assets/bottle/9d601eca7d523b71b36533ce84e6e63d,/cpfs/user/zhuzihou/assets/dedup_workspaces/test0_transitive_apply_parallel/dataset/GRScenes_assets/bottle/9d601eca7d523b71b36533ce84e6e63d/usd/9d601eca7d523b71b36533ce84e6e63d.usd
bottle,9d9f9d728ca856cc0625463e9977d4b2,suspicious,object,18.283074,18.283074,1.000000,1.020857,true,true,,0.765514,1.000000,512,tiny;blank;ok;blank,/cpfs/user/zhuzihou/assets/dedup_workspaces/test0_transitive_apply_parallel/dataset/GRScenes_assets/bottle/9d9f9d728ca856cc0625463e9977d4b2,/cpfs/user/zhuzihou/assets/dedup_workspaces/test0_transitive_apply_parallel/dataset/GRScenes_assets/bottle/9d9f9d728ca856cc0625463e9977d4b2/usd/9d9f9d728ca856cc0625463e9977d4b2.usd
bottle,9dcce03c5f0009f6210ee05ebab06cdc,blank,object,13.439803,13.439803,1.000000,6.568927,true,true,,0.000000,0.000000,0,blank;blank;blank;blank,/cpfs/user/zhuzihou/assets/dedup_workspaces/test0_transitive_apply_parallel/dataset/GRScenes_assets/bottle/9dcce03c5f0009f6210ee05ebab06cdc,/cpfs/user/zhuzihou/assets/dedup_workspaces/test0_transitive_apply_parallel/dataset/GRScenes_assets/bottle/9dcce03c5f0009f6210ee05ebab06cdc/usd/9dcce03c5f0009f6210ee05ebab06cdc.usd
bottle,9e19dd321aa3a981a3f3d1e849328b57,blank,object,29.620779,29.620778,1.000000,2.652168,true,true,,0.000000,0.000000,0,blank;blank;blank;blank,/cpfs/user/zhuzihou/assets/dedup_workspaces/test0_transitive_apply_parallel/dataset/GRScenes_assets/bottle/9e19dd321aa3a981a3f3d1e849328b57,/cpfs/user/zhuzihou/assets/dedup_workspaces/test0_transitive_apply_parallel/dataset/GRScenes_assets/bottle/9e19dd321aa3a981a3f3d1e849328b57/usd/9e19dd321aa3a981a3f3d1e849328b57.usd
bottle,9f135d1317cb12d9b6d26d7322e0a536,suspicious,object,18.616645,18.616645,1.000000,2.496898,true,true,,0.043728,0.048603,143,ok;ok;blank;blank,/cpfs/user/zhuzihou/assets/dedup_workspaces/test0_transitive_apply_parallel/dataset/GRScenes_assets/bottle/9f135d1317cb12d9b6d26d7322e0a536,/cpfs/user/zhuzihou/assets/dedup_workspaces/test0_transitive_apply_parallel/dataset/GRScenes_assets/bottle/9f135d1317cb12d9b6d26d7322e0a536/usd/9f135d1317cb12d9b6d26d7322e0a536.usd
bottle,9fbe7005179043cc01a3994afe3f6bea,blank,object,35.244762,35.244762,1.000000,2.673285,true,true,,0.000000,0.000000,0,blank;blank;blank;blank,/cpfs/user/zhuzihou/assets/dedup_workspaces/test0_transitive_apply_parallel/dataset/GRScenes_assets/bottle/9fbe7005179043cc01a3994afe3f6bea,/cpfs/user/zhuzihou/assets/dedup_workspaces/test0_transitive_apply_parallel/dataset/GRScenes_assets/bottle/9fbe7005179043cc01a3994afe3f6bea/usd/9fbe7005179043cc01a3994afe3f6bea.usd
bottle,a038f66aab0ebe51b4c2e1e4010552bc,suspicious,object,18.601482,18.601482,1.000000,2.504514,true,true,,0.029087,0.035088,126,blank;blank;tiny;ok,/cpfs/user/zhuzihou/assets/dedup_workspaces/test0_transitive_apply_parallel/dataset/GRScenes_assets/bottle/a038f66aab0ebe51b4c2e1e4010552bc,/cpfs/user/zhuzihou/assets/dedup_workspaces/test0_transitive_apply_parallel/dataset/GRScenes_assets/bottle/a038f66aab0ebe51b4c2e1e4010552bc/usd/a038f66aab0ebe51b4c2e1e4010552bc.usd
bottle,a1d07ea9f81bfaefbd07acff198d96c8,suspicious,object,30.249950,30.249950,1.000000,2.054945,true,true,,0.011257,0.031898,113,ok;blank;blank;ok,/cpfs/user/zhuzihou/assets/dedup_workspaces/test0_transitive_apply_parallel/dataset/GRScenes_assets/bottle/a1d07ea9f81bfaefbd07acff198d96c8,/cpfs/user/zhuzihou/assets/dedup_workspaces/test0_transitive_apply_parallel/dataset/GRScenes_assets/bottle/a1d07ea9f81bfaefbd07acff198d96c8/usd/a1d07ea9f81bfaefbd07acff198d96c8.usd
bottle,a1da3822b6a63d98e3e6963b1e584b45,blank,object,22.335276,22.335276,1.000000,3.790463,true,true,,0.000000,0.000000,0,blank;blank;blank;blank,/cpfs/user/zhuzihou/assets/dedup_workspaces/test0_transitive_apply_parallel/dataset/GRScenes_assets/bottle/a1da3822b6a63d98e3e6963b1e584b45,/cpfs/user/zhuzihou/assets/dedup_workspaces/test0_transitive_apply_parallel/dataset/GRScenes_assets/bottle/a1da3822b6a63d98e3e6963b1e584b45/usd/a1da3822b6a63d98e3e6963b1e584b45.usd
bottle,a293762bf3ed6231309f30d2ffaa357a,suspicious,object,34.030086,34.030087,1.000000,5.415931,true,true,,0.012524,0.012798,61,tiny;blank;blank;blank,/cpfs/user/zhuzihou/assets/dedup_workspaces/test0_transitive_apply_parallel/dataset/GRScenes_assets/bottle/a293762bf3ed6231309f30d2ffaa357a,/cpfs/user/zhuzihou/assets/dedup_workspaces/test0_transitive_apply_parallel/dataset/GRScenes_assets/bottle/a293762bf3ed6231309f30d2ffaa357a/usd/a293762bf3ed6231309f30d2ffaa357a.usd
bottle,a2f041322a1b012cbd3585533cf7f333,suspicious,object,34.295905,34.295905,1.000000,2.786372,true,true,,0.012241,0.018288,102,tiny;blank;blank;blank,/cpfs/user/zhuzihou/assets/dedup_workspaces/test0_transitive_apply_parallel/dataset/GRScenes_assets/bottle/a2f041322a1b012cbd3585533cf7f333,/cpfs/user/zhuzihou/assets/dedup_workspaces/test0_transitive_apply_parallel/dataset/GRScenes_assets/bottle/a2f041322a1b012cbd3585533cf7f333/usd/a2f041322a1b012cbd3585533cf7f333.usd
bottle,a2ff06b037a299f22d7523c540770261,blank,object,16.727763,16.727763,1.000000,3.984673,true,true,,0.000000,0.000000,0,blank;blank;blank;blank,/cpfs/user/zhuzihou/assets/dedup_workspaces/test0_transitive_apply_parallel/dataset/GRScenes_assets/bottle/a2ff06b037a299f22d7523c540770261,/cpfs/user/zhuzihou/assets/dedup_workspaces/test0_transitive_apply_parallel/dataset/GRScenes_assets/bottle/a2ff06b037a299f22d7523c540770261/usd/a2ff06b037a299f22d7523c540770261.usd
bottle,a352e1fcae7c13a293c58a1c9494d083,blank,object,24.320749,24.320750,1.000000,2.372508,true,true,,0.000000,0.000000,0,blank;blank;blank;blank,/cpfs/user/zhuzihou/assets/dedup_workspaces/test0_transitive_apply_parallel/dataset/GRScenes_assets/bottle/a352e1fcae7c13a293c58a1c9494d083,/cpfs/user/zhuzihou/assets/dedup_workspaces/test0_transitive_apply_parallel/dataset/GRScenes_assets/bottle/a352e1fcae7c13a293c58a1c9494d083/usd/a352e1fcae7c13a293c58a1c9494d083.usd
bottle,a39577f3cab8f003c17f2eab8a074dd2,suspicious,object,26.162166,26.162167,1.000000,1.549887,true,true,,0.054253,0.056934,199,blank;blank;ok;blank,/cpfs/user/zhuzihou/assets/dedup_workspaces/test0_transitive_apply_parallel/dataset/GRScenes_assets/bottle/a39577f3cab8f003c17f2eab8a074dd2,/cpfs/user/zhuzihou/assets/dedup_workspaces/test0_transitive_apply_parallel/dataset/GRScenes_assets/bottle/a39577f3cab8f003c17f2eab8a074dd2/usd/a39577f3cab8f003c17f2eab8a074dd2.usd
bottle,a4ba5603d0828dca9b02307e2ae66d3a,blank,object,25.148051,25.148051,1.000000,2.716945,true,true,,0.000000,0.000000,0,blank;blank;blank;blank,/cpfs/user/zhuzihou/assets/dedup_workspaces/test0_transitive_apply_parallel/dataset/GRScenes_assets/bottle/a4ba5603d0828dca9b02307e2ae66d3a,/cpfs/user/zhuzihou/assets/dedup_workspaces/test0_transitive_apply_parallel/dataset/GRScenes_assets/bottle/a4ba5603d0828dca9b02307e2ae66d3a/usd/a4ba5603d0828dca9b02307e2ae66d3a.usd
bottle,a627b24b71e87ebea3a54133082c5f07,blank,object,25.148029,25.148029,1.000000,2.737956,true,true,,0.000000,0.000000,0,blank;blank;blank;blank,/cpfs/user/zhuzihou/assets/dedup_workspaces/test0_transitive_apply_parallel/dataset/GRScenes_assets/bottle/a627b24b71e87ebea3a54133082c5f07,/cpfs/user/zhuzihou/assets/dedup_workspaces/test0_transitive_apply_parallel/dataset/GRScenes_assets/bottle/a627b24b71e87ebea3a54133082c5f07/usd/a627b24b71e87ebea3a54133082c5f07.usd
bottle,a9e5cc0c823d49a4464af1cba8ccc83b,blank,object,22.335268,22.335269,1.000000,3.502976,true,true,,0.000000,0.000000,0,blank;blank;blank;blank,/cpfs/user/zhuzihou/assets/dedup_workspaces/test0_transitive_apply_parallel/dataset/GRScenes_assets/bottle/a9e5cc0c823d49a4464af1cba8ccc83b,/cpfs/user/zhuzihou/assets/dedup_workspaces/test0_transitive_apply_parallel/dataset/GRScenes_assets/bottle/a9e5cc0c823d49a4464af1cba8ccc83b/usd/a9e5cc0c823d49a4464af1cba8ccc83b.usd
bottle,aab77c3ce0425e1f3d784b98fc837ee4,suspicious,object,18.592793,18.592793,1.000000,2.716012,true,true,,0.023922,0.024948,109,ok;blank;blank;blank,/cpfs/user/zhuzihou/assets/dedup_workspaces/test0_transitive_apply_parallel/dataset/GRScenes_assets/bottle/aab77c3ce0425e1f3d784b98fc837ee4,/cpfs/user/zhuzihou/assets/dedup_workspaces/test0_transitive_apply_parallel/dataset/GRScenes_assets/bottle/aab77c3ce0425e1f3d784b98fc837ee4/usd/aab77c3ce0425e1f3d784b98fc837ee4.usd
bottle,aab8c1901434b1386710340c0ebb8116,blank,object,23.277033,23.277033,1.000000,3.824382,true,true,,0.000000,0.000000,0,blank;blank;blank;blank,/cpfs/user/zhuzihou/assets/dedup_workspaces/test0_transitive_apply_parallel/dataset/GRScenes_assets/bottle/aab8c1901434b1386710340c0ebb8116,/cpfs/user/zhuzihou/assets/dedup_workspaces/test0_transitive_apply_parallel/dataset/GRScenes_assets/bottle/aab8c1901434b1386710340c0ebb8116/usd/aab8c1901434b1386710340c0ebb8116.usd
bottle,aba7553eed6ab7e03e3fd156594e9f9a,suspicious,object,36.397117,36.397116,1.000000,2.030893,true,true,,0.017723,0.023304,149,blank;blank;ok;blank,/cpfs/user/zhuzihou/assets/dedup_workspaces/test0_transitive_apply_parallel/dataset/GRScenes_assets/bottle/aba7553eed6ab7e03e3fd156594e9f9a,/cpfs/user/zhuzihou/assets/dedup_workspaces/test0_transitive_apply_parallel/dataset/GRScenes_assets/bottle/aba7553eed6ab7e03e3fd156594e9f9a/usd/aba7553eed6ab7e03e3fd156594e9f9a.usd
bottle,ad84934ce7809f3e4b8e7b75842d4d3f,suspicious,object,29.502971,29.502973,1.000000,1.186510,true,true,,0.022072,0.039871,134,ok;blank;blank;ok,/cpfs/user/zhuzihou/assets/dedup_workspaces/test0_transitive_apply_parallel/dataset/GRScenes_assets/bottle/ad84934ce7809f3e4b8e7b75842d4d3f,/cpfs/user/zhuzihou/assets/dedup_workspaces/test0_transitive_apply_parallel/dataset/GRScenes_assets/bottle/ad84934ce7809f3e4b8e7b75842d4d3f/usd/ad84934ce7809f3e4b8e7b75842d4d3f.usd
bottle,adc2f8ec0c7a9a46f839a1d1c4bba73c,blank,object,35.063028,35.063028,1.000000,2.562024,true,true,,0.000000,0.000000,0,blank;blank;blank;blank,/cpfs/user/zhuzihou/assets/dedup_workspaces/test0_transitive_apply_parallel/dataset/GRScenes_assets/bottle/adc2f8ec0c7a9a46f839a1d1c4bba73c,/cpfs/user/zhuzihou/assets/dedup_workspaces/test0_transitive_apply_parallel/dataset/GRScenes_assets/bottle/adc2f8ec0c7a9a46f839a1d1c4bba73c/usd/adc2f8ec0c7a9a46f839a1d1c4bba73c.usd
bottle,ae9b5acac10e7fc7c6cd8bc631ebbe3c,suspicious,object,36.397141,36.397140,1.000000,1.822633,true,true,,0.021717,0.028324,165,blank;tiny;ok;tiny,/cpfs/user/zhuzihou/assets/dedup_workspaces/test0_transitive_apply_parallel/dataset/GRScenes_assets/bottle/ae9b5acac10e7fc7c6cd8bc631ebbe3c,/cpfs/user/zhuzihou/assets/dedup_workspaces/test0_transitive_apply_parallel/dataset/GRScenes_assets/bottle/ae9b5acac10e7fc7c6cd8bc631ebbe3c/usd/ae9b5acac10e7fc7c6cd8bc631ebbe3c.usd
bottle,aecd28c63733453f912997af3312aad8,blank,object,24.205346,24.205346,1.000000,2.606893,true,true,,0.000000,0.000000,0,blank;blank;blank;blank,/cpfs/user/zhuzihou/assets/dedup_workspaces/test0_transitive_apply_parallel/dataset/GRScenes_assets/bottle/aecd28c63733453f912997af3312aad8,/cpfs/user/zhuzihou/assets/dedup_workspaces/test0_transitive_apply_parallel/dataset/GRScenes_assets/bottle/aecd28c63733453f912997af3312aad8/usd/aecd28c63733453f912997af3312aad8.usd
bottle,af6b80064345fae079b4a30d0d9aabcb,blank,object,24.205346,24.205346,1.000000,2.863953,true,true,,0.000000,0.000000,0,blank;blank;blank;blank,/cpfs/user/zhuzihou/assets/dedup_workspaces/test0_transitive_apply_parallel/dataset/GRScenes_assets/bottle/af6b80064345fae079b4a30d0d9aabcb,/cpfs/user/zhuzihou/assets/dedup_workspaces/test0_transitive_apply_parallel/dataset/GRScenes_assets/bottle/af6b80064345fae079b4a30d0d9aabcb/usd/af6b80064345fae079b4a30d0d9aabcb.usd
bottle,afb689a00ba6040f0db8592679bfe8ae,blank,object,24.205348,24.205348,1.000000,2.557925,true,true,,0.000000,0.000000,0,blank;blank;blank;blank,/cpfs/user/zhuzihou/assets/dedup_workspaces/test0_transitive_apply_parallel/dataset/GRScenes_assets/bottle/afb689a00ba6040f0db8592679bfe8ae,/cpfs/user/zhuzihou/assets/dedup_workspaces/test0_transitive_apply_parallel/dataset/GRScenes_assets/bottle/afb689a00ba6040f0db8592679bfe8ae/usd/afb689a00ba6040f0db8592679bfe8ae.usd
bottle,b1a8b6c94f0d0c8f90caae8077ed0467,suspicious,object,18.598198,18.598198,1.000000,2.502440,true,true,,0.031403,0.033993,133,blank;tiny;ok;blank,/cpfs/user/zhuzihou/assets/dedup_workspaces/test0_transitive_apply_parallel/dataset/GRScenes_assets/bottle/b1a8b6c94f0d0c8f90caae8077ed0467,/cpfs/user/zhuzihou/assets/dedup_workspaces/test0_transitive_apply_parallel/dataset/GRScenes_assets/bottle/b1a8b6c94f0d0c8f90caae8077ed0467/usd/b1a8b6c94f0d0c8f90caae8077ed0467.usd
bottle,b1c8ddd914cab96e012ac88de8d104df,blank,object,24.205348,24.205348,1.000000,3.008459,true,true,,0.000000,0.000000,0,blank;blank;blank;blank,/cpfs/user/zhuzihou/assets/dedup_workspaces/test0_transitive_apply_parallel/dataset/GRScenes_assets/bottle/b1c8ddd914cab96e012ac88de8d104df,/cpfs/user/zhuzihou/assets/dedup_workspaces/test0_transitive_apply_parallel/dataset/GRScenes_assets/bottle/b1c8ddd914cab96e012ac88de8d104df/usd/b1c8ddd914cab96e012ac88de8d104df.usd
bottle,b1e43d1291312df0aee19f73e59a1581,blank,object,26.697795,26.697795,1.000000,2.449295,true,true,,0.000000,0.000000,0,blank;blank;blank;blank,/cpfs/user/zhuzihou/assets/dedup_workspaces/test0_transitive_apply_parallel/dataset/GRScenes_assets/bottle/b1e43d1291312df0aee19f73e59a1581,/cpfs/user/zhuzihou/assets/dedup_workspaces/test0_transitive_apply_parallel/dataset/GRScenes_assets/bottle/b1e43d1291312df0aee19f73e59a1581/usd/b1e43d1291312df0aee19f73e59a1581.usd
bottle,b21a67cd9257f1facf8a05a4c9cf06af,blank,object,34.300508,34.300508,1.000000,2.730421,true,true,,0.000000,0.000000,0,blank;blank;blank;blank,/cpfs/user/zhuzihou/assets/dedup_workspaces/test0_transitive_apply_parallel/dataset/GRScenes_assets/bottle/b21a67cd9257f1facf8a05a4c9cf06af,/cpfs/user/zhuzihou/assets/dedup_workspaces/test0_transitive_apply_parallel/dataset/GRScenes_assets/bottle/b21a67cd9257f1facf8a05a4c9cf06af/usd/b21a67cd9257f1facf8a05a4c9cf06af.usd
bottle,b31f65a4beacaa18376d5917f4e260c8,suspicious,object,18.587901,18.587901,1.000000,3.117435,true,true,,0.017315,0.018600,92,blank;blank;tiny;blank,/cpfs/user/zhuzihou/assets/dedup_workspaces/test0_transitive_apply_parallel/dataset/GRScenes_assets/bottle/b31f65a4beacaa18376d5917f4e260c8,/cpfs/user/zhuzihou/assets/dedup_workspaces/test0_transitive_apply_parallel/dataset/GRScenes_assets/bottle/b31f65a4beacaa18376d5917f4e260c8/usd/b31f65a4beacaa18376d5917f4e260c8.usd
bottle,b37af42c2d5acb6ca5004b2ec7e0f425,blank,object,25.148050,25.148050,1.000000,2.707827,true,true,,0.000000,0.000000,0,blank;blank;blank;blank,/cpfs/user/zhuzihou/assets/dedup_workspaces/test0_transitive_apply_parallel/dataset/GRScenes_assets/bottle/b37af42c2d5acb6ca5004b2ec7e0f425,/cpfs/user/zhuzihou/assets/dedup_workspaces/test0_transitive_apply_parallel/dataset/GRScenes_assets/bottle/b37af42c2d5acb6ca5004b2ec7e0f425/usd/b37af42c2d5acb6ca5004b2ec7e0f425.usd
bottle,b4ca316a4545714e621e06aebab8650c,blank,object,27.678559,27.678558,1.000000,4.034821,true,true,,0.000000,0.000000,0,blank;blank;blank;blank,/cpfs/user/zhuzihou/assets/dedup_workspaces/test0_transitive_apply_parallel/dataset/GRScenes_assets/bottle/b4ca316a4545714e621e06aebab8650c,/cpfs/user/zhuzihou/assets/dedup_workspaces/test0_transitive_apply_parallel/dataset/GRScenes_assets/bottle/b4ca316a4545714e621e06aebab8650c/usd/b4ca316a4545714e621e06aebab8650c.usd
bottle,b628cbb4bd1d38c5becef4bb2f9ca798,suspicious,object,24.934054,24.934054,1.000000,1.812079,true,true,,0.025928,0.038273,127,ok;blank;blank;blank,/cpfs/user/zhuzihou/assets/dedup_workspaces/test0_transitive_apply_parallel/dataset/GRScenes_assets/bottle/b628cbb4bd1d38c5becef4bb2f9ca798,/cpfs/user/zhuzihou/assets/dedup_workspaces/test0_transitive_apply_parallel/dataset/GRScenes_assets/bottle/b628cbb4bd1d38c5becef4bb2f9ca798/usd/b628cbb4bd1d38c5becef4bb2f9ca798.usd
bottle,b6baebf367ab8452864ca90d79682503,blank,object,35.244768,35.244768,1.000000,2.602356,true,true,,0.000000,0.000000,0,blank;blank;blank;blank,/cpfs/user/zhuzihou/assets/dedup_workspaces/test0_transitive_apply_parallel/dataset/GRScenes_assets/bottle/b6baebf367ab8452864ca90d79682503,/cpfs/user/zhuzihou/assets/dedup_workspaces/test0_transitive_apply_parallel/dataset/GRScenes_assets/bottle/b6baebf367ab8452864ca90d79682503/usd/b6baebf367ab8452864ca90d79682503.usd
bottle,b744a18cb3cf9126e5b712e2b996e75f,blank,object,23.277042,23.277042,1.000000,3.569280,true,true,,0.000000,0.000000,0,blank;blank;blank;blank,/cpfs/user/zhuzihou/assets/dedup_workspaces/test0_transitive_apply_parallel/dataset/GRScenes_assets/bottle/b744a18cb3cf9126e5b712e2b996e75f,/cpfs/user/zhuzihou/assets/dedup_workspaces/test0_transitive_apply_parallel/dataset/GRScenes_assets/bottle/b744a18cb3cf9126e5b712e2b996e75f/usd/b744a18cb3cf9126e5b712e2b996e75f.usd
bottle,b7dec2f2a0e828df3daa7978c3772ac9,suspicious,object,33.493083,33.493058,1.000001,1.067762,true,true,,0.072163,0.076939,243,ok;blank;blank;blank,/cpfs/user/zhuzihou/assets/dedup_workspaces/test0_transitive_apply_parallel/dataset/GRScenes_assets/bottle/b7dec2f2a0e828df3daa7978c3772ac9,/cpfs/user/zhuzihou/assets/dedup_workspaces/test0_transitive_apply_parallel/dataset/GRScenes_assets/bottle/b7dec2f2a0e828df3daa7978c3772ac9/usd/b7dec2f2a0e828df3daa7978c3772ac9.usd
bottle,b8d646074dce8facb8f799c536576d14,blank,object,35.340938,35.340937,1.000000,2.872139,true,true,,0.000000,0.000000,0,blank;blank;blank;blank,/cpfs/user/zhuzihou/assets/dedup_workspaces/test0_transitive_apply_parallel/dataset/GRScenes_assets/bottle/b8d646074dce8facb8f799c536576d14,/cpfs/user/zhuzihou/assets/dedup_workspaces/test0_transitive_apply_parallel/dataset/GRScenes_assets/bottle/b8d646074dce8facb8f799c536576d14/usd/b8d646074dce8facb8f799c536576d14.usd
bottle,b914c236abc97068ad639647fd7d42a0,suspicious,object,29.502994,29.502995,1.000000,1.432059,true,true,,0.016747,0.028881,113,tiny;blank;blank;ok,/cpfs/user/zhuzihou/assets/dedup_workspaces/test0_transitive_apply_parallel/dataset/GRScenes_assets/bottle/b914c236abc97068ad639647fd7d42a0,/cpfs/user/zhuzihou/assets/dedup_workspaces/test0_transitive_apply_parallel/dataset/GRScenes_assets/bottle/b914c236abc97068ad639647fd7d42a0/usd/b914c236abc97068ad639647fd7d42a0.usd
bottle,b9d176a61564300791d57edd64070b94,blank,object,25.148055,25.148055,1.000000,3.197226,true,true,,0.000000,0.000000,0,blank;blank;blank;blank,/cpfs/user/zhuzihou/assets/dedup_workspaces/test0_transitive_apply_parallel/dataset/GRScenes_assets/bottle/b9d176a61564300791d57edd64070b94,/cpfs/user/zhuzihou/assets/dedup_workspaces/test0_transitive_apply_parallel/dataset/GRScenes_assets/bottle/b9d176a61564300791d57edd64070b94/usd/b9d176a61564300791d57edd64070b94.usd
bottle,bacf5679ceedaeedc69485738fdf0aa5,suspicious,object,20.361850,20.361850,1.000000,2.561111,true,true,,0.013699,0.023266,107,tiny;blank;blank;ok,/cpfs/user/zhuzihou/assets/dedup_workspaces/test0_transitive_apply_parallel/dataset/GRScenes_assets/bottle/bacf5679ceedaeedc69485738fdf0aa5,/cpfs/user/zhuzihou/assets/dedup_workspaces/test0_transitive_apply_parallel/dataset/GRScenes_assets/bottle/bacf5679ceedaeedc69485738fdf0aa5/usd/bacf5679ceedaeedc69485738fdf0aa5.usd
bottle,bbe22c098a9a6d0b39e9bd5b8eac0fbc,blank,object,23.277033,23.277034,1.000000,3.551110,true,true,,0.000000,0.000000,0,blank;blank;blank;blank,/cpfs/user/zhuzihou/assets/dedup_workspaces/test0_transitive_apply_parallel/dataset/GRScenes_assets/bottle/bbe22c098a9a6d0b39e9bd5b8eac0fbc,/cpfs/user/zhuzihou/assets/dedup_workspaces/test0_transitive_apply_parallel/dataset/GRScenes_assets/bottle/bbe22c098a9a6d0b39e9bd5b8eac0fbc/usd/bbe22c098a9a6d0b39e9bd5b8eac0fbc.usd
bottle,bceb42d8afdcc1c8102b083299e1592c,blank,object,26.697759,26.697759,1.000000,2.306320,true,true,,0.000000,0.000000,0,blank;blank;blank;blank,/cpfs/user/zhuzihou/assets/dedup_workspaces/test0_transitive_apply_parallel/dataset/GRScenes_assets/bottle/bceb42d8afdcc1c8102b083299e1592c,/cpfs/user/zhuzihou/assets/dedup_workspaces/test0_transitive_apply_parallel/dataset/GRScenes_assets/bottle/bceb42d8afdcc1c8102b083299e1592c/usd/bceb42d8afdcc1c8102b083299e1592c.usd
bottle,bcf3a0c22e35c9ee7f94454d3174fd70,blank,object,33.836818,33.836817,1.000000,1.057131,true,true,,0.000000,0.000000,0,blank;blank;blank;blank,/cpfs/user/zhuzihou/assets/dedup_workspaces/test0_transitive_apply_parallel/dataset/GRScenes_assets/bottle/bcf3a0c22e35c9ee7f94454d3174fd70,/cpfs/user/zhuzihou/assets/dedup_workspaces/test0_transitive_apply_parallel/dataset/GRScenes_assets/bottle/bcf3a0c22e35c9ee7f94454d3174fd70/usd/bcf3a0c22e35c9ee7f94454d3174fd70.usd
bottle,bd31a9c17a64cb525c89c74eecf122c6,blank,object,22.760738,22.760737,1.000000,3.168917,true,true,,0.000000,0.000000,0,blank;blank;blank;blank,/cpfs/user/zhuzihou/assets/dedup_workspaces/test0_transitive_apply_parallel/dataset/GRScenes_assets/bottle/bd31a9c17a64cb525c89c74eecf122c6,/cpfs/user/zhuzihou/assets/dedup_workspaces/test0_transitive_apply_parallel/dataset/GRScenes_assets/bottle/bd31a9c17a64cb525c89c74eecf122c6/usd/bd31a9c17a64cb525c89c74eecf122c6.usd
bottle,bd6026e60d5c1e4a09aaffb6b3d9871f,blank,object,23.277067,23.277068,1.000000,3.902061,true,true,,0.000000,0.000000,0,blank;blank;blank;blank,/cpfs/user/zhuzihou/assets/dedup_workspaces/test0_transitive_apply_parallel/dataset/GRScenes_assets/bottle/bd6026e60d5c1e4a09aaffb6b3d9871f,/cpfs/user/zhuzihou/assets/dedup_workspaces/test0_transitive_apply_parallel/dataset/GRScenes_assets/bottle/bd6026e60d5c1e4a09aaffb6b3d9871f/usd/bd6026e60d5c1e4a09aaffb6b3d9871f.usd
bottle,bd8437af8e6374a514840ca534325a15,blank,object,18.283074,18.283074,1.000000,1.333908,true,true,,0.000000,0.000000,0,blank;blank;blank;blank,/cpfs/user/zhuzihou/assets/dedup_workspaces/test0_transitive_apply_parallel/dataset/GRScenes_assets/bottle/bd8437af8e6374a514840ca534325a15,/cpfs/user/zhuzihou/assets/dedup_workspaces/test0_transitive_apply_parallel/dataset/GRScenes_assets/bottle/bd8437af8e6374a514840ca534325a15/usd/bd8437af8e6374a514840ca534325a15.usd
bottle,be1f342248eb26139e8f939747d786e9,blank,object,18.311843,18.311843,1.000000,4.242660,true,true,,0.000000,0.000000,0,blank;blank;blank;blank,/cpfs/user/zhuzihou/assets/dedup_workspaces/test0_transitive_apply_parallel/dataset/GRScenes_assets/bottle/be1f342248eb26139e8f939747d786e9,/cpfs/user/zhuzihou/assets/dedup_workspaces/test0_transitive_apply_parallel/dataset/GRScenes_assets/bottle/be1f342248eb26139e8f939747d786e9/usd/be1f342248eb26139e8f939747d786e9.usd
bottle,be87b38c13af25dec037464c72f33d0e,suspicious,object,35.704659,35.704658,1.000000,4.447594,true,true,,0.006527,0.008961,81,blank;blank;tiny;blank,/cpfs/user/zhuzihou/assets/dedup_workspaces/test0_transitive_apply_parallel/dataset/GRScenes_assets/bottle/be87b38c13af25dec037464c72f33d0e,/cpfs/user/zhuzihou/assets/dedup_workspaces/test0_transitive_apply_parallel/dataset/GRScenes_assets/bottle/be87b38c13af25dec037464c72f33d0e/usd/be87b38c13af25dec037464c72f33d0e.usd
bottle,bf4d93798ee8524754b51caaf3d405fc,blank,object,25.148050,25.148049,1.000000,3.179253,true,true,,0.000000,0.000000,0,blank;blank;blank;blank,/cpfs/user/zhuzihou/assets/dedup_workspaces/test0_transitive_apply_parallel/dataset/GRScenes_assets/bottle/bf4d93798ee8524754b51caaf3d405fc,/cpfs/user/zhuzihou/assets/dedup_workspaces/test0_transitive_apply_parallel/dataset/GRScenes_assets/bottle/bf4d93798ee8524754b51caaf3d405fc/usd/bf4d93798ee8524754b51caaf3d405fc.usd
bottle,bf64d7703e5e0c14c2474279ecd58650,blank,object,26.697795,26.697795,1.000000,2.662582,true,true,,0.000000,0.000000,0,blank;blank;blank;blank,/cpfs/user/zhuzihou/assets/dedup_workspaces/test0_transitive_apply_parallel/dataset/GRScenes_assets/bottle/bf64d7703e5e0c14c2474279ecd58650,/cpfs/user/zhuzihou/assets/dedup_workspaces/test0_transitive_apply_parallel/dataset/GRScenes_assets/bottle/bf64d7703e5e0c14c2474279ecd58650/usd/bf64d7703e5e0c14c2474279ecd58650.usd
bottle,bfc4c3f5732d2a7286dd4944087bfc18,suspicious,object,27.538752,27.538752,1.000000,5.433467,true,true,,0.003193,0.004395,36,blank;blank;blank;tiny,/cpfs/user/zhuzihou/assets/dedup_workspaces/test0_transitive_apply_parallel/dataset/GRScenes_assets/bottle/bfc4c3f5732d2a7286dd4944087bfc18,/cpfs/user/zhuzihou/assets/dedup_workspaces/test0_transitive_apply_parallel/dataset/GRScenes_assets/bottle/bfc4c3f5732d2a7286dd4944087bfc18/usd/bfc4c3f5732d2a7286dd4944087bfc18.usd
bottle,bfc98107109d3f000c42eab680625a0f,blank,object,25.148053,25.148053,1.000000,2.960014,true,true,,0.000000,0.000000,0,blank;blank;blank;blank,/cpfs/user/zhuzihou/assets/dedup_workspaces/test0_transitive_apply_parallel/dataset/GRScenes_assets/bottle/bfc98107109d3f000c42eab680625a0f,/cpfs/user/zhuzihou/assets/dedup_workspaces/test0_transitive_apply_parallel/dataset/GRScenes_assets/bottle/bfc98107109d3f000c42eab680625a0f/usd/bfc98107109d3f000c42eab680625a0f.usd
bottle,c03ea1d24baed867ed749b71b0676831,blank,object,23.277050,23.277051,1.000000,3.886970,true,true,,0.000000,0.000000,0,blank;blank;blank;blank,/cpfs/user/zhuzihou/assets/dedup_workspaces/test0_transitive_apply_parallel/dataset/GRScenes_assets/bottle/c03ea1d24baed867ed749b71b0676831,/cpfs/user/zhuzihou/assets/dedup_workspaces/test0_transitive_apply_parallel/dataset/GRScenes_assets/bottle/c03ea1d24baed867ed749b71b0676831/usd/c03ea1d24baed867ed749b71b0676831.usd
bottle,c0c9b329e8d7d329e4b2b99471cd7611,suspicious,object,29.650972,29.650972,1.000000,5.457228,true,true,,0.010372,0.010700,55,tiny;blank;blank;blank,/cpfs/user/zhuzihou/assets/dedup_workspaces/test0_transitive_apply_parallel/dataset/GRScenes_assets/bottle/c0c9b329e8d7d329e4b2b99471cd7611,/cpfs/user/zhuzihou/assets/dedup_workspaces/test0_transitive_apply_parallel/dataset/GRScenes_assets/bottle/c0c9b329e8d7d329e4b2b99471cd7611/usd/c0c9b329e8d7d329e4b2b99471cd7611.usd
bottle,c0e874933133c185862601411bec2b2a,blank,object,24.205346,24.205346,1.000000,2.435079,true,true,,0.000000,0.000000,0,blank;blank;blank;blank,/cpfs/user/zhuzihou/assets/dedup_workspaces/test0_transitive_apply_parallel/dataset/GRScenes_assets/bottle/c0e874933133c185862601411bec2b2a,/cpfs/user/zhuzihou/assets/dedup_workspaces/test0_transitive_apply_parallel/dataset/GRScenes_assets/bottle/c0e874933133c185862601411bec2b2a/usd/c0e874933133c185862601411bec2b2a.usd
bottle,c0e88e3e4545b01e2618658e40e23de8,blank,object,39.506755,39.506755,1.000000,3.853766,true,true,,0.000000,0.000000,0,blank;blank;blank;blank,/cpfs/user/zhuzihou/assets/dedup_workspaces/test0_transitive_apply_parallel/dataset/GRScenes_assets/bottle/c0e88e3e4545b01e2618658e40e23de8,/cpfs/user/zhuzihou/assets/dedup_workspaces/test0_transitive_apply_parallel/dataset/GRScenes_assets/bottle/c0e88e3e4545b01e2618658e40e23de8/usd/c0e88e3e4545b01e2618658e40e23de8.usd
bottle,c16e4587895e9309abdb55344317e7cb,suspicious,object,30.341163,30.341163,1.000000,1.485911,true,true,,0.046356,0.048500,163,blank;tiny;ok;tiny,/cpfs/user/zhuzihou/assets/dedup_workspaces/test0_transitive_apply_parallel/dataset/GRScenes_assets/bottle/c16e4587895e9309abdb55344317e7cb,/cpfs/user/zhuzihou/assets/dedup_workspaces/test0_transitive_apply_parallel/dataset/GRScenes_assets/bottle/c16e4587895e9309abdb55344317e7cb/usd/c16e4587895e9309abdb55344317e7cb.usd
bottle,c18e685df3b71a2ce1a659d22480c833,blank,object,27.342568,27.342567,1.000000,2.161108,true,true,,0.000000,0.000000,0,blank;blank;blank;blank,/cpfs/user/zhuzihou/assets/dedup_workspaces/test0_transitive_apply_parallel/dataset/GRScenes_assets/bottle/c18e685df3b71a2ce1a659d22480c833,/cpfs/user/zhuzihou/assets/dedup_workspaces/test0_transitive_apply_parallel/dataset/GRScenes_assets/bottle/c18e685df3b71a2ce1a659d22480c833/usd/c18e685df3b71a2ce1a659d22480c833.usd
bottle,c3c0f2d0cd948b17a9bb1a583bb7c19d,suspicious,object,29.098997,29.098998,1.000000,1.795628,true,true,,0.018013,0.032730,156,ok;blank;blank;blank,/cpfs/user/zhuzihou/assets/dedup_workspaces/test0_transitive_apply_parallel/dataset/GRScenes_assets/bottle/c3c0f2d0cd948b17a9bb1a583bb7c19d,/cpfs/user/zhuzihou/assets/dedup_workspaces/test0_transitive_apply_parallel/dataset/GRScenes_assets/bottle/c3c0f2d0cd948b17a9bb1a583bb7c19d/usd/c3c0f2d0cd948b17a9bb1a583bb7c19d.usd
bottle,c5445b963e72e5ab6fc5f55fb5e345b7,blank,object,22.335268,22.335268,1.000000,3.850467,true,true,,0.000000,0.000000,0,blank;blank;blank;blank,/cpfs/user/zhuzihou/assets/dedup_workspaces/test0_transitive_apply_parallel/dataset/GRScenes_assets/bottle/c5445b963e72e5ab6fc5f55fb5e345b7,/cpfs/user/zhuzihou/assets/dedup_workspaces/test0_transitive_apply_parallel/dataset/GRScenes_assets/bottle/c5445b963e72e5ab6fc5f55fb5e345b7/usd/c5445b963e72e5ab6fc5f55fb5e345b7.usd
bottle,c651a5519a4ece91374e2c6c3275c4ef,blank,object,25.197326,25.197325,1.000000,1.954677,true,true,,0.000000,0.000000,0,blank;blank;blank;blank,/cpfs/user/zhuzihou/assets/dedup_workspaces/test0_transitive_apply_parallel/dataset/GRScenes_assets/bottle/c651a5519a4ece91374e2c6c3275c4ef,/cpfs/user/zhuzihou/assets/dedup_workspaces/test0_transitive_apply_parallel/dataset/GRScenes_assets/bottle/c651a5519a4ece91374e2c6c3275c4ef/usd/c651a5519a4ece91374e2c6c3275c4ef.usd
bottle,c683383711755be544a9ff5d94a103ca,blank,object,25.148052,25.148051,1.000000,2.940594,true,true,,0.000000,0.000000,0,blank;blank;blank;blank,/cpfs/user/zhuzihou/assets/dedup_workspaces/test0_transitive_apply_parallel/dataset/GRScenes_assets/bottle/c683383711755be544a9ff5d94a103ca,/cpfs/user/zhuzihou/assets/dedup_workspaces/test0_transitive_apply_parallel/dataset/GRScenes_assets/bottle/c683383711755be544a9ff5d94a103ca/usd/c683383711755be544a9ff5d94a103ca.usd
bottle,c82e9fa29d8cd93dcbd771bdebd0c214,suspicious,object,20.989515,20.989515,1.000000,2.253103,true,true,,0.031471,0.032135,108,blank;blank;ok;blank,/cpfs/user/zhuzihou/assets/dedup_workspaces/test0_transitive_apply_parallel/dataset/GRScenes_assets/bottle/c82e9fa29d8cd93dcbd771bdebd0c214,/cpfs/user/zhuzihou/assets/dedup_workspaces/test0_transitive_apply_parallel/dataset/GRScenes_assets/bottle/c82e9fa29d8cd93dcbd771bdebd0c214/usd/c82e9fa29d8cd93dcbd771bdebd0c214.usd
bottle,c8800eedd514edac83280dacf43c123d,blank,object,25.148051,25.148051,1.000000,3.171464,true,true,,0.000000,0.000000,0,blank;blank;blank;blank,/cpfs/user/zhuzihou/assets/dedup_workspaces/test0_transitive_apply_parallel/dataset/GRScenes_assets/bottle/c8800eedd514edac83280dacf43c123d,/cpfs/user/zhuzihou/assets/dedup_workspaces/test0_transitive_apply_parallel/dataset/GRScenes_assets/bottle/c8800eedd514edac83280dacf43c123d/usd/c8800eedd514edac83280dacf43c123d.usd
bottle,c97e09a3e14ba515423dbf27873826a2,blank,object,22.706114,22.706113,1.000000,3.832700,true,true,,0.000000,0.000000,0,blank;blank;blank;blank,/cpfs/user/zhuzihou/assets/dedup_workspaces/test0_transitive_apply_parallel/dataset/GRScenes_assets/bottle/c97e09a3e14ba515423dbf27873826a2,/cpfs/user/zhuzihou/assets/dedup_workspaces/test0_transitive_apply_parallel/dataset/GRScenes_assets/bottle/c97e09a3e14ba515423dbf27873826a2/usd/c97e09a3e14ba515423dbf27873826a2.usd
bottle,ca96bcffa2d17d43871b00acaccf08f7,blank,object,24.320752,24.320752,1.000000,3.013398,true,true,,0.000000,0.000000,0,blank;blank;blank;blank,/cpfs/user/zhuzihou/assets/dedup_workspaces/test0_transitive_apply_parallel/dataset/GRScenes_assets/bottle/ca96bcffa2d17d43871b00acaccf08f7,/cpfs/user/zhuzihou/assets/dedup_workspaces/test0_transitive_apply_parallel/dataset/GRScenes_assets/bottle/ca96bcffa2d17d43871b00acaccf08f7/usd/ca96bcffa2d17d43871b00acaccf08f7.usd
bottle,cc61f2c7f10a103d9c38bb7e15b17281,blank,object,35.244749,35.244749,1.000000,2.397691,true,true,,0.000000,0.000000,0,blank;blank;blank;blank,/cpfs/user/zhuzihou/assets/dedup_workspaces/test0_transitive_apply_parallel/dataset/GRScenes_assets/bottle/cc61f2c7f10a103d9c38bb7e15b17281,/cpfs/user/zhuzihou/assets/dedup_workspaces/test0_transitive_apply_parallel/dataset/GRScenes_assets/bottle/cc61f2c7f10a103d9c38bb7e15b17281/usd/cc61f2c7f10a103d9c38bb7e15b17281.usd
bottle,ccde1256047469b6c75112cfa53a77ed,blank,object,22.335259,22.335260,1.000000,3.874303,true,true,,0.000000,0.000000,0,blank;blank;blank;blank,/cpfs/user/zhuzihou/assets/dedup_workspaces/test0_transitive_apply_parallel/dataset/GRScenes_assets/bottle/ccde1256047469b6c75112cfa53a77ed,/cpfs/user/zhuzihou/assets/dedup_workspaces/test0_transitive_apply_parallel/dataset/GRScenes_assets/bottle/ccde1256047469b6c75112cfa53a77ed/usd/ccde1256047469b6c75112cfa53a77ed.usd
bottle,ce0a9885741c30e23771234fbbc5a4eb,suspicious,object,18.599480,18.599480,1.000000,2.583678,true,true,,0.037201,0.057487,137,ok;blank;blank;ok,/cpfs/user/zhuzihou/assets/dedup_workspaces/test0_transitive_apply_parallel/dataset/GRScenes_assets/bottle/ce0a9885741c30e23771234fbbc5a4eb,/cpfs/user/zhuzihou/assets/dedup_workspaces/test0_transitive_apply_parallel/dataset/GRScenes_assets/bottle/ce0a9885741c30e23771234fbbc5a4eb/usd/ce0a9885741c30e23771234fbbc5a4eb.usd
bottle,d0cf26c421988b52a7a84b7b2b016109,blank,object,22.335280,22.335280,1.000000,3.437390,true,true,,0.000000,0.000000,0,blank;blank;blank;blank,/cpfs/user/zhuzihou/assets/dedup_workspaces/test0_transitive_apply_parallel/dataset/GRScenes_assets/bottle/d0cf26c421988b52a7a84b7b2b016109,/cpfs/user/zhuzihou/assets/dedup_workspaces/test0_transitive_apply_parallel/dataset/GRScenes_assets/bottle/d0cf26c421988b52a7a84b7b2b016109/usd/d0cf26c421988b52a7a84b7b2b016109.usd
bottle,d134221fe4ef7b6f17a7ddea2d2487cc,blank,object,27.342550,27.342550,1.000000,1.833382,true,true,,0.000000,0.000000,0,blank;blank;blank;blank,/cpfs/user/zhuzihou/assets/dedup_workspaces/test0_transitive_apply_parallel/dataset/GRScenes_assets/bottle/d134221fe4ef7b6f17a7ddea2d2487cc,/cpfs/user/zhuzihou/assets/dedup_workspaces/test0_transitive_apply_parallel/dataset/GRScenes_assets/bottle/d134221fe4ef7b6f17a7ddea2d2487cc/usd/d134221fe4ef7b6f17a7ddea2d2487cc.usd
bottle,d25313f7e3618f25b4b1c6ff1f71035b,blank,object,27.810815,27.810816,1.000000,4.725939,true,true,,0.000000,0.000000,0,blank;blank;blank;blank,/cpfs/user/zhuzihou/assets/dedup_workspaces/test0_transitive_apply_parallel/dataset/GRScenes_assets/bottle/d25313f7e3618f25b4b1c6ff1f71035b,/cpfs/user/zhuzihou/assets/dedup_workspaces/test0_transitive_apply_parallel/dataset/GRScenes_assets/bottle/d25313f7e3618f25b4b1c6ff1f71035b/usd/d25313f7e3618f25b4b1c6ff1f71035b.usd
bottle,d256eeff97b0fb0bad877dc52fe5affa,blank,object,27.678556,27.678555,1.000000,3.807311,true,true,,0.000000,0.000000,0,blank;blank;blank;blank,/cpfs/user/zhuzihou/assets/dedup_workspaces/test0_transitive_apply_parallel/dataset/GRScenes_assets/bottle/d256eeff97b0fb0bad877dc52fe5affa,/cpfs/user/zhuzihou/assets/dedup_workspaces/test0_transitive_apply_parallel/dataset/GRScenes_assets/bottle/d256eeff97b0fb0bad877dc52fe5affa/usd/d256eeff97b0fb0bad877dc52fe5affa.usd
bottle,d330dfbe2acf53ebab487d4f1b6191c2,suspicious,object,14.457860,14.457860,1.000000,2.276858,true,true,,0.039726,0.041477,131,blank;blank;ok;blank,/cpfs/user/zhuzihou/assets/dedup_workspaces/test0_transitive_apply_parallel/dataset/GRScenes_assets/bottle/d330dfbe2acf53ebab487d4f1b6191c2,/cpfs/user/zhuzihou/assets/dedup_workspaces/test0_transitive_apply_parallel/dataset/GRScenes_assets/bottle/d330dfbe2acf53ebab487d4f1b6191c2/usd/d330dfbe2acf53ebab487d4f1b6191c2.usd
bottle,d3f1ca8477a8b0a6836bb152eb6676df,suspicious,object,18.602585,18.602585,1.000000,1.937215,true,true,,0.042175,0.056305,180,ok;ok;blank;blank,/cpfs/user/zhuzihou/assets/dedup_workspaces/test0_transitive_apply_parallel/dataset/GRScenes_assets/bottle/d3f1ca8477a8b0a6836bb152eb6676df,/cpfs/user/zhuzihou/assets/dedup_workspaces/test0_transitive_apply_parallel/dataset/GRScenes_assets/bottle/d3f1ca8477a8b0a6836bb152eb6676df/usd/d3f1ca8477a8b0a6836bb152eb6676df.usd
bottle,d468256500405fe18cfe64b269e640c8,blank,object,35.340945,35.340944,1.000000,2.510229,true,true,,0.000000,0.000000,0,blank;blank;blank;blank,/cpfs/user/zhuzihou/assets/dedup_workspaces/test0_transitive_apply_parallel/dataset/GRScenes_assets/bottle/d468256500405fe18cfe64b269e640c8,/cpfs/user/zhuzihou/assets/dedup_workspaces/test0_transitive_apply_parallel/dataset/GRScenes_assets/bottle/d468256500405fe18cfe64b269e640c8/usd/d468256500405fe18cfe64b269e640c8.usd
bottle,d4932680b8dbc2f1f89cef5791e5b180,blank,object,23.277050,23.277050,1.000000,3.537020,true,true,,0.000000,0.000000,0,blank;blank;blank;blank,/cpfs/user/zhuzihou/assets/dedup_workspaces/test0_transitive_apply_parallel/dataset/GRScenes_assets/bottle/d4932680b8dbc2f1f89cef5791e5b180,/cpfs/user/zhuzihou/assets/dedup_workspaces/test0_transitive_apply_parallel/dataset/GRScenes_assets/bottle/d4932680b8dbc2f1f89cef5791e5b180/usd/d4932680b8dbc2f1f89cef5791e5b180.usd
bottle,d4f4f5453d334d0c50eb573b4ef6d922,suspicious,object,18.601465,18.601465,1.000000,2.204862,true,true,,0.031593,0.037071,153,blank;ok;tiny;blank,/cpfs/user/zhuzihou/assets/dedup_workspaces/test0_transitive_apply_parallel/dataset/GRScenes_assets/bottle/d4f4f5453d334d0c50eb573b4ef6d922,/cpfs/user/zhuzihou/assets/dedup_workspaces/test0_transitive_apply_parallel/dataset/GRScenes_assets/bottle/d4f4f5453d334d0c50eb573b4ef6d922/usd/d4f4f5453d334d0c50eb573b4ef6d922.usd
bottle,d5f434043c97e9600dcc2a5018079feb,blank,object,26.697786,26.697786,1.000000,2.527431,true,true,,0.000000,0.000000,0,blank;blank;blank;blank,/cpfs/user/zhuzihou/assets/dedup_workspaces/test0_transitive_apply_parallel/dataset/GRScenes_assets/bottle/d5f434043c97e9600dcc2a5018079feb,/cpfs/user/zhuzihou/assets/dedup_workspaces/test0_transitive_apply_parallel/dataset/GRScenes_assets/bottle/d5f434043c97e9600dcc2a5018079feb/usd/d5f434043c97e9600dcc2a5018079feb.usd
bottle,d6a8000783a575dd11fb5978f05a8692,suspicious,object,26.644456,26.644457,1.000000,1.629800,true,true,,0.030193,0.053146,172,ok;tiny;blank;ok,/cpfs/user/zhuzihou/assets/dedup_workspaces/test0_transitive_apply_parallel/dataset/GRScenes_assets/bottle/d6a8000783a575dd11fb5978f05a8692,/cpfs/user/zhuzihou/assets/dedup_workspaces/test0_transitive_apply_parallel/dataset/GRScenes_assets/bottle/d6a8000783a575dd11fb5978f05a8692/usd/d6a8000783a575dd11fb5978f05a8692.usd
bottle,d74714a3e84300fe34e98a2b0c0810e8,blank,object,35.244762,35.244762,1.000000,2.468404,true,true,,0.000000,0.000000,0,blank;blank;blank;blank,/cpfs/user/zhuzihou/assets/dedup_workspaces/test0_transitive_apply_parallel/dataset/GRScenes_assets/bottle/d74714a3e84300fe34e98a2b0c0810e8,/cpfs/user/zhuzihou/assets/dedup_workspaces/test0_transitive_apply_parallel/dataset/GRScenes_assets/bottle/d74714a3e84300fe34e98a2b0c0810e8/usd/d74714a3e84300fe34e98a2b0c0810e8.usd
bottle,d7c38a192f7c69e65cf20e2201326adf,blank,object,26.986018,26.986018,1.000000,7.154888,true,true,,0.000000,0.000000,0,blank;blank;blank;blank,/cpfs/user/zhuzihou/assets/dedup_workspaces/test0_transitive_apply_parallel/dataset/GRScenes_assets/bottle/d7c38a192f7c69e65cf20e2201326adf,/cpfs/user/zhuzihou/assets/dedup_workspaces/test0_transitive_apply_parallel/dataset/GRScenes_assets/bottle/d7c38a192f7c69e65cf20e2201326adf/usd/d7c38a192f7c69e65cf20e2201326adf.usd
bottle,d889e6c5c4ca976d37edfe6886d40a8d,blank,object,26.697782,26.697782,1.000000,2.578033,true,true,,0.000000,0.000000,0,blank;blank;blank;blank,/cpfs/user/zhuzihou/assets/dedup_workspaces/test0_transitive_apply_parallel/dataset/GRScenes_assets/bottle/d889e6c5c4ca976d37edfe6886d40a8d,/cpfs/user/zhuzihou/assets/dedup_workspaces/test0_transitive_apply_parallel/dataset/GRScenes_assets/bottle/d889e6c5c4ca976d37edfe6886d40a8d/usd/d889e6c5c4ca976d37edfe6886d40a8d.usd
bottle,d904af9c6b375ea82e6f8c0af228349f,blank,object,35.244762,35.244762,1.000000,2.822813,true,true,,0.000000,0.000000,0,blank;blank;blank;blank,/cpfs/user/zhuzihou/assets/dedup_workspaces/test0_transitive_apply_parallel/dataset/GRScenes_assets/bottle/d904af9c6b375ea82e6f8c0af228349f,/cpfs/user/zhuzihou/assets/dedup_workspaces/test0_transitive_apply_parallel/dataset/GRScenes_assets/bottle/d904af9c6b375ea82e6f8c0af228349f/usd/d904af9c6b375ea82e6f8c0af228349f.usd
bottle,d99a9b6552b9f9a58cbc2b94ae03dc0a,suspicious,object,27.814025,27.814025,1.000000,1.208792,true,true,,0.041843,0.073635,228,blank;ok;ok;tiny,/cpfs/user/zhuzihou/assets/dedup_workspaces/test0_transitive_apply_parallel/dataset/GRScenes_assets/bottle/d99a9b6552b9f9a58cbc2b94ae03dc0a,/cpfs/user/zhuzihou/assets/dedup_workspaces/test0_transitive_apply_parallel/dataset/GRScenes_assets/bottle/d99a9b6552b9f9a58cbc2b94ae03dc0a/usd/d99a9b6552b9f9a58cbc2b94ae03dc0a.usd
bottle,da5b1c080e6e21e6f77cb308b0d36da6,suspicious,object,23.997080,23.997080,1.000000,3.012541,true,true,,0.009361,0.017288,103,blank;tiny;blank;blank,/cpfs/user/zhuzihou/assets/dedup_workspaces/test0_transitive_apply_parallel/dataset/GRScenes_assets/bottle/da5b1c080e6e21e6f77cb308b0d36da6,/cpfs/user/zhuzihou/assets/dedup_workspaces/test0_transitive_apply_parallel/dataset/GRScenes_assets/bottle/da5b1c080e6e21e6f77cb308b0d36da6/usd/da5b1c080e6e21e6f77cb308b0d36da6.usd
bottle,dac9caa96b5a6e0f788dc569248d71ca,blank,object,23.277050,23.277051,1.000000,3.978702,true,true,,0.000000,0.000000,0,blank;blank;blank;blank,/cpfs/user/zhuzihou/assets/dedup_workspaces/test0_transitive_apply_parallel/dataset/GRScenes_assets/bottle/dac9caa96b5a6e0f788dc569248d71ca,/cpfs/user/zhuzihou/assets/dedup_workspaces/test0_transitive_apply_parallel/dataset/GRScenes_assets/bottle/dac9caa96b5a6e0f788dc569248d71ca/usd/dac9caa96b5a6e0f788dc569248d71ca.usd
bottle,dae2f8cd974d6c0e6ea3c21f98b2d5a8,blank,object,22.760737,22.760736,1.000000,2.943037,true,true,,0.000000,0.000000,0,blank;blank;blank;blank,/cpfs/user/zhuzihou/assets/dedup_workspaces/test0_transitive_apply_parallel/dataset/GRScenes_assets/bottle/dae2f8cd974d6c0e6ea3c21f98b2d5a8,/cpfs/user/zhuzihou/assets/dedup_workspaces/test0_transitive_apply_parallel/dataset/GRScenes_assets/bottle/dae2f8cd974d6c0e6ea3c21f98b2d5a8/usd/dae2f8cd974d6c0e6ea3c21f98b2d5a8.usd
bottle,db852149d5aac86e0e19539b0c6ae9ab,blank,object,24.320750,24.320750,1.000000,2.429559,true,true,,0.000000,0.000000,0,blank;blank;blank;blank,/cpfs/user/zhuzihou/assets/dedup_workspaces/test0_transitive_apply_parallel/dataset/GRScenes_assets/bottle/db852149d5aac86e0e19539b0c6ae9ab,/cpfs/user/zhuzihou/assets/dedup_workspaces/test0_transitive_apply_parallel/dataset/GRScenes_assets/bottle/db852149d5aac86e0e19539b0c6ae9ab/usd/db852149d5aac86e0e19539b0c6ae9ab.usd
bottle,dbb2282859f1742a6df79502e7dc896b,blank,object,26.697755,26.697755,1.000000,2.014210,true,true,,0.000000,0.000000,0,blank;blank;blank;blank,/cpfs/user/zhuzihou/assets/dedup_workspaces/test0_transitive_apply_parallel/dataset/GRScenes_assets/bottle/dbb2282859f1742a6df79502e7dc896b,/cpfs/user/zhuzihou/assets/dedup_workspaces/test0_transitive_apply_parallel/dataset/GRScenes_assets/bottle/dbb2282859f1742a6df79502e7dc896b/usd/dbb2282859f1742a6df79502e7dc896b.usd
bottle,dd0fe753df975bbced9ef28fc08ac92d,blank,object,35.704402,35.704402,1.000000,4.148031,true,true,,0.000000,0.000000,0,blank;blank;blank;blank,/cpfs/user/zhuzihou/assets/dedup_workspaces/test0_transitive_apply_parallel/dataset/GRScenes_assets/bottle/dd0fe753df975bbced9ef28fc08ac92d,/cpfs/user/zhuzihou/assets/dedup_workspaces/test0_transitive_apply_parallel/dataset/GRScenes_assets/bottle/dd0fe753df975bbced9ef28fc08ac92d/usd/dd0fe753df975bbced9ef28fc08ac92d.usd
bottle,de1c7c7c1c1c21d8d27f63277fd15139,suspicious,object,15.516034,15.516034,1.000000,3.628719,true,true,,0.018822,0.019611,97,tiny;blank;blank;tiny,/cpfs/user/zhuzihou/assets/dedup_workspaces/test0_transitive_apply_parallel/dataset/GRScenes_assets/bottle/de1c7c7c1c1c21d8d27f63277fd15139,/cpfs/user/zhuzihou/assets/dedup_workspaces/test0_transitive_apply_parallel/dataset/GRScenes_assets/bottle/de1c7c7c1c1c21d8d27f63277fd15139/usd/de1c7c7c1c1c21d8d27f63277fd15139.usd
bottle,de87fe3e3e61d6c60f92c82405ee7dd1,suspicious,object,27.814854,27.814853,1.000000,1.582634,true,true,,0.027637,0.036621,192,ok;blank;blank;blank,/cpfs/user/zhuzihou/assets/dedup_workspaces/test0_transitive_apply_parallel/dataset/GRScenes_assets/bottle/de87fe3e3e61d6c60f92c82405ee7dd1,/cpfs/user/zhuzihou/assets/dedup_workspaces/test0_transitive_apply_parallel/dataset/GRScenes_assets/bottle/de87fe3e3e61d6c60f92c82405ee7dd1/usd/de87fe3e3e61d6c60f92c82405ee7dd1.usd
bottle,df5ccec979155e4a3a80a9c61a225d6d,blank,object,23.277037,23.277038,1.000000,3.500114,true,true,,0.000000,0.000000,0,blank;blank;blank;blank,/cpfs/user/zhuzihou/assets/dedup_workspaces/test0_transitive_apply_parallel/dataset/GRScenes_assets/bottle/df5ccec979155e4a3a80a9c61a225d6d,/cpfs/user/zhuzihou/assets/dedup_workspaces/test0_transitive_apply_parallel/dataset/GRScenes_assets/bottle/df5ccec979155e4a3a80a9c61a225d6d/usd/df5ccec979155e4a3a80a9c61a225d6d.usd
bottle,e16a1a51e4bb97aa7c2a8974ed149cbf,suspicious,object,28.277152,28.277153,1.000000,2.611940,true,true,,0.026230,0.029259,118,blank;blank;ok;blank,/cpfs/user/zhuzihou/assets/dedup_workspaces/test0_transitive_apply_parallel/dataset/GRScenes_assets/bottle/e16a1a51e4bb97aa7c2a8974ed149cbf,/cpfs/user/zhuzihou/assets/dedup_workspaces/test0_transitive_apply_parallel/dataset/GRScenes_assets/bottle/e16a1a51e4bb97aa7c2a8974ed149cbf/usd/e16a1a51e4bb97aa7c2a8974ed149cbf.usd
bottle,e1770a44a30659a57584180a8e173a8f,blank,object,27.814649,27.814649,1.000000,2.803395,true,true,,0.000000,0.000000,0,blank;blank;blank;blank,/cpfs/user/zhuzihou/assets/dedup_workspaces/test0_transitive_apply_parallel/dataset/GRScenes_assets/bottle/e1770a44a30659a57584180a8e173a8f,/cpfs/user/zhuzihou/assets/dedup_workspaces/test0_transitive_apply_parallel/dataset/GRScenes_assets/bottle/e1770a44a30659a57584180a8e173a8f/usd/e1770a44a30659a57584180a8e173a8f.usd
bottle,e239759931145a4ddcc2eecd874327bc,blank,object,22.760743,22.760743,1.000000,2.985255,true,true,,0.000000,0.000000,0,blank;blank;blank;blank,/cpfs/user/zhuzihou/assets/dedup_workspaces/test0_transitive_apply_parallel/dataset/GRScenes_assets/bottle/e239759931145a4ddcc2eecd874327bc,/cpfs/user/zhuzihou/assets/dedup_workspaces/test0_transitive_apply_parallel/dataset/GRScenes_assets/bottle/e239759931145a4ddcc2eecd874327bc/usd/e239759931145a4ddcc2eecd874327bc.usd
bottle,e277e5886369658e44d8ce9145511800,suspicious,object,14.314146,14.314145,1.000000,5.614660,true,true,,0.002026,0.002056,77,tiny;blank;blank;blank,/cpfs/user/zhuzihou/assets/dedup_workspaces/test0_transitive_apply_parallel/dataset/GRScenes_assets/bottle/e277e5886369658e44d8ce9145511800,/cpfs/user/zhuzihou/assets/dedup_workspaces/test0_transitive_apply_parallel/dataset/GRScenes_assets/bottle/e277e5886369658e44d8ce9145511800/usd/e277e5886369658e44d8ce9145511800.usd
bottle,e299628dcb3aaf61476d683e14240ed9,blank,object,22.706114,22.706113,1.000000,3.863803,true,true,,0.000000,0.000000,0,blank;blank;blank;blank,/cpfs/user/zhuzihou/assets/dedup_workspaces/test0_transitive_apply_parallel/dataset/GRScenes_assets/bottle/e299628dcb3aaf61476d683e14240ed9,/cpfs/user/zhuzihou/assets/dedup_workspaces/test0_transitive_apply_parallel/dataset/GRScenes_assets/bottle/e299628dcb3aaf61476d683e14240ed9/usd/e299628dcb3aaf61476d683e14240ed9.usd
bottle,e2d98dded6c731e7de40453ecad6e71d,blank,object,35.063019,35.063019,1.000000,2.427308,true,true,,0.000000,0.000000,0,blank;blank;blank;blank,/cpfs/user/zhuzihou/assets/dedup_workspaces/test0_transitive_apply_parallel/dataset/GRScenes_assets/bottle/e2d98dded6c731e7de40453ecad6e71d,/cpfs/user/zhuzihou/assets/dedup_workspaces/test0_transitive_apply_parallel/dataset/GRScenes_assets/bottle/e2d98dded6c731e7de40453ecad6e71d/usd/e2d98dded6c731e7de40453ecad6e71d.usd
bottle,e321f3afcd30c15558ba6c6dfbbc04b3,blank,object,25.197326,25.197325,1.000000,1.903764,true,true,,0.000000,0.000000,0,blank;blank;blank;blank,/cpfs/user/zhuzihou/assets/dedup_workspaces/test0_transitive_apply_parallel/dataset/GRScenes_assets/bottle/e321f3afcd30c15558ba6c6dfbbc04b3,/cpfs/user/zhuzihou/assets/dedup_workspaces/test0_transitive_apply_parallel/dataset/GRScenes_assets/bottle/e321f3afcd30c15558ba6c6dfbbc04b3/usd/e321f3afcd30c15558ba6c6dfbbc04b3.usd
bottle,e3e4ee35b16c6d328d82bdcd8fae4e0a,blank,object,40.037430,40.037430,1.000000,1.808720,true,true,,0.000000,0.000000,0,blank;blank;blank;blank,/cpfs/user/zhuzihou/assets/dedup_workspaces/test0_transitive_apply_parallel/dataset/GRScenes_assets/bottle/e3e4ee35b16c6d328d82bdcd8fae4e0a,/cpfs/user/zhuzihou/assets/dedup_workspaces/test0_transitive_apply_parallel/dataset/GRScenes_assets/bottle/e3e4ee35b16c6d328d82bdcd8fae4e0a/usd/e3e4ee35b16c6d328d82bdcd8fae4e0a.usd
bottle,e43c96e7cd6eb98ba591f9691b953f69,blank,object,26.986488,26.986488,1.000000,5.546816,true,true,,0.000000,0.000000,0,blank;blank;blank;blank,/cpfs/user/zhuzihou/assets/dedup_workspaces/test0_transitive_apply_parallel/dataset/GRScenes_assets/bottle/e43c96e7cd6eb98ba591f9691b953f69,/cpfs/user/zhuzihou/assets/dedup_workspaces/test0_transitive_apply_parallel/dataset/GRScenes_assets/bottle/e43c96e7cd6eb98ba591f9691b953f69/usd/e43c96e7cd6eb98ba591f9691b953f69.usd
bottle,e6d1ed51920234065b177e93209d9515,blank,object,24.320749,24.320750,1.000000,2.844686,true,true,,0.000000,0.000000,0,blank;blank;blank;blank,/cpfs/user/zhuzihou/assets/dedup_workspaces/test0_transitive_apply_parallel/dataset/GRScenes_assets/bottle/e6d1ed51920234065b177e93209d9515,/cpfs/user/zhuzihou/assets/dedup_workspaces/test0_transitive_apply_parallel/dataset/GRScenes_assets/bottle/e6d1ed51920234065b177e93209d9515/usd/e6d1ed51920234065b177e93209d9515.usd
bottle,e736af92dde964da6195e1501bc990d6,blank,object,24.771440,24.771441,1.000000,1.789636,true,true,,0.000000,0.000000,0,blank;blank;blank;blank,/cpfs/user/zhuzihou/assets/dedup_workspaces/test0_transitive_apply_parallel/dataset/GRScenes_assets/bottle/e736af92dde964da6195e1501bc990d6,/cpfs/user/zhuzihou/assets/dedup_workspaces/test0_transitive_apply_parallel/dataset/GRScenes_assets/bottle/e736af92dde964da6195e1501bc990d6/usd/e736af92dde964da6195e1501bc990d6.usd
bottle,e89a2a217e997a8bd7a7980a5772d5c9,blank,object,24.320750,24.320750,1.000000,2.262803,true,true,,0.000000,0.000000,0,blank;blank;blank;blank,/cpfs/user/zhuzihou/assets/dedup_workspaces/test0_transitive_apply_parallel/dataset/GRScenes_assets/bottle/e89a2a217e997a8bd7a7980a5772d5c9,/cpfs/user/zhuzihou/assets/dedup_workspaces/test0_transitive_apply_parallel/dataset/GRScenes_assets/bottle/e89a2a217e997a8bd7a7980a5772d5c9/usd/e89a2a217e997a8bd7a7980a5772d5c9.usd
bottle,e903b243d6d67fb2cf4d3da9a9e159ec,blank,object,24.205346,24.205346,1.000000,2.904730,true,true,,0.000000,0.000000,0,blank;blank;blank;blank,/cpfs/user/zhuzihou/assets/dedup_workspaces/test0_transitive_apply_parallel/dataset/GRScenes_assets/bottle/e903b243d6d67fb2cf4d3da9a9e159ec,/cpfs/user/zhuzihou/assets/dedup_workspaces/test0_transitive_apply_parallel/dataset/GRScenes_assets/bottle/e903b243d6d67fb2cf4d3da9a9e159ec/usd/e903b243d6d67fb2cf4d3da9a9e159ec.usd
bottle,e9201e219d1075a33da904dc9ca66963,blank,object,23.277050,23.277051,1.000000,3.883346,true,true,,0.000000,0.000000,0,blank;blank;blank;blank,/cpfs/user/zhuzihou/assets/dedup_workspaces/test0_transitive_apply_parallel/dataset/GRScenes_assets/bottle/e9201e219d1075a33da904dc9ca66963,/cpfs/user/zhuzihou/assets/dedup_workspaces/test0_transitive_apply_parallel/dataset/GRScenes_assets/bottle/e9201e219d1075a33da904dc9ca66963/usd/e9201e219d1075a33da904dc9ca66963.usd
bottle,e99bd408265b9d8a8a7c112cfac1c1db,blank,object,24.320739,24.320739,1.000000,2.153456,true,true,,0.000000,0.000000,0,blank;blank;blank;blank,/cpfs/user/zhuzihou/assets/dedup_workspaces/test0_transitive_apply_parallel/dataset/GRScenes_assets/bottle/e99bd408265b9d8a8a7c112cfac1c1db,/cpfs/user/zhuzihou/assets/dedup_workspaces/test0_transitive_apply_parallel/dataset/GRScenes_assets/bottle/e99bd408265b9d8a8a7c112cfac1c1db/usd/e99bd408265b9d8a8a7c112cfac1c1db.usd
bottle,e9a435c4bcbc21518461d7a43176a321,blank,object,25.148052,25.148051,1.000000,2.932172,true,true,,0.000000,0.000000,0,blank;blank;blank;blank,/cpfs/user/zhuzihou/assets/dedup_workspaces/test0_transitive_apply_parallel/dataset/GRScenes_assets/bottle/e9a435c4bcbc21518461d7a43176a321,/cpfs/user/zhuzihou/assets/dedup_workspaces/test0_transitive_apply_parallel/dataset/GRScenes_assets/bottle/e9a435c4bcbc21518461d7a43176a321/usd/e9a435c4bcbc21518461d7a43176a321.usd
bottle,ead348f4bcd51a3f91e1b26284283808,blank,object,26.697786,26.697786,1.000000,2.116009,true,true,,0.000000,0.000000,0,blank;blank;blank;blank,/cpfs/user/zhuzihou/assets/dedup_workspaces/test0_transitive_apply_parallel/dataset/GRScenes_assets/bottle/ead348f4bcd51a3f91e1b26284283808,/cpfs/user/zhuzihou/assets/dedup_workspaces/test0_transitive_apply_parallel/dataset/GRScenes_assets/bottle/ead348f4bcd51a3f91e1b26284283808/usd/ead348f4bcd51a3f91e1b26284283808.usd
bottle,ebf4e7e766cc132abed4f9639305538e,blank,object,26.986485,26.986485,1.000000,5.540617,true,true,,0.000000,0.000000,0,blank;blank;blank;blank,/cpfs/user/zhuzihou/assets/dedup_workspaces/test0_transitive_apply_parallel/dataset/GRScenes_assets/bottle/ebf4e7e766cc132abed4f9639305538e,/cpfs/user/zhuzihou/assets/dedup_workspaces/test0_transitive_apply_parallel/dataset/GRScenes_assets/bottle/ebf4e7e766cc132abed4f9639305538e/usd/ebf4e7e766cc132abed4f9639305538e.usd
bottle,ec7ecdec0482aed17337dadd9a647a45,blank,object,35.244754,35.244754,1.000000,2.417689,true,true,,0.000000,0.000000,0,blank;blank;blank;blank,/cpfs/user/zhuzihou/assets/dedup_workspaces/test0_transitive_apply_parallel/dataset/GRScenes_assets/bottle/ec7ecdec0482aed17337dadd9a647a45,/cpfs/user/zhuzihou/assets/dedup_workspaces/test0_transitive_apply_parallel/dataset/GRScenes_assets/bottle/ec7ecdec0482aed17337dadd9a647a45/usd/ec7ecdec0482aed17337dadd9a647a45.usd
bottle,ec8e9425f55616bcb0bdaee0efd6a2b9,blank,object,21.145978,21.145978,1.000000,6.788517,true,true,,0.000805,0.001282,21,blank;blank;blank;blank,/cpfs/user/zhuzihou/assets/dedup_workspaces/test0_transitive_apply_parallel/dataset/GRScenes_assets/bottle/ec8e9425f55616bcb0bdaee0efd6a2b9,/cpfs/user/zhuzihou/assets/dedup_workspaces/test0_transitive_apply_parallel/dataset/GRScenes_assets/bottle/ec8e9425f55616bcb0bdaee0efd6a2b9/usd/ec8e9425f55616bcb0bdaee0efd6a2b9.usd
bottle,ed3c3839b43a96c1975bcb51a72e65e6,blank,object,23.277050,23.277051,1.000000,3.532970,true,true,,0.000000,0.000000,0,blank;blank;blank;blank,/cpfs/user/zhuzihou/assets/dedup_workspaces/test0_transitive_apply_parallel/dataset/GRScenes_assets/bottle/ed3c3839b43a96c1975bcb51a72e65e6,/cpfs/user/zhuzihou/assets/dedup_workspaces/test0_transitive_apply_parallel/dataset/GRScenes_assets/bottle/ed3c3839b43a96c1975bcb51a72e65e6/usd/ed3c3839b43a96c1975bcb51a72e65e6.usd
bottle,ed712daa33f31b661115a627855bef43,blank,object,14.073455,14.073455,1.000000,1.613610,true,true,,0.000000,0.000000,0,blank;blank;blank;blank,/cpfs/user/zhuzihou/assets/dedup_workspaces/test0_transitive_apply_parallel/dataset/GRScenes_assets/bottle/ed712daa33f31b661115a627855bef43,/cpfs/user/zhuzihou/assets/dedup_workspaces/test0_transitive_apply_parallel/dataset/GRScenes_assets/bottle/ed712daa33f31b661115a627855bef43/usd/ed712daa33f31b661115a627855bef43.usd
bottle,f16797f459ae033ce0fa7eff23c7b995,blank,object,22.760738,22.760737,1.000000,3.167040,true,true,,0.000000,0.000000,0,blank;blank;blank;blank,/cpfs/user/zhuzihou/assets/dedup_workspaces/test0_transitive_apply_parallel/dataset/GRScenes_assets/bottle/f16797f459ae033ce0fa7eff23c7b995,/cpfs/user/zhuzihou/assets/dedup_workspaces/test0_transitive_apply_parallel/dataset/GRScenes_assets/bottle/f16797f459ae033ce0fa7eff23c7b995/usd/f16797f459ae033ce0fa7eff23c7b995.usd
bottle,f3e1253ef297c9d03bc15c7308fc3e43,blank,object,35.063028,35.063028,1.000000,2.675427,true,true,,0.000000,0.000000,0,blank;blank;blank;blank,/cpfs/user/zhuzihou/assets/dedup_workspaces/test0_transitive_apply_parallel/dataset/GRScenes_assets/bottle/f3e1253ef297c9d03bc15c7308fc3e43,/cpfs/user/zhuzihou/assets/dedup_workspaces/test0_transitive_apply_parallel/dataset/GRScenes_assets/bottle/f3e1253ef297c9d03bc15c7308fc3e43/usd/f3e1253ef297c9d03bc15c7308fc3e43.usd
bottle,f56013b96d2fe8322bcb47ef7f2c2208,suspicious,object,18.593123,18.593123,1.000000,2.699453,true,true,,0.036438,0.056442,137,blank;ok;ok;blank,/cpfs/user/zhuzihou/assets/dedup_workspaces/test0_transitive_apply_parallel/dataset/GRScenes_assets/bottle/f56013b96d2fe8322bcb47ef7f2c2208,/cpfs/user/zhuzihou/assets/dedup_workspaces/test0_transitive_apply_parallel/dataset/GRScenes_assets/bottle/f56013b96d2fe8322bcb47ef7f2c2208/usd/f56013b96d2fe8322bcb47ef7f2c2208.usd
bottle,f5b2c91ba3be70433e6458df7b1fe513,blank,object,27.810772,27.810772,1.000000,4.981790,true,true,,0.000000,0.000000,0,blank;blank;blank;blank,/cpfs/user/zhuzihou/assets/dedup_workspaces/test0_transitive_apply_parallel/dataset/GRScenes_assets/bottle/f5b2c91ba3be70433e6458df7b1fe513,/cpfs/user/zhuzihou/assets/dedup_workspaces/test0_transitive_apply_parallel/dataset/GRScenes_assets/bottle/f5b2c91ba3be70433e6458df7b1fe513/usd/f5b2c91ba3be70433e6458df7b1fe513.usd
bottle,f5b4c7a9efbe87ed7f4c08dab82fa992,blank,object,33.274030,33.274030,1.000000,1.549165,true,true,,0.000000,0.000000,0,blank;blank;blank;blank,/cpfs/user/zhuzihou/assets/dedup_workspaces/test0_transitive_apply_parallel/dataset/GRScenes_assets/bottle/f5b4c7a9efbe87ed7f4c08dab82fa992,/cpfs/user/zhuzihou/assets/dedup_workspaces/test0_transitive_apply_parallel/dataset/GRScenes_assets/bottle/f5b4c7a9efbe87ed7f4c08dab82fa992/usd/f5b4c7a9efbe87ed7f4c08dab82fa992.usd
bottle,f6ce756d51afc11a19aba92359300cf0,suspicious,object,27.814806,27.814805,1.000000,1.702171,true,true,,0.026756,0.033379,175,ok;blank;blank;blank,/cpfs/user/zhuzihou/assets/dedup_workspaces/test0_transitive_apply_parallel/dataset/GRScenes_assets/bottle/f6ce756d51afc11a19aba92359300cf0,/cpfs/user/zhuzihou/assets/dedup_workspaces/test0_transitive_apply_parallel/dataset/GRScenes_assets/bottle/f6ce756d51afc11a19aba92359300cf0/usd/f6ce756d51afc11a19aba92359300cf0.usd
bottle,f908f470ca25944b9da7ae75e43a8c7c,suspicious,object,18.593077,18.593077,1.000000,2.055953,true,true,,0.041233,0.052551,164,blank;blank;ok;ok,/cpfs/user/zhuzihou/assets/dedup_workspaces/test0_transitive_apply_parallel/dataset/GRScenes_assets/bottle/f908f470ca25944b9da7ae75e43a8c7c,/cpfs/user/zhuzihou/assets/dedup_workspaces/test0_transitive_apply_parallel/dataset/GRScenes_assets/bottle/f908f470ca25944b9da7ae75e43a8c7c/usd/f908f470ca25944b9da7ae75e43a8c7c.usd
bottle,f9996c45c70e945ebfdb4c96be57aa55,suspicious,object,18.601482,18.601482,1.000000,1.919846,true,true,,0.035374,0.043774,135,blank;blank;ok;ok,/cpfs/user/zhuzihou/assets/dedup_workspaces/test0_transitive_apply_parallel/dataset/GRScenes_assets/bottle/f9996c45c70e945ebfdb4c96be57aa55,/cpfs/user/zhuzihou/assets/dedup_workspaces/test0_transitive_apply_parallel/dataset/GRScenes_assets/bottle/f9996c45c70e945ebfdb4c96be57aa55/usd/f9996c45c70e945ebfdb4c96be57aa55.usd
bottle,fcc544a492adb11cf62a77b51f9b6702,blank,object,23.546589,23.546589,1.000000,1.245127,true,true,,0.000000,0.000000,0,blank;blank;blank;blank,/cpfs/user/zhuzihou/assets/dedup_workspaces/test0_transitive_apply_parallel/dataset/GRScenes_assets/bottle/fcc544a492adb11cf62a77b51f9b6702,/cpfs/user/zhuzihou/assets/dedup_workspaces/test0_transitive_apply_parallel/dataset/GRScenes_assets/bottle/fcc544a492adb11cf62a77b51f9b6702/usd/fcc544a492adb11cf62a77b51f9b6702.usd
bottle,fd2b8d3bfa680e2236a6083dab3201cc,blank,object,24.320750,24.320750,1.000000,2.892439,true,true,,0.000000,0.000000,0,blank;blank;blank;blank,/cpfs/user/zhuzihou/assets/dedup_workspaces/test0_transitive_apply_parallel/dataset/GRScenes_assets/bottle/fd2b8d3bfa680e2236a6083dab3201cc,/cpfs/user/zhuzihou/assets/dedup_workspaces/test0_transitive_apply_parallel/dataset/GRScenes_assets/bottle/fd2b8d3bfa680e2236a6083dab3201cc/usd/fd2b8d3bfa680e2236a6083dab3201cc.usd
bottle,fe9848ae188f3f65c4a935dae29e7072,suspicious,object,27.561308,27.561309,1.000000,3.179016,true,true,,0.009033,0.013245,112,blank;blank;tiny;blank,/cpfs/user/zhuzihou/assets/dedup_workspaces/test0_transitive_apply_parallel/dataset/GRScenes_assets/bottle/fe9848ae188f3f65c4a935dae29e7072,/cpfs/user/zhuzihou/assets/dedup_workspaces/test0_transitive_apply_parallel/dataset/GRScenes_assets/bottle/fe9848ae188f3f65c4a935dae29e7072/usd/fe9848ae188f3f65c4a935dae29e7072.usd
