category,uid,view,class,fg_ratio,bbox_width,bbox_height,bbox_area_ratio,max_dim,source_sha256_after,matches_rerender_sha,source_png
cabinet,0103f6d34c5852236100733a4a9a8a2f,front,ok,0.398281,417,329,0.523350,417,a1bae5c0161deab14c4c70dacf40cde203da4f15823c2baa1ae9b92eb48054eb,true,/cpfs/user/zhuzihou/assets/dedup_workspaces/test0_transitive_apply_parallel/dataset/GRScenes_assets/cabinet/0103f6d34c5852236100733a4a9a8a2f/front.png
cabinet,0103f6d34c5852236100733a4a9a8a2f,left,ok,0.382568,490,277,0.517769,490,a2f831e3427dcb40b19d05245181a7bf6ff07a84c96d55c52d4fd02b097cf3a7,true,/cpfs/user/zhuzihou/assets/dedup_workspaces/test0_transitive_apply_parallel/dataset/GRScenes_assets/cabinet/0103f6d34c5852236100733a4a9a8a2f/left.png
cabinet,0103f6d34c5852236100733a4a9a8a2f,back,ok,0.398281,417,329,0.523350,417,273e176daa61226eacba92fcac5daea11178028854b07c1c087be3bf2a15dbdc,true,/cpfs/user/zhuzihou/assets/dedup_workspaces/test0_transitive_apply_parallel/dataset/GRScenes_assets/cabinet/0103f6d34c5852236100733a4a9a8a2f/back.png
cabinet,0103f6d34c5852236100733a4a9a8a2f,right,ok,0.392456,512,272,0.531250,512,825c375cf020c40c5a892a545049e52bbb94177f021a99fc86e5c9304efac375,true,/cpfs/user/zhuzihou/assets/dedup_workspaces/test0_transitive_apply_parallel/dataset/GRScenes_assets/cabinet/0103f6d34c5852236100733a4a9a8a2f/right.png
cabinet,017e70823d03e5a8cda2c082e6440449,front,ok,0.187450,506,103,0.198814,506,f567f2006d6856d23b45746a20d09dd2f0e8a8034a8b59fe4778910a60980997,true,/cpfs/user/zhuzihou/assets/dedup_workspaces/test0_transitive_apply_parallel/dataset/GRScenes_assets/cabinet/017e70823d03e5a8cda2c082e6440449/front.png
cabinet,017e70823d03e5a8cda2c082e6440449,left,ok,0.164074,164,350,0.218964,350,7de2ee1e7f5a70335d257cc26daf7c36d522275b04237b3319e0030d5407a334,true,/cpfs/user/zhuzihou/assets/dedup_workspaces/test0_transitive_apply_parallel/dataset/GRScenes_assets/cabinet/017e70823d03e5a8cda2c082e6440449/left.png
cabinet,017e70823d03e5a8cda2c082e6440449,back,ok,0.187450,506,103,0.198814,506,4ffc8ccd6fa6c939d6e40c7e72da37e3d41015662b3e5b09bfdc8f0a2ba31b59,true,/cpfs/user/zhuzihou/assets/dedup_workspaces/test0_transitive_apply_parallel/dataset/GRScenes_assets/cabinet/017e70823d03e5a8cda2c082e6440449/back.png
cabinet,017e70823d03e5a8cda2c082e6440449,right,ok,0.164074,164,350,0.218964,350,8e679b2972ca9b0e39b44fecd5d9f605530fb0819f3d80da923affdd3390b5b4,true,/cpfs/user/zhuzihou/assets/dedup_workspaces/test0_transitive_apply_parallel/dataset/GRScenes_assets/cabinet/017e70823d03e5a8cda2c082e6440449/right.png
cabinet,01832f2d9a433adec46c23492a04a66c,front,ok,0.298054,500,172,0.328064,500,84a31ba6565d88c00f3deb0b9d4c0f0990dcfe4614b4112028ea7a777ab98a4c,true,/cpfs/user/zhuzihou/assets/dedup_workspaces/test0_transitive_apply_parallel/dataset/GRScenes_assets/cabinet/01832f2d9a433adec46c23492a04a66c/front.png
cabinet,01832f2d9a433adec46c23492a04a66c,left,ok,0.123573,104,407,0.161469,407,3f36603b10c754e89584ecab0019a932eebecc2b52ccd8563222103b1125f524,true,/cpfs/user/zhuzihou/assets/dedup_workspaces/test0_transitive_apply_parallel/dataset/GRScenes_assets/cabinet/01832f2d9a433adec46c23492a04a66c/left.png
cabinet,01832f2d9a433adec46c23492a04a66c,back,ok,0.298054,500,172,0.328064,500,5ca529973ea57765511d1ad62c58c7fdf76a8b1bb773626fbd527e68c9fb8c09,true,/cpfs/user/zhuzihou/assets/dedup_workspaces/test0_transitive_apply_parallel/dataset/GRScenes_assets/cabinet/01832f2d9a433adec46c23492a04a66c/back.png
cabinet,01832f2d9a433adec46c23492a04a66c,right,ok,0.123589,104,407,0.161469,407,8deeef167fd59c592e0ada0f087a317130fe626ab188c577e60932edc2d2b39f,true,/cpfs/user/zhuzihou/assets/dedup_workspaces/test0_transitive_apply_parallel/dataset/GRScenes_assets/cabinet/01832f2d9a433adec46c23492a04a66c/right.png
cabinet,01ba00f2f4072e5e3f71cadea43edf49,front,ok,0.229736,236,334,0.300690,334,31372e0d1011de336c70ae8e71af80a44d79100260cd3fffb9a6b8eedc3a21c3,true,/cpfs/user/zhuzihou/assets/dedup_workspaces/test0_transitive_apply_parallel/dataset/GRScenes_assets/cabinet/01ba00f2f4072e5e3f71cadea43edf49/front.png
cabinet,01ba00f2f4072e5e3f71cadea43edf49,left,ok,0.251247,512,158,0.308594,512,4c46319baf122ee58f541fa39c5bef35061782aa0c24d6b648ec3dd33a44e1ef,true,/cpfs/user/zhuzihou/assets/dedup_workspaces/test0_transitive_apply_parallel/dataset/GRScenes_assets/cabinet/01ba00f2f4072e5e3f71cadea43edf49/left.png
cabinet,01ba00f2f4072e5e3f71cadea43edf49,back,ok,0.231468,242,334,0.308334,334,5426f75671713410b3c82d201879ca53ed85de55162abcce57646b4c13def5bd,true,/cpfs/user/zhuzihou/assets/dedup_workspaces/test0_transitive_apply_parallel/dataset/GRScenes_assets/cabinet/01ba00f2f4072e5e3f71cadea43edf49/back.png
cabinet,01ba00f2f4072e5e3f71cadea43edf49,right,ok,0.252453,512,142,0.277344,512,f0d7e7fa3e5989c36f72baeb8504c0c40dc6d3e14f502d45583e969c9c800ce2,true,/cpfs/user/zhuzihou/assets/dedup_workspaces/test0_transitive_apply_parallel/dataset/GRScenes_assets/cabinet/01ba00f2f4072e5e3f71cadea43edf49/right.png
cabinet,01fd983213e1647c02edfce9a6ea098d,front,ok,0.381355,466,257,0.456856,466,63566ae022fea7599a7e0b48fead2e81c76e6d23d2e76034005a6622246013c7,true,/cpfs/user/zhuzihou/assets/dedup_workspaces/test0_transitive_apply_parallel/dataset/GRScenes_assets/cabinet/01fd983213e1647c02edfce9a6ea098d/front.png
cabinet,01fd983213e1647c02edfce9a6ea098d,left,ok,0.134975,107,443,0.180820,443,784bf262cb926f89d9ff3d055ca4cb981994039c4d099534dd8da06d57168874,true,/cpfs/user/zhuzihou/assets/dedup_workspaces/test0_transitive_apply_parallel/dataset/GRScenes_assets/cabinet/01fd983213e1647c02edfce9a6ea098d/left.png
cabinet,01fd983213e1647c02edfce9a6ea098d,back,ok,0.393108,470,257,0.460777,470,a564d5a845e09e185c2ec73a206f689c681fd4e5363d0084b38fb05c8357cb12,true,/cpfs/user/zhuzihou/assets/dedup_workspaces/test0_transitive_apply_parallel/dataset/GRScenes_assets/cabinet/01fd983213e1647c02edfce9a6ea098d/back.png
cabinet,01fd983213e1647c02edfce9a6ea098d,right,ok,0.074383,103,443,0.174061,443,d5ec3268b63bc122eece25b5d09e2cb49e1f43df11f4650bf56b4a7bf04004d6,true,/cpfs/user/zhuzihou/assets/dedup_workspaces/test0_transitive_apply_parallel/dataset/GRScenes_assets/cabinet/01fd983213e1647c02edfce9a6ea098d/right.png
cabinet,030552c05f71248d0ec542c121a3586f,front,ok,0.397137,486,248,0.459778,486,abbf34f31161aaffcda6d143cc83afc65e4212ed3b4404f6beaa5c43a50a9b75,true,/cpfs/user/zhuzihou/assets/dedup_workspaces/test0_transitive_apply_parallel/dataset/GRScenes_assets/cabinet/030552c05f71248d0ec542c121a3586f/front.png
cabinet,030552c05f71248d0ec542c121a3586f,left,ok,0.375084,414,350,0.552750,414,713572a9585837657128cade9869bebc0ff74964c7aa669bff38f049e51bf915,true,/cpfs/user/zhuzihou/assets/dedup_workspaces/test0_transitive_apply_parallel/dataset/GRScenes_assets/cabinet/030552c05f71248d0ec542c121a3586f/left.png
cabinet,030552c05f71248d0ec542c121a3586f,back,ok,0.405758,388,333,0.492874,388,f6f7c0a125b9948561a44b0737c0fe09da03ff7cca69b4bfcfb938c921199b54,true,/cpfs/user/zhuzihou/assets/dedup_workspaces/test0_transitive_apply_parallel/dataset/GRScenes_assets/cabinet/030552c05f71248d0ec542c121a3586f/back.png
cabinet,030552c05f71248d0ec542c121a3586f,right,ok,0.374210,414,349,0.551170,414,334bb152badab403336d148ada978649976e60b4dc0da2a1565f58989f491c2a,true,/cpfs/user/zhuzihou/assets/dedup_workspaces/test0_transitive_apply_parallel/dataset/GRScenes_assets/cabinet/030552c05f71248d0ec542c121a3586f/right.png
cabinet,03084f37e155430e2768d4a8f71c41d6,front,ok,0.366936,360,351,0.482025,360,aa303d14ae20769c1675bd5f293a165aae91d6d24235b0acd3fdf170f83e3b07,true,/cpfs/user/zhuzihou/assets/dedup_workspaces/test0_transitive_apply_parallel/dataset/GRScenes_assets/cabinet/03084f37e155430e2768d4a8f71c41d6/front.png
cabinet,03084f37e155430e2768d4a8f71c41d6,left,ok,0.333580,512,237,0.462891,512,8d596746119bbb405ffa42e4ac15d110f2d54ba0d51a592a474275aaee056fae,true,/cpfs/user/zhuzihou/assets/dedup_workspaces/test0_transitive_apply_parallel/dataset/GRScenes_assets/cabinet/03084f37e155430e2768d4a8f71c41d6/left.png
cabinet,03084f37e155430e2768d4a8f71c41d6,back,ok,0.334572,360,351,0.482025,360,8ac2610ae427cb72dad09fe4cbbdb279bb73449ed8cb04944acec34718e5207c,true,/cpfs/user/zhuzihou/assets/dedup_workspaces/test0_transitive_apply_parallel/dataset/GRScenes_assets/cabinet/03084f37e155430e2768d4a8f71c41d6/back.png
cabinet,03084f37e155430e2768d4a8f71c41d6,right,ok,0.354183,506,242,0.467117,506,800639af274403d8c72a5a5978b7c3e9473a68bcdd111910dc01a8e6f4d4b9bf,true,/cpfs/user/zhuzihou/assets/dedup_workspaces/test0_transitive_apply_parallel/dataset/GRScenes_assets/cabinet/03084f37e155430e2768d4a8f71c41d6/right.png
cabinet,030f6923af651a0593b1556295d36e0b,front,ok,0.430145,480,274,0.501709,480,339bddb438a3c11ca2ecf92c5c8f5a162d6f3cf5aa319ca7a636853c33e42eda,true,/cpfs/user/zhuzihou/assets/dedup_workspaces/test0_transitive_apply_parallel/dataset/GRScenes_assets/cabinet/030f6923af651a0593b1556295d36e0b/front.png
cabinet,030f6923af651a0593b1556295d36e0b,left,ok,0.218529,176,439,0.294739,439,e4c52ea229a53b5b0358555a22ca068ba9f5e9e6eb4c7a5c8f3ba30c64b2b345,true,/cpfs/user/zhuzihou/assets/dedup_workspaces/test0_transitive_apply_parallel/dataset/GRScenes_assets/cabinet/030f6923af651a0593b1556295d36e0b/left.png
cabinet,030f6923af651a0593b1556295d36e0b,back,ok,0.423302,482,273,0.501961,482,d2319780fc33820289912dacab9e3ee4980d1d051c4ce0057257f4b3eb629671,true,/cpfs/user/zhuzihou/assets/dedup_workspaces/test0_transitive_apply_parallel/dataset/GRScenes_assets/cabinet/030f6923af651a0593b1556295d36e0b/back.png
cabinet,030f6923af651a0593b1556295d36e0b,right,ok,0.227119,176,439,0.294739,439,170fd97bd5495d3ae6e4225178c9d87c401d9db6d372bd89b21cf6ea648dbce6,true,/cpfs/user/zhuzihou/assets/dedup_workspaces/test0_transitive_apply_parallel/dataset/GRScenes_assets/cabinet/030f6923af651a0593b1556295d36e0b/right.png
cabinet,0351e38501c4134575e6dda441b434d9,front,ok,0.225819,217,360,0.298004,360,520be9bfbf680a652b5d9d876420f2bb9196ac9b52764d8bcc8e43ade0bcd836,true,/cpfs/user/zhuzihou/assets/dedup_workspaces/test0_transitive_apply_parallel/dataset/GRScenes_assets/cabinet/0351e38501c4134575e6dda441b434d9/front.png
cabinet,0351e38501c4134575e6dda441b434d9,left,ok,0.255497,512,140,0.273438,512,db75da2640a74eb830652c61a7c1d884543e3cc7db890f6d49464f6ee3dbc6cc,true,/cpfs/user/zhuzihou/assets/dedup_workspaces/test0_transitive_apply_parallel/dataset/GRScenes_assets/cabinet/0351e38501c4134575e6dda441b434d9/left.png
cabinet,0351e38501c4134575e6dda441b434d9,back,ok,0.225857,217,360,0.298004,360,b232a842a4b979beb0f6879de2d67db0cb3feb46350560a267eaf958a663455c,true,/cpfs/user/zhuzihou/assets/dedup_workspaces/test0_transitive_apply_parallel/dataset/GRScenes_assets/cabinet/0351e38501c4134575e6dda441b434d9/back.png
cabinet,0351e38501c4134575e6dda441b434d9,right,ok,0.255497,512,140,0.273438,512,f3e495df058f76e72c2a3ee0f597b523d813a69342b839c23fc88a678ccff5dc,true,/cpfs/user/zhuzihou/assets/dedup_workspaces/test0_transitive_apply_parallel/dataset/GRScenes_assets/cabinet/0351e38501c4134575e6dda441b434d9/right.png
cabinet,039c6bdd9fc8b57652b7a96f885dc484,front,ok,0.285042,444,218,0.369232,444,57f5bc30b286696f1da28b93f67cec1cfe640c5963a663283970da153e31c668,true,/cpfs/user/zhuzihou/assets/dedup_workspaces/test0_transitive_apply_parallel/dataset/GRScenes_assets/cabinet/039c6bdd9fc8b57652b7a96f885dc484/front.png
cabinet,039c6bdd9fc8b57652b7a96f885dc484,left,ok,0.275230,472,194,0.349304,472,e8081cd79889d4c1f8eb0c101bbadbd635acd8929ad0768bc428a144b2e193fc,true,/cpfs/user/zhuzihou/assets/dedup_workspaces/test0_transitive_apply_parallel/dataset/GRScenes_assets/cabinet/039c6bdd9fc8b57652b7a96f885dc484/left.png
cabinet,039c6bdd9fc8b57652b7a96f885dc484,back,ok,0.285042,444,218,0.369232,444,db41ea51209459b78c42a98dfc25437cba2dd96ccd763dd84a16c4fedbb0009a,true,/cpfs/user/zhuzihou/assets/dedup_workspaces/test0_transitive_apply_parallel/dataset/GRScenes_assets/cabinet/039c6bdd9fc8b57652b7a96f885dc484/back.png
cabinet,039c6bdd9fc8b57652b7a96f885dc484,right,ok,0.275230,472,194,0.349304,472,5505227080379dbf27547e8835d1c2b0f2a3f0f3b021499b84c61a4d0fab2d30,true,/cpfs/user/zhuzihou/assets/dedup_workspaces/test0_transitive_apply_parallel/dataset/GRScenes_assets/cabinet/039c6bdd9fc8b57652b7a96f885dc484/right.png
cabinet,03d89ac3714f5dbdef54fa3d7f8b2702,front,ok,0.033241,463,19,0.033558,463,b23aecffa7bbc3a371869b6f40b284e4e08c05763595be2114a498a0266af87f,true,/cpfs/user/zhuzihou/assets/dedup_workspaces/test0_transitive_apply_parallel/dataset/GRScenes_assets/cabinet/03d89ac3714f5dbdef54fa3d7f8b2702/front.png
cabinet,03d89ac3714f5dbdef54fa3d7f8b2702,left,ok,0.015049,16,332,0.020264,332,2d1a06683fa775e78f966587ad50300c402b148390735dd54167dadc59348e6a,true,/cpfs/user/zhuzihou/assets/dedup_workspaces/test0_transitive_apply_parallel/dataset/GRScenes_assets/cabinet/03d89ac3714f5dbdef54fa3d7f8b2702/left.png
cabinet,03d89ac3714f5dbdef54fa3d7f8b2702,back,ok,0.033573,468,19,0.033920,468,6cc3178a6b46c1579849596d544025f250c0a405fb64182c37ac87387743fe06,true,/cpfs/user/zhuzihou/assets/dedup_workspaces/test0_transitive_apply_parallel/dataset/GRScenes_assets/cabinet/03d89ac3714f5dbdef54fa3d7f8b2702/back.png
cabinet,03d89ac3714f5dbdef54fa3d7f8b2702,right,ok,0.014645,16,332,0.020264,332,aeb2e1e79a7c850a250595edb645984cff09fd631aa6839c2970489c76bc6d15,true,/cpfs/user/zhuzihou/assets/dedup_workspaces/test0_transitive_apply_parallel/dataset/GRScenes_assets/cabinet/03d89ac3714f5dbdef54fa3d7f8b2702/right.png
cabinet,042a2ad4549c90e90a91f9bc50f7b9b6,front,ok,0.267162,512,149,0.291016,512,237987a2f24d2104864c01d9b9acfd6ab28b6bd150ae3442ffce07207c401842,true,/cpfs/user/zhuzihou/assets/dedup_workspaces/test0_transitive_apply_parallel/dataset/GRScenes_assets/cabinet/042a2ad4549c90e90a91f9bc50f7b9b6/front.png
cabinet,042a2ad4549c90e90a91f9bc50f7b9b6,left,ok,0.272102,280,336,0.358887,336,297ecc003178b540321f6a1b511ff33f2eeac700b3116877da36c87d471ecc8e,true,/cpfs/user/zhuzihou/assets/dedup_workspaces/test0_transitive_apply_parallel/dataset/GRScenes_assets/cabinet/042a2ad4549c90e90a91f9bc50f7b9b6/left.png
cabinet,042a2ad4549c90e90a91f9bc50f7b9b6,back,ok,0.267162,512,149,0.291016,512,fec25f580200200e3421ab4c75cccf4d300a679cc9ee2038deb9cdd38c625001,true,/cpfs/user/zhuzihou/assets/dedup_workspaces/test0_transitive_apply_parallel/dataset/GRScenes_assets/cabinet/042a2ad4549c90e90a91f9bc50f7b9b6/back.png
cabinet,042a2ad4549c90e90a91f9bc50f7b9b6,right,ok,0.272121,280,336,0.358887,336,559d5c0868e3dd76763f8253e75806b68a6ce372981876c3a11de8189d2206ac,true,/cpfs/user/zhuzihou/assets/dedup_workspaces/test0_transitive_apply_parallel/dataset/GRScenes_assets/cabinet/042a2ad4549c90e90a91f9bc50f7b9b6/right.png
cabinet,04341ec1ca6bf336f49cad66cae7a722,front,ok,0.380806,378,322,0.464310,378,eef5c6d7fa286d68b2dbfcb85e7a6c975cf0b0901b11691fd9a0f3bd4f5c665c,true,/cpfs/user/zhuzihou/assets/dedup_workspaces/test0_transitive_apply_parallel/dataset/GRScenes_assets/cabinet/04341ec1ca6bf336f49cad66cae7a722/front.png
cabinet,04341ec1ca6bf336f49cad66cae7a722,left,ok,0.066963,50,460,0.087738,460,c4da658787224a67fd9589296e298888e05aef485e9887fa84b6d9c471093f49,true,/cpfs/user/zhuzihou/assets/dedup_workspaces/test0_transitive_apply_parallel/dataset/GRScenes_assets/cabinet/04341ec1ca6bf336f49cad66cae7a722/left.png
cabinet,04341ec1ca6bf336f49cad66cae7a722,back,ok,0.382053,380,322,0.466766,380,f796c39fedf7b8a1501bf4e203baaa7c327b2887fa91dcbe6188b7f24b15334f,true,/cpfs/user/zhuzihou/assets/dedup_workspaces/test0_transitive_apply_parallel/dataset/GRScenes_assets/cabinet/04341ec1ca6bf336f49cad66cae7a722/back.png
cabinet,04341ec1ca6bf336f49cad66cae7a722,right,ok,0.065224,48,460,0.084229,460,1d1cd67cbf7c26ac79a4cf307873fb93fe607adb48c33f1c3fe54a36f5a34bb6,true,/cpfs/user/zhuzihou/assets/dedup_workspaces/test0_transitive_apply_parallel/dataset/GRScenes_assets/cabinet/04341ec1ca6bf336f49cad66cae7a722/right.png
cabinet,0488118f0fd22625619c210a71c8d81e,front,ok,0.024529,20,414,0.031586,414,873d496d2566650ff276a4a9df83cee1ede8c21dcfeb6b77e6df5a35533ee4a8,true,/cpfs/user/zhuzihou/assets/dedup_workspaces/test0_transitive_apply_parallel/dataset/GRScenes_assets/cabinet/0488118f0fd22625619c210a71c8d81e/front.png
cabinet,0488118f0fd22625619c210a71c8d81e,left,ok,0.269951,480,165,0.302124,480,e260a3cd33d5c9adfb0b75be33ac66bd8c4ba1f3c7c93a5164bcc4d73a0fedbb,true,/cpfs/user/zhuzihou/assets/dedup_workspaces/test0_transitive_apply_parallel/dataset/GRScenes_assets/cabinet/0488118f0fd22625619c210a71c8d81e/left.png
cabinet,0488118f0fd22625619c210a71c8d81e,back,ok,0.024525,20,414,0.031586,414,e2040ab397a646c5dc0e18284bbcff2b3e49db571c2f940580608505ff52baed,true,/cpfs/user/zhuzihou/assets/dedup_workspaces/test0_transitive_apply_parallel/dataset/GRScenes_assets/cabinet/0488118f0fd22625619c210a71c8d81e/back.png
cabinet,0488118f0fd22625619c210a71c8d81e,right,ok,0.270191,480,165,0.302124,480,1b7f22787977c01f47e49be216fabc9add94d987e040da30705335fb747afa96,true,/cpfs/user/zhuzihou/assets/dedup_workspaces/test0_transitive_apply_parallel/dataset/GRScenes_assets/cabinet/0488118f0fd22625619c210a71c8d81e/right.png
cabinet,0493d2c7a758de44c6b45d4c14801a74,front,ok,0.482048,480,328,0.600586,480,b23b601d34e3b186a2171735f889d6450eab09b342837494b2853fc8a87b1db4,true,/cpfs/user/zhuzihou/assets/dedup_workspaces/test0_transitive_apply_parallel/dataset/GRScenes_assets/cabinet/0493d2c7a758de44c6b45d4c14801a74/front.png
cabinet,0493d2c7a758de44c6b45d4c14801a74,left,ok,0.492630,474,332,0.600311,474,82b17b4c515947989fc130815192d413a1819a28b653542bb164b2ff7908c04b,true,/cpfs/user/zhuzihou/assets/dedup_workspaces/test0_transitive_apply_parallel/dataset/GRScenes_assets/cabinet/0493d2c7a758de44c6b45d4c14801a74/left.png
cabinet,0493d2c7a758de44c6b45d4c14801a74,back,ok,0.482075,480,328,0.600586,480,50b620e229f5516783a89f7d560c2051957daa307ebebe48aee3a63c8909e5ad,true,/cpfs/user/zhuzihou/assets/dedup_workspaces/test0_transitive_apply_parallel/dataset/GRScenes_assets/cabinet/0493d2c7a758de44c6b45d4c14801a74/back.png
cabinet,0493d2c7a758de44c6b45d4c14801a74,right,ok,0.468739,474,328,0.593079,474,309bb5e995aa97720b85d7bac2effec27b7515e748e20d40031dfb3b56af0630,true,/cpfs/user/zhuzihou/assets/dedup_workspaces/test0_transitive_apply_parallel/dataset/GRScenes_assets/cabinet/0493d2c7a758de44c6b45d4c14801a74/right.png
cabinet,051784651ce9ea0494f32068cb8a1210,front,ok,0.189266,212,289,0.233719,289,867b27c7be503c1c0b05e5bd49cbf7f98686b91deb9c5ed02748b7f8a48c8891,true,/cpfs/user/zhuzihou/assets/dedup_workspaces/test0_transitive_apply_parallel/dataset/GRScenes_assets/cabinet/051784651ce9ea0494f32068cb8a1210/front.png
cabinet,051784651ce9ea0494f32068cb8a1210,left,ok,0.217598,426,271,0.440392,426,181df299d8476fc40ed630f7553a98458deaef4fe1712f9460d8a129cb926a26,true,/cpfs/user/zhuzihou/assets/dedup_workspaces/test0_transitive_apply_parallel/dataset/GRScenes_assets/cabinet/051784651ce9ea0494f32068cb8a1210/left.png
cabinet,051784651ce9ea0494f32068cb8a1210,back,ok,0.181427,157,431,0.258129,431,ac0a5bcbfbd24a48b9ffa053fa4096f5261d1b2e6e0eaac95b8a6beb0f42dfb7,true,/cpfs/user/zhuzihou/assets/dedup_workspaces/test0_transitive_apply_parallel/dataset/GRScenes_assets/cabinet/051784651ce9ea0494f32068cb8a1210/back.png
cabinet,051784651ce9ea0494f32068cb8a1210,right,ok,0.219578,434,280,0.463562,434,e5781aed503d2f073d33b7d668a2c5921abbd2375373d9d233b4baca9e63297e,true,/cpfs/user/zhuzihou/assets/dedup_workspaces/test0_transitive_apply_parallel/dataset/GRScenes_assets/cabinet/051784651ce9ea0494f32068cb8a1210/right.png
cabinet,0592e41b66a549d83a509305325d6d91,front,ok,0.439732,457,334,0.582268,457,5be12cbcd388872ff00a72784cddedfc37e72f03354a2e93b28af8b640a55b02,true,/cpfs/user/zhuzihou/assets/dedup_workspaces/test0_transitive_apply_parallel/dataset/GRScenes_assets/cabinet/0592e41b66a549d83a509305325d6d91/front.png
cabinet,0592e41b66a549d83a509305325d6d91,left,ok,0.420918,426,334,0.542770,426,cf15921b93494587f7ba062e0a45254ea0b0206aa329a62b21dc22eea9ff79e5,true,/cpfs/user/zhuzihou/assets/dedup_workspaces/test0_transitive_apply_parallel/dataset/GRScenes_assets/cabinet/0592e41b66a549d83a509305325d6d91/left.png
cabinet,0592e41b66a549d83a509305325d6d91,back,ok,0.426224,435,334,0.554237,435,4e4bdc4fc76aff6fc938d6dc52698ab2ee8b77e8099fa7610db98fed212b088f,true,/cpfs/user/zhuzihou/assets/dedup_workspaces/test0_transitive_apply_parallel/dataset/GRScenes_assets/cabinet/0592e41b66a549d83a509305325d6d91/back.png
cabinet,0592e41b66a549d83a509305325d6d91,right,ok,0.448174,460,331,0.580826,460,9510379c0b467a568cda3a6e730592bc2dd17e9b0bf5b3b01348e8e74ed7a8d6,true,/cpfs/user/zhuzihou/assets/dedup_workspaces/test0_transitive_apply_parallel/dataset/GRScenes_assets/cabinet/0592e41b66a549d83a509305325d6d91/right.png
cabinet,05b603614a4ff2f04bfa544a2d85a0bd,front,ok,0.019096,15,423,0.024204,423,2319ec3089a1743233c0826e780f6ec404219626260de0ce6038410e1b0ffca0,true,/cpfs/user/zhuzihou/assets/dedup_workspaces/test0_transitive_apply_parallel/dataset/GRScenes_assets/cabinet/05b603614a4ff2f04bfa544a2d85a0bd/front.png
cabinet,05b603614a4ff2f04bfa544a2d85a0bd,left,ok,0.111412,92,405,0.142136,405,042b2d1e61327349a11ee75534dd4da747b46cebd0cca4a0e6b81358203f58cb,true,/cpfs/user/zhuzihou/assets/dedup_workspaces/test0_transitive_apply_parallel/dataset/GRScenes_assets/cabinet/05b603614a4ff2f04bfa544a2d85a0bd/left.png
cabinet,05b603614a4ff2f04bfa544a2d85a0bd,back,ok,0.017342,14,424,0.022644,424,b96cd0f1c0d509b4b2a733c0a3d2ec265554537bd8af6801be0448078fb10f0e,true,/cpfs/user/zhuzihou/assets/dedup_workspaces/test0_transitive_apply_parallel/dataset/GRScenes_assets/cabinet/05b603614a4ff2f04bfa544a2d85a0bd/back.png
cabinet,05b603614a4ff2f04bfa544a2d85a0bd,right,ok,0.111408,92,405,0.142136,405,1244de630c668fd8adb872570e0b826a21424e3618155fbc381eab3d83d60f35,true,/cpfs/user/zhuzihou/assets/dedup_workspaces/test0_transitive_apply_parallel/dataset/GRScenes_assets/cabinet/05b603614a4ff2f04bfa544a2d85a0bd/right.png
cabinet,0643684aed91df5d35c78c3e8ab9268c,front,ok,0.287224,512,162,0.316406,512,b9705f40ba45bfa9b40541fa972124792f978dd25bbbdf7598c314e2e677d6e2,true,/cpfs/user/zhuzihou/assets/dedup_workspaces/test0_transitive_apply_parallel/dataset/GRScenes_assets/cabinet/0643684aed91df5d35c78c3e8ab9268c/front.png
cabinet,0643684aed91df5d35c78c3e8ab9268c,left,ok,0.223152,201,379,0.290600,379,8dfc6af56b79c2381adf6959be57cd695bbbb27a5107798939bfc34f3a03f031,true,/cpfs/user/zhuzihou/assets/dedup_workspaces/test0_transitive_apply_parallel/dataset/GRScenes_assets/cabinet/0643684aed91df5d35c78c3e8ab9268c/left.png
cabinet,0643684aed91df5d35c78c3e8ab9268c,back,ok,0.286972,512,159,0.310547,512,a13ffccef2156a4657015fb300e7094f445acd3f7d4b0f1798e70385606ca00d,true,/cpfs/user/zhuzihou/assets/dedup_workspaces/test0_transitive_apply_parallel/dataset/GRScenes_assets/cabinet/0643684aed91df5d35c78c3e8ab9268c/back.png
cabinet,0643684aed91df5d35c78c3e8ab9268c,right,ok,0.222393,202,376,0.289734,376,a6b5897dd7a1d6c0aa1f6a4d66f0237a70b7d24f0b3ce98edfbad2fc29c11899,true,/cpfs/user/zhuzihou/assets/dedup_workspaces/test0_transitive_apply_parallel/dataset/GRScenes_assets/cabinet/0643684aed91df5d35c78c3e8ab9268c/right.png
cabinet,06ba887f18c9cd0fdc34bd23e2c31de2,front,ok,0.208565,254,296,0.286804,296,32320d00ff478dd72aacb22ad8369e9318ae7af346097b01d69ebe54214aca26,true,/cpfs/user/zhuzihou/assets/dedup_workspaces/test0_transitive_apply_parallel/dataset/GRScenes_assets/cabinet/06ba887f18c9cd0fdc34bd23e2c31de2/front.png
cabinet,06ba887f18c9cd0fdc34bd23e2c31de2,left,ok,0.161606,504,96,0.184570,504,754cf54ea3edcd5dd5287b70b3835949749de975ad8abb44fa261d42ed3e62a5,true,/cpfs/user/zhuzihou/assets/dedup_workspaces/test0_transitive_apply_parallel/dataset/GRScenes_assets/cabinet/06ba887f18c9cd0fdc34bd23e2c31de2/left.png
cabinet,06ba887f18c9cd0fdc34bd23e2c31de2,back,ok,0.208607,254,296,0.286804,296,033f76f5aaa14691301e30f86e0a13395c5057b2e2db674e43013063de37d6fb,true,/cpfs/user/zhuzihou/assets/dedup_workspaces/test0_transitive_apply_parallel/dataset/GRScenes_assets/cabinet/06ba887f18c9cd0fdc34bd23e2c31de2/back.png
cabinet,06ba887f18c9cd0fdc34bd23e2c31de2,right,ok,0.161606,504,96,0.184570,504,2e8f1aefc03d4a39d43c36803f1b2bfb8316ecef4f42c2c759e7536904287daf,true,/cpfs/user/zhuzihou/assets/dedup_workspaces/test0_transitive_apply_parallel/dataset/GRScenes_assets/cabinet/06ba887f18c9cd0fdc34bd23e2c31de2/right.png
cabinet,075d44942a37753c8caec2586734e2fe,front,ok,0.294945,298,326,0.370590,326,a586d265b1df77eebea9af13f602028da962e36d44c334521678888a8daabe8e,true,/cpfs/user/zhuzihou/assets/dedup_workspaces/test0_transitive_apply_parallel/dataset/GRScenes_assets/cabinet/075d44942a37753c8caec2586734e2fe/front.png
cabinet,075d44942a37753c8caec2586734e2fe,left,ok,0.294064,496,202,0.382202,496,77c6839304e22b2ee37a0e7bd63d65aa58ef33a5af0c011c70201f06b7e8b137,true,/cpfs/user/zhuzihou/assets/dedup_workspaces/test0_transitive_apply_parallel/dataset/GRScenes_assets/cabinet/075d44942a37753c8caec2586734e2fe/left.png
cabinet,075d44942a37753c8caec2586734e2fe,back,ok,0.295292,298,326,0.370590,326,765ebed6b17dc004cadbeee48eb92c8a1a6dd4e7e4864827d63f9ac68c18a8b0,true,/cpfs/user/zhuzihou/assets/dedup_workspaces/test0_transitive_apply_parallel/dataset/GRScenes_assets/cabinet/075d44942a37753c8caec2586734e2fe/back.png
cabinet,075d44942a37753c8caec2586734e2fe,right,ok,0.319744,512,184,0.359375,512,dd6da092fe5e284635c63a5963eb509a400bb2f777ddd39fa89c67045b7bb7d7,true,/cpfs/user/zhuzihou/assets/dedup_workspaces/test0_transitive_apply_parallel/dataset/GRScenes_assets/cabinet/075d44942a37753c8caec2586734e2fe/right.png
cabinet,077086869ae8fb2c4e6974fe7f94d684,front,ok,0.033890,470,20,0.035858,470,0f4f105c716efe9afefae8fdfa013376361747e870394ff3306edbc77e344a11,true,/cpfs/user/zhuzihou/assets/dedup_workspaces/test0_transitive_apply_parallel/dataset/GRScenes_assets/cabinet/077086869ae8fb2c4e6974fe7f94d684/front.png
cabinet,077086869ae8fb2c4e6974fe7f94d684,left,ok,0.034161,38,322,0.046677,322,d323d61587926cca9549970017e71ff3a340b552c808a5450444caf2297cc718,true,/cpfs/user/zhuzihou/assets/dedup_workspaces/test0_transitive_apply_parallel/dataset/GRScenes_assets/cabinet/077086869ae8fb2c4e6974fe7f94d684/left.png
cabinet,077086869ae8fb2c4e6974fe7f94d684,back,ok,0.033966,470,20,0.035858,470,bd2e0190e54b2be07eebb484424040b669cb758c6d49e4ee7dd75f18bf00d593,true,/cpfs/user/zhuzihou/assets/dedup_workspaces/test0_transitive_apply_parallel/dataset/GRScenes_assets/cabinet/077086869ae8fb2c4e6974fe7f94d684/back.png
cabinet,077086869ae8fb2c4e6974fe7f94d684,right,ok,0.034153,38,322,0.046677,322,32a9f26adfc1e6c0a5180a7f32d0450f9f43108d8665414568fdf57523650fd0,true,/cpfs/user/zhuzihou/assets/dedup_workspaces/test0_transitive_apply_parallel/dataset/GRScenes_assets/cabinet/077086869ae8fb2c4e6974fe7f94d684/right.png
cabinet,081bebfaa51513fd3fa62d629c6aa1df,front,ok,0.408794,490,252,0.471039,490,0a85b05949d44d64377ac77c1f77f2d99af7ffffe0cce6353bbb74f7c226b14d,true,/cpfs/user/zhuzihou/assets/dedup_workspaces/test0_transitive_apply_parallel/dataset/GRScenes_assets/cabinet/081bebfaa51513fd3fa62d629c6aa1df/front.png
cabinet,081bebfaa51513fd3fa62d629c6aa1df,left,ok,0.208508,164,434,0.271515,434,6826379d971dbb9d3479a0c1469c163157c1ce4e82467f5fc9910a36eb2adf35,true,/cpfs/user/zhuzihou/assets/dedup_workspaces/test0_transitive_apply_parallel/dataset/GRScenes_assets/cabinet/081bebfaa51513fd3fa62d629c6aa1df/left.png
cabinet,081bebfaa51513fd3fa62d629c6aa1df,back,ok,0.408779,490,252,0.471039,490,01b8e1713331c8579df29f9bce605e53f7f598e64bafd0baebc16b751d9ddfd9,true,/cpfs/user/zhuzihou/assets/dedup_workspaces/test0_transitive_apply_parallel/dataset/GRScenes_assets/cabinet/081bebfaa51513fd3fa62d629c6aa1df/back.png
cabinet,081bebfaa51513fd3fa62d629c6aa1df,right,ok,0.209389,164,434,0.271515,434,3d1eeebfce19dc7106dc8a614a12db1d9aba74de45f94713817e8beffb60115a,true,/cpfs/user/zhuzihou/assets/dedup_workspaces/test0_transitive_apply_parallel/dataset/GRScenes_assets/cabinet/081bebfaa51513fd3fa62d629c6aa1df/right.png
cabinet,08376cadeb427ee8d2e0773ed890c542,front,ok,0.361580,352,342,0.459229,352,fcfd88fe98f624293548b5c8cf5c9f20d62c0c4bf3c31a7cb4b567671acb5bc2,true,/cpfs/user/zhuzihou/assets/dedup_workspaces/test0_transitive_apply_parallel/dataset/GRScenes_assets/cabinet/08376cadeb427ee8d2e0773ed890c542/front.png
cabinet,08376cadeb427ee8d2e0773ed890c542,left,ok,0.084991,66,459,0.115562,459,17947737af1d9d5b742f1712b2662f064c25acbd2467d9fe388bc0977bf7ae14,true,/cpfs/user/zhuzihou/assets/dedup_workspaces/test0_transitive_apply_parallel/dataset/GRScenes_assets/cabinet/08376cadeb427ee8d2e0773ed890c542/left.png
cabinet,08376cadeb427ee8d2e0773ed890c542,back,ok,0.362984,350,344,0.459290,350,fa9a3de3a5801688ce030b1c1afdaa1204841b468e2ea9a1708bd8ce3975b324,true,/cpfs/user/zhuzihou/assets/dedup_workspaces/test0_transitive_apply_parallel/dataset/GRScenes_assets/cabinet/08376cadeb427ee8d2e0773ed890c542/back.png
cabinet,08376cadeb427ee8d2e0773ed890c542,right,ok,0.063148,49,459,0.085796,459,2b04f27ece7ca41df98ea2e0d1b684f9e2fdb2864698d7acd10f742ec4a886c9,true,/cpfs/user/zhuzihou/assets/dedup_workspaces/test0_transitive_apply_parallel/dataset/GRScenes_assets/cabinet/08376cadeb427ee8d2e0773ed890c542/right.png
cabinet,0945b6d77dba9b992541a10795e91c5b,front,ok,0.390217,476,249,0.452133,476,989ad477abc954992119d5c69175dbcdcfebdd28c2fcb3aef74306cb5bca6a93,true,/cpfs/user/zhuzihou/assets/dedup_workspaces/test0_transitive_apply_parallel/dataset/GRScenes_assets/cabinet/0945b6d77dba9b992541a10795e91c5b/front.png
cabinet,0945b6d77dba9b992541a10795e91c5b,left,ok,0.142063,110,439,0.184212,439,65a55e77da7532510011f626e8f06f10de324a6b68b1675c1757ebed0fec8134,true,/cpfs/user/zhuzihou/assets/dedup_workspaces/test0_transitive_apply_parallel/dataset/GRScenes_assets/cabinet/0945b6d77dba9b992541a10795e91c5b/left.png
cabinet,0945b6d77dba9b992541a10795e91c5b,back,ok,0.388485,475,249,0.451183,475,cd5ef022c8337ab0841d46f53476cf85b60e91865a8990c51092f8aa54ccfab1,true,/cpfs/user/zhuzihou/assets/dedup_workspaces/test0_transitive_apply_parallel/dataset/GRScenes_assets/cabinet/0945b6d77dba9b992541a10795e91c5b/back.png
cabinet,0945b6d77dba9b992541a10795e91c5b,right,ok,0.144878,112,439,0.187561,439,afb3fe619b0ddabcb3ea22794e7d4ea7d2d4a7e4fac5a13ed5b27010b82bcfd4,true,/cpfs/user/zhuzihou/assets/dedup_workspaces/test0_transitive_apply_parallel/dataset/GRScenes_assets/cabinet/0945b6d77dba9b992541a10795e91c5b/right.png
cabinet,095fa0e7cdf34defcd98b99ed9639a52,front,ok,0.422249,412,361,0.567368,412,a26c6b08eca44ad1ee5509c2727b378078ac1da1e96f3708b8406d137316461d,true,/cpfs/user/zhuzihou/assets/dedup_workspaces/test0_transitive_apply_parallel/dataset/GRScenes_assets/cabinet/095fa0e7cdf34defcd98b99ed9639a52/front.png
cabinet,095fa0e7cdf34defcd98b99ed9639a52,left,ok,0.357380,303,402,0.464653,402,81a2d9bf923998452e193a9f2cc495103373ab3118f01d1e1477511eac03c1d7,true,/cpfs/user/zhuzihou/assets/dedup_workspaces/test0_transitive_apply_parallel/dataset/GRScenes_assets/cabinet/095fa0e7cdf34defcd98b99ed9639a52/left.png
cabinet,095fa0e7cdf34defcd98b99ed9639a52,back,ok,0.438049,427,363,0.591282,427,71a6249647a90fa5fb7f668741f51d8019e8338decc0f02474c5f45d2355c0cb,true,/cpfs/user/zhuzihou/assets/dedup_workspaces/test0_transitive_apply_parallel/dataset/GRScenes_assets/cabinet/095fa0e7cdf34defcd98b99ed9639a52/back.png
cabinet,095fa0e7cdf34defcd98b99ed9639a52,right,ok,0.415615,352,396,0.531738,396,77ddf408be5e506a3ad3afa7c6bdb393e198da15efe203bbd330d6717f32746a,true,/cpfs/user/zhuzihou/assets/dedup_workspaces/test0_transitive_apply_parallel/dataset/GRScenes_assets/cabinet/095fa0e7cdf34defcd98b99ed9639a52/right.png
cabinet,0968a1c333825e9d2f912db1d353b0e8,front,ok,0.035431,469,20,0.035782,469,d5dcc406d9b7ea516b929254d02cda7bd0b1e9527b42904774dd60bff728be6a,true,/cpfs/user/zhuzihou/assets/dedup_workspaces/test0_transitive_apply_parallel/dataset/GRScenes_assets/cabinet/0968a1c333825e9d2f912db1d353b0e8/front.png
cabinet,0968a1c333825e9d2f912db1d353b0e8,left,ok,0.022427,24,328,0.030029,328,81c23991b8c8f2049293b75fb46ca5390a57080aa5dd2dcb5913105de09629dc,true,/cpfs/user/zhuzihou/assets/dedup_workspaces/test0_transitive_apply_parallel/dataset/GRScenes_assets/cabinet/0968a1c333825e9d2f912db1d353b0e8/left.png
cabinet,0968a1c333825e9d2f912db1d353b0e8,back,ok,0.035431,469,20,0.035782,469,9425a486cbb94165b99b89a19e94962c563f227024e67057b96eb6c543b732ea,true,/cpfs/user/zhuzihou/assets/dedup_workspaces/test0_transitive_apply_parallel/dataset/GRScenes_assets/cabinet/0968a1c333825e9d2f912db1d353b0e8/back.png
cabinet,0968a1c333825e9d2f912db1d353b0e8,right,ok,0.022427,24,328,0.030029,328,d95e7b6e66c2f148bacb29904116301c4d99a6258a6735718dd9ac10e1a9265f,true,/cpfs/user/zhuzihou/assets/dedup_workspaces/test0_transitive_apply_parallel/dataset/GRScenes_assets/cabinet/0968a1c333825e9d2f912db1d353b0e8/right.png
cabinet,0a1853ab45a22f77e53edd7d8a0589fb,front,ok,0.182327,506,109,0.210396,506,f48e25a264be42151c3101cf7b99419f0cc10cca9ba9e42e2508cf03d42c79e2,true,/cpfs/user/zhuzihou/assets/dedup_workspaces/test0_transitive_apply_parallel/dataset/GRScenes_assets/cabinet/0a1853ab45a22f77e53edd7d8a0589fb/front.png
cabinet,0a1853ab45a22f77e53edd7d8a0589fb,left,ok,0.231163,289,287,0.316402,289,1f641d8b4f482ed3f12cc2fae4159550fae3cef4660c7da8c2097dfe37005712,true,/cpfs/user/zhuzihou/assets/dedup_workspaces/test0_transitive_apply_parallel/dataset/GRScenes_assets/cabinet/0a1853ab45a22f77e53edd7d8a0589fb/left.png
cabinet,0a1853ab45a22f77e53edd7d8a0589fb,back,ok,0.182289,505,109,0.209980,505,d181758a523f30a4b638a82e57788b9ff33970dc1655e4a89b32f86998e4d5c1,true,/cpfs/user/zhuzihou/assets/dedup_workspaces/test0_transitive_apply_parallel/dataset/GRScenes_assets/cabinet/0a1853ab45a22f77e53edd7d8a0589fb/back.png
cabinet,0a1853ab45a22f77e53edd7d8a0589fb,right,ok,0.231148,289,287,0.316402,289,d8d18d9a339d79e00dd3bc90222d738540065a161d0ba55bde33d50c927d187d,true,/cpfs/user/zhuzihou/assets/dedup_workspaces/test0_transitive_apply_parallel/dataset/GRScenes_assets/cabinet/0a1853ab45a22f77e53edd7d8a0589fb/right.png
cabinet,0ac1552e77a5063fc5cbe6d3d95398a2,front,ok,0.404915,402,321,0.492256,402,6e142ce62dd54531121b61e48006d6f6ceb825a3f7c33eb1c5fec4de31585a6c,true,/cpfs/user/zhuzihou/assets/dedup_workspaces/test0_transitive_apply_parallel/dataset/GRScenes_assets/cabinet/0ac1552e77a5063fc5cbe6d3d95398a2/front.png
cabinet,0ac1552e77a5063fc5cbe6d3d95398a2,left,ok,0.121437,90,457,0.156898,457,0c0b0a13c46ef1a4191928a7e10d7ba84108624613ecbd44316b0280a4455870,true,/cpfs/user/zhuzihou/assets/dedup_workspaces/test0_transitive_apply_parallel/dataset/GRScenes_assets/cabinet/0ac1552e77a5063fc5cbe6d3d95398a2/left.png
cabinet,0ac1552e77a5063fc5cbe6d3d95398a2,back,ok,0.404922,402,321,0.492256,402,14f03adfd364f93cc8cc24f5f0b61f91957b60d03d6a4d3f991abd8af0a7c72e,true,/cpfs/user/zhuzihou/assets/dedup_workspaces/test0_transitive_apply_parallel/dataset/GRScenes_assets/cabinet/0ac1552e77a5063fc5cbe6d3d95398a2/back.png
cabinet,0ac1552e77a5063fc5cbe6d3d95398a2,right,ok,0.121445,90,457,0.156898,457,87f67bc762ea3fae74f123fdb00ce123aa1ae019e606e50b47f38c448ed8eb32,true,/cpfs/user/zhuzihou/assets/dedup_workspaces/test0_transitive_apply_parallel/dataset/GRScenes_assets/cabinet/0ac1552e77a5063fc5cbe6d3d95398a2/right.png
cabinet,0b558ffc6d640331607c4eeca7e99fb6,front,ok,0.368851,380,316,0.458069,380,7a3fb1b0f457f9f71ad9618443c5332a32c44f38a164f9c2374de2be067d9451,true,/cpfs/user/zhuzihou/assets/dedup_workspaces/test0_transitive_apply_parallel/dataset/GRScenes_assets/cabinet/0b558ffc6d640331607c4eeca7e99fb6/front.png
cabinet,0b558ffc6d640331607c4eeca7e99fb6,left,ok,0.025967,30,460,0.052643,460,ae85c40cd3850fe3196e3880bda33e0d5b0c58a0365cf6e57f7a9a63e7146470,true,/cpfs/user/zhuzihou/assets/dedup_workspaces/test0_transitive_apply_parallel/dataset/GRScenes_assets/cabinet/0b558ffc6d640331607c4eeca7e99fb6/left.png
cabinet,0b558ffc6d640331607c4eeca7e99fb6,back,ok,0.361351,380,316,0.458069,380,a2a6aa3e840be80fe59edd94db20286c2bcbe9db1900fa19ef1da18f2864a6bd,true,/cpfs/user/zhuzihou/assets/dedup_workspaces/test0_transitive_apply_parallel/dataset/GRScenes_assets/cabinet/0b558ffc6d640331607c4eeca7e99fb6/back.png
cabinet,0b558ffc6d640331607c4eeca7e99fb6,right,ok,0.025959,30,460,0.052643,460,3bda9b2e6a448362e27a7665cce1da19d20c0adc80608d836646e04878b5191f,true,/cpfs/user/zhuzihou/assets/dedup_workspaces/test0_transitive_apply_parallel/dataset/GRScenes_assets/cabinet/0b558ffc6d640331607c4eeca7e99fb6/right.png
cabinet,0bddb3eab9f10dc1718a6ffd43d4949d,front,ok,0.249817,264,334,0.336365,334,302e5179f599c106e1d97b6c829e34d451f93a4c060b3c497360dceb0695387c,true,/cpfs/user/zhuzihou/assets/dedup_workspaces/test0_transitive_apply_parallel/dataset/GRScenes_assets/cabinet/0bddb3eab9f10dc1718a6ffd43d4949d/front.png
cabinet,0bddb3eab9f10dc1718a6ffd43d4949d,left,ok,0.243114,500,154,0.293732,500,9aec42ee9371e9e7e012d5161a021b55a2d0b316c82e1b8ee6774f419962f31e,true,/cpfs/user/zhuzihou/assets/dedup_workspaces/test0_transitive_apply_parallel/dataset/GRScenes_assets/cabinet/0bddb3eab9f10dc1718a6ffd43d4949d/left.png
cabinet,0bddb3eab9f10dc1718a6ffd43d4949d,back,ok,0.220394,264,300,0.302124,300,ad8ba718efc3012c1968399f57b4e9c29055dbad93a1bff687d42602b47194a5,true,/cpfs/user/zhuzihou/assets/dedup_workspaces/test0_transitive_apply_parallel/dataset/GRScenes_assets/cabinet/0bddb3eab9f10dc1718a6ffd43d4949d/back.png
cabinet,0bddb3eab9f10dc1718a6ffd43d4949d,right,ok,0.235931,510,163,0.317116,510,5cf20ff26ee1c44052b6a9949bfb4e4c5d79f5b61c3947ff327aa09186821c5e,true,/cpfs/user/zhuzihou/assets/dedup_workspaces/test0_transitive_apply_parallel/dataset/GRScenes_assets/cabinet/0bddb3eab9f10dc1718a6ffd43d4949d/right.png
cabinet,0bf8fcbd2bbc7755e5793bcd46d60521,front,ok,0.013828,10,423,0.016136,423,e1536b1b882f93d839bd3ef55ee6a53861d793fdf3e5696b4279bfac445ac43f,true,/cpfs/user/zhuzihou/assets/dedup_workspaces/test0_transitive_apply_parallel/dataset/GRScenes_assets/cabinet/0bf8fcbd2bbc7755e5793bcd46d60521/front.png
cabinet,0bf8fcbd2bbc7755e5793bcd46d60521,left,ok,0.108658,90,404,0.138702,404,b40b6e4076db5ccf3ed2810115c4fd6798521e8a2804228d00c6534a3f70a12d,true,/cpfs/user/zhuzihou/assets/dedup_workspaces/test0_transitive_apply_parallel/dataset/GRScenes_assets/cabinet/0bf8fcbd2bbc7755e5793bcd46d60521/left.png
cabinet,0bf8fcbd2bbc7755e5793bcd46d60521,back,ok,0.013828,10,423,0.016136,423,b5399aea7361a8f90a16f36297a486b46aadeac190a892bb7548f600998f2bbe,true,/cpfs/user/zhuzihou/assets/dedup_workspaces/test0_transitive_apply_parallel/dataset/GRScenes_assets/cabinet/0bf8fcbd2bbc7755e5793bcd46d60521/back.png
cabinet,0bf8fcbd2bbc7755e5793bcd46d60521,right,ok,0.108658,90,404,0.138702,404,5f3cbb9fb9030e9e4aae582dd63472e7a0a062c929b6a29154839cf683cccd18,true,/cpfs/user/zhuzihou/assets/dedup_workspaces/test0_transitive_apply_parallel/dataset/GRScenes_assets/cabinet/0bf8fcbd2bbc7755e5793bcd46d60521/right.png
cabinet,0dd113faaefaf20150c364db6c094d46,front,ok,0.367619,380,316,0.458069,380,90f1a04e84d8a5049a2c581f7cd801a49d427029a3c7a2adc202c5a61a9fb7d1,true,/cpfs/user/zhuzihou/assets/dedup_workspaces/test0_transitive_apply_parallel/dataset/GRScenes_assets/cabinet/0dd113faaefaf20150c364db6c094d46/front.png
cabinet,0dd113faaefaf20150c364db6c094d46,left,ok,0.025959,30,460,0.052643,460,4bc91e9d502cd05239098cc49ad1887e72ca8abcf84445e123ffdfe49915241e,true,/cpfs/user/zhuzihou/assets/dedup_workspaces/test0_transitive_apply_parallel/dataset/GRScenes_assets/cabinet/0dd113faaefaf20150c364db6c094d46/left.png
cabinet,0dd113faaefaf20150c364db6c094d46,back,ok,0.361092,380,316,0.458069,380,f0b4120c6a7e734dc0ad2f2322f4e4e26ffd79bfff4896012e5ec68008730a26,true,/cpfs/user/zhuzihou/assets/dedup_workspaces/test0_transitive_apply_parallel/dataset/GRScenes_assets/cabinet/0dd113faaefaf20150c364db6c094d46/back.png
cabinet,0dd113faaefaf20150c364db6c094d46,right,ok,0.025967,30,460,0.052643,460,8366d2bc377afbafa38b953ca2525019a4dfc128e9c5d8929f12a27d68a177fb,true,/cpfs/user/zhuzihou/assets/dedup_workspaces/test0_transitive_apply_parallel/dataset/GRScenes_assets/cabinet/0dd113faaefaf20150c364db6c094d46/right.png
cabinet,0eded1eb6381909c5b6c33c970edc544,front,ok,0.034012,470,20,0.035858,470,0932fd7fc7c0a76e2e6650f23511bd945d6a9667e4ea2b34af2b1d54bbfd785e,true,/cpfs/user/zhuzihou/assets/dedup_workspaces/test0_transitive_apply_parallel/dataset/GRScenes_assets/cabinet/0eded1eb6381909c5b6c33c970edc544/front.png
cabinet,0eded1eb6381909c5b6c33c970edc544,left,ok,0.033920,38,322,0.046677,322,ccc76ca0ae302538919148d5dac53c3ddc38f4131c92a7df9ccf83a97b5ddc63,true,/cpfs/user/zhuzihou/assets/dedup_workspaces/test0_transitive_apply_parallel/dataset/GRScenes_assets/cabinet/0eded1eb6381909c5b6c33c970edc544/left.png
cabinet,0eded1eb6381909c5b6c33c970edc544,back,ok,0.034008,470,20,0.035858,470,46952686359f06681dbb829b72068f07d6e692f6ef1270c1aee6af28526db38f,true,/cpfs/user/zhuzihou/assets/dedup_workspaces/test0_transitive_apply_parallel/dataset/GRScenes_assets/cabinet/0eded1eb6381909c5b6c33c970edc544/back.png
cabinet,0eded1eb6381909c5b6c33c970edc544,right,ok,0.033920,38,322,0.046677,322,174e024145c1ca5757d4e5aa74b2d6ee935af4692e2978e0c2b9f4cdac14517f,true,/cpfs/user/zhuzihou/assets/dedup_workspaces/test0_transitive_apply_parallel/dataset/GRScenes_assets/cabinet/0eded1eb6381909c5b6c33c970edc544/right.png
cabinet,10b0842e6d25cc47fa85fa1928e1544f,front,ok,0.274712,507,157,0.303646,507,44ebc7538bdce898aa06b039c4e8425b46c71fb9ecfcbc2fbdfd0e8a8a484a82,true,/cpfs/user/zhuzihou/assets/dedup_workspaces/test0_transitive_apply_parallel/dataset/GRScenes_assets/cabinet/10b0842e6d25cc47fa85fa1928e1544f/front.png
cabinet,10b0842e6d25cc47fa85fa1928e1544f,left,ok,0.146740,127,398,0.192818,398,74063fd6303ffd722fff5ea40306922b2ba613769cf739265919abb837b79726,true,/cpfs/user/zhuzihou/assets/dedup_workspaces/test0_transitive_apply_parallel/dataset/GRScenes_assets/cabinet/10b0842e6d25cc47fa85fa1928e1544f/left.png
cabinet,10b0842e6d25cc47fa85fa1928e1544f,back,ok,0.278877,506,157,0.303047,506,adf4a8628115ce107d6b5326984e031125be15090476613e94cad9cb7d3c33a9,true,/cpfs/user/zhuzihou/assets/dedup_workspaces/test0_transitive_apply_parallel/dataset/GRScenes_assets/cabinet/10b0842e6d25cc47fa85fa1928e1544f/back.png
cabinet,10b0842e6d25cc47fa85fa1928e1544f,right,ok,0.135464,126,398,0.191299,398,25b592a5f535eb48247d679356cb5cb1078671ebb7ca63942dc5546bcef153af,true,/cpfs/user/zhuzihou/assets/dedup_workspaces/test0_transitive_apply_parallel/dataset/GRScenes_assets/cabinet/10b0842e6d25cc47fa85fa1928e1544f/right.png
cabinet,11413ddf3ff0d34acc6a3d6c5e9651e8,front,ok,0.406322,366,391,0.545906,391,0236ef15e8960c72e67e516895eb65153d96c2e57d9a8d73cd06ed4da44dc6a6,true,/cpfs/user/zhuzihou/assets/dedup_workspaces/test0_transitive_apply_parallel/dataset/GRScenes_assets/cabinet/11413ddf3ff0d34acc6a3d6c5e9651e8/front.png
cabinet,11413ddf3ff0d34acc6a3d6c5e9651e8,left,ok,0.316303,252,432,0.415283,432,ba1a49895c88fcad1c8af0c5ab85839c98a908ed9cc284940c161873fd5e6d35,true,/cpfs/user/zhuzihou/assets/dedup_workspaces/test0_transitive_apply_parallel/dataset/GRScenes_assets/cabinet/11413ddf3ff0d34acc6a3d6c5e9651e8/left.png
cabinet,11413ddf3ff0d34acc6a3d6c5e9651e8,back,ok,0.396683,340,391,0.507126,391,584a344cdbafded32f30dcc6c99e19a98640e800a43ad136f8fd4e288cf081b4,true,/cpfs/user/zhuzihou/assets/dedup_workspaces/test0_transitive_apply_parallel/dataset/GRScenes_assets/cabinet/11413ddf3ff0d34acc6a3d6c5e9651e8/back.png
cabinet,11413ddf3ff0d34acc6a3d6c5e9651e8,right,ok,0.339157,269,429,0.440220,429,5a52718b1f45e0631362e77d13e5aca476198989ca85bacedc3334955745b49a,true,/cpfs/user/zhuzihou/assets/dedup_workspaces/test0_transitive_apply_parallel/dataset/GRScenes_assets/cabinet/11413ddf3ff0d34acc6a3d6c5e9651e8/right.png
cabinet,117a44467a223320cb538da11ca5f956,front,ok,0.260654,512,144,0.281250,512,d3afdc2d45313c6075da3bfee882a6c5ceaf1079afdd39a955d7823a8c262798,true,/cpfs/user/zhuzihou/assets/dedup_workspaces/test0_transitive_apply_parallel/dataset/GRScenes_assets/cabinet/117a44467a223320cb538da11ca5f956/front.png
cabinet,117a44467a223320cb538da11ca5f956,left,ok,0.248032,252,347,0.333572,347,af4f884a27b5f9515d6d8891f7e6281d0f261ba5b373eb98d76769914539407a,true,/cpfs/user/zhuzihou/assets/dedup_workspaces/test0_transitive_apply_parallel/dataset/GRScenes_assets/cabinet/117a44467a223320cb538da11ca5f956/left.png
cabinet,117a44467a223320cb538da11ca5f956,back,ok,0.260704,512,144,0.281250,512,ec202f42b2306726390f811e2b35544f299a75dd869d30e9bd896bd9449c900e,true,/cpfs/user/zhuzihou/assets/dedup_workspaces/test0_transitive_apply_parallel/dataset/GRScenes_assets/cabinet/117a44467a223320cb538da11ca5f956/back.png
cabinet,117a44467a223320cb538da11ca5f956,right,ok,0.252651,252,347,0.333572,347,316c510629ef4b315bf1ae81fa6bed71200b62e548667a8122df6aecb16ff51d,true,/cpfs/user/zhuzihou/assets/dedup_workspaces/test0_transitive_apply_parallel/dataset/GRScenes_assets/cabinet/117a44467a223320cb538da11ca5f956/right.png
cabinet,11b5e6aba98c3d732b8731c0e9fa46fb,front,ok,0.377552,502,225,0.430870,502,aa4380132a8ca9360f95081369674f25126035a93cbcc7baab361e100bec03cc,true,/cpfs/user/zhuzihou/assets/dedup_workspaces/test0_transitive_apply_parallel/dataset/GRScenes_assets/cabinet/11b5e6aba98c3d732b8731c0e9fa46fb/front.png
cabinet,11b5e6aba98c3d732b8731c0e9fa46fb,left,ok,0.191067,156,423,0.251724,423,d9f30003c8c44f937303cc05c0f5426c72ddfca7121084218ff8bfeb94dbd3f7,true,/cpfs/user/zhuzihou/assets/dedup_workspaces/test0_transitive_apply_parallel/dataset/GRScenes_assets/cabinet/11b5e6aba98c3d732b8731c0e9fa46fb/left.png
cabinet,11b5e6aba98c3d732b8731c0e9fa46fb,back,ok,0.375462,498,224,0.425537,498,53cf0bf12a7cfac8d31889cd05a9ef80c4e90777e89f8978eb5ab6cbe762c9ee,true,/cpfs/user/zhuzihou/assets/dedup_workspaces/test0_transitive_apply_parallel/dataset/GRScenes_assets/cabinet/11b5e6aba98c3d732b8731c0e9fa46fb/back.png
cabinet,11b5e6aba98c3d732b8731c0e9fa46fb,right,ok,0.193642,156,423,0.251724,423,6173e97ef5daa8f53c00d8baa80c50c42a5685fc0c6b4eb31d0826cb04938c81,true,/cpfs/user/zhuzihou/assets/dedup_workspaces/test0_transitive_apply_parallel/dataset/GRScenes_assets/cabinet/11b5e6aba98c3d732b8731c0e9fa46fb/right.png
cabinet,123f6a89cd741c984dc5030f1c7ca2a3,front,ok,0.312271,324,330,0.407867,330,6697b661b7e621735f3869008ec3e797352a752b4658a0bef75661f726bd0cd9,true,/cpfs/user/zhuzihou/assets/dedup_workspaces/test0_transitive_apply_parallel/dataset/GRScenes_assets/cabinet/123f6a89cd741c984dc5030f1c7ca2a3/front.png
cabinet,123f6a89cd741c984dc5030f1c7ca2a3,left,ok,0.302872,512,171,0.333984,512,daf7970f837094ed9b429d1d15d7da81b76102d11d950d2b1105968e1a287549,true,/cpfs/user/zhuzihou/assets/dedup_workspaces/test0_transitive_apply_parallel/dataset/GRScenes_assets/cabinet/123f6a89cd741c984dc5030f1c7ca2a3/left.png
cabinet,123f6a89cd741c984dc5030f1c7ca2a3,back,ok,0.312298,324,330,0.407867,330,7836b07edd98ad9b2ca86a876331fb84b6f09531fec9c2de45f3f7032cefc2e5,true,/cpfs/user/zhuzihou/assets/dedup_workspaces/test0_transitive_apply_parallel/dataset/GRScenes_assets/cabinet/123f6a89cd741c984dc5030f1c7ca2a3/back.png
cabinet,123f6a89cd741c984dc5030f1c7ca2a3,right,ok,0.302876,512,171,0.333984,512,d2f6db35f2b3abd166ef8e1f4635466516e9b388dc0e969954fb9e145cba5879,true,/cpfs/user/zhuzihou/assets/dedup_workspaces/test0_transitive_apply_parallel/dataset/GRScenes_assets/cabinet/123f6a89cd741c984dc5030f1c7ca2a3/right.png
cabinet,131d3cd0588c4c99b6d6106dfee89487,front,ok,0.447098,410,365,0.570869,410,95b4d7cf265a14459f309cc570899d11bda18d69fee5a39be0e26717bd6aa64d,true,/cpfs/user/zhuzihou/assets/dedup_workspaces/test0_transitive_apply_parallel/dataset/GRScenes_assets/cabinet/131d3cd0588c4c99b6d6106dfee89487/front.png
cabinet,131d3cd0588c4c99b6d6106dfee89487,left,ok,0.366379,302,420,0.483856,420,3fe318a99da77f2712e6fb8151a38053a8466a6513c59e48b4f0763958e740f3,true,/cpfs/user/zhuzihou/assets/dedup_workspaces/test0_transitive_apply_parallel/dataset/GRScenes_assets/cabinet/131d3cd0588c4c99b6d6106dfee89487/left.png
cabinet,131d3cd0588c4c99b6d6106dfee89487,back,ok,0.456146,429,362,0.592415,429,557f9f7122a7195729c5f80e941031f1f9c6e2f5107e66d983d0acd1884c16eb,true,/cpfs/user/zhuzihou/assets/dedup_workspaces/test0_transitive_apply_parallel/dataset/GRScenes_assets/cabinet/131d3cd0588c4c99b6d6106dfee89487/back.png
cabinet,131d3cd0588c4c99b6d6106dfee89487,right,ok,0.397381,325,420,0.520706,420,1812977a7643706b4f8426d646583ac210623dbebfa249988b8b40f8fa5be2f4,true,/cpfs/user/zhuzihou/assets/dedup_workspaces/test0_transitive_apply_parallel/dataset/GRScenes_assets/cabinet/131d3cd0588c4c99b6d6106dfee89487/right.png
cabinet,1347473d7fe8c041e902558d24c9e375,front,ok,0.135311,146,386,0.214981,386,d5dcb591d4d748d635d14676a7673f7047337d9a71206db6488e0233074ee403,true,/cpfs/user/zhuzihou/assets/dedup_workspaces/test0_transitive_apply_parallel/dataset/GRScenes_assets/cabinet/1347473d7fe8c041e902558d24c9e375/front.png
cabinet,1347473d7fe8c041e902558d24c9e375,left,ok,0.225166,510,129,0.250969,510,1e2bf7ec695f0a0297ce5895c6410211100459cd615c4c90b3159fa538d9d9f2,true,/cpfs/user/zhuzihou/assets/dedup_workspaces/test0_transitive_apply_parallel/dataset/GRScenes_assets/cabinet/1347473d7fe8c041e902558d24c9e375/left.png
cabinet,1347473d7fe8c041e902558d24c9e375,back,ok,0.136784,146,386,0.214981,386,6024e74f7c816f0d2c9f48cbaec18f43be4d92f0cab8a7efe3bc5f06eeaad490,true,/cpfs/user/zhuzihou/assets/dedup_workspaces/test0_transitive_apply_parallel/dataset/GRScenes_assets/cabinet/1347473d7fe8c041e902558d24c9e375/back.png
cabinet,1347473d7fe8c041e902558d24c9e375,right,ok,0.223545,510,129,0.250969,510,ce962664d707ca8cdad2913ec229b4b6d417deb9632a6f41645770c36cd4ff43,true,/cpfs/user/zhuzihou/assets/dedup_workspaces/test0_transitive_apply_parallel/dataset/GRScenes_assets/cabinet/1347473d7fe8c041e902558d24c9e375/right.png
cabinet,14518ee7c3327fa90efa28661c63e3dc,front,ok,0.021729,16,448,0.027344,448,466ce38f6d764ae710616fff94316294a4a2c85a2a3ab8b826223ce381e237cc,true,/cpfs/user/zhuzihou/assets/dedup_workspaces/test0_transitive_apply_parallel/dataset/GRScenes_assets/cabinet/14518ee7c3327fa90efa28661c63e3dc/front.png
cabinet,14518ee7c3327fa90efa28661c63e3dc,left,ok,0.233002,198,391,0.295326,391,ba0738bf05cd981e3f2901975b54970d9cb17d0527dd0dd6bfba85f13f7bf625,true,/cpfs/user/zhuzihou/assets/dedup_workspaces/test0_transitive_apply_parallel/dataset/GRScenes_assets/cabinet/14518ee7c3327fa90efa28661c63e3dc/left.png
cabinet,14518ee7c3327fa90efa28661c63e3dc,back,ok,0.021759,16,448,0.027344,448,082779b1552dfb299a99bd7133154e8cde5030396228c6c707b36bab8b932e31,true,/cpfs/user/zhuzihou/assets/dedup_workspaces/test0_transitive_apply_parallel/dataset/GRScenes_assets/cabinet/14518ee7c3327fa90efa28661c63e3dc/back.png
cabinet,14518ee7c3327fa90efa28661c63e3dc,right,ok,0.233002,198,391,0.295326,391,47221a4e3362fe6ea5434247e189a60aab747995c975316b2958e534a5b03781,true,/cpfs/user/zhuzihou/assets/dedup_workspaces/test0_transitive_apply_parallel/dataset/GRScenes_assets/cabinet/14518ee7c3327fa90efa28661c63e3dc/right.png
cabinet,14e7884719a9d4827da27b4ccb0a7757,front,ok,0.024117,20,411,0.031357,411,58513aa18157803fae194cc6be4c0ecacd3213010037d1ab0dcddb4be70113d3,true,/cpfs/user/zhuzihou/assets/dedup_workspaces/test0_transitive_apply_parallel/dataset/GRScenes_assets/cabinet/14e7884719a9d4827da27b4ccb0a7757/front.png
cabinet,14e7884719a9d4827da27b4ccb0a7757,left,ok,0.044765,36,407,0.055893,407,c439b0eb126a3e1e77be8accf370cc5c315d1db282327a4c2ac3a7d2fb5aa960,true,/cpfs/user/zhuzihou/assets/dedup_workspaces/test0_transitive_apply_parallel/dataset/GRScenes_assets/cabinet/14e7884719a9d4827da27b4ccb0a7757/left.png
cabinet,14e7884719a9d4827da27b4ccb0a7757,back,ok,0.025063,20,411,0.031357,411,4198c868ec05de99cef82ae65eb16c1e5a5a526c39f3483cf7bdcd069422ce9b,true,/cpfs/user/zhuzihou/assets/dedup_workspaces/test0_transitive_apply_parallel/dataset/GRScenes_assets/cabinet/14e7884719a9d4827da27b4ccb0a7757/back.png
cabinet,14e7884719a9d4827da27b4ccb0a7757,right,ok,0.044319,36,407,0.055893,407,6d890068660d479b62190ba143be2ed1768f726f6747c93b1a230f24bb0f06c4,true,/cpfs/user/zhuzihou/assets/dedup_workspaces/test0_transitive_apply_parallel/dataset/GRScenes_assets/cabinet/14e7884719a9d4827da27b4ccb0a7757/right.png
cabinet,14fc91229d96aeb044730f86ebdb94de,front,ok,0.395378,470,272,0.487671,470,15d32cc2a11937be92f4a14ce321bd78e5809163fc9c79a0bf5e0a5a9bdab3ae,true,/cpfs/user/zhuzihou/assets/dedup_workspaces/test0_transitive_apply_parallel/dataset/GRScenes_assets/cabinet/14fc91229d96aeb044730f86ebdb94de/front.png
cabinet,14fc91229d96aeb044730f86ebdb94de,left,ok,0.394180,487,258,0.479301,487,4b483d36c66017e7a3817db34a6abe6819560ce2e412d735c147752248502531,true,/cpfs/user/zhuzihou/assets/dedup_workspaces/test0_transitive_apply_parallel/dataset/GRScenes_assets/cabinet/14fc91229d96aeb044730f86ebdb94de/left.png
cabinet,14fc91229d96aeb044730f86ebdb94de,back,ok,0.395092,469,272,0.486633,469,8c7bf4e647671a01c653174f96a5379692dbe4b08a23f67d9e41ca7bd3820426,true,/cpfs/user/zhuzihou/assets/dedup_workspaces/test0_transitive_apply_parallel/dataset/GRScenes_assets/cabinet/14fc91229d96aeb044730f86ebdb94de/back.png
cabinet,14fc91229d96aeb044730f86ebdb94de,right,ok,0.392212,488,258,0.480286,488,ec102feac7c21cd206085f904ee3c74e98497c405926c1058f3ed35988e19081,true,/cpfs/user/zhuzihou/assets/dedup_workspaces/test0_transitive_apply_parallel/dataset/GRScenes_assets/cabinet/14fc91229d96aeb044730f86ebdb94de/right.png
cabinet,152f5172416f7db261631d902d48e910,front,ok,0.117538,88,457,0.153412,457,e94287e3f5bd9d2956b7afbcb7c9c3a380a10773452b347c3bf661e11c917520,true,/cpfs/user/zhuzihou/assets/dedup_workspaces/test0_transitive_apply_parallel/dataset/GRScenes_assets/cabinet/152f5172416f7db261631d902d48e910/front.png
cabinet,152f5172416f7db261631d902d48e910,left,ok,0.359436,319,370,0.450249,370,169cde3f7a8770bbf036b0ffe02be62e8177c0b63cfefe1e5166fedace61556e,true,/cpfs/user/zhuzihou/assets/dedup_workspaces/test0_transitive_apply_parallel/dataset/GRScenes_assets/cabinet/152f5172416f7db261631d902d48e910/left.png
cabinet,152f5172416f7db261631d902d48e910,back,ok,0.084866,88,457,0.153412,457,a0585e7f78cf83e436fa4cf66cf5e787d4e38a6928a742bcb8ba7c54f2994772,true,/cpfs/user/zhuzihou/assets/dedup_workspaces/test0_transitive_apply_parallel/dataset/GRScenes_assets/cabinet/152f5172416f7db261631d902d48e910/back.png
cabinet,152f5172416f7db261631d902d48e910,right,ok,0.332500,319,361,0.439297,361,217bbd25d90c00df96fa423348b3137f592aae1142ebbdd9ffddbb6788a013dd,true,/cpfs/user/zhuzihou/assets/dedup_workspaces/test0_transitive_apply_parallel/dataset/GRScenes_assets/cabinet/152f5172416f7db261631d902d48e910/right.png
cabinet,1586f1a148fd395ce32ad3108e2273b2,front,ok,0.158829,120,450,0.205994,450,d3187c1ed80b6bea0917193c551bd0de19f8808f640fee7ee3c73da8183bd0f7,true,/cpfs/user/zhuzihou/assets/dedup_workspaces/test0_transitive_apply_parallel/dataset/GRScenes_assets/cabinet/1586f1a148fd395ce32ad3108e2273b2/front.png
cabinet,1586f1a148fd395ce32ad3108e2273b2,left,ok,0.309437,258,400,0.393677,400,33b0e0c79951305c19605b56f3c56780a9797eac92e8efa423da7788a6c5d773,true,/cpfs/user/zhuzihou/assets/dedup_workspaces/test0_transitive_apply_parallel/dataset/GRScenes_assets/cabinet/1586f1a148fd395ce32ad3108e2273b2/left.png
cabinet,1586f1a148fd395ce32ad3108e2273b2,back,ok,0.157120,120,450,0.205994,450,3d642b482192dcb6b5fd9c6b027df6cfd149cecfeaf7f73c77e6b22d0c78dc0d,true,/cpfs/user/zhuzihou/assets/dedup_workspaces/test0_transitive_apply_parallel/dataset/GRScenes_assets/cabinet/1586f1a148fd395ce32ad3108e2273b2/back.png
cabinet,1586f1a148fd395ce32ad3108e2273b2,right,ok,0.309437,258,400,0.393677,400,9021c0a3ee7e274d1afb8be8455968556dc57b78363009377ebe76bab15c3cb0,true,/cpfs/user/zhuzihou/assets/dedup_workspaces/test0_transitive_apply_parallel/dataset/GRScenes_assets/cabinet/1586f1a148fd395ce32ad3108e2273b2/right.png
cabinet,160a2eb015ae72b52caeded2f95030d1,front,ok,0.275066,512,163,0.318359,512,fd40b1fa928c2be9ea641553d738a59447b7a6c5b468549e2d277bd950203f41,true,/cpfs/user/zhuzihou/assets/dedup_workspaces/test0_transitive_apply_parallel/dataset/GRScenes_assets/cabinet/160a2eb015ae72b52caeded2f95030d1/front.png
cabinet,160a2eb015ae72b52caeded2f95030d1,left,ok,0.247517,302,334,0.384781,334,f6ae732b738b1934bd7b10681df80e269e11993045f8ff7de79897c0cb42091d,true,/cpfs/user/zhuzihou/assets/dedup_workspaces/test0_transitive_apply_parallel/dataset/GRScenes_assets/cabinet/160a2eb015ae72b52caeded2f95030d1/left.png
cabinet,160a2eb015ae72b52caeded2f95030d1,back,ok,0.275158,512,163,0.318359,512,9a8abf3c79d6b3731eb0dfe8c55cec4cb032503516ac3b318f0dfa5b2f75b44f,true,/cpfs/user/zhuzihou/assets/dedup_workspaces/test0_transitive_apply_parallel/dataset/GRScenes_assets/cabinet/160a2eb015ae72b52caeded2f95030d1/back.png
cabinet,160a2eb015ae72b52caeded2f95030d1,right,ok,0.292854,303,331,0.382587,331,fd157594bfd5a1566590769c66005a9e12813823c3d10d223541e8b0e81d4dcc,true,/cpfs/user/zhuzihou/assets/dedup_workspaces/test0_transitive_apply_parallel/dataset/GRScenes_assets/cabinet/160a2eb015ae72b52caeded2f95030d1/right.png
cabinet,160f2fbfc15a1d46b19b74c02873b4d3,front,ok,0.488285,512,297,0.580078,512,320ab8e18af9b33b728793d2aefb94375ac24306bec5c8d6f047b73d897d4499,true,/cpfs/user/zhuzihou/assets/dedup_workspaces/test0_transitive_apply_parallel/dataset/GRScenes_assets/cabinet/160f2fbfc15a1d46b19b74c02873b4d3/front.png
cabinet,160f2fbfc15a1d46b19b74c02873b4d3,left,ok,0.453220,412,360,0.565796,412,b67b511d7bb3f22dca92aa7bf4022539cd07a4ee3d6ac0ee1690ca39c96e3b3e,true,/cpfs/user/zhuzihou/assets/dedup_workspaces/test0_transitive_apply_parallel/dataset/GRScenes_assets/cabinet/160f2fbfc15a1d46b19b74c02873b4d3/left.png
cabinet,160f2fbfc15a1d46b19b74c02873b4d3,back,ok,0.488308,512,297,0.580078,512,c8cf19b30372bf0a24b08e4ad204609fc04fc933e57a6450e6ee36d9e09e1abe,true,/cpfs/user/zhuzihou/assets/dedup_workspaces/test0_transitive_apply_parallel/dataset/GRScenes_assets/cabinet/160f2fbfc15a1d46b19b74c02873b4d3/back.png
cabinet,160f2fbfc15a1d46b19b74c02873b4d3,right,ok,0.460342,412,367,0.576797,412,dd91187377a161fa71dac36c5e63e83889f496ebe409a31c182eedc0f5c32cfa,true,/cpfs/user/zhuzihou/assets/dedup_workspaces/test0_transitive_apply_parallel/dataset/GRScenes_assets/cabinet/160f2fbfc15a1d46b19b74c02873b4d3/right.png
cabinet,16391d5213c13e557047bdab8d6afed1,front,ok,0.269127,512,150,0.292969,512,dc7a345e56ba3026585f0ad4450dfc8e1bde6186a2eb53a489605b605b8946b1,true,/cpfs/user/zhuzihou/assets/dedup_workspaces/test0_transitive_apply_parallel/dataset/GRScenes_assets/cabinet/16391d5213c13e557047bdab8d6afed1/front.png
cabinet,16391d5213c13e557047bdab8d6afed1,left,ok,0.274158,286,334,0.364395,334,aad7788a0a74ce5698811aa7add2d9e2655f14f180f145d8b8797a3293fec407,true,/cpfs/user/zhuzihou/assets/dedup_workspaces/test0_transitive_apply_parallel/dataset/GRScenes_assets/cabinet/16391d5213c13e557047bdab8d6afed1/left.png
cabinet,16391d5213c13e557047bdab8d6afed1,back,ok,0.269112,512,150,0.292969,512,257f0145a9fe6b842ab484f9c23c8632d040e0d6b162c51a1d99f5f43284ecd4,true,/cpfs/user/zhuzihou/assets/dedup_workspaces/test0_transitive_apply_parallel/dataset/GRScenes_assets/cabinet/16391d5213c13e557047bdab8d6afed1/back.png
cabinet,16391d5213c13e557047bdab8d6afed1,right,ok,0.276863,286,334,0.364395,334,00ff889665e2e277a9dafd542fa5362f8b232ff799e096ab82f4a01fec23072e,true,/cpfs/user/zhuzihou/assets/dedup_workspaces/test0_transitive_apply_parallel/dataset/GRScenes_assets/cabinet/16391d5213c13e557047bdab8d6afed1/right.png
cabinet,166e0fec2ee305c966e65ac3221874d7,front,ok,0.286755,509,162,0.314552,509,5fd3aa5b970d8d9e1da9e1f9d52399d64aa50375156f3debb8d8203c869c4d5c,true,/cpfs/user/zhuzihou/assets/dedup_workspaces/test0_transitive_apply_parallel/dataset/GRScenes_assets/cabinet/166e0fec2ee305c966e65ac3221874d7/front.png
cabinet,166e0fec2ee305c966e65ac3221874d7,left,ok,0.156845,137,398,0.208000,398,00d017c12681674d03dc0a43d5ada40735cf634156a716703a1b2da274ea59b5,true,/cpfs/user/zhuzihou/assets/dedup_workspaces/test0_transitive_apply_parallel/dataset/GRScenes_assets/cabinet/166e0fec2ee305c966e65ac3221874d7/left.png
cabinet,166e0fec2ee305c966e65ac3221874d7,back,ok,0.288788,507,163,0.315250,507,16fd5de5cd8393e6ab0c7c74c43e9d134f705666e80699649270a7b622efb930,true,/cpfs/user/zhuzihou/assets/dedup_workspaces/test0_transitive_apply_parallel/dataset/GRScenes_assets/cabinet/166e0fec2ee305c966e65ac3221874d7/back.png
cabinet,166e0fec2ee305c966e65ac3221874d7,right,ok,0.161140,138,398,0.209518,398,9122df02176c75df7289ddac21f619db72fb23abb13fdcc7fd9df477d39d2d9a,true,/cpfs/user/zhuzihou/assets/dedup_workspaces/test0_transitive_apply_parallel/dataset/GRScenes_assets/cabinet/166e0fec2ee305c966e65ac3221874d7/right.png
cabinet,169bf30fc2a0d45dcbf7f955e12563fc,front,ok,0.140537,210,356,0.285187,356,3e8165ba05d74c615670643c3db7af148aaadb34f51867dc71908a2f4532a12e,true,/cpfs/user/zhuzihou/assets/dedup_workspaces/test0_transitive_apply_parallel/dataset/GRScenes_assets/cabinet/169bf30fc2a0d45dcbf7f955e12563fc/front.png
cabinet,169bf30fc2a0d45dcbf7f955e12563fc,left,ok,0.188194,461,152,0.267303,461,49188d5c0ec788609c2703c074baac04b56a55bd70cf76e4b589ea4273f769b5,true,/cpfs/user/zhuzihou/assets/dedup_workspaces/test0_transitive_apply_parallel/dataset/GRScenes_assets/cabinet/169bf30fc2a0d45dcbf7f955e12563fc/left.png
cabinet,169bf30fc2a0d45dcbf7f955e12563fc,back,ok,0.160881,217,293,0.242542,293,140cf0663e1a004a9e69a3a648af963465dd8fc5de980103a1dc53d2c706d00c,true,/cpfs/user/zhuzihou/assets/dedup_workspaces/test0_transitive_apply_parallel/dataset/GRScenes_assets/cabinet/169bf30fc2a0d45dcbf7f955e12563fc/back.png
cabinet,169bf30fc2a0d45dcbf7f955e12563fc,right,ok,0.186024,463,153,0.270229,463,492489fd00a49b08ee3c393a0c00325a2574d720ae3775d05af7d58e89445198,true,/cpfs/user/zhuzihou/assets/dedup_workspaces/test0_transitive_apply_parallel/dataset/GRScenes_assets/cabinet/169bf30fc2a0d45dcbf7f955e12563fc/right.png
cabinet,17a0b05aede4f155e56e474196680a03,front,ok,0.269535,512,153,0.298828,512,b184f08cc19bab761701be04d6a47db0a344d45e95890fda529ea60e776d137e,true,/cpfs/user/zhuzihou/assets/dedup_workspaces/test0_transitive_apply_parallel/dataset/GRScenes_assets/cabinet/17a0b05aede4f155e56e474196680a03/front.png
cabinet,17a0b05aede4f155e56e474196680a03,left,ok,0.283970,298,327,0.371727,327,9353ab79f67ccc19b50b65ab4e1f270113647272f963b4b00d8230004a12fd1c,true,/cpfs/user/zhuzihou/assets/dedup_workspaces/test0_transitive_apply_parallel/dataset/GRScenes_assets/cabinet/17a0b05aede4f155e56e474196680a03/left.png
cabinet,17a0b05aede4f155e56e474196680a03,back,ok,0.269516,512,153,0.298828,512,760d0b9030b3bd003d826d01e73ab9f28a00c4abaee4e3856f4ef0b1299939b7,true,/cpfs/user/zhuzihou/assets/dedup_workspaces/test0_transitive_apply_parallel/dataset/GRScenes_assets/cabinet/17a0b05aede4f155e56e474196680a03/back.png
cabinet,17a0b05aede4f155e56e474196680a03,right,ok,0.283348,298,325,0.369453,325,9ee9e6f13b1234011691c7b187e40a374a0557e383c8eba22584f7c273040c68,true,/cpfs/user/zhuzihou/assets/dedup_workspaces/test0_transitive_apply_parallel/dataset/GRScenes_assets/cabinet/17a0b05aede4f155e56e474196680a03/right.png
cabinet,18a12c0ee00d99b21fb86d59284461b2,front,ok,0.367527,384,366,0.536133,384,3180d219466740e6370f52db2a0fa77af5733f69d17cacda297d70205502d4a9,true,/cpfs/user/zhuzihou/assets/dedup_workspaces/test0_transitive_apply_parallel/dataset/GRScenes_assets/cabinet/18a12c0ee00d99b21fb86d59284461b2/front.png
cabinet,18a12c0ee00d99b21fb86d59284461b2,left,ok,0.302681,290,414,0.457993,414,c026c6533f2c14fe22e3c81ce192c58af47aa7aac6b17fe57d6f8c33cd03d1dd,true,/cpfs/user/zhuzihou/assets/dedup_workspaces/test0_transitive_apply_parallel/dataset/GRScenes_assets/cabinet/18a12c0ee00d99b21fb86d59284461b2/left.png
cabinet,18a12c0ee00d99b21fb86d59284461b2,back,ok,0.395355,421,369,0.592609,421,097ececb616d01b654816c1ef51953b02cc8fb9f2be40bad65ab02106fd2c42a,true,/cpfs/user/zhuzihou/assets/dedup_workspaces/test0_transitive_apply_parallel/dataset/GRScenes_assets/cabinet/18a12c0ee00d99b21fb86d59284461b2/back.png
cabinet,18a12c0ee00d99b21fb86d59284461b2,right,ok,0.391907,318,411,0.498573,411,30a59c7bd397bf17b7f7e2789109bb0752e737601a83ae5ce3097fb34e7d8e9d,true,/cpfs/user/zhuzihou/assets/dedup_workspaces/test0_transitive_apply_parallel/dataset/GRScenes_assets/cabinet/18a12c0ee00d99b21fb86d59284461b2/right.png
cabinet,19a0992e5f07a176608d27d168eccaea,front,ok,0.098026,476,56,0.101685,476,726f557fe53154e653f887e6a0eefcf4e95d16c6972b18fef04f2293210ec9a8,true,/cpfs/user/zhuzihou/assets/dedup_workspaces/test0_transitive_apply_parallel/dataset/GRScenes_assets/cabinet/19a0992e5f07a176608d27d168eccaea/front.png
cabinet,19a0992e5f07a176608d27d168eccaea,left,ok,0.009678,10,362,0.013809,362,2d3c216cf6ca7ec27beee6e43bee024a24c18e430164a8f06dae11ce3e140b05,true,/cpfs/user/zhuzihou/assets/dedup_workspaces/test0_transitive_apply_parallel/dataset/GRScenes_assets/cabinet/19a0992e5f07a176608d27d168eccaea/left.png
cabinet,19a0992e5f07a176608d27d168eccaea,back,ok,0.097878,476,56,0.101685,476,e4aad7cb15d1404a897c5a77b0a5e4031531f2ad46094d86cc5f738119466a25,true,/cpfs/user/zhuzihou/assets/dedup_workspaces/test0_transitive_apply_parallel/dataset/GRScenes_assets/cabinet/19a0992e5f07a176608d27d168eccaea/back.png
cabinet,19a0992e5f07a176608d27d168eccaea,right,ok,0.009682,10,362,0.013809,362,d1b9c0affa42eb4beb603dbe1813b1274424d4ead469b42819212cfb98dda14b,true,/cpfs/user/zhuzihou/assets/dedup_workspaces/test0_transitive_apply_parallel/dataset/GRScenes_assets/cabinet/19a0992e5f07a176608d27d168eccaea/right.png
cabinet,1a00a7d55a56e5b61bd30043f31e03f6,front,ok,0.287224,512,162,0.316406,512,b23f71debbf958042ef8058ef3e2e54a9f65929618da3405f83122eeeef96887,true,/cpfs/user/zhuzihou/assets/dedup_workspaces/test0_transitive_apply_parallel/dataset/GRScenes_assets/cabinet/1a00a7d55a56e5b61bd30043f31e03f6/front.png
cabinet,1a00a7d55a56e5b61bd30043f31e03f6,left,ok,0.223152,201,379,0.290600,379,39ef08fb70026ab3fd92bea1270e6e78d11f0155a25b818e0cca1e63e0390037,true,/cpfs/user/zhuzihou/assets/dedup_workspaces/test0_transitive_apply_parallel/dataset/GRScenes_assets/cabinet/1a00a7d55a56e5b61bd30043f31e03f6/left.png
cabinet,1a00a7d55a56e5b61bd30043f31e03f6,back,ok,0.286972,512,159,0.310547,512,58110333a50635ad4b3382f2edaa3a628d3e585e775f2cff3dbb5b3267ddf789,true,/cpfs/user/zhuzihou/assets/dedup_workspaces/test0_transitive_apply_parallel/dataset/GRScenes_assets/cabinet/1a00a7d55a56e5b61bd30043f31e03f6/back.png
cabinet,1a00a7d55a56e5b61bd30043f31e03f6,right,ok,0.222389,202,376,0.289734,376,8e725fdb631bf9b4b353b2216225b984329c42b1353ad7a9ca20ef3a810b72f6,true,/cpfs/user/zhuzihou/assets/dedup_workspaces/test0_transitive_apply_parallel/dataset/GRScenes_assets/cabinet/1a00a7d55a56e5b61bd30043f31e03f6/right.png
cabinet,1a72c83e94ab34c47b8fe176c16a2b47,front,ok,0.014011,14,351,0.018745,351,80c43a41c455dcbb6f7f73a70c8e95b3c662d06b73baee95a19e8e046480c197,true,/cpfs/user/zhuzihou/assets/dedup_workspaces/test0_transitive_apply_parallel/dataset/GRScenes_assets/cabinet/1a72c83e94ab34c47b8fe176c16a2b47/front.png
cabinet,1a72c83e94ab34c47b8fe176c16a2b47,left,ok,0.075649,472,43,0.077423,472,696ec858f19268b724c49d5f304715b5307ceb7d0e45b4e5b43361bb8bc1646c,true,/cpfs/user/zhuzihou/assets/dedup_workspaces/test0_transitive_apply_parallel/dataset/GRScenes_assets/cabinet/1a72c83e94ab34c47b8fe176c16a2b47/left.png
cabinet,1a72c83e94ab34c47b8fe176c16a2b47,back,ok,0.014000,14,350,0.018692,350,eb3dc96f0f69ca028be7127f7b108ead61cfdfdff385707034a68ef1676c1cde,true,/cpfs/user/zhuzihou/assets/dedup_workspaces/test0_transitive_apply_parallel/dataset/GRScenes_assets/cabinet/1a72c83e94ab34c47b8fe176c16a2b47/back.png
cabinet,1a72c83e94ab34c47b8fe176c16a2b47,right,ok,0.075645,472,43,0.077423,472,6275765a3ace6e43640634c2ef12130c1c0ce023af382d9050d8ffb79c16a5bf,true,/cpfs/user/zhuzihou/assets/dedup_workspaces/test0_transitive_apply_parallel/dataset/GRScenes_assets/cabinet/1a72c83e94ab34c47b8fe176c16a2b47/right.png
cabinet,1a90eabdd92d987169fdd8e83b63c939,front,ok,0.288258,512,186,0.363281,512,d46e3f6bec7e56e01ad85b9d0d6dcf8bc5362b0c5812a2651a267958d70ed275,true,/cpfs/user/zhuzihou/assets/dedup_workspaces/test0_transitive_apply_parallel/dataset/GRScenes_assets/cabinet/1a90eabdd92d987169fdd8e83b63c939/front.png
cabinet,1a90eabdd92d987169fdd8e83b63c939,left,ok,0.373177,342,388,0.506195,388,542dbeb1ba296603e77e0149850d1b9d905a91e0cfde86149c5dd0bc1645c41e,true,/cpfs/user/zhuzihou/assets/dedup_workspaces/test0_transitive_apply_parallel/dataset/GRScenes_assets/cabinet/1a90eabdd92d987169fdd8e83b63c939/left.png
cabinet,1a90eabdd92d987169fdd8e83b63c939,back,ok,0.450645,512,262,0.511719,512,4d8953da5566dcf1c4c6d559a1f774958bf5fe5cb4a73bbfefc113b47dc38ff9,true,/cpfs/user/zhuzihou/assets/dedup_workspaces/test0_transitive_apply_parallel/dataset/GRScenes_assets/cabinet/1a90eabdd92d987169fdd8e83b63c939/back.png
cabinet,1a90eabdd92d987169fdd8e83b63c939,right,ok,0.374043,342,388,0.506195,388,9f91105a6dfac24903e7eb9a628f94bdbde1d0644ae2539a3f62d044b12ca7cf,true,/cpfs/user/zhuzihou/assets/dedup_workspaces/test0_transitive_apply_parallel/dataset/GRScenes_assets/cabinet/1a90eabdd92d987169fdd8e83b63c939/right.png
cabinet,1a9d9270b5f3b2cb7c0af2013c7a5a6f,front,ok,0.385830,464,257,0.454895,464,c55a078c37df80a39ec0c140827060e7aaa10d1b41e48ce8cdb2ca4e753410e0,true,/cpfs/user/zhuzihou/assets/dedup_workspaces/test0_transitive_apply_parallel/dataset/GRScenes_assets/cabinet/1a9d9270b5f3b2cb7c0af2013c7a5a6f/front.png
cabinet,1a9d9270b5f3b2cb7c0af2013c7a5a6f,left,ok,0.079384,97,443,0.163921,443,d6937156373c857cc0c46373547574cd7d470eca88d65db8d199706e0e008a27,true,/cpfs/user/zhuzihou/assets/dedup_workspaces/test0_transitive_apply_parallel/dataset/GRScenes_assets/cabinet/1a9d9270b5f3b2cb7c0af2013c7a5a6f/left.png
cabinet,1a9d9270b5f3b2cb7c0af2013c7a5a6f,back,ok,0.325775,462,257,0.452934,462,cff83b8b5d0fc1aa58421efbd5043caf47499c20e68c7827c7caaeb351592fe3,true,/cpfs/user/zhuzihou/assets/dedup_workspaces/test0_transitive_apply_parallel/dataset/GRScenes_assets/cabinet/1a9d9270b5f3b2cb7c0af2013c7a5a6f/back.png
cabinet,1a9d9270b5f3b2cb7c0af2013c7a5a6f,right,ok,0.130497,105,443,0.177441,443,1dd5eea37ef432804344b55052cad726904eb5a0447bc0617dea6c46cce43d8b,true,/cpfs/user/zhuzihou/assets/dedup_workspaces/test0_transitive_apply_parallel/dataset/GRScenes_assets/cabinet/1a9d9270b5f3b2cb7c0af2013c7a5a6f/right.png
cabinet,1bf4d52959975733228f51d9c881abe6,front,ok,0.412743,398,334,0.507095,398,27258c4aff0b8849745339a376100751daa9ddfcd93ba46ba3db3666c6642a03,true,/cpfs/user/zhuzihou/assets/dedup_workspaces/test0_transitive_apply_parallel/dataset/GRScenes_assets/cabinet/1bf4d52959975733228f51d9c881abe6/front.png
cabinet,1bf4d52959975733228f51d9c881abe6,left,ok,0.158779,122,455,0.211754,455,621673fd5536226c6466846c965135a36c980efb966ec96591ec6129bc3057bb,true,/cpfs/user/zhuzihou/assets/dedup_workspaces/test0_transitive_apply_parallel/dataset/GRScenes_assets/cabinet/1bf4d52959975733228f51d9c881abe6/left.png
cabinet,1bf4d52959975733228f51d9c881abe6,back,ok,0.403221,396,329,0.496994,396,937b60f259d393768f0c7aa90a1715e9fa407dbf17f360739bf3e16de891d905,true,/cpfs/user/zhuzihou/assets/dedup_workspaces/test0_transitive_apply_parallel/dataset/GRScenes_assets/cabinet/1bf4d52959975733228f51d9c881abe6/back.png
cabinet,1bf4d52959975733228f51d9c881abe6,right,ok,0.158348,122,455,0.211754,455,7ec14594a00c88d8f9bc88f43a93cfa7fdbc95d97503ede08c9c8d7b1f15e33c,true,/cpfs/user/zhuzihou/assets/dedup_workspaces/test0_transitive_apply_parallel/dataset/GRScenes_assets/cabinet/1bf4d52959975733228f51d9c881abe6/right.png
cabinet,1dddcf9abba73c8116d2604166e0e52c,front,ok,0.401577,344,390,0.511780,390,985cc5aa4caabe1b66ee2b2bd1d115c059a0f5f0f92d6dd0fc3c3203be2e7631,true,/cpfs/user/zhuzihou/assets/dedup_workspaces/test0_transitive_apply_parallel/dataset/GRScenes_assets/cabinet/1dddcf9abba73c8116d2604166e0e52c/front.png
cabinet,1dddcf9abba73c8116d2604166e0e52c,left,ok,0.459320,512,267,0.521484,512,7fe105ca046d174c128a3b15276a35d14884efe2575c6e2654dac84b09964875,true,/cpfs/user/zhuzihou/assets/dedup_workspaces/test0_transitive_apply_parallel/dataset/GRScenes_assets/cabinet/1dddcf9abba73c8116d2604166e0e52c/left.png
cabinet,1dddcf9abba73c8116d2604166e0e52c,back,ok,0.399826,344,390,0.511780,390,2987b9fafb948c9bf6a438586aa556ad2810dd5f4073469918e8ea4ca5836c2c,true,/cpfs/user/zhuzihou/assets/dedup_workspaces/test0_transitive_apply_parallel/dataset/GRScenes_assets/cabinet/1dddcf9abba73c8116d2604166e0e52c/back.png
cabinet,1dddcf9abba73c8116d2604166e0e52c,right,ok,0.459320,512,267,0.521484,512,70d2e388ab7fd51839485189e9eb48737a5e408bb25c742fba204fdcbc10f925,true,/cpfs/user/zhuzihou/assets/dedup_workspaces/test0_transitive_apply_parallel/dataset/GRScenes_assets/cabinet/1dddcf9abba73c8116d2604166e0e52c/right.png
cabinet,1de4e06006d91c1cdd4cb03a8a22c7d9,front,ok,0.430523,476,278,0.504791,476,1de28c869b7976e11c71f19dd0ff928dc72348d2d20aa7a511f01fb2243a6018,true,/cpfs/user/zhuzihou/assets/dedup_workspaces/test0_transitive_apply_parallel/dataset/GRScenes_assets/cabinet/1de4e06006d91c1cdd4cb03a8a22c7d9/front.png
cabinet,1de4e06006d91c1cdd4cb03a8a22c7d9,left,ok,0.223557,172,441,0.289352,441,7d1b8e87cbdf3d646ac6c7bb7680de1b19aa9c89dbdccfefbc369e96ca40ac3a,true,/cpfs/user/zhuzihou/assets/dedup_workspaces/test0_transitive_apply_parallel/dataset/GRScenes_assets/cabinet/1de4e06006d91c1cdd4cb03a8a22c7d9/left.png
cabinet,1de4e06006d91c1cdd4cb03a8a22c7d9,back,ok,0.431923,476,279,0.506607,476,642fcc16cdb8b7b82900d4fcb4efebd24f2f7f236541beee01321b78c7bfd659,true,/cpfs/user/zhuzihou/assets/dedup_workspaces/test0_transitive_apply_parallel/dataset/GRScenes_assets/cabinet/1de4e06006d91c1cdd4cb03a8a22c7d9/back.png
cabinet,1de4e06006d91c1cdd4cb03a8a22c7d9,right,ok,0.223557,172,441,0.289352,441,fcc4aa4eb7c08e8052040af6c54d0d530c033d048ff77afebdfcfc3fe1b6070b,true,/cpfs/user/zhuzihou/assets/dedup_workspaces/test0_transitive_apply_parallel/dataset/GRScenes_assets/cabinet/1de4e06006d91c1cdd4cb03a8a22c7d9/right.png
cabinet,1e179880868e9ad45a8432316b3d1f12,front,ok,0.339165,512,191,0.373047,512,228113383ba4ea6bb737d339715d8c0b6e9039f7904a585a9bf8fb02858ca69b,true,/cpfs/user/zhuzihou/assets/dedup_workspaces/test0_transitive_apply_parallel/dataset/GRScenes_assets/cabinet/1e179880868e9ad45a8432316b3d1f12/front.png
cabinet,1e179880868e9ad45a8432316b3d1f12,left,ok,0.230423,289,364,0.401291,364,5f3e47121622c7d7df1d32500cd539804bbc33ce7ae0e8de6d3e30b59a0df104,true,/cpfs/user/zhuzihou/assets/dedup_workspaces/test0_transitive_apply_parallel/dataset/GRScenes_assets/cabinet/1e179880868e9ad45a8432316b3d1f12/left.png
cabinet,1e179880868e9ad45a8432316b3d1f12,back,ok,0.340324,512,191,0.373047,512,088aeb2cd26a9666a9c05caa16aa45c22906bfca224a93ec9fa50b086bec6c42,true,/cpfs/user/zhuzihou/assets/dedup_workspaces/test0_transitive_apply_parallel/dataset/GRScenes_assets/cabinet/1e179880868e9ad45a8432316b3d1f12/back.png
cabinet,1e179880868e9ad45a8432316b3d1f12,right,ok,0.312473,292,365,0.406570,365,8bca0fca7a2a6c9ad5c624828fee5db48907560b1eb86e6560a2a5ed6409d4e0,true,/cpfs/user/zhuzihou/assets/dedup_workspaces/test0_transitive_apply_parallel/dataset/GRScenes_assets/cabinet/1e179880868e9ad45a8432316b3d1f12/right.png
cabinet,1e4fec39fe2640c5567413a407c0550a,front,ok,0.050781,458,30,0.052414,458,0999fd920008781cb6081e1a8f14fd27e503ac0f6164b5b76925505e1a6d689c,true,/cpfs/user/zhuzihou/assets/dedup_workspaces/test0_transitive_apply_parallel/dataset/GRScenes_assets/cabinet/1e4fec39fe2640c5567413a407c0550a/front.png
cabinet,1e4fec39fe2640c5567413a407c0550a,left,ok,0.029160,33,333,0.041920,333,458f7afa0e5300b83196fcb9edfb04e73b98e938dcc5928e8746f129a847b184,true,/cpfs/user/zhuzihou/assets/dedup_workspaces/test0_transitive_apply_parallel/dataset/GRScenes_assets/cabinet/1e4fec39fe2640c5567413a407c0550a/left.png
cabinet,1e4fec39fe2640c5567413a407c0550a,back,ok,0.044304,474,25,0.045204,474,5b71309af93361f2abb3da515f68b99dd31d62ee894220b124fe1c020a807cb6,true,/cpfs/user/zhuzihou/assets/dedup_workspaces/test0_transitive_apply_parallel/dataset/GRScenes_assets/cabinet/1e4fec39fe2640c5567413a407c0550a/back.png
cabinet,1e4fec39fe2640c5567413a407c0550a,right,ok,0.029182,33,333,0.041920,333,56451db9abae716609e77ecfb6b1c594ebbe053c05ff3d8cc25590c812d92550,true,/cpfs/user/zhuzihou/assets/dedup_workspaces/test0_transitive_apply_parallel/dataset/GRScenes_assets/cabinet/1e4fec39fe2640c5567413a407c0550a/right.png
cabinet,1e50729bc3526e17d279351055fd5193,front,ok,0.301693,302,342,0.393997,342,105e64a8839f7515b7f47a29ec1cafdda9d22686960107c33c24beae4fe927f2,true,/cpfs/user/zhuzihou/assets/dedup_workspaces/test0_transitive_apply_parallel/dataset/GRScenes_assets/cabinet/1e50729bc3526e17d279351055fd5193/front.png
cabinet,1e50729bc3526e17d279351055fd5193,left,ok,0.302986,512,169,0.330078,512,ec29e07f31f9c7b26b5a67195565dd811d3bb7fc2af57104b92195c1232459f4,true,/cpfs/user/zhuzihou/assets/dedup_workspaces/test0_transitive_apply_parallel/dataset/GRScenes_assets/cabinet/1e50729bc3526e17d279351055fd5193/left.png
cabinet,1e50729bc3526e17d279351055fd5193,back,ok,0.301735,302,342,0.393997,342,30b5ce85772af6f14dd8f7f92c9993e9496c3a08f789b70dc09b3dcb48237162,true,/cpfs/user/zhuzihou/assets/dedup_workspaces/test0_transitive_apply_parallel/dataset/GRScenes_assets/cabinet/1e50729bc3526e17d279351055fd5193/back.png
cabinet,1e50729bc3526e17d279351055fd5193,right,ok,0.302654,512,169,0.330078,512,430eaf62f2b44e22fb3e8c4cc4857d87d6943ee4dee624817efaf749258ad4bc,true,/cpfs/user/zhuzihou/assets/dedup_workspaces/test0_transitive_apply_parallel/dataset/GRScenes_assets/cabinet/1e50729bc3526e17d279351055fd5193/right.png
cabinet,1e9e9ccb294489e66d2960b079618d94,front,ok,0.320118,290,412,0.455780,412,ef59858322732dff4013bf5573de6bfef6a963232618d4d402bda857e7668411,true,/cpfs/user/zhuzihou/assets/dedup_workspaces/test0_transitive_apply_parallel/dataset/GRScenes_assets/cabinet/1e9e9ccb294489e66d2960b079618d94/front.png
cabinet,1e9e9ccb294489e66d2960b079618d94,left,ok,0.453568,496,277,0.524109,496,fbcb9c25c1b9031ac7c0770e46c6e1099f75b62297f6452af93bea1c3bc8b968,true,/cpfs/user/zhuzihou/assets/dedup_workspaces/test0_transitive_apply_parallel/dataset/GRScenes_assets/cabinet/1e9e9ccb294489e66d2960b079618d94/left.png
cabinet,1e9e9ccb294489e66d2960b079618d94,back,ok,0.320198,290,412,0.455780,412,e7b0fc55a82f92e97517c2c152b98d6c5835b9bcf04cbe7a06b4bf111fa33190,true,/cpfs/user/zhuzihou/assets/dedup_workspaces/test0_transitive_apply_parallel/dataset/GRScenes_assets/cabinet/1e9e9ccb294489e66d2960b079618d94/back.png
cabinet,1e9e9ccb294489e66d2960b079618d94,right,ok,0.388344,512,244,0.476562,512,77dee8acc503e8b6ac88f5711b22667f06072e4cfa5a2211e2a5156ce0412fd2,true,/cpfs/user/zhuzihou/assets/dedup_workspaces/test0_transitive_apply_parallel/dataset/GRScenes_assets/cabinet/1e9e9ccb294489e66d2960b079618d94/right.png
cabinet,1f920706d855b66a9423f8bf95c65ebd,front,ok,0.422085,376,365,0.523529,376,11908435b3a0f9ac7a9d111c9ded6bece9719277f196f797ad63f954d4db04dd,true,/cpfs/user/zhuzihou/assets/dedup_workspaces/test0_transitive_apply_parallel/dataset/GRScenes_assets/cabinet/1f920706d855b66a9423f8bf95c65ebd/front.png
cabinet,1f920706d855b66a9423f8bf95c65ebd,left,ok,0.231277,175,451,0.301075,451,9c5e46a349b7521812b94155b038b6e9e77d9dce1ca850cf6433e45b4bef17c8,true,/cpfs/user/zhuzihou/assets/dedup_workspaces/test0_transitive_apply_parallel/dataset/GRScenes_assets/cabinet/1f920706d855b66a9423f8bf95c65ebd/left.png
cabinet,1f920706d855b66a9423f8bf95c65ebd,back,ok,0.421799,376,365,0.523529,376,8e5a3947f2b803bce7bc05f41fa41aca018f92f568fad3d22f259d4ebaec0086,true,/cpfs/user/zhuzihou/assets/dedup_workspaces/test0_transitive_apply_parallel/dataset/GRScenes_assets/cabinet/1f920706d855b66a9423f8bf95c65ebd/back.png
cabinet,1f920706d855b66a9423f8bf95c65ebd,right,ok,0.232311,175,451,0.301075,451,8052f76a5101a1acbc6016b42ad0213b4c43a86827712cfc6bd873e587dca6f7,true,/cpfs/user/zhuzihou/assets/dedup_workspaces/test0_transitive_apply_parallel/dataset/GRScenes_assets/cabinet/1f920706d855b66a9423f8bf95c65ebd/right.png
cabinet,1fd1fd43bb8f29af0268cb66d37ae6cf,front,ok,0.094597,92,374,0.131256,374,6e9d23c27a360e3c6cbb756ceb32b35addb318d04f55c14b93e2479b03652604,true,/cpfs/user/zhuzihou/assets/dedup_workspaces/test0_transitive_apply_parallel/dataset/GRScenes_assets/cabinet/1fd1fd43bb8f29af0268cb66d37ae6cf/front.png
cabinet,1fd1fd43bb8f29af0268cb66d37ae6cf,left,ok,0.173679,498,101,0.191872,498,d63c576dbe3897ae81eb9b9cb871ad3d2c9f8ac819cd097266f43114ee7a087f,true,/cpfs/user/zhuzihou/assets/dedup_workspaces/test0_transitive_apply_parallel/dataset/GRScenes_assets/cabinet/1fd1fd43bb8f29af0268cb66d37ae6cf/left.png
cabinet,1fd1fd43bb8f29af0268cb66d37ae6cf,back,ok,0.094631,92,374,0.131256,374,216515b1092da44a74ff6c5c2762658049b18b9f3e2a1916df73d169995efc45,true,/cpfs/user/zhuzihou/assets/dedup_workspaces/test0_transitive_apply_parallel/dataset/GRScenes_assets/cabinet/1fd1fd43bb8f29af0268cb66d37ae6cf/back.png
cabinet,1fd1fd43bb8f29af0268cb66d37ae6cf,right,ok,0.139091,498,101,0.191872,498,239d9924850e026a15b6aa2cc8542a86c9c603f95f3a5e295ca6e7fa32966c21,true,/cpfs/user/zhuzihou/assets/dedup_workspaces/test0_transitive_apply_parallel/dataset/GRScenes_assets/cabinet/1fd1fd43bb8f29af0268cb66d37ae6cf/right.png
cabinet,200f8e39b78d2b70bd787a2f60eb35c3,front,ok,0.375023,504,220,0.422974,504,814e2f1f5e69a45682ba4d8f63d034db649f3cc5eb0287239fd1497061fb8205,true,/cpfs/user/zhuzihou/assets/dedup_workspaces/test0_transitive_apply_parallel/dataset/GRScenes_assets/cabinet/200f8e39b78d2b70bd787a2f60eb35c3/front.png
cabinet,200f8e39b78d2b70bd787a2f60eb35c3,left,ok,0.204468,166,420,0.265961,420,f9d9accf2ca2bfb10d480357528dca4cc8db8cc6cd8827bf2cba80a5117eb383,true,/cpfs/user/zhuzihou/assets/dedup_workspaces/test0_transitive_apply_parallel/dataset/GRScenes_assets/cabinet/200f8e39b78d2b70bd787a2f60eb35c3/left.png
cabinet,200f8e39b78d2b70bd787a2f60eb35c3,back,ok,0.375122,504,221,0.424896,504,8b564249c9df4942363ff938930c784c8bd6797ef00cf3f91882e03f27e103e0,true,/cpfs/user/zhuzihou/assets/dedup_workspaces/test0_transitive_apply_parallel/dataset/GRScenes_assets/cabinet/200f8e39b78d2b70bd787a2f60eb35c3/back.png
cabinet,200f8e39b78d2b70bd787a2f60eb35c3,right,ok,0.205204,166,420,0.265961,420,fd417d86ff97af594e3df7ebf6bcb624a8059560ffddf03ebfd06d1c16e34984,true,/cpfs/user/zhuzihou/assets/dedup_workspaces/test0_transitive_apply_parallel/dataset/GRScenes_assets/cabinet/200f8e39b78d2b70bd787a2f60eb35c3/right.png
cabinet,212387986faeaa2c056fecc1b3f44d1a,front,ok,0.041424,460,24,0.042114,460,0d500a7bdf9b6cd11b1b9d0293f42a5ae27e1cabb86f40830640f2b0604d6182,true,/cpfs/user/zhuzihou/assets/dedup_workspaces/test0_transitive_apply_parallel/dataset/GRScenes_assets/cabinet/212387986faeaa2c056fecc1b3f44d1a/front.png
cabinet,212387986faeaa2c056fecc1b3f44d1a,left,ok,0.018467,20,333,0.025406,333,a817c7e05188de0ca0eff012ec7ecba569e0e893b97a02bac99c8197475db4fb,true,/cpfs/user/zhuzihou/assets/dedup_workspaces/test0_transitive_apply_parallel/dataset/GRScenes_assets/cabinet/212387986faeaa2c056fecc1b3f44d1a/left.png
cabinet,212387986faeaa2c056fecc1b3f44d1a,back,ok,0.045662,470,26,0.046616,470,1a0d1498309e0dcc2866ef1de3233ea25cb91ca9d2daba7434c851ba572345fd,true,/cpfs/user/zhuzihou/assets/dedup_workspaces/test0_transitive_apply_parallel/dataset/GRScenes_assets/cabinet/212387986faeaa2c056fecc1b3f44d1a/back.png
cabinet,212387986faeaa2c056fecc1b3f44d1a,right,ok,0.018421,20,333,0.025406,333,0883a3846b55f929b673f4a9d047aa7f6fdcd4956afc1450541b1337db5ae232,true,/cpfs/user/zhuzihou/assets/dedup_workspaces/test0_transitive_apply_parallel/dataset/GRScenes_assets/cabinet/212387986faeaa2c056fecc1b3f44d1a/right.png
cabinet,2196f19ac1e72d48431a59f45cfb75f3,front,ok,0.446716,406,355,0.549812,406,8db00c7775e4e88edddce92638ce5d44e389ec5b83eb3b0bdf4fbd170de22579,true,/cpfs/user/zhuzihou/assets/dedup_workspaces/test0_transitive_apply_parallel/dataset/GRScenes_assets/cabinet/2196f19ac1e72d48431a59f45cfb75f3/front.png
cabinet,2196f19ac1e72d48431a59f45cfb75f3,left,ok,0.271679,207,446,0.352180,446,d5b9839df93f4be0f5d0229e6dc14ac9d218a8ec635770799af84fab5fda34c2,true,/cpfs/user/zhuzihou/assets/dedup_workspaces/test0_transitive_apply_parallel/dataset/GRScenes_assets/cabinet/2196f19ac1e72d48431a59f45cfb75f3/left.png
cabinet,2196f19ac1e72d48431a59f45cfb75f3,back,ok,0.449020,408,355,0.552521,408,25aef4f7ea3359dffc1d5e955b7d893d2d72e8c7269cc6bbb352104f6a5b496b,true,/cpfs/user/zhuzihou/assets/dedup_workspaces/test0_transitive_apply_parallel/dataset/GRScenes_assets/cabinet/2196f19ac1e72d48431a59f45cfb75f3/back.png
cabinet,2196f19ac1e72d48431a59f45cfb75f3,right,ok,0.274830,210,446,0.357285,446,09b05b8426f37f456fecc12e7773f872f11176e1c07dcc3569aeaa41d24afd6b,true,/cpfs/user/zhuzihou/assets/dedup_workspaces/test0_transitive_apply_parallel/dataset/GRScenes_assets/cabinet/2196f19ac1e72d48431a59f45cfb75f3/right.png
cabinet,221e842ce1e790bddf5af9d9e29dbeec,front,ok,0.044006,474,25,0.045204,474,fb6417ce0015929a64961a1aa02c68eedfa464d274752d85c319d4ac03e8ca1e,true,/cpfs/user/zhuzihou/assets/dedup_workspaces/test0_transitive_apply_parallel/dataset/GRScenes_assets/cabinet/221e842ce1e790bddf5af9d9e29dbeec/front.png
cabinet,221e842ce1e790bddf5af9d9e29dbeec,left,ok,0.029255,33,333,0.041920,333,7d01494a64dde68b53d0291b3b2a8efdca4552a9526b0d70a253999567e8a3db,true,/cpfs/user/zhuzihou/assets/dedup_workspaces/test0_transitive_apply_parallel/dataset/GRScenes_assets/cabinet/221e842ce1e790bddf5af9d9e29dbeec/left.png
cabinet,221e842ce1e790bddf5af9d9e29dbeec,back,ok,0.050846,458,30,0.052414,458,377ebc38a616a42eab1b12c0c59ecea5269ca06473c25107db61fb9dc0962db3,true,/cpfs/user/zhuzihou/assets/dedup_workspaces/test0_transitive_apply_parallel/dataset/GRScenes_assets/cabinet/221e842ce1e790bddf5af9d9e29dbeec/back.png
cabinet,221e842ce1e790bddf5af9d9e29dbeec,right,ok,0.029282,33,333,0.041920,333,5f26784eb492a20f5cb01e9fda115496993ac979f04e62a3caf55f7421921747,true,/cpfs/user/zhuzihou/assets/dedup_workspaces/test0_transitive_apply_parallel/dataset/GRScenes_assets/cabinet/221e842ce1e790bddf5af9d9e29dbeec/right.png
cabinet,22e1e92f675031cc79684884ef254639,front,ok,0.397625,498,272,0.516724,498,94122af4642e6c6650f0eaa1ece921fdb2fdb04ee8fa9fbc588ff3ba503113ac,true,/cpfs/user/zhuzihou/assets/dedup_workspaces/test0_transitive_apply_parallel/dataset/GRScenes_assets/cabinet/22e1e92f675031cc79684884ef254639/front.png
cabinet,22e1e92f675031cc79684884ef254639,left,ok,0.404881,454,305,0.528221,454,29fba9c7e57238391500fe635d23ee16a1ef2c9e99e78713a2e4217d059f3773,true,/cpfs/user/zhuzihou/assets/dedup_workspaces/test0_transitive_apply_parallel/dataset/GRScenes_assets/cabinet/22e1e92f675031cc79684884ef254639/left.png
cabinet,22e1e92f675031cc79684884ef254639,back,ok,0.397652,498,272,0.516724,498,3fdbccdab29bff4874a6d14227e957b7ecf3b62fcaf30c7d3fa6561b915a6bce,true,/cpfs/user/zhuzihou/assets/dedup_workspaces/test0_transitive_apply_parallel/dataset/GRScenes_assets/cabinet/22e1e92f675031cc79684884ef254639/back.png
cabinet,22e1e92f675031cc79684884ef254639,right,ok,0.425453,454,305,0.528221,454,340dd569d0c6dbd0b9dfde3973bcd9e138698a945772164e96f3744e6028db61,true,/cpfs/user/zhuzihou/assets/dedup_workspaces/test0_transitive_apply_parallel/dataset/GRScenes_assets/cabinet/22e1e92f675031cc79684884ef254639/right.png
cabinet,237bf5be60663216718b4d694b4ac420,front,ok,0.330700,328,358,0.447937,358,0bf95c867140f2885b12d1801ecf6aae4c9352fce1eafc0b79ac5ddb01dd8565,true,/cpfs/user/zhuzihou/assets/dedup_workspaces/test0_transitive_apply_parallel/dataset/GRScenes_assets/cabinet/237bf5be60663216718b4d694b4ac420/front.png
cabinet,237bf5be60663216718b4d694b4ac420,left,ok,0.087055,65,458,0.113564,458,9f5eb647cb1877af4e805f055349a6fff167dd35388396c849db3ef1f07291b3,true,/cpfs/user/zhuzihou/assets/dedup_workspaces/test0_transitive_apply_parallel/dataset/GRScenes_assets/cabinet/237bf5be60663216718b4d694b4ac420/left.png
cabinet,237bf5be60663216718b4d694b4ac420,back,ok,0.353432,330,358,0.450668,358,267733f4b9974bda689b4d3b0fce3fd5a51722f99a9e13c195d19e9cfb09f3e9,true,/cpfs/user/zhuzihou/assets/dedup_workspaces/test0_transitive_apply_parallel/dataset/GRScenes_assets/cabinet/237bf5be60663216718b4d694b4ac420/back.png
cabinet,237bf5be60663216718b4d694b4ac420,right,ok,0.087029,65,458,0.113564,458,ed6b738ef420548e5ba15b20805fbd3ff8903bff27acd239a07ea90a7bbfe763,true,/cpfs/user/zhuzihou/assets/dedup_workspaces/test0_transitive_apply_parallel/dataset/GRScenes_assets/cabinet/237bf5be60663216718b4d694b4ac420/right.png
cabinet,2472e33d59d08a637587e587834bac6c,front,ok,0.156139,118,452,0.203461,452,d70979b37aef3336ffc12aa74180fa1cd63ca0352ff3d788d381fd56c587ccfd,true,/cpfs/user/zhuzihou/assets/dedup_workspaces/test0_transitive_apply_parallel/dataset/GRScenes_assets/cabinet/2472e33d59d08a637587e587834bac6c/front.png
cabinet,2472e33d59d08a637587e587834bac6c,left,ok,0.345184,294,388,0.435150,388,d540c9dc0dd13e755097bf4bb510d0f72fbe9e7ceb9705040cbf4f9f31ca3907,true,/cpfs/user/zhuzihou/assets/dedup_workspaces/test0_transitive_apply_parallel/dataset/GRScenes_assets/cabinet/2472e33d59d08a637587e587834bac6c/left.png
cabinet,2472e33d59d08a637587e587834bac6c,back,ok,0.153217,118,452,0.203461,452,0ec0acee2264ea1a762296d588097fe164c8c47d02e93ab762496a5457b3715b,true,/cpfs/user/zhuzihou/assets/dedup_workspaces/test0_transitive_apply_parallel/dataset/GRScenes_assets/cabinet/2472e33d59d08a637587e587834bac6c/back.png
cabinet,2472e33d59d08a637587e587834bac6c,right,ok,0.345184,294,388,0.435150,388,3dc032830a64838d3d8c35a5f521119773e6fc2530904068bfeeea5f8a846645,true,/cpfs/user/zhuzihou/assets/dedup_workspaces/test0_transitive_apply_parallel/dataset/GRScenes_assets/cabinet/2472e33d59d08a637587e587834bac6c/right.png
cabinet,2487083f4ccda6ff849d1468701fa937,front,ok,0.339314,506,211,0.407280,506,d079fba9b17fc78abaf00601976197df6d68b72de8fa24a9bde3fc41189f3efc,true,/cpfs/user/zhuzihou/assets/dedup_workspaces/test0_transitive_apply_parallel/dataset/GRScenes_assets/cabinet/2487083f4ccda6ff849d1468701fa937/front.png
cabinet,2487083f4ccda6ff849d1468701fa937,left,ok,0.356064,426,279,0.453392,426,7a7dcd43e94121605b0250da85b21cc13a54cff2e4fa5ec73e37e9597aa33f2f,true,/cpfs/user/zhuzihou/assets/dedup_workspaces/test0_transitive_apply_parallel/dataset/GRScenes_assets/cabinet/2487083f4ccda6ff849d1468701fa937/left.png
cabinet,2487083f4ccda6ff849d1468701fa937,back,ok,0.339310,506,211,0.407280,506,312f8931306560ffa9bd051eb93598667908fe2314d7441aea28d9986dc8287c,true,/cpfs/user/zhuzihou/assets/dedup_workspaces/test0_transitive_apply_parallel/dataset/GRScenes_assets/cabinet/2487083f4ccda6ff849d1468701fa937/back.png
cabinet,2487083f4ccda6ff849d1468701fa937,right,ok,0.356064,426,279,0.453392,426,009fcf48d4f99c9a31586785c9c68696796c69826e9d29e91903559ae278c637,true,/cpfs/user/zhuzihou/assets/dedup_workspaces/test0_transitive_apply_parallel/dataset/GRScenes_assets/cabinet/2487083f4ccda6ff849d1468701fa937/right.png
cabinet,251d45d5d54a909a70f0f45c717edcb0,front,ok,0.401367,387,353,0.521130,387,f72bda35c3040f78384206c0f08d093d09d956c1848035970121810002a82495,true,/cpfs/user/zhuzihou/assets/dedup_workspaces/test0_transitive_apply_parallel/dataset/GRScenes_assets/cabinet/251d45d5d54a909a70f0f45c717edcb0/front.png
cabinet,251d45d5d54a909a70f0f45c717edcb0,left,ok,0.402809,501,262,0.500725,501,534f7cabf22a70d4ceff2bb0eb86ebac284c8532f0371245e911da7c731bb0da,true,/cpfs/user/zhuzihou/assets/dedup_workspaces/test0_transitive_apply_parallel/dataset/GRScenes_assets/cabinet/251d45d5d54a909a70f0f45c717edcb0/left.png
cabinet,251d45d5d54a909a70f0f45c717edcb0,back,ok,0.393829,392,353,0.527863,392,cda5641581f10203319e5f63801d9c29e155562cbeda97faa4cf695022e729b3,true,/cpfs/user/zhuzihou/assets/dedup_workspaces/test0_transitive_apply_parallel/dataset/GRScenes_assets/cabinet/251d45d5d54a909a70f0f45c717edcb0/back.png
cabinet,251d45d5d54a909a70f0f45c717edcb0,right,ok,0.419182,512,252,0.492188,512,25a7177d8630fd4dc3c65de8a71fa9635b5ffe095bc86402d074f04015e2ea53,true,/cpfs/user/zhuzihou/assets/dedup_workspaces/test0_transitive_apply_parallel/dataset/GRScenes_assets/cabinet/251d45d5d54a909a70f0f45c717edcb0/right.png
cabinet,2566ab236012fd953fe054de18c8c654,front,ok,0.085793,154,367,0.215599,367,2eb3f2ca5168b191a8121bae2b3c14eaac51bd4cdb54b970d9e4fe0c899565c0,true,/cpfs/user/zhuzihou/assets/dedup_workspaces/test0_transitive_apply_parallel/dataset/GRScenes_assets/cabinet/2566ab236012fd953fe054de18c8c654/front.png
cabinet,2566ab236012fd953fe054de18c8c654,left,ok,0.128620,450,106,0.181961,450,3247a5be1384ddd69488ce955d6214a3ee6bfc3f3581b8c038969879b56238fc,true,/cpfs/user/zhuzihou/assets/dedup_workspaces/test0_transitive_apply_parallel/dataset/GRScenes_assets/cabinet/2566ab236012fd953fe054de18c8c654/left.png
cabinet,2566ab236012fd953fe054de18c8c654,back,ok,0.160164,192,291,0.213135,291,8fb073c7a90a1b44ab386a007e7121fff46379011d5d70c2087e789f5fc0985f,true,/cpfs/user/zhuzihou/assets/dedup_workspaces/test0_transitive_apply_parallel/dataset/GRScenes_assets/cabinet/2566ab236012fd953fe054de18c8c654/back.png
cabinet,2566ab236012fd953fe054de18c8c654,right,ok,0.135803,484,140,0.258484,484,4db7f78ada89990d15c75bbe06292d35bdf8a64e5af388f2b9f7398a96979736,true,/cpfs/user/zhuzihou/assets/dedup_workspaces/test0_transitive_apply_parallel/dataset/GRScenes_assets/cabinet/2566ab236012fd953fe054de18c8c654/right.png
cabinet,257501c2862257c4408829fe22dea0ad,front,ok,0.402641,476,258,0.468475,476,936b729f9b2d69a45607e1c62bca34d3413d64674ddec17ff47db67ecbac2890,true,/cpfs/user/zhuzihou/assets/dedup_workspaces/test0_transitive_apply_parallel/dataset/GRScenes_assets/cabinet/257501c2862257c4408829fe22dea0ad/front.png
cabinet,257501c2862257c4408829fe22dea0ad,left,ok,0.170666,134,440,0.224915,440,ca0cd8b2649060aec8f52a587f5042d6b83466e1d0b155d9a9b035eed0628d03,true,/cpfs/user/zhuzihou/assets/dedup_workspaces/test0_transitive_apply_parallel/dataset/GRScenes_assets/cabinet/257501c2862257c4408829fe22dea0ad/left.png
cabinet,257501c2862257c4408829fe22dea0ad,back,ok,0.386662,478,258,0.470444,478,8af2a11696516854f6aaa4cbf9b95b67d6f75a0470dd10c61bf71a8f0f2fbfce,true,/cpfs/user/zhuzihou/assets/dedup_workspaces/test0_transitive_apply_parallel/dataset/GRScenes_assets/cabinet/257501c2862257c4408829fe22dea0ad/back.png
cabinet,257501c2862257c4408829fe22dea0ad,right,ok,0.140491,134,440,0.224915,440,42d82b48d8c9d3a323639d5ceef3be0e050c1de660b96ae804d12a253b0dc77c,true,/cpfs/user/zhuzihou/assets/dedup_workspaces/test0_transitive_apply_parallel/dataset/GRScenes_assets/cabinet/257501c2862257c4408829fe22dea0ad/right.png
cabinet,2593ac033ab8f6ace2e9feb514547c8b,front,ok,0.430977,486,289,0.535789,486,08118bf1e415cef6683f2f7802278b5765287868ed6d4989f350a487521ea115,true,/cpfs/user/zhuzihou/assets/dedup_workspaces/test0_transitive_apply_parallel/dataset/GRScenes_assets/cabinet/2593ac033ab8f6ace2e9feb514547c8b/front.png
cabinet,2593ac033ab8f6ace2e9feb514547c8b,left,ok,0.433849,446,307,0.522316,446,704e76de76f3248423a9f0ebbcd287242362044d9ca63a42376ebbf39c4aa501,true,/cpfs/user/zhuzihou/assets/dedup_workspaces/test0_transitive_apply_parallel/dataset/GRScenes_assets/cabinet/2593ac033ab8f6ace2e9feb514547c8b/left.png
cabinet,2593ac033ab8f6ace2e9feb514547c8b,back,ok,0.439625,466,301,0.535072,466,cac2f28b8d49ba4070254b893ec3c24bce19bad7d8317320f2a6b74109fc87a0,true,/cpfs/user/zhuzihou/assets/dedup_workspaces/test0_transitive_apply_parallel/dataset/GRScenes_assets/cabinet/2593ac033ab8f6ace2e9feb514547c8b/back.png
cabinet,2593ac033ab8f6ace2e9feb514547c8b,right,ok,0.430462,455,307,0.532856,455,10b10cf30df8511fcdc160841602fc156ecc43cba83203de7a13baedcd4bbb95,true,/cpfs/user/zhuzihou/assets/dedup_workspaces/test0_transitive_apply_parallel/dataset/GRScenes_assets/cabinet/2593ac033ab8f6ace2e9feb514547c8b/right.png
cabinet,263a344015e9b70b206311f5e0c024cd,front,ok,0.417480,369,403,0.567272,403,3f0308e28a5e210f8a6422aca29a183f1f0738a542650d5a377695511b32d437,true,/cpfs/user/zhuzihou/assets/dedup_workspaces/test0_transitive_apply_parallel/dataset/GRScenes_assets/cabinet/263a344015e9b70b206311f5e0c024cd/front.png
cabinet,263a344015e9b70b206311f5e0c024cd,left,ok,0.391911,369,388,0.546158,388,816d0aee2a6c48067cd04330fac9cdcceb5222e7169aaeadc7ab3738a172fb2a,true,/cpfs/user/zhuzihou/assets/dedup_workspaces/test0_transitive_apply_parallel/dataset/GRScenes_assets/cabinet/263a344015e9b70b206311f5e0c024cd/left.png
cabinet,263a344015e9b70b206311f5e0c024cd,back,ok,0.417603,355,395,0.534916,395,cdeb590cd1dbc0fc62b3d78679c37826326c8c832592946901a961e4be33c119,true,/cpfs/user/zhuzihou/assets/dedup_workspaces/test0_transitive_apply_parallel/dataset/GRScenes_assets/cabinet/263a344015e9b70b206311f5e0c024cd/back.png
cabinet,263a344015e9b70b206311f5e0c024cd,right,ok,0.438919,378,384,0.553711,384,b83b2bc14ad14d2fdc8277305e171a1efb93127953e43793c2d3e9d137878e45,true,/cpfs/user/zhuzihou/assets/dedup_workspaces/test0_transitive_apply_parallel/dataset/GRScenes_assets/cabinet/263a344015e9b70b206311f5e0c024cd/right.png
cabinet,26472e992b3d85baf9c32eaeef532c19,front,ok,0.412052,378,348,0.501801,378,d92539690f0e1693ac6b0671a1d130ee02b50749bb17e00b916754e3f7e5c876,true,/cpfs/user/zhuzihou/assets/dedup_workspaces/test0_transitive_apply_parallel/dataset/GRScenes_assets/cabinet/26472e992b3d85baf9c32eaeef532c19/front.png
cabinet,26472e992b3d85baf9c32eaeef532c19,left,ok,0.279224,215,444,0.364151,444,c35b7a21bd1b0f50c4f40a40de5b1403f8ea2d7e24e35dffaec8fe01982d956e,true,/cpfs/user/zhuzihou/assets/dedup_workspaces/test0_transitive_apply_parallel/dataset/GRScenes_assets/cabinet/26472e992b3d85baf9c32eaeef532c19/left.png
cabinet,26472e992b3d85baf9c32eaeef532c19,back,ok,0.438049,410,345,0.539589,410,e660ac0f729f959095324ae30e7d1b337e6c4760ebdf04096e07834741a92b5a,true,/cpfs/user/zhuzihou/assets/dedup_workspaces/test0_transitive_apply_parallel/dataset/GRScenes_assets/cabinet/26472e992b3d85baf9c32eaeef532c19/back.png
cabinet,26472e992b3d85baf9c32eaeef532c19,right,ok,0.244572,195,444,0.330276,444,18fb8794ac735c10e3635e3a0fffdfe12a5f8aeeb549f0525c00c6bbd580acb5,true,/cpfs/user/zhuzihou/assets/dedup_workspaces/test0_transitive_apply_parallel/dataset/GRScenes_assets/cabinet/26472e992b3d85baf9c32eaeef532c19/right.png
cabinet,2719fec6af858bf8e5794a56847b5094,front,ok,0.392525,470,311,0.557594,470,214fc30312c3f33f5f53903ffbcef1caf86894340942b3feda857f5041c89665,true,/cpfs/user/zhuzihou/assets/dedup_workspaces/test0_transitive_apply_parallel/dataset/GRScenes_assets/cabinet/2719fec6af858bf8e5794a56847b5094/front.png
cabinet,2719fec6af858bf8e5794a56847b5094,left,ok,0.446976,489,299,0.557751,489,c5ab45ece56c6e85b56cf9d740851ba7d63b1288f6f840feca0cbe5ded8ceb10,true,/cpfs/user/zhuzihou/assets/dedup_workspaces/test0_transitive_apply_parallel/dataset/GRScenes_assets/cabinet/2719fec6af858bf8e5794a56847b5094/left.png
cabinet,2719fec6af858bf8e5794a56847b5094,back,ok,0.394688,473,317,0.571980,473,e37242e242be4f82f021f748f8744bebf9a223dc2b6380858d21b3160e7f450d,true,/cpfs/user/zhuzihou/assets/dedup_workspaces/test0_transitive_apply_parallel/dataset/GRScenes_assets/cabinet/2719fec6af858bf8e5794a56847b5094/back.png
cabinet,2719fec6af858bf8e5794a56847b5094,right,ok,0.389061,496,250,0.473022,496,f80ff1cb205ff390dd7f93d0908f50e1a77b847fed9d9d42760254d73ad412f4,true,/cpfs/user/zhuzihou/assets/dedup_workspaces/test0_transitive_apply_parallel/dataset/GRScenes_assets/cabinet/2719fec6af858bf8e5794a56847b5094/right.png
cabinet,2828fa602db9d25cf2c790c2020bf1c5,front,ok,0.217239,502,122,0.233627,502,bc105b6d30f0e723fc38f90c032ed346b1744d2f2d8cba3f9ad2b0416d9637ae,true,/cpfs/user/zhuzihou/assets/dedup_workspaces/test0_transitive_apply_parallel/dataset/GRScenes_assets/cabinet/2828fa602db9d25cf2c790c2020bf1c5/front.png
cabinet,2828fa602db9d25cf2c790c2020bf1c5,left,ok,0.108883,98,387,0.144676,387,cd50acb32d365813952a177beabf6dd22a96219aedc64fddfce7cc2ba03b11bb,true,/cpfs/user/zhuzihou/assets/dedup_workspaces/test0_transitive_apply_parallel/dataset/GRScenes_assets/cabinet/2828fa602db9d25cf2c790c2020bf1c5/left.png
cabinet,2828fa602db9d25cf2c790c2020bf1c5,back,ok,0.217224,502,122,0.233627,502,a44e561d0ec780d5359ece8ed84db7ae5ad460209fc80378286b8959ef539f6b,true,/cpfs/user/zhuzihou/assets/dedup_workspaces/test0_transitive_apply_parallel/dataset/GRScenes_assets/cabinet/2828fa602db9d25cf2c790c2020bf1c5/back.png
cabinet,2828fa602db9d25cf2c790c2020bf1c5,right,ok,0.109337,98,387,0.144676,387,d839e500d8afdb90e91f6c64820d1bf333358d07a51bdf2953b11a928363f7c0,true,/cpfs/user/zhuzihou/assets/dedup_workspaces/test0_transitive_apply_parallel/dataset/GRScenes_assets/cabinet/2828fa602db9d25cf2c790c2020bf1c5/right.png
cabinet,2849d17097a00fe41dbfb48a6b51a44b,front,ok,0.477348,426,369,0.599648,426,e30e0920ae7a362e5a5c6bde33bb2fe4fa6a6a2ffbd6bc3c29e7ed0b9de99b91,true,/cpfs/user/zhuzihou/assets/dedup_workspaces/test0_transitive_apply_parallel/dataset/GRScenes_assets/cabinet/2849d17097a00fe41dbfb48a6b51a44b/front.png
cabinet,2849d17097a00fe41dbfb48a6b51a44b,left,ok,0.386616,316,417,0.502670,417,c195e946e20595342968cbc6ddafb1d8a784c38715a0337d6604278bdcfaad17,true,/cpfs/user/zhuzihou/assets/dedup_workspaces/test0_transitive_apply_parallel/dataset/GRScenes_assets/cabinet/2849d17097a00fe41dbfb48a6b51a44b/left.png
cabinet,2849d17097a00fe41dbfb48a6b51a44b,back,ok,0.462646,409,365,0.569477,409,8a73879fc9f09aaadfc3ab530f75035b71472a35d43414409ad88ef91eb5a535,true,/cpfs/user/zhuzihou/assets/dedup_workspaces/test0_transitive_apply_parallel/dataset/GRScenes_assets/cabinet/2849d17097a00fe41dbfb48a6b51a44b/back.png
cabinet,2849d17097a00fe41dbfb48a6b51a44b,right,ok,0.400192,319,417,0.507442,417,39fcd4e6c58b19fd365c54d47c3144ef9e62c5b794abf2762c8bafb54027cb35,true,/cpfs/user/zhuzihou/assets/dedup_workspaces/test0_transitive_apply_parallel/dataset/GRScenes_assets/cabinet/2849d17097a00fe41dbfb48a6b51a44b/right.png
cabinet,289f7cf757bb40632e27cf560ded05a6,front,ok,0.314125,288,361,0.396606,361,76ab88846fd4fbc3ef2d566a68b7920a9ffe1051a171c4ea1d7d9a05070febec,true,/cpfs/user/zhuzihou/assets/dedup_workspaces/test0_transitive_apply_parallel/dataset/GRScenes_assets/cabinet/289f7cf757bb40632e27cf560ded05a6/front.png
cabinet,289f7cf757bb40632e27cf560ded05a6,left,ok,0.008926,12,458,0.020966,458,c4f3989c34b53773656e666be88860a11b7629c8a612d24265374c8e2ad086f6,true,/cpfs/user/zhuzihou/assets/dedup_workspaces/test0_transitive_apply_parallel/dataset/GRScenes_assets/cabinet/289f7cf757bb40632e27cf560ded05a6/left.png
cabinet,289f7cf757bb40632e27cf560ded05a6,back,ok,0.305210,288,361,0.396606,361,5c82c4b5b54a9d89e6501b95f4db6e6c1e9d5d49e447fc0f10d073c597db548d,true,/cpfs/user/zhuzihou/assets/dedup_workspaces/test0_transitive_apply_parallel/dataset/GRScenes_assets/cabinet/289f7cf757bb40632e27cf560ded05a6/back.png
cabinet,289f7cf757bb40632e27cf560ded05a6,right,ok,0.008942,12,458,0.020966,458,5542a74182a515c7c01c731435d02d32f0d0a20f9c3366508a26e6506b211110,true,/cpfs/user/zhuzihou/assets/dedup_workspaces/test0_transitive_apply_parallel/dataset/GRScenes_assets/cabinet/289f7cf757bb40632e27cf560ded05a6/right.png
cabinet,2927ae60154884b092d0ba1002b7baff,front,ok,0.246571,512,139,0.271484,512,89ab5f18cf8f919524f8905e2cce907c66396cb1e9c3561211100794bd85bb01,true,/cpfs/user/zhuzihou/assets/dedup_workspaces/test0_transitive_apply_parallel/dataset/GRScenes_assets/cabinet/2927ae60154884b092d0ba1002b7baff/front.png
cabinet,2927ae60154884b092d0ba1002b7baff,left,ok,0.240829,262,341,0.340813,341,7a071b38e20aac23a3f437a6831fae55ef23464c29d18e06ba0aa83e207bf7b9,true,/cpfs/user/zhuzihou/assets/dedup_workspaces/test0_transitive_apply_parallel/dataset/GRScenes_assets/cabinet/2927ae60154884b092d0ba1002b7baff/left.png
cabinet,2927ae60154884b092d0ba1002b7baff,back,ok,0.303799,512,171,0.333984,512,4cd5693d15fd1e619d0d188bd90d830f4d3e96a1b56e3b513c61e40966abce88,true,/cpfs/user/zhuzihou/assets/dedup_workspaces/test0_transitive_apply_parallel/dataset/GRScenes_assets/cabinet/2927ae60154884b092d0ba1002b7baff/back.png
cabinet,2927ae60154884b092d0ba1002b7baff,right,ok,0.266079,260,365,0.362015,365,747bc5ea51ff34b35131889140ef06683175920312eef98611b5b771a63ac6ff,true,/cpfs/user/zhuzihou/assets/dedup_workspaces/test0_transitive_apply_parallel/dataset/GRScenes_assets/cabinet/2927ae60154884b092d0ba1002b7baff/right.png
cabinet,29660d9a74210a101ab805e3da1d8be6,front,ok,0.423023,401,364,0.556808,401,ca2047aadef6e11f5adb4c4778a0153bad6ebe88389b157e3358a5047561f937,true,/cpfs/user/zhuzihou/assets/dedup_workspaces/test0_transitive_apply_parallel/dataset/GRScenes_assets/cabinet/29660d9a74210a101ab805e3da1d8be6/front.png
cabinet,29660d9a74210a101ab805e3da1d8be6,left,ok,0.379833,329,394,0.494484,394,4eeca106f6c7f633cb9eba0ee7474d3a49e80b2cf625cbaf0cc95a9cc23304f5,true,/cpfs/user/zhuzihou/assets/dedup_workspaces/test0_transitive_apply_parallel/dataset/GRScenes_assets/cabinet/29660d9a74210a101ab805e3da1d8be6/left.png
cabinet,29660d9a74210a101ab805e3da1d8be6,back,ok,0.441036,422,371,0.597237,422,a3bb829704cc5121c2a98c09f6bf380b2d1ff0e7c98850ae45ea4282bd2f6aa5,true,/cpfs/user/zhuzihou/assets/dedup_workspaces/test0_transitive_apply_parallel/dataset/GRScenes_assets/cabinet/29660d9a74210a101ab805e3da1d8be6/back.png
cabinet,29660d9a74210a101ab805e3da1d8be6,right,ok,0.428005,363,396,0.548355,396,4a138672b51f78548d1f863970fa139bd4fe26e28d0162531f1cfbcc4fb2272b,true,/cpfs/user/zhuzihou/assets/dedup_workspaces/test0_transitive_apply_parallel/dataset/GRScenes_assets/cabinet/29660d9a74210a101ab805e3da1d8be6/right.png
cabinet,29e2d73ff42f1c1f80314ec09b3e0ded,front,ok,0.240410,186,432,0.306519,432,4846a69c8b971b8dc8dfaace5541867ce4afc52a80904eebc4f1fb13d42c994a,true,/cpfs/user/zhuzihou/assets/dedup_workspaces/test0_transitive_apply_parallel/dataset/GRScenes_assets/cabinet/29e2d73ff42f1c1f80314ec09b3e0ded/front.png
cabinet,29e2d73ff42f1c1f80314ec09b3e0ded,left,ok,0.187553,237,414,0.374290,414,ff6ce25f800ce2711ad79f429180967cc8a836594d8839b2d0abe9f29fbb31e3,true,/cpfs/user/zhuzihou/assets/dedup_workspaces/test0_transitive_apply_parallel/dataset/GRScenes_assets/cabinet/29e2d73ff42f1c1f80314ec09b3e0ded/left.png
cabinet,29e2d73ff42f1c1f80314ec09b3e0ded,back,ok,0.297840,245,404,0.377579,404,1c3a37b1b3b8d7b88822fb533ae2f2b30b5d7c22877eb66bc7705034732ced5e,true,/cpfs/user/zhuzihou/assets/dedup_workspaces/test0_transitive_apply_parallel/dataset/GRScenes_assets/cabinet/29e2d73ff42f1c1f80314ec09b3e0ded/back.png
cabinet,29e2d73ff42f1c1f80314ec09b3e0ded,right,ok,0.190929,226,414,0.356918,414,7a7ec19771f5fd93e24f26c2a7c3d19383e0483e9d5bcdc657ae894c23d22d41,true,/cpfs/user/zhuzihou/assets/dedup_workspaces/test0_transitive_apply_parallel/dataset/GRScenes_assets/cabinet/29e2d73ff42f1c1f80314ec09b3e0ded/right.png
cabinet,2a3b8659899989ef9540cf5d04015ed1,front,ok,0.165276,500,91,0.173569,500,25db793904b79f5a4ef411c12e15325636fa33c3c18585739051f579aa5d8c9b,true,/cpfs/user/zhuzihou/assets/dedup_workspaces/test0_transitive_apply_parallel/dataset/GRScenes_assets/cabinet/2a3b8659899989ef9540cf5d04015ed1/front.png
cabinet,2a3b8659899989ef9540cf5d04015ed1,left,ok,0.120773,118,357,0.160698,357,ecb1a74b66b0935f7559ecece5b0358978d228e6a12a48e30806d92fcb305825,true,/cpfs/user/zhuzihou/assets/dedup_workspaces/test0_transitive_apply_parallel/dataset/GRScenes_assets/cabinet/2a3b8659899989ef9540cf5d04015ed1/left.png
cabinet,2a3b8659899989ef9540cf5d04015ed1,back,ok,0.165283,500,91,0.173569,500,0dd1ffb4ed211767dfd1236d0caf660eb4d8005d1c718be19780877efeb7abbb,true,/cpfs/user/zhuzihou/assets/dedup_workspaces/test0_transitive_apply_parallel/dataset/GRScenes_assets/cabinet/2a3b8659899989ef9540cf5d04015ed1/back.png
cabinet,2a3b8659899989ef9540cf5d04015ed1,right,ok,0.120781,118,357,0.160698,357,ec0efc9d5c65944bbabd3d11168dc9bc84f260b72e010db16eba131fa0488963,true,/cpfs/user/zhuzihou/assets/dedup_workspaces/test0_transitive_apply_parallel/dataset/GRScenes_assets/cabinet/2a3b8659899989ef9540cf5d04015ed1/right.png
cabinet,2c225336785b874223a736f99441e547,front,ok,0.391781,490,241,0.450478,490,942c27ff70b1e48f1addd12427a56edab85e2608a03845a26723d9566e90653a,true,/cpfs/user/zhuzihou/assets/dedup_workspaces/test0_transitive_apply_parallel/dataset/GRScenes_assets/cabinet/2c225336785b874223a736f99441e547/front.png
cabinet,2c225336785b874223a736f99441e547,left,ok,0.177811,140,432,0.230713,432,b72644c17e1af341213e4abb1d8ae23af87f9d1c1b1fb58634a35de581eaf44d,true,/cpfs/user/zhuzihou/assets/dedup_workspaces/test0_transitive_apply_parallel/dataset/GRScenes_assets/cabinet/2c225336785b874223a736f99441e547/left.png
cabinet,2c225336785b874223a736f99441e547,back,ok,0.385410,490,241,0.450478,490,6426e5592b616e311820d0d1f7e94e95b11d76ef11c50036775d4b5afbbd6d2a,true,/cpfs/user/zhuzihou/assets/dedup_workspaces/test0_transitive_apply_parallel/dataset/GRScenes_assets/cabinet/2c225336785b874223a736f99441e547/back.png
cabinet,2c225336785b874223a736f99441e547,right,ok,0.176281,140,432,0.230713,432,f168ee0ef371d21f52af41f409a46ba118c204cfa02a3b37d7fe8682836fcc56,true,/cpfs/user/zhuzihou/assets/dedup_workspaces/test0_transitive_apply_parallel/dataset/GRScenes_assets/cabinet/2c225336785b874223a736f99441e547/right.png
cabinet,2cd8381a656b7ee08b00f85e5d427cd2,front,ok,0.246624,512,137,0.267578,512,3c09eff14e90529b5f8bbef3bc8becde9dcf777247e0e5b0b09f63a4683dfad2,true,/cpfs/user/zhuzihou/assets/dedup_workspaces/test0_transitive_apply_parallel/dataset/GRScenes_assets/cabinet/2cd8381a656b7ee08b00f85e5d427cd2/front.png
cabinet,2cd8381a656b7ee08b00f85e5d427cd2,left,ok,0.238388,242,342,0.315720,342,e796f6801c6a321ac5e4a8046af308dc1f32b41000a768389e96b0c04dd7276b,true,/cpfs/user/zhuzihou/assets/dedup_workspaces/test0_transitive_apply_parallel/dataset/GRScenes_assets/cabinet/2cd8381a656b7ee08b00f85e5d427cd2/left.png
cabinet,2cd8381a656b7ee08b00f85e5d427cd2,back,ok,0.246761,512,137,0.267578,512,f1b68f906e5bd1cd0fa56528dcefd4ed1af8ba9adcde9f052ad5c49738969f44,true,/cpfs/user/zhuzihou/assets/dedup_workspaces/test0_transitive_apply_parallel/dataset/GRScenes_assets/cabinet/2cd8381a656b7ee08b00f85e5d427cd2/back.png
cabinet,2cd8381a656b7ee08b00f85e5d427cd2,right,ok,0.239365,244,342,0.318329,342,0f5e305278c243f1478d69376a8d92bd5a891848e3865d92fdeca0f874374de0,true,/cpfs/user/zhuzihou/assets/dedup_workspaces/test0_transitive_apply_parallel/dataset/GRScenes_assets/cabinet/2cd8381a656b7ee08b00f85e5d427cd2/right.png
cabinet,2d7a430d61d143c157c48cd1bb9906eb,front,ok,0.253048,498,179,0.340050,498,22ffbcb85a893267f897a5cef604b462b7d45ed15f4e67f5e7ba64188b6be62a,true,/cpfs/user/zhuzihou/assets/dedup_workspaces/test0_transitive_apply_parallel/dataset/GRScenes_assets/cabinet/2d7a430d61d143c157c48cd1bb9906eb/front.png
cabinet,2d7a430d61d143c157c48cd1bb9906eb,left,ok,0.181412,167,400,0.254822,400,6bf734857e848f82bb66a2c8f2a49889272f3ab8b194300da84d0db930fd9305,true,/cpfs/user/zhuzihou/assets/dedup_workspaces/test0_transitive_apply_parallel/dataset/GRScenes_assets/cabinet/2d7a430d61d143c157c48cd1bb9906eb/left.png
cabinet,2d7a430d61d143c157c48cd1bb9906eb,back,ok,0.256466,510,177,0.344353,510,55bee633bf41c1ffda4bd382edc43c9bcccc19693557abc27d0e97892154ddf5,true,/cpfs/user/zhuzihou/assets/dedup_workspaces/test0_transitive_apply_parallel/dataset/GRScenes_assets/cabinet/2d7a430d61d143c157c48cd1bb9906eb/back.png
cabinet,2d7a430d61d143c157c48cd1bb9906eb,right,ok,0.184563,164,400,0.250244,400,f6f8816092b21462ab68208be001a6d50e35e5b3999b654753281c9156d604d6,true,/cpfs/user/zhuzihou/assets/dedup_workspaces/test0_transitive_apply_parallel/dataset/GRScenes_assets/cabinet/2d7a430d61d143c157c48cd1bb9906eb/right.png
cabinet,2e03c4ba65695c067c157c8fc83a88a6,front,ok,0.030869,26,420,0.041656,420,01c96073d89b068fef15f924462bde628cfee60eded56365ef58316cb10b22c0,true,/cpfs/user/zhuzihou/assets/dedup_workspaces/test0_transitive_apply_parallel/dataset/GRScenes_assets/cabinet/2e03c4ba65695c067c157c8fc83a88a6/front.png
cabinet,2e03c4ba65695c067c157c8fc83a88a6,left,ok,0.289642,478,179,0.326393,478,16ec108424051e51fef18810b0af65a3f9c4c4da40af498433e7cf7041e17cf0,true,/cpfs/user/zhuzihou/assets/dedup_workspaces/test0_transitive_apply_parallel/dataset/GRScenes_assets/cabinet/2e03c4ba65695c067c157c8fc83a88a6/left.png
cabinet,2e03c4ba65695c067c157c8fc83a88a6,back,ok,0.030857,26,420,0.041656,420,be60da36feead8aa545e054253f7db1427e266101d1810e33f0ec022498356c4,true,/cpfs/user/zhuzihou/assets/dedup_workspaces/test0_transitive_apply_parallel/dataset/GRScenes_assets/cabinet/2e03c4ba65695c067c157c8fc83a88a6/back.png
cabinet,2e03c4ba65695c067c157c8fc83a88a6,right,ok,0.289471,478,179,0.326393,478,cab9e665d47cbe95d5c7268e132b7ac2535e777b0f7c2fe53d650b6c987f07aa,true,/cpfs/user/zhuzihou/assets/dedup_workspaces/test0_transitive_apply_parallel/dataset/GRScenes_assets/cabinet/2e03c4ba65695c067c157c8fc83a88a6/right.png
cabinet,2ed9edd34221c034f3835f97b1781350,front,ok,0.042599,42,352,0.056396,352,b5f4cb6104c5927b75b3b9c91d1f32d4b6dc13da8a3334956fb0359434820008,true,/cpfs/user/zhuzihou/assets/dedup_workspaces/test0_transitive_apply_parallel/dataset/GRScenes_assets/cabinet/2ed9edd34221c034f3835f97b1781350/front.png
cabinet,2ed9edd34221c034f3835f97b1781350,left,ok,0.066887,482,52,0.095612,482,e0ae32ddbea25e5043e8313cc64a9c20e6ab3e3552955fd665dfcf39cd018023,true,/cpfs/user/zhuzihou/assets/dedup_workspaces/test0_transitive_apply_parallel/dataset/GRScenes_assets/cabinet/2ed9edd34221c034f3835f97b1781350/left.png
cabinet,2ed9edd34221c034f3835f97b1781350,back,ok,0.041210,42,352,0.056396,352,afe5f5e41f016a2844ed27fe36023fe0284c3bae735948499df75ffda980fe16,true,/cpfs/user/zhuzihou/assets/dedup_workspaces/test0_transitive_apply_parallel/dataset/GRScenes_assets/cabinet/2ed9edd34221c034f3835f97b1781350/back.png
cabinet,2ed9edd34221c034f3835f97b1781350,right,ok,0.090611,482,54,0.099289,482,c46f201e53b76d2e481cdab11825d47e492dec3940e46622dd057b5c3b15e0d4,true,/cpfs/user/zhuzihou/assets/dedup_workspaces/test0_transitive_apply_parallel/dataset/GRScenes_assets/cabinet/2ed9edd34221c034f3835f97b1781350/right.png
cabinet,2f879eed3493f998cab1131945feee62,front,ok,0.022072,16,459,0.028015,459,d96eace459c1126a99da323ee977cad2f9004deb333fefbc57ed4a5c57e7e1c6,true,/cpfs/user/zhuzihou/assets/dedup_workspaces/test0_transitive_apply_parallel/dataset/GRScenes_assets/cabinet/2f879eed3493f998cab1131945feee62/front.png
cabinet,2f879eed3493f998cab1131945feee62,left,ok,0.319046,290,361,0.399361,361,e37682b4058b4e95dcdb4aa68ae25ba6c29136104d39a2b07921ceeff2f6d7d7,true,/cpfs/user/zhuzihou/assets/dedup_workspaces/test0_transitive_apply_parallel/dataset/GRScenes_assets/cabinet/2f879eed3493f998cab1131945feee62/left.png
cabinet,2f879eed3493f998cab1131945feee62,back,ok,0.022087,16,459,0.028015,459,dc617a4039d94527d902994123169f615f4f88ef321dacf5128f5efee535716e,true,/cpfs/user/zhuzihou/assets/dedup_workspaces/test0_transitive_apply_parallel/dataset/GRScenes_assets/cabinet/2f879eed3493f998cab1131945feee62/back.png
cabinet,2f879eed3493f998cab1131945feee62,right,ok,0.319046,290,361,0.399361,361,0210fa848cde666e33be0b97262d30e265bce7f8cc0d6af2f991fab27a933719,true,/cpfs/user/zhuzihou/assets/dedup_workspaces/test0_transitive_apply_parallel/dataset/GRScenes_assets/cabinet/2f879eed3493f998cab1131945feee62/right.png
cabinet,306a16dccd08838e615c565e1c9ee0e6,front,ok,0.042435,48,353,0.064636,353,5faa2cceff03ac4fda37108b735eb8258979bef35262591c7d8ceff834c01f92,true,/cpfs/user/zhuzihou/assets/dedup_workspaces/test0_transitive_apply_parallel/dataset/GRScenes_assets/cabinet/306a16dccd08838e615c565e1c9ee0e6/front.png
cabinet,306a16dccd08838e615c565e1c9ee0e6,left,ok,0.087421,460,52,0.091248,460,a6ccff38d1c6464fc19e155c40d32c74b6935a5a69f34d36c2b73042d97e5262,true,/cpfs/user/zhuzihou/assets/dedup_workspaces/test0_transitive_apply_parallel/dataset/GRScenes_assets/cabinet/306a16dccd08838e615c565e1c9ee0e6/left.png
cabinet,306a16dccd08838e615c565e1c9ee0e6,back,ok,0.042511,48,353,0.064636,353,df1c95f75666dbc2ddb36daa58079e54e18d9cd362510e8d84eee4a8c2f22955,true,/cpfs/user/zhuzihou/assets/dedup_workspaces/test0_transitive_apply_parallel/dataset/GRScenes_assets/cabinet/306a16dccd08838e615c565e1c9ee0e6/back.png
cabinet,306a16dccd08838e615c565e1c9ee0e6,right,ok,0.101669,484,58,0.107086,484,ba3eea3287ae2e3e2d0c10a673ab7905c903dd956869f80c1b5429a005541018,true,/cpfs/user/zhuzihou/assets/dedup_workspaces/test0_transitive_apply_parallel/dataset/GRScenes_assets/cabinet/306a16dccd08838e615c565e1c9ee0e6/right.png
cabinet,30faadee3b47e93a7a3a091393e7d9d8,front,ok,0.399178,341,385,0.500813,385,f6a1aa823eab24b4a232a0811b70f5bce0d5c62b77ef29cf73435bbc2c430b37,true,/cpfs/user/zhuzihou/assets/dedup_workspaces/test0_transitive_apply_parallel/dataset/GRScenes_assets/cabinet/30faadee3b47e93a7a3a091393e7d9d8/front.png
cabinet,30faadee3b47e93a7a3a091393e7d9d8,left,ok,0.385368,363,389,0.538662,389,c829862284060b8dca37ac9f2f9074bccda161c594b3583234e2a0d557612fab,true,/cpfs/user/zhuzihou/assets/dedup_workspaces/test0_transitive_apply_parallel/dataset/GRScenes_assets/cabinet/30faadee3b47e93a7a3a091393e7d9d8/left.png
cabinet,30faadee3b47e93a7a3a091393e7d9d8,back,ok,0.403332,355,394,0.533562,394,780d8a30a68e9b47d4425cb5b393366fe55232b16f8a5d61dc6cad1ed9f4008c,true,/cpfs/user/zhuzihou/assets/dedup_workspaces/test0_transitive_apply_parallel/dataset/GRScenes_assets/cabinet/30faadee3b47e93a7a3a091393e7d9d8/back.png
cabinet,30faadee3b47e93a7a3a091393e7d9d8,right,ok,0.385723,343,367,0.480198,367,591a29b2550c4bc98bcf7a24be8973e82fd4afb63548f2e505c2d1a80cffa2a6,true,/cpfs/user/zhuzihou/assets/dedup_workspaces/test0_transitive_apply_parallel/dataset/GRScenes_assets/cabinet/30faadee3b47e93a7a3a091393e7d9d8/right.png
cabinet,31cf276d9ec090be5280262246ff552d,front,ok,0.122726,494,68,0.128143,494,f76dd440c5921a42fe92da580eb5983ef5bf8f520f0489ef8d2212baf4285ea5,true,/cpfs/user/zhuzihou/assets/dedup_workspaces/test0_transitive_apply_parallel/dataset/GRScenes_assets/cabinet/31cf276d9ec090be5280262246ff552d/front.png
cabinet,31cf276d9ec090be5280262246ff552d,left,ok,0.108028,114,341,0.148293,341,792f6e910b6baa7ebacfb80248f903dd9bc1a514822241b9f4f189242effe5bc,true,/cpfs/user/zhuzihou/assets/dedup_workspaces/test0_transitive_apply_parallel/dataset/GRScenes_assets/cabinet/31cf276d9ec090be5280262246ff552d/left.png
cabinet,31cf276d9ec090be5280262246ff552d,back,ok,0.122715,494,68,0.128143,494,20a894b9766319ae2d5b7ca8e73345ed3329f82bdcac72d7a6d502e346e7d67a,true,/cpfs/user/zhuzihou/assets/dedup_workspaces/test0_transitive_apply_parallel/dataset/GRScenes_assets/cabinet/31cf276d9ec090be5280262246ff552d/back.png
cabinet,31cf276d9ec090be5280262246ff552d,right,ok,0.108364,114,341,0.148293,341,e37fa1a495a11dca54a97e3998be22dfbed674324c765833740f3f90b50d84fc,true,/cpfs/user/zhuzihou/assets/dedup_workspaces/test0_transitive_apply_parallel/dataset/GRScenes_assets/cabinet/31cf276d9ec090be5280262246ff552d/right.png
cabinet,3205cac2de0b8b9389da658f0fb44db6,front,ok,0.205727,512,114,0.222656,512,8ae7a59f287d498f158a51d6a3a2d401ff843337799bf231db033a343e15a91f,true,/cpfs/user/zhuzihou/assets/dedup_workspaces/test0_transitive_apply_parallel/dataset/GRScenes_assets/cabinet/3205cac2de0b8b9389da658f0fb44db6/front.png
cabinet,3205cac2de0b8b9389da658f0fb44db6,left,ok,0.196579,200,345,0.263214,345,a805410dccc05629ca7bb0ed3bf82eb8a36b5267a4afb0900b97b0666a499199,true,/cpfs/user/zhuzihou/assets/dedup_workspaces/test0_transitive_apply_parallel/dataset/GRScenes_assets/cabinet/3205cac2de0b8b9389da658f0fb44db6/left.png
cabinet,3205cac2de0b8b9389da658f0fb44db6,back,ok,0.205715,512,114,0.222656,512,92c187afc3982d821f1b19101f4e6e1c5404214daf6b250b7ff0394e4ce3c272,true,/cpfs/user/zhuzihou/assets/dedup_workspaces/test0_transitive_apply_parallel/dataset/GRScenes_assets/cabinet/3205cac2de0b8b9389da658f0fb44db6/back.png
cabinet,3205cac2de0b8b9389da658f0fb44db6,right,ok,0.196598,200,345,0.263214,345,f7aa2468a2026e08fbc6be862c07327f7a48be563ee290eaeec21cac9e8ff9d8,true,/cpfs/user/zhuzihou/assets/dedup_workspaces/test0_transitive_apply_parallel/dataset/GRScenes_assets/cabinet/3205cac2de0b8b9389da658f0fb44db6/right.png
cabinet,320d837652cbcd6a13d8e95775c92cb0,front,ok,0.180187,305,339,0.394421,339,8776d5e01707c87d40f2f269f2d8a5750613bd8ca0baac6f38a7b43b3b8f958a,true,/cpfs/user/zhuzihou/assets/dedup_workspaces/test0_transitive_apply_parallel/dataset/GRScenes_assets/cabinet/320d837652cbcd6a13d8e95775c92cb0/front.png
cabinet,320d837652cbcd6a13d8e95775c92cb0,left,ok,0.193485,512,168,0.328125,512,7d36affc7bd1070c3d3ed5cccdeaa49bcd406936f9c2861815924ccf3c8a2d34,true,/cpfs/user/zhuzihou/assets/dedup_workspaces/test0_transitive_apply_parallel/dataset/GRScenes_assets/cabinet/320d837652cbcd6a13d8e95775c92cb0/left.png
cabinet,320d837652cbcd6a13d8e95775c92cb0,back,ok,0.255573,306,339,0.395714,339,5a58bedd38b791df3c0ae54816e6a6a4c3dc5fefa86e57c50350550b20a449bf,true,/cpfs/user/zhuzihou/assets/dedup_workspaces/test0_transitive_apply_parallel/dataset/GRScenes_assets/cabinet/320d837652cbcd6a13d8e95775c92cb0/back.png
cabinet,320d837652cbcd6a13d8e95775c92cb0,right,ok,0.218391,512,168,0.328125,512,80ff87b03aa03258b8c3a248c493bce87730c4eb376be4fcf4e3f3a9316c4995,true,/cpfs/user/zhuzihou/assets/dedup_workspaces/test0_transitive_apply_parallel/dataset/GRScenes_assets/cabinet/320d837652cbcd6a13d8e95775c92cb0/right.png
cabinet,330653788da4c1735a7b1116d0b38273,front,ok,0.179508,501,100,0.191116,501,895f281223d2643879705f7dc6ff35c553861568b34647879a43b4f4b1782267,true,/cpfs/user/zhuzihou/assets/dedup_workspaces/test0_transitive_apply_parallel/dataset/GRScenes_assets/cabinet/330653788da4c1735a7b1116d0b38273/front.png
cabinet,330653788da4c1735a7b1116d0b38273,left,ok,0.131760,130,358,0.177536,358,59dc3f7bcdade1480fde3f70d680a36e94760ccdb1af8f5483bfe85bd1fb4c55,true,/cpfs/user/zhuzihou/assets/dedup_workspaces/test0_transitive_apply_parallel/dataset/GRScenes_assets/cabinet/330653788da4c1735a7b1116d0b38273/left.png
cabinet,330653788da4c1735a7b1116d0b38273,back,ok,0.177769,501,100,0.191116,501,e7c1e29027ed23ad60575587000b5c040a7af72b6a6067d0443148edda8ed256,true,/cpfs/user/zhuzihou/assets/dedup_workspaces/test0_transitive_apply_parallel/dataset/GRScenes_assets/cabinet/330653788da4c1735a7b1116d0b38273/back.png
cabinet,330653788da4c1735a7b1116d0b38273,right,ok,0.132080,130,358,0.177536,358,ffe7509ab3bcab8d27353a1b4776e57df56892243963a93951b925c258536591,true,/cpfs/user/zhuzihou/assets/dedup_workspaces/test0_transitive_apply_parallel/dataset/GRScenes_assets/cabinet/330653788da4c1735a7b1116d0b38273/right.png
cabinet,333ebfad53461e55892c39e3c95a5d92,front,ok,0.385487,322,419,0.514671,419,c65226ef92536ac1a0c5d43bfdf4da939694d780ef3ed3eb04ed43cf9574c362,true,/cpfs/user/zhuzihou/assets/dedup_workspaces/test0_transitive_apply_parallel/dataset/GRScenes_assets/cabinet/333ebfad53461e55892c39e3c95a5d92/front.png
cabinet,333ebfad53461e55892c39e3c95a5d92,left,ok,0.330494,474,335,0.605736,474,3df64f1d121209b4254c42dd01d870a89b3e09b59dab2af21bda3a323e00d3bc,true,/cpfs/user/zhuzihou/assets/dedup_workspaces/test0_transitive_apply_parallel/dataset/GRScenes_assets/cabinet/333ebfad53461e55892c39e3c95a5d92/left.png
cabinet,333ebfad53461e55892c39e3c95a5d92,back,ok,0.195759,258,261,0.256874,261,be38fff6474fb28a07de8ce9fd8ea75e1dd42021bf5028354d7c5cc71634b0d4,true,/cpfs/user/zhuzihou/assets/dedup_workspaces/test0_transitive_apply_parallel/dataset/GRScenes_assets/cabinet/333ebfad53461e55892c39e3c95a5d92/back.png
cabinet,333ebfad53461e55892c39e3c95a5d92,right,ok,0.295738,437,335,0.558453,437,7b56e42468446e9ea8f39384f84c882f1e501014eef7e8b31c872d972f999a3c,true,/cpfs/user/zhuzihou/assets/dedup_workspaces/test0_transitive_apply_parallel/dataset/GRScenes_assets/cabinet/333ebfad53461e55892c39e3c95a5d92/right.png
cabinet,34347451d4ef792f7cd8bf986d2572e6,front,ok,0.015556,12,453,0.020737,453,3ddfbac40b7ce7ca468776a2cc958090a2c30b6de3f478db35e9e68bd5203e6d,true,/cpfs/user/zhuzihou/assets/dedup_workspaces/test0_transitive_apply_parallel/dataset/GRScenes_assets/cabinet/34347451d4ef792f7cd8bf986d2572e6/front.png
cabinet,34347451d4ef792f7cd8bf986d2572e6,left,ok,0.254791,220,384,0.322266,384,350d36ddc45783930a6c01d9957b820d58d19de8b7d3269ef308b39037c332d4,true,/cpfs/user/zhuzihou/assets/dedup_workspaces/test0_transitive_apply_parallel/dataset/GRScenes_assets/cabinet/34347451d4ef792f7cd8bf986d2572e6/left.png
cabinet,34347451d4ef792f7cd8bf986d2572e6,back,ok,0.015556,12,453,0.020737,453,8c91def5d33370654f8e947172f7c72961666caef369d30a0c95413e54faa8ee,true,/cpfs/user/zhuzihou/assets/dedup_workspaces/test0_transitive_apply_parallel/dataset/GRScenes_assets/cabinet/34347451d4ef792f7cd8bf986d2572e6/back.png
cabinet,34347451d4ef792f7cd8bf986d2572e6,right,ok,0.254795,220,384,0.322266,384,205e66cc1dcf740774b7ba9a1620bd3d86c89f737834a9ccd8ca6321177d036c,true,/cpfs/user/zhuzihou/assets/dedup_workspaces/test0_transitive_apply_parallel/dataset/GRScenes_assets/cabinet/34347451d4ef792f7cd8bf986d2572e6/right.png
cabinet,358ca6d421fd6822922f594204dade8e,front,ok,0.287868,508,162,0.313934,508,739ed8ef74ec9979e15296c42f01b2241a9652b116a746f94ce17dbdd1b71b04,true,/cpfs/user/zhuzihou/assets/dedup_workspaces/test0_transitive_apply_parallel/dataset/GRScenes_assets/cabinet/358ca6d421fd6822922f594204dade8e/front.png
cabinet,358ca6d421fd6822922f594204dade8e,left,ok,0.161404,141,397,0.213535,397,eee77f4033f26ece21c9615dcb16cd46c197b76b492303feebdf1d7cd9f32faa,true,/cpfs/user/zhuzihou/assets/dedup_workspaces/test0_transitive_apply_parallel/dataset/GRScenes_assets/cabinet/358ca6d421fd6822922f594204dade8e/left.png
cabinet,358ca6d421fd6822922f594204dade8e,back,ok,0.285866,510,161,0.313225,510,26fcd8ee7d76d4b84fe0190b2d47bc69a311a988c8c449f7617e47711bfa91d8,true,/cpfs/user/zhuzihou/assets/dedup_workspaces/test0_transitive_apply_parallel/dataset/GRScenes_assets/cabinet/358ca6d421fd6822922f594204dade8e/back.png
cabinet,358ca6d421fd6822922f594204dade8e,right,ok,0.165577,144,397,0.218079,397,2c399edaa76b5995c30e23726414ab93f5e6d0143337fe90e0bc8d26f2b281a0,true,/cpfs/user/zhuzihou/assets/dedup_workspaces/test0_transitive_apply_parallel/dataset/GRScenes_assets/cabinet/358ca6d421fd6822922f594204dade8e/right.png
cabinet,3590b3ac91a1a2a050aa77e3aa79e1f5,front,ok,0.271599,512,154,0.300781,512,6babab9cb3b39d28b7eed57e202bd6e1b843f303b00288cef2281c9c820f6b82,true,/cpfs/user/zhuzihou/assets/dedup_workspaces/test0_transitive_apply_parallel/dataset/GRScenes_assets/cabinet/3590b3ac91a1a2a050aa77e3aa79e1f5/front.png
cabinet,3590b3ac91a1a2a050aa77e3aa79e1f5,left,ok,0.284988,300,327,0.374222,327,2c126f61d278b18c4cbe7ec6f5e150a975c81e71ca7c0b91348cff509d208b1d,true,/cpfs/user/zhuzihou/assets/dedup_workspaces/test0_transitive_apply_parallel/dataset/GRScenes_assets/cabinet/3590b3ac91a1a2a050aa77e3aa79e1f5/left.png
cabinet,3590b3ac91a1a2a050aa77e3aa79e1f5,back,ok,0.271645,512,154,0.300781,512,539a57cf15059e079d810e4ed50e490a2de6b6a8ddf697c3bbff99aacc2997b4,true,/cpfs/user/zhuzihou/assets/dedup_workspaces/test0_transitive_apply_parallel/dataset/GRScenes_assets/cabinet/3590b3ac91a1a2a050aa77e3aa79e1f5/back.png
cabinet,3590b3ac91a1a2a050aa77e3aa79e1f5,right,ok,0.284599,301,325,0.373173,325,6cc0a1319dc97c79ee475cb61cc6053cbd9f6d256f2885f47e101a44fde6a485,true,/cpfs/user/zhuzihou/assets/dedup_workspaces/test0_transitive_apply_parallel/dataset/GRScenes_assets/cabinet/3590b3ac91a1a2a050aa77e3aa79e1f5/right.png
cabinet,365155e8781d53f97be5426f5518638e,front,ok,0.012878,10,437,0.016670,437,eb36e0a70f13580113dd73ccc8ac18bdbc22e691243c14f4ddcfa35bc402620f,true,/cpfs/user/zhuzihou/assets/dedup_workspaces/test0_transitive_apply_parallel/dataset/GRScenes_assets/cabinet/365155e8781d53f97be5426f5518638e/front.png
cabinet,365155e8781d53f97be5426f5518638e,left,ok,0.177536,148,400,0.225830,400,b752394aad601e1eeced01e7c6d67542cafb4baaf8914e7cecf326b3555eb80e,true,/cpfs/user/zhuzihou/assets/dedup_workspaces/test0_transitive_apply_parallel/dataset/GRScenes_assets/cabinet/365155e8781d53f97be5426f5518638e/left.png
cabinet,365155e8781d53f97be5426f5518638e,back,ok,0.012890,10,437,0.016670,437,cb4027ff526183e732b58dd73cc6d542fc0c3223afbc1670e62e139f658e2ccb,true,/cpfs/user/zhuzihou/assets/dedup_workspaces/test0_transitive_apply_parallel/dataset/GRScenes_assets/cabinet/365155e8781d53f97be5426f5518638e/back.png
cabinet,365155e8781d53f97be5426f5518638e,right,ok,0.177540,148,400,0.225830,400,2cc3b9f9c3903d68a318037cb6a67ac197859787c0b038968b6c31baea2b5e52,true,/cpfs/user/zhuzihou/assets/dedup_workspaces/test0_transitive_apply_parallel/dataset/GRScenes_assets/cabinet/365155e8781d53f97be5426f5518638e/right.png
cabinet,366ae4d8f4f6b070335be67b5ca08981,front,ok,0.163754,136,413,0.214264,413,2c5f01a3dfabdca3d2c29008c56c2baf5abe983a2c3d71900638d93e71c7e726,true,/cpfs/user/zhuzihou/assets/dedup_workspaces/test0_transitive_apply_parallel/dataset/GRScenes_assets/cabinet/366ae4d8f4f6b070335be67b5ca08981/front.png
cabinet,366ae4d8f4f6b070335be67b5ca08981,left,ok,0.335789,504,195,0.374908,504,5de9460aa270aae8f7f91e632289c0457ef38a918068ed2d0df3b384de95a076,true,/cpfs/user/zhuzihou/assets/dedup_workspaces/test0_transitive_apply_parallel/dataset/GRScenes_assets/cabinet/366ae4d8f4f6b070335be67b5ca08981/left.png
cabinet,366ae4d8f4f6b070335be67b5ca08981,back,ok,0.163784,136,413,0.214264,413,a44f69342b0c6c2f52994711085ad9ce268bdfe764dd8087d4c167e0fb3eedec,true,/cpfs/user/zhuzihou/assets/dedup_workspaces/test0_transitive_apply_parallel/dataset/GRScenes_assets/cabinet/366ae4d8f4f6b070335be67b5ca08981/back.png
cabinet,366ae4d8f4f6b070335be67b5ca08981,right,ok,0.335949,504,195,0.374908,504,6b31c51573efcddedda39e9eacad0fc5bef1a4d88dc0d3aba36a057b1633880a,true,/cpfs/user/zhuzihou/assets/dedup_workspaces/test0_transitive_apply_parallel/dataset/GRScenes_assets/cabinet/366ae4d8f4f6b070335be67b5ca08981/right.png
cabinet,36784bfb585bdb14174f19549409978f,front,ok,0.267525,512,149,0.291016,512,a109ed7f4a5e065b057b2167ae0478f5b55e8ab0d9caff313d391a253e07eefc,true,/cpfs/user/zhuzihou/assets/dedup_workspaces/test0_transitive_apply_parallel/dataset/GRScenes_assets/cabinet/36784bfb585bdb14174f19549409978f/front.png
cabinet,36784bfb585bdb14174f19549409978f,left,ok,0.174198,156,388,0.230896,388,f755bca3db43c739b6565576a43e426fa69f207b94b821930df415ce09ce12d3,true,/cpfs/user/zhuzihou/assets/dedup_workspaces/test0_transitive_apply_parallel/dataset/GRScenes_assets/cabinet/36784bfb585bdb14174f19549409978f/left.png
cabinet,36784bfb585bdb14174f19549409978f,back,ok,0.267521,512,149,0.291016,512,29ba87249169ad0bee6107ddb4b2846732b070fec850b70574cd2884f8835126,true,/cpfs/user/zhuzihou/assets/dedup_workspaces/test0_transitive_apply_parallel/dataset/GRScenes_assets/cabinet/36784bfb585bdb14174f19549409978f/back.png
cabinet,36784bfb585bdb14174f19549409978f,right,ok,0.175091,156,388,0.230896,388,3d94807f4f967cda8f4a0e56828b970b64f39a4ad305c2a01771564bcbeb81e0,true,/cpfs/user/zhuzihou/assets/dedup_workspaces/test0_transitive_apply_parallel/dataset/GRScenes_assets/cabinet/36784bfb585bdb14174f19549409978f/right.png
cabinet,37cfc6e575f3358b95af84d6bd8a0c49,front,ok,0.132782,216,363,0.299103,363,d548c0f4e98c21cd8f6fc5b1b0a26edd76d6a4404ea10c5d7667b2a99c7cf55c,true,/cpfs/user/zhuzihou/assets/dedup_workspaces/test0_transitive_apply_parallel/dataset/GRScenes_assets/cabinet/37cfc6e575f3358b95af84d6bd8a0c49/front.png
cabinet,37cfc6e575f3358b95af84d6bd8a0c49,left,ok,0.175953,457,139,0.242321,457,4c04f0d237a35235a522cd1abfad7447d9c3534bf3def0d9c364d7271cc58dc4,true,/cpfs/user/zhuzihou/assets/dedup_workspaces/test0_transitive_apply_parallel/dataset/GRScenes_assets/cabinet/37cfc6e575f3358b95af84d6bd8a0c49/left.png
cabinet,37cfc6e575f3358b95af84d6bd8a0c49,back,ok,0.201416,241,328,0.301544,328,87f79b942cae4764cf3a7fe0c5033734bb1a9db01911d5582d2dc8bbb360d74c,true,/cpfs/user/zhuzihou/assets/dedup_workspaces/test0_transitive_apply_parallel/dataset/GRScenes_assets/cabinet/37cfc6e575f3358b95af84d6bd8a0c49/back.png
cabinet,37cfc6e575f3358b95af84d6bd8a0c49,right,ok,0.201008,509,163,0.316494,509,e5803ffa27e2b8b43bd63d52706508310f54aa4f2a605b944c452518b00732d6,true,/cpfs/user/zhuzihou/assets/dedup_workspaces/test0_transitive_apply_parallel/dataset/GRScenes_assets/cabinet/37cfc6e575f3358b95af84d6bd8a0c49/right.png
cabinet,37d2d404897fa2ae3492c3ca5bb403c6,front,ok,0.498596,480,327,0.598755,480,a9241cd0d986345d2e417d5813cb7cb403210d7895f61dbe45eec1c42a4ad525,true,/cpfs/user/zhuzihou/assets/dedup_workspaces/test0_transitive_apply_parallel/dataset/GRScenes_assets/cabinet/37d2d404897fa2ae3492c3ca5bb403c6/front.png
cabinet,37d2d404897fa2ae3492c3ca5bb403c6,left,ok,0.396648,316,420,0.506287,420,23fb1e3fad233d2f53c2f04b551a0a5caf5fe499096deadf114ce5d78d8de505,true,/cpfs/user/zhuzihou/assets/dedup_workspaces/test0_transitive_apply_parallel/dataset/GRScenes_assets/cabinet/37d2d404897fa2ae3492c3ca5bb403c6/left.png
cabinet,37d2d404897fa2ae3492c3ca5bb403c6,back,ok,0.497166,478,327,0.596260,478,3aa9575692525ac1becde877097d9833db2ab7fbb0f470d36f57b434e57aaa38,true,/cpfs/user/zhuzihou/assets/dedup_workspaces/test0_transitive_apply_parallel/dataset/GRScenes_assets/cabinet/37d2d404897fa2ae3492c3ca5bb403c6/back.png
cabinet,37d2d404897fa2ae3492c3ca5bb403c6,right,ok,0.398701,318,420,0.509491,420,f7c9d55bf30ead5ba07741c9daf920d54cf8496f553414ab73b079cfc9a209d5,true,/cpfs/user/zhuzihou/assets/dedup_workspaces/test0_transitive_apply_parallel/dataset/GRScenes_assets/cabinet/37d2d404897fa2ae3492c3ca5bb403c6/right.png
cabinet,3802c64f1d64d6b6e70831b2be69a863,front,ok,0.378933,462,271,0.477608,462,89d2f2bdff3dd5b441fc9bb07ed0d3e0ee8dc6dcf3d2b6b38598517af5bc6cc7,true,/cpfs/user/zhuzihou/assets/dedup_workspaces/test0_transitive_apply_parallel/dataset/GRScenes_assets/cabinet/3802c64f1d64d6b6e70831b2be69a863/front.png
cabinet,3802c64f1d64d6b6e70831b2be69a863,left,ok,0.371819,483,247,0.455097,483,f516b7326fd9fe90db4d6c71890da733e9c60730767a978e3888af7e794eb82b,true,/cpfs/user/zhuzihou/assets/dedup_workspaces/test0_transitive_apply_parallel/dataset/GRScenes_assets/cabinet/3802c64f1d64d6b6e70831b2be69a863/left.png
cabinet,3802c64f1d64d6b6e70831b2be69a863,back,ok,0.381420,466,271,0.481743,466,b8e9236fbee45ff80aa9dd47ea203067cdddc9e17412467049ae7127d94a3d96,true,/cpfs/user/zhuzihou/assets/dedup_workspaces/test0_transitive_apply_parallel/dataset/GRScenes_assets/cabinet/3802c64f1d64d6b6e70831b2be69a863/back.png
cabinet,3802c64f1d64d6b6e70831b2be69a863,right,ok,0.377651,494,247,0.465462,494,1ef98a02c7967ec4293c0cde59d088b2ca9ed48fc72af0d75763c8916078f0b8,true,/cpfs/user/zhuzihou/assets/dedup_workspaces/test0_transitive_apply_parallel/dataset/GRScenes_assets/cabinet/3802c64f1d64d6b6e70831b2be69a863/right.png
cabinet,39f140c49c1d7f5d53d1c1375f84b6f1,front,ok,0.354603,492,217,0.407272,492,4705696ce6e5efd756a9f429f6a13cd5149e9419929b3dcb120c77422dec63e2,true,/cpfs/user/zhuzihou/assets/dedup_workspaces/test0_transitive_apply_parallel/dataset/GRScenes_assets/cabinet/39f140c49c1d7f5d53d1c1375f84b6f1/front.png
cabinet,39f140c49c1d7f5d53d1c1375f84b6f1,left,ok,0.132565,110,425,0.178337,425,a27de9537f6251d0207373294fca924160594cbb9497928f10e3d6f265ca2c64,true,/cpfs/user/zhuzihou/assets/dedup_workspaces/test0_transitive_apply_parallel/dataset/GRScenes_assets/cabinet/39f140c49c1d7f5d53d1c1375f84b6f1/left.png
cabinet,39f140c49c1d7f5d53d1c1375f84b6f1,back,ok,0.342255,489,217,0.404789,489,736e8eea8fddec24d2cff4472e4458e6b73c6d3ea172e557078323c1a079f3b3,true,/cpfs/user/zhuzihou/assets/dedup_workspaces/test0_transitive_apply_parallel/dataset/GRScenes_assets/cabinet/39f140c49c1d7f5d53d1c1375f84b6f1/back.png
cabinet,39f140c49c1d7f5d53d1c1375f84b6f1,right,ok,0.141441,114,425,0.184822,425,eeaa694d3298be8420cacea76d53f45627d24b2066978187a56c14437eece91c,true,/cpfs/user/zhuzihou/assets/dedup_workspaces/test0_transitive_apply_parallel/dataset/GRScenes_assets/cabinet/39f140c49c1d7f5d53d1c1375f84b6f1/right.png
cabinet,3a0d2a8e5ae7e4ad9623d478712760ac,front,ok,0.071259,82,319,0.099785,319,9a352dbb10c57349a2ed9da057731daa93311caf8d60ac1feef73227747c8fa3,true,/cpfs/user/zhuzihou/assets/dedup_workspaces/test0_transitive_apply_parallel/dataset/GRScenes_assets/cabinet/3a0d2a8e5ae7e4ad9623d478712760ac/front.png
cabinet,3a0d2a8e5ae7e4ad9623d478712760ac,left,ok,0.058167,479,33,0.060299,479,dc2e017d6852737a6fee7d7c4d0812118fb028f704baae4fe53be47359383b8f,true,/cpfs/user/zhuzihou/assets/dedup_workspaces/test0_transitive_apply_parallel/dataset/GRScenes_assets/cabinet/3a0d2a8e5ae7e4ad9623d478712760ac/left.png
cabinet,3a0d2a8e5ae7e4ad9623d478712760ac,back,ok,0.071274,82,319,0.099785,319,d00c89fedc96e0d5df04d9c72e316f9850cb308fee1d29eb25024654c9e8cc44,true,/cpfs/user/zhuzihou/assets/dedup_workspaces/test0_transitive_apply_parallel/dataset/GRScenes_assets/cabinet/3a0d2a8e5ae7e4ad9623d478712760ac/back.png
cabinet,3a0d2a8e5ae7e4ad9623d478712760ac,right,ok,0.058167,479,33,0.060299,479,92a81b6f51e10c9460d9591fd91153240fc03329fd52670b8d14d76082f7e30b,true,/cpfs/user/zhuzihou/assets/dedup_workspaces/test0_transitive_apply_parallel/dataset/GRScenes_assets/cabinet/3a0d2a8e5ae7e4ad9623d478712760ac/right.png
cabinet,3ba8d167d2fa00b09d0420f05b9798d4,front,ok,0.410564,420,346,0.554352,420,b8aec85615a400581d41b2991e1591c5031c1ada07b5f396b4ff07f435da365a,true,/cpfs/user/zhuzihou/assets/dedup_workspaces/test0_transitive_apply_parallel/dataset/GRScenes_assets/cabinet/3ba8d167d2fa00b09d0420f05b9798d4/front.png
cabinet,3ba8d167d2fa00b09d0420f05b9798d4,left,ok,0.407330,480,268,0.490723,480,c3ee2f346bb1ae4dd95ddee0b66c21f88b3d7dca73f163d30d6a81fb3e201d5a,true,/cpfs/user/zhuzihou/assets/dedup_workspaces/test0_transitive_apply_parallel/dataset/GRScenes_assets/cabinet/3ba8d167d2fa00b09d0420f05b9798d4/left.png
cabinet,3ba8d167d2fa00b09d0420f05b9798d4,back,ok,0.410324,417,346,0.550392,417,d300725959da38c336f63db597ed2e13e028d3f805d303239f25ad30627fd1f6,true,/cpfs/user/zhuzihou/assets/dedup_workspaces/test0_transitive_apply_parallel/dataset/GRScenes_assets/cabinet/3ba8d167d2fa00b09d0420f05b9798d4/back.png
cabinet,3ba8d167d2fa00b09d0420f05b9798d4,right,ok,0.450085,510,272,0.529175,510,88fa924ab703b93fa4015842f0761b63fb5fc69b59b96a542e1f367f044efc21,true,/cpfs/user/zhuzihou/assets/dedup_workspaces/test0_transitive_apply_parallel/dataset/GRScenes_assets/cabinet/3ba8d167d2fa00b09d0420f05b9798d4/right.png
cabinet,3c94d0de0b7c394efebe230badc88d39,front,ok,0.356052,440,270,0.453186,440,ded0c2de470d4b690a7caa6abe7f5f327704cb8c5ef9187f23a461c3c367da04,true,/cpfs/user/zhuzihou/assets/dedup_workspaces/test0_transitive_apply_parallel/dataset/GRScenes_assets/cabinet/3c94d0de0b7c394efebe230badc88d39/front.png
cabinet,3c94d0de0b7c394efebe230badc88d39,left,ok,0.336128,500,213,0.406265,500,633e1fe3e01b606cde3e6378839c3d9c81fd05a62797d58630987759bd1f3a1c,true,/cpfs/user/zhuzihou/assets/dedup_workspaces/test0_transitive_apply_parallel/dataset/GRScenes_assets/cabinet/3c94d0de0b7c394efebe230badc88d39/left.png
cabinet,3c94d0de0b7c394efebe230badc88d39,back,ok,0.356064,440,270,0.453186,440,0e00392e7b95fc18d0f683e800de6263683c04d9e491f955ce57cbc1b337b0e0,true,/cpfs/user/zhuzihou/assets/dedup_workspaces/test0_transitive_apply_parallel/dataset/GRScenes_assets/cabinet/3c94d0de0b7c394efebe230badc88d39/back.png
cabinet,3c94d0de0b7c394efebe230badc88d39,right,ok,0.346558,500,219,0.417709,500,cd1988aea1726e8bc11885986ab86470d12ce70f91eda09fdb6cfe5cb85e47e9,true,/cpfs/user/zhuzihou/assets/dedup_workspaces/test0_transitive_apply_parallel/dataset/GRScenes_assets/cabinet/3c94d0de0b7c394efebe230badc88d39/right.png
cabinet,3d04a7ca1204a5a32263418847780fe0,front,ok,0.270370,504,190,0.365295,504,4c977a53df850b36864293b8393d09bea91a863384a5b5c311c9fb131f42b580,true,/cpfs/user/zhuzihou/assets/dedup_workspaces/test0_transitive_apply_parallel/dataset/GRScenes_assets/cabinet/3d04a7ca1204a5a32263418847780fe0/front.png
cabinet,3d04a7ca1204a5a32263418847780fe0,left,ok,0.147015,129,411,0.202251,411,aa80d016a522d919cb6f35f7b0d23385c478f9633def34bc3efbbbe5027a7597,true,/cpfs/user/zhuzihou/assets/dedup_workspaces/test0_transitive_apply_parallel/dataset/GRScenes_assets/cabinet/3d04a7ca1204a5a32263418847780fe0/left.png
cabinet,3d04a7ca1204a5a32263418847780fe0,back,ok,0.328850,502,191,0.365761,502,88bc31e0894a0c1334bb936334ca5fe91f3d3df259aff5142de5a55dec52faf9,true,/cpfs/user/zhuzihou/assets/dedup_workspaces/test0_transitive_apply_parallel/dataset/GRScenes_assets/cabinet/3d04a7ca1204a5a32263418847780fe0/back.png
cabinet,3d04a7ca1204a5a32263418847780fe0,right,ok,0.097393,131,411,0.205387,411,497a2a693f5b70346ce3b2ed1e487dfeff07c50908dce5334ed480046f24acec,true,/cpfs/user/zhuzihou/assets/dedup_workspaces/test0_transitive_apply_parallel/dataset/GRScenes_assets/cabinet/3d04a7ca1204a5a32263418847780fe0/right.png
cabinet,3d949263ad639a1094ddef51244d9919,front,ok,0.295109,305,337,0.392094,337,b5d6b4b657ea18d03b5f93dd3023096db50323ccba0cce78b758f612beaec382,true,/cpfs/user/zhuzihou/assets/dedup_workspaces/test0_transitive_apply_parallel/dataset/GRScenes_assets/cabinet/3d949263ad639a1094ddef51244d9919/front.png
cabinet,3d949263ad639a1094ddef51244d9919,left,ok,0.286110,512,175,0.341797,512,cce5f8710ae012e2133aa34c18de3ce7837e87814a691f0f6547ca0eb0012088,true,/cpfs/user/zhuzihou/assets/dedup_workspaces/test0_transitive_apply_parallel/dataset/GRScenes_assets/cabinet/3d949263ad639a1094ddef51244d9919/left.png
cabinet,3d949263ad639a1094ddef51244d9919,back,ok,0.288944,305,337,0.392094,337,f141cf4c378b5cc6963d7d73d0d8df43a6e49eeaffb2a9ff6a438da435eb9180,true,/cpfs/user/zhuzihou/assets/dedup_workspaces/test0_transitive_apply_parallel/dataset/GRScenes_assets/cabinet/3d949263ad639a1094ddef51244d9919/back.png
cabinet,3d949263ad639a1094ddef51244d9919,right,ok,0.286076,512,176,0.343750,512,87a4f113f076a09a7ea4f33be30b44eda1e008f02130604e99b3fedc4961a8a2,true,/cpfs/user/zhuzihou/assets/dedup_workspaces/test0_transitive_apply_parallel/dataset/GRScenes_assets/cabinet/3d949263ad639a1094ddef51244d9919/right.png
cabinet,3df3a72f92c2bf76681d516fb4bf12e0,front,ok,0.298077,511,168,0.327484,511,995f9df2f26c379c9fb5bed3afe34a5b62d7eabcccda96bcec33f9adcce481f1,true,/cpfs/user/zhuzihou/assets/dedup_workspaces/test0_transitive_apply_parallel/dataset/GRScenes_assets/cabinet/3df3a72f92c2bf76681d516fb4bf12e0/front.png
cabinet,3df3a72f92c2bf76681d516fb4bf12e0,left,ok,0.232742,210,382,0.306015,382,df29e19dd2c09e8d0272696d330c83861619d02fffb7060a7e44ecfe2d5df9b7,true,/cpfs/user/zhuzihou/assets/dedup_workspaces/test0_transitive_apply_parallel/dataset/GRScenes_assets/cabinet/3df3a72f92c2bf76681d516fb4bf12e0/left.png
cabinet,3df3a72f92c2bf76681d516fb4bf12e0,back,ok,0.301361,512,168,0.328125,512,6ce33cc91467c55d346ad9b43fe429266fcb4bd4807d635cf6ea2ea169a24fb8,true,/cpfs/user/zhuzihou/assets/dedup_workspaces/test0_transitive_apply_parallel/dataset/GRScenes_assets/cabinet/3df3a72f92c2bf76681d516fb4bf12e0/back.png
cabinet,3df3a72f92c2bf76681d516fb4bf12e0,right,ok,0.217083,187,382,0.272499,382,d59a67dc198152184d3a82d6af874d121f455c1a59eed305745443da06547d46,true,/cpfs/user/zhuzihou/assets/dedup_workspaces/test0_transitive_apply_parallel/dataset/GRScenes_assets/cabinet/3df3a72f92c2bf76681d516fb4bf12e0/right.png
cabinet,3ebe92095d03caa7e448548eb425f1b5,front,ok,0.395859,385,365,0.536060,385,64188f8e5259afa320d4ad4a2f755f66fcad82f299ebd0f14bdc19f0ba870c62,true,/cpfs/user/zhuzihou/assets/dedup_workspaces/test0_transitive_apply_parallel/dataset/GRScenes_assets/cabinet/3ebe92095d03caa7e448548eb425f1b5/front.png
cabinet,3ebe92095d03caa7e448548eb425f1b5,left,ok,0.277340,237,436,0.394180,436,7c9f3ce9fce1191b98a5b48e5245ab4ebf107a0aa7f2eecaa34ec45829262bf0,true,/cpfs/user/zhuzihou/assets/dedup_workspaces/test0_transitive_apply_parallel/dataset/GRScenes_assets/cabinet/3ebe92095d03caa7e448548eb425f1b5/left.png
cabinet,3ebe92095d03caa7e448548eb425f1b5,back,ok,0.437614,395,359,0.540943,395,9e51f85972f0be8b4301e725119267e56aff080978f37cb3f31386c89fb11daa,true,/cpfs/user/zhuzihou/assets/dedup_workspaces/test0_transitive_apply_parallel/dataset/GRScenes_assets/cabinet/3ebe92095d03caa7e448548eb425f1b5/back.png
cabinet,3ebe92095d03caa7e448548eb425f1b5,right,ok,0.291431,244,436,0.405823,436,96c78b2799a19cd1e13892cf13fb9d4e69058ed3d2a02230665bc5bdf84197df,true,/cpfs/user/zhuzihou/assets/dedup_workspaces/test0_transitive_apply_parallel/dataset/GRScenes_assets/cabinet/3ebe92095d03caa7e448548eb425f1b5/right.png
cabinet,3ed4d0d3a5b72765f72a6b841f91b788,front,ok,0.238811,194,412,0.304901,412,b818172534b1e522198e5a2c32790eb6bb03e23d2f7ea45946a197fce839723f,true,/cpfs/user/zhuzihou/assets/dedup_workspaces/test0_transitive_apply_parallel/dataset/GRScenes_assets/cabinet/3ed4d0d3a5b72765f72a6b841f91b788/front.png
cabinet,3ed4d0d3a5b72765f72a6b841f91b788,left,ok,0.147709,113,445,0.191822,445,a4bce1414ad79e7d3da042c09b667e6f5a35af5ff50eac3feb6bc48f6f9bdf8d,true,/cpfs/user/zhuzihou/assets/dedup_workspaces/test0_transitive_apply_parallel/dataset/GRScenes_assets/cabinet/3ed4d0d3a5b72765f72a6b841f91b788/left.png
cabinet,3ed4d0d3a5b72765f72a6b841f91b788,back,ok,0.254452,207,412,0.325333,412,d508e9db745908b7be94d23ea811659a708b9b86188f02814b33b38ede40a9eb,true,/cpfs/user/zhuzihou/assets/dedup_workspaces/test0_transitive_apply_parallel/dataset/GRScenes_assets/cabinet/3ed4d0d3a5b72765f72a6b841f91b788/back.png
cabinet,3ed4d0d3a5b72765f72a6b841f91b788,right,ok,0.144745,112,445,0.190125,445,8792eb152c3d77f806d910d7d2e78222c00ccd62789c5895cd513bc1e5c19f5b,true,/cpfs/user/zhuzihou/assets/dedup_workspaces/test0_transitive_apply_parallel/dataset/GRScenes_assets/cabinet/3ed4d0d3a5b72765f72a6b841f91b788/right.png
cabinet,3f0fc581fa26e88fc4246c8829416a20,front,ok,0.339607,512,192,0.375000,512,988342d0d69824fe949740be482ef665dbc3979d4048e1832539fd68aac5e34e,true,/cpfs/user/zhuzihou/assets/dedup_workspaces/test0_transitive_apply_parallel/dataset/GRScenes_assets/cabinet/3f0fc581fa26e88fc4246c8829416a20/front.png
cabinet,3f0fc581fa26e88fc4246c8829416a20,left,ok,0.211010,178,406,0.275681,406,d9d83828cc77455a194593662ff06b337fd90c495b2b8ed1295026bccf0ef029,true,/cpfs/user/zhuzihou/assets/dedup_workspaces/test0_transitive_apply_parallel/dataset/GRScenes_assets/cabinet/3f0fc581fa26e88fc4246c8829416a20/left.png
cabinet,3f0fc581fa26e88fc4246c8829416a20,back,ok,0.339287,512,192,0.375000,512,ad5aac25724406bea06540de4f7e649ff59297d15eb7665aebc904bb5241540d,true,/cpfs/user/zhuzihou/assets/dedup_workspaces/test0_transitive_apply_parallel/dataset/GRScenes_assets/cabinet/3f0fc581fa26e88fc4246c8829416a20/back.png
cabinet,3f0fc581fa26e88fc4246c8829416a20,right,ok,0.211002,178,406,0.275681,406,7d0bff1abfeb500bb585d0676cdbbc341ad80c642cf53f58778f1bf3b3823aa4,true,/cpfs/user/zhuzihou/assets/dedup_workspaces/test0_transitive_apply_parallel/dataset/GRScenes_assets/cabinet/3f0fc581fa26e88fc4246c8829416a20/right.png
cabinet,3fde18efccfa4108399e82a8e6e01808,front,ok,0.123882,494,69,0.130028,494,8584f0fabb573a911dea4f89a42112e3e51e0c8332eaae2af3639dd0c35821aa,true,/cpfs/user/zhuzihou/assets/dedup_workspaces/test0_transitive_apply_parallel/dataset/GRScenes_assets/cabinet/3fde18efccfa4108399e82a8e6e01808/front.png
cabinet,3fde18efccfa4108399e82a8e6e01808,left,ok,0.109650,116,341,0.150894,341,6194caee8601d5d2b11abee31168680ac132d165c5360e154438b1398a7af1d9,true,/cpfs/user/zhuzihou/assets/dedup_workspaces/test0_transitive_apply_parallel/dataset/GRScenes_assets/cabinet/3fde18efccfa4108399e82a8e6e01808/left.png
cabinet,3fde18efccfa4108399e82a8e6e01808,back,ok,0.123878,494,69,0.130028,494,002768a286a06c1911d6018a6d62e7f72574c63af74505fcb6d8d4ccab8438c5,true,/cpfs/user/zhuzihou/assets/dedup_workspaces/test0_transitive_apply_parallel/dataset/GRScenes_assets/cabinet/3fde18efccfa4108399e82a8e6e01808/back.png
cabinet,3fde18efccfa4108399e82a8e6e01808,right,ok,0.110008,116,341,0.150894,341,969e3d2e3b651d13d4fcee62d7b30b324dec84f8bb8fbf73ba42a7e43873bfe3,true,/cpfs/user/zhuzihou/assets/dedup_workspaces/test0_transitive_apply_parallel/dataset/GRScenes_assets/cabinet/3fde18efccfa4108399e82a8e6e01808/right.png
cabinet,400d3b28ac9004dbb1f1f1a1b24a1d6a,front,ok,0.458668,479,301,0.549999,479,2ff41f1345b21a42e60b442f1a5fe8ace1136cb5175b202d3d0db38b87ebe189,true,/cpfs/user/zhuzihou/assets/dedup_workspaces/test0_transitive_apply_parallel/dataset/GRScenes_assets/cabinet/400d3b28ac9004dbb1f1f1a1b24a1d6a/front.png
cabinet,400d3b28ac9004dbb1f1f1a1b24a1d6a,left,ok,0.459599,455,324,0.562363,455,996c5a2b1be5d2f8b57f040e88393a84747248f5c9933a0f7d57b8894c6ca77e,true,/cpfs/user/zhuzihou/assets/dedup_workspaces/test0_transitive_apply_parallel/dataset/GRScenes_assets/cabinet/400d3b28ac9004dbb1f1f1a1b24a1d6a/left.png
cabinet,400d3b28ac9004dbb1f1f1a1b24a1d6a,back,ok,0.441036,471,298,0.535423,471,652c68cc8fee36671923c0ffd5fb337d9b05228b76a074fbb1bd19b108103673,true,/cpfs/user/zhuzihou/assets/dedup_workspaces/test0_transitive_apply_parallel/dataset/GRScenes_assets/cabinet/400d3b28ac9004dbb1f1f1a1b24a1d6a/back.png
cabinet,400d3b28ac9004dbb1f1f1a1b24a1d6a,right,ok,0.420322,436,316,0.525574,436,24ea194c09e2eb89121dc1043d058a19afaed9c2668d0ffa1e139bd14d743812,true,/cpfs/user/zhuzihou/assets/dedup_workspaces/test0_transitive_apply_parallel/dataset/GRScenes_assets/cabinet/400d3b28ac9004dbb1f1f1a1b24a1d6a/right.png
cabinet,4024e7c184bfb63c07b5a83a4890a3db,front,ok,0.350971,494,214,0.403275,494,ab3fa6e8c2592e5b901164470b16bbbea7df619c06d8d444ac2293b07cd3ef8c,true,/cpfs/user/zhuzihou/assets/dedup_workspaces/test0_transitive_apply_parallel/dataset/GRScenes_assets/cabinet/4024e7c184bfb63c07b5a83a4890a3db/front.png
cabinet,4024e7c184bfb63c07b5a83a4890a3db,left,ok,0.142841,116,423,0.187180,423,b575d6359ef419ae6a29688b98ad1eb65318bf2471b688052f3796493e02910c,true,/cpfs/user/zhuzihou/assets/dedup_workspaces/test0_transitive_apply_parallel/dataset/GRScenes_assets/cabinet/4024e7c184bfb63c07b5a83a4890a3db/left.png
cabinet,4024e7c184bfb63c07b5a83a4890a3db,back,ok,0.343716,494,214,0.403275,494,dcbeb628a3b33b83346e5dd859e25425a1d40c063c98f885e1731028f4a33d28,true,/cpfs/user/zhuzihou/assets/dedup_workspaces/test0_transitive_apply_parallel/dataset/GRScenes_assets/cabinet/4024e7c184bfb63c07b5a83a4890a3db/back.png
cabinet,4024e7c184bfb63c07b5a83a4890a3db,right,ok,0.135456,116,421,0.186295,421,0e6cbbeb3930e656c4c15d43f8ca399c7ce932308da3306664226a6abe3f79f2,true,/cpfs/user/zhuzihou/assets/dedup_workspaces/test0_transitive_apply_parallel/dataset/GRScenes_assets/cabinet/4024e7c184bfb63c07b5a83a4890a3db/right.png
cabinet,412b7eea49bbaed63c5229c120138440,front,ok,0.384575,343,378,0.494591,378,48aa850d8d7210dfbd13258a1a4ac06fec1cc2219adae38e1d2fbbe71ba7c6c9,true,/cpfs/user/zhuzihou/assets/dedup_workspaces/test0_transitive_apply_parallel/dataset/GRScenes_assets/cabinet/412b7eea49bbaed63c5229c120138440/front.png
cabinet,412b7eea49bbaed63c5229c120138440,left,ok,0.428822,512,246,0.480469,512,36cf21d526140718ef8924e026f184090ced582190ec60f9ea2afe0275431dec,true,/cpfs/user/zhuzihou/assets/dedup_workspaces/test0_transitive_apply_parallel/dataset/GRScenes_assets/cabinet/412b7eea49bbaed63c5229c120138440/left.png
cabinet,412b7eea49bbaed63c5229c120138440,back,ok,0.386238,344,378,0.496033,378,2b77337f6667d42345bbfdff924010762b421b1139c796c7af38d1daa0111b46,true,/cpfs/user/zhuzihou/assets/dedup_workspaces/test0_transitive_apply_parallel/dataset/GRScenes_assets/cabinet/412b7eea49bbaed63c5229c120138440/back.png
cabinet,412b7eea49bbaed63c5229c120138440,right,ok,0.433174,512,248,0.484375,512,2bc1ff3d12e57ee7f4bd3f9affa2046597b96d690733b8d710e700bd8b218ff6,true,/cpfs/user/zhuzihou/assets/dedup_workspaces/test0_transitive_apply_parallel/dataset/GRScenes_assets/cabinet/412b7eea49bbaed63c5229c120138440/right.png
cabinet,42099dca9f26baff5818bafdf6143072,front,ok,0.288757,288,343,0.376831,343,b78f99464157515322ef24f261d9ab5104467cf7cbbf0a6bfe88b637957888e6,true,/cpfs/user/zhuzihou/assets/dedup_workspaces/test0_transitive_apply_parallel/dataset/GRScenes_assets/cabinet/42099dca9f26baff5818bafdf6143072/front.png
cabinet,42099dca9f26baff5818bafdf6143072,left,ok,0.294071,512,163,0.318359,512,55f2f35e7e5699d4889dc8c4a88b07e511bf2c235ba0b51d6217c8a667480b91,true,/cpfs/user/zhuzihou/assets/dedup_workspaces/test0_transitive_apply_parallel/dataset/GRScenes_assets/cabinet/42099dca9f26baff5818bafdf6143072/left.png
cabinet,42099dca9f26baff5818bafdf6143072,back,ok,0.288822,288,343,0.376831,343,ca9e78d81851bc113cb9c0553ec45886f7922ecb372d016f589f94549a170cee,true,/cpfs/user/zhuzihou/assets/dedup_workspaces/test0_transitive_apply_parallel/dataset/GRScenes_assets/cabinet/42099dca9f26baff5818bafdf6143072/back.png
cabinet,42099dca9f26baff5818bafdf6143072,right,ok,0.294064,512,163,0.318359,512,a13da1422713b8dc35e3c1faf7d3cd7e28665821287e4117c914e5dcb9316c73,true,/cpfs/user/zhuzihou/assets/dedup_workspaces/test0_transitive_apply_parallel/dataset/GRScenes_assets/cabinet/42099dca9f26baff5818bafdf6143072/right.png
cabinet,442535610c5f7cdf826acdc6765e9fd3,front,ok,0.164425,138,402,0.211624,402,825b0c56626a553588b6737b76270e24f5c010b4ea07d984692822e17f457e60,true,/cpfs/user/zhuzihou/assets/dedup_workspaces/test0_transitive_apply_parallel/dataset/GRScenes_assets/cabinet/442535610c5f7cdf826acdc6765e9fd3/front.png
cabinet,442535610c5f7cdf826acdc6765e9fd3,left,ok,0.011463,8,434,0.013245,434,9657d59a001b1b8f3541e37b3c4770bafae4a76c3f97f7e3c3621b259ce2e662,true,/cpfs/user/zhuzihou/assets/dedup_workspaces/test0_transitive_apply_parallel/dataset/GRScenes_assets/cabinet/442535610c5f7cdf826acdc6765e9fd3/left.png
cabinet,442535610c5f7cdf826acdc6765e9fd3,back,ok,0.164925,138,402,0.211624,402,eb041a96555691e5222ecc3b3bc4601c45e40bcbbe403f391a755bfdf4b6d7e7,true,/cpfs/user/zhuzihou/assets/dedup_workspaces/test0_transitive_apply_parallel/dataset/GRScenes_assets/cabinet/442535610c5f7cdf826acdc6765e9fd3/back.png
cabinet,442535610c5f7cdf826acdc6765e9fd3,right,ok,0.011463,8,434,0.013245,434,77308be1994738d297e05d29897d2b1e94f03148a328273ac4a0628dec608b16,true,/cpfs/user/zhuzihou/assets/dedup_workspaces/test0_transitive_apply_parallel/dataset/GRScenes_assets/cabinet/442535610c5f7cdf826acdc6765e9fd3/right.png
cabinet,4441e4614b32447ba28d5d9bc67f0390,front,ok,0.081882,91,381,0.132259,381,e1035651456c64c97181f55062af14c466e6a4a444c9c3434f2b3d8943770fef,true,/cpfs/user/zhuzihou/assets/dedup_workspaces/test0_transitive_apply_parallel/dataset/GRScenes_assets/cabinet/4441e4614b32447ba28d5d9bc67f0390/front.png
cabinet,4441e4614b32447ba28d5d9bc67f0390,left,ok,0.164223,454,104,0.180115,454,e1a63351be17e26972b71f295c4fb75fff30919b8d7273e8d1bd2331351b62d8,true,/cpfs/user/zhuzihou/assets/dedup_workspaces/test0_transitive_apply_parallel/dataset/GRScenes_assets/cabinet/4441e4614b32447ba28d5d9bc67f0390/left.png
cabinet,4441e4614b32447ba28d5d9bc67f0390,back,ok,0.082451,91,381,0.132259,381,b607aee7e43984717587f8fe84eb06c865295b23083d5745889addb1ca112d69,true,/cpfs/user/zhuzihou/assets/dedup_workspaces/test0_transitive_apply_parallel/dataset/GRScenes_assets/cabinet/4441e4614b32447ba28d5d9bc67f0390/back.png
cabinet,4441e4614b32447ba28d5d9bc67f0390,right,ok,0.193295,500,114,0.217438,500,51e6ad9980462de9e6691c739b45e2fef58d3e44614b03a1f6a9ca4707ecbf19,true,/cpfs/user/zhuzihou/assets/dedup_workspaces/test0_transitive_apply_parallel/dataset/GRScenes_assets/cabinet/4441e4614b32447ba28d5d9bc67f0390/right.png
cabinet,4495369058344367373718d9a27f5d4b,front,ok,0.235367,502,132,0.252777,502,18624ab14b0ffcf134ff2a3020d1ae1dc6c212cc91999c99e38861f4dd66916b,true,/cpfs/user/zhuzihou/assets/dedup_workspaces/test0_transitive_apply_parallel/dataset/GRScenes_assets/cabinet/4495369058344367373718d9a27f5d4b/front.png
cabinet,4495369058344367373718d9a27f5d4b,left,ok,0.113510,100,391,0.149155,391,b66f81851122e1164ab0571e2847bd0634e0ea039595744c9cb03ab342daced9,true,/cpfs/user/zhuzihou/assets/dedup_workspaces/test0_transitive_apply_parallel/dataset/GRScenes_assets/cabinet/4495369058344367373718d9a27f5d4b/left.png
cabinet,4495369058344367373718d9a27f5d4b,back,ok,0.235264,502,132,0.252777,502,2ad5544d4c706c15b7ee54b99f06c39ff96e0c1bee63f71b77500a2f101e1242,true,/cpfs/user/zhuzihou/assets/dedup_workspaces/test0_transitive_apply_parallel/dataset/GRScenes_assets/cabinet/4495369058344367373718d9a27f5d4b/back.png
cabinet,4495369058344367373718d9a27f5d4b,right,ok,0.113972,100,391,0.149155,391,60100015d586edc2238a411e52d6f66aad606a67554e2fc681c1e3a018820940,true,/cpfs/user/zhuzihou/assets/dedup_workspaces/test0_transitive_apply_parallel/dataset/GRScenes_assets/cabinet/4495369058344367373718d9a27f5d4b/right.png
cabinet,44bb282febf69ed6b92b6a239d306d69,front,ok,0.295628,310,329,0.389061,329,e3dc51c74037ed6b6b73aa18367f85a604b9cdc9c9b746231c732ea390a6fb5c,true,/cpfs/user/zhuzihou/assets/dedup_workspaces/test0_transitive_apply_parallel/dataset/GRScenes_assets/cabinet/44bb282febf69ed6b92b6a239d306d69/front.png
cabinet,44bb282febf69ed6b92b6a239d306d69,left,ok,0.283546,512,160,0.312500,512,410d5e6a6bbbe83bc90e085497e39a70189b2df32e908f5b4d5bd8276160a337,true,/cpfs/user/zhuzihou/assets/dedup_workspaces/test0_transitive_apply_parallel/dataset/GRScenes_assets/cabinet/44bb282febf69ed6b92b6a239d306d69/left.png
cabinet,44bb282febf69ed6b92b6a239d306d69,back,ok,0.295654,310,329,0.389061,329,efd901cb50b766838656798064e3c0a76376b8e37fa398f443e51389e7fda898,true,/cpfs/user/zhuzihou/assets/dedup_workspaces/test0_transitive_apply_parallel/dataset/GRScenes_assets/cabinet/44bb282febf69ed6b92b6a239d306d69/back.png
cabinet,44bb282febf69ed6b92b6a239d306d69,right,ok,0.283546,512,160,0.312500,512,c85b8faa2d236fbbcba4692008586d07a0758ad0f5056fe50bd107439355f27b,true,/cpfs/user/zhuzihou/assets/dedup_workspaces/test0_transitive_apply_parallel/dataset/GRScenes_assets/cabinet/44bb282febf69ed6b92b6a239d306d69/right.png
cabinet,46f0865f80677d8cfa43d88816727556,front,ok,0.176975,512,182,0.355469,512,89aaac60933ac1708f0b9cddec818ea16d15c8c791d67cc33fefb7f206b55510,true,/cpfs/user/zhuzihou/assets/dedup_workspaces/test0_transitive_apply_parallel/dataset/GRScenes_assets/cabinet/46f0865f80677d8cfa43d88816727556/front.png
cabinet,46f0865f80677d8cfa43d88816727556,left,ok,0.159477,349,323,0.430019,349,7789563c0470c9ae4be87ffa3321738e6051a68261c13cd7c3fcec8fa00fa54c,true,/cpfs/user/zhuzihou/assets/dedup_workspaces/test0_transitive_apply_parallel/dataset/GRScenes_assets/cabinet/46f0865f80677d8cfa43d88816727556/left.png
cabinet,46f0865f80677d8cfa43d88816727556,back,ok,0.119808,439,182,0.304787,439,8be6bbd91d21d041af58927d6a36d4472029a9437e6adb3508087d67bf2d28ee,true,/cpfs/user/zhuzihou/assets/dedup_workspaces/test0_transitive_apply_parallel/dataset/GRScenes_assets/cabinet/46f0865f80677d8cfa43d88816727556/back.png
cabinet,46f0865f80677d8cfa43d88816727556,right,ok,0.090714,256,323,0.315430,323,c69d1d0c674d1c72f02de4e48658d26812c8a14aa3b193c7c73ce383e20ed622,true,/cpfs/user/zhuzihou/assets/dedup_workspaces/test0_transitive_apply_parallel/dataset/GRScenes_assets/cabinet/46f0865f80677d8cfa43d88816727556/right.png
cabinet,473705d38572b15b7f0f5ea83cfe94c0,front,ok,0.416901,410,325,0.508308,410,ec19f19609a855c8e2cf4486b948af0e2f29b05fbc38ebcfb167b59af2229cd5,true,/cpfs/user/zhuzihou/assets/dedup_workspaces/test0_transitive_apply_parallel/dataset/GRScenes_assets/cabinet/473705d38572b15b7f0f5ea83cfe94c0/front.png
cabinet,473705d38572b15b7f0f5ea83cfe94c0,left,ok,0.154682,118,455,0.204811,455,32b25cb46a15e3fedef37fbd856109dd96f64a18ab2707f8c633cad7097f61e8,true,/cpfs/user/zhuzihou/assets/dedup_workspaces/test0_transitive_apply_parallel/dataset/GRScenes_assets/cabinet/473705d38572b15b7f0f5ea83cfe94c0/left.png
cabinet,473705d38572b15b7f0f5ea83cfe94c0,back,ok,0.411369,407,325,0.504589,407,cc0f2aab60201c1d368b5ceae4472f5959b5e71af034754687976a9c04f9c0e7,true,/cpfs/user/zhuzihou/assets/dedup_workspaces/test0_transitive_apply_parallel/dataset/GRScenes_assets/cabinet/473705d38572b15b7f0f5ea83cfe94c0/back.png
cabinet,473705d38572b15b7f0f5ea83cfe94c0,right,ok,0.158310,119,455,0.206547,455,d2c73ae66415726386f4c3589f88cae1c9989d098474f86f82b5c66803f86640,true,/cpfs/user/zhuzihou/assets/dedup_workspaces/test0_transitive_apply_parallel/dataset/GRScenes_assets/cabinet/473705d38572b15b7f0f5ea83cfe94c0/right.png
cabinet,475808e6907722a0034197b378d841b8,front,ok,0.309635,512,175,0.341797,512,39312d318e1500ebce276ac66adc29b121a47e49c43bce8a3392778425688b42,true,/cpfs/user/zhuzihou/assets/dedup_workspaces/test0_transitive_apply_parallel/dataset/GRScenes_assets/cabinet/475808e6907722a0034197b378d841b8/front.png
cabinet,475808e6907722a0034197b378d841b8,left,ok,0.193859,168,399,0.255707,399,f5b3cfbe5c544c4232287ad6454f830760601d23b690a596ff2a77b1a58311e4,true,/cpfs/user/zhuzihou/assets/dedup_workspaces/test0_transitive_apply_parallel/dataset/GRScenes_assets/cabinet/475808e6907722a0034197b378d841b8/left.png
cabinet,475808e6907722a0034197b378d841b8,back,ok,0.305737,512,175,0.341797,512,65d941da19c16bc16c2b2449365e8d38fe3d97278058dfd98f686da646e16327,true,/cpfs/user/zhuzihou/assets/dedup_workspaces/test0_transitive_apply_parallel/dataset/GRScenes_assets/cabinet/475808e6907722a0034197b378d841b8/back.png
cabinet,475808e6907722a0034197b378d841b8,right,ok,0.193714,168,399,0.255707,399,6b8a3cd568fa389ca8cb612222802a0e978c69286d4e4f55f02355b269d87b89,true,/cpfs/user/zhuzihou/assets/dedup_workspaces/test0_transitive_apply_parallel/dataset/GRScenes_assets/cabinet/475808e6907722a0034197b378d841b8/right.png
cabinet,475d109c4664221d89fe6b4dfbf522e9,front,ok,0.276863,352,276,0.370605,352,700ae3c2d911370029cf113f1d05bd9f03a075bdc60ef5f3be696d417641336f,true,/cpfs/user/zhuzihou/assets/dedup_workspaces/test0_transitive_apply_parallel/dataset/GRScenes_assets/cabinet/475d109c4664221d89fe6b4dfbf522e9/front.png
cabinet,475d109c4664221d89fe6b4dfbf522e9,left,ok,0.237606,507,145,0.280437,507,d9a8a9fbd00cff976c5b671ab251354fea34de549a7e88ca35b5bdc6158b88d8,true,/cpfs/user/zhuzihou/assets/dedup_workspaces/test0_transitive_apply_parallel/dataset/GRScenes_assets/cabinet/475d109c4664221d89fe6b4dfbf522e9/left.png
cabinet,475d109c4664221d89fe6b4dfbf522e9,back,ok,0.276867,352,276,0.370605,352,787dc6c0fcf8b80b025ae9a9f05fcaf72a3142d33d1c8ac1b7a8cf626ded3890,true,/cpfs/user/zhuzihou/assets/dedup_workspaces/test0_transitive_apply_parallel/dataset/GRScenes_assets/cabinet/475d109c4664221d89fe6b4dfbf522e9/back.png
cabinet,475d109c4664221d89fe6b4dfbf522e9,right,ok,0.237606,507,145,0.280437,507,7559ade2cffa0756cfc20fcf5e931677d8282db03de4a0af3b9cc39f82eba3cc,true,/cpfs/user/zhuzihou/assets/dedup_workspaces/test0_transitive_apply_parallel/dataset/GRScenes_assets/cabinet/475d109c4664221d89fe6b4dfbf522e9/right.png
cabinet,47941c7024fa028b002292df4e0231d4,front,ok,0.432354,380,370,0.536346,380,26adf3d20e279c887db9dbe7f7f906e5ce18c2647ec5b97da0762eff7416f1b5,true,/cpfs/user/zhuzihou/assets/dedup_workspaces/test0_transitive_apply_parallel/dataset/GRScenes_assets/cabinet/47941c7024fa028b002292df4e0231d4/front.png
cabinet,47941c7024fa028b002292df4e0231d4,left,ok,0.280842,217,444,0.367538,444,bb2b4d0f589f8b69f8f43c1e7e381dca237c1f3034f90f95d85089e23a1b6fb1,true,/cpfs/user/zhuzihou/assets/dedup_workspaces/test0_transitive_apply_parallel/dataset/GRScenes_assets/cabinet/47941c7024fa028b002292df4e0231d4/left.png
cabinet,47941c7024fa028b002292df4e0231d4,back,ok,0.393642,386,370,0.544815,386,c350f4fa828e23e4b1f074f6952476e308ddf38705c56042f3c5d5d807f9047b,true,/cpfs/user/zhuzihou/assets/dedup_workspaces/test0_transitive_apply_parallel/dataset/GRScenes_assets/cabinet/47941c7024fa028b002292df4e0231d4/back.png
cabinet,47941c7024fa028b002292df4e0231d4,right,ok,0.252064,209,444,0.353989,444,4461e69c7cb9ff602a5c97e54000b84e0a93729621c88701cfa8b03959304758,true,/cpfs/user/zhuzihou/assets/dedup_workspaces/test0_transitive_apply_parallel/dataset/GRScenes_assets/cabinet/47941c7024fa028b002292df4e0231d4/right.png
cabinet,4866619352707772cd8a6b51d67b0505,front,ok,0.164993,196,307,0.229538,307,ab724bc31dfea4f9ef7124b9bfd47d23d2f86ea48f10527743b369b0d8ea7672,true,/cpfs/user/zhuzihou/assets/dedup_workspaces/test0_transitive_apply_parallel/dataset/GRScenes_assets/cabinet/4866619352707772cd8a6b51d67b0505/front.png
cabinet,4866619352707772cd8a6b51d67b0505,left,ok,0.126385,498,73,0.138680,498,c97dfafc039bffb987679c75ffe8673839f641dd5c5a20633eda7ab927bfa229,true,/cpfs/user/zhuzihou/assets/dedup_workspaces/test0_transitive_apply_parallel/dataset/GRScenes_assets/cabinet/4866619352707772cd8a6b51d67b0505/left.png
cabinet,4866619352707772cd8a6b51d67b0505,back,ok,0.165024,196,307,0.229538,307,62a393ab95eae17636b45d2cf46744fa14de944ccc37d16849252b7af66fea9c,true,/cpfs/user/zhuzihou/assets/dedup_workspaces/test0_transitive_apply_parallel/dataset/GRScenes_assets/cabinet/4866619352707772cd8a6b51d67b0505/back.png
cabinet,4866619352707772cd8a6b51d67b0505,right,ok,0.126385,498,73,0.138680,498,e49e4a4678030e505d8a91ac32583b4fc7220b06e12ca15be2f240bd5c47ab55,true,/cpfs/user/zhuzihou/assets/dedup_workspaces/test0_transitive_apply_parallel/dataset/GRScenes_assets/cabinet/4866619352707772cd8a6b51d67b0505/right.png
cabinet,4897357b4acc5df302ae8dcdf3fb12bd,front,ok,0.485630,445,347,0.589046,445,6e14c18ae5e61503256caf8a22f04be67a670fa790fe9340efc39e8fdbdd40e6,true,/cpfs/user/zhuzihou/assets/dedup_workspaces/test0_transitive_apply_parallel/dataset/GRScenes_assets/cabinet/4897357b4acc5df302ae8dcdf3fb12bd/front.png
cabinet,4897357b4acc5df302ae8dcdf3fb12bd,left,ok,0.391708,311,423,0.501835,423,76da7b156f07ec4af8428c6a217977b54b42dc4f10637378ca8b346aacfbf295,true,/cpfs/user/zhuzihou/assets/dedup_workspaces/test0_transitive_apply_parallel/dataset/GRScenes_assets/cabinet/4897357b4acc5df302ae8dcdf3fb12bd/left.png
cabinet,4897357b4acc5df302ae8dcdf3fb12bd,back,ok,0.495232,452,350,0.603485,452,5967a74a4f3d02ecc1f38349ffc44911e29ac034a6ba0fef6fb3810b79da2bb9,true,/cpfs/user/zhuzihou/assets/dedup_workspaces/test0_transitive_apply_parallel/dataset/GRScenes_assets/cabinet/4897357b4acc5df302ae8dcdf3fb12bd/back.png
cabinet,4897357b4acc5df302ae8dcdf3fb12bd,right,ok,0.392448,311,423,0.501835,423,7706322f5e91a5e40b7e6400becf3165531c4679e9d5b80d9d2cd43a8c60637a,true,/cpfs/user/zhuzihou/assets/dedup_workspaces/test0_transitive_apply_parallel/dataset/GRScenes_assets/cabinet/4897357b4acc5df302ae8dcdf3fb12bd/right.png
cabinet,48f2a02ecd8c2ca0da7cf03310a7fe76,front,ok,0.027386,20,458,0.034943,458,0771181b37253fdd23a9f36038a4a9e27fbab030b899fa6e57fe5b65fe77f85b,true,/cpfs/user/zhuzihou/assets/dedup_workspaces/test0_transitive_apply_parallel/dataset/GRScenes_assets/cabinet/48f2a02ecd8c2ca0da7cf03310a7fe76/front.png
cabinet,48f2a02ecd8c2ca0da7cf03310a7fe76,left,ok,0.371773,392,301,0.450104,392,3bd324d1b3f4a33672e00e7125c9978fc6f2ab0bb3cb2aea1a02238a739b5c8f,true,/cpfs/user/zhuzihou/assets/dedup_workspaces/test0_transitive_apply_parallel/dataset/GRScenes_assets/cabinet/48f2a02ecd8c2ca0da7cf03310a7fe76/left.png
cabinet,48f2a02ecd8c2ca0da7cf03310a7fe76,back,ok,0.027405,20,458,0.034943,458,5e1a86a5efb2d5b88df4579d9697b9314c9b71138deeea1d4fbcbe16076a1ccf,true,/cpfs/user/zhuzihou/assets/dedup_workspaces/test0_transitive_apply_parallel/dataset/GRScenes_assets/cabinet/48f2a02ecd8c2ca0da7cf03310a7fe76/back.png
cabinet,48f2a02ecd8c2ca0da7cf03310a7fe76,right,ok,0.371773,392,301,0.450104,392,7860e4e3b1cfc4f334b1cc7a8bf2dfc90cb38616cb2f973a958da1d060fe5ffa,true,/cpfs/user/zhuzihou/assets/dedup_workspaces/test0_transitive_apply_parallel/dataset/GRScenes_assets/cabinet/48f2a02ecd8c2ca0da7cf03310a7fe76/right.png
cabinet,4932633b756863150ebe85421dc429f8,front,ok,0.355480,486,228,0.422699,486,3ed1d0cb3ec93007b6b313575e6c000d219a6dc6932574b71dd66b1a37d0b059,true,/cpfs/user/zhuzihou/assets/dedup_workspaces/test0_transitive_apply_parallel/dataset/GRScenes_assets/cabinet/4932633b756863150ebe85421dc429f8/front.png
cabinet,4932633b756863150ebe85421dc429f8,left,ok,0.363144,418,284,0.452850,418,63f9a705ab28e1690430b4e4b81803c65393cdf6ad1c4262256c2e52b6167a79,true,/cpfs/user/zhuzihou/assets/dedup_workspaces/test0_transitive_apply_parallel/dataset/GRScenes_assets/cabinet/4932633b756863150ebe85421dc429f8/left.png
cabinet,4932633b756863150ebe85421dc429f8,back,ok,0.355560,486,228,0.422699,486,2e72714651b256926f15ffdf756e1c71d8f494d0e4204367c157f078ef4f4012,true,/cpfs/user/zhuzihou/assets/dedup_workspaces/test0_transitive_apply_parallel/dataset/GRScenes_assets/cabinet/4932633b756863150ebe85421dc429f8/back.png
cabinet,4932633b756863150ebe85421dc429f8,right,ok,0.363052,418,284,0.452850,418,0a646394d55af3b1035b01baa289fff776a25ac5a80def54634d3aa0638639b1,true,/cpfs/user/zhuzihou/assets/dedup_workspaces/test0_transitive_apply_parallel/dataset/GRScenes_assets/cabinet/4932633b756863150ebe85421dc429f8/right.png
cabinet,4a160695503292c2a05b2c733abe7249,front,ok,0.065159,75,352,0.100708,352,5343ac1e4b8bdd61ab61ea9a188d94472b508afc1bd418f1313af91edc811dba,true,/cpfs/user/zhuzihou/assets/dedup_workspaces/test0_transitive_apply_parallel/dataset/GRScenes_assets/cabinet/4a160695503292c2a05b2c733abe7249/front.png
cabinet,4a160695503292c2a05b2c733abe7249,left,ok,0.111462,450,70,0.120163,450,d81cfb8b2825d7faf28e7ba2ac58cbaa2342f15f6efb4e14a5316ebea3f36a9b,true,/cpfs/user/zhuzihou/assets/dedup_workspaces/test0_transitive_apply_parallel/dataset/GRScenes_assets/cabinet/4a160695503292c2a05b2c733abe7249/left.png
cabinet,4a160695503292c2a05b2c733abe7249,back,ok,0.065159,75,351,0.100422,351,51d62c4717a255b3b57f383f4c28969bd7b47d7834556b2ade5e8b532b771bcc,true,/cpfs/user/zhuzihou/assets/dedup_workspaces/test0_transitive_apply_parallel/dataset/GRScenes_assets/cabinet/4a160695503292c2a05b2c733abe7249/back.png
cabinet,4a160695503292c2a05b2c733abe7249,right,ok,0.105061,490,59,0.110283,490,730d867c92931067cc8e1d07169b307230cb54d07c0e00001278fb6df253d8c2,true,/cpfs/user/zhuzihou/assets/dedup_workspaces/test0_transitive_apply_parallel/dataset/GRScenes_assets/cabinet/4a160695503292c2a05b2c733abe7249/right.png
cabinet,4a232b97e377ca7c898f8ea2ac4a444f,front,ok,0.396172,454,270,0.467606,454,ee394f2536caa62ef12e495879db8e20f741807ab470acdf157b9d269aad7276,true,/cpfs/user/zhuzihou/assets/dedup_workspaces/test0_transitive_apply_parallel/dataset/GRScenes_assets/cabinet/4a232b97e377ca7c898f8ea2ac4a444f/front.png
cabinet,4a232b97e377ca7c898f8ea2ac4a444f,left,ok,0.116123,88,449,0.150726,449,8a185dc365abd83b62c0b543184dd99fd82eb659a84176cb7a3a8e8758d95a14,true,/cpfs/user/zhuzihou/assets/dedup_workspaces/test0_transitive_apply_parallel/dataset/GRScenes_assets/cabinet/4a232b97e377ca7c898f8ea2ac4a444f/left.png
cabinet,4a232b97e377ca7c898f8ea2ac4a444f,back,ok,0.394310,453,270,0.466576,453,34818016aa2c5cb75be4487e594390ff0574b48df1342f1307a11324e4521fe2,true,/cpfs/user/zhuzihou/assets/dedup_workspaces/test0_transitive_apply_parallel/dataset/GRScenes_assets/cabinet/4a232b97e377ca7c898f8ea2ac4a444f/back.png
cabinet,4a232b97e377ca7c898f8ea2ac4a444f,right,ok,0.113487,86,449,0.147301,449,0fc1e30183e143da61fb0501c90360e394d66410c8efc725124cfc1eb8b83ae2,true,/cpfs/user/zhuzihou/assets/dedup_workspaces/test0_transitive_apply_parallel/dataset/GRScenes_assets/cabinet/4a232b97e377ca7c898f8ea2ac4a444f/right.png
cabinet,4a6a9fddaab9c36253eeba9676ff21a1,front,ok,0.410320,371,393,0.556194,393,595160c1ebfdc8646a29ad47b333d25be34d46161783b4fb19230f8b802ed7fc,true,/cpfs/user/zhuzihou/assets/dedup_workspaces/test0_transitive_apply_parallel/dataset/GRScenes_assets/cabinet/4a6a9fddaab9c36253eeba9676ff21a1/front.png
cabinet,4a6a9fddaab9c36253eeba9676ff21a1,left,ok,0.402695,379,387,0.559513,387,7c2c722cd650bd8490a9b83f04b642f8af325239e18a36367746fe8a520f641c,true,/cpfs/user/zhuzihou/assets/dedup_workspaces/test0_transitive_apply_parallel/dataset/GRScenes_assets/cabinet/4a6a9fddaab9c36253eeba9676ff21a1/left.png
cabinet,4a6a9fddaab9c36253eeba9676ff21a1,back,ok,0.412514,356,384,0.521484,384,4ee2ede8cfda4f95897d35f5e34c2d17e4d1a831ad612530e63662dcfdc3d7fe,true,/cpfs/user/zhuzihou/assets/dedup_workspaces/test0_transitive_apply_parallel/dataset/GRScenes_assets/cabinet/4a6a9fddaab9c36253eeba9676ff21a1/back.png
cabinet,4a6a9fddaab9c36253eeba9676ff21a1,right,ok,0.417908,370,369,0.520821,370,89dfcaa36eeb870bc6e2c49045357821deb526122f2e898734bf57b1a9cced68,true,/cpfs/user/zhuzihou/assets/dedup_workspaces/test0_transitive_apply_parallel/dataset/GRScenes_assets/cabinet/4a6a9fddaab9c36253eeba9676ff21a1/right.png
cabinet,4b2ac11138608cc2dbf5b8922905c4ea,front,ok,0.477512,441,360,0.605621,441,e5b09e40768926cd91535f6590a8b4fea2dd0b08c3874c3928847f8ac81b381a,true,/cpfs/user/zhuzihou/assets/dedup_workspaces/test0_transitive_apply_parallel/dataset/GRScenes_assets/cabinet/4b2ac11138608cc2dbf5b8922905c4ea/front.png
cabinet,4b2ac11138608cc2dbf5b8922905c4ea,left,ok,0.504852,485,330,0.610542,485,bd7d7ce3faaba69ca70daa7a00abb763badfb50972e83935f4c861f086cff880,true,/cpfs/user/zhuzihou/assets/dedup_workspaces/test0_transitive_apply_parallel/dataset/GRScenes_assets/cabinet/4b2ac11138608cc2dbf5b8922905c4ea/left.png
cabinet,4b2ac11138608cc2dbf5b8922905c4ea,back,ok,0.477737,441,360,0.605621,441,e554ef81d8b582f459d6871a59792e7bd6524baf464db1952aa46cc62e988027,true,/cpfs/user/zhuzihou/assets/dedup_workspaces/test0_transitive_apply_parallel/dataset/GRScenes_assets/cabinet/4b2ac11138608cc2dbf5b8922905c4ea/back.png
cabinet,4b2ac11138608cc2dbf5b8922905c4ea,right,ok,0.476505,484,326,0.601898,484,db3f9ecc7f802c96a4c456fe2b06d08c9c406bedf1420048112074a58f7742e4,true,/cpfs/user/zhuzihou/assets/dedup_workspaces/test0_transitive_apply_parallel/dataset/GRScenes_assets/cabinet/4b2ac11138608cc2dbf5b8922905c4ea/right.png
cabinet,4b2ade4221cfba0b32f70ef5686852fb,front,ok,0.246532,188,446,0.319855,446,f4d8337d96e957fcf45784101a3b56756744717a954ec5bef9302d5777a1b880,true,/cpfs/user/zhuzihou/assets/dedup_workspaces/test0_transitive_apply_parallel/dataset/GRScenes_assets/cabinet/4b2ade4221cfba0b32f70ef5686852fb/front.png
cabinet,4b2ade4221cfba0b32f70ef5686852fb,left,ok,0.450642,439,324,0.542587,439,2d845d78d63ed6eca574252c0d3fc31fa5d3aa51209e8876900df9f418c5501f,true,/cpfs/user/zhuzihou/assets/dedup_workspaces/test0_transitive_apply_parallel/dataset/GRScenes_assets/cabinet/4b2ade4221cfba0b32f70ef5686852fb/left.png
cabinet,4b2ade4221cfba0b32f70ef5686852fb,back,ok,0.243084,184,447,0.313751,447,e41d46d6dbc67f4fed0ea8c623c122b6d5cad3441d36e3cecf15dc525aed08b6,true,/cpfs/user/zhuzihou/assets/dedup_workspaces/test0_transitive_apply_parallel/dataset/GRScenes_assets/cabinet/4b2ade4221cfba0b32f70ef5686852fb/back.png
cabinet,4b2ade4221cfba0b32f70ef5686852fb,right,ok,0.450680,439,324,0.542587,439,28ad2babe79b6e5f39b7b973bac54a749e1ba7f193ecd120fb4fac962ebd8785,true,/cpfs/user/zhuzihou/assets/dedup_workspaces/test0_transitive_apply_parallel/dataset/GRScenes_assets/cabinet/4b2ade4221cfba0b32f70ef5686852fb/right.png
cabinet,4b7b6a6d27f5e3f48f4462424ec81c06,front,ok,0.126099,94,452,0.162079,452,9f4ec59cdd48006816e5c253fd82456e42832a435bfdcd1d7d2a28d573a0cca6,true,/cpfs/user/zhuzihou/assets/dedup_workspaces/test0_transitive_apply_parallel/dataset/GRScenes_assets/cabinet/4b7b6a6d27f5e3f48f4462424ec81c06/front.png
cabinet,4b7b6a6d27f5e3f48f4462424ec81c06,left,ok,0.314663,266,393,0.398781,393,9c318b556e27b976e2847558242d95ba44cc9eb98b82e87e87a5186465987a53,true,/cpfs/user/zhuzihou/assets/dedup_workspaces/test0_transitive_apply_parallel/dataset/GRScenes_assets/cabinet/4b7b6a6d27f5e3f48f4462424ec81c06/left.png
cabinet,4b7b6a6d27f5e3f48f4462424ec81c06,back,ok,0.129330,98,451,0.168602,451,83207146ac00caabbdcf14430165ea9b2854100894f14c546514ad46a2f346a3,true,/cpfs/user/zhuzihou/assets/dedup_workspaces/test0_transitive_apply_parallel/dataset/GRScenes_assets/cabinet/4b7b6a6d27f5e3f48f4462424ec81c06/back.png
cabinet,4b7b6a6d27f5e3f48f4462424ec81c06,right,ok,0.314663,266,393,0.398781,393,e62db8c02e232c57ff5c97df294c32e2b2ffb47c763571b8226d6dbe622ffa23,true,/cpfs/user/zhuzihou/assets/dedup_workspaces/test0_transitive_apply_parallel/dataset/GRScenes_assets/cabinet/4b7b6a6d27f5e3f48f4462424ec81c06/right.png
cabinet,4b91c6faae84a7e098e62adc21b3bbfc,front,ok,0.249535,478,152,0.277161,478,664081161d646ca74db648008148436c92d012123bd2573bf8bd06b836627774,true,/cpfs/user/zhuzihou/assets/dedup_workspaces/test0_transitive_apply_parallel/dataset/GRScenes_assets/cabinet/4b91c6faae84a7e098e62adc21b3bbfc/front.png
cabinet,4b91c6faae84a7e098e62adc21b3bbfc,left,ok,0.010605,8,410,0.012512,410,51a9db2ea98d018fb9f210c955440d104a26281609cc8a40395aed7a07ea4971,true,/cpfs/user/zhuzihou/assets/dedup_workspaces/test0_transitive_apply_parallel/dataset/GRScenes_assets/cabinet/4b91c6faae84a7e098e62adc21b3bbfc/left.png
cabinet,4b91c6faae84a7e098e62adc21b3bbfc,back,ok,0.249928,478,152,0.277161,478,945335432296d0a44b702f567d0384b9b0c2e6b9dfa3f04d362bf7411ec3f80a,true,/cpfs/user/zhuzihou/assets/dedup_workspaces/test0_transitive_apply_parallel/dataset/GRScenes_assets/cabinet/4b91c6faae84a7e098e62adc21b3bbfc/back.png
cabinet,4b91c6faae84a7e098e62adc21b3bbfc,right,ok,0.010601,8,410,0.012512,410,689943c43c6eb115b0dc7038ac1c97225893418fb0d8c9a5e3869fbbdbd1d0a2,true,/cpfs/user/zhuzihou/assets/dedup_workspaces/test0_transitive_apply_parallel/dataset/GRScenes_assets/cabinet/4b91c6faae84a7e098e62adc21b3bbfc/right.png
cabinet,4baf693fedb8de30793030ccf3f5f3c6,front,ok,0.168442,236,288,0.259277,288,9ad71fea875bffd2e4ecf2231757c67104c1bd73aca88fb50e6ce372fb1e32d3,true,/cpfs/user/zhuzihou/assets/dedup_workspaces/test0_transitive_apply_parallel/dataset/GRScenes_assets/cabinet/4baf693fedb8de30793030ccf3f5f3c6/front.png
cabinet,4baf693fedb8de30793030ccf3f5f3c6,left,ok,0.273003,414,304,0.480103,414,1cc852c0dbac7e3ce2c260463c2d9866d5bc4c9921eb84d8e1b9c63aa17921e9,true,/cpfs/user/zhuzihou/assets/dedup_workspaces/test0_transitive_apply_parallel/dataset/GRScenes_assets/cabinet/4baf693fedb8de30793030ccf3f5f3c6/left.png
cabinet,4baf693fedb8de30793030ccf3f5f3c6,back,ok,0.290371,239,422,0.384743,422,c83c4b9197d709d8214d2d7430fd5eeac4f2680fdce06ac4fb072dca23c495b1,true,/cpfs/user/zhuzihou/assets/dedup_workspaces/test0_transitive_apply_parallel/dataset/GRScenes_assets/cabinet/4baf693fedb8de30793030ccf3f5f3c6/back.png
cabinet,4baf693fedb8de30793030ccf3f5f3c6,right,ok,0.294182,488,304,0.565918,488,f966b94d8cb28b972b94549ec5e56b002a645c040af36323d8939e33753ca9a6,true,/cpfs/user/zhuzihou/assets/dedup_workspaces/test0_transitive_apply_parallel/dataset/GRScenes_assets/cabinet/4baf693fedb8de30793030ccf3f5f3c6/right.png
cabinet,4bcad78496f5cbb5c608b3d922c765c2,front,ok,0.395557,452,273,0.470718,452,92a88c38c68a3781fcc058ce9794fa00f737b128abd8383e33b253cac5a4574d,true,/cpfs/user/zhuzihou/assets/dedup_workspaces/test0_transitive_apply_parallel/dataset/GRScenes_assets/cabinet/4bcad78496f5cbb5c608b3d922c765c2/front.png
cabinet,4bcad78496f5cbb5c608b3d922c765c2,left,ok,0.120247,92,450,0.157928,450,1aa256fd3b5b9ea28a351f1055ee4a1235f19e79941879407e3ca1844c2bb23f,true,/cpfs/user/zhuzihou/assets/dedup_workspaces/test0_transitive_apply_parallel/dataset/GRScenes_assets/cabinet/4bcad78496f5cbb5c608b3d922c765c2/left.png
cabinet,4bcad78496f5cbb5c608b3d922c765c2,back,ok,0.382843,452,273,0.470718,452,18350a22a63c9b71d1d310090506ee1572fe6ac5f7a9e69a712dfc313157e044,true,/cpfs/user/zhuzihou/assets/dedup_workspaces/test0_transitive_apply_parallel/dataset/GRScenes_assets/cabinet/4bcad78496f5cbb5c608b3d922c765c2/back.png
cabinet,4bcad78496f5cbb5c608b3d922c765c2,right,ok,0.119984,92,450,0.157928,450,16ea7460820bff77d5d491c610bd7604714cb2666d983cd1a76237f6da501db7,true,/cpfs/user/zhuzihou/assets/dedup_workspaces/test0_transitive_apply_parallel/dataset/GRScenes_assets/cabinet/4bcad78496f5cbb5c608b3d922c765c2/right.png
cabinet,4c482f4c32887985a807ee43ba1c3484,front,ok,0.376549,310,406,0.480118,406,6f0f8fb411574c10822b4aabf00ad3105b34228cb936258caade685355cad288,true,/cpfs/user/zhuzihou/assets/dedup_workspaces/test0_transitive_apply_parallel/dataset/GRScenes_assets/cabinet/4c482f4c32887985a807ee43ba1c3484/front.png
cabinet,4c482f4c32887985a807ee43ba1c3484,left,ok,0.247753,228,439,0.381821,439,38650d7ddfc2e827aa34dce21395d687cf2a1e1a7c08ca326786b29290458999,true,/cpfs/user/zhuzihou/assets/dedup_workspaces/test0_transitive_apply_parallel/dataset/GRScenes_assets/cabinet/4c482f4c32887985a807ee43ba1c3484/left.png
cabinet,4c482f4c32887985a807ee43ba1c3484,back,ok,0.336945,310,406,0.480118,406,f882aac6fcd8ddd94cd2d06921d56ee27caf1520cbc1671e2881d0f44ea64638,true,/cpfs/user/zhuzihou/assets/dedup_workspaces/test0_transitive_apply_parallel/dataset/GRScenes_assets/cabinet/4c482f4c32887985a807ee43ba1c3484/back.png
cabinet,4c482f4c32887985a807ee43ba1c3484,right,ok,0.296379,228,439,0.381821,439,be570856297102651c10970ae3c7f900936a75296ef96aef8292c29db6e8dc58,true,/cpfs/user/zhuzihou/assets/dedup_workspaces/test0_transitive_apply_parallel/dataset/GRScenes_assets/cabinet/4c482f4c32887985a807ee43ba1c3484/right.png
cabinet,4d1f3994d2f1a7c18c8a397a7d032a07,front,ok,0.354610,446,260,0.442352,446,e9cc79283d3b2df2420dc2f0626f4a9bc6d0b752e0d820e1a49fccdcfd918788,true,/cpfs/user/zhuzihou/assets/dedup_workspaces/test0_transitive_apply_parallel/dataset/GRScenes_assets/cabinet/4d1f3994d2f1a7c18c8a397a7d032a07/front.png
cabinet,4d1f3994d2f1a7c18c8a397a7d032a07,left,ok,0.056793,60,452,0.103455,452,1e4eb95d81340a9516401c796a0c91bd888803c4abd1b631257f5cc3dece8495,true,/cpfs/user/zhuzihou/assets/dedup_workspaces/test0_transitive_apply_parallel/dataset/GRScenes_assets/cabinet/4d1f3994d2f1a7c18c8a397a7d032a07/left.png
cabinet,4d1f3994d2f1a7c18c8a397a7d032a07,back,ok,0.360771,414,273,0.431145,414,558bcf578500874c66a71698d92b6ac8eedaed6fcf1ccbd70f28c4292e134b19,true,/cpfs/user/zhuzihou/assets/dedup_workspaces/test0_transitive_apply_parallel/dataset/GRScenes_assets/cabinet/4d1f3994d2f1a7c18c8a397a7d032a07/back.png
cabinet,4d1f3994d2f1a7c18c8a397a7d032a07,right,ok,0.056713,60,452,0.103455,452,f0b4e81624125236209465137a11cca956ff1f5723e8e1b291259160e7cae886,true,/cpfs/user/zhuzihou/assets/dedup_workspaces/test0_transitive_apply_parallel/dataset/GRScenes_assets/cabinet/4d1f3994d2f1a7c18c8a397a7d032a07/right.png
cabinet,4d9a7c8e3b34305522b39b42809c8287,front,ok,0.288395,324,403,0.498093,403,1eca467c205f2c3e50266bda69278ee5804ad0d651b8a6442d8edc54b5408f31,true,/cpfs/user/zhuzihou/assets/dedup_workspaces/test0_transitive_apply_parallel/dataset/GRScenes_assets/cabinet/4d9a7c8e3b34305522b39b42809c8287/front.png
cabinet,4d9a7c8e3b34305522b39b42809c8287,left,ok,0.263004,220,433,0.363388,433,9a9428a07bfdee9c3fa0a9d932d7ad2733b1286cc54329bd868a18703e580dac,true,/cpfs/user/zhuzihou/assets/dedup_workspaces/test0_transitive_apply_parallel/dataset/GRScenes_assets/cabinet/4d9a7c8e3b34305522b39b42809c8287/left.png
cabinet,4d9a7c8e3b34305522b39b42809c8287,back,ok,0.294521,299,403,0.459660,403,068ab2ee47e7e5d953f7053773beb4964f23a474e023901bb077c4b19d4fe2aa,true,/cpfs/user/zhuzihou/assets/dedup_workspaces/test0_transitive_apply_parallel/dataset/GRScenes_assets/cabinet/4d9a7c8e3b34305522b39b42809c8287/back.png
cabinet,4d9a7c8e3b34305522b39b42809c8287,right,ok,0.301857,244,423,0.393723,423,94857fce44614460703636d173a334ec4bfa6f02903ce93cdc79c63beb113ac0,true,/cpfs/user/zhuzihou/assets/dedup_workspaces/test0_transitive_apply_parallel/dataset/GRScenes_assets/cabinet/4d9a7c8e3b34305522b39b42809c8287/right.png
cabinet,4e0ee4a85af95cb231da939fe9cbf70d,front,ok,0.029953,471,17,0.030544,471,db6d5f7569cc0ba3fc143fef67dce66600b93eb3dab720c0aef5b8f9fc743f41,true,/cpfs/user/zhuzihou/assets/dedup_workspaces/test0_transitive_apply_parallel/dataset/GRScenes_assets/cabinet/4e0ee4a85af95cb231da939fe9cbf70d/front.png
cabinet,4e0ee4a85af95cb231da939fe9cbf70d,left,ok,0.032421,36,325,0.044632,325,8314b8d0266f05731cdd71e9ab7f45f655a461a3bb3b6143d4b324ad97574d77,true,/cpfs/user/zhuzihou/assets/dedup_workspaces/test0_transitive_apply_parallel/dataset/GRScenes_assets/cabinet/4e0ee4a85af95cb231da939fe9cbf70d/left.png
cabinet,4e0ee4a85af95cb231da939fe9cbf70d,back,ok,0.033417,468,19,0.033920,468,e134d35b0c1670e2ad239efcffe262063721c1801d8fb43aa1439a90ecadc67d,true,/cpfs/user/zhuzihou/assets/dedup_workspaces/test0_transitive_apply_parallel/dataset/GRScenes_assets/cabinet/4e0ee4a85af95cb231da939fe9cbf70d/back.png
cabinet,4e0ee4a85af95cb231da939fe9cbf70d,right,ok,0.031559,36,316,0.043396,316,6c16f2e7d238959407df5f401c94382f5ccd0aafb962dfc506486bb57b7bf044,true,/cpfs/user/zhuzihou/assets/dedup_workspaces/test0_transitive_apply_parallel/dataset/GRScenes_assets/cabinet/4e0ee4a85af95cb231da939fe9cbf70d/right.png
cabinet,4f0a16cb0f8384b8723364b11db11747,front,ok,0.167259,232,306,0.270813,306,ae78fb584216d5d24517e52dcb6057e1df52d207fea3d88192d4933116950be1,true,/cpfs/user/zhuzihou/assets/dedup_workspaces/test0_transitive_apply_parallel/dataset/GRScenes_assets/cabinet/4f0a16cb0f8384b8723364b11db11747/front.png
cabinet,4f0a16cb0f8384b8723364b11db11747,left,ok,0.186012,508,119,0.230606,508,cd6dcdbb3eba380f92929342814bbb8d316c1611644e5fdff644d7e02b020902,true,/cpfs/user/zhuzihou/assets/dedup_workspaces/test0_transitive_apply_parallel/dataset/GRScenes_assets/cabinet/4f0a16cb0f8384b8723364b11db11747/left.png
cabinet,4f0a16cb0f8384b8723364b11db11747,back,ok,0.206989,232,333,0.294708,333,cbb2bf04c3054b5f111fcf8fd86e95a271cfdcd61c94ca38686b61e83ad17889,true,/cpfs/user/zhuzihou/assets/dedup_workspaces/test0_transitive_apply_parallel/dataset/GRScenes_assets/cabinet/4f0a16cb0f8384b8723364b11db11747/back.png
cabinet,4f0a16cb0f8384b8723364b11db11747,right,ok,0.163933,512,104,0.203125,512,ff957510736baad27c64b80ae301ada87a38b2033af51f6cf6a568bc28767b9c,true,/cpfs/user/zhuzihou/assets/dedup_workspaces/test0_transitive_apply_parallel/dataset/GRScenes_assets/cabinet/4f0a16cb0f8384b8723364b11db11747/right.png
cabinet,4f37dfb50ae24931a809bf64aead3ce9,front,ok,0.309109,512,192,0.375000,512,c0b40499fd8b7439ad1752f987a2573c629b4fa95dee757575718f947ef1ed07,true,/cpfs/user/zhuzihou/assets/dedup_workspaces/test0_transitive_apply_parallel/dataset/GRScenes_assets/cabinet/4f37dfb50ae24931a809bf64aead3ce9/front.png
cabinet,4f37dfb50ae24931a809bf64aead3ce9,left,ok,0.344677,381,306,0.444740,381,f264b8af4de3b38b97b5a1812553e59c51ead01ae4011e1b12eb1df7932083a5,true,/cpfs/user/zhuzihou/assets/dedup_workspaces/test0_transitive_apply_parallel/dataset/GRScenes_assets/cabinet/4f37dfb50ae24931a809bf64aead3ce9/left.png
cabinet,4f37dfb50ae24931a809bf64aead3ce9,back,ok,0.309124,512,192,0.375000,512,b8a3f4a93a7bc104585779855cb65d8c571f94fa904365fdbde4b7de7ff57974,true,/cpfs/user/zhuzihou/assets/dedup_workspaces/test0_transitive_apply_parallel/dataset/GRScenes_assets/cabinet/4f37dfb50ae24931a809bf64aead3ce9/back.png
cabinet,4f37dfb50ae24931a809bf64aead3ce9,right,ok,0.318527,381,306,0.444740,381,a2f1d9f892a4cd248981744e3e2be0e96d97947be4b28d4b615bf1b584b6606f,true,/cpfs/user/zhuzihou/assets/dedup_workspaces/test0_transitive_apply_parallel/dataset/GRScenes_assets/cabinet/4f37dfb50ae24931a809bf64aead3ce9/right.png
cabinet,4fd1506876449e5242502efdb37a0d66,front,ok,0.298325,512,164,0.320312,512,2c203c0dfda65780e43649f3ea1a98252b1c6808517609f177bee2a5d5af050e,true,/cpfs/user/zhuzihou/assets/dedup_workspaces/test0_transitive_apply_parallel/dataset/GRScenes_assets/cabinet/4fd1506876449e5242502efdb37a0d66/front.png
cabinet,4fd1506876449e5242502efdb37a0d66,left,ok,0.251434,234,369,0.329384,369,dc5dfcdac7456d7e6ffe05a1e96edd4d894349679dbb6cd96f93443c0cc0133a,true,/cpfs/user/zhuzihou/assets/dedup_workspaces/test0_transitive_apply_parallel/dataset/GRScenes_assets/cabinet/4fd1506876449e5242502efdb37a0d66/left.png
cabinet,4fd1506876449e5242502efdb37a0d66,back,ok,0.298325,512,164,0.320312,512,b2a673320008df3bee6923257c7018599f5cb04cb39461fdddea806baac7b33a,true,/cpfs/user/zhuzihou/assets/dedup_workspaces/test0_transitive_apply_parallel/dataset/GRScenes_assets/cabinet/4fd1506876449e5242502efdb37a0d66/back.png
cabinet,4fd1506876449e5242502efdb37a0d66,right,ok,0.253201,234,371,0.331169,371,cd8d2c99e7e06a0e51eaed45e3a218a300a00b57fc02f8d70cdbfe4b8c5c0183,true,/cpfs/user/zhuzihou/assets/dedup_workspaces/test0_transitive_apply_parallel/dataset/GRScenes_assets/cabinet/4fd1506876449e5242502efdb37a0d66/right.png
cabinet,504840c5e814aa270b04c7914d050bc5,front,ok,0.409367,364,392,0.544312,392,28309a019671e67d6465cc7daa102a7430a030e85f88f7a5d3ff79b03f57fb30,true,/cpfs/user/zhuzihou/assets/dedup_workspaces/test0_transitive_apply_parallel/dataset/GRScenes_assets/cabinet/504840c5e814aa270b04c7914d050bc5/front.png
cabinet,504840c5e814aa270b04c7914d050bc5,left,ok,0.319870,259,434,0.428795,434,794058e33419badbbf7484896db1bb142953f295b1ac5e91db572c1a18b3cc7f,true,/cpfs/user/zhuzihou/assets/dedup_workspaces/test0_transitive_apply_parallel/dataset/GRScenes_assets/cabinet/504840c5e814aa270b04c7914d050bc5/left.png
cabinet,504840c5e814aa270b04c7914d050bc5,back,ok,0.381756,322,392,0.481506,392,2d6c438a67fe348ed347a0250c1182ac0093cc17ba47a848d428cc015c4cbdc2,true,/cpfs/user/zhuzihou/assets/dedup_workspaces/test0_transitive_apply_parallel/dataset/GRScenes_assets/cabinet/504840c5e814aa270b04c7914d050bc5/back.png
cabinet,504840c5e814aa270b04c7914d050bc5,right,ok,0.338551,269,434,0.445351,434,87a30234b9a3558117ed76d520229d22b472fea6d43c84d21e35832342ad4794,true,/cpfs/user/zhuzihou/assets/dedup_workspaces/test0_transitive_apply_parallel/dataset/GRScenes_assets/cabinet/504840c5e814aa270b04c7914d050bc5/right.png
cabinet,505cfa85131abc2522360b5ba42304d9,front,ok,0.035114,26,454,0.045029,454,2296d7a3a6299d5f0a1196fc1a2013ee5c9eba102493363e751a8898e9a8b728,true,/cpfs/user/zhuzihou/assets/dedup_workspaces/test0_transitive_apply_parallel/dataset/GRScenes_assets/cabinet/505cfa85131abc2522360b5ba42304d9/front.png
cabinet,505cfa85131abc2522360b5ba42304d9,left,ok,0.278446,242,382,0.352646,382,b155cb191bbc56e71806bde30dac09ef05c3b3bba48a3ecd1d15c82f5179e9b5,true,/cpfs/user/zhuzihou/assets/dedup_workspaces/test0_transitive_apply_parallel/dataset/GRScenes_assets/cabinet/505cfa85131abc2522360b5ba42304d9/left.png
cabinet,505cfa85131abc2522360b5ba42304d9,back,ok,0.035156,26,454,0.045029,454,11d47b06a3a3128364b55773e376e1b01e5d195a7fe2ff1a0c6bbd48d860a136,true,/cpfs/user/zhuzihou/assets/dedup_workspaces/test0_transitive_apply_parallel/dataset/GRScenes_assets/cabinet/505cfa85131abc2522360b5ba42304d9/back.png
cabinet,505cfa85131abc2522360b5ba42304d9,right,ok,0.278454,242,382,0.352646,382,68729826edd9261d5ebb8eac156e2b5652220bae02e344a20f72dd0e0da67e51,true,/cpfs/user/zhuzihou/assets/dedup_workspaces/test0_transitive_apply_parallel/dataset/GRScenes_assets/cabinet/505cfa85131abc2522360b5ba42304d9/right.png
cabinet,5226fa2e145147b4d07698e027ef1541,front,ok,0.493496,502,311,0.595558,502,06087d75f7252b05f6b99b907a42dce7892ab8143d651fb7a1aa5022477e7a53,true,/cpfs/user/zhuzihou/assets/dedup_workspaces/test0_transitive_apply_parallel/dataset/GRScenes_assets/cabinet/5226fa2e145147b4d07698e027ef1541/front.png
cabinet,5226fa2e145147b4d07698e027ef1541,left,ok,0.365849,448,352,0.601562,448,2a290f2dfdb119cb9c5b0feb6cc9355c73c5f42135ae8c640ac01a381e0b688b,true,/cpfs/user/zhuzihou/assets/dedup_workspaces/test0_transitive_apply_parallel/dataset/GRScenes_assets/cabinet/5226fa2e145147b4d07698e027ef1541/left.png
cabinet,5226fa2e145147b4d07698e027ef1541,back,ok,0.318676,502,199,0.381081,502,d42ae079cb3d2b9181aac93e06b645e18b96a15eb555866afbe267b58485a8f1,true,/cpfs/user/zhuzihou/assets/dedup_workspaces/test0_transitive_apply_parallel/dataset/GRScenes_assets/cabinet/5226fa2e145147b4d07698e027ef1541/back.png
cabinet,5226fa2e145147b4d07698e027ef1541,right,ok,0.368389,448,351,0.599854,448,512a1b20c17725cbc3f150f1d14b4ac4ed1471b8be2a605d13020ef197ff343f,true,/cpfs/user/zhuzihou/assets/dedup_workspaces/test0_transitive_apply_parallel/dataset/GRScenes_assets/cabinet/5226fa2e145147b4d07698e027ef1541/right.png
cabinet,5261894c525133cf0a31c4044c63d67b,front,ok,0.413162,405,338,0.522194,405,6a337574900fe451328a1cd1e8ba2a1332c9f071f60f5ded325e156cb03a0859,true,/cpfs/user/zhuzihou/assets/dedup_workspaces/test0_transitive_apply_parallel/dataset/GRScenes_assets/cabinet/5261894c525133cf0a31c4044c63d67b/front.png
cabinet,5261894c525133cf0a31c4044c63d67b,left,ok,0.420662,512,245,0.478516,512,52c0a49945acc9eaa80df87031344387400fcf457f721ec80769314090005ec4,true,/cpfs/user/zhuzihou/assets/dedup_workspaces/test0_transitive_apply_parallel/dataset/GRScenes_assets/cabinet/5261894c525133cf0a31c4044c63d67b/left.png
cabinet,5261894c525133cf0a31c4044c63d67b,back,ok,0.414646,405,339,0.523739,405,dd73c0db1c5c13f6f6ef5d2564569e30fb029d01941b8232955dcffd79b1731e,true,/cpfs/user/zhuzihou/assets/dedup_workspaces/test0_transitive_apply_parallel/dataset/GRScenes_assets/cabinet/5261894c525133cf0a31c4044c63d67b/back.png
cabinet,5261894c525133cf0a31c4044c63d67b,right,ok,0.417301,512,245,0.478516,512,b0b640edd150cf1007d5af76872063ce2ffc090997b92e5477239f98f1f7e005,true,/cpfs/user/zhuzihou/assets/dedup_workspaces/test0_transitive_apply_parallel/dataset/GRScenes_assets/cabinet/5261894c525133cf0a31c4044c63d67b/right.png
cabinet,528ed313e395177b2bed648fc4657055,front,ok,0.262630,204,432,0.336182,432,977e79b20ac363a43d0ea3319cfa813fae3dff608b353b60a0b06a5b842fe125,true,/cpfs/user/zhuzihou/assets/dedup_workspaces/test0_transitive_apply_parallel/dataset/GRScenes_assets/cabinet/528ed313e395177b2bed648fc4657055/front.png
cabinet,528ed313e395177b2bed648fc4657055,left,ok,0.284142,224,426,0.364014,426,121f3ebc5b3bdd0c14394fee362c8bbc07cf42d34b1d1a3bec58341edbdc9b86,true,/cpfs/user/zhuzihou/assets/dedup_workspaces/test0_transitive_apply_parallel/dataset/GRScenes_assets/cabinet/528ed313e395177b2bed648fc4657055/left.png
cabinet,528ed313e395177b2bed648fc4657055,back,ok,0.265076,206,432,0.339478,432,174224bb7a21667747ccbcf7f4527df3b97451b2e0240a628245ec367b022f55,true,/cpfs/user/zhuzihou/assets/dedup_workspaces/test0_transitive_apply_parallel/dataset/GRScenes_assets/cabinet/528ed313e395177b2bed648fc4657055/back.png
cabinet,528ed313e395177b2bed648fc4657055,right,ok,0.284153,224,426,0.364014,426,900f67f8b293ed1d3339429ad0a19740a8117aa1fdb92355bda2ab3b4d8a42e9,true,/cpfs/user/zhuzihou/assets/dedup_workspaces/test0_transitive_apply_parallel/dataset/GRScenes_assets/cabinet/528ed313e395177b2bed648fc4657055/right.png
cabinet,534a9bbdb6670a97405b09fafff81129,front,ok,0.327358,512,182,0.355469,512,4936cf7dbf8b1aa6e1933e20630f5b4261e07596b356ab4a1db07043954bc6fe,true,/cpfs/user/zhuzihou/assets/dedup_workspaces/test0_transitive_apply_parallel/dataset/GRScenes_assets/cabinet/534a9bbdb6670a97405b09fafff81129/front.png
cabinet,534a9bbdb6670a97405b09fafff81129,left,ok,0.313202,302,354,0.407822,354,276491bd7bc78240c8f23891432d2bf6ebea5e2397fc02ab588585965e0213ec,true,/cpfs/user/zhuzihou/assets/dedup_workspaces/test0_transitive_apply_parallel/dataset/GRScenes_assets/cabinet/534a9bbdb6670a97405b09fafff81129/left.png
cabinet,534a9bbdb6670a97405b09fafff81129,back,ok,0.323849,512,182,0.355469,512,a90c85f3cf5a66d48d808cdb705086c4bfc5c2aa632b8158f48cafad8cba4366,true,/cpfs/user/zhuzihou/assets/dedup_workspaces/test0_transitive_apply_parallel/dataset/GRScenes_assets/cabinet/534a9bbdb6670a97405b09fafff81129/back.png
cabinet,534a9bbdb6670a97405b09fafff81129,right,ok,0.297764,302,354,0.407822,354,facd285adffdd1fec9bc6fe52445f83e63b0ea874d39d8e02d5d04395dfbd63b,true,/cpfs/user/zhuzihou/assets/dedup_workspaces/test0_transitive_apply_parallel/dataset/GRScenes_assets/cabinet/534a9bbdb6670a97405b09fafff81129/right.png
cabinet,53791282280375ba4b8663bf7433243b,front,ok,0.305141,393,304,0.455750,393,cf432c96fd95719df2414a7ddf417a86c62a6b727aa84df15951cfc68c7246c9,true,/cpfs/user/zhuzihou/assets/dedup_workspaces/test0_transitive_apply_parallel/dataset/GRScenes_assets/cabinet/53791282280375ba4b8663bf7433243b/front.png
cabinet,53791282280375ba4b8663bf7433243b,left,ok,0.146542,116,436,0.192932,436,dc5da5f6ce40e6334d4659e36c600507738f9893c15df6fb06266ab6f1bb1f3a,true,/cpfs/user/zhuzihou/assets/dedup_workspaces/test0_transitive_apply_parallel/dataset/GRScenes_assets/cabinet/53791282280375ba4b8663bf7433243b/left.png
cabinet,53791282280375ba4b8663bf7433243b,back,ok,0.304527,395,292,0.439987,395,a2b5829f627ec35c75892c17284c37fda5897189056a72b12f163ad7fd2b4bbd,true,/cpfs/user/zhuzihou/assets/dedup_workspaces/test0_transitive_apply_parallel/dataset/GRScenes_assets/cabinet/53791282280375ba4b8663bf7433243b/back.png
cabinet,53791282280375ba4b8663bf7433243b,right,ok,0.148750,118,407,0.183205,407,4801f492a45de80ed365b2ae43e08c66b0f458a608e54b3f39988600c30d7bdf,true,/cpfs/user/zhuzihou/assets/dedup_workspaces/test0_transitive_apply_parallel/dataset/GRScenes_assets/cabinet/53791282280375ba4b8663bf7433243b/right.png
cabinet,54ac01bb53e43f49502a2c240e28ac8c,front,ok,0.402077,474,259,0.468315,474,8777042399867093d73abc2646351b0c9c1df6de83efe9431bb6858f093d64d7,true,/cpfs/user/zhuzihou/assets/dedup_workspaces/test0_transitive_apply_parallel/dataset/GRScenes_assets/cabinet/54ac01bb53e43f49502a2c240e28ac8c/front.png
cabinet,54ac01bb53e43f49502a2c240e28ac8c,left,ok,0.165825,128,441,0.215332,441,7500847cc266b1e61f5d33d3cdba9ef6fa619bfb5c3ec21e3c69ec206bc5e174,true,/cpfs/user/zhuzihou/assets/dedup_workspaces/test0_transitive_apply_parallel/dataset/GRScenes_assets/cabinet/54ac01bb53e43f49502a2c240e28ac8c/left.png
cabinet,54ac01bb53e43f49502a2c240e28ac8c,back,ok,0.402077,474,259,0.468315,474,142d182a29fa0e143ada4ad39349c8f07ba6f858cd5423172351b603c5a4ca42,true,/cpfs/user/zhuzihou/assets/dedup_workspaces/test0_transitive_apply_parallel/dataset/GRScenes_assets/cabinet/54ac01bb53e43f49502a2c240e28ac8c/back.png
cabinet,54ac01bb53e43f49502a2c240e28ac8c,right,ok,0.163525,126,441,0.211967,441,7d1d87f21232fda3a0a617ae14da4e47185574adc6d8d73a8f54c56484b03f0b,true,/cpfs/user/zhuzihou/assets/dedup_workspaces/test0_transitive_apply_parallel/dataset/GRScenes_assets/cabinet/54ac01bb53e43f49502a2c240e28ac8c/right.png
cabinet,54d5b226a7385dabc88c8dd39e29696f,front,ok,0.318169,266,396,0.401825,396,1cf349cd582691ea54e7bc24b5569eedf263c18de007985de99f9b2e8054b4d2,true,/cpfs/user/zhuzihou/assets/dedup_workspaces/test0_transitive_apply_parallel/dataset/GRScenes_assets/cabinet/54d5b226a7385dabc88c8dd39e29696f/front.png
cabinet,54d5b226a7385dabc88c8dd39e29696f,left,ok,0.147594,112,451,0.192688,451,5d3abdfd7efcad427c2bc66ea9badd1f610bd57f2dc0c6cc00c39c4b514c26f9,true,/cpfs/user/zhuzihou/assets/dedup_workspaces/test0_transitive_apply_parallel/dataset/GRScenes_assets/cabinet/54d5b226a7385dabc88c8dd39e29696f/left.png
cabinet,54d5b226a7385dabc88c8dd39e29696f,back,ok,0.318199,266,396,0.401825,396,070da2efb6076cf179639a4a3a0b88adf3017261ddf8fb53092b537b53db69c4,true,/cpfs/user/zhuzihou/assets/dedup_workspaces/test0_transitive_apply_parallel/dataset/GRScenes_assets/cabinet/54d5b226a7385dabc88c8dd39e29696f/back.png
cabinet,54d5b226a7385dabc88c8dd39e29696f,right,ok,0.147594,112,451,0.192688,451,31e862e496f45ca8c947171879ebea876691dcc1a95649cec8e8add6565a8f8e,true,/cpfs/user/zhuzihou/assets/dedup_workspaces/test0_transitive_apply_parallel/dataset/GRScenes_assets/cabinet/54d5b226a7385dabc88c8dd39e29696f/right.png
cabinet,5585aa3b21fa5afc2545bb7e25f01650,front,ok,0.264610,476,163,0.295975,476,98f4ca9ae60161a46251778f78f1b45fc57f50c7c11d46e041e5f77574bee24f,true,/cpfs/user/zhuzihou/assets/dedup_workspaces/test0_transitive_apply_parallel/dataset/GRScenes_assets/cabinet/5585aa3b21fa5afc2545bb7e25f01650/front.png
cabinet,5585aa3b21fa5afc2545bb7e25f01650,left,ok,0.008842,8,415,0.012665,415,2731bf6dea3c220424fbeed1711e86ed0942414998f185298902e2975530e41c,true,/cpfs/user/zhuzihou/assets/dedup_workspaces/test0_transitive_apply_parallel/dataset/GRScenes_assets/cabinet/5585aa3b21fa5afc2545bb7e25f01650/left.png
cabinet,5585aa3b21fa5afc2545bb7e25f01650,back,ok,0.264332,476,163,0.295975,476,aeea988450b9979653348cbdde12bc75a06eec821c95be6e5e302a7f4fe1fb35,true,/cpfs/user/zhuzihou/assets/dedup_workspaces/test0_transitive_apply_parallel/dataset/GRScenes_assets/cabinet/5585aa3b21fa5afc2545bb7e25f01650/back.png
cabinet,5585aa3b21fa5afc2545bb7e25f01650,right,ok,0.008846,8,415,0.012665,415,10e4a7e8298c51300b21bb55f7ac31d926439864806ca3d5731388e4a8290a15,true,/cpfs/user/zhuzihou/assets/dedup_workspaces/test0_transitive_apply_parallel/dataset/GRScenes_assets/cabinet/5585aa3b21fa5afc2545bb7e25f01650/right.png
cabinet,55ccb1b966250ec841b7fc34cef92972,front,ok,0.474155,400,390,0.595093,400,d9c588f834e3e47da3401c6c4924d90385f95bb688bd416a34d93028290e352a,true,/cpfs/user/zhuzihou/assets/dedup_workspaces/test0_transitive_apply_parallel/dataset/GRScenes_assets/cabinet/55ccb1b966250ec841b7fc34cef92972/front.png
cabinet,55ccb1b966250ec841b7fc34cef92972,left,ok,0.480995,484,334,0.616669,484,11d0dc7ce45fb08d50e5580efe6fe2112ca792760c9f840efd80aa83b2c33516,true,/cpfs/user/zhuzihou/assets/dedup_workspaces/test0_transitive_apply_parallel/dataset/GRScenes_assets/cabinet/55ccb1b966250ec841b7fc34cef92972/left.png
cabinet,55ccb1b966250ec841b7fc34cef92972,back,ok,0.474461,400,390,0.595093,400,29b27848c80b829558fd6976ca90a4cd6b0590740d1ef11137dd53af14396089,true,/cpfs/user/zhuzihou/assets/dedup_workspaces/test0_transitive_apply_parallel/dataset/GRScenes_assets/cabinet/55ccb1b966250ec841b7fc34cef92972/back.png
cabinet,55ccb1b966250ec841b7fc34cef92972,right,ok,0.514923,488,334,0.621765,488,5c94a1ad11ca4d01457e6fc0a2a5a55fcf2e290e2819631468ffa06f3a3603df,true,/cpfs/user/zhuzihou/assets/dedup_workspaces/test0_transitive_apply_parallel/dataset/GRScenes_assets/cabinet/55ccb1b966250ec841b7fc34cef92972/right.png
cabinet,55f8352bfc7ed1f9c2b9ef5704918e6f,front,ok,0.319534,470,258,0.462570,470,bfe07ae0111c894d9c844afea5ca7c5b0bc6a05050243233a71a829bc0a3715e,true,/cpfs/user/zhuzihou/assets/dedup_workspaces/test0_transitive_apply_parallel/dataset/GRScenes_assets/cabinet/55f8352bfc7ed1f9c2b9ef5704918e6f/front.png
cabinet,55f8352bfc7ed1f9c2b9ef5704918e6f,left,ok,0.138313,112,443,0.189270,443,9b98343ce4f8ef28a4f552ffce711aab8a49dad25742a12da6b5543c8fd77985,true,/cpfs/user/zhuzihou/assets/dedup_workspaces/test0_transitive_apply_parallel/dataset/GRScenes_assets/cabinet/55f8352bfc7ed1f9c2b9ef5704918e6f/left.png
cabinet,55f8352bfc7ed1f9c2b9ef5704918e6f,back,ok,0.321026,470,259,0.464363,470,6a25c372b4f22cae0b758019e3887c68282bb38e35f1b7bfacfb5dc6349dc3c6,true,/cpfs/user/zhuzihou/assets/dedup_workspaces/test0_transitive_apply_parallel/dataset/GRScenes_assets/cabinet/55f8352bfc7ed1f9c2b9ef5704918e6f/back.png
cabinet,55f8352bfc7ed1f9c2b9ef5704918e6f,right,ok,0.142536,112,443,0.189270,443,6810834ed47a64383971805dc012631f1e671088b3a8f134e3232b4cd36a2eeb,true,/cpfs/user/zhuzihou/assets/dedup_workspaces/test0_transitive_apply_parallel/dataset/GRScenes_assets/cabinet/55f8352bfc7ed1f9c2b9ef5704918e6f/right.png
cabinet,567e26ca1d6473f014ec9b6fb138f377,front,ok,0.366489,336,357,0.457581,357,43a42fc877a45d82d0d1db259dd2897546e6d6ce89028d3a081a7a1456c3ebdb,true,/cpfs/user/zhuzihou/assets/dedup_workspaces/test0_transitive_apply_parallel/dataset/GRScenes_assets/cabinet/567e26ca1d6473f014ec9b6fb138f377/front.png
cabinet,567e26ca1d6473f014ec9b6fb138f377,left,ok,0.100784,75,458,0.131035,458,e09274c7593fca36f688f1fcb4cef299ba2d4a24f21f371ecb6e2af74003d980,true,/cpfs/user/zhuzihou/assets/dedup_workspaces/test0_transitive_apply_parallel/dataset/GRScenes_assets/cabinet/567e26ca1d6473f014ec9b6fb138f377/left.png
cabinet,567e26ca1d6473f014ec9b6fb138f377,back,ok,0.369274,336,357,0.457581,357,36e740ce0217bbf81b4291ae18d338f36a0a7d7b80bde5e55e01dd9627c1d77f,true,/cpfs/user/zhuzihou/assets/dedup_workspaces/test0_transitive_apply_parallel/dataset/GRScenes_assets/cabinet/567e26ca1d6473f014ec9b6fb138f377/back.png
cabinet,567e26ca1d6473f014ec9b6fb138f377,right,ok,0.102459,76,458,0.132782,458,5c820814cf41e1d4d62871fa704570aba594d1ecb7538c21cee07820f6a81ce6,true,/cpfs/user/zhuzihou/assets/dedup_workspaces/test0_transitive_apply_parallel/dataset/GRScenes_assets/cabinet/567e26ca1d6473f014ec9b6fb138f377/right.png
cabinet,5691884c9bfdff084834b5cc0990a68f,front,ok,0.287086,335,298,0.380821,335,b8ae112272f967138c45ddc1d7deef73c5408790f15861f3a9eb692d190314f8,true,/cpfs/user/zhuzihou/assets/dedup_workspaces/test0_transitive_apply_parallel/dataset/GRScenes_assets/cabinet/5691884c9bfdff084834b5cc0990a68f/front.png
cabinet,5691884c9bfdff084834b5cc0990a68f,left,ok,0.254696,512,150,0.292969,512,92d896848e4d7c8a8a4074072de169cd7995330731eac9f6342530c0e5eb4374,true,/cpfs/user/zhuzihou/assets/dedup_workspaces/test0_transitive_apply_parallel/dataset/GRScenes_assets/cabinet/5691884c9bfdff084834b5cc0990a68f/left.png
cabinet,5691884c9bfdff084834b5cc0990a68f,back,ok,0.287090,335,298,0.380821,335,5ee78c63b4fc4bee866e221c28cc53470b851f56d124ae395faba7176a575d36,true,/cpfs/user/zhuzihou/assets/dedup_workspaces/test0_transitive_apply_parallel/dataset/GRScenes_assets/cabinet/5691884c9bfdff084834b5cc0990a68f/back.png
cabinet,5691884c9bfdff084834b5cc0990a68f,right,ok,0.254700,512,150,0.292969,512,b7f522bb0f453a3099ca0deff887e4e503a1a15f916576f759bc2d2d721e72fa,true,/cpfs/user/zhuzihou/assets/dedup_workspaces/test0_transitive_apply_parallel/dataset/GRScenes_assets/cabinet/5691884c9bfdff084834b5cc0990a68f/right.png
cabinet,56d0852ef03a517db748dde9649810c9,front,ok,0.147511,512,153,0.298828,512,f88506162dc793a261cd9604cf592351c6a8d1ace757e4863c8075dafa105278,true,/cpfs/user/zhuzihou/assets/dedup_workspaces/test0_transitive_apply_parallel/dataset/GRScenes_assets/cabinet/56d0852ef03a517db748dde9649810c9/front.png
cabinet,56d0852ef03a517db748dde9649810c9,left,ok,0.123531,298,299,0.339897,299,2534e116c8e69a8fa0607677702e541077b5dbc95c9c42427b8c27da32880d69,true,/cpfs/user/zhuzihou/assets/dedup_workspaces/test0_transitive_apply_parallel/dataset/GRScenes_assets/cabinet/56d0852ef03a517db748dde9649810c9/left.png
cabinet,56d0852ef03a517db748dde9649810c9,back,ok,0.091690,384,153,0.224121,384,879cc8eefbcc43cc5945c78a239fce47bf23023d2a65c5d4dbedf19eae67671a,true,/cpfs/user/zhuzihou/assets/dedup_workspaces/test0_transitive_apply_parallel/dataset/GRScenes_assets/cabinet/56d0852ef03a517db748dde9649810c9/back.png
cabinet,56d0852ef03a517db748dde9649810c9,right,ok,0.102871,262,299,0.298836,299,4b0dc21c79e3f881d93929615e1c56310d4a938867c2e6a5f83aea9325186e13,true,/cpfs/user/zhuzihou/assets/dedup_workspaces/test0_transitive_apply_parallel/dataset/GRScenes_assets/cabinet/56d0852ef03a517db748dde9649810c9/right.png
cabinet,579a0f1032f32deb1e3cfd24e9e43d30,front,ok,0.455494,390,383,0.569801,390,5b4bb674708ef62d8707a5b49a3b769d121a0fa0ff28dda88bda1c3d1be3eb89,true,/cpfs/user/zhuzihou/assets/dedup_workspaces/test0_transitive_apply_parallel/dataset/GRScenes_assets/cabinet/579a0f1032f32deb1e3cfd24e9e43d30/front.png
cabinet,579a0f1032f32deb1e3cfd24e9e43d30,left,ok,0.345428,268,433,0.442673,433,0a491943befcb6ec59562b7e3b4df3c27ed48ea9b565e83405130cb269de0859,true,/cpfs/user/zhuzihou/assets/dedup_workspaces/test0_transitive_apply_parallel/dataset/GRScenes_assets/cabinet/579a0f1032f32deb1e3cfd24e9e43d30/left.png
cabinet,579a0f1032f32deb1e3cfd24e9e43d30,back,ok,0.426544,382,383,0.558113,383,0b2aff485cea9bc92155da481c509704c5e5447a57040ed7e5b3804c073b2804,true,/cpfs/user/zhuzihou/assets/dedup_workspaces/test0_transitive_apply_parallel/dataset/GRScenes_assets/cabinet/579a0f1032f32deb1e3cfd24e9e43d30/back.png
cabinet,579a0f1032f32deb1e3cfd24e9e43d30,right,ok,0.352253,276,433,0.455887,433,a527660412f58e11b0c0adba97af2c25412d4f4006ef7054ffb439cecff4027a,true,/cpfs/user/zhuzihou/assets/dedup_workspaces/test0_transitive_apply_parallel/dataset/GRScenes_assets/cabinet/579a0f1032f32deb1e3cfd24e9e43d30/right.png
cabinet,57b0dba4d264067180fca6f4feaff795,front,ok,0.464584,408,374,0.582092,408,b99641924fa28dbe502a732ffa90d4e544e4abeede79b92d265b856aeedfa4c5,true,/cpfs/user/zhuzihou/assets/dedup_workspaces/test0_transitive_apply_parallel/dataset/GRScenes_assets/cabinet/57b0dba4d264067180fca6f4feaff795/front.png
cabinet,57b0dba4d264067180fca6f4feaff795,left,ok,0.496975,506,305,0.588722,506,d59baa9c8a3be2f92b76c2c6a1cc562e5d0613279f4feb8fd106655ca61b934d,true,/cpfs/user/zhuzihou/assets/dedup_workspaces/test0_transitive_apply_parallel/dataset/GRScenes_assets/cabinet/57b0dba4d264067180fca6f4feaff795/left.png
cabinet,57b0dba4d264067180fca6f4feaff795,back,ok,0.464714,408,374,0.582092,408,0c405b7c86f117a51eb8472754b5cb74ca4a9b49dfd6639d714afb7490795129,true,/cpfs/user/zhuzihou/assets/dedup_workspaces/test0_transitive_apply_parallel/dataset/GRScenes_assets/cabinet/57b0dba4d264067180fca6f4feaff795/back.png
cabinet,57b0dba4d264067180fca6f4feaff795,right,ok,0.493572,502,307,0.587898,502,1455082a2a32ef701703386ed98a02a8c3a56116bcd421eff583a974619a6d7d,true,/cpfs/user/zhuzihou/assets/dedup_workspaces/test0_transitive_apply_parallel/dataset/GRScenes_assets/cabinet/57b0dba4d264067180fca6f4feaff795/right.png
cabinet,58cb16021d7fbfe0f97c5fb02b43b192,front,ok,0.202663,502,112,0.214478,502,e369c6bc42ac0522e59a9789f8e82f84eefb226217aafe246c824020704c8ee8,true,/cpfs/user/zhuzihou/assets/dedup_workspaces/test0_transitive_apply_parallel/dataset/GRScenes_assets/cabinet/58cb16021d7fbfe0f97c5fb02b43b192/front.png
cabinet,58cb16021d7fbfe0f97c5fb02b43b192,left,ok,0.123272,114,375,0.163078,375,018f6472f968d31edc1922e49099b702f552c70fb5aaea53af8c96be7f07f8f1,true,/cpfs/user/zhuzihou/assets/dedup_workspaces/test0_transitive_apply_parallel/dataset/GRScenes_assets/cabinet/58cb16021d7fbfe0f97c5fb02b43b192/left.png
cabinet,58cb16021d7fbfe0f97c5fb02b43b192,back,ok,0.202663,502,112,0.214478,502,304d08650d3d79f189998e9e644c38d4e2af5ccea5a4c4836219a0201b30f8bf,true,/cpfs/user/zhuzihou/assets/dedup_workspaces/test0_transitive_apply_parallel/dataset/GRScenes_assets/cabinet/58cb16021d7fbfe0f97c5fb02b43b192/back.png
cabinet,58cb16021d7fbfe0f97c5fb02b43b192,right,ok,0.123268,114,375,0.163078,375,d5cadb4c593f9aa5205e9b08a76c540956363c589862cec64dcde518ed00a751,true,/cpfs/user/zhuzihou/assets/dedup_workspaces/test0_transitive_apply_parallel/dataset/GRScenes_assets/cabinet/58cb16021d7fbfe0f97c5fb02b43b192/right.png
cabinet,59d6ea5ff2e0102cf8b08f8e44f1412c,front,ok,0.070541,159,366,0.221992,366,a0a7b401efef26e94bd31497c3d3c16b3d0c45a141991d663b4a8a1a948cc72f,true,/cpfs/user/zhuzihou/assets/dedup_workspaces/test0_transitive_apply_parallel/dataset/GRScenes_assets/cabinet/59d6ea5ff2e0102cf8b08f8e44f1412c/front.png
cabinet,59d6ea5ff2e0102cf8b08f8e44f1412c,left,ok,0.149593,321,336,0.411438,336,1827107858a74e66dad4628702db87e840a64a4407d0eaf391e7dbd53ceadc6f,true,/cpfs/user/zhuzihou/assets/dedup_workspaces/test0_transitive_apply_parallel/dataset/GRScenes_assets/cabinet/59d6ea5ff2e0102cf8b08f8e44f1412c/left.png
cabinet,59d6ea5ff2e0102cf8b08f8e44f1412c,back,ok,0.041992,103,448,0.176025,448,5962946052d401fa7495b8d47dd401e8fc0d8a228619c7bca510872b41ff2240,true,/cpfs/user/zhuzihou/assets/dedup_workspaces/test0_transitive_apply_parallel/dataset/GRScenes_assets/cabinet/59d6ea5ff2e0102cf8b08f8e44f1412c/back.png
cabinet,59d6ea5ff2e0102cf8b08f8e44f1412c,right,ok,0.158970,355,322,0.436058,355,1a5be94bb03a1bb688bf433a5cced5f3885b3cf3d5427a0304fa60b9583da9bb,true,/cpfs/user/zhuzihou/assets/dedup_workspaces/test0_transitive_apply_parallel/dataset/GRScenes_assets/cabinet/59d6ea5ff2e0102cf8b08f8e44f1412c/right.png
cabinet,59dd6cb8b6cd93601912229ed973367d,front,ok,0.259056,502,153,0.292992,502,83f9a00c1a531df1fd6d61f24a517f4f7e8e2d921e4c35efcafd9afa834a4bb5,true,/cpfs/user/zhuzihou/assets/dedup_workspaces/test0_transitive_apply_parallel/dataset/GRScenes_assets/cabinet/59dd6cb8b6cd93601912229ed973367d/front.png
cabinet,59dd6cb8b6cd93601912229ed973367d,left,ok,0.106884,99,400,0.151062,400,2d90beaa63b70fe2c9cc19c99c4c73f73be8f20cd7d4c1420f32d47ed60f9ba3,true,/cpfs/user/zhuzihou/assets/dedup_workspaces/test0_transitive_apply_parallel/dataset/GRScenes_assets/cabinet/59dd6cb8b6cd93601912229ed973367d/left.png
cabinet,59dd6cb8b6cd93601912229ed973367d,back,ok,0.264954,498,153,0.290657,498,22daef3a0b92c6321c5d7af21553ea931a804dc04e82be9ac3a9b270668f2be2,true,/cpfs/user/zhuzihou/assets/dedup_workspaces/test0_transitive_apply_parallel/dataset/GRScenes_assets/cabinet/59dd6cb8b6cd93601912229ed973367d/back.png
cabinet,59dd6cb8b6cd93601912229ed973367d,right,ok,0.111221,95,400,0.144958,400,533a040f300c5c4c1e5b286c3337fbb9cd9b80b3fc23efe94baed29161956cac,true,/cpfs/user/zhuzihou/assets/dedup_workspaces/test0_transitive_apply_parallel/dataset/GRScenes_assets/cabinet/59dd6cb8b6cd93601912229ed973367d/right.png
cabinet,5a0764215610d91789f54f117d22ef18,front,ok,0.461029,512,269,0.525391,512,ba289f3ba12e873d88bf9f8c8dcb4eaa4073be7251e94547affedaf72067a422,true,/cpfs/user/zhuzihou/assets/dedup_workspaces/test0_transitive_apply_parallel/dataset/GRScenes_assets/cabinet/5a0764215610d91789f54f117d22ef18/front.png
cabinet,5a0764215610d91789f54f117d22ef18,left,ok,0.429268,384,370,0.541992,384,c54ca13071bcc39623d740e552dbf534e6b2bb0d7d99bd0dc1798dec7beddae7,true,/cpfs/user/zhuzihou/assets/dedup_workspaces/test0_transitive_apply_parallel/dataset/GRScenes_assets/cabinet/5a0764215610d91789f54f117d22ef18/left.png
cabinet,5a0764215610d91789f54f117d22ef18,back,ok,0.461060,512,269,0.525391,512,4ca5c0f3cd66d8ea6e869a6d3fd61150e7f3377680af0f1ae4ea65cdfd19ce99,true,/cpfs/user/zhuzihou/assets/dedup_workspaces/test0_transitive_apply_parallel/dataset/GRScenes_assets/cabinet/5a0764215610d91789f54f117d22ef18/back.png
cabinet,5a0764215610d91789f54f117d22ef18,right,ok,0.429268,384,370,0.541992,384,a696109749a18cff7e29b7bee492201740a3254f670bddbb27c7067d25a84265,true,/cpfs/user/zhuzihou/assets/dedup_workspaces/test0_transitive_apply_parallel/dataset/GRScenes_assets/cabinet/5a0764215610d91789f54f117d22ef18/right.png
cabinet,5a186509438e39649d808e0849ea2e49,front,ok,0.353165,378,316,0.455658,378,45cde59d8890e03db9e1c0f0c9584294850f9922140a45488a9222d4ce2cb538,true,/cpfs/user/zhuzihou/assets/dedup_workspaces/test0_transitive_apply_parallel/dataset/GRScenes_assets/cabinet/5a186509438e39649d808e0849ea2e49/front.png
cabinet,5a186509438e39649d808e0849ea2e49,left,ok,0.340851,512,198,0.386719,512,d820fb43c4d86caafb90923f40a6a062148088cbf64f6075c84111b6d259d7c7,true,/cpfs/user/zhuzihou/assets/dedup_workspaces/test0_transitive_apply_parallel/dataset/GRScenes_assets/cabinet/5a186509438e39649d808e0849ea2e49/left.png
cabinet,5a186509438e39649d808e0849ea2e49,back,ok,0.353836,378,318,0.458542,378,d8427efc2a53732e457285f435ee358ce6271117e9b6066f61e2fa7080976bef,true,/cpfs/user/zhuzihou/assets/dedup_workspaces/test0_transitive_apply_parallel/dataset/GRScenes_assets/cabinet/5a186509438e39649d808e0849ea2e49/back.png
cabinet,5a186509438e39649d808e0849ea2e49,right,ok,0.346565,512,201,0.392578,512,5a9bf392e403ec76f570ed8fbf5228cac50af42903c15b616508cc0b57baee7f,true,/cpfs/user/zhuzihou/assets/dedup_workspaces/test0_transitive_apply_parallel/dataset/GRScenes_assets/cabinet/5a186509438e39649d808e0849ea2e49/right.png
cabinet,5a29d4f37a670a6198ece9558aafd78f,front,ok,0.033142,466,19,0.033775,466,4098ca4c092e37144943c25e0fff6ddba0a378c8a8bb0f3f9c57f84e019332e4,true,/cpfs/user/zhuzihou/assets/dedup_workspaces/test0_transitive_apply_parallel/dataset/GRScenes_assets/cabinet/5a29d4f37a670a6198ece9558aafd78f/front.png
cabinet,5a29d4f37a670a6198ece9558aafd78f,left,ok,0.032372,36,322,0.044220,322,9447e8039c115aa624ede09676b53f9c4a81a3b783a686d0c87f9fa36a6d068c,true,/cpfs/user/zhuzihou/assets/dedup_workspaces/test0_transitive_apply_parallel/dataset/GRScenes_assets/cabinet/5a29d4f37a670a6198ece9558aafd78f/left.png
cabinet,5a29d4f37a670a6198ece9558aafd78f,back,ok,0.029678,465,17,0.030155,465,c1ec6aee571206c477c7e66e7d8a894b9ddbf330ad4ec825b285c8275f3645a9,true,/cpfs/user/zhuzihou/assets/dedup_workspaces/test0_transitive_apply_parallel/dataset/GRScenes_assets/cabinet/5a29d4f37a670a6198ece9558aafd78f/back.png
cabinet,5a29d4f37a670a6198ece9558aafd78f,right,ok,0.032082,36,326,0.044769,326,ec9c88346466e7bda1f802d899a5a4a114f0794c7631fd55a5be4ea4b96d9e8c,true,/cpfs/user/zhuzihou/assets/dedup_workspaces/test0_transitive_apply_parallel/dataset/GRScenes_assets/cabinet/5a29d4f37a670a6198ece9558aafd78f/right.png
cabinet,5a87c6c309a250f88795dc6ea75ae8be,front,ok,0.028233,468,16,0.028564,468,6bf44c3bbb2352136cb5da3a7f47165e13b7ff4ecbf82baa3e4865dfaadbae5e,true,/cpfs/user/zhuzihou/assets/dedup_workspaces/test0_transitive_apply_parallel/dataset/GRScenes_assets/cabinet/5a87c6c309a250f88795dc6ea75ae8be/front.png
cabinet,5a87c6c309a250f88795dc6ea75ae8be,left,ok,0.031128,36,320,0.043945,320,f821b50883c71239a98f4f1335b0063f2cf3b5ae3d96b04a1c19cd6956de798c,true,/cpfs/user/zhuzihou/assets/dedup_workspaces/test0_transitive_apply_parallel/dataset/GRScenes_assets/cabinet/5a87c6c309a250f88795dc6ea75ae8be/left.png
cabinet,5a87c6c309a250f88795dc6ea75ae8be,back,ok,0.028233,468,16,0.028564,468,746b96b61bb6d98a73fe11081926c2afa964f3e2c405036415e9215d4c20b676,true,/cpfs/user/zhuzihou/assets/dedup_workspaces/test0_transitive_apply_parallel/dataset/GRScenes_assets/cabinet/5a87c6c309a250f88795dc6ea75ae8be/back.png
cabinet,5a87c6c309a250f88795dc6ea75ae8be,right,ok,0.031128,36,320,0.043945,320,658655695f75076e915e6f4e0335ca862f8bba5ab764785d92a51f1a7c2876e8,true,/cpfs/user/zhuzihou/assets/dedup_workspaces/test0_transitive_apply_parallel/dataset/GRScenes_assets/cabinet/5a87c6c309a250f88795dc6ea75ae8be/right.png
cabinet,5aad2242f0d294f33aea6fdba208b85b,front,ok,0.363251,387,319,0.470936,387,471633657ac20d264af13933852613f7d74531fcfcb7604fdaf47572f82154ee,true,/cpfs/user/zhuzihou/assets/dedup_workspaces/test0_transitive_apply_parallel/dataset/GRScenes_assets/cabinet/5aad2242f0d294f33aea6fdba208b85b/front.png
cabinet,5aad2242f0d294f33aea6fdba208b85b,left,ok,0.102596,90,456,0.156555,456,df0b7ab181629b8c3a656bb5e6fb24da5c17aaa3b98615c1ac2a50429a764f1d,true,/cpfs/user/zhuzihou/assets/dedup_workspaces/test0_transitive_apply_parallel/dataset/GRScenes_assets/cabinet/5aad2242f0d294f33aea6fdba208b85b/left.png
cabinet,5aad2242f0d294f33aea6fdba208b85b,back,ok,0.381702,404,319,0.491623,404,673c5125dba88bf4cf1865892be1b8267a4a51dd40dca95812b361469456168c,true,/cpfs/user/zhuzihou/assets/dedup_workspaces/test0_transitive_apply_parallel/dataset/GRScenes_assets/cabinet/5aad2242f0d294f33aea6fdba208b85b/back.png
cabinet,5aad2242f0d294f33aea6fdba208b85b,right,ok,0.069931,68,456,0.118286,456,7215257a19c5f8c2d83a43bb755a8005f19479fa6e1b13910a0e5cf49b207972,true,/cpfs/user/zhuzihou/assets/dedup_workspaces/test0_transitive_apply_parallel/dataset/GRScenes_assets/cabinet/5aad2242f0d294f33aea6fdba208b85b/right.png
cabinet,5aff015d97098ec6b289923aa005a595,front,ok,0.427834,426,325,0.528145,426,43e1e9b436e1e59251c0aed88f9a068f6ad1400a4a8d0c9f31c9282f2848913c,true,/cpfs/user/zhuzihou/assets/dedup_workspaces/test0_transitive_apply_parallel/dataset/GRScenes_assets/cabinet/5aff015d97098ec6b289923aa005a595/front.png
cabinet,5aff015d97098ec6b289923aa005a595,left,ok,0.190937,146,451,0.251183,451,c76c253baac7ea0a74ca30e0eb909efeb598587d813bce78e03cc30b7bd62912,true,/cpfs/user/zhuzihou/assets/dedup_workspaces/test0_transitive_apply_parallel/dataset/GRScenes_assets/cabinet/5aff015d97098ec6b289923aa005a595/left.png
cabinet,5aff015d97098ec6b289923aa005a595,back,ok,0.427879,419,323,0.516270,419,80c1bece9cc1e203a7708bb5671581f8aa22f1251ad1cacb92cc567f397635c2,true,/cpfs/user/zhuzihou/assets/dedup_workspaces/test0_transitive_apply_parallel/dataset/GRScenes_assets/cabinet/5aff015d97098ec6b289923aa005a595/back.png
cabinet,5aff015d97098ec6b289923aa005a595,right,ok,0.193771,148,451,0.254623,451,c20724a0c4fb993f6ef743d6e7108deabbc3b674bb511b81c5a01e15a003a5dc,true,/cpfs/user/zhuzihou/assets/dedup_workspaces/test0_transitive_apply_parallel/dataset/GRScenes_assets/cabinet/5aff015d97098ec6b289923aa005a595/right.png
cabinet,5b05fdc79acafd158597bdb0e25c67e9,front,ok,0.452164,512,267,0.521484,512,473f5280653d2c4ff79cbc832c7ec4498d10ed81ad8bacff7ee7aff95bc2804e,true,/cpfs/user/zhuzihou/assets/dedup_workspaces/test0_transitive_apply_parallel/dataset/GRScenes_assets/cabinet/5b05fdc79acafd158597bdb0e25c67e9/front.png
cabinet,5b05fdc79acafd158597bdb0e25c67e9,left,ok,0.399696,347,384,0.508301,384,dea5b1fb394f4dad2e8bc8a42e6ae86fbf9ff4c40359aeba423e948d18c5c224,true,/cpfs/user/zhuzihou/assets/dedup_workspaces/test0_transitive_apply_parallel/dataset/GRScenes_assets/cabinet/5b05fdc79acafd158597bdb0e25c67e9/left.png
cabinet,5b05fdc79acafd158597bdb0e25c67e9,back,ok,0.458122,512,266,0.519531,512,b5bb256fe97970c4c8caced988b05f47bbdba2a057a204dd2df3dacb9057dfd9,true,/cpfs/user/zhuzihou/assets/dedup_workspaces/test0_transitive_apply_parallel/dataset/GRScenes_assets/cabinet/5b05fdc79acafd158597bdb0e25c67e9/back.png
cabinet,5b05fdc79acafd158597bdb0e25c67e9,right,ok,0.406742,354,384,0.518555,384,bb28cc64135b654a31df07aff73927a36301a72a8596f23befb49a9bad9bc8b1,true,/cpfs/user/zhuzihou/assets/dedup_workspaces/test0_transitive_apply_parallel/dataset/GRScenes_assets/cabinet/5b05fdc79acafd158597bdb0e25c67e9/right.png
cabinet,5b668bfa31751340cdd13549ab988c14,front,ok,0.045826,39,419,0.062336,419,ec9d8d91282f590ba264ce9894d835f9f140b26d0b8c672d1f756d68a1ebb0e9,true,/cpfs/user/zhuzihou/assets/dedup_workspaces/test0_transitive_apply_parallel/dataset/GRScenes_assets/cabinet/5b668bfa31751340cdd13549ab988c14/front.png
cabinet,5b668bfa31751340cdd13549ab988c14,left,ok,0.086914,71,397,0.107525,397,50b121cd02cbbcfcbabd1d6c09bcb51f3a984233cd82f1169512107a65c5b4d3,true,/cpfs/user/zhuzihou/assets/dedup_workspaces/test0_transitive_apply_parallel/dataset/GRScenes_assets/cabinet/5b668bfa31751340cdd13549ab988c14/left.png
cabinet,5b668bfa31751340cdd13549ab988c14,back,ok,0.048668,41,419,0.065533,419,00003c2ae8224143b7db64d7479cc2663e3b84f5d1256709410ee2293269d1fe,true,/cpfs/user/zhuzihou/assets/dedup_workspaces/test0_transitive_apply_parallel/dataset/GRScenes_assets/cabinet/5b668bfa31751340cdd13549ab988c14/back.png
cabinet,5b668bfa31751340cdd13549ab988c14,right,ok,0.090366,74,411,0.116020,411,0c84a369ee6d389d46b9131a4b0c24cd81e7794afd90ba6190a362d6f8287823,true,/cpfs/user/zhuzihou/assets/dedup_workspaces/test0_transitive_apply_parallel/dataset/GRScenes_assets/cabinet/5b668bfa31751340cdd13549ab988c14/right.png
cabinet,5beeaa7bfe13ad1b18b3e90600a3e58e,front,ok,0.049461,476,28,0.050842,476,76ae317e12840119d889b2f604ec7286254084dbcb82dcec7f2e54d67420270b,true,/cpfs/user/zhuzihou/assets/dedup_workspaces/test0_transitive_apply_parallel/dataset/GRScenes_assets/cabinet/5beeaa7bfe13ad1b18b3e90600a3e58e/front.png
cabinet,5beeaa7bfe13ad1b18b3e90600a3e58e,left,ok,0.055603,64,321,0.078369,321,003b1c4245a568f5e1c0a30ef3cf27b4de904b42db2d9ee188daba3ce92ffc18,true,/cpfs/user/zhuzihou/assets/dedup_workspaces/test0_transitive_apply_parallel/dataset/GRScenes_assets/cabinet/5beeaa7bfe13ad1b18b3e90600a3e58e/left.png
cabinet,5beeaa7bfe13ad1b18b3e90600a3e58e,back,ok,0.049461,476,28,0.050842,476,24e67ed12223dab509a1d2bbfafb3db094f9308d552c20402e34ed07c1001bc3,true,/cpfs/user/zhuzihou/assets/dedup_workspaces/test0_transitive_apply_parallel/dataset/GRScenes_assets/cabinet/5beeaa7bfe13ad1b18b3e90600a3e58e/back.png
cabinet,5beeaa7bfe13ad1b18b3e90600a3e58e,right,ok,0.055595,64,321,0.078369,321,7a499768195798f4e5a5869d393cb8bb75d15a438db443d0d882349cf13e0706,true,/cpfs/user/zhuzihou/assets/dedup_workspaces/test0_transitive_apply_parallel/dataset/GRScenes_assets/cabinet/5beeaa7bfe13ad1b18b3e90600a3e58e/right.png
cabinet,5bfb56f8578690d51bf69021d0c3ace4,front,ok,0.397381,490,245,0.457954,490,e7d1c3d179edd83d1b99d5d6ea7f43e548177806680face40bcfe09e0f7fba6a,true,/cpfs/user/zhuzihou/assets/dedup_workspaces/test0_transitive_apply_parallel/dataset/GRScenes_assets/cabinet/5bfb56f8578690d51bf69021d0c3ace4/front.png
cabinet,5bfb56f8578690d51bf69021d0c3ace4,left,ok,0.185333,146,433,0.241158,433,162bfda72f36cebedb04cd4539817a8f3ad30fd1cf4f22f3eb4bd71601b62084,true,/cpfs/user/zhuzihou/assets/dedup_workspaces/test0_transitive_apply_parallel/dataset/GRScenes_assets/cabinet/5bfb56f8578690d51bf69021d0c3ace4/left.png
cabinet,5bfb56f8578690d51bf69021d0c3ace4,back,ok,0.397381,490,245,0.457954,490,2c216176d0166692bfc019b0405237b44dec5924e4a0c8d17567f1b47eb32e79,true,/cpfs/user/zhuzihou/assets/dedup_workspaces/test0_transitive_apply_parallel/dataset/GRScenes_assets/cabinet/5bfb56f8578690d51bf69021d0c3ace4/back.png
cabinet,5bfb56f8578690d51bf69021d0c3ace4,right,ok,0.186172,146,433,0.241158,433,730bdff013f76b1ae36fc883e8fca8f051a0e83ca3ff2b378a873c1082cece47,true,/cpfs/user/zhuzihou/assets/dedup_workspaces/test0_transitive_apply_parallel/dataset/GRScenes_assets/cabinet/5bfb56f8578690d51bf69021d0c3ace4/right.png
cabinet,5d7599186cef978f2d0e0236a3e5bce9,front,ok,0.494846,472,331,0.595978,472,f541edb32e7397c779530326e0eb40fcfe46a39bffbc6188b70d07eb0ef64082,true,/cpfs/user/zhuzihou/assets/dedup_workspaces/test0_transitive_apply_parallel/dataset/GRScenes_assets/cabinet/5d7599186cef978f2d0e0236a3e5bce9/front.png
cabinet,5d7599186cef978f2d0e0236a3e5bce9,left,ok,0.457142,384,394,0.577148,394,e1020fd7507ead1edbdea42879c6b5ec215fc4d3b0e97f5f31f0166893ef603f,true,/cpfs/user/zhuzihou/assets/dedup_workspaces/test0_transitive_apply_parallel/dataset/GRScenes_assets/cabinet/5d7599186cef978f2d0e0236a3e5bce9/left.png
cabinet,5d7599186cef978f2d0e0236a3e5bce9,back,ok,0.511860,484,334,0.616669,484,4ec13e676972fdfcc50931b33040f42ad596bc68421a28d6179b185568bddc30,true,/cpfs/user/zhuzihou/assets/dedup_workspaces/test0_transitive_apply_parallel/dataset/GRScenes_assets/cabinet/5d7599186cef978f2d0e0236a3e5bce9/back.png
cabinet,5d7599186cef978f2d0e0236a3e5bce9,right,ok,0.444473,369,393,0.553196,393,22f333c46840c6b7a25d2c2f34c6b4819a319c5ed84b37542a6c3a6c9849fd33,true,/cpfs/user/zhuzihou/assets/dedup_workspaces/test0_transitive_apply_parallel/dataset/GRScenes_assets/cabinet/5d7599186cef978f2d0e0236a3e5bce9/right.png
cabinet,5fd99ac39eb2967bf2766e3ec9e29e9b,front,ok,0.307728,503,219,0.420216,503,4295bd162212ec377b45f6e6979dbd9ed3dcab4a387800cd78629e442dd2fba9,true,/cpfs/user/zhuzihou/assets/dedup_workspaces/test0_transitive_apply_parallel/dataset/GRScenes_assets/cabinet/5fd99ac39eb2967bf2766e3ec9e29e9b/front.png
cabinet,5fd99ac39eb2967bf2766e3ec9e29e9b,left,ok,0.210506,289,328,0.361603,328,0432048a55fb8021f5731b81c27c7c6bbdf8b1462b28babb3cece5ab9f722925,true,/cpfs/user/zhuzihou/assets/dedup_workspaces/test0_transitive_apply_parallel/dataset/GRScenes_assets/cabinet/5fd99ac39eb2967bf2766e3ec9e29e9b/left.png
cabinet,5fd99ac39eb2967bf2766e3ec9e29e9b,back,ok,0.232613,455,221,0.383587,455,ec7a34fdaa1ef8510651c5ce71ac9a420e27999b0888d206ac3acebb89131950,true,/cpfs/user/zhuzihou/assets/dedup_workspaces/test0_transitive_apply_parallel/dataset/GRScenes_assets/cabinet/5fd99ac39eb2967bf2766e3ec9e29e9b/back.png
cabinet,5fd99ac39eb2967bf2766e3ec9e29e9b,right,ok,0.302567,389,330,0.489693,389,f03dc6388b3bc37acbf319a4a5579c09b77937fce97955357363a4236d24de8a,true,/cpfs/user/zhuzihou/assets/dedup_workspaces/test0_transitive_apply_parallel/dataset/GRScenes_assets/cabinet/5fd99ac39eb2967bf2766e3ec9e29e9b/right.png
cabinet,60b2842374ee76f18f48403ddc3ba70d,front,ok,0.361340,446,268,0.455963,446,8da07602a5f3aa8eb970977285823816f0da1126e7d56b055f43ca80ef996dfc,true,/cpfs/user/zhuzihou/assets/dedup_workspaces/test0_transitive_apply_parallel/dataset/GRScenes_assets/cabinet/60b2842374ee76f18f48403ddc3ba70d/front.png
cabinet,60b2842374ee76f18f48403ddc3ba70d,left,ok,0.358349,502,228,0.436615,502,0b7e83fd948855bfd8eb44492d59df06d9eb3e33b393a71a7385bf8dc776dd0b,true,/cpfs/user/zhuzihou/assets/dedup_workspaces/test0_transitive_apply_parallel/dataset/GRScenes_assets/cabinet/60b2842374ee76f18f48403ddc3ba70d/left.png
cabinet,60b2842374ee76f18f48403ddc3ba70d,back,ok,0.371944,446,275,0.467873,446,2db138377cd1c9fed1b82509850dc04e13317efa9ea8c59affcfb3bf8030ed3a,true,/cpfs/user/zhuzihou/assets/dedup_workspaces/test0_transitive_apply_parallel/dataset/GRScenes_assets/cabinet/60b2842374ee76f18f48403ddc3ba70d/back.png
cabinet,60b2842374ee76f18f48403ddc3ba70d,right,ok,0.358185,502,228,0.436615,502,b900166eabe4a4910805e6b642cae121486fdbeb99d079c1a9ea84c3f41fbd56,true,/cpfs/user/zhuzihou/assets/dedup_workspaces/test0_transitive_apply_parallel/dataset/GRScenes_assets/cabinet/60b2842374ee76f18f48403ddc3ba70d/right.png
cabinet,614eb436a380818707a3d8012c6d3d5a,front,ok,0.266121,501,150,0.286674,501,f27373ed156341ffae59c2f8398cf4e11bb99ec49240ee0c92d8d12c107c68c0,true,/cpfs/user/zhuzihou/assets/dedup_workspaces/test0_transitive_apply_parallel/dataset/GRScenes_assets/cabinet/614eb436a380818707a3d8012c6d3d5a/front.png
cabinet,614eb436a380818707a3d8012c6d3d5a,left,ok,0.237587,226,360,0.310364,360,f2e0e563bf36646436a7cbc1d108af4ea68ead1da892d87d9a41a39f93a70723,true,/cpfs/user/zhuzihou/assets/dedup_workspaces/test0_transitive_apply_parallel/dataset/GRScenes_assets/cabinet/614eb436a380818707a3d8012c6d3d5a/left.png
cabinet,614eb436a380818707a3d8012c6d3d5a,back,ok,0.269497,512,150,0.292969,512,4d198fbfd4ede1ba8b97d42c154e8846a9980d82382304f28365a6ff322ff5ff,true,/cpfs/user/zhuzihou/assets/dedup_workspaces/test0_transitive_apply_parallel/dataset/GRScenes_assets/cabinet/614eb436a380818707a3d8012c6d3d5a/back.png
cabinet,614eb436a380818707a3d8012c6d3d5a,right,ok,0.240028,230,362,0.317612,362,1098754940b92da481608f17f20a68f0621bf7bd0da3da013d1b83556c9544a3,true,/cpfs/user/zhuzihou/assets/dedup_workspaces/test0_transitive_apply_parallel/dataset/GRScenes_assets/cabinet/614eb436a380818707a3d8012c6d3d5a/right.png
cabinet,61516ba20540ed3b62531c02a289dc73,front,ok,0.427780,432,347,0.571838,432,9bc32aa65df1fac33dc1319748082c746c91e1e13a8a916fb07050641baa1ca8,true,/cpfs/user/zhuzihou/assets/dedup_workspaces/test0_transitive_apply_parallel/dataset/GRScenes_assets/cabinet/61516ba20540ed3b62531c02a289dc73/front.png
cabinet,61516ba20540ed3b62531c02a289dc73,left,ok,0.366211,320,391,0.477295,391,83cae1b8d9177ef5fe9276a59d5e383ce27206584e44a457d70f2235e974630a,true,/cpfs/user/zhuzihou/assets/dedup_workspaces/test0_transitive_apply_parallel/dataset/GRScenes_assets/cabinet/61516ba20540ed3b62531c02a289dc73/left.png
cabinet,61516ba20540ed3b62531c02a289dc73,back,ok,0.444134,449,349,0.597767,449,d77d06364a51fd95051883bb6e1bb9ece014a12d031bef5e3b94a806cfc53b66,true,/cpfs/user/zhuzihou/assets/dedup_workspaces/test0_transitive_apply_parallel/dataset/GRScenes_assets/cabinet/61516ba20540ed3b62531c02a289dc73/back.png
cabinet,61516ba20540ed3b62531c02a289dc73,right,ok,0.429451,372,385,0.546341,385,192ab7a16c316044bdf20f61513728e0e345b13a9526e126d950b90e8fd9e785,true,/cpfs/user/zhuzihou/assets/dedup_workspaces/test0_transitive_apply_parallel/dataset/GRScenes_assets/cabinet/61516ba20540ed3b62531c02a289dc73/right.png
cabinet,618dc0c77616f7fbb2b9f863a221cef2,front,ok,0.306793,500,179,0.341415,500,257908d1353efe62f1bbf83530b5790d047cd3470d28efd12ce9b4409f947c46,true,/cpfs/user/zhuzihou/assets/dedup_workspaces/test0_transitive_apply_parallel/dataset/GRScenes_assets/cabinet/618dc0c77616f7fbb2b9f863a221cef2/front.png
cabinet,618dc0c77616f7fbb2b9f863a221cef2,left,ok,0.124123,104,410,0.162659,410,af1a016b917b3afa5fcaeee420b64f1c24c28d2ff8a21483e61da0e71fb37256,true,/cpfs/user/zhuzihou/assets/dedup_workspaces/test0_transitive_apply_parallel/dataset/GRScenes_assets/cabinet/618dc0c77616f7fbb2b9f863a221cef2/left.png
cabinet,618dc0c77616f7fbb2b9f863a221cef2,back,ok,0.306816,500,179,0.341415,500,18d1baa82dd87faff847efcb58d9a86aa5cc217db3e0106207aecbf48d0d752e,true,/cpfs/user/zhuzihou/assets/dedup_workspaces/test0_transitive_apply_parallel/dataset/GRScenes_assets/cabinet/618dc0c77616f7fbb2b9f863a221cef2/back.png
cabinet,618dc0c77616f7fbb2b9f863a221cef2,right,ok,0.124130,104,410,0.162659,410,b7a713b438cc3186468f95b0ddd764b45ee9d45fb0c05f7691c6c3287e631ad1,true,/cpfs/user/zhuzihou/assets/dedup_workspaces/test0_transitive_apply_parallel/dataset/GRScenes_assets/cabinet/618dc0c77616f7fbb2b9f863a221cef2/right.png
cabinet,62bffd6985a3ab1cf529b645123b7646,front,ok,0.366497,334,386,0.491806,386,8c51b330ae3f216aebb5f0265a29c6550034554e57c39b67ddf64f8a028d3173,true,/cpfs/user/zhuzihou/assets/dedup_workspaces/test0_transitive_apply_parallel/dataset/GRScenes_assets/cabinet/62bffd6985a3ab1cf529b645123b7646/front.png
cabinet,62bffd6985a3ab1cf529b645123b7646,left,ok,0.433361,512,249,0.486328,512,edb4c68d182217b74d74220764cf0cfca29aaafa0c9128962af7d911a2f6c16e,true,/cpfs/user/zhuzihou/assets/dedup_workspaces/test0_transitive_apply_parallel/dataset/GRScenes_assets/cabinet/62bffd6985a3ab1cf529b645123b7646/left.png
cabinet,62bffd6985a3ab1cf529b645123b7646,back,ok,0.367870,334,386,0.491806,386,20620dde6bd24af90fc5281297df30b7d8ab9e15bc6187d41176dc47d3ec3a5d,true,/cpfs/user/zhuzihou/assets/dedup_workspaces/test0_transitive_apply_parallel/dataset/GRScenes_assets/cabinet/62bffd6985a3ab1cf529b645123b7646/back.png
cabinet,62bffd6985a3ab1cf529b645123b7646,right,ok,0.403973,512,253,0.494141,512,43f1cae9cec8c3677b79f2a9a06a417f85e1c220b8f3fb89ced52dc6a7069184,true,/cpfs/user/zhuzihou/assets/dedup_workspaces/test0_transitive_apply_parallel/dataset/GRScenes_assets/cabinet/62bffd6985a3ab1cf529b645123b7646/right.png
cabinet,631fd5d1e8e0354a6b37fa1ffefbd74c,front,ok,0.420540,363,382,0.528969,382,e9341c44175ac38bee5455c4d4c0abd5c3f5b3103dc9600fd2c9c624bca57a51,true,/cpfs/user/zhuzihou/assets/dedup_workspaces/test0_transitive_apply_parallel/dataset/GRScenes_assets/cabinet/631fd5d1e8e0354a6b37fa1ffefbd74c/front.png
cabinet,631fd5d1e8e0354a6b37fa1ffefbd74c,left,ok,0.438202,496,291,0.550598,496,2fc38be317b72bad8e07a86f6c0dbf406c8965b8f728805f2b41fdb138552656,true,/cpfs/user/zhuzihou/assets/dedup_workspaces/test0_transitive_apply_parallel/dataset/GRScenes_assets/cabinet/631fd5d1e8e0354a6b37fa1ffefbd74c/left.png
cabinet,631fd5d1e8e0354a6b37fa1ffefbd74c,back,ok,0.420639,363,382,0.528969,382,f54d232af4a43ba07693bbfda0ae545599893378497e083f8dd0c8bcb46e3dc8,true,/cpfs/user/zhuzihou/assets/dedup_workspaces/test0_transitive_apply_parallel/dataset/GRScenes_assets/cabinet/631fd5d1e8e0354a6b37fa1ffefbd74c/back.png
cabinet,631fd5d1e8e0354a6b37fa1ffefbd74c,right,ok,0.470787,500,291,0.555038,500,522984493049dd6979e51763ad4875ec0594a5009d76491d0baeb85b948a9698,true,/cpfs/user/zhuzihou/assets/dedup_workspaces/test0_transitive_apply_parallel/dataset/GRScenes_assets/cabinet/631fd5d1e8e0354a6b37fa1ffefbd74c/right.png
cabinet,635fce7b8dbd0365bdcbec6806d809d7,front,ok,0.154175,498,85,0.161476,498,b35a572900380491ae4aed7b789a5e6dc611873cade3fa3958f4dc659be5d42e,true,/cpfs/user/zhuzihou/assets/dedup_workspaces/test0_transitive_apply_parallel/dataset/GRScenes_assets/cabinet/635fce7b8dbd0365bdcbec6806d809d7/front.png
cabinet,635fce7b8dbd0365bdcbec6806d809d7,left,ok,0.110882,110,356,0.149384,356,dbb837de566a91d02a599ac7d47ec4f49c6c2d72718ef8406e04f4f139fc2ecf,true,/cpfs/user/zhuzihou/assets/dedup_workspaces/test0_transitive_apply_parallel/dataset/GRScenes_assets/cabinet/635fce7b8dbd0365bdcbec6806d809d7/left.png
cabinet,635fce7b8dbd0365bdcbec6806d809d7,back,ok,0.154175,498,85,0.161476,498,1ad56df2bcf0184dcf17ebe43a501f2fcee801289c8acdb179eab6bc68aea1ed,true,/cpfs/user/zhuzihou/assets/dedup_workspaces/test0_transitive_apply_parallel/dataset/GRScenes_assets/cabinet/635fce7b8dbd0365bdcbec6806d809d7/back.png
cabinet,635fce7b8dbd0365bdcbec6806d809d7,right,ok,0.110886,110,356,0.149384,356,bc1d82c27d8e89049c939f48d764ed0dbe32017768aad301ea1f2c4c64bce93d,true,/cpfs/user/zhuzihou/assets/dedup_workspaces/test0_transitive_apply_parallel/dataset/GRScenes_assets/cabinet/635fce7b8dbd0365bdcbec6806d809d7/right.png
cabinet,6436f1de9dff5cc3059618c5e8c8006e,front,ok,0.239891,480,145,0.265503,480,13450a523c2b078909a3b3a80c90c33040275debcb0a378f4d26aa2461a35812,true,/cpfs/user/zhuzihou/assets/dedup_workspaces/test0_transitive_apply_parallel/dataset/GRScenes_assets/cabinet/6436f1de9dff5cc3059618c5e8c8006e/front.png
cabinet,6436f1de9dff5cc3059618c5e8c8006e,left,ok,0.009823,8,408,0.012451,408,22e73582023592e65317d085add40cc35b3c51a83f19a25a1f6657a66adf1a09,true,/cpfs/user/zhuzihou/assets/dedup_workspaces/test0_transitive_apply_parallel/dataset/GRScenes_assets/cabinet/6436f1de9dff5cc3059618c5e8c8006e/left.png
cabinet,6436f1de9dff5cc3059618c5e8c8006e,back,ok,0.239899,480,145,0.265503,480,e53a093dbfd2f2aea786d563c4cd49853b56c0cdbc08a2baf5c485c4c6bee1ad,true,/cpfs/user/zhuzihou/assets/dedup_workspaces/test0_transitive_apply_parallel/dataset/GRScenes_assets/cabinet/6436f1de9dff5cc3059618c5e8c8006e/back.png
cabinet,6436f1de9dff5cc3059618c5e8c8006e,right,ok,0.009823,8,408,0.012451,408,12923c132e6a2bf3b8df82e6d4b853c5f3b88a70ae818f4ca1d064c0aa665e6c,true,/cpfs/user/zhuzihou/assets/dedup_workspaces/test0_transitive_apply_parallel/dataset/GRScenes_assets/cabinet/6436f1de9dff5cc3059618c5e8c8006e/right.png
cabinet,64490f7dd140deadf3a492d5c901f6c3,front,ok,0.212605,217,339,0.280621,339,ced69c44b69b4f13f0e9e8e717d0d0f26d281b54a092dc8e9e8ed883753a0401,true,/cpfs/user/zhuzihou/assets/dedup_workspaces/test0_transitive_apply_parallel/dataset/GRScenes_assets/cabinet/64490f7dd140deadf3a492d5c901f6c3/front.png
cabinet,64490f7dd140deadf3a492d5c901f6c3,left,ok,0.232174,512,144,0.281250,512,24676692e5436c16dc8db1708c8193d5c8e72739c9854e1f04ecdc6dc62ea63d,true,/cpfs/user/zhuzihou/assets/dedup_workspaces/test0_transitive_apply_parallel/dataset/GRScenes_assets/cabinet/64490f7dd140deadf3a492d5c901f6c3/left.png
cabinet,64490f7dd140deadf3a492d5c901f6c3,back,ok,0.212616,217,339,0.280621,339,85f6a4cc70e3530c423a3d0ce22d2c4b08c037bd5173d9a3e5ab9bb35edf4170,true,/cpfs/user/zhuzihou/assets/dedup_workspaces/test0_transitive_apply_parallel/dataset/GRScenes_assets/cabinet/64490f7dd140deadf3a492d5c901f6c3/back.png
cabinet,64490f7dd140deadf3a492d5c901f6c3,right,ok,0.227806,512,129,0.251953,512,83b24a8bff12b520c5098764a907516dc488487af0a1e1cd5121d834eb48073d,true,/cpfs/user/zhuzihou/assets/dedup_workspaces/test0_transitive_apply_parallel/dataset/GRScenes_assets/cabinet/64490f7dd140deadf3a492d5c901f6c3/right.png
cabinet,6514aef8d75e21ea6464032dbbb48f94,front,ok,0.073574,404,266,0.409943,404,4d0804fa8c3574f2f363b1caef75b1e25d8e193284b5f3b60ee908293716b6b3,true,/cpfs/user/zhuzihou/assets/dedup_workspaces/test0_transitive_apply_parallel/dataset/GRScenes_assets/cabinet/6514aef8d75e21ea6464032dbbb48f94/front.png
cabinet,6514aef8d75e21ea6464032dbbb48f94,left,ok,0.053192,502,181,0.346611,502,1e35e93b0c094e33c14c374cfb3b67727f34982097a7f74957610b2e1c8f87a3,true,/cpfs/user/zhuzihou/assets/dedup_workspaces/test0_transitive_apply_parallel/dataset/GRScenes_assets/cabinet/6514aef8d75e21ea6464032dbbb48f94/left.png
cabinet,6514aef8d75e21ea6464032dbbb48f94,back,ok,0.073555,404,266,0.409943,404,013769c5a90b3f1cd6641b05e9775cd2f9292771884af8043c2bd85de498962e,true,/cpfs/user/zhuzihou/assets/dedup_workspaces/test0_transitive_apply_parallel/dataset/GRScenes_assets/cabinet/6514aef8d75e21ea6464032dbbb48f94/back.png
cabinet,6514aef8d75e21ea6464032dbbb48f94,right,ok,0.076469,502,181,0.346611,502,7e1635fb2387fadb70dce19e8d7250d3857ccc03b012a3f8d7de5e62822b4f85,true,/cpfs/user/zhuzihou/assets/dedup_workspaces/test0_transitive_apply_parallel/dataset/GRScenes_assets/cabinet/6514aef8d75e21ea6464032dbbb48f94/right.png
cabinet,6528d79555b34c8bd89dd76b217115e6,front,ok,0.229084,230,347,0.304451,347,55ac081394f17752a139e4140e72868fb5eca5bd3170871e153a48444bb4fb95,true,/cpfs/user/zhuzihou/assets/dedup_workspaces/test0_transitive_apply_parallel/dataset/GRScenes_assets/cabinet/6528d79555b34c8bd89dd76b217115e6/front.png
cabinet,6528d79555b34c8bd89dd76b217115e6,left,ok,0.215794,512,132,0.257812,512,aba6b40d05fef57c35a49e436d472f554a4777d6cfc705a054874902d6a229f5,true,/cpfs/user/zhuzihou/assets/dedup_workspaces/test0_transitive_apply_parallel/dataset/GRScenes_assets/cabinet/6528d79555b34c8bd89dd76b217115e6/left.png
cabinet,6528d79555b34c8bd89dd76b217115e6,back,ok,0.228916,230,345,0.302696,345,b216ba2114b9c59819396885837d89679fa73d55cb2f5889d701d10925aef63d,true,/cpfs/user/zhuzihou/assets/dedup_workspaces/test0_transitive_apply_parallel/dataset/GRScenes_assets/cabinet/6528d79555b34c8bd89dd76b217115e6/back.png
cabinet,6528d79555b34c8bd89dd76b217115e6,right,ok,0.217915,512,135,0.263672,512,1cd0271cb6f23e3e930bdc33bd86d0bf84b71d4d1fc8036884ea7c2208fb74e5,true,/cpfs/user/zhuzihou/assets/dedup_workspaces/test0_transitive_apply_parallel/dataset/GRScenes_assets/cabinet/6528d79555b34c8bd89dd76b217115e6/right.png
cabinet,65928b8f780509e43c74f50d08bf0a93,front,ok,0.231789,512,128,0.250000,512,73f99ca2339fbb4fffacd98fe2e0d1eac0f3e2f5c7cbd634f525dac989db49c2,true,/cpfs/user/zhuzihou/assets/dedup_workspaces/test0_transitive_apply_parallel/dataset/GRScenes_assets/cabinet/65928b8f780509e43c74f50d08bf0a93/front.png
cabinet,65928b8f780509e43c74f50d08bf0a93,left,ok,0.228161,232,343,0.303558,343,df79f3148a8b21c06482a3fe22cfe925434dc5bb904645d04e056f3ea5185e24,true,/cpfs/user/zhuzihou/assets/dedup_workspaces/test0_transitive_apply_parallel/dataset/GRScenes_assets/cabinet/65928b8f780509e43c74f50d08bf0a93/left.png
cabinet,65928b8f780509e43c74f50d08bf0a93,back,ok,0.231789,512,128,0.250000,512,a41e044300725ac9ef0569e13c99b99496f4c7d7d253c2ff05f686a5c9fc3fc8,true,/cpfs/user/zhuzihou/assets/dedup_workspaces/test0_transitive_apply_parallel/dataset/GRScenes_assets/cabinet/65928b8f780509e43c74f50d08bf0a93/back.png
cabinet,65928b8f780509e43c74f50d08bf0a93,right,ok,0.227810,232,343,0.303558,343,c8b7b54f950d9e4392df487587773c55107ca15790db5e1fbcc3adce3f31063a,true,/cpfs/user/zhuzihou/assets/dedup_workspaces/test0_transitive_apply_parallel/dataset/GRScenes_assets/cabinet/65928b8f780509e43c74f50d08bf0a93/right.png
cabinet,65e550a2a69622c20d3e5253ebe10ec7,front,ok,0.400318,364,356,0.494324,364,d577cbe75ea79bd826282a31bf0f4c7e866374a95af1b88fca758de6a36c2aa2,true,/cpfs/user/zhuzihou/assets/dedup_workspaces/test0_transitive_apply_parallel/dataset/GRScenes_assets/cabinet/65e550a2a69622c20d3e5253ebe10ec7/front.png
cabinet,65e550a2a69622c20d3e5253ebe10ec7,left,ok,0.158859,119,456,0.207001,456,0c6e1ea171b9944bc5aa86ac4d400ef05adc9d656168c1d602a94b6d08c627b2,true,/cpfs/user/zhuzihou/assets/dedup_workspaces/test0_transitive_apply_parallel/dataset/GRScenes_assets/cabinet/65e550a2a69622c20d3e5253ebe10ec7/left.png
cabinet,65e550a2a69622c20d3e5253ebe10ec7,back,ok,0.395584,362,354,0.488846,362,f3d3b5b175a6fe35884fd64036975dacf391effd9cb3be4c0764e1f8ab37d995,true,/cpfs/user/zhuzihou/assets/dedup_workspaces/test0_transitive_apply_parallel/dataset/GRScenes_assets/cabinet/65e550a2a69622c20d3e5253ebe10ec7/back.png
cabinet,65e550a2a69622c20d3e5253ebe10ec7,right,ok,0.158859,119,456,0.207001,456,2813f387454d97805ca939e81766f552e2e243a67be89726575460dfb6b2622d,true,/cpfs/user/zhuzihou/assets/dedup_workspaces/test0_transitive_apply_parallel/dataset/GRScenes_assets/cabinet/65e550a2a69622c20d3e5253ebe10ec7/right.png
cabinet,66493d4959f19f44c94791afb92d7adb,front,ok,0.308346,495,179,0.338001,495,a40dd6ee68a2bafcb1811b21411fe9e6317d07fdc806ac4ac5f459faa37db416,true,/cpfs/user/zhuzihou/assets/dedup_workspaces/test0_transitive_apply_parallel/dataset/GRScenes_assets/cabinet/66493d4959f19f44c94791afb92d7adb/front.png
cabinet,66493d4959f19f44c94791afb92d7adb,left,ok,0.180252,154,403,0.236748,403,9a8f43f01557ef12f92583f2e2b9e34e0d29cbc71486fd4d1b9cd08155305a01,true,/cpfs/user/zhuzihou/assets/dedup_workspaces/test0_transitive_apply_parallel/dataset/GRScenes_assets/cabinet/66493d4959f19f44c94791afb92d7adb/left.png
cabinet,66493d4959f19f44c94791afb92d7adb,back,ok,0.314888,510,179,0.348244,510,8f9aa1d3cca6d4f90020abea3f71cf2087c9d60803912006d98fc8938d6aa761,true,/cpfs/user/zhuzihou/assets/dedup_workspaces/test0_transitive_apply_parallel/dataset/GRScenes_assets/cabinet/66493d4959f19f44c94791afb92d7adb/back.png
cabinet,66493d4959f19f44c94791afb92d7adb,right,ok,0.178268,151,403,0.232136,403,233c1147f6bca695f2e444c073bf1f64ab2aa240ad9d63bbdfd4010aa65e354e,true,/cpfs/user/zhuzihou/assets/dedup_workspaces/test0_transitive_apply_parallel/dataset/GRScenes_assets/cabinet/66493d4959f19f44c94791afb92d7adb/right.png
cabinet,672f2e651bbf1bcf74e0f26ab289fada,front,ok,0.358105,380,305,0.442123,380,c7a51f576cdd0b8383cf2ce9f5c32b6fe52c49c6dc26245a10d7693b8be64bec,true,/cpfs/user/zhuzihou/assets/dedup_workspaces/test0_transitive_apply_parallel/dataset/GRScenes_assets/cabinet/672f2e651bbf1bcf74e0f26ab289fada/front.png
cabinet,672f2e651bbf1bcf74e0f26ab289fada,left,ok,0.033478,38,459,0.066536,459,4e70c3360ce190129d61a1662c6bd975f883a7f2e731458a12f7787a8c7a3ddd,true,/cpfs/user/zhuzihou/assets/dedup_workspaces/test0_transitive_apply_parallel/dataset/GRScenes_assets/cabinet/672f2e651bbf1bcf74e0f26ab289fada/left.png
cabinet,672f2e651bbf1bcf74e0f26ab289fada,back,ok,0.367111,366,319,0.445381,366,7a5b4312c7e30316dd805516f40d04a73b3c65a7490f210b5861aa5d944ff86a,true,/cpfs/user/zhuzihou/assets/dedup_workspaces/test0_transitive_apply_parallel/dataset/GRScenes_assets/cabinet/672f2e651bbf1bcf74e0f26ab289fada/back.png
cabinet,672f2e651bbf1bcf74e0f26ab289fada,right,ok,0.033516,38,459,0.066536,459,94602f3bd196f7bcdbe2a120b3a03e837909b5956f51248774f9e843070c5082,true,/cpfs/user/zhuzihou/assets/dedup_workspaces/test0_transitive_apply_parallel/dataset/GRScenes_assets/cabinet/672f2e651bbf1bcf74e0f26ab289fada/right.png
cabinet,678e756ff9efa3f4bf99e3525559d1fa,front,ok,0.438938,463,295,0.521030,463,07fb18c0275088f0b93dec8a5496cdd68bbdbd680f8a071c5017c80482e06a1a,true,/cpfs/user/zhuzihou/assets/dedup_workspaces/test0_transitive_apply_parallel/dataset/GRScenes_assets/cabinet/678e756ff9efa3f4bf99e3525559d1fa/front.png
cabinet,678e756ff9efa3f4bf99e3525559d1fa,left,ok,0.220070,168,444,0.284546,444,bcd3bc3b45fd614578d1b1896db5a369a2336198221bb4770c6a45fa6d13bb7a,true,/cpfs/user/zhuzihou/assets/dedup_workspaces/test0_transitive_apply_parallel/dataset/GRScenes_assets/cabinet/678e756ff9efa3f4bf99e3525559d1fa/left.png
cabinet,678e756ff9efa3f4bf99e3525559d1fa,back,ok,0.438419,462,295,0.519905,462,ae29690c955f64fd776e1c8dcdeeb7048a1b7e9b2cbe5303211fdef021e76cca,true,/cpfs/user/zhuzihou/assets/dedup_workspaces/test0_transitive_apply_parallel/dataset/GRScenes_assets/cabinet/678e756ff9efa3f4bf99e3525559d1fa/back.png
cabinet,678e756ff9efa3f4bf99e3525559d1fa,right,ok,0.220005,168,444,0.284546,444,95199828d38fec50c5c4615d0e3dd619e0348cd92f4f073a1233ed0b88e9d68c,true,/cpfs/user/zhuzihou/assets/dedup_workspaces/test0_transitive_apply_parallel/dataset/GRScenes_assets/cabinet/678e756ff9efa3f4bf99e3525559d1fa/right.png
cabinet,67d20448c41ade1c198d0182db94725f,front,ok,0.160980,118,450,0.202560,450,789a726af2b6386a578c6e4de3e526c81795556bb8e69fefa3ed541f3a942e2b,true,/cpfs/user/zhuzihou/assets/dedup_workspaces/test0_transitive_apply_parallel/dataset/GRScenes_assets/cabinet/67d20448c41ade1c198d0182db94725f/front.png
cabinet,67d20448c41ade1c198d0182db94725f,left,ok,0.139343,297,360,0.407867,360,aea32032e14c24f023e564540a1344912599e6ea377e06f8761e0a7aaa77c295,true,/cpfs/user/zhuzihou/assets/dedup_workspaces/test0_transitive_apply_parallel/dataset/GRScenes_assets/cabinet/67d20448c41ade1c198d0182db94725f/left.png
cabinet,67d20448c41ade1c198d0182db94725f,back,ok,0.138462,168,269,0.172394,269,70879c09b5bd81bf6725fe7326dd8f3580f6787c6668a728d2e77264ddba40be,true,/cpfs/user/zhuzihou/assets/dedup_workspaces/test0_transitive_apply_parallel/dataset/GRScenes_assets/cabinet/67d20448c41ade1c198d0182db94725f/back.png
cabinet,67d20448c41ade1c198d0182db94725f,right,ok,0.143841,295,381,0.428753,381,4cbb2161f3232a23aadfebc7f0fe2667e75a2dd46659487052a43f865698cf2c,true,/cpfs/user/zhuzihou/assets/dedup_workspaces/test0_transitive_apply_parallel/dataset/GRScenes_assets/cabinet/67d20448c41ade1c198d0182db94725f/right.png
cabinet,68007680b83db0c9fbc59f2431607d9f,front,ok,0.045479,462,26,0.045822,462,c7d8b2d33be9f3e2d185f4ed03fdaabaa56bb737ba2b69ba3d748f16d9f0af17,true,/cpfs/user/zhuzihou/assets/dedup_workspaces/test0_transitive_apply_parallel/dataset/GRScenes_assets/cabinet/68007680b83db0c9fbc59f2431607d9f/front.png
cabinet,68007680b83db0c9fbc59f2431607d9f,left,ok,0.024624,27,331,0.034092,331,0795e380471f975afaa16e899ddfb8c87893e9203cc347b0f1d31df85a8b0a15,true,/cpfs/user/zhuzihou/assets/dedup_workspaces/test0_transitive_apply_parallel/dataset/GRScenes_assets/cabinet/68007680b83db0c9fbc59f2431607d9f/left.png
cabinet,68007680b83db0c9fbc59f2431607d9f,back,ok,0.033764,470,19,0.034065,470,8d7d95a379df9ae41c139a3fe71ca941921210e65a7e3aa7ab9092d738a22b0f,true,/cpfs/user/zhuzihou/assets/dedup_workspaces/test0_transitive_apply_parallel/dataset/GRScenes_assets/cabinet/68007680b83db0c9fbc59f2431607d9f/back.png
cabinet,68007680b83db0c9fbc59f2431607d9f,right,ok,0.024639,27,331,0.034092,331,93186dddfd98427e770a2d06a13918a9230b6e42c0605d88012e285710d5baa6,true,/cpfs/user/zhuzihou/assets/dedup_workspaces/test0_transitive_apply_parallel/dataset/GRScenes_assets/cabinet/68007680b83db0c9fbc59f2431607d9f/right.png
cabinet,6807cab3d4d27fe6b716f3f48a689c61,front,ok,0.372879,375,334,0.477791,375,682708ce57f72fd3f06146c06656ba08f4c8977ce40e72f42b1b1b56c03e6724,true,/cpfs/user/zhuzihou/assets/dedup_workspaces/test0_transitive_apply_parallel/dataset/GRScenes_assets/cabinet/6807cab3d4d27fe6b716f3f48a689c61/front.png
cabinet,6807cab3d4d27fe6b716f3f48a689c61,left,ok,0.374897,512,215,0.419922,512,deb464c25fc72210a888fd1c5db0efa5509ac4a1c67d2359dc448bec3833f501,true,/cpfs/user/zhuzihou/assets/dedup_workspaces/test0_transitive_apply_parallel/dataset/GRScenes_assets/cabinet/6807cab3d4d27fe6b716f3f48a689c61/left.png
cabinet,6807cab3d4d27fe6b716f3f48a689c61,back,ok,0.372883,375,334,0.477791,375,b8689f493fc13d7617f4d75071fabe70727105d6af24494d069243b737e34ff5,true,/cpfs/user/zhuzihou/assets/dedup_workspaces/test0_transitive_apply_parallel/dataset/GRScenes_assets/cabinet/6807cab3d4d27fe6b716f3f48a689c61/back.png
cabinet,6807cab3d4d27fe6b716f3f48a689c61,right,ok,0.370914,512,212,0.414062,512,d39b10abd3d6cb0097745ad5504c05fa45a8bb2fe520a891a7ab9335019f4951,true,/cpfs/user/zhuzihou/assets/dedup_workspaces/test0_transitive_apply_parallel/dataset/GRScenes_assets/cabinet/6807cab3d4d27fe6b716f3f48a689c61/right.png
cabinet,6893d1e273e5a806ec9fc9a9ba09c8ed,front,ok,0.331848,456,221,0.384430,456,240abbda0f88f73b6ceb9393c722db30308436916dad93bb0e839af339fee93f,true,/cpfs/user/zhuzihou/assets/dedup_workspaces/test0_transitive_apply_parallel/dataset/GRScenes_assets/cabinet/6893d1e273e5a806ec9fc9a9ba09c8ed/front.png
cabinet,6893d1e273e5a806ec9fc9a9ba09c8ed,left,ok,0.015804,12,439,0.020096,439,dfd0a5f98b06cc19770371709c41258baf501e34248250f351ed2d3539e232b1,true,/cpfs/user/zhuzihou/assets/dedup_workspaces/test0_transitive_apply_parallel/dataset/GRScenes_assets/cabinet/6893d1e273e5a806ec9fc9a9ba09c8ed/left.png
cabinet,6893d1e273e5a806ec9fc9a9ba09c8ed,back,ok,0.331192,456,221,0.384430,456,bb078becfb731bd6d11c66e23c6ec4726cc0490bbd0d1da9433f960299fa29ba,true,/cpfs/user/zhuzihou/assets/dedup_workspaces/test0_transitive_apply_parallel/dataset/GRScenes_assets/cabinet/6893d1e273e5a806ec9fc9a9ba09c8ed/back.png
cabinet,6893d1e273e5a806ec9fc9a9ba09c8ed,right,ok,0.015808,12,439,0.020096,439,93138003cf51194edb7d0c93984c87ec0fcb2c2afcb02d5002868bde6b3f93a1,true,/cpfs/user/zhuzihou/assets/dedup_workspaces/test0_transitive_apply_parallel/dataset/GRScenes_assets/cabinet/6893d1e273e5a806ec9fc9a9ba09c8ed/right.png
cabinet,69019bd1afc30c258c97ccbd280bd571,front,ok,0.432724,476,280,0.508423,476,a6e0e4c34c6c94606d46b09788396673695b679ae58c7f1a390e083b32e49d77,true,/cpfs/user/zhuzihou/assets/dedup_workspaces/test0_transitive_apply_parallel/dataset/GRScenes_assets/cabinet/69019bd1afc30c258c97ccbd280bd571/front.png
cabinet,69019bd1afc30c258c97ccbd280bd571,left,ok,0.209717,174,441,0.292717,441,46f88c2bc7392f2d8c62681f0fbe2e994de4d508692607e256a643f6e8d72e95,true,/cpfs/user/zhuzihou/assets/dedup_workspaces/test0_transitive_apply_parallel/dataset/GRScenes_assets/cabinet/69019bd1afc30c258c97ccbd280bd571/left.png
cabinet,69019bd1afc30c258c97ccbd280bd571,back,ok,0.426342,476,279,0.506607,476,6d1982fb272c9f893f7a09770056167ffc3381a4dcf8eda607858ad6fe89abee,true,/cpfs/user/zhuzihou/assets/dedup_workspaces/test0_transitive_apply_parallel/dataset/GRScenes_assets/cabinet/69019bd1afc30c258c97ccbd280bd571/back.png
cabinet,69019bd1afc30c258c97ccbd280bd571,right,ok,0.224674,174,441,0.292717,441,11caff89c1199a56c809be96c43b05f55e4eadb82204865627415a360f3924b2,true,/cpfs/user/zhuzihou/assets/dedup_workspaces/test0_transitive_apply_parallel/dataset/GRScenes_assets/cabinet/69019bd1afc30c258c97ccbd280bd571/right.png
cabinet,693149dec0ced97d580f381f0d4803e5,front,ok,0.298244,309,304,0.358337,309,896df733892f231f97aacaf7f7ac3df897f8b24bbab74a03eea8108e0c57f173,true,/cpfs/user/zhuzihou/assets/dedup_workspaces/test0_transitive_apply_parallel/dataset/GRScenes_assets/cabinet/693149dec0ced97d580f381f0d4803e5/front.png
cabinet,693149dec0ced97d580f381f0d4803e5,left,ok,0.313171,437,312,0.520111,437,9df06212a2d56333cd79162bbbdf499fae4a9918a3149f1cd168d3a973996e5b,true,/cpfs/user/zhuzihou/assets/dedup_workspaces/test0_transitive_apply_parallel/dataset/GRScenes_assets/cabinet/693149dec0ced97d580f381f0d4803e5/left.png
cabinet,693149dec0ced97d580f381f0d4803e5,back,ok,0.298145,246,407,0.381935,407,d18b6477a423abdd33e4f38306ff8801e3925a74a16c50cf3f76f1c6177f65a3,true,/cpfs/user/zhuzihou/assets/dedup_workspaces/test0_transitive_apply_parallel/dataset/GRScenes_assets/cabinet/693149dec0ced97d580f381f0d4803e5/back.png
cabinet,693149dec0ced97d580f381f0d4803e5,right,ok,0.277477,423,312,0.503448,423,797281b3c0cf543834eec85a05dfba313c2e9e943f5398ca62c6a2cb5ff35bfd,true,/cpfs/user/zhuzihou/assets/dedup_workspaces/test0_transitive_apply_parallel/dataset/GRScenes_assets/cabinet/693149dec0ced97d580f381f0d4803e5/right.png
cabinet,694006d900b103e5702ed21518275c95,front,ok,0.191406,194,345,0.255318,345,98ad3dcadcf021896179c2662a9132f792e029329157e01b0c80ad6bbd11f32d,true,/cpfs/user/zhuzihou/assets/dedup_workspaces/test0_transitive_apply_parallel/dataset/GRScenes_assets/cabinet/694006d900b103e5702ed21518275c95/front.png
cabinet,694006d900b103e5702ed21518275c95,left,ok,0.201530,510,111,0.215950,510,21ea100212baf7394c4269477f58c801cf4c148c43ab0dd60d88e8611a05a853,true,/cpfs/user/zhuzihou/assets/dedup_workspaces/test0_transitive_apply_parallel/dataset/GRScenes_assets/cabinet/694006d900b103e5702ed21518275c95/left.png
cabinet,694006d900b103e5702ed21518275c95,back,ok,0.191452,194,345,0.255318,345,db62e1424c4ea315efbc835c3b5527511d92016117507b7b3331f640dfff2209,true,/cpfs/user/zhuzihou/assets/dedup_workspaces/test0_transitive_apply_parallel/dataset/GRScenes_assets/cabinet/694006d900b103e5702ed21518275c95/back.png
cabinet,694006d900b103e5702ed21518275c95,right,ok,0.201530,510,111,0.215950,510,a90c99bf57b0d33496f5ebb8d67416d2e6c0139cc1b675b8c324587394f634b2,true,/cpfs/user/zhuzihou/assets/dedup_workspaces/test0_transitive_apply_parallel/dataset/GRScenes_assets/cabinet/694006d900b103e5702ed21518275c95/right.png
cabinet,6962f8c8f7d29d48c4adeaad8166e191,front,ok,0.238918,512,131,0.255859,512,84788b71b2d79617fcbd936b2087597d5bc1c602ef0e967d851352176958f086,true,/cpfs/user/zhuzihou/assets/dedup_workspaces/test0_transitive_apply_parallel/dataset/GRScenes_assets/cabinet/6962f8c8f7d29d48c4adeaad8166e191/front.png
cabinet,6962f8c8f7d29d48c4adeaad8166e191,left,ok,0.182262,170,371,0.240593,371,6571e208227d1fcc36c0a77e65d9198adf8dd2f4f7944f958494b66183bd6205,true,/cpfs/user/zhuzihou/assets/dedup_workspaces/test0_transitive_apply_parallel/dataset/GRScenes_assets/cabinet/6962f8c8f7d29d48c4adeaad8166e191/left.png
cabinet,6962f8c8f7d29d48c4adeaad8166e191,back,ok,0.238914,512,131,0.255859,512,29d56d1589e3baa9ec64f97d0bbdfaf344659e3ab14e7174697c4d226259eccc,true,/cpfs/user/zhuzihou/assets/dedup_workspaces/test0_transitive_apply_parallel/dataset/GRScenes_assets/cabinet/6962f8c8f7d29d48c4adeaad8166e191/back.png
cabinet,6962f8c8f7d29d48c4adeaad8166e191,right,ok,0.182621,170,371,0.240593,371,d3f56006e13d9ef783ad15f4a37fa38515a505dc2d7256485ce2a59383d23584,true,/cpfs/user/zhuzihou/assets/dedup_workspaces/test0_transitive_apply_parallel/dataset/GRScenes_assets/cabinet/6962f8c8f7d29d48c4adeaad8166e191/right.png
cabinet,69992fa6f3ae177833293fa7365b41ef,front,ok,0.412548,354,386,0.521255,386,2042dd0b348272e3b861398a936fe8265b09cbcf5eaeeab7b867c07842001299,true,/cpfs/user/zhuzihou/assets/dedup_workspaces/test0_transitive_apply_parallel/dataset/GRScenes_assets/cabinet/69992fa6f3ae177833293fa7365b41ef/front.png
cabinet,69992fa6f3ae177833293fa7365b41ef,left,ok,0.263149,506,287,0.553978,506,afbdf3b13a05a08601d9f2cdf37b045b9082d58270350840d78d4f6670fd5adc,true,/cpfs/user/zhuzihou/assets/dedup_workspaces/test0_transitive_apply_parallel/dataset/GRScenes_assets/cabinet/69992fa6f3ae177833293fa7365b41ef/left.png
cabinet,69992fa6f3ae177833293fa7365b41ef,back,ok,0.371426,354,386,0.521255,386,b02351f228508ceda97e06ee9bd21f5f291edaa245043831cb8c7455ef98edf9,true,/cpfs/user/zhuzihou/assets/dedup_workspaces/test0_transitive_apply_parallel/dataset/GRScenes_assets/cabinet/69992fa6f3ae177833293fa7365b41ef/back.png
cabinet,69992fa6f3ae177833293fa7365b41ef,right,ok,0.467876,490,288,0.538330,490,cb81808fa84db402bf371a5b99f90c04e9323595e401030ea4d39d2f3601b391,true,/cpfs/user/zhuzihou/assets/dedup_workspaces/test0_transitive_apply_parallel/dataset/GRScenes_assets/cabinet/69992fa6f3ae177833293fa7365b41ef/right.png
cabinet,69fbe67a2455a855d1e878f3a4174a83,front,ok,0.374496,469,265,0.474110,469,916a2d3671f8e707aca6b22592344db6afd1fba085a63ee64421b464ce107ce2,true,/cpfs/user/zhuzihou/assets/dedup_workspaces/test0_transitive_apply_parallel/dataset/GRScenes_assets/cabinet/69fbe67a2455a855d1e878f3a4174a83/front.png
cabinet,69fbe67a2455a855d1e878f3a4174a83,left,ok,0.379204,484,252,0.465271,484,404f35c9e025d05b86d89b3a44097be177f6d8a9b2b0e21764da8c0ab146e0f9,true,/cpfs/user/zhuzihou/assets/dedup_workspaces/test0_transitive_apply_parallel/dataset/GRScenes_assets/cabinet/69fbe67a2455a855d1e878f3a4174a83/left.png
cabinet,69fbe67a2455a855d1e878f3a4174a83,back,ok,0.378586,469,265,0.474110,469,b04b671159d2a7d088817f0c3065aa00bc01d1508cb64b2e867511856a1849db,true,/cpfs/user/zhuzihou/assets/dedup_workspaces/test0_transitive_apply_parallel/dataset/GRScenes_assets/cabinet/69fbe67a2455a855d1e878f3a4174a83/back.png
cabinet,69fbe67a2455a855d1e878f3a4174a83,right,ok,0.380173,484,252,0.465271,484,7d1c4b9162830ceb3a99ec60a72e3b8e1f95e0714e02d085513be42e5c768c64,true,/cpfs/user/zhuzihou/assets/dedup_workspaces/test0_transitive_apply_parallel/dataset/GRScenes_assets/cabinet/69fbe67a2455a855d1e878f3a4174a83/right.png
cabinet,6aaee5c6bd9209c8c77d49245a02d153,front,ok,0.275009,503,156,0.299332,503,98ad3a97811463b3f5e3b117fb636ede14ad90897b8a5c8241910bb3df94b3ab,true,/cpfs/user/zhuzihou/assets/dedup_workspaces/test0_transitive_apply_parallel/dataset/GRScenes_assets/cabinet/6aaee5c6bd9209c8c77d49245a02d153/front.png
cabinet,6aaee5c6bd9209c8c77d49245a02d153,left,ok,0.133648,115,398,0.174599,398,9f6fb4c7d02b353ad694a5a969f121479ac833383cf94c00a9ca7fe1bd822686,true,/cpfs/user/zhuzihou/assets/dedup_workspaces/test0_transitive_apply_parallel/dataset/GRScenes_assets/cabinet/6aaee5c6bd9209c8c77d49245a02d153/left.png
cabinet,6aaee5c6bd9209c8c77d49245a02d153,back,ok,0.275631,506,156,0.301117,506,6fa2a0eb249ee0057089c75c833539d295f81264f48d620c053196674e2e6b02,true,/cpfs/user/zhuzihou/assets/dedup_workspaces/test0_transitive_apply_parallel/dataset/GRScenes_assets/cabinet/6aaee5c6bd9209c8c77d49245a02d153/back.png
cabinet,6aaee5c6bd9209c8c77d49245a02d153,right,ok,0.136307,118,398,0.179153,398,2a2ec098bae2d98ff20bf6cde281b9434c4db419e8b35df6e210d2a13fc5618e,true,/cpfs/user/zhuzihou/assets/dedup_workspaces/test0_transitive_apply_parallel/dataset/GRScenes_assets/cabinet/6aaee5c6bd9209c8c77d49245a02d153/right.png
cabinet,6c618663fbbda397ddf427bbec0ae949,front,ok,0.379986,512,231,0.451172,512,47015ad04abd904be5e40aade44f14c00f795e6414cba2b8fb4d3b68c2328d77,true,/cpfs/user/zhuzihou/assets/dedup_workspaces/test0_transitive_apply_parallel/dataset/GRScenes_assets/cabinet/6c618663fbbda397ddf427bbec0ae949/front.png
cabinet,6c618663fbbda397ddf427bbec0ae949,left,ok,0.361904,420,291,0.466232,420,ef51e944dccdea25e439c72d72baac48fea6032bda6a9e178bd46047d2882014,true,/cpfs/user/zhuzihou/assets/dedup_workspaces/test0_transitive_apply_parallel/dataset/GRScenes_assets/cabinet/6c618663fbbda397ddf427bbec0ae949/left.png
cabinet,6c618663fbbda397ddf427bbec0ae949,back,ok,0.380096,512,231,0.451172,512,f653c31993517fabbd465b193f413db220f28529f00aa0aaaef77d8ffeda6281,true,/cpfs/user/zhuzihou/assets/dedup_workspaces/test0_transitive_apply_parallel/dataset/GRScenes_assets/cabinet/6c618663fbbda397ddf427bbec0ae949/back.png
cabinet,6c618663fbbda397ddf427bbec0ae949,right,ok,0.392159,422,307,0.494209,422,b7a384193cf333f1333887550d69ffeb955d9b533045db439b722bf64024af82,true,/cpfs/user/zhuzihou/assets/dedup_workspaces/test0_transitive_apply_parallel/dataset/GRScenes_assets/cabinet/6c618663fbbda397ddf427bbec0ae949/right.png
cabinet,6d64241c516f8e7d7d17804a99fd11e0,front,ok,0.293404,470,186,0.333481,470,1df629fa189c9701b5a0eab31b6ff3f639106745d9777ad4a98a8a6e0a2c0d42,true,/cpfs/user/zhuzihou/assets/dedup_workspaces/test0_transitive_apply_parallel/dataset/GRScenes_assets/cabinet/6d64241c516f8e7d7d17804a99fd11e0/front.png
cabinet,6d64241c516f8e7d7d17804a99fd11e0,left,ok,0.009789,8,425,0.012970,425,6ad5449ad056f64d929d4d01635ae8e0feddf6e0f6ca1453b905f7fad824c3f1,true,/cpfs/user/zhuzihou/assets/dedup_workspaces/test0_transitive_apply_parallel/dataset/GRScenes_assets/cabinet/6d64241c516f8e7d7d17804a99fd11e0/left.png
cabinet,6d64241c516f8e7d7d17804a99fd11e0,back,ok,0.293427,470,186,0.333481,470,64abb480b2fee0657c5618bc37401abead18a7d88c8975797e69534b957f315f,true,/cpfs/user/zhuzihou/assets/dedup_workspaces/test0_transitive_apply_parallel/dataset/GRScenes_assets/cabinet/6d64241c516f8e7d7d17804a99fd11e0/back.png
cabinet,6d64241c516f8e7d7d17804a99fd11e0,right,ok,0.009789,8,425,0.012970,425,c3b176b72b209eb48774f2c2d964047fdda25e2a3541365ffd7380e2abd76dce,true,/cpfs/user/zhuzihou/assets/dedup_workspaces/test0_transitive_apply_parallel/dataset/GRScenes_assets/cabinet/6d64241c516f8e7d7d17804a99fd11e0/right.png
cabinet,6ee9b04253e7a388f9905a35122e1462,front,ok,0.038731,467,22,0.039192,467,ccf66c864274ff5721c7deec92280dce1dbd2f3b6a9548f09c51f6bab4af57dd,true,/cpfs/user/zhuzihou/assets/dedup_workspaces/test0_transitive_apply_parallel/dataset/GRScenes_assets/cabinet/6ee9b04253e7a388f9905a35122e1462/front.png
cabinet,6ee9b04253e7a388f9905a35122e1462,left,ok,0.018501,20,332,0.025330,332,31f38310d8a75edc17587a1bd79d77c67ffaea92fe1d5b1fe16003fcc93c4f1d,true,/cpfs/user/zhuzihou/assets/dedup_workspaces/test0_transitive_apply_parallel/dataset/GRScenes_assets/cabinet/6ee9b04253e7a388f9905a35122e1462/left.png
cabinet,6ee9b04253e7a388f9905a35122e1462,back,ok,0.034843,462,20,0.035248,462,5392aa9a5cf70d119582ebc7872927480ce09e553c030752bb3fa452909ad4bc,true,/cpfs/user/zhuzihou/assets/dedup_workspaces/test0_transitive_apply_parallel/dataset/GRScenes_assets/cabinet/6ee9b04253e7a388f9905a35122e1462/back.png
cabinet,6ee9b04253e7a388f9905a35122e1462,right,ok,0.017914,20,333,0.025406,333,37e2405a417edad67c7aef74067fbd9d7c6db82da2339897b7e7fd3a51c83551,true,/cpfs/user/zhuzihou/assets/dedup_workspaces/test0_transitive_apply_parallel/dataset/GRScenes_assets/cabinet/6ee9b04253e7a388f9905a35122e1462/right.png
cabinet,6f4c6344b7021b156b21b3e4a3dd481d,front,ok,0.257317,393,284,0.425766,393,791f256052ee070c14777caa4f718f06985a1f25994958e771eca1f3e0838b15,true,/cpfs/user/zhuzihou/assets/dedup_workspaces/test0_transitive_apply_parallel/dataset/GRScenes_assets/cabinet/6f4c6344b7021b156b21b3e4a3dd481d/front.png
cabinet,6f4c6344b7021b156b21b3e4a3dd481d,left,ok,0.329617,504,237,0.455658,504,2f5545ab704893a8cae629f435a1e7b31c725e32042e7d72a8a788164a4320df,true,/cpfs/user/zhuzihou/assets/dedup_workspaces/test0_transitive_apply_parallel/dataset/GRScenes_assets/cabinet/6f4c6344b7021b156b21b3e4a3dd481d/left.png
cabinet,6f4c6344b7021b156b21b3e4a3dd481d,back,ok,0.357944,446,284,0.483185,446,f190bf3db9eb2a71a255edb357205a49426535f45bc1da70ace3c9c2f6121774,true,/cpfs/user/zhuzihou/assets/dedup_workspaces/test0_transitive_apply_parallel/dataset/GRScenes_assets/cabinet/6f4c6344b7021b156b21b3e4a3dd481d/back.png
cabinet,6f4c6344b7021b156b21b3e4a3dd481d,right,ok,0.287525,416,235,0.372925,416,76b9fcff4346b5790a5950fee2456ad9c85979f756a586ad13e8c7afebbc7435,true,/cpfs/user/zhuzihou/assets/dedup_workspaces/test0_transitive_apply_parallel/dataset/GRScenes_assets/cabinet/6f4c6344b7021b156b21b3e4a3dd481d/right.png
cabinet,6f78968046117882ea1189c9a7d5e417,front,ok,0.427002,378,376,0.542175,378,e72358e30d0766bd2f732c1225cbda1512adf25f03ca71ec0a2cb234dacf1e1a,true,/cpfs/user/zhuzihou/assets/dedup_workspaces/test0_transitive_apply_parallel/dataset/GRScenes_assets/cabinet/6f78968046117882ea1189c9a7d5e417/front.png
cabinet,6f78968046117882ea1189c9a7d5e417,left,ok,0.465073,512,272,0.531250,512,67c11a9edbe285fbd3a6e57180b3698ff60dea1cd54e53270c4c15fdde7f427a,true,/cpfs/user/zhuzihou/assets/dedup_workspaces/test0_transitive_apply_parallel/dataset/GRScenes_assets/cabinet/6f78968046117882ea1189c9a7d5e417/left.png
cabinet,6f78968046117882ea1189c9a7d5e417,back,ok,0.426983,378,376,0.542175,378,476d2d458d0c953ce1208ab7ec7d094f41ed13ab06f598c01746ed0617dbdc11,true,/cpfs/user/zhuzihou/assets/dedup_workspaces/test0_transitive_apply_parallel/dataset/GRScenes_assets/cabinet/6f78968046117882ea1189c9a7d5e417/back.png
cabinet,6f78968046117882ea1189c9a7d5e417,right,ok,0.465225,512,272,0.531250,512,57cc033c623c5a1fb7e886e6e3005d6c11c0bc2fb54d1ff7713ac47d51e2a36e,true,/cpfs/user/zhuzihou/assets/dedup_workspaces/test0_transitive_apply_parallel/dataset/GRScenes_assets/cabinet/6f78968046117882ea1189c9a7d5e417/right.png
cabinet,6f7c358f1479f18c65d32903d6bef778,front,ok,0.006271,4,412,0.006287,412,a5b3e91582baf99338f6280d9abfc19ba4c3fe8a06e0c512414d892701dd9362,true,/cpfs/user/zhuzihou/assets/dedup_workspaces/test0_transitive_apply_parallel/dataset/GRScenes_assets/cabinet/6f7c358f1479f18c65d32903d6bef778/front.png
cabinet,6f7c358f1479f18c65d32903d6bef778,left,ok,0.052048,44,403,0.067642,403,486811cea0374d1d17d51bcbb1240d92e29b7e24e1789bb77d45c4d0ab54389b,true,/cpfs/user/zhuzihou/assets/dedup_workspaces/test0_transitive_apply_parallel/dataset/GRScenes_assets/cabinet/6f7c358f1479f18c65d32903d6bef778/left.png
cabinet,6f7c358f1479f18c65d32903d6bef778,back,ok,0.006271,4,412,0.006287,412,8f28276d3464af58b11fc6c8eaf7d658ef1028f2e41f96d7f81985a14e1cc68a,true,/cpfs/user/zhuzihou/assets/dedup_workspaces/test0_transitive_apply_parallel/dataset/GRScenes_assets/cabinet/6f7c358f1479f18c65d32903d6bef778/back.png
cabinet,6f7c358f1479f18c65d32903d6bef778,right,ok,0.051971,42,403,0.064568,403,bd262b6705c33592b3c532cef5efdd178a0421c2f7e46068622aa3fd480b3428,true,/cpfs/user/zhuzihou/assets/dedup_workspaces/test0_transitive_apply_parallel/dataset/GRScenes_assets/cabinet/6f7c358f1479f18c65d32903d6bef778/right.png
cabinet,700e95ffc7f2d37ded3ec521836dd262,front,ok,0.469383,422,354,0.569870,422,cf57304c84acb483baf616ba05ab87a0101c87a110111c85c86426b12a405cf9,true,/cpfs/user/zhuzihou/assets/dedup_workspaces/test0_transitive_apply_parallel/dataset/GRScenes_assets/cabinet/700e95ffc7f2d37ded3ec521836dd262/front.png
cabinet,700e95ffc7f2d37ded3ec521836dd262,left,ok,0.354752,277,432,0.456482,432,fbdaa7293b74f5309ed34209d938c922809c7500c37c04acd3c0dfc1e48cbe40,true,/cpfs/user/zhuzihou/assets/dedup_workspaces/test0_transitive_apply_parallel/dataset/GRScenes_assets/cabinet/700e95ffc7f2d37ded3ec521836dd262/left.png
cabinet,700e95ffc7f2d37ded3ec521836dd262,back,ok,0.474491,432,357,0.588318,432,5f9bc840ee56a5d2188444318116a38922bbffaa7b58964a116af480bbf90a70,true,/cpfs/user/zhuzihou/assets/dedup_workspaces/test0_transitive_apply_parallel/dataset/GRScenes_assets/cabinet/700e95ffc7f2d37ded3ec521836dd262/back.png
cabinet,700e95ffc7f2d37ded3ec521836dd262,right,ok,0.347416,275,432,0.453186,432,0c34f823d0e984c7cff8cb11f369f381a9526340b25abc5046f4fbb2e670e861,true,/cpfs/user/zhuzihou/assets/dedup_workspaces/test0_transitive_apply_parallel/dataset/GRScenes_assets/cabinet/700e95ffc7f2d37ded3ec521836dd262/right.png
cabinet,70c4f47067d56fdf6daa8d8d40992d61,front,ok,0.373451,303,412,0.476212,412,691fd67ac7ba6beb557875072150170f6c6cb2b53d547b6c1fa7c438b7f8db6c,true,/cpfs/user/zhuzihou/assets/dedup_workspaces/test0_transitive_apply_parallel/dataset/GRScenes_assets/cabinet/70c4f47067d56fdf6daa8d8d40992d61/front.png
cabinet,70c4f47067d56fdf6daa8d8d40992d61,left,ok,0.476341,500,290,0.553131,500,ee441c9ebc289e64fddcc7dd731787bf0e04f6b3b6b1408e1a9dfc2558a845da,true,/cpfs/user/zhuzihou/assets/dedup_workspaces/test0_transitive_apply_parallel/dataset/GRScenes_assets/cabinet/70c4f47067d56fdf6daa8d8d40992d61/left.png
cabinet,70c4f47067d56fdf6daa8d8d40992d61,back,ok,0.373501,303,413,0.477367,413,8e47a97a465fa5a26dc043af8f485872c8fd82c10c9f8e02b29a047662a1499b,true,/cpfs/user/zhuzihou/assets/dedup_workspaces/test0_transitive_apply_parallel/dataset/GRScenes_assets/cabinet/70c4f47067d56fdf6daa8d8d40992d61/back.png
cabinet,70c4f47067d56fdf6daa8d8d40992d61,right,ok,0.473064,504,288,0.553711,504,7083d5952ac6cbe0957d10e78aca84c6b33552351b7bfd1a117d4876f07452a9,true,/cpfs/user/zhuzihou/assets/dedup_workspaces/test0_transitive_apply_parallel/dataset/GRScenes_assets/cabinet/70c4f47067d56fdf6daa8d8d40992d61/right.png
cabinet,71d744218980f92027ad956f72cafbff,front,ok,0.038860,45,351,0.060253,351,0d7d5f5a6933b20f977d65b374e164658793bbff9096384df2d4c27e264b1f9b,true,/cpfs/user/zhuzihou/assets/dedup_workspaces/test0_transitive_apply_parallel/dataset/GRScenes_assets/cabinet/71d744218980f92027ad956f72cafbff/front.png
cabinet,71d744218980f92027ad956f72cafbff,left,ok,0.078819,454,47,0.081398,454,76d8519bc7809a8138d39228276fd44cdb3b6e8973cfd68171a90d066caca693,true,/cpfs/user/zhuzihou/assets/dedup_workspaces/test0_transitive_apply_parallel/dataset/GRScenes_assets/cabinet/71d744218980f92027ad956f72cafbff/left.png
cabinet,71d744218980f92027ad956f72cafbff,back,ok,0.038944,45,351,0.060253,351,4be3964505a2528ccd41dc8a8de3606ed22e09086540ffaac328007be13052f3,true,/cpfs/user/zhuzihou/assets/dedup_workspaces/test0_transitive_apply_parallel/dataset/GRScenes_assets/cabinet/71d744218980f92027ad956f72cafbff/back.png
cabinet,71d744218980f92027ad956f72cafbff,right,ok,0.092319,472,53,0.095428,472,fac89200ae2e25fbbb046704efc60b5d28dd4e5bc0558c431b4eeffdca776895,true,/cpfs/user/zhuzihou/assets/dedup_workspaces/test0_transitive_apply_parallel/dataset/GRScenes_assets/cabinet/71d744218980f92027ad956f72cafbff/right.png
cabinet,725bf9e9ef5f68afaca346cce768198e,front,ok,0.246017,512,219,0.427734,512,c8be42df099f2508ab4ac99d4eaa7f7e8e274c16853c1a4e799e8793241b558e,true,/cpfs/user/zhuzihou/assets/dedup_workspaces/test0_transitive_apply_parallel/dataset/GRScenes_assets/cabinet/725bf9e9ef5f68afaca346cce768198e/front.png
cabinet,725bf9e9ef5f68afaca346cce768198e,left,ok,0.293221,422,295,0.474892,422,1f291cb906d91051c28208d6f78d8c08705dd685b488ae647cedf08028c8323a,true,/cpfs/user/zhuzihou/assets/dedup_workspaces/test0_transitive_apply_parallel/dataset/GRScenes_assets/cabinet/725bf9e9ef5f68afaca346cce768198e/left.png
cabinet,725bf9e9ef5f68afaca346cce768198e,back,ok,0.246037,512,219,0.427734,512,aadf5e39af16a28f1caca25b0e99f6148816f6013061feef909a75b5adabb217,true,/cpfs/user/zhuzihou/assets/dedup_workspaces/test0_transitive_apply_parallel/dataset/GRScenes_assets/cabinet/725bf9e9ef5f68afaca346cce768198e/back.png
cabinet,725bf9e9ef5f68afaca346cce768198e,right,ok,0.210835,422,295,0.474892,422,0affc874e959b27c77cd08065acb3fef93fe2b31d306a6b220bf761701db6437,true,/cpfs/user/zhuzihou/assets/dedup_workspaces/test0_transitive_apply_parallel/dataset/GRScenes_assets/cabinet/725bf9e9ef5f68afaca346cce768198e/right.png
cabinet,72c6bb3de9a62e85fa40e3791a4dd959,front,ok,0.023922,24,404,0.036987,404,012e321909f195eba2ef68dc6a4d40fe4c93ed68211e797cdcc6c8fe7ad66acd,true,/cpfs/user/zhuzihou/assets/dedup_workspaces/test0_transitive_apply_parallel/dataset/GRScenes_assets/cabinet/72c6bb3de9a62e85fa40e3791a4dd959/front.png
cabinet,72c6bb3de9a62e85fa40e3791a4dd959,left,ok,0.034378,325,303,0.375652,325,eb744134b1f5091fdab7bf3e2b8e6d96fdd06b049775a5542ec523e0da8eeacd,true,/cpfs/user/zhuzihou/assets/dedup_workspaces/test0_transitive_apply_parallel/dataset/GRScenes_assets/cabinet/72c6bb3de9a62e85fa40e3791a4dd959/left.png
cabinet,72c6bb3de9a62e85fa40e3791a4dd959,back,ok,0.027519,22,395,0.033150,395,d50aaebb2c227420c2d5f8928278eb8c1beab15e91154c3010fcaa6faf96c723,true,/cpfs/user/zhuzihou/assets/dedup_workspaces/test0_transitive_apply_parallel/dataset/GRScenes_assets/cabinet/72c6bb3de9a62e85fa40e3791a4dd959/back.png
cabinet,72c6bb3de9a62e85fa40e3791a4dd959,right,ok,0.034370,325,303,0.375652,325,7c1ae548fba4f8790068f6011ecf583e05eba865b6c72b57d69dbdd0ce70ffaf,true,/cpfs/user/zhuzihou/assets/dedup_workspaces/test0_transitive_apply_parallel/dataset/GRScenes_assets/cabinet/72c6bb3de9a62e85fa40e3791a4dd959/right.png
cabinet,7301cb96f84bc6a3efee5d87530b6323,front,ok,0.020939,18,422,0.028976,422,5d5a2e8fa31c1bfde51c682996ad79c67eba84c3062ae4b08367d021c3d0a0eb,true,/cpfs/user/zhuzihou/assets/dedup_workspaces/test0_transitive_apply_parallel/dataset/GRScenes_assets/cabinet/7301cb96f84bc6a3efee5d87530b6323/front.png
cabinet,7301cb96f84bc6a3efee5d87530b6323,left,ok,0.037773,414,209,0.330070,414,b48d6f43b3387b8fbf7b3d12b657982b04fd56056b5cc324d3289c34d02214f9,true,/cpfs/user/zhuzihou/assets/dedup_workspaces/test0_transitive_apply_parallel/dataset/GRScenes_assets/cabinet/7301cb96f84bc6a3efee5d87530b6323/left.png
cabinet,7301cb96f84bc6a3efee5d87530b6323,back,ok,0.021782,26,290,0.028763,290,9ada03e7fcac7ad95f27d9c17171a87feb16cd4d0537864d7dbabddcbde25808,true,/cpfs/user/zhuzihou/assets/dedup_workspaces/test0_transitive_apply_parallel/dataset/GRScenes_assets/cabinet/7301cb96f84bc6a3efee5d87530b6323/back.png
cabinet,7301cb96f84bc6a3efee5d87530b6323,right,ok,0.025707,409,203,0.316723,409,c0619d5449c7e0f6bdfa8f7a058d2211d71997c0e340e0fb9a5c7fb33e9d0142,true,/cpfs/user/zhuzihou/assets/dedup_workspaces/test0_transitive_apply_parallel/dataset/GRScenes_assets/cabinet/7301cb96f84bc6a3efee5d87530b6323/right.png
cabinet,73d6d4861e02702d7e54e1af9e57eff0,front,ok,0.269127,512,150,0.292969,512,6a577ceb8edda477bd6025205fbfa9760f3f5664e7aa406c35cf61ace3380a1b,true,/cpfs/user/zhuzihou/assets/dedup_workspaces/test0_transitive_apply_parallel/dataset/GRScenes_assets/cabinet/73d6d4861e02702d7e54e1af9e57eff0/front.png
cabinet,73d6d4861e02702d7e54e1af9e57eff0,left,ok,0.274158,286,334,0.364395,334,87a1886c10ae4eb5e37c89102ebdcc3c41d15e97e86da5950b624fd9943b6fbd,true,/cpfs/user/zhuzihou/assets/dedup_workspaces/test0_transitive_apply_parallel/dataset/GRScenes_assets/cabinet/73d6d4861e02702d7e54e1af9e57eff0/left.png
cabinet,73d6d4861e02702d7e54e1af9e57eff0,back,ok,0.269112,512,150,0.292969,512,b6bd6c45d9ac71ec87304a00a25aa465c4f8e5a36af0b10ba04e30e9f4fb534a,true,/cpfs/user/zhuzihou/assets/dedup_workspaces/test0_transitive_apply_parallel/dataset/GRScenes_assets/cabinet/73d6d4861e02702d7e54e1af9e57eff0/back.png
cabinet,73d6d4861e02702d7e54e1af9e57eff0,right,ok,0.276863,286,334,0.364395,334,e3630fe41d790cbbba241556c1b63989f3ac0fdbe82ebe1b36988af3538963a7,true,/cpfs/user/zhuzihou/assets/dedup_workspaces/test0_transitive_apply_parallel/dataset/GRScenes_assets/cabinet/73d6d4861e02702d7e54e1af9e57eff0/right.png
cabinet,73fa878b678c535f59ce06b33cde9c8a,front,ok,0.172031,498,95,0.180473,498,6866ce1d28b1627f4fc28153bf306068015bae786e884cfd80396a092187d48a,true,/cpfs/user/zhuzihou/assets/dedup_workspaces/test0_transitive_apply_parallel/dataset/GRScenes_assets/cabinet/73fa878b678c535f59ce06b33cde9c8a/front.png
cabinet,73fa878b678c535f59ce06b33cde9c8a,left,ok,0.108162,104,367,0.145599,367,a1ba165d694785edd8d0b8698f852b891ae5942d4143ffc6b5033290896b7b1e,true,/cpfs/user/zhuzihou/assets/dedup_workspaces/test0_transitive_apply_parallel/dataset/GRScenes_assets/cabinet/73fa878b678c535f59ce06b33cde9c8a/left.png
cabinet,73fa878b678c535f59ce06b33cde9c8a,back,ok,0.172031,498,95,0.180473,498,5a5eb25afdb6113cfa2ba63bedff4164e65c1f5ba10c7a15c7fe36611939ece9,true,/cpfs/user/zhuzihou/assets/dedup_workspaces/test0_transitive_apply_parallel/dataset/GRScenes_assets/cabinet/73fa878b678c535f59ce06b33cde9c8a/back.png
cabinet,73fa878b678c535f59ce06b33cde9c8a,right,ok,0.108170,104,367,0.145599,367,f4d94845427d3364e884d38fb271f9409eb445e94ab4f581b3b1e46fd68bbbd2,true,/cpfs/user/zhuzihou/assets/dedup_workspaces/test0_transitive_apply_parallel/dataset/GRScenes_assets/cabinet/73fa878b678c535f59ce06b33cde9c8a/right.png
cabinet,74c84af7af82f0b63b0d2345a7e886cd,front,ok,0.248638,190,446,0.323257,446,d973977d7633c8d2478844170d1e66a526fa3fa3421689b1758c0fb339edc3a5,true,/cpfs/user/zhuzihou/assets/dedup_workspaces/test0_transitive_apply_parallel/dataset/GRScenes_assets/cabinet/74c84af7af82f0b63b0d2345a7e886cd/front.png
cabinet,74c84af7af82f0b63b0d2345a7e886cd,left,ok,0.451553,443,322,0.544151,443,c7215dd7072c1705a2008f951ef29f7d3924a6c8fb50e8ee55b974a73949a0a2,true,/cpfs/user/zhuzihou/assets/dedup_workspaces/test0_transitive_apply_parallel/dataset/GRScenes_assets/cabinet/74c84af7af82f0b63b0d2345a7e886cd/left.png
cabinet,74c84af7af82f0b63b0d2345a7e886cd,back,ok,0.245129,186,446,0.316452,446,72702609dd46551229a399ddc8f0c0b5237ab3e08d17bbb875a485c704b7968a,true,/cpfs/user/zhuzihou/assets/dedup_workspaces/test0_transitive_apply_parallel/dataset/GRScenes_assets/cabinet/74c84af7af82f0b63b0d2345a7e886cd/back.png
cabinet,74c84af7af82f0b63b0d2345a7e886cd,right,ok,0.451611,443,322,0.544151,443,8845c9ecb88f3c918a3d279ec0b0016f476d0a794c13d2a234a91a87f077a204,true,/cpfs/user/zhuzihou/assets/dedup_workspaces/test0_transitive_apply_parallel/dataset/GRScenes_assets/cabinet/74c84af7af82f0b63b0d2345a7e886cd/right.png
cabinet,766656036dc90d06f126e4b9ab9933af,front,ok,0.044785,470,26,0.046616,470,c291a9473abe8ddaa044e5adee2a4cdfda8e7938eada3d79c7e6b70f5a014830,true,/cpfs/user/zhuzihou/assets/dedup_workspaces/test0_transitive_apply_parallel/dataset/GRScenes_assets/cabinet/766656036dc90d06f126e4b9ab9933af/front.png
cabinet,766656036dc90d06f126e4b9ab9933af,left,ok,0.019859,22,334,0.028030,334,2f105f6fdfcf308f3924e76d290994a85261bd904d3eb066ed50e4a97663db88,true,/cpfs/user/zhuzihou/assets/dedup_workspaces/test0_transitive_apply_parallel/dataset/GRScenes_assets/cabinet/766656036dc90d06f126e4b9ab9933af/left.png
cabinet,766656036dc90d06f126e4b9ab9933af,back,ok,0.041840,465,24,0.042572,465,ff56d5d9eac63c34b48a0de2fde740fadbc869627feaf4177a52f6c93306d95d,true,/cpfs/user/zhuzihou/assets/dedup_workspaces/test0_transitive_apply_parallel/dataset/GRScenes_assets/cabinet/766656036dc90d06f126e4b9ab9933af/back.png
cabinet,766656036dc90d06f126e4b9ab9933af,right,ok,0.019127,21,333,0.026676,333,43cf54fc7d224c3824bba09fb0a78d26bd7cebb641d420952d99ee19655ea0af,true,/cpfs/user/zhuzihou/assets/dedup_workspaces/test0_transitive_apply_parallel/dataset/GRScenes_assets/cabinet/766656036dc90d06f126e4b9ab9933af/right.png
cabinet,768bd182289fc63f9e0887e4f56d6d27,front,ok,0.342136,512,193,0.376953,512,6e29fdb48988551c2cb75b823fc6ab42bbbcac68edfce44009695200db34e609,true,/cpfs/user/zhuzihou/assets/dedup_workspaces/test0_transitive_apply_parallel/dataset/GRScenes_assets/cabinet/768bd182289fc63f9e0887e4f56d6d27/front.png
cabinet,768bd182289fc63f9e0887e4f56d6d27,left,ok,0.210224,177,405,0.273457,405,bf91b28a108ef81e79f3efb785b5d3fdd5cc6c04c4ed812ce372325d622f35a0,true,/cpfs/user/zhuzihou/assets/dedup_workspaces/test0_transitive_apply_parallel/dataset/GRScenes_assets/cabinet/768bd182289fc63f9e0887e4f56d6d27/left.png
cabinet,768bd182289fc63f9e0887e4f56d6d27,back,ok,0.334988,508,191,0.370132,508,cc98a476f8b5d8d9fd60ef9dfe50464fef7eb1c35141b5c3f1debd2a7d208bff,true,/cpfs/user/zhuzihou/assets/dedup_workspaces/test0_transitive_apply_parallel/dataset/GRScenes_assets/cabinet/768bd182289fc63f9e0887e4f56d6d27/back.png
cabinet,768bd182289fc63f9e0887e4f56d6d27,right,ok,0.210182,177,405,0.273457,405,9a84269005aa15fd98667b412cdc06c757f26187880fa55f7f60855c012e5a12,true,/cpfs/user/zhuzihou/assets/dedup_workspaces/test0_transitive_apply_parallel/dataset/GRScenes_assets/cabinet/768bd182289fc63f9e0887e4f56d6d27/right.png
cabinet,77d0281fa21a82ad092dd4db5aa83ce3,front,ok,0.011314,10,371,0.014153,371,9279f504cdb05c26dedcfdcc130a6eb5df14f20ad8be6e7e852cb59c879332b7,true,/cpfs/user/zhuzihou/assets/dedup_workspaces/test0_transitive_apply_parallel/dataset/GRScenes_assets/cabinet/77d0281fa21a82ad092dd4db5aa83ce3/front.png
cabinet,77d0281fa21a82ad092dd4db5aa83ce3,left,ok,0.117199,478,68,0.123993,478,e7c39cd34bd7850d531d4b3dd1fbe5471a808f4ee2202cba963997b627937e36,true,/cpfs/user/zhuzihou/assets/dedup_workspaces/test0_transitive_apply_parallel/dataset/GRScenes_assets/cabinet/77d0281fa21a82ad092dd4db5aa83ce3/left.png
cabinet,77d0281fa21a82ad092dd4db5aa83ce3,back,ok,0.011314,10,371,0.014153,371,fd2bae129f6b9b2029dca1708f59ba37012e0344ea6db2b14a6858aa93935023,true,/cpfs/user/zhuzihou/assets/dedup_workspaces/test0_transitive_apply_parallel/dataset/GRScenes_assets/cabinet/77d0281fa21a82ad092dd4db5aa83ce3/back.png
cabinet,77d0281fa21a82ad092dd4db5aa83ce3,right,ok,0.117199,478,68,0.123993,478,d089cbafe9d1a77c787e03f80ae6c9e1f265f74208512f42e1e7afb2682bbb8d,true,/cpfs/user/zhuzihou/assets/dedup_workspaces/test0_transitive_apply_parallel/dataset/GRScenes_assets/cabinet/77d0281fa21a82ad092dd4db5aa83ce3/right.png
cabinet,7975c48d19bc144eef7dff7eceb7ea5a,front,ok,0.265900,502,151,0.289162,502,affee62bac2563af62f07fd9426e799c6e0f10a042e8cc87d10b0e6491c5c458,true,/cpfs/user/zhuzihou/assets/dedup_workspaces/test0_transitive_apply_parallel/dataset/GRScenes_assets/cabinet/7975c48d19bc144eef7dff7eceb7ea5a/front.png
cabinet,7975c48d19bc144eef7dff7eceb7ea5a,left,ok,0.121162,104,398,0.157898,398,c2a24dbcc875cc3bca8a69d1f3828739386277416826e7044703394e17f96770,true,/cpfs/user/zhuzihou/assets/dedup_workspaces/test0_transitive_apply_parallel/dataset/GRScenes_assets/cabinet/7975c48d19bc144eef7dff7eceb7ea5a/left.png
cabinet,7975c48d19bc144eef7dff7eceb7ea5a,back,ok,0.265903,502,151,0.289162,502,f6e68222dc4d955b99ff765c6b66df6eb6b3c38916ac0023d81f81bb701493a9,true,/cpfs/user/zhuzihou/assets/dedup_workspaces/test0_transitive_apply_parallel/dataset/GRScenes_assets/cabinet/7975c48d19bc144eef7dff7eceb7ea5a/back.png
cabinet,7975c48d19bc144eef7dff7eceb7ea5a,right,ok,0.121166,104,398,0.157898,398,52ba85389ed0ab0e0eab8fd49f7efabf8f334c8d091af7471c9c2762c32e26e3,true,/cpfs/user/zhuzihou/assets/dedup_workspaces/test0_transitive_apply_parallel/dataset/GRScenes_assets/cabinet/7975c48d19bc144eef7dff7eceb7ea5a/right.png
cabinet,7c3bcb9e9a74c3c896e9cf1f0c744a6c,front,ok,0.207634,482,124,0.227997,482,ceef1a87619f981fd00b270becb3913f1e8da4b896b4eb18cb499e8f28bcc5dc,true,/cpfs/user/zhuzihou/assets/dedup_workspaces/test0_transitive_apply_parallel/dataset/GRScenes_assets/cabinet/7c3bcb9e9a74c3c896e9cf1f0c744a6c/front.png
cabinet,7c3bcb9e9a74c3c896e9cf1f0c744a6c,left,ok,0.011147,10,399,0.015221,399,2430d03b9f930a495b2aa98a271660d3dedd879d5be0cf5e7557275f5ea0c305,true,/cpfs/user/zhuzihou/assets/dedup_workspaces/test0_transitive_apply_parallel/dataset/GRScenes_assets/cabinet/7c3bcb9e9a74c3c896e9cf1f0c744a6c/left.png
cabinet,7c3bcb9e9a74c3c896e9cf1f0c744a6c,back,ok,0.208088,482,124,0.227997,482,9fac9afe9deb82f030b31a81462c9bea4d029f21412da945bf24b7064fdc1393,true,/cpfs/user/zhuzihou/assets/dedup_workspaces/test0_transitive_apply_parallel/dataset/GRScenes_assets/cabinet/7c3bcb9e9a74c3c896e9cf1f0c744a6c/back.png
cabinet,7c3bcb9e9a74c3c896e9cf1f0c744a6c,right,ok,0.011147,10,399,0.015221,399,00b594739753957acf96dc21e6b222861160806f4679a3e86391e63ca670fc46,true,/cpfs/user/zhuzihou/assets/dedup_workspaces/test0_transitive_apply_parallel/dataset/GRScenes_assets/cabinet/7c3bcb9e9a74c3c896e9cf1f0c744a6c/right.png
cabinet,7dd098c2806e4493a0f87c21889e97b0,front,ok,0.318169,266,396,0.401825,396,2fc981fe88ee9797f359f0dec7b293086a00905c69081a4135d993dc765e349c,true,/cpfs/user/zhuzihou/assets/dedup_workspaces/test0_transitive_apply_parallel/dataset/GRScenes_assets/cabinet/7dd098c2806e4493a0f87c21889e97b0/front.png
cabinet,7dd098c2806e4493a0f87c21889e97b0,left,ok,0.147594,112,451,0.192688,451,114de740c5969e69adc2d6d483d6196d66efd950a1afc66f0d84271f765f3963,true,/cpfs/user/zhuzihou/assets/dedup_workspaces/test0_transitive_apply_parallel/dataset/GRScenes_assets/cabinet/7dd098c2806e4493a0f87c21889e97b0/left.png
cabinet,7dd098c2806e4493a0f87c21889e97b0,back,ok,0.318203,266,396,0.401825,396,4f2bc648bb22d6ec0c139d7a337ffb7e968f5f7f4826e068d889ee2479562cc8,true,/cpfs/user/zhuzihou/assets/dedup_workspaces/test0_transitive_apply_parallel/dataset/GRScenes_assets/cabinet/7dd098c2806e4493a0f87c21889e97b0/back.png
cabinet,7dd098c2806e4493a0f87c21889e97b0,right,ok,0.147594,112,451,0.192688,451,56d566788227153fce10e1a1f3c7c8afc3c1e5a624b8f714ae609fcf06530113,true,/cpfs/user/zhuzihou/assets/dedup_workspaces/test0_transitive_apply_parallel/dataset/GRScenes_assets/cabinet/7dd098c2806e4493a0f87c21889e97b0/right.png
cabinet,7df076c941abb618ed74808ae425310d,front,ok,0.283947,282,345,0.371132,345,5335e026352d071b012c126c63ff247e6d4b6a4071a711ef22ef4cd00ba04472,true,/cpfs/user/zhuzihou/assets/dedup_workspaces/test0_transitive_apply_parallel/dataset/GRScenes_assets/cabinet/7df076c941abb618ed74808ae425310d/front.png
cabinet,7df076c941abb618ed74808ae425310d,left,ok,0.290947,512,163,0.318359,512,1c956523794860870d3724c24a4add03ae1879c337083227f0abc7b50b46f980,true,/cpfs/user/zhuzihou/assets/dedup_workspaces/test0_transitive_apply_parallel/dataset/GRScenes_assets/cabinet/7df076c941abb618ed74808ae425310d/left.png
cabinet,7df076c941abb618ed74808ae425310d,back,ok,0.283970,282,345,0.371132,345,d38bf5634c40635d21e482c59f143acd9a3c0031e654c66512673e5ff4b1f24b,true,/cpfs/user/zhuzihou/assets/dedup_workspaces/test0_transitive_apply_parallel/dataset/GRScenes_assets/cabinet/7df076c941abb618ed74808ae425310d/back.png
cabinet,7df076c941abb618ed74808ae425310d,right,ok,0.291115,512,166,0.324219,512,7624fb9d099a3cf1ed5c6f58c03070e735f19bc2e60ad55ba3e1d624f0b43d01,true,/cpfs/user/zhuzihou/assets/dedup_workspaces/test0_transitive_apply_parallel/dataset/GRScenes_assets/cabinet/7df076c941abb618ed74808ae425310d/right.png
cabinet,7e3440ea65c04b8e8f76eee95ea1a443,front,ok,0.161697,480,94,0.172119,480,a3199bb00a38c6b2fab71069d6c38846df1964bf3c437c8af028c4dc612f5ca8,true,/cpfs/user/zhuzihou/assets/dedup_workspaces/test0_transitive_apply_parallel/dataset/GRScenes_assets/cabinet/7e3440ea65c04b8e8f76eee95ea1a443/front.png
cabinet,7e3440ea65c04b8e8f76eee95ea1a443,left,ok,0.009651,8,387,0.011810,387,548fcdf74ce88793cd8094fb05fa40cbc6a5aece25664af32529109c4e0ba442,true,/cpfs/user/zhuzihou/assets/dedup_workspaces/test0_transitive_apply_parallel/dataset/GRScenes_assets/cabinet/7e3440ea65c04b8e8f76eee95ea1a443/left.png
cabinet,7e3440ea65c04b8e8f76eee95ea1a443,back,ok,0.161697,480,94,0.172119,480,bd2b330cfca75dada2276d67b80cbf09113f940142eb613591e02aa22577b9fb,true,/cpfs/user/zhuzihou/assets/dedup_workspaces/test0_transitive_apply_parallel/dataset/GRScenes_assets/cabinet/7e3440ea65c04b8e8f76eee95ea1a443/back.png
cabinet,7e3440ea65c04b8e8f76eee95ea1a443,right,ok,0.009651,8,387,0.011810,387,9d8b7957df9557d372734ebf037db107d1c6a4023d7782df2835a9f8177c776d,true,/cpfs/user/zhuzihou/assets/dedup_workspaces/test0_transitive_apply_parallel/dataset/GRScenes_assets/cabinet/7e3440ea65c04b8e8f76eee95ea1a443/right.png
cabinet,7fa6a7786f0d218d75d67a880de6c357,front,ok,0.346973,477,236,0.429428,477,91133b0fccfe452a24dbed1556900bd1d099039168e814a5f863b97bb9185173,true,/cpfs/user/zhuzihou/assets/dedup_workspaces/test0_transitive_apply_parallel/dataset/GRScenes_assets/cabinet/7fa6a7786f0d218d75d67a880de6c357/front.png
cabinet,7fa6a7786f0d218d75d67a880de6c357,left,ok,0.341934,470,243,0.435677,470,b8be5e4672d75814cadf1abba297ed74112bb65547b9a44c5778a15ff8a554d1,true,/cpfs/user/zhuzihou/assets/dedup_workspaces/test0_transitive_apply_parallel/dataset/GRScenes_assets/cabinet/7fa6a7786f0d218d75d67a880de6c357/left.png
cabinet,7fa6a7786f0d218d75d67a880de6c357,back,ok,0.346985,477,236,0.429428,477,a0ff5873ad0f87120c2a54cfbc79553ea050537808005f25bb5885cc01bf3ddd,true,/cpfs/user/zhuzihou/assets/dedup_workspaces/test0_transitive_apply_parallel/dataset/GRScenes_assets/cabinet/7fa6a7786f0d218d75d67a880de6c357/back.png
cabinet,7fa6a7786f0d218d75d67a880de6c357,right,ok,0.348003,470,243,0.435677,470,c6556d5aece580d3557dd48f41ab7392f5d003f0f3b13c92cdaf31ef4b377829,true,/cpfs/user/zhuzihou/assets/dedup_workspaces/test0_transitive_apply_parallel/dataset/GRScenes_assets/cabinet/7fa6a7786f0d218d75d67a880de6c357/right.png
cabinet,7fd206d39fc21f9936c6f092b9095599,front,ok,0.306786,446,223,0.379402,446,6f366a338b614aefe9732374b50d9600a4c0c93df8bf1ce9983ad3b09db6c4f5,true,/cpfs/user/zhuzihou/assets/dedup_workspaces/test0_transitive_apply_parallel/dataset/GRScenes_assets/cabinet/7fd206d39fc21f9936c6f092b9095599/front.png
cabinet,7fd206d39fc21f9936c6f092b9095599,left,ok,0.286469,440,249,0.417938,440,4c175c9c950a883bc699341da05368ba6814fba6b5510a136d0448a1d9ba98f8,true,/cpfs/user/zhuzihou/assets/dedup_workspaces/test0_transitive_apply_parallel/dataset/GRScenes_assets/cabinet/7fd206d39fc21f9936c6f092b9095599/left.png
cabinet,7fd206d39fc21f9936c6f092b9095599,back,ok,0.255344,486,188,0.348541,486,1376439ee2d77e166785820c75ce6a29cef5ca28884727ee8c461044d1a20764,true,/cpfs/user/zhuzihou/assets/dedup_workspaces/test0_transitive_apply_parallel/dataset/GRScenes_assets/cabinet/7fd206d39fc21f9936c6f092b9095599/back.png
cabinet,7fd206d39fc21f9936c6f092b9095599,right,ok,0.321075,455,249,0.432186,455,70f146acab88705dbf5a8e1cbbb48b24a667929cb2532ef74d20ddddd4e476de,true,/cpfs/user/zhuzihou/assets/dedup_workspaces/test0_transitive_apply_parallel/dataset/GRScenes_assets/cabinet/7fd206d39fc21f9936c6f092b9095599/right.png
cabinet,80a5764eb9cfe7826affa60737878d6e,front,ok,0.404942,342,390,0.508804,390,fea636153c9ad6d3c4a91cbab2d4fda56cadc33ebae37c9d5689828392219956,true,/cpfs/user/zhuzihou/assets/dedup_workspaces/test0_transitive_apply_parallel/dataset/GRScenes_assets/cabinet/80a5764eb9cfe7826affa60737878d6e/front.png
cabinet,80a5764eb9cfe7826affa60737878d6e,left,ok,0.263355,200,444,0.338745,444,152c1962e6ade54b58b7479ac24fd3d36c920399ad1aed0f7e4c89757eb596f3,true,/cpfs/user/zhuzihou/assets/dedup_workspaces/test0_transitive_apply_parallel/dataset/GRScenes_assets/cabinet/80a5764eb9cfe7826affa60737878d6e/left.png
cabinet,80a5764eb9cfe7826affa60737878d6e,back,ok,0.399364,339,390,0.504341,390,007e8cafe1cd235676252a77286c19b453d4ceefee6e76ce15bf151c0a0ed763,true,/cpfs/user/zhuzihou/assets/dedup_workspaces/test0_transitive_apply_parallel/dataset/GRScenes_assets/cabinet/80a5764eb9cfe7826affa60737878d6e/back.png
cabinet,80a5764eb9cfe7826affa60737878d6e,right,ok,0.275070,210,444,0.355682,444,3be8e33d26367ef23fcde20fede2c05cf94cffe0d7c951ca2ea6f5d4fc46716a,true,/cpfs/user/zhuzihou/assets/dedup_workspaces/test0_transitive_apply_parallel/dataset/GRScenes_assets/cabinet/80a5764eb9cfe7826affa60737878d6e/right.png
cabinet,80bc78ed21c9a0c1a9aa181f00fab08a,front,ok,0.089268,489,51,0.095135,489,562fff97099a9f65a58656626ba80cde8141afdc02d9ffd6eb9577e5fbfb23fb,true,/cpfs/user/zhuzihou/assets/dedup_workspaces/test0_transitive_apply_parallel/dataset/GRScenes_assets/cabinet/80bc78ed21c9a0c1a9aa181f00fab08a/front.png
cabinet,80bc78ed21c9a0c1a9aa181f00fab08a,left,ok,0.117409,136,315,0.163422,315,60a6bf291daf03936e6e8aa096fe9b4da8caacce9ac42a0b631ffc3ee5c1d5ba,true,/cpfs/user/zhuzihou/assets/dedup_workspaces/test0_transitive_apply_parallel/dataset/GRScenes_assets/cabinet/80bc78ed21c9a0c1a9aa181f00fab08a/left.png
cabinet,80bc78ed21c9a0c1a9aa181f00fab08a,back,ok,0.089268,489,51,0.095135,489,979050e81f8f4fb8d2b729bd409795e88678fe1ff72fee3ffe85ab455f33e7f4,true,/cpfs/user/zhuzihou/assets/dedup_workspaces/test0_transitive_apply_parallel/dataset/GRScenes_assets/cabinet/80bc78ed21c9a0c1a9aa181f00fab08a/back.png
cabinet,80bc78ed21c9a0c1a9aa181f00fab08a,right,ok,0.117420,136,315,0.163422,315,3fcc8e918d5350faa60f5af0b279eb5a502fa4cd614c6cad8a0bcef752a2fd56,true,/cpfs/user/zhuzihou/assets/dedup_workspaces/test0_transitive_apply_parallel/dataset/GRScenes_assets/cabinet/80bc78ed21c9a0c1a9aa181f00fab08a/right.png
cabinet,817253355ee392e57cf6451d4264cc73,front,ok,0.181900,190,344,0.249329,344,d0ba2324bd13ada3f8b3cf77c2b89faffbdaf78aca5aa4f448af50612e6965c8,true,/cpfs/user/zhuzihou/assets/dedup_workspaces/test0_transitive_apply_parallel/dataset/GRScenes_assets/cabinet/817253355ee392e57cf6451d4264cc73/front.png
cabinet,817253355ee392e57cf6451d4264cc73,left,ok,0.191017,506,106,0.204605,506,adfef847e16184718d81235234e06fc04da6504fea831196405943f07d0dbf23,true,/cpfs/user/zhuzihou/assets/dedup_workspaces/test0_transitive_apply_parallel/dataset/GRScenes_assets/cabinet/817253355ee392e57cf6451d4264cc73/left.png
cabinet,817253355ee392e57cf6451d4264cc73,back,ok,0.182983,190,344,0.249329,344,10ccece821685fa4ab61720c98da35cee0c1151631b92c75f03e511cae6badde,true,/cpfs/user/zhuzihou/assets/dedup_workspaces/test0_transitive_apply_parallel/dataset/GRScenes_assets/cabinet/817253355ee392e57cf6451d4264cc73/back.png
cabinet,817253355ee392e57cf6451d4264cc73,right,ok,0.184441,506,110,0.212326,506,6d52c0b06355ce1a0eca6bb7f4cd962d509607392414a96ddf51314b79f1abd4,true,/cpfs/user/zhuzihou/assets/dedup_workspaces/test0_transitive_apply_parallel/dataset/GRScenes_assets/cabinet/817253355ee392e57cf6451d4264cc73/right.png
cabinet,81d4e1ff7e2e5cf8c4a2fd447f09557f,front,ok,0.490227,432,371,0.611389,432,4698a9b05ac71a47ad192de5daeec81ce7565027d22f3597b60080ed7d73a078,true,/cpfs/user/zhuzihou/assets/dedup_workspaces/test0_transitive_apply_parallel/dataset/GRScenes_assets/cabinet/81d4e1ff7e2e5cf8c4a2fd447f09557f/front.png
cabinet,81d4e1ff7e2e5cf8c4a2fd447f09557f,left,ok,0.427036,347,411,0.544041,411,70ec066f28b40df8a94df5521b84be4b7940e65d95b90929dfd68755aba802ee,true,/cpfs/user/zhuzihou/assets/dedup_workspaces/test0_transitive_apply_parallel/dataset/GRScenes_assets/cabinet/81d4e1ff7e2e5cf8c4a2fd447f09557f/left.png
cabinet,81d4e1ff7e2e5cf8c4a2fd447f09557f,back,ok,0.451759,397,366,0.554283,397,4aa8640432096e953f653a2e9bd8cda2cd30bec34fdc2c841c66122953d98b9a,true,/cpfs/user/zhuzihou/assets/dedup_workspaces/test0_transitive_apply_parallel/dataset/GRScenes_assets/cabinet/81d4e1ff7e2e5cf8c4a2fd447f09557f/back.png
cabinet,81d4e1ff7e2e5cf8c4a2fd447f09557f,right,ok,0.421028,339,411,0.531498,411,8d698389db330630d617b5015fcd585babb8227b3b6260755ab95e265deb2ed1,true,/cpfs/user/zhuzihou/assets/dedup_workspaces/test0_transitive_apply_parallel/dataset/GRScenes_assets/cabinet/81d4e1ff7e2e5cf8c4a2fd447f09557f/right.png
cabinet,826ef6ee8b8bb775823cfd98661c6f2d,front,ok,0.364559,317,384,0.464355,384,1a91c8ae128e5e7c02b448377387a2c7b3e0a1af284ff3a8eec8cad5e876b7b6,true,/cpfs/user/zhuzihou/assets/dedup_workspaces/test0_transitive_apply_parallel/dataset/GRScenes_assets/cabinet/826ef6ee8b8bb775823cfd98661c6f2d/front.png
cabinet,826ef6ee8b8bb775823cfd98661c6f2d,left,ok,0.395054,512,249,0.486328,512,55913163cd44ca06b44c0a772cb74b397edb51cc138f07357dc4ff97d595d172,true,/cpfs/user/zhuzihou/assets/dedup_workspaces/test0_transitive_apply_parallel/dataset/GRScenes_assets/cabinet/826ef6ee8b8bb775823cfd98661c6f2d/left.png
cabinet,826ef6ee8b8bb775823cfd98661c6f2d,back,ok,0.365238,318,384,0.465820,384,d2259dfaf76977b685c667d4f4e76abdff8dad451a549faca925c9f4c780edf5,true,/cpfs/user/zhuzihou/assets/dedup_workspaces/test0_transitive_apply_parallel/dataset/GRScenes_assets/cabinet/826ef6ee8b8bb775823cfd98661c6f2d/back.png
cabinet,826ef6ee8b8bb775823cfd98661c6f2d,right,ok,0.419579,512,249,0.486328,512,511eab9c215ab40f1206f448d974cc61ccc181764595e5fb4861feedbbb1cf24,true,/cpfs/user/zhuzihou/assets/dedup_workspaces/test0_transitive_apply_parallel/dataset/GRScenes_assets/cabinet/826ef6ee8b8bb775823cfd98661c6f2d/right.png
cabinet,82736ce41ca20592f5fea36b03dfead4,front,ok,0.342197,301,373,0.428288,373,7e474c019136b5136da036f613bf80b1a7872369d5b9fc9c7cea0f62050f2230,true,/cpfs/user/zhuzihou/assets/dedup_workspaces/test0_transitive_apply_parallel/dataset/GRScenes_assets/cabinet/82736ce41ca20592f5fea36b03dfead4/front.png
cabinet,82736ce41ca20592f5fea36b03dfead4,left,ok,0.219891,171,449,0.292889,449,84ae00a11e74c89b3207e076878e405d6be6c4e4c814f8b024354d2f38bfa7e8,true,/cpfs/user/zhuzihou/assets/dedup_workspaces/test0_transitive_apply_parallel/dataset/GRScenes_assets/cabinet/82736ce41ca20592f5fea36b03dfead4/left.png
cabinet,82736ce41ca20592f5fea36b03dfead4,back,ok,0.379391,326,373,0.463860,373,3357804550873e870c805438b923c4dab41dc10274aaa5410e38f5107c24f56f,true,/cpfs/user/zhuzihou/assets/dedup_workspaces/test0_transitive_apply_parallel/dataset/GRScenes_assets/cabinet/82736ce41ca20592f5fea36b03dfead4/back.png
cabinet,82736ce41ca20592f5fea36b03dfead4,right,ok,0.220276,178,444,0.301483,444,f33b5d6b60e5b581535d3a9435e42227ab77d963512e4f447e813e7bcbbe0384,true,/cpfs/user/zhuzihou/assets/dedup_workspaces/test0_transitive_apply_parallel/dataset/GRScenes_assets/cabinet/82736ce41ca20592f5fea36b03dfead4/right.png
cabinet,829cf62965859c85cdc49844f33aef85,front,ok,0.322842,512,181,0.353516,512,36539ad784ce1c4b2bc9be611986a9c0254019067423987108cf4677c28d33b8,true,/cpfs/user/zhuzihou/assets/dedup_workspaces/test0_transitive_apply_parallel/dataset/GRScenes_assets/cabinet/829cf62965859c85cdc49844f33aef85/front.png
cabinet,829cf62965859c85cdc49844f33aef85,left,ok,0.296810,281,362,0.388039,362,66916421bb32f37801e241a441166c2efac7e053b1f92dcd097df39cad92f45a,true,/cpfs/user/zhuzihou/assets/dedup_workspaces/test0_transitive_apply_parallel/dataset/GRScenes_assets/cabinet/829cf62965859c85cdc49844f33aef85/left.png
cabinet,829cf62965859c85cdc49844f33aef85,back,ok,0.325550,512,181,0.353516,512,71b56ff174c36a4d6a1b71bfc13c513231e3e43dd0bae877dc18cf88e39d4292,true,/cpfs/user/zhuzihou/assets/dedup_workspaces/test0_transitive_apply_parallel/dataset/GRScenes_assets/cabinet/829cf62965859c85cdc49844f33aef85/back.png
cabinet,829cf62965859c85cdc49844f33aef85,right,ok,0.298164,281,362,0.388039,362,f33b03c28b200998896d1d0d837f59887d94dfac8e85178f0933044a802e0b5a,true,/cpfs/user/zhuzihou/assets/dedup_workspaces/test0_transitive_apply_parallel/dataset/GRScenes_assets/cabinet/829cf62965859c85cdc49844f33aef85/right.png
cabinet,82a65693dc7bcd3e01bfaa54bada787b,front,ok,0.264748,294,327,0.366737,327,2b8da6e18ad22fa2800d938889f564837a33ef2f2d0e0d094b7705996f1a3a6d,true,/cpfs/user/zhuzihou/assets/dedup_workspaces/test0_transitive_apply_parallel/dataset/GRScenes_assets/cabinet/82a65693dc7bcd3e01bfaa54bada787b/front.png
cabinet,82a65693dc7bcd3e01bfaa54bada787b,left,ok,0.281422,480,206,0.377197,480,4d28236a34404f6f9d3816f9622b22e36e3e1941ea7e8ba743a44d49909c6e28,true,/cpfs/user/zhuzihou/assets/dedup_workspaces/test0_transitive_apply_parallel/dataset/GRScenes_assets/cabinet/82a65693dc7bcd3e01bfaa54bada787b/left.png
cabinet,82a65693dc7bcd3e01bfaa54bada787b,back,ok,0.316502,355,327,0.442829,355,de5a38d191b813888ce3653573ab121d2424ebdceaea9752c168600876af3dbc,true,/cpfs/user/zhuzihou/assets/dedup_workspaces/test0_transitive_apply_parallel/dataset/GRScenes_assets/cabinet/82a65693dc7bcd3e01bfaa54bada787b/back.png
cabinet,82a65693dc7bcd3e01bfaa54bada787b,right,ok,0.291626,510,210,0.408554,510,fa60b08b66d078e6399c5e15d9ad230cdce9f5eca93cd266377d583d23264338,true,/cpfs/user/zhuzihou/assets/dedup_workspaces/test0_transitive_apply_parallel/dataset/GRScenes_assets/cabinet/82a65693dc7bcd3e01bfaa54bada787b/right.png
cabinet,8497c055c06b2e6020bb1cd9502f18e2,front,ok,0.101612,476,59,0.107132,476,36c248ac420e2fcaba72e8ee83c90c0001e0e605616c7b46f3a14feaabaf2886,true,/cpfs/user/zhuzihou/assets/dedup_workspaces/test0_transitive_apply_parallel/dataset/GRScenes_assets/cabinet/8497c055c06b2e6020bb1cd9502f18e2/front.png
cabinet,8497c055c06b2e6020bb1cd9502f18e2,left,ok,0.008621,8,364,0.011108,364,f59dbeb272dc7d717e90ae278676d933fe3cb083eb33139f1ea1e2433e694c36,true,/cpfs/user/zhuzihou/assets/dedup_workspaces/test0_transitive_apply_parallel/dataset/GRScenes_assets/cabinet/8497c055c06b2e6020bb1cd9502f18e2/left.png
cabinet,8497c055c06b2e6020bb1cd9502f18e2,back,ok,0.101612,476,59,0.107132,476,a6741cb95bd58af134ca2258d83f327651571e938389ee173db020c5caa234a0,true,/cpfs/user/zhuzihou/assets/dedup_workspaces/test0_transitive_apply_parallel/dataset/GRScenes_assets/cabinet/8497c055c06b2e6020bb1cd9502f18e2/back.png
cabinet,8497c055c06b2e6020bb1cd9502f18e2,right,ok,0.008621,8,364,0.011108,364,12ea039777eb986187b1aad4448d9e3faf6662b6bf3b37e9ce93311d33c4eda8,true,/cpfs/user/zhuzihou/assets/dedup_workspaces/test0_transitive_apply_parallel/dataset/GRScenes_assets/cabinet/8497c055c06b2e6020bb1cd9502f18e2/right.png
cabinet,849d0d871a52881a0e83e51d698743b0,front,ok,0.008690,6,421,0.009636,421,db6fea591541c1583ed1b231f20f0e8c45fac5f1a71798d5b08636474f92e3ba,true,/cpfs/user/zhuzihou/assets/dedup_workspaces/test0_transitive_apply_parallel/dataset/GRScenes_assets/cabinet/849d0d871a52881a0e83e51d698743b0/front.png
cabinet,849d0d871a52881a0e83e51d698743b0,left,ok,0.096836,80,403,0.122986,403,1b5b8237fe9e7e09dfeaa7f5342c3e63f9392923f97d5c1252cf3ba2c7c527f1,true,/cpfs/user/zhuzihou/assets/dedup_workspaces/test0_transitive_apply_parallel/dataset/GRScenes_assets/cabinet/849d0d871a52881a0e83e51d698743b0/left.png
cabinet,849d0d871a52881a0e83e51d698743b0,back,ok,0.008690,6,421,0.009636,421,31232575f7d3c4faabf9a41918a3a334c8f850d497765df8e349930676ce79b4,true,/cpfs/user/zhuzihou/assets/dedup_workspaces/test0_transitive_apply_parallel/dataset/GRScenes_assets/cabinet/849d0d871a52881a0e83e51d698743b0/back.png
cabinet,849d0d871a52881a0e83e51d698743b0,right,ok,0.096836,80,403,0.122986,403,55263854ea9b4d5e2d337ec44cadc9423d2ce072c3d99b8f86d900ebca6ab28c,true,/cpfs/user/zhuzihou/assets/dedup_workspaces/test0_transitive_apply_parallel/dataset/GRScenes_assets/cabinet/849d0d871a52881a0e83e51d698743b0/right.png
cabinet,85300dfb5cab403b5d2ee606ccbe8544,front,ok,0.185883,466,254,0.451523,466,56bbe0829f501079de69aee895a7eb123522c46dc00f7aa7cbc46291499d9224,true,/cpfs/user/zhuzihou/assets/dedup_workspaces/test0_transitive_apply_parallel/dataset/GRScenes_assets/cabinet/85300dfb5cab403b5d2ee606ccbe8544/front.png
cabinet,85300dfb5cab403b5d2ee606ccbe8544,left,ok,0.188789,484,238,0.439423,484,a27735d66d8aa55c1eefef3b8e4a7ebccb92383df230f95366df747d260617f5,true,/cpfs/user/zhuzihou/assets/dedup_workspaces/test0_transitive_apply_parallel/dataset/GRScenes_assets/cabinet/85300dfb5cab403b5d2ee606ccbe8544/left.png
cabinet,85300dfb5cab403b5d2ee606ccbe8544,back,ok,0.185913,466,254,0.451523,466,69897d0e90016b16e0aec3cb7f4d384c9ffc13cea11f394e9358a0ea94eb5564,true,/cpfs/user/zhuzihou/assets/dedup_workspaces/test0_transitive_apply_parallel/dataset/GRScenes_assets/cabinet/85300dfb5cab403b5d2ee606ccbe8544/back.png
cabinet,85300dfb5cab403b5d2ee606ccbe8544,right,ok,0.188789,484,238,0.439423,484,e11a4314bf6f1531631be901879e1ad5a96e58ca9138a161088a6064ad281999,true,/cpfs/user/zhuzihou/assets/dedup_workspaces/test0_transitive_apply_parallel/dataset/GRScenes_assets/cabinet/85300dfb5cab403b5d2ee606ccbe8544/right.png
cabinet,8534a4452085d9d13faaa7af8fc6fbdf,front,ok,0.073235,484,42,0.077545,484,9fc6570bf3d84b676f7f48a32320986e1b7e365070aea5d4a2d356ba1dc4402b,true,/cpfs/user/zhuzihou/assets/dedup_workspaces/test0_transitive_apply_parallel/dataset/GRScenes_assets/cabinet/8534a4452085d9d13faaa7af8fc6fbdf/front.png
cabinet,8534a4452085d9d13faaa7af8fc6fbdf,left,ok,0.089901,102,320,0.124512,320,aff31593cb17d1c6a6786e7cbccc0b060acfc3ce3354061903d8f0c40eea1093,true,/cpfs/user/zhuzihou/assets/dedup_workspaces/test0_transitive_apply_parallel/dataset/GRScenes_assets/cabinet/8534a4452085d9d13faaa7af8fc6fbdf/left.png
cabinet,8534a4452085d9d13faaa7af8fc6fbdf,back,ok,0.073872,484,42,0.077545,484,523374df9f183e67cc848fdc3e62d44e171c1bc94e2e856e91adee010f6fc4b1,true,/cpfs/user/zhuzihou/assets/dedup_workspaces/test0_transitive_apply_parallel/dataset/GRScenes_assets/cabinet/8534a4452085d9d13faaa7af8fc6fbdf/back.png
cabinet,8534a4452085d9d13faaa7af8fc6fbdf,right,ok,0.089802,102,320,0.124512,320,1b0bbaed3805c5f34107fa0035e3a8db1ec349fbce9c1ac127830b283dd53944,true,/cpfs/user/zhuzihou/assets/dedup_workspaces/test0_transitive_apply_parallel/dataset/GRScenes_assets/cabinet/8534a4452085d9d13faaa7af8fc6fbdf/right.png
cabinet,8664cc78d89b6aa92d22b60807db586d,front,ok,0.438320,465,324,0.574722,465,e878efc8d6b82650793e292d768d430f38566173b42c806b476450d637eaeb54,true,/cpfs/user/zhuzihou/assets/dedup_workspaces/test0_transitive_apply_parallel/dataset/GRScenes_assets/cabinet/8664cc78d89b6aa92d22b60807db586d/front.png
cabinet,8664cc78d89b6aa92d22b60807db586d,left,ok,0.408550,424,314,0.507874,424,aea4cc1f530d016ffaa49f3796a9c3b00a207fff4cf4bdc480010173892aa18b,true,/cpfs/user/zhuzihou/assets/dedup_workspaces/test0_transitive_apply_parallel/dataset/GRScenes_assets/cabinet/8664cc78d89b6aa92d22b60807db586d/left.png
cabinet,8664cc78d89b6aa92d22b60807db586d,back,ok,0.437767,462,324,0.571014,462,901b273bbc839821d0d59aa824e11bf60db12ef08d5cb1a3f0c12f7616668ee6,true,/cpfs/user/zhuzihou/assets/dedup_workspaces/test0_transitive_apply_parallel/dataset/GRScenes_assets/cabinet/8664cc78d89b6aa92d22b60807db586d/back.png
cabinet,8664cc78d89b6aa92d22b60807db586d,right,ok,0.472351,464,322,0.569946,464,76875e348accc305e185e7c4602cbe41810aaf83f6972678740c6b4a6b766919,true,/cpfs/user/zhuzihou/assets/dedup_workspaces/test0_transitive_apply_parallel/dataset/GRScenes_assets/cabinet/8664cc78d89b6aa92d22b60807db586d/right.png
cabinet,867255229649003632933710e70f7111,front,ok,0.363869,454,263,0.455482,454,50fb80202fe135d3a9fbebe7a7422305f734d4b78a4310a09ce624bc64849785,true,/cpfs/user/zhuzihou/assets/dedup_workspaces/test0_transitive_apply_parallel/dataset/GRScenes_assets/cabinet/867255229649003632933710e70f7111/front.png
cabinet,867255229649003632933710e70f7111,left,ok,0.355881,494,230,0.433426,494,09c7df5744d73d4b51d66b991a99b21be8285ca468f32618e9d20b64b99cccfc,true,/cpfs/user/zhuzihou/assets/dedup_workspaces/test0_transitive_apply_parallel/dataset/GRScenes_assets/cabinet/867255229649003632933710e70f7111/left.png
cabinet,867255229649003632933710e70f7111,back,ok,0.363892,454,263,0.455482,454,079c311306b78adbf8d0fa1c728b67784762e4c15608d8e89f88802727e36cfd,true,/cpfs/user/zhuzihou/assets/dedup_workspaces/test0_transitive_apply_parallel/dataset/GRScenes_assets/cabinet/867255229649003632933710e70f7111/back.png
cabinet,867255229649003632933710e70f7111,right,ok,0.355881,494,230,0.433426,494,020e5868e85a3b35cc4cab8b5f96c8ff1c30b9d5774c82fe05a09e2cce6913c1,true,/cpfs/user/zhuzihou/assets/dedup_workspaces/test0_transitive_apply_parallel/dataset/GRScenes_assets/cabinet/867255229649003632933710e70f7111/right.png
cabinet,86881ab9cdad05c8d18e916861cb884d,front,ok,0.286507,494,168,0.316589,494,c25d9c82917fe2034540a42b0a5139495c272ebd8aeabded5fa1b1ccc4d5cf6e,true,/cpfs/user/zhuzihou/assets/dedup_workspaces/test0_transitive_apply_parallel/dataset/GRScenes_assets/cabinet/86881ab9cdad05c8d18e916861cb884d/front.png
cabinet,86881ab9cdad05c8d18e916861cb884d,left,ok,0.087402,74,409,0.115456,409,e8fa8db20e5e0b830295c0166ed3180e4e5ea3125b969f0b2d1d9f98c74c6635,true,/cpfs/user/zhuzihou/assets/dedup_workspaces/test0_transitive_apply_parallel/dataset/GRScenes_assets/cabinet/86881ab9cdad05c8d18e916861cb884d/left.png
cabinet,86881ab9cdad05c8d18e916861cb884d,back,ok,0.285450,492,168,0.315308,492,d421c7f8ae36962585fe8753761b2095d705dd73d2ff046bac7d70641cdfb7c9,true,/cpfs/user/zhuzihou/assets/dedup_workspaces/test0_transitive_apply_parallel/dataset/GRScenes_assets/cabinet/86881ab9cdad05c8d18e916861cb884d/back.png
cabinet,86881ab9cdad05c8d18e916861cb884d,right,ok,0.086082,72,409,0.112335,409,09d0ee3c44e9f0886381649e29ad3703159aea0ad0907b263ebae167a96ed2d9,true,/cpfs/user/zhuzihou/assets/dedup_workspaces/test0_transitive_apply_parallel/dataset/GRScenes_assets/cabinet/86881ab9cdad05c8d18e916861cb884d/right.png
cabinet,882ea418286271c3a9bb71e587fa99ee,front,ok,0.405865,432,308,0.507568,432,1bd2d52a2c8391772e519b890239ac979bb59d5aea554bdc8a8b82081dbb30de,true,/cpfs/user/zhuzihou/assets/dedup_workspaces/test0_transitive_apply_parallel/dataset/GRScenes_assets/cabinet/882ea418286271c3a9bb71e587fa99ee/front.png
cabinet,882ea418286271c3a9bb71e587fa99ee,left,ok,0.401520,511,244,0.475632,511,56cb35da9c8788d166e034ec839a2b1accc2c1bdad11ba5f029d5a4f2dddb2bb,true,/cpfs/user/zhuzihou/assets/dedup_workspaces/test0_transitive_apply_parallel/dataset/GRScenes_assets/cabinet/882ea418286271c3a9bb71e587fa99ee/left.png
cabinet,882ea418286271c3a9bb71e587fa99ee,back,ok,0.405819,430,308,0.505219,430,32d46db860353c29a3de967db7a9654025aac5f8e0fe27296ed88c39e0b3f923,true,/cpfs/user/zhuzihou/assets/dedup_workspaces/test0_transitive_apply_parallel/dataset/GRScenes_assets/cabinet/882ea418286271c3a9bb71e587fa99ee/back.png
cabinet,882ea418286271c3a9bb71e587fa99ee,right,ok,0.403866,511,247,0.481480,511,19da58226f463c2496da59b446ed504b8db6ad888df8af62fdb761cc3bfd9f03,true,/cpfs/user/zhuzihou/assets/dedup_workspaces/test0_transitive_apply_parallel/dataset/GRScenes_assets/cabinet/882ea418286271c3a9bb71e587fa99ee/right.png
cabinet,887514304d474af8f36436f4eec83ed0,front,ok,0.410263,408,329,0.512054,408,8c90aaa2754aaf4dd343d7e2fe75c45a7d9b85b1cc026cb6f4286ff1747461b6,true,/cpfs/user/zhuzihou/assets/dedup_workspaces/test0_transitive_apply_parallel/dataset/GRScenes_assets/cabinet/887514304d474af8f36436f4eec83ed0/front.png
cabinet,887514304d474af8f36436f4eec83ed0,left,ok,0.415401,508,250,0.484467,508,05d49b1363b1eef08fb9dec27d41c02ef714762125ce2cd7e27eab2b21b6c901,true,/cpfs/user/zhuzihou/assets/dedup_workspaces/test0_transitive_apply_parallel/dataset/GRScenes_assets/cabinet/887514304d474af8f36436f4eec83ed0/left.png
cabinet,887514304d474af8f36436f4eec83ed0,back,ok,0.410168,408,329,0.512054,408,7d17dd2132277a82ca4c5bd05bdfeed8443c8249efe0a4bc525c791021fba49f,true,/cpfs/user/zhuzihou/assets/dedup_workspaces/test0_transitive_apply_parallel/dataset/GRScenes_assets/cabinet/887514304d474af8f36436f4eec83ed0/back.png
cabinet,887514304d474af8f36436f4eec83ed0,right,ok,0.415718,508,256,0.496094,508,22e86d654f48940b3a22e61d3509c474c051ce4e4cea1908d5ba53e9633b8215,true,/cpfs/user/zhuzihou/assets/dedup_workspaces/test0_transitive_apply_parallel/dataset/GRScenes_assets/cabinet/887514304d474af8f36436f4eec83ed0/right.png
cabinet,88bb09c6bf53f7b7cccba1eb5a9ce740,front,ok,0.397518,392,373,0.557770,392,079fc40dea059f7e22d3f47f3f1809c1d4f8d1de1a3c59aecb337b02cf0688a3,true,/cpfs/user/zhuzihou/assets/dedup_workspaces/test0_transitive_apply_parallel/dataset/GRScenes_assets/cabinet/88bb09c6bf53f7b7cccba1eb5a9ce740/front.png
cabinet,88bb09c6bf53f7b7cccba1eb5a9ce740,left,ok,0.321018,247,440,0.414581,440,b91b7a742059df5dbba3749723908dd005c36e9717ddd09cd7dd40ec930a9aea,true,/cpfs/user/zhuzihou/assets/dedup_workspaces/test0_transitive_apply_parallel/dataset/GRScenes_assets/cabinet/88bb09c6bf53f7b7cccba1eb5a9ce740/left.png
cabinet,88bb09c6bf53f7b7cccba1eb5a9ce740,back,ok,0.445332,387,374,0.552132,387,97a0c28b1befdfca7444a7fe4672c5a4e1dae5c69189f7d9b5a7d5fc0a5025c6,true,/cpfs/user/zhuzihou/assets/dedup_workspaces/test0_transitive_apply_parallel/dataset/GRScenes_assets/cabinet/88bb09c6bf53f7b7cccba1eb5a9ce740/back.png
cabinet,88bb09c6bf53f7b7cccba1eb5a9ce740,right,ok,0.279171,236,439,0.395218,439,8046ce5e6c18d185c3bf6531c72e8e2a0575e941fdd96e90c47d630d029fab28,true,/cpfs/user/zhuzihou/assets/dedup_workspaces/test0_transitive_apply_parallel/dataset/GRScenes_assets/cabinet/88bb09c6bf53f7b7cccba1eb5a9ce740/right.png
cabinet,8930f9ed0c0eed79aac523b4fc8ee706,front,ok,0.484180,407,389,0.603954,407,e9707715a8f4f4c55711c2d9d5fa6dfe21484a14b7c1c27729d667679bdd3ae9,true,/cpfs/user/zhuzihou/assets/dedup_workspaces/test0_transitive_apply_parallel/dataset/GRScenes_assets/cabinet/8930f9ed0c0eed79aac523b4fc8ee706/front.png
cabinet,8930f9ed0c0eed79aac523b4fc8ee706,left,ok,0.477699,403,388,0.596481,403,0adfac02b0d405c03eedb497cebc794f8c8cfeeebac0d2739b3c71169a348e25,true,/cpfs/user/zhuzihou/assets/dedup_workspaces/test0_transitive_apply_parallel/dataset/GRScenes_assets/cabinet/8930f9ed0c0eed79aac523b4fc8ee706/left.png
cabinet,8930f9ed0c0eed79aac523b4fc8ee706,back,ok,0.471466,400,385,0.587463,400,407ad09aaf73b06fe326a2a5f49e107f357bba01eb0cd3da8dbae9e2e6bd2eb3,true,/cpfs/user/zhuzihou/assets/dedup_workspaces/test0_transitive_apply_parallel/dataset/GRScenes_assets/cabinet/8930f9ed0c0eed79aac523b4fc8ee706/back.png
cabinet,8930f9ed0c0eed79aac523b4fc8ee706,right,ok,0.478832,406,385,0.596275,406,998fd9637d8a10719227bd45cde06b956303c0156c3f2c63637896b3857d0ca4,true,/cpfs/user/zhuzihou/assets/dedup_workspaces/test0_transitive_apply_parallel/dataset/GRScenes_assets/cabinet/8930f9ed0c0eed79aac523b4fc8ee706/right.png
cabinet,8a98511c3ae088e615b8a0e736c1e446,front,ok,0.243229,510,135,0.262642,510,824e7e810a4658cdb89e55668d08af7608a3f307862437e3d1803e5da2edc784,true,/cpfs/user/zhuzihou/assets/dedup_workspaces/test0_transitive_apply_parallel/dataset/GRScenes_assets/cabinet/8a98511c3ae088e615b8a0e736c1e446/front.png
cabinet,8a98511c3ae088e615b8a0e736c1e446,left,ok,0.154968,141,383,0.206005,383,909d5b15f190460a1e95f51437eda1cb15976ceca838a8e91d92ab9318b4e49b,true,/cpfs/user/zhuzihou/assets/dedup_workspaces/test0_transitive_apply_parallel/dataset/GRScenes_assets/cabinet/8a98511c3ae088e615b8a0e736c1e446/left.png
cabinet,8a98511c3ae088e615b8a0e736c1e446,back,ok,0.243511,507,135,0.261097,507,d6f33506f1c2b8b1c7ee1f7d67b4b49c51c6aee94ea030de781d1917cb36c977,true,/cpfs/user/zhuzihou/assets/dedup_workspaces/test0_transitive_apply_parallel/dataset/GRScenes_assets/cabinet/8a98511c3ae088e615b8a0e736c1e446/back.png
cabinet,8a98511c3ae088e615b8a0e736c1e446,right,ok,0.158386,143,383,0.208927,383,c5e60e54855987aea062e2d077075ea4dd2f191858da84965ee67d63dc7b524a,true,/cpfs/user/zhuzihou/assets/dedup_workspaces/test0_transitive_apply_parallel/dataset/GRScenes_assets/cabinet/8a98511c3ae088e615b8a0e736c1e446/right.png
cabinet,8ba1e86a4173bffdb423583fd9523791,front,ok,0.281910,487,170,0.315819,487,7efda7790ec5147e9941aa0143fa6daea7c481128deed8c64673ef0728cb1095,true,/cpfs/user/zhuzihou/assets/dedup_workspaces/test0_transitive_apply_parallel/dataset/GRScenes_assets/cabinet/8ba1e86a4173bffdb423583fd9523791/front.png
cabinet,8ba1e86a4173bffdb423583fd9523791,left,ok,0.290730,332,306,0.387543,332,ddddf8a9170dcbf739a20cb662e411f04944e30c96dc99c0d2e5b8b69ae3942f,true,/cpfs/user/zhuzihou/assets/dedup_workspaces/test0_transitive_apply_parallel/dataset/GRScenes_assets/cabinet/8ba1e86a4173bffdb423583fd9523791/left.png
cabinet,8ba1e86a4173bffdb423583fd9523791,back,ok,0.277340,512,160,0.312500,512,be7957827298e459b6d7378eccd5d183aae86de89cac88a3c6dda6b9cba2d67c,true,/cpfs/user/zhuzihou/assets/dedup_workspaces/test0_transitive_apply_parallel/dataset/GRScenes_assets/cabinet/8ba1e86a4173bffdb423583fd9523791/back.png
cabinet,8ba1e86a4173bffdb423583fd9523791,right,ok,0.304970,346,308,0.406525,346,a119456a04c86b99f1778d02a59b93150cf1e7ebf926b2261e705501bd9b123d,true,/cpfs/user/zhuzihou/assets/dedup_workspaces/test0_transitive_apply_parallel/dataset/GRScenes_assets/cabinet/8ba1e86a4173bffdb423583fd9523791/right.png
cabinet,8cd6c599d457afb959710fe52f6a50fb,front,ok,0.304893,320,327,0.399170,327,8d6b9033ec06da0dcfb4fd7e12ca3e2b9dfb8f69c24c7d86cad72a23f2a79f7b,true,/cpfs/user/zhuzihou/assets/dedup_workspaces/test0_transitive_apply_parallel/dataset/GRScenes_assets/cabinet/8cd6c599d457afb959710fe52f6a50fb/front.png
cabinet,8cd6c599d457afb959710fe52f6a50fb,left,ok,0.292854,512,166,0.324219,512,4b1502c8b29a974d8a7c6442bc545e8ccb474430578511d01680da0e1776de61,true,/cpfs/user/zhuzihou/assets/dedup_workspaces/test0_transitive_apply_parallel/dataset/GRScenes_assets/cabinet/8cd6c599d457afb959710fe52f6a50fb/left.png
cabinet,8cd6c599d457afb959710fe52f6a50fb,back,ok,0.304913,320,327,0.399170,327,aee6a03da401628231f3ae905d34ec9174a55cd839fe2c216b61f32eba3aecfe,true,/cpfs/user/zhuzihou/assets/dedup_workspaces/test0_transitive_apply_parallel/dataset/GRScenes_assets/cabinet/8cd6c599d457afb959710fe52f6a50fb/back.png
cabinet,8cd6c599d457afb959710fe52f6a50fb,right,ok,0.292854,512,166,0.324219,512,e9d9619ed3963a1521db0699a1cfc148fdeac4679196f10175b690a4342150e0,true,/cpfs/user/zhuzihou/assets/dedup_workspaces/test0_transitive_apply_parallel/dataset/GRScenes_assets/cabinet/8cd6c599d457afb959710fe52f6a50fb/right.png
cabinet,8d9bf097e3916e58f3ded896d38cad70,front,ok,0.148285,282,346,0.372208,346,27a03f1418a7a2eab9447762a7533120d6547503279f8f8c3a449d5600cc5473,true,/cpfs/user/zhuzihou/assets/dedup_workspaces/test0_transitive_apply_parallel/dataset/GRScenes_assets/cabinet/8d9bf097e3916e58f3ded896d38cad70/front.png
cabinet,8d9bf097e3916e58f3ded896d38cad70,left,ok,0.149368,512,161,0.314453,512,80a44b3900849941d27b43ee6fc5e18065e59855fa14e0e324e382a008e08f96,true,/cpfs/user/zhuzihou/assets/dedup_workspaces/test0_transitive_apply_parallel/dataset/GRScenes_assets/cabinet/8d9bf097e3916e58f3ded896d38cad70/left.png
cabinet,8d9bf097e3916e58f3ded896d38cad70,back,ok,0.148308,282,346,0.372208,346,2b956e5aa21fec2994269abf0f2dc91ceed9e060a4b8b8e8a84f502a93ac2a05,true,/cpfs/user/zhuzihou/assets/dedup_workspaces/test0_transitive_apply_parallel/dataset/GRScenes_assets/cabinet/8d9bf097e3916e58f3ded896d38cad70/back.png
cabinet,8d9bf097e3916e58f3ded896d38cad70,right,ok,0.180550,512,161,0.314453,512,703379b8af6d4d42d24cf1ad619f91f3f5cfa80bafa8c0562690186ba5b8faf7,true,/cpfs/user/zhuzihou/assets/dedup_workspaces/test0_transitive_apply_parallel/dataset/GRScenes_assets/cabinet/8d9bf097e3916e58f3ded896d38cad70/right.png
cabinet,8dd7c68bf6d5d7d4d72d5f604c987997,front,ok,0.393322,352,351,0.471313,352,7836c9fe87878e271b543567062cdfe25211c16e2abcc5e3a8aa22d9d28800b5,true,/cpfs/user/zhuzihou/assets/dedup_workspaces/test0_transitive_apply_parallel/dataset/GRScenes_assets/cabinet/8dd7c68bf6d5d7d4d72d5f604c987997/front.png
cabinet,8dd7c68bf6d5d7d4d72d5f604c987997,left,ok,0.155354,142,449,0.243217,449,77713d2fa1762461bc4ac48ddabd2181a4e175dfed5534530913c1072d854a33,true,/cpfs/user/zhuzihou/assets/dedup_workspaces/test0_transitive_apply_parallel/dataset/GRScenes_assets/cabinet/8dd7c68bf6d5d7d4d72d5f604c987997/left.png
cabinet,8dd7c68bf6d5d7d4d72d5f604c987997,back,ok,0.407211,398,331,0.502541,398,fce7d6d2e4e8fcfcd4789506fafa090ff1b27d15d32cb4bc5459c3b7200a7d12,true,/cpfs/user/zhuzihou/assets/dedup_workspaces/test0_transitive_apply_parallel/dataset/GRScenes_assets/cabinet/8dd7c68bf6d5d7d4d72d5f604c987997/back.png
cabinet,8dd7c68bf6d5d7d4d72d5f604c987997,right,ok,0.164078,151,449,0.258633,449,b7fda514d193bf17776c589c38e15dd5d443e2b5a7fdd055209ec9a15f507be9,true,/cpfs/user/zhuzihou/assets/dedup_workspaces/test0_transitive_apply_parallel/dataset/GRScenes_assets/cabinet/8dd7c68bf6d5d7d4d72d5f604c987997/right.png
cabinet,8f9b8decb902019cfee17b8813d2ac0a,front,ok,0.260483,300,304,0.347900,304,2f93c2454ecbc321f4d3da33f0f8656632b9b241d7ab8c874f28cefd10104268,true,/cpfs/user/zhuzihou/assets/dedup_workspaces/test0_transitive_apply_parallel/dataset/GRScenes_assets/cabinet/8f9b8decb902019cfee17b8813d2ac0a/front.png
cabinet,8f9b8decb902019cfee17b8813d2ac0a,left,ok,0.226513,512,131,0.255859,512,bad03262b564986dbc2668324e46b4d72f2eb4989a97bffa8ae046fa6c0f2ef5,true,/cpfs/user/zhuzihou/assets/dedup_workspaces/test0_transitive_apply_parallel/dataset/GRScenes_assets/cabinet/8f9b8decb902019cfee17b8813d2ac0a/left.png
cabinet,8f9b8decb902019cfee17b8813d2ac0a,back,ok,0.260483,300,304,0.347900,304,35dffd24b13632096f6a66449e42c11047db5f0488bdd5ce39e40970f3bc2625,true,/cpfs/user/zhuzihou/assets/dedup_workspaces/test0_transitive_apply_parallel/dataset/GRScenes_assets/cabinet/8f9b8decb902019cfee17b8813d2ac0a/back.png
cabinet,8f9b8decb902019cfee17b8813d2ac0a,right,ok,0.226509,512,131,0.255859,512,2d4478a06f83c28fa1b31dc9ccca2a4e6d9665a3e4f35e1713f67dd1a3b2031c,true,/cpfs/user/zhuzihou/assets/dedup_workspaces/test0_transitive_apply_parallel/dataset/GRScenes_assets/cabinet/8f9b8decb902019cfee17b8813d2ac0a/right.png
cabinet,8fa68650bc1788d9bba464d3c7e60bce,front,ok,0.408371,494,259,0.488075,494,452492533ca6c035be9fa8fb6cffc69b1a99758023dba68e23014d243321c001,true,/cpfs/user/zhuzihou/assets/dedup_workspaces/test0_transitive_apply_parallel/dataset/GRScenes_assets/cabinet/8fa68650bc1788d9bba464d3c7e60bce/front.png
cabinet,8fa68650bc1788d9bba464d3c7e60bce,left,ok,0.410366,448,297,0.507568,448,4b213d57affa8ae20c9b2ad698f7cd6c8596d80f159f64700454a6c0c08c369a,true,/cpfs/user/zhuzihou/assets/dedup_workspaces/test0_transitive_apply_parallel/dataset/GRScenes_assets/cabinet/8fa68650bc1788d9bba464d3c7e60bce/left.png
cabinet,8fa68650bc1788d9bba464d3c7e60bce,back,ok,0.408379,494,259,0.488075,494,f131c77a35122979fb4f8582fb249e2852584ff54ce724df25d4cea39691c021,true,/cpfs/user/zhuzihou/assets/dedup_workspaces/test0_transitive_apply_parallel/dataset/GRScenes_assets/cabinet/8fa68650bc1788d9bba464d3c7e60bce/back.png
cabinet,8fa68650bc1788d9bba464d3c7e60bce,right,ok,0.410484,448,301,0.514404,448,c59cd3a92795e0944654005277077b470c0b48b1bfdca39add54f57b5239919a,true,/cpfs/user/zhuzihou/assets/dedup_workspaces/test0_transitive_apply_parallel/dataset/GRScenes_assets/cabinet/8fa68650bc1788d9bba464d3c7e60bce/right.png
cabinet,900ee8fbd2567d272076f45067dbec83,front,ok,0.427227,421,366,0.587791,421,2c3d6d910bb92dba52aa87d0f38c2253c2031f2b6d693e806ab56a20358ab0b8,true,/cpfs/user/zhuzihou/assets/dedup_workspaces/test0_transitive_apply_parallel/dataset/GRScenes_assets/cabinet/900ee8fbd2567d272076f45067dbec83/front.png
cabinet,900ee8fbd2567d272076f45067dbec83,left,ok,0.352093,301,402,0.461586,402,220696d952ba2eefa4c1453070f89ae5e9e960d9c4a1e7e6d6d4fbd14b5aab09,true,/cpfs/user/zhuzihou/assets/dedup_workspaces/test0_transitive_apply_parallel/dataset/GRScenes_assets/cabinet/900ee8fbd2567d272076f45067dbec83/left.png
cabinet,900ee8fbd2567d272076f45067dbec83,back,ok,0.416626,407,364,0.565140,407,371ddb33e3c7efbb5e55671307d793784a2b01a495502587979baead0a15cf74,true,/cpfs/user/zhuzihou/assets/dedup_workspaces/test0_transitive_apply_parallel/dataset/GRScenes_assets/cabinet/900ee8fbd2567d272076f45067dbec83/back.png
cabinet,900ee8fbd2567d272076f45067dbec83,right,ok,0.390438,348,397,0.527023,397,585515ebc0c02797de0f0e0a1e419084b6a3b95d89428c3a95228f97d87adedc,true,/cpfs/user/zhuzihou/assets/dedup_workspaces/test0_transitive_apply_parallel/dataset/GRScenes_assets/cabinet/900ee8fbd2567d272076f45067dbec83/right.png
cabinet,9011eef1954f72bed942e6bc9ec9f13f,front,ok,0.198349,210,339,0.271568,339,8ed79d662ae3db2cc16bfddb6f24c8c9f77c27c2a52ba304a4efb17bc39a52be,true,/cpfs/user/zhuzihou/assets/dedup_workspaces/test0_transitive_apply_parallel/dataset/GRScenes_assets/cabinet/9011eef1954f72bed942e6bc9ec9f13f/front.png
cabinet,9011eef1954f72bed942e6bc9ec9f13f,left,ok,0.217491,498,154,0.292557,498,8a92547d8f9332d491f4b529306ff02f44eac45c1abaf277930daddda44a2385,true,/cpfs/user/zhuzihou/assets/dedup_workspaces/test0_transitive_apply_parallel/dataset/GRScenes_assets/cabinet/9011eef1954f72bed942e6bc9ec9f13f/left.png
cabinet,9011eef1954f72bed942e6bc9ec9f13f,back,ok,0.197029,188,373,0.267502,373,96d89ac10b7522e7badd0d5a6b0a2798ca0174238e6a958be78540b26e1f0209,true,/cpfs/user/zhuzihou/assets/dedup_workspaces/test0_transitive_apply_parallel/dataset/GRScenes_assets/cabinet/9011eef1954f72bed942e6bc9ec9f13f/back.png
cabinet,9011eef1954f72bed942e6bc9ec9f13f,right,ok,0.217579,498,154,0.292557,498,23cc8e521a77e12cf387a42192b07fb1d6fac065792ec85cdb7c13c4d7eaf5b2,true,/cpfs/user/zhuzihou/assets/dedup_workspaces/test0_transitive_apply_parallel/dataset/GRScenes_assets/cabinet/9011eef1954f72bed942e6bc9ec9f13f/right.png
cabinet,90a9f663e8862a93aa6f846ac9040917,front,ok,0.342934,490,207,0.386925,490,3259101a763e551ed5477ac44d30275ec1269ca01a4a7eeedad876ac6726cc52,true,/cpfs/user/zhuzihou/assets/dedup_workspaces/test0_transitive_apply_parallel/dataset/GRScenes_assets/cabinet/90a9f663e8862a93aa6f846ac9040917/front.png
cabinet,90a9f663e8862a93aa6f846ac9040917,left,ok,0.119537,96,423,0.154907,423,5e040ff51314f42f1c813a21f293a557c1fc26522d762021fff59197dd18bfe9,true,/cpfs/user/zhuzihou/assets/dedup_workspaces/test0_transitive_apply_parallel/dataset/GRScenes_assets/cabinet/90a9f663e8862a93aa6f846ac9040917/left.png
cabinet,90a9f663e8862a93aa6f846ac9040917,back,ok,0.342930,490,207,0.386925,490,6f90bb19a1e3f3a72e0aac0ce14a045b03fac5f9c52ff84b1cb3ab5d86b9c75e,true,/cpfs/user/zhuzihou/assets/dedup_workspaces/test0_transitive_apply_parallel/dataset/GRScenes_assets/cabinet/90a9f663e8862a93aa6f846ac9040917/back.png
cabinet,90a9f663e8862a93aa6f846ac9040917,right,ok,0.120369,96,423,0.154907,423,43aec08db51859a39f70471cdb97224646d660d5996a18390553300cedc7c062,true,/cpfs/user/zhuzihou/assets/dedup_workspaces/test0_transitive_apply_parallel/dataset/GRScenes_assets/cabinet/90a9f663e8862a93aa6f846ac9040917/right.png
cabinet,90bd496368cdde6e487d5a690f6e5e53,front,ok,0.390079,366,346,0.483078,366,40de1145824c055f1cbb238de61d42e08fdfd6f8ad18cd213627075964a5e487,true,/cpfs/user/zhuzihou/assets/dedup_workspaces/test0_transitive_apply_parallel/dataset/GRScenes_assets/cabinet/90bd496368cdde6e487d5a690f6e5e53/front.png
cabinet,90bd496368cdde6e487d5a690f6e5e53,left,ok,0.118286,89,457,0.155155,457,f199f78896f055cc31ad8f745e2e1dc52a9dfe36c384da9c592cb532e53a35fe,true,/cpfs/user/zhuzihou/assets/dedup_workspaces/test0_transitive_apply_parallel/dataset/GRScenes_assets/cabinet/90bd496368cdde6e487d5a690f6e5e53/left.png
cabinet,90bd496368cdde6e487d5a690f6e5e53,back,ok,0.394756,370,345,0.486946,370,f49b10cfbfa6d80faf9f2a97c4d6ee524788e04e99d26ddbd378f4a9274af9b2,true,/cpfs/user/zhuzihou/assets/dedup_workspaces/test0_transitive_apply_parallel/dataset/GRScenes_assets/cabinet/90bd496368cdde6e487d5a690f6e5e53/back.png
cabinet,90bd496368cdde6e487d5a690f6e5e53,right,ok,0.130081,98,457,0.170845,457,a20cc8c0cfe1170a3e0698df708faba6139b46d3a93f6ec66460f6ac73c111b5,true,/cpfs/user/zhuzihou/assets/dedup_workspaces/test0_transitive_apply_parallel/dataset/GRScenes_assets/cabinet/90bd496368cdde6e487d5a690f6e5e53/right.png
cabinet,91159c28a1f44f95e535f4b8eba7b9cc,front,ok,0.461803,422,377,0.606895,422,061e46a4b4e23808bdbd643ce2274ff6788f293a069f2601b53a31c739fc3459,true,/cpfs/user/zhuzihou/assets/dedup_workspaces/test0_transitive_apply_parallel/dataset/GRScenes_assets/cabinet/91159c28a1f44f95e535f4b8eba7b9cc/front.png
cabinet,91159c28a1f44f95e535f4b8eba7b9cc,left,ok,0.347408,320,416,0.507812,416,180ebe8a525bbbeec3d8535601f2fbc1d9e2fa60643f4612618eef6a5c135f7c,true,/cpfs/user/zhuzihou/assets/dedup_workspaces/test0_transitive_apply_parallel/dataset/GRScenes_assets/cabinet/91159c28a1f44f95e535f4b8eba7b9cc/left.png
cabinet,91159c28a1f44f95e535f4b8eba7b9cc,back,ok,0.416328,410,375,0.586510,410,5608dce63a4cb66a637e3027470578e0b111ff0fb637beb815fa75c0cce3cbb0,true,/cpfs/user/zhuzihou/assets/dedup_workspaces/test0_transitive_apply_parallel/dataset/GRScenes_assets/cabinet/91159c28a1f44f95e535f4b8eba7b9cc/back.png
cabinet,91159c28a1f44f95e535f4b8eba7b9cc,right,ok,0.400074,346,391,0.516075,391,b8e75172c53d8eea857ac24b4a976473f14857c374b1ed605f082e808bf82093,true,/cpfs/user/zhuzihou/assets/dedup_workspaces/test0_transitive_apply_parallel/dataset/GRScenes_assets/cabinet/91159c28a1f44f95e535f4b8eba7b9cc/right.png
cabinet,9194933067d539c87cb9d38c749e5b72,front,ok,0.284519,305,333,0.387440,333,82f880cc64b2393cb832cd0c16a68971abbf1fde9fa4d188618fca886bf727d8,true,/cpfs/user/zhuzihou/assets/dedup_workspaces/test0_transitive_apply_parallel/dataset/GRScenes_assets/cabinet/9194933067d539c87cb9d38c749e5b72/front.png
cabinet,9194933067d539c87cb9d38c749e5b72,left,ok,0.272999,496,169,0.319763,496,e467de90a7ecaeecb26e5a2961b2f13e7973e15c28ac41fe0df67ccc72706838,true,/cpfs/user/zhuzihou/assets/dedup_workspaces/test0_transitive_apply_parallel/dataset/GRScenes_assets/cabinet/9194933067d539c87cb9d38c749e5b72/left.png
cabinet,9194933067d539c87cb9d38c749e5b72,back,ok,0.264305,272,345,0.357971,345,d8d1811975dc5257e29ff0a4f10a34203695a04c3b2de25dd7e32c71cb8be96a,true,/cpfs/user/zhuzihou/assets/dedup_workspaces/test0_transitive_apply_parallel/dataset/GRScenes_assets/cabinet/9194933067d539c87cb9d38c749e5b72/back.png
cabinet,9194933067d539c87cb9d38c749e5b72,right,ok,0.245956,512,170,0.332031,512,3021c4af0a57047d9a78922ac80ee86cb54dcb3cf51e62c9ab85c9cbbb544868,true,/cpfs/user/zhuzihou/assets/dedup_workspaces/test0_transitive_apply_parallel/dataset/GRScenes_assets/cabinet/9194933067d539c87cb9d38c749e5b72/right.png
cabinet,93fecccd09996fba0e5de1088dc1fbb6,front,ok,0.315628,506,180,0.347443,506,c9447d45752a28184de9d674def39060d6e700a530a3d522b0d34d85144c2901,true,/cpfs/user/zhuzihou/assets/dedup_workspaces/test0_transitive_apply_parallel/dataset/GRScenes_assets/cabinet/93fecccd09996fba0e5de1088dc1fbb6/front.png
cabinet,93fecccd09996fba0e5de1088dc1fbb6,left,ok,0.176723,149,405,0.230198,405,3b8afa76bbc037afe962da79155ab19a16fabc1da5caea1f22e794a23a50ea1a,true,/cpfs/user/zhuzihou/assets/dedup_workspaces/test0_transitive_apply_parallel/dataset/GRScenes_assets/cabinet/93fecccd09996fba0e5de1088dc1fbb6/left.png
cabinet,93fecccd09996fba0e5de1088dc1fbb6,back,ok,0.319294,510,181,0.352135,510,5111bb8e2d0514d90546ccc9c050fc3cebc715535fa201823836e82b96b4fe93,true,/cpfs/user/zhuzihou/assets/dedup_workspaces/test0_transitive_apply_parallel/dataset/GRScenes_assets/cabinet/93fecccd09996fba0e5de1088dc1fbb6/back.png
cabinet,93fecccd09996fba0e5de1088dc1fbb6,right,ok,0.178638,151,405,0.233288,405,d259fbb564294d59ba96aaa2fdb51b7aa1ab21369d2149f1e9534b7d16e58f6d,true,/cpfs/user/zhuzihou/assets/dedup_workspaces/test0_transitive_apply_parallel/dataset/GRScenes_assets/cabinet/93fecccd09996fba0e5de1088dc1fbb6/right.png
cabinet,942c942dc312d15b8a1caafbb116c627,front,ok,0.117302,96,409,0.149780,409,6453893d170980fb500346d3a549cf5a2a0cdbb6f1f039cbf6cd3f29b5441592,true,/cpfs/user/zhuzihou/assets/dedup_workspaces/test0_transitive_apply_parallel/dataset/GRScenes_assets/cabinet/942c942dc312d15b8a1caafbb116c627/front.png
cabinet,942c942dc312d15b8a1caafbb116c627,left,ok,0.046349,36,424,0.058228,424,891b7f7b62029912ee6ca2134e498b59153faaf8489ab15b336036b08e91e010,true,/cpfs/user/zhuzihou/assets/dedup_workspaces/test0_transitive_apply_parallel/dataset/GRScenes_assets/cabinet/942c942dc312d15b8a1caafbb116c627/left.png
cabinet,942c942dc312d15b8a1caafbb116c627,back,ok,0.117321,96,409,0.149780,409,398ad737546a488238eb6df4e2b00004e0cfe82471e27aab73f6313e10ca2142,true,/cpfs/user/zhuzihou/assets/dedup_workspaces/test0_transitive_apply_parallel/dataset/GRScenes_assets/cabinet/942c942dc312d15b8a1caafbb116c627/back.png
cabinet,942c942dc312d15b8a1caafbb116c627,right,ok,0.046349,36,424,0.058228,424,0dc3c52caddbe759f670951bd94351a1e753c9e1ab03364082d3fa1e1a6be12c,true,/cpfs/user/zhuzihou/assets/dedup_workspaces/test0_transitive_apply_parallel/dataset/GRScenes_assets/cabinet/942c942dc312d15b8a1caafbb116c627/right.png
cabinet,9576f0512649fa5bd60f104fe698eb61,front,ok,0.193123,508,106,0.205414,508,782654c23da2fff44d4751f251c6d6e39f07860889ca24fa4a0a0d8d1b278ada,true,/cpfs/user/zhuzihou/assets/dedup_workspaces/test0_transitive_apply_parallel/dataset/GRScenes_assets/cabinet/9576f0512649fa5bd60f104fe698eb61/front.png
cabinet,9576f0512649fa5bd60f104fe698eb61,left,ok,0.166912,166,353,0.223534,353,87c6b7fbe76a8219f6b43973f40d9146383393e20e9bff7c0acaa82c17f9de62,true,/cpfs/user/zhuzihou/assets/dedup_workspaces/test0_transitive_apply_parallel/dataset/GRScenes_assets/cabinet/9576f0512649fa5bd60f104fe698eb61/left.png
cabinet,9576f0512649fa5bd60f104fe698eb61,back,ok,0.193123,508,106,0.205414,508,352e4913e1958542857aa85ecac889e283f19143e320d7790ea635801cfaafaf,true,/cpfs/user/zhuzihou/assets/dedup_workspaces/test0_transitive_apply_parallel/dataset/GRScenes_assets/cabinet/9576f0512649fa5bd60f104fe698eb61/back.png
cabinet,9576f0512649fa5bd60f104fe698eb61,right,ok,0.166912,166,353,0.223534,353,64930b04b98afc4b4a433072f06149a77d4bb4c7b4fd6d1158d215d19a440cbe,true,/cpfs/user/zhuzihou/assets/dedup_workspaces/test0_transitive_apply_parallel/dataset/GRScenes_assets/cabinet/9576f0512649fa5bd60f104fe698eb61/right.png
cabinet,959ca935e4b5488b86cdf2d9651195fa,front,ok,0.354584,512,202,0.394531,512,cb4fb2f7fb80ced9069fd1b43e54af2133127516fd3e88e20569a1e928022a19,true,/cpfs/user/zhuzihou/assets/dedup_workspaces/test0_transitive_apply_parallel/dataset/GRScenes_assets/cabinet/959ca935e4b5488b86cdf2d9651195fa/front.png
cabinet,959ca935e4b5488b86cdf2d9651195fa,left,ok,0.227036,190,408,0.295715,408,d036efb519297a89cafe5d27a0b89b330232b31c2b0fab0f438ee0d8c4b85f54,true,/cpfs/user/zhuzihou/assets/dedup_workspaces/test0_transitive_apply_parallel/dataset/GRScenes_assets/cabinet/959ca935e4b5488b86cdf2d9651195fa/left.png
cabinet,959ca935e4b5488b86cdf2d9651195fa,back,ok,0.350330,505,202,0.389137,505,f68fb7913454b809bacc91309ca5333a4f8b5c1968bc7351b88d1ddacb83bb3f,true,/cpfs/user/zhuzihou/assets/dedup_workspaces/test0_transitive_apply_parallel/dataset/GRScenes_assets/cabinet/959ca935e4b5488b86cdf2d9651195fa/back.png
cabinet,959ca935e4b5488b86cdf2d9651195fa,right,ok,0.222454,188,408,0.292603,408,544bcbb275c4866b21c643b3eef9ea7b30b169ebe2e25b8656a205a09f37c113,true,/cpfs/user/zhuzihou/assets/dedup_workspaces/test0_transitive_apply_parallel/dataset/GRScenes_assets/cabinet/959ca935e4b5488b86cdf2d9651195fa/right.png
cabinet,972ae276ed48f8306f8a4ef2bcadaee8,front,ok,0.381790,420,303,0.485458,420,f62efabf5e581e06f94a6daa1409fb05eaa612c22275d3d680a07ce0ba8e2901,true,/cpfs/user/zhuzihou/assets/dedup_workspaces/test0_transitive_apply_parallel/dataset/GRScenes_assets/cabinet/972ae276ed48f8306f8a4ef2bcadaee8/front.png
cabinet,972ae276ed48f8306f8a4ef2bcadaee8,left,ok,0.372650,512,223,0.435547,512,e0cbcf7cea5cfa72519f72b9610c25b1aeef4c41cdc54a2185995b83c02a4bdc,true,/cpfs/user/zhuzihou/assets/dedup_workspaces/test0_transitive_apply_parallel/dataset/GRScenes_assets/cabinet/972ae276ed48f8306f8a4ef2bcadaee8/left.png
cabinet,972ae276ed48f8306f8a4ef2bcadaee8,back,ok,0.381805,420,303,0.485458,420,34344ebcdc3c186726859652caba8ee40c58b854bdc3d4cd30cb0594a26a9792,true,/cpfs/user/zhuzihou/assets/dedup_workspaces/test0_transitive_apply_parallel/dataset/GRScenes_assets/cabinet/972ae276ed48f8306f8a4ef2bcadaee8/back.png
cabinet,972ae276ed48f8306f8a4ef2bcadaee8,right,ok,0.372639,512,223,0.435547,512,941d88ec818035453a44750cd828ed4c23551dbbacfe66cfbda5db0840e7e4d5,true,/cpfs/user/zhuzihou/assets/dedup_workspaces/test0_transitive_apply_parallel/dataset/GRScenes_assets/cabinet/972ae276ed48f8306f8a4ef2bcadaee8/right.png
cabinet,97e4e6fdba132273eb1553b855eac208,front,ok,0.225552,508,124,0.240295,508,1572bf582e5de7b7f5aad2a715caac53ca4e932b4203805bef5b5f07a01cc51b,true,/cpfs/user/zhuzihou/assets/dedup_workspaces/test0_transitive_apply_parallel/dataset/GRScenes_assets/cabinet/97e4e6fdba132273eb1553b855eac208/front.png
cabinet,97e4e6fdba132273eb1553b855eac208,left,ok,0.157032,146,375,0.208855,375,adeaeaf6caad482f643e0becb2446fab2d2726ee132913e1c27886ad77a83ef7,true,/cpfs/user/zhuzihou/assets/dedup_workspaces/test0_transitive_apply_parallel/dataset/GRScenes_assets/cabinet/97e4e6fdba132273eb1553b855eac208/left.png
cabinet,97e4e6fdba132273eb1553b855eac208,back,ok,0.225552,508,124,0.240295,508,6a4eb2edf630c31afc9c2fafc097a8c33545287a1fa962139c68e1927bed141d,true,/cpfs/user/zhuzihou/assets/dedup_workspaces/test0_transitive_apply_parallel/dataset/GRScenes_assets/cabinet/97e4e6fdba132273eb1553b855eac208/back.png
cabinet,97e4e6fdba132273eb1553b855eac208,right,ok,0.157028,146,375,0.208855,375,d1bdfe120995314489ef53ab32ae27a624e9861bd7b971bbd59b8fac5c8d24d0,true,/cpfs/user/zhuzihou/assets/dedup_workspaces/test0_transitive_apply_parallel/dataset/GRScenes_assets/cabinet/97e4e6fdba132273eb1553b855eac208/right.png
cabinet,9848d2dcbb92abf6f0f1ea396f50ef27,front,ok,0.427715,435,343,0.569172,435,52c0ec3fc1f14b89da20e64c7ee0e6c0a91ab19e05b408fc208d5f35016943af,true,/cpfs/user/zhuzihou/assets/dedup_workspaces/test0_transitive_apply_parallel/dataset/GRScenes_assets/cabinet/9848d2dcbb92abf6f0f1ea396f50ef27/front.png
cabinet,9848d2dcbb92abf6f0f1ea396f50ef27,left,ok,0.410496,424,321,0.519196,424,e4fce961fc248b91892ca111f5cab1a2cba44a818b8d1083f399e16d028beccf,true,/cpfs/user/zhuzihou/assets/dedup_workspaces/test0_transitive_apply_parallel/dataset/GRScenes_assets/cabinet/9848d2dcbb92abf6f0f1ea396f50ef27/left.png
cabinet,9848d2dcbb92abf6f0f1ea396f50ef27,back,ok,0.419334,433,343,0.566555,433,45a1efab98f90a06414cf3bf3959fb9503ac1af8701cdc83c3007e5faac82d7e,true,/cpfs/user/zhuzihou/assets/dedup_workspaces/test0_transitive_apply_parallel/dataset/GRScenes_assets/cabinet/9848d2dcbb92abf6f0f1ea396f50ef27/back.png
cabinet,9848d2dcbb92abf6f0f1ea396f50ef27,right,ok,0.466908,480,311,0.569458,480,98e7616a11255bd542830e6e27806f005453134b547827eb7bcae357af1b0055,true,/cpfs/user/zhuzihou/assets/dedup_workspaces/test0_transitive_apply_parallel/dataset/GRScenes_assets/cabinet/9848d2dcbb92abf6f0f1ea396f50ef27/right.png
cabinet,98ed5ebf9a72b42a09a1dd23017ffd61,front,ok,0.461639,468,319,0.569504,468,cf8d772e36d43fc41f0145929c8efd036c5d8167a2239f62d9f1310b424cdfa7,true,/cpfs/user/zhuzihou/assets/dedup_workspaces/test0_transitive_apply_parallel/dataset/GRScenes_assets/cabinet/98ed5ebf9a72b42a09a1dd23017ffd61/front.png
cabinet,98ed5ebf9a72b42a09a1dd23017ffd61,left,ok,0.463497,502,292,0.559174,502,8fc444266c853b4f2c6839d6720fa6f4fcae01ed46ba382d88fbc3e33d5362c0,true,/cpfs/user/zhuzihou/assets/dedup_workspaces/test0_transitive_apply_parallel/dataset/GRScenes_assets/cabinet/98ed5ebf9a72b42a09a1dd23017ffd61/left.png
cabinet,98ed5ebf9a72b42a09a1dd23017ffd61,back,ok,0.461723,468,319,0.569504,468,0fe8dc9da99198eba9197f4edb27b80c831a2cd92a41b8536bf4224474b66e47,true,/cpfs/user/zhuzihou/assets/dedup_workspaces/test0_transitive_apply_parallel/dataset/GRScenes_assets/cabinet/98ed5ebf9a72b42a09a1dd23017ffd61/back.png
cabinet,98ed5ebf9a72b42a09a1dd23017ffd61,right,ok,0.457874,502,288,0.551514,502,3c02cfc65486ad03ddcb120c23c13fe22516515a93bd0e4d0d91b60203829a43,true,/cpfs/user/zhuzihou/assets/dedup_workspaces/test0_transitive_apply_parallel/dataset/GRScenes_assets/cabinet/98ed5ebf9a72b42a09a1dd23017ffd61/right.png
cabinet,99c96ba270909e1bb217beeac2253c4e,front,ok,0.239273,194,415,0.307121,415,e3db6f7e48e69c8589bdd0b1ba551ce6a751f29549f12384167cb611f5f86c4e,true,/cpfs/user/zhuzihou/assets/dedup_workspaces/test0_transitive_apply_parallel/dataset/GRScenes_assets/cabinet/99c96ba270909e1bb217beeac2253c4e/front.png
cabinet,99c96ba270909e1bb217beeac2253c4e,left,ok,0.142086,107,443,0.180820,443,b87f5b4fc67c3aec55c9f10f499b40b3c418943f84f853d4575c2eedc613d9e3,true,/cpfs/user/zhuzihou/assets/dedup_workspaces/test0_transitive_apply_parallel/dataset/GRScenes_assets/cabinet/99c96ba270909e1bb217beeac2253c4e/left.png
cabinet,99c96ba270909e1bb217beeac2253c4e,back,ok,0.223560,182,415,0.288124,415,bd99cf3a5e8729731148435b367212d1acd5b00ef01f97e5045fc76f60a258fa,true,/cpfs/user/zhuzihou/assets/dedup_workspaces/test0_transitive_apply_parallel/dataset/GRScenes_assets/cabinet/99c96ba270909e1bb217beeac2253c4e/back.png
cabinet,99c96ba270909e1bb217beeac2253c4e,right,ok,0.137062,107,443,0.180820,443,705a0f67256ac820f1b21cea7b106ecc1766fb4dbe9b59afd3995d76d5f00090,true,/cpfs/user/zhuzihou/assets/dedup_workspaces/test0_transitive_apply_parallel/dataset/GRScenes_assets/cabinet/99c96ba270909e1bb217beeac2253c4e/right.png
cabinet,9a2349223513f02d2bc0f52f0d12c1c9,front,ok,0.390667,361,356,0.490250,361,15df6950ed4621fffa6d7e74c3dedac2fca5610316f001f7674fae5e1869675c,true,/cpfs/user/zhuzihou/assets/dedup_workspaces/test0_transitive_apply_parallel/dataset/GRScenes_assets/cabinet/9a2349223513f02d2bc0f52f0d12c1c9/front.png
cabinet,9a2349223513f02d2bc0f52f0d12c1c9,left,ok,0.237167,188,448,0.321289,448,2acaf50ea435db67d4acac23fc55899b99d72f75e342ad33681bbd2080cdffdb,true,/cpfs/user/zhuzihou/assets/dedup_workspaces/test0_transitive_apply_parallel/dataset/GRScenes_assets/cabinet/9a2349223513f02d2bc0f52f0d12c1c9/left.png
cabinet,9a2349223513f02d2bc0f52f0d12c1c9,back,ok,0.364559,316,377,0.454453,377,ca94f7db2e75d45a164649f4116e406b21cd9b5652cba58203af86810b64a1e3,true,/cpfs/user/zhuzihou/assets/dedup_workspaces/test0_transitive_apply_parallel/dataset/GRScenes_assets/cabinet/9a2349223513f02d2bc0f52f0d12c1c9/back.png
cabinet,9a2349223513f02d2bc0f52f0d12c1c9,right,ok,0.222794,181,448,0.309326,448,12fbb58f62b27596ad19636a25c177fd717c4accf751abcba6cd89f7b3761bc2,true,/cpfs/user/zhuzihou/assets/dedup_workspaces/test0_transitive_apply_parallel/dataset/GRScenes_assets/cabinet/9a2349223513f02d2bc0f52f0d12c1c9/right.png
cabinet,9a353a5b701d12e61c6a1a8a720790ae,front,ok,0.397858,376,340,0.487671,376,bcd97a2778d3fadb94e291af79fbb43299942a49e70a1b8c4984f1e985c06dab,true,/cpfs/user/zhuzihou/assets/dedup_workspaces/test0_transitive_apply_parallel/dataset/GRScenes_assets/cabinet/9a353a5b701d12e61c6a1a8a720790ae/front.png
cabinet,9a353a5b701d12e61c6a1a8a720790ae,left,ok,0.131683,98,457,0.170845,457,cd0bee6133a60bb93175d967da6b9db7e9b7192949760a157f16368fb9c9a347,true,/cpfs/user/zhuzihou/assets/dedup_workspaces/test0_transitive_apply_parallel/dataset/GRScenes_assets/cabinet/9a353a5b701d12e61c6a1a8a720790ae/left.png
cabinet,9a353a5b701d12e61c6a1a8a720790ae,back,ok,0.399315,378,341,0.491707,378,cf0d6d2e104ff2906e5d331b5163f84bf0789402b816861402d411a18f35e119,true,/cpfs/user/zhuzihou/assets/dedup_workspaces/test0_transitive_apply_parallel/dataset/GRScenes_assets/cabinet/9a353a5b701d12e61c6a1a8a720790ae/back.png
cabinet,9a353a5b701d12e61c6a1a8a720790ae,right,ok,0.131680,98,457,0.170845,457,ac173cf670c1282743a36cc19accb7ae1a525a4a41f19f0bc5b3a266554e29f3,true,/cpfs/user/zhuzihou/assets/dedup_workspaces/test0_transitive_apply_parallel/dataset/GRScenes_assets/cabinet/9a353a5b701d12e61c6a1a8a720790ae/right.png
cabinet,9ca88573bad3496ee48a3045245d193b,front,ok,0.430790,476,279,0.506607,476,9e685891cbe6c2e231318bc179c8237693b6ba974cf8983943fbc82683bb9f89,true,/cpfs/user/zhuzihou/assets/dedup_workspaces/test0_transitive_apply_parallel/dataset/GRScenes_assets/cabinet/9ca88573bad3496ee48a3045245d193b/front.png
cabinet,9ca88573bad3496ee48a3045245d193b,left,ok,0.223721,172,441,0.289352,441,450494c62dcfa4f08c1a55b36389aef4d366d21467e0cfc801f9c1c777882da0,true,/cpfs/user/zhuzihou/assets/dedup_workspaces/test0_transitive_apply_parallel/dataset/GRScenes_assets/cabinet/9ca88573bad3496ee48a3045245d193b/left.png
cabinet,9ca88573bad3496ee48a3045245d193b,back,ok,0.431847,477,279,0.507671,477,1d94d2451152b54910618ee5dc9c83b303c72a52f8b7ae6b20c0d9e73817d60b,true,/cpfs/user/zhuzihou/assets/dedup_workspaces/test0_transitive_apply_parallel/dataset/GRScenes_assets/cabinet/9ca88573bad3496ee48a3045245d193b/back.png
cabinet,9ca88573bad3496ee48a3045245d193b,right,ok,0.223701,172,441,0.289352,441,c187be12718f1c91b5a0e8ebd62ef3971e3ec04ed5d33a794ea958e3dce797ea,true,/cpfs/user/zhuzihou/assets/dedup_workspaces/test0_transitive_apply_parallel/dataset/GRScenes_assets/cabinet/9ca88573bad3496ee48a3045245d193b/right.png
cabinet,9cbd2f08a6d994a11621b492564278c6,front,ok,0.406425,354,374,0.505051,374,9850899199cbcfe432b2c3623fbab7c7eb07b18bc7a5d3e4bfb059a59a8ac2dc,true,/cpfs/user/zhuzihou/assets/dedup_workspaces/test0_transitive_apply_parallel/dataset/GRScenes_assets/cabinet/9cbd2f08a6d994a11621b492564278c6/front.png
cabinet,9cbd2f08a6d994a11621b492564278c6,left,ok,0.237793,178,447,0.303520,447,6a7f13aa8b031dce1f4562013a20bf9609da4ce0bda5c2e54fb74d0ef6c9183a,true,/cpfs/user/zhuzihou/assets/dedup_workspaces/test0_transitive_apply_parallel/dataset/GRScenes_assets/cabinet/9cbd2f08a6d994a11621b492564278c6/left.png
cabinet,9cbd2f08a6d994a11621b492564278c6,back,ok,0.414520,360,376,0.516357,376,46b044549bc363598328bf16f25b898ab7569c4b2058769304e303bfbde541ce,true,/cpfs/user/zhuzihou/assets/dedup_workspaces/test0_transitive_apply_parallel/dataset/GRScenes_assets/cabinet/9cbd2f08a6d994a11621b492564278c6/back.png
cabinet,9cbd2f08a6d994a11621b492564278c6,right,ok,0.244759,186,447,0.317162,447,7c9c63ba084573d07bbae387a8579973a414023f2ff05686fd575ad3d660da80,true,/cpfs/user/zhuzihou/assets/dedup_workspaces/test0_transitive_apply_parallel/dataset/GRScenes_assets/cabinet/9cbd2f08a6d994a11621b492564278c6/right.png
cabinet,9d13522457431bd69b4e9ce148db2a2f,front,ok,0.148815,276,363,0.382187,363,2916b9216d34dd5297dbe7f9529e86e8c60c0ca251e374661ecb6ea616d0a8d2,true,/cpfs/user/zhuzihou/assets/dedup_workspaces/test0_transitive_apply_parallel/dataset/GRScenes_assets/cabinet/9d13522457431bd69b4e9ce148db2a2f/front.png
cabinet,9d13522457431bd69b4e9ce148db2a2f,left,ok,0.006973,4,457,0.006973,457,fc56cf8fb936404e2b034b46509c92f8ecfe80576c847e174ffb997ce7403c65,true,/cpfs/user/zhuzihou/assets/dedup_workspaces/test0_transitive_apply_parallel/dataset/GRScenes_assets/cabinet/9d13522457431bd69b4e9ce148db2a2f/left.png
cabinet,9d13522457431bd69b4e9ce148db2a2f,back,ok,0.303783,276,363,0.382187,363,d5acbe08f0e4e78c2a5a820b9a81b04db962914292b4507ea27389103880e5a0,true,/cpfs/user/zhuzihou/assets/dedup_workspaces/test0_transitive_apply_parallel/dataset/GRScenes_assets/cabinet/9d13522457431bd69b4e9ce148db2a2f/back.png
cabinet,9d13522457431bd69b4e9ce148db2a2f,right,ok,0.006832,4,457,0.006973,457,631d44c70d5d343988bb92ded95416fdf4c2b517021df49381e6c8e79e6e16c9,true,/cpfs/user/zhuzihou/assets/dedup_workspaces/test0_transitive_apply_parallel/dataset/GRScenes_assets/cabinet/9d13522457431bd69b4e9ce148db2a2f/right.png
cabinet,9d431d78f32a69204b68971612447878,front,ok,0.451698,392,376,0.562256,392,7587eb9cebbfc83c7964f45f25b6ee2ec0c0f0937cd193dd86b6a9eab1afae50,true,/cpfs/user/zhuzihou/assets/dedup_workspaces/test0_transitive_apply_parallel/dataset/GRScenes_assets/cabinet/9d431d78f32a69204b68971612447878/front.png
cabinet,9d431d78f32a69204b68971612447878,left,ok,0.455059,474,322,0.582230,474,bf400dd54cfbb9ebbb34e3d750cdc666b4fab964181775716bfcb8a70356c60f,true,/cpfs/user/zhuzihou/assets/dedup_workspaces/test0_transitive_apply_parallel/dataset/GRScenes_assets/cabinet/9d431d78f32a69204b68971612447878/left.png
cabinet,9d431d78f32a69204b68971612447878,back,ok,0.451595,392,376,0.562256,392,46cadf24c49e10a1444d56ab5f0809b50297858084aa1370e3145129215d7907,true,/cpfs/user/zhuzihou/assets/dedup_workspaces/test0_transitive_apply_parallel/dataset/GRScenes_assets/cabinet/9d431d78f32a69204b68971612447878/back.png
cabinet,9d431d78f32a69204b68971612447878,right,ok,0.487698,476,322,0.584686,476,6479c732d4ddcd41d8c78c5d54139f6f134119c4499980097dc169e2fe0da0cc,true,/cpfs/user/zhuzihou/assets/dedup_workspaces/test0_transitive_apply_parallel/dataset/GRScenes_assets/cabinet/9d431d78f32a69204b68971612447878/right.png
cabinet,9d4f1b6f3201ec34a50beeedc1e2fd4b,front,ok,0.032036,34,350,0.045395,350,8b2767e62bb9ccd14122713726df8f0e881850db21fb025143f78a916a66cd46,true,/cpfs/user/zhuzihou/assets/dedup_workspaces/test0_transitive_apply_parallel/dataset/GRScenes_assets/cabinet/9d4f1b6f3201ec34a50beeedc1e2fd4b/front.png
cabinet,9d4f1b6f3201ec34a50beeedc1e2fd4b,left,ok,0.071808,462,42,0.074020,462,c1220c6775efcd9286fc3d87b7ea917912bde830a0f5043d9b0d8d1f8afe93b9,true,/cpfs/user/zhuzihou/assets/dedup_workspaces/test0_transitive_apply_parallel/dataset/GRScenes_assets/cabinet/9d4f1b6f3201ec34a50beeedc1e2fd4b/left.png
cabinet,9d4f1b6f3201ec34a50beeedc1e2fd4b,back,ok,0.032032,34,350,0.045395,350,88c18faaaa2010d627a98aeee438dac0914ebee1b1e507e6e5db19d816d11392,true,/cpfs/user/zhuzihou/assets/dedup_workspaces/test0_transitive_apply_parallel/dataset/GRScenes_assets/cabinet/9d4f1b6f3201ec34a50beeedc1e2fd4b/back.png
cabinet,9d4f1b6f3201ec34a50beeedc1e2fd4b,right,ok,0.074688,480,42,0.076904,480,3b3ab0dad697734e91675af9dc84766a47f8205d0a316ff1e5746110e6a4aada,true,/cpfs/user/zhuzihou/assets/dedup_workspaces/test0_transitive_apply_parallel/dataset/GRScenes_assets/cabinet/9d4f1b6f3201ec34a50beeedc1e2fd4b/right.png
cabinet,9d69a2d8beecea044158c94e886ce2cf,front,ok,0.173298,180,346,0.237579,346,df9f684a5527fb1459dc8c276c841d2805b5a05373cc1f637a2aa0fa379d6fe0,true,/cpfs/user/zhuzihou/assets/dedup_workspaces/test0_transitive_apply_parallel/dataset/GRScenes_assets/cabinet/9d69a2d8beecea044158c94e886ce2cf/front.png
cabinet,9d69a2d8beecea044158c94e886ce2cf,left,ok,0.178318,508,105,0.203476,508,83bf7a185f85600386bf942495bf58686f4cab31483b30f6f3dae30103a17501,true,/cpfs/user/zhuzihou/assets/dedup_workspaces/test0_transitive_apply_parallel/dataset/GRScenes_assets/cabinet/9d69a2d8beecea044158c94e886ce2cf/left.png
cabinet,9d69a2d8beecea044158c94e886ce2cf,back,ok,0.172867,180,346,0.237579,346,e7cc9c4d4070c7f9fa8e8c030abc1b55ad872ffd3d00307eec0d41e8b1cade9c,true,/cpfs/user/zhuzihou/assets/dedup_workspaces/test0_transitive_apply_parallel/dataset/GRScenes_assets/cabinet/9d69a2d8beecea044158c94e886ce2cf/back.png
cabinet,9d69a2d8beecea044158c94e886ce2cf,right,ok,0.179375,508,106,0.205414,508,98487759143d230d23b1d0e6e6e3cba3131e2b93cab676c490ec477af05f9caa,true,/cpfs/user/zhuzihou/assets/dedup_workspaces/test0_transitive_apply_parallel/dataset/GRScenes_assets/cabinet/9d69a2d8beecea044158c94e886ce2cf/right.png
cabinet,9d7a33fc87f1d1f35b9b6c27aa9f0f3c,front,ok,0.155182,502,87,0.166603,502,d6cfdfe885b4b2893d0b4a0500381d4ca29968cf2e0a2d509c2f72159ddc9476,true,/cpfs/user/zhuzihou/assets/dedup_workspaces/test0_transitive_apply_parallel/dataset/GRScenes_assets/cabinet/9d7a33fc87f1d1f35b9b6c27aa9f0f3c/front.png
cabinet,9d7a33fc87f1d1f35b9b6c27aa9f0f3c,left,ok,0.171165,188,325,0.233078,325,ddf08e8e7b29e7e1115fd3e97d8087b51c314f6be42bf9703634c0db9f46dd89,true,/cpfs/user/zhuzihou/assets/dedup_workspaces/test0_transitive_apply_parallel/dataset/GRScenes_assets/cabinet/9d7a33fc87f1d1f35b9b6c27aa9f0f3c/left.png
cabinet,9d7a33fc87f1d1f35b9b6c27aa9f0f3c,back,ok,0.155182,502,87,0.166603,502,f87af869845f1f696b0f173cceff3db69a56a208663a863e480a7806b2cdfed1,true,/cpfs/user/zhuzihou/assets/dedup_workspaces/test0_transitive_apply_parallel/dataset/GRScenes_assets/cabinet/9d7a33fc87f1d1f35b9b6c27aa9f0f3c/back.png
cabinet,9d7a33fc87f1d1f35b9b6c27aa9f0f3c,right,ok,0.171173,188,325,0.233078,325,8a8f5e113bcb9b90633ffedcecd22801f2a1e4fbedd3a69e810a5089d80100a3,true,/cpfs/user/zhuzihou/assets/dedup_workspaces/test0_transitive_apply_parallel/dataset/GRScenes_assets/cabinet/9d7a33fc87f1d1f35b9b6c27aa9f0f3c/right.png
cabinet,9e5b7ce12a0e87590980a9c4b458114a,front,ok,0.225590,512,124,0.242188,512,6138886177bb13bc771eb79a4aa04799e999298a6d6c4c5c3614fe30de7a995a,true,/cpfs/user/zhuzihou/assets/dedup_workspaces/test0_transitive_apply_parallel/dataset/GRScenes_assets/cabinet/9e5b7ce12a0e87590980a9c4b458114a/front.png
cabinet,9e5b7ce12a0e87590980a9c4b458114a,left,ok,0.194492,189,359,0.258831,359,1c72991ece725ff457b5fbe95629f50b9e1e25e43dba20d09d37472a2f928776,true,/cpfs/user/zhuzihou/assets/dedup_workspaces/test0_transitive_apply_parallel/dataset/GRScenes_assets/cabinet/9e5b7ce12a0e87590980a9c4b458114a/left.png
cabinet,9e5b7ce12a0e87590980a9c4b458114a,back,ok,0.225746,511,124,0.241714,511,a4dca641a75c0bebc245274b1c47e575fa7101ec86fd8550c90c381ff69e9d35,true,/cpfs/user/zhuzihou/assets/dedup_workspaces/test0_transitive_apply_parallel/dataset/GRScenes_assets/cabinet/9e5b7ce12a0e87590980a9c4b458114a/back.png
cabinet,9e5b7ce12a0e87590980a9c4b458114a,right,ok,0.196381,190,359,0.260201,359,af14e0692399aa817ddfc9554cc3dc0c437f8124c837ad2f873ffc9394aedf94,true,/cpfs/user/zhuzihou/assets/dedup_workspaces/test0_transitive_apply_parallel/dataset/GRScenes_assets/cabinet/9e5b7ce12a0e87590980a9c4b458114a/right.png
cabinet,9f1b5dc7fd2b4e06bdd4b88755159feb,front,ok,0.371433,331,364,0.459610,364,2a05e465c28f288d608280908511986b10b63b2e42c011883c856e4c1f77ee4f,true,/cpfs/user/zhuzihou/assets/dedup_workspaces/test0_transitive_apply_parallel/dataset/GRScenes_assets/cabinet/9f1b5dc7fd2b4e06bdd4b88755159feb/front.png
cabinet,9f1b5dc7fd2b4e06bdd4b88755159feb,left,ok,0.341549,410,351,0.548973,410,450252ad81ebed625f7820c962adf7dcb82e5c801a20b7e04ead5db298eff0a1,true,/cpfs/user/zhuzihou/assets/dedup_workspaces/test0_transitive_apply_parallel/dataset/GRScenes_assets/cabinet/9f1b5dc7fd2b4e06bdd4b88755159feb/left.png
cabinet,9f1b5dc7fd2b4e06bdd4b88755159feb,back,ok,0.388580,443,270,0.456276,443,5b0bac41c6fdded44b7f8e56fd505866826595e6334ad1156f1bf2af1460a27f,true,/cpfs/user/zhuzihou/assets/dedup_workspaces/test0_transitive_apply_parallel/dataset/GRScenes_assets/cabinet/9f1b5dc7fd2b4e06bdd4b88755159feb/back.png
cabinet,9f1b5dc7fd2b4e06bdd4b88755159feb,right,ok,0.331085,406,351,0.543617,406,79248edd1461a567032e1a007e7ec9eab959b4712c149bdb90b76ea1090ff1e5,true,/cpfs/user/zhuzihou/assets/dedup_workspaces/test0_transitive_apply_parallel/dataset/GRScenes_assets/cabinet/9f1b5dc7fd2b4e06bdd4b88755159feb/right.png
cabinet,9f57b314a4bab67ba630b2883a49307a,front,ok,0.049244,476,28,0.050842,476,436cbc13b3981b6ea62d252d02e922551b01d86c2ec7a5e893cde655bba9dbaa,true,/cpfs/user/zhuzihou/assets/dedup_workspaces/test0_transitive_apply_parallel/dataset/GRScenes_assets/cabinet/9f57b314a4bab67ba630b2883a49307a/front.png
cabinet,9f57b314a4bab67ba630b2883a49307a,left,ok,0.055950,64,321,0.078369,321,ecff7d62f34610dddfd12295949fd69e24348070608b816982beda81bc759f7a,true,/cpfs/user/zhuzihou/assets/dedup_workspaces/test0_transitive_apply_parallel/dataset/GRScenes_assets/cabinet/9f57b314a4bab67ba630b2883a49307a/left.png
cabinet,9f57b314a4bab67ba630b2883a49307a,back,ok,0.049252,476,28,0.050842,476,e41170ec81a29e6307ea28be415e4c38beb264ea2885ccd9db4375fbcb96b9a2,true,/cpfs/user/zhuzihou/assets/dedup_workspaces/test0_transitive_apply_parallel/dataset/GRScenes_assets/cabinet/9f57b314a4bab67ba630b2883a49307a/back.png
cabinet,9f57b314a4bab67ba630b2883a49307a,right,ok,0.055958,64,321,0.078369,321,b47d61a2f347fcdccb43954a80e90d4f0ccab140c760176c909ea132aa508c45,true,/cpfs/user/zhuzihou/assets/dedup_workspaces/test0_transitive_apply_parallel/dataset/GRScenes_assets/cabinet/9f57b314a4bab67ba630b2883a49307a/right.png
cabinet,9fa177a9c7451aa66bb5cb4a67c78b24,front,ok,0.366936,373,350,0.498009,373,999b3ac14179266d9eabb94f3caea1907d9beb5d1c4a3c8f4b17e355f6f7ac87,true,/cpfs/user/zhuzihou/assets/dedup_workspaces/test0_transitive_apply_parallel/dataset/GRScenes_assets/cabinet/9fa177a9c7451aa66bb5cb4a67c78b24/front.png
cabinet,9fa177a9c7451aa66bb5cb4a67c78b24,left,ok,0.346527,440,251,0.421295,440,8ced7ce10e5dee9e20fc433249902d5f9d85bba3a0b6dd6d1a2112be6cea14c7,true,/cpfs/user/zhuzihou/assets/dedup_workspaces/test0_transitive_apply_parallel/dataset/GRScenes_assets/cabinet/9fa177a9c7451aa66bb5cb4a67c78b24/left.png
cabinet,9fa177a9c7451aa66bb5cb4a67c78b24,back,ok,0.367172,373,350,0.498009,373,8a0421a8ef64bc08ef4994680fd51e821182872c24976ed448fb3d4681e62653,true,/cpfs/user/zhuzihou/assets/dedup_workspaces/test0_transitive_apply_parallel/dataset/GRScenes_assets/cabinet/9fa177a9c7451aa66bb5cb4a67c78b24/back.png
cabinet,9fa177a9c7451aa66bb5cb4a67c78b24,right,ok,0.401058,462,292,0.514618,462,a468077621b786464898ee721a29abb8d1f0fdf48225eb8bd2d798c74c5199e6,true,/cpfs/user/zhuzihou/assets/dedup_workspaces/test0_transitive_apply_parallel/dataset/GRScenes_assets/cabinet/9fa177a9c7451aa66bb5cb4a67c78b24/right.png
cabinet,9faa4ba52c95140899782f9b9266a228,front,ok,0.327126,456,219,0.380951,456,b3426789c17ca3e90c59e7cde689864f8c43335fedf1f4514125f7fcad1893df,true,/cpfs/user/zhuzihou/assets/dedup_workspaces/test0_transitive_apply_parallel/dataset/GRScenes_assets/cabinet/9faa4ba52c95140899782f9b9266a228/front.png
cabinet,9faa4ba52c95140899782f9b9266a228,left,ok,0.011395,8,438,0.013367,438,6a8135e48570337b2fbac679d720c90803caa4740e1553362b9e4153b9d79a4f,true,/cpfs/user/zhuzihou/assets/dedup_workspaces/test0_transitive_apply_parallel/dataset/GRScenes_assets/cabinet/9faa4ba52c95140899782f9b9266a228/left.png
cabinet,9faa4ba52c95140899782f9b9266a228,back,ok,0.327271,456,218,0.379211,456,3245ee7bef9fa811b8162cf7e8aca303b28ccf1734f784ddf7a9bbb33862ca36,true,/cpfs/user/zhuzihou/assets/dedup_workspaces/test0_transitive_apply_parallel/dataset/GRScenes_assets/cabinet/9faa4ba52c95140899782f9b9266a228/back.png
cabinet,9faa4ba52c95140899782f9b9266a228,right,ok,0.011414,8,438,0.013367,438,e8f74c089019d6ae66e566f4ffbe6d4cc5767b6a7a8dee00a6ac23d86fb0151c,true,/cpfs/user/zhuzihou/assets/dedup_workspaces/test0_transitive_apply_parallel/dataset/GRScenes_assets/cabinet/9faa4ba52c95140899782f9b9266a228/right.png
cabinet,9fb3b80407e5ca74c4873eaeb8efb3a8,front,ok,0.041679,467,24,0.042755,467,b044d3056372cadfd7d1b18ddaeec5cf9cc2d95863e0a1a13a9a5668ed953519,true,/cpfs/user/zhuzihou/assets/dedup_workspaces/test0_transitive_apply_parallel/dataset/GRScenes_assets/cabinet/9fb3b80407e5ca74c4873eaeb8efb3a8/front.png
cabinet,9fb3b80407e5ca74c4873eaeb8efb3a8,left,ok,0.034657,38,322,0.046677,322,8de3e6050ae38e41c0494260d28c5949116cd0a45d404ebbe9f1b2f419b4435a,true,/cpfs/user/zhuzihou/assets/dedup_workspaces/test0_transitive_apply_parallel/dataset/GRScenes_assets/cabinet/9fb3b80407e5ca74c4873eaeb8efb3a8/left.png
cabinet,9fb3b80407e5ca74c4873eaeb8efb3a8,back,ok,0.034962,468,20,0.035706,468,07c498bdb92fb168b614b68d6d52d7b1e60e1044060ced690089c851cf23a7cc,true,/cpfs/user/zhuzihou/assets/dedup_workspaces/test0_transitive_apply_parallel/dataset/GRScenes_assets/cabinet/9fb3b80407e5ca74c4873eaeb8efb3a8/back.png
cabinet,9fb3b80407e5ca74c4873eaeb8efb3a8,right,ok,0.034679,38,326,0.047256,326,e9003ac915b34d075f282a77727b40008fa9b4a8df5be427c6af14029bb790ba,true,/cpfs/user/zhuzihou/assets/dedup_workspaces/test0_transitive_apply_parallel/dataset/GRScenes_assets/cabinet/9fb3b80407e5ca74c4873eaeb8efb3a8/right.png
cabinet,a0557ed6069e023d09f7d07fd0ee2d8c,front,ok,0.257771,195,448,0.333252,448,4e37ba1c77a8c780954be87a1c9abcaf7e90fef4288ffc0e0643d8dc220c13da,true,/cpfs/user/zhuzihou/assets/dedup_workspaces/test0_transitive_apply_parallel/dataset/GRScenes_assets/cabinet/a0557ed6069e023d09f7d07fd0ee2d8c/front.png
cabinet,a0557ed6069e023d09f7d07fd0ee2d8c,left,ok,0.425106,372,372,0.527893,372,1aeeb7c8cc1b05d2119dbb69de15be3d723d62a3175f7449be16121d03801aa1,true,/cpfs/user/zhuzihou/assets/dedup_workspaces/test0_transitive_apply_parallel/dataset/GRScenes_assets/cabinet/a0557ed6069e023d09f7d07fd0ee2d8c/left.png
cabinet,a0557ed6069e023d09f7d07fd0ee2d8c,back,ok,0.259365,196,448,0.334961,448,25b902c99b3e98cc6819dffc5f67df303f1eb977c09f9cf0aad50b70403347e2,true,/cpfs/user/zhuzihou/assets/dedup_workspaces/test0_transitive_apply_parallel/dataset/GRScenes_assets/cabinet/a0557ed6069e023d09f7d07fd0ee2d8c/back.png
cabinet,a0557ed6069e023d09f7d07fd0ee2d8c,right,ok,0.425735,372,372,0.527893,372,8627953e83a9472ae75ca1e1c730e477c5765207a42c8a0ba49b3a8a620130be,true,/cpfs/user/zhuzihou/assets/dedup_workspaces/test0_transitive_apply_parallel/dataset/GRScenes_assets/cabinet/a0557ed6069e023d09f7d07fd0ee2d8c/right.png
cabinet,a12e07fb44e79f848da4829aad56d73e,front,ok,0.371895,407,374,0.580666,407,36a92123154b1618da2293eb31c166276d8511a95f3347b60975889028575311,true,/cpfs/user/zhuzihou/assets/dedup_workspaces/test0_transitive_apply_parallel/dataset/GRScenes_assets/cabinet/a12e07fb44e79f848da4829aad56d73e/front.png
cabinet,a12e07fb44e79f848da4829aad56d73e,left,ok,0.363564,284,429,0.464767,429,586e685bebfc4da9eec453800cb9705b94365daeace53772bdd025f72e449e7a,true,/cpfs/user/zhuzihou/assets/dedup_workspaces/test0_transitive_apply_parallel/dataset/GRScenes_assets/cabinet/a12e07fb44e79f848da4829aad56d73e/left.png
cabinet,a12e07fb44e79f848da4829aad56d73e,back,ok,0.405273,412,374,0.587799,412,36b82a1dd9f23aacf62e6032416fd8faa3e776931eebe020912e7279a8beffac,true,/cpfs/user/zhuzihou/assets/dedup_workspaces/test0_transitive_apply_parallel/dataset/GRScenes_assets/cabinet/a12e07fb44e79f848da4829aad56d73e/back.png
cabinet,a12e07fb44e79f848da4829aad56d73e,right,ok,0.369228,300,429,0.490952,429,275ca9337bae1adf8b0aaeb91bcd0ec4514e26b848c75d78d004907583692779,true,/cpfs/user/zhuzihou/assets/dedup_workspaces/test0_transitive_apply_parallel/dataset/GRScenes_assets/cabinet/a12e07fb44e79f848da4829aad56d73e/right.png
cabinet,a371797efe4514540f6c27f10922f60b,front,ok,0.048088,40,418,0.063782,418,d96d18febaafedc050d4f0e2ee9bad80706e4aaf02d8bc376b17a992f8d173af,true,/cpfs/user/zhuzihou/assets/dedup_workspaces/test0_transitive_apply_parallel/dataset/GRScenes_assets/cabinet/a371797efe4514540f6c27f10922f60b/front.png
cabinet,a371797efe4514540f6c27f10922f60b,left,ok,0.085117,70,397,0.106010,397,b1621fd2913b8acac95d4d1af479a42f7e9a4311690bb0a944ccb52f21437a0c,true,/cpfs/user/zhuzihou/assets/dedup_workspaces/test0_transitive_apply_parallel/dataset/GRScenes_assets/cabinet/a371797efe4514540f6c27f10922f60b/left.png
cabinet,a371797efe4514540f6c27f10922f60b,back,ok,0.045097,38,416,0.060303,416,e48dd0e0d6caddbe30e68221c6cbbdf6fe58f511a3c9b527ca97bdbfaa51deae,true,/cpfs/user/zhuzihou/assets/dedup_workspaces/test0_transitive_apply_parallel/dataset/GRScenes_assets/cabinet/a371797efe4514540f6c27f10922f60b/back.png
cabinet,a371797efe4514540f6c27f10922f60b,right,ok,0.088177,73,411,0.114452,411,5df00c95ce5d3cc23de71f6c1e162f87a072545f2298747ebf73fabb6e5d07b1,true,/cpfs/user/zhuzihou/assets/dedup_workspaces/test0_transitive_apply_parallel/dataset/GRScenes_assets/cabinet/a371797efe4514540f6c27f10922f60b/right.png
cabinet,a45579641a4383449d065e3ec4b3250d,front,ok,0.423462,454,296,0.512634,454,556245242e823aa9d0ca12e803e6fd8d0d1ea816419b64d458f76714cc03f0f6,true,/cpfs/user/zhuzihou/assets/dedup_workspaces/test0_transitive_apply_parallel/dataset/GRScenes_assets/cabinet/a45579641a4383449d065e3ec4b3250d/front.png
cabinet,a45579641a4383449d065e3ec4b3250d,left,ok,0.182835,141,448,0.240967,448,eab7ff1044df1f3e2785fd9b5a53b991f972115b1b9107c9193bb0d4082dfce9,true,/cpfs/user/zhuzihou/assets/dedup_workspaces/test0_transitive_apply_parallel/dataset/GRScenes_assets/cabinet/a45579641a4383449d065e3ec4b3250d/left.png
cabinet,a45579641a4383449d065e3ec4b3250d,back,ok,0.423622,449,294,0.503563,449,e1aa290b600fb3fa86042211649d035f51efb0f63e991ca66d47fc649a5e84b4,true,/cpfs/user/zhuzihou/assets/dedup_workspaces/test0_transitive_apply_parallel/dataset/GRScenes_assets/cabinet/a45579641a4383449d065e3ec4b3250d/back.png
cabinet,a45579641a4383449d065e3ec4b3250d,right,ok,0.186317,144,448,0.246094,448,b7980e65ad0c143339be492ca9d5f15b83a7c6efff49ebef517ae056aa504c42,true,/cpfs/user/zhuzihou/assets/dedup_workspaces/test0_transitive_apply_parallel/dataset/GRScenes_assets/cabinet/a45579641a4383449d065e3ec4b3250d/right.png
cabinet,a47e962b60da7bece253cf45e250af60,front,ok,0.366516,512,212,0.414062,512,a10b33f5c56ad0d94874c8e9352c2b35749aa278d8e33a517e9b50e2b9dca42a,true,/cpfs/user/zhuzihou/assets/dedup_workspaces/test0_transitive_apply_parallel/dataset/GRScenes_assets/cabinet/a47e962b60da7bece253cf45e250af60/front.png
cabinet,a47e962b60da7bece253cf45e250af60,left,ok,0.369282,378,330,0.475845,378,45b59ed748e9caf84d823cc9f42dc24f63dbf5411930a0b2695a4a2dbce2e584,true,/cpfs/user/zhuzihou/assets/dedup_workspaces/test0_transitive_apply_parallel/dataset/GRScenes_assets/cabinet/a47e962b60da7bece253cf45e250af60/left.png
cabinet,a47e962b60da7bece253cf45e250af60,back,ok,0.370708,512,213,0.416016,512,d36c4737c7e87e9237fd636c465f98f3a646d168e88221a14e38956e677a6dde,true,/cpfs/user/zhuzihou/assets/dedup_workspaces/test0_transitive_apply_parallel/dataset/GRScenes_assets/cabinet/a47e962b60da7bece253cf45e250af60/back.png
cabinet,a47e962b60da7bece253cf45e250af60,right,ok,0.367607,378,334,0.481613,378,05362dbfe22a2e554f3ccea11fae737e16fc45706a2d8e5e5d6f224f7a8f904b,true,/cpfs/user/zhuzihou/assets/dedup_workspaces/test0_transitive_apply_parallel/dataset/GRScenes_assets/cabinet/a47e962b60da7bece253cf45e250af60/right.png
cabinet,a5b00b1c4cbab349101a247e117ed0cd,front,ok,0.415546,410,322,0.503616,410,c705b75a575e8abd00897d9a15e09574c37efcd7ac217373e3b2f09d3a6ca2bb,true,/cpfs/user/zhuzihou/assets/dedup_workspaces/test0_transitive_apply_parallel/dataset/GRScenes_assets/cabinet/a5b00b1c4cbab349101a247e117ed0cd/front.png
cabinet,a5b00b1c4cbab349101a247e117ed0cd,left,ok,0.150711,113,456,0.196564,456,4e4250ab8fb9fe36e68f5b5fbddeefc6b13c6e758976487dffff0999e9ba32f1,true,/cpfs/user/zhuzihou/assets/dedup_workspaces/test0_transitive_apply_parallel/dataset/GRScenes_assets/cabinet/a5b00b1c4cbab349101a247e117ed0cd/left.png
cabinet,a5b00b1c4cbab349101a247e117ed0cd,back,ok,0.416283,412,321,0.504501,412,9c727f62f1be9b4567aab980ed2c93c1fc041013e6a0a6177461c6d3aba601b4,true,/cpfs/user/zhuzihou/assets/dedup_workspaces/test0_transitive_apply_parallel/dataset/GRScenes_assets/cabinet/a5b00b1c4cbab349101a247e117ed0cd/back.png
cabinet,a5b00b1c4cbab349101a247e117ed0cd,right,ok,0.150578,113,456,0.196564,456,d4cfb7bc40181d2b00e4714b6f5f9f334a435ccaaafe647100bfdf23f7b1f4f9,true,/cpfs/user/zhuzihou/assets/dedup_workspaces/test0_transitive_apply_parallel/dataset/GRScenes_assets/cabinet/a5b00b1c4cbab349101a247e117ed0cd/right.png
cabinet,a6b242a035b2075cd37333c58a58d892,front,ok,0.399078,362,381,0.526131,381,5aeae86669eeb7f3ee3187e23928c9acf6da3e65e3f83d4a060cfb9456763601,true,/cpfs/user/zhuzihou/assets/dedup_workspaces/test0_transitive_apply_parallel/dataset/GRScenes_assets/cabinet/a6b242a035b2075cd37333c58a58d892/front.png
cabinet,a6b242a035b2075cd37333c58a58d892,left,ok,0.496933,497,312,0.591522,497,290449e88577f3019fd9aa8e0db15aa096bbf33360cc81f38ba84893e173dc22,true,/cpfs/user/zhuzihou/assets/dedup_workspaces/test0_transitive_apply_parallel/dataset/GRScenes_assets/cabinet/a6b242a035b2075cd37333c58a58d892/left.png
cabinet,a6b242a035b2075cd37333c58a58d892,back,ok,0.404541,362,381,0.526131,381,6c7eb80f18baedf315cbf7cdb4fe0a5dedeec2c888b82eb0b64df84aecc0be43,true,/cpfs/user/zhuzihou/assets/dedup_workspaces/test0_transitive_apply_parallel/dataset/GRScenes_assets/cabinet/a6b242a035b2075cd37333c58a58d892/back.png
cabinet,a6b242a035b2075cd37333c58a58d892,right,ok,0.404793,470,299,0.536079,470,09d1585204ceb1dbe91b07b361956a06afea4e03dd10af35c7437436caccabdc,true,/cpfs/user/zhuzihou/assets/dedup_workspaces/test0_transitive_apply_parallel/dataset/GRScenes_assets/cabinet/a6b242a035b2075cd37333c58a58d892/right.png
cabinet,a734aea30ea56a868d3c1ff2aa97c005,front,ok,0.400547,382,335,0.488167,382,5c01d8039be4a8c77bbccc7ebcd9816cc189c633b90efdf61d85276cab67cf7e,true,/cpfs/user/zhuzihou/assets/dedup_workspaces/test0_transitive_apply_parallel/dataset/GRScenes_assets/cabinet/a734aea30ea56a868d3c1ff2aa97c005/front.png
cabinet,a734aea30ea56a868d3c1ff2aa97c005,left,ok,0.162518,127,455,0.220432,455,5dd3b51a10ff21c1480dd23e8c61af9f08c66ce44289e7d94b9d8bb76aaec47d,true,/cpfs/user/zhuzihou/assets/dedup_workspaces/test0_transitive_apply_parallel/dataset/GRScenes_assets/cabinet/a734aea30ea56a868d3c1ff2aa97c005/left.png
cabinet,a734aea30ea56a868d3c1ff2aa97c005,back,ok,0.402664,390,334,0.496902,390,fb8ecfa6fad2779fb77e24fe0a3bc7f65b1635343dd2df9899e5e95ff758462f,true,/cpfs/user/zhuzihou/assets/dedup_workspaces/test0_transitive_apply_parallel/dataset/GRScenes_assets/cabinet/a734aea30ea56a868d3c1ff2aa97c005/back.png
cabinet,a734aea30ea56a868d3c1ff2aa97c005,right,ok,0.163853,126,451,0.216774,451,6d407bf6e5079ff7cd37c1386ddf5ba5b6354eda15f400b5cec835bf021ebc5c,true,/cpfs/user/zhuzihou/assets/dedup_workspaces/test0_transitive_apply_parallel/dataset/GRScenes_assets/cabinet/a734aea30ea56a868d3c1ff2aa97c005/right.png
cabinet,a754fb0df6038962e430a3053f507df3,front,ok,0.403858,458,282,0.492691,458,ed4e4750884b0f5eb835b5e850176366ea79d92860de93d4559e763c9a74c0f3,true,/cpfs/user/zhuzihou/assets/dedup_workspaces/test0_transitive_apply_parallel/dataset/GRScenes_assets/cabinet/a754fb0df6038962e430a3053f507df3/front.png
cabinet,a754fb0df6038962e430a3053f507df3,left,ok,0.224503,258,424,0.417297,424,87f77430ed94a57f0f473c2f0e19059d369c657b58fded74834b1f4bb939b5e0,true,/cpfs/user/zhuzihou/assets/dedup_workspaces/test0_transitive_apply_parallel/dataset/GRScenes_assets/cabinet/a754fb0df6038962e430a3053f507df3/left.png
cabinet,a754fb0df6038962e430a3053f507df3,back,ok,0.360382,316,346,0.417084,346,955213f61374985c39ee55e9078895ca82f14553b3b7bcf7c3a705a80e7dc02f,true,/cpfs/user/zhuzihou/assets/dedup_workspaces/test0_transitive_apply_parallel/dataset/GRScenes_assets/cabinet/a754fb0df6038962e430a3053f507df3/back.png
cabinet,a754fb0df6038962e430a3053f507df3,right,ok,0.211926,254,424,0.410828,424,3382438a64e749e6e59e4137eea4921e1db32a08f2f2ac81c7f2216df4e88ef5,true,/cpfs/user/zhuzihou/assets/dedup_workspaces/test0_transitive_apply_parallel/dataset/GRScenes_assets/cabinet/a754fb0df6038962e430a3053f507df3/right.png
cabinet,a793215c9f45e36867e3965173dcbb61,front,ok,0.239922,242,338,0.312027,338,eb5e5513e8739f11845e9e2af851162d3dee829c86c4ebd322bc0c166a3c4a63,true,/cpfs/user/zhuzihou/assets/dedup_workspaces/test0_transitive_apply_parallel/dataset/GRScenes_assets/cabinet/a793215c9f45e36867e3965173dcbb61/front.png
cabinet,a793215c9f45e36867e3965173dcbb61,left,ok,0.243237,490,148,0.276642,490,85e34a1e18cc50f618394181ddb03a2cc673090a29b38575afb33d6afd5a250c,true,/cpfs/user/zhuzihou/assets/dedup_workspaces/test0_transitive_apply_parallel/dataset/GRScenes_assets/cabinet/a793215c9f45e36867e3965173dcbb61/left.png
cabinet,a793215c9f45e36867e3965173dcbb61,back,ok,0.238808,242,338,0.312027,338,c2e50f6b4921cc961f272a7a7f414055365bbc5784179ea7fc532e657a2bb8ad,true,/cpfs/user/zhuzihou/assets/dedup_workspaces/test0_transitive_apply_parallel/dataset/GRScenes_assets/cabinet/a793215c9f45e36867e3965173dcbb61/back.png
cabinet,a793215c9f45e36867e3965173dcbb61,right,ok,0.243916,500,164,0.312805,500,ee4e24ffc5343ae903192e083f2d1c3563285ce8e5aa74769250c04bb5fae298,true,/cpfs/user/zhuzihou/assets/dedup_workspaces/test0_transitive_apply_parallel/dataset/GRScenes_assets/cabinet/a793215c9f45e36867e3965173dcbb61/right.png
cabinet,a7a048bbee88c0ad08269060448bac50,front,ok,0.372639,481,249,0.456882,481,4bd1836c01ec951678dcdf9aad1bbda0c9e6f6a463b71b882ef965cfc2e4005c,true,/cpfs/user/zhuzihou/assets/dedup_workspaces/test0_transitive_apply_parallel/dataset/GRScenes_assets/cabinet/a7a048bbee88c0ad08269060448bac50/front.png
cabinet,a7a048bbee88c0ad08269060448bac50,left,ok,0.210224,166,437,0.276726,437,dcc90299637d9844a5faa2146ca1f4c019a91c1a933d06cacbaf656731d8054b,true,/cpfs/user/zhuzihou/assets/dedup_workspaces/test0_transitive_apply_parallel/dataset/GRScenes_assets/cabinet/a7a048bbee88c0ad08269060448bac50/left.png
cabinet,a7a048bbee88c0ad08269060448bac50,back,ok,0.420353,486,265,0.491295,486,0183a6f50ce7fbca260e3bd670c01c5c48dd758b2000924f1e4e174075706c8a,true,/cpfs/user/zhuzihou/assets/dedup_workspaces/test0_transitive_apply_parallel/dataset/GRScenes_assets/cabinet/a7a048bbee88c0ad08269060448bac50/back.png
cabinet,a7a048bbee88c0ad08269060448bac50,right,ok,0.215382,169,437,0.281727,437,47895c830226fea2119570dc9eb93887e31b23963ae7187b53798077784067d6,true,/cpfs/user/zhuzihou/assets/dedup_workspaces/test0_transitive_apply_parallel/dataset/GRScenes_assets/cabinet/a7a048bbee88c0ad08269060448bac50/right.png
cabinet,a9d451823167d25e235a54db4524c9f7,front,ok,0.155903,294,250,0.280380,294,038907976d8c657239f6cda22e4069f5f0267038a2863da2ccb0cf281fe458f9,true,/cpfs/user/zhuzihou/assets/dedup_workspaces/test0_transitive_apply_parallel/dataset/GRScenes_assets/cabinet/a9d451823167d25e235a54db4524c9f7/front.png
cabinet,a9d451823167d25e235a54db4524c9f7,left,ok,0.213646,461,224,0.393921,461,7b15461bed9479d83a5599b89f72dc18198840b8d6e6fd8197e881f8b42ad801,true,/cpfs/user/zhuzihou/assets/dedup_workspaces/test0_transitive_apply_parallel/dataset/GRScenes_assets/cabinet/a9d451823167d25e235a54db4524c9f7/left.png
cabinet,a9d451823167d25e235a54db4524c9f7,back,ok,0.207283,300,367,0.419998,367,116ce7d0658ca97d050bf597076a8100f8139c316cb7d5cc44408a30f63537d1,true,/cpfs/user/zhuzihou/assets/dedup_workspaces/test0_transitive_apply_parallel/dataset/GRScenes_assets/cabinet/a9d451823167d25e235a54db4524c9f7/back.png
cabinet,a9d451823167d25e235a54db4524c9f7,right,ok,0.152264,402,277,0.424782,402,6d288db376652bc79c47cd36f71c2115a30e9c09759502c0ad4f9ccae7fc98c9,true,/cpfs/user/zhuzihou/assets/dedup_workspaces/test0_transitive_apply_parallel/dataset/GRScenes_assets/cabinet/a9d451823167d25e235a54db4524c9f7/right.png
cabinet,aa4a2271947063d2ff6e91dffeefcf81,front,ok,0.138306,486,78,0.144608,486,f029d5f6d2c304101b41d87eb433df20524699f0fda80d41882c6091a0c82cb0,true,/cpfs/user/zhuzihou/assets/dedup_workspaces/test0_transitive_apply_parallel/dataset/GRScenes_assets/cabinet/aa4a2271947063d2ff6e91dffeefcf81/front.png
cabinet,aa4a2271947063d2ff6e91dffeefcf81,left,ok,0.043537,40,371,0.056610,371,783d609ff9d03d5f6a8513dea2be8d7279760c989ed8f1677daa2057aa7a9efd,true,/cpfs/user/zhuzihou/assets/dedup_workspaces/test0_transitive_apply_parallel/dataset/GRScenes_assets/cabinet/aa4a2271947063d2ff6e91dffeefcf81/left.png
cabinet,aa4a2271947063d2ff6e91dffeefcf81,back,ok,0.138306,486,78,0.144608,486,47d73c7a0deeb2e59d11d1321b4de88a1c42ea1b647c2c4b35a213affa3b5e0a,true,/cpfs/user/zhuzihou/assets/dedup_workspaces/test0_transitive_apply_parallel/dataset/GRScenes_assets/cabinet/aa4a2271947063d2ff6e91dffeefcf81/back.png
cabinet,aa4a2271947063d2ff6e91dffeefcf81,right,ok,0.043537,40,371,0.056610,371,3c69a510c9a1742b17f4b6a044fb3b54d924248e98993278f06f7e4906133564,true,/cpfs/user/zhuzihou/assets/dedup_workspaces/test0_transitive_apply_parallel/dataset/GRScenes_assets/cabinet/aa4a2271947063d2ff6e91dffeefcf81/right.png
cabinet,aa67db584489840130a24309e6f5d733,front,ok,0.339371,512,196,0.382812,512,c9507e55496723b1e0220c5f605ba0be26bf51fc574954274b37e5e686cde422,true,/cpfs/user/zhuzihou/assets/dedup_workspaces/test0_transitive_apply_parallel/dataset/GRScenes_assets/cabinet/aa67db584489840130a24309e6f5d733/front.png
cabinet,aa67db584489840130a24309e6f5d733,left,ok,0.326908,364,323,0.448502,364,09656ef3f9eafd46d39f0f3c99a006fe92478cba889994842145459747915488,true,/cpfs/user/zhuzihou/assets/dedup_workspaces/test0_transitive_apply_parallel/dataset/GRScenes_assets/cabinet/aa67db584489840130a24309e6f5d733/left.png
cabinet,aa67db584489840130a24309e6f5d733,back,ok,0.339378,512,196,0.382812,512,92857406839dd79c73c3f45745921ec058ac218ca992478253c50437fe42ff06,true,/cpfs/user/zhuzihou/assets/dedup_workspaces/test0_transitive_apply_parallel/dataset/GRScenes_assets/cabinet/aa67db584489840130a24309e6f5d733/back.png
cabinet,aa67db584489840130a24309e6f5d733,right,ok,0.327251,362,323,0.446037,362,b978cac6f8db214bb6197baf4b9d91217acfb26c5af91a960cac30035752fadb,true,/cpfs/user/zhuzihou/assets/dedup_workspaces/test0_transitive_apply_parallel/dataset/GRScenes_assets/cabinet/aa67db584489840130a24309e6f5d733/right.png
cabinet,aaa40eb91a388ee493e483797a6364bf,front,ok,0.330578,345,326,0.429039,345,f9e9b598dea8bff940a4a7665b96b7c9fb151f5de26ed4aa8467b2e2cc73ef92,true,/cpfs/user/zhuzihou/assets/dedup_workspaces/test0_transitive_apply_parallel/dataset/GRScenes_assets/cabinet/aaa40eb91a388ee493e483797a6364bf/front.png
cabinet,aaa40eb91a388ee493e483797a6364bf,left,ok,0.317532,512,182,0.355469,512,d3b850e25c14d949f9e31280852972f085c016c988ebfe87bb5f256b604a2176,true,/cpfs/user/zhuzihou/assets/dedup_workspaces/test0_transitive_apply_parallel/dataset/GRScenes_assets/cabinet/aaa40eb91a388ee493e483797a6364bf/left.png
cabinet,aaa40eb91a388ee493e483797a6364bf,back,ok,0.323406,345,326,0.429039,345,0869141595b9977c5216c30654e78983ceaa65d4177bc228bab0a9aed0c5f82f,true,/cpfs/user/zhuzihou/assets/dedup_workspaces/test0_transitive_apply_parallel/dataset/GRScenes_assets/cabinet/aaa40eb91a388ee493e483797a6364bf/back.png
cabinet,aaa40eb91a388ee493e483797a6364bf,right,ok,0.290131,512,185,0.361328,512,fdb922a380913e04844f19943d8dc3833884db7c8107a3fba541b67e95679402,true,/cpfs/user/zhuzihou/assets/dedup_workspaces/test0_transitive_apply_parallel/dataset/GRScenes_assets/cabinet/aaa40eb91a388ee493e483797a6364bf/right.png
cabinet,aac0c5c9d050c4951534e08b459c7d09,front,ok,0.387074,464,255,0.451355,464,ddf8cef1283df3bb406ebc2c719a48f8f3d88f9916973009421cb92e3cf1b41c,true,/cpfs/user/zhuzihou/assets/dedup_workspaces/test0_transitive_apply_parallel/dataset/GRScenes_assets/cabinet/aac0c5c9d050c4951534e08b459c7d09/front.png
cabinet,aac0c5c9d050c4951534e08b459c7d09,left,ok,0.115215,89,444,0.150742,444,0814d875b4a47fd9f54f3c0a865b6bd4cb3cd3cfdb2ba63299a239e591d6ed8a,true,/cpfs/user/zhuzihou/assets/dedup_workspaces/test0_transitive_apply_parallel/dataset/GRScenes_assets/cabinet/aac0c5c9d050c4951534e08b459c7d09/left.png
cabinet,aac0c5c9d050c4951534e08b459c7d09,back,ok,0.387428,464,255,0.451355,464,e46d90e8803cfb163bf656a7c0ecc77a8e3838530e87ae0410b4f126a9c08c17,true,/cpfs/user/zhuzihou/assets/dedup_workspaces/test0_transitive_apply_parallel/dataset/GRScenes_assets/cabinet/aac0c5c9d050c4951534e08b459c7d09/back.png
cabinet,aac0c5c9d050c4951534e08b459c7d09,right,ok,0.116135,89,444,0.150742,444,d01f406dac07324b25bc042ff1b3b16c3852a04bddc35894929dd365d573c3eb,true,/cpfs/user/zhuzihou/assets/dedup_workspaces/test0_transitive_apply_parallel/dataset/GRScenes_assets/cabinet/aac0c5c9d050c4951534e08b459c7d09/right.png
cabinet,abc8a42845e34b47597d2a30fb49a0a3,front,ok,0.441368,396,362,0.546844,396,377ba2eb4945c7932c9c7a71f4fa9e725592107a9dbe9df01f9f10b50690a76a,true,/cpfs/user/zhuzihou/assets/dedup_workspaces/test0_transitive_apply_parallel/dataset/GRScenes_assets/cabinet/abc8a42845e34b47597d2a30fb49a0a3/front.png
cabinet,abc8a42845e34b47597d2a30fb49a0a3,left,ok,0.250698,199,447,0.339329,447,f4c9ff6a1880634be927301bf8c2537bf6d573803ff9cb00db2b15fed508bf52,true,/cpfs/user/zhuzihou/assets/dedup_workspaces/test0_transitive_apply_parallel/dataset/GRScenes_assets/cabinet/abc8a42845e34b47597d2a30fb49a0a3/left.png
cabinet,abc8a42845e34b47597d2a30fb49a0a3,back,ok,0.394115,393,362,0.542702,393,348e7c5f22d7019f9d57c2fe9232528a896fb4e7333e9b117cc387f51ec8795b,true,/cpfs/user/zhuzihou/assets/dedup_workspaces/test0_transitive_apply_parallel/dataset/GRScenes_assets/cabinet/abc8a42845e34b47597d2a30fb49a0a3/back.png
cabinet,abc8a42845e34b47597d2a30fb49a0a3,right,ok,0.272480,208,447,0.354675,447,d2ff29a7a6e29119508b2e342fec450ba67a5c5aa282cf21e6901c70b19483ea,true,/cpfs/user/zhuzihou/assets/dedup_workspaces/test0_transitive_apply_parallel/dataset/GRScenes_assets/cabinet/abc8a42845e34b47597d2a30fb49a0a3/right.png
cabinet,abd3bc4faf43927164dc0723fd61da06,front,ok,0.309994,296,356,0.401978,356,81668080b1560894e53560c9a5613c7feee27a0f8d9e1f1b705c2b684adfd9cc,true,/cpfs/user/zhuzihou/assets/dedup_workspaces/test0_transitive_apply_parallel/dataset/GRScenes_assets/cabinet/abd3bc4faf43927164dc0723fd61da06/front.png
cabinet,abd3bc4faf43927164dc0723fd61da06,left,ok,0.330311,512,187,0.365234,512,af1440b6010d2c8b4f5bca652f5efcddbcd08a158e08108483eb465cf00b00e3,true,/cpfs/user/zhuzihou/assets/dedup_workspaces/test0_transitive_apply_parallel/dataset/GRScenes_assets/cabinet/abd3bc4faf43927164dc0723fd61da06/left.png
cabinet,abd3bc4faf43927164dc0723fd61da06,back,ok,0.309944,298,355,0.403557,355,cf599cea82ba15f5b86eac43bd4bbcd316cca6f238da4b91209fcb16bd3dfc2e,true,/cpfs/user/zhuzihou/assets/dedup_workspaces/test0_transitive_apply_parallel/dataset/GRScenes_assets/cabinet/abd3bc4faf43927164dc0723fd61da06/back.png
cabinet,abd3bc4faf43927164dc0723fd61da06,right,ok,0.327530,512,190,0.371094,512,eb2160e311d55f73e5d93557959fb8628a4e87a53aa4c75255c8d144ad1c2958,true,/cpfs/user/zhuzihou/assets/dedup_workspaces/test0_transitive_apply_parallel/dataset/GRScenes_assets/cabinet/abd3bc4faf43927164dc0723fd61da06/right.png
cabinet,ac444f37540d9fb5e301c8914c1d8888,front,ok,0.376366,356,386,0.524200,386,678081509393f7d7aaab48304bc3b18c6f22e8a95d0e68d674463b3447fee880,true,/cpfs/user/zhuzihou/assets/dedup_workspaces/test0_transitive_apply_parallel/dataset/GRScenes_assets/cabinet/ac444f37540d9fb5e301c8914c1d8888/front.png
cabinet,ac444f37540d9fb5e301c8914c1d8888,left,ok,0.470177,490,295,0.551414,490,e31ebdcdf6ec8a76db0942a695f6027452c52f70d5b615a2923ef1c52ad1c6cc,true,/cpfs/user/zhuzihou/assets/dedup_workspaces/test0_transitive_apply_parallel/dataset/GRScenes_assets/cabinet/ac444f37540d9fb5e301c8914c1d8888/left.png
cabinet,ac444f37540d9fb5e301c8914c1d8888,back,ok,0.376514,356,386,0.524200,386,de0fcaa386761935026e4b48c3a6941f9e1e57e62ab0cf9257260266b0185422,true,/cpfs/user/zhuzihou/assets/dedup_workspaces/test0_transitive_apply_parallel/dataset/GRScenes_assets/cabinet/ac444f37540d9fb5e301c8914c1d8888/back.png
cabinet,ac444f37540d9fb5e301c8914c1d8888,right,ok,0.398022,494,272,0.512573,494,143ef73b377136d5e1747825603b693100bcfa81f96163d2a6b2f983a7e22495,true,/cpfs/user/zhuzihou/assets/dedup_workspaces/test0_transitive_apply_parallel/dataset/GRScenes_assets/cabinet/ac444f37540d9fb5e301c8914c1d8888/right.png
cabinet,add913715e2cf1e79e85c68a9d2a1927,front,ok,0.118759,124,425,0.201035,425,74f57248e17c5c4c4e1140eeb8c7411f5bc15af4796cf0a66caf4abfe56c39b9,true,/cpfs/user/zhuzihou/assets/dedup_workspaces/test0_transitive_apply_parallel/dataset/GRScenes_assets/cabinet/add913715e2cf1e79e85c68a9d2a1927/front.png
cabinet,add913715e2cf1e79e85c68a9d2a1927,left,ok,0.326328,486,210,0.389328,486,2d9ff3b61e9f32c4e6c53283a44fc177972db3d9e84b229cc3e3ba3344f9d561,true,/cpfs/user/zhuzihou/assets/dedup_workspaces/test0_transitive_apply_parallel/dataset/GRScenes_assets/cabinet/add913715e2cf1e79e85c68a9d2a1927/left.png
cabinet,add913715e2cf1e79e85c68a9d2a1927,back,ok,0.108982,97,426,0.157631,426,3923f60fc43956ab4586f4c2ac46a952a93e9dce80094c534de35febc42d16a8,true,/cpfs/user/zhuzihou/assets/dedup_workspaces/test0_transitive_apply_parallel/dataset/GRScenes_assets/cabinet/add913715e2cf1e79e85c68a9d2a1927/back.png
cabinet,add913715e2cf1e79e85c68a9d2a1927,right,ok,0.335094,464,218,0.385864,464,4dcabb2dc65c3e994c7c60b7715103ab8d17ec912d9978f87407a61f89d1c846,true,/cpfs/user/zhuzihou/assets/dedup_workspaces/test0_transitive_apply_parallel/dataset/GRScenes_assets/cabinet/add913715e2cf1e79e85c68a9d2a1927/right.png
cabinet,aec5ad6ea954e798907812392fffc180,front,ok,0.286312,497,168,0.318512,497,d35b798a3223667af490a680575903fc9686e4ad15683d94201cbc7d0931c095,true,/cpfs/user/zhuzihou/assets/dedup_workspaces/test0_transitive_apply_parallel/dataset/GRScenes_assets/cabinet/aec5ad6ea954e798907812392fffc180/front.png
cabinet,aec5ad6ea954e798907812392fffc180,left,ok,0.113983,98,406,0.151779,406,638eb9394425942d2a091abf84dcf73359369a6dbfc4e9b94cbf247ab35ffe70,true,/cpfs/user/zhuzihou/assets/dedup_workspaces/test0_transitive_apply_parallel/dataset/GRScenes_assets/cabinet/aec5ad6ea954e798907812392fffc180/left.png
cabinet,aec5ad6ea954e798907812392fffc180,back,ok,0.288456,500,168,0.320435,500,3068d8d19e072fafd99a2a05c1c723c6133b5c043d4d7a0dd579486805365e5c,true,/cpfs/user/zhuzihou/assets/dedup_workspaces/test0_transitive_apply_parallel/dataset/GRScenes_assets/cabinet/aec5ad6ea954e798907812392fffc180/back.png
cabinet,aec5ad6ea954e798907812392fffc180,right,ok,0.108147,91,406,0.140938,406,d9a17f9f35133a4286e786fd28b8f7aaf5cdad323290b3de6e772d39463461ca,true,/cpfs/user/zhuzihou/assets/dedup_workspaces/test0_transitive_apply_parallel/dataset/GRScenes_assets/cabinet/aec5ad6ea954e798907812392fffc180/right.png
cabinet,affb5e1b5b14570602e61c459d6bc7c5,front,ok,0.434555,374,378,0.539291,378,bef7366c0f29b0c265399f454cafffd76918dd07d128b5526a1c2fd358f357db,true,/cpfs/user/zhuzihou/assets/dedup_workspaces/test0_transitive_apply_parallel/dataset/GRScenes_assets/cabinet/affb5e1b5b14570602e61c459d6bc7c5/front.png
cabinet,affb5e1b5b14570602e61c459d6bc7c5,left,ok,0.303303,235,441,0.395336,441,eb1f9a0e04aa1e5b19446fd25a8d070fa54bc49295268bf5899d84be3d33d67c,true,/cpfs/user/zhuzihou/assets/dedup_workspaces/test0_transitive_apply_parallel/dataset/GRScenes_assets/cabinet/affb5e1b5b14570602e61c459d6bc7c5/left.png
cabinet,affb5e1b5b14570602e61c459d6bc7c5,back,ok,0.438698,379,377,0.545055,379,3e0bf08e122840025cf918e4bf7b6004d0f601b7631c60ef71d732d331a7e045,true,/cpfs/user/zhuzihou/assets/dedup_workspaces/test0_transitive_apply_parallel/dataset/GRScenes_assets/cabinet/affb5e1b5b14570602e61c459d6bc7c5/back.png
cabinet,affb5e1b5b14570602e61c459d6bc7c5,right,ok,0.309750,237,441,0.398701,441,303e59d948f1949b605936e5cb6b68181aa1a5daaa669d2e38a1496dba922c7f,true,/cpfs/user/zhuzihou/assets/dedup_workspaces/test0_transitive_apply_parallel/dataset/GRScenes_assets/cabinet/affb5e1b5b14570602e61c459d6bc7c5/right.png
cabinet,b167828cbdec5ad36d70d57a297ecf44,front,ok,0.456223,400,392,0.598145,400,c8f8486d00ec4297fa0be415f8d19cb82e06e822a7cc520df4334707e45fc449,true,/cpfs/user/zhuzihou/assets/dedup_workspaces/test0_transitive_apply_parallel/dataset/GRScenes_assets/cabinet/b167828cbdec5ad36d70d57a297ecf44/front.png
cabinet,b167828cbdec5ad36d70d57a297ecf44,left,ok,0.404476,378,395,0.569572,395,eb371d36cde228d100e3cdfef40e74cc221880933a34dc60a6115565e496a922,true,/cpfs/user/zhuzihou/assets/dedup_workspaces/test0_transitive_apply_parallel/dataset/GRScenes_assets/cabinet/b167828cbdec5ad36d70d57a297ecf44/left.png
cabinet,b167828cbdec5ad36d70d57a297ecf44,back,ok,0.452095,385,383,0.562496,385,f556ee8db62ae1b61b875316d8acd9f60a6f014c3068962d888e137506e59de6,true,/cpfs/user/zhuzihou/assets/dedup_workspaces/test0_transitive_apply_parallel/dataset/GRScenes_assets/cabinet/b167828cbdec5ad36d70d57a297ecf44/back.png
cabinet,b167828cbdec5ad36d70d57a297ecf44,right,ok,0.455051,378,395,0.569572,395,8aa24d962f7bfb1cb0fabdcef7f1fe84f4dbdcbbcbac61da114b9c36a94a8148,true,/cpfs/user/zhuzihou/assets/dedup_workspaces/test0_transitive_apply_parallel/dataset/GRScenes_assets/cabinet/b167828cbdec5ad36d70d57a297ecf44/right.png
cabinet,b177c40f21ee250c430f97cecc2bb396,front,ok,0.433788,458,294,0.513657,458,d22383d02c5dab0bff8923c2b97d586aed020b01aca889e00e7d6ff4e8a231fb,true,/cpfs/user/zhuzihou/assets/dedup_workspaces/test0_transitive_apply_parallel/dataset/GRScenes_assets/cabinet/b177c40f21ee250c430f97cecc2bb396/front.png
cabinet,b177c40f21ee250c430f97cecc2bb396,left,ok,0.209209,162,445,0.275002,445,d3e2566a58be1bc81f75232dce32e209d310de0bcd5f5a3a1e6fc36b940296b3,true,/cpfs/user/zhuzihou/assets/dedup_workspaces/test0_transitive_apply_parallel/dataset/GRScenes_assets/cabinet/b177c40f21ee250c430f97cecc2bb396/left.png
cabinet,b177c40f21ee250c430f97cecc2bb396,back,ok,0.420506,462,296,0.521667,462,0318055cfe03ea32ba330ecacc4cb6b9473e48b016104d2b1aa83c6578766308,true,/cpfs/user/zhuzihou/assets/dedup_workspaces/test0_transitive_apply_parallel/dataset/GRScenes_assets/cabinet/b177c40f21ee250c430f97cecc2bb396/back.png
cabinet,b177c40f21ee250c430f97cecc2bb396,right,ok,0.211521,163,445,0.276699,445,6182d511ec2120311e3b8bada2a780ebba18a8e31620eb0e47f384e06442fb6f,true,/cpfs/user/zhuzihou/assets/dedup_workspaces/test0_transitive_apply_parallel/dataset/GRScenes_assets/cabinet/b177c40f21ee250c430f97cecc2bb396/right.png
cabinet,b21321e1a2848a1a23a0152c137319cd,front,ok,0.185982,208,319,0.253113,319,c9a761e25b4faf73ea2a88e8554fc31ad8ce65d709876e9a54f54265989179c7,true,/cpfs/user/zhuzihou/assets/dedup_workspaces/test0_transitive_apply_parallel/dataset/GRScenes_assets/cabinet/b21321e1a2848a1a23a0152c137319cd/front.png
cabinet,b21321e1a2848a1a23a0152c137319cd,left,ok,0.161064,504,91,0.174957,504,87ced4836c4491f518f8ae4ff5fb51d1dc0d5265a416c79634623bfbd3cea287,true,/cpfs/user/zhuzihou/assets/dedup_workspaces/test0_transitive_apply_parallel/dataset/GRScenes_assets/cabinet/b21321e1a2848a1a23a0152c137319cd/left.png
cabinet,b21321e1a2848a1a23a0152c137319cd,back,ok,0.186020,208,319,0.253113,319,07bf14e9d101699258892df9bcac7d265e184ceb5de210ffa1e068f5e3cdfeb1,true,/cpfs/user/zhuzihou/assets/dedup_workspaces/test0_transitive_apply_parallel/dataset/GRScenes_assets/cabinet/b21321e1a2848a1a23a0152c137319cd/back.png
cabinet,b21321e1a2848a1a23a0152c137319cd,right,ok,0.161068,504,91,0.174957,504,a58aa65a0a35527d43f8fae05e55d3e1c2594453b8e2bcb120f3f5a87017b9ab,true,/cpfs/user/zhuzihou/assets/dedup_workspaces/test0_transitive_apply_parallel/dataset/GRScenes_assets/cabinet/b21321e1a2848a1a23a0152c137319cd/right.png
cabinet,b2c045d54227b760dc900ec0c8146148,front,ok,0.025040,20,411,0.031357,411,09746ab388a7d0f547bb47a7bf99398cb977c0e72dca384414160eb3840fe032,true,/cpfs/user/zhuzihou/assets/dedup_workspaces/test0_transitive_apply_parallel/dataset/GRScenes_assets/cabinet/b2c045d54227b760dc900ec0c8146148/front.png
cabinet,b2c045d54227b760dc900ec0c8146148,left,ok,0.044632,36,407,0.055893,407,f49cc383b19f58ac096f6d8c9a1ad68b5b7a6508bc911ca091b8b82aae448f0f,true,/cpfs/user/zhuzihou/assets/dedup_workspaces/test0_transitive_apply_parallel/dataset/GRScenes_assets/cabinet/b2c045d54227b760dc900ec0c8146148/left.png
cabinet,b2c045d54227b760dc900ec0c8146148,back,ok,0.025059,20,411,0.031357,411,7301887bfea81834d8e9974c01eb6c991a2631a9b4d2276b8ffd7c74ca8edf32,true,/cpfs/user/zhuzihou/assets/dedup_workspaces/test0_transitive_apply_parallel/dataset/GRScenes_assets/cabinet/b2c045d54227b760dc900ec0c8146148/back.png
cabinet,b2c045d54227b760dc900ec0c8146148,right,ok,0.044819,36,407,0.055893,407,15d2a40268975ff5465a7689ddb8e247156d4d039caa00be232c1001bfc92cdb,true,/cpfs/user/zhuzihou/assets/dedup_workspaces/test0_transitive_apply_parallel/dataset/GRScenes_assets/cabinet/b2c045d54227b760dc900ec0c8146148/right.png
cabinet,b2df04178ae53c4307c24b1bf274c8cf,front,ok,0.306370,512,170,0.332031,512,68a2241bcc8290ad3c61afe6af584ce725d011f01811da2fb3f5f32d7a6cde60,true,/cpfs/user/zhuzihou/assets/dedup_workspaces/test0_transitive_apply_parallel/dataset/GRScenes_assets/cabinet/b2df04178ae53c4307c24b1bf274c8cf/front.png
cabinet,b2df04178ae53c4307c24b1bf274c8cf,left,ok,0.296547,290,349,0.386086,349,f13b262fc29ae6e22490c58073fc3b0fcd562a101e282204e9fae05a79e03c82,true,/cpfs/user/zhuzihou/assets/dedup_workspaces/test0_transitive_apply_parallel/dataset/GRScenes_assets/cabinet/b2df04178ae53c4307c24b1bf274c8cf/left.png
cabinet,b2df04178ae53c4307c24b1bf274c8cf,back,ok,0.306366,512,170,0.332031,512,ea4a1baff5e12b06bd4413b87269a7a7908054e75022b7cd4c51aaf66c8b43ee,true,/cpfs/user/zhuzihou/assets/dedup_workspaces/test0_transitive_apply_parallel/dataset/GRScenes_assets/cabinet/b2df04178ae53c4307c24b1bf274c8cf/back.png
cabinet,b2df04178ae53c4307c24b1bf274c8cf,right,ok,0.296547,290,349,0.386086,349,27a3c4cfd994521090c9a805a48d6809e59538ebba9fd5139083d9334a7808db,true,/cpfs/user/zhuzihou/assets/dedup_workspaces/test0_transitive_apply_parallel/dataset/GRScenes_assets/cabinet/b2df04178ae53c4307c24b1bf274c8cf/right.png
cabinet,b42c7faab4a78e021d7e3cc6c5a81734,front,ok,0.431602,466,286,0.508408,466,b0490dc6de59d04e2ef89f2c0ae5318a8e7352ec4be2ba8a875508a8dde86786,true,/cpfs/user/zhuzihou/assets/dedup_workspaces/test0_transitive_apply_parallel/dataset/GRScenes_assets/cabinet/b42c7faab4a78e021d7e3cc6c5a81734/front.png
cabinet,b42c7faab4a78e021d7e3cc6c5a81734,left,ok,0.207333,160,444,0.270996,444,ad478f7a786644b371cb2802bdb902aebcdf175647d55d78e25ccbb5515a5a9c,true,/cpfs/user/zhuzihou/assets/dedup_workspaces/test0_transitive_apply_parallel/dataset/GRScenes_assets/cabinet/b42c7faab4a78e021d7e3cc6c5a81734/left.png
cabinet,b42c7faab4a78e021d7e3cc6c5a81734,back,ok,0.431625,466,286,0.508408,466,7d2a1f758bf9a757e0b3815ea9dc48a736dd325bbf135e2cc20530aa73f6e768,true,/cpfs/user/zhuzihou/assets/dedup_workspaces/test0_transitive_apply_parallel/dataset/GRScenes_assets/cabinet/b42c7faab4a78e021d7e3cc6c5a81734/back.png
cabinet,b42c7faab4a78e021d7e3cc6c5a81734,right,ok,0.208233,160,444,0.270996,444,b72c6606aec74f3b4420767e5f52b7a5578e7374454f2d625d675b97c7dd3d5d,true,/cpfs/user/zhuzihou/assets/dedup_workspaces/test0_transitive_apply_parallel/dataset/GRScenes_assets/cabinet/b42c7faab4a78e021d7e3cc6c5a81734/right.png
cabinet,b6d88a2e8f94f6d1a1916fc1b083f269,front,ok,0.409176,504,244,0.469116,504,961274ff123a37fb0058b80e7a779f7b74503d0f7770a44fb09116cf566b6d25,true,/cpfs/user/zhuzihou/assets/dedup_workspaces/test0_transitive_apply_parallel/dataset/GRScenes_assets/cabinet/b6d88a2e8f94f6d1a1916fc1b083f269/front.png
cabinet,b6d88a2e8f94f6d1a1916fc1b083f269,left,ok,0.243938,195,426,0.316887,426,d0a85c638b59a91f98eabd08fef86a8eec72493c4460219ae40489ab022492bf,true,/cpfs/user/zhuzihou/assets/dedup_workspaces/test0_transitive_apply_parallel/dataset/GRScenes_assets/cabinet/b6d88a2e8f94f6d1a1916fc1b083f269/left.png
cabinet,b6d88a2e8f94f6d1a1916fc1b083f269,back,ok,0.408298,502,244,0.467255,502,faedfe1f6bb0db4b88d082ed8b211f8a61865a3df2e9b4f19b750bd1e272da68,true,/cpfs/user/zhuzihou/assets/dedup_workspaces/test0_transitive_apply_parallel/dataset/GRScenes_assets/cabinet/b6d88a2e8f94f6d1a1916fc1b083f269/back.png
cabinet,b6d88a2e8f94f6d1a1916fc1b083f269,right,ok,0.243767,196,426,0.318512,426,85e2740175e4c3e65ed6f5d98332da5c120d8977dae96dc8e9de560992becf82,true,/cpfs/user/zhuzihou/assets/dedup_workspaces/test0_transitive_apply_parallel/dataset/GRScenes_assets/cabinet/b6d88a2e8f94f6d1a1916fc1b083f269/right.png
cabinet,b7753a03a8a0b555c4fe691b4e97e681,front,ok,0.024117,20,411,0.031357,411,8032bbf55401fdeded6e174dd35e9caa132dc9422c177d3a2efd712c0bd4b2a5,true,/cpfs/user/zhuzihou/assets/dedup_workspaces/test0_transitive_apply_parallel/dataset/GRScenes_assets/cabinet/b7753a03a8a0b555c4fe691b4e97e681/front.png
cabinet,b7753a03a8a0b555c4fe691b4e97e681,left,ok,0.044765,36,407,0.055893,407,c02bea70d56f79ac519f20032c95c90f27ed1818b88ae88a9fad5e8bfd35892e,true,/cpfs/user/zhuzihou/assets/dedup_workspaces/test0_transitive_apply_parallel/dataset/GRScenes_assets/cabinet/b7753a03a8a0b555c4fe691b4e97e681/left.png
cabinet,b7753a03a8a0b555c4fe691b4e97e681,back,ok,0.025063,20,411,0.031357,411,eba6b74f6d992dfea9c401f0665fa9294fc47dc9a47240f7d23e1a8d36ee7ecc,true,/cpfs/user/zhuzihou/assets/dedup_workspaces/test0_transitive_apply_parallel/dataset/GRScenes_assets/cabinet/b7753a03a8a0b555c4fe691b4e97e681/back.png
cabinet,b7753a03a8a0b555c4fe691b4e97e681,right,ok,0.044319,36,407,0.055893,407,133dd6750c55a357be5ca674c09b5681205aefbe3f5ed1801f60584db97a1bc0,true,/cpfs/user/zhuzihou/assets/dedup_workspaces/test0_transitive_apply_parallel/dataset/GRScenes_assets/cabinet/b7753a03a8a0b555c4fe691b4e97e681/right.png
cabinet,b79aea153ed0e7608e98f1174321cb5b,front,ok,0.375462,498,224,0.425537,498,12c34d828b39bd276005fab43d05b43ab01a8328d95a94cfa087ccefb5d86428,true,/cpfs/user/zhuzihou/assets/dedup_workspaces/test0_transitive_apply_parallel/dataset/GRScenes_assets/cabinet/b79aea153ed0e7608e98f1174321cb5b/front.png
cabinet,b79aea153ed0e7608e98f1174321cb5b,left,ok,0.191048,156,423,0.251724,423,110e8f00d5cb473fd79250d494102b72567b9b8ca3a23d7b19bfcfc3e8255cdd,true,/cpfs/user/zhuzihou/assets/dedup_workspaces/test0_transitive_apply_parallel/dataset/GRScenes_assets/cabinet/b79aea153ed0e7608e98f1174321cb5b/left.png
cabinet,b79aea153ed0e7608e98f1174321cb5b,back,ok,0.377579,502,225,0.430870,502,973ac11f97b2d073c6a77b29784137991f2aceff36888b2755eb6182e16482d5,true,/cpfs/user/zhuzihou/assets/dedup_workspaces/test0_transitive_apply_parallel/dataset/GRScenes_assets/cabinet/b79aea153ed0e7608e98f1174321cb5b/back.png
cabinet,b79aea153ed0e7608e98f1174321cb5b,right,ok,0.193626,156,423,0.251724,423,5f57e1191af3ab657910d92ff8c95b4120291ce8f993463655c90baa99b6e14d,true,/cpfs/user/zhuzihou/assets/dedup_workspaces/test0_transitive_apply_parallel/dataset/GRScenes_assets/cabinet/b79aea153ed0e7608e98f1174321cb5b/right.png
cabinet,b98ecd271c33b455b28189e72a981600,front,ok,0.319855,512,184,0.359375,512,6528bada9bde496e4111d84835e4b079f0da06e41bc2ca998046ebfd648734f6,true,/cpfs/user/zhuzihou/assets/dedup_workspaces/test0_transitive_apply_parallel/dataset/GRScenes_assets/cabinet/b98ecd271c33b455b28189e72a981600/front.png
cabinet,b98ecd271c33b455b28189e72a981600,left,ok,0.311905,304,352,0.408203,352,4962dc1ecf40b65e8d0c0b9b75061a09f746237c177a3dd5470cbd91d5e7a32a,true,/cpfs/user/zhuzihou/assets/dedup_workspaces/test0_transitive_apply_parallel/dataset/GRScenes_assets/cabinet/b98ecd271c33b455b28189e72a981600/left.png
cabinet,b98ecd271c33b455b28189e72a981600,back,ok,0.321484,512,184,0.359375,512,43039278b1a0035933fa1863ec82aa81d25edb45175df0236f5cc427005a4cd4,true,/cpfs/user/zhuzihou/assets/dedup_workspaces/test0_transitive_apply_parallel/dataset/GRScenes_assets/cabinet/b98ecd271c33b455b28189e72a981600/back.png
cabinet,b98ecd271c33b455b28189e72a981600,right,ok,0.295383,304,350,0.405884,350,b9493c8bb735a127dc00d79961d4a0522cb2a01e2a425d3c6ce8914d5c45943d,true,/cpfs/user/zhuzihou/assets/dedup_workspaces/test0_transitive_apply_parallel/dataset/GRScenes_assets/cabinet/b98ecd271c33b455b28189e72a981600/right.png
cabinet,b99d258732159888586c2f51a5497167,front,ok,0.401142,375,345,0.493526,375,2ad7903f4f4aa1725a82590ba59ded5a2b04925b5f8af3ee66da8544e0f9817b,true,/cpfs/user/zhuzihou/assets/dedup_workspaces/test0_transitive_apply_parallel/dataset/GRScenes_assets/cabinet/b99d258732159888586c2f51a5497167/front.png
cabinet,b99d258732159888586c2f51a5497167,left,ok,0.144142,107,457,0.186535,457,c2dceafb40752d87af4cf290a08ae6e47b9e86dec4b1f6c0f2925993d9b99dd7,true,/cpfs/user/zhuzihou/assets/dedup_workspaces/test0_transitive_apply_parallel/dataset/GRScenes_assets/cabinet/b99d258732159888586c2f51a5497167/left.png
cabinet,b99d258732159888586c2f51a5497167,back,ok,0.402378,376,345,0.494843,376,01261d991c10dd890ba4d484ad196bfe0aca48a7509df03213c84fe9808a5c7b,true,/cpfs/user/zhuzihou/assets/dedup_workspaces/test0_transitive_apply_parallel/dataset/GRScenes_assets/cabinet/b99d258732159888586c2f51a5497167/back.png
cabinet,b99d258732159888586c2f51a5497167,right,ok,0.145763,108,457,0.188278,457,7df3d7aff091b7f5c8ffa502657da46771b07f05fbd6178acddf71099a731057,true,/cpfs/user/zhuzihou/assets/dedup_workspaces/test0_transitive_apply_parallel/dataset/GRScenes_assets/cabinet/b99d258732159888586c2f51a5497167/right.png
cabinet,b9de2d5b50dbb2dd091f0fbfc3ed9500,front,ok,0.114506,478,66,0.120346,478,3d4d1a9d65df70fdb569cb7918cfde73f542b388684642434d5ef44b88cd424d,true,/cpfs/user/zhuzihou/assets/dedup_workspaces/test0_transitive_apply_parallel/dataset/GRScenes_assets/cabinet/b9de2d5b50dbb2dd091f0fbfc3ed9500/front.png
cabinet,b9de2d5b50dbb2dd091f0fbfc3ed9500,left,ok,0.009987,10,370,0.014114,370,c09d96542bb699431d3ce80104e9dafd2c4b80bd82b31ebb3cbf016ce8d1b4e2,true,/cpfs/user/zhuzihou/assets/dedup_workspaces/test0_transitive_apply_parallel/dataset/GRScenes_assets/cabinet/b9de2d5b50dbb2dd091f0fbfc3ed9500/left.png
cabinet,b9de2d5b50dbb2dd091f0fbfc3ed9500,back,ok,0.114769,478,66,0.120346,478,4534937602083d33881b2d8c34beebc07f39847214ba35d477372478f4fc31e5,true,/cpfs/user/zhuzihou/assets/dedup_workspaces/test0_transitive_apply_parallel/dataset/GRScenes_assets/cabinet/b9de2d5b50dbb2dd091f0fbfc3ed9500/back.png
cabinet,b9de2d5b50dbb2dd091f0fbfc3ed9500,right,ok,0.009979,10,370,0.014114,370,6e43d11b03d8fa0997ab9fde69f378b81ad54960e6e5c88bcc93bdd00f00b4bb,true,/cpfs/user/zhuzihou/assets/dedup_workspaces/test0_transitive_apply_parallel/dataset/GRScenes_assets/cabinet/b9de2d5b50dbb2dd091f0fbfc3ed9500/right.png
cabinet,ba215c775d9633bb01b431571603a57f,front,ok,0.063240,48,439,0.080383,439,7713eb5f04a98ed87afb4f8e8bb3be1054643cbceb07dbea4e66aa4e480fae1b,true,/cpfs/user/zhuzihou/assets/dedup_workspaces/test0_transitive_apply_parallel/dataset/GRScenes_assets/cabinet/ba215c775d9633bb01b431571603a57f/front.png
cabinet,ba215c775d9633bb01b431571603a57f,left,ok,0.199589,164,408,0.255249,408,5d081f478b521763489658f19175777f89da96c2dd9070a27453216b376c4f63,true,/cpfs/user/zhuzihou/assets/dedup_workspaces/test0_transitive_apply_parallel/dataset/GRScenes_assets/cabinet/ba215c775d9633bb01b431571603a57f/left.png
cabinet,ba215c775d9633bb01b431571603a57f,back,ok,0.062660,48,439,0.080383,439,ea31e512ca9851d4aacbff16e9f2b136a2bef2f17b6429aeb3fdb09b2f98b9d2,true,/cpfs/user/zhuzihou/assets/dedup_workspaces/test0_transitive_apply_parallel/dataset/GRScenes_assets/cabinet/ba215c775d9633bb01b431571603a57f/back.png
cabinet,ba215c775d9633bb01b431571603a57f,right,ok,0.199509,164,408,0.255249,408,b33a74a90dbcc059977e2d54e5604d9dd2920ba7caf30f1bf4587ab292be8736,true,/cpfs/user/zhuzihou/assets/dedup_workspaces/test0_transitive_apply_parallel/dataset/GRScenes_assets/cabinet/ba215c775d9633bb01b431571603a57f/right.png
cabinet,ba56c3e6a715bc302fdebd862ecfb21e,front,ok,0.391586,444,285,0.482712,444,c8a16c63f1e362c5340817a5c44896163c6d213a8fdcc6920c69ffdc3a8b7698,true,/cpfs/user/zhuzihou/assets/dedup_workspaces/test0_transitive_apply_parallel/dataset/GRScenes_assets/cabinet/ba56c3e6a715bc302fdebd862ecfb21e/front.png
cabinet,ba56c3e6a715bc302fdebd862ecfb21e,left,ok,0.127968,98,451,0.168602,451,1624145f4ea086fb52473d47aed1e132d886eaae54c8f69928f8eb454be7dafa,true,/cpfs/user/zhuzihou/assets/dedup_workspaces/test0_transitive_apply_parallel/dataset/GRScenes_assets/cabinet/ba56c3e6a715bc302fdebd862ecfb21e/left.png
cabinet,ba56c3e6a715bc302fdebd862ecfb21e,back,ok,0.385582,446,285,0.484886,446,307ecceac669862aaca037cb58fd66568ff55fe228c42e3483bac789f7a4e64a,true,/cpfs/user/zhuzihou/assets/dedup_workspaces/test0_transitive_apply_parallel/dataset/GRScenes_assets/cabinet/ba56c3e6a715bc302fdebd862ecfb21e/back.png
cabinet,ba56c3e6a715bc302fdebd862ecfb21e,right,ok,0.087997,98,451,0.168602,451,3749c8e9f0120b1ba0e7573738da19185038c6197962451c18b262476dbf3e08,true,/cpfs/user/zhuzihou/assets/dedup_workspaces/test0_transitive_apply_parallel/dataset/GRScenes_assets/cabinet/ba56c3e6a715bc302fdebd862ecfb21e/right.png
cabinet,baf56f14fe94ce6e51fc2fcd73877608,front,ok,0.183613,483,107,0.197147,483,e2e0327bc52eed51121e791abcc50cecdb58339366e6fcd4acc658ac70a4b909,true,/cpfs/user/zhuzihou/assets/dedup_workspaces/test0_transitive_apply_parallel/dataset/GRScenes_assets/cabinet/baf56f14fe94ce6e51fc2fcd73877608/front.png
cabinet,baf56f14fe94ce6e51fc2fcd73877608,left,ok,0.017231,14,391,0.020882,391,2bed607669d9a35115392b2fd2e85b90b621527d07c423465a9bfebbb1eb0331,true,/cpfs/user/zhuzihou/assets/dedup_workspaces/test0_transitive_apply_parallel/dataset/GRScenes_assets/cabinet/baf56f14fe94ce6e51fc2fcd73877608/left.png
cabinet,baf56f14fe94ce6e51fc2fcd73877608,back,ok,0.183613,483,107,0.197147,483,003f1e00eaf1d6926508e19914eeaadbac66a65d0bfa31e359cac27495b38918,true,/cpfs/user/zhuzihou/assets/dedup_workspaces/test0_transitive_apply_parallel/dataset/GRScenes_assets/cabinet/baf56f14fe94ce6e51fc2fcd73877608/back.png
cabinet,baf56f14fe94ce6e51fc2fcd73877608,right,ok,0.017231,14,391,0.020882,391,184e6123353ee741a8f7bf2dd2b03eaa7cf3ee876d6c763139bcf06b9bc01fea,true,/cpfs/user/zhuzihou/assets/dedup_workspaces/test0_transitive_apply_parallel/dataset/GRScenes_assets/cabinet/baf56f14fe94ce6e51fc2fcd73877608/right.png
cabinet,bb8788bb75e34058841836fc14a60c22,front,ok,0.279114,507,157,0.303646,507,987ca8fa71b30144662b5470e40eb61635ac5fe0b6c63410e3b5644baf7b3fbe,true,/cpfs/user/zhuzihou/assets/dedup_workspaces/test0_transitive_apply_parallel/dataset/GRScenes_assets/cabinet/bb8788bb75e34058841836fc14a60c22/front.png
cabinet,bb8788bb75e34058841836fc14a60c22,left,ok,0.147041,127,398,0.192818,398,5d85e983fa25441d527057c26ea1fb4e9b951b5edb5cfec6f939fcf4fe8155df,true,/cpfs/user/zhuzihou/assets/dedup_workspaces/test0_transitive_apply_parallel/dataset/GRScenes_assets/cabinet/bb8788bb75e34058841836fc14a60c22/left.png
cabinet,bb8788bb75e34058841836fc14a60c22,back,ok,0.278877,506,157,0.303047,506,4064b612a08d284c8ee005999e2822dea099c8836a40d54068b8abb923451504,true,/cpfs/user/zhuzihou/assets/dedup_workspaces/test0_transitive_apply_parallel/dataset/GRScenes_assets/cabinet/bb8788bb75e34058841836fc14a60c22/back.png
cabinet,bb8788bb75e34058841836fc14a60c22,right,ok,0.146965,126,398,0.191299,398,f8833aaaba3fa2bb5ee0c79fa4154954e69c9cfda23840fd45150ebd8a488ba3,true,/cpfs/user/zhuzihou/assets/dedup_workspaces/test0_transitive_apply_parallel/dataset/GRScenes_assets/cabinet/bb8788bb75e34058841836fc14a60c22/right.png
cabinet,bb9e1bce727fb787d4d2547978a22f3d,front,ok,0.366413,512,215,0.419922,512,ecfdbb8f962b4ac5bf86480adb4c61d3b2277f4c6660f1679c85f7400646b03c,true,/cpfs/user/zhuzihou/assets/dedup_workspaces/test0_transitive_apply_parallel/dataset/GRScenes_assets/cabinet/bb9e1bce727fb787d4d2547978a22f3d/front.png
cabinet,bb9e1bce727fb787d4d2547978a22f3d,left,ok,0.374950,399,314,0.477928,399,26506c8e7cd3f690aa9d87a3f758ecb832502e67ce6579fbc5e1b3ed363e755d,true,/cpfs/user/zhuzihou/assets/dedup_workspaces/test0_transitive_apply_parallel/dataset/GRScenes_assets/cabinet/bb9e1bce727fb787d4d2547978a22f3d/left.png
cabinet,bb9e1bce727fb787d4d2547978a22f3d,back,ok,0.366264,512,215,0.419922,512,ab648dfac3269477775ed71229f0f7ff1b566bbf741bdb4ae025b66996953fd7,true,/cpfs/user/zhuzihou/assets/dedup_workspaces/test0_transitive_apply_parallel/dataset/GRScenes_assets/cabinet/bb9e1bce727fb787d4d2547978a22f3d/back.png
cabinet,bb9e1bce727fb787d4d2547978a22f3d,right,ok,0.351849,400,314,0.479126,400,2411233d327622ac2a3d9ac27dac904727c57e04a0327300f311e39f3e44b8c7,true,/cpfs/user/zhuzihou/assets/dedup_workspaces/test0_transitive_apply_parallel/dataset/GRScenes_assets/cabinet/bb9e1bce727fb787d4d2547978a22f3d/right.png
cabinet,bc535844bf4e712f401dd5d458b08b6d,front,ok,0.476601,416,373,0.591919,416,1ab88083a47081efb0c26b02e5ea8a68b7d4fe6f7cfe97d9f55dba656b992ec6,true,/cpfs/user/zhuzihou/assets/dedup_workspaces/test0_transitive_apply_parallel/dataset/GRScenes_assets/cabinet/bc535844bf4e712f401dd5d458b08b6d/front.png
cabinet,bc535844bf4e712f401dd5d458b08b6d,left,ok,0.393242,312,419,0.498688,419,4e8aeb7a32bed823ac3451cde175b56bcfb803db27205a1fde1fd24509011e1a,true,/cpfs/user/zhuzihou/assets/dedup_workspaces/test0_transitive_apply_parallel/dataset/GRScenes_assets/cabinet/bc535844bf4e712f401dd5d458b08b6d/left.png
cabinet,bc535844bf4e712f401dd5d458b08b6d,back,ok,0.465900,409,369,0.575718,409,50713b19f62f4b77d5397298a2f53538791621b3c317eacdbc6ace14fb786419,true,/cpfs/user/zhuzihou/assets/dedup_workspaces/test0_transitive_apply_parallel/dataset/GRScenes_assets/cabinet/bc535844bf4e712f401dd5d458b08b6d/back.png
cabinet,bc535844bf4e712f401dd5d458b08b6d,right,ok,0.397778,317,418,0.505470,418,2907b24b4ba0233d748d17c56e419f5f695e97eff923630177b503e937c676b8,true,/cpfs/user/zhuzihou/assets/dedup_workspaces/test0_transitive_apply_parallel/dataset/GRScenes_assets/cabinet/bc535844bf4e712f401dd5d458b08b6d/right.png
cabinet,bd0a5a4855f3f5693eb405f1723a2fc7,front,ok,0.371117,466,265,0.471077,466,8ea3a1f37a3d0173780c7bc08675b5be1f823b70bc4357782a950b1835c79fd7,true,/cpfs/user/zhuzihou/assets/dedup_workspaces/test0_transitive_apply_parallel/dataset/GRScenes_assets/cabinet/bd0a5a4855f3f5693eb405f1723a2fc7/front.png
cabinet,bd0a5a4855f3f5693eb405f1723a2fc7,left,ok,0.377029,475,258,0.467491,475,7c15ff916d0337804f64b56492996446b0da4cae224c8febc5ff16e022ea7030,true,/cpfs/user/zhuzihou/assets/dedup_workspaces/test0_transitive_apply_parallel/dataset/GRScenes_assets/cabinet/bd0a5a4855f3f5693eb405f1723a2fc7/left.png
cabinet,bd0a5a4855f3f5693eb405f1723a2fc7,back,ok,0.296177,469,255,0.456219,469,41681643a34a9298bea5f2b063e8bfbeb6976b35a34ad1ba1459d061ff550e31,true,/cpfs/user/zhuzihou/assets/dedup_workspaces/test0_transitive_apply_parallel/dataset/GRScenes_assets/cabinet/bd0a5a4855f3f5693eb405f1723a2fc7/back.png
cabinet,bd0a5a4855f3f5693eb405f1723a2fc7,right,ok,0.376976,478,255,0.464973,478,29b09ae3a896e9260b14bafe099a2e4afe74a592e1ba40386e14f4250c1f9846,true,/cpfs/user/zhuzihou/assets/dedup_workspaces/test0_transitive_apply_parallel/dataset/GRScenes_assets/cabinet/bd0a5a4855f3f5693eb405f1723a2fc7/right.png
cabinet,bd222255965857d4d7fe7a529d4eb93a,front,ok,0.424896,380,383,0.555191,383,c2d95c7c956ee58284fea9603fd1238fb1033ac6799408ac4e551da84b387f65,true,/cpfs/user/zhuzihou/assets/dedup_workspaces/test0_transitive_apply_parallel/dataset/GRScenes_assets/cabinet/bd222255965857d4d7fe7a529d4eb93a/front.png
cabinet,bd222255965857d4d7fe7a529d4eb93a,left,ok,0.489628,506,300,0.579071,506,e92b0e7c015923c522da6aa46aafe381775b593104b8bc19ad601f21114e1c58,true,/cpfs/user/zhuzihou/assets/dedup_workspaces/test0_transitive_apply_parallel/dataset/GRScenes_assets/cabinet/bd222255965857d4d7fe7a529d4eb93a/left.png
cabinet,bd222255965857d4d7fe7a529d4eb93a,back,ok,0.424973,380,383,0.555191,383,1f5e66548db80775ec9028d6d5dc37a35f72f8f49059d7d391cfa48ed45c29a7,true,/cpfs/user/zhuzihou/assets/dedup_workspaces/test0_transitive_apply_parallel/dataset/GRScenes_assets/cabinet/bd222255965857d4d7fe7a529d4eb93a/back.png
cabinet,bd222255965857d4d7fe7a529d4eb93a,right,ok,0.448982,506,300,0.579071,506,2d58d316d52f0cc3c5fe4bbd608b2c731dfda702761cf0f948783205f86a4417,true,/cpfs/user/zhuzihou/assets/dedup_workspaces/test0_transitive_apply_parallel/dataset/GRScenes_assets/cabinet/bd222255965857d4d7fe7a529d4eb93a/right.png
cabinet,be2234dbba941a17522a2cf48d88d268,front,ok,0.387173,498,321,0.609810,498,8e1ee83d7effcd1e66e8f95d3486bc798284ea34c2fb9b44fb8255a77d330fd8,true,/cpfs/user/zhuzihou/assets/dedup_workspaces/test0_transitive_apply_parallel/dataset/GRScenes_assets/cabinet/be2234dbba941a17522a2cf48d88d268/front.png
cabinet,be2234dbba941a17522a2cf48d88d268,left,ok,0.377941,384,394,0.577148,394,1e895fe7401b5c505ab9378e621e4cb5af66436fffe40c9b46ae9b566e6fce00,true,/cpfs/user/zhuzihou/assets/dedup_workspaces/test0_transitive_apply_parallel/dataset/GRScenes_assets/cabinet/be2234dbba941a17522a2cf48d88d268/left.png
cabinet,be2234dbba941a17522a2cf48d88d268,back,ok,0.367634,498,321,0.609810,498,8068d62ef54258c204c1aabcdc391ab1d48dc5cc9d4752892f32d62b92114dad,true,/cpfs/user/zhuzihou/assets/dedup_workspaces/test0_transitive_apply_parallel/dataset/GRScenes_assets/cabinet/be2234dbba941a17522a2cf48d88d268/back.png
cabinet,be2234dbba941a17522a2cf48d88d268,right,ok,0.413948,384,394,0.577148,394,baed2ee034dff3e41ded2c7012fea6371459c06675a326c00ab2b9e73ff5bdcb,true,/cpfs/user/zhuzihou/assets/dedup_workspaces/test0_transitive_apply_parallel/dataset/GRScenes_assets/cabinet/be2234dbba941a17522a2cf48d88d268/right.png
cabinet,c2baafe7faae17a654ae50ac0794baa7,front,ok,0.031849,468,18,0.032135,468,4d8bb5358c94737236173aa5ce811927d317421fcaefbfcbf63a496557c10392,true,/cpfs/user/zhuzihou/assets/dedup_workspaces/test0_transitive_apply_parallel/dataset/GRScenes_assets/cabinet/c2baafe7faae17a654ae50ac0794baa7/front.png
cabinet,c2baafe7faae17a654ae50ac0794baa7,left,ok,0.024284,28,324,0.034607,324,6c8c0adbc35d3c9353732c28de1fdb9f9a5af312e35fed72f58ca9ad39909343,true,/cpfs/user/zhuzihou/assets/dedup_workspaces/test0_transitive_apply_parallel/dataset/GRScenes_assets/cabinet/c2baafe7faae17a654ae50ac0794baa7/left.png
cabinet,c2baafe7faae17a654ae50ac0794baa7,back,ok,0.022991,468,13,0.023209,468,0261778c818bd825069885640fcc05bbb6679ead5d3832e971677b056944fe58,true,/cpfs/user/zhuzihou/assets/dedup_workspaces/test0_transitive_apply_parallel/dataset/GRScenes_assets/cabinet/c2baafe7faae17a654ae50ac0794baa7/back.png
cabinet,c2baafe7faae17a654ae50ac0794baa7,right,ok,0.024281,28,324,0.034607,324,68e1323486551ceec02fd843a3bb767540d88665b5ef4cf3bd9fc1f7c2dcf37b,true,/cpfs/user/zhuzihou/assets/dedup_workspaces/test0_transitive_apply_parallel/dataset/GRScenes_assets/cabinet/c2baafe7faae17a654ae50ac0794baa7/right.png
cabinet,c32ceb8e0963306845e5ca8a739d9d0c,front,ok,0.307396,512,177,0.345703,512,a54f236b23de7f193c03d1783492fac39d6d83c09588a9eeb64bad4075389775,true,/cpfs/user/zhuzihou/assets/dedup_workspaces/test0_transitive_apply_parallel/dataset/GRScenes_assets/cabinet/c32ceb8e0963306845e5ca8a739d9d0c/front.png
cabinet,c32ceb8e0963306845e5ca8a739d9d0c,left,ok,0.207832,301,349,0.400730,349,920a5492d639da8290c8741f62bfd567e12ac4eb8561ae6ce5cfe0d47f555106,true,/cpfs/user/zhuzihou/assets/dedup_workspaces/test0_transitive_apply_parallel/dataset/GRScenes_assets/cabinet/c32ceb8e0963306845e5ca8a739d9d0c/left.png
cabinet,c32ceb8e0963306845e5ca8a739d9d0c,back,ok,0.310402,512,177,0.345703,512,b173fa40eae0dae40c86d86c827eed65520ecfc2ab613130a9e81806094c1b36,true,/cpfs/user/zhuzihou/assets/dedup_workspaces/test0_transitive_apply_parallel/dataset/GRScenes_assets/cabinet/c32ceb8e0963306845e5ca8a739d9d0c/back.png
cabinet,c32ceb8e0963306845e5ca8a739d9d0c,right,ok,0.263016,302,339,0.390541,339,353e9746bd835199000cee15c6547e9e85a4d4f7b11c0e98a9dd26edf32dce8d,true,/cpfs/user/zhuzihou/assets/dedup_workspaces/test0_transitive_apply_parallel/dataset/GRScenes_assets/cabinet/c32ceb8e0963306845e5ca8a739d9d0c/right.png
cabinet,c374d6871c66a3e3addaf9ca544316fd,front,ok,0.382614,494,249,0.469231,494,ac806063c51799b81dc7f447728e930491a12dd0376ffc3f37fc47f4ec38b07c,true,/cpfs/user/zhuzihou/assets/dedup_workspaces/test0_transitive_apply_parallel/dataset/GRScenes_assets/cabinet/c374d6871c66a3e3addaf9ca544316fd/front.png
cabinet,c374d6871c66a3e3addaf9ca544316fd,left,ok,0.388302,464,273,0.483215,464,cbe5709bf391af6171390009eb363c81cb827fe4396ac267af27fda0d5a69dc9,true,/cpfs/user/zhuzihou/assets/dedup_workspaces/test0_transitive_apply_parallel/dataset/GRScenes_assets/cabinet/c374d6871c66a3e3addaf9ca544316fd/left.png
cabinet,c374d6871c66a3e3addaf9ca544316fd,back,ok,0.382793,494,249,0.469231,494,0422b703f32bedeca5ab3cfa5144110876f56a2d03a3bcc8e1e68900117527c1,true,/cpfs/user/zhuzihou/assets/dedup_workspaces/test0_transitive_apply_parallel/dataset/GRScenes_assets/cabinet/c374d6871c66a3e3addaf9ca544316fd/back.png
cabinet,c374d6871c66a3e3addaf9ca544316fd,right,ok,0.383274,464,273,0.483215,464,262d1db434b5223ed6ca44bdbaef733b77fee06812639c9be9ddebb72068177c,true,/cpfs/user/zhuzihou/assets/dedup_workspaces/test0_transitive_apply_parallel/dataset/GRScenes_assets/cabinet/c374d6871c66a3e3addaf9ca544316fd/right.png
cabinet,c3d775aaa4117e7169a87f1ba6ad6eec,front,ok,0.034859,462,20,0.035248,462,38342bf993d0c107f906195d39d0188d0f1b49bda04708f738c031e4073a0544,true,/cpfs/user/zhuzihou/assets/dedup_workspaces/test0_transitive_apply_parallel/dataset/GRScenes_assets/cabinet/c3d775aaa4117e7169a87f1ba6ad6eec/front.png
cabinet,c3d775aaa4117e7169a87f1ba6ad6eec,left,ok,0.018532,20,332,0.025330,332,9ca771f1261a385635074d28d853a19614fd0514c4cc52c82ae17cbb205e9c1d,true,/cpfs/user/zhuzihou/assets/dedup_workspaces/test0_transitive_apply_parallel/dataset/GRScenes_assets/cabinet/c3d775aaa4117e7169a87f1ba6ad6eec/left.png
cabinet,c3d775aaa4117e7169a87f1ba6ad6eec,back,ok,0.038727,467,22,0.039192,467,a413632575f3b502f7a2623ae64b7cec26804b2c5df435d8983fdd7de595fb92,true,/cpfs/user/zhuzihou/assets/dedup_workspaces/test0_transitive_apply_parallel/dataset/GRScenes_assets/cabinet/c3d775aaa4117e7169a87f1ba6ad6eec/back.png
cabinet,c3d775aaa4117e7169a87f1ba6ad6eec,right,ok,0.017914,20,333,0.025406,333,0f57f17ef9768e887b58880d21a2c81646e2de5e143160620192831e0dbcde39,true,/cpfs/user/zhuzihou/assets/dedup_workspaces/test0_transitive_apply_parallel/dataset/GRScenes_assets/cabinet/c3d775aaa4117e7169a87f1ba6ad6eec/right.png
cabinet,c43392a9e2dd7be34b1a6a7cdc7747fb,front,ok,0.033581,468,19,0.033920,468,24ccc36fdb84f0c664e6a3da9281feaa4af6ee4bd5853ee2f194bfd09db5b069,true,/cpfs/user/zhuzihou/assets/dedup_workspaces/test0_transitive_apply_parallel/dataset/GRScenes_assets/cabinet/c43392a9e2dd7be34b1a6a7cdc7747fb/front.png
cabinet,c43392a9e2dd7be34b1a6a7cdc7747fb,left,ok,0.015007,16,332,0.020264,332,5cae7d40fd3ed4b058af82750c49e6a80e449f2022493eb7d932ad378dca54b2,true,/cpfs/user/zhuzihou/assets/dedup_workspaces/test0_transitive_apply_parallel/dataset/GRScenes_assets/cabinet/c43392a9e2dd7be34b1a6a7cdc7747fb/left.png
cabinet,c43392a9e2dd7be34b1a6a7cdc7747fb,back,ok,0.033249,463,19,0.033558,463,51367855ebc02cf9d23390db25755f99958531e1e7a7fd8d8de0d8db98cf6886,true,/cpfs/user/zhuzihou/assets/dedup_workspaces/test0_transitive_apply_parallel/dataset/GRScenes_assets/cabinet/c43392a9e2dd7be34b1a6a7cdc7747fb/back.png
cabinet,c43392a9e2dd7be34b1a6a7cdc7747fb,right,ok,0.014675,16,333,0.020325,333,3a61fea7dbb2a7ec42f16a25e822360e77c35d24c88c3772cd5022887a48a8d1,true,/cpfs/user/zhuzihou/assets/dedup_workspaces/test0_transitive_apply_parallel/dataset/GRScenes_assets/cabinet/c43392a9e2dd7be34b1a6a7cdc7747fb/right.png
cabinet,c4c751bead45675090d7b4adda928f55,front,ok,0.399204,348,399,0.529678,399,5bd6b1f2650a43ac766f6928bf5e5cdba649f88388a58823a1932b9e6c2b627c,true,/cpfs/user/zhuzihou/assets/dedup_workspaces/test0_transitive_apply_parallel/dataset/GRScenes_assets/cabinet/c4c751bead45675090d7b4adda928f55/front.png
cabinet,c4c751bead45675090d7b4adda928f55,left,ok,0.400257,380,390,0.565338,390,22209819507932175f21f4ad417f243abe71b8ca4feb551dd48f3f0d424e5635,true,/cpfs/user/zhuzihou/assets/dedup_workspaces/test0_transitive_apply_parallel/dataset/GRScenes_assets/cabinet/c4c751bead45675090d7b4adda928f55/left.png
cabinet,c4c751bead45675090d7b4adda928f55,back,ok,0.416157,340,393,0.509720,393,36c5f89002f3bfab5cc929fee599324d5bf7b1a6101486b60e106186088e50c7,true,/cpfs/user/zhuzihou/assets/dedup_workspaces/test0_transitive_apply_parallel/dataset/GRScenes_assets/cabinet/c4c751bead45675090d7b4adda928f55/back.png
cabinet,c4c751bead45675090d7b4adda928f55,right,ok,0.408535,358,377,0.514854,377,eb055aef5c12fb6efce2048588fc53714433bd6c0a2cc3c89a5a02928186d9de,true,/cpfs/user/zhuzihou/assets/dedup_workspaces/test0_transitive_apply_parallel/dataset/GRScenes_assets/cabinet/c4c751bead45675090d7b4adda928f55/right.png
cabinet,c4ea5b9a659e221f4f93fcea6b548a5b,front,ok,0.325893,386,288,0.424072,386,5734e6a7497e3c565377c958b7423db71822e34207bcfd588bad29a2c7cb31ec,true,/cpfs/user/zhuzihou/assets/dedup_workspaces/test0_transitive_apply_parallel/dataset/GRScenes_assets/cabinet/c4ea5b9a659e221f4f93fcea6b548a5b/front.png
cabinet,c4ea5b9a659e221f4f93fcea6b548a5b,left,ok,0.306934,512,185,0.361328,512,0f4159125f119825c9ffa3a82447d9cd297ae408cf91ac323ad07ca34a15f124,true,/cpfs/user/zhuzihou/assets/dedup_workspaces/test0_transitive_apply_parallel/dataset/GRScenes_assets/cabinet/c4ea5b9a659e221f4f93fcea6b548a5b/left.png
cabinet,c4ea5b9a659e221f4f93fcea6b548a5b,back,ok,0.332603,386,293,0.431435,386,7123505280bf27389bb27d4271e42ebbae7b6e81f6fe3ebd46c6dbcd47fc2845,true,/cpfs/user/zhuzihou/assets/dedup_workspaces/test0_transitive_apply_parallel/dataset/GRScenes_assets/cabinet/c4ea5b9a659e221f4f93fcea6b548a5b/back.png
cabinet,c4ea5b9a659e221f4f93fcea6b548a5b,right,ok,0.306934,512,185,0.361328,512,0e5a869ac767c51904af37e5a37412795ec04933f84b85481fc74e14e67ffdc0,true,/cpfs/user/zhuzihou/assets/dedup_workspaces/test0_transitive_apply_parallel/dataset/GRScenes_assets/cabinet/c4ea5b9a659e221f4f93fcea6b548a5b/right.png
cabinet,c519f1a811a84b231232c3808588b911,front,ok,0.284397,512,174,0.339844,512,f9f21ccd893e132da5706f2a03b78ce8cae1ac1cb419e3fe1863232ab9e65156,true,/cpfs/user/zhuzihou/assets/dedup_workspaces/test0_transitive_apply_parallel/dataset/GRScenes_assets/cabinet/c519f1a811a84b231232c3808588b911/front.png
cabinet,c519f1a811a84b231232c3808588b911,left,ok,0.278584,258,369,0.363167,369,019243ac6fdc2e85f371dbaa842840c455ea9e2b4f6a3edb0b8d9124c444cf26,true,/cpfs/user/zhuzihou/assets/dedup_workspaces/test0_transitive_apply_parallel/dataset/GRScenes_assets/cabinet/c519f1a811a84b231232c3808588b911/left.png
cabinet,c519f1a811a84b231232c3808588b911,back,ok,0.315796,512,174,0.339844,512,cf09afaf9cdcf8a4d0b787e4449dac4af5f04973c9b64a1ba34faf988b8907d7,true,/cpfs/user/zhuzihou/assets/dedup_workspaces/test0_transitive_apply_parallel/dataset/GRScenes_assets/cabinet/c519f1a811a84b231232c3808588b911/back.png
cabinet,c519f1a811a84b231232c3808588b911,right,ok,0.278587,258,369,0.363167,369,1da26d1c2900474c9e98ea9c868e13a8dce8ee33dab4f252a77723a2def7358b,true,/cpfs/user/zhuzihou/assets/dedup_workspaces/test0_transitive_apply_parallel/dataset/GRScenes_assets/cabinet/c519f1a811a84b231232c3808588b911/right.png
cabinet,c565c84bc38df671c1800c35c818d8b3,front,ok,0.321850,485,248,0.458832,485,5990aeb225daf650864cc9adfcdea24ebc1de9be736880df06559f579db0ddd6,true,/cpfs/user/zhuzihou/assets/dedup_workspaces/test0_transitive_apply_parallel/dataset/GRScenes_assets/cabinet/c565c84bc38df671c1800c35c818d8b3/front.png
cabinet,c565c84bc38df671c1800c35c818d8b3,left,ok,0.353676,467,263,0.468525,467,0276cf9c5fc3fe17a650054020bc1f6d903ceaa08a5dee0682ec378d12bf14a5,true,/cpfs/user/zhuzihou/assets/dedup_workspaces/test0_transitive_apply_parallel/dataset/GRScenes_assets/cabinet/c565c84bc38df671c1800c35c818d8b3/left.png
cabinet,c565c84bc38df671c1800c35c818d8b3,back,ok,0.343193,488,250,0.465393,488,8febba1764de2fb6e69fd9b8744d682a13250b9eefb6ab3fb2a4d3381fdc1ede,true,/cpfs/user/zhuzihou/assets/dedup_workspaces/test0_transitive_apply_parallel/dataset/GRScenes_assets/cabinet/c565c84bc38df671c1800c35c818d8b3/back.png
cabinet,c565c84bc38df671c1800c35c818d8b3,right,ok,0.322197,467,264,0.470306,467,436b3920056b465f46cfdefba4b52106163f27e311739528ffc0c21695397678,true,/cpfs/user/zhuzihou/assets/dedup_workspaces/test0_transitive_apply_parallel/dataset/GRScenes_assets/cabinet/c565c84bc38df671c1800c35c818d8b3/right.png
cabinet,c59b74e1cda143c49625c0b06c36e64e,front,ok,0.396152,397,319,0.483105,397,7887accdebb16c5c71cbe2f7990e7747e1b91e85bffb91af339f129ba79c00a5,true,/cpfs/user/zhuzihou/assets/dedup_workspaces/test0_transitive_apply_parallel/dataset/GRScenes_assets/cabinet/c59b74e1cda143c49625c0b06c36e64e/front.png
cabinet,c59b74e1cda143c49625c0b06c36e64e,left,ok,0.102051,77,458,0.134529,458,f5a4d3e42369a671e314b68071cefd65cd9a9fd45a7511aec953524c9e368a7e,true,/cpfs/user/zhuzihou/assets/dedup_workspaces/test0_transitive_apply_parallel/dataset/GRScenes_assets/cabinet/c59b74e1cda143c49625c0b06c36e64e/left.png
cabinet,c59b74e1cda143c49625c0b06c36e64e,back,ok,0.399334,398,319,0.484322,398,ea56828aee61ec4546c78db57ffadc6b818bea3189b53044a39d1259649818d1,true,/cpfs/user/zhuzihou/assets/dedup_workspaces/test0_transitive_apply_parallel/dataset/GRScenes_assets/cabinet/c59b74e1cda143c49625c0b06c36e64e/back.png
cabinet,c59b74e1cda143c49625c0b06c36e64e,right,ok,0.103416,78,458,0.136276,458,c9b44ac4749d4b8d50720d43b380670936c915647cb3fbd87770e234c4e2b5f8,true,/cpfs/user/zhuzihou/assets/dedup_workspaces/test0_transitive_apply_parallel/dataset/GRScenes_assets/cabinet/c59b74e1cda143c49625c0b06c36e64e/right.png
cabinet,c6113ae3b3652c485c02a0dca2a4a175,front,ok,0.295288,420,278,0.445404,420,aad5ae55bd5f3469b7b98d296b75e1af019409ad9e58236d164be0f748e85b43,true,/cpfs/user/zhuzihou/assets/dedup_workspaces/test0_transitive_apply_parallel/dataset/GRScenes_assets/cabinet/c6113ae3b3652c485c02a0dca2a4a175/front.png
cabinet,c6113ae3b3652c485c02a0dca2a4a175,left,ok,0.253017,500,209,0.398636,500,16ca024013119c5a2daa1ce1e0b8360eefb29bdb40776e6d9a2c93e5b2beb53c,true,/cpfs/user/zhuzihou/assets/dedup_workspaces/test0_transitive_apply_parallel/dataset/GRScenes_assets/cabinet/c6113ae3b3652c485c02a0dca2a4a175/left.png
cabinet,c6113ae3b3652c485c02a0dca2a4a175,back,ok,0.295296,420,278,0.445404,420,ccfef844d518cfa1e9b161318db9133290978a88861ed8e712c7cb4c3f8a1527,true,/cpfs/user/zhuzihou/assets/dedup_workspaces/test0_transitive_apply_parallel/dataset/GRScenes_assets/cabinet/c6113ae3b3652c485c02a0dca2a4a175/back.png
cabinet,c6113ae3b3652c485c02a0dca2a4a175,right,ok,0.306431,504,203,0.390289,504,094e253e4ce1fc3cfbfe02d1451b34f8e5bda89cff478f39404d7c7b97a426a6,true,/cpfs/user/zhuzihou/assets/dedup_workspaces/test0_transitive_apply_parallel/dataset/GRScenes_assets/cabinet/c6113ae3b3652c485c02a0dca2a4a175/right.png
cabinet,c7c94deabb0a556a6953cfa454e62bca,front,ok,0.020329,16,412,0.025146,412,ca08ed9839a4b64b9eae847bcab29c3602e775f7874091cc5565ffc210c63934,true,/cpfs/user/zhuzihou/assets/dedup_workspaces/test0_transitive_apply_parallel/dataset/GRScenes_assets/cabinet/c7c94deabb0a556a6953cfa454e62bca/front.png
cabinet,c7c94deabb0a556a6953cfa454e62bca,left,ok,0.052441,44,406,0.068146,406,f7d4bc0d6c94f9c83180a552f2dc51999534e9d98288573e800a2a3b8e56855f,true,/cpfs/user/zhuzihou/assets/dedup_workspaces/test0_transitive_apply_parallel/dataset/GRScenes_assets/cabinet/c7c94deabb0a556a6953cfa454e62bca/left.png
cabinet,c7c94deabb0a556a6953cfa454e62bca,back,ok,0.020340,16,412,0.025146,412,badebded3146670a571b4115fecbbbadb66c86aecc7b728b6b31bbe24be42fdb,true,/cpfs/user/zhuzihou/assets/dedup_workspaces/test0_transitive_apply_parallel/dataset/GRScenes_assets/cabinet/c7c94deabb0a556a6953cfa454e62bca/back.png
cabinet,c7c94deabb0a556a6953cfa454e62bca,right,ok,0.052799,44,406,0.068146,406,3d662563a521868c3ed24b9a2a66fd7368fa946524a3314e14fecaf94b4e45fb,true,/cpfs/user/zhuzihou/assets/dedup_workspaces/test0_transitive_apply_parallel/dataset/GRScenes_assets/cabinet/c7c94deabb0a556a6953cfa454e62bca/right.png
cabinet,c803d393caa7ac5f1ff0fb53e3ff80a8,front,ok,0.461433,404,375,0.577927,404,913b2df1bc23482dafeea1947d133eaebeadd43bd0f10ae8bb2bb6d4d701732e,true,/cpfs/user/zhuzihou/assets/dedup_workspaces/test0_transitive_apply_parallel/dataset/GRScenes_assets/cabinet/c803d393caa7ac5f1ff0fb53e3ff80a8/front.png
cabinet,c803d393caa7ac5f1ff0fb53e3ff80a8,left,ok,0.496071,509,304,0.590271,509,8d984efe9b7b35da961ce0c5f6756dc65ffdad418e0e125e2c8f0a4cec45ee40,true,/cpfs/user/zhuzihou/assets/dedup_workspaces/test0_transitive_apply_parallel/dataset/GRScenes_assets/cabinet/c803d393caa7ac5f1ff0fb53e3ff80a8/left.png
cabinet,c803d393caa7ac5f1ff0fb53e3ff80a8,back,ok,0.462868,408,375,0.583649,408,a4cb1b66c49a90272d4d53425f696da2af90deab72e31c74967ee83020cb2265,true,/cpfs/user/zhuzihou/assets/dedup_workspaces/test0_transitive_apply_parallel/dataset/GRScenes_assets/cabinet/c803d393caa7ac5f1ff0fb53e3ff80a8/back.png
cabinet,c803d393caa7ac5f1ff0fb53e3ff80a8,right,ok,0.493790,507,304,0.587952,507,f0de75b6c1ad246ec70e83fdd5a6625d6adb4fa94a70c4031a1a0163afba5432,true,/cpfs/user/zhuzihou/assets/dedup_workspaces/test0_transitive_apply_parallel/dataset/GRScenes_assets/cabinet/c803d393caa7ac5f1ff0fb53e3ff80a8/right.png
cabinet,c935d086c0db421b10a76997bae4453f,front,ok,0.337719,507,194,0.375206,507,e39bb90b74c1fd4ab1a9250eff40bbb12244a90150c9c8a5a7dd73148baa29e6,true,/cpfs/user/zhuzihou/assets/dedup_workspaces/test0_transitive_apply_parallel/dataset/GRScenes_assets/cabinet/c935d086c0db421b10a76997bae4453f/front.png
cabinet,c935d086c0db421b10a76997bae4453f,left,ok,0.202801,170,407,0.263939,407,06c85e20e19f7483dcc2396895c5ed472d7c6d0af14b2fc344e50c9f644825d4,true,/cpfs/user/zhuzihou/assets/dedup_workspaces/test0_transitive_apply_parallel/dataset/GRScenes_assets/cabinet/c935d086c0db421b10a76997bae4453f/left.png
cabinet,c935d086c0db421b10a76997bae4453f,back,ok,0.344112,512,195,0.380859,512,1bd597ddc1ef57fc29bafb692b14eb267b8ef1f93c86b92fd5800b87a385a3a3,true,/cpfs/user/zhuzihou/assets/dedup_workspaces/test0_transitive_apply_parallel/dataset/GRScenes_assets/cabinet/c935d086c0db421b10a76997bae4453f/back.png
cabinet,c935d086c0db421b10a76997bae4453f,right,ok,0.206646,173,407,0.268597,407,7dd2f9a4d8278e65fa37b72b8b3824e7dde15e37a0f37e11754a7d1fe26b789c,true,/cpfs/user/zhuzihou/assets/dedup_workspaces/test0_transitive_apply_parallel/dataset/GRScenes_assets/cabinet/c935d086c0db421b10a76997bae4453f/right.png
cabinet,c95de9eff5043760a8ed53a3a0e6f608,front,ok,0.310020,348,331,0.439407,348,e1e03b1b4d7a8c55d8ab45c35978bd544fac5049f1b7e2369f366ed9922d39d8,true,/cpfs/user/zhuzihou/assets/dedup_workspaces/test0_transitive_apply_parallel/dataset/GRScenes_assets/cabinet/c95de9eff5043760a8ed53a3a0e6f608/front.png
cabinet,c95de9eff5043760a8ed53a3a0e6f608,left,ok,0.335007,512,192,0.375000,512,bbf14210bca9e9b2a02a6aafad6bfc971fdf61d0a2741217fc631bcc7d076819,true,/cpfs/user/zhuzihou/assets/dedup_workspaces/test0_transitive_apply_parallel/dataset/GRScenes_assets/cabinet/c95de9eff5043760a8ed53a3a0e6f608/left.png
cabinet,c95de9eff5043760a8ed53a3a0e6f608,back,ok,0.322952,348,331,0.439407,348,594b879ba25f37b69e50b669b315f79d5017a0432800427f49f86509815401f1,true,/cpfs/user/zhuzihou/assets/dedup_workspaces/test0_transitive_apply_parallel/dataset/GRScenes_assets/cabinet/c95de9eff5043760a8ed53a3a0e6f608/back.png
cabinet,c95de9eff5043760a8ed53a3a0e6f608,right,ok,0.300323,512,182,0.355469,512,2e71a213b1a3dd757576111ec88c07ca1053a96be66c6714333e48e89154e5ed,true,/cpfs/user/zhuzihou/assets/dedup_workspaces/test0_transitive_apply_parallel/dataset/GRScenes_assets/cabinet/c95de9eff5043760a8ed53a3a0e6f608/right.png
cabinet,cb561db826a2ed38da0ed8eccc202c47,front,ok,0.467690,453,353,0.610004,453,bdd14f2056ebcedbb36771a313d48a131cb35b7c1e89db8d1d9de669ac8d2ba6,true,/cpfs/user/zhuzihou/assets/dedup_workspaces/test0_transitive_apply_parallel/dataset/GRScenes_assets/cabinet/cb561db826a2ed38da0ed8eccc202c47/front.png
cabinet,cb561db826a2ed38da0ed8eccc202c47,left,ok,0.503944,490,326,0.609360,490,101ff82c44c6177851b83db7b5443e06d34585c91b3e73eadc3f17986682d960,true,/cpfs/user/zhuzihou/assets/dedup_workspaces/test0_transitive_apply_parallel/dataset/GRScenes_assets/cabinet/cb561db826a2ed38da0ed8eccc202c47/left.png
cabinet,cb561db826a2ed38da0ed8eccc202c47,back,ok,0.467712,453,353,0.610004,453,0a7b410dcc800d68277259890c93e5aafc35abffc88cf258969a9a77745c8e28,true,/cpfs/user/zhuzihou/assets/dedup_workspaces/test0_transitive_apply_parallel/dataset/GRScenes_assets/cabinet/cb561db826a2ed38da0ed8eccc202c47/back.png
cabinet,cb561db826a2ed38da0ed8eccc202c47,right,ok,0.484791,490,325,0.607491,490,109b15c90f9ca791a98fbff130b92e4bf356fc07af244b80fbf89bc92783828e,true,/cpfs/user/zhuzihou/assets/dedup_workspaces/test0_transitive_apply_parallel/dataset/GRScenes_assets/cabinet/cb561db826a2ed38da0ed8eccc202c47/right.png
cabinet,cbab51254d16b6acf1685955b2b002d0,front,ok,0.080929,68,398,0.103241,398,ece1ede86008334c795df92b3926ae372f55c4f5a05d455caea9a23b2cb1aeff,true,/cpfs/user/zhuzihou/assets/dedup_workspaces/test0_transitive_apply_parallel/dataset/GRScenes_assets/cabinet/cbab51254d16b6acf1685955b2b002d0/front.png
cabinet,cbab51254d16b6acf1685955b2b002d0,left,ok,0.304466,304,369,0.427917,369,c7c7a9879e6ecfa5ced38ce67207be1ffdecd8dd82beec0787d1d2d6f8a19329,true,/cpfs/user/zhuzihou/assets/dedup_workspaces/test0_transitive_apply_parallel/dataset/GRScenes_assets/cabinet/cbab51254d16b6acf1685955b2b002d0/left.png
cabinet,cbab51254d16b6acf1685955b2b002d0,back,ok,0.059971,66,457,0.115059,457,9a664f87e2d38e3b31c845bd55f91d5d34fac8fc0b3eb97dba236bc2916add6e,true,/cpfs/user/zhuzihou/assets/dedup_workspaces/test0_transitive_apply_parallel/dataset/GRScenes_assets/cabinet/cbab51254d16b6acf1685955b2b002d0/back.png
cabinet,cbab51254d16b6acf1685955b2b002d0,right,ok,0.284767,297,354,0.401070,354,4d16f77ab9eb08c5940d52d6be616e4d9ee7595494c14184f4efb575acb6d984,true,/cpfs/user/zhuzihou/assets/dedup_workspaces/test0_transitive_apply_parallel/dataset/GRScenes_assets/cabinet/cbab51254d16b6acf1685955b2b002d0/right.png
cabinet,ccd0c711954dc3dbe2d508f03b451ef4,front,ok,0.268269,506,158,0.304977,506,3f242335d44b719baa5061a250213c3ab7e7d925d32c596158bc30a69c74e21e,true,/cpfs/user/zhuzihou/assets/dedup_workspaces/test0_transitive_apply_parallel/dataset/GRScenes_assets/cabinet/ccd0c711954dc3dbe2d508f03b451ef4/front.png
cabinet,ccd0c711954dc3dbe2d508f03b451ef4,left,ok,0.140598,122,399,0.185692,399,c6ae0bfe30ffcbe6b35146833b8560207356e2eb8a8b907200d98c2bf1597722,true,/cpfs/user/zhuzihou/assets/dedup_workspaces/test0_transitive_apply_parallel/dataset/GRScenes_assets/cabinet/ccd0c711954dc3dbe2d508f03b451ef4/left.png
cabinet,ccd0c711954dc3dbe2d508f03b451ef4,back,ok,0.281548,506,159,0.306908,506,5be9eec073453ef0907c4ae5461f9f0baf9483d29a01be97bb22ed18635df179,true,/cpfs/user/zhuzihou/assets/dedup_workspaces/test0_transitive_apply_parallel/dataset/GRScenes_assets/cabinet/ccd0c711954dc3dbe2d508f03b451ef4/back.png
cabinet,ccd0c711954dc3dbe2d508f03b451ef4,right,ok,0.141865,122,399,0.185692,399,fa8a80b699963f8f9437682bfbc4902c791a7cee700a563e8b1aeba945b43f48,true,/cpfs/user/zhuzihou/assets/dedup_workspaces/test0_transitive_apply_parallel/dataset/GRScenes_assets/cabinet/ccd0c711954dc3dbe2d508f03b451ef4/right.png
cabinet,cd669d742c1c364140fc9956e5e6e29d,front,ok,0.170704,202,306,0.235794,306,39e6fcca2b443198480dacb94e5295964526d1fe533a2df4b0f5a4ddaec1b28b,true,/cpfs/user/zhuzihou/assets/dedup_workspaces/test0_transitive_apply_parallel/dataset/GRScenes_assets/cabinet/cd669d742c1c364140fc9956e5e6e29d/front.png
cabinet,cd669d742c1c364140fc9956e5e6e29d,left,ok,0.131413,498,76,0.144379,498,137cb44690fdf7766195494f4d68a5a37a0235f411c0560dbb9a0ee712e4ba96,true,/cpfs/user/zhuzihou/assets/dedup_workspaces/test0_transitive_apply_parallel/dataset/GRScenes_assets/cabinet/cd669d742c1c364140fc9956e5e6e29d/left.png
cabinet,cd669d742c1c364140fc9956e5e6e29d,back,ok,0.170731,202,306,0.235794,306,888fe518a2ce0cac286799ff356a1d08b54703a99bb9dda10a3dbd3d70d8f154,true,/cpfs/user/zhuzihou/assets/dedup_workspaces/test0_transitive_apply_parallel/dataset/GRScenes_assets/cabinet/cd669d742c1c364140fc9956e5e6e29d/back.png
cabinet,cd669d742c1c364140fc9956e5e6e29d,right,ok,0.131413,498,76,0.144379,498,b62f7393dd06a347749473bc7612b0e34edf295c582b9d6cac63e1b226f505f3,true,/cpfs/user/zhuzihou/assets/dedup_workspaces/test0_transitive_apply_parallel/dataset/GRScenes_assets/cabinet/cd669d742c1c364140fc9956e5e6e29d/right.png
cabinet,cd8e798a564acb1564dc284cbcc5d087,front,ok,0.314896,510,179,0.348244,510,047784c37d5d22bb9fa41c85de57170e6b164ab2a394a790e17d4261155d4e70,true,/cpfs/user/zhuzihou/assets/dedup_workspaces/test0_transitive_apply_parallel/dataset/GRScenes_assets/cabinet/cd8e798a564acb1564dc284cbcc5d087/front.png
cabinet,cd8e798a564acb1564dc284cbcc5d087,left,ok,0.180252,154,403,0.236748,403,3565957318380782f332d56b7a8aefc925ae4d666ec64b1d48ce9627869cb7b5,true,/cpfs/user/zhuzihou/assets/dedup_workspaces/test0_transitive_apply_parallel/dataset/GRScenes_assets/cabinet/cd8e798a564acb1564dc284cbcc5d087/left.png
cabinet,cd8e798a564acb1564dc284cbcc5d087,back,ok,0.308342,495,179,0.338001,495,5860140ac1ad5937c0b075191f356b9a742e024b822e89e8b316372b762b41ed,true,/cpfs/user/zhuzihou/assets/dedup_workspaces/test0_transitive_apply_parallel/dataset/GRScenes_assets/cabinet/cd8e798a564acb1564dc284cbcc5d087/back.png
cabinet,cd8e798a564acb1564dc284cbcc5d087,right,ok,0.178249,151,403,0.232136,403,c377cbf47afe94247dcd474670a447f86d14c919e01dbc5946e4e06c433bd250,true,/cpfs/user/zhuzihou/assets/dedup_workspaces/test0_transitive_apply_parallel/dataset/GRScenes_assets/cabinet/cd8e798a564acb1564dc284cbcc5d087/right.png
cabinet,ce6d6990195849f50462f4ff0a2b820b,front,ok,0.209133,216,347,0.285919,347,57c6508ed35427e9a96363c0a757c8f0ea0ca5dae9cb4decf15160cb3865687a,true,/cpfs/user/zhuzihou/assets/dedup_workspaces/test0_transitive_apply_parallel/dataset/GRScenes_assets/cabinet/ce6d6990195849f50462f4ff0a2b820b/front.png
cabinet,ce6d6990195849f50462f4ff0a2b820b,left,ok,0.208324,497,125,0.236988,497,9542a8b5aad2c78b26c8beda629abbe4d0cd37f74205d22967386283f4d7dadb,true,/cpfs/user/zhuzihou/assets/dedup_workspaces/test0_transitive_apply_parallel/dataset/GRScenes_assets/cabinet/ce6d6990195849f50462f4ff0a2b820b/left.png
cabinet,ce6d6990195849f50462f4ff0a2b820b,back,ok,0.180351,180,347,0.238266,347,4c274e311e11e36d770909eab8589e9fbed410130ab13c07f3dad6c770f2a823,true,/cpfs/user/zhuzihou/assets/dedup_workspaces/test0_transitive_apply_parallel/dataset/GRScenes_assets/cabinet/ce6d6990195849f50462f4ff0a2b820b/back.png
cabinet,ce6d6990195849f50462f4ff0a2b820b,right,ok,0.218491,512,125,0.244141,512,b9204a3b96011eb1a6d4a1ba90b4033e9feeb658dff869e6cdc9b0ab29da2ba7,true,/cpfs/user/zhuzihou/assets/dedup_workspaces/test0_transitive_apply_parallel/dataset/GRScenes_assets/cabinet/ce6d6990195849f50462f4ff0a2b820b/right.png
cabinet,cebf73466eb691bf9557a0dc4cf35f67,front,ok,0.153820,498,87,0.165276,498,0d8df610d07d22d85e4028d1837aac1d7d17640bd03a14044bd07cf48f8ab73f,true,/cpfs/user/zhuzihou/assets/dedup_workspaces/test0_transitive_apply_parallel/dataset/GRScenes_assets/cabinet/cebf73466eb691bf9557a0dc4cf35f67/front.png
cabinet,cebf73466eb691bf9557a0dc4cf35f67,left,ok,0.164997,183,325,0.226879,325,30736c19d77300921647da634ed76cbe55982af1d2f220f3d638f534537d66d0,true,/cpfs/user/zhuzihou/assets/dedup_workspaces/test0_transitive_apply_parallel/dataset/GRScenes_assets/cabinet/cebf73466eb691bf9557a0dc4cf35f67/left.png
cabinet,cebf73466eb691bf9557a0dc4cf35f67,back,ok,0.153820,497,87,0.164944,497,dfd137cb0a45272cb38709d08fdcbd724824103f326598368a69e2face44e116,true,/cpfs/user/zhuzihou/assets/dedup_workspaces/test0_transitive_apply_parallel/dataset/GRScenes_assets/cabinet/cebf73466eb691bf9557a0dc4cf35f67/back.png
cabinet,cebf73466eb691bf9557a0dc4cf35f67,right,ok,0.165001,183,325,0.226879,325,afcf339ba98fde88f9bf49d70954cb500066baf03cf7ca1e004787fb3bc7d02f,true,/cpfs/user/zhuzihou/assets/dedup_workspaces/test0_transitive_apply_parallel/dataset/GRScenes_assets/cabinet/cebf73466eb691bf9557a0dc4cf35f67/right.png
cabinet,cec0a421ba45b978178906a454e11f53,front,ok,0.419098,400,358,0.546265,400,37e45552d0d3fcff2b7b730bea4e90965fc2935268b0be58ef4b4523ab85db01,true,/cpfs/user/zhuzihou/assets/dedup_workspaces/test0_transitive_apply_parallel/dataset/GRScenes_assets/cabinet/cec0a421ba45b978178906a454e11f53/front.png
cabinet,cec0a421ba45b978178906a454e11f53,left,ok,0.432056,502,259,0.495979,502,4724fb8936af874ab06ca00e2e0a701da066a9d1e4f500e951273eba3d90b269,true,/cpfs/user/zhuzihou/assets/dedup_workspaces/test0_transitive_apply_parallel/dataset/GRScenes_assets/cabinet/cec0a421ba45b978178906a454e11f53/left.png
cabinet,cec0a421ba45b978178906a454e11f53,back,ok,0.394318,356,358,0.486176,358,f64fde65cbb017d52a6c2e11754a702bb345b60941cd3651631b99346c31b0a4,true,/cpfs/user/zhuzihou/assets/dedup_workspaces/test0_transitive_apply_parallel/dataset/GRScenes_assets/cabinet/cec0a421ba45b978178906a454e11f53/back.png
cabinet,cec0a421ba45b978178906a454e11f53,right,ok,0.423668,512,263,0.513672,512,ea678f2c9fb54d594cade9d353d9f34449010fa920c6a4a96884a6d41ad73426,true,/cpfs/user/zhuzihou/assets/dedup_workspaces/test0_transitive_apply_parallel/dataset/GRScenes_assets/cabinet/cec0a421ba45b978178906a454e11f53/right.png
cabinet,cec86013d20d97c5cddbc52c0271daa9,front,ok,0.342331,512,194,0.378906,512,7a89d5157fb5cf9fa81f15da042b5ca12d40f0f3424e6298ab86c4532101e465,true,/cpfs/user/zhuzihou/assets/dedup_workspaces/test0_transitive_apply_parallel/dataset/GRScenes_assets/cabinet/cec86013d20d97c5cddbc52c0271daa9/front.png
cabinet,cec86013d20d97c5cddbc52c0271daa9,left,ok,0.291401,330,345,0.434303,345,45ee45cecd4be42eb80bd0614ab7251c7bb6b9c99d46124fdbc2c283396a3a21,true,/cpfs/user/zhuzihou/assets/dedup_workspaces/test0_transitive_apply_parallel/dataset/GRScenes_assets/cabinet/cec86013d20d97c5cddbc52c0271daa9/left.png
cabinet,cec86013d20d97c5cddbc52c0271daa9,back,ok,0.344151,512,194,0.378906,512,ed33a26f8f15b25d572809330b90c38ae7c926aa38df3f8b89008969095ce4b1,true,/cpfs/user/zhuzihou/assets/dedup_workspaces/test0_transitive_apply_parallel/dataset/GRScenes_assets/cabinet/cec86013d20d97c5cddbc52c0271daa9/back.png
cabinet,cec86013d20d97c5cddbc52c0271daa9,right,ok,0.336285,330,347,0.436821,347,76bc650642654417640b23abdb064e5d33412e6fe37dd9132121f61b865a5a04,true,/cpfs/user/zhuzihou/assets/dedup_workspaces/test0_transitive_apply_parallel/dataset/GRScenes_assets/cabinet/cec86013d20d97c5cddbc52c0271daa9/right.png
cabinet,cee3098512f795e9d95ea3d81f7bbc4a,front,ok,0.492981,450,349,0.599098,450,bf47737d776b73553140f0562985f498a10b895b1b1bb5b39192c0b33e678b54,true,/cpfs/user/zhuzihou/assets/dedup_workspaces/test0_transitive_apply_parallel/dataset/GRScenes_assets/cabinet/cee3098512f795e9d95ea3d81f7bbc4a/front.png
cabinet,cee3098512f795e9d95ea3d81f7bbc4a,left,ok,0.442719,361,406,0.559105,406,565c4e7f36df635e23ed5b8a5db84f70f58bc066f1efabd6043cda0291da33f9,true,/cpfs/user/zhuzihou/assets/dedup_workspaces/test0_transitive_apply_parallel/dataset/GRScenes_assets/cabinet/cee3098512f795e9d95ea3d81f7bbc4a/left.png
cabinet,cee3098512f795e9d95ea3d81f7bbc4a,back,ok,0.508297,461,352,0.619019,461,27f76f55f4537e7a4d4cfc7a4e87339b25dae4d694fbada5602b55bdda575d13,true,/cpfs/user/zhuzihou/assets/dedup_workspaces/test0_transitive_apply_parallel/dataset/GRScenes_assets/cabinet/cee3098512f795e9d95ea3d81f7bbc4a/back.png
cabinet,cee3098512f795e9d95ea3d81f7bbc4a,right,ok,0.431957,349,406,0.540520,406,354f04c479d7ebc8b80c41ca5f3a30378c6d618aa8e54c0323b84daff59a39df,true,/cpfs/user/zhuzihou/assets/dedup_workspaces/test0_transitive_apply_parallel/dataset/GRScenes_assets/cabinet/cee3098512f795e9d95ea3d81f7bbc4a/right.png
cabinet,cefd05f9afdac3ea57802435e42820d0,front,ok,0.348206,410,285,0.445747,410,083b8d81165e28878f65f9a185665a0fb63fde9830475694b5526b8be098140b,true,/cpfs/user/zhuzihou/assets/dedup_workspaces/test0_transitive_apply_parallel/dataset/GRScenes_assets/cabinet/cefd05f9afdac3ea57802435e42820d0/front.png
cabinet,cefd05f9afdac3ea57802435e42820d0,left,ok,0.330360,510,201,0.391045,510,cbb1cb292455ab00426787279d00c03ffff20aab9fc52839516c8b9137755339,true,/cpfs/user/zhuzihou/assets/dedup_workspaces/test0_transitive_apply_parallel/dataset/GRScenes_assets/cabinet/cefd05f9afdac3ea57802435e42820d0/left.png
cabinet,cefd05f9afdac3ea57802435e42820d0,back,ok,0.348225,410,285,0.445747,410,53286828a60ac2fc203d18d18b29b39379bdcceed2ff15ff9d7a406c294644b4,true,/cpfs/user/zhuzihou/assets/dedup_workspaces/test0_transitive_apply_parallel/dataset/GRScenes_assets/cabinet/cefd05f9afdac3ea57802435e42820d0/back.png
cabinet,cefd05f9afdac3ea57802435e42820d0,right,ok,0.330360,510,201,0.391045,510,d5d4b11181006e805732acf5172eac3c928e5cf3655351656364296bdb70eef6,true,/cpfs/user/zhuzihou/assets/dedup_workspaces/test0_transitive_apply_parallel/dataset/GRScenes_assets/cabinet/cefd05f9afdac3ea57802435e42820d0/right.png
cabinet,cf7f48de4042e45bc9ae086dc3a21208,front,ok,0.404255,362,365,0.504036,365,b9db3a56ed5490f93e130a8435a4fe601a196a314f89a90d11eebe8fbd2b897c,true,/cpfs/user/zhuzihou/assets/dedup_workspaces/test0_transitive_apply_parallel/dataset/GRScenes_assets/cabinet/cf7f48de4042e45bc9ae086dc3a21208/front.png
cabinet,cf7f48de4042e45bc9ae086dc3a21208,left,ok,0.250416,194,446,0.330063,446,982d61234440425d71f2721377d17813e8714278064a8d828cf847143462f17f,true,/cpfs/user/zhuzihou/assets/dedup_workspaces/test0_transitive_apply_parallel/dataset/GRScenes_assets/cabinet/cf7f48de4042e45bc9ae086dc3a21208/left.png
cabinet,cf7f48de4042e45bc9ae086dc3a21208,back,ok,0.427494,374,373,0.532158,374,862c4f9b89200e221428995d6d1044d8f712f56e7b378583b386f49d66b11cb9,true,/cpfs/user/zhuzihou/assets/dedup_workspaces/test0_transitive_apply_parallel/dataset/GRScenes_assets/cabinet/cf7f48de4042e45bc9ae086dc3a21208/back.png
cabinet,cf7f48de4042e45bc9ae086dc3a21208,right,ok,0.249771,194,446,0.330063,446,95668747d13423079693917a4d04f6d0a11dbd35e21c16574ef5085b8d1ae2ff,true,/cpfs/user/zhuzihou/assets/dedup_workspaces/test0_transitive_apply_parallel/dataset/GRScenes_assets/cabinet/cf7f48de4042e45bc9ae086dc3a21208/right.png
cabinet,d0ef1eb90058ae933c334290d1ac83fc,front,ok,0.459583,494,293,0.552147,494,40eb47e23f88a56ffd3bee1373b98065c097a9f19890bfa5b3c3e4bcdfab9d70,true,/cpfs/user/zhuzihou/assets/dedup_workspaces/test0_transitive_apply_parallel/dataset/GRScenes_assets/cabinet/d0ef1eb90058ae933c334290d1ac83fc/front.png
cabinet,d0ef1eb90058ae933c334290d1ac83fc,left,ok,0.462387,466,320,0.568848,466,d436a804c0cdf3f4ef3835af4644b401e63a1dbb0c456b669ac835a2a671d29b,true,/cpfs/user/zhuzihou/assets/dedup_workspaces/test0_transitive_apply_parallel/dataset/GRScenes_assets/cabinet/d0ef1eb90058ae933c334290d1ac83fc/left.png
cabinet,d0ef1eb90058ae933c334290d1ac83fc,back,ok,0.465782,502,293,0.561089,502,16221b50eba15dbac9a9afcca7344b5b2f79084b164f737b93496c4aaf4f77b2,true,/cpfs/user/zhuzihou/assets/dedup_workspaces/test0_transitive_apply_parallel/dataset/GRScenes_assets/cabinet/d0ef1eb90058ae933c334290d1ac83fc/back.png
cabinet,d0ef1eb90058ae933c334290d1ac83fc,right,ok,0.457008,460,320,0.561523,460,9c62faab052c1e6466cec990972ed6edbff8614e0d9918fdbbd5cc5aa7006531,true,/cpfs/user/zhuzihou/assets/dedup_workspaces/test0_transitive_apply_parallel/dataset/GRScenes_assets/cabinet/d0ef1eb90058ae933c334290d1ac83fc/right.png
cabinet,d25b1eaa551dc87164ebc6fecefa5e20,front,ok,0.167553,146,394,0.219437,394,8add352361ac29c820ff3a7facfaecef6125b58d9889f57bdfb3fc34aa7d9554,true,/cpfs/user/zhuzihou/assets/dedup_workspaces/test0_transitive_apply_parallel/dataset/GRScenes_assets/cabinet/d25b1eaa551dc87164ebc6fecefa5e20/front.png
cabinet,d25b1eaa551dc87164ebc6fecefa5e20,left,ok,0.279362,508,156,0.302307,508,48a3cbbe350194a47ab45fd442501fa9ac10b3ab84ac9e730e959f5f29e4b173,true,/cpfs/user/zhuzihou/assets/dedup_workspaces/test0_transitive_apply_parallel/dataset/GRScenes_assets/cabinet/d25b1eaa551dc87164ebc6fecefa5e20/left.png
cabinet,d25b1eaa551dc87164ebc6fecefa5e20,back,ok,0.167770,146,394,0.219437,394,8bcc5733c613f848e9d57880aab6ff7663c5108f63b2a711ec58c9a74a4826a5,true,/cpfs/user/zhuzihou/assets/dedup_workspaces/test0_transitive_apply_parallel/dataset/GRScenes_assets/cabinet/d25b1eaa551dc87164ebc6fecefa5e20/back.png
cabinet,d25b1eaa551dc87164ebc6fecefa5e20,right,ok,0.277912,510,155,0.301552,510,ecc1da1c17e5f1e50b9709989c90db2d1e8a9ed96fdba28954daab9677646b88,true,/cpfs/user/zhuzihou/assets/dedup_workspaces/test0_transitive_apply_parallel/dataset/GRScenes_assets/cabinet/d25b1eaa551dc87164ebc6fecefa5e20/right.png
cabinet,d3bc8f87f7e6cefe8791c439590e8b46,front,ok,0.312366,323,351,0.432484,351,1a75e7dfe43cd6159e8b1af54a480fbcea559ca12c9aaa26e0993df6e70a86bf,true,/cpfs/user/zhuzihou/assets/dedup_workspaces/test0_transitive_apply_parallel/dataset/GRScenes_assets/cabinet/d3bc8f87f7e6cefe8791c439590e8b46/front.png
cabinet,d3bc8f87f7e6cefe8791c439590e8b46,left,ok,0.322742,499,201,0.382610,499,16b5459aee408b122dc9922645899716d3c15e3fa9ef7e303b548e2fb2fc221d,true,/cpfs/user/zhuzihou/assets/dedup_workspaces/test0_transitive_apply_parallel/dataset/GRScenes_assets/cabinet/d3bc8f87f7e6cefe8791c439590e8b46/left.png
cabinet,d3bc8f87f7e6cefe8791c439590e8b46,back,ok,0.318272,333,329,0.417927,333,b8cdd687b4c4e71c0600a9c67df0db6a8c3cccdbfc4a845d91f6334e9612cd6a,true,/cpfs/user/zhuzihou/assets/dedup_workspaces/test0_transitive_apply_parallel/dataset/GRScenes_assets/cabinet/d3bc8f87f7e6cefe8791c439590e8b46/back.png
cabinet,d3bc8f87f7e6cefe8791c439590e8b46,right,ok,0.292976,504,202,0.388367,504,dff50f81dfc0daa817448a0f93c1ec1ab1ad3fc0af1100985cfd0633870ca3f9,true,/cpfs/user/zhuzihou/assets/dedup_workspaces/test0_transitive_apply_parallel/dataset/GRScenes_assets/cabinet/d3bc8f87f7e6cefe8791c439590e8b46/right.png
cabinet,d42176c5fe4029f74677527b7af8e20e,front,ok,0.029289,27,414,0.042641,414,bb5ca9e376f8ecd23214f5080f544b3560cb6580feb50f487b9f5904e8331578,true,/cpfs/user/zhuzihou/assets/dedup_workspaces/test0_transitive_apply_parallel/dataset/GRScenes_assets/cabinet/d42176c5fe4029f74677527b7af8e20e/front.png
cabinet,d42176c5fe4029f74677527b7af8e20e,left,ok,0.211681,418,277,0.441689,418,8719e3ddd8f62ffb24a03cb710a4d2164da65a6c528b2c902e258afc88a6be8c,true,/cpfs/user/zhuzihou/assets/dedup_workspaces/test0_transitive_apply_parallel/dataset/GRScenes_assets/cabinet/d42176c5fe4029f74677527b7af8e20e/left.png
cabinet,d42176c5fe4029f74677527b7af8e20e,back,ok,0.042305,32,456,0.055664,456,1caaec29ee10a1c3501c3e773c95103908b15cfde6701ea79d0e212de8ad2c5f,true,/cpfs/user/zhuzihou/assets/dedup_workspaces/test0_transitive_apply_parallel/dataset/GRScenes_assets/cabinet/d42176c5fe4029f74677527b7af8e20e/back.png
cabinet,d42176c5fe4029f74677527b7af8e20e,right,ok,0.213799,414,280,0.442200,414,831a1e59316b1ba6698c2902188dc810ae3ed3a15103daa22cbb941943820122,true,/cpfs/user/zhuzihou/assets/dedup_workspaces/test0_transitive_apply_parallel/dataset/GRScenes_assets/cabinet/d42176c5fe4029f74677527b7af8e20e/right.png
cabinet,d42f2e8221d899971e2effeaf540e2cb,front,ok,0.263088,509,146,0.283485,509,b858040d228c22460996234ef6e7237add41d67aa8c9c2a3c025da8ddaeb9ee1,true,/cpfs/user/zhuzihou/assets/dedup_workspaces/test0_transitive_apply_parallel/dataset/GRScenes_assets/cabinet/d42f2e8221d899971e2effeaf540e2cb/front.png
cabinet,d42f2e8221d899971e2effeaf540e2cb,left,ok,0.164204,145,389,0.215168,389,49be39c3c118d1538e8945a0bddc2dda235233eb97df1ede25aae3c3901caa77,true,/cpfs/user/zhuzihou/assets/dedup_workspaces/test0_transitive_apply_parallel/dataset/GRScenes_assets/cabinet/d42f2e8221d899971e2effeaf540e2cb/left.png
cabinet,d42f2e8221d899971e2effeaf540e2cb,back,ok,0.264019,509,147,0.285427,509,b54506c7706d61a3365fbc63ddaa36860844a1c5ff288c4daf36966a27abb823,true,/cpfs/user/zhuzihou/assets/dedup_workspaces/test0_transitive_apply_parallel/dataset/GRScenes_assets/cabinet/d42f2e8221d899971e2effeaf540e2cb/back.png
cabinet,d42f2e8221d899971e2effeaf540e2cb,right,ok,0.164043,145,389,0.215168,389,39717bd6e3e798dd538bf774674e37d4404aa104b0a90112756b9213f7dd4df7,true,/cpfs/user/zhuzihou/assets/dedup_workspaces/test0_transitive_apply_parallel/dataset/GRScenes_assets/cabinet/d42f2e8221d899971e2effeaf540e2cb/right.png
cabinet,d4c62cb1f5020fbdb15a98dc29e3f004,front,ok,0.338112,386,339,0.499168,386,1a941bd4d26f9073758c82021a65a5f2d4ffa1a689146f26428273d8de23b2a6,true,/cpfs/user/zhuzihou/assets/dedup_workspaces/test0_transitive_apply_parallel/dataset/GRScenes_assets/cabinet/d4c62cb1f5020fbdb15a98dc29e3f004/front.png
cabinet,d4c62cb1f5020fbdb15a98dc29e3f004,left,ok,0.335911,496,237,0.448425,496,2b55495d50dcf259d560d38eef6d7d85475026ba6148871e0ab24a4ff1aeda01,true,/cpfs/user/zhuzihou/assets/dedup_workspaces/test0_transitive_apply_parallel/dataset/GRScenes_assets/cabinet/d4c62cb1f5020fbdb15a98dc29e3f004/left.png
cabinet,d4c62cb1f5020fbdb15a98dc29e3f004,back,ok,0.317978,328,317,0.396637,328,24ad63438e75da51c4a0dca24712db61a45cd8e94b738e296cdd419df68d81c8,true,/cpfs/user/zhuzihou/assets/dedup_workspaces/test0_transitive_apply_parallel/dataset/GRScenes_assets/cabinet/d4c62cb1f5020fbdb15a98dc29e3f004/back.png
cabinet,d4c62cb1f5020fbdb15a98dc29e3f004,right,ok,0.371201,510,222,0.431900,510,a9d3f3765d04278642d6bc0503741341f06a7e4aa51a6c32ebd24947e01c23d1,true,/cpfs/user/zhuzihou/assets/dedup_workspaces/test0_transitive_apply_parallel/dataset/GRScenes_assets/cabinet/d4c62cb1f5020fbdb15a98dc29e3f004/right.png
cabinet,d7369035ad50d263c7bb172b208d92c2,front,ok,0.065090,75,351,0.100422,351,adb2c0202fb516874c2c827a0e4f8cfbe5c38a9d5b020cb37e7fb6eddc0d8d76,true,/cpfs/user/zhuzihou/assets/dedup_workspaces/test0_transitive_apply_parallel/dataset/GRScenes_assets/cabinet/d7369035ad50d263c7bb172b208d92c2/front.png
cabinet,d7369035ad50d263c7bb172b208d92c2,left,ok,0.105064,490,59,0.110283,490,3a3611834696fac21e6bbae3686f9c5ea838bad30ecfdce91fdd5b0e663ac8c7,true,/cpfs/user/zhuzihou/assets/dedup_workspaces/test0_transitive_apply_parallel/dataset/GRScenes_assets/cabinet/d7369035ad50d263c7bb172b208d92c2/left.png
cabinet,d7369035ad50d263c7bb172b208d92c2,back,ok,0.065132,75,352,0.100708,352,a3cc1a74ddffd35dd0a42f135ab1a2b4fe408b74a5ed4c8fb2ba706665370f1d,true,/cpfs/user/zhuzihou/assets/dedup_workspaces/test0_transitive_apply_parallel/dataset/GRScenes_assets/cabinet/d7369035ad50d263c7bb172b208d92c2/back.png
cabinet,d7369035ad50d263c7bb172b208d92c2,right,ok,0.111332,450,70,0.120163,450,06ca95811b50bf1b8bed9714061a818e143b339593c627a9ee976be2855873a7,true,/cpfs/user/zhuzihou/assets/dedup_workspaces/test0_transitive_apply_parallel/dataset/GRScenes_assets/cabinet/d7369035ad50d263c7bb172b208d92c2/right.png
cabinet,d7698ecd95c919e1fc3adb1a72dd7fcc,front,ok,0.223545,368,265,0.372009,368,53804b4218252c0952191085a4fe2748b80a43cbfce980640b3e6d924e54c3d4,true,/cpfs/user/zhuzihou/assets/dedup_workspaces/test0_transitive_apply_parallel/dataset/GRScenes_assets/cabinet/d7698ecd95c919e1fc3adb1a72dd7fcc/front.png
cabinet,d7698ecd95c919e1fc3adb1a72dd7fcc,left,ok,0.161407,502,149,0.285332,502,5bcaa5d6253dc9f68e37f63bbe0d558fdbcedda08f1390f3c902898bf340995a,true,/cpfs/user/zhuzihou/assets/dedup_workspaces/test0_transitive_apply_parallel/dataset/GRScenes_assets/cabinet/d7698ecd95c919e1fc3adb1a72dd7fcc/left.png
cabinet,d7698ecd95c919e1fc3adb1a72dd7fcc,back,ok,0.223568,368,265,0.372009,368,62826c2cda60be875501dd6982a7134350cca97b8023963b7c0902fa42653583,true,/cpfs/user/zhuzihou/assets/dedup_workspaces/test0_transitive_apply_parallel/dataset/GRScenes_assets/cabinet/d7698ecd95c919e1fc3adb1a72dd7fcc/back.png
cabinet,d7698ecd95c919e1fc3adb1a72dd7fcc,right,ok,0.207561,502,148,0.283417,502,c079df17e6d4e78f5c4d29de5f772cdd932a4ac544c8f18d1a796e1b3f7795c7,true,/cpfs/user/zhuzihou/assets/dedup_workspaces/test0_transitive_apply_parallel/dataset/GRScenes_assets/cabinet/d7698ecd95c919e1fc3adb1a72dd7fcc/right.png
cabinet,d8081d8a224daa5d3b0f2d803c29028e,front,ok,0.381035,458,295,0.515404,458,63449b8906b1467e7816506413a7e416ebc2bf0e75fa9d3b03408befe1d7bc81,true,/cpfs/user/zhuzihou/assets/dedup_workspaces/test0_transitive_apply_parallel/dataset/GRScenes_assets/cabinet/d8081d8a224daa5d3b0f2d803c29028e/front.png
cabinet,d8081d8a224daa5d3b0f2d803c29028e,left,ok,0.204628,160,428,0.261230,428,71e6ca7155d05099be9ca767eb0163d24cadf6ce7b3861f8bfa725befd1e3c23,true,/cpfs/user/zhuzihou/assets/dedup_workspaces/test0_transitive_apply_parallel/dataset/GRScenes_assets/cabinet/d8081d8a224daa5d3b0f2d803c29028e/left.png
cabinet,d8081d8a224daa5d3b0f2d803c29028e,back,ok,0.368637,468,295,0.526657,468,df0162a7b2a390c225a2449352905ca5289951dfe74b91e014fd515edd50a482,true,/cpfs/user/zhuzihou/assets/dedup_workspaces/test0_transitive_apply_parallel/dataset/GRScenes_assets/cabinet/d8081d8a224daa5d3b0f2d803c29028e/back.png
cabinet,d8081d8a224daa5d3b0f2d803c29028e,right,ok,0.223965,202,423,0.325951,423,932a38c9e199804ee7941d529857d9f016a3009ab086a782257b551761c900a3,true,/cpfs/user/zhuzihou/assets/dedup_workspaces/test0_transitive_apply_parallel/dataset/GRScenes_assets/cabinet/d8081d8a224daa5d3b0f2d803c29028e/right.png
cabinet,d87f3842bfda3078627155cd8d492330,front,ok,0.333096,282,402,0.432449,402,e1f0080d554f67628e4e0eb65464b95087ceaa0c58eb09f4a5c7cc27d0076cb8,true,/cpfs/user/zhuzihou/assets/dedup_workspaces/test0_transitive_apply_parallel/dataset/GRScenes_assets/cabinet/d87f3842bfda3078627155cd8d492330/front.png
cabinet,d87f3842bfda3078627155cd8d492330,left,ok,0.206303,157,443,0.265316,443,1d51f8e505c37f2259175833b7cc4f5ad1de236d4e8ee017e634f458efeb5d81,true,/cpfs/user/zhuzihou/assets/dedup_workspaces/test0_transitive_apply_parallel/dataset/GRScenes_assets/cabinet/d87f3842bfda3078627155cd8d492330/left.png
cabinet,d87f3842bfda3078627155cd8d492330,back,ok,0.337311,285,402,0.437050,402,131d82699b384d53d6d023a70df864348302a98d9cdfd97379c3bdfb91f618ef,true,/cpfs/user/zhuzihou/assets/dedup_workspaces/test0_transitive_apply_parallel/dataset/GRScenes_assets/cabinet/d87f3842bfda3078627155cd8d492330/back.png
cabinet,d87f3842bfda3078627155cd8d492330,right,ok,0.214119,166,439,0.277992,439,c2a818594c4d0dfe46d2380ba0158d2615a361ea50b5db3a2aef0ad40fe984ff,true,/cpfs/user/zhuzihou/assets/dedup_workspaces/test0_transitive_apply_parallel/dataset/GRScenes_assets/cabinet/d87f3842bfda3078627155cd8d492330/right.png
cabinet,da15ecae646653e80b36758c5d46f0da,front,ok,0.289158,472,182,0.327698,472,c6c53afdcb706dd3c3bb5233a68b048a12a54c8e1ac0bcca4f5e1b17d4c34851,true,/cpfs/user/zhuzihou/assets/dedup_workspaces/test0_transitive_apply_parallel/dataset/GRScenes_assets/cabinet/da15ecae646653e80b36758c5d46f0da/front.png
cabinet,da15ecae646653e80b36758c5d46f0da,left,ok,0.010349,8,423,0.012909,423,72f6fa77e196eadcc9e6c431d4286934737d90d7bd30f8a8ef996b14270e2dee,true,/cpfs/user/zhuzihou/assets/dedup_workspaces/test0_transitive_apply_parallel/dataset/GRScenes_assets/cabinet/da15ecae646653e80b36758c5d46f0da/left.png
cabinet,da15ecae646653e80b36758c5d46f0da,back,ok,0.289158,472,182,0.327698,472,63d063307235362324509762028a9cb673b6e751d63c41ee1e7fb9d98250c486,true,/cpfs/user/zhuzihou/assets/dedup_workspaces/test0_transitive_apply_parallel/dataset/GRScenes_assets/cabinet/da15ecae646653e80b36758c5d46f0da/back.png
cabinet,da15ecae646653e80b36758c5d46f0da,right,ok,0.010349,8,423,0.012909,423,e091e6a89c2d5416ece1c3ef72cb703f1fa32032b8ac5e2da6e817b8f2cee512,true,/cpfs/user/zhuzihou/assets/dedup_workspaces/test0_transitive_apply_parallel/dataset/GRScenes_assets/cabinet/da15ecae646653e80b36758c5d46f0da/right.png
cabinet,da36bd2ae3a9bdf958a886ed34e8a088,front,ok,0.126499,370,375,0.529289,375,2e842ed8bcd37455ba04b03465344030c324787baa7a8126f2579226ea2e33b6,true,/cpfs/user/zhuzihou/assets/dedup_workspaces/test0_transitive_apply_parallel/dataset/GRScenes_assets/cabinet/da36bd2ae3a9bdf958a886ed34e8a088/front.png
cabinet,da36bd2ae3a9bdf958a886ed34e8a088,left,ok,0.130028,204,288,0.224121,288,fe79b3d817893fd81ae866003f08a405edd22323628f834bbaa225a3408ff044,true,/cpfs/user/zhuzihou/assets/dedup_workspaces/test0_transitive_apply_parallel/dataset/GRScenes_assets/cabinet/da36bd2ae3a9bdf958a886ed34e8a088/left.png
cabinet,da36bd2ae3a9bdf958a886ed34e8a088,back,ok,0.126511,370,375,0.529289,375,867c925f108106579ccc5bb6ab28c9b1e5270f47bd50059a09082bfbe5d0e453,true,/cpfs/user/zhuzihou/assets/dedup_workspaces/test0_transitive_apply_parallel/dataset/GRScenes_assets/cabinet/da36bd2ae3a9bdf958a886ed34e8a088/back.png
cabinet,da36bd2ae3a9bdf958a886ed34e8a088,right,ok,0.269207,204,447,0.347855,447,152a53cf2815a01ffd5f5f5f8bbcd90554762aad47bee4dfb2b699bc521349da,true,/cpfs/user/zhuzihou/assets/dedup_workspaces/test0_transitive_apply_parallel/dataset/GRScenes_assets/cabinet/da36bd2ae3a9bdf958a886ed34e8a088/right.png
cabinet,dba56e0165ad4beaf1e22d5eb14ee64d,front,ok,0.393162,470,256,0.458984,470,0e28ee95a0395148e9c848883e064e7543c4967938bcf1457afd2f5e40665321,true,/cpfs/user/zhuzihou/assets/dedup_workspaces/test0_transitive_apply_parallel/dataset/GRScenes_assets/cabinet/dba56e0165ad4beaf1e22d5eb14ee64d/front.png
cabinet,dba56e0165ad4beaf1e22d5eb14ee64d,left,ok,0.135891,106,442,0.178726,442,24f64427fca13f7bf8e5876b0c1b956be9f5d22fa7899882cc617d3cfb69fb5f,true,/cpfs/user/zhuzihou/assets/dedup_workspaces/test0_transitive_apply_parallel/dataset/GRScenes_assets/cabinet/dba56e0165ad4beaf1e22d5eb14ee64d/left.png
cabinet,dba56e0165ad4beaf1e22d5eb14ee64d,back,ok,0.378475,450,256,0.439453,450,350185ccffc6fe52c81788f0965ff81ac2e89242f4eb58e65eb547b928f50929,true,/cpfs/user/zhuzihou/assets/dedup_workspaces/test0_transitive_apply_parallel/dataset/GRScenes_assets/cabinet/dba56e0165ad4beaf1e22d5eb14ee64d/back.png
cabinet,dba56e0165ad4beaf1e22d5eb14ee64d,right,ok,0.137501,107,443,0.180820,443,74c156d74bb6d147ce1f5f6a97ccb32264b24a2a779b6194bbd4c168b2d83bd2,true,/cpfs/user/zhuzihou/assets/dedup_workspaces/test0_transitive_apply_parallel/dataset/GRScenes_assets/cabinet/dba56e0165ad4beaf1e22d5eb14ee64d/right.png
cabinet,dbec0996b6cff910ffcfbdcd779eda2d,front,ok,0.505093,434,379,0.627464,434,e9c0222bf472a6504020ef6bfccb08c82ab1c1149a6a28bc4b2890cdca93287b,true,/cpfs/user/zhuzihou/assets/dedup_workspaces/test0_transitive_apply_parallel/dataset/GRScenes_assets/cabinet/dbec0996b6cff910ffcfbdcd779eda2d/front.png
cabinet,dbec0996b6cff910ffcfbdcd779eda2d,left,ok,0.503258,432,379,0.624573,432,f7d7477f935fd1cf3bba6e503c0370877184a417bcbfe50222f929d209133497,true,/cpfs/user/zhuzihou/assets/dedup_workspaces/test0_transitive_apply_parallel/dataset/GRScenes_assets/cabinet/dbec0996b6cff910ffcfbdcd779eda2d/left.png
cabinet,dbec0996b6cff910ffcfbdcd779eda2d,back,ok,0.502174,430,378,0.620041,430,d48e2eafdecf2ba9fa6e66cc4f149edb419d61d87cae359c454cb9c0495da436,true,/cpfs/user/zhuzihou/assets/dedup_workspaces/test0_transitive_apply_parallel/dataset/GRScenes_assets/cabinet/dbec0996b6cff910ffcfbdcd779eda2d/back.png
cabinet,dbec0996b6cff910ffcfbdcd779eda2d,right,ok,0.503128,432,379,0.624573,432,24995f32a33bb907d496326d6517e40fd95bf35e31c0be1154d654baa26fc9bb,true,/cpfs/user/zhuzihou/assets/dedup_workspaces/test0_transitive_apply_parallel/dataset/GRScenes_assets/cabinet/dbec0996b6cff910ffcfbdcd779eda2d/right.png
cabinet,dc69ec5a1d815db86e23193601e529ee,front,ok,0.275730,218,444,0.369232,444,b426566d3053e1ecaeaa5732c92fdf6d4c994e5be42f69464b25f37cf64cb476,true,/cpfs/user/zhuzihou/assets/dedup_workspaces/test0_transitive_apply_parallel/dataset/GRScenes_assets/cabinet/dc69ec5a1d815db86e23193601e529ee/front.png
cabinet,dc69ec5a1d815db86e23193601e529ee,left,ok,0.401398,367,379,0.530598,379,907412c240f1349a0f476a6841c3ded428476b3f5ad517ff34143c845dff508a,true,/cpfs/user/zhuzihou/assets/dedup_workspaces/test0_transitive_apply_parallel/dataset/GRScenes_assets/cabinet/dc69ec5a1d815db86e23193601e529ee/left.png
cabinet,dc69ec5a1d815db86e23193601e529ee,back,ok,0.279675,213,444,0.360764,444,d9a91b8e85aeabe4f50ecad3675ab13eadfa6052b6008d756d6fe6dfe0529c43,true,/cpfs/user/zhuzihou/assets/dedup_workspaces/test0_transitive_apply_parallel/dataset/GRScenes_assets/cabinet/dc69ec5a1d815db86e23193601e529ee/back.png
cabinet,dc69ec5a1d815db86e23193601e529ee,right,ok,0.388630,363,379,0.524815,379,5914246ab0f88c5a39648278196c2461ad256aa09ee2aa468a12f6fea2c4a782,true,/cpfs/user/zhuzihou/assets/dedup_workspaces/test0_transitive_apply_parallel/dataset/GRScenes_assets/cabinet/dc69ec5a1d815db86e23193601e529ee/right.png
cabinet,dc806be9b2966a6a2aa7f01b1294b886,front,ok,0.263641,260,352,0.349121,352,3c9989bc8275bb9251cf4ad22d1e04e8d8053520329435e719477e0f4a261610,true,/cpfs/user/zhuzihou/assets/dedup_workspaces/test0_transitive_apply_parallel/dataset/GRScenes_assets/cabinet/dc806be9b2966a6a2aa7f01b1294b886/front.png
cabinet,dc806be9b2966a6a2aa7f01b1294b886,left,ok,0.247986,512,154,0.300781,512,3317ce33b2381470e91294ec147b5fd867eeacaf0a5573c9fad3d2076be1a7d8,true,/cpfs/user/zhuzihou/assets/dedup_workspaces/test0_transitive_apply_parallel/dataset/GRScenes_assets/cabinet/dc806be9b2966a6a2aa7f01b1294b886/left.png
cabinet,dc806be9b2966a6a2aa7f01b1294b886,back,ok,0.263409,260,349,0.346146,349,bae1857bcc14c4eb7f1861d8b102e157db3504f3cdb8d279f5b8b78cf29ac29a,true,/cpfs/user/zhuzihou/assets/dedup_workspaces/test0_transitive_apply_parallel/dataset/GRScenes_assets/cabinet/dc806be9b2966a6a2aa7f01b1294b886/back.png
cabinet,dc806be9b2966a6a2aa7f01b1294b886,right,ok,0.250473,512,157,0.306641,512,4abfd0374c198ca92d76deae8cb2682269b640d670830d9567416c74c706793e,true,/cpfs/user/zhuzihou/assets/dedup_workspaces/test0_transitive_apply_parallel/dataset/GRScenes_assets/cabinet/dc806be9b2966a6a2aa7f01b1294b886/right.png
cabinet,dd99dcc88437c46ff91c42b4bcf8b829,front,ok,0.389259,476,256,0.464844,476,7f73d61d16d10c587675abaa15c301695c9f5494428cf9dd157a79500baa07a1,true,/cpfs/user/zhuzihou/assets/dedup_workspaces/test0_transitive_apply_parallel/dataset/GRScenes_assets/cabinet/dd99dcc88437c46ff91c42b4bcf8b829/front.png
cabinet,dd99dcc88437c46ff91c42b4bcf8b829,left,ok,0.214542,174,434,0.288071,434,efcc69aac02d4564fad76d9b6ddf3b9ead4658c6e98295d7f20a9a05b9fd3525,true,/cpfs/user/zhuzihou/assets/dedup_workspaces/test0_transitive_apply_parallel/dataset/GRScenes_assets/cabinet/dd99dcc88437c46ff91c42b4bcf8b829/left.png
cabinet,dd99dcc88437c46ff91c42b4bcf8b829,back,ok,0.398743,483,251,0.462467,483,5ff3a81c56960d451b9f4a79a048cfc119740606788bf21bf33d1cb6b85fa7de,true,/cpfs/user/zhuzihou/assets/dedup_workspaces/test0_transitive_apply_parallel/dataset/GRScenes_assets/cabinet/dd99dcc88437c46ff91c42b4bcf8b829/back.png
cabinet,dd99dcc88437c46ff91c42b4bcf8b829,right,ok,0.215183,176,427,0.286682,427,f71dee59f501304a71c1a13bbf959cae8decaaa0fddd14b8d03d3de9f632bb2c,true,/cpfs/user/zhuzihou/assets/dedup_workspaces/test0_transitive_apply_parallel/dataset/GRScenes_assets/cabinet/dd99dcc88437c46ff91c42b4bcf8b829/right.png
cabinet,ddbc8069711d9fc845959c398d9337dd,front,ok,0.403503,502,242,0.463425,502,7fd75724ff305ca7dc9e152692fccd3f04608f080f7658287bc804b524755ac9,true,/cpfs/user/zhuzihou/assets/dedup_workspaces/test0_transitive_apply_parallel/dataset/GRScenes_assets/cabinet/ddbc8069711d9fc845959c398d9337dd/front.png
cabinet,ddbc8069711d9fc845959c398d9337dd,left,ok,0.237354,189,426,0.307137,426,02022a07357ca230ef3055975872058e95648d5845cfb03958ef44676879b2d6,true,/cpfs/user/zhuzihou/assets/dedup_workspaces/test0_transitive_apply_parallel/dataset/GRScenes_assets/cabinet/ddbc8069711d9fc845959c398d9337dd/left.png
cabinet,ddbc8069711d9fc845959c398d9337dd,back,ok,0.407375,502,243,0.465340,502,a3d0df840cc84e9ceb8afcf3626a2564bfe03bede598994df3949fd6d8fcad85,true,/cpfs/user/zhuzihou/assets/dedup_workspaces/test0_transitive_apply_parallel/dataset/GRScenes_assets/cabinet/ddbc8069711d9fc845959c398d9337dd/back.png
cabinet,ddbc8069711d9fc845959c398d9337dd,right,ok,0.237343,189,426,0.307137,426,9336dc83996610104b1ef8a35a1bcf8fceb0d38be33a20311467c502c857e421,true,/cpfs/user/zhuzihou/assets/dedup_workspaces/test0_transitive_apply_parallel/dataset/GRScenes_assets/cabinet/ddbc8069711d9fc845959c398d9337dd/right.png
cabinet,de8c2d6839aab19829e78df1d7524277,front,ok,0.220600,217,360,0.298004,360,b81b8ef8cfdf88d75910115dd8f7846eead3dbd13c8fe05f97a8a7a8c8edebb8,true,/cpfs/user/zhuzihou/assets/dedup_workspaces/test0_transitive_apply_parallel/dataset/GRScenes_assets/cabinet/de8c2d6839aab19829e78df1d7524277/front.png
cabinet,de8c2d6839aab19829e78df1d7524277,left,ok,0.146130,512,140,0.273438,512,e9eb648c790c1b2911af516ef47d577486a964853dafed5dd1978561ca95ef49,true,/cpfs/user/zhuzihou/assets/dedup_workspaces/test0_transitive_apply_parallel/dataset/GRScenes_assets/cabinet/de8c2d6839aab19829e78df1d7524277/left.png
cabinet,de8c2d6839aab19829e78df1d7524277,back,ok,0.220596,217,360,0.298004,360,cb1e00b874b3ceb10636410e2e95583716b51d2850bddba5891c30a8f879b300,true,/cpfs/user/zhuzihou/assets/dedup_workspaces/test0_transitive_apply_parallel/dataset/GRScenes_assets/cabinet/de8c2d6839aab19829e78df1d7524277/back.png
cabinet,de8c2d6839aab19829e78df1d7524277,right,ok,0.249378,512,140,0.273438,512,5176eea48d215274edf8faf2b1dfadfb8bd88b94732cbe7ab97e57c8086192bd,true,/cpfs/user/zhuzihou/assets/dedup_workspaces/test0_transitive_apply_parallel/dataset/GRScenes_assets/cabinet/de8c2d6839aab19829e78df1d7524277/right.png
cabinet,deb8cd7ff9147ab060e90f315686a647,front,ok,0.318409,322,345,0.423775,345,01882e015f65d424b3535a6016008b4124c28b02d427155a05ee14f298742b5e,true,/cpfs/user/zhuzihou/assets/dedup_workspaces/test0_transitive_apply_parallel/dataset/GRScenes_assets/cabinet/deb8cd7ff9147ab060e90f315686a647/front.png
cabinet,deb8cd7ff9147ab060e90f315686a647,left,ok,0.327496,510,189,0.367699,510,464f0a9ac07b38ebaf1aac9887a25534d90ceb472f4d249a7c02b74082ae9e83,true,/cpfs/user/zhuzihou/assets/dedup_workspaces/test0_transitive_apply_parallel/dataset/GRScenes_assets/cabinet/deb8cd7ff9147ab060e90f315686a647/left.png
cabinet,deb8cd7ff9147ab060e90f315686a647,back,ok,0.318474,322,345,0.423775,345,d27cdfe878aed9686aa18ebe5a9383c85bef61d6998ace253cdd6bc68a9e3423,true,/cpfs/user/zhuzihou/assets/dedup_workspaces/test0_transitive_apply_parallel/dataset/GRScenes_assets/cabinet/deb8cd7ff9147ab060e90f315686a647/back.png
cabinet,deb8cd7ff9147ab060e90f315686a647,right,ok,0.325283,512,185,0.361328,512,eb0695e3df9da2a3ac7b61df36d2ef52a45ea44238764e4431eb39266b16603f,true,/cpfs/user/zhuzihou/assets/dedup_workspaces/test0_transitive_apply_parallel/dataset/GRScenes_assets/cabinet/deb8cd7ff9147ab060e90f315686a647/right.png
cabinet,def8f92095cc409637c90677fdc879ce,front,ok,0.161888,502,94,0.180008,502,5228ec9fe4f9d78985e03e5b080bce2ab8ea2f4f1deb8b705830f60353339860,true,/cpfs/user/zhuzihou/assets/dedup_workspaces/test0_transitive_apply_parallel/dataset/GRScenes_assets/cabinet/def8f92095cc409637c90677fdc879ce/front.png
cabinet,def8f92095cc409637c90677fdc879ce,left,ok,0.130898,130,356,0.176544,356,bdba0d34ddc26a0d195d6b108ccf4a9899fbee3405146a4ec04a29c4abdae2b5,true,/cpfs/user/zhuzihou/assets/dedup_workspaces/test0_transitive_apply_parallel/dataset/GRScenes_assets/cabinet/def8f92095cc409637c90677fdc879ce/left.png
cabinet,def8f92095cc409637c90677fdc879ce,back,ok,0.170246,502,94,0.180008,502,5fb865ec57cb5659fc2c9ea6153d8b632590e39d301d68ed02e1af53651b3f1d,true,/cpfs/user/zhuzihou/assets/dedup_workspaces/test0_transitive_apply_parallel/dataset/GRScenes_assets/cabinet/def8f92095cc409637c90677fdc879ce/back.png
cabinet,def8f92095cc409637c90677fdc879ce,right,ok,0.130531,130,356,0.176544,356,3ce08d324d95ded1bbd4fe684c7050dec9de2219d3499b44c1863f6acf0ffe2d,true,/cpfs/user/zhuzihou/assets/dedup_workspaces/test0_transitive_apply_parallel/dataset/GRScenes_assets/cabinet/def8f92095cc409637c90677fdc879ce/right.png
cabinet,e15f4b04cebaddc657da1bbebf0d5038,front,ok,0.333054,512,187,0.365234,512,1272d6f5708a3f9d16ededcfdf1c27a865726f72d1cda0ee01d5851ec1879d4b,true,/cpfs/user/zhuzihou/assets/dedup_workspaces/test0_transitive_apply_parallel/dataset/GRScenes_assets/cabinet/e15f4b04cebaddc657da1bbebf0d5038/front.png
cabinet,e15f4b04cebaddc657da1bbebf0d5038,left,ok,0.209244,177,403,0.272106,403,55782b1a5244c5997bd327d577956ce46e86bfbb591bfbb2c0e4828ecd8ee7e0,true,/cpfs/user/zhuzihou/assets/dedup_workspaces/test0_transitive_apply_parallel/dataset/GRScenes_assets/cabinet/e15f4b04cebaddc657da1bbebf0d5038/left.png
cabinet,e15f4b04cebaddc657da1bbebf0d5038,back,ok,0.327930,510,186,0.361862,510,29c30c1a90ff8da8fced98bc475c0ea20e2d464b51baa4915b3ed5eb2d9b7999,true,/cpfs/user/zhuzihou/assets/dedup_workspaces/test0_transitive_apply_parallel/dataset/GRScenes_assets/cabinet/e15f4b04cebaddc657da1bbebf0d5038/back.png
cabinet,e15f4b04cebaddc657da1bbebf0d5038,right,ok,0.209217,176,403,0.270569,403,4df7660856b5761c883d2c93119f7aec8892111359b818844c6f56ad1f9a5ce3,true,/cpfs/user/zhuzihou/assets/dedup_workspaces/test0_transitive_apply_parallel/dataset/GRScenes_assets/cabinet/e15f4b04cebaddc657da1bbebf0d5038/right.png
cabinet,e2066750ba0fcffa83eda55473256602,front,ok,0.330120,512,187,0.365234,512,73b09cefabe2db7a7d4f6035f92de7a69454becfecf88c8f39e724a5c367ed18,true,/cpfs/user/zhuzihou/assets/dedup_workspaces/test0_transitive_apply_parallel/dataset/GRScenes_assets/cabinet/e2066750ba0fcffa83eda55473256602/front.png
cabinet,e2066750ba0fcffa83eda55473256602,left,ok,0.204704,176,403,0.270569,403,81d0003991b0e10f6215e1159835df4ced135093efa39cede1f4ad4824786dce,true,/cpfs/user/zhuzihou/assets/dedup_workspaces/test0_transitive_apply_parallel/dataset/GRScenes_assets/cabinet/e2066750ba0fcffa83eda55473256602/left.png
cabinet,e2066750ba0fcffa83eda55473256602,back,ok,0.328648,512,186,0.363281,512,e044c2a67f56d7c65efd9bc6b9caa2f44dfeecdee17574fc54697f0466594a00,true,/cpfs/user/zhuzihou/assets/dedup_workspaces/test0_transitive_apply_parallel/dataset/GRScenes_assets/cabinet/e2066750ba0fcffa83eda55473256602/back.png
cabinet,e2066750ba0fcffa83eda55473256602,right,ok,0.207127,176,403,0.270569,403,624ba288e454cfd930ffc20848991c00f31e6c577b2937a8c3c6f73c64be6ab6,true,/cpfs/user/zhuzihou/assets/dedup_workspaces/test0_transitive_apply_parallel/dataset/GRScenes_assets/cabinet/e2066750ba0fcffa83eda55473256602/right.png
cabinet,e21d4bb1dbfcf5807d8aa4418113613c,front,ok,0.329288,455,251,0.435658,455,a3d36b238f0e30a87349795165c0332c23bfe5d9df419ec0e7aff1a0f469f665,true,/cpfs/user/zhuzihou/assets/dedup_workspaces/test0_transitive_apply_parallel/dataset/GRScenes_assets/cabinet/e21d4bb1dbfcf5807d8aa4418113613c/front.png
cabinet,e21d4bb1dbfcf5807d8aa4418113613c,left,ok,0.127102,132,437,0.220047,437,95690671f9417a088659574ee749275675a34238aaa89220599c76c2f489a29c,true,/cpfs/user/zhuzihou/assets/dedup_workspaces/test0_transitive_apply_parallel/dataset/GRScenes_assets/cabinet/e21d4bb1dbfcf5807d8aa4418113613c/left.png
cabinet,e21d4bb1dbfcf5807d8aa4418113613c,back,ok,0.357216,482,250,0.459671,482,eb4859f616035eb458b2d9defee874439b1947dd3c6d57b744c4c967ea201523,true,/cpfs/user/zhuzihou/assets/dedup_workspaces/test0_transitive_apply_parallel/dataset/GRScenes_assets/cabinet/e21d4bb1dbfcf5807d8aa4418113613c/back.png
cabinet,e21d4bb1dbfcf5807d8aa4418113613c,right,ok,0.083271,95,437,0.158367,437,39a072b6af5f3c648fe717b15e7b175fb2da5e897521787d9ee2069c0bd3dff0,true,/cpfs/user/zhuzihou/assets/dedup_workspaces/test0_transitive_apply_parallel/dataset/GRScenes_assets/cabinet/e21d4bb1dbfcf5807d8aa4418113613c/right.png
cabinet,e2215f4ea7ad96b95c2ae85b9cf61bef,front,ok,0.389236,380,329,0.476913,380,dab7d114ab48661ee2b7af60ac2287a0e7f0e8d7dcd7ecf525ddac944ef4fa53,true,/cpfs/user/zhuzihou/assets/dedup_workspaces/test0_transitive_apply_parallel/dataset/GRScenes_assets/cabinet/e2215f4ea7ad96b95c2ae85b9cf61bef/front.png
cabinet,e2215f4ea7ad96b95c2ae85b9cf61bef,left,ok,0.090889,68,458,0.118805,458,acf76f8f4186f315a4117c78966f5052a704c52255cd24a4acf2e50506f1b998,true,/cpfs/user/zhuzihou/assets/dedup_workspaces/test0_transitive_apply_parallel/dataset/GRScenes_assets/cabinet/e2215f4ea7ad96b95c2ae85b9cf61bef/left.png
cabinet,e2215f4ea7ad96b95c2ae85b9cf61bef,back,ok,0.387264,378,329,0.474403,378,d35458dae31f777b2462a49e528afb1a4bcb1cbfa30e4c5d0f5db460e211fa59,true,/cpfs/user/zhuzihou/assets/dedup_workspaces/test0_transitive_apply_parallel/dataset/GRScenes_assets/cabinet/e2215f4ea7ad96b95c2ae85b9cf61bef/back.png
cabinet,e2215f4ea7ad96b95c2ae85b9cf61bef,right,ok,0.090252,65,458,0.113564,458,5ae7966d4a5c862ed45be6fcb53c12f6fd3bc6438515f0dbd3d5e03f71890f68,true,/cpfs/user/zhuzihou/assets/dedup_workspaces/test0_transitive_apply_parallel/dataset/GRScenes_assets/cabinet/e2215f4ea7ad96b95c2ae85b9cf61bef/right.png
cabinet,e29a46128e53d771b18dfbe3046b6247,front,ok,0.291759,285,332,0.360947,332,f027f88c414e97f108e45431375bc5fc6f2b358483ff815ed8a6c1906090cd39,true,/cpfs/user/zhuzihou/assets/dedup_workspaces/test0_transitive_apply_parallel/dataset/GRScenes_assets/cabinet/e29a46128e53d771b18dfbe3046b6247/front.png
cabinet,e29a46128e53d771b18dfbe3046b6247,left,ok,0.299274,489,206,0.384270,489,dc8a0c7f95d7d5b633edb1c06da430b0af79a841ad4776a3ee8b7044948740ae,true,/cpfs/user/zhuzihou/assets/dedup_workspaces/test0_transitive_apply_parallel/dataset/GRScenes_assets/cabinet/e29a46128e53d771b18dfbe3046b6247/left.png
cabinet,e29a46128e53d771b18dfbe3046b6247,back,ok,0.334721,364,332,0.460999,364,61137a827cbfdbad02a8967ef2c2f5212f859429e12c60528ea99bf880edc918,true,/cpfs/user/zhuzihou/assets/dedup_workspaces/test0_transitive_apply_parallel/dataset/GRScenes_assets/cabinet/e29a46128e53d771b18dfbe3046b6247/back.png
cabinet,e29a46128e53d771b18dfbe3046b6247,right,ok,0.342289,512,206,0.402344,512,b5d40330d509164b266ecc2a061b9d7bd98598eec945f3cfab19a5976e6bb387,true,/cpfs/user/zhuzihou/assets/dedup_workspaces/test0_transitive_apply_parallel/dataset/GRScenes_assets/cabinet/e29a46128e53d771b18dfbe3046b6247/right.png
cabinet,e2b8800c58a36ce26a041ea22343d54a,front,ok,0.139683,142,437,0.236717,437,0543ddc0599540daa71524ed6c0ee2a891b220ea593aed4fd3f5afa5e6b3f050,true,/cpfs/user/zhuzihou/assets/dedup_workspaces/test0_transitive_apply_parallel/dataset/GRScenes_assets/cabinet/e2b8800c58a36ce26a041ea22343d54a/front.png
cabinet,e2b8800c58a36ce26a041ea22343d54a,left,ok,0.362526,474,241,0.435768,474,5665aba1f1ac39053e22434ae31e1a63017a9f36faa5689c33630ed36bf85cc2,true,/cpfs/user/zhuzihou/assets/dedup_workspaces/test0_transitive_apply_parallel/dataset/GRScenes_assets/cabinet/e2b8800c58a36ce26a041ea22343d54a/left.png
cabinet,e2b8800c58a36ce26a041ea22343d54a,back,ok,0.129955,110,437,0.183372,437,9a3e0b369b7807d66a983522e0306e08816f5b8f9e868160483b8d5b66d9d15c,true,/cpfs/user/zhuzihou/assets/dedup_workspaces/test0_transitive_apply_parallel/dataset/GRScenes_assets/cabinet/e2b8800c58a36ce26a041ea22343d54a/back.png
cabinet,e2b8800c58a36ce26a041ea22343d54a,right,ok,0.368465,450,251,0.430870,450,1b715d21a931591cb9d696837c93a313d9cd498545a1025104c1111ece05f9f0,true,/cpfs/user/zhuzihou/assets/dedup_workspaces/test0_transitive_apply_parallel/dataset/GRScenes_assets/cabinet/e2b8800c58a36ce26a041ea22343d54a/right.png
cabinet,e2ff023772049113ad2becaf16f9d76e,front,ok,0.408691,348,381,0.505783,381,df753bb39424c811640f0748e3b349e22280764b56928c664ceada9e8f51d11a,true,/cpfs/user/zhuzihou/assets/dedup_workspaces/test0_transitive_apply_parallel/dataset/GRScenes_assets/cabinet/e2ff023772049113ad2becaf16f9d76e/front.png
cabinet,e2ff023772049113ad2becaf16f9d76e,left,ok,0.335865,260,425,0.421524,425,5979001c36d19be7a34a2d79d427ce3c9c36222b5e03bc37ca40ab8e2c047e69,true,/cpfs/user/zhuzihou/assets/dedup_workspaces/test0_transitive_apply_parallel/dataset/GRScenes_assets/cabinet/e2ff023772049113ad2becaf16f9d76e/left.png
cabinet,e2ff023772049113ad2becaf16f9d76e,back,ok,0.408680,344,377,0.494720,377,5a584a13d876dd7f414812a900e93510a31802ef987296ea3cc07723f0c92f2a,true,/cpfs/user/zhuzihou/assets/dedup_workspaces/test0_transitive_apply_parallel/dataset/GRScenes_assets/cabinet/e2ff023772049113ad2becaf16f9d76e/back.png
cabinet,e2ff023772049113ad2becaf16f9d76e,right,ok,0.344578,264,429,0.432037,429,090316a19432a958897b09e8c0d0740ac878357ce4f654c0a612972bce7a1e63,true,/cpfs/user/zhuzihou/assets/dedup_workspaces/test0_transitive_apply_parallel/dataset/GRScenes_assets/cabinet/e2ff023772049113ad2becaf16f9d76e/right.png
cabinet,e3227b69e963d8524b2ca42162c53b22,front,ok,0.329033,496,203,0.384094,496,6c36650640cf3c86d7e52a99fbd0c70956a6f899ddd33bbe055d1b3b893d4f1a,true,/cpfs/user/zhuzihou/assets/dedup_workspaces/test0_transitive_apply_parallel/dataset/GRScenes_assets/cabinet/e3227b69e963d8524b2ca42162c53b22/front.png
cabinet,e3227b69e963d8524b2ca42162c53b22,left,ok,0.332996,383,293,0.428082,383,b81b9a8c66a86fbff1b50a3d42373d692b6d04c7c1e21c960ce11b8abb6a3c2c,true,/cpfs/user/zhuzihou/assets/dedup_workspaces/test0_transitive_apply_parallel/dataset/GRScenes_assets/cabinet/e3227b69e963d8524b2ca42162c53b22/left.png
cabinet,e3227b69e963d8524b2ca42162c53b22,back,ok,0.329018,496,203,0.384094,496,90fa546e8aba7e45ee80228b04f443a8737ea593b25b8bd19015e5f660f3d5df,true,/cpfs/user/zhuzihou/assets/dedup_workspaces/test0_transitive_apply_parallel/dataset/GRScenes_assets/cabinet/e3227b69e963d8524b2ca42162c53b22/back.png
cabinet,e3227b69e963d8524b2ca42162c53b22,right,ok,0.335087,374,296,0.422302,374,02d3cff0cbb1cbc85d1625685268b3c4cd1396f7fc362cae3bf4b4605d6ceeb3,true,/cpfs/user/zhuzihou/assets/dedup_workspaces/test0_transitive_apply_parallel/dataset/GRScenes_assets/cabinet/e3227b69e963d8524b2ca42162c53b22/right.png
cabinet,e344c0e0d1054db169d2c0ed258df664,front,ok,0.410877,375,380,0.543594,380,742a6993cea6a70561c15db0a90a465f943c8248053b40c813379437aeb307c5,true,/cpfs/user/zhuzihou/assets/dedup_workspaces/test0_transitive_apply_parallel/dataset/GRScenes_assets/cabinet/e344c0e0d1054db169d2c0ed258df664/front.png
cabinet,e344c0e0d1054db169d2c0ed258df664,left,ok,0.485249,484,313,0.577896,484,41631a2a54cc1b2dca88c333242c5ef4489e4c75dc88b9731817fb9e1bfdd284,true,/cpfs/user/zhuzihou/assets/dedup_workspaces/test0_transitive_apply_parallel/dataset/GRScenes_assets/cabinet/e344c0e0d1054db169d2c0ed258df664/left.png
cabinet,e344c0e0d1054db169d2c0ed258df664,back,ok,0.422134,381,380,0.552292,381,44b57c5f7e94faeba58fd4a7a3f2ad9c34ad1395cc7793c39818fd8f64875f77,true,/cpfs/user/zhuzihou/assets/dedup_workspaces/test0_transitive_apply_parallel/dataset/GRScenes_assets/cabinet/e344c0e0d1054db169d2c0ed258df664/back.png
cabinet,e344c0e0d1054db169d2c0ed258df664,right,ok,0.433086,481,307,0.563305,481,765dc15058f053726d9cdd86d3d2f0b450f65c30ec12555a116d9538b043a48e,true,/cpfs/user/zhuzihou/assets/dedup_workspaces/test0_transitive_apply_parallel/dataset/GRScenes_assets/cabinet/e344c0e0d1054db169d2c0ed258df664/right.png
cabinet,e363e765f5560aec9ee5fa73ee565eed,front,ok,0.294506,242,416,0.384033,416,c1af7bb2f87bc266f498616a440a1a5388d51f2d17abd8e1b61af82419ba599a,true,/cpfs/user/zhuzihou/assets/dedup_workspaces/test0_transitive_apply_parallel/dataset/GRScenes_assets/cabinet/e363e765f5560aec9ee5fa73ee565eed/front.png
cabinet,e363e765f5560aec9ee5fa73ee565eed,left,ok,0.253235,223,428,0.364090,428,512339a941182c9821d618da9dce35442b492c8112195d64df3fcd72d899d3c1,true,/cpfs/user/zhuzihou/assets/dedup_workspaces/test0_transitive_apply_parallel/dataset/GRScenes_assets/cabinet/e363e765f5560aec9ee5fa73ee565eed/left.png
cabinet,e363e765f5560aec9ee5fa73ee565eed,back,ok,0.287430,242,419,0.386803,419,5319dd375e59b1003f39c17ec6d238dd3906da4e684004ac3c9973d346fdc583,true,/cpfs/user/zhuzihou/assets/dedup_workspaces/test0_transitive_apply_parallel/dataset/GRScenes_assets/cabinet/e363e765f5560aec9ee5fa73ee565eed/back.png
cabinet,e363e765f5560aec9ee5fa73ee565eed,right,ok,0.247253,206,416,0.326904,416,78f2e1b9385f50fda5934398d2cd293575798aa8ee36730d74ca482baa0b8198,true,/cpfs/user/zhuzihou/assets/dedup_workspaces/test0_transitive_apply_parallel/dataset/GRScenes_assets/cabinet/e363e765f5560aec9ee5fa73ee565eed/right.png
cabinet,e3a719d21be5b76eedd1e29ca9aa7c06,front,ok,0.434654,462,294,0.518143,462,b82f5430351120072383b69ac6834e728511de2bd2c6bbfcf7428227ea868909,true,/cpfs/user/zhuzihou/assets/dedup_workspaces/test0_transitive_apply_parallel/dataset/GRScenes_assets/cabinet/e3a719d21be5b76eedd1e29ca9aa7c06/front.png
cabinet,e3a719d21be5b76eedd1e29ca9aa7c06,left,ok,0.208260,162,446,0.275620,446,01f26805a2fa870e70c3cfb2f92a74f0cde03c0768663aa19556bf12784beb27,true,/cpfs/user/zhuzihou/assets/dedup_workspaces/test0_transitive_apply_parallel/dataset/GRScenes_assets/cabinet/e3a719d21be5b76eedd1e29ca9aa7c06/left.png
cabinet,e3a719d21be5b76eedd1e29ca9aa7c06,back,ok,0.434322,461,294,0.517021,461,453be84468b0756f7f5038c837c6a2634f2b7ae4c729860fbfc17c7ee1498706,true,/cpfs/user/zhuzihou/assets/dedup_workspaces/test0_transitive_apply_parallel/dataset/GRScenes_assets/cabinet/e3a719d21be5b76eedd1e29ca9aa7c06/back.png
cabinet,e3a719d21be5b76eedd1e29ca9aa7c06,right,ok,0.213333,162,446,0.275620,446,063e1dc8c3b6ba4230d6eac84494f7bc738dd160be9c2c9a7cfca99a1a07a170,true,/cpfs/user/zhuzihou/assets/dedup_workspaces/test0_transitive_apply_parallel/dataset/GRScenes_assets/cabinet/e3a719d21be5b76eedd1e29ca9aa7c06/right.png
cabinet,e40da5dc3ce0234ecde394b21499832d,front,ok,0.201160,230,285,0.250053,285,29f106fa794037daf508880f0c55ef681d86afacbbb030fd7ad4f32f0f028c3b,true,/cpfs/user/zhuzihou/assets/dedup_workspaces/test0_transitive_apply_parallel/dataset/GRScenes_assets/cabinet/e40da5dc3ce0234ecde394b21499832d/front.png
cabinet,e40da5dc3ce0234ecde394b21499832d,left,ok,0.224472,431,268,0.440628,431,d6cd1dab57abe604c732d04c5307d97e5026ec0abdbd451c10ea0e6ffee7d1b7,true,/cpfs/user/zhuzihou/assets/dedup_workspaces/test0_transitive_apply_parallel/dataset/GRScenes_assets/cabinet/e40da5dc3ce0234ecde394b21499832d/left.png
cabinet,e40da5dc3ce0234ecde394b21499832d,back,ok,0.195114,170,422,0.273666,422,356be19db73824b62d046aaf21742a9349b100b86630068d13ab885efaa0c463,true,/cpfs/user/zhuzihou/assets/dedup_workspaces/test0_transitive_apply_parallel/dataset/GRScenes_assets/cabinet/e40da5dc3ce0234ecde394b21499832d/back.png
cabinet,e40da5dc3ce0234ecde394b21499832d,right,ok,0.244179,453,264,0.456207,453,4d2cdae88719cd95ef65e203a147f8eec762d7cd1f48e49681ffdf82615b41b0,true,/cpfs/user/zhuzihou/assets/dedup_workspaces/test0_transitive_apply_parallel/dataset/GRScenes_assets/cabinet/e40da5dc3ce0234ecde394b21499832d/right.png
cabinet,e642d4dfb1c10a79760fffd5af95d005,front,ok,0.236317,234,325,0.290108,325,2bacae133980134de42e124ad8ac5303c6992aa1c2d682fce26edca6369cf475,true,/cpfs/user/zhuzihou/assets/dedup_workspaces/test0_transitive_apply_parallel/dataset/GRScenes_assets/cabinet/e642d4dfb1c10a79760fffd5af95d005/front.png
cabinet,e642d4dfb1c10a79760fffd5af95d005,left,ok,0.076057,151,432,0.248840,432,1edd61ae69daebc5a26063ddfad0ae865bd3ef16a5c3f77fe5b566d2820ab08d,true,/cpfs/user/zhuzihou/assets/dedup_workspaces/test0_transitive_apply_parallel/dataset/GRScenes_assets/cabinet/e642d4dfb1c10a79760fffd5af95d005/left.png
cabinet,e642d4dfb1c10a79760fffd5af95d005,back,ok,0.233391,181,421,0.290684,421,d4652667d3b60a17e61980146cea9182e656ab3e0aad1d1ed29601cf4a882db1,true,/cpfs/user/zhuzihou/assets/dedup_workspaces/test0_transitive_apply_parallel/dataset/GRScenes_assets/cabinet/e642d4dfb1c10a79760fffd5af95d005/back.png
cabinet,e642d4dfb1c10a79760fffd5af95d005,right,ok,0.076054,151,432,0.248840,432,7fa6874d67cc275977a7a75c54374571ad4fe2fe609b3cfacd3775bedcb2135b,true,/cpfs/user/zhuzihou/assets/dedup_workspaces/test0_transitive_apply_parallel/dataset/GRScenes_assets/cabinet/e642d4dfb1c10a79760fffd5af95d005/right.png
cabinet,e65ebd2a789aec63a2f55889c148fba9,front,ok,0.210651,396,266,0.401825,396,b24bd0bb3586f8a93841c2d68a1551734f10eda6c06c5d85c43d0185868449a8,true,/cpfs/user/zhuzihou/assets/dedup_workspaces/test0_transitive_apply_parallel/dataset/GRScenes_assets/cabinet/e65ebd2a789aec63a2f55889c148fba9/front.png
cabinet,e65ebd2a789aec63a2f55889c148fba9,left,ok,0.247543,376,257,0.368622,376,9061652cc3ecaf5c0b05a3bfaa00ac0267ef01cdd9619e57108c03844ab253f5,true,/cpfs/user/zhuzihou/assets/dedup_workspaces/test0_transitive_apply_parallel/dataset/GRScenes_assets/cabinet/e65ebd2a789aec63a2f55889c148fba9/left.png
cabinet,e65ebd2a789aec63a2f55889c148fba9,back,ok,0.293221,436,267,0.444077,436,c91d19d18cf3b682079a390117cb0075aace4ec3fa524af44488d5d81a50c9b0,true,/cpfs/user/zhuzihou/assets/dedup_workspaces/test0_transitive_apply_parallel/dataset/GRScenes_assets/cabinet/e65ebd2a789aec63a2f55889c148fba9/back.png
cabinet,e65ebd2a789aec63a2f55889c148fba9,right,ok,0.311375,464,263,0.465515,464,ca8d701b74879dcf24f8c4d0d5653731f5dc96cdf407d2a5a15416fa60b7e7b3,true,/cpfs/user/zhuzihou/assets/dedup_workspaces/test0_transitive_apply_parallel/dataset/GRScenes_assets/cabinet/e65ebd2a789aec63a2f55889c148fba9/right.png
cabinet,e6705d1edaf4c72d9849e5720e05b98c,front,ok,0.269878,210,432,0.346069,432,650bc49b9f76b38a797be350de3443ec91704d7b8c35e9f66da1c5ff06543cfa,true,/cpfs/user/zhuzihou/assets/dedup_workspaces/test0_transitive_apply_parallel/dataset/GRScenes_assets/cabinet/e6705d1edaf4c72d9849e5720e05b98c/front.png
cabinet,e6705d1edaf4c72d9849e5720e05b98c,left,ok,0.291409,230,425,0.372887,425,f52341f83933a901197b94804307c93506176a585904cd7f58efe928e74f24da,true,/cpfs/user/zhuzihou/assets/dedup_workspaces/test0_transitive_apply_parallel/dataset/GRScenes_assets/cabinet/e6705d1edaf4c72d9849e5720e05b98c/left.png
cabinet,e6705d1edaf4c72d9849e5720e05b98c,back,ok,0.272675,212,432,0.349365,432,e73963af9f511e03c13cc422518467c5eeff905ffcdfe8f03fe39ce1628bf05b,true,/cpfs/user/zhuzihou/assets/dedup_workspaces/test0_transitive_apply_parallel/dataset/GRScenes_assets/cabinet/e6705d1edaf4c72d9849e5720e05b98c/back.png
cabinet,e6705d1edaf4c72d9849e5720e05b98c,right,ok,0.291443,230,425,0.372887,425,13fbb168562c1776af15ee47c11d02c34907553f04c345a5905e111034e4e975,true,/cpfs/user/zhuzihou/assets/dedup_workspaces/test0_transitive_apply_parallel/dataset/GRScenes_assets/cabinet/e6705d1edaf4c72d9849e5720e05b98c/right.png
cabinet,e7419f536d31133abf8b371a38a3e4be,front,ok,0.307346,294,347,0.389168,347,0f80d266293467364ec029d966a8dbcee1c078c07fbcbeedbb1cb7d83e59acd3,true,/cpfs/user/zhuzihou/assets/dedup_workspaces/test0_transitive_apply_parallel/dataset/GRScenes_assets/cabinet/e7419f536d31133abf8b371a38a3e4be/front.png
cabinet,e7419f536d31133abf8b371a38a3e4be,left,ok,0.289150,505,200,0.385284,505,f44b02bddeea140ce43894369ff480ee8818211c4855f09981fb13f256a1ca7f,true,/cpfs/user/zhuzihou/assets/dedup_workspaces/test0_transitive_apply_parallel/dataset/GRScenes_assets/cabinet/e7419f536d31133abf8b371a38a3e4be/left.png
cabinet,e7419f536d31133abf8b371a38a3e4be,back,ok,0.335102,333,347,0.440792,347,31a376eefedcbf979735aca8c596036fd6691a9a214fabbfda031643716914a3,true,/cpfs/user/zhuzihou/assets/dedup_workspaces/test0_transitive_apply_parallel/dataset/GRScenes_assets/cabinet/e7419f536d31133abf8b371a38a3e4be/back.png
cabinet,e7419f536d31133abf8b371a38a3e4be,right,ok,0.305454,512,203,0.396484,512,b9d9b330d702626045624106d2f64a2b8da42c4503902688d8b3efd1c0658029,true,/cpfs/user/zhuzihou/assets/dedup_workspaces/test0_transitive_apply_parallel/dataset/GRScenes_assets/cabinet/e7419f536d31133abf8b371a38a3e4be/right.png
cabinet,e820faac0e5a4a862631cf93ce6126f5,front,ok,0.298355,510,169,0.328789,510,2bfd189199ac6d9f4748369920996d9ef884438054428fed0c9d5c36acfac344,true,/cpfs/user/zhuzihou/assets/dedup_workspaces/test0_transitive_apply_parallel/dataset/GRScenes_assets/cabinet/e820faac0e5a4a862631cf93ce6126f5/front.png
cabinet,e820faac0e5a4a862631cf93ce6126f5,left,ok,0.298473,300,341,0.390244,341,a5e8045141cbf82b94fe61f4dfc3840f8cb9d4055b39699c0caa00e0db71b422,true,/cpfs/user/zhuzihou/assets/dedup_workspaces/test0_transitive_apply_parallel/dataset/GRScenes_assets/cabinet/e820faac0e5a4a862631cf93ce6126f5/left.png
cabinet,e820faac0e5a4a862631cf93ce6126f5,back,ok,0.298294,510,169,0.328789,510,094bd239659794cdee8ab34b24989f156919ecad06154ed9735f75f0447418ff,true,/cpfs/user/zhuzihou/assets/dedup_workspaces/test0_transitive_apply_parallel/dataset/GRScenes_assets/cabinet/e820faac0e5a4a862631cf93ce6126f5/back.png
cabinet,e820faac0e5a4a862631cf93ce6126f5,right,ok,0.297607,294,343,0.384682,343,74cedb8b0e2785403e65b6894b14e8c58ce6182d93bfbde78477f1465a9672e2,true,/cpfs/user/zhuzihou/assets/dedup_workspaces/test0_transitive_apply_parallel/dataset/GRScenes_assets/cabinet/e820faac0e5a4a862631cf93ce6126f5/right.png
cabinet,e884b84801a6d5fba3a0319606077179,front,ok,0.081463,476,161,0.292343,476,ed89bc0506839f21aeb83dbdece29987746c36f46d62e27514336a1e3da20cbe,true,/cpfs/user/zhuzihou/assets/dedup_workspaces/test0_transitive_apply_parallel/dataset/GRScenes_assets/cabinet/e884b84801a6d5fba3a0319606077179/front.png
cabinet,e884b84801a6d5fba3a0319606077179,left,ok,0.011543,9,414,0.014214,414,fd8482bf5818400a56bd449a79979f6c37cde8929c9c4a4ced4078a6a185cccf,true,/cpfs/user/zhuzihou/assets/dedup_workspaces/test0_transitive_apply_parallel/dataset/GRScenes_assets/cabinet/e884b84801a6d5fba3a0319606077179/left.png
cabinet,e884b84801a6d5fba3a0319606077179,back,ok,0.081654,477,162,0.294777,477,06675580931e8c8af647794d5a8a4fa905447b80ef8fe9b4b1c32744bb8443fd,true,/cpfs/user/zhuzihou/assets/dedup_workspaces/test0_transitive_apply_parallel/dataset/GRScenes_assets/cabinet/e884b84801a6d5fba3a0319606077179/back.png
cabinet,e884b84801a6d5fba3a0319606077179,right,ok,0.011562,9,414,0.014214,414,ff9695753e5a23878a28d102501d8dfb5be5f1254120f0353a0780364f8e4fd1,true,/cpfs/user/zhuzihou/assets/dedup_workspaces/test0_transitive_apply_parallel/dataset/GRScenes_assets/cabinet/e884b84801a6d5fba3a0319606077179/right.png
cabinet,e8cfc61faf8eea98f99938986cf4708c,front,ok,0.375877,358,379,0.517586,379,5ace031b9ce8f6e9229571cedbc0591e245ff93b25853a30dff9e5f3fd5fd60a,true,/cpfs/user/zhuzihou/assets/dedup_workspaces/test0_transitive_apply_parallel/dataset/GRScenes_assets/cabinet/e8cfc61faf8eea98f99938986cf4708c/front.png
cabinet,e8cfc61faf8eea98f99938986cf4708c,left,ok,0.265018,202,440,0.339050,440,4eac00a1e010e1ae51b4961577342b8b138ce33cfc6b33db27e2f75867cec967,true,/cpfs/user/zhuzihou/assets/dedup_workspaces/test0_transitive_apply_parallel/dataset/GRScenes_assets/cabinet/e8cfc61faf8eea98f99938986cf4708c/left.png
cabinet,e8cfc61faf8eea98f99938986cf4708c,back,ok,0.409054,352,378,0.507568,378,6d26fd28bfb31293953994e3aae738ba4cc5a380bb594baf3fc2b1efd895d1a8,true,/cpfs/user/zhuzihou/assets/dedup_workspaces/test0_transitive_apply_parallel/dataset/GRScenes_assets/cabinet/e8cfc61faf8eea98f99938986cf4708c/back.png
cabinet,e8cfc61faf8eea98f99938986cf4708c,right,ok,0.216553,194,446,0.330063,446,4770d4faae8b289d6fd8c196c9b9a9b8d32a849079096d39047038c8490a1871,true,/cpfs/user/zhuzihou/assets/dedup_workspaces/test0_transitive_apply_parallel/dataset/GRScenes_assets/cabinet/e8cfc61faf8eea98f99938986cf4708c/right.png
cabinet,e920d4d3e8679813cc97a1d8beb19655,front,ok,0.208652,502,118,0.225967,502,6941411bd80beb2ce40f0de0eb1edaa6ec9234a6da6c712332dbf6afc1c773c3,true,/cpfs/user/zhuzihou/assets/dedup_workspaces/test0_transitive_apply_parallel/dataset/GRScenes_assets/cabinet/e920d4d3e8679813cc97a1d8beb19655/front.png
cabinet,e920d4d3e8679813cc97a1d8beb19655,left,ok,0.164658,158,361,0.217583,361,5528fa979d7a8c7da4a680761f92107f6a543bdf5a29478107fcc3e8efcc92e3,true,/cpfs/user/zhuzihou/assets/dedup_workspaces/test0_transitive_apply_parallel/dataset/GRScenes_assets/cabinet/e920d4d3e8679813cc97a1d8beb19655/left.png
cabinet,e920d4d3e8679813cc97a1d8beb19655,back,ok,0.208675,502,118,0.225967,502,5021565aa88115cbd0896eeecc347f4554494cb6434594fb7ba58cb149eef94d,true,/cpfs/user/zhuzihou/assets/dedup_workspaces/test0_transitive_apply_parallel/dataset/GRScenes_assets/cabinet/e920d4d3e8679813cc97a1d8beb19655/back.png
cabinet,e920d4d3e8679813cc97a1d8beb19655,right,ok,0.164028,158,361,0.217583,361,359d3d11bf9325b943398d8a9e7281f8915e848a81d8762a499c3dec1d09ab3e,true,/cpfs/user/zhuzihou/assets/dedup_workspaces/test0_transitive_apply_parallel/dataset/GRScenes_assets/cabinet/e920d4d3e8679813cc97a1d8beb19655/right.png
cabinet,e9a0d1fb1944db825e611a36a9c14d31,front,ok,0.182690,157,397,0.237766,397,e2183b8ebfb71480131078444f72ad82a0123d48f9138e3114b66a79f062341b,true,/cpfs/user/zhuzihou/assets/dedup_workspaces/test0_transitive_apply_parallel/dataset/GRScenes_assets/cabinet/e9a0d1fb1944db825e611a36a9c14d31/front.png
cabinet,e9a0d1fb1944db825e611a36a9c14d31,left,ok,0.298309,510,167,0.324898,510,2e41f318ddfef252345c22b53b8858a0844454c4861b748bf730a3d95aa2345d,true,/cpfs/user/zhuzihou/assets/dedup_workspaces/test0_transitive_apply_parallel/dataset/GRScenes_assets/cabinet/e9a0d1fb1944db825e611a36a9c14d31/left.png
cabinet,e9a0d1fb1944db825e611a36a9c14d31,back,ok,0.182724,158,397,0.239281,397,9556c7952d791e336c03f784cad256f4bbfb01949e0bc2ea660821d2b1708197,true,/cpfs/user/zhuzihou/assets/dedup_workspaces/test0_transitive_apply_parallel/dataset/GRScenes_assets/cabinet/e9a0d1fb1944db825e611a36a9c14d31/back.png
cabinet,e9a0d1fb1944db825e611a36a9c14d31,right,ok,0.296806,512,166,0.324219,512,8801b0b3121f28d7f89ac48cbdda47d6060504072d2d19eca22aa65f83815895,true,/cpfs/user/zhuzihou/assets/dedup_workspaces/test0_transitive_apply_parallel/dataset/GRScenes_assets/cabinet/e9a0d1fb1944db825e611a36a9c14d31/right.png
cabinet,e9a4e1fc5ec5eaa27245f6a2b75993ba,front,ok,0.288414,222,444,0.376007,444,ef099fd1b07afc0caa6dada3bb8de6bd147fe7dc77945c21b040111629abec70,true,/cpfs/user/zhuzihou/assets/dedup_workspaces/test0_transitive_apply_parallel/dataset/GRScenes_assets/cabinet/e9a4e1fc5ec5eaa27245f6a2b75993ba/front.png
cabinet,e9a4e1fc5ec5eaa27245f6a2b75993ba,left,ok,0.455261,426,341,0.554146,426,88367598f9da026080dd060650a30f1b76d92a46f5b79aa07e7516f7ffe42658,true,/cpfs/user/zhuzihou/assets/dedup_workspaces/test0_transitive_apply_parallel/dataset/GRScenes_assets/cabinet/e9a4e1fc5ec5eaa27245f6a2b75993ba/left.png
cabinet,e9a4e1fc5ec5eaa27245f6a2b75993ba,back,ok,0.288445,222,444,0.376007,444,55bd802f021edb8fe7f562710ab82526ffec9d105f8e807fbae9e838286992c4,true,/cpfs/user/zhuzihou/assets/dedup_workspaces/test0_transitive_apply_parallel/dataset/GRScenes_assets/cabinet/e9a4e1fc5ec5eaa27245f6a2b75993ba/back.png
cabinet,e9a4e1fc5ec5eaa27245f6a2b75993ba,right,ok,0.463005,432,343,0.565247,432,3de63b515f8f7d95f889d5c63ef5675c03df62a973843ba6e5292e25e0961501,true,/cpfs/user/zhuzihou/assets/dedup_workspaces/test0_transitive_apply_parallel/dataset/GRScenes_assets/cabinet/e9a4e1fc5ec5eaa27245f6a2b75993ba/right.png
cabinet,e9bb94d31eac951949f463a3e1f87bc0,front,ok,0.287766,512,158,0.308594,512,2d5a764746126b78386f15b849077fe305b5ab222de815ccbfe65c95dcdf4c3f,true,/cpfs/user/zhuzihou/assets/dedup_workspaces/test0_transitive_apply_parallel/dataset/GRScenes_assets/cabinet/e9bb94d31eac951949f463a3e1f87bc0/front.png
cabinet,e9bb94d31eac951949f463a3e1f87bc0,left,ok,0.237827,220,373,0.313034,373,5d9b40b90ccbdec4eed858935448c12e2c57f9341d6a773b0c83f4b1e1c4a457,true,/cpfs/user/zhuzihou/assets/dedup_workspaces/test0_transitive_apply_parallel/dataset/GRScenes_assets/cabinet/e9bb94d31eac951949f463a3e1f87bc0/left.png
cabinet,e9bb94d31eac951949f463a3e1f87bc0,back,ok,0.287792,512,158,0.308594,512,52ce48e0b91bebb487e7eac9263266daed8556048decf2606840d21a0b1aee14,true,/cpfs/user/zhuzihou/assets/dedup_workspaces/test0_transitive_apply_parallel/dataset/GRScenes_assets/cabinet/e9bb94d31eac951949f463a3e1f87bc0/back.png
cabinet,e9bb94d31eac951949f463a3e1f87bc0,right,ok,0.238274,220,373,0.313034,373,89f3e58a3cf0bde878e4b3244cc56df0705a4ef785517a0cc95886f1bbec600c,true,/cpfs/user/zhuzihou/assets/dedup_workspaces/test0_transitive_apply_parallel/dataset/GRScenes_assets/cabinet/e9bb94d31eac951949f463a3e1f87bc0/right.png
cabinet,eb6650a0ee9f6f88650a16d886e588b6,front,ok,0.131920,202,402,0.309769,402,d3d157a4f6265a0d70232d24ae84822a0b0aa3ff09d2bcbd6654b4da18bb50e0,true,/cpfs/user/zhuzihou/assets/dedup_workspaces/test0_transitive_apply_parallel/dataset/GRScenes_assets/cabinet/eb6650a0ee9f6f88650a16d886e588b6/front.png
cabinet,eb6650a0ee9f6f88650a16d886e588b6,left,ok,0.087803,69,448,0.117920,448,f578b7a4d71571854c46e433456e431f7dd1c9bfd67731b412c828614a023064,true,/cpfs/user/zhuzihou/assets/dedup_workspaces/test0_transitive_apply_parallel/dataset/GRScenes_assets/cabinet/eb6650a0ee9f6f88650a16d886e588b6/left.png
cabinet,eb6650a0ee9f6f88650a16d886e588b6,back,ok,0.137550,210,402,0.322037,402,10e6750945d10130237056ad921275261484d8c2be5bba12e0f36b74bdf2923e,true,/cpfs/user/zhuzihou/assets/dedup_workspaces/test0_transitive_apply_parallel/dataset/GRScenes_assets/cabinet/eb6650a0ee9f6f88650a16d886e588b6/back.png
cabinet,eb6650a0ee9f6f88650a16d886e588b6,right,ok,0.067570,60,448,0.102539,448,4bf5609ddee3e1a97bae35d2dad0c1927fb2d560cde2d5cc16a95980258040f8,true,/cpfs/user/zhuzihou/assets/dedup_workspaces/test0_transitive_apply_parallel/dataset/GRScenes_assets/cabinet/eb6650a0ee9f6f88650a16d886e588b6/right.png
cabinet,ebc2b84a248d43815706c0cc06013d2d,front,ok,0.477489,431,354,0.582024,431,1fedea2e03a0651265a16b74935b064c5756d9511add440802e3cabbb126522a,true,/cpfs/user/zhuzihou/assets/dedup_workspaces/test0_transitive_apply_parallel/dataset/GRScenes_assets/cabinet/ebc2b84a248d43815706c0cc06013d2d/front.png
cabinet,ebc2b84a248d43815706c0cc06013d2d,left,ok,0.355286,277,432,0.456482,432,fb282e6aaf7f17bd004e29d4db5e4670d0b126c05754f228cfc060c4f2bd1979,true,/cpfs/user/zhuzihou/assets/dedup_workspaces/test0_transitive_apply_parallel/dataset/GRScenes_assets/cabinet/ebc2b84a248d43815706c0cc06013d2d/left.png
cabinet,ebc2b84a248d43815706c0cc06013d2d,back,ok,0.481930,436,354,0.588776,436,a50665230d56de6391d9390bcd6fe81e7899ecee672d761c3bee2f838c75ae48,true,/cpfs/user/zhuzihou/assets/dedup_workspaces/test0_transitive_apply_parallel/dataset/GRScenes_assets/cabinet/ebc2b84a248d43815706c0cc06013d2d/back.png
cabinet,ebc2b84a248d43815706c0cc06013d2d,right,ok,0.360901,281,432,0.463074,432,1cb6d27f1e16e891a5bb84f515e248541c350586ecc635e250bb407b7696e8eb,true,/cpfs/user/zhuzihou/assets/dedup_workspaces/test0_transitive_apply_parallel/dataset/GRScenes_assets/cabinet/ebc2b84a248d43815706c0cc06013d2d/right.png
cabinet,ebd64c86dfbad9c07da8252d0b073d96,front,ok,0.037067,472,21,0.037811,472,56611b66d22ff17276075f987e6cd9626c65fee1e51273aab49f98ac4500dbc4,true,/cpfs/user/zhuzihou/assets/dedup_workspaces/test0_transitive_apply_parallel/dataset/GRScenes_assets/cabinet/ebd64c86dfbad9c07da8252d0b073d96/front.png
cabinet,ebd64c86dfbad9c07da8252d0b073d96,left,ok,0.034725,38,326,0.047256,326,57578f9c8191807e99691e93c2df2667d0d08074debd3a33f722f4fb267927e9,true,/cpfs/user/zhuzihou/assets/dedup_workspaces/test0_transitive_apply_parallel/dataset/GRScenes_assets/cabinet/ebd64c86dfbad9c07da8252d0b073d96/left.png
cabinet,ebd64c86dfbad9c07da8252d0b073d96,back,ok,0.042290,472,24,0.043213,472,3f4b495399b935006da2294e1d6b36fda51aeb4be29fdb73de7a4011595c8122,true,/cpfs/user/zhuzihou/assets/dedup_workspaces/test0_transitive_apply_parallel/dataset/GRScenes_assets/cabinet/ebd64c86dfbad9c07da8252d0b073d96/back.png
cabinet,ebd64c86dfbad9c07da8252d0b073d96,right,ok,0.033600,38,316,0.045807,316,84d7ff57a1283ab3db68d7a483cc27614c8974b3d7ad7cd6a3f34fa236085988,true,/cpfs/user/zhuzihou/assets/dedup_workspaces/test0_transitive_apply_parallel/dataset/GRScenes_assets/cabinet/ebd64c86dfbad9c07da8252d0b073d96/right.png
cabinet,ec5d34136c3f222a371ecb2de6d7825f,front,ok,0.045387,150,417,0.238609,417,34a8b79d3f7a3ed906b7d976c490831deb1785b8da7d94684cee2d9e5ae80516,true,/cpfs/user/zhuzihou/assets/dedup_workspaces/test0_transitive_apply_parallel/dataset/GRScenes_assets/cabinet/ec5d34136c3f222a371ecb2de6d7825f/front.png
cabinet,ec5d34136c3f222a371ecb2de6d7825f,left,ok,0.089005,86,434,0.142380,434,82dba0d5b7c25b958876548b9db502a248edca5a972dc3d8112ab606f1475598,true,/cpfs/user/zhuzihou/assets/dedup_workspaces/test0_transitive_apply_parallel/dataset/GRScenes_assets/cabinet/ec5d34136c3f222a371ecb2de6d7825f/left.png
cabinet,ec5d34136c3f222a371ecb2de6d7825f,back,ok,0.045353,150,417,0.238609,417,e063c5209dd93ed6b3774fbca31df7b5d827a50bdc4abf0ec9105cbf85f1d82f,true,/cpfs/user/zhuzihou/assets/dedup_workspaces/test0_transitive_apply_parallel/dataset/GRScenes_assets/cabinet/ec5d34136c3f222a371ecb2de6d7825f/back.png
cabinet,ec5d34136c3f222a371ecb2de6d7825f,right,ok,0.109657,86,434,0.142380,434,2827acb9b0d9ccdaa21accc242c8729e82a50d41546cb4bd2b9ac41682d7d652,true,/cpfs/user/zhuzihou/assets/dedup_workspaces/test0_transitive_apply_parallel/dataset/GRScenes_assets/cabinet/ec5d34136c3f222a371ecb2de6d7825f/right.png
cabinet,ecd58ee0a25cdc5987d48ace8b282eb0,front,ok,0.266132,239,376,0.342804,376,5df7c747a532dec2128b86744c92b2cf7aa29b69de460667440ac04c8a064a5f,true,/cpfs/user/zhuzihou/assets/dedup_workspaces/test0_transitive_apply_parallel/dataset/GRScenes_assets/cabinet/ecd58ee0a25cdc5987d48ace8b282eb0/front.png
cabinet,ecd58ee0a25cdc5987d48ace8b282eb0,left,ok,0.309143,512,188,0.367188,512,f951d530621a83835666a23ed64bfc5a4ddd682d3d63fa8abcfee9ce5a6da7d9,true,/cpfs/user/zhuzihou/assets/dedup_workspaces/test0_transitive_apply_parallel/dataset/GRScenes_assets/cabinet/ecd58ee0a25cdc5987d48ace8b282eb0/left.png
cabinet,ecd58ee0a25cdc5987d48ace8b282eb0,back,ok,0.260246,236,376,0.338501,376,9208168bf01e74d6d5c95242db863e06512306f791d11cbee1141d5ebfcddd11,true,/cpfs/user/zhuzihou/assets/dedup_workspaces/test0_transitive_apply_parallel/dataset/GRScenes_assets/cabinet/ecd58ee0a25cdc5987d48ace8b282eb0/back.png
cabinet,ecd58ee0a25cdc5987d48ace8b282eb0,right,ok,0.303616,494,189,0.356163,494,c88df04d58d270cbfaf9a8c83d3eeec189cdf90429b9058b94632b1c27aa04f3,true,/cpfs/user/zhuzihou/assets/dedup_workspaces/test0_transitive_apply_parallel/dataset/GRScenes_assets/cabinet/ecd58ee0a25cdc5987d48ace8b282eb0/right.png
cabinet,ecde1b3c82ae626f94f540321fcb43cd,front,ok,0.020775,16,446,0.027222,446,50d5f0c9f5eeb2f10250b7d9a94d67f36315d71aa37cd0e66ee0aa9001bb2f9f,true,/cpfs/user/zhuzihou/assets/dedup_workspaces/test0_transitive_apply_parallel/dataset/GRScenes_assets/cabinet/ecde1b3c82ae626f94f540321fcb43cd/front.png
cabinet,ecde1b3c82ae626f94f540321fcb43cd,left,ok,0.224869,190,393,0.284843,393,269cc2332c4521fa4c7e4466619668365afc3b89c13df6d841bae719571ec584,true,/cpfs/user/zhuzihou/assets/dedup_workspaces/test0_transitive_apply_parallel/dataset/GRScenes_assets/cabinet/ecde1b3c82ae626f94f540321fcb43cd/left.png
cabinet,ecde1b3c82ae626f94f540321fcb43cd,back,ok,0.020775,16,446,0.027222,446,d9de182bd5a02e39ec7fabb7452bca465536b8353ee9c744e070e4c1d5aa73fe,true,/cpfs/user/zhuzihou/assets/dedup_workspaces/test0_transitive_apply_parallel/dataset/GRScenes_assets/cabinet/ecde1b3c82ae626f94f540321fcb43cd/back.png
cabinet,ecde1b3c82ae626f94f540321fcb43cd,right,ok,0.224873,190,393,0.284843,393,6726d2407c9471146270bbe56a64e2d0e00b7a82420957ff59e184d8b061805c,true,/cpfs/user/zhuzihou/assets/dedup_workspaces/test0_transitive_apply_parallel/dataset/GRScenes_assets/cabinet/ecde1b3c82ae626f94f540321fcb43cd/right.png
cabinet,ed18a7da388671a055943a5858c4c6ca,front,ok,0.424526,432,322,0.530640,432,4a6dc56e324ff63107256456a203d98efdf9763e3ac38f1f079eaca7283489ca,true,/cpfs/user/zhuzihou/assets/dedup_workspaces/test0_transitive_apply_parallel/dataset/GRScenes_assets/cabinet/ed18a7da388671a055943a5858c4c6ca/front.png
cabinet,ed18a7da388671a055943a5858c4c6ca,left,ok,0.360786,512,256,0.500000,512,2229c3fd2c335a507da9c1c0d9db3a2a4b97ddb070a2b20837baf8e397b848b0,true,/cpfs/user/zhuzihou/assets/dedup_workspaces/test0_transitive_apply_parallel/dataset/GRScenes_assets/cabinet/ed18a7da388671a055943a5858c4c6ca/left.png
cabinet,ed18a7da388671a055943a5858c4c6ca,back,ok,0.356850,434,273,0.451973,434,4a7bbfbacb1cfe00ecc14f7264eaccb33d7368734589cc9d9906ae6aa47da0e0,true,/cpfs/user/zhuzihou/assets/dedup_workspaces/test0_transitive_apply_parallel/dataset/GRScenes_assets/cabinet/ed18a7da388671a055943a5858c4c6ca/back.png
cabinet,ed18a7da388671a055943a5858c4c6ca,right,ok,0.362507,512,255,0.498047,512,eb20fe03257def2f92985e600120dc90a3d768f128cd2f0421442f1ffd1ca930,true,/cpfs/user/zhuzihou/assets/dedup_workspaces/test0_transitive_apply_parallel/dataset/GRScenes_assets/cabinet/ed18a7da388671a055943a5858c4c6ca/right.png
cabinet,ed1c3af2c56cf5578760c692a39ed85d,front,ok,0.306919,512,177,0.345703,512,704c1f87b4771e02ad1e44e4b63826c156412f2dd8dbd8b51b1a8c2d93ffde28,true,/cpfs/user/zhuzihou/assets/dedup_workspaces/test0_transitive_apply_parallel/dataset/GRScenes_assets/cabinet/ed1c3af2c56cf5578760c692a39ed85d/front.png
cabinet,ed1c3af2c56cf5578760c692a39ed85d,left,ok,0.309059,312,339,0.403473,339,5bb3018c12edd7fe8763d09c6cdd9b94356616d0ce1bc870ff329967b016809f,true,/cpfs/user/zhuzihou/assets/dedup_workspaces/test0_transitive_apply_parallel/dataset/GRScenes_assets/cabinet/ed1c3af2c56cf5578760c692a39ed85d/left.png
cabinet,ed1c3af2c56cf5578760c692a39ed85d,back,ok,0.306900,512,177,0.345703,512,dae5e92615cc526f41edfbee8e94149fc0e83c8339bd6ef207e403ac1d9d0315,true,/cpfs/user/zhuzihou/assets/dedup_workspaces/test0_transitive_apply_parallel/dataset/GRScenes_assets/cabinet/ed1c3af2c56cf5578760c692a39ed85d/back.png
cabinet,ed1c3af2c56cf5578760c692a39ed85d,right,ok,0.306000,314,333,0.398872,333,a64af6117ff3b609bb30c5d48e8ae6ec6cc2c5a4a1fb88827a6fe0458f8a9387,true,/cpfs/user/zhuzihou/assets/dedup_workspaces/test0_transitive_apply_parallel/dataset/GRScenes_assets/cabinet/ed1c3af2c56cf5578760c692a39ed85d/right.png
cabinet,edf61045f563d0ab377dfd9b490a1bac,front,ok,0.433048,421,366,0.587791,421,abc664dc773859515befb83cb60d8ed82a1a88df4f01364c766bda1f40e514d4,true,/cpfs/user/zhuzihou/assets/dedup_workspaces/test0_transitive_apply_parallel/dataset/GRScenes_assets/cabinet/edf61045f563d0ab377dfd9b490a1bac/front.png
cabinet,edf61045f563d0ab377dfd9b490a1bac,left,ok,0.352470,301,402,0.461586,402,beb19c19861d60ca2d6383e114e29bb2278f03639e3dc66e71eba4ddbc87072d,true,/cpfs/user/zhuzihou/assets/dedup_workspaces/test0_transitive_apply_parallel/dataset/GRScenes_assets/cabinet/edf61045f563d0ab377dfd9b490a1bac/left.png
cabinet,edf61045f563d0ab377dfd9b490a1bac,back,ok,0.417030,407,364,0.565140,407,803b9986f01bf2cca72dce44e7e0793139294be64673286b3143b766c1a639cc,true,/cpfs/user/zhuzihou/assets/dedup_workspaces/test0_transitive_apply_parallel/dataset/GRScenes_assets/cabinet/edf61045f563d0ab377dfd9b490a1bac/back.png
cabinet,edf61045f563d0ab377dfd9b490a1bac,right,ok,0.412693,348,398,0.528351,398,ee4e1b12902e17c94f09b4e556291dc1ab72f8eb61a2b3f9f990997a58989e31,true,/cpfs/user/zhuzihou/assets/dedup_workspaces/test0_transitive_apply_parallel/dataset/GRScenes_assets/cabinet/edf61045f563d0ab377dfd9b490a1bac/right.png
cabinet,ee5e3b5379985e5884dca7d4bafcab0f,front,ok,0.081467,91,381,0.132259,381,a35f82d45d32c9ea06b8bf58789c75c8af0bdfa703798ff6456e1fe3fbfd6041,true,/cpfs/user/zhuzihou/assets/dedup_workspaces/test0_transitive_apply_parallel/dataset/GRScenes_assets/cabinet/ee5e3b5379985e5884dca7d4bafcab0f/front.png
cabinet,ee5e3b5379985e5884dca7d4bafcab0f,left,ok,0.194748,500,114,0.217438,500,d174e8dd279eebe626a6b87c70c4e74ce51a86fd68c9342f108fba47d826b73f,true,/cpfs/user/zhuzihou/assets/dedup_workspaces/test0_transitive_apply_parallel/dataset/GRScenes_assets/cabinet/ee5e3b5379985e5884dca7d4bafcab0f/left.png
cabinet,ee5e3b5379985e5884dca7d4bafcab0f,back,ok,0.082466,91,381,0.132259,381,e5e6cb71a3efae2aeeba9be2942d79658cf6428662983738e27ca2b62d4f47ac,true,/cpfs/user/zhuzihou/assets/dedup_workspaces/test0_transitive_apply_parallel/dataset/GRScenes_assets/cabinet/ee5e3b5379985e5884dca7d4bafcab0f/back.png
cabinet,ee5e3b5379985e5884dca7d4bafcab0f,right,ok,0.161900,454,104,0.180115,454,45676f4111d0119ea776653971c2783fc179aa2e850c04de2d1e318e16ef3588,true,/cpfs/user/zhuzihou/assets/dedup_workspaces/test0_transitive_apply_parallel/dataset/GRScenes_assets/cabinet/ee5e3b5379985e5884dca7d4bafcab0f/right.png
cabinet,eeb58819d13c08508db6fffc82554d65,front,ok,0.039944,465,24,0.042572,465,6533c37f297068c1811d4c9f92c8c5629b4b36bd5ff80f717e014e10e5b81047,true,/cpfs/user/zhuzihou/assets/dedup_workspaces/test0_transitive_apply_parallel/dataset/GRScenes_assets/cabinet/eeb58819d13c08508db6fffc82554d65/front.png
cabinet,eeb58819d13c08508db6fffc82554d65,left,ok,0.019855,22,334,0.028030,334,8f9fa62fcd7ce71772de66fc114670414b00de22aed554a2175618085b3836e5,true,/cpfs/user/zhuzihou/assets/dedup_workspaces/test0_transitive_apply_parallel/dataset/GRScenes_assets/cabinet/eeb58819d13c08508db6fffc82554d65/left.png
cabinet,eeb58819d13c08508db6fffc82554d65,back,ok,0.045860,470,26,0.046616,470,0b85a28c7c01650a68a769506e60af77e27c50fa571b36ac390618a8b8fa4a3b,true,/cpfs/user/zhuzihou/assets/dedup_workspaces/test0_transitive_apply_parallel/dataset/GRScenes_assets/cabinet/eeb58819d13c08508db6fffc82554d65/back.png
cabinet,eeb58819d13c08508db6fffc82554d65,right,ok,0.019112,21,333,0.026676,333,a209b11e77b18d31f64dec7e378bad84570be4af24e529e0d2a43824ff76ad23,true,/cpfs/user/zhuzihou/assets/dedup_workspaces/test0_transitive_apply_parallel/dataset/GRScenes_assets/cabinet/eeb58819d13c08508db6fffc82554d65/right.png
cabinet,eef055a25182e7ce4dd651be2c5394ea,front,ok,0.224979,508,144,0.279053,508,23093c7e969f1edda567d8b677bd83250b0779b349923c83f3bdacd5ff6eb3c0,true,/cpfs/user/zhuzihou/assets/dedup_workspaces/test0_transitive_apply_parallel/dataset/GRScenes_assets/cabinet/eef055a25182e7ce4dd651be2c5394ea/front.png
cabinet,eef055a25182e7ce4dd651be2c5394ea,left,ok,0.267509,346,280,0.369568,346,066b9dead60ecc91daa2f65645617522ce969c50234c7e17141d197442479179,true,/cpfs/user/zhuzihou/assets/dedup_workspaces/test0_transitive_apply_parallel/dataset/GRScenes_assets/cabinet/eef055a25182e7ce4dd651be2c5394ea/left.png
cabinet,eef055a25182e7ce4dd651be2c5394ea,back,ok,0.220448,509,144,0.279602,509,43868819b44dd472cad5477acc39cde03ebd783a260558adff63bdf3879f9835,true,/cpfs/user/zhuzihou/assets/dedup_workspaces/test0_transitive_apply_parallel/dataset/GRScenes_assets/cabinet/eef055a25182e7ce4dd651be2c5394ea/back.png
cabinet,eef055a25182e7ce4dd651be2c5394ea,right,ok,0.261223,339,283,0.365971,339,feb3ca03a85a26256fd2c886e94b9e68885b79d635dec3f64dbfd1194b8e0d38,true,/cpfs/user/zhuzihou/assets/dedup_workspaces/test0_transitive_apply_parallel/dataset/GRScenes_assets/cabinet/eef055a25182e7ce4dd651be2c5394ea/right.png
cabinet,eefa2c2d7a7c35a45b983ad8f1a63edd,front,ok,0.381714,348,380,0.504456,380,1fe4acfd3d91ec443b6d97dcdf4d91d58667bf2f281ad60c5429f9d59d91fb70,true,/cpfs/user/zhuzihou/assets/dedup_workspaces/test0_transitive_apply_parallel/dataset/GRScenes_assets/cabinet/eefa2c2d7a7c35a45b983ad8f1a63edd/front.png
cabinet,eefa2c2d7a7c35a45b983ad8f1a63edd,left,ok,0.464714,503,283,0.543018,503,6c17e9456e738b5ce5ef059350cf6279593b9f9a02218e4574ab987ffd4730c1,true,/cpfs/user/zhuzihou/assets/dedup_workspaces/test0_transitive_apply_parallel/dataset/GRScenes_assets/cabinet/eefa2c2d7a7c35a45b983ad8f1a63edd/left.png
cabinet,eefa2c2d7a7c35a45b983ad8f1a63edd,back,ok,0.374508,343,380,0.497208,380,8e51e81c9018195e672f87ba233c0e8dec547ef8dbb626c74827e852d179ae83,true,/cpfs/user/zhuzihou/assets/dedup_workspaces/test0_transitive_apply_parallel/dataset/GRScenes_assets/cabinet/eefa2c2d7a7c35a45b983ad8f1a63edd/back.png
cabinet,eefa2c2d7a7c35a45b983ad8f1a63edd,right,ok,0.394588,483,274,0.504845,483,be96213f53f6fbb6577d88a3ce2e57b2688e0b12eeffa4599b4c0708ab869733,true,/cpfs/user/zhuzihou/assets/dedup_workspaces/test0_transitive_apply_parallel/dataset/GRScenes_assets/cabinet/eefa2c2d7a7c35a45b983ad8f1a63edd/right.png
cabinet,eff7491003afbbc1f98e2574ee8c5e98,front,ok,0.389072,362,349,0.481941,362,80650b1692faba7a6b2e3b5f6eacf0842bf6f9c4c3373b4820fdcb20205483d2,true,/cpfs/user/zhuzihou/assets/dedup_workspaces/test0_transitive_apply_parallel/dataset/GRScenes_assets/cabinet/eff7491003afbbc1f98e2574ee8c5e98/front.png
cabinet,eff7491003afbbc1f98e2574ee8c5e98,left,ok,0.117092,86,457,0.149925,457,21addeac6dac400f24e81baec738796996a8317bdc428971af35ba0dcf9a38a8,true,/cpfs/user/zhuzihou/assets/dedup_workspaces/test0_transitive_apply_parallel/dataset/GRScenes_assets/cabinet/eff7491003afbbc1f98e2574ee8c5e98/left.png
cabinet,eff7491003afbbc1f98e2574ee8c5e98,back,ok,0.382938,357,349,0.475285,357,206456cbec744e6c66f71deef93ee2ffab6936773455ac3e52245b782be71396,true,/cpfs/user/zhuzihou/assets/dedup_workspaces/test0_transitive_apply_parallel/dataset/GRScenes_assets/cabinet/eff7491003afbbc1f98e2574ee8c5e98/back.png
cabinet,eff7491003afbbc1f98e2574ee8c5e98,right,ok,0.125755,94,457,0.163872,457,7e328da245020e6eeea70133ae545543ab61765108a602a6ef72918e47a664d0,true,/cpfs/user/zhuzihou/assets/dedup_workspaces/test0_transitive_apply_parallel/dataset/GRScenes_assets/cabinet/eff7491003afbbc1f98e2574ee8c5e98/right.png
cabinet,f00855a56cfd1991595e5d70a59c0afe,front,ok,0.318340,512,182,0.355469,512,4c7d78dd33c3a75f1bf7ef8cdd02fc3d46b118ca8210697d7c94b7839edd8d71,true,/cpfs/user/zhuzihou/assets/dedup_workspaces/test0_transitive_apply_parallel/dataset/GRScenes_assets/cabinet/f00855a56cfd1991595e5d70a59c0afe/front.png
cabinet,f00855a56cfd1991595e5d70a59c0afe,left,ok,0.331543,350,321,0.428581,350,0b23d6bbf4d6fdf90af1d761456a895cdacc345f66bf42bf372197112d10ca14,true,/cpfs/user/zhuzihou/assets/dedup_workspaces/test0_transitive_apply_parallel/dataset/GRScenes_assets/cabinet/f00855a56cfd1991595e5d70a59c0afe/left.png
cabinet,f00855a56cfd1991595e5d70a59c0afe,back,ok,0.318329,512,182,0.355469,512,d279d2a58f89b3ca8ce9fc12b5cfd6ec74492efd9fa4c80569668f22c9c08d4f,true,/cpfs/user/zhuzihou/assets/dedup_workspaces/test0_transitive_apply_parallel/dataset/GRScenes_assets/cabinet/f00855a56cfd1991595e5d70a59c0afe/back.png
cabinet,f00855a56cfd1991595e5d70a59c0afe,right,ok,0.331543,350,321,0.428581,350,3e65d9ef6422cebaabdf4986128e5db2e5adee30bb77b84b702c80b088eb9d49,true,/cpfs/user/zhuzihou/assets/dedup_workspaces/test0_transitive_apply_parallel/dataset/GRScenes_assets/cabinet/f00855a56cfd1991595e5d70a59c0afe/right.png
cabinet,f0805d366a08f81e15ddfb2235165638,front,ok,0.322819,284,396,0.429016,396,6036e9c8e071048d86fd3973af2a6ba91e3318ebd62402b99bdcd4133723bab1,true,/cpfs/user/zhuzihou/assets/dedup_workspaces/test0_transitive_apply_parallel/dataset/GRScenes_assets/cabinet/f0805d366a08f81e15ddfb2235165638/front.png
cabinet,f0805d366a08f81e15ddfb2235165638,left,ok,0.193130,153,448,0.261475,448,dc5dec02dde4e022ad10651e41afece1da22619ae41c24b45b9f1cf420e41287,true,/cpfs/user/zhuzihou/assets/dedup_workspaces/test0_transitive_apply_parallel/dataset/GRScenes_assets/cabinet/f0805d366a08f81e15ddfb2235165638/left.png
cabinet,f0805d366a08f81e15ddfb2235165638,back,ok,0.342522,281,399,0.427700,399,7803d82ed2a609bce7210efbd3a680b4eecadbc7c79ae4e482e6010b35598d9c,true,/cpfs/user/zhuzihou/assets/dedup_workspaces/test0_transitive_apply_parallel/dataset/GRScenes_assets/cabinet/f0805d366a08f81e15ddfb2235165638/back.png
cabinet,f0805d366a08f81e15ddfb2235165638,right,ok,0.198402,149,448,0.254639,448,b8291693320efad6431fdc775ba8990f511d25b0443723507ae1ccdc7f124307,true,/cpfs/user/zhuzihou/assets/dedup_workspaces/test0_transitive_apply_parallel/dataset/GRScenes_assets/cabinet/f0805d366a08f81e15ddfb2235165638/right.png
cabinet,f24adef3f58278ace48c3194f2cc1303,front,ok,0.079041,486,45,0.083427,486,ce8a63ae70a54c3c2a9499f17c289d073ed8b68123e513c0843740df1e43d646,true,/cpfs/user/zhuzihou/assets/dedup_workspaces/test0_transitive_apply_parallel/dataset/GRScenes_assets/cabinet/f24adef3f58278ace48c3194f2cc1303/front.png
cabinet,f24adef3f58278ace48c3194f2cc1303,left,ok,0.102734,118,316,0.142242,316,2a4c939dc6a231f23259d33af146e807ae0d457b75dd1dd08f12d5d1715fa7f6,true,/cpfs/user/zhuzihou/assets/dedup_workspaces/test0_transitive_apply_parallel/dataset/GRScenes_assets/cabinet/f24adef3f58278ace48c3194f2cc1303/left.png
cabinet,f24adef3f58278ace48c3194f2cc1303,back,ok,0.079041,486,45,0.083427,486,37b6bf1841f5cd7373c2e60ec831c82f04a1d50a46aa843ff8dc37c5fb8fd317,true,/cpfs/user/zhuzihou/assets/dedup_workspaces/test0_transitive_apply_parallel/dataset/GRScenes_assets/cabinet/f24adef3f58278ace48c3194f2cc1303/back.png
cabinet,f24adef3f58278ace48c3194f2cc1303,right,ok,0.102745,118,316,0.142242,316,5cb58b0b23ac766bdd004216f67a9c76b565c3a75a97eb6ed4cfd6970e36259e,true,/cpfs/user/zhuzihou/assets/dedup_workspaces/test0_transitive_apply_parallel/dataset/GRScenes_assets/cabinet/f24adef3f58278ace48c3194f2cc1303/right.png
cabinet,f29d02f6b2b9b50bbc57f60a6fd649d5,front,ok,0.025040,20,411,0.031357,411,a324bfd82da6b13a1989015ce3b061cd95b53c1455466261eb2eb033c5d136dd,true,/cpfs/user/zhuzihou/assets/dedup_workspaces/test0_transitive_apply_parallel/dataset/GRScenes_assets/cabinet/f29d02f6b2b9b50bbc57f60a6fd649d5/front.png
cabinet,f29d02f6b2b9b50bbc57f60a6fd649d5,left,ok,0.044632,36,407,0.055893,407,9659fab0516d96ffce17d8bb6aacdaac001292826359eefb989bc1f636c8c6bd,true,/cpfs/user/zhuzihou/assets/dedup_workspaces/test0_transitive_apply_parallel/dataset/GRScenes_assets/cabinet/f29d02f6b2b9b50bbc57f60a6fd649d5/left.png
cabinet,f29d02f6b2b9b50bbc57f60a6fd649d5,back,ok,0.025059,20,411,0.031357,411,ec4e9620d9911b156ef1bb88b7038d841bc2acd1963405693cd112ffce8fb9ee,true,/cpfs/user/zhuzihou/assets/dedup_workspaces/test0_transitive_apply_parallel/dataset/GRScenes_assets/cabinet/f29d02f6b2b9b50bbc57f60a6fd649d5/back.png
cabinet,f29d02f6b2b9b50bbc57f60a6fd649d5,right,ok,0.044819,36,407,0.055893,407,49cff7ec964242dea5746063d4c9c073ff176e96255a1dbe5f00363aacd46d63,true,/cpfs/user/zhuzihou/assets/dedup_workspaces/test0_transitive_apply_parallel/dataset/GRScenes_assets/cabinet/f29d02f6b2b9b50bbc57f60a6fd649d5/right.png
cabinet,f307d93cd235772ea4688ee1f9d51778,front,ok,0.100231,494,65,0.122490,494,8ac11715686ac03bf93b5dba6f587ca89dcbf8f88560d65b4a4745391148e205,true,/cpfs/user/zhuzihou/assets/dedup_workspaces/test0_transitive_apply_parallel/dataset/GRScenes_assets/cabinet/f307d93cd235772ea4688ee1f9d51778/front.png
cabinet,f307d93cd235772ea4688ee1f9d51778,left,ok,0.148212,174,310,0.205765,310,3619c49441f6613bb50e759b4a7eb95df57037ac9e2a574e7e49c6538c2f7999,true,/cpfs/user/zhuzihou/assets/dedup_workspaces/test0_transitive_apply_parallel/dataset/GRScenes_assets/cabinet/f307d93cd235772ea4688ee1f9d51778/left.png
cabinet,f307d93cd235772ea4688ee1f9d51778,back,ok,0.112335,494,65,0.122490,494,665a1e47fff69ed86131cbb9837308023cb1d1211dadee7ac70c2420d3ee2355,true,/cpfs/user/zhuzihou/assets/dedup_workspaces/test0_transitive_apply_parallel/dataset/GRScenes_assets/cabinet/f307d93cd235772ea4688ee1f9d51778/back.png
cabinet,f307d93cd235772ea4688ee1f9d51778,right,ok,0.148464,174,310,0.205765,310,d164a4deaead70bd4329b2f68a2576b382223e9096c061db13dc88495d7ba060,true,/cpfs/user/zhuzihou/assets/dedup_workspaces/test0_transitive_apply_parallel/dataset/GRScenes_assets/cabinet/f307d93cd235772ea4688ee1f9d51778/right.png
cabinet,f471513f73ace7981707dea152802450,front,ok,0.283001,224,441,0.376831,441,70ad0fab72c1ed74eac7727c2f5d61817adc5775b142ad11020c775ebcbf33f4,true,/cpfs/user/zhuzihou/assets/dedup_workspaces/test0_transitive_apply_parallel/dataset/GRScenes_assets/cabinet/f471513f73ace7981707dea152802450/front.png
cabinet,f471513f73ace7981707dea152802450,left,ok,0.377747,337,394,0.506508,394,c5ad1cdfdbc1597ed60e4dd0fe7d803ddf6b13a99244334cfe20e31b7bdd9463,true,/cpfs/user/zhuzihou/assets/dedup_workspaces/test0_transitive_apply_parallel/dataset/GRScenes_assets/cabinet/f471513f73ace7981707dea152802450/left.png
cabinet,f471513f73ace7981707dea152802450,back,ok,0.287663,220,442,0.370941,442,4149d240add56f70ddf80b3a44ec017b14f114371742eabcc9a5f90d2311299c,true,/cpfs/user/zhuzihou/assets/dedup_workspaces/test0_transitive_apply_parallel/dataset/GRScenes_assets/cabinet/f471513f73ace7981707dea152802450/back.png
cabinet,f471513f73ace7981707dea152802450,right,ok,0.363243,333,394,0.500496,394,509036d7b6fd03f0793bf143c10f60cd34251202fa5c7c30d4dc539483a86097,true,/cpfs/user/zhuzihou/assets/dedup_workspaces/test0_transitive_apply_parallel/dataset/GRScenes_assets/cabinet/f471513f73ace7981707dea152802450/right.png
cabinet,f4840171aa37c2e23fb88895f4970e4a,front,ok,0.388783,320,414,0.505371,414,ce524deedb9c47fecfb8d8fdabe150c7e5b78950798c82bb1efccfeed7257e2d,true,/cpfs/user/zhuzihou/assets/dedup_workspaces/test0_transitive_apply_parallel/dataset/GRScenes_assets/cabinet/f4840171aa37c2e23fb88895f4970e4a/front.png
cabinet,f4840171aa37c2e23fb88895f4970e4a,left,ok,0.386726,311,412,0.488785,412,ed469a922f75d5c7f82f80efa70502a30e22458cfbffd50712b1c3400b15013c,true,/cpfs/user/zhuzihou/assets/dedup_workspaces/test0_transitive_apply_parallel/dataset/GRScenes_assets/cabinet/f4840171aa37c2e23fb88895f4970e4a/left.png
cabinet,f4840171aa37c2e23fb88895f4970e4a,back,ok,0.398037,325,414,0.513268,414,9d02bb0d30812b6e03dd6bae67c7f8cb6b697cf20a5c080d36a72431fe9d66f5,true,/cpfs/user/zhuzihou/assets/dedup_workspaces/test0_transitive_apply_parallel/dataset/GRScenes_assets/cabinet/f4840171aa37c2e23fb88895f4970e4a/back.png
cabinet,f4840171aa37c2e23fb88895f4970e4a,right,ok,0.398716,321,415,0.508175,415,6a3f879189a82825582036acf81529c455badb1ddc0780ec2f0f488f3cc5103f,true,/cpfs/user/zhuzihou/assets/dedup_workspaces/test0_transitive_apply_parallel/dataset/GRScenes_assets/cabinet/f4840171aa37c2e23fb88895f4970e4a/right.png
cabinet,f54498f152adc7faea9a7bee1bb3c0a1,front,ok,0.440880,378,387,0.558037,387,96e10fa015625d720016fd46d58d391ef4ff6b1f519ef068e8c9e7d2ce92f6ef,true,/cpfs/user/zhuzihou/assets/dedup_workspaces/test0_transitive_apply_parallel/dataset/GRScenes_assets/cabinet/f54498f152adc7faea9a7bee1bb3c0a1/front.png
cabinet,f54498f152adc7faea9a7bee1bb3c0a1,left,ok,0.491039,512,295,0.576172,512,cf7bb751b87ed9faf5eb3cb6c19f54185d56458d3d6175e07bf7e13478f2ab7b,true,/cpfs/user/zhuzihou/assets/dedup_workspaces/test0_transitive_apply_parallel/dataset/GRScenes_assets/cabinet/f54498f152adc7faea9a7bee1bb3c0a1/left.png
cabinet,f54498f152adc7faea9a7bee1bb3c0a1,back,ok,0.437519,378,387,0.558037,387,9b393af11cf5998cea983c82c4fe2a8ecb08244014963c56df381e00e6196366,true,/cpfs/user/zhuzihou/assets/dedup_workspaces/test0_transitive_apply_parallel/dataset/GRScenes_assets/cabinet/f54498f152adc7faea9a7bee1bb3c0a1/back.png
cabinet,f54498f152adc7faea9a7bee1bb3c0a1,right,ok,0.491039,512,295,0.576172,512,51a9601fec1c5ddf2b0045c202adbf66210ab6f7e363e17589226e9f55e8e7e6,true,/cpfs/user/zhuzihou/assets/dedup_workspaces/test0_transitive_apply_parallel/dataset/GRScenes_assets/cabinet/f54498f152adc7faea9a7bee1bb3c0a1/right.png
cabinet,f607af751f597c1f78f663c648c662f9,front,ok,0.205685,482,122,0.224319,482,05a3d0718dd0ecd92995950af256d055bad5ae0ec6912b7764cc509e6c82f5b0,true,/cpfs/user/zhuzihou/assets/dedup_workspaces/test0_transitive_apply_parallel/dataset/GRScenes_assets/cabinet/f607af751f597c1f78f663c648c662f9/front.png
cabinet,f607af751f597c1f78f663c648c662f9,left,ok,0.010120,8,398,0.012146,398,318bc6d50f590fa126ad11c5f6f49bc38b65bfc735d6e727547e614a25a2ba68,true,/cpfs/user/zhuzihou/assets/dedup_workspaces/test0_transitive_apply_parallel/dataset/GRScenes_assets/cabinet/f607af751f597c1f78f663c648c662f9/left.png
cabinet,f607af751f597c1f78f663c648c662f9,back,ok,0.205990,482,122,0.224319,482,ec4dc58d663e1f26f04f8ce1fda3d07bf9021298593f4dbb369e1dcfbaa85b9d,true,/cpfs/user/zhuzihou/assets/dedup_workspaces/test0_transitive_apply_parallel/dataset/GRScenes_assets/cabinet/f607af751f597c1f78f663c648c662f9/back.png
cabinet,f607af751f597c1f78f663c648c662f9,right,ok,0.010120,8,398,0.012146,398,86e953fe7499b956f9877ac0599bc8ba5dea7eedbc99caea23ca48e03c908a79,true,/cpfs/user/zhuzihou/assets/dedup_workspaces/test0_transitive_apply_parallel/dataset/GRScenes_assets/cabinet/f607af751f597c1f78f663c648c662f9/right.png
cabinet,f65d06200e45883b51385f5f5aa9574e,front,ok,0.428436,466,332,0.590179,466,d4c3cdd05e2febd412e0edc9fce895883fad9f36d99a0eecadbc25ecfdc09258,true,/cpfs/user/zhuzihou/assets/dedup_workspaces/test0_transitive_apply_parallel/dataset/GRScenes_assets/cabinet/f65d06200e45883b51385f5f5aa9574e/front.png
cabinet,f65d06200e45883b51385f5f5aa9574e,left,ok,0.339294,266,426,0.432266,426,8a5a910e5ed84c68db4d4c5e2955fb1ee60b602065be821ecd6896f8427189eb,true,/cpfs/user/zhuzihou/assets/dedup_workspaces/test0_transitive_apply_parallel/dataset/GRScenes_assets/cabinet/f65d06200e45883b51385f5f5aa9574e/left.png
cabinet,f65d06200e45883b51385f5f5aa9574e,back,ok,0.452198,441,322,0.541695,441,fa426225c44cc4990d3c31aa8f3fbe15639909afb75bf36c261b4f04c646a33a,true,/cpfs/user/zhuzihou/assets/dedup_workspaces/test0_transitive_apply_parallel/dataset/GRScenes_assets/cabinet/f65d06200e45883b51385f5f5aa9574e/back.png
cabinet,f65d06200e45883b51385f5f5aa9574e,right,ok,0.295143,269,426,0.437141,426,99fc5033de72c85b34dae90ce654cc03ba7989611c5ae508eaf50cc8533d20c9,true,/cpfs/user/zhuzihou/assets/dedup_workspaces/test0_transitive_apply_parallel/dataset/GRScenes_assets/cabinet/f65d06200e45883b51385f5f5aa9574e/right.png
cabinet,f69d4e36458be5f1b16ded0dbf52b3f8,front,ok,0.130527,104,424,0.168213,424,2c4d1462e0c15de23cce1c2c8d2608f5afb6f48c2d5bdbca419b53abfa27e0c3,true,/cpfs/user/zhuzihou/assets/dedup_workspaces/test0_transitive_apply_parallel/dataset/GRScenes_assets/cabinet/f69d4e36458be5f1b16ded0dbf52b3f8/front.png
cabinet,f69d4e36458be5f1b16ded0dbf52b3f8,left,ok,0.137184,110,423,0.177498,423,6c198787904aa3e969d8d1b2df710d4a665cbf298c6455f3e5f0eefa1807fc0c,true,/cpfs/user/zhuzihou/assets/dedup_workspaces/test0_transitive_apply_parallel/dataset/GRScenes_assets/cabinet/f69d4e36458be5f1b16ded0dbf52b3f8/left.png
cabinet,f69d4e36458be5f1b16ded0dbf52b3f8,back,ok,0.130539,104,424,0.168213,424,44fa44d2f06b25eeecaaccb722b32a927dcb64262bd97d899289715d52e698b8,true,/cpfs/user/zhuzihou/assets/dedup_workspaces/test0_transitive_apply_parallel/dataset/GRScenes_assets/cabinet/f69d4e36458be5f1b16ded0dbf52b3f8/back.png
cabinet,f69d4e36458be5f1b16ded0dbf52b3f8,right,ok,0.137192,110,423,0.177498,423,598b612daebfe352fd7fe1d857dd8542df49fd61b85bc023975bc82fbdcb6de9,true,/cpfs/user/zhuzihou/assets/dedup_workspaces/test0_transitive_apply_parallel/dataset/GRScenes_assets/cabinet/f69d4e36458be5f1b16ded0dbf52b3f8/right.png
cabinet,f703f804351f565ce09bd17a41b07632,front,ok,0.060295,480,35,0.064087,480,d50dd9c2a3e2baa3c8a795dbeaa175e3c29f4debe4247e73e5e7a380b96f4915,true,/cpfs/user/zhuzihou/assets/dedup_workspaces/test0_transitive_apply_parallel/dataset/GRScenes_assets/cabinet/f703f804351f565ce09bd17a41b07632/front.png
cabinet,f703f804351f565ce09bd17a41b07632,left,ok,0.076813,88,318,0.106750,318,bfb1be38cccc14cf4537ced2582b7ce7a91fc2f474437ca808df438bdaf38dff,true,/cpfs/user/zhuzihou/assets/dedup_workspaces/test0_transitive_apply_parallel/dataset/GRScenes_assets/cabinet/f703f804351f565ce09bd17a41b07632/left.png
cabinet,f703f804351f565ce09bd17a41b07632,back,ok,0.060295,480,35,0.064087,480,803ff852d30f6b4165d0e935f215dd47b60fe9f739e7f8a7c897fecc4ed7c008,true,/cpfs/user/zhuzihou/assets/dedup_workspaces/test0_transitive_apply_parallel/dataset/GRScenes_assets/cabinet/f703f804351f565ce09bd17a41b07632/back.png
cabinet,f703f804351f565ce09bd17a41b07632,right,ok,0.076813,88,318,0.106750,318,33e475019a5508ffe79a30fe32c62a1b9f6338c7fe0f54425826af30f71febd5,true,/cpfs/user/zhuzihou/assets/dedup_workspaces/test0_transitive_apply_parallel/dataset/GRScenes_assets/cabinet/f703f804351f565ce09bd17a41b07632/right.png
cabinet,f72edcf5eed1da98a84cc045f3a0fe1b,front,ok,0.307194,504,177,0.340302,504,5620c8feca4ff70e428a0f79a7563916776bdf6a5edd7a4856a4fac76053d359,true,/cpfs/user/zhuzihou/assets/dedup_workspaces/test0_transitive_apply_parallel/dataset/GRScenes_assets/cabinet/f72edcf5eed1da98a84cc045f3a0fe1b/front.png
cabinet,f72edcf5eed1da98a84cc045f3a0fe1b,left,ok,0.141811,120,408,0.186768,408,ad80080b41f08ddb73b48db79bcb05b3bab4ad759ec5cf7476ced224b07b3c57,true,/cpfs/user/zhuzihou/assets/dedup_workspaces/test0_transitive_apply_parallel/dataset/GRScenes_assets/cabinet/f72edcf5eed1da98a84cc045f3a0fe1b/left.png
cabinet,f72edcf5eed1da98a84cc045f3a0fe1b,back,ok,0.303398,502,178,0.340866,502,060d60ba0f8e01b1da5ec4734cf8d38a8dfe863c9331ad78f9359cbc7af7cdfc,true,/cpfs/user/zhuzihou/assets/dedup_workspaces/test0_transitive_apply_parallel/dataset/GRScenes_assets/cabinet/f72edcf5eed1da98a84cc045f3a0fe1b/back.png
cabinet,f72edcf5eed1da98a84cc045f3a0fe1b,right,ok,0.141979,120,408,0.186768,408,08e9087a224c7b0ed8a180e4b99e4785addef107f43196e89e1f619097965f93,true,/cpfs/user/zhuzihou/assets/dedup_workspaces/test0_transitive_apply_parallel/dataset/GRScenes_assets/cabinet/f72edcf5eed1da98a84cc045f3a0fe1b/right.png
cabinet,f73e0fdc412b8f6b6bf2cb3ac479211e,front,ok,0.402615,414,308,0.486420,414,1f6915b1055d0db8ea7849dc6e1d83078f12cca6689a171602b21520b7616d47,true,/cpfs/user/zhuzihou/assets/dedup_workspaces/test0_transitive_apply_parallel/dataset/GRScenes_assets/cabinet/f73e0fdc412b8f6b6bf2cb3ac479211e/front.png
cabinet,f73e0fdc412b8f6b6bf2cb3ac479211e,left,ok,0.114273,86,456,0.149597,456,369ee7570c12b4cfe3bb0379650084a2cdfaf35807e119ab3e6b41584d9deabf,true,/cpfs/user/zhuzihou/assets/dedup_workspaces/test0_transitive_apply_parallel/dataset/GRScenes_assets/cabinet/f73e0fdc412b8f6b6bf2cb3ac479211e/left.png
cabinet,f73e0fdc412b8f6b6bf2cb3ac479211e,back,ok,0.404583,416,308,0.488770,416,91f74388c6da9808a2e5be63bb9a485785d0a2af1c9bc33cf300995ade512442,true,/cpfs/user/zhuzihou/assets/dedup_workspaces/test0_transitive_apply_parallel/dataset/GRScenes_assets/cabinet/f73e0fdc412b8f6b6bf2cb3ac479211e/back.png
cabinet,f73e0fdc412b8f6b6bf2cb3ac479211e,right,ok,0.112041,84,456,0.146118,456,0927b0d0284b153e97507ac860f366b834ae03f0a640f41e5c475a2941fb6489,true,/cpfs/user/zhuzihou/assets/dedup_workspaces/test0_transitive_apply_parallel/dataset/GRScenes_assets/cabinet/f73e0fdc412b8f6b6bf2cb3ac479211e/right.png
cabinet,f768c8b9386c290581890bf71e6a1d7d,front,ok,0.045662,470,26,0.046616,470,f0ba7d14a9fcce17c5873db0d64f528eadc964e564a79e5fff1eda88b7f6a6a7,true,/cpfs/user/zhuzihou/assets/dedup_workspaces/test0_transitive_apply_parallel/dataset/GRScenes_assets/cabinet/f768c8b9386c290581890bf71e6a1d7d/front.png
cabinet,f768c8b9386c290581890bf71e6a1d7d,left,ok,0.018471,20,333,0.025406,333,86200efadd9a6fb8c2c081b89e2aed0e5e1b9c3b979a90d4ee3fe39f4dc75014,true,/cpfs/user/zhuzihou/assets/dedup_workspaces/test0_transitive_apply_parallel/dataset/GRScenes_assets/cabinet/f768c8b9386c290581890bf71e6a1d7d/left.png
cabinet,f768c8b9386c290581890bf71e6a1d7d,back,ok,0.041424,460,24,0.042114,460,60ba7eeeec1d511e79122c157c267a2502c4d90c45399bb1ca251c56186b5ae9,true,/cpfs/user/zhuzihou/assets/dedup_workspaces/test0_transitive_apply_parallel/dataset/GRScenes_assets/cabinet/f768c8b9386c290581890bf71e6a1d7d/back.png
cabinet,f768c8b9386c290581890bf71e6a1d7d,right,ok,0.018463,20,333,0.025406,333,05910f61401d2a96588050aa0265e8d1a5220dff8b1e31239222ac55c603b744,true,/cpfs/user/zhuzihou/assets/dedup_workspaces/test0_transitive_apply_parallel/dataset/GRScenes_assets/cabinet/f768c8b9386c290581890bf71e6a1d7d/right.png
cabinet,f7bd19e3653539abbb44dd4077509c3e,front,ok,0.343426,444,237,0.401413,444,2ed6a76fbc485fc43c89343a1c1bd9c106826cea5b06c2e2a1a5a1ed084debe0,true,/cpfs/user/zhuzihou/assets/dedup_workspaces/test0_transitive_apply_parallel/dataset/GRScenes_assets/cabinet/f7bd19e3653539abbb44dd4077509c3e/front.png
cabinet,f7bd19e3653539abbb44dd4077509c3e,left,ok,0.009476,7,446,0.011909,446,7fd9b2a83580047b2311d35d3979df96f688648cc609dc5e2524a1be58ae8314,true,/cpfs/user/zhuzihou/assets/dedup_workspaces/test0_transitive_apply_parallel/dataset/GRScenes_assets/cabinet/f7bd19e3653539abbb44dd4077509c3e/left.png
cabinet,f7bd19e3653539abbb44dd4077509c3e,back,ok,0.343426,444,237,0.401413,444,b80b89d1a13e1e663c17ab83fbe537ce6bbf810be9b6f22f966a578977138c95,true,/cpfs/user/zhuzihou/assets/dedup_workspaces/test0_transitive_apply_parallel/dataset/GRScenes_assets/cabinet/f7bd19e3653539abbb44dd4077509c3e/back.png
cabinet,f7bd19e3653539abbb44dd4077509c3e,right,ok,0.009476,7,446,0.011909,446,349a1ae7f1544664023ec686a8fabaa9592de39aed278752d14d4d9926d74a5b,true,/cpfs/user/zhuzihou/assets/dedup_workspaces/test0_transitive_apply_parallel/dataset/GRScenes_assets/cabinet/f7bd19e3653539abbb44dd4077509c3e/right.png
cabinet,f82d5f8eb7fda624bfc08f3d328164df,front,ok,0.184391,185,342,0.241356,342,a794a7421d14419494b5eec54d039b634a44a10eb2b5139cb1009b558618ce33,true,/cpfs/user/zhuzihou/assets/dedup_workspaces/test0_transitive_apply_parallel/dataset/GRScenes_assets/cabinet/f82d5f8eb7fda624bfc08f3d328164df/front.png
cabinet,f82d5f8eb7fda624bfc08f3d328164df,left,ok,0.193703,490,116,0.216827,490,05738b1ffcd6ecba26d6bcaa2cd84fc215d2f76f30599f2a306735d637bf3f1a,true,/cpfs/user/zhuzihou/assets/dedup_workspaces/test0_transitive_apply_parallel/dataset/GRScenes_assets/cabinet/f82d5f8eb7fda624bfc08f3d328164df/left.png
cabinet,f82d5f8eb7fda624bfc08f3d328164df,back,ok,0.184547,185,342,0.241356,342,dfb03131239588e2bcd7ac1f35554d86f4f0b8bb7b3b2155e9bbe18d08e4242d,true,/cpfs/user/zhuzihou/assets/dedup_workspaces/test0_transitive_apply_parallel/dataset/GRScenes_assets/cabinet/f82d5f8eb7fda624bfc08f3d328164df/back.png
cabinet,f82d5f8eb7fda624bfc08f3d328164df,right,ok,0.205574,498,133,0.252663,498,b0a2e2af74069eb1bb9d8a99169c7bab3e8b2902c5ae18620268abc31e953a28,true,/cpfs/user/zhuzihou/assets/dedup_workspaces/test0_transitive_apply_parallel/dataset/GRScenes_assets/cabinet/f82d5f8eb7fda624bfc08f3d328164df/right.png
cabinet,f848e6efef05475e70a23060d4554387,front,ok,0.346760,445,308,0.522842,445,3229f7896cc3e4bb31fdd369a3e33d98e523cc0712aee04a5ad7fc5dfea8f8c2,true,/cpfs/user/zhuzihou/assets/dedup_workspaces/test0_transitive_apply_parallel/dataset/GRScenes_assets/cabinet/f848e6efef05475e70a23060d4554387/front.png
cabinet,f848e6efef05475e70a23060d4554387,left,ok,0.203152,154,449,0.263771,449,dbeb1c90c94ec16457e25801b82f4e2dd5d47df553e7438d1e428dd6c90101b3,true,/cpfs/user/zhuzihou/assets/dedup_workspaces/test0_transitive_apply_parallel/dataset/GRScenes_assets/cabinet/f848e6efef05475e70a23060d4554387/left.png
cabinet,f848e6efef05475e70a23060d4554387,back,ok,0.345711,445,308,0.522842,445,67b7dc12427ab46c994a2e7db4ce5845582781250f1e393e3aad390fe16a257b,true,/cpfs/user/zhuzihou/assets/dedup_workspaces/test0_transitive_apply_parallel/dataset/GRScenes_assets/cabinet/f848e6efef05475e70a23060d4554387/back.png
cabinet,f848e6efef05475e70a23060d4554387,right,ok,0.159889,154,336,0.197388,336,ce95e15e2bd1a474cf4fa1c196f811935be1eea1277c674a36fe09fbe57dc54a,true,/cpfs/user/zhuzihou/assets/dedup_workspaces/test0_transitive_apply_parallel/dataset/GRScenes_assets/cabinet/f848e6efef05475e70a23060d4554387/right.png
cabinet,f8b30e28c6f8a84032f526b9ed9d72f2,front,ok,0.370052,420,296,0.474243,420,2c6f91b4043f1b68af7d7f36052314818ed56b2f8112953067374bfc9bed5a51,true,/cpfs/user/zhuzihou/assets/dedup_workspaces/test0_transitive_apply_parallel/dataset/GRScenes_assets/cabinet/f8b30e28c6f8a84032f526b9ed9d72f2/front.png
cabinet,f8b30e28c6f8a84032f526b9ed9d72f2,left,ok,0.357567,512,217,0.423828,512,584377e98e36fa3499acd5b4b3434d31593e7dd4e250ddf2064ec9f26c2a9b93,true,/cpfs/user/zhuzihou/assets/dedup_workspaces/test0_transitive_apply_parallel/dataset/GRScenes_assets/cabinet/f8b30e28c6f8a84032f526b9ed9d72f2/left.png
cabinet,f8b30e28c6f8a84032f526b9ed9d72f2,back,ok,0.370255,420,296,0.474243,420,2b17fe5b8dfb7db2bc52172a28e7ba796274fba2e6610ddb6da7cf806f66b443,true,/cpfs/user/zhuzihou/assets/dedup_workspaces/test0_transitive_apply_parallel/dataset/GRScenes_assets/cabinet/f8b30e28c6f8a84032f526b9ed9d72f2/back.png
cabinet,f8b30e28c6f8a84032f526b9ed9d72f2,right,ok,0.356300,512,217,0.423828,512,68452acf4875ae2d4e93e1bdf3219ad20256af1f734ec5968cce0305715ea820,true,/cpfs/user/zhuzihou/assets/dedup_workspaces/test0_transitive_apply_parallel/dataset/GRScenes_assets/cabinet/f8b30e28c6f8a84032f526b9ed9d72f2/right.png
cabinet,fa0a46357a52792a180dc1c68c69cdd2,front,ok,0.314682,334,353,0.449760,353,2bb90ec4ce4f2d44f6b6a46c98497f9ab6b1c3ebe8df3d7b433a16d49b14cf38,true,/cpfs/user/zhuzihou/assets/dedup_workspaces/test0_transitive_apply_parallel/dataset/GRScenes_assets/cabinet/fa0a46357a52792a180dc1c68c69cdd2/front.png
cabinet,fa0a46357a52792a180dc1c68c69cdd2,left,ok,0.078739,58,459,0.101555,459,3e071071b7bdc75ced669993eeff66a14100c18bd30e18258eaa7c0affcdf631,true,/cpfs/user/zhuzihou/assets/dedup_workspaces/test0_transitive_apply_parallel/dataset/GRScenes_assets/cabinet/fa0a46357a52792a180dc1c68c69cdd2/left.png
cabinet,fa0a46357a52792a180dc1c68c69cdd2,back,ok,0.320042,334,353,0.449760,353,6f5cdf5f7cb0bc5f6b2390be1ad9ad96830179bc0c4d92fc1304ce9ffe2785fe,true,/cpfs/user/zhuzihou/assets/dedup_workspaces/test0_transitive_apply_parallel/dataset/GRScenes_assets/cabinet/fa0a46357a52792a180dc1c68c69cdd2/back.png
cabinet,fa0a46357a52792a180dc1c68c69cdd2,right,ok,0.079910,58,459,0.101555,459,ff3ed9781c68c6b45c5675cfa2d28f9f9b020ef594bc5135dc2c67a6e1d65534,true,/cpfs/user/zhuzihou/assets/dedup_workspaces/test0_transitive_apply_parallel/dataset/GRScenes_assets/cabinet/fa0a46357a52792a180dc1c68c69cdd2/right.png
cabinet,fa430dd6b8e205916bc6b09127057839,front,ok,0.482296,446,362,0.615891,446,a4ad4bfe8981abeb74bc180b28dceecf683f01ff4bf92295a47d88ca3eb6b6b0,true,/cpfs/user/zhuzihou/assets/dedup_workspaces/test0_transitive_apply_parallel/dataset/GRScenes_assets/cabinet/fa430dd6b8e205916bc6b09127057839/front.png
cabinet,fa430dd6b8e205916bc6b09127057839,left,ok,0.387024,350,408,0.544739,408,dc27bb56a162779ab4c83afed88d22344b017b8df10db9c8c3b641318b6d6dec,true,/cpfs/user/zhuzihou/assets/dedup_workspaces/test0_transitive_apply_parallel/dataset/GRScenes_assets/cabinet/fa430dd6b8e205916bc6b09127057839/left.png
cabinet,fa430dd6b8e205916bc6b09127057839,back,ok,0.480194,433,356,0.588028,433,838cca177192d133983971a5cad548d3cc356cb09434cf104f8c6928b77c3b49,true,/cpfs/user/zhuzihou/assets/dedup_workspaces/test0_transitive_apply_parallel/dataset/GRScenes_assets/cabinet/fa430dd6b8e205916bc6b09127057839/back.png
cabinet,fa430dd6b8e205916bc6b09127057839,right,ok,0.431858,351,408,0.546295,408,f395c7a19deabf68eca3f03df58b631e2ba903f1408295162e6887a8284875fd,true,/cpfs/user/zhuzihou/assets/dedup_workspaces/test0_transitive_apply_parallel/dataset/GRScenes_assets/cabinet/fa430dd6b8e205916bc6b09127057839/right.png
cabinet,fa67e0a29f9740a1b11f290cc2c575fa,front,ok,0.373215,512,216,0.421875,512,d251f005246706b2e34700cdbfc7f9387b17da56b3707bc100f5e08dba700d23,true,/cpfs/user/zhuzihou/assets/dedup_workspaces/test0_transitive_apply_parallel/dataset/GRScenes_assets/cabinet/fa67e0a29f9740a1b11f290cc2c575fa/front.png
cabinet,fa67e0a29f9740a1b11f290cc2c575fa,left,ok,0.377045,386,327,0.481499,386,a3cc0deb38506bb0cbe960588ac96ff94b1cef1ce3e73e0f5da0175fd775933b,true,/cpfs/user/zhuzihou/assets/dedup_workspaces/test0_transitive_apply_parallel/dataset/GRScenes_assets/cabinet/fa67e0a29f9740a1b11f290cc2c575fa/left.png
cabinet,fa67e0a29f9740a1b11f290cc2c575fa,back,ok,0.373032,512,216,0.421875,512,c352ce3b599a8c15a9fc19a1e15188ecaa06e005adbbf7784db668dfd5776cc8,true,/cpfs/user/zhuzihou/assets/dedup_workspaces/test0_transitive_apply_parallel/dataset/GRScenes_assets/cabinet/fa67e0a29f9740a1b11f290cc2c575fa/back.png
cabinet,fa67e0a29f9740a1b11f290cc2c575fa,right,ok,0.377636,386,327,0.481499,386,90e85acaea8c09601f460b91d7f8547febba4c9843f1a5aeb9d763956792ccf1,true,/cpfs/user/zhuzihou/assets/dedup_workspaces/test0_transitive_apply_parallel/dataset/GRScenes_assets/cabinet/fa67e0a29f9740a1b11f290cc2c575fa/right.png
cabinet,fb070d852f71ecb3b8351e38ab04b595,front,ok,0.213707,510,119,0.231514,510,6647f5c2ff0f898dd69e18b19542905bc5cdf90076560f64eb66804cf8abf85c,true,/cpfs/user/zhuzihou/assets/dedup_workspaces/test0_transitive_apply_parallel/dataset/GRScenes_assets/cabinet/fb070d852f71ecb3b8351e38ab04b595/front.png
cabinet,fb070d852f71ecb3b8351e38ab04b595,left,ok,0.167286,162,360,0.222473,360,c26f092f0b96286324490c4c3818ad5ee6148e32f134811a0bf635eebd1b6ecb,true,/cpfs/user/zhuzihou/assets/dedup_workspaces/test0_transitive_apply_parallel/dataset/GRScenes_assets/cabinet/fb070d852f71ecb3b8351e38ab04b595/left.png
cabinet,fb070d852f71ecb3b8351e38ab04b595,back,ok,0.213707,510,119,0.231514,510,70ebf741a1a2015650930ca2ed79ec0b16934d8e08fc78960631a9b0693248d4,true,/cpfs/user/zhuzihou/assets/dedup_workspaces/test0_transitive_apply_parallel/dataset/GRScenes_assets/cabinet/fb070d852f71ecb3b8351e38ab04b595/back.png
cabinet,fb070d852f71ecb3b8351e38ab04b595,right,ok,0.167301,162,360,0.222473,360,bbf278ccb6ed267d599ceeb652497ce00793940b3c80648b43dc9df4dc423170,true,/cpfs/user/zhuzihou/assets/dedup_workspaces/test0_transitive_apply_parallel/dataset/GRScenes_assets/cabinet/fb070d852f71ecb3b8351e38ab04b595/right.png
cabinet,fc5dfa65e71476fa2b37ad889bbe52b5,front,ok,0.329216,512,187,0.365234,512,c4e2ba832a179c841a0a2d54a0527deced77315a48063d688dcb0f60efd232ee,true,/cpfs/user/zhuzihou/assets/dedup_workspaces/test0_transitive_apply_parallel/dataset/GRScenes_assets/cabinet/fc5dfa65e71476fa2b37ad889bbe52b5/front.png
cabinet,fc5dfa65e71476fa2b37ad889bbe52b5,left,ok,0.333675,338,335,0.431938,338,b8ffa7fbb231327543742eb13f8cb016387c0e17b08eab38d2748fb4b963b3e7,true,/cpfs/user/zhuzihou/assets/dedup_workspaces/test0_transitive_apply_parallel/dataset/GRScenes_assets/cabinet/fc5dfa65e71476fa2b37ad889bbe52b5/left.png
cabinet,fc5dfa65e71476fa2b37ad889bbe52b5,back,ok,0.329212,512,187,0.365234,512,2f220bb74d9305907ab5b1c4984ea491fb33244112ae6145ebd099f06a5d99f3,true,/cpfs/user/zhuzihou/assets/dedup_workspaces/test0_transitive_apply_parallel/dataset/GRScenes_assets/cabinet/fc5dfa65e71476fa2b37ad889bbe52b5/back.png
cabinet,fc5dfa65e71476fa2b37ad889bbe52b5,right,ok,0.332031,338,335,0.431938,338,973a772bca9d9bf764d74d797251346a7e3aef7e8e84c3cd865ef8cca7062e6f,true,/cpfs/user/zhuzihou/assets/dedup_workspaces/test0_transitive_apply_parallel/dataset/GRScenes_assets/cabinet/fc5dfa65e71476fa2b37ad889bbe52b5/right.png
cabinet,fd0a02a7d9f6ceba9af45e731c8231b1,front,ok,0.012901,12,378,0.017303,378,5a97eafa7f000b9e0794a96f939caf04bc837e7a06ae4bbe423935798ccc46e4,true,/cpfs/user/zhuzihou/assets/dedup_workspaces/test0_transitive_apply_parallel/dataset/GRScenes_assets/cabinet/fd0a02a7d9f6ceba9af45e731c8231b1/front.png
cabinet,fd0a02a7d9f6ceba9af45e731c8231b1,left,ok,0.135639,480,78,0.142822,480,4e7acb7f123cd0f3e8cfba009ab038e43f4016ad0d6bb7a00c9d1e116927a8af,true,/cpfs/user/zhuzihou/assets/dedup_workspaces/test0_transitive_apply_parallel/dataset/GRScenes_assets/cabinet/fd0a02a7d9f6ceba9af45e731c8231b1/left.png
cabinet,fd0a02a7d9f6ceba9af45e731c8231b1,back,ok,0.012901,12,378,0.017303,378,cb1f8bb0c06c026bbd5876bbbbf25da8ab33bf072d7443bdc3d35f0081e42116,true,/cpfs/user/zhuzihou/assets/dedup_workspaces/test0_transitive_apply_parallel/dataset/GRScenes_assets/cabinet/fd0a02a7d9f6ceba9af45e731c8231b1/back.png
cabinet,fd0a02a7d9f6ceba9af45e731c8231b1,right,ok,0.135639,480,78,0.142822,480,11f8113511228fdf125da518247dd9a7a3172e579ccef68e903f0aa81e0dc8de,true,/cpfs/user/zhuzihou/assets/dedup_workspaces/test0_transitive_apply_parallel/dataset/GRScenes_assets/cabinet/fd0a02a7d9f6ceba9af45e731c8231b1/right.png
cabinet,fddb158c3b5d10977cc4047930c5881a,front,ok,0.114380,478,66,0.120346,478,ed67af89dba1cde55b9586f582b955accb6f5982537ee87d272ae08d9f6651c6,true,/cpfs/user/zhuzihou/assets/dedup_workspaces/test0_transitive_apply_parallel/dataset/GRScenes_assets/cabinet/fddb158c3b5d10977cc4047930c5881a/front.png
cabinet,fddb158c3b5d10977cc4047930c5881a,left,ok,0.009987,10,370,0.014114,370,e932abc3afd1075bd9bc50b78f20cd49adfa9df022e8401fcb2bca28746fab52,true,/cpfs/user/zhuzihou/assets/dedup_workspaces/test0_transitive_apply_parallel/dataset/GRScenes_assets/cabinet/fddb158c3b5d10977cc4047930c5881a/left.png
cabinet,fddb158c3b5d10977cc4047930c5881a,back,ok,0.114552,478,66,0.120346,478,cd41858dbaa52e542a0a777fb402c75395edc623074b062344e79b02f9d34840,true,/cpfs/user/zhuzihou/assets/dedup_workspaces/test0_transitive_apply_parallel/dataset/GRScenes_assets/cabinet/fddb158c3b5d10977cc4047930c5881a/back.png
cabinet,fddb158c3b5d10977cc4047930c5881a,right,ok,0.009987,10,370,0.014114,370,944489515980153115777bf4bd4f878d39f2df96b97861013e73bd2abc2d1778,true,/cpfs/user/zhuzihou/assets/dedup_workspaces/test0_transitive_apply_parallel/dataset/GRScenes_assets/cabinet/fddb158c3b5d10977cc4047930c5881a/right.png
cabinet,fe383fbf02546b0518ba35db1701a8c0,front,ok,0.400650,384,370,0.541992,384,31d6d5a0ae67e348cacd172392f13b1801b4d6a7786afe1e9bc08691a678b8b4,true,/cpfs/user/zhuzihou/assets/dedup_workspaces/test0_transitive_apply_parallel/dataset/GRScenes_assets/cabinet/fe383fbf02546b0518ba35db1701a8c0/front.png
cabinet,fe383fbf02546b0518ba35db1701a8c0,left,ok,0.256042,218,445,0.370064,445,64e4feea94cc4d494d83985b6e77aef20ab3937543661a6328eb2d5c4089694e,true,/cpfs/user/zhuzihou/assets/dedup_workspaces/test0_transitive_apply_parallel/dataset/GRScenes_assets/cabinet/fe383fbf02546b0518ba35db1701a8c0/left.png
cabinet,fe383fbf02546b0518ba35db1701a8c0,back,ok,0.324867,340,371,0.481186,371,8d70d0ffa5bf87d4e66da79c7acf999d0f0c3385596eaec3ace5f9e07a00bf2e,true,/cpfs/user/zhuzihou/assets/dedup_workspaces/test0_transitive_apply_parallel/dataset/GRScenes_assets/cabinet/fe383fbf02546b0518ba35db1701a8c0/back.png
cabinet,fe383fbf02546b0518ba35db1701a8c0,right,ok,0.244720,207,444,0.350601,444,94731b3f943505beb8a63623c8aba8453c011211e348fa47673d82a63341defd,true,/cpfs/user/zhuzihou/assets/dedup_workspaces/test0_transitive_apply_parallel/dataset/GRScenes_assets/cabinet/fe383fbf02546b0518ba35db1701a8c0/right.png
cabinet,feb829b7221845e81c98fb9b9fc7bbde,front,ok,0.358307,331,362,0.457085,362,d0c0d151e262756f8535f62a6a1896caf6d579c751981a91c48df107e7e2e000,true,/cpfs/user/zhuzihou/assets/dedup_workspaces/test0_transitive_apply_parallel/dataset/GRScenes_assets/cabinet/feb829b7221845e81c98fb9b9fc7bbde/front.png
cabinet,feb829b7221845e81c98fb9b9fc7bbde,left,ok,0.367172,512,233,0.455078,512,bc19f71790a4af4a4210b51cf070576a1d0a12a4a80e1e3a81e6ab8862ee17cc,true,/cpfs/user/zhuzihou/assets/dedup_workspaces/test0_transitive_apply_parallel/dataset/GRScenes_assets/cabinet/feb829b7221845e81c98fb9b9fc7bbde/left.png
cabinet,feb829b7221845e81c98fb9b9fc7bbde,back,ok,0.355858,325,362,0.448799,362,970645e25785ccb534243894a1173dcddeb30ded8d72323d74fafca486296df2,true,/cpfs/user/zhuzihou/assets/dedup_workspaces/test0_transitive_apply_parallel/dataset/GRScenes_assets/cabinet/feb829b7221845e81c98fb9b9fc7bbde/back.png
cabinet,feb829b7221845e81c98fb9b9fc7bbde,right,ok,0.374500,484,239,0.441269,484,52c03bc46d33ab88d87cdc839ed4b4e1b1bd16c5123c7be7e8f479ee785d2842,true,/cpfs/user/zhuzihou/assets/dedup_workspaces/test0_transitive_apply_parallel/dataset/GRScenes_assets/cabinet/feb829b7221845e81c98fb9b9fc7bbde/right.png
cabinet,fec9c1b32f7a49927df3104e714643c5,front,ok,0.224926,229,376,0.328461,376,ec943dd3e0367395a004e65117ae4ee3988690f846839083213d2ff96efeca24,true,/cpfs/user/zhuzihou/assets/dedup_workspaces/test0_transitive_apply_parallel/dataset/GRScenes_assets/cabinet/fec9c1b32f7a49927df3104e714643c5/front.png
cabinet,fec9c1b32f7a49927df3104e714643c5,left,ok,0.303181,512,168,0.328125,512,834f8952e8b699494f9e5ef94b1ffbe8c081b3708f66890ca8d776c144ebe8bd,true,/cpfs/user/zhuzihou/assets/dedup_workspaces/test0_transitive_apply_parallel/dataset/GRScenes_assets/cabinet/fec9c1b32f7a49927df3104e714643c5/left.png
cabinet,fec9c1b32f7a49927df3104e714643c5,back,ok,0.224998,229,376,0.328461,376,cbdf7e7186ce9d286e08e1e4fa69b8c2534c58ec91d1a54cc639a09569ef3c78,true,/cpfs/user/zhuzihou/assets/dedup_workspaces/test0_transitive_apply_parallel/dataset/GRScenes_assets/cabinet/fec9c1b32f7a49927df3104e714643c5/back.png
cabinet,fec9c1b32f7a49927df3104e714643c5,right,ok,0.235584,512,165,0.322266,512,8c62b050e3dcd596ddd135bf4e882203383eea7c8b9ee046f8e503d0955bb3ca,true,/cpfs/user/zhuzihou/assets/dedup_workspaces/test0_transitive_apply_parallel/dataset/GRScenes_assets/cabinet/fec9c1b32f7a49927df3104e714643c5/right.png
cabinet,ff8577487ace9743e1d7d06bb270e4c4,front,ok,0.311924,512,184,0.359375,512,4b4289d14bac952d8f7592924a6ada06cc75a74faa314a024399a75af2b3f44c,true,/cpfs/user/zhuzihou/assets/dedup_workspaces/test0_transitive_apply_parallel/dataset/GRScenes_assets/cabinet/ff8577487ace9743e1d7d06bb270e4c4/front.png
cabinet,ff8577487ace9743e1d7d06bb270e4c4,left,ok,0.330700,374,300,0.428009,374,a49dfb7f5e08a255bc8a9a6ba02076bdea8c229f1a1a6d7c574c9276783fad28,true,/cpfs/user/zhuzihou/assets/dedup_workspaces/test0_transitive_apply_parallel/dataset/GRScenes_assets/cabinet/ff8577487ace9743e1d7d06bb270e4c4/left.png
cabinet,ff8577487ace9743e1d7d06bb270e4c4,back,ok,0.309952,512,182,0.355469,512,81a1a8660fe9bcd77066cbd95d7557fcbae12bc28463f6dfd7345eea14938ac0,true,/cpfs/user/zhuzihou/assets/dedup_workspaces/test0_transitive_apply_parallel/dataset/GRScenes_assets/cabinet/ff8577487ace9743e1d7d06bb270e4c4/back.png
cabinet,ff8577487ace9743e1d7d06bb270e4c4,right,ok,0.332260,374,302,0.430862,374,48681016b8c90c249317d81f98a924b81f19c5c2342e56d763a45a9703dfff60,true,/cpfs/user/zhuzihou/assets/dedup_workspaces/test0_transitive_apply_parallel/dataset/GRScenes_assets/cabinet/ff8577487ace9743e1d7d06bb270e4c4/right.png
door,00a3b5cc011be5cc8bc71641fa0890d2,front,ok,0.378338,404,296,0.456177,404,b64aa64ee070558246e0ce928142b1bfc787d347bae6d781efc10c43ea677e4c,true,/cpfs/user/zhuzihou/assets/dedup_workspaces/test0_transitive_apply_parallel/dataset/GRScenes_assets/door/00a3b5cc011be5cc8bc71641fa0890d2/front.png
door,00a3b5cc011be5cc8bc71641fa0890d2,left,ok,0.046562,35,456,0.060883,456,af3e758c8d805d83ee24bea49fa6bfa9830653caa91079ce1315d46020039cfc,true,/cpfs/user/zhuzihou/assets/dedup_workspaces/test0_transitive_apply_parallel/dataset/GRScenes_assets/door/00a3b5cc011be5cc8bc71641fa0890d2/left.png
door,00a3b5cc011be5cc8bc71641fa0890d2,back,ok,0.378517,404,296,0.456177,404,e7300d384b8c42e3a7397de66dee392b33df3b4049d64ab9c821a6cbfe09b669,true,/cpfs/user/zhuzihou/assets/dedup_workspaces/test0_transitive_apply_parallel/dataset/GRScenes_assets/door/00a3b5cc011be5cc8bc71641fa0890d2/back.png
door,00a3b5cc011be5cc8bc71641fa0890d2,right,ok,0.046139,34,456,0.059143,456,a2bed4d9c6e69ca7ce88e8007dd8baa86e748821eca09de42d3238df34e3b0f8,true,/cpfs/user/zhuzihou/assets/dedup_workspaces/test0_transitive_apply_parallel/dataset/GRScenes_assets/door/00a3b5cc011be5cc8bc71641fa0890d2/right.png
door,00b8bba3202be4b0dfdc5b4066d22f37,front,ok,0.244236,512,145,0.283203,512,8e706d48707e8cd8265726a0817d06b176833dd2d27b5effda1d76932aab9e78,true,/cpfs/user/zhuzihou/assets/dedup_workspaces/test0_transitive_apply_parallel/dataset/GRScenes_assets/door/00b8bba3202be4b0dfdc5b4066d22f37/front.png
door,00b8bba3202be4b0dfdc5b4066d22f37,left,ok,0.278633,340,291,0.377426,340,13a1acca9fdeb5777149a9f7b4660120c8ab5527afe141c40f263f289e34f300,true,/cpfs/user/zhuzihou/assets/dedup_workspaces/test0_transitive_apply_parallel/dataset/GRScenes_assets/door/00b8bba3202be4b0dfdc5b4066d22f37/left.png
door,00b8bba3202be4b0dfdc5b4066d22f37,back,ok,0.244267,512,145,0.283203,512,aa8946b148b513ddad62886f7198d17ec91c39cfc2efa7c9476a9ff845e8c55d,true,/cpfs/user/zhuzihou/assets/dedup_workspaces/test0_transitive_apply_parallel/dataset/GRScenes_assets/door/00b8bba3202be4b0dfdc5b4066d22f37/back.png
door,00b8bba3202be4b0dfdc5b4066d22f37,right,ok,0.280674,340,291,0.377426,340,024b23951b5629f9d757c30b5247998e592b538a471fa1a090134f18be20a092,true,/cpfs/user/zhuzihou/assets/dedup_workspaces/test0_transitive_apply_parallel/dataset/GRScenes_assets/door/00b8bba3202be4b0dfdc5b4066d22f37/right.png
door,0822efb1d8134b1d1a6583c92866114f,front,ok,0.331978,464,237,0.419495,464,bcde8bc137fab26b49b939c48ca9ff9e46c215b2036b2d6750f05db8cd099a35,true,/cpfs/user/zhuzihou/assets/dedup_workspaces/test0_transitive_apply_parallel/dataset/GRScenes_assets/door/0822efb1d8134b1d1a6583c92866114f/front.png
door,0822efb1d8134b1d1a6583c92866114f,left,ok,0.325516,473,228,0.411392,473,39227dda9b7989ac5266b7053739a7fdea833e8ead2cd7863282211bd55eae5e,true,/cpfs/user/zhuzihou/assets/dedup_workspaces/test0_transitive_apply_parallel/dataset/GRScenes_assets/door/0822efb1d8134b1d1a6583c92866114f/left.png
door,0822efb1d8134b1d1a6583c92866114f,back,ok,0.332001,464,237,0.419495,464,e38594c660ba5db4660f1400894f6bed0de1cbb3226e3d09675a84f9ef8892e8,true,/cpfs/user/zhuzihou/assets/dedup_workspaces/test0_transitive_apply_parallel/dataset/GRScenes_assets/door/0822efb1d8134b1d1a6583c92866114f/back.png
door,0822efb1d8134b1d1a6583c92866114f,right,ok,0.327225,473,228,0.411392,473,15f4d5ae3efc7d0e5e3e03041e01296fe52ec11c2cf3d5dd783b221f03a2a820,true,/cpfs/user/zhuzihou/assets/dedup_workspaces/test0_transitive_apply_parallel/dataset/GRScenes_assets/door/0822efb1d8134b1d1a6583c92866114f/right.png
door,096950d462f90002d961680057896d1f,front,ok,0.362961,460,257,0.450974,460,c6556c1e0a7c13d46b481766d608883673b8b37c9b31ea9c1f74476b8190e1e0,true,/cpfs/user/zhuzihou/assets/dedup_workspaces/test0_transitive_apply_parallel/dataset/GRScenes_assets/door/096950d462f90002d961680057896d1f/front.png
door,096950d462f90002d961680057896d1f,left,ok,0.106831,86,446,0.146317,446,aa7a2fd95f0a9a555f3d3ff4c79684a78101f2b4697aab9889421fff274af652,true,/cpfs/user/zhuzihou/assets/dedup_workspaces/test0_transitive_apply_parallel/dataset/GRScenes_assets/door/096950d462f90002d961680057896d1f/left.png
door,096950d462f90002d961680057896d1f,back,ok,0.384384,460,257,0.450974,460,82c635e63df01d50b3668355fc09ac825ad67814855977bc4a8a7f379bc4e964,true,/cpfs/user/zhuzihou/assets/dedup_workspaces/test0_transitive_apply_parallel/dataset/GRScenes_assets/door/096950d462f90002d961680057896d1f/back.png
door,096950d462f90002d961680057896d1f,right,ok,0.099422,84,446,0.142914,446,a15e99c4798abede2da91ce8d407faba80e568ea4dce4f3387b366afd830d1ff,true,/cpfs/user/zhuzihou/assets/dedup_workspaces/test0_transitive_apply_parallel/dataset/GRScenes_assets/door/096950d462f90002d961680057896d1f/right.png
door,0a6c23543ed06d75b861a4adf0db73e3,front,ok,0.265541,503,170,0.326195,503,f562fd50cfbf1309a30f758c0a9efdcacfc69b8993d08374aa0ddf97609ba092,true,/cpfs/user/zhuzihou/assets/dedup_workspaces/test0_transitive_apply_parallel/dataset/GRScenes_assets/door/0a6c23543ed06d75b861a4adf0db73e3/front.png
door,0a6c23543ed06d75b861a4adf0db73e3,left,ok,0.301521,390,267,0.397224,390,41cb7a8596f7b2a483dcf6e1ea95930ab1a44e730a36f8b1b9587045e2ddb227,true,/cpfs/user/zhuzihou/assets/dedup_workspaces/test0_transitive_apply_parallel/dataset/GRScenes_assets/door/0a6c23543ed06d75b861a4adf0db73e3/left.png
door,0a6c23543ed06d75b861a4adf0db73e3,back,ok,0.271130,503,170,0.326195,503,e3aaf06f82252a9a0b32e857a0fd3581ba593e713eaaeb1bc1d0e06ce761263e,true,/cpfs/user/zhuzihou/assets/dedup_workspaces/test0_transitive_apply_parallel/dataset/GRScenes_assets/door/0a6c23543ed06d75b861a4adf0db73e3/back.png
door,0a6c23543ed06d75b861a4adf0db73e3,right,ok,0.296593,390,267,0.397224,390,a6e40ae92ff3634759473b19485c5f140332a229e53c625b0bed7ab8bc0453f4,true,/cpfs/user/zhuzihou/assets/dedup_workspaces/test0_transitive_apply_parallel/dataset/GRScenes_assets/door/0a6c23543ed06d75b861a4adf0db73e3/right.png
door,0e28a2d69edb5df53c0f99a5a3b7165d,front,ok,0.376015,422,281,0.452354,422,c456d5d1b20ad5a75b74a0a87374f3278e4fe1a10b422b69e47423086aff644d,true,/cpfs/user/zhuzihou/assets/dedup_workspaces/test0_transitive_apply_parallel/dataset/GRScenes_assets/door/0e28a2d69edb5df53c0f99a5a3b7165d/front.png
door,0e28a2d69edb5df53c0f99a5a3b7165d,left,ok,0.048599,38,456,0.066101,456,86b0f173703fe074c1cd22cab508214ce492f330b334f59f5d09658215d95aad,true,/cpfs/user/zhuzihou/assets/dedup_workspaces/test0_transitive_apply_parallel/dataset/GRScenes_assets/door/0e28a2d69edb5df53c0f99a5a3b7165d/left.png
door,0e28a2d69edb5df53c0f99a5a3b7165d,back,ok,0.375793,422,281,0.452354,422,f6d09da919acff9dc0a8e43f5b14f38a57d5fbc636a4910a9e21858ab97fe761,true,/cpfs/user/zhuzihou/assets/dedup_workspaces/test0_transitive_apply_parallel/dataset/GRScenes_assets/door/0e28a2d69edb5df53c0f99a5a3b7165d/back.png
door,0e28a2d69edb5df53c0f99a5a3b7165d,right,ok,0.050579,38,456,0.066101,456,68cb828873822659eb87fbdd18abe6ed5c3223db1a61d9f51a422a8205fe8ad4,true,/cpfs/user/zhuzihou/assets/dedup_workspaces/test0_transitive_apply_parallel/dataset/GRScenes_assets/door/0e28a2d69edb5df53c0f99a5a3b7165d/right.png
door,0fa2eaeddf62a9aef081dbc822b32a74,front,ok,0.267269,512,157,0.306641,512,1298d15a22ab98f5783b5c1086b86ea864d928b6fcc796478d63fc1f9027b759,true,/cpfs/user/zhuzihou/assets/dedup_workspaces/test0_transitive_apply_parallel/dataset/GRScenes_assets/door/0fa2eaeddf62a9aef081dbc822b32a74/front.png
door,0fa2eaeddf62a9aef081dbc822b32a74,left,ok,0.284264,316,318,0.383331,318,b8a079ced1742c5b0711eb788c2b688101bf271cb456f096e20f73ffddb0a041,true,/cpfs/user/zhuzihou/assets/dedup_workspaces/test0_transitive_apply_parallel/dataset/GRScenes_assets/door/0fa2eaeddf62a9aef081dbc822b32a74/left.png
door,0fa2eaeddf62a9aef081dbc822b32a74,back,ok,0.267250,512,157,0.306641,512,1b927beb9255b18900f12f52170440ded5d4c563b634db8407b35db14f8dd934,true,/cpfs/user/zhuzihou/assets/dedup_workspaces/test0_transitive_apply_parallel/dataset/GRScenes_assets/door/0fa2eaeddf62a9aef081dbc822b32a74/back.png
door,0fa2eaeddf62a9aef081dbc822b32a74,right,ok,0.286850,316,318,0.383331,318,40cd7cf76d33e4c09b28574a30a8d7b7963aced19b9e1894614503adf63989d2,true,/cpfs/user/zhuzihou/assets/dedup_workspaces/test0_transitive_apply_parallel/dataset/GRScenes_assets/door/0fa2eaeddf62a9aef081dbc822b32a74/right.png
door,112a91d2099739bfb5f56fb00b5fd320,front,ok,0.234756,512,134,0.261719,512,c9be017d3dad00f269d036bd9aeae9c9f481906fefe0e8551a951c2b3cd8358a,true,/cpfs/user/zhuzihou/assets/dedup_workspaces/test0_transitive_apply_parallel/dataset/GRScenes_assets/door/112a91d2099739bfb5f56fb00b5fd320/front.png
door,112a91d2099739bfb5f56fb00b5fd320,left,ok,0.242928,262,330,0.329819,330,12b4f01376ecda01c528b8451ce3ecede0e9da397b99c889863247b596dc89fc,true,/cpfs/user/zhuzihou/assets/dedup_workspaces/test0_transitive_apply_parallel/dataset/GRScenes_assets/door/112a91d2099739bfb5f56fb00b5fd320/left.png
door,112a91d2099739bfb5f56fb00b5fd320,back,ok,0.234791,512,134,0.261719,512,3efeeb431c61f6b9adaaeebbace73c2aab8b251e07d43a5dd8db806fe21a44b0,true,/cpfs/user/zhuzihou/assets/dedup_workspaces/test0_transitive_apply_parallel/dataset/GRScenes_assets/door/112a91d2099739bfb5f56fb00b5fd320/back.png
door,112a91d2099739bfb5f56fb00b5fd320,right,ok,0.243824,262,330,0.329819,330,7e2764525dc53560d57683a7cb1ca3fff62fca011d0f7277d6c11a9e28c619ba,true,/cpfs/user/zhuzihou/assets/dedup_workspaces/test0_transitive_apply_parallel/dataset/GRScenes_assets/door/112a91d2099739bfb5f56fb00b5fd320/right.png
door,131957686cee2b4f73f7b58b08388d29,front,ok,0.100971,426,254,0.412766,426,e064ee5672b1419035f7e980351075cc05b3c8699ce96524d188e8b04378803a,true,/cpfs/user/zhuzihou/assets/dedup_workspaces/test0_transitive_apply_parallel/dataset/GRScenes_assets/door/131957686cee2b4f73f7b58b08388d29/front.png
door,131957686cee2b4f73f7b58b08388d29,left,ok,0.097122,494,194,0.365585,494,48cfe4261226ea2e6d350a391f93a9777b041400eaf9f3cf887aca1c456d7497,true,/cpfs/user/zhuzihou/assets/dedup_workspaces/test0_transitive_apply_parallel/dataset/GRScenes_assets/door/131957686cee2b4f73f7b58b08388d29/left.png
door,131957686cee2b4f73f7b58b08388d29,back,ok,0.100998,426,254,0.412766,426,19a2790abecab1cbc628fd684e2e90ac96027193229c8116c29f14188a5af42c,true,/cpfs/user/zhuzihou/assets/dedup_workspaces/test0_transitive_apply_parallel/dataset/GRScenes_assets/door/131957686cee2b4f73f7b58b08388d29/back.png
door,131957686cee2b4f73f7b58b08388d29,right,ok,0.107796,494,194,0.365585,494,48d70007e143b8417aff3bbbdc2c1e5d0f533f1e35163a77598015cb8b4a7dd9,true,/cpfs/user/zhuzihou/assets/dedup_workspaces/test0_transitive_apply_parallel/dataset/GRScenes_assets/door/131957686cee2b4f73f7b58b08388d29/right.png
door,145d74f2fde0d084fe778acbc6b68667,front,ok,0.112019,398,311,0.472176,398,b9e3eb070f09faece749c82e795f841c318a389549e5461b5a5ded36ff6f02d4,true,/cpfs/user/zhuzihou/assets/dedup_workspaces/test0_transitive_apply_parallel/dataset/GRScenes_assets/door/145d74f2fde0d084fe778acbc6b68667/front.png
door,145d74f2fde0d084fe778acbc6b68667,left,ok,0.074406,58,458,0.101334,458,fa84df02b2998a1d63aede8f6ef505669f5f76b44aea7ebdacd76a9ef2cef9b9,true,/cpfs/user/zhuzihou/assets/dedup_workspaces/test0_transitive_apply_parallel/dataset/GRScenes_assets/door/145d74f2fde0d084fe778acbc6b68667/left.png
door,145d74f2fde0d084fe778acbc6b68667,back,ok,0.125965,398,311,0.472176,398,059d9222627018b4265bae81062a7b2fe7d1a7dbe4f7b2675d2f02da4ca1bf3c,true,/cpfs/user/zhuzihou/assets/dedup_workspaces/test0_transitive_apply_parallel/dataset/GRScenes_assets/door/145d74f2fde0d084fe778acbc6b68667/back.png
door,145d74f2fde0d084fe778acbc6b68667,right,ok,0.068630,58,458,0.101334,458,2fbf0131fc45ff056a04058a97811d59f735a6236e68b959888821b099ec3767,true,/cpfs/user/zhuzihou/assets/dedup_workspaces/test0_transitive_apply_parallel/dataset/GRScenes_assets/door/145d74f2fde0d084fe778acbc6b68667/right.png
door,17e0ebfcd0c915fcc48872dcd929cc80,front,ok,0.364380,438,268,0.447784,438,98b865c827e955550979fadc4ded80cc087ba99dbaca215478006dd5791ed987,true,/cpfs/user/zhuzihou/assets/dedup_workspaces/test0_transitive_apply_parallel/dataset/GRScenes_assets/door/17e0ebfcd0c915fcc48872dcd929cc80/front.png
door,17e0ebfcd0c915fcc48872dcd929cc80,left,ok,0.061623,48,452,0.082764,452,377f360aa13fa79e19a660e1248e0a47e9622fcfdc6666d3675593503e9aa430,true,/cpfs/user/zhuzihou/assets/dedup_workspaces/test0_transitive_apply_parallel/dataset/GRScenes_assets/door/17e0ebfcd0c915fcc48872dcd929cc80/left.png
door,17e0ebfcd0c915fcc48872dcd929cc80,back,ok,0.377819,438,268,0.447784,438,71725ab0c51c0901d8eeabe8eb14c41cc5567ba3744df0ff7525f78599cafd01,true,/cpfs/user/zhuzihou/assets/dedup_workspaces/test0_transitive_apply_parallel/dataset/GRScenes_assets/door/17e0ebfcd0c915fcc48872dcd929cc80/back.png
door,17e0ebfcd0c915fcc48872dcd929cc80,right,ok,0.055935,48,452,0.082764,452,7efc53430377b2612a74d1288994805741f6a84c8a3237a20d1c4160ebdf0adb,true,/cpfs/user/zhuzihou/assets/dedup_workspaces/test0_transitive_apply_parallel/dataset/GRScenes_assets/door/17e0ebfcd0c915fcc48872dcd929cc80/right.png
door,19b244036b354a2172a6f048dc926c5b,front,ok,0.123398,408,316,0.491821,408,b58ab1638ef1943332535c41dfa0f7dc20933f9285c4347bb8622007a2509edb,true,/cpfs/user/zhuzihou/assets/dedup_workspaces/test0_transitive_apply_parallel/dataset/GRScenes_assets/door/19b244036b354a2172a6f048dc926c5b/front.png
door,19b244036b354a2172a6f048dc926c5b,left,ok,0.113232,92,456,0.160034,456,723879371628f7c3743a249efe97098e015674a58a2cab87c2d86890605a3e88,true,/cpfs/user/zhuzihou/assets/dedup_workspaces/test0_transitive_apply_parallel/dataset/GRScenes_assets/door/19b244036b354a2172a6f048dc926c5b/left.png
door,19b244036b354a2172a6f048dc926c5b,back,ok,0.123436,408,316,0.491821,408,75487d8252132c2291b1fb3f26271b26f311aadae599bd9b9fdc513396450f19,true,/cpfs/user/zhuzihou/assets/dedup_workspaces/test0_transitive_apply_parallel/dataset/GRScenes_assets/door/19b244036b354a2172a6f048dc926c5b/back.png
door,19b244036b354a2172a6f048dc926c5b,right,ok,0.118755,90,456,0.156555,456,b6f51776c2992054cc89a7dedecfd967ab0d90691e80a11d2c857c0496bae466,true,/cpfs/user/zhuzihou/assets/dedup_workspaces/test0_transitive_apply_parallel/dataset/GRScenes_assets/door/19b244036b354a2172a6f048dc926c5b/right.png
door,1a58b583496f33ae458cd640c8b6a656,front,ok,0.175179,504,198,0.380676,504,a8ff4fb28547c7f10ca6fe753f94b1187915634f5246dd114ee49a8811c0e9dd,true,/cpfs/user/zhuzihou/assets/dedup_workspaces/test0_transitive_apply_parallel/dataset/GRScenes_assets/door/1a58b583496f33ae458cd640c8b6a656/front.png
door,1a58b583496f33ae458cd640c8b6a656,left,ok,0.153797,417,272,0.432678,417,8a2da1fd4e0cc6bc4cee956d8f22c3e32606624a3425afe8b8a7cff0a79dafb6,true,/cpfs/user/zhuzihou/assets/dedup_workspaces/test0_transitive_apply_parallel/dataset/GRScenes_assets/door/1a58b583496f33ae458cd640c8b6a656/left.png
door,1a58b583496f33ae458cd640c8b6a656,back,ok,0.189949,504,198,0.380676,504,7ecf6ddd33987e2579bd9e1f72fcdff31e5095e3ff0da2a2f587656a31c38e2a,true,/cpfs/user/zhuzihou/assets/dedup_workspaces/test0_transitive_apply_parallel/dataset/GRScenes_assets/door/1a58b583496f33ae458cd640c8b6a656/back.png
door,1a58b583496f33ae458cd640c8b6a656,right,ok,0.161926,417,272,0.432678,417,f34bcf4bddba53f3d41001ea0b01ec61b7bd7364295b0ad9036971914f7d1be8,true,/cpfs/user/zhuzihou/assets/dedup_workspaces/test0_transitive_apply_parallel/dataset/GRScenes_assets/door/1a58b583496f33ae458cd640c8b6a656/right.png
door,1b54aee00220d72ef513c9c0d0afe430,front,ok,0.299248,414,251,0.396400,414,9fa0ea4b7269f6ab9ba6889d16942b941e97b1fe34536e1001ee3276868f55f7,true,/cpfs/user/zhuzihou/assets/dedup_workspaces/test0_transitive_apply_parallel/dataset/GRScenes_assets/door/1b54aee00220d72ef513c9c0d0afe430/front.png
door,1b54aee00220d72ef513c9c0d0afe430,left,ok,0.279686,494,182,0.342972,494,6a613fb0bbe0fbf83c028ff51ff358d5dad1a7aa42f79766620b17cf58fc9b07,true,/cpfs/user/zhuzihou/assets/dedup_workspaces/test0_transitive_apply_parallel/dataset/GRScenes_assets/door/1b54aee00220d72ef513c9c0d0afe430/left.png
door,1b54aee00220d72ef513c9c0d0afe430,back,ok,0.303638,415,251,0.397358,415,137cc1cbd2a91202170b23083b99f9ac010d0183186e767465a9f35fbd587487,true,/cpfs/user/zhuzihou/assets/dedup_workspaces/test0_transitive_apply_parallel/dataset/GRScenes_assets/door/1b54aee00220d72ef513c9c0d0afe430/back.png
door,1b54aee00220d72ef513c9c0d0afe430,right,ok,0.276760,494,182,0.342972,494,7a6572a40f22794b1f520d0ecbbbaa57245d785821dd33852ec924fdabc49690,true,/cpfs/user/zhuzihou/assets/dedup_workspaces/test0_transitive_apply_parallel/dataset/GRScenes_assets/door/1b54aee00220d72ef513c9c0d0afe430/right.png
door,1b72ef6e7b462537f248fcdc472426c4,front,ok,0.255608,486,152,0.281799,486,c19af1e75308bca0d9b75fe94faba8f9640bd0f818f9725728067953ba937ff9,true,/cpfs/user/zhuzihou/assets/dedup_workspaces/test0_transitive_apply_parallel/dataset/GRScenes_assets/door/1b72ef6e7b462537f248fcdc472426c4/front.png
door,1b72ef6e7b462537f248fcdc472426c4,left,ok,0.061466,56,405,0.086517,405,5d3a9ef597fb2c73323f89c2e6df426059475db3a0506d8c2432e264678d3353,true,/cpfs/user/zhuzihou/assets/dedup_workspaces/test0_transitive_apply_parallel/dataset/GRScenes_assets/door/1b72ef6e7b462537f248fcdc472426c4/left.png
door,1b72ef6e7b462537f248fcdc472426c4,back,ok,0.261723,494,154,0.290207,494,12dd199f5bf2a89e3a2aff1b100a46fc0c7ffc91d60a3571699d70f4989e1b34,true,/cpfs/user/zhuzihou/assets/dedup_workspaces/test0_transitive_apply_parallel/dataset/GRScenes_assets/door/1b72ef6e7b462537f248fcdc472426c4/back.png
door,1b72ef6e7b462537f248fcdc472426c4,right,ok,0.065407,56,405,0.086517,405,d8f8271a1891d17044e11a832a4a689313a56cd775df5280eb29263c0b1c3700,true,/cpfs/user/zhuzihou/assets/dedup_workspaces/test0_transitive_apply_parallel/dataset/GRScenes_assets/door/1b72ef6e7b462537f248fcdc472426c4/right.png
door,1ba0ffdc348928821647cf6fa5bb6a55,front,ok,0.293343,482,204,0.375092,482,a2a2cc58eb3c37b25910b41a921aa69e4024ed2b3c95729c9483953d8e5de10b,true,/cpfs/user/zhuzihou/assets/dedup_workspaces/test0_transitive_apply_parallel/dataset/GRScenes_assets/door/1ba0ffdc348928821647cf6fa5bb6a55/front.png
door,1ba0ffdc348928821647cf6fa5bb6a55,left,ok,0.311745,444,238,0.403107,444,2e878e3394d762255db29def62da3a3cfa376062ffe1d19e4ef4dfbcc79f20ec,true,/cpfs/user/zhuzihou/assets/dedup_workspaces/test0_transitive_apply_parallel/dataset/GRScenes_assets/door/1ba0ffdc348928821647cf6fa5bb6a55/left.png
door,1ba0ffdc348928821647cf6fa5bb6a55,back,ok,0.298584,482,204,0.375092,482,95773b6def712989877a3845b52b28f8ff82ebf63f49ac36dd81cfc2f76e14e1,true,/cpfs/user/zhuzihou/assets/dedup_workspaces/test0_transitive_apply_parallel/dataset/GRScenes_assets/door/1ba0ffdc348928821647cf6fa5bb6a55/back.png
door,1ba0ffdc348928821647cf6fa5bb6a55,right,ok,0.307903,444,237,0.401413,444,dafe89faadeca2ed37d8bde3b3d1f3b1cb02fee63c322e34bce2f711a508f4f3,true,/cpfs/user/zhuzihou/assets/dedup_workspaces/test0_transitive_apply_parallel/dataset/GRScenes_assets/door/1ba0ffdc348928821647cf6fa5bb6a55/right.png
door,1c5b4263820d3264c31c028df1becc3f,front,ok,0.233288,512,137,0.267578,512,730f39eb728e42d6275e432bbb3a46a79b2ae1afb8e2f75a4a8b09ac52ad17d4,true,/cpfs/user/zhuzihou/assets/dedup_workspaces/test0_transitive_apply_parallel/dataset/GRScenes_assets/door/1c5b4263820d3264c31c028df1becc3f/front.png
door,1c5b4263820d3264c31c028df1becc3f,left,ok,0.264549,312,302,0.359436,312,bbf89200e68c9da2db851be352369d50046b0ed4c35d8c85051fc1bd1d1d85e3,true,/cpfs/user/zhuzihou/assets/dedup_workspaces/test0_transitive_apply_parallel/dataset/GRScenes_assets/door/1c5b4263820d3264c31c028df1becc3f/left.png
door,1c5b4263820d3264c31c028df1becc3f,back,ok,0.233765,512,137,0.267578,512,c4ccaf6965287e89e6af5c2a17bbd754756f01803e56be86aaacaba8e887a35c,true,/cpfs/user/zhuzihou/assets/dedup_workspaces/test0_transitive_apply_parallel/dataset/GRScenes_assets/door/1c5b4263820d3264c31c028df1becc3f/back.png
door,1c5b4263820d3264c31c028df1becc3f,right,ok,0.266346,312,303,0.360626,312,365f49c534a493f2f30edd3ec51275e92b6d9d7bc7992d756f403b2516a3b8e0,true,/cpfs/user/zhuzihou/assets/dedup_workspaces/test0_transitive_apply_parallel/dataset/GRScenes_assets/door/1c5b4263820d3264c31c028df1becc3f/right.png
door,1d811324255f2c235d9b0596b7b533b6,front,ok,0.161079,505,190,0.366020,505,18118f8d4650a351299a95b18a57ab96dad4513ad5ed0ef73605076199f55553,true,/cpfs/user/zhuzihou/assets/dedup_workspaces/test0_transitive_apply_parallel/dataset/GRScenes_assets/door/1d811324255f2c235d9b0596b7b533b6/front.png
door,1d811324255f2c235d9b0596b7b533b6,left,ok,0.139080,408,273,0.424896,408,087a62063a330b99420fe462e16d9e95137777a75e102d9119ac83020edcce84,true,/cpfs/user/zhuzihou/assets/dedup_workspaces/test0_transitive_apply_parallel/dataset/GRScenes_assets/door/1d811324255f2c235d9b0596b7b533b6/left.png
door,1d811324255f2c235d9b0596b7b533b6,back,ok,0.173519,504,190,0.365295,504,f57d1497d5426060033019c8c45bb5449954f6b13580c20848a66c8de45b0443,true,/cpfs/user/zhuzihou/assets/dedup_workspaces/test0_transitive_apply_parallel/dataset/GRScenes_assets/door/1d811324255f2c235d9b0596b7b533b6/back.png
door,1d811324255f2c235d9b0596b7b533b6,right,ok,0.145092,408,272,0.423340,408,98c0c47d0bac7992090dafa229970b874c12f6650db2396393acc8fe3edf0f3f,true,/cpfs/user/zhuzihou/assets/dedup_workspaces/test0_transitive_apply_parallel/dataset/GRScenes_assets/door/1d811324255f2c235d9b0596b7b533b6/right.png
door,1ede7d354f5561f70a087058c770696c,front,ok,0.293339,482,204,0.375092,482,1b9e0fa7ad6651cb6482c3f8028fb9e79a0019dcd38936fcf1778f7965f69ba8,true,/cpfs/user/zhuzihou/assets/dedup_workspaces/test0_transitive_apply_parallel/dataset/GRScenes_assets/door/1ede7d354f5561f70a087058c770696c/front.png
door,1ede7d354f5561f70a087058c770696c,left,ok,0.311741,444,238,0.403107,444,1c505ec24f9f4af706b0fd7068e12a82af584d6039ed9fe22e1d939d3a756555,true,/cpfs/user/zhuzihou/assets/dedup_workspaces/test0_transitive_apply_parallel/dataset/GRScenes_assets/door/1ede7d354f5561f70a087058c770696c/left.png
door,1ede7d354f5561f70a087058c770696c,back,ok,0.298588,482,204,0.375092,482,7d6b6ff905c0129452afae76fb4818b3a9a227f08ca47e6963d39474eb7cc98a,true,/cpfs/user/zhuzihou/assets/dedup_workspaces/test0_transitive_apply_parallel/dataset/GRScenes_assets/door/1ede7d354f5561f70a087058c770696c/back.png
door,1ede7d354f5561f70a087058c770696c,right,ok,0.307869,444,237,0.401413,444,230c9eb4b13ae1681375680b6c0d4aa359239770548f80dd70454d768302630b,true,/cpfs/user/zhuzihou/assets/dedup_workspaces/test0_transitive_apply_parallel/dataset/GRScenes_assets/door/1ede7d354f5561f70a087058c770696c/right.png
door,1f202d51d9d511d099b264cb7cef3de0,front,ok,0.147865,473,232,0.418610,473,8892fc2662735f920c4388705c1fc60cc83cc0a64b5148b483569282c41a7d0e,true,/cpfs/user/zhuzihou/assets/dedup_workspaces/test0_transitive_apply_parallel/dataset/GRScenes_assets/door/1f202d51d9d511d099b264cb7cef3de0/front.png
door,1f202d51d9d511d099b264cb7cef3de0,left,ok,0.134991,468,237,0.423111,468,3a621f7fa5c2dc7bc0bd56447e6296e28413f94bc63fb188fd0cf92cf9e30dc4,true,/cpfs/user/zhuzihou/assets/dedup_workspaces/test0_transitive_apply_parallel/dataset/GRScenes_assets/door/1f202d51d9d511d099b264cb7cef3de0/left.png
door,1f202d51d9d511d099b264cb7cef3de0,back,ok,0.147854,472,232,0.417725,472,b62ebeeb3ed820f1d3cf5dd12394b234cc10570b2b111572661926c024e46f95,true,/cpfs/user/zhuzihou/assets/dedup_workspaces/test0_transitive_apply_parallel/dataset/GRScenes_assets/door/1f202d51d9d511d099b264cb7cef3de0/back.png
door,1f202d51d9d511d099b264cb7cef3de0,right,ok,0.148815,468,236,0.421326,468,5b47a49e0083c691db1ff61f7f208ff33bac707c9556822153eef6116a8b75ec,true,/cpfs/user/zhuzihou/assets/dedup_workspaces/test0_transitive_apply_parallel/dataset/GRScenes_assets/door/1f202d51d9d511d099b264cb7cef3de0/right.png
door,1f614c5e84cf7ab87a1fc0d1bcf00f40,front,ok,0.317394,483,220,0.405350,483,8a9fdb7a9747ba4ddba5a38552609152684026408d52fe39a9b776bbb17e106b,true,/cpfs/user/zhuzihou/assets/dedup_workspaces/test0_transitive_apply_parallel/dataset/GRScenes_assets/door/1f614c5e84cf7ab87a1fc0d1bcf00f40/front.png
door,1f614c5e84cf7ab87a1fc0d1bcf00f40,left,ok,0.332428,454,245,0.424309,454,469b2f849c5d6ba0e01f5db725fb17a401f13f7cb2e23ed1e1f7dd328518c0e6,true,/cpfs/user/zhuzihou/assets/dedup_workspaces/test0_transitive_apply_parallel/dataset/GRScenes_assets/door/1f614c5e84cf7ab87a1fc0d1bcf00f40/left.png
door,1f614c5e84cf7ab87a1fc0d1bcf00f40,back,ok,0.326332,483,220,0.405350,483,b29f4820f2e25ac718fa1c034404c5e6572c8ccee2ff287b7d957b486ff52c62,true,/cpfs/user/zhuzihou/assets/dedup_workspaces/test0_transitive_apply_parallel/dataset/GRScenes_assets/door/1f614c5e84cf7ab87a1fc0d1bcf00f40/back.png
door,1f614c5e84cf7ab87a1fc0d1bcf00f40,right,ok,0.327644,454,244,0.422577,454,8b96612575175b118f67649868a323c26fc430fcfe6f64cadeae9febedb5574a,true,/cpfs/user/zhuzihou/assets/dedup_workspaces/test0_transitive_apply_parallel/dataset/GRScenes_assets/door/1f614c5e84cf7ab87a1fc0d1bcf00f40/right.png
door,210d1c91ceb228446a733a354b6afc39,front,ok,0.257111,512,149,0.291016,512,6a51093689aa5a24d8dfc4f981e590da36e549aedf0bf5d77f21605257b052db,true,/cpfs/user/zhuzihou/assets/dedup_workspaces/test0_transitive_apply_parallel/dataset/GRScenes_assets/door/210d1c91ceb228446a733a354b6afc39/front.png
door,210d1c91ceb228446a733a354b6afc39,left,ok,0.269802,296,326,0.368103,326,a189eed15b5ebb1e856b4d5db1b6da7ad10802159ed8e735d604966f556d43c1,true,/cpfs/user/zhuzihou/assets/dedup_workspaces/test0_transitive_apply_parallel/dataset/GRScenes_assets/door/210d1c91ceb228446a733a354b6afc39/left.png
door,210d1c91ceb228446a733a354b6afc39,back,ok,0.257114,512,149,0.291016,512,0b511456fafec518fea18fd4e84c9feea77dd9454f2d49dead03e59598d6b62c,true,/cpfs/user/zhuzihou/assets/dedup_workspaces/test0_transitive_apply_parallel/dataset/GRScenes_assets/door/210d1c91ceb228446a733a354b6afc39/back.png
door,210d1c91ceb228446a733a354b6afc39,right,ok,0.272865,296,325,0.366974,325,e16115e26bd8408a27f55cb87cf74944275f4e18c5ee86909c7d5555d2a65c4e,true,/cpfs/user/zhuzihou/assets/dedup_workspaces/test0_transitive_apply_parallel/dataset/GRScenes_assets/door/210d1c91ceb228446a733a354b6afc39/right.png
door,219ee33de0ea406e6d70642776205562,front,ok,0.150364,452,242,0.417267,452,88c9149771390b4dcbd0eed4b8d4543c81fd3a89dcd0c54e682825551bcdbf26,true,/cpfs/user/zhuzihou/assets/dedup_workspaces/test0_transitive_apply_parallel/dataset/GRScenes_assets/door/219ee33de0ea406e6d70642776205562/front.png
door,219ee33de0ea406e6d70642776205562,left,ok,0.132530,482,216,0.397156,482,5f13de13d5cd8a66386a1be30fbde43fa9affa2b72cf99298b6d0752189ceda6,true,/cpfs/user/zhuzihou/assets/dedup_workspaces/test0_transitive_apply_parallel/dataset/GRScenes_assets/door/219ee33de0ea406e6d70642776205562/left.png
door,219ee33de0ea406e6d70642776205562,back,ok,0.165810,452,242,0.417267,452,402560ecb3aad05b9a76ea39b2a6b12aa4d947deacfeafacea41503da32643e3,true,/cpfs/user/zhuzihou/assets/dedup_workspaces/test0_transitive_apply_parallel/dataset/GRScenes_assets/door/219ee33de0ea406e6d70642776205562/back.png
door,219ee33de0ea406e6d70642776205562,right,ok,0.137619,482,215,0.395317,482,bc286e2fe5f52ce97e223e29289e2bd4b79d94c9b6fbcb0a1bcf9753263ffb89,true,/cpfs/user/zhuzihou/assets/dedup_workspaces/test0_transitive_apply_parallel/dataset/GRScenes_assets/door/219ee33de0ea406e6d70642776205562/right.png
door,2209ec70e0754b1250fecfbba9833c4f,front,ok,0.267586,512,158,0.308594,512,38be900da82c6ce59eeb71bc7e318da47399c63cb0d01bf4e9542a12a2729607,true,/cpfs/user/zhuzihou/assets/dedup_workspaces/test0_transitive_apply_parallel/dataset/GRScenes_assets/door/2209ec70e0754b1250fecfbba9833c4f/front.png
door,2209ec70e0754b1250fecfbba9833c4f,left,ok,0.284031,316,319,0.384537,319,b1a0d879f6bd00ebd8ef1cdda7f93ad76161a8230968e6004b870758f5727220,true,/cpfs/user/zhuzihou/assets/dedup_workspaces/test0_transitive_apply_parallel/dataset/GRScenes_assets/door/2209ec70e0754b1250fecfbba9833c4f/left.png
door,2209ec70e0754b1250fecfbba9833c4f,back,ok,0.266052,512,157,0.306641,512,0bfdf3f6de04ed7363ea06ca21cfc4da2a98bbee3902ca52c9d1ecd7a846fd5b,true,/cpfs/user/zhuzihou/assets/dedup_workspaces/test0_transitive_apply_parallel/dataset/GRScenes_assets/door/2209ec70e0754b1250fecfbba9833c4f/back.png
door,2209ec70e0754b1250fecfbba9833c4f,right,ok,0.286182,316,319,0.384537,319,35108b20acc16686f6c13ed499125cc4b076a0d3fc656705a46893d5358e6ae4,true,/cpfs/user/zhuzihou/assets/dedup_workspaces/test0_transitive_apply_parallel/dataset/GRScenes_assets/door/2209ec70e0754b1250fecfbba9833c4f/right.png
door,225ad0911b83612d6c469f65c77cc68d,front,ok,0.126827,442,273,0.460304,442,5dc2c4065e30c7d778f1b1022cf75df0e241a865cc3a62635b722546e1e1f08a,true,/cpfs/user/zhuzihou/assets/dedup_workspaces/test0_transitive_apply_parallel/dataset/GRScenes_assets/door/225ad0911b83612d6c469f65c77cc68d/front.png
door,225ad0911b83612d6c469f65c77cc68d,left,ok,0.086147,68,452,0.117249,452,17b6cb1ab9e6816144dbb0fa559a9a63775ca47d1424ae9e70a62ea4249cc29c,true,/cpfs/user/zhuzihou/assets/dedup_workspaces/test0_transitive_apply_parallel/dataset/GRScenes_assets/door/225ad0911b83612d6c469f65c77cc68d/left.png
door,225ad0911b83612d6c469f65c77cc68d,back,ok,0.151089,442,273,0.460304,442,90da70b807f856420ebaef4905fe759608ded8a61b566ebe7adc428d06498009,true,/cpfs/user/zhuzihou/assets/dedup_workspaces/test0_transitive_apply_parallel/dataset/GRScenes_assets/door/225ad0911b83612d6c469f65c77cc68d/back.png
door,225ad0911b83612d6c469f65c77cc68d,right,ok,0.079597,68,452,0.117249,452,48a00b09ed8a853830b51fbb8dbbbc1ba2594b331ae36e3f84a7ec123aae9ba3,true,/cpfs/user/zhuzihou/assets/dedup_workspaces/test0_transitive_apply_parallel/dataset/GRScenes_assets/door/225ad0911b83612d6c469f65c77cc68d/right.png
door,23a4534b7eedf3073dae419fb9a807a5,front,ok,0.138508,484,208,0.384033,484,a85fe743e5e2f827c24c5bb2728b0bf13f2ed98077327f0e8a2bc7e68fd8ef4f,true,/cpfs/user/zhuzihou/assets/dedup_workspaces/test0_transitive_apply_parallel/dataset/GRScenes_assets/door/23a4534b7eedf3073dae419fb9a807a5/front.png
door,23a4534b7eedf3073dae419fb9a807a5,left,ok,0.125195,446,241,0.410027,446,0eed21b53f8359c191334d801022132d2cc97ef333ac1d482dce9b2cfa6f0f8f,true,/cpfs/user/zhuzihou/assets/dedup_workspaces/test0_transitive_apply_parallel/dataset/GRScenes_assets/door/23a4534b7eedf3073dae419fb9a807a5/left.png
door,23a4534b7eedf3073dae419fb9a807a5,back,ok,0.152847,484,208,0.384033,484,f55c8c339ff4ac8504049a627d71c15e208566d18f1c8eee61ffdf3946767d8a,true,/cpfs/user/zhuzihou/assets/dedup_workspaces/test0_transitive_apply_parallel/dataset/GRScenes_assets/door/23a4534b7eedf3073dae419fb9a807a5/back.png
door,23a4534b7eedf3073dae419fb9a807a5,right,ok,0.133575,446,241,0.410027,446,227c552a6eec742fea056a25a7dbc11c751017063e817669085bdf7e0da34d0c,true,/cpfs/user/zhuzihou/assets/dedup_workspaces/test0_transitive_apply_parallel/dataset/GRScenes_assets/door/23a4534b7eedf3073dae419fb9a807a5/right.png
door,256956b099e136fd6af106a168838caa,front,ok,0.282272,489,190,0.354424,489,d2773651d9c8f62ad6caed27dae0b24de47372f9d2b27cc7594bc3523e27ff70,true,/cpfs/user/zhuzihou/assets/dedup_workspaces/test0_transitive_apply_parallel/dataset/GRScenes_assets/door/256956b099e136fd6af106a168838caa/front.png
door,256956b099e136fd6af106a168838caa,left,ok,0.307102,427,245,0.399075,427,01ac6352da4781275fd66c1f03bacaf80812fd7fc49a87d3ccd2c86fae39e21b,true,/cpfs/user/zhuzihou/assets/dedup_workspaces/test0_transitive_apply_parallel/dataset/GRScenes_assets/door/256956b099e136fd6af106a168838caa/left.png
door,256956b099e136fd6af106a168838caa,back,ok,0.286636,489,190,0.354424,489,1a822f69d4ec24b34863671cbeca1f148d99bac50be9e2533fce292b760a658b,true,/cpfs/user/zhuzihou/assets/dedup_workspaces/test0_transitive_apply_parallel/dataset/GRScenes_assets/door/256956b099e136fd6af106a168838caa/back.png
door,256956b099e136fd6af106a168838caa,right,ok,0.302673,427,246,0.400703,427,8232583b5f658b1e603750d3f26fe249fbd0579eeb316954ea0c36b409409b92,true,/cpfs/user/zhuzihou/assets/dedup_workspaces/test0_transitive_apply_parallel/dataset/GRScenes_assets/door/256956b099e136fd6af106a168838caa/right.png
door,2670a056ffa822d14354377eb38ea57f,front,ok,0.290028,470,204,0.365753,470,775b02aba3fb13c862bb5c64913ac81b9718c255978358256510dc6695cfb5d7,true,/cpfs/user/zhuzihou/assets/dedup_workspaces/test0_transitive_apply_parallel/dataset/GRScenes_assets/door/2670a056ffa822d14354377eb38ea57f/front.png
door,2670a056ffa822d14354377eb38ea57f,left,ok,0.292625,445,227,0.385342,445,b75f9e96ff17f4789b61493f073c4d35d81e3ff85154b2535ed2ca09a4f77d4c,true,/cpfs/user/zhuzihou/assets/dedup_workspaces/test0_transitive_apply_parallel/dataset/GRScenes_assets/door/2670a056ffa822d14354377eb38ea57f/left.png
door,2670a056ffa822d14354377eb38ea57f,back,ok,0.276638,476,193,0.350449,476,b32f589f5c7a53ca5023bf9b9e583d2540dda04079f886c8be2a344f6be5dc87,true,/cpfs/user/zhuzihou/assets/dedup_workspaces/test0_transitive_apply_parallel/dataset/GRScenes_assets/door/2670a056ffa822d14354377eb38ea57f/back.png
door,2670a056ffa822d14354377eb38ea57f,right,ok,0.292618,446,227,0.386208,446,42eaef4951aa567d88990913bd50e21b918357991017f423eff93ee7925ded72,true,/cpfs/user/zhuzihou/assets/dedup_workspaces/test0_transitive_apply_parallel/dataset/GRScenes_assets/door/2670a056ffa822d14354377eb38ea57f/right.png
door,26f1f0cebe724feba04a98c48976e1d3,front,ok,0.299576,474,207,0.374290,474,5aa5a3b8c5f45b0031a384e347768ba0ddbb8aae94c0acb8aade32afe1c0244b,true,/cpfs/user/zhuzihou/assets/dedup_workspaces/test0_transitive_apply_parallel/dataset/GRScenes_assets/door/26f1f0cebe724feba04a98c48976e1d3/front.png
door,26f1f0cebe724feba04a98c48976e1d3,left,ok,0.307419,452,228,0.393127,452,b8eac69d0c36433daa4c3dfbcc3d0d880d3ab03e3d4dba2b79b576cfcaf2dd69,true,/cpfs/user/zhuzihou/assets/dedup_workspaces/test0_transitive_apply_parallel/dataset/GRScenes_assets/door/26f1f0cebe724feba04a98c48976e1d3/left.png
door,26f1f0cebe724feba04a98c48976e1d3,back,ok,0.299576,474,207,0.374290,474,2a48f3f7e51c51ec5ea241215540a47b30fbe0625d7714a84c67afe741f5059f,true,/cpfs/user/zhuzihou/assets/dedup_workspaces/test0_transitive_apply_parallel/dataset/GRScenes_assets/door/26f1f0cebe724feba04a98c48976e1d3/back.png
door,26f1f0cebe724feba04a98c48976e1d3,right,ok,0.307858,452,229,0.394852,452,c4f66f022d1d6e39ff1a61e0b74229a55f8a903d01744f836382a75a27ee9c43,true,/cpfs/user/zhuzihou/assets/dedup_workspaces/test0_transitive_apply_parallel/dataset/GRScenes_assets/door/26f1f0cebe724feba04a98c48976e1d3/right.png
door,26ff81b77b9c811ef66804f3ba8f43fc,front,ok,0.288963,481,176,0.322937,481,237c17ba94fc084e49b79c01473c857af761ce6b3a43295aa086d9a09ab11352,true,/cpfs/user/zhuzihou/assets/dedup_workspaces/test0_transitive_apply_parallel/dataset/GRScenes_assets/door/26ff81b77b9c811ef66804f3ba8f43fc/front.png
door,26ff81b77b9c811ef66804f3ba8f43fc,left,ok,0.072777,68,415,0.107651,415,00831bbc2b906465e57cef86b446ab2c80711a83c1fbdc94b9284b674d695a57,true,/cpfs/user/zhuzihou/assets/dedup_workspaces/test0_transitive_apply_parallel/dataset/GRScenes_assets/door/26ff81b77b9c811ef66804f3ba8f43fc/left.png
door,26ff81b77b9c811ef66804f3ba8f43fc,back,ok,0.298504,492,178,0.334076,492,60e30de6236171b33370a884a2c6a00b57d6b607c1fb180911a79bcc219a003b,true,/cpfs/user/zhuzihou/assets/dedup_workspaces/test0_transitive_apply_parallel/dataset/GRScenes_assets/door/26ff81b77b9c811ef66804f3ba8f43fc/back.png
door,26ff81b77b9c811ef66804f3ba8f43fc,right,ok,0.073334,67,415,0.106068,415,a2ac8605132d8d693b5b6be6698c6dd0a994f2c648f0b994dd8cfbd4edfde2e3,true,/cpfs/user/zhuzihou/assets/dedup_workspaces/test0_transitive_apply_parallel/dataset/GRScenes_assets/door/26ff81b77b9c811ef66804f3ba8f43fc/right.png
door,2838e4c1d82a7520eb3a9f0336ba3fa6,front,ok,0.208939,512,121,0.236328,512,9709d538312b8434fcb851b5c2b551d49d0d328a7293eee97c700b9f4da13451,true,/cpfs/user/zhuzihou/assets/dedup_workspaces/test0_transitive_apply_parallel/dataset/GRScenes_assets/door/2838e4c1d82a7520eb3a9f0336ba3fa6/front.png
door,2838e4c1d82a7520eb3a9f0336ba3fa6,left,ok,0.239239,278,309,0.327690,309,e2d59690338045e4a99fb1e7f83572d0ba35623a4b34c84fb4f15629d98c41a2,true,/cpfs/user/zhuzihou/assets/dedup_workspaces/test0_transitive_apply_parallel/dataset/GRScenes_assets/door/2838e4c1d82a7520eb3a9f0336ba3fa6/left.png
door,2838e4c1d82a7520eb3a9f0336ba3fa6,back,ok,0.209282,512,121,0.236328,512,0a5173a286d0b21a935f0354c5785d64910da6c729ded3095df4a80b1c6de3ee,true,/cpfs/user/zhuzihou/assets/dedup_workspaces/test0_transitive_apply_parallel/dataset/GRScenes_assets/door/2838e4c1d82a7520eb3a9f0336ba3fa6/back.png
door,2838e4c1d82a7520eb3a9f0336ba3fa6,right,ok,0.241402,278,309,0.327690,309,c03cc653889d22f6fc63deaa8652189cd57f6e84ce284610e57b1038c8ea90cc,true,/cpfs/user/zhuzihou/assets/dedup_workspaces/test0_transitive_apply_parallel/dataset/GRScenes_assets/door/2838e4c1d82a7520eb3a9f0336ba3fa6/right.png
door,2887d9eaa37a51070b54e7ae9bd582d4,front,ok,0.297779,492,224,0.420410,492,da4bb977b595a82d1195aa7e971aff7b927c685d36948470541edf707ec922ed,true,/cpfs/user/zhuzihou/assets/dedup_workspaces/test0_transitive_apply_parallel/dataset/GRScenes_assets/door/2887d9eaa37a51070b54e7ae9bd582d4/front.png
door,2887d9eaa37a51070b54e7ae9bd582d4,left,ok,0.109184,119,427,0.193836,427,aed1aba0606a65e9ce71b52007e9928fa9fc69229b2fe30d1cc5f144655f7f1b,true,/cpfs/user/zhuzihou/assets/dedup_workspaces/test0_transitive_apply_parallel/dataset/GRScenes_assets/door/2887d9eaa37a51070b54e7ae9bd582d4/left.png
door,2887d9eaa37a51070b54e7ae9bd582d4,back,ok,0.310352,484,222,0.409882,484,fd3019524e397939450298a2bdb1a4e8579b61ecda41e6d56645aa68078a0d59,true,/cpfs/user/zhuzihou/assets/dedup_workspaces/test0_transitive_apply_parallel/dataset/GRScenes_assets/door/2887d9eaa37a51070b54e7ae9bd582d4/back.png
door,2887d9eaa37a51070b54e7ae9bd582d4,right,ok,0.125988,118,427,0.192207,427,2db902265ed06196997af11704f0310adf9c45b4b4cb93234ee9defa5555ef5d,true,/cpfs/user/zhuzihou/assets/dedup_workspaces/test0_transitive_apply_parallel/dataset/GRScenes_assets/door/2887d9eaa37a51070b54e7ae9bd582d4/right.png
door,2b0f335f8f68450a845c35a663bcaec2,front,ok,0.359409,428,264,0.431030,428,fe477c522142a7d74281234e192be50a73b3a74d338f1fc072b2699dbf1acc99,true,/cpfs/user/zhuzihou/assets/dedup_workspaces/test0_transitive_apply_parallel/dataset/GRScenes_assets/door/2b0f335f8f68450a845c35a663bcaec2/front.png
door,2b0f335f8f68450a845c35a663bcaec2,left,ok,0.027546,25,454,0.043297,454,0c8bf2aec11edee58d0979114f0f64540db8ef2ec7115e512e4dc7e57a3e2d04,true,/cpfs/user/zhuzihou/assets/dedup_workspaces/test0_transitive_apply_parallel/dataset/GRScenes_assets/door/2b0f335f8f68450a845c35a663bcaec2/left.png
door,2b0f335f8f68450a845c35a663bcaec2,back,ok,0.366650,422,270,0.434647,422,f78d513fbb55a25a2ca28360218edaa93e18116ddad1ade1f137b592440d82b2,true,/cpfs/user/zhuzihou/assets/dedup_workspaces/test0_transitive_apply_parallel/dataset/GRScenes_assets/door/2b0f335f8f68450a845c35a663bcaec2/back.png
door,2b0f335f8f68450a845c35a663bcaec2,right,ok,0.027546,25,454,0.043297,454,590bd146ec16a3b1c856dd29af316c5d0e37d25b8b1a49bb7a1d87288011ae94,true,/cpfs/user/zhuzihou/assets/dedup_workspaces/test0_transitive_apply_parallel/dataset/GRScenes_assets/door/2b0f335f8f68450a845c35a663bcaec2/right.png
door,2ef8706f62ef9fda7547857a3e07c1b6,front,ok,0.303253,486,183,0.339272,486,316105465391282235311eac095d69d7539873bf115871b0a22628d4cba9b960,true,/cpfs/user/zhuzihou/assets/dedup_workspaces/test0_transitive_apply_parallel/dataset/GRScenes_assets/door/2ef8706f62ef9fda7547857a3e07c1b6/front.png
door,2ef8706f62ef9fda7547857a3e07c1b6,left,ok,0.106148,93,414,0.146873,414,f62e1a4c1d8bd138ae2be213fe305c776dfa5e53c46e0845e20d8787c01e0084,true,/cpfs/user/zhuzihou/assets/dedup_workspaces/test0_transitive_apply_parallel/dataset/GRScenes_assets/door/2ef8706f62ef9fda7547857a3e07c1b6/left.png
door,2ef8706f62ef9fda7547857a3e07c1b6,back,ok,0.314735,498,186,0.353348,498,3a63ce930d5d36fb5f3fddf7a0af71093f23e35fcd90d1afe4cef7875b97d2d3,true,/cpfs/user/zhuzihou/assets/dedup_workspaces/test0_transitive_apply_parallel/dataset/GRScenes_assets/door/2ef8706f62ef9fda7547857a3e07c1b6/back.png
door,2ef8706f62ef9fda7547857a3e07c1b6,right,ok,0.104980,91,414,0.143715,414,26694911be2b8d06eb7959b3d650801259fdd60a1dd1f8a3c743f414d1291744,true,/cpfs/user/zhuzihou/assets/dedup_workspaces/test0_transitive_apply_parallel/dataset/GRScenes_assets/door/2ef8706f62ef9fda7547857a3e07c1b6/right.png
door,2fe977536d21375aec9e76a3c9d82d32,front,ok,0.303722,448,232,0.396484,448,1582310320267f83cfadf39777ad472eb10bb6f85f0636cbe4c49eff79c269ec,true,/cpfs/user/zhuzihou/assets/dedup_workspaces/test0_transitive_apply_parallel/dataset/GRScenes_assets/door/2fe977536d21375aec9e76a3c9d82d32/front.png
door,2fe977536d21375aec9e76a3c9d82d32,left,ok,0.297287,478,206,0.375626,478,6a756fa8734deff910d18775deca81d6b4b5d36c1de37c11569f90a45f2c334c,true,/cpfs/user/zhuzihou/assets/dedup_workspaces/test0_transitive_apply_parallel/dataset/GRScenes_assets/door/2fe977536d21375aec9e76a3c9d82d32/left.png
door,2fe977536d21375aec9e76a3c9d82d32,back,ok,0.308945,448,232,0.396484,448,2a55d2cee4e6c264d54c36a7cf7e967ad093ef602f016e6507bf81609e3ed7d6,true,/cpfs/user/zhuzihou/assets/dedup_workspaces/test0_transitive_apply_parallel/dataset/GRScenes_assets/door/2fe977536d21375aec9e76a3c9d82d32/back.png
door,2fe977536d21375aec9e76a3c9d82d32,right,ok,0.294540,478,205,0.373802,478,81cda8eeb46d30b14df1e5156b08d505b3954b01e86156dd3fb5fcd573549cb2,true,/cpfs/user/zhuzihou/assets/dedup_workspaces/test0_transitive_apply_parallel/dataset/GRScenes_assets/door/2fe977536d21375aec9e76a3c9d82d32/right.png
door,301fc5a5bbb3a65ec04dc378d7932405,front,ok,0.230118,501,189,0.361210,501,a62305772ee5f6beb9823b100f3ca62561ff14aa1b809ac71d7ac780c2030899,true,/cpfs/user/zhuzihou/assets/dedup_workspaces/test0_transitive_apply_parallel/dataset/GRScenes_assets/door/301fc5a5bbb3a65ec04dc378d7932405/front.png
door,301fc5a5bbb3a65ec04dc378d7932405,left,ok,0.089413,110,413,0.173302,413,937d9c90dc56021b7190cdee6b2f3445d339aa78cbce3ea75cf1a1357e257ead,true,/cpfs/user/zhuzihou/assets/dedup_workspaces/test0_transitive_apply_parallel/dataset/GRScenes_assets/door/301fc5a5bbb3a65ec04dc378d7932405/left.png
door,301fc5a5bbb3a65ec04dc378d7932405,back,ok,0.255352,492,187,0.350967,492,c6ec9a30968dfd4cba46a46cca03f3002af40f22d619fb02aa59f38b2388a1f1,true,/cpfs/user/zhuzihou/assets/dedup_workspaces/test0_transitive_apply_parallel/dataset/GRScenes_assets/door/301fc5a5bbb3a65ec04dc378d7932405/back.png
door,301fc5a5bbb3a65ec04dc378d7932405,right,ok,0.117725,109,413,0.171726,413,3b6dedbd303d21aa12f9f8d3d1ea2837a2496f5decfe2b2f20ede98c6e6be992,true,/cpfs/user/zhuzihou/assets/dedup_workspaces/test0_transitive_apply_parallel/dataset/GRScenes_assets/door/301fc5a5bbb3a65ec04dc378d7932405/right.png
door,335894167f30bc3eaec5e9c690f1af5e,front,ok,0.208229,494,157,0.295860,494,c98daf65612ffbdb44456cae0cdfed7e46cf82f8bc48039d9e4dc751285a5bec,true,/cpfs/user/zhuzihou/assets/dedup_workspaces/test0_transitive_apply_parallel/dataset/GRScenes_assets/door/335894167f30bc3eaec5e9c690f1af5e/front.png
door,335894167f30bc3eaec5e9c690f1af5e,left,ok,0.062981,59,406,0.091377,406,285bbbedbb31a7f90d9b15e833e6f865bef7ae24ffd649226a18511f9e0c7567,true,/cpfs/user/zhuzihou/assets/dedup_workspaces/test0_transitive_apply_parallel/dataset/GRScenes_assets/door/335894167f30bc3eaec5e9c690f1af5e/left.png
door,335894167f30bc3eaec5e9c690f1af5e,back,ok,0.199512,484,155,0.286179,484,4821df7770dce719264253eee1ac5e339ea579678344cda0216011efca00fab4,true,/cpfs/user/zhuzihou/assets/dedup_workspaces/test0_transitive_apply_parallel/dataset/GRScenes_assets/door/335894167f30bc3eaec5e9c690f1af5e/back.png
door,335894167f30bc3eaec5e9c690f1af5e,right,ok,0.065731,59,406,0.091377,406,734572f8ba9de9f43a23b8426d8646e1ac71b52dda0c76bbd96e1a87f70fa8e2,true,/cpfs/user/zhuzihou/assets/dedup_workspaces/test0_transitive_apply_parallel/dataset/GRScenes_assets/door/335894167f30bc3eaec5e9c690f1af5e/right.png
door,363281323a527dba77dde702cff35ba4,front,ok,0.237823,512,139,0.271484,512,c3ed2309d9d05adab93658422aa1cc35941633a8fbd15236d5479f37d2be7f39,true,/cpfs/user/zhuzihou/assets/dedup_workspaces/test0_transitive_apply_parallel/dataset/GRScenes_assets/door/363281323a527dba77dde702cff35ba4/front.png
door,363281323a527dba77dde702cff35ba4,left,ok,0.269802,318,302,0.366348,318,08bd8398d2b1f2e3417642566d4cb77355568c12eeee389db32fe48035753595,true,/cpfs/user/zhuzihou/assets/dedup_workspaces/test0_transitive_apply_parallel/dataset/GRScenes_assets/door/363281323a527dba77dde702cff35ba4/left.png
door,363281323a527dba77dde702cff35ba4,back,ok,0.237968,512,139,0.271484,512,6f3264d3025b4714b8ad3bb68c8715cf25b601be07ca5ff81fd3367e38b5c8d4,true,/cpfs/user/zhuzihou/assets/dedup_workspaces/test0_transitive_apply_parallel/dataset/GRScenes_assets/door/363281323a527dba77dde702cff35ba4/back.png
door,363281323a527dba77dde702cff35ba4,right,ok,0.270290,318,300,0.363922,318,302f549844d6dc86bde3f5096dd766206dd38651888bb0ed5c5c063190680435,true,/cpfs/user/zhuzihou/assets/dedup_workspaces/test0_transitive_apply_parallel/dataset/GRScenes_assets/door/363281323a527dba77dde702cff35ba4/right.png
door,368812ebffe23e3f3de16ae99580327c,front,ok,0.389942,460,263,0.461502,460,4e4eb256d71da92021b24879338803882ce129fbc4c12746fbcde82f2db8c2f4,true,/cpfs/user/zhuzihou/assets/dedup_workspaces/test0_transitive_apply_parallel/dataset/GRScenes_assets/door/368812ebffe23e3f3de16ae99580327c/front.png
door,368812ebffe23e3f3de16ae99580327c,left,ok,0.101479,89,447,0.151760,447,ea8878fb59066be4f1e8fb53b46fd404a46833daf432d849e69b6d59bbb7ab0e,true,/cpfs/user/zhuzihou/assets/dedup_workspaces/test0_transitive_apply_parallel/dataset/GRScenes_assets/door/368812ebffe23e3f3de16ae99580327c/left.png
door,368812ebffe23e3f3de16ae99580327c,back,ok,0.383228,456,261,0.454010,456,e79ff0ce9b1bc6ee60fae9f48e584051bd5c1749d7bda1a298db4e03d3f0990b,true,/cpfs/user/zhuzihou/assets/dedup_workspaces/test0_transitive_apply_parallel/dataset/GRScenes_assets/door/368812ebffe23e3f3de16ae99580327c/back.png
door,368812ebffe23e3f3de16ae99580327c,right,ok,0.112640,89,447,0.151760,447,f688a27dfe0db91a089e2127e2321ee40db700835529dec1e69368681dbfbd58,true,/cpfs/user/zhuzihou/assets/dedup_workspaces/test0_transitive_apply_parallel/dataset/GRScenes_assets/door/368812ebffe23e3f3de16ae99580327c/right.png
door,3c1275839d3652f8d33a95f713695c3c,front,ok,0.377831,394,304,0.456909,394,cfd94fb20b2114d30308808f607d892bfa8206f2749cab213b945b96068cce72,true,/cpfs/user/zhuzihou/assets/dedup_workspaces/test0_transitive_apply_parallel/dataset/GRScenes_assets/door/3c1275839d3652f8d33a95f713695c3c/front.png
door,3c1275839d3652f8d33a95f713695c3c,left,ok,0.046436,34,458,0.059402,458,41f5feb091ad75a96188113746bd0af569f9d641a7a3dc1f8c36ff5f3844f015,true,/cpfs/user/zhuzihou/assets/dedup_workspaces/test0_transitive_apply_parallel/dataset/GRScenes_assets/door/3c1275839d3652f8d33a95f713695c3c/left.png
door,3c1275839d3652f8d33a95f713695c3c,back,ok,0.377853,394,304,0.456909,394,58e6b2d79ab908eeb7239f583b717bd5b106a2b11746dd638cc19d4bfd5cc0c9,true,/cpfs/user/zhuzihou/assets/dedup_workspaces/test0_transitive_apply_parallel/dataset/GRScenes_assets/door/3c1275839d3652f8d33a95f713695c3c/back.png
door,3c1275839d3652f8d33a95f713695c3c,right,ok,0.046169,34,458,0.059402,458,7679a4c62ecb400d7b87d6eca34a05b35e5eb1bcc377e0f1e7872182061193de,true,/cpfs/user/zhuzihou/assets/dedup_workspaces/test0_transitive_apply_parallel/dataset/GRScenes_assets/door/3c1275839d3652f8d33a95f713695c3c/right.png
door,3c64725c5bb65ddf2a447380c06927df,front,ok,0.314518,448,194,0.331543,448,8c7cf3346a19a0ed93a8ca1a41b57b1a4b0e8bb4acbecd09c5f504e5d3e03ca2,true,/cpfs/user/zhuzihou/assets/dedup_workspaces/test0_transitive_apply_parallel/dataset/GRScenes_assets/door/3c64725c5bb65ddf2a447380c06927df/front.png
door,3c64725c5bb65ddf2a447380c06927df,left,ok,0.167080,184,411,0.288483,411,586281a2733a03148594bf0d8dce532d4f20a7886e2dbc12ddd9f42e5bc498eb,true,/cpfs/user/zhuzihou/assets/dedup_workspaces/test0_transitive_apply_parallel/dataset/GRScenes_assets/door/3c64725c5bb65ddf2a447380c06927df/left.png
door,3c64725c5bb65ddf2a447380c06927df,back,ok,0.249527,500,150,0.286102,500,1de454fdb6e81c01c12a692326b1c4946cd89843cce74be2cd3f67c56f5b33d6,true,/cpfs/user/zhuzihou/assets/dedup_workspaces/test0_transitive_apply_parallel/dataset/GRScenes_assets/door/3c64725c5bb65ddf2a447380c06927df/back.png
door,3c64725c5bb65ddf2a447380c06927df,right,ok,0.163322,184,411,0.288483,411,91dcdecc57afb6b98ed0ad38524a8f99b8930ad7d617d133cb298fa7b8e7782d,true,/cpfs/user/zhuzihou/assets/dedup_workspaces/test0_transitive_apply_parallel/dataset/GRScenes_assets/door/3c64725c5bb65ddf2a447380c06927df/right.png
door,423f96ca9b5a8c745d4b5241394cc529,front,ok,0.296143,380,275,0.398636,380,b5e85f141b686f1e8d8269a14963f6094b6e304b8acac79114aa0fbc68c7fc26,true,/cpfs/user/zhuzihou/assets/dedup_workspaces/test0_transitive_apply_parallel/dataset/GRScenes_assets/door/423f96ca9b5a8c745d4b5241394cc529/front.png
door,423f96ca9b5a8c745d4b5241394cc529,left,ok,0.270561,508,167,0.323624,508,67e9fdcd2033a865e90c4e57dbce3c0fd68023c90e7ecbfc20b8073b6418e744,true,/cpfs/user/zhuzihou/assets/dedup_workspaces/test0_transitive_apply_parallel/dataset/GRScenes_assets/door/423f96ca9b5a8c745d4b5241394cc529/left.png
door,423f96ca9b5a8c745d4b5241394cc529,back,ok,0.302509,380,275,0.398636,380,7ee4ba9f382c4ad5f7a8afb0786f7c040da8abf4605bb45d2d8f8155e878b538,true,/cpfs/user/zhuzihou/assets/dedup_workspaces/test0_transitive_apply_parallel/dataset/GRScenes_assets/door/423f96ca9b5a8c745d4b5241394cc529/back.png
door,423f96ca9b5a8c745d4b5241394cc529,right,ok,0.266281,508,167,0.323624,508,e780f926129524f892e2fee6d586a4e72998df0818637841f3e55c812cb8dc25,true,/cpfs/user/zhuzihou/assets/dedup_workspaces/test0_transitive_apply_parallel/dataset/GRScenes_assets/door/423f96ca9b5a8c745d4b5241394cc529/right.png
door,4272d6880f06ac27835371374438d904,front,ok,0.260841,504,166,0.319153,504,dbb37ad0ffe5d1cce301b967268aa3b92b644efc38aa59af808ecf456221291d,true,/cpfs/user/zhuzihou/assets/dedup_workspaces/test0_transitive_apply_parallel/dataset/GRScenes_assets/door/4272d6880f06ac27835371374438d904/front.png
door,4272d6880f06ac27835371374438d904,left,ok,0.297836,384,269,0.394043,384,5c657c23478c3c44c297c8f362591bff22f3aba1dc8e4f4882fba82953d890ec,true,/cpfs/user/zhuzihou/assets/dedup_workspaces/test0_transitive_apply_parallel/dataset/GRScenes_assets/door/4272d6880f06ac27835371374438d904/left.png
door,4272d6880f06ac27835371374438d904,back,ok,0.265331,504,166,0.319153,504,a3876442bf55c56dbf2f85dae922637ad087b6b29deb07566e4afa39f832040b,true,/cpfs/user/zhuzihou/assets/dedup_workspaces/test0_transitive_apply_parallel/dataset/GRScenes_assets/door/4272d6880f06ac27835371374438d904/back.png
door,4272d6880f06ac27835371374438d904,right,ok,0.293449,384,269,0.394043,384,d6312396b41470e83238052ba0843899ce839fc3c6cfde32e641b7e9c3a30b42,true,/cpfs/user/zhuzihou/assets/dedup_workspaces/test0_transitive_apply_parallel/dataset/GRScenes_assets/door/4272d6880f06ac27835371374438d904/right.png
door,442c70f66ce94f5bcd3b939e041e39e6,front,ok,0.290966,386,262,0.385788,386,f278864b4569a1ba3c1b5440f4e37d27a26a35cb9ba457fae13ea58134706cda,true,/cpfs/user/zhuzihou/assets/dedup_workspaces/test0_transitive_apply_parallel/dataset/GRScenes_assets/door/442c70f66ce94f5bcd3b939e041e39e6/front.png
door,442c70f66ce94f5bcd3b939e041e39e6,left,ok,0.257404,502,162,0.310226,502,fbd9a72700e2506bc458be5f760747c5603aeb1f51c2f6f44943c3633a9e744e,true,/cpfs/user/zhuzihou/assets/dedup_workspaces/test0_transitive_apply_parallel/dataset/GRScenes_assets/door/442c70f66ce94f5bcd3b939e041e39e6/left.png
door,442c70f66ce94f5bcd3b939e041e39e6,back,ok,0.290981,386,262,0.385788,386,9f67a9c512b4b736db4971b88bf24d30427633e4cbf92fab1aad6877ca0996c8,true,/cpfs/user/zhuzihou/assets/dedup_workspaces/test0_transitive_apply_parallel/dataset/GRScenes_assets/door/442c70f66ce94f5bcd3b939e041e39e6/back.png
door,442c70f66ce94f5bcd3b939e041e39e6,right,ok,0.257408,502,162,0.310226,502,d40527cb24266abc13dba9598e34af644abc51daa5b87691966e8721fb508073,true,/cpfs/user/zhuzihou/assets/dedup_workspaces/test0_transitive_apply_parallel/dataset/GRScenes_assets/door/442c70f66ce94f5bcd3b939e041e39e6/right.png
door,47151d57b3c662ad3dfff8a11eceb59a,front,ok,0.096291,480,187,0.342407,480,508947fb01b755e852d0ef6ac70c7ba5cf694507e8eb1d38972ed499f81fb222,true,/cpfs/user/zhuzihou/assets/dedup_workspaces/test0_transitive_apply_parallel/dataset/GRScenes_assets/door/47151d57b3c662ad3dfff8a11eceb59a/front.png
door,47151d57b3c662ad3dfff8a11eceb59a,left,ok,0.052975,46,421,0.073875,421,e3e8025bc4d498cd32851fed5f3ebb2311cfeefaec8e618eed9c0c4b52251d25,true,/cpfs/user/zhuzihou/assets/dedup_workspaces/test0_transitive_apply_parallel/dataset/GRScenes_assets/door/47151d57b3c662ad3dfff8a11eceb59a/left.png
door,47151d57b3c662ad3dfff8a11eceb59a,back,ok,0.096313,481,187,0.343121,481,ab879eb2f17b927f8e7c4ad193896f573542827f21d9b622fea09e99252806fd,true,/cpfs/user/zhuzihou/assets/dedup_workspaces/test0_transitive_apply_parallel/dataset/GRScenes_assets/door/47151d57b3c662ad3dfff8a11eceb59a/back.png
door,47151d57b3c662ad3dfff8a11eceb59a,right,ok,0.055611,46,421,0.073875,421,5fcf98da48a0b7509a76462ccb2cb3cd973a67158320ccee741fb0bfbaef67a2,true,/cpfs/user/zhuzihou/assets/dedup_workspaces/test0_transitive_apply_parallel/dataset/GRScenes_assets/door/47151d57b3c662ad3dfff8a11eceb59a/right.png
door,47bf3fd236bc0647cba641174608b7a7,front,ok,0.106815,459,243,0.425480,459,7002f92c646838adb6c5c01b9c0906221486234156c00a0c1ce989aeddc698f9,true,/cpfs/user/zhuzihou/assets/dedup_workspaces/test0_transitive_apply_parallel/dataset/GRScenes_assets/door/47bf3fd236bc0647cba641174608b7a7/front.png
door,47bf3fd236bc0647cba641174608b7a7,left,ok,0.065517,58,443,0.098015,443,fca533db3be7f82732f22f55a1354095a1e173f79707b516d3a0c74a58d79956,true,/cpfs/user/zhuzihou/assets/dedup_workspaces/test0_transitive_apply_parallel/dataset/GRScenes_assets/door/47bf3fd236bc0647cba641174608b7a7/left.png
door,47bf3fd236bc0647cba641174608b7a7,back,ok,0.106964,460,243,0.426407,460,a7ae11e4c3e7f331431e25f93861a7a5ab8670e1e7c6bd069f10cabd5f66f452,true,/cpfs/user/zhuzihou/assets/dedup_workspaces/test0_transitive_apply_parallel/dataset/GRScenes_assets/door/47bf3fd236bc0647cba641174608b7a7/back.png
door,47bf3fd236bc0647cba641174608b7a7,right,ok,0.071564,56,443,0.094635,443,b34596e7e4a00d7890797ac2f99e18b3584e00525d0246d015fbd8436911e3a6,true,/cpfs/user/zhuzihou/assets/dedup_workspaces/test0_transitive_apply_parallel/dataset/GRScenes_assets/door/47bf3fd236bc0647cba641174608b7a7/right.png
door,496c1e35404570c616e61398ae58f7e9,front,ok,0.105644,460,228,0.400085,460,6585d05d00d75d6759de907045b5c6295ca8f6656fa1d553a6f72cde21dfef21,true,/cpfs/user/zhuzihou/assets/dedup_workspaces/test0_transitive_apply_parallel/dataset/GRScenes_assets/door/496c1e35404570c616e61398ae58f7e9/front.png
door,496c1e35404570c616e61398ae58f7e9,left,ok,0.092930,472,218,0.392517,472,b6ae0b0f770a85d0cd9b2beda9bfa588eec3f56b51794a87e575b92882345651,true,/cpfs/user/zhuzihou/assets/dedup_workspaces/test0_transitive_apply_parallel/dataset/GRScenes_assets/door/496c1e35404570c616e61398ae58f7e9/left.png
door,496c1e35404570c616e61398ae58f7e9,back,ok,0.105610,460,228,0.400085,460,5fe38b96accb7c22bb06cff2ba19386f4e12055d700a901b1060c81ba7d42cc9,true,/cpfs/user/zhuzihou/assets/dedup_workspaces/test0_transitive_apply_parallel/dataset/GRScenes_assets/door/496c1e35404570c616e61398ae58f7e9/back.png
door,496c1e35404570c616e61398ae58f7e9,right,ok,0.109894,472,217,0.390717,472,c058964e0582dbe03be8d4f5c4af7ecb70ddf399f776770f15e9bb5bf265dcc7,true,/cpfs/user/zhuzihou/assets/dedup_workspaces/test0_transitive_apply_parallel/dataset/GRScenes_assets/door/496c1e35404570c616e61398ae58f7e9/right.png
door,4981ca17c3b1c1e3b842321d388389db,front,ok,0.229263,512,134,0.261719,512,afa01655a197138f5e2508f13d101b66e2d809b2df52579caffdfee681514e71,true,/cpfs/user/zhuzihou/assets/dedup_workspaces/test0_transitive_apply_parallel/dataset/GRScenes_assets/door/4981ca17c3b1c1e3b842321d388389db/front.png
door,4981ca17c3b1c1e3b842321d388389db,left,ok,0.259544,308,302,0.354828,308,2b25c482c311e80b20cf32ce56a07a14d89368df88dfd45386ece4a50ce80afd,true,/cpfs/user/zhuzihou/assets/dedup_workspaces/test0_transitive_apply_parallel/dataset/GRScenes_assets/door/4981ca17c3b1c1e3b842321d388389db/left.png
door,4981ca17c3b1c1e3b842321d388389db,back,ok,0.229309,512,134,0.261719,512,769d5c7d2bf0d93f0c8b30bc83db902f62a60c20b6ec36c9022d91ae4f3d2d26,true,/cpfs/user/zhuzihou/assets/dedup_workspaces/test0_transitive_apply_parallel/dataset/GRScenes_assets/door/4981ca17c3b1c1e3b842321d388389db/back.png
door,4981ca17c3b1c1e3b842321d388389db,right,ok,0.262688,308,302,0.354828,308,12ee7dd80a48f4684abf787038f9481961cc442c765162b31b52f25c491a2d9e,true,/cpfs/user/zhuzihou/assets/dedup_workspaces/test0_transitive_apply_parallel/dataset/GRScenes_assets/door/4981ca17c3b1c1e3b842321d388389db/right.png
door,4ab04d704a7bc95ea2c5f93ff3032d92,front,ok,0.369946,436,266,0.442413,436,462542107bec642a73f0d6b6e92f843eb5f91fce0f740e2d7ccc419890b2fc7e,true,/cpfs/user/zhuzihou/assets/dedup_workspaces/test0_transitive_apply_parallel/dataset/GRScenes_assets/door/4ab04d704a7bc95ea2c5f93ff3032d92/front.png
door,4ab04d704a7bc95ea2c5f93ff3032d92,left,ok,0.050594,40,452,0.068970,452,a4b652fb45b483ac609c81ad4502310a3412b50189a0c6bfe1874926d05fa632,true,/cpfs/user/zhuzihou/assets/dedup_workspaces/test0_transitive_apply_parallel/dataset/GRScenes_assets/door/4ab04d704a7bc95ea2c5f93ff3032d92/left.png
door,4ab04d704a7bc95ea2c5f93ff3032d92,back,ok,0.369923,436,266,0.442413,436,664b76ef3d76c6555f51e1179149f5b4f4521acdebc7b3c8115639f568e5e66f,true,/cpfs/user/zhuzihou/assets/dedup_workspaces/test0_transitive_apply_parallel/dataset/GRScenes_assets/door/4ab04d704a7bc95ea2c5f93ff3032d92/back.png
door,4ab04d704a7bc95ea2c5f93ff3032d92,right,ok,0.051437,39,452,0.067245,452,8ac90be6f49c254ee2efd1979b608eeb6f8127ed45dae5c45b6cce6defe28756,true,/cpfs/user/zhuzihou/assets/dedup_workspaces/test0_transitive_apply_parallel/dataset/GRScenes_assets/door/4ab04d704a7bc95ea2c5f93ff3032d92/right.png
door,4c630345d638858e6258da1980c2367c,front,ok,0.370678,446,274,0.466171,446,9c2a908914cae2aa7473603d3543b70fafecc1d65d4e0785c9a0aaea3acd8bed,true,/cpfs/user/zhuzihou/assets/dedup_workspaces/test0_transitive_apply_parallel/dataset/GRScenes_assets/door/4c630345d638858e6258da1980c2367c/front.png
door,4c630345d638858e6258da1980c2367c,left,ok,0.102879,82,450,0.140762,450,79e3038ecd1a2001c953a91590ddd10d92a5dbe2e9110480ab7333762ce84cf4,true,/cpfs/user/zhuzihou/assets/dedup_workspaces/test0_transitive_apply_parallel/dataset/GRScenes_assets/door/4c630345d638858e6258da1980c2367c/left.png
door,4c630345d638858e6258da1980c2367c,back,ok,0.391956,446,274,0.466171,446,ccc977da0dbe79d2918ca48a9c590cb8b2d6abfbe005e6cb5a06d29c9578d9b0,true,/cpfs/user/zhuzihou/assets/dedup_workspaces/test0_transitive_apply_parallel/dataset/GRScenes_assets/door/4c630345d638858e6258da1980c2367c/back.png
door,4c630345d638858e6258da1980c2367c,right,ok,0.095753,80,450,0.137329,450,fd367805f7c4418bdc677c28d4945db7875594e1a89c33ab3fdcb9a57f049a46,true,/cpfs/user/zhuzihou/assets/dedup_workspaces/test0_transitive_apply_parallel/dataset/GRScenes_assets/door/4c630345d638858e6258da1980c2367c/right.png
door,4dce3ae783f11c472b07b10a1c8d6541,front,ok,0.206654,512,121,0.236328,512,a78f2d943b45746ae0d9f286dcbc54377e681d6e1f9c29b90fc206700b229256,true,/cpfs/user/zhuzihou/assets/dedup_workspaces/test0_transitive_apply_parallel/dataset/GRScenes_assets/door/4dce3ae783f11c472b07b10a1c8d6541/front.png
door,4dce3ae783f11c472b07b10a1c8d6541,left,ok,0.235352,270,314,0.323410,314,0606be5c55dcf5382c0dadc8b651cfa75b48259e5d7ac750d49f2125a6ce1fe1,true,/cpfs/user/zhuzihou/assets/dedup_workspaces/test0_transitive_apply_parallel/dataset/GRScenes_assets/door/4dce3ae783f11c472b07b10a1c8d6541/left.png
door,4dce3ae783f11c472b07b10a1c8d6541,back,ok,0.206589,512,121,0.236328,512,ce743d45e6e4eda1f6d4a54a644ed8a7c2dc76c9fcf9b4b4ee7a211e14dec5f5,true,/cpfs/user/zhuzihou/assets/dedup_workspaces/test0_transitive_apply_parallel/dataset/GRScenes_assets/door/4dce3ae783f11c472b07b10a1c8d6541/back.png
door,4dce3ae783f11c472b07b10a1c8d6541,right,ok,0.233112,270,314,0.323410,314,98d2ef20f540a665a0dd74e7627115dc1d3c13d205a4f85f3ec5c66b1f8761a6,true,/cpfs/user/zhuzihou/assets/dedup_workspaces/test0_transitive_apply_parallel/dataset/GRScenes_assets/door/4dce3ae783f11c472b07b10a1c8d6541/right.png
door,4edbccca050de96311b7561cb86b4f14,front,ok,0.199890,512,116,0.226562,512,06759afcd3dc86a9b68a835b342cdde9f703ac690475528bbd478ad27e15d7c0,true,/cpfs/user/zhuzihou/assets/dedup_workspaces/test0_transitive_apply_parallel/dataset/GRScenes_assets/door/4edbccca050de96311b7561cb86b4f14/front.png
door,4edbccca050de96311b7561cb86b4f14,left,ok,0.227592,258,317,0.311989,317,fe1fce4bbedb5865a9f0bf967031565d0901174aa9807d2b80cba43d6dcf0f26,true,/cpfs/user/zhuzihou/assets/dedup_workspaces/test0_transitive_apply_parallel/dataset/GRScenes_assets/door/4edbccca050de96311b7561cb86b4f14/left.png
door,4edbccca050de96311b7561cb86b4f14,back,ok,0.199894,512,116,0.226562,512,897f531f41ee273d0bcd070d712e121b545bb6ab535babb574a8d8d91f4cb194,true,/cpfs/user/zhuzihou/assets/dedup_workspaces/test0_transitive_apply_parallel/dataset/GRScenes_assets/door/4edbccca050de96311b7561cb86b4f14/back.png
door,4edbccca050de96311b7561cb86b4f14,right,ok,0.225773,258,316,0.311005,316,a0fe0ba906f73b6a8bdcfd25bf3cff35b87d4e825025373a6c6531effd0cd89c,true,/cpfs/user/zhuzihou/assets/dedup_workspaces/test0_transitive_apply_parallel/dataset/GRScenes_assets/door/4edbccca050de96311b7561cb86b4f14/right.png
door,50a219ca7c9a3382972f6cc533f18648,front,ok,0.221390,512,131,0.255859,512,7a62040c8a03d8970496bbc18b61625ef18c508d51445183dee539391520b52a,true,/cpfs/user/zhuzihou/assets/dedup_workspaces/test0_transitive_apply_parallel/dataset/GRScenes_assets/door/50a219ca7c9a3382972f6cc533f18648/front.png
door,50a219ca7c9a3382972f6cc533f18648,left,ok,0.253136,296,308,0.347778,308,1224b28a288686da9c99b7908a2eadda85c67af18a170bbfeed7ca8f285f4a39,true,/cpfs/user/zhuzihou/assets/dedup_workspaces/test0_transitive_apply_parallel/dataset/GRScenes_assets/door/50a219ca7c9a3382972f6cc533f18648/left.png
door,50a219ca7c9a3382972f6cc533f18648,back,ok,0.221569,512,131,0.255859,512,e6508eec92d21e98b8888f0c37de53d008482a2fe0ba070ba832040d8c2eb414,true,/cpfs/user/zhuzihou/assets/dedup_workspaces/test0_transitive_apply_parallel/dataset/GRScenes_assets/door/50a219ca7c9a3382972f6cc533f18648/back.png
door,50a219ca7c9a3382972f6cc533f18648,right,ok,0.251022,296,308,0.347778,308,bd79a7bc66be82424cee1482158d828b78319fafdd0bc349663f5013d694565f,true,/cpfs/user/zhuzihou/assets/dedup_workspaces/test0_transitive_apply_parallel/dataset/GRScenes_assets/door/50a219ca7c9a3382972f6cc533f18648/right.png
door,531e4831360924341588c269d286d098,front,ok,0.143684,453,245,0.423374,453,104d815a797c9f0cd60cdf686bba258565e0d20583bfe93d6a185767678d9646,true,/cpfs/user/zhuzihou/assets/dedup_workspaces/test0_transitive_apply_parallel/dataset/GRScenes_assets/door/531e4831360924341588c269d286d098/front.png
door,531e4831360924341588c269d286d098,left,ok,0.056202,43,445,0.072994,445,dda1ef13d9a31fd7334e152ecfe71745935009960b8accce616af797798d04d7,true,/cpfs/user/zhuzihou/assets/dedup_workspaces/test0_transitive_apply_parallel/dataset/GRScenes_assets/door/531e4831360924341588c269d286d098/left.png
door,531e4831360924341588c269d286d098,back,ok,0.123146,453,245,0.423374,453,3fa486cd5d9f4747ecf50c407e73635876845841b9ce3bf6e7f37d7d1a350c97,true,/cpfs/user/zhuzihou/assets/dedup_workspaces/test0_transitive_apply_parallel/dataset/GRScenes_assets/door/531e4831360924341588c269d286d098/back.png
door,531e4831360924341588c269d286d098,right,ok,0.055290,43,445,0.072994,445,c67762ae8c725b42dd923d8781bc06de969b3aa1da4d4822acd850c624d08950,true,/cpfs/user/zhuzihou/assets/dedup_workspaces/test0_transitive_apply_parallel/dataset/GRScenes_assets/door/531e4831360924341588c269d286d098/right.png
door,5466b4aae1ffdd80c7b8c2171f2f3a5c,front,ok,0.124359,454,242,0.419113,454,cde348cbd53ddd75b22a374375b44e3b01515ce2e66843be6a6262b415ee03d3,true,/cpfs/user/zhuzihou/assets/dedup_workspaces/test0_transitive_apply_parallel/dataset/GRScenes_assets/door/5466b4aae1ffdd80c7b8c2171f2f3a5c/front.png
door,5466b4aae1ffdd80c7b8c2171f2f3a5c,left,ok,0.052017,41,444,0.069443,444,9b4451115613457ceb1ed9b6ce6f820eccc18761b87a893c07cefd300b97e4cc,true,/cpfs/user/zhuzihou/assets/dedup_workspaces/test0_transitive_apply_parallel/dataset/GRScenes_assets/door/5466b4aae1ffdd80c7b8c2171f2f3a5c/left.png
door,5466b4aae1ffdd80c7b8c2171f2f3a5c,back,ok,0.126549,454,242,0.419113,454,01393533b540e224da3b7b768e307eb68e9a8c136e295b519fc6a244fc715e33,true,/cpfs/user/zhuzihou/assets/dedup_workspaces/test0_transitive_apply_parallel/dataset/GRScenes_assets/door/5466b4aae1ffdd80c7b8c2171f2f3a5c/back.png
door,5466b4aae1ffdd80c7b8c2171f2f3a5c,right,ok,0.051357,40,444,0.067749,444,35d424940ce2bec106be88f34ee00b1393795be1db78a5ed3dea5747db147100,true,/cpfs/user/zhuzihou/assets/dedup_workspaces/test0_transitive_apply_parallel/dataset/GRScenes_assets/door/5466b4aae1ffdd80c7b8c2171f2f3a5c/right.png
door,549f6247f83400b71cf42d7b3072188c,front,ok,0.228100,512,144,0.281250,512,5784ec3b07d6d491569eb87b134c735a239e72a1b47f7b0304f906e5fe08ac57,true,/cpfs/user/zhuzihou/assets/dedup_workspaces/test0_transitive_apply_parallel/dataset/GRScenes_assets/door/549f6247f83400b71cf42d7b3072188c/front.png
door,549f6247f83400b71cf42d7b3072188c,left,ok,0.255283,300,316,0.361633,316,1722cca8d94ddf572cc9347af8e3273c706e1098ea07764337ab1aabd4978c3a,true,/cpfs/user/zhuzihou/assets/dedup_workspaces/test0_transitive_apply_parallel/dataset/GRScenes_assets/door/549f6247f83400b71cf42d7b3072188c/left.png
door,549f6247f83400b71cf42d7b3072188c,back,ok,0.237560,512,144,0.281250,512,85f005d43dc2eca384d8edf7efd50a1d4848ed2053223ebc776411378935f952,true,/cpfs/user/zhuzihou/assets/dedup_workspaces/test0_transitive_apply_parallel/dataset/GRScenes_assets/door/549f6247f83400b71cf42d7b3072188c/back.png
door,549f6247f83400b71cf42d7b3072188c,right,ok,0.249989,300,316,0.361633,316,e84dc1c6baf424253193513dbcc293ac2acd04b0581758ebf8279c1c4bf8e705,true,/cpfs/user/zhuzihou/assets/dedup_workspaces/test0_transitive_apply_parallel/dataset/GRScenes_assets/door/549f6247f83400b71cf42d7b3072188c/right.png
door,55421f8f6ae7b060eccc3f7859e5332b,front,ok,0.204853,512,120,0.234375,512,92832f4f667e944436e483f31b7c235dba20e04ed96967ae0524a19878516c0c,true,/cpfs/user/zhuzihou/assets/dedup_workspaces/test0_transitive_apply_parallel/dataset/GRScenes_assets/door/55421f8f6ae7b060eccc3f7859e5332b/front.png
door,55421f8f6ae7b060eccc3f7859e5332b,left,ok,0.236832,277,310,0.327568,310,4a7b83e088598cf06a167eb644d23b9b5e450423f81949e958c9d6cb65afbb1f,true,/cpfs/user/zhuzihou/assets/dedup_workspaces/test0_transitive_apply_parallel/dataset/GRScenes_assets/door/55421f8f6ae7b060eccc3f7859e5332b/left.png
door,55421f8f6ae7b060eccc3f7859e5332b,back,ok,0.204865,512,120,0.234375,512,cfc393a049d9752430c76574fbebd39760bfaa26cf6eb79d4e4332042750c934,true,/cpfs/user/zhuzihou/assets/dedup_workspaces/test0_transitive_apply_parallel/dataset/GRScenes_assets/door/55421f8f6ae7b060eccc3f7859e5332b/back.png
door,55421f8f6ae7b060eccc3f7859e5332b,right,ok,0.237110,277,309,0.326511,309,07d6e270b0d3f8dd5ca74e7d2f96151c100c4286ade28c0ecb46055c1a649163,true,/cpfs/user/zhuzihou/assets/dedup_workspaces/test0_transitive_apply_parallel/dataset/GRScenes_assets/door/55421f8f6ae7b060eccc3f7859e5332b/right.png
door,55492a43b6f1c5dd9975b97fdd7ab307,front,ok,0.227016,512,130,0.253906,512,c7dda4ddea1b1f62ca231c21dcaf13bff0e2f3ad7aaba71f6c065c73a5bc9081,true,/cpfs/user/zhuzihou/assets/dedup_workspaces/test0_transitive_apply_parallel/dataset/GRScenes_assets/door/55492a43b6f1c5dd9975b97fdd7ab307/front.png
door,55492a43b6f1c5dd9975b97fdd7ab307,left,ok,0.248104,276,319,0.335861,319,e0a0c50a53e7e2e7465bfd551ff337f1df207a7ea65bc7b6d7c6ae7d59dd77ad,true,/cpfs/user/zhuzihou/assets/dedup_workspaces/test0_transitive_apply_parallel/dataset/GRScenes_assets/door/55492a43b6f1c5dd9975b97fdd7ab307/left.png
door,55492a43b6f1c5dd9975b97fdd7ab307,back,ok,0.227005,512,130,0.253906,512,d7b949fd737c4592772eff920a2ae3dda5cf9999e6a3c7ff140f06d5648b6424,true,/cpfs/user/zhuzihou/assets/dedup_workspaces/test0_transitive_apply_parallel/dataset/GRScenes_assets/door/55492a43b6f1c5dd9975b97fdd7ab307/back.png
door,55492a43b6f1c5dd9975b97fdd7ab307,right,ok,0.248932,276,318,0.334808,318,e8310a0d3c23ac97d628b13cef0c0271aafffcc7b978939b3076971728bff3ec,true,/cpfs/user/zhuzihou/assets/dedup_workspaces/test0_transitive_apply_parallel/dataset/GRScenes_assets/door/55492a43b6f1c5dd9975b97fdd7ab307/right.png
door,56b5763f9803fa949217ea29f78210dc,front,ok,0.198761,507,205,0.396481,507,e67fcbb8d0925b061a3df65513db5679fc8112bdd7e92bc27ff6dcad27a5dd0f,true,/cpfs/user/zhuzihou/assets/dedup_workspaces/test0_transitive_apply_parallel/dataset/GRScenes_assets/door/56b5763f9803fa949217ea29f78210dc/front.png
door,56b5763f9803fa949217ea29f78210dc,left,ok,0.173485,418,280,0.446472,418,f9876513f465c5e549e6fab4263b33d012406f311f74a1762b894290a9eb2896,true,/cpfs/user/zhuzihou/assets/dedup_workspaces/test0_transitive_apply_parallel/dataset/GRScenes_assets/door/56b5763f9803fa949217ea29f78210dc/left.png
door,56b5763f9803fa949217ea29f78210dc,back,ok,0.208107,507,206,0.398415,507,e8753549d059d08ebeae73601437e28bddf0bfd9951442770f0424612b66b0b6,true,/cpfs/user/zhuzihou/assets/dedup_workspaces/test0_transitive_apply_parallel/dataset/GRScenes_assets/door/56b5763f9803fa949217ea29f78210dc/back.png
door,56b5763f9803fa949217ea29f78210dc,right,ok,0.209454,417,280,0.445404,417,e729063c591c8d7730c2a1f10a96fbcb799161671999f7aff189d1e6cb130d2a,true,/cpfs/user/zhuzihou/assets/dedup_workspaces/test0_transitive_apply_parallel/dataset/GRScenes_assets/door/56b5763f9803fa949217ea29f78210dc/right.png
door,58cac72957361501bdeb51483a8d289c,front,ok,0.086311,422,294,0.473282,422,e2c5871e959e78cb01a6b03526bbd99ef191934107e908d1dafdd6f66ff14547,true,/cpfs/user/zhuzihou/assets/dedup_workspaces/test0_transitive_apply_parallel/dataset/GRScenes_assets/door/58cac72957361501bdeb51483a8d289c/front.png
door,58cac72957361501bdeb51483a8d289c,left,ok,0.075920,72,455,0.124969,455,9d3c8bb1472dc0e6f0741281c594931564c4ee961dbb3241c28f657941fdd35e,true,/cpfs/user/zhuzihou/assets/dedup_workspaces/test0_transitive_apply_parallel/dataset/GRScenes_assets/door/58cac72957361501bdeb51483a8d289c/left.png
door,58cac72957361501bdeb51483a8d289c,back,ok,0.074520,422,294,0.473282,422,3959bd6eb0ee940034588c7b03b5658c30e627d3cee85963be3d4f6684dda713,true,/cpfs/user/zhuzihou/assets/dedup_workspaces/test0_transitive_apply_parallel/dataset/GRScenes_assets/door/58cac72957361501bdeb51483a8d289c/back.png
door,58cac72957361501bdeb51483a8d289c,right,ok,0.080917,70,455,0.121498,455,739c9ac2c922a877e2c3a9ba3bbc16ec7c21494b72053b61a57a527dce5942c0,true,/cpfs/user/zhuzihou/assets/dedup_workspaces/test0_transitive_apply_parallel/dataset/GRScenes_assets/door/58cac72957361501bdeb51483a8d289c/right.png
door,59f42b3ab8871994155d1ef72fefcdd8,front,ok,0.242775,508,146,0.282928,508,f0bcb650376b2080e4d595b6538089934222b282acd6d790b9b9f27420faf3b6,true,/cpfs/user/zhuzihou/assets/dedup_workspaces/test0_transitive_apply_parallel/dataset/GRScenes_assets/door/59f42b3ab8871994155d1ef72fefcdd8/front.png
door,59f42b3ab8871994155d1ef72fefcdd8,left,ok,0.275978,334,292,0.372040,334,2a0c2a2da9129afd1cc1d66928c0a342b15a44dafc7d76974b6fe2faf1a981f6,true,/cpfs/user/zhuzihou/assets/dedup_workspaces/test0_transitive_apply_parallel/dataset/GRScenes_assets/door/59f42b3ab8871994155d1ef72fefcdd8/left.png
door,59f42b3ab8871994155d1ef72fefcdd8,back,ok,0.242764,508,146,0.282928,508,dff1efa3cd572743cecdcb1a3433c09d644b5ea9c68fd8f25158a1629fa559c2,true,/cpfs/user/zhuzihou/assets/dedup_workspaces/test0_transitive_apply_parallel/dataset/GRScenes_assets/door/59f42b3ab8871994155d1ef72fefcdd8/back.png
door,59f42b3ab8871994155d1ef72fefcdd8,right,ok,0.278191,334,293,0.373314,334,5c8a13a194e2a61a525c487d0a3c93ee18d93f9837239707ea713f1aacfa86a5,true,/cpfs/user/zhuzihou/assets/dedup_workspaces/test0_transitive_apply_parallel/dataset/GRScenes_assets/door/59f42b3ab8871994155d1ef72fefcdd8/right.png
door,5bcba605d6b85b53f32ea5cebc5e5dfe,front,ok,0.152473,469,252,0.450851,469,ab23f6c575dbc5d62b67f1b9cc5c7ab9737d939616bfccddea0db3df5191a801,true,/cpfs/user/zhuzihou/assets/dedup_workspaces/test0_transitive_apply_parallel/dataset/GRScenes_assets/door/5bcba605d6b85b53f32ea5cebc5e5dfe/front.png
door,5bcba605d6b85b53f32ea5cebc5e5dfe,left,ok,0.119652,100,442,0.168610,442,b7e156581ac6cd25e5cd62e8173bd8b1abb594d63558a58106b746f7151b57c2,true,/cpfs/user/zhuzihou/assets/dedup_workspaces/test0_transitive_apply_parallel/dataset/GRScenes_assets/door/5bcba605d6b85b53f32ea5cebc5e5dfe/left.png
door,5bcba605d6b85b53f32ea5cebc5e5dfe,back,ok,0.152489,469,252,0.450851,469,7998e027ded886965bf6ad070a203634c7f27add871d15a353397e54a210a7dd,true,/cpfs/user/zhuzihou/assets/dedup_workspaces/test0_transitive_apply_parallel/dataset/GRScenes_assets/door/5bcba605d6b85b53f32ea5cebc5e5dfe/back.png
door,5bcba605d6b85b53f32ea5cebc5e5dfe,right,ok,0.124825,98,442,0.165237,442,82b2a987e9b908bc7e2f834de0160b6039992a4c4d47c65d5632376e102b79d7,true,/cpfs/user/zhuzihou/assets/dedup_workspaces/test0_transitive_apply_parallel/dataset/GRScenes_assets/door/5bcba605d6b85b53f32ea5cebc5e5dfe/right.png
door,5c4c99780f80b10bbdaf5a2d04fc11d1,front,ok,0.156006,492,206,0.386627,492,c3b179cc6d7d8ed15ac51139f35452a1c8580edd26be52cbcc98747667ce9f9d,true,/cpfs/user/zhuzihou/assets/dedup_workspaces/test0_transitive_apply_parallel/dataset/GRScenes_assets/door/5c4c99780f80b10bbdaf5a2d04fc11d1/front.png
door,5c4c99780f80b10bbdaf5a2d04fc11d1,left,ok,0.139282,438,253,0.422722,438,e624b09a3e5514b7baa437d84668780ff5901a29dadc13fd5d781493679f981a,true,/cpfs/user/zhuzihou/assets/dedup_workspaces/test0_transitive_apply_parallel/dataset/GRScenes_assets/door/5c4c99780f80b10bbdaf5a2d04fc11d1/left.png
door,5c4c99780f80b10bbdaf5a2d04fc11d1,back,ok,0.165882,492,206,0.386627,492,0b439ccd98d35cbff8ae9cfc1ea00744d921ca45d3aaf7d7ebe2ea0227463921,true,/cpfs/user/zhuzihou/assets/dedup_workspaces/test0_transitive_apply_parallel/dataset/GRScenes_assets/door/5c4c99780f80b10bbdaf5a2d04fc11d1/back.png
door,5c4c99780f80b10bbdaf5a2d04fc11d1,right,ok,0.146168,438,254,0.424393,438,3928c2f060c6d4529229a2199b767c5b775e3e000c5013aec73518c0b4784561,true,/cpfs/user/zhuzihou/assets/dedup_workspaces/test0_transitive_apply_parallel/dataset/GRScenes_assets/door/5c4c99780f80b10bbdaf5a2d04fc11d1/right.png
door,5fad2bce2b5b4adc2cabdcd0e54c5672,front,ok,0.078819,486,144,0.266968,486,1ad137ebfaea408f915a20506e88117523a8271a9a216cf62f427c07defb5eef,true,/cpfs/user/zhuzihou/assets/dedup_workspaces/test0_transitive_apply_parallel/dataset/GRScenes_assets/door/5fad2bce2b5b4adc2cabdcd0e54c5672/front.png
door,5fad2bce2b5b4adc2cabdcd0e54c5672,left,ok,0.042156,36,404,0.055481,404,abd1f16c3006fee8e6970ca9980916f40b928aeea9b1ffb2bcb81b81a08748a3,true,/cpfs/user/zhuzihou/assets/dedup_workspaces/test0_transitive_apply_parallel/dataset/GRScenes_assets/door/5fad2bce2b5b4adc2cabdcd0e54c5672/left.png
door,5fad2bce2b5b4adc2cabdcd0e54c5672,back,ok,0.078835,486,144,0.266968,486,2600cc47a456896278e663776f0c9bfc9272605d997125d34e9ae8a3b073482b,true,/cpfs/user/zhuzihou/assets/dedup_workspaces/test0_transitive_apply_parallel/dataset/GRScenes_assets/door/5fad2bce2b5b4adc2cabdcd0e54c5672/back.png
door,5fad2bce2b5b4adc2cabdcd0e54c5672,right,ok,0.042732,36,404,0.055481,404,b7b494b1e52bfb1815e50ff6bd299dcd5d5a6c0ab5a135e46531481dd34afaa2,true,/cpfs/user/zhuzihou/assets/dedup_workspaces/test0_transitive_apply_parallel/dataset/GRScenes_assets/door/5fad2bce2b5b4adc2cabdcd0e54c5672/right.png
door,65467d945d3adac0db42f1b04e820ba7,front,ok,0.218727,493,152,0.285858,493,80117ee57c608036cdff278f4ae79343e129cf0cebc7c68d27a5949650773064,true,/cpfs/user/zhuzihou/assets/dedup_workspaces/test0_transitive_apply_parallel/dataset/GRScenes_assets/door/65467d945d3adac0db42f1b04e820ba7/front.png
door,65467d945d3adac0db42f1b04e820ba7,left,ok,0.101891,93,401,0.142262,401,061bde556e030ffed36eed453c8b4f5659f82abd23cdf718f8c05f3f06f0189e,true,/cpfs/user/zhuzihou/assets/dedup_workspaces/test0_transitive_apply_parallel/dataset/GRScenes_assets/door/65467d945d3adac0db42f1b04e820ba7/left.png
door,65467d945d3adac0db42f1b04e820ba7,back,ok,0.227947,504,154,0.296082,504,82b7cb689cb56e490dea1b2788e356b1ea961f536b23ca17df4eadf706e18f93,true,/cpfs/user/zhuzihou/assets/dedup_workspaces/test0_transitive_apply_parallel/dataset/GRScenes_assets/door/65467d945d3adac0db42f1b04e820ba7/back.png
door,65467d945d3adac0db42f1b04e820ba7,right,ok,0.103474,93,401,0.142262,401,221497308116bdc5374a1964e72c0ea4d64f32fa0d7eb8e6b832b7acdfa0a1cd,true,/cpfs/user/zhuzihou/assets/dedup_workspaces/test0_transitive_apply_parallel/dataset/GRScenes_assets/door/65467d945d3adac0db42f1b04e820ba7/right.png
door,65508d6fbdb9515785834f96088054eb,front,ok,0.360661,430,270,0.442886,430,9c2f5b87548457dd0eca98b5878a4801174f121ab057f4607f62193cbffeff57,true,/cpfs/user/zhuzihou/assets/dedup_workspaces/test0_transitive_apply_parallel/dataset/GRScenes_assets/door/65508d6fbdb9515785834f96088054eb/front.png
door,65508d6fbdb9515785834f96088054eb,left,ok,0.048637,38,453,0.065666,453,213cac0c3d37a77217ca33bf09b1c5ca710a7b4559228ac7bac9243f9f95e4ca,true,/cpfs/user/zhuzihou/assets/dedup_workspaces/test0_transitive_apply_parallel/dataset/GRScenes_assets/door/65508d6fbdb9515785834f96088054eb/left.png
door,65508d6fbdb9515785834f96088054eb,back,ok,0.372669,430,270,0.442886,430,8d7ef6a7a333c8f0582b573d3340f7ffa475bbb9b7443b6561cf2e386b6c5a82,true,/cpfs/user/zhuzihou/assets/dedup_workspaces/test0_transitive_apply_parallel/dataset/GRScenes_assets/door/65508d6fbdb9515785834f96088054eb/back.png
door,65508d6fbdb9515785834f96088054eb,right,ok,0.041615,37,453,0.063938,453,938d4aab016d21de82a68980ccb18a99d350d68eab8a34ddaf48febbb88528a7,true,/cpfs/user/zhuzihou/assets/dedup_workspaces/test0_transitive_apply_parallel/dataset/GRScenes_assets/door/65508d6fbdb9515785834f96088054eb/right.png
door,6576b116b8e2f8cc772d7e5875cfdf60,front,ok,0.263622,496,154,0.291382,496,27237086f77f848b4c633d1ac8ea1205e70397550faa4408e09370bfa3c0e253,true,/cpfs/user/zhuzihou/assets/dedup_workspaces/test0_transitive_apply_parallel/dataset/GRScenes_assets/door/6576b116b8e2f8cc772d7e5875cfdf60/front.png
door,6576b116b8e2f8cc772d7e5875cfdf60,left,ok,0.063934,59,405,0.091152,405,f71232b99d63a8fe05948d64dc47a019218e890f161e676626d7b2fde6e27db1,true,/cpfs/user/zhuzihou/assets/dedup_workspaces/test0_transitive_apply_parallel/dataset/GRScenes_assets/door/6576b116b8e2f8cc772d7e5875cfdf60/left.png
door,6576b116b8e2f8cc772d7e5875cfdf60,back,ok,0.254879,484,152,0.280640,484,a56055a7225ff6ca8829efe920f1ad34cb4e31c39990c1096cec91900eea0f01,true,/cpfs/user/zhuzihou/assets/dedup_workspaces/test0_transitive_apply_parallel/dataset/GRScenes_assets/door/6576b116b8e2f8cc772d7e5875cfdf60/back.png
door,6576b116b8e2f8cc772d7e5875cfdf60,right,ok,0.065781,58,405,0.089607,405,175a20ad4e20a1a320f03f01851248aa47c8602f284e7867b69cda5da07a2aea,true,/cpfs/user/zhuzihou/assets/dedup_workspaces/test0_transitive_apply_parallel/dataset/GRScenes_assets/door/6576b116b8e2f8cc772d7e5875cfdf60/right.png
door,65a01e404838d3f670d4bab605f2c6d6,front,ok,0.301414,484,208,0.384033,484,dd7a61b957282275ff669a989a378898e7962f5e6f7565b0bbfb3c7f35963ef9,true,/cpfs/user/zhuzihou/assets/dedup_workspaces/test0_transitive_apply_parallel/dataset/GRScenes_assets/door/65a01e404838d3f670d4bab605f2c6d6/front.png
door,65a01e404838d3f670d4bab605f2c6d6,left,ok,0.318295,446,241,0.410027,446,26728332410510f4f9f2d89f501eea1952a0c3f56e78280bca239c822e31f124,true,/cpfs/user/zhuzihou/assets/dedup_workspaces/test0_transitive_apply_parallel/dataset/GRScenes_assets/door/65a01e404838d3f670d4bab605f2c6d6/left.png
door,65a01e404838d3f670d4bab605f2c6d6,back,ok,0.308720,484,208,0.384033,484,0a180b0966487bfa8aa1837a5ae1c7e4a8562d615b2e46533d33c1a98c20066f,true,/cpfs/user/zhuzihou/assets/dedup_workspaces/test0_transitive_apply_parallel/dataset/GRScenes_assets/door/65a01e404838d3f670d4bab605f2c6d6/back.png
door,65a01e404838d3f670d4bab605f2c6d6,right,ok,0.313980,446,241,0.410027,446,e739042e347657f534dedca9c2decac5ffca11be146e72583c0dbdad8b6495a5,true,/cpfs/user/zhuzihou/assets/dedup_workspaces/test0_transitive_apply_parallel/dataset/GRScenes_assets/door/65a01e404838d3f670d4bab605f2c6d6/right.png
door,6660951fb2f8767d956758941ae79c42,front,ok,0.142349,442,256,0.431641,442,e42c54136e831a86269ac76cb510484fd723c2ad14510ee9a6065fdc80c9e792,true,/cpfs/user/zhuzihou/assets/dedup_workspaces/test0_transitive_apply_parallel/dataset/GRScenes_assets/door/6660951fb2f8767d956758941ae79c42/front.png
door,6660951fb2f8767d956758941ae79c42,left,ok,0.135067,492,212,0.397888,492,3d139ad4b8d58b3ce2af38a2d8d55b8edfeef60d6855c3adde33ebfad57e251a,true,/cpfs/user/zhuzihou/assets/dedup_workspaces/test0_transitive_apply_parallel/dataset/GRScenes_assets/door/6660951fb2f8767d956758941ae79c42/left.png
door,6660951fb2f8767d956758941ae79c42,back,ok,0.142372,442,256,0.431641,442,6716cf6cef0ad99500862c8d1df63736dd431b4fcbb190c7d0d4ad8dbbfa3e7e,true,/cpfs/user/zhuzihou/assets/dedup_workspaces/test0_transitive_apply_parallel/dataset/GRScenes_assets/door/6660951fb2f8767d956758941ae79c42/back.png
door,6660951fb2f8767d956758941ae79c42,right,ok,0.150166,492,212,0.397888,492,7f22cf2e5fdbc6b984318c3c9e1e609a0522c5a41a2fadf42e0de67973d0520d,true,/cpfs/user/zhuzihou/assets/dedup_workspaces/test0_transitive_apply_parallel/dataset/GRScenes_assets/door/6660951fb2f8767d956758941ae79c42/right.png
door,6799c2f67fb517b1270f791faa6230d8,front,ok,0.103222,374,333,0.475090,374,62255a45bed0ab2c43e92dbbd029f729f72324c526b8cf3da0486321deef09bc,true,/cpfs/user/zhuzihou/assets/dedup_workspaces/test0_transitive_apply_parallel/dataset/GRScenes_assets/door/6799c2f67fb517b1270f791faa6230d8/front.png
door,6799c2f67fb517b1270f791faa6230d8,left,ok,0.087547,72,459,0.126068,459,4d6d9de70608ea26c7c7733c8571bcafaa927964b281b902fbbae475a5595031,true,/cpfs/user/zhuzihou/assets/dedup_workspaces/test0_transitive_apply_parallel/dataset/GRScenes_assets/door/6799c2f67fb517b1270f791faa6230d8/left.png
door,6799c2f67fb517b1270f791faa6230d8,back,ok,0.103283,374,333,0.475090,374,f8bb23e0a56e831ef074e63025b0b04dd186ac7b72f3bb402fd82a2a12bbb686,true,/cpfs/user/zhuzihou/assets/dedup_workspaces/test0_transitive_apply_parallel/dataset/GRScenes_assets/door/6799c2f67fb517b1270f791faa6230d8/back.png
door,6799c2f67fb517b1270f791faa6230d8,right,ok,0.094185,72,459,0.126068,459,52d0b4cc033ce5c7e98f373684512435fccade635c0fcc3ec1238be27281bdfc,true,/cpfs/user/zhuzihou/assets/dedup_workspaces/test0_transitive_apply_parallel/dataset/GRScenes_assets/door/6799c2f67fb517b1270f791faa6230d8/right.png
door,68c1af59de578c022457fbfee575682b,front,ok,0.204853,512,120,0.234375,512,6492145530371c5ca029173a9179e424eab13ce815e5335ca2a1c9079724d50b,true,/cpfs/user/zhuzihou/assets/dedup_workspaces/test0_transitive_apply_parallel/dataset/GRScenes_assets/door/68c1af59de578c022457fbfee575682b/front.png
door,68c1af59de578c022457fbfee575682b,left,ok,0.236832,277,310,0.327568,310,875549585d9df6587c9ef8ee24695195850885ce4b7abee89576804f82a30ddd,true,/cpfs/user/zhuzihou/assets/dedup_workspaces/test0_transitive_apply_parallel/dataset/GRScenes_assets/door/68c1af59de578c022457fbfee575682b/left.png
door,68c1af59de578c022457fbfee575682b,back,ok,0.204865,512,120,0.234375,512,799761d0007f4afaf4d373cef5aecad0d13c4ba77078668c9048621815d9dae7,true,/cpfs/user/zhuzihou/assets/dedup_workspaces/test0_transitive_apply_parallel/dataset/GRScenes_assets/door/68c1af59de578c022457fbfee575682b/back.png
door,68c1af59de578c022457fbfee575682b,right,ok,0.237110,277,309,0.326511,309,cf1f78fb5c87fb5ce87169d8c69771654fe2d8a78a4bc325e57694c06f184fe7,true,/cpfs/user/zhuzihou/assets/dedup_workspaces/test0_transitive_apply_parallel/dataset/GRScenes_assets/door/68c1af59de578c022457fbfee575682b/right.png
door,6a3c62f42b8d762db7e35407d741a339,front,ok,0.118603,486,182,0.337418,486,338661e20957d3696edf1f7e5889a9d1c776eba9c2dd7ba4792c44903aa75327,true,/cpfs/user/zhuzihou/assets/dedup_workspaces/test0_transitive_apply_parallel/dataset/GRScenes_assets/door/6a3c62f42b8d762db7e35407d741a339/front.png
door,6a3c62f42b8d762db7e35407d741a339,left,ok,0.069828,64,417,0.101807,417,dba5b2b02af6cef38401350f2f9f4b19d7e233018b2cbde4c76ab0622a9c7334,true,/cpfs/user/zhuzihou/assets/dedup_workspaces/test0_transitive_apply_parallel/dataset/GRScenes_assets/door/6a3c62f42b8d762db7e35407d741a339/left.png
door,6a3c62f42b8d762db7e35407d741a339,back,ok,0.118629,486,182,0.337418,486,3f76fee54628422557c9ad2b5be4b16d0a91b5775eef2f86b783491e977fe9a4,true,/cpfs/user/zhuzihou/assets/dedup_workspaces/test0_transitive_apply_parallel/dataset/GRScenes_assets/door/6a3c62f42b8d762db7e35407d741a339/back.png
door,6a3c62f42b8d762db7e35407d741a339,right,ok,0.073479,62,417,0.098625,417,00b3ee1bf6b031e52ff36dd8b6c8d52f04588c29913581a6cf59c2c86e968698,true,/cpfs/user/zhuzihou/assets/dedup_workspaces/test0_transitive_apply_parallel/dataset/GRScenes_assets/door/6a3c62f42b8d762db7e35407d741a339/right.png
door,6afa6a3493e29ed1635708a62356a344,front,ok,0.319202,488,219,0.407684,488,d036839a0b5b5921525d3f44aba5c501606ffc16bc26a065e7add9fb6e08e21c,true,/cpfs/user/zhuzihou/assets/dedup_workspaces/test0_transitive_apply_parallel/dataset/GRScenes_assets/door/6afa6a3493e29ed1635708a62356a344/front.png
door,6afa6a3493e29ed1635708a62356a344,left,ok,0.337379,450,252,0.432587,450,6ce3fc36c87b9ded77ce9427d646021333c3038b8e86b9bad480479896fbf54c,true,/cpfs/user/zhuzihou/assets/dedup_workspaces/test0_transitive_apply_parallel/dataset/GRScenes_assets/door/6afa6a3493e29ed1635708a62356a344/left.png
door,6afa6a3493e29ed1635708a62356a344,back,ok,0.329891,488,219,0.407684,488,024d657c228c7d7f885e51a6c7b917427fcd6510ccfe83e7cd009cfb4d71fd4e,true,/cpfs/user/zhuzihou/assets/dedup_workspaces/test0_transitive_apply_parallel/dataset/GRScenes_assets/door/6afa6a3493e29ed1635708a62356a344/back.png
door,6afa6a3493e29ed1635708a62356a344,right,ok,0.332241,450,252,0.432587,450,d99326d080ac9bd2ce98d758102c8fac2ab13daada53f61531a654bb4a2880ca,true,/cpfs/user/zhuzihou/assets/dedup_workspaces/test0_transitive_apply_parallel/dataset/GRScenes_assets/door/6afa6a3493e29ed1635708a62356a344/right.png
door,6b6ecc4a651057a44dd4b51ea0560bf2,front,ok,0.154961,499,166,0.315987,499,be10f7dca31012be4c1dc12a992ec37002e0c17315102f8a1d05252983b99d8f,true,/cpfs/user/zhuzihou/assets/dedup_workspaces/test0_transitive_apply_parallel/dataset/GRScenes_assets/door/6b6ecc4a651057a44dd4b51ea0560bf2/front.png
door,6b6ecc4a651057a44dd4b51ea0560bf2,left,ok,0.117435,106,405,0.163765,405,33c50c573b5567c49af76fe736f90375746b5f2197cc04d7720d02b33661305a,true,/cpfs/user/zhuzihou/assets/dedup_workspaces/test0_transitive_apply_parallel/dataset/GRScenes_assets/door/6b6ecc4a651057a44dd4b51ea0560bf2/left.png
door,6b6ecc4a651057a44dd4b51ea0560bf2,back,ok,0.154964,500,166,0.316620,500,edc7a658adfa44c5af7f6af3725ec1d9acaa0733b07c9ad282d02b6a8b8baa53,true,/cpfs/user/zhuzihou/assets/dedup_workspaces/test0_transitive_apply_parallel/dataset/GRScenes_assets/door/6b6ecc4a651057a44dd4b51ea0560bf2/back.png
door,6b6ecc4a651057a44dd4b51ea0560bf2,right,ok,0.118546,102,405,0.157585,405,dabf5deb522c1bb3c927a6296be082023d481bab22a7617810bb815cf4d75c0a,true,/cpfs/user/zhuzihou/assets/dedup_workspaces/test0_transitive_apply_parallel/dataset/GRScenes_assets/door/6b6ecc4a651057a44dd4b51ea0560bf2/right.png
door,6b7443a693c2f16c7f3d3879c854648c,front,ok,0.137436,480,218,0.399170,480,9fc69bf5a315ce783c76c7c2ff5d88c06e50d4b64fccc06069a62b9a108fb2dc,true,/cpfs/user/zhuzihou/assets/dedup_workspaces/test0_transitive_apply_parallel/dataset/GRScenes_assets/door/6b7443a693c2f16c7f3d3879c854648c/front.png
door,6b7443a693c2f16c7f3d3879c854648c,left,ok,0.098228,80,430,0.131226,430,3a45f834e012ff47ddc0523cbc949b2ed568c31c171bd50650f78ca320fdf1e7,true,/cpfs/user/zhuzihou/assets/dedup_workspaces/test0_transitive_apply_parallel/dataset/GRScenes_assets/door/6b7443a693c2f16c7f3d3879c854648c/left.png
door,6b7443a693c2f16c7f3d3879c854648c,back,ok,0.165386,480,218,0.399170,480,040c6ae68615a6d1787ad9add80c203f398b698ba59fe2944e0767a5a3852eaa,true,/cpfs/user/zhuzihou/assets/dedup_workspaces/test0_transitive_apply_parallel/dataset/GRScenes_assets/door/6b7443a693c2f16c7f3d3879c854648c/back.png
door,6b7443a693c2f16c7f3d3879c854648c,right,ok,0.092377,80,430,0.131226,430,9b7702bd90e5b8ab6a18cc037048acf901ac3acc89c48f692fa461cb45b185b4,true,/cpfs/user/zhuzihou/assets/dedup_workspaces/test0_transitive_apply_parallel/dataset/GRScenes_assets/door/6b7443a693c2f16c7f3d3879c854648c/right.png
door,6bd5f918180b6daea2ccb7ffab245661,front,ok,0.181534,512,150,0.292969,512,41e2a41f6b39a1748691d5aad73d1fec96069325cd7f1df854bba0859785bd01,true,/cpfs/user/zhuzihou/assets/dedup_workspaces/test0_transitive_apply_parallel/dataset/GRScenes_assets/door/6bd5f918180b6daea2ccb7ffab245661/front.png
door,6bd5f918180b6daea2ccb7ffab245661,left,ok,0.128513,310,318,0.376053,318,7bb868c1c507b591f7e240d1a29c13df24ef4c9d9c20878bf226fed1588aef70,true,/cpfs/user/zhuzihou/assets/dedup_workspaces/test0_transitive_apply_parallel/dataset/GRScenes_assets/door/6bd5f918180b6daea2ccb7ffab245661/left.png
door,6bd5f918180b6daea2ccb7ffab245661,back,ok,0.181561,512,150,0.292969,512,89cfbaee834a54b722c36d2f52a4973b3b980e171dfef86e29aa2973ce9bf308,true,/cpfs/user/zhuzihou/assets/dedup_workspaces/test0_transitive_apply_parallel/dataset/GRScenes_assets/door/6bd5f918180b6daea2ccb7ffab245661/back.png
door,6bd5f918180b6daea2ccb7ffab245661,right,ok,0.139168,310,317,0.374870,317,bd071227be123e2d266e0a9940812a861b3b0231249600c46caed3ebe498ccfa,true,/cpfs/user/zhuzihou/assets/dedup_workspaces/test0_transitive_apply_parallel/dataset/GRScenes_assets/door/6bd5f918180b6daea2ccb7ffab245661/right.png
door,713449e8535c98457cdff2d40abcaf99,front,ok,0.229462,496,132,0.249756,496,5dac0fecea3df157d9e53c4b7e207fbe013e244e5c2701a6454bd0dfc62fef43,true,/cpfs/user/zhuzihou/assets/dedup_workspaces/test0_transitive_apply_parallel/dataset/GRScenes_assets/door/713449e8535c98457cdff2d40abcaf99/front.png
door,713449e8535c98457cdff2d40abcaf99,left,ok,0.063438,59,396,0.089127,396,b3cf6e6a8443fd341b862104ea8df82f644772830cc98174b8d6e5ca6ee946ee,true,/cpfs/user/zhuzihou/assets/dedup_workspaces/test0_transitive_apply_parallel/dataset/GRScenes_assets/door/713449e8535c98457cdff2d40abcaf99/left.png
door,713449e8535c98457cdff2d40abcaf99,back,ok,0.225029,490,131,0.244865,490,2226bdbab36c3bfadf9ffe03b4f464e135745780b84893f1e6d17db49776f677,true,/cpfs/user/zhuzihou/assets/dedup_workspaces/test0_transitive_apply_parallel/dataset/GRScenes_assets/door/713449e8535c98457cdff2d40abcaf99/back.png
door,713449e8535c98457cdff2d40abcaf99,right,ok,0.067383,59,396,0.089127,396,72404bbf87274f280d4c79623183a5fcd033e05e0ed361a4ef1a8fa95c44c35d,true,/cpfs/user/zhuzihou/assets/dedup_workspaces/test0_transitive_apply_parallel/dataset/GRScenes_assets/door/713449e8535c98457cdff2d40abcaf99/right.png
door,71d3e462df0b46dcc63a3c2e99d4f10c,front,ok,0.324120,460,240,0.421143,460,98802f7a419cfd7aecbfd5012198029c023be5d321ef3c6c3ae6113673d5e6bf,true,/cpfs/user/zhuzihou/assets/dedup_workspaces/test0_transitive_apply_parallel/dataset/GRScenes_assets/door/71d3e462df0b46dcc63a3c2e99d4f10c/front.png
door,71d3e462df0b46dcc63a3c2e99d4f10c,left,ok,0.327442,479,225,0.411129,479,fa7ba3d6038f1f08684cd730132718d90a81e67c6584af22f412aee72333c9f3,true,/cpfs/user/zhuzihou/assets/dedup_workspaces/test0_transitive_apply_parallel/dataset/GRScenes_assets/door/71d3e462df0b46dcc63a3c2e99d4f10c/left.png
door,71d3e462df0b46dcc63a3c2e99d4f10c,back,ok,0.332760,460,240,0.421143,460,c0523201e61f8d706e3631c0d259df0d7270de58859f9490eb910d75048eb6ba,true,/cpfs/user/zhuzihou/assets/dedup_workspaces/test0_transitive_apply_parallel/dataset/GRScenes_assets/door/71d3e462df0b46dcc63a3c2e99d4f10c/back.png
door,71d3e462df0b46dcc63a3c2e99d4f10c,right,ok,0.320282,479,224,0.409302,479,8d101b06e2917d5723771f8aa07bf7fcb636ee17deace309e5353a7e2c353202,true,/cpfs/user/zhuzihou/assets/dedup_workspaces/test0_transitive_apply_parallel/dataset/GRScenes_assets/door/71d3e462df0b46dcc63a3c2e99d4f10c/right.png
door,7228c946c46374b5defce67952a1fd7b,front,ok,0.224812,506,133,0.256721,506,dbc719ec0a7caf8d52c70b2b35cedf7f38f6ee3eba5c476b647c9f835b7f5412,true,/cpfs/user/zhuzihou/assets/dedup_workspaces/test0_transitive_apply_parallel/dataset/GRScenes_assets/door/7228c946c46374b5defce67952a1fd7b/front.png
door,7228c946c46374b5defce67952a1fd7b,left,ok,0.243500,304,302,0.350220,304,d608e1942eea1a9603b4e9febaf28c0486dcad1b9eb04cd6cdb779d665878cd1,true,/cpfs/user/zhuzihou/assets/dedup_workspaces/test0_transitive_apply_parallel/dataset/GRScenes_assets/door/7228c946c46374b5defce67952a1fd7b/left.png
door,7228c946c46374b5defce67952a1fd7b,back,ok,0.224838,506,133,0.256721,506,f42333de34199c5e3ada2435c7a88247aa9dc2e10f196443e9cdf04248debd2b,true,/cpfs/user/zhuzihou/assets/dedup_workspaces/test0_transitive_apply_parallel/dataset/GRScenes_assets/door/7228c946c46374b5defce67952a1fd7b/back.png
door,7228c946c46374b5defce67952a1fd7b,right,ok,0.259197,304,302,0.350220,304,35c1ca52e054b55837f3aa8a9b741f9b8d7252df6832cf8c3e682bb9aca51bdc,true,/cpfs/user/zhuzihou/assets/dedup_workspaces/test0_transitive_apply_parallel/dataset/GRScenes_assets/door/7228c946c46374b5defce67952a1fd7b/right.png
door,763dec84fbb65dc6e41960df40120b83,front,ok,0.117306,433,239,0.394772,433,0315f5568445f6fb25aa94f72298e4e2029cc57b41ede6fb3fb26eb2d3be51df,true,/cpfs/user/zhuzihou/assets/dedup_workspaces/test0_transitive_apply_parallel/dataset/GRScenes_assets/door/763dec84fbb65dc6e41960df40120b83/front.png
door,763dec84fbb65dc6e41960df40120b83,left,ok,0.095276,485,194,0.358925,485,f458c17bd66ee69b2819cf322bc7a5d68596f039fc5d03d2f9490447aa5014df,true,/cpfs/user/zhuzihou/assets/dedup_workspaces/test0_transitive_apply_parallel/dataset/GRScenes_assets/door/763dec84fbb65dc6e41960df40120b83/left.png
door,763dec84fbb65dc6e41960df40120b83,back,ok,0.125580,433,239,0.394772,433,9a5abe6ff00169decd5210a782341480694049183b5b78158ad04eb595a6bd76,true,/cpfs/user/zhuzihou/assets/dedup_workspaces/test0_transitive_apply_parallel/dataset/GRScenes_assets/door/763dec84fbb65dc6e41960df40120b83/back.png
door,763dec84fbb65dc6e41960df40120b83,right,ok,0.101776,485,193,0.357075,485,2c9d935b5df48ba1d9bfe375c369de801d95b4e5fa8ede1176be07cf4eb2dfed,true,/cpfs/user/zhuzihou/assets/dedup_workspaces/test0_transitive_apply_parallel/dataset/GRScenes_assets/door/763dec84fbb65dc6e41960df40120b83/right.png
door,76d5cb18a90e106e24cfd1ae349094e6,front,ok,0.264587,512,167,0.326172,512,49144aee7265f7f165be2bd0f1f7571e4a87925588b32d1129625fb2cce1b498,true,/cpfs/user/zhuzihou/assets/dedup_workspaces/test0_transitive_apply_parallel/dataset/GRScenes_assets/door/76d5cb18a90e106e24cfd1ae349094e6/front.png
door,76d5cb18a90e106e24cfd1ae349094e6,left,ok,0.276482,366,292,0.407684,366,f31ab7185e5a118b8dc488dc8b067aa08855edb5baa35e1c39ffb48a83040433,true,/cpfs/user/zhuzihou/assets/dedup_workspaces/test0_transitive_apply_parallel/dataset/GRScenes_assets/door/76d5cb18a90e106e24cfd1ae349094e6/left.png
door,76d5cb18a90e106e24cfd1ae349094e6,back,ok,0.256332,512,167,0.326172,512,325f6310208ea818a44ac239d49fe107ad03142d698e9fb35c90ada8506a26cf,true,/cpfs/user/zhuzihou/assets/dedup_workspaces/test0_transitive_apply_parallel/dataset/GRScenes_assets/door/76d5cb18a90e106e24cfd1ae349094e6/back.png
door,76d5cb18a90e106e24cfd1ae349094e6,right,ok,0.284470,366,291,0.406288,366,b0a2676dc143b05f7828fa033bcbac8046f8882e62ca5b1af81920c888964fb7,true,/cpfs/user/zhuzihou/assets/dedup_workspaces/test0_transitive_apply_parallel/dataset/GRScenes_assets/door/76d5cb18a90e106e24cfd1ae349094e6/right.png
door,78ce6e74d43290aedf7acb20cf8f9da6,front,ok,0.137226,512,128,0.250000,512,541030aec09cc527d5916039800ff66e8b2cf9599dbf1045857c1753fa9b0924,true,/cpfs/user/zhuzihou/assets/dedup_workspaces/test0_transitive_apply_parallel/dataset/GRScenes_assets/door/78ce6e74d43290aedf7acb20cf8f9da6/front.png
door,78ce6e74d43290aedf7acb20cf8f9da6,left,ok,0.095619,282,314,0.337784,314,6c9ed27bd3fd85a411772864730e978d7a61970f09689431faf1f322c8a00c1f,true,/cpfs/user/zhuzihou/assets/dedup_workspaces/test0_transitive_apply_parallel/dataset/GRScenes_assets/door/78ce6e74d43290aedf7acb20cf8f9da6/left.png
door,78ce6e74d43290aedf7acb20cf8f9da6,back,ok,0.137253,512,128,0.250000,512,f6bf948400852189edcc04eac0a7a22ac763c45df014ff0fe6de45e1124ed9ef,true,/cpfs/user/zhuzihou/assets/dedup_workspaces/test0_transitive_apply_parallel/dataset/GRScenes_assets/door/78ce6e74d43290aedf7acb20cf8f9da6/back.png
door,78ce6e74d43290aedf7acb20cf8f9da6,right,ok,0.104652,282,314,0.337784,314,9040ecf5c681569fad36a8af5026ab62e9df02c20c0af92eb2e248aab93f5961,true,/cpfs/user/zhuzihou/assets/dedup_workspaces/test0_transitive_apply_parallel/dataset/GRScenes_assets/door/78ce6e74d43290aedf7acb20cf8f9da6/right.png
door,78d773e877a8161bed36f7d342389c63,front,ok,0.223026,510,131,0.254860,510,22699267aadfcb47f4ae6deb5e093fea0ea75884c280d3f7606380611b4be607,true,/cpfs/user/zhuzihou/assets/dedup_workspaces/test0_transitive_apply_parallel/dataset/GRScenes_assets/door/78d773e877a8161bed36f7d342389c63/front.png
door,78d773e877a8161bed36f7d342389c63,left,ok,0.236683,290,310,0.342941,310,a527b477101ebaa4b8ad7e670095fcf24bddce80246137aaaa8f1afa065c71f2,true,/cpfs/user/zhuzihou/assets/dedup_workspaces/test0_transitive_apply_parallel/dataset/GRScenes_assets/door/78d773e877a8161bed36f7d342389c63/left.png
door,78d773e877a8161bed36f7d342389c63,back,ok,0.223282,510,131,0.254860,510,402bba56529876d5b9c0d7bb4cf828b85338f1697fe59df0bd74306f4083d33a,true,/cpfs/user/zhuzihou/assets/dedup_workspaces/test0_transitive_apply_parallel/dataset/GRScenes_assets/door/78d773e877a8161bed36f7d342389c63/back.png
door,78d773e877a8161bed36f7d342389c63,right,ok,0.253590,290,309,0.341835,309,5c95fac631d0de8c6e73c2b998b06d9872c0df8338c5201b753aff75b5190597,true,/cpfs/user/zhuzihou/assets/dedup_workspaces/test0_transitive_apply_parallel/dataset/GRScenes_assets/door/78d773e877a8161bed36f7d342389c63/right.png
door,7985ec8c1545d56d8727b78f71be9e0c,front,ok,0.321445,488,214,0.398376,488,7bdb06d859196e66de9641f15dada373e9c4f2c62ba7101905f74b0800906379,true,/cpfs/user/zhuzihou/assets/dedup_workspaces/test0_transitive_apply_parallel/dataset/GRScenes_assets/door/7985ec8c1545d56d8727b78f71be9e0c/front.png
door,7985ec8c1545d56d8727b78f71be9e0c,left,ok,0.331249,442,254,0.428268,442,4d8801b2887bbc4a6956395f933394fdde20f87a03bc314b01f66581a9bf65c7,true,/cpfs/user/zhuzihou/assets/dedup_workspaces/test0_transitive_apply_parallel/dataset/GRScenes_assets/door/7985ec8c1545d56d8727b78f71be9e0c/left.png
door,7985ec8c1545d56d8727b78f71be9e0c,back,ok,0.321491,488,214,0.398376,488,8028b20d130ed2ba29403004fa4b244c4dba5d2972199d652c4f563f6f2ee064,true,/cpfs/user/zhuzihou/assets/dedup_workspaces/test0_transitive_apply_parallel/dataset/GRScenes_assets/door/7985ec8c1545d56d8727b78f71be9e0c/back.png
door,7985ec8c1545d56d8727b78f71be9e0c,right,ok,0.332222,442,254,0.428268,442,7d7c76779b7c52ed40c46350be1a20ed5dd1078dc1bf4fc785edc2585c646f76,true,/cpfs/user/zhuzihou/assets/dedup_workspaces/test0_transitive_apply_parallel/dataset/GRScenes_assets/door/7985ec8c1545d56d8727b78f71be9e0c/right.png
door,79902a4d2389d9ae748416de873d068e,front,ok,0.132092,450,225,0.386238,450,9387fcdd1b15f4b0e7396ebd870cd5177707dc64b127a2ddd76585b8ef4c95f2,true,/cpfs/user/zhuzihou/assets/dedup_workspaces/test0_transitive_apply_parallel/dataset/GRScenes_assets/door/79902a4d2389d9ae748416de873d068e/front.png
door,79902a4d2389d9ae748416de873d068e,left,ok,0.104496,473,205,0.369892,473,9bfcb4595106955cd654d8ad68cbbf47de8f4e4c59ff0f17133de8c5d296837c,true,/cpfs/user/zhuzihou/assets/dedup_workspaces/test0_transitive_apply_parallel/dataset/GRScenes_assets/door/79902a4d2389d9ae748416de873d068e/left.png
door,79902a4d2389d9ae748416de873d068e,back,ok,0.140259,450,225,0.386238,450,2e047a31b00dbacc36f0a03819775a8e7565f6d5daf378095d5de55e45b25cb1,true,/cpfs/user/zhuzihou/assets/dedup_workspaces/test0_transitive_apply_parallel/dataset/GRScenes_assets/door/79902a4d2389d9ae748416de873d068e/back.png
door,79902a4d2389d9ae748416de873d068e,right,ok,0.109970,473,205,0.369892,473,2cc72f79ded617402bcc7e2bab421f49d05979a7f56fe98156e7ac5aa7cff59d,true,/cpfs/user/zhuzihou/assets/dedup_workspaces/test0_transitive_apply_parallel/dataset/GRScenes_assets/door/79902a4d2389d9ae748416de873d068e/right.png
door,7b00e0ac8a3ee7d3ddb5ee6ed1028c29,front,ok,0.118443,424,274,0.443176,424,94363d065b6229cbbc337d702d70aabdb5330e5cb621ea75af193421739eb7f2,true,/cpfs/user/zhuzihou/assets/dedup_workspaces/test0_transitive_apply_parallel/dataset/GRScenes_assets/door/7b00e0ac8a3ee7d3ddb5ee6ed1028c29/front.png
door,7b00e0ac8a3ee7d3ddb5ee6ed1028c29,left,ok,0.044125,34,453,0.058754,453,b477c351eccf8a4012b4b8395e2a07ec133e83e30784b025ee0ff9fe326ea1eb,true,/cpfs/user/zhuzihou/assets/dedup_workspaces/test0_transitive_apply_parallel/dataset/GRScenes_assets/door/7b00e0ac8a3ee7d3ddb5ee6ed1028c29/left.png
door,7b00e0ac8a3ee7d3ddb5ee6ed1028c29,back,ok,0.131367,424,274,0.443176,424,663cd5d93814550438ec9d7892b8c1686d139f9e0b78fe94300a5e6cb96168bb,true,/cpfs/user/zhuzihou/assets/dedup_workspaces/test0_transitive_apply_parallel/dataset/GRScenes_assets/door/7b00e0ac8a3ee7d3ddb5ee6ed1028c29/back.png
door,7b00e0ac8a3ee7d3ddb5ee6ed1028c29,right,ok,0.037197,33,453,0.057026,453,1fc5eaeaa62ead15745f1592ef0c24e5791f838c6aab0c9eef8b7340071f67c7,true,/cpfs/user/zhuzihou/assets/dedup_workspaces/test0_transitive_apply_parallel/dataset/GRScenes_assets/door/7b00e0ac8a3ee7d3ddb5ee6ed1028c29/right.png
door,7b46af01a13e3ca1723c1574556af337,front,ok,0.264526,505,168,0.323639,505,78e3aabb477d2da4751cc283073edcb6e6333bd62e1119663d028c7b8562380b,true,/cpfs/user/zhuzihou/assets/dedup_workspaces/test0_transitive_apply_parallel/dataset/GRScenes_assets/door/7b46af01a13e3ca1723c1574556af337/front.png
door,7b46af01a13e3ca1723c1574556af337,left,ok,0.300491,384,272,0.398438,384,4336f8bef116dfd0b2cf2d08dcf73176f312dfac6d6f6ade499567ee7327abda,true,/cpfs/user/zhuzihou/assets/dedup_workspaces/test0_transitive_apply_parallel/dataset/GRScenes_assets/door/7b46af01a13e3ca1723c1574556af337/left.png
door,7b46af01a13e3ca1723c1574556af337,back,ok,0.269806,505,168,0.323639,505,11d49240145fecc69d2a19833e81fc65bd831e276b3078ae2fd4bb3de00954bb,true,/cpfs/user/zhuzihou/assets/dedup_workspaces/test0_transitive_apply_parallel/dataset/GRScenes_assets/door/7b46af01a13e3ca1723c1574556af337/back.png
door,7b46af01a13e3ca1723c1574556af337,right,ok,0.295609,384,271,0.396973,384,77e7eb2ef94b1a38ec7f1769bc02fe63d1d528635bfb9ed64f18b0fe6ef361ed,true,/cpfs/user/zhuzihou/assets/dedup_workspaces/test0_transitive_apply_parallel/dataset/GRScenes_assets/door/7b46af01a13e3ca1723c1574556af337/right.png
door,7cbe0a6e731d2f4608b010735ca38c0c,front,ok,0.141495,504,188,0.361450,504,74ec6465ac9713364362b0cac7db767e0ab05ff10bf39bb46080b1f11236e9a3,true,/cpfs/user/zhuzihou/assets/dedup_workspaces/test0_transitive_apply_parallel/dataset/GRScenes_assets/door/7cbe0a6e731d2f4608b010735ca38c0c/front.png
door,7cbe0a6e731d2f4608b010735ca38c0c,left,ok,0.116013,408,271,0.421783,408,e402ccae417e46787c02eea5eb35a6af5690c6a0b9ae3174a99b8677b6daf323,true,/cpfs/user/zhuzihou/assets/dedup_workspaces/test0_transitive_apply_parallel/dataset/GRScenes_assets/door/7cbe0a6e731d2f4608b010735ca38c0c/left.png
door,7cbe0a6e731d2f4608b010735ca38c0c,back,ok,0.141514,504,188,0.361450,504,fe3a47dccf80ce1eadda7c07f9ec1c8b827edcba6291654cda033f1870246331,true,/cpfs/user/zhuzihou/assets/dedup_workspaces/test0_transitive_apply_parallel/dataset/GRScenes_assets/door/7cbe0a6e731d2f4608b010735ca38c0c/back.png
door,7cbe0a6e731d2f4608b010735ca38c0c,right,ok,0.130272,408,271,0.421783,408,bc50cf1d9f1f5811ba1d66c4477aee62ca1ef00f47ba221c5a3742007ddf4ebc,true,/cpfs/user/zhuzihou/assets/dedup_workspaces/test0_transitive_apply_parallel/dataset/GRScenes_assets/door/7cbe0a6e731d2f4608b010735ca38c0c/right.png
door,7df0c3a4c44800c85a3dd1a935c49dd0,front,ok,0.267445,512,157,0.306641,512,b2dedd85eab2d6340ef79da5370362c7224855597b6372b6d9769beb3eae7fe2,true,/cpfs/user/zhuzihou/assets/dedup_workspaces/test0_transitive_apply_parallel/dataset/GRScenes_assets/door/7df0c3a4c44800c85a3dd1a935c49dd0/front.png
door,7df0c3a4c44800c85a3dd1a935c49dd0,left,ok,0.284241,316,318,0.383331,318,8c1c18a50913ffe433042d2010cee400e6bb096460c7c86cfa30e4ce3f7b4a5f,true,/cpfs/user/zhuzihou/assets/dedup_workspaces/test0_transitive_apply_parallel/dataset/GRScenes_assets/door/7df0c3a4c44800c85a3dd1a935c49dd0/left.png
door,7df0c3a4c44800c85a3dd1a935c49dd0,back,ok,0.267445,512,157,0.306641,512,a07518fe9110ab3ba3b8b5a965b6cb0955ba62f2086f3e786d35a15c82cb95eb,true,/cpfs/user/zhuzihou/assets/dedup_workspaces/test0_transitive_apply_parallel/dataset/GRScenes_assets/door/7df0c3a4c44800c85a3dd1a935c49dd0/back.png
door,7df0c3a4c44800c85a3dd1a935c49dd0,right,ok,0.286850,316,318,0.383331,318,161d527d684f4305c1bb36008302ee03e4e3cbfca4b746e1d73ff4c02dbc87e2,true,/cpfs/user/zhuzihou/assets/dedup_workspaces/test0_transitive_apply_parallel/dataset/GRScenes_assets/door/7df0c3a4c44800c85a3dd1a935c49dd0/right.png
door,82de360c606461296ec7491d3111d0a0,front,ok,0.256840,512,151,0.294922,512,a7758b972d3fa09e38418dcce1f127e1ad82eff664adf530f8f665f9f2fa6049,true,/cpfs/user/zhuzihou/assets/dedup_workspaces/test0_transitive_apply_parallel/dataset/GRScenes_assets/door/82de360c606461296ec7491d3111d0a0/front.png
door,82de360c606461296ec7491d3111d0a0,left,ok,0.278214,314,313,0.374916,314,5c0b77c37a309d0ac90e9ec8349569f833c7ad29deeeed0d5bdb2753853711ea,true,/cpfs/user/zhuzihou/assets/dedup_workspaces/test0_transitive_apply_parallel/dataset/GRScenes_assets/door/82de360c606461296ec7491d3111d0a0/left.png
door,82de360c606461296ec7491d3111d0a0,back,ok,0.256851,512,151,0.294922,512,e52c4f16d4045eb55980da861c63f70cf218a3831fc9e57ed75fa4a4a12dbaa9,true,/cpfs/user/zhuzihou/assets/dedup_workspaces/test0_transitive_apply_parallel/dataset/GRScenes_assets/door/82de360c606461296ec7491d3111d0a0/back.png
door,82de360c606461296ec7491d3111d0a0,right,ok,0.280861,314,313,0.374916,314,7157d6127928eb32dbaf9b756d56bd453f0fa7610c513460b9320fec378a7622,true,/cpfs/user/zhuzihou/assets/dedup_workspaces/test0_transitive_apply_parallel/dataset/GRScenes_assets/door/82de360c606461296ec7491d3111d0a0/right.png
door,83288fc8cb39af463e2f2868d32c532a,front,ok,0.319469,488,219,0.407684,488,b5b634554add28f959fba2545e1a251231da24edc629233d4f8d77becd9565ec,true,/cpfs/user/zhuzihou/assets/dedup_workspaces/test0_transitive_apply_parallel/dataset/GRScenes_assets/door/83288fc8cb39af463e2f2868d32c532a/front.png
door,83288fc8cb39af463e2f2868d32c532a,left,ok,0.337242,450,252,0.432587,450,62c3b365ca91189e604aefc183d331e26f7f34e0886ed6285eb21512d5cdbc05,true,/cpfs/user/zhuzihou/assets/dedup_workspaces/test0_transitive_apply_parallel/dataset/GRScenes_assets/door/83288fc8cb39af463e2f2868d32c532a/left.png
door,83288fc8cb39af463e2f2868d32c532a,back,ok,0.329891,488,219,0.407684,488,27f50364698b44683d2326fa8d62cbd5e7acd046c38f65200a5dfec1afac0710,true,/cpfs/user/zhuzihou/assets/dedup_workspaces/test0_transitive_apply_parallel/dataset/GRScenes_assets/door/83288fc8cb39af463e2f2868d32c532a/back.png
door,83288fc8cb39af463e2f2868d32c532a,right,ok,0.332256,450,252,0.432587,450,2b91b6e67cbf164955f70a3e50cfdf28ce060c8048c1331efed79d9258a5b78f,true,/cpfs/user/zhuzihou/assets/dedup_workspaces/test0_transitive_apply_parallel/dataset/GRScenes_assets/door/83288fc8cb39af463e2f2868d32c532a/right.png
door,861558f327f413d560ca71e599bae64e,front,ok,0.362900,456,251,0.436615,456,86111078b92aec9377950c4817bc397fa34a2e2ec55d80f7c1edb26077a1add0,true,/cpfs/user/zhuzihou/assets/dedup_workspaces/test0_transitive_apply_parallel/dataset/GRScenes_assets/door/861558f327f413d560ca71e599bae64e/front.png
door,861558f327f413d560ca71e599bae64e,left,ok,0.078148,60,446,0.102081,446,a579a32076a8a8170ffff51bec94dc830c7e374a3eee79fe74672437b6d88817,true,/cpfs/user/zhuzihou/assets/dedup_workspaces/test0_transitive_apply_parallel/dataset/GRScenes_assets/door/861558f327f413d560ca71e599bae64e/left.png
door,861558f327f413d560ca71e599bae64e,back,ok,0.361835,456,250,0.434875,456,2d90cf0c4e764e8119b667c125797753bdab00e72b6b009428d220fe0ea52429,true,/cpfs/user/zhuzihou/assets/dedup_workspaces/test0_transitive_apply_parallel/dataset/GRScenes_assets/door/861558f327f413d560ca71e599bae64e/back.png
door,861558f327f413d560ca71e599bae64e,right,ok,0.078026,60,446,0.102081,446,e9ed1e8d07628d1940e29f555c835032cf62261151931f09bbdcf230f4f9dee1,true,/cpfs/user/zhuzihou/assets/dedup_workspaces/test0_transitive_apply_parallel/dataset/GRScenes_assets/door/861558f327f413d560ca71e599bae64e/right.png
door,866ea6060036a50df21fc605b54c2749,front,ok,0.334450,486,205,0.380058,486,8bbf84b1453ae2fa2ea0a47d48e88531670896c1611d1b08731afaa18d790563,true,/cpfs/user/zhuzihou/assets/dedup_workspaces/test0_transitive_apply_parallel/dataset/GRScenes_assets/door/866ea6060036a50df21fc605b54c2749/front.png
door,866ea6060036a50df21fc605b54c2749,left,ok,0.086403,70,424,0.113220,424,f2a8d74299dcab7b301fea7a5880557ceecddb9827ac9f19074877b10e8cf0c3,true,/cpfs/user/zhuzihou/assets/dedup_workspaces/test0_transitive_apply_parallel/dataset/GRScenes_assets/door/866ea6060036a50df21fc605b54c2749/left.png
door,866ea6060036a50df21fc605b54c2749,back,ok,0.324959,478,202,0.368332,478,48a7877dcbab3d96a557fb081a56c21ed6ceafe37edf76fcaf3eaf0ff7d3fafb,true,/cpfs/user/zhuzihou/assets/dedup_workspaces/test0_transitive_apply_parallel/dataset/GRScenes_assets/door/866ea6060036a50df21fc605b54c2749/back.png
door,866ea6060036a50df21fc605b54c2749,right,ok,0.086594,70,424,0.113220,424,0d1850e8fb721325ac385ebdac39ea1dc9fe186bdd1d0af72c9c18e45d21f03a,true,/cpfs/user/zhuzihou/assets/dedup_workspaces/test0_transitive_apply_parallel/dataset/GRScenes_assets/door/866ea6060036a50df21fc605b54c2749/right.png
door,87f30f1e2c0394dd97fc075fcef73c72,front,ok,0.120338,412,269,0.422775,412,d465a0c0c2703189d1dd2874a8b6f2a5fee3ea9a71332e848c8c7c13600df00b,true,/cpfs/user/zhuzihou/assets/dedup_workspaces/test0_transitive_apply_parallel/dataset/GRScenes_assets/door/87f30f1e2c0394dd97fc075fcef73c72/front.png
door,87f30f1e2c0394dd97fc075fcef73c72,left,ok,0.123280,503,189,0.362652,503,d0571bb4c1e24f1b6d61bb1ac87d1785ac704e47f64ea379a42c62c6219bf661,true,/cpfs/user/zhuzihou/assets/dedup_workspaces/test0_transitive_apply_parallel/dataset/GRScenes_assets/door/87f30f1e2c0394dd97fc075fcef73c72/left.png
door,87f30f1e2c0394dd97fc075fcef73c72,back,ok,0.120403,412,269,0.422775,412,ac24c9cc7cb16ef28936e73bebd5a0fe1480ec72fac21449216cd6120c1372af,true,/cpfs/user/zhuzihou/assets/dedup_workspaces/test0_transitive_apply_parallel/dataset/GRScenes_assets/door/87f30f1e2c0394dd97fc075fcef73c72/back.png
door,87f30f1e2c0394dd97fc075fcef73c72,right,ok,0.133293,503,189,0.362652,503,033b110174cfb324e02242927f3870e8ac10f2ddc930ebf8bc2603b1694f2ef9,true,/cpfs/user/zhuzihou/assets/dedup_workspaces/test0_transitive_apply_parallel/dataset/GRScenes_assets/door/87f30f1e2c0394dd97fc075fcef73c72/right.png
door,88ebdb259abd13b54ef4f193dd7a20c2,front,ok,0.129967,512,124,0.242188,512,b0497d2daeb4995cea07d948f690fc4f8189200402c4b7a1a8eefe2bcee1d3b2,true,/cpfs/user/zhuzihou/assets/dedup_workspaces/test0_transitive_apply_parallel/dataset/GRScenes_assets/door/88ebdb259abd13b54ef4f193dd7a20c2/front.png
door,88ebdb259abd13b54ef4f193dd7a20c2,left,ok,0.103477,276,313,0.329544,313,abfb8b786c148f3d5ac189bc0f2e12d128c56ea6e669c06a85a5938802df33a0,true,/cpfs/user/zhuzihou/assets/dedup_workspaces/test0_transitive_apply_parallel/dataset/GRScenes_assets/door/88ebdb259abd13b54ef4f193dd7a20c2/left.png
door,88ebdb259abd13b54ef4f193dd7a20c2,back,ok,0.131474,512,124,0.242188,512,d65c5d624256848908c49aa321be082bc85c07dadf4c3de76fca3857f353b911,true,/cpfs/user/zhuzihou/assets/dedup_workspaces/test0_transitive_apply_parallel/dataset/GRScenes_assets/door/88ebdb259abd13b54ef4f193dd7a20c2/back.png
door,88ebdb259abd13b54ef4f193dd7a20c2,right,ok,0.114384,276,314,0.330597,314,aba824b172640625874ffb2e836b715e55f88acbf7a358d2a22548e2c981964f,true,/cpfs/user/zhuzihou/assets/dedup_workspaces/test0_transitive_apply_parallel/dataset/GRScenes_assets/door/88ebdb259abd13b54ef4f193dd7a20c2/right.png
door,89e2b58b950bb7bc12658a6ec3df8061,front,ok,0.356876,442,259,0.436699,442,13184656a04546f7a21ba13f02fba992abad957d85155bf48c4dcfc09c591da9,true,/cpfs/user/zhuzihou/assets/dedup_workspaces/test0_transitive_apply_parallel/dataset/GRScenes_assets/door/89e2b58b950bb7bc12658a6ec3df8061/front.png
door,89e2b58b950bb7bc12658a6ec3df8061,left,ok,0.053753,42,451,0.072258,451,dbd47eaf334214d0753dac19929abc70b98949d1ee2f5c71e19e430510da0f29,true,/cpfs/user/zhuzihou/assets/dedup_workspaces/test0_transitive_apply_parallel/dataset/GRScenes_assets/door/89e2b58b950bb7bc12658a6ec3df8061/left.png
door,89e2b58b950bb7bc12658a6ec3df8061,back,ok,0.369686,442,259,0.436699,442,507b46ebc1159a6f1531e975021005a8b07d6c5bef7ad2465e604421b1be9792,true,/cpfs/user/zhuzihou/assets/dedup_workspaces/test0_transitive_apply_parallel/dataset/GRScenes_assets/door/89e2b58b950bb7bc12658a6ec3df8061/back.png
door,89e2b58b950bb7bc12658a6ec3df8061,right,ok,0.046932,42,451,0.072258,451,ff58cf9f859087fa70ee5d2e756cbbb3a61d5e9bfe259b1d08e211b945c9aa03,true,/cpfs/user/zhuzihou/assets/dedup_workspaces/test0_transitive_apply_parallel/dataset/GRScenes_assets/door/89e2b58b950bb7bc12658a6ec3df8061/right.png
door,8c361919bc21718d3941d31e8e4c4ee5,front,ok,0.331505,314,360,0.431213,360,bdc9142cc345cb386242eec02c5aba22a0b9952c68c9cf8b026cefa34b112696,true,/cpfs/user/zhuzihou/assets/dedup_workspaces/test0_transitive_apply_parallel/dataset/GRScenes_assets/door/8c361919bc21718d3941d31e8e4c4ee5/front.png
door,8c361919bc21718d3941d31e8e4c4ee5,left,ok,0.064514,50,458,0.087357,458,70c7162ccf697a6ddbf81645fad71275ef7aa113759fb061a0907eaa29b7556a,true,/cpfs/user/zhuzihou/assets/dedup_workspaces/test0_transitive_apply_parallel/dataset/GRScenes_assets/door/8c361919bc21718d3941d31e8e4c4ee5/left.png
door,8c361919bc21718d3941d31e8e4c4ee5,back,ok,0.344753,314,360,0.431213,360,8b8040d2b14fce978a6bc160bfc756efe3cacb1fff17354886e335e2958c7394,true,/cpfs/user/zhuzihou/assets/dedup_workspaces/test0_transitive_apply_parallel/dataset/GRScenes_assets/door/8c361919bc21718d3941d31e8e4c4ee5/back.png
door,8c361919bc21718d3941d31e8e4c4ee5,right,ok,0.059280,50,458,0.087357,458,78f3067ed815fd8fec0e2c971294f04c1b285b21fa0144d6117fa6c3886e45bd,true,/cpfs/user/zhuzihou/assets/dedup_workspaces/test0_transitive_apply_parallel/dataset/GRScenes_assets/door/8c361919bc21718d3941d31e8e4c4ee5/right.png
door,8cec38ba15e4d3c3123028f4544b2210,front,ok,0.146347,458,266,0.464737,458,db874e6bdc6898404da98cffe05e28f6ae9a097a7b69cae72b73c4f4cbcaa020,true,/cpfs/user/zhuzihou/assets/dedup_workspaces/test0_transitive_apply_parallel/dataset/GRScenes_assets/door/8cec38ba15e4d3c3123028f4544b2210/front.png
door,8cec38ba15e4d3c3123028f4544b2210,left,ok,0.115910,96,448,0.164062,448,f209aef7bfab9f4e3ba9527da2363810ca85921b03a148f560b19b586d056398,true,/cpfs/user/zhuzihou/assets/dedup_workspaces/test0_transitive_apply_parallel/dataset/GRScenes_assets/door/8cec38ba15e4d3c3123028f4544b2210/left.png
door,8cec38ba15e4d3c3123028f4544b2210,back,ok,0.146381,458,266,0.464737,458,6a4cbc5b624bf47622dd739eda7b7a63b40ad1e92625d91e09623f890fc6b979,true,/cpfs/user/zhuzihou/assets/dedup_workspaces/test0_transitive_apply_parallel/dataset/GRScenes_assets/door/8cec38ba15e4d3c3123028f4544b2210/back.png
door,8cec38ba15e4d3c3123028f4544b2210,right,ok,0.121662,96,448,0.164062,448,69d2f297153d24d7194ceff0ccadaeeaae3fa0e23753e47299ce44ffad35c6a4,true,/cpfs/user/zhuzihou/assets/dedup_workspaces/test0_transitive_apply_parallel/dataset/GRScenes_assets/door/8cec38ba15e4d3c3123028f4544b2210/right.png
door,8e517678b7fe3946723ab0b0904a624c,front,ok,0.130825,418,268,0.427338,418,7535e248704c866bd0917216cadb468e5fe23dd36bf64d75b7802b84e0143f2c,true,/cpfs/user/zhuzihou/assets/dedup_workspaces/test0_transitive_apply_parallel/dataset/GRScenes_assets/door/8e517678b7fe3946723ab0b0904a624c/front.png
door,8e517678b7fe3946723ab0b0904a624c,left,ok,0.131832,502,195,0.373421,502,0b7d43cda746fafa5e37d31bea5f7daf691da763f68ec8be66af37664d69c621,true,/cpfs/user/zhuzihou/assets/dedup_workspaces/test0_transitive_apply_parallel/dataset/GRScenes_assets/door/8e517678b7fe3946723ab0b0904a624c/left.png
door,8e517678b7fe3946723ab0b0904a624c,back,ok,0.131065,418,268,0.427338,418,ea036735ca50bcc730667f5ab3e5e2ec75ed9cc2b948baed3144fdf5e95c8ffe,true,/cpfs/user/zhuzihou/assets/dedup_workspaces/test0_transitive_apply_parallel/dataset/GRScenes_assets/door/8e517678b7fe3946723ab0b0904a624c/back.png
door,8e517678b7fe3946723ab0b0904a624c,right,ok,0.141956,502,195,0.373421,502,4094447b5e4ee946b9d5eceea97c7e7eedc7fa704e207b2f7d4e0a7505619f17,true,/cpfs/user/zhuzihou/assets/dedup_workspaces/test0_transitive_apply_parallel/dataset/GRScenes_assets/door/8e517678b7fe3946723ab0b0904a624c/right.png
door,8fdf31944cf32661abcdada514ef885f,front,ok,0.372261,444,276,0.467468,444,d3c7f0dc4261d774e4308854015e878f94845e9d6e2849cff0167bed45582194,true,/cpfs/user/zhuzihou/assets/dedup_workspaces/test0_transitive_apply_parallel/dataset/GRScenes_assets/door/8fdf31944cf32661abcdada514ef885f/front.png
door,8fdf31944cf32661abcdada514ef885f,left,ok,0.102348,80,451,0.137634,451,49b4adf56a2017904cec66eee07e6f3ca5a0391b594c5ba0defc65c2b0c0ef2a,true,/cpfs/user/zhuzihou/assets/dedup_workspaces/test0_transitive_apply_parallel/dataset/GRScenes_assets/door/8fdf31944cf32661abcdada514ef885f/left.png
door,8fdf31944cf32661abcdada514ef885f,back,ok,0.393112,444,276,0.467468,444,363c027534f4c69baf7fda80d542a65ba7cdf0d4b549386a2235c82a3a2fdffc,true,/cpfs/user/zhuzihou/assets/dedup_workspaces/test0_transitive_apply_parallel/dataset/GRScenes_assets/door/8fdf31944cf32661abcdada514ef885f/back.png
door,8fdf31944cf32661abcdada514ef885f,right,ok,0.095440,80,450,0.137329,450,dba90ace0df98b203653c3ebbaf22de4e0ff186726325d590e2198d7c754cb06,true,/cpfs/user/zhuzihou/assets/dedup_workspaces/test0_transitive_apply_parallel/dataset/GRScenes_assets/door/8fdf31944cf32661abcdada514ef885f/right.png
door,95b81276e653a49c5550a1326fb064fc,front,ok,0.265522,512,156,0.304688,512,2ce6f265e4d810bf607846db90b0dd31b0669fa72664923bd928e1be5a4104fe,true,/cpfs/user/zhuzihou/assets/dedup_workspaces/test0_transitive_apply_parallel/dataset/GRScenes_assets/door/95b81276e653a49c5550a1326fb064fc/front.png
door,95b81276e653a49c5550a1326fb064fc,left,ok,0.294380,340,302,0.391693,340,e07f6acc9bb9b5fb53933621e6d81581893b2be9167aafcfa455103813e5696c,true,/cpfs/user/zhuzihou/assets/dedup_workspaces/test0_transitive_apply_parallel/dataset/GRScenes_assets/door/95b81276e653a49c5550a1326fb064fc/left.png
door,95b81276e653a49c5550a1326fb064fc,back,ok,0.265526,512,156,0.304688,512,eeb8c227a0630c4955ceeecf91d57e5a7f7518b1e4619fdade419b2d365b4a00,true,/cpfs/user/zhuzihou/assets/dedup_workspaces/test0_transitive_apply_parallel/dataset/GRScenes_assets/door/95b81276e653a49c5550a1326fb064fc/back.png
door,95b81276e653a49c5550a1326fb064fc,right,ok,0.293182,340,302,0.391693,340,40ef5e81d215881040452bca1806133747398672f0783d91a3bc00745ae6421a,true,/cpfs/user/zhuzihou/assets/dedup_workspaces/test0_transitive_apply_parallel/dataset/GRScenes_assets/door/95b81276e653a49c5550a1326fb064fc/right.png
door,9737c07304b7548bd223e08f841b2c34,front,ok,0.367802,402,298,0.456985,402,981d840fe6c1783d9865305031f54ffc907061bf26878e773529ac8ab55b3963,true,/cpfs/user/zhuzihou/assets/dedup_workspaces/test0_transitive_apply_parallel/dataset/GRScenes_assets/door/9737c07304b7548bd223e08f841b2c34/front.png
door,9737c07304b7548bd223e08f841b2c34,left,ok,0.045368,35,457,0.061016,457,f29888f1495aa2c51da320e9ce2b1517c21bde64b0eb81f3e47f76aa7cc6390f,true,/cpfs/user/zhuzihou/assets/dedup_workspaces/test0_transitive_apply_parallel/dataset/GRScenes_assets/door/9737c07304b7548bd223e08f841b2c34/left.png
door,9737c07304b7548bd223e08f841b2c34,back,ok,0.378578,402,298,0.456985,402,23e212f582c303a98b97edc039be474a501353fccf36c09cff20f156550498af,true,/cpfs/user/zhuzihou/assets/dedup_workspaces/test0_transitive_apply_parallel/dataset/GRScenes_assets/door/9737c07304b7548bd223e08f841b2c34/back.png
door,9737c07304b7548bd223e08f841b2c34,right,ok,0.038879,34,457,0.059273,457,716cd34b635e05ca51dc611e1f6aa0ff91ec00c1834da004b5093eaecd4f5f15,true,/cpfs/user/zhuzihou/assets/dedup_workspaces/test0_transitive_apply_parallel/dataset/GRScenes_assets/door/9737c07304b7548bd223e08f841b2c34/right.png
door,98b4ab82b9be98179d34926fa014fada,front,ok,0.266987,510,192,0.373535,510,01c900cd27cd01f5951da3dd27177b1db1423f92cac6d19d4dc14edc90cdb3f6,true,/cpfs/user/zhuzihou/assets/dedup_workspaces/test0_transitive_apply_parallel/dataset/GRScenes_assets/door/98b4ab82b9be98179d34926fa014fada/front.png
door,98b4ab82b9be98179d34926fa014fada,left,ok,0.186378,332,315,0.398941,332,9d68911ee107be71591147c690a59f017b135b48c11807f94c15ed8f99118b85,true,/cpfs/user/zhuzihou/assets/dedup_workspaces/test0_transitive_apply_parallel/dataset/GRScenes_assets/door/98b4ab82b9be98179d34926fa014fada/left.png
door,98b4ab82b9be98179d34926fa014fada,back,ok,0.269283,510,191,0.371590,510,661ef803776adb1dc81ed7458491bb065766bf4bf989c996eb9dc1d3fc0e9496,true,/cpfs/user/zhuzihou/assets/dedup_workspaces/test0_transitive_apply_parallel/dataset/GRScenes_assets/door/98b4ab82b9be98179d34926fa014fada/back.png
door,98b4ab82b9be98179d34926fa014fada,right,ok,0.285358,360,314,0.431213,360,c09913e3d288a8f096b76bc62b94881ba1773578f8b2b756a4bae2bfb9f698ac,true,/cpfs/user/zhuzihou/assets/dedup_workspaces/test0_transitive_apply_parallel/dataset/GRScenes_assets/door/98b4ab82b9be98179d34926fa014fada/right.png
door,991cf6f1dbbcb24e137e4c3eb10c2c78,front,ok,0.373123,438,279,0.466164,438,d429b62cecf81b652afca6fd4e0067b844f073f4201e8371956806b38c4db4ac,true,/cpfs/user/zhuzihou/assets/dedup_workspaces/test0_transitive_apply_parallel/dataset/GRScenes_assets/door/991cf6f1dbbcb24e137e4c3eb10c2c78/front.png
door,991cf6f1dbbcb24e137e4c3eb10c2c78,left,ok,0.089115,70,453,0.120964,453,e99c51e0abcd1a9c68e95203b17b90c215d030f5caa2f967ac200513e65801f3,true,/cpfs/user/zhuzihou/assets/dedup_workspaces/test0_transitive_apply_parallel/dataset/GRScenes_assets/door/991cf6f1dbbcb24e137e4c3eb10c2c78/left.png
door,991cf6f1dbbcb24e137e4c3eb10c2c78,back,ok,0.391308,438,279,0.466164,438,0c0806fb4a71675bfbabb01740bd1d56680a784fa470c1d845960da37b9e0231,true,/cpfs/user/zhuzihou/assets/dedup_workspaces/test0_transitive_apply_parallel/dataset/GRScenes_assets/door/991cf6f1dbbcb24e137e4c3eb10c2c78/back.png
door,991cf6f1dbbcb24e137e4c3eb10c2c78,right,ok,0.082760,70,453,0.120964,453,8abd9da8faa454ed2d4df6312969e5c9ff98d4501a7d3a68362b93d771f1f0c6,true,/cpfs/user/zhuzihou/assets/dedup_workspaces/test0_transitive_apply_parallel/dataset/GRScenes_assets/door/991cf6f1dbbcb24e137e4c3eb10c2c78/right.png
door,9d475a41093791e984cb3e1ec02b5b60,front,ok,0.221771,508,130,0.251923,508,10c73b4185bead18f4234ac80868784e56769761d1f41cd92298374141436480,true,/cpfs/user/zhuzihou/assets/dedup_workspaces/test0_transitive_apply_parallel/dataset/GRScenes_assets/door/9d475a41093791e984cb3e1ec02b5b60/front.png
door,9d475a41093791e984cb3e1ec02b5b60,left,ok,0.252605,292,308,0.343079,308,d65f85d3b26a0801b9fb7979031a142bb8980f08b0da4216d539d86f9466edb3,true,/cpfs/user/zhuzihou/assets/dedup_workspaces/test0_transitive_apply_parallel/dataset/GRScenes_assets/door/9d475a41093791e984cb3e1ec02b5b60/left.png
door,9d475a41093791e984cb3e1ec02b5b60,back,ok,0.221867,508,130,0.251923,508,640cffd8f77b0eb8ee39154bda6c0468763b6cf6bb346a8dd8e57ad8471e4aa3,true,/cpfs/user/zhuzihou/assets/dedup_workspaces/test0_transitive_apply_parallel/dataset/GRScenes_assets/door/9d475a41093791e984cb3e1ec02b5b60/back.png
door,9d475a41093791e984cb3e1ec02b5b60,right,ok,0.254604,292,308,0.343079,308,8816bfe5da1fde6267489805053f1b4894356a2e642c309975beab0f5a76934f,true,/cpfs/user/zhuzihou/assets/dedup_workspaces/test0_transitive_apply_parallel/dataset/GRScenes_assets/door/9d475a41093791e984cb3e1ec02b5b60/right.png
door,a0c66b9cc4ff38c79f4fb9d7b25105a0,front,ok,0.135700,512,129,0.251953,512,fdfecedb795aa604c614264dd1263934eca4c9769ee32e8c7f4724aa6723c696,true,/cpfs/user/zhuzihou/assets/dedup_workspaces/test0_transitive_apply_parallel/dataset/GRScenes_assets/door/a0c66b9cc4ff38c79f4fb9d7b25105a0/front.png
door,a0c66b9cc4ff38c79f4fb9d7b25105a0,left,ok,0.095272,284,314,0.340179,314,97b3fcbce7108a16e22b71e302280fb9a18fe5a3d25dad27c7c3ef0568689b1d,true,/cpfs/user/zhuzihou/assets/dedup_workspaces/test0_transitive_apply_parallel/dataset/GRScenes_assets/door/a0c66b9cc4ff38c79f4fb9d7b25105a0/left.png
door,a0c66b9cc4ff38c79f4fb9d7b25105a0,back,ok,0.135750,512,129,0.251953,512,a2ed71b5193c5a83a565729eefe768fb56c6f06876919ab09d4dcfc7592e311c,true,/cpfs/user/zhuzihou/assets/dedup_workspaces/test0_transitive_apply_parallel/dataset/GRScenes_assets/door/a0c66b9cc4ff38c79f4fb9d7b25105a0/back.png
door,a0c66b9cc4ff38c79f4fb9d7b25105a0,right,ok,0.105106,284,313,0.339096,313,f309b91f33cde11f8f0907b9e77837cbbec1a4c2292e08a46445e79bb2d92868,true,/cpfs/user/zhuzihou/assets/dedup_workspaces/test0_transitive_apply_parallel/dataset/GRScenes_assets/door/a0c66b9cc4ff38c79f4fb9d7b25105a0/right.png
door,a19798bc58e6cd201db3a63aa58fd616,front,ok,0.346237,463,227,0.400928,463,70e9c255fc2e4e3189f443caca5122b7a061c01d79282be28a4fd3644f4ca540,true,/cpfs/user/zhuzihou/assets/dedup_workspaces/test0_transitive_apply_parallel/dataset/GRScenes_assets/door/a19798bc58e6cd201db3a63aa58fd616/front.png
door,a19798bc58e6cd201db3a63aa58fd616,left,ok,0.054085,43,438,0.071846,438,41d7812e3862405a00f99ef90640c75f0b656b5dc7f99da97bdd86c8ad8f634d,true,/cpfs/user/zhuzihou/assets/dedup_workspaces/test0_transitive_apply_parallel/dataset/GRScenes_assets/door/a19798bc58e6cd201db3a63aa58fd616/left.png
door,a19798bc58e6cd201db3a63aa58fd616,back,ok,0.346714,464,227,0.401794,464,6a84d62babc4c7119698482cab1a6adac06f978f9fa581add891a1704af91e0f,true,/cpfs/user/zhuzihou/assets/dedup_workspaces/test0_transitive_apply_parallel/dataset/GRScenes_assets/door/a19798bc58e6cd201db3a63aa58fd616/back.png
door,a19798bc58e6cd201db3a63aa58fd616,right,ok,0.053265,42,438,0.070175,438,0f1b8a2acd2ce08b985c0bd0900a23f96f5183064dba574e0f27fcf32a67fba2,true,/cpfs/user/zhuzihou/assets/dedup_workspaces/test0_transitive_apply_parallel/dataset/GRScenes_assets/door/a19798bc58e6cd201db3a63aa58fd616/right.png
door,a4c5d857e6cafa9dfcf32cab1a015dff,front,ok,0.128204,504,180,0.346069,504,6ca76d0d3ec3f16b3d85d86f5d7655098e965ad54708f1acb6c7ae61eb45cae3,true,/cpfs/user/zhuzihou/assets/dedup_workspaces/test0_transitive_apply_parallel/dataset/GRScenes_assets/door/a4c5d857e6cafa9dfcf32cab1a015dff/front.png
door,a4c5d857e6cafa9dfcf32cab1a015dff,left,ok,0.102737,400,270,0.411987,400,e0dbeec58a5bffe2ba8a887462772d74e086cfca1932d7ca2f7e0a8425974ccc,true,/cpfs/user/zhuzihou/assets/dedup_workspaces/test0_transitive_apply_parallel/dataset/GRScenes_assets/door/a4c5d857e6cafa9dfcf32cab1a015dff/left.png
door,a4c5d857e6cafa9dfcf32cab1a015dff,back,ok,0.128296,504,180,0.346069,504,c3a15eaafc6e33ee2e85e1c09fc29818df6ca9ebbbaddf8cea4dec37879c40d9,true,/cpfs/user/zhuzihou/assets/dedup_workspaces/test0_transitive_apply_parallel/dataset/GRScenes_assets/door/a4c5d857e6cafa9dfcf32cab1a015dff/back.png
door,a4c5d857e6cafa9dfcf32cab1a015dff,right,ok,0.122219,400,269,0.410461,400,ef6c7d0bad692892d1a09b8512bc658a2ac1e30c3be84ce9f97380e7387e3bd7,true,/cpfs/user/zhuzihou/assets/dedup_workspaces/test0_transitive_apply_parallel/dataset/GRScenes_assets/door/a4c5d857e6cafa9dfcf32cab1a015dff/right.png
door,a58442481504bbd4a96e95ac7c69a129,front,ok,0.094307,508,153,0.296494,508,8760555648a42cca2d603c1a843a7393a9e1300a1b8134bfad1ab9577611ac65,true,/cpfs/user/zhuzihou/assets/dedup_workspaces/test0_transitive_apply_parallel/dataset/GRScenes_assets/door/a58442481504bbd4a96e95ac7c69a129/front.png
door,a58442481504bbd4a96e95ac7c69a129,left,ok,0.073685,360,280,0.384521,360,d944f71dce2bcc77751a4ce9ee51e364d548c77e1f24f5932283bbc9dbc9bcbb,true,/cpfs/user/zhuzihou/assets/dedup_workspaces/test0_transitive_apply_parallel/dataset/GRScenes_assets/door/a58442481504bbd4a96e95ac7c69a129/left.png
door,a58442481504bbd4a96e95ac7c69a129,back,ok,0.094303,508,153,0.296494,508,3c2cffc205d480ce0ea92172350adf17ee1da0428438ed37e923d081128b1fdc,true,/cpfs/user/zhuzihou/assets/dedup_workspaces/test0_transitive_apply_parallel/dataset/GRScenes_assets/door/a58442481504bbd4a96e95ac7c69a129/back.png
door,a58442481504bbd4a96e95ac7c69a129,right,ok,0.085686,360,280,0.384521,360,b5db29032e9656e456b962ae537dcece370f52819c8f80641df833635d749a15,true,/cpfs/user/zhuzihou/assets/dedup_workspaces/test0_transitive_apply_parallel/dataset/GRScenes_assets/door/a58442481504bbd4a96e95ac7c69a129/right.png
door,a8206555830d974572ac758f3d449b3e,front,ok,0.339699,486,210,0.389328,486,d1a923ff3bcd4cfccd7bdfdf0fee4990954fecb55f2eebf9ceb420537f3f9ec8,true,/cpfs/user/zhuzihou/assets/dedup_workspaces/test0_transitive_apply_parallel/dataset/GRScenes_assets/door/a8206555830d974572ac758f3d449b3e/front.png
door,a8206555830d974572ac758f3d449b3e,left,ok,0.120640,107,423,0.172657,423,4738deebb5b240a67dff31650c493830e4e2c1f1a8eb2372b8604e63a945242c,true,/cpfs/user/zhuzihou/assets/dedup_workspaces/test0_transitive_apply_parallel/dataset/GRScenes_assets/door/a8206555830d974572ac758f3d449b3e/left.png
door,a8206555830d974572ac758f3d449b3e,back,ok,0.349018,494,212,0.399506,494,b720a3cd1eeaa6a608b1052f0ed88a6cbb4d3e497b87a809edabaa3064048ee3,true,/cpfs/user/zhuzihou/assets/dedup_workspaces/test0_transitive_apply_parallel/dataset/GRScenes_assets/door/a8206555830d974572ac758f3d449b3e/back.png
door,a8206555830d974572ac758f3d449b3e,right,ok,0.126587,107,424,0.173065,424,f924c37f2bd94d276c93c58e27c7bdad576ea0d53172587f408e984883a5ce26,true,/cpfs/user/zhuzihou/assets/dedup_workspaces/test0_transitive_apply_parallel/dataset/GRScenes_assets/door/a8206555830d974572ac758f3d449b3e/right.png
door,aa029a85dd34635a3af7cd3ef7e5378d,front,ok,0.217041,512,127,0.248047,512,54a3c89f58421ce86edd48036ff6787382ad1bbabdb50f66afd06fb61c8825af,true,/cpfs/user/zhuzihou/assets/dedup_workspaces/test0_transitive_apply_parallel/dataset/GRScenes_assets/door/aa029a85dd34635a3af7cd3ef7e5378d/front.png
door,aa029a85dd34635a3af7cd3ef7e5378d,left,ok,0.233139,280,314,0.335388,314,ae584ecaf485a056f056f26c1615bf4b5dbde7c2b0a52c9bfe9bb33b69531d26,true,/cpfs/user/zhuzihou/assets/dedup_workspaces/test0_transitive_apply_parallel/dataset/GRScenes_assets/door/aa029a85dd34635a3af7cd3ef7e5378d/left.png
door,aa029a85dd34635a3af7cd3ef7e5378d,back,ok,0.217030,512,127,0.248047,512,805052ab1d5f39aecc1372a94982c45c913d696117e0ce98f5d3e24d4669ce09,true,/cpfs/user/zhuzihou/assets/dedup_workspaces/test0_transitive_apply_parallel/dataset/GRScenes_assets/door/aa029a85dd34635a3af7cd3ef7e5378d/back.png
door,aa029a85dd34635a3af7cd3ef7e5378d,right,ok,0.244579,280,312,0.333252,312,85da2c60cae8cef9203486258a7dbdf8ef08552bb2a97e6c6b6ae81fdc6bc7a1,true,/cpfs/user/zhuzihou/assets/dedup_workspaces/test0_transitive_apply_parallel/dataset/GRScenes_assets/door/aa029a85dd34635a3af7cd3ef7e5378d/right.png
door,abfc50e7374cb743b2817f4c82deee97,front,ok,0.307842,512,179,0.349609,512,533a7c02b2e9812e8e19747d06bad41b69282da0f62311174b687a9e6028b298,true,/cpfs/user/zhuzihou/assets/dedup_workspaces/test0_transitive_apply_parallel/dataset/GRScenes_assets/door/abfc50e7374cb743b2817f4c82deee97/front.png
door,abfc50e7374cb743b2817f4c82deee97,left,ok,0.315022,342,324,0.422699,342,cfba8d8917d557b7d1b3f10bd07efbdefef023b754552d120b2586b94d13a9b3,true,/cpfs/user/zhuzihou/assets/dedup_workspaces/test0_transitive_apply_parallel/dataset/GRScenes_assets/door/abfc50e7374cb743b2817f4c82deee97/left.png
door,abfc50e7374cb743b2817f4c82deee97,back,ok,0.307858,512,179,0.349609,512,de608434ca315e17c0d5aa7dc697dd400a2d5cbc42d495521c9a863f9df77dc2,true,/cpfs/user/zhuzihou/assets/dedup_workspaces/test0_transitive_apply_parallel/dataset/GRScenes_assets/door/abfc50e7374cb743b2817f4c82deee97/back.png
door,abfc50e7374cb743b2817f4c82deee97,right,ok,0.316048,342,324,0.422699,342,1776675a78f0edc9e44335d84fdb7043f48ae7c702659db6a18566c289cc57d9,true,/cpfs/user/zhuzihou/assets/dedup_workspaces/test0_transitive_apply_parallel/dataset/GRScenes_assets/door/abfc50e7374cb743b2817f4c82deee97/right.png
door,aed618a154b36fe211add5663236a110,front,ok,0.277073,490,165,0.308418,490,fbb334c3f005379e4bf76babe659132ff533c6b970069f32fe183ab579d07edd,true,/cpfs/user/zhuzihou/assets/dedup_workspaces/test0_transitive_apply_parallel/dataset/GRScenes_assets/door/aed618a154b36fe211add5663236a110/front.png
door,aed618a154b36fe211add5663236a110,left,ok,0.086769,79,408,0.122955,408,961d1635ffe5e175213086e1a8712e90075c5b0e26e0effaf951d1a40822241a,true,/cpfs/user/zhuzihou/assets/dedup_workspaces/test0_transitive_apply_parallel/dataset/GRScenes_assets/door/aed618a154b36fe211add5663236a110/left.png
door,aed618a154b36fe211add5663236a110,back,ok,0.277695,498,167,0.317253,498,c60c7b4550f3c644371be83ef2b5a5987d7ea4d3926954768dafde1171f9aa8d,true,/cpfs/user/zhuzihou/assets/dedup_workspaces/test0_transitive_apply_parallel/dataset/GRScenes_assets/door/aed618a154b36fe211add5663236a110/back.png
door,aed618a154b36fe211add5663236a110,right,ok,0.091320,79,408,0.122955,408,69d36b44453b1a8d201ef4a183fcf8b065d3698f1e49fab3b1f12397945fda7a,true,/cpfs/user/zhuzihou/assets/dedup_workspaces/test0_transitive_apply_parallel/dataset/GRScenes_assets/door/aed618a154b36fe211add5663236a110/right.png
door,b04b3b4394ff733993f21619e0a29a8e,front,ok,0.354282,346,342,0.451401,346,9e24013aa1c95e8be562a25db81a7967eb0f6bc37560ac493bc0cacb8631d2d1,true,/cpfs/user/zhuzihou/assets/dedup_workspaces/test0_transitive_apply_parallel/dataset/GRScenes_assets/door/b04b3b4394ff733993f21619e0a29a8e/front.png
door,b04b3b4394ff733993f21619e0a29a8e,left,ok,0.060257,46,459,0.080544,459,2b7b818aca69f5c039b975b276da6213761082cfa30f238d94c44f9d09dad13e,true,/cpfs/user/zhuzihou/assets/dedup_workspaces/test0_transitive_apply_parallel/dataset/GRScenes_assets/door/b04b3b4394ff733993f21619e0a29a8e/left.png
door,b04b3b4394ff733993f21619e0a29a8e,back,ok,0.364922,346,342,0.451401,346,daf4ba73c3ab8ea35d1f12dd8286e23eeae1000f886b85b2f133b6215c6c8d9d,true,/cpfs/user/zhuzihou/assets/dedup_workspaces/test0_transitive_apply_parallel/dataset/GRScenes_assets/door/b04b3b4394ff733993f21619e0a29a8e/back.png
door,b04b3b4394ff733993f21619e0a29a8e,right,ok,0.055111,46,459,0.080544,459,87c34272c78549f99f4f22066c2a3c19953ac9544a740f64b04f55df682db5ea,true,/cpfs/user/zhuzihou/assets/dedup_workspaces/test0_transitive_apply_parallel/dataset/GRScenes_assets/door/b04b3b4394ff733993f21619e0a29a8e/right.png
door,b16b5205214f15c42aed50b3a329326e,front,ok,0.113148,394,321,0.482460,394,10a4d158d65991d9dd0249b70c072b515177de35d4cc1919c89b919b42829e7c,true,/cpfs/user/zhuzihou/assets/dedup_workspaces/test0_transitive_apply_parallel/dataset/GRScenes_assets/door/b16b5205214f15c42aed50b3a329326e/front.png
door,b16b5205214f15c42aed50b3a329326e,left,ok,0.094135,78,458,0.136276,458,5d9f5b950b26ff2f1ef2ce78c80b54c2f3cd213f5904eb57b83e11003aa295b1,true,/cpfs/user/zhuzihou/assets/dedup_workspaces/test0_transitive_apply_parallel/dataset/GRScenes_assets/door/b16b5205214f15c42aed50b3a329326e/left.png
door,b16b5205214f15c42aed50b3a329326e,back,ok,0.113251,394,321,0.482460,394,7388962cc84fc5b8b44d9a064a0fa2794e5481d714eb5a93433047ec92ac9bb1,true,/cpfs/user/zhuzihou/assets/dedup_workspaces/test0_transitive_apply_parallel/dataset/GRScenes_assets/door/b16b5205214f15c42aed50b3a329326e/back.png
door,b16b5205214f15c42aed50b3a329326e,right,ok,0.100765,76,458,0.132782,458,116dde4b516dd64e62a72c376eb122d78cd43b48dfe41374cdfbd88a84e34259,true,/cpfs/user/zhuzihou/assets/dedup_workspaces/test0_transitive_apply_parallel/dataset/GRScenes_assets/door/b16b5205214f15c42aed50b3a329326e/right.png
door,b1bebc899534826b488772472258b6c0,front,ok,0.267269,512,157,0.306641,512,e58fc5183726ebe9bb9bfc782cb29e18db88aec2184127e4f6b197dcee7ebf7d,true,/cpfs/user/zhuzihou/assets/dedup_workspaces/test0_transitive_apply_parallel/dataset/GRScenes_assets/door/b1bebc899534826b488772472258b6c0/front.png
door,b1bebc899534826b488772472258b6c0,left,ok,0.284264,316,318,0.383331,318,7fc083455f8ba44c67eba22077d608b08d80f7e979a081a04de16c4d76a74ed6,true,/cpfs/user/zhuzihou/assets/dedup_workspaces/test0_transitive_apply_parallel/dataset/GRScenes_assets/door/b1bebc899534826b488772472258b6c0/left.png
door,b1bebc899534826b488772472258b6c0,back,ok,0.267250,512,157,0.306641,512,d5848333baa1ef2527ce0066947467d17565d1be53082f75e59e6ace757c39f4,true,/cpfs/user/zhuzihou/assets/dedup_workspaces/test0_transitive_apply_parallel/dataset/GRScenes_assets/door/b1bebc899534826b488772472258b6c0/back.png
door,b1bebc899534826b488772472258b6c0,right,ok,0.286850,316,318,0.383331,318,c455861780ad5b61201232e721fff6aa53833b7a3ae45c37e09959453878cf5c,true,/cpfs/user/zhuzihou/assets/dedup_workspaces/test0_transitive_apply_parallel/dataset/GRScenes_assets/door/b1bebc899534826b488772472258b6c0/right.png
door,b4687a944670c0e79d9491a08f7eebf3,front,ok,0.176395,512,178,0.347656,512,95866770615548dd8914669f0b642ad93ec1dbd29183a9822bcafed89b97a600,true,/cpfs/user/zhuzihou/assets/dedup_workspaces/test0_transitive_apply_parallel/dataset/GRScenes_assets/door/b4687a944670c0e79d9491a08f7eebf3/front.png
door,b4687a944670c0e79d9491a08f7eebf3,left,ok,0.154694,380,291,0.421829,380,90af57e73d5306c57245e029c33bb8167138a55309aa9ba2ab89c97c888edc55,true,/cpfs/user/zhuzihou/assets/dedup_workspaces/test0_transitive_apply_parallel/dataset/GRScenes_assets/door/b4687a944670c0e79d9491a08f7eebf3/left.png
door,b4687a944670c0e79d9491a08f7eebf3,back,ok,0.199852,512,178,0.347656,512,79b1a04380626dc45de7c3ef165093980fdc2774cbafe4c47a463b4ce24df78a,true,/cpfs/user/zhuzihou/assets/dedup_workspaces/test0_transitive_apply_parallel/dataset/GRScenes_assets/door/b4687a944670c0e79d9491a08f7eebf3/back.png
door,b4687a944670c0e79d9491a08f7eebf3,right,ok,0.163086,380,291,0.421829,380,52533babae952de135ca041328637d548f4a1da1c9367027b3e01ce4d9a39acd,true,/cpfs/user/zhuzihou/assets/dedup_workspaces/test0_transitive_apply_parallel/dataset/GRScenes_assets/door/b4687a944670c0e79d9491a08f7eebf3/right.png
door,b485442ae320e3f9821ffc9fc6f612e8,front,ok,0.091839,511,122,0.237816,511,7f1a9cb18bd54787b9faf1825838ea23e2da48e8cf8e3ce8c813102220dc3fb0,true,/cpfs/user/zhuzihou/assets/dedup_workspaces/test0_transitive_apply_parallel/dataset/GRScenes_assets/door/b485442ae320e3f9821ffc9fc6f612e8/front.png
door,b485442ae320e3f9821ffc9fc6f612e8,left,ok,0.074284,292,302,0.336395,302,dcfef7fb65ae4993896c34bebaa9a30821da9bba635896dfc5c514e87b004808,true,/cpfs/user/zhuzihou/assets/dedup_workspaces/test0_transitive_apply_parallel/dataset/GRScenes_assets/door/b485442ae320e3f9821ffc9fc6f612e8/left.png
door,b485442ae320e3f9821ffc9fc6f612e8,back,ok,0.098743,510,124,0.241241,510,96fd9ab990f8cdd0e46b37a80d10ddf3f15439cfbd2624504cd6c56be97fa2cb,true,/cpfs/user/zhuzihou/assets/dedup_workspaces/test0_transitive_apply_parallel/dataset/GRScenes_assets/door/b485442ae320e3f9821ffc9fc6f612e8/back.png
door,b485442ae320e3f9821ffc9fc6f612e8,right,ok,0.079773,292,302,0.336395,302,90918419606fba17c6ba4b5f4d611783aae78b7f8d4ae0f6751dee30c84222da,true,/cpfs/user/zhuzihou/assets/dedup_workspaces/test0_transitive_apply_parallel/dataset/GRScenes_assets/door/b485442ae320e3f9821ffc9fc6f612e8/right.png
door,b61bff72e74797683da08d1be57fcd98,front,ok,0.099174,489,155,0.289135,489,e6b428457531329c6972d5325dd6d7f8446c10e31231ec82383b680c5011bce9,true,/cpfs/user/zhuzihou/assets/dedup_workspaces/test0_transitive_apply_parallel/dataset/GRScenes_assets/door/b61bff72e74797683da08d1be57fcd98/front.png
door,b61bff72e74797683da08d1be57fcd98,left,ok,0.058834,50,407,0.077629,407,e768ca5a17abfd611b05066d51cb4c7cb1533a84533957435a5c720ba1e61ef2,true,/cpfs/user/zhuzihou/assets/dedup_workspaces/test0_transitive_apply_parallel/dataset/GRScenes_assets/door/b61bff72e74797683da08d1be57fcd98/left.png
door,b61bff72e74797683da08d1be57fcd98,back,ok,0.099155,488,155,0.288544,488,bbf41286e46f3001e28c3bd3f4acadae212516a1105971cbe897e41132949ef4,true,/cpfs/user/zhuzihou/assets/dedup_workspaces/test0_transitive_apply_parallel/dataset/GRScenes_assets/door/b61bff72e74797683da08d1be57fcd98/back.png
door,b61bff72e74797683da08d1be57fcd98,right,ok,0.059334,50,407,0.077629,407,afb8fd0ad009ce41a0f98f10171536011a857b0c441c31d1a1dcf2e22e38f691,true,/cpfs/user/zhuzihou/assets/dedup_workspaces/test0_transitive_apply_parallel/dataset/GRScenes_assets/door/b61bff72e74797683da08d1be57fcd98/right.png
door,ba4b0ebcf6bddc5b3df23b65f8de4d39,front,ok,0.256790,502,164,0.314056,502,bf712d567a1dc0fc52da06025f99e7be28d8d849350edc1f11f24fb8b05c9e9a,true,/cpfs/user/zhuzihou/assets/dedup_workspaces/test0_transitive_apply_parallel/dataset/GRScenes_assets/door/ba4b0ebcf6bddc5b3df23b65f8de4d39/front.png
door,ba4b0ebcf6bddc5b3df23b65f8de4d39,left,ok,0.294678,386,266,0.391678,386,bd83dc35cb943e23950474530b3d671126c51381d4a6a9ebe2a63d4bac6b61fd,true,/cpfs/user/zhuzihou/assets/dedup_workspaces/test0_transitive_apply_parallel/dataset/GRScenes_assets/door/ba4b0ebcf6bddc5b3df23b65f8de4d39/left.png
door,ba4b0ebcf6bddc5b3df23b65f8de4d39,back,ok,0.260574,502,164,0.314056,502,64259dbb7bdc929362b5509f6c658863647833e9843b96158f1c7655c4de872c,true,/cpfs/user/zhuzihou/assets/dedup_workspaces/test0_transitive_apply_parallel/dataset/GRScenes_assets/door/ba4b0ebcf6bddc5b3df23b65f8de4d39/back.png
door,ba4b0ebcf6bddc5b3df23b65f8de4d39,right,ok,0.289913,386,266,0.391678,386,73414922fd73a4f658ab5c0c68d30e87d8624fbefe4964becbe925799a659a89,true,/cpfs/user/zhuzihou/assets/dedup_workspaces/test0_transitive_apply_parallel/dataset/GRScenes_assets/door/ba4b0ebcf6bddc5b3df23b65f8de4d39/right.png
door,c13fc3c2db21ca9c26a1d910e2d6a405,front,ok,0.105644,460,228,0.400085,460,9f0b12df3fbdb738f03b0ed4f0b84b428fd2c9fb649b3def51c32f2f5f24b696,true,/cpfs/user/zhuzihou/assets/dedup_workspaces/test0_transitive_apply_parallel/dataset/GRScenes_assets/door/c13fc3c2db21ca9c26a1d910e2d6a405/front.png
door,c13fc3c2db21ca9c26a1d910e2d6a405,left,ok,0.092930,472,218,0.392517,472,64907e72fa4cf04c1e71594d13ecff385d812e997ec670ac32526e675d26a7bc,true,/cpfs/user/zhuzihou/assets/dedup_workspaces/test0_transitive_apply_parallel/dataset/GRScenes_assets/door/c13fc3c2db21ca9c26a1d910e2d6a405/left.png
door,c13fc3c2db21ca9c26a1d910e2d6a405,back,ok,0.105610,460,228,0.400085,460,bcbb31f4e3bfafbd656024d8e8ba6641070fff3270dfab0a7215fff548ffdc86,true,/cpfs/user/zhuzihou/assets/dedup_workspaces/test0_transitive_apply_parallel/dataset/GRScenes_assets/door/c13fc3c2db21ca9c26a1d910e2d6a405/back.png
door,c13fc3c2db21ca9c26a1d910e2d6a405,right,ok,0.109894,472,217,0.390717,472,613660c52e6f59f9945dabacc4c0c01f3fabfe2e80e304330697f8734a2e189f,true,/cpfs/user/zhuzihou/assets/dedup_workspaces/test0_transitive_apply_parallel/dataset/GRScenes_assets/door/c13fc3c2db21ca9c26a1d910e2d6a405/right.png
door,c1eff10a921be72fd54fd1cc54c41cff,front,ok,0.300758,498,201,0.381844,498,1cb566d79ce5273adfb1bec3f7502b4bd6676f100977efb2d39373b49ed8e3f0,true,/cpfs/user/zhuzihou/assets/dedup_workspaces/test0_transitive_apply_parallel/dataset/GRScenes_assets/door/c1eff10a921be72fd54fd1cc54c41cff/front.png
door,c1eff10a921be72fd54fd1cc54c41cff,left,ok,0.326878,430,259,0.424843,430,ad472d872572c85073db673e163639f604ab978c713ccc92032ced49cf16ecb5,true,/cpfs/user/zhuzihou/assets/dedup_workspaces/test0_transitive_apply_parallel/dataset/GRScenes_assets/door/c1eff10a921be72fd54fd1cc54c41cff/left.png
door,c1eff10a921be72fd54fd1cc54c41cff,back,ok,0.300804,497,201,0.381077,497,30cecf1888a51454a9150f83d94d0bc528a7b1b1a78531f33843e1912eef14ed,true,/cpfs/user/zhuzihou/assets/dedup_workspaces/test0_transitive_apply_parallel/dataset/GRScenes_assets/door/c1eff10a921be72fd54fd1cc54c41cff/back.png
door,c1eff10a921be72fd54fd1cc54c41cff,right,ok,0.314716,430,259,0.424843,430,8e3266dbb3727bdbe6b300f7bfe7ac652ece63d10be9fa471448a1d985a35abd,true,/cpfs/user/zhuzihou/assets/dedup_workspaces/test0_transitive_apply_parallel/dataset/GRScenes_assets/door/c1eff10a921be72fd54fd1cc54c41cff/right.png
door,c2a03c7fade4fd0cb2bad49f1abfd5a3,front,ok,0.120167,430,287,0.470772,430,a1cd179df5e652b52e04bba1c009a692f38791c678532f3f2038ab48b4989ee6,true,/cpfs/user/zhuzihou/assets/dedup_workspaces/test0_transitive_apply_parallel/dataset/GRScenes_assets/door/c2a03c7fade4fd0cb2bad49f1abfd5a3/front.png
door,c2a03c7fade4fd0cb2bad49f1abfd5a3,left,ok,0.093620,84,453,0.145157,453,af9074e063e460b3c48c7fcc3a82d549eb5a2d559e15a3315e5d188f66a5c182,true,/cpfs/user/zhuzihou/assets/dedup_workspaces/test0_transitive_apply_parallel/dataset/GRScenes_assets/door/c2a03c7fade4fd0cb2bad49f1abfd5a3/left.png
door,c2a03c7fade4fd0cb2bad49f1abfd5a3,back,ok,0.112610,430,287,0.470772,430,95b05b253e23236898f48c9eb1624ab28f8c8f37592a5b1960db81210befb83b,true,/cpfs/user/zhuzihou/assets/dedup_workspaces/test0_transitive_apply_parallel/dataset/GRScenes_assets/door/c2a03c7fade4fd0cb2bad49f1abfd5a3/back.png
door,c2a03c7fade4fd0cb2bad49f1abfd5a3,right,ok,0.055630,40,453,0.069122,453,35835764ff24bf2016d51c114ed5fb960fd407331c9229571212466762940980,true,/cpfs/user/zhuzihou/assets/dedup_workspaces/test0_transitive_apply_parallel/dataset/GRScenes_assets/door/c2a03c7fade4fd0cb2bad49f1abfd5a3/right.png
door,c7d17ba4ef751eed553c6ec8aa84de0d,front,ok,0.121338,444,276,0.467468,444,dcd26206f754a10942304ffc250825bced0689a9515b90070c59d10a05942138,true,/cpfs/user/zhuzihou/assets/dedup_workspaces/test0_transitive_apply_parallel/dataset/GRScenes_assets/door/c7d17ba4ef751eed553c6ec8aa84de0d/front.png
door,c7d17ba4ef751eed553c6ec8aa84de0d,left,ok,0.094360,78,452,0.134491,452,36f223bc70ef8c4f553d3a5dd93090ac4349dd8589fec26b5103be1eb8fdbd39,true,/cpfs/user/zhuzihou/assets/dedup_workspaces/test0_transitive_apply_parallel/dataset/GRScenes_assets/door/c7d17ba4ef751eed553c6ec8aa84de0d/left.png
door,c7d17ba4ef751eed553c6ec8aa84de0d,back,ok,0.121380,444,276,0.467468,444,6a9f43432af68122be1ba19f92a1c6aa4ee9d304f6c996117bf5aa3c37916124,true,/cpfs/user/zhuzihou/assets/dedup_workspaces/test0_transitive_apply_parallel/dataset/GRScenes_assets/door/c7d17ba4ef751eed553c6ec8aa84de0d/back.png
door,c7d17ba4ef751eed553c6ec8aa84de0d,right,ok,0.099796,76,452,0.131042,452,e8ca880177db955ce13ec9c85f100755e5fb7519fb9600afd1a90175289a6210,true,/cpfs/user/zhuzihou/assets/dedup_workspaces/test0_transitive_apply_parallel/dataset/GRScenes_assets/door/c7d17ba4ef751eed553c6ec8aa84de0d/right.png
door,caccfcf88c93964e0ef99451f0b7c36a,front,ok,0.255074,512,149,0.291016,512,e41179eb54008a784e994ac8e3bad0b7eff896bdebb59060d5cf10d7e8dc906e,true,/cpfs/user/zhuzihou/assets/dedup_workspaces/test0_transitive_apply_parallel/dataset/GRScenes_assets/door/caccfcf88c93964e0ef99451f0b7c36a/front.png
door,caccfcf88c93964e0ef99451f0b7c36a,left,ok,0.278145,312,313,0.372528,313,0cf73c6fe446db2bac5e25b040106cf3b2fd23981dce797178e3322594b60844,true,/cpfs/user/zhuzihou/assets/dedup_workspaces/test0_transitive_apply_parallel/dataset/GRScenes_assets/door/caccfcf88c93964e0ef99451f0b7c36a/left.png
door,caccfcf88c93964e0ef99451f0b7c36a,back,ok,0.255054,512,149,0.291016,512,7bf9afc48818c794b06c52ddf1165cbb7ef7c8ab88b69ee898e9a5cb75a84fcd,true,/cpfs/user/zhuzihou/assets/dedup_workspaces/test0_transitive_apply_parallel/dataset/GRScenes_assets/door/caccfcf88c93964e0ef99451f0b7c36a/back.png
door,caccfcf88c93964e0ef99451f0b7c36a,right,ok,0.277287,312,312,0.371338,312,778b5cb6d14d1150e0a8989733c636c98a46c2746169bad49d51ddd66717b654,true,/cpfs/user/zhuzihou/assets/dedup_workspaces/test0_transitive_apply_parallel/dataset/GRScenes_assets/door/caccfcf88c93964e0ef99451f0b7c36a/right.png
door,cae5ec2582a4c3d30e8f40d9d1d7f31d,front,ok,0.120884,450,245,0.420570,450,197568f2393244ebb58709f01b60a1735db692e97c95767f9d343b0887bdddca,true,/cpfs/user/zhuzihou/assets/dedup_workspaces/test0_transitive_apply_parallel/dataset/GRScenes_assets/door/cae5ec2582a4c3d30e8f40d9d1d7f31d/front.png
door,cae5ec2582a4c3d30e8f40d9d1d7f31d,left,ok,0.052174,41,446,0.069756,446,32c6759a273814af4a690cb3d9a48eb47dd045044df57fe77a14d858064baa2a,true,/cpfs/user/zhuzihou/assets/dedup_workspaces/test0_transitive_apply_parallel/dataset/GRScenes_assets/door/cae5ec2582a4c3d30e8f40d9d1d7f31d/left.png
door,cae5ec2582a4c3d30e8f40d9d1d7f31d,back,ok,0.132526,450,245,0.420570,450,041ba906f04535fb17fe0d46ed86cd909cb3a317bd7b457d63b33180412730cd,true,/cpfs/user/zhuzihou/assets/dedup_workspaces/test0_transitive_apply_parallel/dataset/GRScenes_assets/door/cae5ec2582a4c3d30e8f40d9d1d7f31d/back.png
door,cae5ec2582a4c3d30e8f40d9d1d7f31d,right,ok,0.045021,40,446,0.068054,446,4a0cdcd5743d21d834bbd2c59db8d451411599d2f1eb0bc43abbdca5725834f9,true,/cpfs/user/zhuzihou/assets/dedup_workspaces/test0_transitive_apply_parallel/dataset/GRScenes_assets/door/cae5ec2582a4c3d30e8f40d9d1d7f31d/right.png
door,cb17d0bc37963bc149c36459dc42406e,front,ok,0.371075,436,278,0.462372,436,42f0a936da4bf362d023fd645100b768bb56be882dc728689048730f517b3095,true,/cpfs/user/zhuzihou/assets/dedup_workspaces/test0_transitive_apply_parallel/dataset/GRScenes_assets/door/cb17d0bc37963bc149c36459dc42406e/front.png
door,cb17d0bc37963bc149c36459dc42406e,left,ok,0.078415,62,452,0.106903,452,471dbb9cac4348d684b7342c7660d57d60ffd8bda4aee8c82c317b1701c00efd,true,/cpfs/user/zhuzihou/assets/dedup_workspaces/test0_transitive_apply_parallel/dataset/GRScenes_assets/door/cb17d0bc37963bc149c36459dc42406e/left.png
door,cb17d0bc37963bc149c36459dc42406e,back,ok,0.387424,436,278,0.462372,436,870e99fda64366714e592ada1a89ece3b551e2869d116644a037857a5cc85167,true,/cpfs/user/zhuzihou/assets/dedup_workspaces/test0_transitive_apply_parallel/dataset/GRScenes_assets/door/cb17d0bc37963bc149c36459dc42406e/back.png
door,cb17d0bc37963bc149c36459dc42406e,right,ok,0.072678,62,452,0.106903,452,dabf00a830831cdccf0d559d43b1f5e4792231e4b577d339111080715227a79c,true,/cpfs/user/zhuzihou/assets/dedup_workspaces/test0_transitive_apply_parallel/dataset/GRScenes_assets/door/cb17d0bc37963bc149c36459dc42406e/right.png
door,cbacdf8e1bc20257bace15f32fe1fc46,front,ok,0.075150,412,252,0.396057,412,18a124daa0f20c343363f0761e94904e2b1a8746c86f77ca250a630f6df90213,true,/cpfs/user/zhuzihou/assets/dedup_workspaces/test0_transitive_apply_parallel/dataset/GRScenes_assets/door/cbacdf8e1bc20257bace15f32fe1fc46/front.png
door,cbacdf8e1bc20257bace15f32fe1fc46,left,ok,0.068436,496,180,0.340576,496,74dc0d0cb8ccdcaf25b8db9cee0f779cb04e15f309c71c2415d29d007c5b629f,true,/cpfs/user/zhuzihou/assets/dedup_workspaces/test0_transitive_apply_parallel/dataset/GRScenes_assets/door/cbacdf8e1bc20257bace15f32fe1fc46/left.png
door,cbacdf8e1bc20257bace15f32fe1fc46,back,ok,0.074020,412,252,0.396057,412,f9a02f0816c08d45528eb989b20e76c7a5f23d23ce0a714e7ec2d8d91cda56a8,true,/cpfs/user/zhuzihou/assets/dedup_workspaces/test0_transitive_apply_parallel/dataset/GRScenes_assets/door/cbacdf8e1bc20257bace15f32fe1fc46/back.png
door,cbacdf8e1bc20257bace15f32fe1fc46,right,ok,0.080177,496,181,0.342468,496,4a4007f70b1b6df58cbd6564475e61fdddfc3ee0dce8c5609d3c23c872399d47,true,/cpfs/user/zhuzihou/assets/dedup_workspaces/test0_transitive_apply_parallel/dataset/GRScenes_assets/door/cbacdf8e1bc20257bace15f32fe1fc46/right.png
door,cd806e20565d6750ab1ce6593b5b97eb,front,ok,0.085258,507,101,0.195339,507,584279ea36576855c386e04c7aa34d0c1a64ee24fe0ef318c83892cec851019d,true,/cpfs/user/zhuzihou/assets/dedup_workspaces/test0_transitive_apply_parallel/dataset/GRScenes_assets/door/cd806e20565d6750ab1ce6593b5b97eb/front.png
door,cd806e20565d6750ab1ce6593b5b97eb,left,ok,0.061954,244,310,0.288544,310,033ce98c7ce208d16af2e4be617531682803459642eec0892e7894d230d73c81,true,/cpfs/user/zhuzihou/assets/dedup_workspaces/test0_transitive_apply_parallel/dataset/GRScenes_assets/door/cd806e20565d6750ab1ce6593b5b97eb/left.png
door,cd806e20565d6750ab1ce6593b5b97eb,back,ok,0.085251,507,101,0.195339,507,e37576339961b5565bb82cbf72a6e992f0759b04e8ebd0c6188c21bb21f61681,true,/cpfs/user/zhuzihou/assets/dedup_workspaces/test0_transitive_apply_parallel/dataset/GRScenes_assets/door/cd806e20565d6750ab1ce6593b5b97eb/back.png
door,cd806e20565d6750ab1ce6593b5b97eb,right,ok,0.070683,244,309,0.287613,309,3c07e0969ef04385dc60768b9ca726017b604bec555c8ca011b2928887492be4,true,/cpfs/user/zhuzihou/assets/dedup_workspaces/test0_transitive_apply_parallel/dataset/GRScenes_assets/door/cd806e20565d6750ab1ce6593b5b97eb/right.png
door,ce910fa4bd67c8a2e663fd1ec3f95b5e,front,ok,0.219997,512,130,0.253906,512,90b0fe9f9cc76e59d52c549daaae90d5748c4cbd92c90eae376107321d22adac,true,/cpfs/user/zhuzihou/assets/dedup_workspaces/test0_transitive_apply_parallel/dataset/GRScenes_assets/door/ce910fa4bd67c8a2e663fd1ec3f95b5e/front.png
door,ce910fa4bd67c8a2e663fd1ec3f95b5e,left,ok,0.253574,296,308,0.347778,308,3016202f0b163dcf9902949e4587200dcdefd12ab01e45b4e15fde364955e712,true,/cpfs/user/zhuzihou/assets/dedup_workspaces/test0_transitive_apply_parallel/dataset/GRScenes_assets/door/ce910fa4bd67c8a2e663fd1ec3f95b5e/left.png
door,ce910fa4bd67c8a2e663fd1ec3f95b5e,back,ok,0.219166,512,130,0.253906,512,53e043976d305026d036ae1905b91ac06e217fa5068aa2c2639ac393aa0bf9f6,true,/cpfs/user/zhuzihou/assets/dedup_workspaces/test0_transitive_apply_parallel/dataset/GRScenes_assets/door/ce910fa4bd67c8a2e663fd1ec3f95b5e/back.png
door,ce910fa4bd67c8a2e663fd1ec3f95b5e,right,ok,0.250755,296,308,0.347778,308,f35f1da03e52e49a7268f9df80c4a3ac384b5fe594a6598264192783b1f0b400,true,/cpfs/user/zhuzihou/assets/dedup_workspaces/test0_transitive_apply_parallel/dataset/GRScenes_assets/door/ce910fa4bd67c8a2e663fd1ec3f95b5e/right.png
door,cf3d08857d169c7d0f90a02562bdbf3f,front,ok,0.267269,512,157,0.306641,512,1692c501d014e3de29499e55481ba15148ddddd2469913cbb2c08690e6453d8d,true,/cpfs/user/zhuzihou/assets/dedup_workspaces/test0_transitive_apply_parallel/dataset/GRScenes_assets/door/cf3d08857d169c7d0f90a02562bdbf3f/front.png
door,cf3d08857d169c7d0f90a02562bdbf3f,left,ok,0.284264,316,318,0.383331,318,f94073a8143adcee367efe6fc3509e6e6fb8dcd949998576a738791cb14b4df1,true,/cpfs/user/zhuzihou/assets/dedup_workspaces/test0_transitive_apply_parallel/dataset/GRScenes_assets/door/cf3d08857d169c7d0f90a02562bdbf3f/left.png
door,cf3d08857d169c7d0f90a02562bdbf3f,back,ok,0.267250,512,157,0.306641,512,3af68ec7bdad81b7af505ee1cf3e1c71a6cfda4dedad7d3499482dd34a07bde4,true,/cpfs/user/zhuzihou/assets/dedup_workspaces/test0_transitive_apply_parallel/dataset/GRScenes_assets/door/cf3d08857d169c7d0f90a02562bdbf3f/back.png
door,cf3d08857d169c7d0f90a02562bdbf3f,right,ok,0.286850,316,318,0.383331,318,555052a2e3d264e278545b35e5dd135b4860819de1b5ff5937361ae80ff90493,true,/cpfs/user/zhuzihou/assets/dedup_workspaces/test0_transitive_apply_parallel/dataset/GRScenes_assets/door/cf3d08857d169c7d0f90a02562bdbf3f/right.png
door,cf755e66f04c8cc57359b4c445ebeb74,front,ok,0.256115,487,152,0.282379,487,044a0f46b5b6d94ef726d9bca8ce9bad41650853340b04a0b848ccb9520539d9,true,/cpfs/user/zhuzihou/assets/dedup_workspaces/test0_transitive_apply_parallel/dataset/GRScenes_assets/door/cf755e66f04c8cc57359b4c445ebeb74/front.png
door,cf755e66f04c8cc57359b4c445ebeb74,left,ok,0.061920,56,405,0.086517,405,00d1c1ff83ace425b06eeb39ff2c926d41a216ae2677f816b64fee047165794b,true,/cpfs/user/zhuzihou/assets/dedup_workspaces/test0_transitive_apply_parallel/dataset/GRScenes_assets/door/cf755e66f04c8cc57359b4c445ebeb74/left.png
door,cf755e66f04c8cc57359b4c445ebeb74,back,ok,0.260956,494,153,0.288322,494,02c0cd73ce7312878548389ab88480ed297237850ef28245cd84092a2db6b71c,true,/cpfs/user/zhuzihou/assets/dedup_workspaces/test0_transitive_apply_parallel/dataset/GRScenes_assets/door/cf755e66f04c8cc57359b4c445ebeb74/back.png
door,cf755e66f04c8cc57359b4c445ebeb74,right,ok,0.065796,56,405,0.086517,405,5a8881b650308ae9d58fc17ce2e272ea30568538d6ec3d29b71b5482058b7c12,true,/cpfs/user/zhuzihou/assets/dedup_workspaces/test0_transitive_apply_parallel/dataset/GRScenes_assets/door/cf755e66f04c8cc57359b4c445ebeb74/right.png
door,d3a61a241adb21bcad64d88913c249d0,front,ok,0.109711,402,272,0.417114,402,b03fb1b86e2f51f35ed8ceaec7fd687f58683658ef24dc72839650322ccdbe4b,true,/cpfs/user/zhuzihou/assets/dedup_workspaces/test0_transitive_apply_parallel/dataset/GRScenes_assets/door/d3a61a241adb21bcad64d88913c249d0/front.png
door,d3a61a241adb21bcad64d88913c249d0,left,ok,0.118729,506,184,0.355164,506,a11d2d3e9c7171b64719d8d40b2cdc61dcfec9722f207cf8848bcffecd3e2a1d,true,/cpfs/user/zhuzihou/assets/dedup_workspaces/test0_transitive_apply_parallel/dataset/GRScenes_assets/door/d3a61a241adb21bcad64d88913c249d0/left.png
door,d3a61a241adb21bcad64d88913c249d0,back,ok,0.120602,403,272,0.418152,403,a06312e2a077ddcb423f67917e7d464842c0af833cfb8d89de9f311772d10666,true,/cpfs/user/zhuzihou/assets/dedup_workspaces/test0_transitive_apply_parallel/dataset/GRScenes_assets/door/d3a61a241adb21bcad64d88913c249d0/back.png
door,d3a61a241adb21bcad64d88913c249d0,right,ok,0.122597,506,184,0.355164,506,fb193cec0e2f7147bf48d247b2600b630cf95182612794f81320020c24d42dbd,true,/cpfs/user/zhuzihou/assets/dedup_workspaces/test0_transitive_apply_parallel/dataset/GRScenes_assets/door/d3a61a241adb21bcad64d88913c249d0/right.png
door,d6694d8ab82db9c94861565343a3290d,front,ok,0.207352,512,121,0.236328,512,a41740d806e9e0c10ba50bbc7e064b147af3044154c602c801fab29af88c5c50,true,/cpfs/user/zhuzihou/assets/dedup_workspaces/test0_transitive_apply_parallel/dataset/GRScenes_assets/door/d6694d8ab82db9c94861565343a3290d/front.png
door,d6694d8ab82db9c94861565343a3290d,left,ok,0.237015,270,314,0.323410,314,b45d0e6c680c163ddc8e78d3b3be6a6335ed30ed1180fbf962b075b938de1480,true,/cpfs/user/zhuzihou/assets/dedup_workspaces/test0_transitive_apply_parallel/dataset/GRScenes_assets/door/d6694d8ab82db9c94861565343a3290d/left.png
door,d6694d8ab82db9c94861565343a3290d,back,ok,0.207355,512,121,0.236328,512,e02b8b5fad54afe9362f489843e2b2c46316d90df318e905eb2496c3dddfe450,true,/cpfs/user/zhuzihou/assets/dedup_workspaces/test0_transitive_apply_parallel/dataset/GRScenes_assets/door/d6694d8ab82db9c94861565343a3290d/back.png
door,d6694d8ab82db9c94861565343a3290d,right,ok,0.234657,270,314,0.323410,314,53f9ac54a9443166d5a0241c4a791871044ea74bb820500b6281de2a838639b6,true,/cpfs/user/zhuzihou/assets/dedup_workspaces/test0_transitive_apply_parallel/dataset/GRScenes_assets/door/d6694d8ab82db9c94861565343a3290d/right.png
door,d7c9fc9c593e628ac7053b01d5c0ecb2,front,ok,0.192772,512,123,0.240234,512,216732346baa69c97beb702516a9745241edeea672513d45a23c66eec481d864,true,/cpfs/user/zhuzihou/assets/dedup_workspaces/test0_transitive_apply_parallel/dataset/GRScenes_assets/door/d7c9fc9c593e628ac7053b01d5c0ecb2/front.png
door,d7c9fc9c593e628ac7053b01d5c0ecb2,left,ok,0.125397,250,328,0.312805,328,e15198d248a8d637e65dbbf79193c498fc472f1e5621b545e77a06eee996d505,true,/cpfs/user/zhuzihou/assets/dedup_workspaces/test0_transitive_apply_parallel/dataset/GRScenes_assets/door/d7c9fc9c593e628ac7053b01d5c0ecb2/left.png
door,d7c9fc9c593e628ac7053b01d5c0ecb2,back,ok,0.197529,512,123,0.240234,512,43fa47d08349cded4c446393a5f3af585cbcf38e2bbd96126fe14d5415e235a2,true,/cpfs/user/zhuzihou/assets/dedup_workspaces/test0_transitive_apply_parallel/dataset/GRScenes_assets/door/d7c9fc9c593e628ac7053b01d5c0ecb2/back.png
door,d7c9fc9c593e628ac7053b01d5c0ecb2,right,ok,0.222454,250,328,0.312805,328,277dbc6b329d12d97491c1258cb6d376ed575473b3661766742f278a0d3ec732,true,/cpfs/user/zhuzihou/assets/dedup_workspaces/test0_transitive_apply_parallel/dataset/GRScenes_assets/door/d7c9fc9c593e628ac7053b01d5c0ecb2/right.png
door,dbeb79ef8a7a558e28f6b6e528e1fb0b,front,ok,0.098118,510,138,0.268478,510,e45639d8bc86b435f8e0242b63fc2a3487bfd68fe5dfbab2a6402b4521966fe2,true,/cpfs/user/zhuzihou/assets/dedup_workspaces/test0_transitive_apply_parallel/dataset/GRScenes_assets/door/dbeb79ef8a7a558e28f6b6e528e1fb0b/front.png
door,dbeb79ef8a7a558e28f6b6e528e1fb0b,left,ok,0.078716,328,290,0.362854,328,37c8d1288acc3778ac8ad2c2bf2e85f5961e393249df1aa6572edd84bb7b8d8a,true,/cpfs/user/zhuzihou/assets/dedup_workspaces/test0_transitive_apply_parallel/dataset/GRScenes_assets/door/dbeb79ef8a7a558e28f6b6e528e1fb0b/left.png
door,dbeb79ef8a7a558e28f6b6e528e1fb0b,back,ok,0.098125,510,138,0.268478,510,59c1fb7e0cd24bc533b58bb869c629009e134a694c83e190e7c1f90d3ba41b89,true,/cpfs/user/zhuzihou/assets/dedup_workspaces/test0_transitive_apply_parallel/dataset/GRScenes_assets/door/dbeb79ef8a7a558e28f6b6e528e1fb0b/back.png
door,dbeb79ef8a7a558e28f6b6e528e1fb0b,right,ok,0.091827,328,290,0.362854,328,a1fd56d6493e214d7d24de3aa60c8dc33fcd8c8fc2ebc75be4c11c75c63d3170,true,/cpfs/user/zhuzihou/assets/dedup_workspaces/test0_transitive_apply_parallel/dataset/GRScenes_assets/door/dbeb79ef8a7a558e28f6b6e528e1fb0b/right.png
door,de75e5188c60c6eef2440984a28722c2,front,ok,0.137238,497,186,0.352638,497,8c67dd297bbbcb73cca955f7878a140b242ec2b09c525afe3e68629c8a11fc6d,true,/cpfs/user/zhuzihou/assets/dedup_workspaces/test0_transitive_apply_parallel/dataset/GRScenes_assets/door/de75e5188c60c6eef2440984a28722c2/front.png
door,de75e5188c60c6eef2440984a28722c2,left,ok,0.126743,416,257,0.407837,416,5490bb9203ec848a55bab6252c53f6ab4829c3a941d908a128e263334548063a,true,/cpfs/user/zhuzihou/assets/dedup_workspaces/test0_transitive_apply_parallel/dataset/GRScenes_assets/door/de75e5188c60c6eef2440984a28722c2/left.png
door,de75e5188c60c6eef2440984a28722c2,back,ok,0.155872,497,186,0.352638,497,4dc5d2fc39749d0fa5ee5409af5f45c5de0b3f5738693d1a26fc7bcaf201aff9,true,/cpfs/user/zhuzihou/assets/dedup_workspaces/test0_transitive_apply_parallel/dataset/GRScenes_assets/door/de75e5188c60c6eef2440984a28722c2/back.png
door,de75e5188c60c6eef2440984a28722c2,right,ok,0.134754,416,258,0.409424,416,da689a22532923018c282e60987171b98477004cf6714a02146f3304713968f6,true,/cpfs/user/zhuzihou/assets/dedup_workspaces/test0_transitive_apply_parallel/dataset/GRScenes_assets/door/de75e5188c60c6eef2440984a28722c2/right.png
door,de84a12efff3ca993727c3d4b1f173c2,front,ok,0.362228,370,321,0.453072,370,6ffd6cab5cdf65a5a4acdb083d0258fe70c5bc13e8cc01d63a25b4170f85da3c,true,/cpfs/user/zhuzihou/assets/dedup_workspaces/test0_transitive_apply_parallel/dataset/GRScenes_assets/door/de84a12efff3ca993727c3d4b1f173c2/front.png
door,de84a12efff3ca993727c3d4b1f173c2,left,ok,0.042080,32,459,0.056030,459,e4ff1cac01e2da95caf5fbcf9a58a03c14d4e42ec5143856c7065f54f684b43c,true,/cpfs/user/zhuzihou/assets/dedup_workspaces/test0_transitive_apply_parallel/dataset/GRScenes_assets/door/de84a12efff3ca993727c3d4b1f173c2/left.png
door,de84a12efff3ca993727c3d4b1f173c2,back,ok,0.369442,370,321,0.453072,370,c068e389dc7e71afbb808827b72af3084e2f0b16a851250334e2a3735c4e5488,true,/cpfs/user/zhuzihou/assets/dedup_workspaces/test0_transitive_apply_parallel/dataset/GRScenes_assets/door/de84a12efff3ca993727c3d4b1f173c2/back.png
door,de84a12efff3ca993727c3d4b1f173c2,right,ok,0.035160,31,459,0.054279,459,55da5bb6a6fb1361ccd6c1923aad0c5d6f3973b898c5c1b32e46401eff32744e,true,/cpfs/user/zhuzihou/assets/dedup_workspaces/test0_transitive_apply_parallel/dataset/GRScenes_assets/door/de84a12efff3ca993727c3d4b1f173c2/right.png
door,deb8b23a57e4b4736b0205556feafb28,front,ok,0.301765,501,198,0.378410,501,795e2a0b3b2635900a6aec11a4359c382d89b4f8176380c6c9c68e8b82e9d1cc,true,/cpfs/user/zhuzihou/assets/dedup_workspaces/test0_transitive_apply_parallel/dataset/GRScenes_assets/door/deb8b23a57e4b4736b0205556feafb28/front.png
door,deb8b23a57e4b4736b0205556feafb28,left,ok,0.329685,422,267,0.429817,422,8a2fd632f317ce6099fd52b8eaa7ebc5f0d02ec936ee9b93f1086f8c9f05e55d,true,/cpfs/user/zhuzihou/assets/dedup_workspaces/test0_transitive_apply_parallel/dataset/GRScenes_assets/door/deb8b23a57e4b4736b0205556feafb28/left.png
door,deb8b23a57e4b4736b0205556feafb28,back,ok,0.311943,501,198,0.378410,501,5599148993f2db317e69d3d40e2538aa478e52061753db1f6deafb7d9d4a55f4,true,/cpfs/user/zhuzihou/assets/dedup_workspaces/test0_transitive_apply_parallel/dataset/GRScenes_assets/door/deb8b23a57e4b4736b0205556feafb28/back.png
door,deb8b23a57e4b4736b0205556feafb28,right,ok,0.324650,422,266,0.428207,422,18321d873a073eb380e42931dffdac998421d945dc8de221293399edd4f2fe35,true,/cpfs/user/zhuzihou/assets/dedup_workspaces/test0_transitive_apply_parallel/dataset/GRScenes_assets/door/deb8b23a57e4b4736b0205556feafb28/right.png
door,e0323472fc3ba395c94c2b7af5302e5e,front,ok,0.154037,476,219,0.397659,476,083f8b39dd9d257adb6c55b5439c6235067fefb377487e7f71527c537ac336ab,true,/cpfs/user/zhuzihou/assets/dedup_workspaces/test0_transitive_apply_parallel/dataset/GRScenes_assets/door/e0323472fc3ba395c94c2b7af5302e5e/front.png
door,e0323472fc3ba395c94c2b7af5302e5e,left,ok,0.132275,458,235,0.410576,458,2f5260d075ef4938ac1450b0aaa587fb273408920bc5ebc13faeef277c9ca048,true,/cpfs/user/zhuzihou/assets/dedup_workspaces/test0_transitive_apply_parallel/dataset/GRScenes_assets/door/e0323472fc3ba395c94c2b7af5302e5e/left.png
door,e0323472fc3ba395c94c2b7af5302e5e,back,ok,0.171272,476,219,0.397659,476,a2721e4b9993736a5ecff4b3218d6e1ebd771ce57fcdf55641bf20db92b79eed,true,/cpfs/user/zhuzihou/assets/dedup_workspaces/test0_transitive_apply_parallel/dataset/GRScenes_assets/door/e0323472fc3ba395c94c2b7af5302e5e/back.png
door,e0323472fc3ba395c94c2b7af5302e5e,right,ok,0.137932,458,235,0.410576,458,a60cb2532d7ff595c3a009eca189419504239f253e4ca90575446f25d87aca28,true,/cpfs/user/zhuzihou/assets/dedup_workspaces/test0_transitive_apply_parallel/dataset/GRScenes_assets/door/e0323472fc3ba395c94c2b7af5302e5e/right.png
door,e121491bec0b83f68962c741d08c0215,front,ok,0.228256,512,132,0.257812,512,581835147b36bf5325fcf2c7a9e3b6f284db9b5f871fca301fa35e0419090cd1,true,/cpfs/user/zhuzihou/assets/dedup_workspaces/test0_transitive_apply_parallel/dataset/GRScenes_assets/door/e121491bec0b83f68962c741d08c0215/front.png
door,e121491bec0b83f68962c741d08c0215,left,ok,0.228661,274,322,0.336563,322,9467aec263ddc4e2bac4fe696e80cf6a96d8e5fd90d457a760073fd5cb4b85d1,true,/cpfs/user/zhuzihou/assets/dedup_workspaces/test0_transitive_apply_parallel/dataset/GRScenes_assets/door/e121491bec0b83f68962c741d08c0215/left.png
door,e121491bec0b83f68962c741d08c0215,back,ok,0.228214,512,132,0.257812,512,74175fce226c1fe31b2b4d06b75555d8762e8e440612c7fc83a981e77b82bc61,true,/cpfs/user/zhuzihou/assets/dedup_workspaces/test0_transitive_apply_parallel/dataset/GRScenes_assets/door/e121491bec0b83f68962c741d08c0215/back.png
door,e121491bec0b83f68962c741d08c0215,right,ok,0.249813,274,322,0.336563,322,a9a0f0cb0dd28dc1595f2d62295170ff4e9a9ededfe26d91529392fc557976dd,true,/cpfs/user/zhuzihou/assets/dedup_workspaces/test0_transitive_apply_parallel/dataset/GRScenes_assets/door/e121491bec0b83f68962c741d08c0215/right.png
door,e23c3e854c78ceafc91d27a396daa121,front,ok,0.303108,492,204,0.382874,492,f6b858bf75efbee5057b3d2783db7a55809a0fbf46612ce1d5b125b22757f971,true,/cpfs/user/zhuzihou/assets/dedup_workspaces/test0_transitive_apply_parallel/dataset/GRScenes_assets/door/e23c3e854c78ceafc91d27a396daa121/front.png
door,e23c3e854c78ceafc91d27a396daa121,left,ok,0.325943,436,252,0.419128,436,a33ee5583d8634466286ba593a3a1fd9233a015b94f44c24e9dae1def35cf1e9,true,/cpfs/user/zhuzihou/assets/dedup_workspaces/test0_transitive_apply_parallel/dataset/GRScenes_assets/door/e23c3e854c78ceafc91d27a396daa121/left.png
door,e23c3e854c78ceafc91d27a396daa121,back,ok,0.310722,492,204,0.382874,492,71a5dda48abc1c5cb593c2a39cfc06a43321e2f351cbd9e4ed6d8a4a41b6603e,true,/cpfs/user/zhuzihou/assets/dedup_workspaces/test0_transitive_apply_parallel/dataset/GRScenes_assets/door/e23c3e854c78ceafc91d27a396daa121/back.png
door,e23c3e854c78ceafc91d27a396daa121,right,ok,0.320461,436,252,0.419128,436,8223fdca946475617a64edf23bc7863f7633aee12753caca87b69eb35a75e319,true,/cpfs/user/zhuzihou/assets/dedup_workspaces/test0_transitive_apply_parallel/dataset/GRScenes_assets/door/e23c3e854c78ceafc91d27a396daa121/right.png
door,e26a77ccda7c88159059fae4023e4da8,front,ok,0.144703,512,141,0.275391,512,1195504e9894e3aad95451db67f85306be1d08a7d5fdc41534939130bd35be85,true,/cpfs/user/zhuzihou/assets/dedup_workspaces/test0_transitive_apply_parallel/dataset/GRScenes_assets/door/e26a77ccda7c88159059fae4023e4da8/front.png
door,e26a77ccda7c88159059fae4023e4da8,left,ok,0.112843,315,304,0.365295,315,b222a43d3ae358f01a46aa1b94476bc440a8b3e4b73554748d2b69cfe4fd30d4,true,/cpfs/user/zhuzihou/assets/dedup_workspaces/test0_transitive_apply_parallel/dataset/GRScenes_assets/door/e26a77ccda7c88159059fae4023e4da8/left.png
door,e26a77ccda7c88159059fae4023e4da8,back,ok,0.145428,512,141,0.275391,512,ff3a46b9612c9e14761197f7fe496d93780aa834bb3a41a0f24b0f6b1b3e0684,true,/cpfs/user/zhuzihou/assets/dedup_workspaces/test0_transitive_apply_parallel/dataset/GRScenes_assets/door/e26a77ccda7c88159059fae4023e4da8/back.png
door,e26a77ccda7c88159059fae4023e4da8,right,ok,0.132507,315,304,0.365295,315,ff5a662f588fb5a43e311445131620e672ac3467a74645853760a46d1ce71c97,true,/cpfs/user/zhuzihou/assets/dedup_workspaces/test0_transitive_apply_parallel/dataset/GRScenes_assets/door/e26a77ccda7c88159059fae4023e4da8/right.png
door,e806b44dc58760f97b59f5414d8e9bd4,front,ok,0.100163,418,262,0.417770,418,38c7b6d0630814234b350821247a53d7505479f63b9897085ab831bc12f39915,true,/cpfs/user/zhuzihou/assets/dedup_workspaces/test0_transitive_apply_parallel/dataset/GRScenes_assets/door/e806b44dc58760f97b59f5414d8e9bd4/front.png
door,e806b44dc58760f97b59f5414d8e9bd4,left,ok,0.069859,500,193,0.368118,500,7eff56d48376a5df5af76dca618e800c7c769f595b4a5540088781466c9314bf,true,/cpfs/user/zhuzihou/assets/dedup_workspaces/test0_transitive_apply_parallel/dataset/GRScenes_assets/door/e806b44dc58760f97b59f5414d8e9bd4/left.png
door,e806b44dc58760f97b59f5414d8e9bd4,back,ok,0.100182,418,262,0.417770,418,1b798bcfd39ff85573a6a0b62ff7b19a3e1b3402e75c36b8a485a653503a7b3b,true,/cpfs/user/zhuzihou/assets/dedup_workspaces/test0_transitive_apply_parallel/dataset/GRScenes_assets/door/e806b44dc58760f97b59f5414d8e9bd4/back.png
door,e806b44dc58760f97b59f5414d8e9bd4,right,ok,0.100357,500,193,0.368118,500,a50e070590de84e5a7bbbeaaca2d6ae9e9c138eb2d8a972a50b9d3e247c5d884,true,/cpfs/user/zhuzihou/assets/dedup_workspaces/test0_transitive_apply_parallel/dataset/GRScenes_assets/door/e806b44dc58760f97b59f5414d8e9bd4/right.png
door,e90f1f1ba5b57514a04869d692d703df,front,ok,0.341217,458,237,0.414070,458,a7289af86626937c6519355baf28f246cb2ae13dfd5a531f3f6145ec8f93a3ae,true,/cpfs/user/zhuzihou/assets/dedup_workspaces/test0_transitive_apply_parallel/dataset/GRScenes_assets/door/e90f1f1ba5b57514a04869d692d703df/front.png
door,e90f1f1ba5b57514a04869d692d703df,left,ok,0.055851,45,442,0.075874,442,dd857af764d28909972f1eca1b20175cc0085528e738ca2fe1d2aa2e8db09041,true,/cpfs/user/zhuzihou/assets/dedup_workspaces/test0_transitive_apply_parallel/dataset/GRScenes_assets/door/e90f1f1ba5b57514a04869d692d703df/left.png
door,e90f1f1ba5b57514a04869d692d703df,back,ok,0.355179,458,237,0.414070,458,388314348be05465f5c0db4d011de21eed7ccdd42f106cd0aea1daea7a6bdf1d,true,/cpfs/user/zhuzihou/assets/dedup_workspaces/test0_transitive_apply_parallel/dataset/GRScenes_assets/door/e90f1f1ba5b57514a04869d692d703df/back.png
door,e90f1f1ba5b57514a04869d692d703df,right,ok,0.049446,44,442,0.074188,442,471f321f5db7042c3ef3c58854b23effe3045913c736ee4eedf987037fe464c4,true,/cpfs/user/zhuzihou/assets/dedup_workspaces/test0_transitive_apply_parallel/dataset/GRScenes_assets/door/e90f1f1ba5b57514a04869d692d703df/right.png
door,e9c38467eb4dc1d8f3f9610038379071,front,ok,0.221409,512,131,0.255859,512,3ac7c5238708964e36b4f7a1c2740bd38c69b5995d67e8260830fbe47ed3d3f4,true,/cpfs/user/zhuzihou/assets/dedup_workspaces/test0_transitive_apply_parallel/dataset/GRScenes_assets/door/e9c38467eb4dc1d8f3f9610038379071/front.png
door,e9c38467eb4dc1d8f3f9610038379071,left,ok,0.253174,296,308,0.347778,308,1344344a9d8a509ea2873d1e1a6f1cd68dc73c9aaf327e6327647e0e61b97242,true,/cpfs/user/zhuzihou/assets/dedup_workspaces/test0_transitive_apply_parallel/dataset/GRScenes_assets/door/e9c38467eb4dc1d8f3f9610038379071/left.png
door,e9c38467eb4dc1d8f3f9610038379071,back,ok,0.221592,512,131,0.255859,512,473c481bf35a2ce2be072bcdec966a3d28fb4bc46255e54665d6783572e5009a,true,/cpfs/user/zhuzihou/assets/dedup_workspaces/test0_transitive_apply_parallel/dataset/GRScenes_assets/door/e9c38467eb4dc1d8f3f9610038379071/back.png
door,e9c38467eb4dc1d8f3f9610038379071,right,ok,0.251057,296,308,0.347778,308,3152f583c45862a18459f01c51d7ffc10e38d2242768d0da6732184f922310ed,true,/cpfs/user/zhuzihou/assets/dedup_workspaces/test0_transitive_apply_parallel/dataset/GRScenes_assets/door/e9c38467eb4dc1d8f3f9610038379071/right.png
door,ea8de76d8ae020bdb02e99a3a780b1dd,front,ok,0.136269,494,187,0.352394,494,05c4cc4554492da7a32a0f0a26674096dc65d4c46938e95b56274863f5c0acd7,true,/cpfs/user/zhuzihou/assets/dedup_workspaces/test0_transitive_apply_parallel/dataset/GRScenes_assets/door/ea8de76d8ae020bdb02e99a3a780b1dd/front.png
door,ea8de76d8ae020bdb02e99a3a780b1dd,left,ok,0.108803,92,415,0.145645,415,2b9fbb785688ae6a9694c9d74d0cd176e026b8fa2718f6f86c101aa053acd485,true,/cpfs/user/zhuzihou/assets/dedup_workspaces/test0_transitive_apply_parallel/dataset/GRScenes_assets/door/ea8de76d8ae020bdb02e99a3a780b1dd/left.png
door,ea8de76d8ae020bdb02e99a3a780b1dd,back,ok,0.143085,494,187,0.352394,494,3e0e9f23c0e94e4a771d0729e7224c8bc74ab27d0bb6ed2c250c594e0169f7de,true,/cpfs/user/zhuzihou/assets/dedup_workspaces/test0_transitive_apply_parallel/dataset/GRScenes_assets/door/ea8de76d8ae020bdb02e99a3a780b1dd/back.png
door,ea8de76d8ae020bdb02e99a3a780b1dd,right,ok,0.099026,90,415,0.142479,415,c54a3d3f38ef3f688c3354fd43f8c29c00e13bed794129a64ca228130f39d115,true,/cpfs/user/zhuzihou/assets/dedup_workspaces/test0_transitive_apply_parallel/dataset/GRScenes_assets/door/ea8de76d8ae020bdb02e99a3a780b1dd/right.png
door,ed0f8a9790cc735e26c54a7248a940ca,front,ok,0.296593,501,173,0.330631,501,d90725ef07ca89e0bbe2c10f3e596b20538dab511a9d7fd7e0ea9ed1443ac71d,true,/cpfs/user/zhuzihou/assets/dedup_workspaces/test0_transitive_apply_parallel/dataset/GRScenes_assets/door/ed0f8a9790cc735e26c54a7248a940ca/front.png
door,ed0f8a9790cc735e26c54a7248a940ca,left,ok,0.105587,94,408,0.146301,408,f8e1b187be3c7ad55dea3b32c39102f34f7c5b6ae3c4d6114959e65eada347bf,true,/cpfs/user/zhuzihou/assets/dedup_workspaces/test0_transitive_apply_parallel/dataset/GRScenes_assets/door/ed0f8a9790cc735e26c54a7248a940ca/left.png
door,ed0f8a9790cc735e26c54a7248a940ca,back,ok,0.287178,490,171,0.319633,490,3e44ef44dd043bb4a86d4bd892b580aec1f59ac6cc8e0fd7447f2f23b1f7396c,true,/cpfs/user/zhuzihou/assets/dedup_workspaces/test0_transitive_apply_parallel/dataset/GRScenes_assets/door/ed0f8a9790cc735e26c54a7248a940ca/back.png
door,ed0f8a9790cc735e26c54a7248a940ca,right,ok,0.103699,92,408,0.143188,408,95b01d669a39bf34166c88f728b95d794c14e1fe18886ab17ba230dd8b0968ae,true,/cpfs/user/zhuzihou/assets/dedup_workspaces/test0_transitive_apply_parallel/dataset/GRScenes_assets/door/ed0f8a9790cc735e26c54a7248a940ca/right.png
door,efea5da75262b0b4fecc3f02fe942d19,front,ok,0.259968,512,151,0.294922,512,d5cfc57657ae62ec7beb41d6c6d593e5614df5faca9b13d159a50eddfccda4e5,true,/cpfs/user/zhuzihou/assets/dedup_workspaces/test0_transitive_apply_parallel/dataset/GRScenes_assets/door/efea5da75262b0b4fecc3f02fe942d19/front.png
door,efea5da75262b0b4fecc3f02fe942d19,left,ok,0.283913,322,312,0.383240,322,e9801c2673bb17ad1a3e4bbd1f3b58780d96f4d05ac1e2afc7e7ef6b40799f82,true,/cpfs/user/zhuzihou/assets/dedup_workspaces/test0_transitive_apply_parallel/dataset/GRScenes_assets/door/efea5da75262b0b4fecc3f02fe942d19/left.png
door,efea5da75262b0b4fecc3f02fe942d19,back,ok,0.259975,512,151,0.294922,512,89f4f49ce954371f9614bf0e520f7f833567109e4d4ff68aa2e48c518298b4dd,true,/cpfs/user/zhuzihou/assets/dedup_workspaces/test0_transitive_apply_parallel/dataset/GRScenes_assets/door/efea5da75262b0b4fecc3f02fe942d19/back.png
door,efea5da75262b0b4fecc3f02fe942d19,right,ok,0.284420,322,312,0.383240,322,6240cb08a5e81d3a113751acd04d965aef512b29c57742c5dadc988e6fe17d58,true,/cpfs/user/zhuzihou/assets/dedup_workspaces/test0_transitive_apply_parallel/dataset/GRScenes_assets/door/efea5da75262b0b4fecc3f02fe942d19/right.png
door,f121b1d92c7f7f8c9d8e4887248309ed,front,ok,0.158684,478,238,0.433975,478,42902dc53af7094cc2239b31ad191ce8af4e9d8ac3c8893bb32eff95c55029fb,true,/cpfs/user/zhuzihou/assets/dedup_workspaces/test0_transitive_apply_parallel/dataset/GRScenes_assets/door/f121b1d92c7f7f8c9d8e4887248309ed/front.png
door,f121b1d92c7f7f8c9d8e4887248309ed,left,ok,0.122295,102,436,0.169647,436,c129ccfd44491b9dedf542f083c12a6518ca6a08d784d5e084236d41dc2a4e3f,true,/cpfs/user/zhuzihou/assets/dedup_workspaces/test0_transitive_apply_parallel/dataset/GRScenes_assets/door/f121b1d92c7f7f8c9d8e4887248309ed/left.png
door,f121b1d92c7f7f8c9d8e4887248309ed,back,ok,0.158661,478,238,0.433975,478,58b8f35597453322270afa12b5e2e15a699515964ca6c10a074c5bb626731349,true,/cpfs/user/zhuzihou/assets/dedup_workspaces/test0_transitive_apply_parallel/dataset/GRScenes_assets/door/f121b1d92c7f7f8c9d8e4887248309ed/back.png
door,f121b1d92c7f7f8c9d8e4887248309ed,right,ok,0.126904,102,436,0.169647,436,0a9ddc92c5fec53b5fbba6b766b49db938954304a2d21492fd992632d1aab37c,true,/cpfs/user/zhuzihou/assets/dedup_workspaces/test0_transitive_apply_parallel/dataset/GRScenes_assets/door/f121b1d92c7f7f8c9d8e4887248309ed/right.png
door,f19b6d19e28b903e4653a546ab10ce5c,front,ok,0.118732,437,252,0.420090,437,d383e2d967f13beb4c60107abe2be37a71b19e01295c86511120b5b072797538,true,/cpfs/user/zhuzihou/assets/dedup_workspaces/test0_transitive_apply_parallel/dataset/GRScenes_assets/door/f19b6d19e28b903e4653a546ab10ce5c/front.png
door,f19b6d19e28b903e4653a546ab10ce5c,left,ok,0.115475,492,205,0.384750,492,f27ceeb7612b6f2aefbdb0f0f3ad710ed1bbdf107d2bded4fd50ad35ad917f77,true,/cpfs/user/zhuzihou/assets/dedup_workspaces/test0_transitive_apply_parallel/dataset/GRScenes_assets/door/f19b6d19e28b903e4653a546ab10ce5c/left.png
door,f19b6d19e28b903e4653a546ab10ce5c,back,ok,0.118763,437,252,0.420090,437,24121c2a3666df5d4a352d695cfc22ca99c56edd258ef133f516658e24d67a7b,true,/cpfs/user/zhuzihou/assets/dedup_workspaces/test0_transitive_apply_parallel/dataset/GRScenes_assets/door/f19b6d19e28b903e4653a546ab10ce5c/back.png
door,f19b6d19e28b903e4653a546ab10ce5c,right,ok,0.125580,492,204,0.382874,492,5f8fbb53b566a9ab1914278f38d089b2f0ba818d2873afeaa075978c25c520e0,true,/cpfs/user/zhuzihou/assets/dedup_workspaces/test0_transitive_apply_parallel/dataset/GRScenes_assets/door/f19b6d19e28b903e4653a546ab10ce5c/right.png
door,f2c0a59a214519ea5b503db2bbc6e3ff,front,ok,0.176674,468,238,0.424896,468,04b3ba8900ee99689067ebfbe79aa0146d910e964e2443a32c1f2b25e699e9f8,true,/cpfs/user/zhuzihou/assets/dedup_workspaces/test0_transitive_apply_parallel/dataset/GRScenes_assets/door/f2c0a59a214519ea5b503db2bbc6e3ff/front.png
door,f2c0a59a214519ea5b503db2bbc6e3ff,left,ok,0.160931,474,232,0.419495,474,e635d0f59f71a52f0beff7738b7219e8cf9a6e48b458dbf42949ca849fc83173,true,/cpfs/user/zhuzihou/assets/dedup_workspaces/test0_transitive_apply_parallel/dataset/GRScenes_assets/door/f2c0a59a214519ea5b503db2bbc6e3ff/left.png
door,f2c0a59a214519ea5b503db2bbc6e3ff,back,ok,0.203533,467,238,0.423988,467,c56a9ac63567d157a14d79210a154b1ea4883df960f82a416a3496344d81422b,true,/cpfs/user/zhuzihou/assets/dedup_workspaces/test0_transitive_apply_parallel/dataset/GRScenes_assets/door/f2c0a59a214519ea5b503db2bbc6e3ff/back.png
door,f2c0a59a214519ea5b503db2bbc6e3ff,right,ok,0.166126,474,231,0.417686,474,55a0cc7a499ade345bc5d03e4f68034c9bdb718678a73f18f034f4e54aadcac7,true,/cpfs/user/zhuzihou/assets/dedup_workspaces/test0_transitive_apply_parallel/dataset/GRScenes_assets/door/f2c0a59a214519ea5b503db2bbc6e3ff/right.png
door,f44c8a887a0ac753af77fb4b6302c6c2,front,ok,0.361504,350,339,0.452614,350,350f5b083844d76c36a5a830febbce197456b34b2d50223e93626fad9c7770f3,true,/cpfs/user/zhuzihou/assets/dedup_workspaces/test0_transitive_apply_parallel/dataset/GRScenes_assets/door/f44c8a887a0ac753af77fb4b6302c6c2/front.png
door,f44c8a887a0ac753af77fb4b6302c6c2,left,ok,0.054935,40,460,0.070190,460,d218b20c00bb13382346e1929c0b41ffa293964df66803e9de2c9b0267040fda,true,/cpfs/user/zhuzihou/assets/dedup_workspaces/test0_transitive_apply_parallel/dataset/GRScenes_assets/door/f44c8a887a0ac753af77fb4b6302c6c2/left.png
door,f44c8a887a0ac753af77fb4b6302c6c2,back,ok,0.338421,350,339,0.452614,350,31322c80525a2cf44677f3a12a8e7e47d62ad194c97d231012a5f3f692c6cb76,true,/cpfs/user/zhuzihou/assets/dedup_workspaces/test0_transitive_apply_parallel/dataset/GRScenes_assets/door/f44c8a887a0ac753af77fb4b6302c6c2/back.png
door,f44c8a887a0ac753af77fb4b6302c6c2,right,ok,0.054893,40,460,0.070190,460,59791727805ee3bc3ab8064f975eefad2e9f9b7daa8d1991dfa58126e3a06cce,true,/cpfs/user/zhuzihou/assets/dedup_workspaces/test0_transitive_apply_parallel/dataset/GRScenes_assets/door/f44c8a887a0ac753af77fb4b6302c6c2/right.png
door,f74d2763c278e90fdc80943313f2baef,front,ok,0.297531,508,192,0.372070,508,9fe42eae46424db77bf030a2ec46939ea572ff025bcd120182335d33220cd0ba,true,/cpfs/user/zhuzihou/assets/dedup_workspaces/test0_transitive_apply_parallel/dataset/GRScenes_assets/door/f74d2763c278e90fdc80943313f2baef/front.png
door,f74d2763c278e90fdc80943313f2baef,left,ok,0.330288,404,281,0.433060,404,0048fbc0fc404ddfc042e9e2c4f4a01109d9614a8c3654ee9778fde8634ccded,true,/cpfs/user/zhuzihou/assets/dedup_workspaces/test0_transitive_apply_parallel/dataset/GRScenes_assets/door/f74d2763c278e90fdc80943313f2baef/left.png
door,f74d2763c278e90fdc80943313f2baef,back,ok,0.310768,508,192,0.372070,508,3154cf54d5b4ad9a98ff08e6b2b2eb4a9b9c23a94d394fd420a618f1ce3f21b8,true,/cpfs/user/zhuzihou/assets/dedup_workspaces/test0_transitive_apply_parallel/dataset/GRScenes_assets/door/f74d2763c278e90fdc80943313f2baef/back.png
door,f74d2763c278e90fdc80943313f2baef,right,ok,0.325024,404,280,0.431519,404,940bb25a91f29ef36efcfeb5aff0c539457e4c9ceca807d8ddd64db5a912c584,true,/cpfs/user/zhuzihou/assets/dedup_workspaces/test0_transitive_apply_parallel/dataset/GRScenes_assets/door/f74d2763c278e90fdc80943313f2baef/right.png
door,f801fd8210b6526fe4de8b6a58dc6a91,front,ok,0.155140,512,135,0.263672,512,654ca339fc3127bb246eddf2a92bbea98e7b1efb9123a0b6c0a7fe9cc2fdd7eb,true,/cpfs/user/zhuzihou/assets/dedup_workspaces/test0_transitive_apply_parallel/dataset/GRScenes_assets/door/f801fd8210b6526fe4de8b6a58dc6a91/front.png
door,f801fd8210b6526fe4de8b6a58dc6a91,left,ok,0.103333,288,317,0.348267,317,68ac79d463d0829dc1b4a9ea620663d83a99c66fcdcd4d9dc1a356c8aca5350a,true,/cpfs/user/zhuzihou/assets/dedup_workspaces/test0_transitive_apply_parallel/dataset/GRScenes_assets/door/f801fd8210b6526fe4de8b6a58dc6a91/left.png
door,f801fd8210b6526fe4de8b6a58dc6a91,back,ok,0.155163,512,135,0.263672,512,69a5cbb0e1cc2f2bb04268cc77c3038c8bd50007f1d7c5ed1106d4429c65a0aa,true,/cpfs/user/zhuzihou/assets/dedup_workspaces/test0_transitive_apply_parallel/dataset/GRScenes_assets/door/f801fd8210b6526fe4de8b6a58dc6a91/back.png
door,f801fd8210b6526fe4de8b6a58dc6a91,right,ok,0.112614,288,317,0.348267,317,f9223cf115662d3b88677500b704fe65f8908397e9efd2d6430ca8aefee0a650,true,/cpfs/user/zhuzihou/assets/dedup_workspaces/test0_transitive_apply_parallel/dataset/GRScenes_assets/door/f801fd8210b6526fe4de8b6a58dc6a91/right.png
door,f8ba0976e3387c7e8332ce461e44b50e,front,ok,0.321404,469,215,0.384655,469,5dc5adf25c248dccb28f7b2a0f6ab26cf6f288c6e509234e0a87e1b386af5289,true,/cpfs/user/zhuzihou/assets/dedup_workspaces/test0_transitive_apply_parallel/dataset/GRScenes_assets/door/f8ba0976e3387c7e8332ce461e44b50e/front.png
door,f8ba0976e3387c7e8332ce461e44b50e,left,ok,0.052414,43,433,0.071026,433,9af56a98840a7db3346c976736912ac7cf0fd47be98c59af3c6940023ea3f828,true,/cpfs/user/zhuzihou/assets/dedup_workspaces/test0_transitive_apply_parallel/dataset/GRScenes_assets/door/f8ba0976e3387c7e8332ce461e44b50e/left.png
door,f8ba0976e3387c7e8332ce461e44b50e,back,ok,0.334385,468,215,0.383835,468,c4d65926c4859c9e7de1c3932aaedf2432e8045df15f75e6fbbaf98871c3792d,true,/cpfs/user/zhuzihou/assets/dedup_workspaces/test0_transitive_apply_parallel/dataset/GRScenes_assets/door/f8ba0976e3387c7e8332ce461e44b50e/back.png
door,f8ba0976e3387c7e8332ce461e44b50e,right,ok,0.046886,42,433,0.069374,433,78896f840887ade2b588bebadc855e28b4d37f736ef2e1b17be1042e1ea40c6a,true,/cpfs/user/zhuzihou/assets/dedup_workspaces/test0_transitive_apply_parallel/dataset/GRScenes_assets/door/f8ba0976e3387c7e8332ce461e44b50e/right.png
door,fa08a6644d80eeb0f65bc13cd12310ba,front,ok,0.229263,512,134,0.261719,512,bf40131c76f579dfbc98d0df25917eb82826790441cd51b412bf325c99eefc44,true,/cpfs/user/zhuzihou/assets/dedup_workspaces/test0_transitive_apply_parallel/dataset/GRScenes_assets/door/fa08a6644d80eeb0f65bc13cd12310ba/front.png
door,fa08a6644d80eeb0f65bc13cd12310ba,left,ok,0.259544,308,302,0.354828,308,1cbf3b4e53f547176da7f35e648ee81f8e46bc3eadb9ed90d044a2133ba96fde,true,/cpfs/user/zhuzihou/assets/dedup_workspaces/test0_transitive_apply_parallel/dataset/GRScenes_assets/door/fa08a6644d80eeb0f65bc13cd12310ba/left.png
door,fa08a6644d80eeb0f65bc13cd12310ba,back,ok,0.229309,512,134,0.261719,512,b1b877a62e8676ab6030ce6a0044b9e4d654e559a4f4e71eb43745bd75448abe,true,/cpfs/user/zhuzihou/assets/dedup_workspaces/test0_transitive_apply_parallel/dataset/GRScenes_assets/door/fa08a6644d80eeb0f65bc13cd12310ba/back.png
door,fa08a6644d80eeb0f65bc13cd12310ba,right,ok,0.262688,308,302,0.354828,308,253a8e8bff8e8d9b188ea79307a39036c0c031fcd0e2e39e86aa8a084ab9496c,true,/cpfs/user/zhuzihou/assets/dedup_workspaces/test0_transitive_apply_parallel/dataset/GRScenes_assets/door/fa08a6644d80eeb0f65bc13cd12310ba/right.png
door,fa9aff7979cc1504395544b645b80f05,front,ok,0.341347,472,219,0.394318,472,bb4d0b83252565d2b809cfe601f1c814ebac3fdee9d0a4e699ba4ce78c5be036,true,/cpfs/user/zhuzihou/assets/dedup_workspaces/test0_transitive_apply_parallel/dataset/GRScenes_assets/door/fa9aff7979cc1504395544b645b80f05/front.png
door,fa9aff7979cc1504395544b645b80f05,left,ok,0.067749,54,433,0.089195,433,6f83b23951f0204355d6e48776af6046069fe77462128dd850672ad8d94eb3a5,true,/cpfs/user/zhuzihou/assets/dedup_workspaces/test0_transitive_apply_parallel/dataset/GRScenes_assets/door/fa9aff7979cc1504395544b645b80f05/left.png
door,fa9aff7979cc1504395544b645b80f05,back,ok,0.341480,472,219,0.394318,472,15347756ea9de9f9c5dbb1e812b743882b1401f71e015ec0da3e25de3e9ea490,true,/cpfs/user/zhuzihou/assets/dedup_workspaces/test0_transitive_apply_parallel/dataset/GRScenes_assets/door/fa9aff7979cc1504395544b645b80f05/back.png
door,fa9aff7979cc1504395544b645b80f05,right,ok,0.068253,54,433,0.089195,433,3b83bbcc34ca12752bcc0245d45ca446e6346fc9795b1466ef8641a78373df04,true,/cpfs/user/zhuzihou/assets/dedup_workspaces/test0_transitive_apply_parallel/dataset/GRScenes_assets/door/fa9aff7979cc1504395544b645b80f05/right.png
door,fae0fbacfc3a40eaa06b5b4fc85b17e8,front,ok,0.128029,461,232,0.407990,461,3bc9484622ccf0b89f0f84c36a0e7ed6ade9af9d0877a74da2c0a7b3d56452fe,true,/cpfs/user/zhuzihou/assets/dedup_workspaces/test0_transitive_apply_parallel/dataset/GRScenes_assets/door/fae0fbacfc3a40eaa06b5b4fc85b17e8/front.png
door,fae0fbacfc3a40eaa06b5b4fc85b17e8,left,ok,0.056141,45,440,0.075531,440,b11b1109bf9fcbc63ca03931b7d56587c072032dc162119d5ff3795ce33ba368,true,/cpfs/user/zhuzihou/assets/dedup_workspaces/test0_transitive_apply_parallel/dataset/GRScenes_assets/door/fae0fbacfc3a40eaa06b5b4fc85b17e8/left.png
door,fae0fbacfc3a40eaa06b5b4fc85b17e8,back,ok,0.137440,461,232,0.407990,461,d90d960657a72ecfde543583b73512ad386116f671bee97ef320155cad120138,true,/cpfs/user/zhuzihou/assets/dedup_workspaces/test0_transitive_apply_parallel/dataset/GRScenes_assets/door/fae0fbacfc3a40eaa06b5b4fc85b17e8/back.png
door,fae0fbacfc3a40eaa06b5b4fc85b17e8,right,ok,0.049519,44,440,0.073853,440,4080d3f3445cfe25c6123e3d2074349f660197b9d0f91e5113e5d89aa2acab25,true,/cpfs/user/zhuzihou/assets/dedup_workspaces/test0_transitive_apply_parallel/dataset/GRScenes_assets/door/fae0fbacfc3a40eaa06b5b4fc85b17e8/right.png
door,fca2d6cabe2b3e1e8fa73a99416cdc3f,front,ok,0.235695,512,134,0.261719,512,b89bd57096802f94bb1e2fb3b8abd3c56a9fe5fb2c03fa8a1c61afce3c06e3cb,true,/cpfs/user/zhuzihou/assets/dedup_workspaces/test0_transitive_apply_parallel/dataset/GRScenes_assets/door/fca2d6cabe2b3e1e8fa73a99416cdc3f/front.png
door,fca2d6cabe2b3e1e8fa73a99416cdc3f,left,ok,0.245785,266,329,0.333839,329,d8073d5bded3a55df70e453be2e91eb74979830c172d207c2e2e8a8f81a83806,true,/cpfs/user/zhuzihou/assets/dedup_workspaces/test0_transitive_apply_parallel/dataset/GRScenes_assets/door/fca2d6cabe2b3e1e8fa73a99416cdc3f/left.png
door,fca2d6cabe2b3e1e8fa73a99416cdc3f,back,ok,0.235668,512,134,0.261719,512,bf885e1da490c9dd114510f94d2d718682d55c33aa2f7b527c73f38064034726,true,/cpfs/user/zhuzihou/assets/dedup_workspaces/test0_transitive_apply_parallel/dataset/GRScenes_assets/door/fca2d6cabe2b3e1e8fa73a99416cdc3f/back.png
door,fca2d6cabe2b3e1e8fa73a99416cdc3f,right,ok,0.246204,266,329,0.333839,329,f8e871a8ebaee1dd553a3b359a6030944fe2753c7f15a6803457e35dd5756fbe,true,/cpfs/user/zhuzihou/assets/dedup_workspaces/test0_transitive_apply_parallel/dataset/GRScenes_assets/door/fca2d6cabe2b3e1e8fa73a99416cdc3f/right.png
door,ff304656bc3734b7b1d4c766bfdf7363,front,ok,0.158340,476,241,0.437607,476,2aca24d1addc9ff9d0d877818252eba7550615147074dfae258e13e3294c97ce,true,/cpfs/user/zhuzihou/assets/dedup_workspaces/test0_transitive_apply_parallel/dataset/GRScenes_assets/door/ff304656bc3734b7b1d4c766bfdf7363/front.png
door,ff304656bc3734b7b1d4c766bfdf7363,left,ok,0.121647,102,437,0.170036,437,4080d8c4ca1c92bc53265b2f61790d25fa3192a2ae8109c2a2d20aafe75f969f,true,/cpfs/user/zhuzihou/assets/dedup_workspaces/test0_transitive_apply_parallel/dataset/GRScenes_assets/door/ff304656bc3734b7b1d4c766bfdf7363/left.png
door,ff304656bc3734b7b1d4c766bfdf7363,back,ok,0.158417,476,241,0.437607,476,015187db496274515459c5d0af893520eb5ae97ffbdd3f80e966b5657e4295a7,true,/cpfs/user/zhuzihou/assets/dedup_workspaces/test0_transitive_apply_parallel/dataset/GRScenes_assets/door/ff304656bc3734b7b1d4c766bfdf7363/back.png
door,ff304656bc3734b7b1d4c766bfdf7363,right,ok,0.126564,101,437,0.168369,437,775280801b3861da9dc62bb45407e9b5b55eececddc90f0a63e3ffb7e8273c4a,true,/cpfs/user/zhuzihou/assets/dedup_workspaces/test0_transitive_apply_parallel/dataset/GRScenes_assets/door/ff304656bc3734b7b1d4c766bfdf7363/right.png
door,ff9ae9c6631091993e013e0989b26055,front,ok,0.210529,512,159,0.310547,512,10ef109da1d7cb4dd1c4feddb73c92b255efece62ba8de14a2acb642a002251e,true,/cpfs/user/zhuzihou/assets/dedup_workspaces/test0_transitive_apply_parallel/dataset/GRScenes_assets/door/ff9ae9c6631091993e013e0989b26055/front.png
door,ff9ae9c6631091993e013e0989b26055,left,ok,0.154331,320,321,0.391846,321,797cc3eb704ae04ba46c9b8c5e15c5f8c5c48c56255a7a5fcd84ea22f8e862b5,true,/cpfs/user/zhuzihou/assets/dedup_workspaces/test0_transitive_apply_parallel/dataset/GRScenes_assets/door/ff9ae9c6631091993e013e0989b26055/left.png
door,ff9ae9c6631091993e013e0989b26055,back,ok,0.211094,512,159,0.310547,512,a8acbf6cdf6300a77472f9c4b693532fd72e501e6f04b535ffdef522bcce41cc,true,/cpfs/user/zhuzihou/assets/dedup_workspaces/test0_transitive_apply_parallel/dataset/GRScenes_assets/door/ff9ae9c6631091993e013e0989b26055/back.png
door,ff9ae9c6631091993e013e0989b26055,right,ok,0.172558,320,320,0.390625,320,ac4a450b3f6f33bf78684e77a4607d0231e39745cc5aef809f0b66c43cd1056e,true,/cpfs/user/zhuzihou/assets/dedup_workspaces/test0_transitive_apply_parallel/dataset/GRScenes_assets/door/ff9ae9c6631091993e013e0989b26055/right.png
table,76c7a7e7c945a8bfea9c257cc2011559,front,ok,0.043896,116,445,0.196915,445,338dff578a016ef74b5beeb1a35156811e8948c39c8c17e70e604c996fa390e9,true,/cpfs/user/zhuzihou/assets/dedup_workspaces/test0_transitive_apply_parallel/dataset/GRScenes_assets/table/76c7a7e7c945a8bfea9c257cc2011559/front.png
table,76c7a7e7c945a8bfea9c257cc2011559,left,ok,0.095940,379,316,0.456863,379,1f3225c984a64b3c69dd09e818a6d0682f182de6c26880cd43e78585c2b5ffe9,true,/cpfs/user/zhuzihou/assets/dedup_workspaces/test0_transitive_apply_parallel/dataset/GRScenes_assets/table/76c7a7e7c945a8bfea9c257cc2011559/left.png
table,76c7a7e7c945a8bfea9c257cc2011559,back,ok,0.088696,188,348,0.249573,348,4fe346582dd0a60c9a4f9cca606f08e76bcf0560ff28cccb5c9b568f8420af54,true,/cpfs/user/zhuzihou/assets/dedup_workspaces/test0_transitive_apply_parallel/dataset/GRScenes_assets/table/76c7a7e7c945a8bfea9c257cc2011559/back.png
table,76c7a7e7c945a8bfea9c257cc2011559,right,ok,0.112644,379,316,0.456863,379,3ac5a2dd461b518c0fbe9a8b362428415b85a9dd278a5783c48072b11bc0def2,true,/cpfs/user/zhuzihou/assets/dedup_workspaces/test0_transitive_apply_parallel/dataset/GRScenes_assets/table/76c7a7e7c945a8bfea9c257cc2011559/right.png
