category,uid,image_class,category_group,old_diag,new_diag,diag_ratio,fallback_changed,rerender_recommended,scan_error,best_fg_ratio,best_bbox_area_ratio,best_max_dim,view_classes,asset_dir,usd_path
basket,040600389fdab577a5376c28e6c5eb15,tiny,object,636.184620,62.323327,10.207809,true,true,,0.003208,0.003571,40,tiny;tiny;tiny;tiny,/cpfs/user/zhuzihou/assets/dedup_workspaces/test0_transitive_apply_parallel/dataset/GRScenes_assets/basket/040600389fdab577a5376c28e6c5eb15,/cpfs/user/zhuzihou/assets/dedup_workspaces/test0_transitive_apply_parallel/dataset/GRScenes_assets/basket/040600389fdab577a5376c28e6c5eb15/usd/040600389fdab577a5376c28e6c5eb15.usd
basket,2937c874679ed3290a30181d9919f3e8,tiny,object,747.901136,74.327264,10.062272,true,true,,0.002640,0.002937,39,tiny;tiny;tiny;tiny,/cpfs/user/zhuzihou/assets/dedup_workspaces/test0_transitive_apply_parallel/dataset/GRScenes_assets/basket/2937c874679ed3290a30181d9919f3e8,/cpfs/user/zhuzihou/assets/dedup_workspaces/test0_transitive_apply_parallel/dataset/GRScenes_assets/basket/2937c874679ed3290a30181d9919f3e8/usd/2937c874679ed3290a30181d9919f3e8.usd
basket,3dc92f250b989f721c5fc628235750ff,tiny,object,1018.749410,76.759975,13.271883,true,true,,0.002224,0.002457,30,tiny;tiny;tiny;tiny,/cpfs/user/zhuzihou/assets/dedup_workspaces/test0_transitive_apply_parallel/dataset/GRScenes_assets/basket/3dc92f250b989f721c5fc628235750ff,/cpfs/user/zhuzihou/assets/dedup_workspaces/test0_transitive_apply_parallel/dataset/GRScenes_assets/basket/3dc92f250b989f721c5fc628235750ff/usd/3dc92f250b989f721c5fc628235750ff.usd
basket,6ae01f7e1ba19fc58a6f9d0b1102c3d1,blank,object,4239.049048,42.769519,99.113788,true,true,,0.000057,0.000076,5,blank;blank;blank;blank,/cpfs/user/zhuzihou/assets/dedup_workspaces/test0_transitive_apply_parallel/dataset/GRScenes_assets/basket/6ae01f7e1ba19fc58a6f9d0b1102c3d1,/cpfs/user/zhuzihou/assets/dedup_workspaces/test0_transitive_apply_parallel/dataset/GRScenes_assets/basket/6ae01f7e1ba19fc58a6f9d0b1102c3d1/usd/6ae01f7e1ba19fc58a6f9d0b1102c3d1.usd
basket,8438bcb5ea63d993807c417e709a2b11,tiny,object,618.398395,59.621006,10.372156,true,true,,0.002399,0.003090,32,tiny;tiny;tiny;tiny,/cpfs/user/zhuzihou/assets/dedup_workspaces/test0_transitive_apply_parallel/dataset/GRScenes_assets/basket/8438bcb5ea63d993807c417e709a2b11,/cpfs/user/zhuzihou/assets/dedup_workspaces/test0_transitive_apply_parallel/dataset/GRScenes_assets/basket/8438bcb5ea63d993807c417e709a2b11/usd/8438bcb5ea63d993807c417e709a2b11.usd
basket,8ae61cea6988dfe0ab73982f076c468c,tiny,object,505.561195,61.416267,8.231715,true,true,,0.005184,0.005707,54,tiny;tiny;tiny;tiny,/cpfs/user/zhuzihou/assets/dedup_workspaces/test0_transitive_apply_parallel/dataset/GRScenes_assets/basket/8ae61cea6988dfe0ab73982f076c468c,/cpfs/user/zhuzihou/assets/dedup_workspaces/test0_transitive_apply_parallel/dataset/GRScenes_assets/basket/8ae61cea6988dfe0ab73982f076c468c/usd/8ae61cea6988dfe0ab73982f076c468c.usd
basket,a953b91fd9d889217708cbe68a38b691,tiny,object,640.106395,63.697499,10.049161,true,true,,0.002720,0.003147,43,tiny;tiny;tiny;tiny,/cpfs/user/zhuzihou/assets/dedup_workspaces/test0_transitive_apply_parallel/dataset/GRScenes_assets/basket/a953b91fd9d889217708cbe68a38b691,/cpfs/user/zhuzihou/assets/dedup_workspaces/test0_transitive_apply_parallel/dataset/GRScenes_assets/basket/a953b91fd9d889217708cbe68a38b691/usd/a953b91fd9d889217708cbe68a38b691.usd
cabinet,0103f6d34c5852236100733a4a9a8a2f,suspicious,object,1178772626593393082468659900175517483008.000000,121.280836,9719364255951204899451301456433381376.000000,true,true,,0.025208,0.034676,122,ok;tiny;ok;ok,/cpfs/user/zhuzihou/assets/dedup_workspaces/test0_transitive_apply_parallel/dataset/GRScenes_assets/cabinet/0103f6d34c5852236100733a4a9a8a2f,/cpfs/user/zhuzihou/assets/dedup_workspaces/test0_transitive_apply_parallel/dataset/GRScenes_assets/cabinet/0103f6d34c5852236100733a4a9a8a2f/usd/0103f6d34c5852236100733a4a9a8a2f.usd
cabinet,017e70823d03e5a8cda2c082e6440449,suspicious,object,1178772626593393082468659900175517483008.000000,247.192735,4768637819199796469880959410112561152.000000,true,true,,0.019470,0.026196,109,blank;blank;tiny;ok,/cpfs/user/zhuzihou/assets/dedup_workspaces/test0_transitive_apply_parallel/dataset/GRScenes_assets/cabinet/017e70823d03e5a8cda2c082e6440449,/cpfs/user/zhuzihou/assets/dedup_workspaces/test0_transitive_apply_parallel/dataset/GRScenes_assets/cabinet/017e70823d03e5a8cda2c082e6440449/usd/017e70823d03e5a8cda2c082e6440449.usd
cabinet,01832f2d9a433adec46c23492a04a66c,suspicious,object,1178772626593393082468659900175517483008.000000,260.530330,4524512078312764904015408219222441984.000000,true,true,,0.044861,0.046585,172,blank;blank;ok;blank,/cpfs/user/zhuzihou/assets/dedup_workspaces/test0_transitive_apply_parallel/dataset/GRScenes_assets/cabinet/01832f2d9a433adec46c23492a04a66c,/cpfs/user/zhuzihou/assets/dedup_workspaces/test0_transitive_apply_parallel/dataset/GRScenes_assets/cabinet/01832f2d9a433adec46c23492a04a66c/usd/01832f2d9a433adec46c23492a04a66c.usd
cabinet,01ba00f2f4072e5e3f71cadea43edf49,suspicious,object,1178772626593393082468659900175517483008.000000,260.469862,4525562448586086622259441293972209664.000000,true,true,,0.028008,0.034939,134,ok;ok;tiny;ok,/cpfs/user/zhuzihou/assets/dedup_workspaces/test0_transitive_apply_parallel/dataset/GRScenes_assets/cabinet/01ba00f2f4072e5e3f71cadea43edf49,/cpfs/user/zhuzihou/assets/dedup_workspaces/test0_transitive_apply_parallel/dataset/GRScenes_assets/cabinet/01ba00f2f4072e5e3f71cadea43edf49/usd/01ba00f2f4072e5e3f71cadea43edf49.usd
cabinet,01fd983213e1647c02edfce9a6ea098d,suspicious,object,1178772626593393082468659900175517483008.000000,312.586377,3771030071610963881612141592596971520.000000,true,true,,0.067795,0.075226,170,ok;blank;blank;blank,/cpfs/user/zhuzihou/assets/dedup_workspaces/test0_transitive_apply_parallel/dataset/GRScenes_assets/cabinet/01fd983213e1647c02edfce9a6ea098d,/cpfs/user/zhuzihou/assets/dedup_workspaces/test0_transitive_apply_parallel/dataset/GRScenes_assets/cabinet/01fd983213e1647c02edfce9a6ea098d/usd/01fd983213e1647c02edfce9a6ea098d.usd
cabinet,030552c05f71248d0ec542c121a3586f,suspicious,object,1178772626593393082468659900175517483008.000000,363.698251,3241073122626176908288475845231640576.000000,true,true,,0.071621,0.076729,191,ok;blank;blank;ok,/cpfs/user/zhuzihou/assets/dedup_workspaces/test0_transitive_apply_parallel/dataset/GRScenes_assets/cabinet/030552c05f71248d0ec542c121a3586f,/cpfs/user/zhuzihou/assets/dedup_workspaces/test0_transitive_apply_parallel/dataset/GRScenes_assets/cabinet/030552c05f71248d0ec542c121a3586f/usd/030552c05f71248d0ec542c121a3586f.usd
cabinet,03084f37e155430e2768d4a8f71c41d6,suspicious,object,1178772626593393082468659900175517483008.000000,201.122022,5860982363046311583206768603073347584.000000,true,true,,0.040417,0.056236,162,ok;ok;tiny;ok,/cpfs/user/zhuzihou/assets/dedup_workspaces/test0_transitive_apply_parallel/dataset/GRScenes_assets/cabinet/03084f37e155430e2768d4a8f71c41d6,/cpfs/user/zhuzihou/assets/dedup_workspaces/test0_transitive_apply_parallel/dataset/GRScenes_assets/cabinet/03084f37e155430e2768d4a8f71c41d6/usd/03084f37e155430e2768d4a8f71c41d6.usd
cabinet,030f6923af651a0593b1556295d36e0b,suspicious,object,1178772626593393082468659900175517483008.000000,160.664969,7336836588759701419016388410666385408.000000,true,true,,0.073055,0.076424,199,ok;ok;ok;blank,/cpfs/user/zhuzihou/assets/dedup_workspaces/test0_transitive_apply_parallel/dataset/GRScenes_assets/cabinet/030f6923af651a0593b1556295d36e0b,/cpfs/user/zhuzihou/assets/dedup_workspaces/test0_transitive_apply_parallel/dataset/GRScenes_assets/cabinet/030f6923af651a0593b1556295d36e0b/usd/030f6923af651a0593b1556295d36e0b.usd
cabinet,0351e38501c4134575e6dda441b434d9,suspicious,object,1178772626593393082468659900175517483008.000000,190.065781,6201919256004915273176016880228368384.000000,true,true,,0.021984,0.030762,96,blank;blank;ok;blank,/cpfs/user/zhuzihou/assets/dedup_workspaces/test0_transitive_apply_parallel/dataset/GRScenes_assets/cabinet/0351e38501c4134575e6dda441b434d9,/cpfs/user/zhuzihou/assets/dedup_workspaces/test0_transitive_apply_parallel/dataset/GRScenes_assets/cabinet/0351e38501c4134575e6dda441b434d9/usd/0351e38501c4134575e6dda441b434d9.usd
cabinet,039c6bdd9fc8b57652b7a96f885dc484,suspicious,object,1178772626593393082468659900175517483008.000000,372.406027,3165288796806767524384003040538001408.000000,true,true,,0.029137,0.032967,149,ok;blank;blank;blank,/cpfs/user/zhuzihou/assets/dedup_workspaces/test0_transitive_apply_parallel/dataset/GRScenes_assets/cabinet/039c6bdd9fc8b57652b7a96f885dc484,/cpfs/user/zhuzihou/assets/dedup_workspaces/test0_transitive_apply_parallel/dataset/GRScenes_assets/cabinet/039c6bdd9fc8b57652b7a96f885dc484/usd/039c6bdd9fc8b57652b7a96f885dc484.usd
cabinet,03d89ac3714f5dbdef54fa3d7f8b2702,suspicious,object,1178772626593393082468659900175517483008.000000,210.229322,5607080008514814775736781332444872704.000000,true,true,,0.006550,0.006592,192,blank;blank;ok;blank,/cpfs/user/zhuzihou/assets/dedup_workspaces/test0_transitive_apply_parallel/dataset/GRScenes_assets/cabinet/03d89ac3714f5dbdef54fa3d7f8b2702,/cpfs/user/zhuzihou/assets/dedup_workspaces/test0_transitive_apply_parallel/dataset/GRScenes_assets/cabinet/03d89ac3714f5dbdef54fa3d7f8b2702/usd/03d89ac3714f5dbdef54fa3d7f8b2702.usd
cabinet,042a2ad4549c90e90a91f9bc50f7b9b6,suspicious,object,1178772626593393082468659900175517483008.000000,214.114742,5505331459428152967919815687801929728.000000,true,true,,0.019707,0.020584,142,blank;blank;ok;blank,/cpfs/user/zhuzihou/assets/dedup_workspaces/test0_transitive_apply_parallel/dataset/GRScenes_assets/cabinet/042a2ad4549c90e90a91f9bc50f7b9b6,/cpfs/user/zhuzihou/assets/dedup_workspaces/test0_transitive_apply_parallel/dataset/GRScenes_assets/cabinet/042a2ad4549c90e90a91f9bc50f7b9b6/usd/042a2ad4549c90e90a91f9bc50f7b9b6.usd
cabinet,04341ec1ca6bf336f49cad66cae7a722,suspicious,object,1178772626593393082468659900175517483008.000000,659.076516,1788521664243157928013778297403998208.000000,true,true,,0.037762,0.063740,234,blank;blank;ok;ok,/cpfs/user/zhuzihou/assets/dedup_workspaces/test0_transitive_apply_parallel/dataset/GRScenes_assets/cabinet/04341ec1ca6bf336f49cad66cae7a722,/cpfs/user/zhuzihou/assets/dedup_workspaces/test0_transitive_apply_parallel/dataset/GRScenes_assets/cabinet/04341ec1ca6bf336f49cad66cae7a722/usd/04341ec1ca6bf336f49cad66cae7a722.usd
cabinet,0474a4456e49f2db47f397f00a03b5ca,tiny,object,1178772626593393082468659900175517483008.000000,49.310303,23905199593378144755811975065877086208.000000,true,true,,0.006878,0.008327,69,tiny;tiny;tiny;tiny,/cpfs/user/zhuzihou/assets/dedup_workspaces/test0_transitive_apply_parallel/dataset/GRScenes_assets/cabinet/0474a4456e49f2db47f397f00a03b5ca,/cpfs/user/zhuzihou/assets/dedup_workspaces/test0_transitive_apply_parallel/dataset/GRScenes_assets/cabinet/0474a4456e49f2db47f397f00a03b5ca/usd/0474a4456e49f2db47f397f00a03b5ca.usd
cabinet,0488118f0fd22625619c210a71c8d81e,suspicious,object,1178772626593393082468659900175517483008.000000,79.596421,14809367182663031529116544695604871168.000000,true,true,,0.007980,0.011902,104,tiny;tiny;ok;ok,/cpfs/user/zhuzihou/assets/dedup_workspaces/test0_transitive_apply_parallel/dataset/GRScenes_assets/cabinet/0488118f0fd22625619c210a71c8d81e,/cpfs/user/zhuzihou/assets/dedup_workspaces/test0_transitive_apply_parallel/dataset/GRScenes_assets/cabinet/0488118f0fd22625619c210a71c8d81e/usd/0488118f0fd22625619c210a71c8d81e.usd
cabinet,0493d2c7a758de44c6b45d4c14801a74,suspicious,object,1178772626593393082468659900175517483008.000000,127.066556,9276812585385663179006358501978013696.000000,true,true,,0.032681,0.038528,101,tiny;tiny;ok;ok,/cpfs/user/zhuzihou/assets/dedup_workspaces/test0_transitive_apply_parallel/dataset/GRScenes_assets/cabinet/0493d2c7a758de44c6b45d4c14801a74,/cpfs/user/zhuzihou/assets/dedup_workspaces/test0_transitive_apply_parallel/dataset/GRScenes_assets/cabinet/0493d2c7a758de44c6b45d4c14801a74/usd/0493d2c7a758de44c6b45d4c14801a74.usd
cabinet,051784651ce9ea0494f32068cb8a1210,suspicious,object,1178772626593393082468659900175517483008.000000,357.410118,3298095285115683051128642849027915776.000000,true,true,,0.043640,0.074574,175,tiny;ok;ok;ok,/cpfs/user/zhuzihou/assets/dedup_workspaces/test0_transitive_apply_parallel/dataset/GRScenes_assets/cabinet/051784651ce9ea0494f32068cb8a1210,/cpfs/user/zhuzihou/assets/dedup_workspaces/test0_transitive_apply_parallel/dataset/GRScenes_assets/cabinet/051784651ce9ea0494f32068cb8a1210/usd/051784651ce9ea0494f32068cb8a1210.usd
cabinet,0592e41b66a549d83a509305325d6d91,suspicious,object,1178772626593393082468659900175517483008.000000,133.822837,8808456425076273384244827736837718016.000000,true,true,,0.037376,0.043659,109,tiny;ok;ok;ok,/cpfs/user/zhuzihou/assets/dedup_workspaces/test0_transitive_apply_parallel/dataset/GRScenes_assets/cabinet/0592e41b66a549d83a509305325d6d91,/cpfs/user/zhuzihou/assets/dedup_workspaces/test0_transitive_apply_parallel/dataset/GRScenes_assets/cabinet/0592e41b66a549d83a509305325d6d91/usd/0592e41b66a549d83a509305325d6d91.usd
cabinet,05b603614a4ff2f04bfa544a2d85a0bd,tiny,object,1178772626593393082468659900175517483008.000000,94.370038,12490962689454163525922493642454335488.000000,true,true,,0.003071,0.008076,73,tiny;tiny;tiny;tiny,/cpfs/user/zhuzihou/assets/dedup_workspaces/test0_transitive_apply_parallel/dataset/GRScenes_assets/cabinet/05b603614a4ff2f04bfa544a2d85a0bd,/cpfs/user/zhuzihou/assets/dedup_workspaces/test0_transitive_apply_parallel/dataset/GRScenes_assets/cabinet/05b603614a4ff2f04bfa544a2d85a0bd/usd/05b603614a4ff2f04bfa544a2d85a0bd.usd
cabinet,0643684aed91df5d35c78c3e8ab9268c,suspicious,object,1178772626593393082468659900175517483008.000000,267.180279,4411899819833587157833245220552048640.000000,true,true,,0.043255,0.067348,175,ok;ok;ok;tiny,/cpfs/user/zhuzihou/assets/dedup_workspaces/test0_transitive_apply_parallel/dataset/GRScenes_assets/cabinet/0643684aed91df5d35c78c3e8ab9268c,/cpfs/user/zhuzihou/assets/dedup_workspaces/test0_transitive_apply_parallel/dataset/GRScenes_assets/cabinet/0643684aed91df5d35c78c3e8ab9268c/usd/0643684aed91df5d35c78c3e8ab9268c.usd
cabinet,06ba887f18c9cd0fdc34bd23e2c31de2,tiny,object,1178772626593393082468659900175517483008.000000,187.388478,6290528836023835781301761439109742592.000000,true,true,,0.001087,0.001831,24,blank;blank;blank;tiny,/cpfs/user/zhuzihou/assets/dedup_workspaces/test0_transitive_apply_parallel/dataset/GRScenes_assets/cabinet/06ba887f18c9cd0fdc34bd23e2c31de2,/cpfs/user/zhuzihou/assets/dedup_workspaces/test0_transitive_apply_parallel/dataset/GRScenes_assets/cabinet/06ba887f18c9cd0fdc34bd23e2c31de2/usd/06ba887f18c9cd0fdc34bd23e2c31de2.usd
cabinet,075d44942a37753c8caec2586734e2fe,suspicious,object,1178772626593393082468659900175517483008.000000,189.808497,6210325896238913382978077364504756224.000000,true,true,,0.036594,0.045273,138,ok;ok;tiny;ok,/cpfs/user/zhuzihou/assets/dedup_workspaces/test0_transitive_apply_parallel/dataset/GRScenes_assets/cabinet/075d44942a37753c8caec2586734e2fe,/cpfs/user/zhuzihou/assets/dedup_workspaces/test0_transitive_apply_parallel/dataset/GRScenes_assets/cabinet/075d44942a37753c8caec2586734e2fe/usd/075d44942a37753c8caec2586734e2fe.usd
cabinet,077086869ae8fb2c4e6974fe7f94d684,suspicious,object,1178772626593393082468659900175517483008.000000,210.254635,5606404961366517325529923140150362112.000000,true,true,,0.003120,0.003136,137,blank;blank;ok;blank,/cpfs/user/zhuzihou/assets/dedup_workspaces/test0_transitive_apply_parallel/dataset/GRScenes_assets/cabinet/077086869ae8fb2c4e6974fe7f94d684,/cpfs/user/zhuzihou/assets/dedup_workspaces/test0_transitive_apply_parallel/dataset/GRScenes_assets/cabinet/077086869ae8fb2c4e6974fe7f94d684/usd/077086869ae8fb2c4e6974fe7f94d684.usd
cabinet,081bebfaa51513fd3fa62d629c6aa1df,suspicious,object,1178772626593393082468659900175517483008.000000,303.460238,3884438482515450460755549363808239616.000000,true,true,,0.079742,0.085526,190,ok;blank;blank;blank,/cpfs/user/zhuzihou/assets/dedup_workspaces/test0_transitive_apply_parallel/dataset/GRScenes_assets/cabinet/081bebfaa51513fd3fa62d629c6aa1df,/cpfs/user/zhuzihou/assets/dedup_workspaces/test0_transitive_apply_parallel/dataset/GRScenes_assets/cabinet/081bebfaa51513fd3fa62d629c6aa1df/usd/081bebfaa51513fd3fa62d629c6aa1df.usd
cabinet,08376cadeb427ee8d2e0773ed890c542,suspicious,object,1178772626593393082468659900175517483008.000000,476.296323,2474872403007075542675988256053526528.000000,true,true,,0.015987,0.024643,170,blank;blank;blank;ok,/cpfs/user/zhuzihou/assets/dedup_workspaces/test0_transitive_apply_parallel/dataset/GRScenes_assets/cabinet/08376cadeb427ee8d2e0773ed890c542,/cpfs/user/zhuzihou/assets/dedup_workspaces/test0_transitive_apply_parallel/dataset/GRScenes_assets/cabinet/08376cadeb427ee8d2e0773ed890c542/usd/08376cadeb427ee8d2e0773ed890c542.usd
cabinet,09154833ce4e54b0b9a73e2eb5721649,tiny,object,1178772626593393082468659900175517483008.000000,44.107621,26724919924053636371407159274164453376.000000,true,true,,0.002079,0.002403,37,tiny;blank;blank;tiny,/cpfs/user/zhuzihou/assets/dedup_workspaces/test0_transitive_apply_parallel/dataset/GRScenes_assets/cabinet/09154833ce4e54b0b9a73e2eb5721649,/cpfs/user/zhuzihou/assets/dedup_workspaces/test0_transitive_apply_parallel/dataset/GRScenes_assets/cabinet/09154833ce4e54b0b9a73e2eb5721649/usd/09154833ce4e54b0b9a73e2eb5721649.usd
cabinet,0945b6d77dba9b992541a10795e91c5b,suspicious,object,1178772626593393082468659900175517483008.000000,343.195634,3434695865112260712221607145167126528.000000,true,true,,0.054462,0.060654,159,ok;blank;blank;blank,/cpfs/user/zhuzihou/assets/dedup_workspaces/test0_transitive_apply_parallel/dataset/GRScenes_assets/cabinet/0945b6d77dba9b992541a10795e91c5b,/cpfs/user/zhuzihou/assets/dedup_workspaces/test0_transitive_apply_parallel/dataset/GRScenes_assets/cabinet/0945b6d77dba9b992541a10795e91c5b/usd/0945b6d77dba9b992541a10795e91c5b.usd
cabinet,095fa0e7cdf34defcd98b99ed9639a52,suspicious,object,1178772626593393082468659900175517483008.000000,139.528763,8448241073445507227113656368358227968.000000,true,true,,0.034927,0.040352,123,ok;tiny;ok;ok,/cpfs/user/zhuzihou/assets/dedup_workspaces/test0_transitive_apply_parallel/dataset/GRScenes_assets/cabinet/095fa0e7cdf34defcd98b99ed9639a52,/cpfs/user/zhuzihou/assets/dedup_workspaces/test0_transitive_apply_parallel/dataset/GRScenes_assets/cabinet/095fa0e7cdf34defcd98b99ed9639a52/usd/095fa0e7cdf34defcd98b99ed9639a52.usd
cabinet,0968a1c333825e9d2f912db1d353b0e8,blank,object,1178772626593393082468659900175517483008.000000,62.052237,18996456596593245205123840454927843328.000000,true,true,,0.000000,0.000000,0,blank;blank;blank;blank,/cpfs/user/zhuzihou/assets/dedup_workspaces/test0_transitive_apply_parallel/dataset/GRScenes_assets/cabinet/0968a1c333825e9d2f912db1d353b0e8,/cpfs/user/zhuzihou/assets/dedup_workspaces/test0_transitive_apply_parallel/dataset/GRScenes_assets/cabinet/0968a1c333825e9d2f912db1d353b0e8/usd/0968a1c333825e9d2f912db1d353b0e8.usd
cabinet,0a1853ab45a22f77e53edd7d8a0589fb,suspicious,object,1178772626593393082468659900175517483008.000000,260.535398,4524424069751490935775035729154932736.000000,true,true,,0.022812,0.023956,157,blank;blank;ok;ok,/cpfs/user/zhuzihou/assets/dedup_workspaces/test0_transitive_apply_parallel/dataset/GRScenes_assets/cabinet/0a1853ab45a22f77e53edd7d8a0589fb,/cpfs/user/zhuzihou/assets/dedup_workspaces/test0_transitive_apply_parallel/dataset/GRScenes_assets/cabinet/0a1853ab45a22f77e53edd7d8a0589fb/usd/0a1853ab45a22f77e53edd7d8a0589fb.usd
cabinet,0ac1552e77a5063fc5cbe6d3d95398a2,suspicious,object,1178772626593393082468659900175517483008.000000,39.824968,29598834112890126396777586295887101952.000000,true,true,,0.008369,0.013294,85,blank;ok;blank;blank,/cpfs/user/zhuzihou/assets/dedup_workspaces/test0_transitive_apply_parallel/dataset/GRScenes_assets/cabinet/0ac1552e77a5063fc5cbe6d3d95398a2,/cpfs/user/zhuzihou/assets/dedup_workspaces/test0_transitive_apply_parallel/dataset/GRScenes_assets/cabinet/0ac1552e77a5063fc5cbe6d3d95398a2/usd/0ac1552e77a5063fc5cbe6d3d95398a2.usd
cabinet,0b558ffc6d640331607c4eeca7e99fb6,tiny,object,1178772626593393082468659900175517483008.000000,103.133330,11429599220255751212088244779423367168.000000,true,true,,0.012486,0.013245,62,blank;blank;tiny;blank,/cpfs/user/zhuzihou/assets/dedup_workspaces/test0_transitive_apply_parallel/dataset/GRScenes_assets/cabinet/0b558ffc6d640331607c4eeca7e99fb6,/cpfs/user/zhuzihou/assets/dedup_workspaces/test0_transitive_apply_parallel/dataset/GRScenes_assets/cabinet/0b558ffc6d640331607c4eeca7e99fb6/usd/0b558ffc6d640331607c4eeca7e99fb6.usd
cabinet,0bddb3eab9f10dc1718a6ffd43d4949d,suspicious,object,1178772626593393082468659900175517483008.000000,248.882846,4736255018073519804879396267456724992.000000,true,true,,0.030693,0.040527,130,ok;ok;tiny;ok,/cpfs/user/zhuzihou/assets/dedup_workspaces/test0_transitive_apply_parallel/dataset/GRScenes_assets/cabinet/0bddb3eab9f10dc1718a6ffd43d4949d,/cpfs/user/zhuzihou/assets/dedup_workspaces/test0_transitive_apply_parallel/dataset/GRScenes_assets/cabinet/0bddb3eab9f10dc1718a6ffd43d4949d/usd/0bddb3eab9f10dc1718a6ffd43d4949d.usd
cabinet,0bf8fcbd2bbc7755e5793bcd46d60521,suspicious,object,1178772626593393082468659900175517483008.000000,379.025031,3110012612940179100285402273986641920.000000,true,true,,0.004837,0.012539,173,ok;blank;blank;blank,/cpfs/user/zhuzihou/assets/dedup_workspaces/test0_transitive_apply_parallel/dataset/GRScenes_assets/cabinet/0bf8fcbd2bbc7755e5793bcd46d60521,/cpfs/user/zhuzihou/assets/dedup_workspaces/test0_transitive_apply_parallel/dataset/GRScenes_assets/cabinet/0bf8fcbd2bbc7755e5793bcd46d60521/usd/0bf8fcbd2bbc7755e5793bcd46d60521.usd
cabinet,0ce144f7d988cb8b375fd331caead792,suspicious,object,1178772626593393082468659900175517483008.000000,246.915455,4773992892198291300709242582020915200.000000,true,true,,0.061371,0.119125,289,ok;ok;blank;ok,/cpfs/user/zhuzihou/assets/dedup_workspaces/test0_transitive_apply_parallel/dataset/GRScenes_assets/cabinet/0ce144f7d988cb8b375fd331caead792,/cpfs/user/zhuzihou/assets/dedup_workspaces/test0_transitive_apply_parallel/dataset/GRScenes_assets/cabinet/0ce144f7d988cb8b375fd331caead792/usd/0ce144f7d988cb8b375fd331caead792.usd
cabinet,0dd113faaefaf20150c364db6c094d46,tiny,object,1178772626593393082468659900175517483008.000000,103.133325,11429599744946045067412245968167370752.000000,true,true,,0.015022,0.019455,75,tiny;blank;blank;blank,/cpfs/user/zhuzihou/assets/dedup_workspaces/test0_transitive_apply_parallel/dataset/GRScenes_assets/cabinet/0dd113faaefaf20150c364db6c094d46,/cpfs/user/zhuzihou/assets/dedup_workspaces/test0_transitive_apply_parallel/dataset/GRScenes_assets/cabinet/0dd113faaefaf20150c364db6c094d46/usd/0dd113faaefaf20150c364db6c094d46.usd
cabinet,0eded1eb6381909c5b6c33c970edc544,suspicious,object,1178772626593393082468659900175517483008.000000,210.254634,5606404964849782066959402146224668672.000000,true,true,,0.003124,0.003136,137,blank;blank;ok;blank,/cpfs/user/zhuzihou/assets/dedup_workspaces/test0_transitive_apply_parallel/dataset/GRScenes_assets/cabinet/0eded1eb6381909c5b6c33c970edc544,/cpfs/user/zhuzihou/assets/dedup_workspaces/test0_transitive_apply_parallel/dataset/GRScenes_assets/cabinet/0eded1eb6381909c5b6c33c970edc544/usd/0eded1eb6381909c5b6c33c970edc544.usd
cabinet,10b0842e6d25cc47fa85fa1928e1544f,suspicious,object,1178772626593393082468659900175517483008.000000,255.644761,4610979011356971423657034795735580672.000000,true,true,,0.037689,0.059128,155,ok;blank;blank;ok,/cpfs/user/zhuzihou/assets/dedup_workspaces/test0_transitive_apply_parallel/dataset/GRScenes_assets/cabinet/10b0842e6d25cc47fa85fa1928e1544f,/cpfs/user/zhuzihou/assets/dedup_workspaces/test0_transitive_apply_parallel/dataset/GRScenes_assets/cabinet/10b0842e6d25cc47fa85fa1928e1544f/usd/10b0842e6d25cc47fa85fa1928e1544f.usd
cabinet,11413ddf3ff0d34acc6a3d6c5e9651e8,suspicious,object,1178772626593393082468659900175517483008.000000,188.354210,6258275985585672023313189286898040832.000000,true,true,,0.024918,0.031147,115,ok;tiny;tiny;ok,/cpfs/user/zhuzihou/assets/dedup_workspaces/test0_transitive_apply_parallel/dataset/GRScenes_assets/cabinet/11413ddf3ff0d34acc6a3d6c5e9651e8,/cpfs/user/zhuzihou/assets/dedup_workspaces/test0_transitive_apply_parallel/dataset/GRScenes_assets/cabinet/11413ddf3ff0d34acc6a3d6c5e9651e8/usd/11413ddf3ff0d34acc6a3d6c5e9651e8.usd
cabinet,117a44467a223320cb538da11ca5f956,suspicious,object,1178772626593393082468659900175517483008.000000,192.093731,6136445061656301711893940415145967616.000000,true,true,,0.017979,0.018913,134,blank;blank;ok;blank,/cpfs/user/zhuzihou/assets/dedup_workspaces/test0_transitive_apply_parallel/dataset/GRScenes_assets/cabinet/117a44467a223320cb538da11ca5f956,/cpfs/user/zhuzihou/assets/dedup_workspaces/test0_transitive_apply_parallel/dataset/GRScenes_assets/cabinet/117a44467a223320cb538da11ca5f956/usd/117a44467a223320cb538da11ca5f956.usd
cabinet,11b5e6aba98c3d732b8731c0e9fa46fb,suspicious,object,1178772626593393082468659900175517483008.000000,301.059739,3915411048722406004259047980318851072.000000,true,true,,0.075958,0.080467,199,blank;blank;ok;blank,/cpfs/user/zhuzihou/assets/dedup_workspaces/test0_transitive_apply_parallel/dataset/GRScenes_assets/cabinet/11b5e6aba98c3d732b8731c0e9fa46fb,/cpfs/user/zhuzihou/assets/dedup_workspaces/test0_transitive_apply_parallel/dataset/GRScenes_assets/cabinet/11b5e6aba98c3d732b8731c0e9fa46fb/usd/11b5e6aba98c3d732b8731c0e9fa46fb.usd
cabinet,123f6a89cd741c984dc5030f1c7ca2a3,tiny,object,1178772626593393082468659900175517483008.000000,84.577140,13937248535068965826015833749563899904.000000,true,true,,0.004429,0.004578,60,blank;tiny;blank;blank,/cpfs/user/zhuzihou/assets/dedup_workspaces/test0_transitive_apply_parallel/dataset/GRScenes_assets/cabinet/123f6a89cd741c984dc5030f1c7ca2a3,/cpfs/user/zhuzihou/assets/dedup_workspaces/test0_transitive_apply_parallel/dataset/GRScenes_assets/cabinet/123f6a89cd741c984dc5030f1c7ca2a3/usd/123f6a89cd741c984dc5030f1c7ca2a3.usd
cabinet,131d3cd0588c4c99b6d6106dfee89487,suspicious,object,1178772626593393082468659900175517483008.000000,163.082926,7228056637327755264191054988196184064.000000,true,true,,0.030079,0.036163,120,tiny;ok;ok;tiny,/cpfs/user/zhuzihou/assets/dedup_workspaces/test0_transitive_apply_parallel/dataset/GRScenes_assets/cabinet/131d3cd0588c4c99b6d6106dfee89487,/cpfs/user/zhuzihou/assets/dedup_workspaces/test0_transitive_apply_parallel/dataset/GRScenes_assets/cabinet/131d3cd0588c4c99b6d6106dfee89487/usd/131d3cd0588c4c99b6d6106dfee89487.usd
cabinet,1347473d7fe8c041e902558d24c9e375,blank,object,1178772626593393082468659900175517483008.000000,45.130035,26119470683570991895410636815406727168.000000,true,true,,0.000000,0.000000,0,blank;blank;blank;blank,/cpfs/user/zhuzihou/assets/dedup_workspaces/test0_transitive_apply_parallel/dataset/GRScenes_assets/cabinet/1347473d7fe8c041e902558d24c9e375,/cpfs/user/zhuzihou/assets/dedup_workspaces/test0_transitive_apply_parallel/dataset/GRScenes_assets/cabinet/1347473d7fe8c041e902558d24c9e375/usd/1347473d7fe8c041e902558d24c9e375.usd
cabinet,14518ee7c3327fa90efa28661c63e3dc,suspicious,object,1178772626593393082468659900175517483008.000000,94.650954,12453890581578087543252203901644963840.000000,true,true,,0.024769,0.029800,124,blank;ok;blank;blank,/cpfs/user/zhuzihou/assets/dedup_workspaces/test0_transitive_apply_parallel/dataset/GRScenes_assets/cabinet/14518ee7c3327fa90efa28661c63e3dc,/cpfs/user/zhuzihou/assets/dedup_workspaces/test0_transitive_apply_parallel/dataset/GRScenes_assets/cabinet/14518ee7c3327fa90efa28661c63e3dc/usd/14518ee7c3327fa90efa28661c63e3dc.usd
cabinet,14e7884719a9d4827da27b4ccb0a7757,suspicious,object,1178772626593393082468659900175517483008.000000,177.071142,6657056660531879209215351145692659712.000000,true,true,,0.002163,0.004070,97,blank;blank;ok;blank,/cpfs/user/zhuzihou/assets/dedup_workspaces/test0_transitive_apply_parallel/dataset/GRScenes_assets/cabinet/14e7884719a9d4827da27b4ccb0a7757,/cpfs/user/zhuzihou/assets/dedup_workspaces/test0_transitive_apply_parallel/dataset/GRScenes_assets/cabinet/14e7884719a9d4827da27b4ccb0a7757/usd/14e7884719a9d4827da27b4ccb0a7757.usd
cabinet,14fc91229d96aeb044730f86ebdb94de,suspicious,object,1178772626593393082468659900175517483008.000000,200.700917,5873279716245601927826359350682714112.000000,true,true,,0.035759,0.039780,132,tiny;ok;ok;ok,/cpfs/user/zhuzihou/assets/dedup_workspaces/test0_transitive_apply_parallel/dataset/GRScenes_assets/cabinet/14fc91229d96aeb044730f86ebdb94de,/cpfs/user/zhuzihou/assets/dedup_workspaces/test0_transitive_apply_parallel/dataset/GRScenes_assets/cabinet/14fc91229d96aeb044730f86ebdb94de/usd/14fc91229d96aeb044730f86ebdb94de.usd
cabinet,152f5172416f7db261631d902d48e910,tiny,object,1178772626593393082468659900175517483008.000000,105.459382,11177503596073727514144803421820026880.000000,true,true,,0.005566,0.008850,80,tiny;blank;blank;blank,/cpfs/user/zhuzihou/assets/dedup_workspaces/test0_transitive_apply_parallel/dataset/GRScenes_assets/cabinet/152f5172416f7db261631d902d48e910,/cpfs/user/zhuzihou/assets/dedup_workspaces/test0_transitive_apply_parallel/dataset/GRScenes_assets/cabinet/152f5172416f7db261631d902d48e910/usd/152f5172416f7db261631d902d48e910.usd
cabinet,1586f1a148fd395ce32ad3108e2273b2,suspicious,object,1178772626593393082468659900175517483008.000000,132.625188,8887999657466381497752017125941182464.000000,true,true,,0.008106,0.012150,91,ok;blank;blank;blank,/cpfs/user/zhuzihou/assets/dedup_workspaces/test0_transitive_apply_parallel/dataset/GRScenes_assets/cabinet/1586f1a148fd395ce32ad3108e2273b2,/cpfs/user/zhuzihou/assets/dedup_workspaces/test0_transitive_apply_parallel/dataset/GRScenes_assets/cabinet/1586f1a148fd395ce32ad3108e2273b2/usd/1586f1a148fd395ce32ad3108e2273b2.usd
cabinet,160a2eb015ae72b52caeded2f95030d1,suspicious,object,1178772626593393082468659900175517483008.000000,197.945952,5955022634894330414737499589061902336.000000,true,true,,0.031517,0.037872,146,tiny;tiny;ok;ok,/cpfs/user/zhuzihou/assets/dedup_workspaces/test0_transitive_apply_parallel/dataset/GRScenes_assets/cabinet/160a2eb015ae72b52caeded2f95030d1,/cpfs/user/zhuzihou/assets/dedup_workspaces/test0_transitive_apply_parallel/dataset/GRScenes_assets/cabinet/160a2eb015ae72b52caeded2f95030d1/usd/160a2eb015ae72b52caeded2f95030d1.usd
cabinet,160f2fbfc15a1d46b19b74c02873b4d3,suspicious,object,1178772626593393082468659900175517483008.000000,87.802281,13425307631361666168161686244376444928.000000,true,true,,0.063950,0.079067,147,ok;ok;ok;tiny,/cpfs/user/zhuzihou/assets/dedup_workspaces/test0_transitive_apply_parallel/dataset/GRScenes_assets/cabinet/160f2fbfc15a1d46b19b74c02873b4d3,/cpfs/user/zhuzihou/assets/dedup_workspaces/test0_transitive_apply_parallel/dataset/GRScenes_assets/cabinet/160f2fbfc15a1d46b19b74c02873b4d3/usd/160f2fbfc15a1d46b19b74c02873b4d3.usd
cabinet,16391d5213c13e557047bdab8d6afed1,suspicious,object,1178772626593393082468659900175517483008.000000,249.842499,4718062905797326680977457779627261952.000000,true,true,,0.027550,0.029251,142,ok;tiny;tiny;tiny,/cpfs/user/zhuzihou/assets/dedup_workspaces/test0_transitive_apply_parallel/dataset/GRScenes_assets/cabinet/16391d5213c13e557047bdab8d6afed1,/cpfs/user/zhuzihou/assets/dedup_workspaces/test0_transitive_apply_parallel/dataset/GRScenes_assets/cabinet/16391d5213c13e557047bdab8d6afed1/usd/16391d5213c13e557047bdab8d6afed1.usd
cabinet,166e0fec2ee305c966e65ac3221874d7,suspicious,object,1178772626593393082468659900175517483008.000000,246.105046,4789713357031943492118617130998431744.000000,true,true,,0.046288,0.047836,165,ok;blank;blank;ok,/cpfs/user/zhuzihou/assets/dedup_workspaces/test0_transitive_apply_parallel/dataset/GRScenes_assets/cabinet/166e0fec2ee305c966e65ac3221874d7,/cpfs/user/zhuzihou/assets/dedup_workspaces/test0_transitive_apply_parallel/dataset/GRScenes_assets/cabinet/166e0fec2ee305c966e65ac3221874d7/usd/166e0fec2ee305c966e65ac3221874d7.usd
cabinet,169bf30fc2a0d45dcbf7f955e12563fc,suspicious,object,1178772626593393082468659900175517483008.000000,293.379038,4017917003857839125554785610171940864.000000,true,true,,0.044949,0.058395,172,ok;ok;tiny;ok,/cpfs/user/zhuzihou/assets/dedup_workspaces/test0_transitive_apply_parallel/dataset/GRScenes_assets/cabinet/169bf30fc2a0d45dcbf7f955e12563fc,/cpfs/user/zhuzihou/assets/dedup_workspaces/test0_transitive_apply_parallel/dataset/GRScenes_assets/cabinet/169bf30fc2a0d45dcbf7f955e12563fc/usd/169bf30fc2a0d45dcbf7f955e12563fc.usd
cabinet,17a0b05aede4f155e56e474196680a03,suspicious,object,1178772626593393082468659900175517483008.000000,284.505078,4143239316345667882281433788605005824.000000,true,true,,0.042702,0.052551,153,ok;ok;ok;tiny,/cpfs/user/zhuzihou/assets/dedup_workspaces/test0_transitive_apply_parallel/dataset/GRScenes_assets/cabinet/17a0b05aede4f155e56e474196680a03,/cpfs/user/zhuzihou/assets/dedup_workspaces/test0_transitive_apply_parallel/dataset/GRScenes_assets/cabinet/17a0b05aede4f155e56e474196680a03/usd/17a0b05aede4f155e56e474196680a03.usd
cabinet,18a12c0ee00d99b21fb86d59284461b2,suspicious,object,1178772626593393082468659900175517483008.000000,129.547252,9099171216802539174814877254284214272.000000,true,true,,0.026814,0.035477,100,ok;tiny;tiny;ok,/cpfs/user/zhuzihou/assets/dedup_workspaces/test0_transitive_apply_parallel/dataset/GRScenes_assets/cabinet/18a12c0ee00d99b21fb86d59284461b2,/cpfs/user/zhuzihou/assets/dedup_workspaces/test0_transitive_apply_parallel/dataset/GRScenes_assets/cabinet/18a12c0ee00d99b21fb86d59284461b2/usd/18a12c0ee00d99b21fb86d59284461b2.usd
cabinet,19a0992e5f07a176608d27d168eccaea,suspicious,object,1178772626593393082468659900175517483008.000000,242.365853,4863608523737760466734128193882554368.000000,true,true,,0.011642,0.012001,143,ok;blank;blank;blank,/cpfs/user/zhuzihou/assets/dedup_workspaces/test0_transitive_apply_parallel/dataset/GRScenes_assets/cabinet/19a0992e5f07a176608d27d168eccaea,/cpfs/user/zhuzihou/assets/dedup_workspaces/test0_transitive_apply_parallel/dataset/GRScenes_assets/cabinet/19a0992e5f07a176608d27d168eccaea/usd/19a0992e5f07a176608d27d168eccaea.usd
cabinet,1a00a7d55a56e5b61bd30043f31e03f6,suspicious,object,1178772626593393082468659900175517483008.000000,267.180295,4411899559300795941925060653348814848.000000,true,true,,0.043274,0.067348,176,ok;ok;ok;tiny,/cpfs/user/zhuzihou/assets/dedup_workspaces/test0_transitive_apply_parallel/dataset/GRScenes_assets/cabinet/1a00a7d55a56e5b61bd30043f31e03f6,/cpfs/user/zhuzihou/assets/dedup_workspaces/test0_transitive_apply_parallel/dataset/GRScenes_assets/cabinet/1a00a7d55a56e5b61bd30043f31e03f6/usd/1a00a7d55a56e5b61bd30043f31e03f6.usd
cabinet,1a72c83e94ab34c47b8fe176c16a2b47,suspicious,object,1178772626593393082468659900175517483008.000000,301.529859,3909306467985315026558640047691661312.000000,true,true,,0.010773,0.010918,159,blank;blank;blank;ok,/cpfs/user/zhuzihou/assets/dedup_workspaces/test0_transitive_apply_parallel/dataset/GRScenes_assets/cabinet/1a72c83e94ab34c47b8fe176c16a2b47,/cpfs/user/zhuzihou/assets/dedup_workspaces/test0_transitive_apply_parallel/dataset/GRScenes_assets/cabinet/1a72c83e94ab34c47b8fe176c16a2b47/usd/1a72c83e94ab34c47b8fe176c16a2b47.usd
cabinet,1a90eabdd92d987169fdd8e83b63c939,blank,object,1178772626593393082468659900175517483008.000000,85.732142,13749482928041033838775876367643836416.000000,true,true,,0.000000,0.000000,0,blank;blank;blank;blank,/cpfs/user/zhuzihou/assets/dedup_workspaces/test0_transitive_apply_parallel/dataset/GRScenes_assets/cabinet/1a90eabdd92d987169fdd8e83b63c939,/cpfs/user/zhuzihou/assets/dedup_workspaces/test0_transitive_apply_parallel/dataset/GRScenes_assets/cabinet/1a90eabdd92d987169fdd8e83b63c939/usd/1a90eabdd92d987169fdd8e83b63c939.usd
cabinet,1a9d9270b5f3b2cb7c0af2013c7a5a6f,suspicious,object,1178772626593393082468659900175517483008.000000,152.622939,7723430291717725896257999207340703744.000000,true,true,,0.053051,0.088120,220,blank;ok;ok;ok,/cpfs/user/zhuzihou/assets/dedup_workspaces/test0_transitive_apply_parallel/dataset/GRScenes_assets/cabinet/1a9d9270b5f3b2cb7c0af2013c7a5a6f,/cpfs/user/zhuzihou/assets/dedup_workspaces/test0_transitive_apply_parallel/dataset/GRScenes_assets/cabinet/1a9d9270b5f3b2cb7c0af2013c7a5a6f/usd/1a9d9270b5f3b2cb7c0af2013c7a5a6f.usd
cabinet,1bf4d52959975733228f51d9c881abe6,suspicious,object,1178772626593393082468659900175517483008.000000,110.757060,10642866723870240886227098651034910720.000000,true,true,,0.014805,0.017204,84,tiny;tiny;ok;ok,/cpfs/user/zhuzihou/assets/dedup_workspaces/test0_transitive_apply_parallel/dataset/GRScenes_assets/cabinet/1bf4d52959975733228f51d9c881abe6,/cpfs/user/zhuzihou/assets/dedup_workspaces/test0_transitive_apply_parallel/dataset/GRScenes_assets/cabinet/1bf4d52959975733228f51d9c881abe6/usd/1bf4d52959975733228f51d9c881abe6.usd
cabinet,1dddcf9abba73c8116d2604166e0e52c,suspicious,object,1178772626593393082468659900175517483008.000000,71.575670,16468901157126428579949984443472543744.000000,true,true,,0.031628,0.033192,113,blank;ok;blank;blank,/cpfs/user/zhuzihou/assets/dedup_workspaces/test0_transitive_apply_parallel/dataset/GRScenes_assets/cabinet/1dddcf9abba73c8116d2604166e0e52c,/cpfs/user/zhuzihou/assets/dedup_workspaces/test0_transitive_apply_parallel/dataset/GRScenes_assets/cabinet/1dddcf9abba73c8116d2604166e0e52c/usd/1dddcf9abba73c8116d2604166e0e52c.usd
cabinet,1de4e06006d91c1cdd4cb03a8a22c7d9,suspicious,object,1178772626593393082468659900175517483008.000000,167.080631,7055112354656408112594661881315065856.000000,true,true,,0.030823,0.033325,112,blank;blank;ok;blank,/cpfs/user/zhuzihou/assets/dedup_workspaces/test0_transitive_apply_parallel/dataset/GRScenes_assets/cabinet/1de4e06006d91c1cdd4cb03a8a22c7d9,/cpfs/user/zhuzihou/assets/dedup_workspaces/test0_transitive_apply_parallel/dataset/GRScenes_assets/cabinet/1de4e06006d91c1cdd4cb03a8a22c7d9/usd/1de4e06006d91c1cdd4cb03a8a22c7d9.usd
cabinet,1e179880868e9ad45a8432316b3d1f12,suspicious,object,1178772626593393082468659900175517483008.000000,261.090047,4514812580211662215333220469530689536.000000,true,true,,0.027020,0.044476,131,tiny;ok;blank;blank,/cpfs/user/zhuzihou/assets/dedup_workspaces/test0_transitive_apply_parallel/dataset/GRScenes_assets/cabinet/1e179880868e9ad45a8432316b3d1f12,/cpfs/user/zhuzihou/assets/dedup_workspaces/test0_transitive_apply_parallel/dataset/GRScenes_assets/cabinet/1e179880868e9ad45a8432316b3d1f12/usd/1e179880868e9ad45a8432316b3d1f12.usd
cabinet,1e4fec39fe2640c5567413a407c0550a,tiny,object,1178772626593393082468659900175517483008.000000,140.274946,8403301208649506821777956330782326784.000000,true,true,,0.001518,0.001602,42,tiny;blank;blank;blank,/cpfs/user/zhuzihou/assets/dedup_workspaces/test0_transitive_apply_parallel/dataset/GRScenes_assets/cabinet/1e4fec39fe2640c5567413a407c0550a,/cpfs/user/zhuzihou/assets/dedup_workspaces/test0_transitive_apply_parallel/dataset/GRScenes_assets/cabinet/1e4fec39fe2640c5567413a407c0550a/usd/1e4fec39fe2640c5567413a407c0550a.usd
cabinet,1e50729bc3526e17d279351055fd5193,suspicious,object,1178772626593393082468659900175517483008.000000,198.116108,5949908043908722203468990282649829376.000000,true,true,,0.012135,0.012943,117,blank;blank;blank;ok,/cpfs/user/zhuzihou/assets/dedup_workspaces/test0_transitive_apply_parallel/dataset/GRScenes_assets/cabinet/1e50729bc3526e17d279351055fd5193,/cpfs/user/zhuzihou/assets/dedup_workspaces/test0_transitive_apply_parallel/dataset/GRScenes_assets/cabinet/1e50729bc3526e17d279351055fd5193/usd/1e50729bc3526e17d279351055fd5193.usd
cabinet,1e9e9ccb294489e66d2960b079618d94,suspicious,object,1178772626593393082468659900175517483008.000000,155.607150,7575311474822680921530243679386599424.000000,true,true,,0.024281,0.034969,103,ok;blank;blank;blank,/cpfs/user/zhuzihou/assets/dedup_workspaces/test0_transitive_apply_parallel/dataset/GRScenes_assets/cabinet/1e9e9ccb294489e66d2960b079618d94,/cpfs/user/zhuzihou/assets/dedup_workspaces/test0_transitive_apply_parallel/dataset/GRScenes_assets/cabinet/1e9e9ccb294489e66d2960b079618d94/usd/1e9e9ccb294489e66d2960b079618d94.usd
cabinet,1f920706d855b66a9423f8bf95c65ebd,tiny,object,1178772626593393082468659900175517483008.000000,171.142468,6887668745353006324872559017920036864.000000,true,true,,0.001190,0.002197,48,blank;tiny;blank;blank,/cpfs/user/zhuzihou/assets/dedup_workspaces/test0_transitive_apply_parallel/dataset/GRScenes_assets/cabinet/1f920706d855b66a9423f8bf95c65ebd,/cpfs/user/zhuzihou/assets/dedup_workspaces/test0_transitive_apply_parallel/dataset/GRScenes_assets/cabinet/1f920706d855b66a9423f8bf95c65ebd/usd/1f920706d855b66a9423f8bf95c65ebd.usd
cabinet,1fd1fd43bb8f29af0268cb66d37ae6cf,suspicious,object,1178772626593393082468659900175517483008.000000,184.458646,6390443873009265549025520626985598976.000000,true,true,,0.007854,0.008862,101,blank;blank;blank;ok,/cpfs/user/zhuzihou/assets/dedup_workspaces/test0_transitive_apply_parallel/dataset/GRScenes_assets/cabinet/1fd1fd43bb8f29af0268cb66d37ae6cf,/cpfs/user/zhuzihou/assets/dedup_workspaces/test0_transitive_apply_parallel/dataset/GRScenes_assets/cabinet/1fd1fd43bb8f29af0268cb66d37ae6cf/usd/1fd1fd43bb8f29af0268cb66d37ae6cf.usd
cabinet,200f8e39b78d2b70bd787a2f60eb35c3,suspicious,object,1178772626593393082468659900175517483008.000000,298.028811,3955230448206219014911358964663844864.000000,true,true,,0.047909,0.054955,186,ok;ok;ok;blank,/cpfs/user/zhuzihou/assets/dedup_workspaces/test0_transitive_apply_parallel/dataset/GRScenes_assets/cabinet/200f8e39b78d2b70bd787a2f60eb35c3,/cpfs/user/zhuzihou/assets/dedup_workspaces/test0_transitive_apply_parallel/dataset/GRScenes_assets/cabinet/200f8e39b78d2b70bd787a2f60eb35c3/usd/200f8e39b78d2b70bd787a2f60eb35c3.usd
cabinet,212387986faeaa2c056fecc1b3f44d1a,suspicious,object,1178772626593393082468659900175517483008.000000,240.340837,4904587340441291921004316474350764032.000000,true,true,,0.003265,0.003296,96,ok;blank;blank;blank,/cpfs/user/zhuzihou/assets/dedup_workspaces/test0_transitive_apply_parallel/dataset/GRScenes_assets/cabinet/212387986faeaa2c056fecc1b3f44d1a,/cpfs/user/zhuzihou/assets/dedup_workspaces/test0_transitive_apply_parallel/dataset/GRScenes_assets/cabinet/212387986faeaa2c056fecc1b3f44d1a/usd/212387986faeaa2c056fecc1b3f44d1a.usd
cabinet,2196f19ac1e72d48431a59f45cfb75f3,suspicious,object,1178772626593393082468659900175517483008.000000,132.000017,8930094496906816236894780188772007936.000000,true,true,,0.032036,0.038898,103,blank;blank;ok;blank,/cpfs/user/zhuzihou/assets/dedup_workspaces/test0_transitive_apply_parallel/dataset/GRScenes_assets/cabinet/2196f19ac1e72d48431a59f45cfb75f3,/cpfs/user/zhuzihou/assets/dedup_workspaces/test0_transitive_apply_parallel/dataset/GRScenes_assets/cabinet/2196f19ac1e72d48431a59f45cfb75f3/usd/2196f19ac1e72d48431a59f45cfb75f3.usd
cabinet,221e842ce1e790bddf5af9d9e29dbeec,tiny,object,1178772626593393082468659900175517483008.000000,140.274946,8403301208649506821777956330782326784.000000,true,true,,0.001503,0.001522,57,tiny;blank;blank;blank,/cpfs/user/zhuzihou/assets/dedup_workspaces/test0_transitive_apply_parallel/dataset/GRScenes_assets/cabinet/221e842ce1e790bddf5af9d9e29dbeec,/cpfs/user/zhuzihou/assets/dedup_workspaces/test0_transitive_apply_parallel/dataset/GRScenes_assets/cabinet/221e842ce1e790bddf5af9d9e29dbeec/usd/221e842ce1e790bddf5af9d9e29dbeec.usd
cabinet,22e1e92f675031cc79684884ef254639,suspicious,object,1178772626593393082468659900175517483008.000000,143.855038,8194169940064360691105652131302998016.000000,true,true,,0.040592,0.043442,146,tiny;ok;ok;ok,/cpfs/user/zhuzihou/assets/dedup_workspaces/test0_transitive_apply_parallel/dataset/GRScenes_assets/cabinet/22e1e92f675031cc79684884ef254639,/cpfs/user/zhuzihou/assets/dedup_workspaces/test0_transitive_apply_parallel/dataset/GRScenes_assets/cabinet/22e1e92f675031cc79684884ef254639/usd/22e1e92f675031cc79684884ef254639.usd
cabinet,22e8e82b7e70b24982f17347b49f9cdb,suspicious,object,1178772626593393082468659900175517483008.000000,345.148147,3415265693831991845826175132091023360.000000,true,true,,0.128296,0.145844,279,ok;ok;blank;tiny,/cpfs/user/zhuzihou/assets/dedup_workspaces/test0_transitive_apply_parallel/dataset/GRScenes_assets/cabinet/22e8e82b7e70b24982f17347b49f9cdb,/cpfs/user/zhuzihou/assets/dedup_workspaces/test0_transitive_apply_parallel/dataset/GRScenes_assets/cabinet/22e8e82b7e70b24982f17347b49f9cdb/usd/22e8e82b7e70b24982f17347b49f9cdb.usd
cabinet,237bf5be60663216718b4d694b4ac420,suspicious,object,1178772626593393082468659900175517483008.000000,481.616480,2447533827387608474944177170049662976.000000,true,true,,0.092648,0.125122,269,ok;blank;blank;ok,/cpfs/user/zhuzihou/assets/dedup_workspaces/test0_transitive_apply_parallel/dataset/GRScenes_assets/cabinet/237bf5be60663216718b4d694b4ac420,/cpfs/user/zhuzihou/assets/dedup_workspaces/test0_transitive_apply_parallel/dataset/GRScenes_assets/cabinet/237bf5be60663216718b4d694b4ac420/usd/237bf5be60663216718b4d694b4ac420.usd
cabinet,2413d0d73a48d7a87f04b19fd9ef3708,tiny,object,1178772626593393082468659900175517483008.000000,130.740236,9016142725789559928113782627288219648.000000,true,true,,0.008011,0.010071,55,tiny;tiny;tiny;tiny,/cpfs/user/zhuzihou/assets/dedup_workspaces/test0_transitive_apply_parallel/dataset/GRScenes_assets/cabinet/2413d0d73a48d7a87f04b19fd9ef3708,/cpfs/user/zhuzihou/assets/dedup_workspaces/test0_transitive_apply_parallel/dataset/GRScenes_assets/cabinet/2413d0d73a48d7a87f04b19fd9ef3708/usd/2413d0d73a48d7a87f04b19fd9ef3708.usd
cabinet,243ccb7cd7eee635dea189d0e172c74b,tiny,object,1178772626593393082468659900175517483008.000000,100.947930,11677036103011562972521677256650653696.000000,true,true,,0.011875,0.012497,78,tiny;tiny;tiny;tiny,/cpfs/user/zhuzihou/assets/dedup_workspaces/test0_transitive_apply_parallel/dataset/GRScenes_assets/cabinet/243ccb7cd7eee635dea189d0e172c74b,/cpfs/user/zhuzihou/assets/dedup_workspaces/test0_transitive_apply_parallel/dataset/GRScenes_assets/cabinet/243ccb7cd7eee635dea189d0e172c74b/usd/243ccb7cd7eee635dea189d0e172c74b.usd
cabinet,2472e33d59d08a637587e587834bac6c,suspicious,object,1178772626593393082468659900175517483008.000000,136.555094,8632212769438215684686889220877320192.000000,true,true,,0.062153,0.082970,174,blank;ok;blank;blank,/cpfs/user/zhuzihou/assets/dedup_workspaces/test0_transitive_apply_parallel/dataset/GRScenes_assets/cabinet/2472e33d59d08a637587e587834bac6c,/cpfs/user/zhuzihou/assets/dedup_workspaces/test0_transitive_apply_parallel/dataset/GRScenes_assets/cabinet/2472e33d59d08a637587e587834bac6c/usd/2472e33d59d08a637587e587834bac6c.usd
cabinet,2487083f4ccda6ff849d1468701fa937,suspicious,object,1178772626593393082468659900175517483008.000000,313.939816,3754772626006528348279331063053942784.000000,true,true,,0.064819,0.074799,171,blank;blank;ok;ok,/cpfs/user/zhuzihou/assets/dedup_workspaces/test0_transitive_apply_parallel/dataset/GRScenes_assets/cabinet/2487083f4ccda6ff849d1468701fa937,/cpfs/user/zhuzihou/assets/dedup_workspaces/test0_transitive_apply_parallel/dataset/GRScenes_assets/cabinet/2487083f4ccda6ff849d1468701fa937/usd/2487083f4ccda6ff849d1468701fa937.usd
cabinet,251d45d5d54a909a70f0f45c717edcb0,suspicious,object,1178772626593393082468659900175517483008.000000,180.737769,6522004954572833078530591396225613824.000000,true,true,,0.047676,0.062485,140,tiny;ok;ok;ok,/cpfs/user/zhuzihou/assets/dedup_workspaces/test0_transitive_apply_parallel/dataset/GRScenes_assets/cabinet/251d45d5d54a909a70f0f45c717edcb0,/cpfs/user/zhuzihou/assets/dedup_workspaces/test0_transitive_apply_parallel/dataset/GRScenes_assets/cabinet/251d45d5d54a909a70f0f45c717edcb0/usd/251d45d5d54a909a70f0f45c717edcb0.usd
cabinet,25236f86ac4405c976efb891a9861965,tiny,object,1178772626593393082468659900175517483008.000000,121.702600,9685681512364825293269073103167684608.000000,true,true,,0.008656,0.010643,62,tiny;tiny;tiny;tiny,/cpfs/user/zhuzihou/assets/dedup_workspaces/test0_transitive_apply_parallel/dataset/GRScenes_assets/cabinet/25236f86ac4405c976efb891a9861965,/cpfs/user/zhuzihou/assets/dedup_workspaces/test0_transitive_apply_parallel/dataset/GRScenes_assets/cabinet/25236f86ac4405c976efb891a9861965/usd/25236f86ac4405c976efb891a9861965.usd
cabinet,2566ab236012fd953fe054de18c8c654,suspicious,object,1178772626593393082468659900175517483008.000000,322.573861,3654271990335324457939713726540152832.000000,true,true,,0.026043,0.035706,195,blank;ok;tiny;blank,/cpfs/user/zhuzihou/assets/dedup_workspaces/test0_transitive_apply_parallel/dataset/GRScenes_assets/cabinet/2566ab236012fd953fe054de18c8c654,/cpfs/user/zhuzihou/assets/dedup_workspaces/test0_transitive_apply_parallel/dataset/GRScenes_assets/cabinet/2566ab236012fd953fe054de18c8c654/usd/2566ab236012fd953fe054de18c8c654.usd
cabinet,257501c2862257c4408829fe22dea0ad,suspicious,object,1178772626593393082468659900175517483008.000000,104.524705,11277454678355935842323788200541159424.000000,true,true,,0.029953,0.032982,131,tiny;ok;ok;ok,/cpfs/user/zhuzihou/assets/dedup_workspaces/test0_transitive_apply_parallel/dataset/GRScenes_assets/cabinet/257501c2862257c4408829fe22dea0ad,/cpfs/user/zhuzihou/assets/dedup_workspaces/test0_transitive_apply_parallel/dataset/GRScenes_assets/cabinet/257501c2862257c4408829fe22dea0ad/usd/257501c2862257c4408829fe22dea0ad.usd
cabinet,2593ac033ab8f6ace2e9feb514547c8b,suspicious,object,1178772626593393082468659900175517483008.000000,351.286634,3355586333166755504851294860030771200.000000,true,true,,0.053188,0.057602,151,ok;blank;blank;blank,/cpfs/user/zhuzihou/assets/dedup_workspaces/test0_transitive_apply_parallel/dataset/GRScenes_assets/cabinet/2593ac033ab8f6ace2e9feb514547c8b,/cpfs/user/zhuzihou/assets/dedup_workspaces/test0_transitive_apply_parallel/dataset/GRScenes_assets/cabinet/2593ac033ab8f6ace2e9feb514547c8b/usd/2593ac033ab8f6ace2e9feb514547c8b.usd
cabinet,263a344015e9b70b206311f5e0c024cd,suspicious,object,1178772626593393082468659900175517483008.000000,115.300699,10223464727734267759580006432752271360.000000,true,true,,0.022419,0.024696,83,tiny;tiny;tiny;ok,/cpfs/user/zhuzihou/assets/dedup_workspaces/test0_transitive_apply_parallel/dataset/GRScenes_assets/cabinet/263a344015e9b70b206311f5e0c024cd,/cpfs/user/zhuzihou/assets/dedup_workspaces/test0_transitive_apply_parallel/dataset/GRScenes_assets/cabinet/263a344015e9b70b206311f5e0c024cd/usd/263a344015e9b70b206311f5e0c024cd.usd
cabinet,26472e992b3d85baf9c32eaeef532c19,suspicious,object,1178772626593393082468659900175517483008.000000,149.657888,7876448347062949033891315397435588608.000000,true,true,,0.019211,0.024170,99,tiny;ok;ok;tiny,/cpfs/user/zhuzihou/assets/dedup_workspaces/test0_transitive_apply_parallel/dataset/GRScenes_assets/cabinet/26472e992b3d85baf9c32eaeef532c19,/cpfs/user/zhuzihou/assets/dedup_workspaces/test0_transitive_apply_parallel/dataset/GRScenes_assets/cabinet/26472e992b3d85baf9c32eaeef532c19/usd/26472e992b3d85baf9c32eaeef532c19.usd
cabinet,2719fec6af858bf8e5794a56847b5094,suspicious,object,1178772626593393082468659900175517483008.000000,174.495781,6755307317808418210880525551867527168.000000,true,true,,0.039227,0.047348,116,ok;ok;tiny;ok,/cpfs/user/zhuzihou/assets/dedup_workspaces/test0_transitive_apply_parallel/dataset/GRScenes_assets/cabinet/2719fec6af858bf8e5794a56847b5094,/cpfs/user/zhuzihou/assets/dedup_workspaces/test0_transitive_apply_parallel/dataset/GRScenes_assets/cabinet/2719fec6af858bf8e5794a56847b5094/usd/2719fec6af858bf8e5794a56847b5094.usd
cabinet,2828fa602db9d25cf2c790c2020bf1c5,suspicious,object,1178772626593393082468659900175517483008.000000,248.961042,4734767411434025413255481916441755648.000000,true,true,,0.008629,0.011330,90,blank;blank;blank;ok,/cpfs/user/zhuzihou/assets/dedup_workspaces/test0_transitive_apply_parallel/dataset/GRScenes_assets/cabinet/2828fa602db9d25cf2c790c2020bf1c5,/cpfs/user/zhuzihou/assets/dedup_workspaces/test0_transitive_apply_parallel/dataset/GRScenes_assets/cabinet/2828fa602db9d25cf2c790c2020bf1c5/usd/2828fa602db9d25cf2c790c2020bf1c5.usd
cabinet,2849d17097a00fe41dbfb48a6b51a44b,suspicious,object,1178772626593393082468659900175517483008.000000,151.216810,7795248609941223024669520129423310848.000000,true,true,,0.053215,0.056313,122,tiny;ok;ok;ok,/cpfs/user/zhuzihou/assets/dedup_workspaces/test0_transitive_apply_parallel/dataset/GRScenes_assets/cabinet/2849d17097a00fe41dbfb48a6b51a44b,/cpfs/user/zhuzihou/assets/dedup_workspaces/test0_transitive_apply_parallel/dataset/GRScenes_assets/cabinet/2849d17097a00fe41dbfb48a6b51a44b/usd/2849d17097a00fe41dbfb48a6b51a44b.usd
cabinet,289f7cf757bb40632e27cf560ded05a6,suspicious,object,1178772626593393082468659900175517483008.000000,254.344062,4634559250586907230591490633894985728.000000,true,true,,0.022091,0.046856,203,blank;blank;ok;ok,/cpfs/user/zhuzihou/assets/dedup_workspaces/test0_transitive_apply_parallel/dataset/GRScenes_assets/cabinet/289f7cf757bb40632e27cf560ded05a6,/cpfs/user/zhuzihou/assets/dedup_workspaces/test0_transitive_apply_parallel/dataset/GRScenes_assets/cabinet/289f7cf757bb40632e27cf560ded05a6/usd/289f7cf757bb40632e27cf560ded05a6.usd
cabinet,2927ae60154884b092d0ba1002b7baff,suspicious,object,1178772626593393082468659900175517483008.000000,271.505634,4341613868194805439149381449414606848.000000,true,true,,0.036537,0.038712,172,blank;blank;ok;blank,/cpfs/user/zhuzihou/assets/dedup_workspaces/test0_transitive_apply_parallel/dataset/GRScenes_assets/cabinet/2927ae60154884b092d0ba1002b7baff,/cpfs/user/zhuzihou/assets/dedup_workspaces/test0_transitive_apply_parallel/dataset/GRScenes_assets/cabinet/2927ae60154884b092d0ba1002b7baff/usd/2927ae60154884b092d0ba1002b7baff.usd
cabinet,29660d9a74210a101ab805e3da1d8be6,suspicious,object,1178772626593393082468659900175517483008.000000,136.863940,8612733400218489937935521475205267456.000000,true,true,,0.022449,0.029129,92,ok;ok;tiny;tiny,/cpfs/user/zhuzihou/assets/dedup_workspaces/test0_transitive_apply_parallel/dataset/GRScenes_assets/cabinet/29660d9a74210a101ab805e3da1d8be6,/cpfs/user/zhuzihou/assets/dedup_workspaces/test0_transitive_apply_parallel/dataset/GRScenes_assets/cabinet/29660d9a74210a101ab805e3da1d8be6/usd/29660d9a74210a101ab805e3da1d8be6.usd
cabinet,29e2d73ff42f1c1f80314ec09b3e0ded,suspicious,object,1178772626593393082468659900175517483008.000000,249.071562,4732666462439623749256975839848824832.000000,true,true,,0.031403,0.046131,139,ok;ok;tiny;ok,/cpfs/user/zhuzihou/assets/dedup_workspaces/test0_transitive_apply_parallel/dataset/GRScenes_assets/cabinet/29e2d73ff42f1c1f80314ec09b3e0ded,/cpfs/user/zhuzihou/assets/dedup_workspaces/test0_transitive_apply_parallel/dataset/GRScenes_assets/cabinet/29e2d73ff42f1c1f80314ec09b3e0ded/usd/29e2d73ff42f1c1f80314ec09b3e0ded.usd
cabinet,2a3b8659899989ef9540cf5d04015ed1,suspicious,object,1178772626593393082468659900175517483008.000000,244.870101,4813869157633145102422268804643946496.000000,true,true,,0.035740,0.036579,223,ok;blank;blank;tiny,/cpfs/user/zhuzihou/assets/dedup_workspaces/test0_transitive_apply_parallel/dataset/GRScenes_assets/cabinet/2a3b8659899989ef9540cf5d04015ed1,/cpfs/user/zhuzihou/assets/dedup_workspaces/test0_transitive_apply_parallel/dataset/GRScenes_assets/cabinet/2a3b8659899989ef9540cf5d04015ed1/usd/2a3b8659899989ef9540cf5d04015ed1.usd
cabinet,2c225336785b874223a736f99441e547,suspicious,object,1178772626593393082468659900175517483008.000000,286.736887,4110990532196482805474355243149950976.000000,true,true,,0.024860,0.033737,132,blank;blank;blank;ok,/cpfs/user/zhuzihou/assets/dedup_workspaces/test0_transitive_apply_parallel/dataset/GRScenes_assets/cabinet/2c225336785b874223a736f99441e547,/cpfs/user/zhuzihou/assets/dedup_workspaces/test0_transitive_apply_parallel/dataset/GRScenes_assets/cabinet/2c225336785b874223a736f99441e547/usd/2c225336785b874223a736f99441e547.usd
cabinet,2cd8381a656b7ee08b00f85e5d427cd2,suspicious,object,1178772626593393082468659900175517483008.000000,265.311068,4442983225298655778653770282224844800.000000,true,true,,0.057396,0.088501,185,blank;tiny;ok;ok,/cpfs/user/zhuzihou/assets/dedup_workspaces/test0_transitive_apply_parallel/dataset/GRScenes_assets/cabinet/2cd8381a656b7ee08b00f85e5d427cd2,/cpfs/user/zhuzihou/assets/dedup_workspaces/test0_transitive_apply_parallel/dataset/GRScenes_assets/cabinet/2cd8381a656b7ee08b00f85e5d427cd2/usd/2cd8381a656b7ee08b00f85e5d427cd2.usd
cabinet,2d611ae074cc238c7c2861feaba7f6ce,tiny,object,1178772626593393082468659900175517483008.000000,153.300832,7689277437114808168791694519331454976.000000,true,true,,0.016644,0.018417,71,tiny;tiny;tiny;tiny,/cpfs/user/zhuzihou/assets/dedup_workspaces/test0_transitive_apply_parallel/dataset/GRScenes_assets/cabinet/2d611ae074cc238c7c2861feaba7f6ce,/cpfs/user/zhuzihou/assets/dedup_workspaces/test0_transitive_apply_parallel/dataset/GRScenes_assets/cabinet/2d611ae074cc238c7c2861feaba7f6ce/usd/2d611ae074cc238c7c2861feaba7f6ce.usd
cabinet,2d7a430d61d143c157c48cd1bb9906eb,tiny,object,1178772626593393082468659900175517483008.000000,288.473452,4086243009970062613218574550656090112.000000,true,true,,0.012054,0.013729,61,tiny;blank;blank;blank,/cpfs/user/zhuzihou/assets/dedup_workspaces/test0_transitive_apply_parallel/dataset/GRScenes_assets/cabinet/2d7a430d61d143c157c48cd1bb9906eb,/cpfs/user/zhuzihou/assets/dedup_workspaces/test0_transitive_apply_parallel/dataset/GRScenes_assets/cabinet/2d7a430d61d143c157c48cd1bb9906eb/usd/2d7a430d61d143c157c48cd1bb9906eb.usd
cabinet,2e03c4ba65695c067c157c8fc83a88a6,suspicious,object,1178772626593393082468659900175517483008.000000,67.755454,17397457461556843866900229723456012288.000000,true,true,,0.010075,0.014099,96,ok;tiny;tiny;ok,/cpfs/user/zhuzihou/assets/dedup_workspaces/test0_transitive_apply_parallel/dataset/GRScenes_assets/cabinet/2e03c4ba65695c067c157c8fc83a88a6,/cpfs/user/zhuzihou/assets/dedup_workspaces/test0_transitive_apply_parallel/dataset/GRScenes_assets/cabinet/2e03c4ba65695c067c157c8fc83a88a6/usd/2e03c4ba65695c067c157c8fc83a88a6.usd
cabinet,2ed9edd34221c034f3835f97b1781350,tiny,object,1178772626593393082468659900175517483008.000000,354.637367,3323881620609433952580425015011311616.000000,true,true,,0.005684,0.011482,70,tiny;blank;blank;blank,/cpfs/user/zhuzihou/assets/dedup_workspaces/test0_transitive_apply_parallel/dataset/GRScenes_assets/cabinet/2ed9edd34221c034f3835f97b1781350,/cpfs/user/zhuzihou/assets/dedup_workspaces/test0_transitive_apply_parallel/dataset/GRScenes_assets/cabinet/2ed9edd34221c034f3835f97b1781350/usd/2ed9edd34221c034f3835f97b1781350.usd
cabinet,2f879eed3493f998cab1131945feee62,tiny,object,1178772626593393082468659900175517483008.000000,103.253089,11416342522019361574763358428434792448.000000,true,true,,0.003056,0.005798,80,tiny;blank;blank;blank,/cpfs/user/zhuzihou/assets/dedup_workspaces/test0_transitive_apply_parallel/dataset/GRScenes_assets/cabinet/2f879eed3493f998cab1131945feee62,/cpfs/user/zhuzihou/assets/dedup_workspaces/test0_transitive_apply_parallel/dataset/GRScenes_assets/cabinet/2f879eed3493f998cab1131945feee62/usd/2f879eed3493f998cab1131945feee62.usd
cabinet,306a16dccd08838e615c565e1c9ee0e6,tiny,object,1178772626593393082468659900175517483008.000000,90.708824,12995126338317849359796015927549493248.000000,true,true,,0.003090,0.008633,73,blank;blank;tiny;blank,/cpfs/user/zhuzihou/assets/dedup_workspaces/test0_transitive_apply_parallel/dataset/GRScenes_assets/cabinet/306a16dccd08838e615c565e1c9ee0e6,/cpfs/user/zhuzihou/assets/dedup_workspaces/test0_transitive_apply_parallel/dataset/GRScenes_assets/cabinet/306a16dccd08838e615c565e1c9ee0e6/usd/306a16dccd08838e615c565e1c9ee0e6.usd
cabinet,30faadee3b47e93a7a3a091393e7d9d8,suspicious,object,1178772626593393082468659900175517483008.000000,120.057024,9818439525985810914885213590124494848.000000,true,true,,0.041050,0.048798,123,ok;ok;tiny;tiny,/cpfs/user/zhuzihou/assets/dedup_workspaces/test0_transitive_apply_parallel/dataset/GRScenes_assets/cabinet/30faadee3b47e93a7a3a091393e7d9d8,/cpfs/user/zhuzihou/assets/dedup_workspaces/test0_transitive_apply_parallel/dataset/GRScenes_assets/cabinet/30faadee3b47e93a7a3a091393e7d9d8/usd/30faadee3b47e93a7a3a091393e7d9d8.usd
cabinet,31cf276d9ec090be5280262246ff552d,suspicious,object,1178772626593393082468659900175517483008.000000,253.282772,4653978704480553856701211496243265536.000000,true,true,,0.015549,0.037827,153,ok;tiny;ok;ok,/cpfs/user/zhuzihou/assets/dedup_workspaces/test0_transitive_apply_parallel/dataset/GRScenes_assets/cabinet/31cf276d9ec090be5280262246ff552d,/cpfs/user/zhuzihou/assets/dedup_workspaces/test0_transitive_apply_parallel/dataset/GRScenes_assets/cabinet/31cf276d9ec090be5280262246ff552d/usd/31cf276d9ec090be5280262246ff552d.usd
cabinet,3205cac2de0b8b9389da658f0fb44db6,suspicious,object,1178772626593393082468659900175517483008.000000,260.118700,4531671989101200542350503438230487040.000000,true,true,,0.032017,0.054466,121,blank;ok;ok;blank,/cpfs/user/zhuzihou/assets/dedup_workspaces/test0_transitive_apply_parallel/dataset/GRScenes_assets/cabinet/3205cac2de0b8b9389da658f0fb44db6,/cpfs/user/zhuzihou/assets/dedup_workspaces/test0_transitive_apply_parallel/dataset/GRScenes_assets/cabinet/3205cac2de0b8b9389da658f0fb44db6/usd/3205cac2de0b8b9389da658f0fb44db6.usd
cabinet,320d837652cbcd6a13d8e95775c92cb0,suspicious,object,1178772626593393082468659900175517483008.000000,207.332584,5685419063534482566470553709553123328.000000,true,true,,0.045380,0.066902,237,blank;ok;tiny;blank,/cpfs/user/zhuzihou/assets/dedup_workspaces/test0_transitive_apply_parallel/dataset/GRScenes_assets/cabinet/320d837652cbcd6a13d8e95775c92cb0,/cpfs/user/zhuzihou/assets/dedup_workspaces/test0_transitive_apply_parallel/dataset/GRScenes_assets/cabinet/320d837652cbcd6a13d8e95775c92cb0/usd/320d837652cbcd6a13d8e95775c92cb0.usd
cabinet,330653788da4c1735a7b1116d0b38273,suspicious,object,1178772626593393082468659900175517483008.000000,256.105373,4602686050301103431320707911661912064.000000,true,true,,0.034634,0.052818,191,blank;blank;ok;ok,/cpfs/user/zhuzihou/assets/dedup_workspaces/test0_transitive_apply_parallel/dataset/GRScenes_assets/cabinet/330653788da4c1735a7b1116d0b38273,/cpfs/user/zhuzihou/assets/dedup_workspaces/test0_transitive_apply_parallel/dataset/GRScenes_assets/cabinet/330653788da4c1735a7b1116d0b38273/usd/330653788da4c1735a7b1116d0b38273.usd
cabinet,333ebfad53461e55892c39e3c95a5d92,suspicious,object,1178772626593393082468659900175517483008.000000,250.827291,4699538955941630745137063698878169088.000000,true,true,,0.082298,0.118423,205,ok;ok;blank;blank,/cpfs/user/zhuzihou/assets/dedup_workspaces/test0_transitive_apply_parallel/dataset/GRScenes_assets/cabinet/333ebfad53461e55892c39e3c95a5d92,/cpfs/user/zhuzihou/assets/dedup_workspaces/test0_transitive_apply_parallel/dataset/GRScenes_assets/cabinet/333ebfad53461e55892c39e3c95a5d92/usd/333ebfad53461e55892c39e3c95a5d92.usd
cabinet,3399337a68a2bb41b4f4ebc20590fd94,blank,object,1178772626593393082468659900175517483008.000000,81.568605,14451303053171810958611181726924275712.000000,true,true,,0.000000,0.000000,0,blank;blank;blank;blank,/cpfs/user/zhuzihou/assets/dedup_workspaces/test0_transitive_apply_parallel/dataset/GRScenes_assets/cabinet/3399337a68a2bb41b4f4ebc20590fd94,/cpfs/user/zhuzihou/assets/dedup_workspaces/test0_transitive_apply_parallel/dataset/GRScenes_assets/cabinet/3399337a68a2bb41b4f4ebc20590fd94/usd/3399337a68a2bb41b4f4ebc20590fd94.usd
cabinet,34347451d4ef792f7cd8bf986d2572e6,blank,object,1178772626593393082468659900175517483008.000000,57.617335,20458645450571314701222738989988970496.000000,true,true,,0.000923,0.001923,36,blank;blank;blank;blank,/cpfs/user/zhuzihou/assets/dedup_workspaces/test0_transitive_apply_parallel/dataset/GRScenes_assets/cabinet/34347451d4ef792f7cd8bf986d2572e6,/cpfs/user/zhuzihou/assets/dedup_workspaces/test0_transitive_apply_parallel/dataset/GRScenes_assets/cabinet/34347451d4ef792f7cd8bf986d2572e6/usd/34347451d4ef792f7cd8bf986d2572e6.usd
cabinet,345d7853eaf791f7194fcc9ba63bda58,suspicious,object,1178772626593393082468659900175517483008.000000,615.724176,1914449150995681318843357930989813760.000000,true,true,,0.028664,0.074074,266,ok;ok;blank;blank,/cpfs/user/zhuzihou/assets/dedup_workspaces/test0_transitive_apply_parallel/dataset/GRScenes_assets/cabinet/345d7853eaf791f7194fcc9ba63bda58,/cpfs/user/zhuzihou/assets/dedup_workspaces/test0_transitive_apply_parallel/dataset/GRScenes_assets/cabinet/345d7853eaf791f7194fcc9ba63bda58/usd/345d7853eaf791f7194fcc9ba63bda58.usd
cabinet,358ca6d421fd6822922f594204dade8e,suspicious,object,1178772626593393082468659900175517483008.000000,256.365494,4598015938686484160751867325069656064.000000,true,true,,0.056686,0.058716,208,ok;blank;blank;blank,/cpfs/user/zhuzihou/assets/dedup_workspaces/test0_transitive_apply_parallel/dataset/GRScenes_assets/cabinet/358ca6d421fd6822922f594204dade8e,/cpfs/user/zhuzihou/assets/dedup_workspaces/test0_transitive_apply_parallel/dataset/GRScenes_assets/cabinet/358ca6d421fd6822922f594204dade8e/usd/358ca6d421fd6822922f594204dade8e.usd
cabinet,3590b3ac91a1a2a050aa77e3aa79e1f5,suspicious,object,1178772626593393082468659900175517483008.000000,284.782412,4139204447925044414381619750767689728.000000,true,true,,0.046158,0.071617,158,ok;ok;ok;tiny,/cpfs/user/zhuzihou/assets/dedup_workspaces/test0_transitive_apply_parallel/dataset/GRScenes_assets/cabinet/3590b3ac91a1a2a050aa77e3aa79e1f5,/cpfs/user/zhuzihou/assets/dedup_workspaces/test0_transitive_apply_parallel/dataset/GRScenes_assets/cabinet/3590b3ac91a1a2a050aa77e3aa79e1f5/usd/3590b3ac91a1a2a050aa77e3aa79e1f5.usd
cabinet,365155e8781d53f97be5426f5518638e,blank,object,1178772626593393082468659900175517483008.000000,65.397538,18024724958380583903627732604680142848.000000,true,true,,0.000000,0.000000,0,blank;blank;blank;blank,/cpfs/user/zhuzihou/assets/dedup_workspaces/test0_transitive_apply_parallel/dataset/GRScenes_assets/cabinet/365155e8781d53f97be5426f5518638e,/cpfs/user/zhuzihou/assets/dedup_workspaces/test0_transitive_apply_parallel/dataset/GRScenes_assets/cabinet/365155e8781d53f97be5426f5518638e/usd/365155e8781d53f97be5426f5518638e.usd
cabinet,366ae4d8f4f6b070335be67b5ca08981,suspicious,object,1178772626593393082468659900175517483008.000000,133.428035,8834519869640131721635005309168648192.000000,true,true,,0.075493,0.080544,207,blank;ok;ok;blank,/cpfs/user/zhuzihou/assets/dedup_workspaces/test0_transitive_apply_parallel/dataset/GRScenes_assets/cabinet/366ae4d8f4f6b070335be67b5ca08981,/cpfs/user/zhuzihou/assets/dedup_workspaces/test0_transitive_apply_parallel/dataset/GRScenes_assets/cabinet/366ae4d8f4f6b070335be67b5ca08981/usd/366ae4d8f4f6b070335be67b5ca08981.usd
cabinet,36784bfb585bdb14174f19549409978f,tiny,object,1178772626593393082468659900175517483008.000000,131.962355,8932643181404186642804316230314360832.000000,true,true,,0.003811,0.005222,37,blank;blank;blank;tiny,/cpfs/user/zhuzihou/assets/dedup_workspaces/test0_transitive_apply_parallel/dataset/GRScenes_assets/cabinet/36784bfb585bdb14174f19549409978f,/cpfs/user/zhuzihou/assets/dedup_workspaces/test0_transitive_apply_parallel/dataset/GRScenes_assets/cabinet/36784bfb585bdb14174f19549409978f/usd/36784bfb585bdb14174f19549409978f.usd
cabinet,3739961fe049430a06d1633ae74f2200,suspicious,object,1178772626593393082468659900175517483008.000000,525.313468,2243941374936985122379291455857360896.000000,true,true,,0.119160,0.155518,301,blank;tiny;ok;ok,/cpfs/user/zhuzihou/assets/dedup_workspaces/test0_transitive_apply_parallel/dataset/GRScenes_assets/cabinet/3739961fe049430a06d1633ae74f2200,/cpfs/user/zhuzihou/assets/dedup_workspaces/test0_transitive_apply_parallel/dataset/GRScenes_assets/cabinet/3739961fe049430a06d1633ae74f2200/usd/3739961fe049430a06d1633ae74f2200.usd
cabinet,37cfc6e575f3358b95af84d6bd8a0c49,suspicious,object,1178772626593393082468659900175517483008.000000,265.409670,4441332622936132504503557849924763648.000000,true,true,,0.030186,0.033875,150,ok;ok;tiny;ok,/cpfs/user/zhuzihou/assets/dedup_workspaces/test0_transitive_apply_parallel/dataset/GRScenes_assets/cabinet/37cfc6e575f3358b95af84d6bd8a0c49,/cpfs/user/zhuzihou/assets/dedup_workspaces/test0_transitive_apply_parallel/dataset/GRScenes_assets/cabinet/37cfc6e575f3358b95af84d6bd8a0c49/usd/37cfc6e575f3358b95af84d6bd8a0c49.usd
cabinet,37d2d404897fa2ae3492c3ca5bb403c6,suspicious,object,1178772626593393082468659900175517483008.000000,99.342842,11865702657821306437129825475031465984.000000,true,true,,0.045174,0.051865,132,ok;blank;blank;blank,/cpfs/user/zhuzihou/assets/dedup_workspaces/test0_transitive_apply_parallel/dataset/GRScenes_assets/cabinet/37d2d404897fa2ae3492c3ca5bb403c6,/cpfs/user/zhuzihou/assets/dedup_workspaces/test0_transitive_apply_parallel/dataset/GRScenes_assets/cabinet/37d2d404897fa2ae3492c3ca5bb403c6/usd/37d2d404897fa2ae3492c3ca5bb403c6.usd
cabinet,3802c64f1d64d6b6e70831b2be69a863,suspicious,object,1178772626593393082468659900175517483008.000000,378.022492,3118260559518779004957640051486883840.000000,true,true,,0.030991,0.033791,103,tiny;ok;ok;ok,/cpfs/user/zhuzihou/assets/dedup_workspaces/test0_transitive_apply_parallel/dataset/GRScenes_assets/cabinet/3802c64f1d64d6b6e70831b2be69a863,/cpfs/user/zhuzihou/assets/dedup_workspaces/test0_transitive_apply_parallel/dataset/GRScenes_assets/cabinet/3802c64f1d64d6b6e70831b2be69a863/usd/3802c64f1d64d6b6e70831b2be69a863.usd
cabinet,39f140c49c1d7f5d53d1c1375f84b6f1,suspicious,object,1178772626593393082468659900175517483008.000000,281.202419,4191900731784020819873225415547944960.000000,true,true,,0.022366,0.032478,129,blank;blank;blank;ok,/cpfs/user/zhuzihou/assets/dedup_workspaces/test0_transitive_apply_parallel/dataset/GRScenes_assets/cabinet/39f140c49c1d7f5d53d1c1375f84b6f1,/cpfs/user/zhuzihou/assets/dedup_workspaces/test0_transitive_apply_parallel/dataset/GRScenes_assets/cabinet/39f140c49c1d7f5d53d1c1375f84b6f1/usd/39f140c49c1d7f5d53d1c1375f84b6f1.usd
cabinet,3a0d2a8e5ae7e4ad9623d478712760ac,tiny,object,1178772626593393082468659900175517483008.000000,177.345541,6646756492906211085257084339612549120.000000,true,true,,0.001251,0.001511,36,blank;blank;blank;tiny,/cpfs/user/zhuzihou/assets/dedup_workspaces/test0_transitive_apply_parallel/dataset/GRScenes_assets/cabinet/3a0d2a8e5ae7e4ad9623d478712760ac,/cpfs/user/zhuzihou/assets/dedup_workspaces/test0_transitive_apply_parallel/dataset/GRScenes_assets/cabinet/3a0d2a8e5ae7e4ad9623d478712760ac/usd/3a0d2a8e5ae7e4ad9623d478712760ac.usd
cabinet,3ba8d167d2fa00b09d0420f05b9798d4,suspicious,object,1178772626593393082468659900175517483008.000000,166.257800,7090029013522898086108193522660147200.000000,true,true,,0.056576,0.070953,150,ok;ok;tiny;ok,/cpfs/user/zhuzihou/assets/dedup_workspaces/test0_transitive_apply_parallel/dataset/GRScenes_assets/cabinet/3ba8d167d2fa00b09d0420f05b9798d4,/cpfs/user/zhuzihou/assets/dedup_workspaces/test0_transitive_apply_parallel/dataset/GRScenes_assets/cabinet/3ba8d167d2fa00b09d0420f05b9798d4/usd/3ba8d167d2fa00b09d0420f05b9798d4.usd
cabinet,3c94d0de0b7c394efebe230badc88d39,suspicious,object,1178772626593393082468659900175517483008.000000,130.911839,9004324087249516790674949228361416704.000000,true,true,,0.038124,0.045982,147,ok;ok;tiny;ok,/cpfs/user/zhuzihou/assets/dedup_workspaces/test0_transitive_apply_parallel/dataset/GRScenes_assets/cabinet/3c94d0de0b7c394efebe230badc88d39,/cpfs/user/zhuzihou/assets/dedup_workspaces/test0_transitive_apply_parallel/dataset/GRScenes_assets/cabinet/3c94d0de0b7c394efebe230badc88d39/usd/3c94d0de0b7c394efebe230badc88d39.usd
cabinet,3d04a7ca1204a5a32263418847780fe0,suspicious,object,1178772626593393082468659900175517483008.000000,287.353866,4102163794063159217649584928049856512.000000,true,true,,0.028294,0.042648,130,blank;blank;blank;ok,/cpfs/user/zhuzihou/assets/dedup_workspaces/test0_transitive_apply_parallel/dataset/GRScenes_assets/cabinet/3d04a7ca1204a5a32263418847780fe0,/cpfs/user/zhuzihou/assets/dedup_workspaces/test0_transitive_apply_parallel/dataset/GRScenes_assets/cabinet/3d04a7ca1204a5a32263418847780fe0/usd/3d04a7ca1204a5a32263418847780fe0.usd
cabinet,3d949263ad639a1094ddef51244d9919,suspicious,object,1178772626593393082468659900175517483008.000000,206.891859,5697530260049522162232231141643911168.000000,true,true,,0.014713,0.016960,117,blank;ok;blank;blank,/cpfs/user/zhuzihou/assets/dedup_workspaces/test0_transitive_apply_parallel/dataset/GRScenes_assets/cabinet/3d949263ad639a1094ddef51244d9919,/cpfs/user/zhuzihou/assets/dedup_workspaces/test0_transitive_apply_parallel/dataset/GRScenes_assets/cabinet/3d949263ad639a1094ddef51244d9919/usd/3d949263ad639a1094ddef51244d9919.usd
cabinet,3df3a72f92c2bf76681d516fb4bf12e0,suspicious,object,1178772626593393082468659900175517483008.000000,268.420358,4391517229842334786331179049595961344.000000,true,true,,0.018742,0.028370,111,blank;ok;tiny;blank,/cpfs/user/zhuzihou/assets/dedup_workspaces/test0_transitive_apply_parallel/dataset/GRScenes_assets/cabinet/3df3a72f92c2bf76681d516fb4bf12e0,/cpfs/user/zhuzihou/assets/dedup_workspaces/test0_transitive_apply_parallel/dataset/GRScenes_assets/cabinet/3df3a72f92c2bf76681d516fb4bf12e0/usd/3df3a72f92c2bf76681d516fb4bf12e0.usd
cabinet,3ebe92095d03caa7e448548eb425f1b5,suspicious,object,1178772626593393082468659900175517483008.000000,120.299727,9798630929777313410870518401153892352.000000,true,true,,0.022160,0.025917,96,tiny;tiny;ok;ok,/cpfs/user/zhuzihou/assets/dedup_workspaces/test0_transitive_apply_parallel/dataset/GRScenes_assets/cabinet/3ebe92095d03caa7e448548eb425f1b5,/cpfs/user/zhuzihou/assets/dedup_workspaces/test0_transitive_apply_parallel/dataset/GRScenes_assets/cabinet/3ebe92095d03caa7e448548eb425f1b5/usd/3ebe92095d03caa7e448548eb425f1b5.usd
cabinet,3ed4d0d3a5b72765f72a6b841f91b788,suspicious,object,1178772626593393082468659900175517483008.000000,249.371621,4726971830244894784243043461287116800.000000,true,true,,0.017277,0.024193,151,blank;ok;blank;blank,/cpfs/user/zhuzihou/assets/dedup_workspaces/test0_transitive_apply_parallel/dataset/GRScenes_assets/cabinet/3ed4d0d3a5b72765f72a6b841f91b788,/cpfs/user/zhuzihou/assets/dedup_workspaces/test0_transitive_apply_parallel/dataset/GRScenes_assets/cabinet/3ed4d0d3a5b72765f72a6b841f91b788/usd/3ed4d0d3a5b72765f72a6b841f91b788.usd
cabinet,3f0fc581fa26e88fc4246c8829416a20,suspicious,object,1178772626593393082468659900175517483008.000000,258.754718,4555559928345284384287039103478792192.000000,true,true,,0.032963,0.034367,143,ok;blank;blank;blank,/cpfs/user/zhuzihou/assets/dedup_workspaces/test0_transitive_apply_parallel/dataset/GRScenes_assets/cabinet/3f0fc581fa26e88fc4246c8829416a20,/cpfs/user/zhuzihou/assets/dedup_workspaces/test0_transitive_apply_parallel/dataset/GRScenes_assets/cabinet/3f0fc581fa26e88fc4246c8829416a20/usd/3f0fc581fa26e88fc4246c8829416a20.usd
cabinet,3fde18efccfa4108399e82a8e6e01808,suspicious,object,1178772626593393082468659900175517483008.000000,253.365673,4652455929696307172780849923060924416.000000,true,true,,0.015545,0.038338,153,ok;tiny;ok;ok,/cpfs/user/zhuzihou/assets/dedup_workspaces/test0_transitive_apply_parallel/dataset/GRScenes_assets/cabinet/3fde18efccfa4108399e82a8e6e01808,/cpfs/user/zhuzihou/assets/dedup_workspaces/test0_transitive_apply_parallel/dataset/GRScenes_assets/cabinet/3fde18efccfa4108399e82a8e6e01808/usd/3fde18efccfa4108399e82a8e6e01808.usd
cabinet,400d3b28ac9004dbb1f1f1a1b24a1d6a,suspicious,object,1178772626593393082468659900175517483008.000000,163.811713,7195899529135952618191538919720353792.000000,true,true,,0.023720,0.030441,95,tiny;tiny;ok;ok,/cpfs/user/zhuzihou/assets/dedup_workspaces/test0_transitive_apply_parallel/dataset/GRScenes_assets/cabinet/400d3b28ac9004dbb1f1f1a1b24a1d6a,/cpfs/user/zhuzihou/assets/dedup_workspaces/test0_transitive_apply_parallel/dataset/GRScenes_assets/cabinet/400d3b28ac9004dbb1f1f1a1b24a1d6a/usd/400d3b28ac9004dbb1f1f1a1b24a1d6a.usd
cabinet,4024e7c184bfb63c07b5a83a4890a3db,suspicious,object,1178772626593393082468659900175517483008.000000,277.275964,4251261488399940317825433765171691520.000000,true,true,,0.011940,0.015869,104,blank;blank;blank;ok,/cpfs/user/zhuzihou/assets/dedup_workspaces/test0_transitive_apply_parallel/dataset/GRScenes_assets/cabinet/4024e7c184bfb63c07b5a83a4890a3db,/cpfs/user/zhuzihou/assets/dedup_workspaces/test0_transitive_apply_parallel/dataset/GRScenes_assets/cabinet/4024e7c184bfb63c07b5a83a4890a3db/usd/4024e7c184bfb63c07b5a83a4890a3db.usd
cabinet,412b7eea49bbaed63c5229c120138440,suspicious,object,1178772626593393082468659900175517483008.000000,144.914744,8134249120620176644156068403888521216.000000,true,true,,0.033684,0.042320,129,tiny;ok;ok;ok,/cpfs/user/zhuzihou/assets/dedup_workspaces/test0_transitive_apply_parallel/dataset/GRScenes_assets/cabinet/412b7eea49bbaed63c5229c120138440,/cpfs/user/zhuzihou/assets/dedup_workspaces/test0_transitive_apply_parallel/dataset/GRScenes_assets/cabinet/412b7eea49bbaed63c5229c120138440/usd/412b7eea49bbaed63c5229c120138440.usd
cabinet,42099dca9f26baff5818bafdf6143072,suspicious,object,1178772626593393082468659900175517483008.000000,196.977565,5984298901959336370590494552448040960.000000,true,true,,0.028713,0.037838,124,ok;ok;tiny;ok,/cpfs/user/zhuzihou/assets/dedup_workspaces/test0_transitive_apply_parallel/dataset/GRScenes_assets/cabinet/42099dca9f26baff5818bafdf6143072,/cpfs/user/zhuzihou/assets/dedup_workspaces/test0_transitive_apply_parallel/dataset/GRScenes_assets/cabinet/42099dca9f26baff5818bafdf6143072/usd/42099dca9f26baff5818bafdf6143072.usd
cabinet,442535610c5f7cdf826acdc6765e9fd3,suspicious,object,1178772626593393082468659900175517483008.000000,188.697115,6246903287073471270734641073966022656.000000,true,true,,0.008030,0.019684,215,blank;ok;ok;blank,/cpfs/user/zhuzihou/assets/dedup_workspaces/test0_transitive_apply_parallel/dataset/GRScenes_assets/cabinet/442535610c5f7cdf826acdc6765e9fd3,/cpfs/user/zhuzihou/assets/dedup_workspaces/test0_transitive_apply_parallel/dataset/GRScenes_assets/cabinet/442535610c5f7cdf826acdc6765e9fd3/usd/442535610c5f7cdf826acdc6765e9fd3.usd
cabinet,4441e4614b32447ba28d5d9bc67f0390,blank,object,1178772626593393082468659900175517483008.000000,51.611198,22839474325560143689272347861574483968.000000,true,true,,0.000000,0.000000,0,blank;blank;blank;blank,/cpfs/user/zhuzihou/assets/dedup_workspaces/test0_transitive_apply_parallel/dataset/GRScenes_assets/cabinet/4441e4614b32447ba28d5d9bc67f0390,/cpfs/user/zhuzihou/assets/dedup_workspaces/test0_transitive_apply_parallel/dataset/GRScenes_assets/cabinet/4441e4614b32447ba28d5d9bc67f0390/usd/4441e4614b32447ba28d5d9bc67f0390.usd
cabinet,4495369058344367373718d9a27f5d4b,suspicious,object,1178772626593393082468659900175517483008.000000,261.342691,4510448036549809124432244853669101568.000000,true,true,,0.050732,0.081596,186,ok;blank;blank;ok,/cpfs/user/zhuzihou/assets/dedup_workspaces/test0_transitive_apply_parallel/dataset/GRScenes_assets/cabinet/4495369058344367373718d9a27f5d4b,/cpfs/user/zhuzihou/assets/dedup_workspaces/test0_transitive_apply_parallel/dataset/GRScenes_assets/cabinet/4495369058344367373718d9a27f5d4b/usd/4495369058344367373718d9a27f5d4b.usd
cabinet,44bb282febf69ed6b92b6a239d306d69,blank,object,1178772626593393082468659900175517483008.000000,253.229149,4654964213940521633621906831284633600.000000,true,true,,0.000038,0.000053,7,blank;blank;blank;blank,/cpfs/user/zhuzihou/assets/dedup_workspaces/test0_transitive_apply_parallel/dataset/GRScenes_assets/cabinet/44bb282febf69ed6b92b6a239d306d69,/cpfs/user/zhuzihou/assets/dedup_workspaces/test0_transitive_apply_parallel/dataset/GRScenes_assets/cabinet/44bb282febf69ed6b92b6a239d306d69/usd/44bb282febf69ed6b92b6a239d306d69.usd
cabinet,46f0865f80677d8cfa43d88816727556,blank,object,1178772626593393082468659900175517483008.000000,39.827253,29597136396046230984488558305675837440.000000,true,true,,0.000797,0.001217,29,blank;blank;blank;blank,/cpfs/user/zhuzihou/assets/dedup_workspaces/test0_transitive_apply_parallel/dataset/GRScenes_assets/cabinet/46f0865f80677d8cfa43d88816727556,/cpfs/user/zhuzihou/assets/dedup_workspaces/test0_transitive_apply_parallel/dataset/GRScenes_assets/cabinet/46f0865f80677d8cfa43d88816727556/usd/46f0865f80677d8cfa43d88816727556.usd
cabinet,473705d38572b15b7f0f5ea83cfe94c0,suspicious,object,1178772626593393082468659900175517483008.000000,384.180828,3068275511348053852159258809440665600.000000,true,true,,0.039883,0.042675,113,ok;blank;blank;blank,/cpfs/user/zhuzihou/assets/dedup_workspaces/test0_transitive_apply_parallel/dataset/GRScenes_assets/cabinet/473705d38572b15b7f0f5ea83cfe94c0,/cpfs/user/zhuzihou/assets/dedup_workspaces/test0_transitive_apply_parallel/dataset/GRScenes_assets/cabinet/473705d38572b15b7f0f5ea83cfe94c0/usd/473705d38572b15b7f0f5ea83cfe94c0.usd
cabinet,475808e6907722a0034197b378d841b8,suspicious,object,1178772626593393082468659900175517483008.000000,183.643686,6418802908992475405836225033799729152.000000,true,true,,0.044304,0.046173,178,ok;blank;blank;tiny,/cpfs/user/zhuzihou/assets/dedup_workspaces/test0_transitive_apply_parallel/dataset/GRScenes_assets/cabinet/475808e6907722a0034197b378d841b8,/cpfs/user/zhuzihou/assets/dedup_workspaces/test0_transitive_apply_parallel/dataset/GRScenes_assets/cabinet/475808e6907722a0034197b378d841b8/usd/475808e6907722a0034197b378d841b8.usd
cabinet,475d109c4664221d89fe6b4dfbf522e9,suspicious,object,1178772626593393082468659900175517483008.000000,403.007428,2924940198260965303192238263959027712.000000,true,true,,0.025841,0.031776,119,ok;blank;blank;blank,/cpfs/user/zhuzihou/assets/dedup_workspaces/test0_transitive_apply_parallel/dataset/GRScenes_assets/cabinet/475d109c4664221d89fe6b4dfbf522e9,/cpfs/user/zhuzihou/assets/dedup_workspaces/test0_transitive_apply_parallel/dataset/GRScenes_assets/cabinet/475d109c4664221d89fe6b4dfbf522e9/usd/475d109c4664221d89fe6b4dfbf522e9.usd
cabinet,47941c7024fa028b002292df4e0231d4,suspicious,object,1178772626593393082468659900175517483008.000000,142.518219,8271031162504172309286249476447535104.000000,true,true,,0.010910,0.011944,101,blank;blank;blank;ok,/cpfs/user/zhuzihou/assets/dedup_workspaces/test0_transitive_apply_parallel/dataset/GRScenes_assets/cabinet/47941c7024fa028b002292df4e0231d4,/cpfs/user/zhuzihou/assets/dedup_workspaces/test0_transitive_apply_parallel/dataset/GRScenes_assets/cabinet/47941c7024fa028b002292df4e0231d4/usd/47941c7024fa028b002292df4e0231d4.usd
cabinet,4866619352707772cd8a6b51d67b0505,tiny,object,1178772626593393082468659900175517483008.000000,182.409326,6462238822923830702172193739811848192.000000,true,true,,0.011501,0.018402,72,blank;blank;tiny;blank,/cpfs/user/zhuzihou/assets/dedup_workspaces/test0_transitive_apply_parallel/dataset/GRScenes_assets/cabinet/4866619352707772cd8a6b51d67b0505,/cpfs/user/zhuzihou/assets/dedup_workspaces/test0_transitive_apply_parallel/dataset/GRScenes_assets/cabinet/4866619352707772cd8a6b51d67b0505/usd/4866619352707772cd8a6b51d67b0505.usd
cabinet,4897357b4acc5df302ae8dcdf3fb12bd,suspicious,object,1178772626593393082468659900175517483008.000000,136.644368,8626573092351986796585874013634428928.000000,true,true,,0.032143,0.039577,125,ok;ok;tiny;tiny,/cpfs/user/zhuzihou/assets/dedup_workspaces/test0_transitive_apply_parallel/dataset/GRScenes_assets/cabinet/4897357b4acc5df302ae8dcdf3fb12bd,/cpfs/user/zhuzihou/assets/dedup_workspaces/test0_transitive_apply_parallel/dataset/GRScenes_assets/cabinet/4897357b4acc5df302ae8dcdf3fb12bd/usd/4897357b4acc5df302ae8dcdf3fb12bd.usd
cabinet,48f2a02ecd8c2ca0da7cf03310a7fe76,suspicious,object,1178772626593393082468659900175517483008.000000,87.097634,13533922555198435398391439705052807168.000000,true,true,,0.038086,0.043259,174,ok;ok;blank;blank,/cpfs/user/zhuzihou/assets/dedup_workspaces/test0_transitive_apply_parallel/dataset/GRScenes_assets/cabinet/48f2a02ecd8c2ca0da7cf03310a7fe76,/cpfs/user/zhuzihou/assets/dedup_workspaces/test0_transitive_apply_parallel/dataset/GRScenes_assets/cabinet/48f2a02ecd8c2ca0da7cf03310a7fe76/usd/48f2a02ecd8c2ca0da7cf03310a7fe76.usd
cabinet,4932633b756863150ebe85421dc429f8,blank,object,1178772626593393082468659900175517483008.000000,70.437480,16735019852763756516695528521898917888.000000,true,true,,0.000000,0.000000,0,blank;blank;blank;blank,/cpfs/user/zhuzihou/assets/dedup_workspaces/test0_transitive_apply_parallel/dataset/GRScenes_assets/cabinet/4932633b756863150ebe85421dc429f8,/cpfs/user/zhuzihou/assets/dedup_workspaces/test0_transitive_apply_parallel/dataset/GRScenes_assets/cabinet/4932633b756863150ebe85421dc429f8/usd/4932633b756863150ebe85421dc429f8.usd
cabinet,4994208740483930de4d60652defa12f,tiny,object,1178772626593393082468659900175517483008.000000,84.055588,14023727078768060540232641504765542400.000000,true,true,,0.007130,0.009338,76,tiny;tiny;tiny;tiny,/cpfs/user/zhuzihou/assets/dedup_workspaces/test0_transitive_apply_parallel/dataset/GRScenes_assets/cabinet/4994208740483930de4d60652defa12f,/cpfs/user/zhuzihou/assets/dedup_workspaces/test0_transitive_apply_parallel/dataset/GRScenes_assets/cabinet/4994208740483930de4d60652defa12f/usd/4994208740483930de4d60652defa12f.usd
cabinet,49b3b66b5e2edc63a4237950bf3f3750,tiny,object,1178772626593393082468659900175517483008.000000,40.674675,28980505025538733554875848087950065664.000000,true,true,,0.002155,0.002518,48,tiny;tiny;blank;tiny,/cpfs/user/zhuzihou/assets/dedup_workspaces/test0_transitive_apply_parallel/dataset/GRScenes_assets/cabinet/49b3b66b5e2edc63a4237950bf3f3750,/cpfs/user/zhuzihou/assets/dedup_workspaces/test0_transitive_apply_parallel/dataset/GRScenes_assets/cabinet/49b3b66b5e2edc63a4237950bf3f3750/usd/49b3b66b5e2edc63a4237950bf3f3750.usd
cabinet,4a160695503292c2a05b2c733abe7249,blank,object,1178772626593393082468659900175517483008.000000,58.660550,20094810407700937871319892815182299136.000000,true,true,,0.000000,0.000000,0,blank;blank;blank;blank,/cpfs/user/zhuzihou/assets/dedup_workspaces/test0_transitive_apply_parallel/dataset/GRScenes_assets/cabinet/4a160695503292c2a05b2c733abe7249,/cpfs/user/zhuzihou/assets/dedup_workspaces/test0_transitive_apply_parallel/dataset/GRScenes_assets/cabinet/4a160695503292c2a05b2c733abe7249/usd/4a160695503292c2a05b2c733abe7249.usd
cabinet,4a232b97e377ca7c898f8ea2ac4a444f,suspicious,object,1178772626593393082468659900175517483008.000000,312.526791,3771749049632560441356499828474904576.000000,true,true,,0.034599,0.036667,108,ok;blank;blank;blank,/cpfs/user/zhuzihou/assets/dedup_workspaces/test0_transitive_apply_parallel/dataset/GRScenes_assets/cabinet/4a232b97e377ca7c898f8ea2ac4a444f,/cpfs/user/zhuzihou/assets/dedup_workspaces/test0_transitive_apply_parallel/dataset/GRScenes_assets/cabinet/4a232b97e377ca7c898f8ea2ac4a444f/usd/4a232b97e377ca7c898f8ea2ac4a444f.usd
cabinet,4a6a9fddaab9c36253eeba9676ff21a1,suspicious,object,1178772626593393082468659900175517483008.000000,113.649613,10371989814648127817537885747818790912.000000,true,true,,0.035622,0.040615,117,tiny;tiny;ok;ok,/cpfs/user/zhuzihou/assets/dedup_workspaces/test0_transitive_apply_parallel/dataset/GRScenes_assets/cabinet/4a6a9fddaab9c36253eeba9676ff21a1,/cpfs/user/zhuzihou/assets/dedup_workspaces/test0_transitive_apply_parallel/dataset/GRScenes_assets/cabinet/4a6a9fddaab9c36253eeba9676ff21a1/usd/4a6a9fddaab9c36253eeba9676ff21a1.usd
cabinet,4b2ac11138608cc2dbf5b8922905c4ea,suspicious,object,1178772626593393082468659900175517483008.000000,110.001301,10715988064392676571732982916517462016.000000,true,true,,0.025093,0.029182,90,tiny;tiny;tiny;ok,/cpfs/user/zhuzihou/assets/dedup_workspaces/test0_transitive_apply_parallel/dataset/GRScenes_assets/cabinet/4b2ac11138608cc2dbf5b8922905c4ea,/cpfs/user/zhuzihou/assets/dedup_workspaces/test0_transitive_apply_parallel/dataset/GRScenes_assets/cabinet/4b2ac11138608cc2dbf5b8922905c4ea/usd/4b2ac11138608cc2dbf5b8922905c4ea.usd
cabinet,4b2ade4221cfba0b32f70ef5686852fb,tiny,object,1178772626593393082468659900175517483008.000000,75.866147,15537531284886653323968820177862131712.000000,true,true,,0.002625,0.003296,32,tiny;blank;blank;blank,/cpfs/user/zhuzihou/assets/dedup_workspaces/test0_transitive_apply_parallel/dataset/GRScenes_assets/cabinet/4b2ade4221cfba0b32f70ef5686852fb,/cpfs/user/zhuzihou/assets/dedup_workspaces/test0_transitive_apply_parallel/dataset/GRScenes_assets/cabinet/4b2ade4221cfba0b32f70ef5686852fb/usd/4b2ade4221cfba0b32f70ef5686852fb.usd
cabinet,4b7b6a6d27f5e3f48f4462424ec81c06,blank,object,1178772626593393082468659900175517483008.000000,82.965133,14208048432295638278363298705214275584.000000,true,true,,0.000000,0.000000,0,blank;blank;blank;blank,/cpfs/user/zhuzihou/assets/dedup_workspaces/test0_transitive_apply_parallel/dataset/GRScenes_assets/cabinet/4b7b6a6d27f5e3f48f4462424ec81c06,/cpfs/user/zhuzihou/assets/dedup_workspaces/test0_transitive_apply_parallel/dataset/GRScenes_assets/cabinet/4b7b6a6d27f5e3f48f4462424ec81c06/usd/4b7b6a6d27f5e3f48f4462424ec81c06.usd
cabinet,4b91c6faae84a7e098e62adc21b3bbfc,suspicious,object,1178772626593393082468659900175517483008.000000,260.390845,4526935759982904420949086411404869632.000000,true,true,,0.014080,0.016357,84,blank;ok;tiny;blank,/cpfs/user/zhuzihou/assets/dedup_workspaces/test0_transitive_apply_parallel/dataset/GRScenes_assets/cabinet/4b91c6faae84a7e098e62adc21b3bbfc,/cpfs/user/zhuzihou/assets/dedup_workspaces/test0_transitive_apply_parallel/dataset/GRScenes_assets/cabinet/4b91c6faae84a7e098e62adc21b3bbfc/usd/4b91c6faae84a7e098e62adc21b3bbfc.usd
cabinet,4baf693fedb8de30793030ccf3f5f3c6,suspicious,object,1178772626593393082468659900175517483008.000000,290.108120,4063218319333423996888388790355230720.000000,true,true,,0.070938,0.127647,227,blank;ok;ok;blank,/cpfs/user/zhuzihou/assets/dedup_workspaces/test0_transitive_apply_parallel/dataset/GRScenes_assets/cabinet/4baf693fedb8de30793030ccf3f5f3c6,/cpfs/user/zhuzihou/assets/dedup_workspaces/test0_transitive_apply_parallel/dataset/GRScenes_assets/cabinet/4baf693fedb8de30793030ccf3f5f3c6/usd/4baf693fedb8de30793030ccf3f5f3c6.usd
cabinet,4bcad78496f5cbb5c608b3d922c765c2,suspicious,object,1178772626593393082468659900175517483008.000000,152.176426,7746092184840468939799794705183539200.000000,true,true,,0.009880,0.012711,119,blank;ok;blank;blank,/cpfs/user/zhuzihou/assets/dedup_workspaces/test0_transitive_apply_parallel/dataset/GRScenes_assets/cabinet/4bcad78496f5cbb5c608b3d922c765c2,/cpfs/user/zhuzihou/assets/dedup_workspaces/test0_transitive_apply_parallel/dataset/GRScenes_assets/cabinet/4bcad78496f5cbb5c608b3d922c765c2/usd/4bcad78496f5cbb5c608b3d922c765c2.usd
cabinet,4c482f4c32887985a807ee43ba1c3484,tiny,object,1178772626593393082468659900175517483008.000000,175.000003,6735843480161784921789717169989222400.000000,true,true,,0.001324,0.001545,27,blank;blank;blank;tiny,/cpfs/user/zhuzihou/assets/dedup_workspaces/test0_transitive_apply_parallel/dataset/GRScenes_assets/cabinet/4c482f4c32887985a807ee43ba1c3484,/cpfs/user/zhuzihou/assets/dedup_workspaces/test0_transitive_apply_parallel/dataset/GRScenes_assets/cabinet/4c482f4c32887985a807ee43ba1c3484/usd/4c482f4c32887985a807ee43ba1c3484.usd
cabinet,4d1f3994d2f1a7c18c8a397a7d032a07,suspicious,object,1178772626593393082468659900175517483008.000000,369.999992,3185872035604752173964048541115482112.000000,true,true,,0.024948,0.055752,185,ok;blank;blank;ok,/cpfs/user/zhuzihou/assets/dedup_workspaces/test0_transitive_apply_parallel/dataset/GRScenes_assets/cabinet/4d1f3994d2f1a7c18c8a397a7d032a07,/cpfs/user/zhuzihou/assets/dedup_workspaces/test0_transitive_apply_parallel/dataset/GRScenes_assets/cabinet/4d1f3994d2f1a7c18c8a397a7d032a07/usd/4d1f3994d2f1a7c18c8a397a7d032a07.usd
cabinet,4d9a7c8e3b34305522b39b42809c8287,suspicious,object,1178772626593393082468659900175517483008.000000,196.711409,5992395831324485313394286535993458688.000000,true,true,,0.032387,0.040031,112,ok;ok;tiny;ok,/cpfs/user/zhuzihou/assets/dedup_workspaces/test0_transitive_apply_parallel/dataset/GRScenes_assets/cabinet/4d9a7c8e3b34305522b39b42809c8287,/cpfs/user/zhuzihou/assets/dedup_workspaces/test0_transitive_apply_parallel/dataset/GRScenes_assets/cabinet/4d9a7c8e3b34305522b39b42809c8287/usd/4d9a7c8e3b34305522b39b42809c8287.usd
cabinet,4e0ee4a85af95cb231da939fe9cbf70d,suspicious,object,1178772626593393082468659900175517483008.000000,207.173044,5689797312942756893833819965355982848.000000,true,true,,0.007210,0.007622,222,ok;blank;blank;blank,/cpfs/user/zhuzihou/assets/dedup_workspaces/test0_transitive_apply_parallel/dataset/GRScenes_assets/cabinet/4e0ee4a85af95cb231da939fe9cbf70d,/cpfs/user/zhuzihou/assets/dedup_workspaces/test0_transitive_apply_parallel/dataset/GRScenes_assets/cabinet/4e0ee4a85af95cb231da939fe9cbf70d/usd/4e0ee4a85af95cb231da939fe9cbf70d.usd
cabinet,4ebaa2e96d5cb9ce97a4e89f4c4b39d7,tiny,object,1178772626593393082468659900175517483008.000000,118.378730,9957638748707547133799748372527054848.000000,true,true,,0.015408,0.016556,70,tiny;tiny;tiny;tiny,/cpfs/user/zhuzihou/assets/dedup_workspaces/test0_transitive_apply_parallel/dataset/GRScenes_assets/cabinet/4ebaa2e96d5cb9ce97a4e89f4c4b39d7,/cpfs/user/zhuzihou/assets/dedup_workspaces/test0_transitive_apply_parallel/dataset/GRScenes_assets/cabinet/4ebaa2e96d5cb9ce97a4e89f4c4b39d7/usd/4ebaa2e96d5cb9ce97a4e89f4c4b39d7.usd
cabinet,4f0a16cb0f8384b8723364b11db11747,suspicious,object,1178772626593393082468659900175517483008.000000,353.641756,3333239380215265812340795240785903616.000000,true,true,,0.043713,0.079453,169,ok;ok;tiny;ok,/cpfs/user/zhuzihou/assets/dedup_workspaces/test0_transitive_apply_parallel/dataset/GRScenes_assets/cabinet/4f0a16cb0f8384b8723364b11db11747,/cpfs/user/zhuzihou/assets/dedup_workspaces/test0_transitive_apply_parallel/dataset/GRScenes_assets/cabinet/4f0a16cb0f8384b8723364b11db11747/usd/4f0a16cb0f8384b8723364b11db11747.usd
cabinet,4f37dfb50ae24931a809bf64aead3ce9,suspicious,object,1178772626593393082468659900175517483008.000000,293.746972,4012884355677683158302457748424491008.000000,true,true,,0.011097,0.021896,82,blank;blank;tiny;ok,/cpfs/user/zhuzihou/assets/dedup_workspaces/test0_transitive_apply_parallel/dataset/GRScenes_assets/cabinet/4f37dfb50ae24931a809bf64aead3ce9,/cpfs/user/zhuzihou/assets/dedup_workspaces/test0_transitive_apply_parallel/dataset/GRScenes_assets/cabinet/4f37dfb50ae24931a809bf64aead3ce9/usd/4f37dfb50ae24931a809bf64aead3ce9.usd
cabinet,4fd1506876449e5242502efdb37a0d66,suspicious,object,1178772626593393082468659900175517483008.000000,214.966751,5483511394804151807115354328530944000.000000,true,true,,0.018566,0.019836,130,ok;blank;blank;blank,/cpfs/user/zhuzihou/assets/dedup_workspaces/test0_transitive_apply_parallel/dataset/GRScenes_assets/cabinet/4fd1506876449e5242502efdb37a0d66,/cpfs/user/zhuzihou/assets/dedup_workspaces/test0_transitive_apply_parallel/dataset/GRScenes_assets/cabinet/4fd1506876449e5242502efdb37a0d66/usd/4fd1506876449e5242502efdb37a0d66.usd
cabinet,504840c5e814aa270b04c7914d050bc5,suspicious,object,1178772626593393082468659900175517483008.000000,172.155456,6847140700104835235310899056426876928.000000,true,true,,0.035839,0.045273,138,ok;tiny;ok;ok,/cpfs/user/zhuzihou/assets/dedup_workspaces/test0_transitive_apply_parallel/dataset/GRScenes_assets/cabinet/504840c5e814aa270b04c7914d050bc5,/cpfs/user/zhuzihou/assets/dedup_workspaces/test0_transitive_apply_parallel/dataset/GRScenes_assets/cabinet/504840c5e814aa270b04c7914d050bc5/usd/504840c5e814aa270b04c7914d050bc5.usd
cabinet,505cfa85131abc2522360b5ba42304d9,suspicious,object,1178772626593393082468659900175517483008.000000,58.226240,20244697684904807503778272626889195520.000000,true,true,,0.005550,0.010986,90,ok;blank;blank;blank,/cpfs/user/zhuzihou/assets/dedup_workspaces/test0_transitive_apply_parallel/dataset/GRScenes_assets/cabinet/505cfa85131abc2522360b5ba42304d9,/cpfs/user/zhuzihou/assets/dedup_workspaces/test0_transitive_apply_parallel/dataset/GRScenes_assets/cabinet/505cfa85131abc2522360b5ba42304d9/usd/505cfa85131abc2522360b5ba42304d9.usd
cabinet,5226fa2e145147b4d07698e027ef1541,suspicious,object,1178772626593393082468659900175517483008.000000,354.000700,3329859588644889013458528242174525440.000000,true,true,,0.092907,0.100403,188,ok;ok;blank;blank,/cpfs/user/zhuzihou/assets/dedup_workspaces/test0_transitive_apply_parallel/dataset/GRScenes_assets/cabinet/5226fa2e145147b4d07698e027ef1541,/cpfs/user/zhuzihou/assets/dedup_workspaces/test0_transitive_apply_parallel/dataset/GRScenes_assets/cabinet/5226fa2e145147b4d07698e027ef1541/usd/5226fa2e145147b4d07698e027ef1541.usd
cabinet,5261894c525133cf0a31c4044c63d67b,tiny,object,1178772626593393082468659900175517483008.000000,134.696109,8751348735376240387599334724541087744.000000,true,true,,0.002247,0.003044,38,blank;blank;tiny;blank,/cpfs/user/zhuzihou/assets/dedup_workspaces/test0_transitive_apply_parallel/dataset/GRScenes_assets/cabinet/5261894c525133cf0a31c4044c63d67b,/cpfs/user/zhuzihou/assets/dedup_workspaces/test0_transitive_apply_parallel/dataset/GRScenes_assets/cabinet/5261894c525133cf0a31c4044c63d67b/usd/5261894c525133cf0a31c4044c63d67b.usd
cabinet,528ed313e395177b2bed648fc4657055,suspicious,object,1178772626593393082468659900175517483008.000000,102.631998,11485430003991898151795712437017116672.000000,true,true,,0.047005,0.056236,182,blank;ok;blank;blank,/cpfs/user/zhuzihou/assets/dedup_workspaces/test0_transitive_apply_parallel/dataset/GRScenes_assets/cabinet/528ed313e395177b2bed648fc4657055,/cpfs/user/zhuzihou/assets/dedup_workspaces/test0_transitive_apply_parallel/dataset/GRScenes_assets/cabinet/528ed313e395177b2bed648fc4657055/usd/528ed313e395177b2bed648fc4657055.usd
cabinet,534a9bbdb6670a97405b09fafff81129,suspicious,object,1178772626593393082468659900175517483008.000000,276.963901,4256051505815181896317611232802635776.000000,true,true,,0.032360,0.041962,110,blank;ok;tiny;blank,/cpfs/user/zhuzihou/assets/dedup_workspaces/test0_transitive_apply_parallel/dataset/GRScenes_assets/cabinet/534a9bbdb6670a97405b09fafff81129,/cpfs/user/zhuzihou/assets/dedup_workspaces/test0_transitive_apply_parallel/dataset/GRScenes_assets/cabinet/534a9bbdb6670a97405b09fafff81129/usd/534a9bbdb6670a97405b09fafff81129.usd
cabinet,53791282280375ba4b8663bf7433243b,suspicious,object,1178772626593393082468659900175517483008.000000,349.534949,3372402755537867331377577713911988224.000000,true,true,,0.074650,0.098331,173,blank;blank;ok;ok,/cpfs/user/zhuzihou/assets/dedup_workspaces/test0_transitive_apply_parallel/dataset/GRScenes_assets/cabinet/53791282280375ba4b8663bf7433243b,/cpfs/user/zhuzihou/assets/dedup_workspaces/test0_transitive_apply_parallel/dataset/GRScenes_assets/cabinet/53791282280375ba4b8663bf7433243b/usd/53791282280375ba4b8663bf7433243b.usd
cabinet,54ac01bb53e43f49502a2c240e28ac8c,suspicious,object,1178772626593393082468659900175517483008.000000,510.329121,2309828262250272172376503367235534848.000000,true,true,,0.092384,0.099182,200,ok;tiny;blank;blank,/cpfs/user/zhuzihou/assets/dedup_workspaces/test0_transitive_apply_parallel/dataset/GRScenes_assets/cabinet/54ac01bb53e43f49502a2c240e28ac8c,/cpfs/user/zhuzihou/assets/dedup_workspaces/test0_transitive_apply_parallel/dataset/GRScenes_assets/cabinet/54ac01bb53e43f49502a2c240e28ac8c/usd/54ac01bb53e43f49502a2c240e28ac8c.usd
cabinet,54d5b226a7385dabc88c8dd39e29696f,suspicious,object,1178772626593393082468659900175517483008.000000,253.229171,4654963806319265436675206081920630784.000000,true,true,,0.019695,0.024124,102,ok;blank;blank;blank,/cpfs/user/zhuzihou/assets/dedup_workspaces/test0_transitive_apply_parallel/dataset/GRScenes_assets/cabinet/54d5b226a7385dabc88c8dd39e29696f,/cpfs/user/zhuzihou/assets/dedup_workspaces/test0_transitive_apply_parallel/dataset/GRScenes_assets/cabinet/54d5b226a7385dabc88c8dd39e29696f/usd/54d5b226a7385dabc88c8dd39e29696f.usd
cabinet,5585aa3b21fa5afc2545bb7e25f01650,suspicious,object,1178772626593393082468659900175517483008.000000,297.415247,3963390035731457881594633448580972544.000000,true,true,,0.027710,0.030041,105,ok;ok;blank;blank,/cpfs/user/zhuzihou/assets/dedup_workspaces/test0_transitive_apply_parallel/dataset/GRScenes_assets/cabinet/5585aa3b21fa5afc2545bb7e25f01650,/cpfs/user/zhuzihou/assets/dedup_workspaces/test0_transitive_apply_parallel/dataset/GRScenes_assets/cabinet/5585aa3b21fa5afc2545bb7e25f01650/usd/5585aa3b21fa5afc2545bb7e25f01650.usd
cabinet,55ccb1b966250ec841b7fc34cef92972,suspicious,object,1178772626593393082468659900175517483008.000000,105.421981,11181469122014828321653999207528267776.000000,true,true,,0.023346,0.024902,96,tiny;ok;ok;tiny,/cpfs/user/zhuzihou/assets/dedup_workspaces/test0_transitive_apply_parallel/dataset/GRScenes_assets/cabinet/55ccb1b966250ec841b7fc34cef92972,/cpfs/user/zhuzihou/assets/dedup_workspaces/test0_transitive_apply_parallel/dataset/GRScenes_assets/cabinet/55ccb1b966250ec841b7fc34cef92972/usd/55ccb1b966250ec841b7fc34cef92972.usd
cabinet,55f8352bfc7ed1f9c2b9ef5704918e6f,suspicious,object,1178772626593393082468659900175517483008.000000,300.471715,3923073517187122562293150342981877760.000000,true,true,,0.018242,0.026176,94,blank;blank;ok;blank,/cpfs/user/zhuzihou/assets/dedup_workspaces/test0_transitive_apply_parallel/dataset/GRScenes_assets/cabinet/55f8352bfc7ed1f9c2b9ef5704918e6f,/cpfs/user/zhuzihou/assets/dedup_workspaces/test0_transitive_apply_parallel/dataset/GRScenes_assets/cabinet/55f8352bfc7ed1f9c2b9ef5704918e6f/usd/55f8352bfc7ed1f9c2b9ef5704918e6f.usd
cabinet,56628556fc5a8afb0b466f78ac870866,suspicious,object,1178772626593393082468659900175517483008.000000,320.448521,3678508552469737080771690065135927296.000000,true,true,,0.092735,0.106575,232,blank;ok;ok;ok,/cpfs/user/zhuzihou/assets/dedup_workspaces/test0_transitive_apply_parallel/dataset/GRScenes_assets/cabinet/56628556fc5a8afb0b466f78ac870866,/cpfs/user/zhuzihou/assets/dedup_workspaces/test0_transitive_apply_parallel/dataset/GRScenes_assets/cabinet/56628556fc5a8afb0b466f78ac870866/usd/56628556fc5a8afb0b466f78ac870866.usd
cabinet,567e26ca1d6473f014ec9b6fb138f377,suspicious,object,1178772626593393082468659900175517483008.000000,473.547513,2489238345142203889748420328096268288.000000,true,true,,0.058270,0.064083,157,blank;blank;ok;blank,/cpfs/user/zhuzihou/assets/dedup_workspaces/test0_transitive_apply_parallel/dataset/GRScenes_assets/cabinet/567e26ca1d6473f014ec9b6fb138f377,/cpfs/user/zhuzihou/assets/dedup_workspaces/test0_transitive_apply_parallel/dataset/GRScenes_assets/cabinet/567e26ca1d6473f014ec9b6fb138f377/usd/567e26ca1d6473f014ec9b6fb138f377.usd
cabinet,5691884c9bfdff084834b5cc0990a68f,tiny,object,1178772626593393082468659900175517483008.000000,58.096730,20289827601267906715038042944589266944.000000,true,true,,0.001144,0.001488,30,tiny;blank;blank;blank,/cpfs/user/zhuzihou/assets/dedup_workspaces/test0_transitive_apply_parallel/dataset/GRScenes_assets/cabinet/5691884c9bfdff084834b5cc0990a68f,/cpfs/user/zhuzihou/assets/dedup_workspaces/test0_transitive_apply_parallel/dataset/GRScenes_assets/cabinet/5691884c9bfdff084834b5cc0990a68f/usd/5691884c9bfdff084834b5cc0990a68f.usd
cabinet,56d0852ef03a517db748dde9649810c9,suspicious,object,1178772626593393082468659900175517483008.000000,269.507955,4373795302940570706568721629559390208.000000,true,true,,0.003860,0.005836,85,blank;blank;ok;blank,/cpfs/user/zhuzihou/assets/dedup_workspaces/test0_transitive_apply_parallel/dataset/GRScenes_assets/cabinet/56d0852ef03a517db748dde9649810c9,/cpfs/user/zhuzihou/assets/dedup_workspaces/test0_transitive_apply_parallel/dataset/GRScenes_assets/cabinet/56d0852ef03a517db748dde9649810c9/usd/56d0852ef03a517db748dde9649810c9.usd
cabinet,579a0f1032f32deb1e3cfd24e9e43d30,blank,object,1178772626593393082468659900175517483008.000000,178.986734,6585810021366615481282941677788463104.000000,true,true,,0.000084,0.000126,11,blank;blank;blank;blank,/cpfs/user/zhuzihou/assets/dedup_workspaces/test0_transitive_apply_parallel/dataset/GRScenes_assets/cabinet/579a0f1032f32deb1e3cfd24e9e43d30,/cpfs/user/zhuzihou/assets/dedup_workspaces/test0_transitive_apply_parallel/dataset/GRScenes_assets/cabinet/579a0f1032f32deb1e3cfd24e9e43d30/usd/579a0f1032f32deb1e3cfd24e9e43d30.usd
cabinet,57b0dba4d264067180fca6f4feaff795,suspicious,object,1178772626593393082468659900175517483008.000000,136.858042,8613104569016496105278638353916362752.000000,true,true,,0.023815,0.028873,102,ok;ok;tiny;tiny,/cpfs/user/zhuzihou/assets/dedup_workspaces/test0_transitive_apply_parallel/dataset/GRScenes_assets/cabinet/57b0dba4d264067180fca6f4feaff795,/cpfs/user/zhuzihou/assets/dedup_workspaces/test0_transitive_apply_parallel/dataset/GRScenes_assets/cabinet/57b0dba4d264067180fca6f4feaff795/usd/57b0dba4d264067180fca6f4feaff795.usd
cabinet,57e5db8e4888970ec6832d8ace2419d7,suspicious,object,1178772626593393082468659900175517483008.000000,635.595677,1854595097661817796834945373250256896.000000,true,true,,0.086746,0.174316,408,tiny;ok;ok;ok,/cpfs/user/zhuzihou/assets/dedup_workspaces/test0_transitive_apply_parallel/dataset/GRScenes_assets/cabinet/57e5db8e4888970ec6832d8ace2419d7,/cpfs/user/zhuzihou/assets/dedup_workspaces/test0_transitive_apply_parallel/dataset/GRScenes_assets/cabinet/57e5db8e4888970ec6832d8ace2419d7/usd/57e5db8e4888970ec6832d8ace2419d7.usd
cabinet,58cb16021d7fbfe0f97c5fb02b43b192,tiny,object,1178772626593393082468659900175517483008.000000,216.309966,5449460551202407164558358351819309056.000000,true,true,,0.008064,0.013954,62,blank;blank;blank;tiny,/cpfs/user/zhuzihou/assets/dedup_workspaces/test0_transitive_apply_parallel/dataset/GRScenes_assets/cabinet/58cb16021d7fbfe0f97c5fb02b43b192,/cpfs/user/zhuzihou/assets/dedup_workspaces/test0_transitive_apply_parallel/dataset/GRScenes_assets/cabinet/58cb16021d7fbfe0f97c5fb02b43b192/usd/58cb16021d7fbfe0f97c5fb02b43b192.usd
cabinet,59d6ea5ff2e0102cf8b08f8e44f1412c,suspicious,object,1178772626593393082468659900175517483008.000000,291.231093,4047550740102900004898620366982742016.000000,true,true,,0.010101,0.032730,195,blank;tiny;ok;tiny,/cpfs/user/zhuzihou/assets/dedup_workspaces/test0_transitive_apply_parallel/dataset/GRScenes_assets/cabinet/59d6ea5ff2e0102cf8b08f8e44f1412c,/cpfs/user/zhuzihou/assets/dedup_workspaces/test0_transitive_apply_parallel/dataset/GRScenes_assets/cabinet/59d6ea5ff2e0102cf8b08f8e44f1412c/usd/59d6ea5ff2e0102cf8b08f8e44f1412c.usd
cabinet,59dd6cb8b6cd93601912229ed973367d,suspicious,object,1178772626593393082468659900175517483008.000000,253.371004,4652358044041124260935158682649362432.000000,true,true,,0.013790,0.021011,102,blank;ok;blank;blank,/cpfs/user/zhuzihou/assets/dedup_workspaces/test0_transitive_apply_parallel/dataset/GRScenes_assets/cabinet/59dd6cb8b6cd93601912229ed973367d,/cpfs/user/zhuzihou/assets/dedup_workspaces/test0_transitive_apply_parallel/dataset/GRScenes_assets/cabinet/59dd6cb8b6cd93601912229ed973367d/usd/59dd6cb8b6cd93601912229ed973367d.usd
cabinet,5a0764215610d91789f54f117d22ef18,suspicious,object,1178772626593393082468659900175517483008.000000,188.313483,6259629450867864657220051011842867200.000000,true,true,,0.013763,0.014702,82,ok;blank;blank;blank,/cpfs/user/zhuzihou/assets/dedup_workspaces/test0_transitive_apply_parallel/dataset/GRScenes_assets/cabinet/5a0764215610d91789f54f117d22ef18,/cpfs/user/zhuzihou/assets/dedup_workspaces/test0_transitive_apply_parallel/dataset/GRScenes_assets/cabinet/5a0764215610d91789f54f117d22ef18/usd/5a0764215610d91789f54f117d22ef18.usd
cabinet,5a186509438e39649d808e0849ea2e49,suspicious,object,1178772626593393082468659900175517483008.000000,242.064877,4869655778386238362473477258092740608.000000,true,true,,0.016624,0.018066,128,blank;blank;blank;ok,/cpfs/user/zhuzihou/assets/dedup_workspaces/test0_transitive_apply_parallel/dataset/GRScenes_assets/cabinet/5a186509438e39649d808e0849ea2e49,/cpfs/user/zhuzihou/assets/dedup_workspaces/test0_transitive_apply_parallel/dataset/GRScenes_assets/cabinet/5a186509438e39649d808e0849ea2e49/usd/5a186509438e39649d808e0849ea2e49.usd
cabinet,5a29d4f37a670a6198ece9558aafd78f,suspicious,object,1178772626593393082468659900175517483008.000000,207.172995,5689798643937622742337295375656812544.000000,true,true,,0.008358,0.008430,221,ok;blank;blank;tiny,/cpfs/user/zhuzihou/assets/dedup_workspaces/test0_transitive_apply_parallel/dataset/GRScenes_assets/cabinet/5a29d4f37a670a6198ece9558aafd78f,/cpfs/user/zhuzihou/assets/dedup_workspaces/test0_transitive_apply_parallel/dataset/GRScenes_assets/cabinet/5a29d4f37a670a6198ece9558aafd78f/usd/5a29d4f37a670a6198ece9558aafd78f.usd
cabinet,5a87c6c309a250f88795dc6ea75ae8be,suspicious,object,1178772626593393082468659900175517483008.000000,240.233240,4906784027677675633586113561862602752.000000,true,true,,0.003609,0.003639,159,ok;blank;blank;blank,/cpfs/user/zhuzihou/assets/dedup_workspaces/test0_transitive_apply_parallel/dataset/GRScenes_assets/cabinet/5a87c6c309a250f88795dc6ea75ae8be,/cpfs/user/zhuzihou/assets/dedup_workspaces/test0_transitive_apply_parallel/dataset/GRScenes_assets/cabinet/5a87c6c309a250f88795dc6ea75ae8be/usd/5a87c6c309a250f88795dc6ea75ae8be.usd
cabinet,5aad2242f0d294f33aea6fdba208b85b,suspicious,object,1178772626593393082468659900175517483008.000000,129.482246,9103739398017950988032097049525616640.000000,true,true,,0.034729,0.042992,115,blank;blank;ok;blank,/cpfs/user/zhuzihou/assets/dedup_workspaces/test0_transitive_apply_parallel/dataset/GRScenes_assets/cabinet/5aad2242f0d294f33aea6fdba208b85b,/cpfs/user/zhuzihou/assets/dedup_workspaces/test0_transitive_apply_parallel/dataset/GRScenes_assets/cabinet/5aad2242f0d294f33aea6fdba208b85b/usd/5aad2242f0d294f33aea6fdba208b85b.usd
cabinet,5aff015d97098ec6b289923aa005a595,suspicious,object,1178772626593393082468659900175517483008.000000,360.351041,3271178631687215426354471983514648576.000000,true,true,,0.035427,0.041008,125,ok;ok;tiny;ok,/cpfs/user/zhuzihou/assets/dedup_workspaces/test0_transitive_apply_parallel/dataset/GRScenes_assets/cabinet/5aff015d97098ec6b289923aa005a595,/cpfs/user/zhuzihou/assets/dedup_workspaces/test0_transitive_apply_parallel/dataset/GRScenes_assets/cabinet/5aff015d97098ec6b289923aa005a595/usd/5aff015d97098ec6b289923aa005a595.usd
cabinet,5b05fdc79acafd158597bdb0e25c67e9,tiny,object,1178772626593393082468659900175517483008.000000,86.520078,13624266799296571321424162941998989312.000000,true,true,,0.003578,0.004021,34,blank;blank;tiny;blank,/cpfs/user/zhuzihou/assets/dedup_workspaces/test0_transitive_apply_parallel/dataset/GRScenes_assets/cabinet/5b05fdc79acafd158597bdb0e25c67e9,/cpfs/user/zhuzihou/assets/dedup_workspaces/test0_transitive_apply_parallel/dataset/GRScenes_assets/cabinet/5b05fdc79acafd158597bdb0e25c67e9/usd/5b05fdc79acafd158597bdb0e25c67e9.usd
cabinet,5b668bfa31751340cdd13549ab988c14,suspicious,object,1178772626593393082468659900175517483008.000000,90.708824,12995126338317849359796015927549493248.000000,true,true,,0.002586,0.003777,90,ok;blank;blank;blank,/cpfs/user/zhuzihou/assets/dedup_workspaces/test0_transitive_apply_parallel/dataset/GRScenes_assets/cabinet/5b668bfa31751340cdd13549ab988c14,/cpfs/user/zhuzihou/assets/dedup_workspaces/test0_transitive_apply_parallel/dataset/GRScenes_assets/cabinet/5b668bfa31751340cdd13549ab988c14/usd/5b668bfa31751340cdd13549ab988c14.usd
cabinet,5bd2535a54f45492ecc138b6ceed77fc,suspicious,object,1178772626593393082468659900175517483008.000000,347.482699,3392320337140089177708112483939516416.000000,true,true,,0.026817,0.112534,310,ok;ok;ok;blank,/cpfs/user/zhuzihou/assets/dedup_workspaces/test0_transitive_apply_parallel/dataset/GRScenes_assets/cabinet/5bd2535a54f45492ecc138b6ceed77fc,/cpfs/user/zhuzihou/assets/dedup_workspaces/test0_transitive_apply_parallel/dataset/GRScenes_assets/cabinet/5bd2535a54f45492ecc138b6ceed77fc/usd/5bd2535a54f45492ecc138b6ceed77fc.usd
cabinet,5beeaa7bfe13ad1b18b3e90600a3e58e,tiny,object,1178772626593393082468659900175517483008.000000,220.721360,5340546222185502879722313592491474944.000000,true,true,,0.001759,0.001789,67,blank;blank;tiny;blank,/cpfs/user/zhuzihou/assets/dedup_workspaces/test0_transitive_apply_parallel/dataset/GRScenes_assets/cabinet/5beeaa7bfe13ad1b18b3e90600a3e58e,/cpfs/user/zhuzihou/assets/dedup_workspaces/test0_transitive_apply_parallel/dataset/GRScenes_assets/cabinet/5beeaa7bfe13ad1b18b3e90600a3e58e/usd/5beeaa7bfe13ad1b18b3e90600a3e58e.usd
cabinet,5bfb56f8578690d51bf69021d0c3ace4,suspicious,object,1178772626593393082468659900175517483008.000000,312.451815,3772654118288379611911084022295429120.000000,true,true,,0.066978,0.099121,203,blank;ok;ok;blank,/cpfs/user/zhuzihou/assets/dedup_workspaces/test0_transitive_apply_parallel/dataset/GRScenes_assets/cabinet/5bfb56f8578690d51bf69021d0c3ace4,/cpfs/user/zhuzihou/assets/dedup_workspaces/test0_transitive_apply_parallel/dataset/GRScenes_assets/cabinet/5bfb56f8578690d51bf69021d0c3ace4/usd/5bfb56f8578690d51bf69021d0c3ace4.usd
cabinet,5d7599186cef978f2d0e0236a3e5bce9,suspicious,object,1178772626593393082468659900175517483008.000000,121.143687,9730367749915356222781089333511192576.000000,true,true,,0.032635,0.041813,113,ok;ok;tiny;tiny,/cpfs/user/zhuzihou/assets/dedup_workspaces/test0_transitive_apply_parallel/dataset/GRScenes_assets/cabinet/5d7599186cef978f2d0e0236a3e5bce9,/cpfs/user/zhuzihou/assets/dedup_workspaces/test0_transitive_apply_parallel/dataset/GRScenes_assets/cabinet/5d7599186cef978f2d0e0236a3e5bce9/usd/5d7599186cef978f2d0e0236a3e5bce9.usd
cabinet,5fd99ac39eb2967bf2766e3ec9e29e9b,suspicious,object,1178772626593393082468659900175517483008.000000,308.591162,3819852190512062564151838184004648960.000000,true,true,,0.046883,0.067223,198,blank;tiny;ok;blank,/cpfs/user/zhuzihou/assets/dedup_workspaces/test0_transitive_apply_parallel/dataset/GRScenes_assets/cabinet/5fd99ac39eb2967bf2766e3ec9e29e9b,/cpfs/user/zhuzihou/assets/dedup_workspaces/test0_transitive_apply_parallel/dataset/GRScenes_assets/cabinet/5fd99ac39eb2967bf2766e3ec9e29e9b/usd/5fd99ac39eb2967bf2766e3ec9e29e9b.usd
cabinet,60b2842374ee76f18f48403ddc3ba70d,suspicious,object,1178772626593393082468659900175517483008.000000,110.757041,10642868524294371899576610091603853312.000000,true,true,,0.021332,0.025364,109,tiny;ok;ok;ok,/cpfs/user/zhuzihou/assets/dedup_workspaces/test0_transitive_apply_parallel/dataset/GRScenes_assets/cabinet/60b2842374ee76f18f48403ddc3ba70d,/cpfs/user/zhuzihou/assets/dedup_workspaces/test0_transitive_apply_parallel/dataset/GRScenes_assets/cabinet/60b2842374ee76f18f48403ddc3ba70d/usd/60b2842374ee76f18f48403ddc3ba70d.usd
cabinet,614eb436a380818707a3d8012c6d3d5a,tiny,object,1178772626593393082468659900175517483008.000000,287.273811,4103306955419445626281440145437622272.000000,true,true,,0.006100,0.007664,49,blank;tiny;blank;blank,/cpfs/user/zhuzihou/assets/dedup_workspaces/test0_transitive_apply_parallel/dataset/GRScenes_assets/cabinet/614eb436a380818707a3d8012c6d3d5a,/cpfs/user/zhuzihou/assets/dedup_workspaces/test0_transitive_apply_parallel/dataset/GRScenes_assets/cabinet/614eb436a380818707a3d8012c6d3d5a/usd/614eb436a380818707a3d8012c6d3d5a.usd
cabinet,61516ba20540ed3b62531c02a289dc73,suspicious,object,1178772626593393082468659900175517483008.000000,131.465786,8966383289528602822171373487001698304.000000,true,true,,0.027954,0.033348,94,tiny;ok;ok;tiny,/cpfs/user/zhuzihou/assets/dedup_workspaces/test0_transitive_apply_parallel/dataset/GRScenes_assets/cabinet/61516ba20540ed3b62531c02a289dc73,/cpfs/user/zhuzihou/assets/dedup_workspaces/test0_transitive_apply_parallel/dataset/GRScenes_assets/cabinet/61516ba20540ed3b62531c02a289dc73/usd/61516ba20540ed3b62531c02a289dc73.usd
cabinet,618dc0c77616f7fbb2b9f863a221cef2,suspicious,object,1178772626593393082468659900175517483008.000000,262.495728,4490635474912129806560650762611851264.000000,true,true,,0.017670,0.019772,84,blank;ok;tiny;blank,/cpfs/user/zhuzihou/assets/dedup_workspaces/test0_transitive_apply_parallel/dataset/GRScenes_assets/cabinet/618dc0c77616f7fbb2b9f863a221cef2,/cpfs/user/zhuzihou/assets/dedup_workspaces/test0_transitive_apply_parallel/dataset/GRScenes_assets/cabinet/618dc0c77616f7fbb2b9f863a221cef2/usd/618dc0c77616f7fbb2b9f863a221cef2.usd
cabinet,623a9600388283ee06d02fe866cd276d,suspicious,object,1178772626593393082468659900175517483008.000000,795.915794,1481026805838563362407175293404971008.000000,true,true,,0.093475,0.108009,257,ok;ok;blank;ok,/cpfs/user/zhuzihou/assets/dedup_workspaces/test0_transitive_apply_parallel/dataset/GRScenes_assets/cabinet/623a9600388283ee06d02fe866cd276d,/cpfs/user/zhuzihou/assets/dedup_workspaces/test0_transitive_apply_parallel/dataset/GRScenes_assets/cabinet/623a9600388283ee06d02fe866cd276d/usd/623a9600388283ee06d02fe866cd276d.usd
cabinet,62bffd6985a3ab1cf529b645123b7646,suspicious,object,1178772626593393082468659900175517483008.000000,146.539138,8044080530093572137878496485606162432.000000,true,true,,0.040222,0.052494,139,tiny;ok;ok;ok,/cpfs/user/zhuzihou/assets/dedup_workspaces/test0_transitive_apply_parallel/dataset/GRScenes_assets/cabinet/62bffd6985a3ab1cf529b645123b7646,/cpfs/user/zhuzihou/assets/dedup_workspaces/test0_transitive_apply_parallel/dataset/GRScenes_assets/cabinet/62bffd6985a3ab1cf529b645123b7646/usd/62bffd6985a3ab1cf529b645123b7646.usd
cabinet,631fd5d1e8e0354a6b37fa1ffefbd74c,suspicious,object,1178772626593393082468659900175517483008.000000,124.283910,9484515148373167805325124308217888768.000000,true,true,,0.056217,0.066719,159,ok;ok;tiny;tiny,/cpfs/user/zhuzihou/assets/dedup_workspaces/test0_transitive_apply_parallel/dataset/GRScenes_assets/cabinet/631fd5d1e8e0354a6b37fa1ffefbd74c,/cpfs/user/zhuzihou/assets/dedup_workspaces/test0_transitive_apply_parallel/dataset/GRScenes_assets/cabinet/631fd5d1e8e0354a6b37fa1ffefbd74c/usd/631fd5d1e8e0354a6b37fa1ffefbd74c.usd
cabinet,635fce7b8dbd0365bdcbec6806d809d7,suspicious,object,1178772626593393082468659900175517483008.000000,244.210108,4826878929902771009312325670755368960.000000,true,true,,0.020081,0.020458,173,blank;blank;ok;blank,/cpfs/user/zhuzihou/assets/dedup_workspaces/test0_transitive_apply_parallel/dataset/GRScenes_assets/cabinet/635fce7b8dbd0365bdcbec6806d809d7,/cpfs/user/zhuzihou/assets/dedup_workspaces/test0_transitive_apply_parallel/dataset/GRScenes_assets/cabinet/635fce7b8dbd0365bdcbec6806d809d7/usd/635fce7b8dbd0365bdcbec6806d809d7.usd
cabinet,6436f1de9dff5cc3059618c5e8c8006e,suspicious,object,1178772626593393082468659900175517483008.000000,258.413184,4561580825197196785622548524711280640.000000,true,true,,0.039917,0.041576,173,blank;blank;ok;blank,/cpfs/user/zhuzihou/assets/dedup_workspaces/test0_transitive_apply_parallel/dataset/GRScenes_assets/cabinet/6436f1de9dff5cc3059618c5e8c8006e,/cpfs/user/zhuzihou/assets/dedup_workspaces/test0_transitive_apply_parallel/dataset/GRScenes_assets/cabinet/6436f1de9dff5cc3059618c5e8c8006e/usd/6436f1de9dff5cc3059618c5e8c8006e.usd
cabinet,64490f7dd140deadf3a492d5c901f6c3,suspicious,object,1178772626593393082468659900175517483008.000000,266.332417,4425944985267496554120148045837369344.000000,true,true,,0.032227,0.044250,150,tiny;ok;ok;ok,/cpfs/user/zhuzihou/assets/dedup_workspaces/test0_transitive_apply_parallel/dataset/GRScenes_assets/cabinet/64490f7dd140deadf3a492d5c901f6c3,/cpfs/user/zhuzihou/assets/dedup_workspaces/test0_transitive_apply_parallel/dataset/GRScenes_assets/cabinet/64490f7dd140deadf3a492d5c901f6c3/usd/64490f7dd140deadf3a492d5c901f6c3.usd
cabinet,6514aef8d75e21ea6464032dbbb48f94,suspicious,object,1178772626593393082468659900175517483008.000000,421.772437,2794807161083944343083241521104814080.000000,true,true,,0.012783,0.055462,217,blank;ok;tiny;blank,/cpfs/user/zhuzihou/assets/dedup_workspaces/test0_transitive_apply_parallel/dataset/GRScenes_assets/cabinet/6514aef8d75e21ea6464032dbbb48f94,/cpfs/user/zhuzihou/assets/dedup_workspaces/test0_transitive_apply_parallel/dataset/GRScenes_assets/cabinet/6514aef8d75e21ea6464032dbbb48f94/usd/6514aef8d75e21ea6464032dbbb48f94.usd
cabinet,6528d79555b34c8bd89dd76b217115e6,suspicious,object,1178772626593393082468659900175517483008.000000,243.516245,4840632396910740876010448661168259072.000000,true,true,,0.040722,0.043945,192,tiny;ok;ok;ok,/cpfs/user/zhuzihou/assets/dedup_workspaces/test0_transitive_apply_parallel/dataset/GRScenes_assets/cabinet/6528d79555b34c8bd89dd76b217115e6,/cpfs/user/zhuzihou/assets/dedup_workspaces/test0_transitive_apply_parallel/dataset/GRScenes_assets/cabinet/6528d79555b34c8bd89dd76b217115e6/usd/6528d79555b34c8bd89dd76b217115e6.usd
cabinet,65928b8f780509e43c74f50d08bf0a93,suspicious,object,1178772626593393082468659900175517483008.000000,263.633314,4471258227973677057646102516770799616.000000,true,true,,0.040806,0.041405,201,ok;ok;blank;blank,/cpfs/user/zhuzihou/assets/dedup_workspaces/test0_transitive_apply_parallel/dataset/GRScenes_assets/cabinet/65928b8f780509e43c74f50d08bf0a93,/cpfs/user/zhuzihou/assets/dedup_workspaces/test0_transitive_apply_parallel/dataset/GRScenes_assets/cabinet/65928b8f780509e43c74f50d08bf0a93/usd/65928b8f780509e43c74f50d08bf0a93.usd
cabinet,65e550a2a69622c20d3e5253ebe10ec7,tiny,object,1178772626593393082468659900175517483008.000000,110.320555,10684977259476180281305978557131915264.000000,true,true,,0.009529,0.010006,61,tiny;blank;blank;blank,/cpfs/user/zhuzihou/assets/dedup_workspaces/test0_transitive_apply_parallel/dataset/GRScenes_assets/cabinet/65e550a2a69622c20d3e5253ebe10ec7,/cpfs/user/zhuzihou/assets/dedup_workspaces/test0_transitive_apply_parallel/dataset/GRScenes_assets/cabinet/65e550a2a69622c20d3e5253ebe10ec7/usd/65e550a2a69622c20d3e5253ebe10ec7.usd
cabinet,66493d4959f19f44c94791afb92d7adb,suspicious,object,1178772626593393082468659900175517483008.000000,184.759333,6380043754266724774779319947299389440.000000,true,true,,0.023155,0.036163,120,blank;ok;tiny;blank,/cpfs/user/zhuzihou/assets/dedup_workspaces/test0_transitive_apply_parallel/dataset/GRScenes_assets/cabinet/66493d4959f19f44c94791afb92d7adb,/cpfs/user/zhuzihou/assets/dedup_workspaces/test0_transitive_apply_parallel/dataset/GRScenes_assets/cabinet/66493d4959f19f44c94791afb92d7adb/usd/66493d4959f19f44c94791afb92d7adb.usd
cabinet,672f2e651bbf1bcf74e0f26ab289fada,suspicious,object,1178772626593393082468659900175517483008.000000,343.180551,3434846830577915862741857555246481408.000000,true,true,,0.063499,0.077461,143,blank;blank;ok;blank,/cpfs/user/zhuzihou/assets/dedup_workspaces/test0_transitive_apply_parallel/dataset/GRScenes_assets/cabinet/672f2e651bbf1bcf74e0f26ab289fada,/cpfs/user/zhuzihou/assets/dedup_workspaces/test0_transitive_apply_parallel/dataset/GRScenes_assets/cabinet/672f2e651bbf1bcf74e0f26ab289fada/usd/672f2e651bbf1bcf74e0f26ab289fada.usd
cabinet,678e756ff9efa3f4bf99e3525559d1fa,suspicious,object,1178772626593393082468659900175517483008.000000,134.269898,8779128049972476171186973187285975040.000000,true,true,,0.025574,0.029743,113,ok;tiny;ok;ok,/cpfs/user/zhuzihou/assets/dedup_workspaces/test0_transitive_apply_parallel/dataset/GRScenes_assets/cabinet/678e756ff9efa3f4bf99e3525559d1fa,/cpfs/user/zhuzihou/assets/dedup_workspaces/test0_transitive_apply_parallel/dataset/GRScenes_assets/cabinet/678e756ff9efa3f4bf99e3525559d1fa/usd/678e756ff9efa3f4bf99e3525559d1fa.usd
cabinet,67d20448c41ade1c198d0182db94725f,suspicious,object,1178772626593393082468659900175517483008.000000,444.040505,2654651127971115175581051660256935936.000000,true,true,,0.027725,0.085953,172,blank;ok;blank;blank,/cpfs/user/zhuzihou/assets/dedup_workspaces/test0_transitive_apply_parallel/dataset/GRScenes_assets/cabinet/67d20448c41ade1c198d0182db94725f,/cpfs/user/zhuzihou/assets/dedup_workspaces/test0_transitive_apply_parallel/dataset/GRScenes_assets/cabinet/67d20448c41ade1c198d0182db94725f/usd/67d20448c41ade1c198d0182db94725f.usd
cabinet,68007680b83db0c9fbc59f2431607d9f,tiny,object,1178772626593393082468659900175517483008.000000,250.334260,4708794654381760338760015062864232448.000000,true,true,,0.002209,0.012695,64,blank;tiny;blank;blank,/cpfs/user/zhuzihou/assets/dedup_workspaces/test0_transitive_apply_parallel/dataset/GRScenes_assets/cabinet/68007680b83db0c9fbc59f2431607d9f,/cpfs/user/zhuzihou/assets/dedup_workspaces/test0_transitive_apply_parallel/dataset/GRScenes_assets/cabinet/68007680b83db0c9fbc59f2431607d9f/usd/68007680b83db0c9fbc59f2431607d9f.usd
cabinet,6807cab3d4d27fe6b716f3f48a689c61,suspicious,object,1178772626593393082468659900175517483008.000000,212.359352,5550839263083775527900496742460686336.000000,true,true,,0.035545,0.039734,112,blank;blank;ok;blank,/cpfs/user/zhuzihou/assets/dedup_workspaces/test0_transitive_apply_parallel/dataset/GRScenes_assets/cabinet/6807cab3d4d27fe6b716f3f48a689c61,/cpfs/user/zhuzihou/assets/dedup_workspaces/test0_transitive_apply_parallel/dataset/GRScenes_assets/cabinet/6807cab3d4d27fe6b716f3f48a689c61/usd/6807cab3d4d27fe6b716f3f48a689c61.usd
cabinet,6893d1e273e5a806ec9fc9a9ba09c8ed,suspicious,object,1178772626593393082468659900175517483008.000000,160.252913,7355701700128169351565931774836998144.000000,true,true,,0.021515,0.025131,108,ok;blank;blank;blank,/cpfs/user/zhuzihou/assets/dedup_workspaces/test0_transitive_apply_parallel/dataset/GRScenes_assets/cabinet/6893d1e273e5a806ec9fc9a9ba09c8ed,/cpfs/user/zhuzihou/assets/dedup_workspaces/test0_transitive_apply_parallel/dataset/GRScenes_assets/cabinet/6893d1e273e5a806ec9fc9a9ba09c8ed/usd/6893d1e273e5a806ec9fc9a9ba09c8ed.usd
cabinet,69019bd1afc30c258c97ccbd280bd571,suspicious,object,1178772626593393082468659900175517483008.000000,163.111548,7226788313280620572552235960219205632.000000,true,true,,0.024883,0.028866,161,blank;ok;ok;blank,/cpfs/user/zhuzihou/assets/dedup_workspaces/test0_transitive_apply_parallel/dataset/GRScenes_assets/cabinet/69019bd1afc30c258c97ccbd280bd571,/cpfs/user/zhuzihou/assets/dedup_workspaces/test0_transitive_apply_parallel/dataset/GRScenes_assets/cabinet/69019bd1afc30c258c97ccbd280bd571/usd/69019bd1afc30c258c97ccbd280bd571.usd
cabinet,693149dec0ced97d580f381f0d4803e5,suspicious,object,1178772626593393082468659900175517483008.000000,195.815249,6019820387063389677614724009085108224.000000,true,true,,0.036861,0.063362,151,blank;blank;ok;ok,/cpfs/user/zhuzihou/assets/dedup_workspaces/test0_transitive_apply_parallel/dataset/GRScenes_assets/cabinet/693149dec0ced97d580f381f0d4803e5,/cpfs/user/zhuzihou/assets/dedup_workspaces/test0_transitive_apply_parallel/dataset/GRScenes_assets/cabinet/693149dec0ced97d580f381f0d4803e5/usd/693149dec0ced97d580f381f0d4803e5.usd
cabinet,694006d900b103e5702ed21518275c95,suspicious,object,1178772626593393082468659900175517483008.000000,249.198720,4730251537733709229702329202617876480.000000,true,true,,0.036369,0.051796,147,blank;ok;ok;blank,/cpfs/user/zhuzihou/assets/dedup_workspaces/test0_transitive_apply_parallel/dataset/GRScenes_assets/cabinet/694006d900b103e5702ed21518275c95,/cpfs/user/zhuzihou/assets/dedup_workspaces/test0_transitive_apply_parallel/dataset/GRScenes_assets/cabinet/694006d900b103e5702ed21518275c95/usd/694006d900b103e5702ed21518275c95.usd
cabinet,6962f8c8f7d29d48c4adeaad8166e191,suspicious,object,1178772626593393082468659900175517483008.000000,271.388018,4343495463593516074725306089223487488.000000,true,true,,0.020527,0.025658,114,blank;ok;blank;blank,/cpfs/user/zhuzihou/assets/dedup_workspaces/test0_transitive_apply_parallel/dataset/GRScenes_assets/cabinet/6962f8c8f7d29d48c4adeaad8166e191,/cpfs/user/zhuzihou/assets/dedup_workspaces/test0_transitive_apply_parallel/dataset/GRScenes_assets/cabinet/6962f8c8f7d29d48c4adeaad8166e191/usd/6962f8c8f7d29d48c4adeaad8166e191.usd
cabinet,69992fa6f3ae177833293fa7365b41ef,suspicious,object,1178772626593393082468659900175517483008.000000,140.273444,8403391202556612910437467279576793088.000000,true,true,,0.034821,0.046303,132,ok;ok;tiny;tiny,/cpfs/user/zhuzihou/assets/dedup_workspaces/test0_transitive_apply_parallel/dataset/GRScenes_assets/cabinet/69992fa6f3ae177833293fa7365b41ef,/cpfs/user/zhuzihou/assets/dedup_workspaces/test0_transitive_apply_parallel/dataset/GRScenes_assets/cabinet/69992fa6f3ae177833293fa7365b41ef/usd/69992fa6f3ae177833293fa7365b41ef.usd
cabinet,69fbe67a2455a855d1e878f3a4174a83,suspicious,object,1178772626593393082468659900175517483008.000000,368.271785,3200822525943128096946550098035212288.000000,true,true,,0.037758,0.042297,144,ok;blank;blank;blank,/cpfs/user/zhuzihou/assets/dedup_workspaces/test0_transitive_apply_parallel/dataset/GRScenes_assets/cabinet/69fbe67a2455a855d1e878f3a4174a83,/cpfs/user/zhuzihou/assets/dedup_workspaces/test0_transitive_apply_parallel/dataset/GRScenes_assets/cabinet/69fbe67a2455a855d1e878f3a4174a83/usd/69fbe67a2455a855d1e878f3a4174a83.usd
cabinet,6aaee5c6bd9209c8c77d49245a02d153,suspicious,object,1178772626593393082468659900175517483008.000000,276.890498,4257179773581122860506057793993703424.000000,true,true,,0.015209,0.023392,84,blank;blank;blank;ok,/cpfs/user/zhuzihou/assets/dedup_workspaces/test0_transitive_apply_parallel/dataset/GRScenes_assets/cabinet/6aaee5c6bd9209c8c77d49245a02d153,/cpfs/user/zhuzihou/assets/dedup_workspaces/test0_transitive_apply_parallel/dataset/GRScenes_assets/cabinet/6aaee5c6bd9209c8c77d49245a02d153/usd/6aaee5c6bd9209c8c77d49245a02d153.usd
cabinet,6c618663fbbda397ddf427bbec0ae949,suspicious,object,1178772626593393082468659900175517483008.000000,304.460282,3871679483199454689757789366907830272.000000,true,true,,0.076271,0.083298,212,ok;ok;blank;tiny,/cpfs/user/zhuzihou/assets/dedup_workspaces/test0_transitive_apply_parallel/dataset/GRScenes_assets/cabinet/6c618663fbbda397ddf427bbec0ae949,/cpfs/user/zhuzihou/assets/dedup_workspaces/test0_transitive_apply_parallel/dataset/GRScenes_assets/cabinet/6c618663fbbda397ddf427bbec0ae949/usd/6c618663fbbda397ddf427bbec0ae949.usd
cabinet,6d64241c516f8e7d7d17804a99fd11e0,suspicious,object,1178772626593393082468659900175517483008.000000,278.514498,4232356434033731067803701237470199808.000000,true,true,,0.020309,0.037491,156,blank;ok;ok;blank,/cpfs/user/zhuzihou/assets/dedup_workspaces/test0_transitive_apply_parallel/dataset/GRScenes_assets/cabinet/6d64241c516f8e7d7d17804a99fd11e0,/cpfs/user/zhuzihou/assets/dedup_workspaces/test0_transitive_apply_parallel/dataset/GRScenes_assets/cabinet/6d64241c516f8e7d7d17804a99fd11e0/usd/6d64241c516f8e7d7d17804a99fd11e0.usd
cabinet,6ee9b04253e7a388f9905a35122e1462,suspicious,object,1178772626593393082468659900175517483008.000000,207.173044,5689797310224094051420627368065105920.000000,true,true,,0.008339,0.011330,220,blank;blank;ok;tiny,/cpfs/user/zhuzihou/assets/dedup_workspaces/test0_transitive_apply_parallel/dataset/GRScenes_assets/cabinet/6ee9b04253e7a388f9905a35122e1462,/cpfs/user/zhuzihou/assets/dedup_workspaces/test0_transitive_apply_parallel/dataset/GRScenes_assets/cabinet/6ee9b04253e7a388f9905a35122e1462/usd/6ee9b04253e7a388f9905a35122e1462.usd
cabinet,6f4c6344b7021b156b21b3e4a3dd481d,suspicious,object,1178772626593393082468659900175517483008.000000,384.121840,3068746693743782052985670457886769152.000000,true,true,,0.038094,0.046257,141,blank;blank;ok;blank,/cpfs/user/zhuzihou/assets/dedup_workspaces/test0_transitive_apply_parallel/dataset/GRScenes_assets/cabinet/6f4c6344b7021b156b21b3e4a3dd481d,/cpfs/user/zhuzihou/assets/dedup_workspaces/test0_transitive_apply_parallel/dataset/GRScenes_assets/cabinet/6f4c6344b7021b156b21b3e4a3dd481d/usd/6f4c6344b7021b156b21b3e4a3dd481d.usd
cabinet,6f78968046117882ea1189c9a7d5e417,suspicious,object,1178772626593393082468659900175517483008.000000,130.525574,9030970646530560637650392078373355520.000000,true,true,,0.020470,0.022858,107,blank;ok;blank;blank,/cpfs/user/zhuzihou/assets/dedup_workspaces/test0_transitive_apply_parallel/dataset/GRScenes_assets/cabinet/6f78968046117882ea1189c9a7d5e417,/cpfs/user/zhuzihou/assets/dedup_workspaces/test0_transitive_apply_parallel/dataset/GRScenes_assets/cabinet/6f78968046117882ea1189c9a7d5e417/usd/6f78968046117882ea1189c9a7d5e417.usd
cabinet,6f7c358f1479f18c65d32903d6bef778,suspicious,object,1178772626593393082468659900175517483008.000000,270.572664,4356584316731981419697150243068968960.000000,true,true,,0.003208,0.018028,139,blank;blank;ok;blank,/cpfs/user/zhuzihou/assets/dedup_workspaces/test0_transitive_apply_parallel/dataset/GRScenes_assets/cabinet/6f7c358f1479f18c65d32903d6bef778,/cpfs/user/zhuzihou/assets/dedup_workspaces/test0_transitive_apply_parallel/dataset/GRScenes_assets/cabinet/6f7c358f1479f18c65d32903d6bef778/usd/6f7c358f1479f18c65d32903d6bef778.usd
cabinet,700e95ffc7f2d37ded3ec521836dd262,suspicious,object,1178772626593393082468659900175517483008.000000,113.373633,10397237858796126483063645944336613376.000000,true,true,,0.020443,0.027012,97,blank;blank;blank;ok,/cpfs/user/zhuzihou/assets/dedup_workspaces/test0_transitive_apply_parallel/dataset/GRScenes_assets/cabinet/700e95ffc7f2d37ded3ec521836dd262,/cpfs/user/zhuzihou/assets/dedup_workspaces/test0_transitive_apply_parallel/dataset/GRScenes_assets/cabinet/700e95ffc7f2d37ded3ec521836dd262/usd/700e95ffc7f2d37ded3ec521836dd262.usd
cabinet,70c4f47067d56fdf6daa8d8d40992d61,tiny,object,1178772626593393082468659900175517483008.000000,119.136017,9894343094025759539116173496028233728.000000,true,true,,0.011162,0.012062,62,blank;blank;blank;tiny,/cpfs/user/zhuzihou/assets/dedup_workspaces/test0_transitive_apply_parallel/dataset/GRScenes_assets/cabinet/70c4f47067d56fdf6daa8d8d40992d61,/cpfs/user/zhuzihou/assets/dedup_workspaces/test0_transitive_apply_parallel/dataset/GRScenes_assets/cabinet/70c4f47067d56fdf6daa8d8d40992d61/usd/70c4f47067d56fdf6daa8d8d40992d61.usd
cabinet,71d744218980f92027ad956f72cafbff,tiny,object,1178772626593393082468659900175517483008.000000,84.471836,13954623068740000997917242408365457408.000000,true,true,,0.002384,0.007370,69,blank;blank;tiny;blank,/cpfs/user/zhuzihou/assets/dedup_workspaces/test0_transitive_apply_parallel/dataset/GRScenes_assets/cabinet/71d744218980f92027ad956f72cafbff,/cpfs/user/zhuzihou/assets/dedup_workspaces/test0_transitive_apply_parallel/dataset/GRScenes_assets/cabinet/71d744218980f92027ad956f72cafbff/usd/71d744218980f92027ad956f72cafbff.usd
cabinet,725bf9e9ef5f68afaca346cce768198e,suspicious,object,1178772626593393082468659900175517483008.000000,348.234177,3384999818536483561837131341190135808.000000,true,true,,0.018532,0.034412,97,blank;blank;ok;ok,/cpfs/user/zhuzihou/assets/dedup_workspaces/test0_transitive_apply_parallel/dataset/GRScenes_assets/cabinet/725bf9e9ef5f68afaca346cce768198e,/cpfs/user/zhuzihou/assets/dedup_workspaces/test0_transitive_apply_parallel/dataset/GRScenes_assets/cabinet/725bf9e9ef5f68afaca346cce768198e/usd/725bf9e9ef5f68afaca346cce768198e.usd
cabinet,72c6bb3de9a62e85fa40e3791a4dd959,blank,object,1178772626593393082468659900175517483008.000000,288.412679,4087104045102658864487925747780943872.000000,true,true,,0.000000,0.000000,0,blank;blank;blank;blank,/cpfs/user/zhuzihou/assets/dedup_workspaces/test0_transitive_apply_parallel/dataset/GRScenes_assets/cabinet/72c6bb3de9a62e85fa40e3791a4dd959,/cpfs/user/zhuzihou/assets/dedup_workspaces/test0_transitive_apply_parallel/dataset/GRScenes_assets/cabinet/72c6bb3de9a62e85fa40e3791a4dd959/usd/72c6bb3de9a62e85fa40e3791a4dd959.usd
cabinet,7301cb96f84bc6a3efee5d87530b6323,suspicious,object,1178772626593393082468659900175517483008.000000,363.730654,3240784390801273554913926104471306240.000000,true,true,,0.005207,0.035583,106,blank;blank;ok;ok,/cpfs/user/zhuzihou/assets/dedup_workspaces/test0_transitive_apply_parallel/dataset/GRScenes_assets/cabinet/7301cb96f84bc6a3efee5d87530b6323,/cpfs/user/zhuzihou/assets/dedup_workspaces/test0_transitive_apply_parallel/dataset/GRScenes_assets/cabinet/7301cb96f84bc6a3efee5d87530b6323/usd/7301cb96f84bc6a3efee5d87530b6323.usd
cabinet,73d6d4861e02702d7e54e1af9e57eff0,suspicious,object,1178772626593393082468659900175517483008.000000,249.842464,4718063570110779686560325210912849920.000000,true,true,,0.050774,0.054764,194,ok;ok;ok;tiny,/cpfs/user/zhuzihou/assets/dedup_workspaces/test0_transitive_apply_parallel/dataset/GRScenes_assets/cabinet/73d6d4861e02702d7e54e1af9e57eff0,/cpfs/user/zhuzihou/assets/dedup_workspaces/test0_transitive_apply_parallel/dataset/GRScenes_assets/cabinet/73d6d4861e02702d7e54e1af9e57eff0/usd/73d6d4861e02702d7e54e1af9e57eff0.usd
cabinet,73fa878b678c535f59ce06b33cde9c8a,suspicious,object,1178772626593393082468659900175517483008.000000,245.153018,4808313745308011831352407727227797504.000000,true,true,,0.023140,0.023621,172,blank;blank;ok;blank,/cpfs/user/zhuzihou/assets/dedup_workspaces/test0_transitive_apply_parallel/dataset/GRScenes_assets/cabinet/73fa878b678c535f59ce06b33cde9c8a,/cpfs/user/zhuzihou/assets/dedup_workspaces/test0_transitive_apply_parallel/dataset/GRScenes_assets/cabinet/73fa878b678c535f59ce06b33cde9c8a/usd/73fa878b678c535f59ce06b33cde9c8a.usd
cabinet,74c84af7af82f0b63b0d2345a7e886cd,blank,object,1178772626593393082468659900175517483008.000000,75.273970,15659764211733032683587345463749115904.000000,true,true,,0.000000,0.000000,0,blank;blank;blank;blank,/cpfs/user/zhuzihou/assets/dedup_workspaces/test0_transitive_apply_parallel/dataset/GRScenes_assets/cabinet/74c84af7af82f0b63b0d2345a7e886cd,/cpfs/user/zhuzihou/assets/dedup_workspaces/test0_transitive_apply_parallel/dataset/GRScenes_assets/cabinet/74c84af7af82f0b63b0d2345a7e886cd/usd/74c84af7af82f0b63b0d2345a7e886cd.usd
cabinet,758cd0357e8177269de19c66d93f1c5f,suspicious,object,1178772626593393082468659900175517483008.000000,695.743174,1694264018878319777480845176917196800.000000,true,true,,0.077797,0.104164,258,blank;ok;ok;ok,/cpfs/user/zhuzihou/assets/dedup_workspaces/test0_transitive_apply_parallel/dataset/GRScenes_assets/cabinet/758cd0357e8177269de19c66d93f1c5f,/cpfs/user/zhuzihou/assets/dedup_workspaces/test0_transitive_apply_parallel/dataset/GRScenes_assets/cabinet/758cd0357e8177269de19c66d93f1c5f/usd/758cd0357e8177269de19c66d93f1c5f.usd
cabinet,766656036dc90d06f126e4b9ab9933af,suspicious,object,1178772626593393082468659900175517483008.000000,210.304759,5605068727285100661084613088028655616.000000,true,true,,0.010120,0.014877,223,blank;blank;ok;tiny,/cpfs/user/zhuzihou/assets/dedup_workspaces/test0_transitive_apply_parallel/dataset/GRScenes_assets/cabinet/766656036dc90d06f126e4b9ab9933af,/cpfs/user/zhuzihou/assets/dedup_workspaces/test0_transitive_apply_parallel/dataset/GRScenes_assets/cabinet/766656036dc90d06f126e4b9ab9933af/usd/766656036dc90d06f126e4b9ab9933af.usd
cabinet,768bd182289fc63f9e0887e4f56d6d27,suspicious,object,1178772626593393082468659900175517483008.000000,259.374251,4544678674625839757430444366988574720.000000,true,true,,0.033710,0.036049,150,ok;blank;blank;blank,/cpfs/user/zhuzihou/assets/dedup_workspaces/test0_transitive_apply_parallel/dataset/GRScenes_assets/cabinet/768bd182289fc63f9e0887e4f56d6d27,/cpfs/user/zhuzihou/assets/dedup_workspaces/test0_transitive_apply_parallel/dataset/GRScenes_assets/cabinet/768bd182289fc63f9e0887e4f56d6d27/usd/768bd182289fc63f9e0887e4f56d6d27.usd
cabinet,77d0281fa21a82ad092dd4db5aa83ce3,blank,object,1178772626593393082468659900175517483008.000000,177.473229,6641974321266847578738574682841153536.000000,true,true,,0.000000,0.000000,0,blank;blank;blank;blank,/cpfs/user/zhuzihou/assets/dedup_workspaces/test0_transitive_apply_parallel/dataset/GRScenes_assets/cabinet/77d0281fa21a82ad092dd4db5aa83ce3,/cpfs/user/zhuzihou/assets/dedup_workspaces/test0_transitive_apply_parallel/dataset/GRScenes_assets/cabinet/77d0281fa21a82ad092dd4db5aa83ce3/usd/77d0281fa21a82ad092dd4db5aa83ce3.usd
cabinet,7975c48d19bc144eef7dff7eceb7ea5a,suspicious,object,1178772626593393082468659900175517483008.000000,254.754796,4627087094425245754919850636237340672.000000,true,true,,0.038643,0.040512,177,blank;blank;ok;blank,/cpfs/user/zhuzihou/assets/dedup_workspaces/test0_transitive_apply_parallel/dataset/GRScenes_assets/cabinet/7975c48d19bc144eef7dff7eceb7ea5a,/cpfs/user/zhuzihou/assets/dedup_workspaces/test0_transitive_apply_parallel/dataset/GRScenes_assets/cabinet/7975c48d19bc144eef7dff7eceb7ea5a/usd/7975c48d19bc144eef7dff7eceb7ea5a.usd
cabinet,7ae998050abde8d09baea53dc21597d8,suspicious,object,1178772626593393082468659900175517483008.000000,405.139026,2909550921829607076715258663156056064.000000,true,true,,0.063721,0.104141,210,blank;ok;ok;ok,/cpfs/user/zhuzihou/assets/dedup_workspaces/test0_transitive_apply_parallel/dataset/GRScenes_assets/cabinet/7ae998050abde8d09baea53dc21597d8,/cpfs/user/zhuzihou/assets/dedup_workspaces/test0_transitive_apply_parallel/dataset/GRScenes_assets/cabinet/7ae998050abde8d09baea53dc21597d8/usd/7ae998050abde8d09baea53dc21597d8.usd
cabinet,7c3bcb9e9a74c3c896e9cf1f0c744a6c,suspicious,object,1178772626593393082468659900175517483008.000000,252.991984,4659327975737491963154338883078979584.000000,true,true,,0.034557,0.036255,176,blank;blank;ok;blank,/cpfs/user/zhuzihou/assets/dedup_workspaces/test0_transitive_apply_parallel/dataset/GRScenes_assets/cabinet/7c3bcb9e9a74c3c896e9cf1f0c744a6c,/cpfs/user/zhuzihou/assets/dedup_workspaces/test0_transitive_apply_parallel/dataset/GRScenes_assets/cabinet/7c3bcb9e9a74c3c896e9cf1f0c744a6c/usd/7c3bcb9e9a74c3c896e9cf1f0c744a6c.usd
cabinet,7dd098c2806e4493a0f87c21889e97b0,suspicious,object,1178772626593393082468659900175517483008.000000,253.229149,4654964213940521633621906831284633600.000000,true,true,,0.053703,0.079315,226,blank;blank;ok;ok,/cpfs/user/zhuzihou/assets/dedup_workspaces/test0_transitive_apply_parallel/dataset/GRScenes_assets/cabinet/7dd098c2806e4493a0f87c21889e97b0,/cpfs/user/zhuzihou/assets/dedup_workspaces/test0_transitive_apply_parallel/dataset/GRScenes_assets/cabinet/7dd098c2806e4493a0f87c21889e97b0/usd/7dd098c2806e4493a0f87c21889e97b0.usd
cabinet,7df076c941abb618ed74808ae425310d,suspicious,object,1178772626593393082468659900175517483008.000000,196.977544,5984299543972944888153532944514809856.000000,true,true,,0.035625,0.036697,149,tiny;ok;ok;ok,/cpfs/user/zhuzihou/assets/dedup_workspaces/test0_transitive_apply_parallel/dataset/GRScenes_assets/cabinet/7df076c941abb618ed74808ae425310d,/cpfs/user/zhuzihou/assets/dedup_workspaces/test0_transitive_apply_parallel/dataset/GRScenes_assets/cabinet/7df076c941abb618ed74808ae425310d/usd/7df076c941abb618ed74808ae425310d.usd
cabinet,7e3440ea65c04b8e8f76eee95ea1a443,suspicious,object,1178772626593393082468659900175517483008.000000,236.916614,4975474742321041127107284432561635328.000000,true,true,,0.008484,0.018143,82,blank;blank;blank;ok,/cpfs/user/zhuzihou/assets/dedup_workspaces/test0_transitive_apply_parallel/dataset/GRScenes_assets/cabinet/7e3440ea65c04b8e8f76eee95ea1a443,/cpfs/user/zhuzihou/assets/dedup_workspaces/test0_transitive_apply_parallel/dataset/GRScenes_assets/cabinet/7e3440ea65c04b8e8f76eee95ea1a443/usd/7e3440ea65c04b8e8f76eee95ea1a443.usd
cabinet,7fa6a7786f0d218d75d67a880de6c357,suspicious,object,1178772626593393082468659900175517483008.000000,308.189114,3824835384240633398770366072878006272.000000,true,true,,0.034542,0.040527,166,blank;blank;ok;blank,/cpfs/user/zhuzihou/assets/dedup_workspaces/test0_transitive_apply_parallel/dataset/GRScenes_assets/cabinet/7fa6a7786f0d218d75d67a880de6c357,/cpfs/user/zhuzihou/assets/dedup_workspaces/test0_transitive_apply_parallel/dataset/GRScenes_assets/cabinet/7fa6a7786f0d218d75d67a880de6c357/usd/7fa6a7786f0d218d75d67a880de6c357.usd
cabinet,7fd206d39fc21f9936c6f092b9095599,suspicious,object,1178772626593393082468659900175517483008.000000,337.028255,3497548374987087441278625129835790336.000000,true,true,,0.056648,0.062828,183,ok;blank;blank;ok,/cpfs/user/zhuzihou/assets/dedup_workspaces/test0_transitive_apply_parallel/dataset/GRScenes_assets/cabinet/7fd206d39fc21f9936c6f092b9095599,/cpfs/user/zhuzihou/assets/dedup_workspaces/test0_transitive_apply_parallel/dataset/GRScenes_assets/cabinet/7fd206d39fc21f9936c6f092b9095599/usd/7fd206d39fc21f9936c6f092b9095599.usd
cabinet,80a5764eb9cfe7826affa60737878d6e,tiny,object,1178772626593393082468659900175517483008.000000,143.715833,8202106915498871887818082794719936512.000000,true,true,,0.009670,0.013390,78,blank;blank;blank;tiny,/cpfs/user/zhuzihou/assets/dedup_workspaces/test0_transitive_apply_parallel/dataset/GRScenes_assets/cabinet/80a5764eb9cfe7826affa60737878d6e,/cpfs/user/zhuzihou/assets/dedup_workspaces/test0_transitive_apply_parallel/dataset/GRScenes_assets/cabinet/80a5764eb9cfe7826affa60737878d6e/usd/80a5764eb9cfe7826affa60737878d6e.usd
cabinet,80bc78ed21c9a0c1a9aa181f00fab08a,suspicious,object,1178772626593393082468659900175517483008.000000,243.745511,4836079321079889928872012474744832000.000000,true,true,,0.011768,0.012192,188,ok;blank;blank;blank,/cpfs/user/zhuzihou/assets/dedup_workspaces/test0_transitive_apply_parallel/dataset/GRScenes_assets/cabinet/80bc78ed21c9a0c1a9aa181f00fab08a,/cpfs/user/zhuzihou/assets/dedup_workspaces/test0_transitive_apply_parallel/dataset/GRScenes_assets/cabinet/80bc78ed21c9a0c1a9aa181f00fab08a/usd/80bc78ed21c9a0c1a9aa181f00fab08a.usd
cabinet,817253355ee392e57cf6451d4264cc73,suspicious,object,1178772626593393082468659900175517483008.000000,315.751240,3733231973527364860945944226696265728.000000,true,true,,0.021420,0.025806,128,ok;ok;tiny;ok,/cpfs/user/zhuzihou/assets/dedup_workspaces/test0_transitive_apply_parallel/dataset/GRScenes_assets/cabinet/817253355ee392e57cf6451d4264cc73,/cpfs/user/zhuzihou/assets/dedup_workspaces/test0_transitive_apply_parallel/dataset/GRScenes_assets/cabinet/817253355ee392e57cf6451d4264cc73/usd/817253355ee392e57cf6451d4264cc73.usd
cabinet,81d4e1ff7e2e5cf8c4a2fd447f09557f,suspicious,object,1178772626593393082468659900175517483008.000000,133.087801,8857105009829744193925148647314423808.000000,true,true,,0.029091,0.032593,96,tiny;tiny;ok;ok,/cpfs/user/zhuzihou/assets/dedup_workspaces/test0_transitive_apply_parallel/dataset/GRScenes_assets/cabinet/81d4e1ff7e2e5cf8c4a2fd447f09557f,/cpfs/user/zhuzihou/assets/dedup_workspaces/test0_transitive_apply_parallel/dataset/GRScenes_assets/cabinet/81d4e1ff7e2e5cf8c4a2fd447f09557f/usd/81d4e1ff7e2e5cf8c4a2fd447f09557f.usd
cabinet,826ef6ee8b8bb775823cfd98661c6f2d,suspicious,object,1178772626593393082468659900175517483008.000000,145.382267,8108090834425539472679835912326086656.000000,true,true,,0.052246,0.070885,163,ok;ok;tiny;ok,/cpfs/user/zhuzihou/assets/dedup_workspaces/test0_transitive_apply_parallel/dataset/GRScenes_assets/cabinet/826ef6ee8b8bb775823cfd98661c6f2d,/cpfs/user/zhuzihou/assets/dedup_workspaces/test0_transitive_apply_parallel/dataset/GRScenes_assets/cabinet/826ef6ee8b8bb775823cfd98661c6f2d/usd/826ef6ee8b8bb775823cfd98661c6f2d.usd
cabinet,82736ce41ca20592f5fea36b03dfead4,suspicious,object,1178772626593393082468659900175517483008.000000,158.357323,7443751939004256180333366163602931712.000000,true,true,,0.032539,0.050354,150,ok;ok;blank;blank,/cpfs/user/zhuzihou/assets/dedup_workspaces/test0_transitive_apply_parallel/dataset/GRScenes_assets/cabinet/82736ce41ca20592f5fea36b03dfead4,/cpfs/user/zhuzihou/assets/dedup_workspaces/test0_transitive_apply_parallel/dataset/GRScenes_assets/cabinet/82736ce41ca20592f5fea36b03dfead4/usd/82736ce41ca20592f5fea36b03dfead4.usd
cabinet,829cf62965859c85cdc49844f33aef85,suspicious,object,1178772626593393082468659900175517483008.000000,263.664996,4470720973371633961472968151109992448.000000,true,true,,0.017616,0.018768,123,ok;blank;blank;blank,/cpfs/user/zhuzihou/assets/dedup_workspaces/test0_transitive_apply_parallel/dataset/GRScenes_assets/cabinet/829cf62965859c85cdc49844f33aef85,/cpfs/user/zhuzihou/assets/dedup_workspaces/test0_transitive_apply_parallel/dataset/GRScenes_assets/cabinet/829cf62965859c85cdc49844f33aef85/usd/829cf62965859c85cdc49844f33aef85.usd
cabinet,82a65693dc7bcd3e01bfaa54bada787b,suspicious,object,1178772626593393082468659900175517483008.000000,184.108590,6402594407489891973775106378758619136.000000,true,true,,0.049366,0.082336,158,ok;ok;blank;blank,/cpfs/user/zhuzihou/assets/dedup_workspaces/test0_transitive_apply_parallel/dataset/GRScenes_assets/cabinet/82a65693dc7bcd3e01bfaa54bada787b,/cpfs/user/zhuzihou/assets/dedup_workspaces/test0_transitive_apply_parallel/dataset/GRScenes_assets/cabinet/82a65693dc7bcd3e01bfaa54bada787b/usd/82a65693dc7bcd3e01bfaa54bada787b.usd
cabinet,8497c055c06b2e6020bb1cd9502f18e2,suspicious,object,1178772626593393082468659900175517483008.000000,242.629714,4858319319765795662351462507434999808.000000,true,true,,0.018787,0.019054,185,blank;blank;ok;blank,/cpfs/user/zhuzihou/assets/dedup_workspaces/test0_transitive_apply_parallel/dataset/GRScenes_assets/cabinet/8497c055c06b2e6020bb1cd9502f18e2,/cpfs/user/zhuzihou/assets/dedup_workspaces/test0_transitive_apply_parallel/dataset/GRScenes_assets/cabinet/8497c055c06b2e6020bb1cd9502f18e2/usd/8497c055c06b2e6020bb1cd9502f18e2.usd
cabinet,849d0d871a52881a0e83e51d698743b0,suspicious,object,1178772626593393082468659900175517483008.000000,243.710206,4836779912941845375632168101250859008.000000,true,true,,0.013870,0.034885,155,blank;ok;blank;blank,/cpfs/user/zhuzihou/assets/dedup_workspaces/test0_transitive_apply_parallel/dataset/GRScenes_assets/cabinet/849d0d871a52881a0e83e51d698743b0,/cpfs/user/zhuzihou/assets/dedup_workspaces/test0_transitive_apply_parallel/dataset/GRScenes_assets/cabinet/849d0d871a52881a0e83e51d698743b0/usd/849d0d871a52881a0e83e51d698743b0.usd
cabinet,8501f1c9aca40c19149a452243e223e8,tiny,object,1178772626593393082468659900175517483008.000000,207.328981,5685517867356797017899423794240421888.000000,true,true,,0.016018,0.019226,80,tiny;tiny;tiny;tiny,/cpfs/user/zhuzihou/assets/dedup_workspaces/test0_transitive_apply_parallel/dataset/GRScenes_assets/cabinet/8501f1c9aca40c19149a452243e223e8,/cpfs/user/zhuzihou/assets/dedup_workspaces/test0_transitive_apply_parallel/dataset/GRScenes_assets/cabinet/8501f1c9aca40c19149a452243e223e8/usd/8501f1c9aca40c19149a452243e223e8.usd
cabinet,85300dfb5cab403b5d2ee606ccbe8544,suspicious,object,1178772626593393082468659900175517483008.000000,220.852898,5337365437519804243821425175153344512.000000,true,true,,0.022972,0.041771,150,blank;blank;blank;ok,/cpfs/user/zhuzihou/assets/dedup_workspaces/test0_transitive_apply_parallel/dataset/GRScenes_assets/cabinet/85300dfb5cab403b5d2ee606ccbe8544,/cpfs/user/zhuzihou/assets/dedup_workspaces/test0_transitive_apply_parallel/dataset/GRScenes_assets/cabinet/85300dfb5cab403b5d2ee606ccbe8544/usd/85300dfb5cab403b5d2ee606ccbe8544.usd
cabinet,8534a4452085d9d13faaa7af8fc6fbdf,tiny,object,1178772626593393082468659900175517483008.000000,115.822631,10177394693755973908469123097663897600.000000,true,true,,0.002781,0.004387,46,blank;tiny;blank;blank,/cpfs/user/zhuzihou/assets/dedup_workspaces/test0_transitive_apply_parallel/dataset/GRScenes_assets/cabinet/8534a4452085d9d13faaa7af8fc6fbdf,/cpfs/user/zhuzihou/assets/dedup_workspaces/test0_transitive_apply_parallel/dataset/GRScenes_assets/cabinet/8534a4452085d9d13faaa7af8fc6fbdf/usd/8534a4452085d9d13faaa7af8fc6fbdf.usd
cabinet,8664cc78d89b6aa92d22b60807db586d,suspicious,object,1178772626593393082468659900175517483008.000000,130.137271,9057917240540823466312774362901512192.000000,true,true,,0.050816,0.060059,128,ok;ok;tiny;ok,/cpfs/user/zhuzihou/assets/dedup_workspaces/test0_transitive_apply_parallel/dataset/GRScenes_assets/cabinet/8664cc78d89b6aa92d22b60807db586d,/cpfs/user/zhuzihou/assets/dedup_workspaces/test0_transitive_apply_parallel/dataset/GRScenes_assets/cabinet/8664cc78d89b6aa92d22b60807db586d/usd/8664cc78d89b6aa92d22b60807db586d.usd
cabinet,867255229649003632933710e70f7111,suspicious,object,1178772626593393082468659900175517483008.000000,138.332681,8521288100487634924013330807872552960.000000,true,true,,0.010952,0.012634,92,blank;ok;blank;blank,/cpfs/user/zhuzihou/assets/dedup_workspaces/test0_transitive_apply_parallel/dataset/GRScenes_assets/cabinet/867255229649003632933710e70f7111,/cpfs/user/zhuzihou/assets/dedup_workspaces/test0_transitive_apply_parallel/dataset/GRScenes_assets/cabinet/867255229649003632933710e70f7111/usd/867255229649003632933710e70f7111.usd
cabinet,86881ab9cdad05c8d18e916861cb884d,suspicious,object,1178772626593393082468659900175517483008.000000,445.971450,2643157149159463263189793986836430848.000000,true,true,,0.018818,0.019722,94,ok;blank;blank;blank,/cpfs/user/zhuzihou/assets/dedup_workspaces/test0_transitive_apply_parallel/dataset/GRScenes_assets/cabinet/86881ab9cdad05c8d18e916861cb884d,/cpfs/user/zhuzihou/assets/dedup_workspaces/test0_transitive_apply_parallel/dataset/GRScenes_assets/cabinet/86881ab9cdad05c8d18e916861cb884d/usd/86881ab9cdad05c8d18e916861cb884d.usd
cabinet,882ea418286271c3a9bb71e587fa99ee,suspicious,object,1178772626593393082468659900175517483008.000000,171.374823,6878330237318081900332640307085574144.000000,true,true,,0.016464,0.018906,84,blank;blank;ok;blank,/cpfs/user/zhuzihou/assets/dedup_workspaces/test0_transitive_apply_parallel/dataset/GRScenes_assets/cabinet/882ea418286271c3a9bb71e587fa99ee,/cpfs/user/zhuzihou/assets/dedup_workspaces/test0_transitive_apply_parallel/dataset/GRScenes_assets/cabinet/882ea418286271c3a9bb71e587fa99ee/usd/882ea418286271c3a9bb71e587fa99ee.usd
cabinet,887514304d474af8f36436f4eec83ed0,suspicious,object,1178772626593393082468659900175517483008.000000,129.489291,9103244136778588530388636895677513728.000000,true,true,,0.022968,0.029198,99,tiny;tiny;ok;ok,/cpfs/user/zhuzihou/assets/dedup_workspaces/test0_transitive_apply_parallel/dataset/GRScenes_assets/cabinet/887514304d474af8f36436f4eec83ed0,/cpfs/user/zhuzihou/assets/dedup_workspaces/test0_transitive_apply_parallel/dataset/GRScenes_assets/cabinet/887514304d474af8f36436f4eec83ed0/usd/887514304d474af8f36436f4eec83ed0.usd
cabinet,88bb09c6bf53f7b7cccba1eb5a9ce740,suspicious,object,1178772626593393082468659900175517483008.000000,125.121859,9420996724075405225891489359515877376.000000,true,true,,0.020741,0.028358,118,blank;blank;blank;ok,/cpfs/user/zhuzihou/assets/dedup_workspaces/test0_transitive_apply_parallel/dataset/GRScenes_assets/cabinet/88bb09c6bf53f7b7cccba1eb5a9ce740,/cpfs/user/zhuzihou/assets/dedup_workspaces/test0_transitive_apply_parallel/dataset/GRScenes_assets/cabinet/88bb09c6bf53f7b7cccba1eb5a9ce740/usd/88bb09c6bf53f7b7cccba1eb5a9ce740.usd
cabinet,8930f9ed0c0eed79aac523b4fc8ee706,suspicious,object,1178772626593393082468659900175517483008.000000,104.822253,11245442614836270507047671216344137728.000000,true,true,,0.048393,0.058022,130,ok;ok;ok;tiny,/cpfs/user/zhuzihou/assets/dedup_workspaces/test0_transitive_apply_parallel/dataset/GRScenes_assets/cabinet/8930f9ed0c0eed79aac523b4fc8ee706,/cpfs/user/zhuzihou/assets/dedup_workspaces/test0_transitive_apply_parallel/dataset/GRScenes_assets/cabinet/8930f9ed0c0eed79aac523b4fc8ee706/usd/8930f9ed0c0eed79aac523b4fc8ee706.usd
cabinet,8a98511c3ae088e615b8a0e736c1e446,suspicious,object,1178772626593393082468659900175517483008.000000,250.892892,4698310168948054072551161668388782080.000000,true,true,,0.030407,0.031403,168,ok;blank;blank;blank,/cpfs/user/zhuzihou/assets/dedup_workspaces/test0_transitive_apply_parallel/dataset/GRScenes_assets/cabinet/8a98511c3ae088e615b8a0e736c1e446,/cpfs/user/zhuzihou/assets/dedup_workspaces/test0_transitive_apply_parallel/dataset/GRScenes_assets/cabinet/8a98511c3ae088e615b8a0e736c1e446/usd/8a98511c3ae088e615b8a0e736c1e446.usd
cabinet,8ba1e86a4173bffdb423583fd9523791,suspicious,object,1178772626593393082468659900175517483008.000000,284.491200,4143441439157223759222414099540344832.000000,true,true,,0.017574,0.018349,130,ok;blank;blank;blank,/cpfs/user/zhuzihou/assets/dedup_workspaces/test0_transitive_apply_parallel/dataset/GRScenes_assets/cabinet/8ba1e86a4173bffdb423583fd9523791,/cpfs/user/zhuzihou/assets/dedup_workspaces/test0_transitive_apply_parallel/dataset/GRScenes_assets/cabinet/8ba1e86a4173bffdb423583fd9523791/usd/8ba1e86a4173bffdb423583fd9523791.usd
cabinet,8cd6c599d457afb959710fe52f6a50fb,suspicious,object,1178772626593393082468659900175517483008.000000,244.182316,4827428314708981258484016685256802304.000000,true,true,,0.042542,0.049850,121,ok;blank;blank;ok,/cpfs/user/zhuzihou/assets/dedup_workspaces/test0_transitive_apply_parallel/dataset/GRScenes_assets/cabinet/8cd6c599d457afb959710fe52f6a50fb,/cpfs/user/zhuzihou/assets/dedup_workspaces/test0_transitive_apply_parallel/dataset/GRScenes_assets/cabinet/8cd6c599d457afb959710fe52f6a50fb/usd/8cd6c599d457afb959710fe52f6a50fb.usd
cabinet,8d9bf097e3916e58f3ded896d38cad70,suspicious,object,1178772626593393082468659900175517483008.000000,256.234147,4600372900148936133001923725986103296.000000,true,true,,0.035141,0.052151,217,blank;blank;blank;ok,/cpfs/user/zhuzihou/assets/dedup_workspaces/test0_transitive_apply_parallel/dataset/GRScenes_assets/cabinet/8d9bf097e3916e58f3ded896d38cad70,/cpfs/user/zhuzihou/assets/dedup_workspaces/test0_transitive_apply_parallel/dataset/GRScenes_assets/cabinet/8d9bf097e3916e58f3ded896d38cad70/usd/8d9bf097e3916e58f3ded896d38cad70.usd
cabinet,8dd7c68bf6d5d7d4d72d5f604c987997,suspicious,object,1178772626593393082468659900175517483008.000000,166.260110,7089930520926692199326567395881910272.000000,true,true,,0.013939,0.019352,89,tiny;ok;tiny;tiny,/cpfs/user/zhuzihou/assets/dedup_workspaces/test0_transitive_apply_parallel/dataset/GRScenes_assets/cabinet/8dd7c68bf6d5d7d4d72d5f604c987997,/cpfs/user/zhuzihou/assets/dedup_workspaces/test0_transitive_apply_parallel/dataset/GRScenes_assets/cabinet/8dd7c68bf6d5d7d4d72d5f604c987997/usd/8dd7c68bf6d5d7d4d72d5f604c987997.usd
cabinet,8f9b8decb902019cfee17b8813d2ac0a,suspicious,object,1178772626593393082468659900175517483008.000000,65.284517,18055929328596122542024728820439842816.000000,true,true,,0.011513,0.012390,116,blank;ok;blank;blank,/cpfs/user/zhuzihou/assets/dedup_workspaces/test0_transitive_apply_parallel/dataset/GRScenes_assets/cabinet/8f9b8decb902019cfee17b8813d2ac0a,/cpfs/user/zhuzihou/assets/dedup_workspaces/test0_transitive_apply_parallel/dataset/GRScenes_assets/cabinet/8f9b8decb902019cfee17b8813d2ac0a/usd/8f9b8decb902019cfee17b8813d2ac0a.usd
cabinet,8fa68650bc1788d9bba464d3c7e60bce,suspicious,object,1178772626593393082468659900175517483008.000000,134.597670,8757749105449999022303399470799257600.000000,true,true,,0.019661,0.025223,94,ok;ok;tiny;tiny,/cpfs/user/zhuzihou/assets/dedup_workspaces/test0_transitive_apply_parallel/dataset/GRScenes_assets/cabinet/8fa68650bc1788d9bba464d3c7e60bce,/cpfs/user/zhuzihou/assets/dedup_workspaces/test0_transitive_apply_parallel/dataset/GRScenes_assets/cabinet/8fa68650bc1788d9bba464d3c7e60bce/usd/8fa68650bc1788d9bba464d3c7e60bce.usd
cabinet,900ee8fbd2567d272076f45067dbec83,suspicious,object,1178772626593393082468659900175517483008.000000,140.934318,8363985720554871870055236936688205824.000000,true,true,,0.033203,0.040840,106,tiny;tiny;ok;ok,/cpfs/user/zhuzihou/assets/dedup_workspaces/test0_transitive_apply_parallel/dataset/GRScenes_assets/cabinet/900ee8fbd2567d272076f45067dbec83,/cpfs/user/zhuzihou/assets/dedup_workspaces/test0_transitive_apply_parallel/dataset/GRScenes_assets/cabinet/900ee8fbd2567d272076f45067dbec83/usd/900ee8fbd2567d272076f45067dbec83.usd
cabinet,9011eef1954f72bed942e6bc9ec9f13f,suspicious,object,1178772626593393082468659900175517483008.000000,281.508885,4187337200339412806997089641429991424.000000,true,true,,0.034245,0.041374,187,ok;ok;tiny;ok,/cpfs/user/zhuzihou/assets/dedup_workspaces/test0_transitive_apply_parallel/dataset/GRScenes_assets/cabinet/9011eef1954f72bed942e6bc9ec9f13f,/cpfs/user/zhuzihou/assets/dedup_workspaces/test0_transitive_apply_parallel/dataset/GRScenes_assets/cabinet/9011eef1954f72bed942e6bc9ec9f13f/usd/9011eef1954f72bed942e6bc9ec9f13f.usd
cabinet,90a9f663e8862a93aa6f846ac9040917,suspicious,object,1178772626593393082468659900175517483008.000000,284.901549,4137473566602546889037069188866244608.000000,true,true,,0.033501,0.052704,157,blank;ok;ok;blank,/cpfs/user/zhuzihou/assets/dedup_workspaces/test0_transitive_apply_parallel/dataset/GRScenes_assets/cabinet/90a9f663e8862a93aa6f846ac9040917,/cpfs/user/zhuzihou/assets/dedup_workspaces/test0_transitive_apply_parallel/dataset/GRScenes_assets/cabinet/90a9f663e8862a93aa6f846ac9040917/usd/90a9f663e8862a93aa6f846ac9040917.usd
cabinet,90bd496368cdde6e487d5a690f6e5e53,suspicious,object,1178772626593393082468659900175517483008.000000,137.701670,8560336480634702548867517206084190208.000000,true,true,,0.028458,0.033737,132,tiny;ok;ok;ok,/cpfs/user/zhuzihou/assets/dedup_workspaces/test0_transitive_apply_parallel/dataset/GRScenes_assets/cabinet/90bd496368cdde6e487d5a690f6e5e53,/cpfs/user/zhuzihou/assets/dedup_workspaces/test0_transitive_apply_parallel/dataset/GRScenes_assets/cabinet/90bd496368cdde6e487d5a690f6e5e53/usd/90bd496368cdde6e487d5a690f6e5e53.usd
cabinet,91159c28a1f44f95e535f4b8eba7b9cc,suspicious,object,1178772626593393082468659900175517483008.000000,156.563189,7529053495893918448877806954800480256.000000,true,true,,0.029274,0.037766,105,tiny;ok;ok;tiny,/cpfs/user/zhuzihou/assets/dedup_workspaces/test0_transitive_apply_parallel/dataset/GRScenes_assets/cabinet/91159c28a1f44f95e535f4b8eba7b9cc,/cpfs/user/zhuzihou/assets/dedup_workspaces/test0_transitive_apply_parallel/dataset/GRScenes_assets/cabinet/91159c28a1f44f95e535f4b8eba7b9cc/usd/91159c28a1f44f95e535f4b8eba7b9cc.usd
cabinet,9194933067d539c87cb9d38c749e5b72,suspicious,object,1178772626593393082468659900175517483008.000000,225.464740,5228190575714580042046433022519017472.000000,true,true,,0.034676,0.053627,146,ok;ok;tiny;ok,/cpfs/user/zhuzihou/assets/dedup_workspaces/test0_transitive_apply_parallel/dataset/GRScenes_assets/cabinet/9194933067d539c87cb9d38c749e5b72,/cpfs/user/zhuzihou/assets/dedup_workspaces/test0_transitive_apply_parallel/dataset/GRScenes_assets/cabinet/9194933067d539c87cb9d38c749e5b72/usd/9194933067d539c87cb9d38c749e5b72.usd
cabinet,93fecccd09996fba0e5de1088dc1fbb6,suspicious,object,1178772626593393082468659900175517483008.000000,272.562838,4324773819857228117026836969062137856.000000,true,true,,0.031738,0.048717,129,blank;blank;ok;ok,/cpfs/user/zhuzihou/assets/dedup_workspaces/test0_transitive_apply_parallel/dataset/GRScenes_assets/cabinet/93fecccd09996fba0e5de1088dc1fbb6,/cpfs/user/zhuzihou/assets/dedup_workspaces/test0_transitive_apply_parallel/dataset/GRScenes_assets/cabinet/93fecccd09996fba0e5de1088dc1fbb6/usd/93fecccd09996fba0e5de1088dc1fbb6.usd
cabinet,942c942dc312d15b8a1caafbb116c627,suspicious,object,1178772626593393082468659900175517483008.000000,693.194386,1700493613956982416396162053892472832.000000,true,true,,0.029942,0.060883,210,ok;blank;blank;blank,/cpfs/user/zhuzihou/assets/dedup_workspaces/test0_transitive_apply_parallel/dataset/GRScenes_assets/cabinet/942c942dc312d15b8a1caafbb116c627,/cpfs/user/zhuzihou/assets/dedup_workspaces/test0_transitive_apply_parallel/dataset/GRScenes_assets/cabinet/942c942dc312d15b8a1caafbb116c627/usd/942c942dc312d15b8a1caafbb116c627.usd
cabinet,9576f0512649fa5bd60f104fe698eb61,suspicious,object,1178772626593393082468659900175517483008.000000,247.459847,4763490480467294332611645850435715072.000000,true,true,,0.015495,0.015709,142,ok;blank;blank;blank,/cpfs/user/zhuzihou/assets/dedup_workspaces/test0_transitive_apply_parallel/dataset/GRScenes_assets/cabinet/9576f0512649fa5bd60f104fe698eb61,/cpfs/user/zhuzihou/assets/dedup_workspaces/test0_transitive_apply_parallel/dataset/GRScenes_assets/cabinet/9576f0512649fa5bd60f104fe698eb61/usd/9576f0512649fa5bd60f104fe698eb61.usd
cabinet,959ca935e4b5488b86cdf2d9651195fa,suspicious,object,1178772626593393082468659900175517483008.000000,278.303641,4235563076769376685689039936269844480.000000,true,true,,0.012241,0.013336,92,blank;blank;blank;ok,/cpfs/user/zhuzihou/assets/dedup_workspaces/test0_transitive_apply_parallel/dataset/GRScenes_assets/cabinet/959ca935e4b5488b86cdf2d9651195fa,/cpfs/user/zhuzihou/assets/dedup_workspaces/test0_transitive_apply_parallel/dataset/GRScenes_assets/cabinet/959ca935e4b5488b86cdf2d9651195fa/usd/959ca935e4b5488b86cdf2d9651195fa.usd
cabinet,972ae276ed48f8306f8a4ef2bcadaee8,suspicious,object,1178772626593393082468659900175517483008.000000,123.996937,9506465662142449765623827678156029952.000000,true,true,,0.021946,0.024101,117,blank;ok;blank;blank,/cpfs/user/zhuzihou/assets/dedup_workspaces/test0_transitive_apply_parallel/dataset/GRScenes_assets/cabinet/972ae276ed48f8306f8a4ef2bcadaee8,/cpfs/user/zhuzihou/assets/dedup_workspaces/test0_transitive_apply_parallel/dataset/GRScenes_assets/cabinet/972ae276ed48f8306f8a4ef2bcadaee8/usd/972ae276ed48f8306f8a4ef2bcadaee8.usd
cabinet,97e4e6fdba132273eb1553b855eac208,tiny,object,1178772626593393082468659900175517483008.000000,145.883916,8080209649055044309276639121396203520.000000,true,true,,0.003147,0.003433,36,tiny;blank;blank;blank,/cpfs/user/zhuzihou/assets/dedup_workspaces/test0_transitive_apply_parallel/dataset/GRScenes_assets/cabinet/97e4e6fdba132273eb1553b855eac208,/cpfs/user/zhuzihou/assets/dedup_workspaces/test0_transitive_apply_parallel/dataset/GRScenes_assets/cabinet/97e4e6fdba132273eb1553b855eac208/usd/97e4e6fdba132273eb1553b855eac208.usd
cabinet,9848d2dcbb92abf6f0f1ea396f50ef27,suspicious,object,1178772626593393082468659900175517483008.000000,139.528764,8448240991338433086206427636841840640.000000,true,true,,0.048195,0.055302,133,ok;tiny;ok;ok,/cpfs/user/zhuzihou/assets/dedup_workspaces/test0_transitive_apply_parallel/dataset/GRScenes_assets/cabinet/9848d2dcbb92abf6f0f1ea396f50ef27,/cpfs/user/zhuzihou/assets/dedup_workspaces/test0_transitive_apply_parallel/dataset/GRScenes_assets/cabinet/9848d2dcbb92abf6f0f1ea396f50ef27/usd/9848d2dcbb92abf6f0f1ea396f50ef27.usd
cabinet,98ed5ebf9a72b42a09a1dd23017ffd61,blank,object,1178772626593393082468659900175517483008.000000,111.191768,10601258044940507473106411827421511680.000000,true,true,,0.000000,0.000000,0,blank;blank;blank;blank,/cpfs/user/zhuzihou/assets/dedup_workspaces/test0_transitive_apply_parallel/dataset/GRScenes_assets/cabinet/98ed5ebf9a72b42a09a1dd23017ffd61,/cpfs/user/zhuzihou/assets/dedup_workspaces/test0_transitive_apply_parallel/dataset/GRScenes_assets/cabinet/98ed5ebf9a72b42a09a1dd23017ffd61/usd/98ed5ebf9a72b42a09a1dd23017ffd61.usd
cabinet,99c96ba270909e1bb217beeac2253c4e,suspicious,object,1178772626593393082468659900175517483008.000000,282.807669,4168107002239828430259823620992794624.000000,true,true,,0.013119,0.013924,146,blank;ok;blank;blank,/cpfs/user/zhuzihou/assets/dedup_workspaces/test0_transitive_apply_parallel/dataset/GRScenes_assets/cabinet/99c96ba270909e1bb217beeac2253c4e,/cpfs/user/zhuzihou/assets/dedup_workspaces/test0_transitive_apply_parallel/dataset/GRScenes_assets/cabinet/99c96ba270909e1bb217beeac2253c4e/usd/99c96ba270909e1bb217beeac2253c4e.usd
cabinet,9a2349223513f02d2bc0f52f0d12c1c9,suspicious,object,1178772626593393082468659900175517483008.000000,160.106875,7362411073101684635827831004184182784.000000,true,true,,0.014149,0.021191,101,blank;blank;blank;ok,/cpfs/user/zhuzihou/assets/dedup_workspaces/test0_transitive_apply_parallel/dataset/GRScenes_assets/cabinet/9a2349223513f02d2bc0f52f0d12c1c9,/cpfs/user/zhuzihou/assets/dedup_workspaces/test0_transitive_apply_parallel/dataset/GRScenes_assets/cabinet/9a2349223513f02d2bc0f52f0d12c1c9/usd/9a2349223513f02d2bc0f52f0d12c1c9.usd
cabinet,9a353a5b701d12e61c6a1a8a720790ae,suspicious,object,1178772626593393082468659900175517483008.000000,150.937881,7809654021594343406694273556984889344.000000,true,true,,0.022125,0.032547,158,blank;ok;tiny;blank,/cpfs/user/zhuzihou/assets/dedup_workspaces/test0_transitive_apply_parallel/dataset/GRScenes_assets/cabinet/9a353a5b701d12e61c6a1a8a720790ae,/cpfs/user/zhuzihou/assets/dedup_workspaces/test0_transitive_apply_parallel/dataset/GRScenes_assets/cabinet/9a353a5b701d12e61c6a1a8a720790ae/usd/9a353a5b701d12e61c6a1a8a720790ae.usd
cabinet,9ca88573bad3496ee48a3045245d193b,suspicious,object,1178772626593393082468659900175517483008.000000,167.068491,7055625031835549322575850250822483968.000000,true,true,,0.030849,0.034218,115,blank;blank;ok;blank,/cpfs/user/zhuzihou/assets/dedup_workspaces/test0_transitive_apply_parallel/dataset/GRScenes_assets/cabinet/9ca88573bad3496ee48a3045245d193b,/cpfs/user/zhuzihou/assets/dedup_workspaces/test0_transitive_apply_parallel/dataset/GRScenes_assets/cabinet/9ca88573bad3496ee48a3045245d193b/usd/9ca88573bad3496ee48a3045245d193b.usd
cabinet,9cbd2f08a6d994a11621b492564278c6,suspicious,object,1178772626593393082468659900175517483008.000000,165.983223,7101757683314031246475442432134610944.000000,true,true,,0.026867,0.034042,97,ok;tiny;ok;ok,/cpfs/user/zhuzihou/assets/dedup_workspaces/test0_transitive_apply_parallel/dataset/GRScenes_assets/cabinet/9cbd2f08a6d994a11621b492564278c6,/cpfs/user/zhuzihou/assets/dedup_workspaces/test0_transitive_apply_parallel/dataset/GRScenes_assets/cabinet/9cbd2f08a6d994a11621b492564278c6/usd/9cbd2f08a6d994a11621b492564278c6.usd
cabinet,9d13522457431bd69b4e9ce148db2a2f,suspicious,object,1178772626593393082468659900175517483008.000000,542.525788,2172749484326160537678984180741963776.000000,true,true,,0.010529,0.021496,245,tiny;blank;blank;ok,/cpfs/user/zhuzihou/assets/dedup_workspaces/test0_transitive_apply_parallel/dataset/GRScenes_assets/cabinet/9d13522457431bd69b4e9ce148db2a2f,/cpfs/user/zhuzihou/assets/dedup_workspaces/test0_transitive_apply_parallel/dataset/GRScenes_assets/cabinet/9d13522457431bd69b4e9ce148db2a2f/usd/9d13522457431bd69b4e9ce148db2a2f.usd
cabinet,9d431d78f32a69204b68971612447878,suspicious,object,1178772626593393082468659900175517483008.000000,112.211060,10504959380882398270562964189187407872.000000,true,true,,0.016327,0.017414,83,ok;tiny;tiny;tiny,/cpfs/user/zhuzihou/assets/dedup_workspaces/test0_transitive_apply_parallel/dataset/GRScenes_assets/cabinet/9d431d78f32a69204b68971612447878,/cpfs/user/zhuzihou/assets/dedup_workspaces/test0_transitive_apply_parallel/dataset/GRScenes_assets/cabinet/9d431d78f32a69204b68971612447878/usd/9d431d78f32a69204b68971612447878.usd
cabinet,9d4f1b6f3201ec34a50beeedc1e2fd4b,tiny,object,1178772626593393082468659900175517483008.000000,90.533788,13020250766048293768954577763751165952.000000,true,true,,0.002338,0.008125,71,blank;blank;tiny;blank,/cpfs/user/zhuzihou/assets/dedup_workspaces/test0_transitive_apply_parallel/dataset/GRScenes_assets/cabinet/9d4f1b6f3201ec34a50beeedc1e2fd4b,/cpfs/user/zhuzihou/assets/dedup_workspaces/test0_transitive_apply_parallel/dataset/GRScenes_assets/cabinet/9d4f1b6f3201ec34a50beeedc1e2fd4b/usd/9d4f1b6f3201ec34a50beeedc1e2fd4b.usd
cabinet,9d69a2d8beecea044158c94e886ce2cf,suspicious,object,1178772626593393082468659900175517483008.000000,316.940582,3719222761977073237221559181999341568.000000,true,true,,0.025143,0.035645,128,blank;blank;ok;ok,/cpfs/user/zhuzihou/assets/dedup_workspaces/test0_transitive_apply_parallel/dataset/GRScenes_assets/cabinet/9d69a2d8beecea044158c94e886ce2cf,/cpfs/user/zhuzihou/assets/dedup_workspaces/test0_transitive_apply_parallel/dataset/GRScenes_assets/cabinet/9d69a2d8beecea044158c94e886ce2cf/usd/9d69a2d8beecea044158c94e886ce2cf.usd
cabinet,9d7a33fc87f1d1f35b9b6c27aa9f0f3c,tiny,object,1178772626593393082468659900175517483008.000000,216.696675,5439735645707862153388527420618833920.000000,true,true,,0.006615,0.012634,72,blank;blank;blank;tiny,/cpfs/user/zhuzihou/assets/dedup_workspaces/test0_transitive_apply_parallel/dataset/GRScenes_assets/cabinet/9d7a33fc87f1d1f35b9b6c27aa9f0f3c,/cpfs/user/zhuzihou/assets/dedup_workspaces/test0_transitive_apply_parallel/dataset/GRScenes_assets/cabinet/9d7a33fc87f1d1f35b9b6c27aa9f0f3c/usd/9d7a33fc87f1d1f35b9b6c27aa9f0f3c.usd
cabinet,9e5b7ce12a0e87590980a9c4b458114a,suspicious,object,1178772626593393082468659900175517483008.000000,250.291243,4709603940274290913870130897290788864.000000,true,true,,0.040260,0.066551,143,ok;ok;blank;blank,/cpfs/user/zhuzihou/assets/dedup_workspaces/test0_transitive_apply_parallel/dataset/GRScenes_assets/cabinet/9e5b7ce12a0e87590980a9c4b458114a,/cpfs/user/zhuzihou/assets/dedup_workspaces/test0_transitive_apply_parallel/dataset/GRScenes_assets/cabinet/9e5b7ce12a0e87590980a9c4b458114a/usd/9e5b7ce12a0e87590980a9c4b458114a.usd
cabinet,9f1b5dc7fd2b4e06bdd4b88755159feb,suspicious,object,1178772626593393082468659900175517483008.000000,426.404737,2764445431992908759083167082593910784.000000,true,true,,0.087101,0.097015,200,blank;blank;ok;ok,/cpfs/user/zhuzihou/assets/dedup_workspaces/test0_transitive_apply_parallel/dataset/GRScenes_assets/cabinet/9f1b5dc7fd2b4e06bdd4b88755159feb,/cpfs/user/zhuzihou/assets/dedup_workspaces/test0_transitive_apply_parallel/dataset/GRScenes_assets/cabinet/9f1b5dc7fd2b4e06bdd4b88755159feb/usd/9f1b5dc7fd2b4e06bdd4b88755159feb.usd
cabinet,9f57b314a4bab67ba630b2883a49307a,suspicious,object,1178772626593393082468659900175517483008.000000,220.721360,5340546222185502879722313592491474944.000000,true,true,,0.003670,0.003712,139,blank;blank;ok;blank,/cpfs/user/zhuzihou/assets/dedup_workspaces/test0_transitive_apply_parallel/dataset/GRScenes_assets/cabinet/9f57b314a4bab67ba630b2883a49307a,/cpfs/user/zhuzihou/assets/dedup_workspaces/test0_transitive_apply_parallel/dataset/GRScenes_assets/cabinet/9f57b314a4bab67ba630b2883a49307a/usd/9f57b314a4bab67ba630b2883a49307a.usd
cabinet,9fa177a9c7451aa66bb5cb4a67c78b24,suspicious,object,1178772626593393082468659900175517483008.000000,135.768059,8682252887567777392270187684750688256.000000,true,true,,0.014687,0.018688,81,tiny;ok;tiny;tiny,/cpfs/user/zhuzihou/assets/dedup_workspaces/test0_transitive_apply_parallel/dataset/GRScenes_assets/cabinet/9fa177a9c7451aa66bb5cb4a67c78b24,/cpfs/user/zhuzihou/assets/dedup_workspaces/test0_transitive_apply_parallel/dataset/GRScenes_assets/cabinet/9fa177a9c7451aa66bb5cb4a67c78b24/usd/9fa177a9c7451aa66bb5cb4a67c78b24.usd
cabinet,9faa4ba52c95140899782f9b9266a228,suspicious,object,1178772626593393082468659900175517483008.000000,291.603380,4042383280470597870536208490084433920.000000,true,true,,0.062248,0.067039,174,ok;blank;blank;blank,/cpfs/user/zhuzihou/assets/dedup_workspaces/test0_transitive_apply_parallel/dataset/GRScenes_assets/cabinet/9faa4ba52c95140899782f9b9266a228,/cpfs/user/zhuzihou/assets/dedup_workspaces/test0_transitive_apply_parallel/dataset/GRScenes_assets/cabinet/9faa4ba52c95140899782f9b9266a228/usd/9faa4ba52c95140899782f9b9266a228.usd
cabinet,9fb3b80407e5ca74c4873eaeb8efb3a8,suspicious,object,1178772626593393082468659900175517483008.000000,210.304760,5605068692245271223270124517647712256.000000,true,true,,0.010067,0.010208,223,ok;blank;blank;tiny,/cpfs/user/zhuzihou/assets/dedup_workspaces/test0_transitive_apply_parallel/dataset/GRScenes_assets/cabinet/9fb3b80407e5ca74c4873eaeb8efb3a8,/cpfs/user/zhuzihou/assets/dedup_workspaces/test0_transitive_apply_parallel/dataset/GRScenes_assets/cabinet/9fb3b80407e5ca74c4873eaeb8efb3a8/usd/9fb3b80407e5ca74c4873eaeb8efb3a8.usd
cabinet,a032264724a468a1311861a505099cd1,tiny,object,1178772626593393082468659900175517483008.000000,148.956963,7913511389418152550859313747899449344.000000,true,true,,0.015297,0.016273,79,tiny;tiny;tiny;tiny,/cpfs/user/zhuzihou/assets/dedup_workspaces/test0_transitive_apply_parallel/dataset/GRScenes_assets/cabinet/a032264724a468a1311861a505099cd1,/cpfs/user/zhuzihou/assets/dedup_workspaces/test0_transitive_apply_parallel/dataset/GRScenes_assets/cabinet/a032264724a468a1311861a505099cd1/usd/a032264724a468a1311861a505099cd1.usd
cabinet,a0557ed6069e023d09f7d07fd0ee2d8c,blank,object,1178772626593393082468659900175517483008.000000,86.138287,13684653763065714500500761934609514496.000000,true,true,,0.000000,0.000000,0,blank;blank;blank;blank,/cpfs/user/zhuzihou/assets/dedup_workspaces/test0_transitive_apply_parallel/dataset/GRScenes_assets/cabinet/a0557ed6069e023d09f7d07fd0ee2d8c,/cpfs/user/zhuzihou/assets/dedup_workspaces/test0_transitive_apply_parallel/dataset/GRScenes_assets/cabinet/a0557ed6069e023d09f7d07fd0ee2d8c/usd/a0557ed6069e023d09f7d07fd0ee2d8c.usd
cabinet,a12e07fb44e79f848da4829aad56d73e,suspicious,object,1178772626593393082468659900175517483008.000000,108.312912,10883029605371399893448844780983287808.000000,true,true,,0.053169,0.065491,148,tiny;ok;ok;ok,/cpfs/user/zhuzihou/assets/dedup_workspaces/test0_transitive_apply_parallel/dataset/GRScenes_assets/cabinet/a12e07fb44e79f848da4829aad56d73e,/cpfs/user/zhuzihou/assets/dedup_workspaces/test0_transitive_apply_parallel/dataset/GRScenes_assets/cabinet/a12e07fb44e79f848da4829aad56d73e/usd/a12e07fb44e79f848da4829aad56d73e.usd
cabinet,a371797efe4514540f6c27f10922f60b,suspicious,object,1178772626593393082468659900175517483008.000000,84.471834,13954623291473693484803170446115602432.000000,true,true,,0.002247,0.003567,85,ok;blank;blank;blank,/cpfs/user/zhuzihou/assets/dedup_workspaces/test0_transitive_apply_parallel/dataset/GRScenes_assets/cabinet/a371797efe4514540f6c27f10922f60b,/cpfs/user/zhuzihou/assets/dedup_workspaces/test0_transitive_apply_parallel/dataset/GRScenes_assets/cabinet/a371797efe4514540f6c27f10922f60b/usd/a371797efe4514540f6c27f10922f60b.usd
cabinet,a45579641a4383449d065e3ec4b3250d,suspicious,object,1178772626593393082468659900175517483008.000000,326.950328,3605356921051944644739028362192748544.000000,true,true,,0.034721,0.037491,126,ok;ok;tiny;ok,/cpfs/user/zhuzihou/assets/dedup_workspaces/test0_transitive_apply_parallel/dataset/GRScenes_assets/cabinet/a45579641a4383449d065e3ec4b3250d,/cpfs/user/zhuzihou/assets/dedup_workspaces/test0_transitive_apply_parallel/dataset/GRScenes_assets/cabinet/a45579641a4383449d065e3ec4b3250d/usd/a45579641a4383449d065e3ec4b3250d.usd
cabinet,a47e962b60da7bece253cf45e250af60,tiny,object,1178772626593393082468659900175517483008.000000,283.395111,4159467052483651050010326877526294528.000000,true,true,,0.006054,0.006317,69,blank;blank;tiny;blank,/cpfs/user/zhuzihou/assets/dedup_workspaces/test0_transitive_apply_parallel/dataset/GRScenes_assets/cabinet/a47e962b60da7bece253cf45e250af60,/cpfs/user/zhuzihou/assets/dedup_workspaces/test0_transitive_apply_parallel/dataset/GRScenes_assets/cabinet/a47e962b60da7bece253cf45e250af60/usd/a47e962b60da7bece253cf45e250af60.usd
cabinet,a5b00b1c4cbab349101a247e117ed0cd,suspicious,object,1178772626593393082468659900175517483008.000000,121.384062,9711098886556361142847856965935169536.000000,true,true,,0.015263,0.018906,84,tiny;tiny;ok;tiny,/cpfs/user/zhuzihou/assets/dedup_workspaces/test0_transitive_apply_parallel/dataset/GRScenes_assets/cabinet/a5b00b1c4cbab349101a247e117ed0cd,/cpfs/user/zhuzihou/assets/dedup_workspaces/test0_transitive_apply_parallel/dataset/GRScenes_assets/cabinet/a5b00b1c4cbab349101a247e117ed0cd/usd/a5b00b1c4cbab349101a247e117ed0cd.usd
cabinet,a6b242a035b2075cd37333c58a58d892,suspicious,object,1178772626593393082468659900175517483008.000000,111.507169,10571272117242346083382950037037252608.000000,true,true,,0.041866,0.050323,136,tiny;ok;ok;ok,/cpfs/user/zhuzihou/assets/dedup_workspaces/test0_transitive_apply_parallel/dataset/GRScenes_assets/cabinet/a6b242a035b2075cd37333c58a58d892,/cpfs/user/zhuzihou/assets/dedup_workspaces/test0_transitive_apply_parallel/dataset/GRScenes_assets/cabinet/a6b242a035b2075cd37333c58a58d892/usd/a6b242a035b2075cd37333c58a58d892.usd
cabinet,a734aea30ea56a868d3c1ff2aa97c005,suspicious,object,1178772626593393082468659900175517483008.000000,392.657739,3002035890545513520785163056429662208.000000,true,true,,0.039909,0.042004,143,tiny;ok;ok;ok,/cpfs/user/zhuzihou/assets/dedup_workspaces/test0_transitive_apply_parallel/dataset/GRScenes_assets/cabinet/a734aea30ea56a868d3c1ff2aa97c005,/cpfs/user/zhuzihou/assets/dedup_workspaces/test0_transitive_apply_parallel/dataset/GRScenes_assets/cabinet/a734aea30ea56a868d3c1ff2aa97c005/usd/a734aea30ea56a868d3c1ff2aa97c005.usd
cabinet,a754fb0df6038962e430a3053f507df3,suspicious,object,1178772626593393082468659900175517483008.000000,426.412077,2764397847092268643671419484758867968.000000,true,true,,0.058430,0.067852,147,ok;blank;blank;blank,/cpfs/user/zhuzihou/assets/dedup_workspaces/test0_transitive_apply_parallel/dataset/GRScenes_assets/cabinet/a754fb0df6038962e430a3053f507df3,/cpfs/user/zhuzihou/assets/dedup_workspaces/test0_transitive_apply_parallel/dataset/GRScenes_assets/cabinet/a754fb0df6038962e430a3053f507df3/usd/a754fb0df6038962e430a3053f507df3.usd
cabinet,a793215c9f45e36867e3965173dcbb61,suspicious,object,1178772626593393082468659900175517483008.000000,235.622533,5002800923041846008593502537468870656.000000,true,true,,0.023212,0.025787,130,tiny;ok;ok;tiny,/cpfs/user/zhuzihou/assets/dedup_workspaces/test0_transitive_apply_parallel/dataset/GRScenes_assets/cabinet/a793215c9f45e36867e3965173dcbb61,/cpfs/user/zhuzihou/assets/dedup_workspaces/test0_transitive_apply_parallel/dataset/GRScenes_assets/cabinet/a793215c9f45e36867e3965173dcbb61/usd/a793215c9f45e36867e3965173dcbb61.usd
cabinet,a7a048bbee88c0ad08269060448bac50,suspicious,object,1178772626593393082468659900175517483008.000000,311.672639,3782085680775385858743192479112101888.000000,true,true,,0.023197,0.023804,130,tiny;ok;ok;ok,/cpfs/user/zhuzihou/assets/dedup_workspaces/test0_transitive_apply_parallel/dataset/GRScenes_assets/cabinet/a7a048bbee88c0ad08269060448bac50,/cpfs/user/zhuzihou/assets/dedup_workspaces/test0_transitive_apply_parallel/dataset/GRScenes_assets/cabinet/a7a048bbee88c0ad08269060448bac50/usd/a7a048bbee88c0ad08269060448bac50.usd
cabinet,a8f9344714cbaceb84a45050c95be753,suspicious,object,1178772626593393082468659900175517483008.000000,240.439954,4902565519397313273709761165613072384.000000,true,true,,0.056931,0.090546,216,blank;ok;ok;ok,/cpfs/user/zhuzihou/assets/dedup_workspaces/test0_transitive_apply_parallel/dataset/GRScenes_assets/cabinet/a8f9344714cbaceb84a45050c95be753,/cpfs/user/zhuzihou/assets/dedup_workspaces/test0_transitive_apply_parallel/dataset/GRScenes_assets/cabinet/a8f9344714cbaceb84a45050c95be753/usd/a8f9344714cbaceb84a45050c95be753.usd
cabinet,a9d451823167d25e235a54db4524c9f7,suspicious,object,1178772626593393082468659900175517483008.000000,548.829964,2147792037544655871106452676621107200.000000,true,true,,0.037590,0.057716,178,blank;blank;ok;ok,/cpfs/user/zhuzihou/assets/dedup_workspaces/test0_transitive_apply_parallel/dataset/GRScenes_assets/cabinet/a9d451823167d25e235a54db4524c9f7,/cpfs/user/zhuzihou/assets/dedup_workspaces/test0_transitive_apply_parallel/dataset/GRScenes_assets/cabinet/a9d451823167d25e235a54db4524c9f7/usd/a9d451823167d25e235a54db4524c9f7.usd
cabinet,aa4a2271947063d2ff6e91dffeefcf81,blank,object,1178772626593393082468659900175517483008.000000,213.297917,5526414152089597534027964267676827648.000000,true,true,,0.000000,0.000000,0,blank;blank;blank;blank,/cpfs/user/zhuzihou/assets/dedup_workspaces/test0_transitive_apply_parallel/dataset/GRScenes_assets/cabinet/aa4a2271947063d2ff6e91dffeefcf81,/cpfs/user/zhuzihou/assets/dedup_workspaces/test0_transitive_apply_parallel/dataset/GRScenes_assets/cabinet/aa4a2271947063d2ff6e91dffeefcf81/usd/aa4a2271947063d2ff6e91dffeefcf81.usd
cabinet,aa67db584489840130a24309e6f5d733,suspicious,object,1178772626593393082468659900175517483008.000000,321.332283,3668391534719332811130320427962859520.000000,true,true,,0.035778,0.037937,153,ok;blank;blank;blank,/cpfs/user/zhuzihou/assets/dedup_workspaces/test0_transitive_apply_parallel/dataset/GRScenes_assets/cabinet/aa67db584489840130a24309e6f5d733,/cpfs/user/zhuzihou/assets/dedup_workspaces/test0_transitive_apply_parallel/dataset/GRScenes_assets/cabinet/aa67db584489840130a24309e6f5d733/usd/aa67db584489840130a24309e6f5d733.usd
cabinet,aaa40eb91a388ee493e483797a6364bf,suspicious,object,1178772626593393082468659900175517483008.000000,223.827228,5266439832151659580015030431133990912.000000,true,true,,0.032146,0.045464,118,blank;blank;ok;tiny,/cpfs/user/zhuzihou/assets/dedup_workspaces/test0_transitive_apply_parallel/dataset/GRScenes_assets/cabinet/aaa40eb91a388ee493e483797a6364bf,/cpfs/user/zhuzihou/assets/dedup_workspaces/test0_transitive_apply_parallel/dataset/GRScenes_assets/cabinet/aaa40eb91a388ee493e483797a6364bf/usd/aaa40eb91a388ee493e483797a6364bf.usd
cabinet,aac0c5c9d050c4951534e08b459c7d09,suspicious,object,1178772626593393082468659900175517483008.000000,312.924341,3766957292179778082874021242086621184.000000,true,true,,0.039696,0.061768,176,blank;ok;ok;blank,/cpfs/user/zhuzihou/assets/dedup_workspaces/test0_transitive_apply_parallel/dataset/GRScenes_assets/cabinet/aac0c5c9d050c4951534e08b459c7d09,/cpfs/user/zhuzihou/assets/dedup_workspaces/test0_transitive_apply_parallel/dataset/GRScenes_assets/cabinet/aac0c5c9d050c4951534e08b459c7d09/usd/aac0c5c9d050c4951534e08b459c7d09.usd
cabinet,abc8a42845e34b47597d2a30fb49a0a3,suspicious,object,1178772626593393082468659900175517483008.000000,193.300947,6098121338009408831253449282607382528.000000,true,true,,0.056053,0.069221,211,ok;blank;blank;ok,/cpfs/user/zhuzihou/assets/dedup_workspaces/test0_transitive_apply_parallel/dataset/GRScenes_assets/cabinet/abc8a42845e34b47597d2a30fb49a0a3,/cpfs/user/zhuzihou/assets/dedup_workspaces/test0_transitive_apply_parallel/dataset/GRScenes_assets/cabinet/abc8a42845e34b47597d2a30fb49a0a3/usd/abc8a42845e34b47597d2a30fb49a0a3.usd
cabinet,abd3bc4faf43927164dc0723fd61da06,tiny,object,1178772626593393082468659900175517483008.000000,162.351516,7260619757390808947894863682034728960.000000,true,true,,0.006557,0.007324,48,blank;blank;tiny;blank,/cpfs/user/zhuzihou/assets/dedup_workspaces/test0_transitive_apply_parallel/dataset/GRScenes_assets/cabinet/abd3bc4faf43927164dc0723fd61da06,/cpfs/user/zhuzihou/assets/dedup_workspaces/test0_transitive_apply_parallel/dataset/GRScenes_assets/cabinet/abd3bc4faf43927164dc0723fd61da06/usd/abd3bc4faf43927164dc0723fd61da06.usd
cabinet,ac444f37540d9fb5e301c8914c1d8888,suspicious,object,1178772626593393082468659900175517483008.000000,125.530956,9390294312132424020660183799357767680.000000,true,true,,0.018341,0.023193,92,tiny;tiny;ok;ok,/cpfs/user/zhuzihou/assets/dedup_workspaces/test0_transitive_apply_parallel/dataset/GRScenes_assets/cabinet/ac444f37540d9fb5e301c8914c1d8888,/cpfs/user/zhuzihou/assets/dedup_workspaces/test0_transitive_apply_parallel/dataset/GRScenes_assets/cabinet/ac444f37540d9fb5e301c8914c1d8888/usd/ac444f37540d9fb5e301c8914c1d8888.usd
cabinet,add913715e2cf1e79e85c68a9d2a1927,suspicious,object,1178772626593393082468659900175517483008.000000,79.171581,14888835247128072042188153570092646400.000000,true,true,,0.030014,0.034996,139,blank;ok;blank;blank,/cpfs/user/zhuzihou/assets/dedup_workspaces/test0_transitive_apply_parallel/dataset/GRScenes_assets/cabinet/add913715e2cf1e79e85c68a9d2a1927,/cpfs/user/zhuzihou/assets/dedup_workspaces/test0_transitive_apply_parallel/dataset/GRScenes_assets/cabinet/add913715e2cf1e79e85c68a9d2a1927/usd/add913715e2cf1e79e85c68a9d2a1927.usd
cabinet,aec5ad6ea954e798907812392fffc180,suspicious,object,1178772626593393082468659900175517483008.000000,214.081506,5506186156055595548801903619108503552.000000,true,true,,0.010559,0.015419,94,blank;ok;blank;blank,/cpfs/user/zhuzihou/assets/dedup_workspaces/test0_transitive_apply_parallel/dataset/GRScenes_assets/cabinet/aec5ad6ea954e798907812392fffc180,/cpfs/user/zhuzihou/assets/dedup_workspaces/test0_transitive_apply_parallel/dataset/GRScenes_assets/cabinet/aec5ad6ea954e798907812392fffc180/usd/aec5ad6ea954e798907812392fffc180.usd
cabinet,affb5e1b5b14570602e61c459d6bc7c5,tiny,object,1178772626593393082468659900175517483008.000000,129.487351,9103380473989017405714498698040311808.000000,true,true,,0.001057,0.002014,44,blank;blank;tiny;blank,/cpfs/user/zhuzihou/assets/dedup_workspaces/test0_transitive_apply_parallel/dataset/GRScenes_assets/cabinet/affb5e1b5b14570602e61c459d6bc7c5,/cpfs/user/zhuzihou/assets/dedup_workspaces/test0_transitive_apply_parallel/dataset/GRScenes_assets/cabinet/affb5e1b5b14570602e61c459d6bc7c5/usd/affb5e1b5b14570602e61c459d6bc7c5.usd
cabinet,b051236a40b01709b12b75697cdafa58,suspicious,object,1178772626593393082468659900175517483008.000000,368.218636,3201284537840645243015494911687393280.000000,true,true,,0.098206,0.110470,242,blank;ok;ok;blank,/cpfs/user/zhuzihou/assets/dedup_workspaces/test0_transitive_apply_parallel/dataset/GRScenes_assets/cabinet/b051236a40b01709b12b75697cdafa58,/cpfs/user/zhuzihou/assets/dedup_workspaces/test0_transitive_apply_parallel/dataset/GRScenes_assets/cabinet/b051236a40b01709b12b75697cdafa58/usd/b051236a40b01709b12b75697cdafa58.usd
cabinet,b167828cbdec5ad36d70d57a297ecf44,suspicious,object,1178772626593393082468659900175517483008.000000,116.696288,10101200702839574711691490551094312960.000000,true,true,,0.041332,0.051296,119,tiny;tiny;ok;ok,/cpfs/user/zhuzihou/assets/dedup_workspaces/test0_transitive_apply_parallel/dataset/GRScenes_assets/cabinet/b167828cbdec5ad36d70d57a297ecf44,/cpfs/user/zhuzihou/assets/dedup_workspaces/test0_transitive_apply_parallel/dataset/GRScenes_assets/cabinet/b167828cbdec5ad36d70d57a297ecf44/usd/b167828cbdec5ad36d70d57a297ecf44.usd
cabinet,b177c40f21ee250c430f97cecc2bb396,suspicious,object,1178772626593393082468659900175517483008.000000,364.126066,3237265158077344980356312553580658688.000000,true,true,,0.053486,0.078453,182,ok;blank;blank;ok,/cpfs/user/zhuzihou/assets/dedup_workspaces/test0_transitive_apply_parallel/dataset/GRScenes_assets/cabinet/b177c40f21ee250c430f97cecc2bb396,/cpfs/user/zhuzihou/assets/dedup_workspaces/test0_transitive_apply_parallel/dataset/GRScenes_assets/cabinet/b177c40f21ee250c430f97cecc2bb396/usd/b177c40f21ee250c430f97cecc2bb396.usd
cabinet,b21321e1a2848a1a23a0152c137319cd,blank,object,1178772626593393082468659900175517483008.000000,37.454540,31472089552143015938317947165504176128.000000,true,true,,0.000000,0.000000,0,blank;blank;blank;blank,/cpfs/user/zhuzihou/assets/dedup_workspaces/test0_transitive_apply_parallel/dataset/GRScenes_assets/cabinet/b21321e1a2848a1a23a0152c137319cd,/cpfs/user/zhuzihou/assets/dedup_workspaces/test0_transitive_apply_parallel/dataset/GRScenes_assets/cabinet/b21321e1a2848a1a23a0152c137319cd/usd/b21321e1a2848a1a23a0152c137319cd.usd
cabinet,b2c045d54227b760dc900ec0c8146148,suspicious,object,1178772626593393082468659900175517483008.000000,177.071130,6657057119006612994759256020596293632.000000,true,true,,0.004887,0.010967,125,blank;ok;blank;blank,/cpfs/user/zhuzihou/assets/dedup_workspaces/test0_transitive_apply_parallel/dataset/GRScenes_assets/cabinet/b2c045d54227b760dc900ec0c8146148,/cpfs/user/zhuzihou/assets/dedup_workspaces/test0_transitive_apply_parallel/dataset/GRScenes_assets/cabinet/b2c045d54227b760dc900ec0c8146148/usd/b2c045d54227b760dc900ec0c8146148.usd
cabinet,b2df04178ae53c4307c24b1bf274c8cf,suspicious,object,1178772626593393082468659900175517483008.000000,284.867883,4137962530718385651398162989637959680.000000,true,true,,0.032871,0.037071,113,blank;ok;blank;blank,/cpfs/user/zhuzihou/assets/dedup_workspaces/test0_transitive_apply_parallel/dataset/GRScenes_assets/cabinet/b2df04178ae53c4307c24b1bf274c8cf,/cpfs/user/zhuzihou/assets/dedup_workspaces/test0_transitive_apply_parallel/dataset/GRScenes_assets/cabinet/b2df04178ae53c4307c24b1bf274c8cf/usd/b2df04178ae53c4307c24b1bf274c8cf.usd
cabinet,b42c7faab4a78e021d7e3cc6c5a81734,suspicious,object,1178772626593393082468659900175517483008.000000,342.046788,3446232121172965427846067736987828224.000000,true,true,,0.061684,0.076672,216,ok;ok;ok;blank,/cpfs/user/zhuzihou/assets/dedup_workspaces/test0_transitive_apply_parallel/dataset/GRScenes_assets/cabinet/b42c7faab4a78e021d7e3cc6c5a81734,/cpfs/user/zhuzihou/assets/dedup_workspaces/test0_transitive_apply_parallel/dataset/GRScenes_assets/cabinet/b42c7faab4a78e021d7e3cc6c5a81734/usd/b42c7faab4a78e021d7e3cc6c5a81734.usd
cabinet,b6d88a2e8f94f6d1a1916fc1b083f269,suspicious,object,1178772626593393082468659900175517483008.000000,284.585949,4142061940168714882554742063002288128.000000,true,true,,0.022121,0.029572,102,blank;ok;blank;blank,/cpfs/user/zhuzihou/assets/dedup_workspaces/test0_transitive_apply_parallel/dataset/GRScenes_assets/cabinet/b6d88a2e8f94f6d1a1916fc1b083f269,/cpfs/user/zhuzihou/assets/dedup_workspaces/test0_transitive_apply_parallel/dataset/GRScenes_assets/cabinet/b6d88a2e8f94f6d1a1916fc1b083f269/usd/b6d88a2e8f94f6d1a1916fc1b083f269.usd
cabinet,b7753a03a8a0b555c4fe691b4e97e681,suspicious,object,1178772626593393082468659900175517483008.000000,177.071155,6657056165140631017281870648727044096.000000,true,true,,0.007198,0.016769,157,blank;ok;blank;blank,/cpfs/user/zhuzihou/assets/dedup_workspaces/test0_transitive_apply_parallel/dataset/GRScenes_assets/cabinet/b7753a03a8a0b555c4fe691b4e97e681,/cpfs/user/zhuzihou/assets/dedup_workspaces/test0_transitive_apply_parallel/dataset/GRScenes_assets/cabinet/b7753a03a8a0b555c4fe691b4e97e681/usd/b7753a03a8a0b555c4fe691b4e97e681.usd
cabinet,b79aea153ed0e7608e98f1174321cb5b,suspicious,object,1178772626593393082468659900175517483008.000000,301.059739,3915411048722406004259047980318851072.000000,true,true,,0.053596,0.056236,162,blank;blank;ok;blank,/cpfs/user/zhuzihou/assets/dedup_workspaces/test0_transitive_apply_parallel/dataset/GRScenes_assets/cabinet/b79aea153ed0e7608e98f1174321cb5b,/cpfs/user/zhuzihou/assets/dedup_workspaces/test0_transitive_apply_parallel/dataset/GRScenes_assets/cabinet/b79aea153ed0e7608e98f1174321cb5b/usd/b79aea153ed0e7608e98f1174321cb5b.usd
cabinet,b98ecd271c33b455b28189e72a981600,suspicious,object,1178772626593393082468659900175517483008.000000,288.840120,4081055725778563658607948210171281408.000000,true,true,,0.019775,0.027237,85,blank;blank;blank;ok,/cpfs/user/zhuzihou/assets/dedup_workspaces/test0_transitive_apply_parallel/dataset/GRScenes_assets/cabinet/b98ecd271c33b455b28189e72a981600,/cpfs/user/zhuzihou/assets/dedup_workspaces/test0_transitive_apply_parallel/dataset/GRScenes_assets/cabinet/b98ecd271c33b455b28189e72a981600/usd/b98ecd271c33b455b28189e72a981600.usd
cabinet,b99d258732159888586c2f51a5497167,suspicious,object,1178772626593393082468659900175517483008.000000,458.786605,2569326597985477919024835086937751552.000000,true,true,,0.089211,0.098801,175,ok;blank;blank;blank,/cpfs/user/zhuzihou/assets/dedup_workspaces/test0_transitive_apply_parallel/dataset/GRScenes_assets/cabinet/b99d258732159888586c2f51a5497167,/cpfs/user/zhuzihou/assets/dedup_workspaces/test0_transitive_apply_parallel/dataset/GRScenes_assets/cabinet/b99d258732159888586c2f51a5497167/usd/b99d258732159888586c2f51a5497167.usd
cabinet,b9de2d5b50dbb2dd091f0fbfc3ed9500,suspicious,object,1178772626593393082468659900175517483008.000000,243.323839,4844460084735355232703651622663749632.000000,true,true,,0.010815,0.011395,103,blank;blank;ok;blank,/cpfs/user/zhuzihou/assets/dedup_workspaces/test0_transitive_apply_parallel/dataset/GRScenes_assets/cabinet/b9de2d5b50dbb2dd091f0fbfc3ed9500,/cpfs/user/zhuzihou/assets/dedup_workspaces/test0_transitive_apply_parallel/dataset/GRScenes_assets/cabinet/b9de2d5b50dbb2dd091f0fbfc3ed9500/usd/b9de2d5b50dbb2dd091f0fbfc3ed9500.usd
cabinet,ba215c775d9633bb01b431571603a57f,suspicious,object,1178772626593393082468659900175517483008.000000,250.568394,4704394708658598176673871739876278272.000000,true,true,,0.039310,0.071716,188,blank;ok;blank;blank,/cpfs/user/zhuzihou/assets/dedup_workspaces/test0_transitive_apply_parallel/dataset/GRScenes_assets/cabinet/ba215c775d9633bb01b431571603a57f,/cpfs/user/zhuzihou/assets/dedup_workspaces/test0_transitive_apply_parallel/dataset/GRScenes_assets/cabinet/ba215c775d9633bb01b431571603a57f/usd/ba215c775d9633bb01b431571603a57f.usd
cabinet,ba56c3e6a715bc302fdebd862ecfb21e,suspicious,object,1178772626593393082468659900175517483008.000000,296.687534,3973111414866812046265240671261556736.000000,true,true,,0.031639,0.038574,161,ok;ok;blank;blank,/cpfs/user/zhuzihou/assets/dedup_workspaces/test0_transitive_apply_parallel/dataset/GRScenes_assets/cabinet/ba56c3e6a715bc302fdebd862ecfb21e,/cpfs/user/zhuzihou/assets/dedup_workspaces/test0_transitive_apply_parallel/dataset/GRScenes_assets/cabinet/ba56c3e6a715bc302fdebd862ecfb21e/usd/ba56c3e6a715bc302fdebd862ecfb21e.usd
cabinet,baf56f14fe94ce6e51fc2fcd73877608,tiny,object,1178772626593393082468659900175517483008.000000,117.488044,10033128389211957122026077386839162880.000000,true,true,,0.004101,0.006294,55,blank;blank;blank;tiny,/cpfs/user/zhuzihou/assets/dedup_workspaces/test0_transitive_apply_parallel/dataset/GRScenes_assets/cabinet/baf56f14fe94ce6e51fc2fcd73877608,/cpfs/user/zhuzihou/assets/dedup_workspaces/test0_transitive_apply_parallel/dataset/GRScenes_assets/cabinet/baf56f14fe94ce6e51fc2fcd73877608/usd/baf56f14fe94ce6e51fc2fcd73877608.usd
cabinet,bb8788bb75e34058841836fc14a60c22,suspicious,object,1178772626593393082468659900175517483008.000000,255.644761,4610979011356971423657034795735580672.000000,true,true,,0.023544,0.037399,114,blank;blank;blank;ok,/cpfs/user/zhuzihou/assets/dedup_workspaces/test0_transitive_apply_parallel/dataset/GRScenes_assets/cabinet/bb8788bb75e34058841836fc14a60c22,/cpfs/user/zhuzihou/assets/dedup_workspaces/test0_transitive_apply_parallel/dataset/GRScenes_assets/cabinet/bb8788bb75e34058841836fc14a60c22/usd/bb8788bb75e34058841836fc14a60c22.usd
cabinet,bb9e1bce727fb787d4d2547978a22f3d,suspicious,object,1178772626593393082468659900175517483008.000000,301.934095,3904072599606565261708412842271571968.000000,true,true,,0.030327,0.033752,158,blank;blank;ok;blank,/cpfs/user/zhuzihou/assets/dedup_workspaces/test0_transitive_apply_parallel/dataset/GRScenes_assets/cabinet/bb9e1bce727fb787d4d2547978a22f3d,/cpfs/user/zhuzihou/assets/dedup_workspaces/test0_transitive_apply_parallel/dataset/GRScenes_assets/cabinet/bb9e1bce727fb787d4d2547978a22f3d/usd/bb9e1bce727fb787d4d2547978a22f3d.usd
cabinet,bc535844bf4e712f401dd5d458b08b6d,suspicious,object,1178772626593393082468659900175517483008.000000,146.253158,8059809747593865021593675191161978880.000000,true,true,,0.035393,0.039654,105,tiny;tiny;ok;ok,/cpfs/user/zhuzihou/assets/dedup_workspaces/test0_transitive_apply_parallel/dataset/GRScenes_assets/cabinet/bc535844bf4e712f401dd5d458b08b6d,/cpfs/user/zhuzihou/assets/dedup_workspaces/test0_transitive_apply_parallel/dataset/GRScenes_assets/cabinet/bc535844bf4e712f401dd5d458b08b6d/usd/bc535844bf4e712f401dd5d458b08b6d.usd
cabinet,bd0a5a4855f3f5693eb405f1723a2fc7,suspicious,object,1178772626593393082468659900175517483008.000000,394.167643,2990536257445389093861924315397619712.000000,true,true,,0.047333,0.055122,170,ok;blank;blank;blank,/cpfs/user/zhuzihou/assets/dedup_workspaces/test0_transitive_apply_parallel/dataset/GRScenes_assets/cabinet/bd0a5a4855f3f5693eb405f1723a2fc7,/cpfs/user/zhuzihou/assets/dedup_workspaces/test0_transitive_apply_parallel/dataset/GRScenes_assets/cabinet/bd0a5a4855f3f5693eb405f1723a2fc7/usd/bd0a5a4855f3f5693eb405f1723a2fc7.usd
cabinet,bd222255965857d4d7fe7a529d4eb93a,suspicious,object,1178772626593393082468659900175517483008.000000,121.803122,9677688146956212345340504833309802496.000000,true,true,,0.042667,0.050659,160,ok;tiny;ok;ok,/cpfs/user/zhuzihou/assets/dedup_workspaces/test0_transitive_apply_parallel/dataset/GRScenes_assets/cabinet/bd222255965857d4d7fe7a529d4eb93a,/cpfs/user/zhuzihou/assets/dedup_workspaces/test0_transitive_apply_parallel/dataset/GRScenes_assets/cabinet/bd222255965857d4d7fe7a529d4eb93a/usd/bd222255965857d4d7fe7a529d4eb93a.usd
cabinet,be2234dbba941a17522a2cf48d88d268,suspicious,object,1178772626593393082468659900175517483008.000000,124.539156,9465076439176193995450218649852313600.000000,true,true,,0.064747,0.093449,187,ok;ok;blank;blank,/cpfs/user/zhuzihou/assets/dedup_workspaces/test0_transitive_apply_parallel/dataset/GRScenes_assets/cabinet/be2234dbba941a17522a2cf48d88d268,/cpfs/user/zhuzihou/assets/dedup_workspaces/test0_transitive_apply_parallel/dataset/GRScenes_assets/cabinet/be2234dbba941a17522a2cf48d88d268/usd/be2234dbba941a17522a2cf48d88d268.usd
cabinet,c2baafe7faae17a654ae50ac0794baa7,tiny,object,1178772626593393082468659900175517483008.000000,250.184416,4711614923081719544376767296370114560.000000,true,true,,0.002113,0.012897,69,blank;tiny;blank;blank,/cpfs/user/zhuzihou/assets/dedup_workspaces/test0_transitive_apply_parallel/dataset/GRScenes_assets/cabinet/c2baafe7faae17a654ae50ac0794baa7,/cpfs/user/zhuzihou/assets/dedup_workspaces/test0_transitive_apply_parallel/dataset/GRScenes_assets/cabinet/c2baafe7faae17a654ae50ac0794baa7/usd/c2baafe7faae17a654ae50ac0794baa7.usd
cabinet,c32ceb8e0963306845e5ca8a739d9d0c,suspicious,object,1178772626593393082468659900175517483008.000000,309.314149,3810923715947148165502384734577098752.000000,true,true,,0.021973,0.024002,143,ok;blank;blank;blank,/cpfs/user/zhuzihou/assets/dedup_workspaces/test0_transitive_apply_parallel/dataset/GRScenes_assets/cabinet/c32ceb8e0963306845e5ca8a739d9d0c,/cpfs/user/zhuzihou/assets/dedup_workspaces/test0_transitive_apply_parallel/dataset/GRScenes_assets/cabinet/c32ceb8e0963306845e5ca8a739d9d0c/usd/c32ceb8e0963306845e5ca8a739d9d0c.usd
cabinet,c374d6871c66a3e3addaf9ca544316fd,suspicious,object,1178772626593393082468659900175517483008.000000,340.807873,3458759966390671776066005176011456512.000000,true,true,,0.027176,0.028809,128,blank;blank;ok;blank,/cpfs/user/zhuzihou/assets/dedup_workspaces/test0_transitive_apply_parallel/dataset/GRScenes_assets/cabinet/c374d6871c66a3e3addaf9ca544316fd,/cpfs/user/zhuzihou/assets/dedup_workspaces/test0_transitive_apply_parallel/dataset/GRScenes_assets/cabinet/c374d6871c66a3e3addaf9ca544316fd/usd/c374d6871c66a3e3addaf9ca544316fd.usd
cabinet,c3d775aaa4117e7169a87f1ba6ad6eec,suspicious,object,1178772626593393082468659900175517483008.000000,207.172996,5689798632966016466424728300610912256.000000,true,true,,0.007641,0.008057,192,blank;blank;ok;blank,/cpfs/user/zhuzihou/assets/dedup_workspaces/test0_transitive_apply_parallel/dataset/GRScenes_assets/cabinet/c3d775aaa4117e7169a87f1ba6ad6eec,/cpfs/user/zhuzihou/assets/dedup_workspaces/test0_transitive_apply_parallel/dataset/GRScenes_assets/cabinet/c3d775aaa4117e7169a87f1ba6ad6eec/usd/c3d775aaa4117e7169a87f1ba6ad6eec.usd
cabinet,c43392a9e2dd7be34b1a6a7cdc7747fb,suspicious,object,1178772626593393082468659900175517483008.000000,210.229322,5607079996373181993520603067729313792.000000,true,true,,0.008347,0.013550,220,blank;tiny;ok;blank,/cpfs/user/zhuzihou/assets/dedup_workspaces/test0_transitive_apply_parallel/dataset/GRScenes_assets/cabinet/c43392a9e2dd7be34b1a6a7cdc7747fb,/cpfs/user/zhuzihou/assets/dedup_workspaces/test0_transitive_apply_parallel/dataset/GRScenes_assets/cabinet/c43392a9e2dd7be34b1a6a7cdc7747fb/usd/c43392a9e2dd7be34b1a6a7cdc7747fb.usd
cabinet,c4c751bead45675090d7b4adda928f55,suspicious,object,1178772626593393082468659900175517483008.000000,111.507166,10571272414065527300816472576354156544.000000,true,true,,0.019947,0.024376,90,tiny;tiny;ok;tiny,/cpfs/user/zhuzihou/assets/dedup_workspaces/test0_transitive_apply_parallel/dataset/GRScenes_assets/cabinet/c4c751bead45675090d7b4adda928f55,/cpfs/user/zhuzihou/assets/dedup_workspaces/test0_transitive_apply_parallel/dataset/GRScenes_assets/cabinet/c4c751bead45675090d7b4adda928f55/usd/c4c751bead45675090d7b4adda928f55.usd
cabinet,c4ea5b9a659e221f4f93fcea6b548a5b,suspicious,object,1178772626593393082468659900175517483008.000000,141.804834,8312640620056251096176763892467236864.000000,true,true,,0.022297,0.024719,109,tiny;ok;ok;ok,/cpfs/user/zhuzihou/assets/dedup_workspaces/test0_transitive_apply_parallel/dataset/GRScenes_assets/cabinet/c4ea5b9a659e221f4f93fcea6b548a5b,/cpfs/user/zhuzihou/assets/dedup_workspaces/test0_transitive_apply_parallel/dataset/GRScenes_assets/cabinet/c4ea5b9a659e221f4f93fcea6b548a5b/usd/c4ea5b9a659e221f4f93fcea6b548a5b.usd
cabinet,c519f1a811a84b231232c3808588b911,suspicious,object,1178772626593393082468659900175517483008.000000,87.005748,13548215497614576502637401590347071488.000000,true,true,,0.017715,0.026245,86,blank;ok;blank;blank,/cpfs/user/zhuzihou/assets/dedup_workspaces/test0_transitive_apply_parallel/dataset/GRScenes_assets/cabinet/c519f1a811a84b231232c3808588b911,/cpfs/user/zhuzihou/assets/dedup_workspaces/test0_transitive_apply_parallel/dataset/GRScenes_assets/cabinet/c519f1a811a84b231232c3808588b911/usd/c519f1a811a84b231232c3808588b911.usd
cabinet,c565c84bc38df671c1800c35c818d8b3,suspicious,object,1178772626593393082468659900175517483008.000000,374.731904,3145642564235820131949464178598608896.000000,true,true,,0.061531,0.067017,183,blank;blank;ok;ok,/cpfs/user/zhuzihou/assets/dedup_workspaces/test0_transitive_apply_parallel/dataset/GRScenes_assets/cabinet/c565c84bc38df671c1800c35c818d8b3,/cpfs/user/zhuzihou/assets/dedup_workspaces/test0_transitive_apply_parallel/dataset/GRScenes_assets/cabinet/c565c84bc38df671c1800c35c818d8b3/usd/c565c84bc38df671c1800c35c818d8b3.usd
cabinet,c59b74e1cda143c49625c0b06c36e64e,suspicious,object,1178772626593393082468659900175517483008.000000,370.150373,3184577706738212403191267705294422016.000000,true,true,,0.006466,0.009167,89,blank;blank;blank;ok,/cpfs/user/zhuzihou/assets/dedup_workspaces/test0_transitive_apply_parallel/dataset/GRScenes_assets/cabinet/c59b74e1cda143c49625c0b06c36e64e,/cpfs/user/zhuzihou/assets/dedup_workspaces/test0_transitive_apply_parallel/dataset/GRScenes_assets/cabinet/c59b74e1cda143c49625c0b06c36e64e/usd/c59b74e1cda143c49625c0b06c36e64e.usd
cabinet,c6113ae3b3652c485c02a0dca2a4a175,suspicious,object,1178772626593393082468659900175517483008.000000,134.130970,8788221133315390842748999550329946112.000000,true,true,,0.026218,0.041962,128,ok;ok;tiny;tiny,/cpfs/user/zhuzihou/assets/dedup_workspaces/test0_transitive_apply_parallel/dataset/GRScenes_assets/cabinet/c6113ae3b3652c485c02a0dca2a4a175,/cpfs/user/zhuzihou/assets/dedup_workspaces/test0_transitive_apply_parallel/dataset/GRScenes_assets/cabinet/c6113ae3b3652c485c02a0dca2a4a175/usd/c6113ae3b3652c485c02a0dca2a4a175.usd
cabinet,c7c94deabb0a556a6953cfa454e62bca,suspicious,object,1178772626593393082468659900175517483008.000000,270.634356,4355591232736576388063539920197648384.000000,true,true,,0.004311,0.019089,139,blank;blank;ok;blank,/cpfs/user/zhuzihou/assets/dedup_workspaces/test0_transitive_apply_parallel/dataset/GRScenes_assets/cabinet/c7c94deabb0a556a6953cfa454e62bca,/cpfs/user/zhuzihou/assets/dedup_workspaces/test0_transitive_apply_parallel/dataset/GRScenes_assets/cabinet/c7c94deabb0a556a6953cfa454e62bca/usd/c7c94deabb0a556a6953cfa454e62bca.usd
cabinet,c803d393caa7ac5f1ff0fb53e3ff80a8,blank,object,1178772626593393082468659900175517483008.000000,138.723560,8497277782122481451537362171000258560.000000,true,true,,0.000000,0.000000,0,blank;blank;blank;blank,/cpfs/user/zhuzihou/assets/dedup_workspaces/test0_transitive_apply_parallel/dataset/GRScenes_assets/cabinet/c803d393caa7ac5f1ff0fb53e3ff80a8,/cpfs/user/zhuzihou/assets/dedup_workspaces/test0_transitive_apply_parallel/dataset/GRScenes_assets/cabinet/c803d393caa7ac5f1ff0fb53e3ff80a8/usd/c803d393caa7ac5f1ff0fb53e3ff80a8.usd
cabinet,c935d086c0db421b10a76997bae4453f,suspicious,object,1178772626593393082468659900175517483008.000000,265.706902,4436364339973784448450801357096484864.000000,true,true,,0.020752,0.025715,111,ok;ok;ok;tiny,/cpfs/user/zhuzihou/assets/dedup_workspaces/test0_transitive_apply_parallel/dataset/GRScenes_assets/cabinet/c935d086c0db421b10a76997bae4453f,/cpfs/user/zhuzihou/assets/dedup_workspaces/test0_transitive_apply_parallel/dataset/GRScenes_assets/cabinet/c935d086c0db421b10a76997bae4453f/usd/c935d086c0db421b10a76997bae4453f.usd
cabinet,c95de9eff5043760a8ed53a3a0e6f608,suspicious,object,1178772626593393082468659900175517483008.000000,189.457141,6221843218155875535255912553117646848.000000,true,true,,0.037766,0.043152,147,ok;ok;tiny;tiny,/cpfs/user/zhuzihou/assets/dedup_workspaces/test0_transitive_apply_parallel/dataset/GRScenes_assets/cabinet/c95de9eff5043760a8ed53a3a0e6f608,/cpfs/user/zhuzihou/assets/dedup_workspaces/test0_transitive_apply_parallel/dataset/GRScenes_assets/cabinet/c95de9eff5043760a8ed53a3a0e6f608/usd/c95de9eff5043760a8ed53a3a0e6f608.usd
cabinet,cb561db826a2ed38da0ed8eccc202c47,suspicious,object,1178772626593393082468659900175517483008.000000,139.315634,8461165428258579607152725129498198016.000000,true,true,,0.048485,0.057236,124,ok;tiny;ok;ok,/cpfs/user/zhuzihou/assets/dedup_workspaces/test0_transitive_apply_parallel/dataset/GRScenes_assets/cabinet/cb561db826a2ed38da0ed8eccc202c47,/cpfs/user/zhuzihou/assets/dedup_workspaces/test0_transitive_apply_parallel/dataset/GRScenes_assets/cabinet/cb561db826a2ed38da0ed8eccc202c47/usd/cb561db826a2ed38da0ed8eccc202c47.usd
cabinet,cbab51254d16b6acf1685955b2b002d0,suspicious,object,1178772626593393082468659900175517483008.000000,138.490615,8511570424060908170502847653115592704.000000,true,true,,0.048630,0.072922,162,blank;ok;blank;blank,/cpfs/user/zhuzihou/assets/dedup_workspaces/test0_transitive_apply_parallel/dataset/GRScenes_assets/cabinet/cbab51254d16b6acf1685955b2b002d0,/cpfs/user/zhuzihou/assets/dedup_workspaces/test0_transitive_apply_parallel/dataset/GRScenes_assets/cabinet/cbab51254d16b6acf1685955b2b002d0/usd/cbab51254d16b6acf1685955b2b002d0.usd
cabinet,ccd0c711954dc3dbe2d508f03b451ef4,suspicious,object,1178772626593393082468659900175517483008.000000,266.863090,4417143742457039098597962751907201024.000000,true,true,,0.061687,0.065163,219,blank;ok;ok;blank,/cpfs/user/zhuzihou/assets/dedup_workspaces/test0_transitive_apply_parallel/dataset/GRScenes_assets/cabinet/ccd0c711954dc3dbe2d508f03b451ef4,/cpfs/user/zhuzihou/assets/dedup_workspaces/test0_transitive_apply_parallel/dataset/GRScenes_assets/cabinet/ccd0c711954dc3dbe2d508f03b451ef4/usd/ccd0c711954dc3dbe2d508f03b451ef4.usd
cabinet,cd669d742c1c364140fc9956e5e6e29d,suspicious,object,1178772626593393082468659900175517483008.000000,182.875483,6445766316936668627658273194520870912.000000,true,true,,0.002892,0.003052,100,blank;blank;blank;ok,/cpfs/user/zhuzihou/assets/dedup_workspaces/test0_transitive_apply_parallel/dataset/GRScenes_assets/cabinet/cd669d742c1c364140fc9956e5e6e29d,/cpfs/user/zhuzihou/assets/dedup_workspaces/test0_transitive_apply_parallel/dataset/GRScenes_assets/cabinet/cd669d742c1c364140fc9956e5e6e29d/usd/cd669d742c1c364140fc9956e5e6e29d.usd
cabinet,cd8e798a564acb1564dc284cbcc5d087,tiny,object,1178772626593393082468659900175517483008.000000,184.759333,6380043754266724774779319947299389440.000000,true,true,,0.015152,0.016479,72,blank;blank;tiny;blank,/cpfs/user/zhuzihou/assets/dedup_workspaces/test0_transitive_apply_parallel/dataset/GRScenes_assets/cabinet/cd8e798a564acb1564dc284cbcc5d087,/cpfs/user/zhuzihou/assets/dedup_workspaces/test0_transitive_apply_parallel/dataset/GRScenes_assets/cabinet/cd8e798a564acb1564dc284cbcc5d087/usd/cd8e798a564acb1564dc284cbcc5d087.usd
cabinet,cdf239d9904dc943d1da024c2685b62c,tiny,object,1178772626593393082468659900175517483008.000000,103.023077,11441830957308866650253129031801110528.000000,true,true,,0.010956,0.015274,78,tiny;tiny;tiny;tiny,/cpfs/user/zhuzihou/assets/dedup_workspaces/test0_transitive_apply_parallel/dataset/GRScenes_assets/cabinet/cdf239d9904dc943d1da024c2685b62c,/cpfs/user/zhuzihou/assets/dedup_workspaces/test0_transitive_apply_parallel/dataset/GRScenes_assets/cabinet/cdf239d9904dc943d1da024c2685b62c/usd/cdf239d9904dc943d1da024c2685b62c.usd
cabinet,ce6d6990195849f50462f4ff0a2b820b,tiny,object,1178772626593393082468659900175517483008.000000,262.210304,4495523668218495291756777085979328512.000000,true,true,,0.012302,0.014343,80,tiny;blank;blank;blank,/cpfs/user/zhuzihou/assets/dedup_workspaces/test0_transitive_apply_parallel/dataset/GRScenes_assets/cabinet/ce6d6990195849f50462f4ff0a2b820b,/cpfs/user/zhuzihou/assets/dedup_workspaces/test0_transitive_apply_parallel/dataset/GRScenes_assets/cabinet/ce6d6990195849f50462f4ff0a2b820b/usd/ce6d6990195849f50462f4ff0a2b820b.usd
cabinet,cebf73466eb691bf9557a0dc4cf35f67,tiny,object,1178772626593393082468659900175517483008.000000,180.295610,6537999591015837412492195194543800320.000000,true,true,,0.004848,0.005081,74,tiny;blank;blank;blank,/cpfs/user/zhuzihou/assets/dedup_workspaces/test0_transitive_apply_parallel/dataset/GRScenes_assets/cabinet/cebf73466eb691bf9557a0dc4cf35f67,/cpfs/user/zhuzihou/assets/dedup_workspaces/test0_transitive_apply_parallel/dataset/GRScenes_assets/cabinet/cebf73466eb691bf9557a0dc4cf35f67/usd/cebf73466eb691bf9557a0dc4cf35f67.usd
cabinet,cec0a421ba45b978178906a454e11f53,suspicious,object,1178772626593393082468659900175517483008.000000,180.571500,6528010373492177451958563150128742400.000000,true,true,,0.047676,0.059891,157,ok;tiny;ok;ok,/cpfs/user/zhuzihou/assets/dedup_workspaces/test0_transitive_apply_parallel/dataset/GRScenes_assets/cabinet/cec0a421ba45b978178906a454e11f53,/cpfs/user/zhuzihou/assets/dedup_workspaces/test0_transitive_apply_parallel/dataset/GRScenes_assets/cabinet/cec0a421ba45b978178906a454e11f53/usd/cec0a421ba45b978178906a454e11f53.usd
cabinet,cec86013d20d97c5cddbc52c0271daa9,suspicious,object,1178772626593393082468659900175517483008.000000,282.370349,4174562345494178138597221340601647104.000000,true,true,,0.029854,0.031052,148,blank;blank;ok;blank,/cpfs/user/zhuzihou/assets/dedup_workspaces/test0_transitive_apply_parallel/dataset/GRScenes_assets/cabinet/cec86013d20d97c5cddbc52c0271daa9,/cpfs/user/zhuzihou/assets/dedup_workspaces/test0_transitive_apply_parallel/dataset/GRScenes_assets/cabinet/cec86013d20d97c5cddbc52c0271daa9/usd/cec86013d20d97c5cddbc52c0271daa9.usd
cabinet,cee3098512f795e9d95ea3d81f7bbc4a,suspicious,object,1178772626593393082468659900175517483008.000000,128.725492,9157258692673242625964643581608067072.000000,true,true,,0.028263,0.033134,101,ok;ok;tiny;tiny,/cpfs/user/zhuzihou/assets/dedup_workspaces/test0_transitive_apply_parallel/dataset/GRScenes_assets/cabinet/cee3098512f795e9d95ea3d81f7bbc4a,/cpfs/user/zhuzihou/assets/dedup_workspaces/test0_transitive_apply_parallel/dataset/GRScenes_assets/cabinet/cee3098512f795e9d95ea3d81f7bbc4a/usd/cee3098512f795e9d95ea3d81f7bbc4a.usd
cabinet,cefd05f9afdac3ea57802435e42820d0,tiny,object,1178772626593393082468659900175517483008.000000,146.812058,8029126779115958446476183678989893632.000000,true,true,,0.009541,0.011753,79,tiny;blank;blank;blank,/cpfs/user/zhuzihou/assets/dedup_workspaces/test0_transitive_apply_parallel/dataset/GRScenes_assets/cabinet/cefd05f9afdac3ea57802435e42820d0,/cpfs/user/zhuzihou/assets/dedup_workspaces/test0_transitive_apply_parallel/dataset/GRScenes_assets/cabinet/cefd05f9afdac3ea57802435e42820d0/usd/cefd05f9afdac3ea57802435e42820d0.usd
cabinet,cf7f48de4042e45bc9ae086dc3a21208,suspicious,object,1178772626593393082468659900175517483008.000000,150.846851,7814366804130372123654125920880427008.000000,true,true,,0.021194,0.024033,100,ok;ok;tiny;ok,/cpfs/user/zhuzihou/assets/dedup_workspaces/test0_transitive_apply_parallel/dataset/GRScenes_assets/cabinet/cf7f48de4042e45bc9ae086dc3a21208,/cpfs/user/zhuzihou/assets/dedup_workspaces/test0_transitive_apply_parallel/dataset/GRScenes_assets/cabinet/cf7f48de4042e45bc9ae086dc3a21208/usd/cf7f48de4042e45bc9ae086dc3a21208.usd
cabinet,cf90253939f8aceae7cde192b36bb535,suspicious,object,1178772626593393082468659900175517483008.000000,414.585641,2843254830126186735734218164080214016.000000,true,true,,0.126331,0.147663,356,blank;ok;ok;ok,/cpfs/user/zhuzihou/assets/dedup_workspaces/test0_transitive_apply_parallel/dataset/GRScenes_assets/cabinet/cf90253939f8aceae7cde192b36bb535,/cpfs/user/zhuzihou/assets/dedup_workspaces/test0_transitive_apply_parallel/dataset/GRScenes_assets/cabinet/cf90253939f8aceae7cde192b36bb535/usd/cf90253939f8aceae7cde192b36bb535.usd
cabinet,d07c2228610383f4e9b7cb35390f8522,tiny,object,1178772626593393082468659900175517483008.000000,152.646019,7722262484510078958964627367643840512.000000,true,true,,0.007935,0.009064,54,tiny;tiny;tiny;tiny,/cpfs/user/zhuzihou/assets/dedup_workspaces/test0_transitive_apply_parallel/dataset/GRScenes_assets/cabinet/d07c2228610383f4e9b7cb35390f8522,/cpfs/user/zhuzihou/assets/dedup_workspaces/test0_transitive_apply_parallel/dataset/GRScenes_assets/cabinet/d07c2228610383f4e9b7cb35390f8522/usd/d07c2228610383f4e9b7cb35390f8522.usd
cabinet,d0ef1eb90058ae933c334290d1ac83fc,blank,object,1178772626593393082468659900175517483008.000000,98.443504,11974102755645928385829725704699248640.000000,true,true,,0.000000,0.000000,0,blank;blank;blank;blank,/cpfs/user/zhuzihou/assets/dedup_workspaces/test0_transitive_apply_parallel/dataset/GRScenes_assets/cabinet/d0ef1eb90058ae933c334290d1ac83fc,/cpfs/user/zhuzihou/assets/dedup_workspaces/test0_transitive_apply_parallel/dataset/GRScenes_assets/cabinet/d0ef1eb90058ae933c334290d1ac83fc/usd/d0ef1eb90058ae933c334290d1ac83fc.usd
cabinet,d25b1eaa551dc87164ebc6fecefa5e20,tiny,object,1178772626593393082468659900175517483008.000000,109.497401,10765302325290066867382120080455237632.000000,true,true,,0.006718,0.007553,45,blank;blank;blank;tiny,/cpfs/user/zhuzihou/assets/dedup_workspaces/test0_transitive_apply_parallel/dataset/GRScenes_assets/cabinet/d25b1eaa551dc87164ebc6fecefa5e20,/cpfs/user/zhuzihou/assets/dedup_workspaces/test0_transitive_apply_parallel/dataset/GRScenes_assets/cabinet/d25b1eaa551dc87164ebc6fecefa5e20/usd/d25b1eaa551dc87164ebc6fecefa5e20.usd
cabinet,d3bc8f87f7e6cefe8791c439590e8b46,suspicious,object,1178772626593393082468659900175517483008.000000,195.378305,6033283111073711350166372643126640640.000000,true,true,,0.027222,0.031471,125,tiny;ok;ok;tiny,/cpfs/user/zhuzihou/assets/dedup_workspaces/test0_transitive_apply_parallel/dataset/GRScenes_assets/cabinet/d3bc8f87f7e6cefe8791c439590e8b46,/cpfs/user/zhuzihou/assets/dedup_workspaces/test0_transitive_apply_parallel/dataset/GRScenes_assets/cabinet/d3bc8f87f7e6cefe8791c439590e8b46/usd/d3bc8f87f7e6cefe8791c439590e8b46.usd
cabinet,d42176c5fe4029f74677527b7af8e20e,suspicious,object,1178772626593393082468659900175517483008.000000,315.770995,3732998422602517414698234603527733248.000000,true,true,,0.003864,0.007725,81,blank;blank;tiny;ok,/cpfs/user/zhuzihou/assets/dedup_workspaces/test0_transitive_apply_parallel/dataset/GRScenes_assets/cabinet/d42176c5fe4029f74677527b7af8e20e,/cpfs/user/zhuzihou/assets/dedup_workspaces/test0_transitive_apply_parallel/dataset/GRScenes_assets/cabinet/d42176c5fe4029f74677527b7af8e20e/usd/d42176c5fe4029f74677527b7af8e20e.usd
cabinet,d42f2e8221d899971e2effeaf540e2cb,tiny,object,1178772626593393082468659900175517483008.000000,231.868168,5083805328911844654727902939704197120.000000,true,true,,0.008133,0.011810,72,blank;blank;blank;tiny,/cpfs/user/zhuzihou/assets/dedup_workspaces/test0_transitive_apply_parallel/dataset/GRScenes_assets/cabinet/d42f2e8221d899971e2effeaf540e2cb,/cpfs/user/zhuzihou/assets/dedup_workspaces/test0_transitive_apply_parallel/dataset/GRScenes_assets/cabinet/d42f2e8221d899971e2effeaf540e2cb/usd/d42f2e8221d899971e2effeaf540e2cb.usd
cabinet,d4c62cb1f5020fbdb15a98dc29e3f004,suspicious,object,1178772626593393082468659900175517483008.000000,167.749796,7026969053042902931128345713767874560.000000,true,true,,0.036285,0.047962,132,tiny;ok;ok;ok,/cpfs/user/zhuzihou/assets/dedup_workspaces/test0_transitive_apply_parallel/dataset/GRScenes_assets/cabinet/d4c62cb1f5020fbdb15a98dc29e3f004,/cpfs/user/zhuzihou/assets/dedup_workspaces/test0_transitive_apply_parallel/dataset/GRScenes_assets/cabinet/d4c62cb1f5020fbdb15a98dc29e3f004/usd/d4c62cb1f5020fbdb15a98dc29e3f004.usd
cabinet,d7369035ad50d263c7bb172b208d92c2,blank,object,1178772626593393082468659900175517483008.000000,58.660550,20094810407700937871319892815182299136.000000,true,true,,0.000000,0.000000,0,blank;blank;blank;blank,/cpfs/user/zhuzihou/assets/dedup_workspaces/test0_transitive_apply_parallel/dataset/GRScenes_assets/cabinet/d7369035ad50d263c7bb172b208d92c2,/cpfs/user/zhuzihou/assets/dedup_workspaces/test0_transitive_apply_parallel/dataset/GRScenes_assets/cabinet/d7369035ad50d263c7bb172b208d92c2/usd/d7369035ad50d263c7bb172b208d92c2.usd
cabinet,d7698ecd95c919e1fc3adb1a72dd7fcc,suspicious,object,1178772626593393082468659900175517483008.000000,174.946423,6737906420380689291754980090599964672.000000,true,true,,0.008896,0.011669,133,blank;ok;blank;blank,/cpfs/user/zhuzihou/assets/dedup_workspaces/test0_transitive_apply_parallel/dataset/GRScenes_assets/cabinet/d7698ecd95c919e1fc3adb1a72dd7fcc,/cpfs/user/zhuzihou/assets/dedup_workspaces/test0_transitive_apply_parallel/dataset/GRScenes_assets/cabinet/d7698ecd95c919e1fc3adb1a72dd7fcc/usd/d7698ecd95c919e1fc3adb1a72dd7fcc.usd
cabinet,d8081d8a224daa5d3b0f2d803c29028e,suspicious,object,1178772626593393082468659900175517483008.000000,188.698061,6246871960030973083798742931962068992.000000,true,true,,0.018490,0.027588,113,blank;blank;blank;ok,/cpfs/user/zhuzihou/assets/dedup_workspaces/test0_transitive_apply_parallel/dataset/GRScenes_assets/cabinet/d8081d8a224daa5d3b0f2d803c29028e,/cpfs/user/zhuzihou/assets/dedup_workspaces/test0_transitive_apply_parallel/dataset/GRScenes_assets/cabinet/d8081d8a224daa5d3b0f2d803c29028e/usd/d8081d8a224daa5d3b0f2d803c29028e.usd
cabinet,d87f3842bfda3078627155cd8d492330,suspicious,object,1178772626593393082468659900175517483008.000000,254.568757,4630468567618995785307132518304055296.000000,true,true,,0.025505,0.035667,110,blank;blank;ok;blank,/cpfs/user/zhuzihou/assets/dedup_workspaces/test0_transitive_apply_parallel/dataset/GRScenes_assets/cabinet/d87f3842bfda3078627155cd8d492330,/cpfs/user/zhuzihou/assets/dedup_workspaces/test0_transitive_apply_parallel/dataset/GRScenes_assets/cabinet/d87f3842bfda3078627155cd8d492330/usd/d87f3842bfda3078627155cd8d492330.usd
cabinet,da15ecae646653e80b36758c5d46f0da,suspicious,object,1178772626593393082468659900175517483008.000000,316.482374,3724607506031890573342327359936659456.000000,true,true,,0.066948,0.071163,205,ok;blank;blank;tiny,/cpfs/user/zhuzihou/assets/dedup_workspaces/test0_transitive_apply_parallel/dataset/GRScenes_assets/cabinet/da15ecae646653e80b36758c5d46f0da,/cpfs/user/zhuzihou/assets/dedup_workspaces/test0_transitive_apply_parallel/dataset/GRScenes_assets/cabinet/da15ecae646653e80b36758c5d46f0da/usd/da15ecae646653e80b36758c5d46f0da.usd
cabinet,da36bd2ae3a9bdf958a886ed34e8a088,suspicious,object,1178772626593393082468659900175517483008.000000,185.809054,6343999922404219854606429207685758976.000000,true,true,,0.003323,0.007050,88,ok;blank;blank;blank,/cpfs/user/zhuzihou/assets/dedup_workspaces/test0_transitive_apply_parallel/dataset/GRScenes_assets/cabinet/da36bd2ae3a9bdf958a886ed34e8a088,/cpfs/user/zhuzihou/assets/dedup_workspaces/test0_transitive_apply_parallel/dataset/GRScenes_assets/cabinet/da36bd2ae3a9bdf958a886ed34e8a088/usd/da36bd2ae3a9bdf958a886ed34e8a088.usd
cabinet,dba56e0165ad4beaf1e22d5eb14ee64d,suspicious,object,1178772626593393082468659900175517483008.000000,299.216580,3939529780869881842925567813034704896.000000,true,true,,0.064728,0.068970,160,blank;blank;ok;blank,/cpfs/user/zhuzihou/assets/dedup_workspaces/test0_transitive_apply_parallel/dataset/GRScenes_assets/cabinet/dba56e0165ad4beaf1e22d5eb14ee64d,/cpfs/user/zhuzihou/assets/dedup_workspaces/test0_transitive_apply_parallel/dataset/GRScenes_assets/cabinet/dba56e0165ad4beaf1e22d5eb14ee64d/usd/dba56e0165ad4beaf1e22d5eb14ee64d.usd
cabinet,dbec0996b6cff910ffcfbdcd779eda2d,suspicious,object,1178772626593393082468659900175517483008.000000,106.854845,11031531898933416220063771227953561600.000000,true,true,,0.056789,0.069000,136,ok;ok;blank;blank,/cpfs/user/zhuzihou/assets/dedup_workspaces/test0_transitive_apply_parallel/dataset/GRScenes_assets/cabinet/dbec0996b6cff910ffcfbdcd779eda2d,/cpfs/user/zhuzihou/assets/dedup_workspaces/test0_transitive_apply_parallel/dataset/GRScenes_assets/cabinet/dbec0996b6cff910ffcfbdcd779eda2d/usd/dbec0996b6cff910ffcfbdcd779eda2d.usd
cabinet,dc69ec5a1d815db86e23193601e529ee,suspicious,object,1178772626593393082468659900175517483008.000000,112.973847,10434031074178963855566383593935601664.000000,true,true,,0.045975,0.061218,136,blank;ok;blank;blank,/cpfs/user/zhuzihou/assets/dedup_workspaces/test0_transitive_apply_parallel/dataset/GRScenes_assets/cabinet/dc69ec5a1d815db86e23193601e529ee,/cpfs/user/zhuzihou/assets/dedup_workspaces/test0_transitive_apply_parallel/dataset/GRScenes_assets/cabinet/dc69ec5a1d815db86e23193601e529ee/usd/dc69ec5a1d815db86e23193601e529ee.usd
cabinet,dc806be9b2966a6a2aa7f01b1294b886,suspicious,object,1178772626593393082468659900175517483008.000000,216.368729,5447980556651422317349262383038595072.000000,true,true,,0.028091,0.030945,151,ok;ok;tiny;ok,/cpfs/user/zhuzihou/assets/dedup_workspaces/test0_transitive_apply_parallel/dataset/GRScenes_assets/cabinet/dc806be9b2966a6a2aa7f01b1294b886,/cpfs/user/zhuzihou/assets/dedup_workspaces/test0_transitive_apply_parallel/dataset/GRScenes_assets/cabinet/dc806be9b2966a6a2aa7f01b1294b886/usd/dc806be9b2966a6a2aa7f01b1294b886.usd
cabinet,dd20d3ca674061250e14bc286a24a591,suspicious,object,1178772626593393082468659900175517483008.000000,373.639268,3154841387162632725238922255311831040.000000,true,true,,0.108067,0.150711,238,blank;blank;ok;ok,/cpfs/user/zhuzihou/assets/dedup_workspaces/test0_transitive_apply_parallel/dataset/GRScenes_assets/cabinet/dd20d3ca674061250e14bc286a24a591,/cpfs/user/zhuzihou/assets/dedup_workspaces/test0_transitive_apply_parallel/dataset/GRScenes_assets/cabinet/dd20d3ca674061250e14bc286a24a591/usd/dd20d3ca674061250e14bc286a24a591.usd
cabinet,dd99dcc88437c46ff91c42b4bcf8b829,suspicious,object,1178772626593393082468659900175517483008.000000,295.386072,3990616817416032921136599901231120384.000000,true,true,,0.028679,0.030090,136,tiny;ok;ok;tiny,/cpfs/user/zhuzihou/assets/dedup_workspaces/test0_transitive_apply_parallel/dataset/GRScenes_assets/cabinet/dd99dcc88437c46ff91c42b4bcf8b829,/cpfs/user/zhuzihou/assets/dedup_workspaces/test0_transitive_apply_parallel/dataset/GRScenes_assets/cabinet/dd99dcc88437c46ff91c42b4bcf8b829/usd/dd99dcc88437c46ff91c42b4bcf8b829.usd
cabinet,ddbc8069711d9fc845959c398d9337dd,suspicious,object,1178772626593393082468659900175517483008.000000,284.253404,4146907692838580891265040606985977856.000000,true,true,,0.024380,0.033852,102,blank;ok;blank;blank,/cpfs/user/zhuzihou/assets/dedup_workspaces/test0_transitive_apply_parallel/dataset/GRScenes_assets/cabinet/ddbc8069711d9fc845959c398d9337dd,/cpfs/user/zhuzihou/assets/dedup_workspaces/test0_transitive_apply_parallel/dataset/GRScenes_assets/cabinet/ddbc8069711d9fc845959c398d9337dd/usd/ddbc8069711d9fc845959c398d9337dd.usd
cabinet,de8c2d6839aab19829e78df1d7524277,suspicious,object,1178772626593393082468659900175517483008.000000,190.065758,6201920010455602311378008420772741120.000000,true,true,,0.010250,0.011124,108,blank;blank;blank;ok,/cpfs/user/zhuzihou/assets/dedup_workspaces/test0_transitive_apply_parallel/dataset/GRScenes_assets/cabinet/de8c2d6839aab19829e78df1d7524277,/cpfs/user/zhuzihou/assets/dedup_workspaces/test0_transitive_apply_parallel/dataset/GRScenes_assets/cabinet/de8c2d6839aab19829e78df1d7524277/usd/de8c2d6839aab19829e78df1d7524277.usd
cabinet,deb8cd7ff9147ab060e90f315686a647,suspicious,object,1178772626593393082468659900175517483008.000000,254.568757,4630468567618995785307132518304055296.000000,true,true,,0.027622,0.028610,150,blank;blank;blank;ok,/cpfs/user/zhuzihou/assets/dedup_workspaces/test0_transitive_apply_parallel/dataset/GRScenes_assets/cabinet/deb8cd7ff9147ab060e90f315686a647,/cpfs/user/zhuzihou/assets/dedup_workspaces/test0_transitive_apply_parallel/dataset/GRScenes_assets/cabinet/deb8cd7ff9147ab060e90f315686a647/usd/deb8cd7ff9147ab060e90f315686a647.usd
cabinet,def8f92095cc409637c90677fdc879ce,tiny,object,1178772626593393082468659900175517483008.000000,235.064524,5014676840881240218210586667887099904.000000,true,true,,0.002605,0.003719,39,blank;tiny;blank;blank,/cpfs/user/zhuzihou/assets/dedup_workspaces/test0_transitive_apply_parallel/dataset/GRScenes_assets/cabinet/def8f92095cc409637c90677fdc879ce,/cpfs/user/zhuzihou/assets/dedup_workspaces/test0_transitive_apply_parallel/dataset/GRScenes_assets/cabinet/def8f92095cc409637c90677fdc879ce/usd/def8f92095cc409637c90677fdc879ce.usd
cabinet,e15f4b04cebaddc657da1bbebf0d5038,suspicious,object,1178772626593393082468659900175517483008.000000,257.632895,4575396432064004631869568382419337216.000000,true,true,,0.031696,0.033112,140,ok;blank;blank;blank,/cpfs/user/zhuzihou/assets/dedup_workspaces/test0_transitive_apply_parallel/dataset/GRScenes_assets/cabinet/e15f4b04cebaddc657da1bbebf0d5038,/cpfs/user/zhuzihou/assets/dedup_workspaces/test0_transitive_apply_parallel/dataset/GRScenes_assets/cabinet/e15f4b04cebaddc657da1bbebf0d5038/usd/e15f4b04cebaddc657da1bbebf0d5038.usd
cabinet,e2066750ba0fcffa83eda55473256602,suspicious,object,1178772626593393082468659900175517483008.000000,284.805414,4138870149995966352293811009624211456.000000,true,true,,0.040733,0.048351,169,ok;ok;ok;blank,/cpfs/user/zhuzihou/assets/dedup_workspaces/test0_transitive_apply_parallel/dataset/GRScenes_assets/cabinet/e2066750ba0fcffa83eda55473256602,/cpfs/user/zhuzihou/assets/dedup_workspaces/test0_transitive_apply_parallel/dataset/GRScenes_assets/cabinet/e2066750ba0fcffa83eda55473256602/usd/e2066750ba0fcffa83eda55473256602.usd
cabinet,e21d4bb1dbfcf5807d8aa4418113613c,tiny,object,1178772626593393082468659900175517483008.000000,90.249655,13061242455710428953195451894045081600.000000,true,true,,0.007736,0.008926,60,blank;blank;tiny;blank,/cpfs/user/zhuzihou/assets/dedup_workspaces/test0_transitive_apply_parallel/dataset/GRScenes_assets/cabinet/e21d4bb1dbfcf5807d8aa4418113613c,/cpfs/user/zhuzihou/assets/dedup_workspaces/test0_transitive_apply_parallel/dataset/GRScenes_assets/cabinet/e21d4bb1dbfcf5807d8aa4418113613c/usd/e21d4bb1dbfcf5807d8aa4418113613c.usd
cabinet,e2215f4ea7ad96b95c2ae85b9cf61bef,suspicious,object,1178772626593393082468659900175517483008.000000,391.638390,3009849538404745478972542561978155008.000000,true,true,,0.106598,0.129089,278,ok;ok;blank;blank,/cpfs/user/zhuzihou/assets/dedup_workspaces/test0_transitive_apply_parallel/dataset/GRScenes_assets/cabinet/e2215f4ea7ad96b95c2ae85b9cf61bef,/cpfs/user/zhuzihou/assets/dedup_workspaces/test0_transitive_apply_parallel/dataset/GRScenes_assets/cabinet/e2215f4ea7ad96b95c2ae85b9cf61bef/usd/e2215f4ea7ad96b95c2ae85b9cf61bef.usd
cabinet,e29a46128e53d771b18dfbe3046b6247,suspicious,object,1178772626593393082468659900175517483008.000000,169.844693,6940297069224316845920010367448121344.000000,true,true,,0.027302,0.034332,125,ok;ok;tiny;tiny,/cpfs/user/zhuzihou/assets/dedup_workspaces/test0_transitive_apply_parallel/dataset/GRScenes_assets/cabinet/e29a46128e53d771b18dfbe3046b6247,/cpfs/user/zhuzihou/assets/dedup_workspaces/test0_transitive_apply_parallel/dataset/GRScenes_assets/cabinet/e29a46128e53d771b18dfbe3046b6247/usd/e29a46128e53d771b18dfbe3046b6247.usd
cabinet,e2b8800c58a36ce26a041ea22343d54a,tiny,object,1178772626593393082468659900175517483008.000000,69.086462,17062281033014037112803738982518095872.000000,true,true,,0.002224,0.003128,41,tiny;blank;blank;blank,/cpfs/user/zhuzihou/assets/dedup_workspaces/test0_transitive_apply_parallel/dataset/GRScenes_assets/cabinet/e2b8800c58a36ce26a041ea22343d54a,/cpfs/user/zhuzihou/assets/dedup_workspaces/test0_transitive_apply_parallel/dataset/GRScenes_assets/cabinet/e2b8800c58a36ce26a041ea22343d54a/usd/e2b8800c58a36ce26a041ea22343d54a.usd
cabinet,e2ff023772049113ad2becaf16f9d76e,suspicious,object,1178772626593393082468659900175517483008.000000,168.526572,6994580207238080293538780985199427584.000000,true,true,,0.027851,0.033592,119,tiny;ok;ok;tiny,/cpfs/user/zhuzihou/assets/dedup_workspaces/test0_transitive_apply_parallel/dataset/GRScenes_assets/cabinet/e2ff023772049113ad2becaf16f9d76e,/cpfs/user/zhuzihou/assets/dedup_workspaces/test0_transitive_apply_parallel/dataset/GRScenes_assets/cabinet/e2ff023772049113ad2becaf16f9d76e/usd/e2ff023772049113ad2becaf16f9d76e.usd
cabinet,e3227b69e963d8524b2ca42162c53b22,suspicious,object,1178772626593393082468659900175517483008.000000,304.022269,3877257517605349533844941707973492736.000000,true,true,,0.041817,0.046349,162,tiny;ok;ok;ok,/cpfs/user/zhuzihou/assets/dedup_workspaces/test0_transitive_apply_parallel/dataset/GRScenes_assets/cabinet/e3227b69e963d8524b2ca42162c53b22,/cpfs/user/zhuzihou/assets/dedup_workspaces/test0_transitive_apply_parallel/dataset/GRScenes_assets/cabinet/e3227b69e963d8524b2ca42162c53b22/usd/e3227b69e963d8524b2ca42162c53b22.usd
cabinet,e344c0e0d1054db169d2c0ed258df664,suspicious,object,1178772626593393082468659900175517483008.000000,116.656138,10104677299132398608639540684008718336.000000,true,true,,0.053215,0.072754,149,tiny;ok;ok;ok,/cpfs/user/zhuzihou/assets/dedup_workspaces/test0_transitive_apply_parallel/dataset/GRScenes_assets/cabinet/e344c0e0d1054db169d2c0ed258df664,/cpfs/user/zhuzihou/assets/dedup_workspaces/test0_transitive_apply_parallel/dataset/GRScenes_assets/cabinet/e344c0e0d1054db169d2c0ed258df664/usd/e344c0e0d1054db169d2c0ed258df664.usd
cabinet,e363e765f5560aec9ee5fa73ee565eed,suspicious,object,1178772626593393082468659900175517483008.000000,189.257101,6228419546999468483884449813491613696.000000,true,true,,0.033092,0.046474,131,tiny;ok;ok;ok,/cpfs/user/zhuzihou/assets/dedup_workspaces/test0_transitive_apply_parallel/dataset/GRScenes_assets/cabinet/e363e765f5560aec9ee5fa73ee565eed,/cpfs/user/zhuzihou/assets/dedup_workspaces/test0_transitive_apply_parallel/dataset/GRScenes_assets/cabinet/e363e765f5560aec9ee5fa73ee565eed/usd/e363e765f5560aec9ee5fa73ee565eed.usd
cabinet,e3a719d21be5b76eedd1e29ca9aa7c06,suspicious,object,1178772626593393082468659900175517483008.000000,321.798402,3663077936448945519857496231849754624.000000,true,true,,0.046391,0.063858,186,ok;ok;blank;blank,/cpfs/user/zhuzihou/assets/dedup_workspaces/test0_transitive_apply_parallel/dataset/GRScenes_assets/cabinet/e3a719d21be5b76eedd1e29ca9aa7c06,/cpfs/user/zhuzihou/assets/dedup_workspaces/test0_transitive_apply_parallel/dataset/GRScenes_assets/cabinet/e3a719d21be5b76eedd1e29ca9aa7c06/usd/e3a719d21be5b76eedd1e29ca9aa7c06.usd
cabinet,e40da5dc3ce0234ecde394b21499832d,suspicious,object,1178772626593393082468659900175517483008.000000,364.676600,3232378025351081971733769065227878400.000000,true,true,,0.027679,0.039543,146,tiny;ok;ok;ok,/cpfs/user/zhuzihou/assets/dedup_workspaces/test0_transitive_apply_parallel/dataset/GRScenes_assets/cabinet/e40da5dc3ce0234ecde394b21499832d,/cpfs/user/zhuzihou/assets/dedup_workspaces/test0_transitive_apply_parallel/dataset/GRScenes_assets/cabinet/e40da5dc3ce0234ecde394b21499832d/usd/e40da5dc3ce0234ecde394b21499832d.usd
cabinet,e4838a619b3db92a09d0b70cb054e537,suspicious,object,1178772626593393082468659900175517483008.000000,299.216583,3939529743270445359094850241922334720.000000,true,true,,0.121574,0.151840,321,blank;ok;ok;ok,/cpfs/user/zhuzihou/assets/dedup_workspaces/test0_transitive_apply_parallel/dataset/GRScenes_assets/cabinet/e4838a619b3db92a09d0b70cb054e537,/cpfs/user/zhuzihou/assets/dedup_workspaces/test0_transitive_apply_parallel/dataset/GRScenes_assets/cabinet/e4838a619b3db92a09d0b70cb054e537/usd/e4838a619b3db92a09d0b70cb054e537.usd
cabinet,e5733fb5d4828ae51248579ee1a996e6,tiny,object,1178772626593393082468659900175517483008.000000,85.433136,13797604604172253609903970173029711872.000000,true,true,,0.013065,0.016479,80,tiny;tiny;tiny;tiny,/cpfs/user/zhuzihou/assets/dedup_workspaces/test0_transitive_apply_parallel/dataset/GRScenes_assets/cabinet/e5733fb5d4828ae51248579ee1a996e6,/cpfs/user/zhuzihou/assets/dedup_workspaces/test0_transitive_apply_parallel/dataset/GRScenes_assets/cabinet/e5733fb5d4828ae51248579ee1a996e6/usd/e5733fb5d4828ae51248579ee1a996e6.usd
cabinet,e642d4dfb1c10a79760fffd5af95d005,suspicious,object,1178772626593393082468659900175517483008.000000,223.843473,5266057610348929277405011202954756096.000000,true,true,,0.025635,0.043457,128,ok;blank;blank;blank,/cpfs/user/zhuzihou/assets/dedup_workspaces/test0_transitive_apply_parallel/dataset/GRScenes_assets/cabinet/e642d4dfb1c10a79760fffd5af95d005,/cpfs/user/zhuzihou/assets/dedup_workspaces/test0_transitive_apply_parallel/dataset/GRScenes_assets/cabinet/e642d4dfb1c10a79760fffd5af95d005/usd/e642d4dfb1c10a79760fffd5af95d005.usd
cabinet,e65ebd2a789aec63a2f55889c148fba9,suspicious,object,1178772626593393082468659900175517483008.000000,344.727232,3419435762308911492934519797883863040.000000,true,true,,0.045746,0.072205,170,ok;blank;blank;ok,/cpfs/user/zhuzihou/assets/dedup_workspaces/test0_transitive_apply_parallel/dataset/GRScenes_assets/cabinet/e65ebd2a789aec63a2f55889c148fba9,/cpfs/user/zhuzihou/assets/dedup_workspaces/test0_transitive_apply_parallel/dataset/GRScenes_assets/cabinet/e65ebd2a789aec63a2f55889c148fba9/usd/e65ebd2a789aec63a2f55889c148fba9.usd
cabinet,e6705d1edaf4c72d9849e5720e05b98c,suspicious,object,1178772626593393082468659900175517483008.000000,100.084999,11777715368781702169453651907382870016.000000,true,true,,0.027702,0.032185,143,blank;ok;blank;blank,/cpfs/user/zhuzihou/assets/dedup_workspaces/test0_transitive_apply_parallel/dataset/GRScenes_assets/cabinet/e6705d1edaf4c72d9849e5720e05b98c,/cpfs/user/zhuzihou/assets/dedup_workspaces/test0_transitive_apply_parallel/dataset/GRScenes_assets/cabinet/e6705d1edaf4c72d9849e5720e05b98c/usd/e6705d1edaf4c72d9849e5720e05b98c.usd
cabinet,e7419f536d31133abf8b371a38a3e4be,suspicious,object,1178772626593393082468659900175517483008.000000,166.343245,7086387122510162939359986128829546496.000000,true,true,,0.015697,0.020355,116,blank;blank;blank;ok,/cpfs/user/zhuzihou/assets/dedup_workspaces/test0_transitive_apply_parallel/dataset/GRScenes_assets/cabinet/e7419f536d31133abf8b371a38a3e4be,/cpfs/user/zhuzihou/assets/dedup_workspaces/test0_transitive_apply_parallel/dataset/GRScenes_assets/cabinet/e7419f536d31133abf8b371a38a3e4be/usd/e7419f536d31133abf8b371a38a3e4be.usd
cabinet,e820faac0e5a4a862631cf93ce6126f5,suspicious,object,1178772626593393082468659900175517483008.000000,308.027601,3826840918473556798814395825706237952.000000,true,true,,0.019623,0.020176,129,ok;blank;blank;blank,/cpfs/user/zhuzihou/assets/dedup_workspaces/test0_transitive_apply_parallel/dataset/GRScenes_assets/cabinet/e820faac0e5a4a862631cf93ce6126f5,/cpfs/user/zhuzihou/assets/dedup_workspaces/test0_transitive_apply_parallel/dataset/GRScenes_assets/cabinet/e820faac0e5a4a862631cf93ce6126f5/usd/e820faac0e5a4a862631cf93ce6126f5.usd
cabinet,e884b84801a6d5fba3a0319606077179,suspicious,object,1178772626593393082468659900175517483008.000000,274.775845,4289942685092251341431433865562423296.000000,true,true,,0.015366,0.050247,178,blank;blank;ok;blank,/cpfs/user/zhuzihou/assets/dedup_workspaces/test0_transitive_apply_parallel/dataset/GRScenes_assets/cabinet/e884b84801a6d5fba3a0319606077179,/cpfs/user/zhuzihou/assets/dedup_workspaces/test0_transitive_apply_parallel/dataset/GRScenes_assets/cabinet/e884b84801a6d5fba3a0319606077179/usd/e884b84801a6d5fba3a0319606077179.usd
cabinet,e8cfc61faf8eea98f99938986cf4708c,suspicious,object,1178772626593393082468659900175517483008.000000,154.087271,7650032490318077490117311016965505024.000000,true,true,,0.018318,0.021973,90,ok;blank;blank;blank,/cpfs/user/zhuzihou/assets/dedup_workspaces/test0_transitive_apply_parallel/dataset/GRScenes_assets/cabinet/e8cfc61faf8eea98f99938986cf4708c,/cpfs/user/zhuzihou/assets/dedup_workspaces/test0_transitive_apply_parallel/dataset/GRScenes_assets/cabinet/e8cfc61faf8eea98f99938986cf4708c/usd/e8cfc61faf8eea98f99938986cf4708c.usd
cabinet,e920d4d3e8679813cc97a1d8beb19655,suspicious,object,1178772626593393082468659900175517483008.000000,207.846100,5671372359465447199428978736661266432.000000,true,true,,0.023487,0.031311,172,ok;tiny;ok;ok,/cpfs/user/zhuzihou/assets/dedup_workspaces/test0_transitive_apply_parallel/dataset/GRScenes_assets/cabinet/e920d4d3e8679813cc97a1d8beb19655,/cpfs/user/zhuzihou/assets/dedup_workspaces/test0_transitive_apply_parallel/dataset/GRScenes_assets/cabinet/e920d4d3e8679813cc97a1d8beb19655/usd/e920d4d3e8679813cc97a1d8beb19655.usd
cabinet,e9a0d1fb1944db825e611a36a9c14d31,suspicious,object,1178772626593393082468659900175517483008.000000,101.937507,11563679162597443176049413580073730048.000000,true,true,,0.020859,0.022285,127,blank;blank;blank;ok,/cpfs/user/zhuzihou/assets/dedup_workspaces/test0_transitive_apply_parallel/dataset/GRScenes_assets/cabinet/e9a0d1fb1944db825e611a36a9c14d31,/cpfs/user/zhuzihou/assets/dedup_workspaces/test0_transitive_apply_parallel/dataset/GRScenes_assets/cabinet/e9a0d1fb1944db825e611a36a9c14d31/usd/e9a0d1fb1944db825e611a36a9c14d31.usd
cabinet,e9a4e1fc5ec5eaa27245f6a2b75993ba,tiny,object,1178772626593393082468659900175517483008.000000,66.583660,17703632114065258846008455902709940224.000000,true,true,,0.001114,0.001175,28,blank;tiny;blank;blank,/cpfs/user/zhuzihou/assets/dedup_workspaces/test0_transitive_apply_parallel/dataset/GRScenes_assets/cabinet/e9a4e1fc5ec5eaa27245f6a2b75993ba,/cpfs/user/zhuzihou/assets/dedup_workspaces/test0_transitive_apply_parallel/dataset/GRScenes_assets/cabinet/e9a4e1fc5ec5eaa27245f6a2b75993ba/usd/e9a4e1fc5ec5eaa27245f6a2b75993ba.usd
cabinet,e9bb94d31eac951949f463a3e1f87bc0,suspicious,object,1178772626593393082468659900175517483008.000000,256.300990,4599173134447569738365871886448984064.000000,true,true,,0.010979,0.016266,82,blank;blank;blank;ok,/cpfs/user/zhuzihou/assets/dedup_workspaces/test0_transitive_apply_parallel/dataset/GRScenes_assets/cabinet/e9bb94d31eac951949f463a3e1f87bc0,/cpfs/user/zhuzihou/assets/dedup_workspaces/test0_transitive_apply_parallel/dataset/GRScenes_assets/cabinet/e9bb94d31eac951949f463a3e1f87bc0/usd/e9bb94d31eac951949f463a3e1f87bc0.usd
cabinet,ea2c4a63d74fcc9131d9ec413b95861c,tiny,object,1178772626593393082468659900175517483008.000000,186.473032,6321410720031987268738127323990065152.000000,true,true,,0.009869,0.011539,61,tiny;tiny;tiny;tiny,/cpfs/user/zhuzihou/assets/dedup_workspaces/test0_transitive_apply_parallel/dataset/GRScenes_assets/cabinet/ea2c4a63d74fcc9131d9ec413b95861c,/cpfs/user/zhuzihou/assets/dedup_workspaces/test0_transitive_apply_parallel/dataset/GRScenes_assets/cabinet/ea2c4a63d74fcc9131d9ec413b95861c/usd/ea2c4a63d74fcc9131d9ec413b95861c.usd
cabinet,eae9f61ba47278ad6ca5c848ede930f7,suspicious,object,1178772626593393082468659900175517483008.000000,441.595106,2669351653677714580537054133328281600.000000,true,true,,0.120258,0.144234,307,blank;tiny;ok;ok,/cpfs/user/zhuzihou/assets/dedup_workspaces/test0_transitive_apply_parallel/dataset/GRScenes_assets/cabinet/eae9f61ba47278ad6ca5c848ede930f7,/cpfs/user/zhuzihou/assets/dedup_workspaces/test0_transitive_apply_parallel/dataset/GRScenes_assets/cabinet/eae9f61ba47278ad6ca5c848ede930f7/usd/eae9f61ba47278ad6ca5c848ede930f7.usd
cabinet,eb6650a0ee9f6f88650a16d886e588b6,suspicious,object,1178772626593393082468659900175517483008.000000,1354.200337,870456604376937052441106817818296320.000000,true,true,,0.031635,0.066940,214,blank;blank;ok;blank,/cpfs/user/zhuzihou/assets/dedup_workspaces/test0_transitive_apply_parallel/dataset/GRScenes_assets/cabinet/eb6650a0ee9f6f88650a16d886e588b6,/cpfs/user/zhuzihou/assets/dedup_workspaces/test0_transitive_apply_parallel/dataset/GRScenes_assets/cabinet/eb6650a0ee9f6f88650a16d886e588b6/usd/eb6650a0ee9f6f88650a16d886e588b6.usd
cabinet,ebc2b84a248d43815706c0cc06013d2d,blank,object,1178772626593393082468659900175517483008.000000,111.458396,10575897988717116048045823436378865664.000000,true,true,,0.000000,0.000000,0,blank;blank;blank;blank,/cpfs/user/zhuzihou/assets/dedup_workspaces/test0_transitive_apply_parallel/dataset/GRScenes_assets/cabinet/ebc2b84a248d43815706c0cc06013d2d,/cpfs/user/zhuzihou/assets/dedup_workspaces/test0_transitive_apply_parallel/dataset/GRScenes_assets/cabinet/ebc2b84a248d43815706c0cc06013d2d/usd/ebc2b84a248d43815706c0cc06013d2d.usd
cabinet,ebd64c86dfbad9c07da8252d0b073d96,suspicious,object,1178772626593393082468659900175517483008.000000,210.304760,5605068690195480827715726316190826496.000000,true,true,,0.008450,0.008545,224,ok;blank;blank;blank,/cpfs/user/zhuzihou/assets/dedup_workspaces/test0_transitive_apply_parallel/dataset/GRScenes_assets/cabinet/ebd64c86dfbad9c07da8252d0b073d96,/cpfs/user/zhuzihou/assets/dedup_workspaces/test0_transitive_apply_parallel/dataset/GRScenes_assets/cabinet/ebd64c86dfbad9c07da8252d0b073d96/usd/ebd64c86dfbad9c07da8252d0b073d96.usd
cabinet,ec5d34136c3f222a371ecb2de6d7825f,suspicious,object,1178772626593393082468659900175517483008.000000,345.305217,3413712184457794572671703826810535936.000000,true,true,,0.007191,0.024391,139,ok;blank;blank;blank,/cpfs/user/zhuzihou/assets/dedup_workspaces/test0_transitive_apply_parallel/dataset/GRScenes_assets/cabinet/ec5d34136c3f222a371ecb2de6d7825f,/cpfs/user/zhuzihou/assets/dedup_workspaces/test0_transitive_apply_parallel/dataset/GRScenes_assets/cabinet/ec5d34136c3f222a371ecb2de6d7825f/usd/ec5d34136c3f222a371ecb2de6d7825f.usd
cabinet,ecd58ee0a25cdc5987d48ace8b282eb0,suspicious,object,1178772626593393082468659900175517483008.000000,197.075902,5981312853647837045993488847227322368.000000,true,true,,0.032520,0.040466,136,ok;ok;tiny;ok,/cpfs/user/zhuzihou/assets/dedup_workspaces/test0_transitive_apply_parallel/dataset/GRScenes_assets/cabinet/ecd58ee0a25cdc5987d48ace8b282eb0,/cpfs/user/zhuzihou/assets/dedup_workspaces/test0_transitive_apply_parallel/dataset/GRScenes_assets/cabinet/ecd58ee0a25cdc5987d48ace8b282eb0/usd/ecd58ee0a25cdc5987d48ace8b282eb0.usd
cabinet,ecde1b3c82ae626f94f540321fcb43cd,suspicious,object,1178772626593393082468659900175517483008.000000,98.595858,11955599870106309925234552818077007872.000000,true,true,,0.017456,0.020508,112,blank;ok;blank;blank,/cpfs/user/zhuzihou/assets/dedup_workspaces/test0_transitive_apply_parallel/dataset/GRScenes_assets/cabinet/ecde1b3c82ae626f94f540321fcb43cd,/cpfs/user/zhuzihou/assets/dedup_workspaces/test0_transitive_apply_parallel/dataset/GRScenes_assets/cabinet/ecde1b3c82ae626f94f540321fcb43cd/usd/ecde1b3c82ae626f94f540321fcb43cd.usd
cabinet,ed18a7da388671a055943a5858c4c6ca,suspicious,object,1178772626593393082468659900175517483008.000000,418.953950,2813609052941238499228461884298493952.000000,true,true,,0.043533,0.050472,131,blank;ok;ok;blank,/cpfs/user/zhuzihou/assets/dedup_workspaces/test0_transitive_apply_parallel/dataset/GRScenes_assets/cabinet/ed18a7da388671a055943a5858c4c6ca,/cpfs/user/zhuzihou/assets/dedup_workspaces/test0_transitive_apply_parallel/dataset/GRScenes_assets/cabinet/ed18a7da388671a055943a5858c4c6ca/usd/ed18a7da388671a055943a5858c4c6ca.usd
cabinet,ed1c3af2c56cf5578760c692a39ed85d,suspicious,object,1178772626593393082468659900175517483008.000000,123.500320,9544692895087356454950596546370994176.000000,true,true,,0.028568,0.035706,137,ok;ok;tiny;tiny,/cpfs/user/zhuzihou/assets/dedup_workspaces/test0_transitive_apply_parallel/dataset/GRScenes_assets/cabinet/ed1c3af2c56cf5578760c692a39ed85d,/cpfs/user/zhuzihou/assets/dedup_workspaces/test0_transitive_apply_parallel/dataset/GRScenes_assets/cabinet/ed1c3af2c56cf5578760c692a39ed85d/usd/ed1c3af2c56cf5578760c692a39ed85d.usd
cabinet,edf61045f563d0ab377dfd9b490a1bac,suspicious,object,1178772626593393082468659900175517483008.000000,140.855511,8368665296681175705795388975202959360.000000,true,true,,0.037220,0.043266,107,tiny;ok;ok;ok,/cpfs/user/zhuzihou/assets/dedup_workspaces/test0_transitive_apply_parallel/dataset/GRScenes_assets/cabinet/edf61045f563d0ab377dfd9b490a1bac,/cpfs/user/zhuzihou/assets/dedup_workspaces/test0_transitive_apply_parallel/dataset/GRScenes_assets/cabinet/edf61045f563d0ab377dfd9b490a1bac/usd/edf61045f563d0ab377dfd9b490a1bac.usd
cabinet,ee5e3b5379985e5884dca7d4bafcab0f,blank,object,1178772626593393082468659900175517483008.000000,51.611197,22839474781645462745955214673131339776.000000,true,true,,0.000000,0.000000,0,blank;blank;blank;blank,/cpfs/user/zhuzihou/assets/dedup_workspaces/test0_transitive_apply_parallel/dataset/GRScenes_assets/cabinet/ee5e3b5379985e5884dca7d4bafcab0f,/cpfs/user/zhuzihou/assets/dedup_workspaces/test0_transitive_apply_parallel/dataset/GRScenes_assets/cabinet/ee5e3b5379985e5884dca7d4bafcab0f/usd/ee5e3b5379985e5884dca7d4bafcab0f.usd
cabinet,eeb58819d13c08508db6fffc82554d65,suspicious,object,1178772626593393082468659900175517483008.000000,210.304759,5605068727285100661084613088028655616.000000,true,true,,0.008640,0.008835,193,blank;blank;ok;blank,/cpfs/user/zhuzihou/assets/dedup_workspaces/test0_transitive_apply_parallel/dataset/GRScenes_assets/cabinet/eeb58819d13c08508db6fffc82554d65,/cpfs/user/zhuzihou/assets/dedup_workspaces/test0_transitive_apply_parallel/dataset/GRScenes_assets/cabinet/eeb58819d13c08508db6fffc82554d65/usd/eeb58819d13c08508db6fffc82554d65.usd
cabinet,eef055a25182e7ce4dd651be2c5394ea,suspicious,object,1178772626593393082468659900175517483008.000000,238.007584,4952668333555795278272472557947977728.000000,true,true,,0.043541,0.051659,178,ok;tiny;ok;ok,/cpfs/user/zhuzihou/assets/dedup_workspaces/test0_transitive_apply_parallel/dataset/GRScenes_assets/cabinet/eef055a25182e7ce4dd651be2c5394ea,/cpfs/user/zhuzihou/assets/dedup_workspaces/test0_transitive_apply_parallel/dataset/GRScenes_assets/cabinet/eef055a25182e7ce4dd651be2c5394ea/usd/eef055a25182e7ce4dd651be2c5394ea.usd
cabinet,eefa2c2d7a7c35a45b983ad8f1a63edd,suspicious,object,1178772626593393082468659900175517483008.000000,128.212832,9193874062550620842074424583525498880.000000,true,true,,0.041000,0.047302,124,tiny;tiny;ok;ok,/cpfs/user/zhuzihou/assets/dedup_workspaces/test0_transitive_apply_parallel/dataset/GRScenes_assets/cabinet/eefa2c2d7a7c35a45b983ad8f1a63edd,/cpfs/user/zhuzihou/assets/dedup_workspaces/test0_transitive_apply_parallel/dataset/GRScenes_assets/cabinet/eefa2c2d7a7c35a45b983ad8f1a63edd/usd/eefa2c2d7a7c35a45b983ad8f1a63edd.usd
cabinet,eff7491003afbbc1f98e2574ee8c5e98,suspicious,object,1178772626593393082468659900175517483008.000000,141.330615,8340532795257783145187954650148503552.000000,true,true,,0.016266,0.021011,81,tiny;tiny;ok;tiny,/cpfs/user/zhuzihou/assets/dedup_workspaces/test0_transitive_apply_parallel/dataset/GRScenes_assets/cabinet/eff7491003afbbc1f98e2574ee8c5e98,/cpfs/user/zhuzihou/assets/dedup_workspaces/test0_transitive_apply_parallel/dataset/GRScenes_assets/cabinet/eff7491003afbbc1f98e2574ee8c5e98/usd/eff7491003afbbc1f98e2574ee8c5e98.usd
cabinet,f00855a56cfd1991595e5d70a59c0afe,suspicious,object,1178772626593393082468659900175517483008.000000,273.392400,4311651045814043969065587369882681344.000000,true,true,,0.045559,0.048592,193,ok;blank;blank;blank,/cpfs/user/zhuzihou/assets/dedup_workspaces/test0_transitive_apply_parallel/dataset/GRScenes_assets/cabinet/f00855a56cfd1991595e5d70a59c0afe,/cpfs/user/zhuzihou/assets/dedup_workspaces/test0_transitive_apply_parallel/dataset/GRScenes_assets/cabinet/f00855a56cfd1991595e5d70a59c0afe/usd/f00855a56cfd1991595e5d70a59c0afe.usd
cabinet,f0805d366a08f81e15ddfb2235165638,suspicious,object,1178772626593393082468659900175517483008.000000,193.550431,6090260927767360601917889540394057728.000000,true,true,,0.026554,0.036621,160,blank;ok;blank;blank,/cpfs/user/zhuzihou/assets/dedup_workspaces/test0_transitive_apply_parallel/dataset/GRScenes_assets/cabinet/f0805d366a08f81e15ddfb2235165638,/cpfs/user/zhuzihou/assets/dedup_workspaces/test0_transitive_apply_parallel/dataset/GRScenes_assets/cabinet/f0805d366a08f81e15ddfb2235165638/usd/f0805d366a08f81e15ddfb2235165638.usd
cabinet,f24adef3f58278ace48c3194f2cc1303,suspicious,object,1178772626593393082468659900175517483008.000000,242.807721,4854757599159291611875490421427666944.000000,true,true,,0.010319,0.010586,185,ok;blank;blank;blank,/cpfs/user/zhuzihou/assets/dedup_workspaces/test0_transitive_apply_parallel/dataset/GRScenes_assets/cabinet/f24adef3f58278ace48c3194f2cc1303,/cpfs/user/zhuzihou/assets/dedup_workspaces/test0_transitive_apply_parallel/dataset/GRScenes_assets/cabinet/f24adef3f58278ace48c3194f2cc1303/usd/f24adef3f58278ace48c3194f2cc1303.usd
cabinet,f29d02f6b2b9b50bbc57f60a6fd649d5,suspicious,object,1178772626593393082468659900175517483008.000000,177.071142,6657056660936843385770596136170553344.000000,true,true,,0.002106,0.004044,106,blank;blank;ok;blank,/cpfs/user/zhuzihou/assets/dedup_workspaces/test0_transitive_apply_parallel/dataset/GRScenes_assets/cabinet/f29d02f6b2b9b50bbc57f60a6fd649d5,/cpfs/user/zhuzihou/assets/dedup_workspaces/test0_transitive_apply_parallel/dataset/GRScenes_assets/cabinet/f29d02f6b2b9b50bbc57f60a6fd649d5/usd/f29d02f6b2b9b50bbc57f60a6fd649d5.usd
cabinet,f307d93cd235772ea4688ee1f9d51778,tiny,object,1178772626593393082468659900175517483008.000000,256.649259,4592932131644057880555055723178885120.000000,true,true,,0.005886,0.007019,46,blank;blank;blank;tiny,/cpfs/user/zhuzihou/assets/dedup_workspaces/test0_transitive_apply_parallel/dataset/GRScenes_assets/cabinet/f307d93cd235772ea4688ee1f9d51778,/cpfs/user/zhuzihou/assets/dedup_workspaces/test0_transitive_apply_parallel/dataset/GRScenes_assets/cabinet/f307d93cd235772ea4688ee1f9d51778/usd/f307d93cd235772ea4688ee1f9d51778.usd
cabinet,f471513f73ace7981707dea152802450,tiny,object,1178772626593393082468659900175517483008.000000,109.132047,10801342584303985661160339293459185664.000000,true,true,,0.009483,0.012657,79,tiny;blank;blank;blank,/cpfs/user/zhuzihou/assets/dedup_workspaces/test0_transitive_apply_parallel/dataset/GRScenes_assets/cabinet/f471513f73ace7981707dea152802450,/cpfs/user/zhuzihou/assets/dedup_workspaces/test0_transitive_apply_parallel/dataset/GRScenes_assets/cabinet/f471513f73ace7981707dea152802450/usd/f471513f73ace7981707dea152802450.usd
cabinet,f4840171aa37c2e23fb88895f4970e4a,suspicious,object,1178772626593393082468659900175517483008.000000,140.979651,8361296245998742159426093500982099968.000000,true,true,,0.043495,0.053169,138,tiny;ok;ok;ok,/cpfs/user/zhuzihou/assets/dedup_workspaces/test0_transitive_apply_parallel/dataset/GRScenes_assets/cabinet/f4840171aa37c2e23fb88895f4970e4a,/cpfs/user/zhuzihou/assets/dedup_workspaces/test0_transitive_apply_parallel/dataset/GRScenes_assets/cabinet/f4840171aa37c2e23fb88895f4970e4a/usd/f4840171aa37c2e23fb88895f4970e4a.usd
cabinet,f54498f152adc7faea9a7bee1bb3c0a1,tiny,object,1178772626593393082468659900175517483008.000000,65.574386,17976113762405199776827121692399632384.000000,true,true,,0.003765,0.004280,34,tiny;blank;blank;blank,/cpfs/user/zhuzihou/assets/dedup_workspaces/test0_transitive_apply_parallel/dataset/GRScenes_assets/cabinet/f54498f152adc7faea9a7bee1bb3c0a1,/cpfs/user/zhuzihou/assets/dedup_workspaces/test0_transitive_apply_parallel/dataset/GRScenes_assets/cabinet/f54498f152adc7faea9a7bee1bb3c0a1/usd/f54498f152adc7faea9a7bee1bb3c0a1.usd
cabinet,f607af751f597c1f78f663c648c662f9,tiny,object,1178772626593393082468659900175517483008.000000,236.863340,4976593795879913405897808464572317696.000000,true,true,,0.009399,0.010681,56,blank;blank;tiny;blank,/cpfs/user/zhuzihou/assets/dedup_workspaces/test0_transitive_apply_parallel/dataset/GRScenes_assets/cabinet/f607af751f597c1f78f663c648c662f9,/cpfs/user/zhuzihou/assets/dedup_workspaces/test0_transitive_apply_parallel/dataset/GRScenes_assets/cabinet/f607af751f597c1f78f663c648c662f9/usd/f607af751f597c1f78f663c648c662f9.usd
cabinet,f65d06200e45883b51385f5f5aa9574e,suspicious,object,1178772626593393082468659900175517483008.000000,117.975123,9991705008944353410558414350905769984.000000,true,true,,0.018238,0.025043,101,tiny;tiny;ok;ok,/cpfs/user/zhuzihou/assets/dedup_workspaces/test0_transitive_apply_parallel/dataset/GRScenes_assets/cabinet/f65d06200e45883b51385f5f5aa9574e,/cpfs/user/zhuzihou/assets/dedup_workspaces/test0_transitive_apply_parallel/dataset/GRScenes_assets/cabinet/f65d06200e45883b51385f5f5aa9574e/usd/f65d06200e45883b51385f5f5aa9574e.usd
cabinet,f69d4e36458be5f1b16ded0dbf52b3f8,suspicious,object,1178772626593393082468659900175517483008.000000,204.712604,5758182947592691602832948401388126208.000000,true,true,,0.019341,0.037251,155,blank;blank;ok;blank,/cpfs/user/zhuzihou/assets/dedup_workspaces/test0_transitive_apply_parallel/dataset/GRScenes_assets/cabinet/f69d4e36458be5f1b16ded0dbf52b3f8,/cpfs/user/zhuzihou/assets/dedup_workspaces/test0_transitive_apply_parallel/dataset/GRScenes_assets/cabinet/f69d4e36458be5f1b16ded0dbf52b3f8/usd/f69d4e36458be5f1b16ded0dbf52b3f8.usd
cabinet,f703f804351f565ce09bd17a41b07632,suspicious,object,1178772626593393082468659900175517483008.000000,241.512829,4880786795784112826147137790526095360.000000,true,true,,0.005379,0.005424,158,ok;blank;blank;blank,/cpfs/user/zhuzihou/assets/dedup_workspaces/test0_transitive_apply_parallel/dataset/GRScenes_assets/cabinet/f703f804351f565ce09bd17a41b07632,/cpfs/user/zhuzihou/assets/dedup_workspaces/test0_transitive_apply_parallel/dataset/GRScenes_assets/cabinet/f703f804351f565ce09bd17a41b07632/usd/f703f804351f565ce09bd17a41b07632.usd
cabinet,f72edcf5eed1da98a84cc045f3a0fe1b,suspicious,object,1178772626593393082468659900175517483008.000000,239.841618,4914796008010038727231951796397146112.000000,true,true,,0.015911,0.016651,97,ok;blank;blank;blank,/cpfs/user/zhuzihou/assets/dedup_workspaces/test0_transitive_apply_parallel/dataset/GRScenes_assets/cabinet/f72edcf5eed1da98a84cc045f3a0fe1b,/cpfs/user/zhuzihou/assets/dedup_workspaces/test0_transitive_apply_parallel/dataset/GRScenes_assets/cabinet/f72edcf5eed1da98a84cc045f3a0fe1b/usd/f72edcf5eed1da98a84cc045f3a0fe1b.usd
cabinet,f73e0fdc412b8f6b6bf2cb3ac479211e,suspicious,object,1178772626593393082468659900175517483008.000000,381.742815,3087871151232442342342910736523591680.000000,true,true,,0.086693,0.095169,168,blank;blank;ok;ok,/cpfs/user/zhuzihou/assets/dedup_workspaces/test0_transitive_apply_parallel/dataset/GRScenes_assets/cabinet/f73e0fdc412b8f6b6bf2cb3ac479211e,/cpfs/user/zhuzihou/assets/dedup_workspaces/test0_transitive_apply_parallel/dataset/GRScenes_assets/cabinet/f73e0fdc412b8f6b6bf2cb3ac479211e/usd/f73e0fdc412b8f6b6bf2cb3ac479211e.usd
cabinet,f768c8b9386c290581890bf71e6a1d7d,suspicious,object,1178772626593393082468659900175517483008.000000,240.340837,4904587340441291921004316474350764032.000000,true,true,,0.003483,0.003502,102,ok;blank;blank;blank,/cpfs/user/zhuzihou/assets/dedup_workspaces/test0_transitive_apply_parallel/dataset/GRScenes_assets/cabinet/f768c8b9386c290581890bf71e6a1d7d,/cpfs/user/zhuzihou/assets/dedup_workspaces/test0_transitive_apply_parallel/dataset/GRScenes_assets/cabinet/f768c8b9386c290581890bf71e6a1d7d/usd/f768c8b9386c290581890bf71e6a1d7d.usd
cabinet,f7bd19e3653539abbb44dd4077509c3e,suspicious,object,1178772626593393082468659900175517483008.000000,307.069345,3838783143664691646234521203447431168.000000,true,true,,0.028984,0.052368,176,blank;ok;ok;blank,/cpfs/user/zhuzihou/assets/dedup_workspaces/test0_transitive_apply_parallel/dataset/GRScenes_assets/cabinet/f7bd19e3653539abbb44dd4077509c3e,/cpfs/user/zhuzihou/assets/dedup_workspaces/test0_transitive_apply_parallel/dataset/GRScenes_assets/cabinet/f7bd19e3653539abbb44dd4077509c3e/usd/f7bd19e3653539abbb44dd4077509c3e.usd
cabinet,f82d5f8eb7fda624bfc08f3d328164df,suspicious,object,1178772626593393082468659900175517483008.000000,293.527044,4015891039664903432560075957010956288.000000,true,true,,0.035316,0.056053,167,tiny;ok;ok;ok,/cpfs/user/zhuzihou/assets/dedup_workspaces/test0_transitive_apply_parallel/dataset/GRScenes_assets/cabinet/f82d5f8eb7fda624bfc08f3d328164df,/cpfs/user/zhuzihou/assets/dedup_workspaces/test0_transitive_apply_parallel/dataset/GRScenes_assets/cabinet/f82d5f8eb7fda624bfc08f3d328164df/usd/f82d5f8eb7fda624bfc08f3d328164df.usd
cabinet,f848e6efef05475e70a23060d4554387,suspicious,object,1178772626593393082468659900175517483008.000000,351.839822,3350310437985870837248616471705157632.000000,true,true,,0.020672,0.023174,135,blank;blank;blank;ok,/cpfs/user/zhuzihou/assets/dedup_workspaces/test0_transitive_apply_parallel/dataset/GRScenes_assets/cabinet/f848e6efef05475e70a23060d4554387,/cpfs/user/zhuzihou/assets/dedup_workspaces/test0_transitive_apply_parallel/dataset/GRScenes_assets/cabinet/f848e6efef05475e70a23060d4554387/usd/f848e6efef05475e70a23060d4554387.usd
cabinet,f8b30e28c6f8a84032f526b9ed9d72f2,suspicious,object,1178772626593393082468659900175517483008.000000,361.106694,3264333361132968325294493311506055168.000000,true,true,,0.027416,0.032547,108,ok;tiny;blank;blank,/cpfs/user/zhuzihou/assets/dedup_workspaces/test0_transitive_apply_parallel/dataset/GRScenes_assets/cabinet/f8b30e28c6f8a84032f526b9ed9d72f2,/cpfs/user/zhuzihou/assets/dedup_workspaces/test0_transitive_apply_parallel/dataset/GRScenes_assets/cabinet/f8b30e28c6f8a84032f526b9ed9d72f2/usd/f8b30e28c6f8a84032f526b9ed9d72f2.usd
cabinet,fa0a46357a52792a180dc1c68c69cdd2,suspicious,object,1178772626593393082468659900175517483008.000000,453.176935,2601131115677349177920568073268494336.000000,true,true,,0.081642,0.114555,195,blank;blank;ok;ok,/cpfs/user/zhuzihou/assets/dedup_workspaces/test0_transitive_apply_parallel/dataset/GRScenes_assets/cabinet/fa0a46357a52792a180dc1c68c69cdd2,/cpfs/user/zhuzihou/assets/dedup_workspaces/test0_transitive_apply_parallel/dataset/GRScenes_assets/cabinet/fa0a46357a52792a180dc1c68c69cdd2/usd/fa0a46357a52792a180dc1c68c69cdd2.usd
cabinet,fa430dd6b8e205916bc6b09127057839,suspicious,object,1178772626593393082468659900175517483008.000000,132.242095,8913747385544021840140749607490551808.000000,true,true,,0.020565,0.024033,84,tiny;tiny;ok;tiny,/cpfs/user/zhuzihou/assets/dedup_workspaces/test0_transitive_apply_parallel/dataset/GRScenes_assets/cabinet/fa430dd6b8e205916bc6b09127057839,/cpfs/user/zhuzihou/assets/dedup_workspaces/test0_transitive_apply_parallel/dataset/GRScenes_assets/cabinet/fa430dd6b8e205916bc6b09127057839/usd/fa430dd6b8e205916bc6b09127057839.usd
cabinet,fa67e0a29f9740a1b11f290cc2c575fa,suspicious,object,1178772626593393082468659900175517483008.000000,285.842549,4123852908619159423405828620714770432.000000,true,true,,0.015141,0.015911,97,ok;blank;blank;blank,/cpfs/user/zhuzihou/assets/dedup_workspaces/test0_transitive_apply_parallel/dataset/GRScenes_assets/cabinet/fa67e0a29f9740a1b11f290cc2c575fa,/cpfs/user/zhuzihou/assets/dedup_workspaces/test0_transitive_apply_parallel/dataset/GRScenes_assets/cabinet/fa67e0a29f9740a1b11f290cc2c575fa/usd/fa67e0a29f9740a1b11f290cc2c575fa.usd
cabinet,fb070d852f71ecb3b8351e38ab04b595,suspicious,object,1178772626593393082468659900175517483008.000000,207.846100,5671372359465447199428978736661266432.000000,true,true,,0.020641,0.033920,146,tiny;tiny;ok;ok,/cpfs/user/zhuzihou/assets/dedup_workspaces/test0_transitive_apply_parallel/dataset/GRScenes_assets/cabinet/fb070d852f71ecb3b8351e38ab04b595,/cpfs/user/zhuzihou/assets/dedup_workspaces/test0_transitive_apply_parallel/dataset/GRScenes_assets/cabinet/fb070d852f71ecb3b8351e38ab04b595/usd/fb070d852f71ecb3b8351e38ab04b595.usd
cabinet,fc5dfa65e71476fa2b37ad889bbe52b5,suspicious,object,1178772626593393082468659900175517483008.000000,271.512232,4341508363508159324399830159643901952.000000,true,true,,0.034519,0.036060,137,blank;blank;ok;tiny,/cpfs/user/zhuzihou/assets/dedup_workspaces/test0_transitive_apply_parallel/dataset/GRScenes_assets/cabinet/fc5dfa65e71476fa2b37ad889bbe52b5,/cpfs/user/zhuzihou/assets/dedup_workspaces/test0_transitive_apply_parallel/dataset/GRScenes_assets/cabinet/fc5dfa65e71476fa2b37ad889bbe52b5/usd/fc5dfa65e71476fa2b37ad889bbe52b5.usd
cabinet,fd0a02a7d9f6ceba9af45e731c8231b1,blank,object,1178772626593393082468659900175517483008.000000,153.775494,7665542752073197548247274802615681024.000000,true,true,,0.000965,0.001389,28,blank;blank;blank;blank,/cpfs/user/zhuzihou/assets/dedup_workspaces/test0_transitive_apply_parallel/dataset/GRScenes_assets/cabinet/fd0a02a7d9f6ceba9af45e731c8231b1,/cpfs/user/zhuzihou/assets/dedup_workspaces/test0_transitive_apply_parallel/dataset/GRScenes_assets/cabinet/fd0a02a7d9f6ceba9af45e731c8231b1/usd/fd0a02a7d9f6ceba9af45e731c8231b1.usd
cabinet,fd760428c04288f0dfef76714732fafa,tiny,object,1178772626593393082468659900175517483008.000000,115.188616,10233412535926662982907355065808322560.000000,true,true,,0.007462,0.008694,53,tiny;tiny;tiny;tiny,/cpfs/user/zhuzihou/assets/dedup_workspaces/test0_transitive_apply_parallel/dataset/GRScenes_assets/cabinet/fd760428c04288f0dfef76714732fafa,/cpfs/user/zhuzihou/assets/dedup_workspaces/test0_transitive_apply_parallel/dataset/GRScenes_assets/cabinet/fd760428c04288f0dfef76714732fafa/usd/fd760428c04288f0dfef76714732fafa.usd
cabinet,fddb158c3b5d10977cc4047930c5881a,suspicious,object,1178772626593393082468659900175517483008.000000,243.320452,4844527527328920426485409824043433984.000000,true,true,,0.018356,0.019138,173,blank;blank;ok;blank,/cpfs/user/zhuzihou/assets/dedup_workspaces/test0_transitive_apply_parallel/dataset/GRScenes_assets/cabinet/fddb158c3b5d10977cc4047930c5881a,/cpfs/user/zhuzihou/assets/dedup_workspaces/test0_transitive_apply_parallel/dataset/GRScenes_assets/cabinet/fddb158c3b5d10977cc4047930c5881a/usd/fddb158c3b5d10977cc4047930c5881a.usd
cabinet,fe383fbf02546b0518ba35db1701a8c0,suspicious,object,1178772626593393082468659900175517483008.000000,143.423244,8218839504097947830310039061495021568.000000,true,true,,0.018467,0.028210,87,blank;blank;ok;blank,/cpfs/user/zhuzihou/assets/dedup_workspaces/test0_transitive_apply_parallel/dataset/GRScenes_assets/cabinet/fe383fbf02546b0518ba35db1701a8c0,/cpfs/user/zhuzihou/assets/dedup_workspaces/test0_transitive_apply_parallel/dataset/GRScenes_assets/cabinet/fe383fbf02546b0518ba35db1701a8c0/usd/fe383fbf02546b0518ba35db1701a8c0.usd
cabinet,fe8868db8e086e14544a66a85c720b98,tiny,object,1178772626593393082468659900175517483008.000000,118.141630,9977622818696831794087891594995826688.000000,true,true,,0.006111,0.006615,51,tiny;tiny;tiny;tiny,/cpfs/user/zhuzihou/assets/dedup_workspaces/test0_transitive_apply_parallel/dataset/GRScenes_assets/cabinet/fe8868db8e086e14544a66a85c720b98,/cpfs/user/zhuzihou/assets/dedup_workspaces/test0_transitive_apply_parallel/dataset/GRScenes_assets/cabinet/fe8868db8e086e14544a66a85c720b98/usd/fe8868db8e086e14544a66a85c720b98.usd
cabinet,feb829b7221845e81c98fb9b9fc7bbde,suspicious,object,1178772626593393082468659900175517483008.000000,144.705008,8146038939198304331954295361310294016.000000,true,true,,0.024529,0.027237,105,tiny;ok;ok;ok,/cpfs/user/zhuzihou/assets/dedup_workspaces/test0_transitive_apply_parallel/dataset/GRScenes_assets/cabinet/feb829b7221845e81c98fb9b9fc7bbde,/cpfs/user/zhuzihou/assets/dedup_workspaces/test0_transitive_apply_parallel/dataset/GRScenes_assets/cabinet/feb829b7221845e81c98fb9b9fc7bbde/usd/feb829b7221845e81c98fb9b9fc7bbde.usd
cabinet,fec9c1b32f7a49927df3104e714643c5,tiny,object,1178772626593393082468659900175517483008.000000,279.914822,4211183314887899106886977957455200256.000000,true,true,,0.005974,0.006592,48,blank;blank;tiny;blank,/cpfs/user/zhuzihou/assets/dedup_workspaces/test0_transitive_apply_parallel/dataset/GRScenes_assets/cabinet/fec9c1b32f7a49927df3104e714643c5,/cpfs/user/zhuzihou/assets/dedup_workspaces/test0_transitive_apply_parallel/dataset/GRScenes_assets/cabinet/fec9c1b32f7a49927df3104e714643c5/usd/fec9c1b32f7a49927df3104e714643c5.usd
cabinet,ff8577487ace9743e1d7d06bb270e4c4,suspicious,object,1178772626593393082468659900175517483008.000000,303.282950,3886709178284327159829279314200756224.000000,true,true,,0.027058,0.028625,134,blank;blank;ok;blank,/cpfs/user/zhuzihou/assets/dedup_workspaces/test0_transitive_apply_parallel/dataset/GRScenes_assets/cabinet/ff8577487ace9743e1d7d06bb270e4c4,/cpfs/user/zhuzihou/assets/dedup_workspaces/test0_transitive_apply_parallel/dataset/GRScenes_assets/cabinet/ff8577487ace9743e1d7d06bb270e4c4/usd/ff8577487ace9743e1d7d06bb270e4c4.usd
cart,04b46badb1c146824d7fb0839b4d1feb,blank,object,7074.127079,128.865032,54.895630,true,true,,0.000179,0.000294,11,blank;blank;blank;blank,/cpfs/user/zhuzihou/assets/dedup_workspaces/test0_transitive_apply_parallel/dataset/GRScenes_assets/cart/04b46badb1c146824d7fb0839b4d1feb,/cpfs/user/zhuzihou/assets/dedup_workspaces/test0_transitive_apply_parallel/dataset/GRScenes_assets/cart/04b46badb1c146824d7fb0839b4d1feb/usd/04b46badb1c146824d7fb0839b4d1feb.usd
cart,0b1ef4043aea128450c0af2f6a2d5a55,tiny,object,1689.890821,205.979056,8.204188,true,true,,0.002476,0.004646,42,tiny;tiny;tiny;tiny,/cpfs/user/zhuzihou/assets/dedup_workspaces/test0_transitive_apply_parallel/dataset/GRScenes_assets/cart/0b1ef4043aea128450c0af2f6a2d5a55,/cpfs/user/zhuzihou/assets/dedup_workspaces/test0_transitive_apply_parallel/dataset/GRScenes_assets/cart/0b1ef4043aea128450c0af2f6a2d5a55/usd/0b1ef4043aea128450c0af2f6a2d5a55.usd
cart,2408f0c69f228d95bb7d8dcfa39db42a,tiny,object,937.554327,97.022054,9.663311,true,true,,0.004219,0.005219,39,tiny;tiny;tiny;tiny,/cpfs/user/zhuzihou/assets/dedup_workspaces/test0_transitive_apply_parallel/dataset/GRScenes_assets/cart/2408f0c69f228d95bb7d8dcfa39db42a,/cpfs/user/zhuzihou/assets/dedup_workspaces/test0_transitive_apply_parallel/dataset/GRScenes_assets/cart/2408f0c69f228d95bb7d8dcfa39db42a/usd/2408f0c69f228d95bb7d8dcfa39db42a.usd
cart,3c99611fcb49f3472a77439fb7c99bfb,tiny,object,1190.947833,119.252146,9.986804,true,true,,0.002155,0.003204,37,tiny;tiny;tiny;tiny,/cpfs/user/zhuzihou/assets/dedup_workspaces/test0_transitive_apply_parallel/dataset/GRScenes_assets/cart/3c99611fcb49f3472a77439fb7c99bfb,/cpfs/user/zhuzihou/assets/dedup_workspaces/test0_transitive_apply_parallel/dataset/GRScenes_assets/cart/3c99611fcb49f3472a77439fb7c99bfb/usd/3c99611fcb49f3472a77439fb7c99bfb.usd
cart,76dab087bd1007c41501f0c690985de0,blank,object,3177.976529,127.411945,24.942532,true,true,,0.000557,0.000801,18,blank;blank;blank;blank,/cpfs/user/zhuzihou/assets/dedup_workspaces/test0_transitive_apply_parallel/dataset/GRScenes_assets/cart/76dab087bd1007c41501f0c690985de0,/cpfs/user/zhuzihou/assets/dedup_workspaces/test0_transitive_apply_parallel/dataset/GRScenes_assets/cart/76dab087bd1007c41501f0c690985de0/usd/76dab087bd1007c41501f0c690985de0.usd
chest_of_drawers,1c296d3a1adccab89252893cd989a939,tiny,object,2562.448467,137.147931,18.683829,true,true,,0.001091,0.001144,23,blank;blank;tiny;blank,/cpfs/user/zhuzihou/assets/dedup_workspaces/test0_transitive_apply_parallel/dataset/GRScenes_assets/chest_of_drawers/1c296d3a1adccab89252893cd989a939,/cpfs/user/zhuzihou/assets/dedup_workspaces/test0_transitive_apply_parallel/dataset/GRScenes_assets/chest_of_drawers/1c296d3a1adccab89252893cd989a939/usd/1c296d3a1adccab89252893cd989a939.usd
chest_of_drawers,33753afe111d1c856ee4c318a57538da,tiny,object,2767.650497,170.112043,16.269574,true,true,,0.001167,0.001316,27,tiny;blank;tiny;blank,/cpfs/user/zhuzihou/assets/dedup_workspaces/test0_transitive_apply_parallel/dataset/GRScenes_assets/chest_of_drawers/33753afe111d1c856ee4c318a57538da,/cpfs/user/zhuzihou/assets/dedup_workspaces/test0_transitive_apply_parallel/dataset/GRScenes_assets/chest_of_drawers/33753afe111d1c856ee4c318a57538da/usd/33753afe111d1c856ee4c318a57538da.usd
chest_of_drawers,61793aab287020e6f41874e9f8e40bda,tiny,object,1185.823294,125.022654,9.484867,true,true,,0.004501,0.004578,43,tiny;tiny;tiny;tiny,/cpfs/user/zhuzihou/assets/dedup_workspaces/test0_transitive_apply_parallel/dataset/GRScenes_assets/chest_of_drawers/61793aab287020e6f41874e9f8e40bda,/cpfs/user/zhuzihou/assets/dedup_workspaces/test0_transitive_apply_parallel/dataset/GRScenes_assets/chest_of_drawers/61793aab287020e6f41874e9f8e40bda/usd/61793aab287020e6f41874e9f8e40bda.usd
chest_of_drawers,d0e80d3ef7796792b211f4a70f4004f7,tiny,object,1121.706788,124.337258,9.021486,true,true,,0.004372,0.004425,40,tiny;tiny;tiny;tiny,/cpfs/user/zhuzihou/assets/dedup_workspaces/test0_transitive_apply_parallel/dataset/GRScenes_assets/chest_of_drawers/d0e80d3ef7796792b211f4a70f4004f7,/cpfs/user/zhuzihou/assets/dedup_workspaces/test0_transitive_apply_parallel/dataset/GRScenes_assets/chest_of_drawers/d0e80d3ef7796792b211f4a70f4004f7/usd/d0e80d3ef7796792b211f4a70f4004f7.usd
desk,0095a3c89257b0b489d4350eccfbe487,tiny,object,3541.546478,184.708567,19.173699,true,true,,0.001041,0.001282,24,blank;blank;blank;tiny,/cpfs/user/zhuzihou/assets/dedup_workspaces/test0_transitive_apply_parallel/dataset/GRScenes_assets/desk/0095a3c89257b0b489d4350eccfbe487,/cpfs/user/zhuzihou/assets/dedup_workspaces/test0_transitive_apply_parallel/dataset/GRScenes_assets/desk/0095a3c89257b0b489d4350eccfbe487/usd/0095a3c89257b0b489d4350eccfbe487.usd
desk,016e82cbde23fa6840907536f52d9d83,tiny,object,1949.989413,189.718515,10.278329,true,true,,0.001926,0.003189,38,tiny;tiny;tiny;tiny,/cpfs/user/zhuzihou/assets/dedup_workspaces/test0_transitive_apply_parallel/dataset/GRScenes_assets/desk/016e82cbde23fa6840907536f52d9d83,/cpfs/user/zhuzihou/assets/dedup_workspaces/test0_transitive_apply_parallel/dataset/GRScenes_assets/desk/016e82cbde23fa6840907536f52d9d83/usd/016e82cbde23fa6840907536f52d9d83.usd
desk,02b21bdc831b62d9beb8d8401e22107d,tiny,object,1196.230016,138.807405,8.617912,true,true,,0.002720,0.004692,47,tiny;tiny;tiny;tiny,/cpfs/user/zhuzihou/assets/dedup_workspaces/test0_transitive_apply_parallel/dataset/GRScenes_assets/desk/02b21bdc831b62d9beb8d8401e22107d,/cpfs/user/zhuzihou/assets/dedup_workspaces/test0_transitive_apply_parallel/dataset/GRScenes_assets/desk/02b21bdc831b62d9beb8d8401e22107d/usd/02b21bdc831b62d9beb8d8401e22107d.usd
desk,053e4723854b4472c66eecbc89e1cdd9,tiny,object,1158.566452,122.138454,9.485681,true,true,,0.002316,0.004379,46,tiny;tiny;tiny;tiny,/cpfs/user/zhuzihou/assets/dedup_workspaces/test0_transitive_apply_parallel/dataset/GRScenes_assets/desk/053e4723854b4472c66eecbc89e1cdd9,/cpfs/user/zhuzihou/assets/dedup_workspaces/test0_transitive_apply_parallel/dataset/GRScenes_assets/desk/053e4723854b4472c66eecbc89e1cdd9/usd/053e4723854b4472c66eecbc89e1cdd9.usd
desk,11c21c595c14783dbea6c95f3715301d,tiny,object,1535.761589,198.557210,7.734605,true,true,,0.004467,0.005257,54,tiny;tiny;tiny;tiny,/cpfs/user/zhuzihou/assets/dedup_workspaces/test0_transitive_apply_parallel/dataset/GRScenes_assets/desk/11c21c595c14783dbea6c95f3715301d,/cpfs/user/zhuzihou/assets/dedup_workspaces/test0_transitive_apply_parallel/dataset/GRScenes_assets/desk/11c21c595c14783dbea6c95f3715301d/usd/11c21c595c14783dbea6c95f3715301d.usd
desk,129eaaa4206674a5140994f4ced17268,tiny,object,1177.110986,112.560945,10.457544,true,true,,0.002193,0.002823,37,tiny;tiny;tiny;tiny,/cpfs/user/zhuzihou/assets/dedup_workspaces/test0_transitive_apply_parallel/dataset/GRScenes_assets/desk/129eaaa4206674a5140994f4ced17268,/cpfs/user/zhuzihou/assets/dedup_workspaces/test0_transitive_apply_parallel/dataset/GRScenes_assets/desk/129eaaa4206674a5140994f4ced17268/usd/129eaaa4206674a5140994f4ced17268.usd
desk,14466ee47b2b5f59ef75167603bc0112,tiny,object,1824.418201,172.452083,10.579276,true,true,,0.002056,0.003433,36,tiny;tiny;tiny;tiny,/cpfs/user/zhuzihou/assets/dedup_workspaces/test0_transitive_apply_parallel/dataset/GRScenes_assets/desk/14466ee47b2b5f59ef75167603bc0112,/cpfs/user/zhuzihou/assets/dedup_workspaces/test0_transitive_apply_parallel/dataset/GRScenes_assets/desk/14466ee47b2b5f59ef75167603bc0112/usd/14466ee47b2b5f59ef75167603bc0112.usd
desk,171978419b5bf832babf7f9f1d60e078,tiny,object,1538.590023,163.834085,9.391147,true,true,,0.003105,0.004120,40,tiny;tiny;tiny;tiny,/cpfs/user/zhuzihou/assets/dedup_workspaces/test0_transitive_apply_parallel/dataset/GRScenes_assets/desk/171978419b5bf832babf7f9f1d60e078,/cpfs/user/zhuzihou/assets/dedup_workspaces/test0_transitive_apply_parallel/dataset/GRScenes_assets/desk/171978419b5bf832babf7f9f1d60e078/usd/171978419b5bf832babf7f9f1d60e078.usd
desk,1ae7e32234c1a697a3957286ee71c7b9,tiny,object,2288.421096,175.716471,13.023373,true,true,,0.001789,0.002644,33,blank;tiny;tiny;tiny,/cpfs/user/zhuzihou/assets/dedup_workspaces/test0_transitive_apply_parallel/dataset/GRScenes_assets/desk/1ae7e32234c1a697a3957286ee71c7b9,/cpfs/user/zhuzihou/assets/dedup_workspaces/test0_transitive_apply_parallel/dataset/GRScenes_assets/desk/1ae7e32234c1a697a3957286ee71c7b9/usd/1ae7e32234c1a697a3957286ee71c7b9.usd
desk,1cad67b13f608fe7515f12018cac6be1,tiny,object,1474.369251,180.696890,8.159350,true,true,,0.004444,0.005722,50,tiny;tiny;tiny;tiny,/cpfs/user/zhuzihou/assets/dedup_workspaces/test0_transitive_apply_parallel/dataset/GRScenes_assets/desk/1cad67b13f608fe7515f12018cac6be1,/cpfs/user/zhuzihou/assets/dedup_workspaces/test0_transitive_apply_parallel/dataset/GRScenes_assets/desk/1cad67b13f608fe7515f12018cac6be1/usd/1cad67b13f608fe7515f12018cac6be1.usd
desk,1dfdb281cdc93e18a38d97b4551181b7,tiny,object,1222.336393,130.162143,9.390875,true,true,,0.003044,0.004486,48,tiny;tiny;tiny;tiny,/cpfs/user/zhuzihou/assets/dedup_workspaces/test0_transitive_apply_parallel/dataset/GRScenes_assets/desk/1dfdb281cdc93e18a38d97b4551181b7,/cpfs/user/zhuzihou/assets/dedup_workspaces/test0_transitive_apply_parallel/dataset/GRScenes_assets/desk/1dfdb281cdc93e18a38d97b4551181b7/usd/1dfdb281cdc93e18a38d97b4551181b7.usd
desk,248acc180e21e2a5f143981250c6cebb,tiny,object,2234.642407,135.796329,16.455838,true,true,,0.001106,0.001404,25,blank;blank;blank;tiny,/cpfs/user/zhuzihou/assets/dedup_workspaces/test0_transitive_apply_parallel/dataset/GRScenes_assets/desk/248acc180e21e2a5f143981250c6cebb,/cpfs/user/zhuzihou/assets/dedup_workspaces/test0_transitive_apply_parallel/dataset/GRScenes_assets/desk/248acc180e21e2a5f143981250c6cebb/usd/248acc180e21e2a5f143981250c6cebb.usd
desk,28a1e08a6c502685948ac37d77c2a8e0,tiny,object,1592.478413,165.331824,9.632014,true,true,,0.003319,0.003937,45,tiny;tiny;tiny;tiny,/cpfs/user/zhuzihou/assets/dedup_workspaces/test0_transitive_apply_parallel/dataset/GRScenes_assets/desk/28a1e08a6c502685948ac37d77c2a8e0,/cpfs/user/zhuzihou/assets/dedup_workspaces/test0_transitive_apply_parallel/dataset/GRScenes_assets/desk/28a1e08a6c502685948ac37d77c2a8e0/usd/28a1e08a6c502685948ac37d77c2a8e0.usd
desk,28d25672dbdc7b35b9d68a2446b1ca43,tiny,object,3429.996763,211.226900,16.238447,true,true,,0.001778,0.002754,38,blank;tiny;tiny;tiny,/cpfs/user/zhuzihou/assets/dedup_workspaces/test0_transitive_apply_parallel/dataset/GRScenes_assets/desk/28d25672dbdc7b35b9d68a2446b1ca43,/cpfs/user/zhuzihou/assets/dedup_workspaces/test0_transitive_apply_parallel/dataset/GRScenes_assets/desk/28d25672dbdc7b35b9d68a2446b1ca43/usd/28d25672dbdc7b35b9d68a2446b1ca43.usd
desk,2a335d2282b16a9c68bc3aa21395cd84,tiny,object,1535.409329,153.996629,9.970409,true,true,,0.003109,0.004349,44,tiny;tiny;tiny;tiny,/cpfs/user/zhuzihou/assets/dedup_workspaces/test0_transitive_apply_parallel/dataset/GRScenes_assets/desk/2a335d2282b16a9c68bc3aa21395cd84,/cpfs/user/zhuzihou/assets/dedup_workspaces/test0_transitive_apply_parallel/dataset/GRScenes_assets/desk/2a335d2282b16a9c68bc3aa21395cd84/usd/2a335d2282b16a9c68bc3aa21395cd84.usd
desk,2ada5ee6dc8291e14c24f580df09050f,tiny,object,1462.696148,153.881442,9.505345,true,true,,0.002876,0.004166,46,tiny;tiny;tiny;tiny,/cpfs/user/zhuzihou/assets/dedup_workspaces/test0_transitive_apply_parallel/dataset/GRScenes_assets/desk/2ada5ee6dc8291e14c24f580df09050f,/cpfs/user/zhuzihou/assets/dedup_workspaces/test0_transitive_apply_parallel/dataset/GRScenes_assets/desk/2ada5ee6dc8291e14c24f580df09050f/usd/2ada5ee6dc8291e14c24f580df09050f.usd
desk,2de5a0d6caa457a835e67092bcdd2025,tiny,object,1716.507901,181.867968,9.438209,true,true,,0.002483,0.003845,42,tiny;tiny;tiny;tiny,/cpfs/user/zhuzihou/assets/dedup_workspaces/test0_transitive_apply_parallel/dataset/GRScenes_assets/desk/2de5a0d6caa457a835e67092bcdd2025,/cpfs/user/zhuzihou/assets/dedup_workspaces/test0_transitive_apply_parallel/dataset/GRScenes_assets/desk/2de5a0d6caa457a835e67092bcdd2025/usd/2de5a0d6caa457a835e67092bcdd2025.usd
desk,2dfdeb6450e728b3513aae84e5c66cad,tiny,object,2468.378238,165.930063,14.876016,true,true,,0.001396,0.001686,31,tiny;tiny;blank;tiny,/cpfs/user/zhuzihou/assets/dedup_workspaces/test0_transitive_apply_parallel/dataset/GRScenes_assets/desk/2dfdeb6450e728b3513aae84e5c66cad,/cpfs/user/zhuzihou/assets/dedup_workspaces/test0_transitive_apply_parallel/dataset/GRScenes_assets/desk/2dfdeb6450e728b3513aae84e5c66cad/usd/2dfdeb6450e728b3513aae84e5c66cad.usd
desk,357f7f29385640dde1c9cef2f2963b4c,tiny,object,1555.137510,164.357288,9.461932,true,true,,0.002903,0.004486,42,tiny;tiny;tiny;tiny,/cpfs/user/zhuzihou/assets/dedup_workspaces/test0_transitive_apply_parallel/dataset/GRScenes_assets/desk/357f7f29385640dde1c9cef2f2963b4c,/cpfs/user/zhuzihou/assets/dedup_workspaces/test0_transitive_apply_parallel/dataset/GRScenes_assets/desk/357f7f29385640dde1c9cef2f2963b4c/usd/357f7f29385640dde1c9cef2f2963b4c.usd
desk,360fbe3245e433487c79eeb55bfe983c,tiny,object,2239.377683,223.939923,9.999904,true,true,,0.002327,0.002884,45,tiny;tiny;tiny;tiny,/cpfs/user/zhuzihou/assets/dedup_workspaces/test0_transitive_apply_parallel/dataset/GRScenes_assets/desk/360fbe3245e433487c79eeb55bfe983c,/cpfs/user/zhuzihou/assets/dedup_workspaces/test0_transitive_apply_parallel/dataset/GRScenes_assets/desk/360fbe3245e433487c79eeb55bfe983c/usd/360fbe3245e433487c79eeb55bfe983c.usd
desk,40c04d2d42e2256c65cce370816c52c2,tiny,object,2497.245907,249.877755,9.993870,true,true,,0.002434,0.003525,42,tiny;tiny;tiny;tiny,/cpfs/user/zhuzihou/assets/dedup_workspaces/test0_transitive_apply_parallel/dataset/GRScenes_assets/desk/40c04d2d42e2256c65cce370816c52c2,/cpfs/user/zhuzihou/assets/dedup_workspaces/test0_transitive_apply_parallel/dataset/GRScenes_assets/desk/40c04d2d42e2256c65cce370816c52c2/usd/40c04d2d42e2256c65cce370816c52c2.usd
desk,43802003c0b3ca6c2a2cb1cfe050dc77,tiny,object,2120.952025,202.994434,10.448326,true,true,,0.002018,0.002537,39,tiny;tiny;tiny;tiny,/cpfs/user/zhuzihou/assets/dedup_workspaces/test0_transitive_apply_parallel/dataset/GRScenes_assets/desk/43802003c0b3ca6c2a2cb1cfe050dc77,/cpfs/user/zhuzihou/assets/dedup_workspaces/test0_transitive_apply_parallel/dataset/GRScenes_assets/desk/43802003c0b3ca6c2a2cb1cfe050dc77/usd/43802003c0b3ca6c2a2cb1cfe050dc77.usd
desk,4381f6120ac3eb9bcf07636c316bc7c1,tiny,object,2176.038196,128.657527,16.913415,true,true,,0.001068,0.001450,22,blank;blank;blank;tiny,/cpfs/user/zhuzihou/assets/dedup_workspaces/test0_transitive_apply_parallel/dataset/GRScenes_assets/desk/4381f6120ac3eb9bcf07636c316bc7c1,/cpfs/user/zhuzihou/assets/dedup_workspaces/test0_transitive_apply_parallel/dataset/GRScenes_assets/desk/4381f6120ac3eb9bcf07636c316bc7c1/usd/4381f6120ac3eb9bcf07636c316bc7c1.usd
desk,4954ae4b8c2eaab4f3d1c1e2d3d74765,tiny,object,1924.373585,162.987930,11.806847,true,true,,0.002140,0.003273,39,tiny;tiny;tiny;tiny,/cpfs/user/zhuzihou/assets/dedup_workspaces/test0_transitive_apply_parallel/dataset/GRScenes_assets/desk/4954ae4b8c2eaab4f3d1c1e2d3d74765,/cpfs/user/zhuzihou/assets/dedup_workspaces/test0_transitive_apply_parallel/dataset/GRScenes_assets/desk/4954ae4b8c2eaab4f3d1c1e2d3d74765/usd/4954ae4b8c2eaab4f3d1c1e2d3d74765.usd
desk,4983fc043ca1bcb05819fb7786d9157d,tiny,object,1949.801064,191.633052,10.174660,true,true,,0.002098,0.004120,39,tiny;tiny;tiny;tiny,/cpfs/user/zhuzihou/assets/dedup_workspaces/test0_transitive_apply_parallel/dataset/GRScenes_assets/desk/4983fc043ca1bcb05819fb7786d9157d,/cpfs/user/zhuzihou/assets/dedup_workspaces/test0_transitive_apply_parallel/dataset/GRScenes_assets/desk/4983fc043ca1bcb05819fb7786d9157d/usd/4983fc043ca1bcb05819fb7786d9157d.usd
desk,50c17a2649d0afa0b4cfe516947e05d3,tiny,object,1814.195314,154.115287,11.771677,true,true,,0.002094,0.003311,32,tiny;tiny;tiny;tiny,/cpfs/user/zhuzihou/assets/dedup_workspaces/test0_transitive_apply_parallel/dataset/GRScenes_assets/desk/50c17a2649d0afa0b4cfe516947e05d3,/cpfs/user/zhuzihou/assets/dedup_workspaces/test0_transitive_apply_parallel/dataset/GRScenes_assets/desk/50c17a2649d0afa0b4cfe516947e05d3/usd/50c17a2649d0afa0b4cfe516947e05d3.usd
desk,51d2256f9874477b1cbd3a97cd7131c2,tiny,object,1678.745600,145.091756,11.570234,true,true,,0.002033,0.003777,38,tiny;tiny;tiny;tiny,/cpfs/user/zhuzihou/assets/dedup_workspaces/test0_transitive_apply_parallel/dataset/GRScenes_assets/desk/51d2256f9874477b1cbd3a97cd7131c2,/cpfs/user/zhuzihou/assets/dedup_workspaces/test0_transitive_apply_parallel/dataset/GRScenes_assets/desk/51d2256f9874477b1cbd3a97cd7131c2/usd/51d2256f9874477b1cbd3a97cd7131c2.usd
desk,549c97eff42f1a6ec00bbfbd1a3cd0fe,tiny,object,1582.548503,151.516334,10.444739,true,true,,0.002201,0.003811,46,tiny;tiny;tiny;tiny,/cpfs/user/zhuzihou/assets/dedup_workspaces/test0_transitive_apply_parallel/dataset/GRScenes_assets/desk/549c97eff42f1a6ec00bbfbd1a3cd0fe,/cpfs/user/zhuzihou/assets/dedup_workspaces/test0_transitive_apply_parallel/dataset/GRScenes_assets/desk/549c97eff42f1a6ec00bbfbd1a3cd0fe/usd/549c97eff42f1a6ec00bbfbd1a3cd0fe.usd
desk,58aa3bd455a23b9de212727b903b95ed,tiny,object,1693.531277,169.954368,9.964623,true,true,,0.003178,0.004303,50,tiny;tiny;tiny;tiny,/cpfs/user/zhuzihou/assets/dedup_workspaces/test0_transitive_apply_parallel/dataset/GRScenes_assets/desk/58aa3bd455a23b9de212727b903b95ed,/cpfs/user/zhuzihou/assets/dedup_workspaces/test0_transitive_apply_parallel/dataset/GRScenes_assets/desk/58aa3bd455a23b9de212727b903b95ed/usd/58aa3bd455a23b9de212727b903b95ed.usd
desk,5e55f06f3732989070508a1615154c55,tiny,object,1850.212590,185.399595,9.979593,true,true,,0.002762,0.004059,45,tiny;tiny;tiny;tiny,/cpfs/user/zhuzihou/assets/dedup_workspaces/test0_transitive_apply_parallel/dataset/GRScenes_assets/desk/5e55f06f3732989070508a1615154c55,/cpfs/user/zhuzihou/assets/dedup_workspaces/test0_transitive_apply_parallel/dataset/GRScenes_assets/desk/5e55f06f3732989070508a1615154c55/usd/5e55f06f3732989070508a1615154c55.usd
desk,636506e7363d884dc57ea09646907451,tiny,object,1675.730412,166.179292,10.083870,true,true,,0.002323,0.003510,43,tiny;tiny;tiny;tiny,/cpfs/user/zhuzihou/assets/dedup_workspaces/test0_transitive_apply_parallel/dataset/GRScenes_assets/desk/636506e7363d884dc57ea09646907451,/cpfs/user/zhuzihou/assets/dedup_workspaces/test0_transitive_apply_parallel/dataset/GRScenes_assets/desk/636506e7363d884dc57ea09646907451/usd/636506e7363d884dc57ea09646907451.usd
desk,656324a58e1ead05b94f68d946c523f8,tiny,object,2517.797265,172.275821,14.614920,true,true,,0.001492,0.002136,28,blank;tiny;blank;tiny,/cpfs/user/zhuzihou/assets/dedup_workspaces/test0_transitive_apply_parallel/dataset/GRScenes_assets/desk/656324a58e1ead05b94f68d946c523f8,/cpfs/user/zhuzihou/assets/dedup_workspaces/test0_transitive_apply_parallel/dataset/GRScenes_assets/desk/656324a58e1ead05b94f68d946c523f8/usd/656324a58e1ead05b94f68d946c523f8.usd
desk,677dc5311d67bbb23d78c9643520787d,tiny,object,1204.846281,121.059551,9.952509,true,true,,0.002838,0.003769,45,tiny;tiny;tiny;tiny,/cpfs/user/zhuzihou/assets/dedup_workspaces/test0_transitive_apply_parallel/dataset/GRScenes_assets/desk/677dc5311d67bbb23d78c9643520787d,/cpfs/user/zhuzihou/assets/dedup_workspaces/test0_transitive_apply_parallel/dataset/GRScenes_assets/desk/677dc5311d67bbb23d78c9643520787d/usd/677dc5311d67bbb23d78c9643520787d.usd
desk,6a121062ddae2ff2da940b42a5db996e,tiny,object,1122.483440,115.226320,9.741554,true,true,,0.003216,0.004150,40,tiny;tiny;tiny;tiny,/cpfs/user/zhuzihou/assets/dedup_workspaces/test0_transitive_apply_parallel/dataset/GRScenes_assets/desk/6a121062ddae2ff2da940b42a5db996e,/cpfs/user/zhuzihou/assets/dedup_workspaces/test0_transitive_apply_parallel/dataset/GRScenes_assets/desk/6a121062ddae2ff2da940b42a5db996e/usd/6a121062ddae2ff2da940b42a5db996e.usd
desk,6b8e1cf3bd8a1fe17e70e415256408a6,tiny,object,2497.245907,249.877752,9.993871,true,true,,0.002151,0.003525,42,tiny;tiny;tiny;tiny,/cpfs/user/zhuzihou/assets/dedup_workspaces/test0_transitive_apply_parallel/dataset/GRScenes_assets/desk/6b8e1cf3bd8a1fe17e70e415256408a6,/cpfs/user/zhuzihou/assets/dedup_workspaces/test0_transitive_apply_parallel/dataset/GRScenes_assets/desk/6b8e1cf3bd8a1fe17e70e415256408a6/usd/6b8e1cf3bd8a1fe17e70e415256408a6.usd
desk,6c767525004ce318fe4c14a74c4aef27,tiny,object,1828.359629,190.473776,9.599010,true,true,,0.002724,0.003597,42,tiny;tiny;tiny;tiny,/cpfs/user/zhuzihou/assets/dedup_workspaces/test0_transitive_apply_parallel/dataset/GRScenes_assets/desk/6c767525004ce318fe4c14a74c4aef27,/cpfs/user/zhuzihou/assets/dedup_workspaces/test0_transitive_apply_parallel/dataset/GRScenes_assets/desk/6c767525004ce318fe4c14a74c4aef27/usd/6c767525004ce318fe4c14a74c4aef27.usd
desk,6ee5e125a10665642112efae59a3975b,tiny,object,2004.237396,200.426161,9.999879,true,true,,0.002911,0.003365,44,tiny;tiny;tiny;tiny,/cpfs/user/zhuzihou/assets/dedup_workspaces/test0_transitive_apply_parallel/dataset/GRScenes_assets/desk/6ee5e125a10665642112efae59a3975b,/cpfs/user/zhuzihou/assets/dedup_workspaces/test0_transitive_apply_parallel/dataset/GRScenes_assets/desk/6ee5e125a10665642112efae59a3975b/usd/6ee5e125a10665642112efae59a3975b.usd
desk,7c54ca398ccc1bb396ef32013ab9e768,tiny,object,1269.826187,127.514617,9.958279,true,true,,0.003281,0.004257,44,tiny;tiny;tiny;tiny,/cpfs/user/zhuzihou/assets/dedup_workspaces/test0_transitive_apply_parallel/dataset/GRScenes_assets/desk/7c54ca398ccc1bb396ef32013ab9e768,/cpfs/user/zhuzihou/assets/dedup_workspaces/test0_transitive_apply_parallel/dataset/GRScenes_assets/desk/7c54ca398ccc1bb396ef32013ab9e768/usd/7c54ca398ccc1bb396ef32013ab9e768.usd
desk,7c669b9f3cb426e0e768244e7907990b,tiny,object,1973.999739,198.744445,9.932352,true,true,,0.002766,0.004005,42,tiny;tiny;tiny;tiny,/cpfs/user/zhuzihou/assets/dedup_workspaces/test0_transitive_apply_parallel/dataset/GRScenes_assets/desk/7c669b9f3cb426e0e768244e7907990b,/cpfs/user/zhuzihou/assets/dedup_workspaces/test0_transitive_apply_parallel/dataset/GRScenes_assets/desk/7c669b9f3cb426e0e768244e7907990b/usd/7c669b9f3cb426e0e768244e7907990b.usd
desk,7e15be0ade5fd0f76ab34afa3cd64a4f,tiny,object,1215.886232,157.073124,7.740893,true,true,,0.004593,0.007210,54,tiny;tiny;tiny;tiny,/cpfs/user/zhuzihou/assets/dedup_workspaces/test0_transitive_apply_parallel/dataset/GRScenes_assets/desk/7e15be0ade5fd0f76ab34afa3cd64a4f,/cpfs/user/zhuzihou/assets/dedup_workspaces/test0_transitive_apply_parallel/dataset/GRScenes_assets/desk/7e15be0ade5fd0f76ab34afa3cd64a4f/usd/7e15be0ade5fd0f76ab34afa3cd64a4f.usd
desk,8370d4273a692cb12fd30cd1bf516725,tiny,object,2991.867583,281.555951,10.626192,true,true,,0.001564,0.002136,41,tiny;tiny;tiny;tiny,/cpfs/user/zhuzihou/assets/dedup_workspaces/test0_transitive_apply_parallel/dataset/GRScenes_assets/desk/8370d4273a692cb12fd30cd1bf516725,/cpfs/user/zhuzihou/assets/dedup_workspaces/test0_transitive_apply_parallel/dataset/GRScenes_assets/desk/8370d4273a692cb12fd30cd1bf516725/usd/8370d4273a692cb12fd30cd1bf516725.usd
desk,856a914fb4f34268d85458eea8f6c5f4,tiny,object,3407.837528,274.980736,12.393005,true,true,,0.001316,0.001709,35,blank;tiny;blank;tiny,/cpfs/user/zhuzihou/assets/dedup_workspaces/test0_transitive_apply_parallel/dataset/GRScenes_assets/desk/856a914fb4f34268d85458eea8f6c5f4,/cpfs/user/zhuzihou/assets/dedup_workspaces/test0_transitive_apply_parallel/dataset/GRScenes_assets/desk/856a914fb4f34268d85458eea8f6c5f4/usd/856a914fb4f34268d85458eea8f6c5f4.usd
desk,87764a1a59bdc27e15d07db5183fd693,tiny,object,1706.437626,177.389976,9.619696,true,true,,0.003151,0.004005,42,tiny;tiny;tiny;tiny,/cpfs/user/zhuzihou/assets/dedup_workspaces/test0_transitive_apply_parallel/dataset/GRScenes_assets/desk/87764a1a59bdc27e15d07db5183fd693,/cpfs/user/zhuzihou/assets/dedup_workspaces/test0_transitive_apply_parallel/dataset/GRScenes_assets/desk/87764a1a59bdc27e15d07db5183fd693/usd/87764a1a59bdc27e15d07db5183fd693.usd
desk,8adbf6fed4e45ad26128405e8337f8aa,tiny,object,1344.397895,136.774971,9.829268,true,true,,0.002754,0.004234,44,tiny;tiny;tiny;tiny,/cpfs/user/zhuzihou/assets/dedup_workspaces/test0_transitive_apply_parallel/dataset/GRScenes_assets/desk/8adbf6fed4e45ad26128405e8337f8aa,/cpfs/user/zhuzihou/assets/dedup_workspaces/test0_transitive_apply_parallel/dataset/GRScenes_assets/desk/8adbf6fed4e45ad26128405e8337f8aa/usd/8adbf6fed4e45ad26128405e8337f8aa.usd
desk,8edbf6ea28f70114e85b50ab47bc2cec,tiny,object,1797.256219,177.044899,10.151415,true,true,,0.001801,0.002884,40,tiny;tiny;tiny;tiny,/cpfs/user/zhuzihou/assets/dedup_workspaces/test0_transitive_apply_parallel/dataset/GRScenes_assets/desk/8edbf6ea28f70114e85b50ab47bc2cec,/cpfs/user/zhuzihou/assets/dedup_workspaces/test0_transitive_apply_parallel/dataset/GRScenes_assets/desk/8edbf6ea28f70114e85b50ab47bc2cec/usd/8edbf6ea28f70114e85b50ab47bc2cec.usd
desk,92620e57b11d5832c4709afc98590e13,tiny,object,1386.935386,132.760323,10.446912,true,true,,0.002567,0.004349,38,tiny;tiny;tiny;tiny,/cpfs/user/zhuzihou/assets/dedup_workspaces/test0_transitive_apply_parallel/dataset/GRScenes_assets/desk/92620e57b11d5832c4709afc98590e13,/cpfs/user/zhuzihou/assets/dedup_workspaces/test0_transitive_apply_parallel/dataset/GRScenes_assets/desk/92620e57b11d5832c4709afc98590e13/usd/92620e57b11d5832c4709afc98590e13.usd
desk,96750b0b89737fcfa0f547f61e54a21f,tiny,object,1650.578852,169.058312,9.763370,true,true,,0.002914,0.004166,45,tiny;tiny;tiny;tiny,/cpfs/user/zhuzihou/assets/dedup_workspaces/test0_transitive_apply_parallel/dataset/GRScenes_assets/desk/96750b0b89737fcfa0f547f61e54a21f,/cpfs/user/zhuzihou/assets/dedup_workspaces/test0_transitive_apply_parallel/dataset/GRScenes_assets/desk/96750b0b89737fcfa0f547f61e54a21f/usd/96750b0b89737fcfa0f547f61e54a21f.usd
desk,9708eeaa90a98bfea7c12767e2be3427,tiny,object,3243.074504,229.891298,14.106991,true,true,,0.001518,0.002197,32,blank;tiny;blank;tiny,/cpfs/user/zhuzihou/assets/dedup_workspaces/test0_transitive_apply_parallel/dataset/GRScenes_assets/desk/9708eeaa90a98bfea7c12767e2be3427,/cpfs/user/zhuzihou/assets/dedup_workspaces/test0_transitive_apply_parallel/dataset/GRScenes_assets/desk/9708eeaa90a98bfea7c12767e2be3427/usd/9708eeaa90a98bfea7c12767e2be3427.usd
desk,98e1bcaf9ed843fd9a1ff29d04d3fee5,tiny,object,2517.797265,172.275827,14.614919,true,true,,0.001385,0.001751,30,tiny;tiny;blank;tiny,/cpfs/user/zhuzihou/assets/dedup_workspaces/test0_transitive_apply_parallel/dataset/GRScenes_assets/desk/98e1bcaf9ed843fd9a1ff29d04d3fee5,/cpfs/user/zhuzihou/assets/dedup_workspaces/test0_transitive_apply_parallel/dataset/GRScenes_assets/desk/98e1bcaf9ed843fd9a1ff29d04d3fee5/usd/98e1bcaf9ed843fd9a1ff29d04d3fee5.usd
desk,9aa51755784e01ed468d48816f72e433,tiny,object,1333.814351,143.588330,9.289156,true,true,,0.003082,0.004639,38,tiny;tiny;tiny;tiny,/cpfs/user/zhuzihou/assets/dedup_workspaces/test0_transitive_apply_parallel/dataset/GRScenes_assets/desk/9aa51755784e01ed468d48816f72e433,/cpfs/user/zhuzihou/assets/dedup_workspaces/test0_transitive_apply_parallel/dataset/GRScenes_assets/desk/9aa51755784e01ed468d48816f72e433/usd/9aa51755784e01ed468d48816f72e433.usd
desk,a0c0091f3904872c4f91f7284d7e5d1e,tiny,object,1379.928113,139.549288,9.888464,true,true,,0.002789,0.004349,38,tiny;tiny;tiny;tiny,/cpfs/user/zhuzihou/assets/dedup_workspaces/test0_transitive_apply_parallel/dataset/GRScenes_assets/desk/a0c0091f3904872c4f91f7284d7e5d1e,/cpfs/user/zhuzihou/assets/dedup_workspaces/test0_transitive_apply_parallel/dataset/GRScenes_assets/desk/a0c0091f3904872c4f91f7284d7e5d1e/usd/a0c0091f3904872c4f91f7284d7e5d1e.usd
desk,a1df2341a6b82a4328d664f1cb048eab,tiny,object,1463.310321,153.093977,9.558249,true,true,,0.002632,0.003937,47,tiny;tiny;tiny;tiny,/cpfs/user/zhuzihou/assets/dedup_workspaces/test0_transitive_apply_parallel/dataset/GRScenes_assets/desk/a1df2341a6b82a4328d664f1cb048eab,/cpfs/user/zhuzihou/assets/dedup_workspaces/test0_transitive_apply_parallel/dataset/GRScenes_assets/desk/a1df2341a6b82a4328d664f1cb048eab/usd/a1df2341a6b82a4328d664f1cb048eab.usd
desk,a8c91bc9cb626b76e00fa88f552906cd,tiny,object,1462.696148,153.881442,9.505345,true,true,,0.002968,0.004425,40,tiny;tiny;tiny;tiny,/cpfs/user/zhuzihou/assets/dedup_workspaces/test0_transitive_apply_parallel/dataset/GRScenes_assets/desk/a8c91bc9cb626b76e00fa88f552906cd,/cpfs/user/zhuzihou/assets/dedup_workspaces/test0_transitive_apply_parallel/dataset/GRScenes_assets/desk/a8c91bc9cb626b76e00fa88f552906cd/usd/a8c91bc9cb626b76e00fa88f552906cd.usd
desk,aafd62cc56c3c55a7d46521015c2fca8,tiny,object,1567.974573,156.800461,9.999808,true,true,,0.003147,0.003914,38,tiny;tiny;tiny;tiny,/cpfs/user/zhuzihou/assets/dedup_workspaces/test0_transitive_apply_parallel/dataset/GRScenes_assets/desk/aafd62cc56c3c55a7d46521015c2fca8,/cpfs/user/zhuzihou/assets/dedup_workspaces/test0_transitive_apply_parallel/dataset/GRScenes_assets/desk/aafd62cc56c3c55a7d46521015c2fca8/usd/aafd62cc56c3c55a7d46521015c2fca8.usd
desk,aff7cf2ec2844abec244ac03ae859331,tiny,object,2727.370334,207.098684,13.169424,true,true,,0.001205,0.001488,31,blank;tiny;blank;tiny,/cpfs/user/zhuzihou/assets/dedup_workspaces/test0_transitive_apply_parallel/dataset/GRScenes_assets/desk/aff7cf2ec2844abec244ac03ae859331,/cpfs/user/zhuzihou/assets/dedup_workspaces/test0_transitive_apply_parallel/dataset/GRScenes_assets/desk/aff7cf2ec2844abec244ac03ae859331/usd/aff7cf2ec2844abec244ac03ae859331.usd
desk,b08dcd379438199187ea3a0596c37142,tiny,object,2210.594218,229.798745,9.619697,true,true,,0.002895,0.003845,46,tiny;tiny;tiny;tiny,/cpfs/user/zhuzihou/assets/dedup_workspaces/test0_transitive_apply_parallel/dataset/GRScenes_assets/desk/b08dcd379438199187ea3a0596c37142,/cpfs/user/zhuzihou/assets/dedup_workspaces/test0_transitive_apply_parallel/dataset/GRScenes_assets/desk/b08dcd379438199187ea3a0596c37142/usd/b08dcd379438199187ea3a0596c37142.usd
desk,b28243b7384f48c90b14bfec838bc670,tiny,object,1558.092368,134.569655,11.578334,true,true,,0.001949,0.002853,34,tiny;tiny;tiny;tiny,/cpfs/user/zhuzihou/assets/dedup_workspaces/test0_transitive_apply_parallel/dataset/GRScenes_assets/desk/b28243b7384f48c90b14bfec838bc670,/cpfs/user/zhuzihou/assets/dedup_workspaces/test0_transitive_apply_parallel/dataset/GRScenes_assets/desk/b28243b7384f48c90b14bfec838bc670/usd/b28243b7384f48c90b14bfec838bc670.usd
desk,b64af8516144370ee9a0a56e19bff115,tiny,object,1561.014354,158.226267,9.865709,true,true,,0.003361,0.004272,40,tiny;tiny;tiny;tiny,/cpfs/user/zhuzihou/assets/dedup_workspaces/test0_transitive_apply_parallel/dataset/GRScenes_assets/desk/b64af8516144370ee9a0a56e19bff115,/cpfs/user/zhuzihou/assets/dedup_workspaces/test0_transitive_apply_parallel/dataset/GRScenes_assets/desk/b64af8516144370ee9a0a56e19bff115/usd/b64af8516144370ee9a0a56e19bff115.usd
desk,bc1367271a2b6e0ee64f1eebf15708fc,tiny,object,1612.693370,165.480788,9.745502,true,true,,0.002983,0.004578,40,tiny;tiny;tiny;tiny,/cpfs/user/zhuzihou/assets/dedup_workspaces/test0_transitive_apply_parallel/dataset/GRScenes_assets/desk/bc1367271a2b6e0ee64f1eebf15708fc,/cpfs/user/zhuzihou/assets/dedup_workspaces/test0_transitive_apply_parallel/dataset/GRScenes_assets/desk/bc1367271a2b6e0ee64f1eebf15708fc/usd/bc1367271a2b6e0ee64f1eebf15708fc.usd
desk,c12a9b122a2bcc141913669fab10645a,tiny,object,1573.140662,151.574605,10.378656,true,true,,0.002136,0.003914,45,tiny;tiny;tiny;tiny,/cpfs/user/zhuzihou/assets/dedup_workspaces/test0_transitive_apply_parallel/dataset/GRScenes_assets/desk/c12a9b122a2bcc141913669fab10645a,/cpfs/user/zhuzihou/assets/dedup_workspaces/test0_transitive_apply_parallel/dataset/GRScenes_assets/desk/c12a9b122a2bcc141913669fab10645a/usd/c12a9b122a2bcc141913669fab10645a.usd
desk,c214c4ef47af0190632405cf6bbecd61,tiny,object,1333.742777,133.682510,9.976943,true,true,,0.003555,0.005741,43,tiny;tiny;tiny;tiny,/cpfs/user/zhuzihou/assets/dedup_workspaces/test0_transitive_apply_parallel/dataset/GRScenes_assets/desk/c214c4ef47af0190632405cf6bbecd61,/cpfs/user/zhuzihou/assets/dedup_workspaces/test0_transitive_apply_parallel/dataset/GRScenes_assets/desk/c214c4ef47af0190632405cf6bbecd61/usd/c214c4ef47af0190632405cf6bbecd61.usd
desk,c25ad87d4250e0ea0dfce2953af853b6,tiny,object,2442.989766,154.806935,15.780881,true,true,,0.002411,0.003529,37,blank;tiny;tiny;tiny,/cpfs/user/zhuzihou/assets/dedup_workspaces/test0_transitive_apply_parallel/dataset/GRScenes_assets/desk/c25ad87d4250e0ea0dfce2953af853b6,/cpfs/user/zhuzihou/assets/dedup_workspaces/test0_transitive_apply_parallel/dataset/GRScenes_assets/desk/c25ad87d4250e0ea0dfce2953af853b6/usd/c25ad87d4250e0ea0dfce2953af853b6.usd
desk,c7b997feaf83c533a28e1001e265f8c4,tiny,object,1691.534531,169.524381,9.978119,true,true,,0.002987,0.004272,40,tiny;tiny;tiny;tiny,/cpfs/user/zhuzihou/assets/dedup_workspaces/test0_transitive_apply_parallel/dataset/GRScenes_assets/desk/c7b997feaf83c533a28e1001e265f8c4,/cpfs/user/zhuzihou/assets/dedup_workspaces/test0_transitive_apply_parallel/dataset/GRScenes_assets/desk/c7b997feaf83c533a28e1001e265f8c4/usd/c7b997feaf83c533a28e1001e265f8c4.usd
desk,c9848863bbe84e1742e3a8147a424106,tiny,object,1563.676522,153.082450,10.214603,true,true,,0.001884,0.002983,39,tiny;tiny;tiny;tiny,/cpfs/user/zhuzihou/assets/dedup_workspaces/test0_transitive_apply_parallel/dataset/GRScenes_assets/desk/c9848863bbe84e1742e3a8147a424106,/cpfs/user/zhuzihou/assets/dedup_workspaces/test0_transitive_apply_parallel/dataset/GRScenes_assets/desk/c9848863bbe84e1742e3a8147a424106/usd/c9848863bbe84e1742e3a8147a424106.usd
desk,d2d65920e0668a2d7abe200bf665ed2c,tiny,object,1463.132188,156.769180,9.333035,true,true,,0.002632,0.004166,42,tiny;tiny;tiny;tiny,/cpfs/user/zhuzihou/assets/dedup_workspaces/test0_transitive_apply_parallel/dataset/GRScenes_assets/desk/d2d65920e0668a2d7abe200bf665ed2c,/cpfs/user/zhuzihou/assets/dedup_workspaces/test0_transitive_apply_parallel/dataset/GRScenes_assets/desk/d2d65920e0668a2d7abe200bf665ed2c/usd/d2d65920e0668a2d7abe200bf665ed2c.usd
desk,d63f525c78a190e4f0c499fc8604cdbd,tiny,object,1628.853456,168.973526,9.639696,true,true,,0.002857,0.004005,42,tiny;tiny;tiny;tiny,/cpfs/user/zhuzihou/assets/dedup_workspaces/test0_transitive_apply_parallel/dataset/GRScenes_assets/desk/d63f525c78a190e4f0c499fc8604cdbd,/cpfs/user/zhuzihou/assets/dedup_workspaces/test0_transitive_apply_parallel/dataset/GRScenes_assets/desk/d63f525c78a190e4f0c499fc8604cdbd/usd/d63f525c78a190e4f0c499fc8604cdbd.usd
desk,dbb6e7db6279d84e752e21e39b6e4c40,tiny,object,1755.458114,177.056298,9.914689,true,true,,0.002892,0.003525,43,tiny;tiny;tiny;tiny,/cpfs/user/zhuzihou/assets/dedup_workspaces/test0_transitive_apply_parallel/dataset/GRScenes_assets/desk/dbb6e7db6279d84e752e21e39b6e4c40,/cpfs/user/zhuzihou/assets/dedup_workspaces/test0_transitive_apply_parallel/dataset/GRScenes_assets/desk/dbb6e7db6279d84e752e21e39b6e4c40/usd/dbb6e7db6279d84e752e21e39b6e4c40.usd
desk,de0f08a061c3ffbf480e0708e9abd149,tiny,object,1770.827554,173.412116,10.211671,true,true,,0.001961,0.002823,37,tiny;tiny;tiny;tiny,/cpfs/user/zhuzihou/assets/dedup_workspaces/test0_transitive_apply_parallel/dataset/GRScenes_assets/desk/de0f08a061c3ffbf480e0708e9abd149,/cpfs/user/zhuzihou/assets/dedup_workspaces/test0_transitive_apply_parallel/dataset/GRScenes_assets/desk/de0f08a061c3ffbf480e0708e9abd149/usd/de0f08a061c3ffbf480e0708e9abd149.usd
desk,ed26a9f8bb6d1ebf6daa1d7ada0d0827,tiny,object,2035.081832,185.875783,10.948612,true,true,,0.002651,0.003479,38,tiny;tiny;tiny;tiny,/cpfs/user/zhuzihou/assets/dedup_workspaces/test0_transitive_apply_parallel/dataset/GRScenes_assets/desk/ed26a9f8bb6d1ebf6daa1d7ada0d0827,/cpfs/user/zhuzihou/assets/dedup_workspaces/test0_transitive_apply_parallel/dataset/GRScenes_assets/desk/ed26a9f8bb6d1ebf6daa1d7ada0d0827/usd/ed26a9f8bb6d1ebf6daa1d7ada0d0827.usd
desk,f77def13cc7842e5caa7eed2f0f7e3e5,tiny,object,2298.531213,223.031134,10.305876,true,true,,0.002178,0.003525,44,tiny;tiny;tiny;tiny,/cpfs/user/zhuzihou/assets/dedup_workspaces/test0_transitive_apply_parallel/dataset/GRScenes_assets/desk/f77def13cc7842e5caa7eed2f0f7e3e5,/cpfs/user/zhuzihou/assets/dedup_workspaces/test0_transitive_apply_parallel/dataset/GRScenes_assets/desk/f77def13cc7842e5caa7eed2f0f7e3e5/usd/f77def13cc7842e5caa7eed2f0f7e3e5.usd
desk,ff4819fe35b2cae8d529f1321eecb038,tiny,object,1713.751645,176.932084,9.685929,true,true,,0.002640,0.004272,45,tiny;tiny;tiny;tiny,/cpfs/user/zhuzihou/assets/dedup_workspaces/test0_transitive_apply_parallel/dataset/GRScenes_assets/desk/ff4819fe35b2cae8d529f1321eecb038,/cpfs/user/zhuzihou/assets/dedup_workspaces/test0_transitive_apply_parallel/dataset/GRScenes_assets/desk/ff4819fe35b2cae8d529f1321eecb038/usd/ff4819fe35b2cae8d529f1321eecb038.usd
dish_washer,0044205b7900f72e53363e6147577b4c,tiny,object,2033.578096,113.903187,17.853566,true,true,,0.001625,0.001717,25,tiny;tiny;tiny;tiny,/cpfs/user/zhuzihou/assets/dedup_workspaces/test0_transitive_apply_parallel/dataset/GRScenes_assets/dish_washer/0044205b7900f72e53363e6147577b4c,/cpfs/user/zhuzihou/assets/dedup_workspaces/test0_transitive_apply_parallel/dataset/GRScenes_assets/dish_washer/0044205b7900f72e53363e6147577b4c/usd/0044205b7900f72e53363e6147577b4c.usd
dish_washer,0c3fddafb5a57fc49510adac445cca35,blank,object,7516.267287,103.256427,72.792247,true,true,,0.000114,0.000134,7,blank;blank;blank;blank,/cpfs/user/zhuzihou/assets/dedup_workspaces/test0_transitive_apply_parallel/dataset/GRScenes_assets/dish_washer/0c3fddafb5a57fc49510adac445cca35,/cpfs/user/zhuzihou/assets/dedup_workspaces/test0_transitive_apply_parallel/dataset/GRScenes_assets/dish_washer/0c3fddafb5a57fc49510adac445cca35/usd/0c3fddafb5a57fc49510adac445cca35.usd
dish_washer,1123cad3c5759a28cbf18e7b11817db1,tiny,object,1980.170265,110.619686,17.900704,true,true,,0.001579,0.001740,24,tiny;tiny;tiny;tiny,/cpfs/user/zhuzihou/assets/dedup_workspaces/test0_transitive_apply_parallel/dataset/GRScenes_assets/dish_washer/1123cad3c5759a28cbf18e7b11817db1,/cpfs/user/zhuzihou/assets/dedup_workspaces/test0_transitive_apply_parallel/dataset/GRScenes_assets/dish_washer/1123cad3c5759a28cbf18e7b11817db1/usd/1123cad3c5759a28cbf18e7b11817db1.usd
dish_washer,1d00eea324081decb137e42d64bec1f7,tiny,object,676.776251,95.734772,7.069284,true,true,,0.004421,0.005905,49,tiny;tiny;tiny;tiny,/cpfs/user/zhuzihou/assets/dedup_workspaces/test0_transitive_apply_parallel/dataset/GRScenes_assets/dish_washer/1d00eea324081decb137e42d64bec1f7,/cpfs/user/zhuzihou/assets/dedup_workspaces/test0_transitive_apply_parallel/dataset/GRScenes_assets/dish_washer/1d00eea324081decb137e42d64bec1f7/usd/1d00eea324081decb137e42d64bec1f7.usd
dish_washer,22d59285e83082ed2f05c1bf8e32c871,blank,object,5871.689214,80.663662,72.792247,true,true,,0.000126,0.000134,7,blank;blank;blank;blank,/cpfs/user/zhuzihou/assets/dedup_workspaces/test0_transitive_apply_parallel/dataset/GRScenes_assets/dish_washer/22d59285e83082ed2f05c1bf8e32c871,/cpfs/user/zhuzihou/assets/dedup_workspaces/test0_transitive_apply_parallel/dataset/GRScenes_assets/dish_washer/22d59285e83082ed2f05c1bf8e32c871/usd/22d59285e83082ed2f05c1bf8e32c871.usd
dish_washer,238dbd3ad689342f3a2ff4e067a4099e,tiny,object,2092.929885,114.270385,18.315593,true,true,,0.001499,0.001602,23,tiny;tiny;tiny;blank,/cpfs/user/zhuzihou/assets/dedup_workspaces/test0_transitive_apply_parallel/dataset/GRScenes_assets/dish_washer/238dbd3ad689342f3a2ff4e067a4099e,/cpfs/user/zhuzihou/assets/dedup_workspaces/test0_transitive_apply_parallel/dataset/GRScenes_assets/dish_washer/238dbd3ad689342f3a2ff4e067a4099e/usd/238dbd3ad689342f3a2ff4e067a4099e.usd
dish_washer,27157ba75432652ad39aa11f6e24693a,tiny,object,1995.816646,111.253535,17.939355,true,true,,0.001556,0.001762,24,tiny;tiny;tiny;tiny,/cpfs/user/zhuzihou/assets/dedup_workspaces/test0_transitive_apply_parallel/dataset/GRScenes_assets/dish_washer/27157ba75432652ad39aa11f6e24693a,/cpfs/user/zhuzihou/assets/dedup_workspaces/test0_transitive_apply_parallel/dataset/GRScenes_assets/dish_washer/27157ba75432652ad39aa11f6e24693a/usd/27157ba75432652ad39aa11f6e24693a.usd
dish_washer,2991148db83892dee23db1ee00f054b1,tiny,object,1361.801430,79.814833,17.062009,true,true,,0.001499,0.001717,25,tiny;blank;tiny;tiny,/cpfs/user/zhuzihou/assets/dedup_workspaces/test0_transitive_apply_parallel/dataset/GRScenes_assets/dish_washer/2991148db83892dee23db1ee00f054b1,/cpfs/user/zhuzihou/assets/dedup_workspaces/test0_transitive_apply_parallel/dataset/GRScenes_assets/dish_washer/2991148db83892dee23db1ee00f054b1/usd/2991148db83892dee23db1ee00f054b1.usd
dish_washer,3da522e7d9ac5b62ce69a6ce7bde9f58,tiny,object,1877.467538,102.364158,18.341064,true,true,,0.001217,0.001221,20,tiny;tiny;blank;tiny,/cpfs/user/zhuzihou/assets/dedup_workspaces/test0_transitive_apply_parallel/dataset/GRScenes_assets/dish_washer/3da522e7d9ac5b62ce69a6ce7bde9f58,/cpfs/user/zhuzihou/assets/dedup_workspaces/test0_transitive_apply_parallel/dataset/GRScenes_assets/dish_washer/3da522e7d9ac5b62ce69a6ce7bde9f58/usd/3da522e7d9ac5b62ce69a6ce7bde9f58.usd
dish_washer,41df44c0c2900f74abd7ae69935813af,blank,object,6057.384094,118.806121,50.985455,true,true,,0.000160,0.000187,8,blank;blank;blank;blank,/cpfs/user/zhuzihou/assets/dedup_workspaces/test0_transitive_apply_parallel/dataset/GRScenes_assets/dish_washer/41df44c0c2900f74abd7ae69935813af,/cpfs/user/zhuzihou/assets/dedup_workspaces/test0_transitive_apply_parallel/dataset/GRScenes_assets/dish_washer/41df44c0c2900f74abd7ae69935813af/usd/41df44c0c2900f74abd7ae69935813af.usd
dish_washer,449b85cc1b249396ca7a99c2fe34903d,tiny,object,2033.578096,113.467534,17.922114,true,true,,0.001637,0.001682,24,tiny;tiny;tiny;tiny,/cpfs/user/zhuzihou/assets/dedup_workspaces/test0_transitive_apply_parallel/dataset/GRScenes_assets/dish_washer/449b85cc1b249396ca7a99c2fe34903d,/cpfs/user/zhuzihou/assets/dedup_workspaces/test0_transitive_apply_parallel/dataset/GRScenes_assets/dish_washer/449b85cc1b249396ca7a99c2fe34903d/usd/449b85cc1b249396ca7a99c2fe34903d.usd
dish_washer,4b5231188c50b648c902013da6f6ed58,tiny,object,1893.633399,109.327964,17.320668,true,true,,0.001842,0.001846,25,tiny;tiny;tiny;tiny,/cpfs/user/zhuzihou/assets/dedup_workspaces/test0_transitive_apply_parallel/dataset/GRScenes_assets/dish_washer/4b5231188c50b648c902013da6f6ed58,/cpfs/user/zhuzihou/assets/dedup_workspaces/test0_transitive_apply_parallel/dataset/GRScenes_assets/dish_washer/4b5231188c50b648c902013da6f6ed58/usd/4b5231188c50b648c902013da6f6ed58.usd
dish_washer,5e47fe2b13c405c0c09ae2aadfcf0d54,tiny,object,2033.578096,113.467538,17.922114,true,true,,0.001637,0.001682,24,tiny;tiny;tiny;tiny,/cpfs/user/zhuzihou/assets/dedup_workspaces/test0_transitive_apply_parallel/dataset/GRScenes_assets/dish_washer/5e47fe2b13c405c0c09ae2aadfcf0d54,/cpfs/user/zhuzihou/assets/dedup_workspaces/test0_transitive_apply_parallel/dataset/GRScenes_assets/dish_washer/5e47fe2b13c405c0c09ae2aadfcf0d54/usd/5e47fe2b13c405c0c09ae2aadfcf0d54.usd
dish_washer,662d841f4120efc2c43a10d676116a58,tiny,object,2117.520659,113.913922,18.588778,true,true,,0.001537,0.001602,23,tiny;tiny;tiny;tiny,/cpfs/user/zhuzihou/assets/dedup_workspaces/test0_transitive_apply_parallel/dataset/GRScenes_assets/dish_washer/662d841f4120efc2c43a10d676116a58,/cpfs/user/zhuzihou/assets/dedup_workspaces/test0_transitive_apply_parallel/dataset/GRScenes_assets/dish_washer/662d841f4120efc2c43a10d676116a58/usd/662d841f4120efc2c43a10d676116a58.usd
dish_washer,69be6007323299e07cb5462973c55690,blank,object,2611.552178,106.722318,24.470535,true,true,,0.000782,0.000854,17,blank;blank;blank;blank,/cpfs/user/zhuzihou/assets/dedup_workspaces/test0_transitive_apply_parallel/dataset/GRScenes_assets/dish_washer/69be6007323299e07cb5462973c55690,/cpfs/user/zhuzihou/assets/dedup_workspaces/test0_transitive_apply_parallel/dataset/GRScenes_assets/dish_washer/69be6007323299e07cb5462973c55690/usd/69be6007323299e07cb5462973c55690.usd
dish_washer,6e7e3f25f68a2c69f67d01abcab7080a,blank,object,7069.584845,98.341313,71.888250,true,true,,0.000141,0.000160,7,blank;blank;blank;blank,/cpfs/user/zhuzihou/assets/dedup_workspaces/test0_transitive_apply_parallel/dataset/GRScenes_assets/dish_washer/6e7e3f25f68a2c69f67d01abcab7080a,/cpfs/user/zhuzihou/assets/dedup_workspaces/test0_transitive_apply_parallel/dataset/GRScenes_assets/dish_washer/6e7e3f25f68a2c69f67d01abcab7080a/usd/6e7e3f25f68a2c69f67d01abcab7080a.usd
dish_washer,708ef940205766fffc00e58c205840d5,tiny,object,2099.558465,112.870824,18.601428,true,true,,0.001591,0.001682,23,tiny;tiny;tiny;tiny,/cpfs/user/zhuzihou/assets/dedup_workspaces/test0_transitive_apply_parallel/dataset/GRScenes_assets/dish_washer/708ef940205766fffc00e58c205840d5,/cpfs/user/zhuzihou/assets/dedup_workspaces/test0_transitive_apply_parallel/dataset/GRScenes_assets/dish_washer/708ef940205766fffc00e58c205840d5/usd/708ef940205766fffc00e58c205840d5.usd
dish_washer,746eb97860277ebca7be89e55e7319cb,blank,object,6767.762512,95.734774,70.692835,true,true,,0.000107,0.000134,7,blank;blank;blank;blank,/cpfs/user/zhuzihou/assets/dedup_workspaces/test0_transitive_apply_parallel/dataset/GRScenes_assets/dish_washer/746eb97860277ebca7be89e55e7319cb,/cpfs/user/zhuzihou/assets/dedup_workspaces/test0_transitive_apply_parallel/dataset/GRScenes_assets/dish_washer/746eb97860277ebca7be89e55e7319cb/usd/746eb97860277ebca7be89e55e7319cb.usd
dish_washer,78e18cbac6b77ee70fe7f4bc4a845cc6,tiny,object,1333.293812,101.109783,13.186596,true,true,,0.001587,0.002380,26,blank;tiny;tiny;tiny,/cpfs/user/zhuzihou/assets/dedup_workspaces/test0_transitive_apply_parallel/dataset/GRScenes_assets/dish_washer/78e18cbac6b77ee70fe7f4bc4a845cc6,/cpfs/user/zhuzihou/assets/dedup_workspaces/test0_transitive_apply_parallel/dataset/GRScenes_assets/dish_washer/78e18cbac6b77ee70fe7f4bc4a845cc6/usd/78e18cbac6b77ee70fe7f4bc4a845cc6.usd
dish_washer,7f6a637b5a077da92f5add8fbf82afd0,tiny,object,1749.737029,102.316152,17.101279,true,true,,0.001732,0.001740,24,tiny;tiny;tiny;tiny,/cpfs/user/zhuzihou/assets/dedup_workspaces/test0_transitive_apply_parallel/dataset/GRScenes_assets/dish_washer/7f6a637b5a077da92f5add8fbf82afd0,/cpfs/user/zhuzihou/assets/dedup_workspaces/test0_transitive_apply_parallel/dataset/GRScenes_assets/dish_washer/7f6a637b5a077da92f5add8fbf82afd0/usd/7f6a637b5a077da92f5add8fbf82afd0.usd
dish_washer,8a1e8525220d74e72b2d987532ce80e7,tiny,object,1640.437580,91.319785,17.963660,true,true,,0.001087,0.001221,22,tiny;blank;tiny;blank,/cpfs/user/zhuzihou/assets/dedup_workspaces/test0_transitive_apply_parallel/dataset/GRScenes_assets/dish_washer/8a1e8525220d74e72b2d987532ce80e7,/cpfs/user/zhuzihou/assets/dedup_workspaces/test0_transitive_apply_parallel/dataset/GRScenes_assets/dish_washer/8a1e8525220d74e72b2d987532ce80e7/usd/8a1e8525220d74e72b2d987532ce80e7.usd
dish_washer,9185bf0d833ca03a09505af427be2ee5,tiny,object,665.015816,94.071175,7.069284,true,true,,0.004761,0.005768,49,tiny;tiny;tiny;tiny,/cpfs/user/zhuzihou/assets/dedup_workspaces/test0_transitive_apply_parallel/dataset/GRScenes_assets/dish_washer/9185bf0d833ca03a09505af427be2ee5,/cpfs/user/zhuzihou/assets/dedup_workspaces/test0_transitive_apply_parallel/dataset/GRScenes_assets/dish_washer/9185bf0d833ca03a09505af427be2ee5/usd/9185bf0d833ca03a09505af427be2ee5.usd
dish_washer,990c14cdd46020dad49cf936a2f1c008,blank,object,2635.113334,107.539101,24.503769,true,true,,0.000774,0.000801,17,blank;blank;blank;blank,/cpfs/user/zhuzihou/assets/dedup_workspaces/test0_transitive_apply_parallel/dataset/GRScenes_assets/dish_washer/990c14cdd46020dad49cf936a2f1c008,/cpfs/user/zhuzihou/assets/dedup_workspaces/test0_transitive_apply_parallel/dataset/GRScenes_assets/dish_washer/990c14cdd46020dad49cf936a2f1c008/usd/990c14cdd46020dad49cf936a2f1c008.usd
dish_washer,c32df56f1de614ab82c792b6918ef9a6,blank,object,7516.267287,103.256427,72.792247,true,true,,0.000114,0.000134,7,blank;blank;blank;blank,/cpfs/user/zhuzihou/assets/dedup_workspaces/test0_transitive_apply_parallel/dataset/GRScenes_assets/dish_washer/c32df56f1de614ab82c792b6918ef9a6,/cpfs/user/zhuzihou/assets/dedup_workspaces/test0_transitive_apply_parallel/dataset/GRScenes_assets/dish_washer/c32df56f1de614ab82c792b6918ef9a6/usd/c32df56f1de614ab82c792b6918ef9a6.usd
dish_washer,c7a6bbac322e557d0698e48013d09f42,tiny,object,751.626729,103.256430,7.279224,true,true,,0.007404,0.007782,51,tiny;tiny;tiny;tiny,/cpfs/user/zhuzihou/assets/dedup_workspaces/test0_transitive_apply_parallel/dataset/GRScenes_assets/dish_washer/c7a6bbac322e557d0698e48013d09f42,/cpfs/user/zhuzihou/assets/dedup_workspaces/test0_transitive_apply_parallel/dataset/GRScenes_assets/dish_washer/c7a6bbac322e557d0698e48013d09f42/usd/c7a6bbac322e557d0698e48013d09f42.usd
dish_washer,ccbc1e8192bf66a69218baa34beebb26,blank,object,6236.019977,85.668742,72.792244,true,true,,0.000126,0.000134,7,blank;blank;blank;blank,/cpfs/user/zhuzihou/assets/dedup_workspaces/test0_transitive_apply_parallel/dataset/GRScenes_assets/dish_washer/ccbc1e8192bf66a69218baa34beebb26,/cpfs/user/zhuzihou/assets/dedup_workspaces/test0_transitive_apply_parallel/dataset/GRScenes_assets/dish_washer/ccbc1e8192bf66a69218baa34beebb26/usd/ccbc1e8192bf66a69218baa34beebb26.usd
dish_washer,e41b05201755897bb48b9c425d0ffc2f,blank,object,7516.267287,103.256427,72.792247,true,true,,0.000114,0.000134,7,blank;blank;blank;blank,/cpfs/user/zhuzihou/assets/dedup_workspaces/test0_transitive_apply_parallel/dataset/GRScenes_assets/dish_washer/e41b05201755897bb48b9c425d0ffc2f,/cpfs/user/zhuzihou/assets/dedup_workspaces/test0_transitive_apply_parallel/dataset/GRScenes_assets/dish_washer/e41b05201755897bb48b9c425d0ffc2f/usd/e41b05201755897bb48b9c425d0ffc2f.usd
dish_washer,e6280aedc628158d9027b8be7c580efc,tiny,object,1333.293817,78.830736,16.913375,true,true,,0.001488,0.001717,25,tiny;blank;tiny;tiny,/cpfs/user/zhuzihou/assets/dedup_workspaces/test0_transitive_apply_parallel/dataset/GRScenes_assets/dish_washer/e6280aedc628158d9027b8be7c580efc,/cpfs/user/zhuzihou/assets/dedup_workspaces/test0_transitive_apply_parallel/dataset/GRScenes_assets/dish_washer/e6280aedc628158d9027b8be7c580efc/usd/e6280aedc628158d9027b8be7c580efc.usd
dish_washer,fb10fe51da905980830dfb2d0029675e,tiny,object,1640.437580,94.734351,17.316185,true,true,,0.001190,0.001282,23,blank;tiny;tiny;tiny,/cpfs/user/zhuzihou/assets/dedup_workspaces/test0_transitive_apply_parallel/dataset/GRScenes_assets/dish_washer/fb10fe51da905980830dfb2d0029675e,/cpfs/user/zhuzihou/assets/dedup_workspaces/test0_transitive_apply_parallel/dataset/GRScenes_assets/dish_washer/fb10fe51da905980830dfb2d0029675e/usd/fb10fe51da905980830dfb2d0029675e.usd
door,00a3b5cc011be5cc8bc71641fa0890d2,suspicious,object,1178772626593393082468659900175517483008.000000,343.373333,3432918378673344795299317300382924800.000000,true,true,,0.020641,0.034760,136,blank;blank;blank;ok,/cpfs/user/zhuzihou/assets/dedup_workspaces/test0_transitive_apply_parallel/dataset/GRScenes_assets/door/00a3b5cc011be5cc8bc71641fa0890d2,/cpfs/user/zhuzihou/assets/dedup_workspaces/test0_transitive_apply_parallel/dataset/GRScenes_assets/door/00a3b5cc011be5cc8bc71641fa0890d2/usd/00a3b5cc011be5cc8bc71641fa0890d2.usd
door,00b8bba3202be4b0dfdc5b4066d22f37,suspicious,object,1178772626593393082468659900175517483008.000000,272.221955,4330189406364398321015339891820593152.000000,true,true,,0.033005,0.035248,154,tiny;ok;ok;tiny,/cpfs/user/zhuzihou/assets/dedup_workspaces/test0_transitive_apply_parallel/dataset/GRScenes_assets/door/00b8bba3202be4b0dfdc5b4066d22f37,/cpfs/user/zhuzihou/assets/dedup_workspaces/test0_transitive_apply_parallel/dataset/GRScenes_assets/door/00b8bba3202be4b0dfdc5b4066d22f37/usd/00b8bba3202be4b0dfdc5b4066d22f37.usd
door,058ee9a6db75c12d0ee1fb9b2fec56da,suspicious,object,1178772626593393082468659900175517483008.000000,410.005601,2875015914157264154452051732836909056.000000,true,true,,0.038948,0.091633,236,ok;ok;ok;blank,/cpfs/user/zhuzihou/assets/dedup_workspaces/test0_transitive_apply_parallel/dataset/GRScenes_assets/door/058ee9a6db75c12d0ee1fb9b2fec56da,/cpfs/user/zhuzihou/assets/dedup_workspaces/test0_transitive_apply_parallel/dataset/GRScenes_assets/door/058ee9a6db75c12d0ee1fb9b2fec56da/usd/058ee9a6db75c12d0ee1fb9b2fec56da.usd
door,0822efb1d8134b1d1a6583c92866114f,suspicious,object,1178772626593393082468659900175517483008.000000,389.758211,3024368939987199167464677318030524416.000000,true,true,,0.030399,0.033310,118,ok;ok;tiny;tiny,/cpfs/user/zhuzihou/assets/dedup_workspaces/test0_transitive_apply_parallel/dataset/GRScenes_assets/door/0822efb1d8134b1d1a6583c92866114f,/cpfs/user/zhuzihou/assets/dedup_workspaces/test0_transitive_apply_parallel/dataset/GRScenes_assets/door/0822efb1d8134b1d1a6583c92866114f/usd/0822efb1d8134b1d1a6583c92866114f.usd
door,096950d462f90002d961680057896d1f,suspicious,object,1178772626593393082468659900175517483008.000000,268.400780,4391837562368119098390622986766909440.000000,true,true,,0.091045,0.100945,202,blank;blank;ok;ok,/cpfs/user/zhuzihou/assets/dedup_workspaces/test0_transitive_apply_parallel/dataset/GRScenes_assets/door/096950d462f90002d961680057896d1f,/cpfs/user/zhuzihou/assets/dedup_workspaces/test0_transitive_apply_parallel/dataset/GRScenes_assets/door/096950d462f90002d961680057896d1f/usd/096950d462f90002d961680057896d1f.usd
door,0a6c23543ed06d75b861a4adf0db73e3,suspicious,object,1178772626593393082468659900175517483008.000000,278.368084,4234582528882732736359931116339068928.000000,true,true,,0.020607,0.022167,149,blank;blank;ok;blank,/cpfs/user/zhuzihou/assets/dedup_workspaces/test0_transitive_apply_parallel/dataset/GRScenes_assets/door/0a6c23543ed06d75b861a4adf0db73e3,/cpfs/user/zhuzihou/assets/dedup_workspaces/test0_transitive_apply_parallel/dataset/GRScenes_assets/door/0a6c23543ed06d75b861a4adf0db73e3/usd/0a6c23543ed06d75b861a4adf0db73e3.usd
door,0e28a2d69edb5df53c0f99a5a3b7165d,suspicious,object,1178772626593393082468659900175517483008.000000,318.494889,3701072344363116075946533783445962752.000000,true,true,,0.033829,0.040878,114,ok;blank;blank;blank,/cpfs/user/zhuzihou/assets/dedup_workspaces/test0_transitive_apply_parallel/dataset/GRScenes_assets/door/0e28a2d69edb5df53c0f99a5a3b7165d,/cpfs/user/zhuzihou/assets/dedup_workspaces/test0_transitive_apply_parallel/dataset/GRScenes_assets/door/0e28a2d69edb5df53c0f99a5a3b7165d/usd/0e28a2d69edb5df53c0f99a5a3b7165d.usd
door,0fa2eaeddf62a9aef081dbc822b32a74,suspicious,object,1178772626593393082468659900175517483008.000000,240.051697,4910494862910030336008551353840304128.000000,true,true,,0.035992,0.039684,144,ok;ok;ok;tiny,/cpfs/user/zhuzihou/assets/dedup_workspaces/test0_transitive_apply_parallel/dataset/GRScenes_assets/door/0fa2eaeddf62a9aef081dbc822b32a74,/cpfs/user/zhuzihou/assets/dedup_workspaces/test0_transitive_apply_parallel/dataset/GRScenes_assets/door/0fa2eaeddf62a9aef081dbc822b32a74/usd/0fa2eaeddf62a9aef081dbc822b32a74.usd
door,112a91d2099739bfb5f56fb00b5fd320,suspicious,object,1178772626593393082468659900175517483008.000000,267.362239,4408897192648131370729555580399124480.000000,true,true,,0.023037,0.023804,160,tiny;tiny;ok;ok,/cpfs/user/zhuzihou/assets/dedup_workspaces/test0_transitive_apply_parallel/dataset/GRScenes_assets/door/112a91d2099739bfb5f56fb00b5fd320,/cpfs/user/zhuzihou/assets/dedup_workspaces/test0_transitive_apply_parallel/dataset/GRScenes_assets/door/112a91d2099739bfb5f56fb00b5fd320/usd/112a91d2099739bfb5f56fb00b5fd320.usd
door,131957686cee2b4f73f7b58b08388d29,suspicious,object,1178772626593393082468659900175517483008.000000,414.874836,2841272895042779061349767066255622144.000000,true,true,,0.019218,0.045181,188,blank;blank;blank;ok,/cpfs/user/zhuzihou/assets/dedup_workspaces/test0_transitive_apply_parallel/dataset/GRScenes_assets/door/131957686cee2b4f73f7b58b08388d29,/cpfs/user/zhuzihou/assets/dedup_workspaces/test0_transitive_apply_parallel/dataset/GRScenes_assets/door/131957686cee2b4f73f7b58b08388d29/usd/131957686cee2b4f73f7b58b08388d29.usd
door,145d74f2fde0d084fe778acbc6b68667,suspicious,object,1178772626593393082468659900175517483008.000000,392.183867,3005663222730220815524567680706150400.000000,true,true,,0.023178,0.088715,153,ok;blank;blank;blank,/cpfs/user/zhuzihou/assets/dedup_workspaces/test0_transitive_apply_parallel/dataset/GRScenes_assets/door/145d74f2fde0d084fe778acbc6b68667,/cpfs/user/zhuzihou/assets/dedup_workspaces/test0_transitive_apply_parallel/dataset/GRScenes_assets/door/145d74f2fde0d084fe778acbc6b68667/usd/145d74f2fde0d084fe778acbc6b68667.usd
door,17e0ebfcd0c915fcc48872dcd929cc80,suspicious,object,1178772626593393082468659900175517483008.000000,281.422287,4188625704754288103330050561846280192.000000,true,true,,0.012890,0.016449,196,blank;ok;blank;blank,/cpfs/user/zhuzihou/assets/dedup_workspaces/test0_transitive_apply_parallel/dataset/GRScenes_assets/door/17e0ebfcd0c915fcc48872dcd929cc80,/cpfs/user/zhuzihou/assets/dedup_workspaces/test0_transitive_apply_parallel/dataset/GRScenes_assets/door/17e0ebfcd0c915fcc48872dcd929cc80/usd/17e0ebfcd0c915fcc48872dcd929cc80.usd
door,19b244036b354a2172a6f048dc926c5b,suspicious,object,1178772626593393082468659900175517483008.000000,368.936659,3195054215074579182531918100015611904.000000,true,true,,0.013000,0.060558,127,ok;blank;blank;blank,/cpfs/user/zhuzihou/assets/dedup_workspaces/test0_transitive_apply_parallel/dataset/GRScenes_assets/door/19b244036b354a2172a6f048dc926c5b,/cpfs/user/zhuzihou/assets/dedup_workspaces/test0_transitive_apply_parallel/dataset/GRScenes_assets/door/19b244036b354a2172a6f048dc926c5b/usd/19b244036b354a2172a6f048dc926c5b.usd
door,1a58b583496f33ae458cd640c8b6a656,suspicious,object,1178772626593393082468659900175517483008.000000,275.794102,4274103829462688476690886819462512640.000000,true,true,,0.023926,0.047665,147,blank;blank;tiny;ok,/cpfs/user/zhuzihou/assets/dedup_workspaces/test0_transitive_apply_parallel/dataset/GRScenes_assets/door/1a58b583496f33ae458cd640c8b6a656,/cpfs/user/zhuzihou/assets/dedup_workspaces/test0_transitive_apply_parallel/dataset/GRScenes_assets/door/1a58b583496f33ae458cd640c8b6a656/usd/1a58b583496f33ae458cd640c8b6a656.usd
door,1b54aee00220d72ef513c9c0d0afe430,suspicious,object,1178772626593393082468659900175517483008.000000,355.475733,3316042471552091556503934842815119360.000000,true,true,,0.026806,0.030884,176,blank;ok;blank;blank,/cpfs/user/zhuzihou/assets/dedup_workspaces/test0_transitive_apply_parallel/dataset/GRScenes_assets/door/1b54aee00220d72ef513c9c0d0afe430,/cpfs/user/zhuzihou/assets/dedup_workspaces/test0_transitive_apply_parallel/dataset/GRScenes_assets/door/1b54aee00220d72ef513c9c0d0afe430/usd/1b54aee00220d72ef513c9c0d0afe430.usd
door,1b72ef6e7b462537f248fcdc472426c4,suspicious,object,1178772626593393082468659900175517483008.000000,259.928927,4534980536731662590027793854539759616.000000,true,true,,0.016506,0.020081,157,tiny;ok;ok;ok,/cpfs/user/zhuzihou/assets/dedup_workspaces/test0_transitive_apply_parallel/dataset/GRScenes_assets/door/1b72ef6e7b462537f248fcdc472426c4,/cpfs/user/zhuzihou/assets/dedup_workspaces/test0_transitive_apply_parallel/dataset/GRScenes_assets/door/1b72ef6e7b462537f248fcdc472426c4/usd/1b72ef6e7b462537f248fcdc472426c4.usd
door,1ba0ffdc348928821647cf6fa5bb6a55,suspicious,object,1178772626593393082468659900175517483008.000000,281.765105,4183529497136119700873874076130607104.000000,true,true,,0.025574,0.031593,112,ok;ok;blank;blank,/cpfs/user/zhuzihou/assets/dedup_workspaces/test0_transitive_apply_parallel/dataset/GRScenes_assets/door/1ba0ffdc348928821647cf6fa5bb6a55,/cpfs/user/zhuzihou/assets/dedup_workspaces/test0_transitive_apply_parallel/dataset/GRScenes_assets/door/1ba0ffdc348928821647cf6fa5bb6a55/usd/1ba0ffdc348928821647cf6fa5bb6a55.usd
door,1c5b4263820d3264c31c028df1becc3f,suspicious,object,1178772626593393082468659900175517483008.000000,263.218621,4478302575744981188479684103062421504.000000,true,true,,0.027664,0.029907,140,tiny;tiny;ok;tiny,/cpfs/user/zhuzihou/assets/dedup_workspaces/test0_transitive_apply_parallel/dataset/GRScenes_assets/door/1c5b4263820d3264c31c028df1becc3f,/cpfs/user/zhuzihou/assets/dedup_workspaces/test0_transitive_apply_parallel/dataset/GRScenes_assets/door/1c5b4263820d3264c31c028df1becc3f/usd/1c5b4263820d3264c31c028df1becc3f.usd
door,1d811324255f2c235d9b0596b7b533b6,suspicious,object,1178772626593393082468659900175517483008.000000,309.044660,3814246869640022665801044152035573760.000000,true,true,,0.027515,0.062256,170,blank;ok;ok;blank,/cpfs/user/zhuzihou/assets/dedup_workspaces/test0_transitive_apply_parallel/dataset/GRScenes_assets/door/1d811324255f2c235d9b0596b7b533b6,/cpfs/user/zhuzihou/assets/dedup_workspaces/test0_transitive_apply_parallel/dataset/GRScenes_assets/door/1d811324255f2c235d9b0596b7b533b6/usd/1d811324255f2c235d9b0596b7b533b6.usd
door,1ede7d354f5561f70a087058c770696c,suspicious,object,1178772626593393082468659900175517483008.000000,281.765105,4183529497136119700873874076130607104.000000,true,true,,0.033714,0.037571,147,blank;blank;ok;ok,/cpfs/user/zhuzihou/assets/dedup_workspaces/test0_transitive_apply_parallel/dataset/GRScenes_assets/door/1ede7d354f5561f70a087058c770696c,/cpfs/user/zhuzihou/assets/dedup_workspaces/test0_transitive_apply_parallel/dataset/GRScenes_assets/door/1ede7d354f5561f70a087058c770696c/usd/1ede7d354f5561f70a087058c770696c.usd
door,1f202d51d9d511d099b264cb7cef3de0,suspicious,object,1178772626593393082468659900175517483008.000000,321.632000,3664973090260809064455905432500699136.000000,true,true,,0.016842,0.029266,137,blank;blank;blank;ok,/cpfs/user/zhuzihou/assets/dedup_workspaces/test0_transitive_apply_parallel/dataset/GRScenes_assets/door/1f202d51d9d511d099b264cb7cef3de0,/cpfs/user/zhuzihou/assets/dedup_workspaces/test0_transitive_apply_parallel/dataset/GRScenes_assets/door/1f202d51d9d511d099b264cb7cef3de0/usd/1f202d51d9d511d099b264cb7cef3de0.usd
door,1f614c5e84cf7ab87a1fc0d1bcf00f40,tiny,object,1178772626593393082468659900175517483008.000000,313.818316,3756226346984695114043097106991808512.000000,true,true,,0.013664,0.019760,74,tiny;blank;blank;tiny,/cpfs/user/zhuzihou/assets/dedup_workspaces/test0_transitive_apply_parallel/dataset/GRScenes_assets/door/1f614c5e84cf7ab87a1fc0d1bcf00f40,/cpfs/user/zhuzihou/assets/dedup_workspaces/test0_transitive_apply_parallel/dataset/GRScenes_assets/door/1f614c5e84cf7ab87a1fc0d1bcf00f40/usd/1f614c5e84cf7ab87a1fc0d1bcf00f40.usd
door,210d1c91ceb228446a733a354b6afc39,suspicious,object,1178772626593393082468659900175517483008.000000,250.332700,4708824008071842993061606326179725312.000000,true,true,,0.016567,0.017395,114,tiny;tiny;ok;tiny,/cpfs/user/zhuzihou/assets/dedup_workspaces/test0_transitive_apply_parallel/dataset/GRScenes_assets/door/210d1c91ceb228446a733a354b6afc39,/cpfs/user/zhuzihou/assets/dedup_workspaces/test0_transitive_apply_parallel/dataset/GRScenes_assets/door/210d1c91ceb228446a733a354b6afc39/usd/210d1c91ceb228446a733a354b6afc39.usd
door,219ee33de0ea406e6d70642776205562,suspicious,object,1178772626593393082468659900175517483008.000000,364.910442,3230306646988466464429248489340272640.000000,true,true,,0.009186,0.010761,91,ok;blank;blank;blank,/cpfs/user/zhuzihou/assets/dedup_workspaces/test0_transitive_apply_parallel/dataset/GRScenes_assets/door/219ee33de0ea406e6d70642776205562,/cpfs/user/zhuzihou/assets/dedup_workspaces/test0_transitive_apply_parallel/dataset/GRScenes_assets/door/219ee33de0ea406e6d70642776205562/usd/219ee33de0ea406e6d70642776205562.usd
door,2209ec70e0754b1250fecfbba9833c4f,suspicious,object,1178772626593393082468659900175517483008.000000,240.111916,4909263341029614834805809732588142592.000000,true,true,,0.035999,0.041649,141,ok;ok;ok;tiny,/cpfs/user/zhuzihou/assets/dedup_workspaces/test0_transitive_apply_parallel/dataset/GRScenes_assets/door/2209ec70e0754b1250fecfbba9833c4f,/cpfs/user/zhuzihou/assets/dedup_workspaces/test0_transitive_apply_parallel/dataset/GRScenes_assets/door/2209ec70e0754b1250fecfbba9833c4f/usd/2209ec70e0754b1250fecfbba9833c4f.usd
door,225ad0911b83612d6c469f65c77cc68d,suspicious,object,1178772626593393082468659900175517483008.000000,282.189616,4177236013397547882425635825197776896.000000,true,true,,0.026573,0.081688,166,blank;blank;ok;blank,/cpfs/user/zhuzihou/assets/dedup_workspaces/test0_transitive_apply_parallel/dataset/GRScenes_assets/door/225ad0911b83612d6c469f65c77cc68d,/cpfs/user/zhuzihou/assets/dedup_workspaces/test0_transitive_apply_parallel/dataset/GRScenes_assets/door/225ad0911b83612d6c469f65c77cc68d/usd/225ad0911b83612d6c469f65c77cc68d.usd
door,23a4534b7eedf3073dae419fb9a807a5,suspicious,object,1178772626593393082468659900175517483008.000000,281.868736,4181991390100942757680622903691837440.000000,true,true,,0.032085,0.062080,206,blank;blank;ok;ok,/cpfs/user/zhuzihou/assets/dedup_workspaces/test0_transitive_apply_parallel/dataset/GRScenes_assets/door/23a4534b7eedf3073dae419fb9a807a5,/cpfs/user/zhuzihou/assets/dedup_workspaces/test0_transitive_apply_parallel/dataset/GRScenes_assets/door/23a4534b7eedf3073dae419fb9a807a5/usd/23a4534b7eedf3073dae419fb9a807a5.usd
door,256956b099e136fd6af106a168838caa,suspicious,object,1178772626593393082468659900175517483008.000000,278.003282,4240139246231581534910952438587457536.000000,true,true,,0.011986,0.014160,128,ok;blank;blank;blank,/cpfs/user/zhuzihou/assets/dedup_workspaces/test0_transitive_apply_parallel/dataset/GRScenes_assets/door/256956b099e136fd6af106a168838caa,/cpfs/user/zhuzihou/assets/dedup_workspaces/test0_transitive_apply_parallel/dataset/GRScenes_assets/door/256956b099e136fd6af106a168838caa/usd/256956b099e136fd6af106a168838caa.usd
door,2670a056ffa822d14354377eb38ea57f,suspicious,object,1178772626593393082468659900175517483008.000000,296.988464,3969085571105074373779693283286450176.000000,true,true,,0.029964,0.035667,170,ok;blank;blank;blank,/cpfs/user/zhuzihou/assets/dedup_workspaces/test0_transitive_apply_parallel/dataset/GRScenes_assets/door/2670a056ffa822d14354377eb38ea57f,/cpfs/user/zhuzihou/assets/dedup_workspaces/test0_transitive_apply_parallel/dataset/GRScenes_assets/door/2670a056ffa822d14354377eb38ea57f/usd/2670a056ffa822d14354377eb38ea57f.usd
door,26f1f0cebe724feba04a98c48976e1d3,suspicious,object,1178772626593393082468659900175517483008.000000,325.860345,3617416615453744833066958729485746176.000000,true,true,,0.040302,0.045391,163,tiny;blank;blank;ok,/cpfs/user/zhuzihou/assets/dedup_workspaces/test0_transitive_apply_parallel/dataset/GRScenes_assets/door/26f1f0cebe724feba04a98c48976e1d3,/cpfs/user/zhuzihou/assets/dedup_workspaces/test0_transitive_apply_parallel/dataset/GRScenes_assets/door/26f1f0cebe724feba04a98c48976e1d3/usd/26f1f0cebe724feba04a98c48976e1d3.usd
door,26ff81b77b9c811ef66804f3ba8f43fc,suspicious,object,1178772626593393082468659900175517483008.000000,238.600274,4940365771258199722953049676542115840.000000,true,true,,0.026157,0.027790,155,tiny;ok;ok;tiny,/cpfs/user/zhuzihou/assets/dedup_workspaces/test0_transitive_apply_parallel/dataset/GRScenes_assets/door/26ff81b77b9c811ef66804f3ba8f43fc,/cpfs/user/zhuzihou/assets/dedup_workspaces/test0_transitive_apply_parallel/dataset/GRScenes_assets/door/26ff81b77b9c811ef66804f3ba8f43fc/usd/26ff81b77b9c811ef66804f3ba8f43fc.usd
door,2838e4c1d82a7520eb3a9f0336ba3fa6,suspicious,object,1178772626593393082468659900175517483008.000000,257.228176,4582595285314792442343511569098342400.000000,true,true,,0.037807,0.056030,165,ok;ok;ok;tiny,/cpfs/user/zhuzihou/assets/dedup_workspaces/test0_transitive_apply_parallel/dataset/GRScenes_assets/door/2838e4c1d82a7520eb3a9f0336ba3fa6,/cpfs/user/zhuzihou/assets/dedup_workspaces/test0_transitive_apply_parallel/dataset/GRScenes_assets/door/2838e4c1d82a7520eb3a9f0336ba3fa6/usd/2838e4c1d82a7520eb3a9f0336ba3fa6.usd
door,2887d9eaa37a51070b54e7ae9bd582d4,suspicious,object,1178772626593393082468659900175517483008.000000,238.291936,4946758364980399836201913042639781888.000000,true,true,,0.028286,0.035370,177,ok;ok;tiny;ok,/cpfs/user/zhuzihou/assets/dedup_workspaces/test0_transitive_apply_parallel/dataset/GRScenes_assets/door/2887d9eaa37a51070b54e7ae9bd582d4,/cpfs/user/zhuzihou/assets/dedup_workspaces/test0_transitive_apply_parallel/dataset/GRScenes_assets/door/2887d9eaa37a51070b54e7ae9bd582d4/usd/2887d9eaa37a51070b54e7ae9bd582d4.usd
door,2b0f335f8f68450a845c35a663bcaec2,suspicious,object,1178772626593393082468659900175517483008.000000,296.990386,3969059886582580860410819461198643200.000000,true,true,,0.081730,0.089455,175,ok;blank;blank;blank,/cpfs/user/zhuzihou/assets/dedup_workspaces/test0_transitive_apply_parallel/dataset/GRScenes_assets/door/2b0f335f8f68450a845c35a663bcaec2,/cpfs/user/zhuzihou/assets/dedup_workspaces/test0_transitive_apply_parallel/dataset/GRScenes_assets/door/2b0f335f8f68450a845c35a663bcaec2/usd/2b0f335f8f68450a845c35a663bcaec2.usd
door,2ef8706f62ef9fda7547857a3e07c1b6,suspicious,object,1178772626593393082468659900175517483008.000000,239.502076,4921763707044276071689188617524084736.000000,true,true,,0.021690,0.023003,134,ok;tiny;tiny;ok,/cpfs/user/zhuzihou/assets/dedup_workspaces/test0_transitive_apply_parallel/dataset/GRScenes_assets/door/2ef8706f62ef9fda7547857a3e07c1b6,/cpfs/user/zhuzihou/assets/dedup_workspaces/test0_transitive_apply_parallel/dataset/GRScenes_assets/door/2ef8706f62ef9fda7547857a3e07c1b6/usd/2ef8706f62ef9fda7547857a3e07c1b6.usd
door,2fe977536d21375aec9e76a3c9d82d32,suspicious,object,1178772626593393082468659900175517483008.000000,318.801400,3697513954156535835138109543232307200.000000,true,true,,0.019245,0.022522,144,blank;blank;blank;ok,/cpfs/user/zhuzihou/assets/dedup_workspaces/test0_transitive_apply_parallel/dataset/GRScenes_assets/door/2fe977536d21375aec9e76a3c9d82d32,/cpfs/user/zhuzihou/assets/dedup_workspaces/test0_transitive_apply_parallel/dataset/GRScenes_assets/door/2fe977536d21375aec9e76a3c9d82d32/usd/2fe977536d21375aec9e76a3c9d82d32.usd
door,301fc5a5bbb3a65ec04dc378d7932405,suspicious,object,1178772626593393082468659900175517483008.000000,251.606808,4684979065762014845272278229479063552.000000,true,true,,0.011684,0.015945,110,tiny;tiny;ok;tiny,/cpfs/user/zhuzihou/assets/dedup_workspaces/test0_transitive_apply_parallel/dataset/GRScenes_assets/door/301fc5a5bbb3a65ec04dc378d7932405,/cpfs/user/zhuzihou/assets/dedup_workspaces/test0_transitive_apply_parallel/dataset/GRScenes_assets/door/301fc5a5bbb3a65ec04dc378d7932405/usd/301fc5a5bbb3a65ec04dc378d7932405.usd
door,335894167f30bc3eaec5e9c690f1af5e,suspicious,object,1178772626593393082468659900175517483008.000000,241.842722,4874129011280373300247379353727401984.000000,true,true,,0.012764,0.015717,108,ok;ok;ok;tiny,/cpfs/user/zhuzihou/assets/dedup_workspaces/test0_transitive_apply_parallel/dataset/GRScenes_assets/door/335894167f30bc3eaec5e9c690f1af5e,/cpfs/user/zhuzihou/assets/dedup_workspaces/test0_transitive_apply_parallel/dataset/GRScenes_assets/door/335894167f30bc3eaec5e9c690f1af5e/usd/335894167f30bc3eaec5e9c690f1af5e.usd
door,363281323a527dba77dde702cff35ba4,suspicious,object,1178772626593393082468659900175517483008.000000,238.552699,4941351040222726725901197439838191616.000000,true,true,,0.037758,0.041504,160,tiny;ok;ok;tiny,/cpfs/user/zhuzihou/assets/dedup_workspaces/test0_transitive_apply_parallel/dataset/GRScenes_assets/door/363281323a527dba77dde702cff35ba4,/cpfs/user/zhuzihou/assets/dedup_workspaces/test0_transitive_apply_parallel/dataset/GRScenes_assets/door/363281323a527dba77dde702cff35ba4/usd/363281323a527dba77dde702cff35ba4.usd
door,368812ebffe23e3f3de16ae99580327c,suspicious,object,1178772626593393082468659900175517483008.000000,315.261962,3739025854873540069416490314758094848.000000,true,true,,0.025730,0.042885,146,ok;ok;ok;tiny,/cpfs/user/zhuzihou/assets/dedup_workspaces/test0_transitive_apply_parallel/dataset/GRScenes_assets/door/368812ebffe23e3f3de16ae99580327c,/cpfs/user/zhuzihou/assets/dedup_workspaces/test0_transitive_apply_parallel/dataset/GRScenes_assets/door/368812ebffe23e3f3de16ae99580327c/usd/368812ebffe23e3f3de16ae99580327c.usd
door,3c1275839d3652f8d33a95f713695c3c,suspicious,object,1178772626593393082468659900175517483008.000000,347.397414,3393153136480300933184736553578004480.000000,true,true,,0.042984,0.048271,114,ok;blank;blank;blank,/cpfs/user/zhuzihou/assets/dedup_workspaces/test0_transitive_apply_parallel/dataset/GRScenes_assets/door/3c1275839d3652f8d33a95f713695c3c,/cpfs/user/zhuzihou/assets/dedup_workspaces/test0_transitive_apply_parallel/dataset/GRScenes_assets/door/3c1275839d3652f8d33a95f713695c3c/usd/3c1275839d3652f8d33a95f713695c3c.usd
door,3c64725c5bb65ddf2a447380c06927df,suspicious,object,1178772626593393082468659900175517483008.000000,246.834953,4775549860746922104287848211725418496.000000,true,true,,0.018913,0.032024,163,tiny;ok;ok;ok,/cpfs/user/zhuzihou/assets/dedup_workspaces/test0_transitive_apply_parallel/dataset/GRScenes_assets/door/3c64725c5bb65ddf2a447380c06927df,/cpfs/user/zhuzihou/assets/dedup_workspaces/test0_transitive_apply_parallel/dataset/GRScenes_assets/door/3c64725c5bb65ddf2a447380c06927df/usd/3c64725c5bb65ddf2a447380c06927df.usd
door,423f96ca9b5a8c745d4b5241394cc529,suspicious,object,1178772626593393082468659900175517483008.000000,441.578734,2669450623097987711946743144364638208.000000,true,true,,0.047325,0.052391,218,tiny;blank;blank;ok,/cpfs/user/zhuzihou/assets/dedup_workspaces/test0_transitive_apply_parallel/dataset/GRScenes_assets/door/423f96ca9b5a8c745d4b5241394cc529,/cpfs/user/zhuzihou/assets/dedup_workspaces/test0_transitive_apply_parallel/dataset/GRScenes_assets/door/423f96ca9b5a8c745d4b5241394cc529/usd/423f96ca9b5a8c745d4b5241394cc529.usd
door,4272d6880f06ac27835371374438d904,suspicious,object,1178772626593393082468659900175517483008.000000,287.837758,4095267537201563632582226270603968512.000000,true,true,,0.035892,0.038815,185,blank;blank;ok;blank,/cpfs/user/zhuzihou/assets/dedup_workspaces/test0_transitive_apply_parallel/dataset/GRScenes_assets/door/4272d6880f06ac27835371374438d904,/cpfs/user/zhuzihou/assets/dedup_workspaces/test0_transitive_apply_parallel/dataset/GRScenes_assets/door/4272d6880f06ac27835371374438d904/usd/4272d6880f06ac27835371374438d904.usd
door,442c70f66ce94f5bcd3b939e041e39e6,suspicious,object,1178772626593393082468659900175517483008.000000,424.053022,2779776503864173057406685149252288512.000000,true,true,,0.016365,0.017700,145,blank;blank;blank;ok,/cpfs/user/zhuzihou/assets/dedup_workspaces/test0_transitive_apply_parallel/dataset/GRScenes_assets/door/442c70f66ce94f5bcd3b939e041e39e6,/cpfs/user/zhuzihou/assets/dedup_workspaces/test0_transitive_apply_parallel/dataset/GRScenes_assets/door/442c70f66ce94f5bcd3b939e041e39e6/usd/442c70f66ce94f5bcd3b939e041e39e6.usd
door,47151d57b3c662ad3dfff8a11eceb59a,suspicious,object,1178772626593393082468659900175517483008.000000,286.078135,4120456907837461499854174933057798144.000000,true,true,,0.017818,0.065865,194,blank;blank;ok;blank,/cpfs/user/zhuzihou/assets/dedup_workspaces/test0_transitive_apply_parallel/dataset/GRScenes_assets/door/47151d57b3c662ad3dfff8a11eceb59a,/cpfs/user/zhuzihou/assets/dedup_workspaces/test0_transitive_apply_parallel/dataset/GRScenes_assets/door/47151d57b3c662ad3dfff8a11eceb59a/usd/47151d57b3c662ad3dfff8a11eceb59a.usd
door,47bf3fd236bc0647cba641174608b7a7,suspicious,object,1178772626593393082468659900175517483008.000000,251.955742,4678490827875906338438001958187958272.000000,true,true,,0.007641,0.010071,132,blank;blank;blank;ok,/cpfs/user/zhuzihou/assets/dedup_workspaces/test0_transitive_apply_parallel/dataset/GRScenes_assets/door/47bf3fd236bc0647cba641174608b7a7,/cpfs/user/zhuzihou/assets/dedup_workspaces/test0_transitive_apply_parallel/dataset/GRScenes_assets/door/47bf3fd236bc0647cba641174608b7a7/usd/47bf3fd236bc0647cba641174608b7a7.usd
door,496c1e35404570c616e61398ae58f7e9,suspicious,object,1178772626593393082468659900175517483008.000000,294.665555,4000374687008381340676980923804155904.000000,true,true,,0.015842,0.039795,163,blank;blank;blank;ok,/cpfs/user/zhuzihou/assets/dedup_workspaces/test0_transitive_apply_parallel/dataset/GRScenes_assets/door/496c1e35404570c616e61398ae58f7e9,/cpfs/user/zhuzihou/assets/dedup_workspaces/test0_transitive_apply_parallel/dataset/GRScenes_assets/door/496c1e35404570c616e61398ae58f7e9/usd/496c1e35404570c616e61398ae58f7e9.usd
door,4981ca17c3b1c1e3b842321d388389db,suspicious,object,1178772626593393082468659900175517483008.000000,295.804981,3984965434664443977985294049646477312.000000,true,true,,0.021690,0.023430,110,ok;ok;ok;tiny,/cpfs/user/zhuzihou/assets/dedup_workspaces/test0_transitive_apply_parallel/dataset/GRScenes_assets/door/4981ca17c3b1c1e3b842321d388389db,/cpfs/user/zhuzihou/assets/dedup_workspaces/test0_transitive_apply_parallel/dataset/GRScenes_assets/door/4981ca17c3b1c1e3b842321d388389db/usd/4981ca17c3b1c1e3b842321d388389db.usd
door,4ab04d704a7bc95ea2c5f93ff3032d92,suspicious,object,1178772626593393082468659900175517483008.000000,305.821173,3854450671935806514979163978552311808.000000,true,true,,0.085972,0.099907,194,ok;blank;blank;ok,/cpfs/user/zhuzihou/assets/dedup_workspaces/test0_transitive_apply_parallel/dataset/GRScenes_assets/door/4ab04d704a7bc95ea2c5f93ff3032d92,/cpfs/user/zhuzihou/assets/dedup_workspaces/test0_transitive_apply_parallel/dataset/GRScenes_assets/door/4ab04d704a7bc95ea2c5f93ff3032d92/usd/4ab04d704a7bc95ea2c5f93ff3032d92.usd
door,4c630345d638858e6258da1980c2367c,suspicious,object,1178772626593393082468659900175517483008.000000,280.800264,4197904263987793880102218984285274112.000000,true,true,,0.032089,0.039883,123,ok;blank;blank;ok,/cpfs/user/zhuzihou/assets/dedup_workspaces/test0_transitive_apply_parallel/dataset/GRScenes_assets/door/4c630345d638858e6258da1980c2367c,/cpfs/user/zhuzihou/assets/dedup_workspaces/test0_transitive_apply_parallel/dataset/GRScenes_assets/door/4c630345d638858e6258da1980c2367c/usd/4c630345d638858e6258da1980c2367c.usd
door,4dce3ae783f11c472b07b10a1c8d6541,suspicious,object,1178772626593393082468659900175517483008.000000,237.070886,4972236984141481628818823186934136832.000000,true,true,,0.037231,0.049194,148,ok;ok;ok;tiny,/cpfs/user/zhuzihou/assets/dedup_workspaces/test0_transitive_apply_parallel/dataset/GRScenes_assets/door/4dce3ae783f11c472b07b10a1c8d6541,/cpfs/user/zhuzihou/assets/dedup_workspaces/test0_transitive_apply_parallel/dataset/GRScenes_assets/door/4dce3ae783f11c472b07b10a1c8d6541/usd/4dce3ae783f11c472b07b10a1c8d6541.usd
door,4edbccca050de96311b7561cb86b4f14,suspicious,object,1178772626593393082468659900175517483008.000000,252.010282,4677478302930525418605760181922955264.000000,true,true,,0.053345,0.081875,177,ok;ok;ok;tiny,/cpfs/user/zhuzihou/assets/dedup_workspaces/test0_transitive_apply_parallel/dataset/GRScenes_assets/door/4edbccca050de96311b7561cb86b4f14,/cpfs/user/zhuzihou/assets/dedup_workspaces/test0_transitive_apply_parallel/dataset/GRScenes_assets/door/4edbccca050de96311b7561cb86b4f14/usd/4edbccca050de96311b7561cb86b4f14.usd
door,50a219ca7c9a3382972f6cc533f18648,suspicious,object,1178772626593393082468659900175517483008.000000,240.684186,4897590682140784576722895282731220992.000000,true,true,,0.038158,0.063278,157,ok;ok;ok;tiny,/cpfs/user/zhuzihou/assets/dedup_workspaces/test0_transitive_apply_parallel/dataset/GRScenes_assets/door/50a219ca7c9a3382972f6cc533f18648,/cpfs/user/zhuzihou/assets/dedup_workspaces/test0_transitive_apply_parallel/dataset/GRScenes_assets/door/50a219ca7c9a3382972f6cc533f18648/usd/50a219ca7c9a3382972f6cc533f18648.usd
door,531e4831360924341588c269d286d098,suspicious,object,1178772626593393082468659900175517483008.000000,278.684651,4229772334083796224824629805633765376.000000,true,true,,0.013878,0.051296,176,blank;ok;ok;blank,/cpfs/user/zhuzihou/assets/dedup_workspaces/test0_transitive_apply_parallel/dataset/GRScenes_assets/door/531e4831360924341588c269d286d098,/cpfs/user/zhuzihou/assets/dedup_workspaces/test0_transitive_apply_parallel/dataset/GRScenes_assets/door/531e4831360924341588c269d286d098/usd/531e4831360924341588c269d286d098.usd
door,5466b4aae1ffdd80c7b8c2171f2f3a5c,suspicious,object,1178772626593393082468659900175517483008.000000,302.606965,3895391588337188492246408008581513216.000000,true,true,,0.005211,0.006042,144,blank;ok;blank;blank,/cpfs/user/zhuzihou/assets/dedup_workspaces/test0_transitive_apply_parallel/dataset/GRScenes_assets/door/5466b4aae1ffdd80c7b8c2171f2f3a5c,/cpfs/user/zhuzihou/assets/dedup_workspaces/test0_transitive_apply_parallel/dataset/GRScenes_assets/door/5466b4aae1ffdd80c7b8c2171f2f3a5c/usd/5466b4aae1ffdd80c7b8c2171f2f3a5c.usd
door,549f6247f83400b71cf42d7b3072188c,suspicious,object,1178772626593393082468659900175517483008.000000,247.747531,4757959124416135469861195266389966848.000000,true,true,,0.020226,0.027023,92,ok;tiny;ok;ok,/cpfs/user/zhuzihou/assets/dedup_workspaces/test0_transitive_apply_parallel/dataset/GRScenes_assets/door/549f6247f83400b71cf42d7b3072188c,/cpfs/user/zhuzihou/assets/dedup_workspaces/test0_transitive_apply_parallel/dataset/GRScenes_assets/door/549f6247f83400b71cf42d7b3072188c/usd/549f6247f83400b71cf42d7b3072188c.usd
door,55421f8f6ae7b060eccc3f7859e5332b,suspicious,object,1178772626593393082468659900175517483008.000000,259.928955,4534980048153932123358570560331186176.000000,true,true,,0.039017,0.042351,182,ok;ok;ok;tiny,/cpfs/user/zhuzihou/assets/dedup_workspaces/test0_transitive_apply_parallel/dataset/GRScenes_assets/door/55421f8f6ae7b060eccc3f7859e5332b,/cpfs/user/zhuzihou/assets/dedup_workspaces/test0_transitive_apply_parallel/dataset/GRScenes_assets/door/55421f8f6ae7b060eccc3f7859e5332b/usd/55421f8f6ae7b060eccc3f7859e5332b.usd
door,55492a43b6f1c5dd9975b97fdd7ab307,suspicious,object,1178772626593393082468659900175517483008.000000,273.445286,4310817145692335434254248556403621888.000000,true,true,,0.043312,0.073067,163,ok;tiny;ok;ok,/cpfs/user/zhuzihou/assets/dedup_workspaces/test0_transitive_apply_parallel/dataset/GRScenes_assets/door/55492a43b6f1c5dd9975b97fdd7ab307,/cpfs/user/zhuzihou/assets/dedup_workspaces/test0_transitive_apply_parallel/dataset/GRScenes_assets/door/55492a43b6f1c5dd9975b97fdd7ab307/usd/55492a43b6f1c5dd9975b97fdd7ab307.usd
door,56b5763f9803fa949217ea29f78210dc,suspicious,object,1178772626593393082468659900175517483008.000000,272.529317,4325305773286624912453421288183037952.000000,true,true,,0.014488,0.028854,124,tiny;tiny;ok;tiny,/cpfs/user/zhuzihou/assets/dedup_workspaces/test0_transitive_apply_parallel/dataset/GRScenes_assets/door/56b5763f9803fa949217ea29f78210dc,/cpfs/user/zhuzihou/assets/dedup_workspaces/test0_transitive_apply_parallel/dataset/GRScenes_assets/door/56b5763f9803fa949217ea29f78210dc/usd/56b5763f9803fa949217ea29f78210dc.usd
door,58cac72957361501bdeb51483a8d289c,suspicious,object,1178772626593393082468659900175517483008.000000,342.608060,3440586381284653519676442868136804352.000000,true,true,,0.012970,0.083847,157,ok;blank;blank;blank,/cpfs/user/zhuzihou/assets/dedup_workspaces/test0_transitive_apply_parallel/dataset/GRScenes_assets/door/58cac72957361501bdeb51483a8d289c,/cpfs/user/zhuzihou/assets/dedup_workspaces/test0_transitive_apply_parallel/dataset/GRScenes_assets/door/58cac72957361501bdeb51483a8d289c/usd/58cac72957361501bdeb51483a8d289c.usd
door,59f42b3ab8871994155d1ef72fefcdd8,suspicious,object,1178772626593393082468659900175517483008.000000,272.221955,4330189413999650315597261188567662592.000000,true,true,,0.027332,0.028564,156,tiny;ok;ok;ok,/cpfs/user/zhuzihou/assets/dedup_workspaces/test0_transitive_apply_parallel/dataset/GRScenes_assets/door/59f42b3ab8871994155d1ef72fefcdd8,/cpfs/user/zhuzihou/assets/dedup_workspaces/test0_transitive_apply_parallel/dataset/GRScenes_assets/door/59f42b3ab8871994155d1ef72fefcdd8/usd/59f42b3ab8871994155d1ef72fefcdd8.usd
door,5bcba605d6b85b53f32ea5cebc5e5dfe,suspicious,object,1178772626593393082468659900175517483008.000000,252.069690,4676375919532886266880771762639863808.000000,true,true,,0.017128,0.060482,151,ok;blank;blank;blank,/cpfs/user/zhuzihou/assets/dedup_workspaces/test0_transitive_apply_parallel/dataset/GRScenes_assets/door/5bcba605d6b85b53f32ea5cebc5e5dfe,/cpfs/user/zhuzihou/assets/dedup_workspaces/test0_transitive_apply_parallel/dataset/GRScenes_assets/door/5bcba605d6b85b53f32ea5cebc5e5dfe/usd/5bcba605d6b85b53f32ea5cebc5e5dfe.usd
door,5c4c99780f80b10bbdaf5a2d04fc11d1,suspicious,object,1178772626593393082468659900175517483008.000000,287.886740,4094570758240652907967892314476511232.000000,true,true,,0.011829,0.012817,105,blank;blank;ok;blank,/cpfs/user/zhuzihou/assets/dedup_workspaces/test0_transitive_apply_parallel/dataset/GRScenes_assets/door/5c4c99780f80b10bbdaf5a2d04fc11d1,/cpfs/user/zhuzihou/assets/dedup_workspaces/test0_transitive_apply_parallel/dataset/GRScenes_assets/door/5c4c99780f80b10bbdaf5a2d04fc11d1/usd/5c4c99780f80b10bbdaf5a2d04fc11d1.usd
door,5fad2bce2b5b4adc2cabdcd0e54c5672,suspicious,object,1178772626593393082468659900175517483008.000000,269.578708,4372647363043217364898916440876253184.000000,true,true,,0.010685,0.041794,166,ok;blank;blank;blank,/cpfs/user/zhuzihou/assets/dedup_workspaces/test0_transitive_apply_parallel/dataset/GRScenes_assets/door/5fad2bce2b5b4adc2cabdcd0e54c5672,/cpfs/user/zhuzihou/assets/dedup_workspaces/test0_transitive_apply_parallel/dataset/GRScenes_assets/door/5fad2bce2b5b4adc2cabdcd0e54c5672/usd/5fad2bce2b5b4adc2cabdcd0e54c5672.usd
door,65467d945d3adac0db42f1b04e820ba7,suspicious,object,1178772626593393082468659900175517483008.000000,239.753011,4916612397319553498187738853356339200.000000,true,true,,0.015343,0.031738,128,ok;tiny;ok;ok,/cpfs/user/zhuzihou/assets/dedup_workspaces/test0_transitive_apply_parallel/dataset/GRScenes_assets/door/65467d945d3adac0db42f1b04e820ba7,/cpfs/user/zhuzihou/assets/dedup_workspaces/test0_transitive_apply_parallel/dataset/GRScenes_assets/door/65467d945d3adac0db42f1b04e820ba7/usd/65467d945d3adac0db42f1b04e820ba7.usd
door,65508d6fbdb9515785834f96088054eb,suspicious,object,1178772626593393082468659900175517483008.000000,299.173169,3940101418174165040353184145238654976.000000,true,true,,0.083717,0.093025,178,ok;blank;blank;blank,/cpfs/user/zhuzihou/assets/dedup_workspaces/test0_transitive_apply_parallel/dataset/GRScenes_assets/door/65508d6fbdb9515785834f96088054eb,/cpfs/user/zhuzihou/assets/dedup_workspaces/test0_transitive_apply_parallel/dataset/GRScenes_assets/door/65508d6fbdb9515785834f96088054eb/usd/65508d6fbdb9515785834f96088054eb.usd
door,6576b116b8e2f8cc772d7e5875cfdf60,suspicious,object,1178772626593393082468659900175517483008.000000,260.089077,4532188119288659765135996483274801152.000000,true,true,,0.014133,0.030510,129,ok;tiny;ok;ok,/cpfs/user/zhuzihou/assets/dedup_workspaces/test0_transitive_apply_parallel/dataset/GRScenes_assets/door/6576b116b8e2f8cc772d7e5875cfdf60,/cpfs/user/zhuzihou/assets/dedup_workspaces/test0_transitive_apply_parallel/dataset/GRScenes_assets/door/6576b116b8e2f8cc772d7e5875cfdf60/usd/6576b116b8e2f8cc772d7e5875cfdf60.usd
door,65a01e404838d3f670d4bab605f2c6d6,suspicious,object,1178772626593393082468659900175517483008.000000,281.868735,4181991400124552851623040180669120512.000000,true,true,,0.017765,0.022705,96,tiny;blank;blank;ok,/cpfs/user/zhuzihou/assets/dedup_workspaces/test0_transitive_apply_parallel/dataset/GRScenes_assets/door/65a01e404838d3f670d4bab605f2c6d6,/cpfs/user/zhuzihou/assets/dedup_workspaces/test0_transitive_apply_parallel/dataset/GRScenes_assets/door/65a01e404838d3f670d4bab605f2c6d6/usd/65a01e404838d3f670d4bab605f2c6d6.usd
door,6660951fb2f8767d956758941ae79c42,suspicious,object,1178772626593393082468659900175517483008.000000,349.914521,3368744520565159463845184320745504768.000000,true,true,,0.024952,0.047470,183,blank;ok;tiny;blank,/cpfs/user/zhuzihou/assets/dedup_workspaces/test0_transitive_apply_parallel/dataset/GRScenes_assets/door/6660951fb2f8767d956758941ae79c42,/cpfs/user/zhuzihou/assets/dedup_workspaces/test0_transitive_apply_parallel/dataset/GRScenes_assets/door/6660951fb2f8767d956758941ae79c42/usd/6660951fb2f8767d956758941ae79c42.usd
door,6799c2f67fb517b1270f791faa6230d8,suspicious,object,1178772626593393082468659900175517483008.000000,336.875161,3499137845851937161250768664888606720.000000,true,true,,0.008766,0.045410,124,ok;blank;blank;blank,/cpfs/user/zhuzihou/assets/dedup_workspaces/test0_transitive_apply_parallel/dataset/GRScenes_assets/door/6799c2f67fb517b1270f791faa6230d8,/cpfs/user/zhuzihou/assets/dedup_workspaces/test0_transitive_apply_parallel/dataset/GRScenes_assets/door/6799c2f67fb517b1270f791faa6230d8/usd/6799c2f67fb517b1270f791faa6230d8.usd
door,68c1af59de578c022457fbfee575682b,suspicious,object,1178772626593393082468659900175517483008.000000,259.928955,4534980048153932123358570560331186176.000000,true,true,,0.023293,0.024902,136,ok;tiny;tiny;tiny,/cpfs/user/zhuzihou/assets/dedup_workspaces/test0_transitive_apply_parallel/dataset/GRScenes_assets/door/68c1af59de578c022457fbfee575682b,/cpfs/user/zhuzihou/assets/dedup_workspaces/test0_transitive_apply_parallel/dataset/GRScenes_assets/door/68c1af59de578c022457fbfee575682b/usd/68c1af59de578c022457fbfee575682b.usd
door,6a3a5c8c482ca566fbcf59b65a15b1d6,suspicious,object,1178772626593393082468659900175517483008.000000,247.674372,4759364548961002199893723089328930816.000000,true,true,,0.051952,0.098579,240,blank;ok;ok;ok,/cpfs/user/zhuzihou/assets/dedup_workspaces/test0_transitive_apply_parallel/dataset/GRScenes_assets/door/6a3a5c8c482ca566fbcf59b65a15b1d6,/cpfs/user/zhuzihou/assets/dedup_workspaces/test0_transitive_apply_parallel/dataset/GRScenes_assets/door/6a3a5c8c482ca566fbcf59b65a15b1d6/usd/6a3a5c8c482ca566fbcf59b65a15b1d6.usd
door,6a3c62f42b8d762db7e35407d741a339,suspicious,object,1178772626593393082468659900175517483008.000000,225.711204,5222481667985357765609116342742417408.000000,true,true,,0.011711,0.027435,124,blank;ok;blank;blank,/cpfs/user/zhuzihou/assets/dedup_workspaces/test0_transitive_apply_parallel/dataset/GRScenes_assets/door/6a3c62f42b8d762db7e35407d741a339,/cpfs/user/zhuzihou/assets/dedup_workspaces/test0_transitive_apply_parallel/dataset/GRScenes_assets/door/6a3c62f42b8d762db7e35407d741a339/usd/6a3c62f42b8d762db7e35407d741a339.usd
door,6afa6a3493e29ed1635708a62356a344,tiny,object,1178772626593393082468659900175517483008.000000,282.509815,4172501505704976966304639135273451520.000000,true,true,,0.009510,0.012524,67,tiny;blank;blank;blank,/cpfs/user/zhuzihou/assets/dedup_workspaces/test0_transitive_apply_parallel/dataset/GRScenes_assets/door/6afa6a3493e29ed1635708a62356a344,/cpfs/user/zhuzihou/assets/dedup_workspaces/test0_transitive_apply_parallel/dataset/GRScenes_assets/door/6afa6a3493e29ed1635708a62356a344/usd/6afa6a3493e29ed1635708a62356a344.usd
door,6b6ecc4a651057a44dd4b51ea0560bf2,suspicious,object,1178772626593393082468659900175517483008.000000,228.336730,5162431050018893814721187164857565184.000000,true,true,,0.013145,0.016956,127,blank;ok;blank;blank,/cpfs/user/zhuzihou/assets/dedup_workspaces/test0_transitive_apply_parallel/dataset/GRScenes_assets/door/6b6ecc4a651057a44dd4b51ea0560bf2,/cpfs/user/zhuzihou/assets/dedup_workspaces/test0_transitive_apply_parallel/dataset/GRScenes_assets/door/6b6ecc4a651057a44dd4b51ea0560bf2/usd/6b6ecc4a651057a44dd4b51ea0560bf2.usd
door,6b7443a693c2f16c7f3d3879c854648c,suspicious,object,1178772626593393082468659900175517483008.000000,283.331576,4160399780499976732497846285786677248.000000,true,true,,0.024014,0.059166,165,blank;blank;ok;blank,/cpfs/user/zhuzihou/assets/dedup_workspaces/test0_transitive_apply_parallel/dataset/GRScenes_assets/door/6b7443a693c2f16c7f3d3879c854648c,/cpfs/user/zhuzihou/assets/dedup_workspaces/test0_transitive_apply_parallel/dataset/GRScenes_assets/door/6b7443a693c2f16c7f3d3879c854648c/usd/6b7443a693c2f16c7f3d3879c854648c.usd
door,6bd5f918180b6daea2ccb7ffab245661,tiny,object,1178772626593393082468659900175517483008.000000,233.481226,5048682704733595535496768726174269440.000000,true,true,,0.007637,0.011581,66,blank;blank;blank;tiny,/cpfs/user/zhuzihou/assets/dedup_workspaces/test0_transitive_apply_parallel/dataset/GRScenes_assets/door/6bd5f918180b6daea2ccb7ffab245661,/cpfs/user/zhuzihou/assets/dedup_workspaces/test0_transitive_apply_parallel/dataset/GRScenes_assets/door/6bd5f918180b6daea2ccb7ffab245661/usd/6bd5f918180b6daea2ccb7ffab245661.usd
door,713449e8535c98457cdff2d40abcaf99,suspicious,object,1178772626593393082468659900175517483008.000000,274.307171,4297272366185182971649124575756681216.000000,true,true,,0.020596,0.034180,140,ok;tiny;ok;ok,/cpfs/user/zhuzihou/assets/dedup_workspaces/test0_transitive_apply_parallel/dataset/GRScenes_assets/door/713449e8535c98457cdff2d40abcaf99,/cpfs/user/zhuzihou/assets/dedup_workspaces/test0_transitive_apply_parallel/dataset/GRScenes_assets/door/713449e8535c98457cdff2d40abcaf99/usd/713449e8535c98457cdff2d40abcaf99.usd
door,71d3e462df0b46dcc63a3c2e99d4f10c,suspicious,object,1178772626593393082468659900175517483008.000000,312.549029,3771480683666512305517175078888931328.000000,true,true,,0.032341,0.038223,167,blank;ok;blank;blank,/cpfs/user/zhuzihou/assets/dedup_workspaces/test0_transitive_apply_parallel/dataset/GRScenes_assets/door/71d3e462df0b46dcc63a3c2e99d4f10c,/cpfs/user/zhuzihou/assets/dedup_workspaces/test0_transitive_apply_parallel/dataset/GRScenes_assets/door/71d3e462df0b46dcc63a3c2e99d4f10c/usd/71d3e462df0b46dcc63a3c2e99d4f10c.usd
door,7228c946c46374b5defce67952a1fd7b,suspicious,object,1178772626593393082468659900175517483008.000000,248.730604,4739153956918187081875957748749828096.000000,true,true,,0.048740,0.077625,169,ok;tiny;ok;ok,/cpfs/user/zhuzihou/assets/dedup_workspaces/test0_transitive_apply_parallel/dataset/GRScenes_assets/door/7228c946c46374b5defce67952a1fd7b,/cpfs/user/zhuzihou/assets/dedup_workspaces/test0_transitive_apply_parallel/dataset/GRScenes_assets/door/7228c946c46374b5defce67952a1fd7b/usd/7228c946c46374b5defce67952a1fd7b.usd
door,763dec84fbb65dc6e41960df40120b83,suspicious,object,1178772626593393082468659900175517483008.000000,381.176761,3092456696353010591408937211265024000.000000,true,true,,0.016640,0.043282,186,tiny;blank;blank;ok,/cpfs/user/zhuzihou/assets/dedup_workspaces/test0_transitive_apply_parallel/dataset/GRScenes_assets/door/763dec84fbb65dc6e41960df40120b83,/cpfs/user/zhuzihou/assets/dedup_workspaces/test0_transitive_apply_parallel/dataset/GRScenes_assets/door/763dec84fbb65dc6e41960df40120b83/usd/763dec84fbb65dc6e41960df40120b83.usd
door,76d5cb18a90e106e24cfd1ae349094e6,suspicious,object,1178772626593393082468659900175517483008.000000,245.591871,4799721682611362635317125496258428928.000000,true,true,,0.054321,0.080711,153,ok;tiny;ok;ok,/cpfs/user/zhuzihou/assets/dedup_workspaces/test0_transitive_apply_parallel/dataset/GRScenes_assets/door/76d5cb18a90e106e24cfd1ae349094e6,/cpfs/user/zhuzihou/assets/dedup_workspaces/test0_transitive_apply_parallel/dataset/GRScenes_assets/door/76d5cb18a90e106e24cfd1ae349094e6/usd/76d5cb18a90e106e24cfd1ae349094e6.usd
door,78ce6e74d43290aedf7acb20cf8f9da6,suspicious,object,1178772626593393082468659900175517483008.000000,271.946098,4334581876609123634312295783803650048.000000,true,true,,0.027630,0.040054,210,ok;tiny;blank;blank,/cpfs/user/zhuzihou/assets/dedup_workspaces/test0_transitive_apply_parallel/dataset/GRScenes_assets/door/78ce6e74d43290aedf7acb20cf8f9da6,/cpfs/user/zhuzihou/assets/dedup_workspaces/test0_transitive_apply_parallel/dataset/GRScenes_assets/door/78ce6e74d43290aedf7acb20cf8f9da6/usd/78ce6e74d43290aedf7acb20cf8f9da6.usd
door,78d773e877a8161bed36f7d342389c63,suspicious,object,1178772626593393082468659900175517483008.000000,240.684187,4897590671053353998676605136940302336.000000,true,true,,0.021683,0.037346,110,tiny;ok;ok;tiny,/cpfs/user/zhuzihou/assets/dedup_workspaces/test0_transitive_apply_parallel/dataset/GRScenes_assets/door/78d773e877a8161bed36f7d342389c63,/cpfs/user/zhuzihou/assets/dedup_workspaces/test0_transitive_apply_parallel/dataset/GRScenes_assets/door/78d773e877a8161bed36f7d342389c63/usd/78d773e877a8161bed36f7d342389c63.usd
door,7985ec8c1545d56d8727b78f71be9e0c,suspicious,object,1178772626593393082468659900175517483008.000000,363.543817,3242449934753253325552385520239116288.000000,true,true,,0.029922,0.039139,108,tiny;ok;tiny;tiny,/cpfs/user/zhuzihou/assets/dedup_workspaces/test0_transitive_apply_parallel/dataset/GRScenes_assets/door/7985ec8c1545d56d8727b78f71be9e0c,/cpfs/user/zhuzihou/assets/dedup_workspaces/test0_transitive_apply_parallel/dataset/GRScenes_assets/door/7985ec8c1545d56d8727b78f71be9e0c/usd/7985ec8c1545d56d8727b78f71be9e0c.usd
door,79902a4d2389d9ae748416de873d068e,suspicious,object,1178772626593393082468659900175517483008.000000,373.263467,3158017674087189355452394895646392320.000000,true,true,,0.014584,0.020477,122,ok;blank;blank;blank,/cpfs/user/zhuzihou/assets/dedup_workspaces/test0_transitive_apply_parallel/dataset/GRScenes_assets/door/79902a4d2389d9ae748416de873d068e,/cpfs/user/zhuzihou/assets/dedup_workspaces/test0_transitive_apply_parallel/dataset/GRScenes_assets/door/79902a4d2389d9ae748416de873d068e/usd/79902a4d2389d9ae748416de873d068e.usd
door,7b00e0ac8a3ee7d3ddb5ee6ed1028c29,suspicious,object,1178772626593393082468659900175517483008.000000,337.098466,3496819905547090852840834460817555456.000000,true,true,,0.017128,0.056038,130,blank;blank;ok;blank,/cpfs/user/zhuzihou/assets/dedup_workspaces/test0_transitive_apply_parallel/dataset/GRScenes_assets/door/7b00e0ac8a3ee7d3ddb5ee6ed1028c29,/cpfs/user/zhuzihou/assets/dedup_workspaces/test0_transitive_apply_parallel/dataset/GRScenes_assets/door/7b00e0ac8a3ee7d3ddb5ee6ed1028c29/usd/7b00e0ac8a3ee7d3ddb5ee6ed1028c29.usd
door,7b46af01a13e3ca1723c1574556af337,tiny,object,1178772626593393082468659900175517483008.000000,251.923776,4679084460853739653973076238934212608.000000,true,true,,0.008488,0.011456,77,blank;blank;blank;tiny,/cpfs/user/zhuzihou/assets/dedup_workspaces/test0_transitive_apply_parallel/dataset/GRScenes_assets/door/7b46af01a13e3ca1723c1574556af337,/cpfs/user/zhuzihou/assets/dedup_workspaces/test0_transitive_apply_parallel/dataset/GRScenes_assets/door/7b46af01a13e3ca1723c1574556af337/usd/7b46af01a13e3ca1723c1574556af337.usd
door,7cbe0a6e731d2f4608b010735ca38c0c,suspicious,object,1178772626593393082468659900175517483008.000000,310.485308,3796548805918291926093806890041475072.000000,true,true,,0.014523,0.032845,123,blank;ok;blank;blank,/cpfs/user/zhuzihou/assets/dedup_workspaces/test0_transitive_apply_parallel/dataset/GRScenes_assets/door/7cbe0a6e731d2f4608b010735ca38c0c,/cpfs/user/zhuzihou/assets/dedup_workspaces/test0_transitive_apply_parallel/dataset/GRScenes_assets/door/7cbe0a6e731d2f4608b010735ca38c0c/usd/7cbe0a6e731d2f4608b010735ca38c0c.usd
door,7df0c3a4c44800c85a3dd1a935c49dd0,suspicious,object,1178772626593393082468659900175517483008.000000,240.051707,4910494664786051754078603038559305728.000000,true,true,,0.027546,0.033302,110,ok;ok;ok;tiny,/cpfs/user/zhuzihou/assets/dedup_workspaces/test0_transitive_apply_parallel/dataset/GRScenes_assets/door/7df0c3a4c44800c85a3dd1a935c49dd0,/cpfs/user/zhuzihou/assets/dedup_workspaces/test0_transitive_apply_parallel/dataset/GRScenes_assets/door/7df0c3a4c44800c85a3dd1a935c49dd0/usd/7df0c3a4c44800c85a3dd1a935c49dd0.usd
door,82de360c606461296ec7491d3111d0a0,suspicious,object,1178772626593393082468659900175517483008.000000,239.502065,4921763948100130111212653084774760448.000000,true,true,,0.033325,0.035225,162,tiny;ok;ok;tiny,/cpfs/user/zhuzihou/assets/dedup_workspaces/test0_transitive_apply_parallel/dataset/GRScenes_assets/door/82de360c606461296ec7491d3111d0a0,/cpfs/user/zhuzihou/assets/dedup_workspaces/test0_transitive_apply_parallel/dataset/GRScenes_assets/door/82de360c606461296ec7491d3111d0a0/usd/82de360c606461296ec7491d3111d0a0.usd
door,83288fc8cb39af463e2f2868d32c532a,suspicious,object,1178772626593393082468659900175517483008.000000,282.509781,4172502008586734849232655227069399040.000000,true,true,,0.019558,0.024567,92,ok;ok;blank;blank,/cpfs/user/zhuzihou/assets/dedup_workspaces/test0_transitive_apply_parallel/dataset/GRScenes_assets/door/83288fc8cb39af463e2f2868d32c532a,/cpfs/user/zhuzihou/assets/dedup_workspaces/test0_transitive_apply_parallel/dataset/GRScenes_assets/door/83288fc8cb39af463e2f2868d32c532a/usd/83288fc8cb39af463e2f2868d32c532a.usd
door,861558f327f413d560ca71e599bae64e,suspicious,object,1178772626593393082468659900175517483008.000000,276.772880,4258988909855683779128693563324366848.000000,true,true,,0.042103,0.045464,118,blank;blank;ok;blank,/cpfs/user/zhuzihou/assets/dedup_workspaces/test0_transitive_apply_parallel/dataset/GRScenes_assets/door/861558f327f413d560ca71e599bae64e,/cpfs/user/zhuzihou/assets/dedup_workspaces/test0_transitive_apply_parallel/dataset/GRScenes_assets/door/861558f327f413d560ca71e599bae64e/usd/861558f327f413d560ca71e599bae64e.usd
door,866ea6060036a50df21fc605b54c2749,suspicious,object,1178772626593393082468659900175517483008.000000,323.384641,3645110116820498673413673655799382016.000000,true,true,,0.020115,0.039253,147,tiny;tiny;ok;ok,/cpfs/user/zhuzihou/assets/dedup_workspaces/test0_transitive_apply_parallel/dataset/GRScenes_assets/door/866ea6060036a50df21fc605b54c2749,/cpfs/user/zhuzihou/assets/dedup_workspaces/test0_transitive_apply_parallel/dataset/GRScenes_assets/door/866ea6060036a50df21fc605b54c2749/usd/866ea6060036a50df21fc605b54c2749.usd
door,87f30f1e2c0394dd97fc075fcef73c72,suspicious,object,1178772626593393082468659900175517483008.000000,440.215169,2677719236299879242216974977601634304.000000,true,true,,0.020222,0.035381,175,blank;blank;blank;ok,/cpfs/user/zhuzihou/assets/dedup_workspaces/test0_transitive_apply_parallel/dataset/GRScenes_assets/door/87f30f1e2c0394dd97fc075fcef73c72,/cpfs/user/zhuzihou/assets/dedup_workspaces/test0_transitive_apply_parallel/dataset/GRScenes_assets/door/87f30f1e2c0394dd97fc075fcef73c72/usd/87f30f1e2c0394dd97fc075fcef73c72.usd
door,88ebdb259abd13b54ef4f193dd7a20c2,suspicious,object,1178772626593393082468659900175517483008.000000,240.886782,4893471600801093174826734475653677056.000000,true,true,,0.011143,0.026382,133,ok;tiny;tiny;tiny,/cpfs/user/zhuzihou/assets/dedup_workspaces/test0_transitive_apply_parallel/dataset/GRScenes_assets/door/88ebdb259abd13b54ef4f193dd7a20c2,/cpfs/user/zhuzihou/assets/dedup_workspaces/test0_transitive_apply_parallel/dataset/GRScenes_assets/door/88ebdb259abd13b54ef4f193dd7a20c2/usd/88ebdb259abd13b54ef4f193dd7a20c2.usd
door,89e2b58b950bb7bc12658a6ec3df8061,suspicious,object,1178772626593393082468659900175517483008.000000,289.376209,4073495296934173169531294178938454016.000000,true,true,,0.055550,0.062370,150,blank;blank;ok;blank,/cpfs/user/zhuzihou/assets/dedup_workspaces/test0_transitive_apply_parallel/dataset/GRScenes_assets/door/89e2b58b950bb7bc12658a6ec3df8061,/cpfs/user/zhuzihou/assets/dedup_workspaces/test0_transitive_apply_parallel/dataset/GRScenes_assets/door/89e2b58b950bb7bc12658a6ec3df8061/usd/89e2b58b950bb7bc12658a6ec3df8061.usd
door,8c361919bc21718d3941d31e8e4c4ee5,suspicious,object,1178772626593393082468659900175517483008.000000,427.920761,2754651639228602112603603476802437120.000000,true,true,,0.066837,0.075005,174,ok;blank;blank;blank,/cpfs/user/zhuzihou/assets/dedup_workspaces/test0_transitive_apply_parallel/dataset/GRScenes_assets/door/8c361919bc21718d3941d31e8e4c4ee5,/cpfs/user/zhuzihou/assets/dedup_workspaces/test0_transitive_apply_parallel/dataset/GRScenes_assets/door/8c361919bc21718d3941d31e8e4c4ee5/usd/8c361919bc21718d3941d31e8e4c4ee5.usd
door,8cec38ba15e4d3c3123028f4544b2210,suspicious,object,1178772626593393082468659900175517483008.000000,261.449580,4508604012145129663990147373292584960.000000,true,true,,0.022606,0.055447,153,blank;ok;blank;blank,/cpfs/user/zhuzihou/assets/dedup_workspaces/test0_transitive_apply_parallel/dataset/GRScenes_assets/door/8cec38ba15e4d3c3123028f4544b2210,/cpfs/user/zhuzihou/assets/dedup_workspaces/test0_transitive_apply_parallel/dataset/GRScenes_assets/door/8cec38ba15e4d3c3123028f4544b2210/usd/8cec38ba15e4d3c3123028f4544b2210.usd
door,8e517678b7fe3946723ab0b0904a624c,suspicious,object,1178772626593393082468659900175517483008.000000,345.093733,3415804210343287663305850551955095552.000000,true,true,,0.024067,0.043049,185,blank;blank;blank;ok,/cpfs/user/zhuzihou/assets/dedup_workspaces/test0_transitive_apply_parallel/dataset/GRScenes_assets/door/8e517678b7fe3946723ab0b0904a624c,/cpfs/user/zhuzihou/assets/dedup_workspaces/test0_transitive_apply_parallel/dataset/GRScenes_assets/door/8e517678b7fe3946723ab0b0904a624c/usd/8e517678b7fe3946723ab0b0904a624c.usd
door,8fdf31944cf32661abcdada514ef885f,suspicious,object,1178772626593393082468659900175517483008.000000,282.509778,4172502039984950923601510924187336704.000000,true,true,,0.023415,0.031738,159,ok;ok;blank;blank,/cpfs/user/zhuzihou/assets/dedup_workspaces/test0_transitive_apply_parallel/dataset/GRScenes_assets/door/8fdf31944cf32661abcdada514ef885f,/cpfs/user/zhuzihou/assets/dedup_workspaces/test0_transitive_apply_parallel/dataset/GRScenes_assets/door/8fdf31944cf32661abcdada514ef885f/usd/8fdf31944cf32661abcdada514ef885f.usd
door,95b81276e653a49c5550a1326fb064fc,suspicious,object,1178772626593393082468659900175517483008.000000,278.668434,4230018485595788005218785252805181440.000000,true,true,,0.040760,0.050880,129,ok;ok;ok;tiny,/cpfs/user/zhuzihou/assets/dedup_workspaces/test0_transitive_apply_parallel/dataset/GRScenes_assets/door/95b81276e653a49c5550a1326fb064fc,/cpfs/user/zhuzihou/assets/dedup_workspaces/test0_transitive_apply_parallel/dataset/GRScenes_assets/door/95b81276e653a49c5550a1326fb064fc/usd/95b81276e653a49c5550a1326fb064fc.usd
door,9737c07304b7548bd223e08f841b2c34,suspicious,object,1178772626593393082468659900175517483008.000000,349.878373,3369092565675885826193320011630641152.000000,true,true,,0.082333,0.092079,162,ok;blank;blank;blank,/cpfs/user/zhuzihou/assets/dedup_workspaces/test0_transitive_apply_parallel/dataset/GRScenes_assets/door/9737c07304b7548bd223e08f841b2c34,/cpfs/user/zhuzihou/assets/dedup_workspaces/test0_transitive_apply_parallel/dataset/GRScenes_assets/door/9737c07304b7548bd223e08f841b2c34/usd/9737c07304b7548bd223e08f841b2c34.usd
door,98b4ab82b9be98179d34926fa014fada,suspicious,object,1178772626593393082468659900175517483008.000000,256.913347,4588210921610303556371012491338055680.000000,true,true,,0.028503,0.032310,121,ok;tiny;tiny;tiny,/cpfs/user/zhuzihou/assets/dedup_workspaces/test0_transitive_apply_parallel/dataset/GRScenes_assets/door/98b4ab82b9be98179d34926fa014fada,/cpfs/user/zhuzihou/assets/dedup_workspaces/test0_transitive_apply_parallel/dataset/GRScenes_assets/door/98b4ab82b9be98179d34926fa014fada/usd/98b4ab82b9be98179d34926fa014fada.usd
door,991cf6f1dbbcb24e137e4c3eb10c2c78,suspicious,object,1178772626593393082468659900175517483008.000000,326.898586,3605927575756584347868686186547511296.000000,true,true,,0.057693,0.064964,131,ok;tiny;blank;blank,/cpfs/user/zhuzihou/assets/dedup_workspaces/test0_transitive_apply_parallel/dataset/GRScenes_assets/door/991cf6f1dbbcb24e137e4c3eb10c2c78,/cpfs/user/zhuzihou/assets/dedup_workspaces/test0_transitive_apply_parallel/dataset/GRScenes_assets/door/991cf6f1dbbcb24e137e4c3eb10c2c78/usd/991cf6f1dbbcb24e137e4c3eb10c2c78.usd
door,9d475a41093791e984cb3e1ec02b5b60,suspicious,object,1178772626593393082468659900175517483008.000000,256.860444,4589155909393587137766690554365607936.000000,true,true,,0.036545,0.040817,159,ok;tiny;ok;ok,/cpfs/user/zhuzihou/assets/dedup_workspaces/test0_transitive_apply_parallel/dataset/GRScenes_assets/door/9d475a41093791e984cb3e1ec02b5b60,/cpfs/user/zhuzihou/assets/dedup_workspaces/test0_transitive_apply_parallel/dataset/GRScenes_assets/door/9d475a41093791e984cb3e1ec02b5b60/usd/9d475a41093791e984cb3e1ec02b5b60.usd
door,a0c66b9cc4ff38c79f4fb9d7b25105a0,suspicious,object,1178772626593393082468659900175517483008.000000,272.313568,4328732621966797976865160346864713728.000000,true,true,,0.026871,0.038910,204,blank;blank;ok;blank,/cpfs/user/zhuzihou/assets/dedup_workspaces/test0_transitive_apply_parallel/dataset/GRScenes_assets/door/a0c66b9cc4ff38c79f4fb9d7b25105a0,/cpfs/user/zhuzihou/assets/dedup_workspaces/test0_transitive_apply_parallel/dataset/GRScenes_assets/door/a0c66b9cc4ff38c79f4fb9d7b25105a0/usd/a0c66b9cc4ff38c79f4fb9d7b25105a0.usd
door,a19798bc58e6cd201db3a63aa58fd616,suspicious,object,1178772626593393082468659900175517483008.000000,286.565847,4113444211584390403004549241537298432.000000,true,true,,0.054329,0.057220,150,ok;blank;blank;blank,/cpfs/user/zhuzihou/assets/dedup_workspaces/test0_transitive_apply_parallel/dataset/GRScenes_assets/door/a19798bc58e6cd201db3a63aa58fd616,/cpfs/user/zhuzihou/assets/dedup_workspaces/test0_transitive_apply_parallel/dataset/GRScenes_assets/door/a19798bc58e6cd201db3a63aa58fd616/usd/a19798bc58e6cd201db3a63aa58fd616.usd
door,a4c5d857e6cafa9dfcf32cab1a015dff,suspicious,object,1178772626593393082468659900175517483008.000000,245.775092,4796143559212993714483912045062258688.000000,true,true,,0.010174,0.015434,119,ok;blank;blank;blank,/cpfs/user/zhuzihou/assets/dedup_workspaces/test0_transitive_apply_parallel/dataset/GRScenes_assets/door/a4c5d857e6cafa9dfcf32cab1a015dff,/cpfs/user/zhuzihou/assets/dedup_workspaces/test0_transitive_apply_parallel/dataset/GRScenes_assets/door/a4c5d857e6cafa9dfcf32cab1a015dff/usd/a4c5d857e6cafa9dfcf32cab1a015dff.usd
door,a58442481504bbd4a96e95ac7c69a129,suspicious,object,1178772626593393082468659900175517483008.000000,306.941418,3840383079510576913519057908908687360.000000,true,true,,0.012569,0.024498,169,ok;blank;blank;blank,/cpfs/user/zhuzihou/assets/dedup_workspaces/test0_transitive_apply_parallel/dataset/GRScenes_assets/door/a58442481504bbd4a96e95ac7c69a129,/cpfs/user/zhuzihou/assets/dedup_workspaces/test0_transitive_apply_parallel/dataset/GRScenes_assets/door/a58442481504bbd4a96e95ac7c69a129/usd/a58442481504bbd4a96e95ac7c69a129.usd
door,a8206555830d974572ac758f3d449b3e,suspicious,object,1178772626593393082468659900175517483008.000000,260.464952,4525647759343395694731081676927008768.000000,true,true,,0.025528,0.029217,168,tiny;ok;ok;ok,/cpfs/user/zhuzihou/assets/dedup_workspaces/test0_transitive_apply_parallel/dataset/GRScenes_assets/door/a8206555830d974572ac758f3d449b3e,/cpfs/user/zhuzihou/assets/dedup_workspaces/test0_transitive_apply_parallel/dataset/GRScenes_assets/door/a8206555830d974572ac758f3d449b3e/usd/a8206555830d974572ac758f3d449b3e.usd
door,aa029a85dd34635a3af7cd3ef7e5378d,suspicious,object,1178772626593393082468659900175517483008.000000,242.637111,4858171198199734746617652948550811648.000000,true,true,,0.044449,0.059868,168,ok;tiny;ok;ok,/cpfs/user/zhuzihou/assets/dedup_workspaces/test0_transitive_apply_parallel/dataset/GRScenes_assets/door/aa029a85dd34635a3af7cd3ef7e5378d,/cpfs/user/zhuzihou/assets/dedup_workspaces/test0_transitive_apply_parallel/dataset/GRScenes_assets/door/aa029a85dd34635a3af7cd3ef7e5378d/usd/aa029a85dd34635a3af7cd3ef7e5378d.usd
door,abfc50e7374cb743b2817f4c82deee97,suspicious,object,1178772626593393082468659900175517483008.000000,276.965308,4256029872992568092174908499502825472.000000,true,true,,0.054306,0.080143,152,ok;tiny;ok;ok,/cpfs/user/zhuzihou/assets/dedup_workspaces/test0_transitive_apply_parallel/dataset/GRScenes_assets/door/abfc50e7374cb743b2817f4c82deee97,/cpfs/user/zhuzihou/assets/dedup_workspaces/test0_transitive_apply_parallel/dataset/GRScenes_assets/door/abfc50e7374cb743b2817f4c82deee97/usd/abfc50e7374cb743b2817f4c82deee97.usd
door,ad51fd906b342554ac3c5ff29f203d9b,suspicious,object,1178772626593393082468659900175517483008.000000,366.106078,3219757049829683532381757202447204352.000000,true,true,,0.036999,0.087555,230,ok;blank;ok;ok,/cpfs/user/zhuzihou/assets/dedup_workspaces/test0_transitive_apply_parallel/dataset/GRScenes_assets/door/ad51fd906b342554ac3c5ff29f203d9b,/cpfs/user/zhuzihou/assets/dedup_workspaces/test0_transitive_apply_parallel/dataset/GRScenes_assets/door/ad51fd906b342554ac3c5ff29f203d9b/usd/ad51fd906b342554ac3c5ff29f203d9b.usd
door,aed618a154b36fe211add5663236a110,suspicious,object,1178772626593393082468659900175517483008.000000,240.314725,4905120270970925705822859392054198272.000000,true,true,,0.013893,0.018883,110,ok;ok;ok;tiny,/cpfs/user/zhuzihou/assets/dedup_workspaces/test0_transitive_apply_parallel/dataset/GRScenes_assets/door/aed618a154b36fe211add5663236a110,/cpfs/user/zhuzihou/assets/dedup_workspaces/test0_transitive_apply_parallel/dataset/GRScenes_assets/door/aed618a154b36fe211add5663236a110/usd/aed618a154b36fe211add5663236a110.usd
door,b04b3b4394ff733993f21619e0a29a8e,suspicious,object,1178772626593393082468659900175517483008.000000,434.727912,2711518156069740830897752904055128064.000000,true,true,,0.092278,0.103317,183,blank;blank;ok;blank,/cpfs/user/zhuzihou/assets/dedup_workspaces/test0_transitive_apply_parallel/dataset/GRScenes_assets/door/b04b3b4394ff733993f21619e0a29a8e,/cpfs/user/zhuzihou/assets/dedup_workspaces/test0_transitive_apply_parallel/dataset/GRScenes_assets/door/b04b3b4394ff733993f21619e0a29a8e/usd/b04b3b4394ff733993f21619e0a29a8e.usd
door,b16b5205214f15c42aed50b3a329326e,tiny,object,1178772626593393082468659900175517483008.000000,317.072798,3717671880927810922725877637214896128.000000,true,true,,0.002148,0.006294,75,tiny;blank;blank;blank,/cpfs/user/zhuzihou/assets/dedup_workspaces/test0_transitive_apply_parallel/dataset/GRScenes_assets/door/b16b5205214f15c42aed50b3a329326e,/cpfs/user/zhuzihou/assets/dedup_workspaces/test0_transitive_apply_parallel/dataset/GRScenes_assets/door/b16b5205214f15c42aed50b3a329326e/usd/b16b5205214f15c42aed50b3a329326e.usd
door,b1bebc899534826b488772472258b6c0,suspicious,object,1178772626593393082468659900175517483008.000000,240.051703,4910494750215811286531811360303480832.000000,true,true,,0.035553,0.040855,140,ok;ok;ok;tiny,/cpfs/user/zhuzihou/assets/dedup_workspaces/test0_transitive_apply_parallel/dataset/GRScenes_assets/door/b1bebc899534826b488772472258b6c0,/cpfs/user/zhuzihou/assets/dedup_workspaces/test0_transitive_apply_parallel/dataset/GRScenes_assets/door/b1bebc899534826b488772472258b6c0/usd/b1bebc899534826b488772472258b6c0.usd
door,b4687a944670c0e79d9491a08f7eebf3,suspicious,object,1178772626593393082468659900175517483008.000000,261.129819,4514124934602120026547104009188016128.000000,true,true,,0.021591,0.041542,121,tiny;ok;blank;blank,/cpfs/user/zhuzihou/assets/dedup_workspaces/test0_transitive_apply_parallel/dataset/GRScenes_assets/door/b4687a944670c0e79d9491a08f7eebf3,/cpfs/user/zhuzihou/assets/dedup_workspaces/test0_transitive_apply_parallel/dataset/GRScenes_assets/door/b4687a944670c0e79d9491a08f7eebf3/usd/b4687a944670c0e79d9491a08f7eebf3.usd
door,b485442ae320e3f9821ffc9fc6f612e8,suspicious,object,1178772626593393082468659900175517483008.000000,263.008955,4481872594907799707410819425008353280.000000,true,true,,0.019508,0.038010,212,ok;tiny;blank;blank,/cpfs/user/zhuzihou/assets/dedup_workspaces/test0_transitive_apply_parallel/dataset/GRScenes_assets/door/b485442ae320e3f9821ffc9fc6f612e8,/cpfs/user/zhuzihou/assets/dedup_workspaces/test0_transitive_apply_parallel/dataset/GRScenes_assets/door/b485442ae320e3f9821ffc9fc6f612e8/usd/b485442ae320e3f9821ffc9fc6f612e8.usd
door,b61bff72e74797683da08d1be57fcd98,suspicious,object,1178772626593393082468659900175517483008.000000,228.799201,5151996255055006267023972297751920640.000000,true,true,,0.017300,0.053303,157,ok;ok;blank;blank,/cpfs/user/zhuzihou/assets/dedup_workspaces/test0_transitive_apply_parallel/dataset/GRScenes_assets/door/b61bff72e74797683da08d1be57fcd98,/cpfs/user/zhuzihou/assets/dedup_workspaces/test0_transitive_apply_parallel/dataset/GRScenes_assets/door/b61bff72e74797683da08d1be57fcd98/usd/b61bff72e74797683da08d1be57fcd98.usd
door,ba4b0ebcf6bddc5b3df23b65f8de4d39,suspicious,object,1178772626593393082468659900175517483008.000000,289.756944,4068142806664412316994421232211329024.000000,true,true,,0.058594,0.079651,227,ok;ok;blank;ok,/cpfs/user/zhuzihou/assets/dedup_workspaces/test0_transitive_apply_parallel/dataset/GRScenes_assets/door/ba4b0ebcf6bddc5b3df23b65f8de4d39,/cpfs/user/zhuzihou/assets/dedup_workspaces/test0_transitive_apply_parallel/dataset/GRScenes_assets/door/ba4b0ebcf6bddc5b3df23b65f8de4d39/usd/ba4b0ebcf6bddc5b3df23b65f8de4d39.usd
door,c13fc3c2db21ca9c26a1d910e2d6a405,suspicious,object,1178772626593393082468659900175517483008.000000,294.665572,4000374447422301297590795506517278720.000000,true,true,,0.012268,0.030632,146,blank;ok;blank;blank,/cpfs/user/zhuzihou/assets/dedup_workspaces/test0_transitive_apply_parallel/dataset/GRScenes_assets/door/c13fc3c2db21ca9c26a1d910e2d6a405,/cpfs/user/zhuzihou/assets/dedup_workspaces/test0_transitive_apply_parallel/dataset/GRScenes_assets/door/c13fc3c2db21ca9c26a1d910e2d6a405/usd/c13fc3c2db21ca9c26a1d910e2d6a405.usd
door,c1eff10a921be72fd54fd1cc54c41cff,suspicious,object,1178772626593393082468659900175517483008.000000,333.848232,3530863772676376359896589845256994816.000000,true,true,,0.051407,0.055874,151,ok;ok;ok;tiny,/cpfs/user/zhuzihou/assets/dedup_workspaces/test0_transitive_apply_parallel/dataset/GRScenes_assets/door/c1eff10a921be72fd54fd1cc54c41cff,/cpfs/user/zhuzihou/assets/dedup_workspaces/test0_transitive_apply_parallel/dataset/GRScenes_assets/door/c1eff10a921be72fd54fd1cc54c41cff/usd/c1eff10a921be72fd54fd1cc54c41cff.usd
door,c2a03c7fade4fd0cb2bad49f1abfd5a3,suspicious,object,1178772626593393082468659900175517483008.000000,329.683114,3575471650976153052553679985149214720.000000,true,true,,0.017403,0.066467,144,ok;blank;blank;blank,/cpfs/user/zhuzihou/assets/dedup_workspaces/test0_transitive_apply_parallel/dataset/GRScenes_assets/door/c2a03c7fade4fd0cb2bad49f1abfd5a3,/cpfs/user/zhuzihou/assets/dedup_workspaces/test0_transitive_apply_parallel/dataset/GRScenes_assets/door/c2a03c7fade4fd0cb2bad49f1abfd5a3/usd/c2a03c7fade4fd0cb2bad49f1abfd5a3.usd
door,c7d17ba4ef751eed553c6ec8aa84de0d,suspicious,object,1178772626593393082468659900175517483008.000000,324.463496,3632989969693501684858461397924708352.000000,true,true,,0.017891,0.075859,163,ok;blank;blank;blank,/cpfs/user/zhuzihou/assets/dedup_workspaces/test0_transitive_apply_parallel/dataset/GRScenes_assets/door/c7d17ba4ef751eed553c6ec8aa84de0d,/cpfs/user/zhuzihou/assets/dedup_workspaces/test0_transitive_apply_parallel/dataset/GRScenes_assets/door/c7d17ba4ef751eed553c6ec8aa84de0d/usd/c7d17ba4ef751eed553c6ec8aa84de0d.usd
door,caccfcf88c93964e0ef99451f0b7c36a,suspicious,object,1178772626593393082468659900175517483008.000000,256.961636,4587348700152392856244608405193359360.000000,true,true,,0.029430,0.032272,134,ok;ok;ok;tiny,/cpfs/user/zhuzihou/assets/dedup_workspaces/test0_transitive_apply_parallel/dataset/GRScenes_assets/door/caccfcf88c93964e0ef99451f0b7c36a,/cpfs/user/zhuzihou/assets/dedup_workspaces/test0_transitive_apply_parallel/dataset/GRScenes_assets/door/caccfcf88c93964e0ef99451f0b7c36a/usd/caccfcf88c93964e0ef99451f0b7c36a.usd
door,cae5ec2582a4c3d30e8f40d9d1d7f31d,suspicious,object,1178772626593393082468659900175517483008.000000,274.253311,4298116294732524812750214038986686464.000000,true,true,,0.029114,0.091766,194,blank;ok;ok;blank,/cpfs/user/zhuzihou/assets/dedup_workspaces/test0_transitive_apply_parallel/dataset/GRScenes_assets/door/cae5ec2582a4c3d30e8f40d9d1d7f31d,/cpfs/user/zhuzihou/assets/dedup_workspaces/test0_transitive_apply_parallel/dataset/GRScenes_assets/door/cae5ec2582a4c3d30e8f40d9d1d7f31d/usd/cae5ec2582a4c3d30e8f40d9d1d7f31d.usd
door,cb17d0bc37963bc149c36459dc42406e,suspicious,object,1178772626593393082468659900175517483008.000000,327.761312,3596436139233828492807457114704314368.000000,true,true,,0.045223,0.077305,193,ok;ok;blank;blank,/cpfs/user/zhuzihou/assets/dedup_workspaces/test0_transitive_apply_parallel/dataset/GRScenes_assets/door/cb17d0bc37963bc149c36459dc42406e,/cpfs/user/zhuzihou/assets/dedup_workspaces/test0_transitive_apply_parallel/dataset/GRScenes_assets/door/cb17d0bc37963bc149c36459dc42406e/usd/cb17d0bc37963bc149c36459dc42406e.usd
door,cbacdf8e1bc20257bace15f32fe1fc46,suspicious,object,1178772626593393082468659900175517483008.000000,411.822869,2862329207031819521568912032751681536.000000,true,true,,0.017651,0.053062,214,ok;blank;blank;ok,/cpfs/user/zhuzihou/assets/dedup_workspaces/test0_transitive_apply_parallel/dataset/GRScenes_assets/door/cbacdf8e1bc20257bace15f32fe1fc46,/cpfs/user/zhuzihou/assets/dedup_workspaces/test0_transitive_apply_parallel/dataset/GRScenes_assets/door/cbacdf8e1bc20257bace15f32fe1fc46/usd/cbacdf8e1bc20257bace15f32fe1fc46.usd
door,cd806e20565d6750ab1ce6593b5b97eb,suspicious,object,1178772626593393082468659900175517483008.000000,266.238012,4427514372909596034567494171279491072.000000,true,true,,0.008980,0.022568,118,ok;ok;blank;blank,/cpfs/user/zhuzihou/assets/dedup_workspaces/test0_transitive_apply_parallel/dataset/GRScenes_assets/door/cd806e20565d6750ab1ce6593b5b97eb,/cpfs/user/zhuzihou/assets/dedup_workspaces/test0_transitive_apply_parallel/dataset/GRScenes_assets/door/cd806e20565d6750ab1ce6593b5b97eb/usd/cd806e20565d6750ab1ce6593b5b97eb.usd
door,ce910fa4bd67c8a2e663fd1ec3f95b5e,suspicious,object,1178772626593393082468659900175517483008.000000,240.729337,4896672090342013139094145000909307904.000000,true,true,,0.043255,0.069214,152,ok;ok;ok;tiny,/cpfs/user/zhuzihou/assets/dedup_workspaces/test0_transitive_apply_parallel/dataset/GRScenes_assets/door/ce910fa4bd67c8a2e663fd1ec3f95b5e,/cpfs/user/zhuzihou/assets/dedup_workspaces/test0_transitive_apply_parallel/dataset/GRScenes_assets/door/ce910fa4bd67c8a2e663fd1ec3f95b5e/usd/ce910fa4bd67c8a2e663fd1ec3f95b5e.usd
door,cf3d08857d169c7d0f90a02562bdbf3f,suspicious,object,1178772626593393082468659900175517483008.000000,240.051693,4910494948339773340179069631826231296.000000,true,true,,0.046703,0.070274,162,ok;ok;ok;tiny,/cpfs/user/zhuzihou/assets/dedup_workspaces/test0_transitive_apply_parallel/dataset/GRScenes_assets/door/cf3d08857d169c7d0f90a02562bdbf3f,/cpfs/user/zhuzihou/assets/dedup_workspaces/test0_transitive_apply_parallel/dataset/GRScenes_assets/door/cf3d08857d169c7d0f90a02562bdbf3f/usd/cf3d08857d169c7d0f90a02562bdbf3f.usd
door,cf755e66f04c8cc57359b4c445ebeb74,suspicious,object,1178772626593393082468659900175517483008.000000,259.859467,4536192744686214840881544936474804224.000000,true,true,,0.019577,0.023048,143,tiny;ok;ok;tiny,/cpfs/user/zhuzihou/assets/dedup_workspaces/test0_transitive_apply_parallel/dataset/GRScenes_assets/door/cf755e66f04c8cc57359b4c445ebeb74,/cpfs/user/zhuzihou/assets/dedup_workspaces/test0_transitive_apply_parallel/dataset/GRScenes_assets/door/cf755e66f04c8cc57359b4c445ebeb74/usd/cf755e66f04c8cc57359b4c445ebeb74.usd
door,d3a61a241adb21bcad64d88913c249d0,suspicious,object,1178772626593393082468659900175517483008.000000,364.944470,3230005444522794365713528319687786496.000000,true,true,,0.017586,0.037109,152,ok;blank;blank;ok,/cpfs/user/zhuzihou/assets/dedup_workspaces/test0_transitive_apply_parallel/dataset/GRScenes_assets/door/d3a61a241adb21bcad64d88913c249d0,/cpfs/user/zhuzihou/assets/dedup_workspaces/test0_transitive_apply_parallel/dataset/GRScenes_assets/door/d3a61a241adb21bcad64d88913c249d0/usd/d3a61a241adb21bcad64d88913c249d0.usd
door,d6694d8ab82db9c94861565343a3290d,suspicious,object,1178772626593393082468659900175517483008.000000,237.047834,4972720522352843005850239075446947840.000000,true,true,,0.026497,0.035843,114,ok;ok;ok;tiny,/cpfs/user/zhuzihou/assets/dedup_workspaces/test0_transitive_apply_parallel/dataset/GRScenes_assets/door/d6694d8ab82db9c94861565343a3290d,/cpfs/user/zhuzihou/assets/dedup_workspaces/test0_transitive_apply_parallel/dataset/GRScenes_assets/door/d6694d8ab82db9c94861565343a3290d/usd/d6694d8ab82db9c94861565343a3290d.usd
door,d7c9fc9c593e628ac7053b01d5c0ecb2,suspicious,object,1178772626593393082468659900175517483008.000000,298.092350,3954387375373914410008091077992513536.000000,true,true,,0.042465,0.075943,179,ok;tiny;ok;ok,/cpfs/user/zhuzihou/assets/dedup_workspaces/test0_transitive_apply_parallel/dataset/GRScenes_assets/door/d7c9fc9c593e628ac7053b01d5c0ecb2,/cpfs/user/zhuzihou/assets/dedup_workspaces/test0_transitive_apply_parallel/dataset/GRScenes_assets/door/d7c9fc9c593e628ac7053b01d5c0ecb2/usd/d7c9fc9c593e628ac7053b01d5c0ecb2.usd
door,dbeb79ef8a7a558e28f6b6e528e1fb0b,suspicious,object,1178772626593393082468659900175517483008.000000,236.971358,4974325311677346579771603337238020096.000000,true,true,,0.009438,0.014740,138,blank;blank;ok;blank,/cpfs/user/zhuzihou/assets/dedup_workspaces/test0_transitive_apply_parallel/dataset/GRScenes_assets/door/dbeb79ef8a7a558e28f6b6e528e1fb0b,/cpfs/user/zhuzihou/assets/dedup_workspaces/test0_transitive_apply_parallel/dataset/GRScenes_assets/door/dbeb79ef8a7a558e28f6b6e528e1fb0b/usd/dbeb79ef8a7a558e28f6b6e528e1fb0b.usd
door,de75e5188c60c6eef2440984a28722c2,suspicious,object,1178772626593393082468659900175517483008.000000,264.258167,4460685691988484854119982084095213568.000000,true,true,,0.028564,0.050003,169,blank;ok;ok;blank,/cpfs/user/zhuzihou/assets/dedup_workspaces/test0_transitive_apply_parallel/dataset/GRScenes_assets/door/de75e5188c60c6eef2440984a28722c2,/cpfs/user/zhuzihou/assets/dedup_workspaces/test0_transitive_apply_parallel/dataset/GRScenes_assets/door/de75e5188c60c6eef2440984a28722c2/usd/de75e5188c60c6eef2440984a28722c2.usd
door,de84a12efff3ca993727c3d4b1f173c2,suspicious,object,1178772626593393082468659900175517483008.000000,347.327639,3393834796605864093361243752744615936.000000,true,true,,0.053730,0.058193,135,ok;blank;blank;blank,/cpfs/user/zhuzihou/assets/dedup_workspaces/test0_transitive_apply_parallel/dataset/GRScenes_assets/door/de84a12efff3ca993727c3d4b1f173c2,/cpfs/user/zhuzihou/assets/dedup_workspaces/test0_transitive_apply_parallel/dataset/GRScenes_assets/door/de84a12efff3ca993727c3d4b1f173c2/usd/de84a12efff3ca993727c3d4b1f173c2.usd
door,deb8b23a57e4b4736b0205556feafb28,suspicious,object,1178772626593393082468659900175517483008.000000,303.360235,3885718990302208803268580000730710016.000000,true,true,,0.027451,0.034927,109,ok;blank;blank;ok,/cpfs/user/zhuzihou/assets/dedup_workspaces/test0_transitive_apply_parallel/dataset/GRScenes_assets/door/deb8b23a57e4b4736b0205556feafb28,/cpfs/user/zhuzihou/assets/dedup_workspaces/test0_transitive_apply_parallel/dataset/GRScenes_assets/door/deb8b23a57e4b4736b0205556feafb28/usd/deb8b23a57e4b4736b0205556feafb28.usd
door,e0323472fc3ba395c94c2b7af5302e5e,suspicious,object,1178772626593393082468659900175517483008.000000,333.174392,3538004880264031995585972068662902784.000000,true,true,,0.013401,0.021317,127,blank;ok;blank;blank,/cpfs/user/zhuzihou/assets/dedup_workspaces/test0_transitive_apply_parallel/dataset/GRScenes_assets/door/e0323472fc3ba395c94c2b7af5302e5e,/cpfs/user/zhuzihou/assets/dedup_workspaces/test0_transitive_apply_parallel/dataset/GRScenes_assets/door/e0323472fc3ba395c94c2b7af5302e5e/usd/e0323472fc3ba395c94c2b7af5302e5e.usd
door,e121491bec0b83f68962c741d08c0215,suspicious,object,1178772626593393082468659900175517483008.000000,220.274833,5351372238487345670240923952449847296.000000,true,true,,0.040699,0.054623,157,ok;tiny;ok;ok,/cpfs/user/zhuzihou/assets/dedup_workspaces/test0_transitive_apply_parallel/dataset/GRScenes_assets/door/e121491bec0b83f68962c741d08c0215,/cpfs/user/zhuzihou/assets/dedup_workspaces/test0_transitive_apply_parallel/dataset/GRScenes_assets/door/e121491bec0b83f68962c741d08c0215/usd/e121491bec0b83f68962c741d08c0215.usd
door,e23c3e854c78ceafc91d27a396daa121,suspicious,object,1178772626593393082468659900175517483008.000000,274.973044,4286866126208436601185347249352212480.000000,true,true,,0.038925,0.042427,166,blank;tiny;ok;blank,/cpfs/user/zhuzihou/assets/dedup_workspaces/test0_transitive_apply_parallel/dataset/GRScenes_assets/door/e23c3e854c78ceafc91d27a396daa121,/cpfs/user/zhuzihou/assets/dedup_workspaces/test0_transitive_apply_parallel/dataset/GRScenes_assets/door/e23c3e854c78ceafc91d27a396daa121/usd/e23c3e854c78ceafc91d27a396daa121.usd
door,e26a77ccda7c88159059fae4023e4da8,suspicious,object,1178772626593393082468659900175517483008.000000,236.256665,4989373009138361476319029344509886464.000000,true,true,,0.008091,0.024319,125,tiny;tiny;ok;tiny,/cpfs/user/zhuzihou/assets/dedup_workspaces/test0_transitive_apply_parallel/dataset/GRScenes_assets/door/e26a77ccda7c88159059fae4023e4da8,/cpfs/user/zhuzihou/assets/dedup_workspaces/test0_transitive_apply_parallel/dataset/GRScenes_assets/door/e26a77ccda7c88159059fae4023e4da8/usd/e26a77ccda7c88159059fae4023e4da8.usd
door,e38c06df07622811c186160023082843,suspicious,object,1178772626593393082468659900175517483008.000000,339.977887,3467203817391431284689303701238579200.000000,true,true,,0.074371,0.088131,207,ok;ok;blank;ok,/cpfs/user/zhuzihou/assets/dedup_workspaces/test0_transitive_apply_parallel/dataset/GRScenes_assets/door/e38c06df07622811c186160023082843,/cpfs/user/zhuzihou/assets/dedup_workspaces/test0_transitive_apply_parallel/dataset/GRScenes_assets/door/e38c06df07622811c186160023082843/usd/e38c06df07622811c186160023082843.usd
door,e395f15c671937384e8e7da04fe95d9d,suspicious,object,1178772626593393082468659900175517483008.000000,329.523298,3577205720932025176878796145887805440.000000,true,true,,0.060955,0.147800,319,blank;ok;ok;ok,/cpfs/user/zhuzihou/assets/dedup_workspaces/test0_transitive_apply_parallel/dataset/GRScenes_assets/door/e395f15c671937384e8e7da04fe95d9d,/cpfs/user/zhuzihou/assets/dedup_workspaces/test0_transitive_apply_parallel/dataset/GRScenes_assets/door/e395f15c671937384e8e7da04fe95d9d/usd/e395f15c671937384e8e7da04fe95d9d.usd
door,e806b44dc58760f97b59f5414d8e9bd4,suspicious,object,1178772626593393082468659900175517483008.000000,409.729474,2876953460339558975327398265553420288.000000,true,true,,0.020397,0.063446,216,tiny;blank;ok;ok,/cpfs/user/zhuzihou/assets/dedup_workspaces/test0_transitive_apply_parallel/dataset/GRScenes_assets/door/e806b44dc58760f97b59f5414d8e9bd4,/cpfs/user/zhuzihou/assets/dedup_workspaces/test0_transitive_apply_parallel/dataset/GRScenes_assets/door/e806b44dc58760f97b59f5414d8e9bd4/usd/e806b44dc58760f97b59f5414d8e9bd4.usd
door,e90f1f1ba5b57514a04869d692d703df,suspicious,object,1178772626593393082468659900175517483008.000000,274.095923,4300584320190223308024067915205574656.000000,true,true,,0.020336,0.033821,143,blank;ok;blank;blank,/cpfs/user/zhuzihou/assets/dedup_workspaces/test0_transitive_apply_parallel/dataset/GRScenes_assets/door/e90f1f1ba5b57514a04869d692d703df,/cpfs/user/zhuzihou/assets/dedup_workspaces/test0_transitive_apply_parallel/dataset/GRScenes_assets/door/e90f1f1ba5b57514a04869d692d703df/usd/e90f1f1ba5b57514a04869d692d703df.usd
door,e9c38467eb4dc1d8f3f9610038379071,suspicious,object,1178772626593393082468659900175517483008.000000,240.684191,4897590586780084309003862166860726272.000000,true,true,,0.039829,0.046062,162,ok;ok;ok;tiny,/cpfs/user/zhuzihou/assets/dedup_workspaces/test0_transitive_apply_parallel/dataset/GRScenes_assets/door/e9c38467eb4dc1d8f3f9610038379071,/cpfs/user/zhuzihou/assets/dedup_workspaces/test0_transitive_apply_parallel/dataset/GRScenes_assets/door/e9c38467eb4dc1d8f3f9610038379071/usd/e9c38467eb4dc1d8f3f9610038379071.usd
door,ea8de76d8ae020bdb02e99a3a780b1dd,suspicious,object,1178772626593393082468659900175517483008.000000,246.820751,4775824653356394378034288126366580736.000000,true,true,,0.017410,0.050285,169,blank;blank;ok;blank,/cpfs/user/zhuzihou/assets/dedup_workspaces/test0_transitive_apply_parallel/dataset/GRScenes_assets/door/ea8de76d8ae020bdb02e99a3a780b1dd,/cpfs/user/zhuzihou/assets/dedup_workspaces/test0_transitive_apply_parallel/dataset/GRScenes_assets/door/ea8de76d8ae020bdb02e99a3a780b1dd/usd/ea8de76d8ae020bdb02e99a3a780b1dd.usd
door,ed0f8a9790cc735e26c54a7248a940ca,suspicious,object,1178772626593393082468659900175517483008.000000,235.453906,5006383834121584521406712915123240960.000000,true,true,,0.015640,0.016373,116,ok;tiny;tiny;tiny,/cpfs/user/zhuzihou/assets/dedup_workspaces/test0_transitive_apply_parallel/dataset/GRScenes_assets/door/ed0f8a9790cc735e26c54a7248a940ca,/cpfs/user/zhuzihou/assets/dedup_workspaces/test0_transitive_apply_parallel/dataset/GRScenes_assets/door/ed0f8a9790cc735e26c54a7248a940ca/usd/ed0f8a9790cc735e26c54a7248a940ca.usd
door,efea5da75262b0b4fecc3f02fe942d19,suspicious,object,1178772626593393082468659900175517483008.000000,239.437972,4923081407954291450597221166613528576.000000,true,true,,0.017616,0.018265,114,ok;tiny;tiny;tiny,/cpfs/user/zhuzihou/assets/dedup_workspaces/test0_transitive_apply_parallel/dataset/GRScenes_assets/door/efea5da75262b0b4fecc3f02fe942d19,/cpfs/user/zhuzihou/assets/dedup_workspaces/test0_transitive_apply_parallel/dataset/GRScenes_assets/door/efea5da75262b0b4fecc3f02fe942d19/usd/efea5da75262b0b4fecc3f02fe942d19.usd
door,f121b1d92c7f7f8c9d8e4887248309ed,suspicious,object,1178772626593393082468659900175517483008.000000,244.494753,4821259403187528075024304138547625984.000000,true,true,,0.008324,0.028027,93,ok;blank;blank;blank,/cpfs/user/zhuzihou/assets/dedup_workspaces/test0_transitive_apply_parallel/dataset/GRScenes_assets/door/f121b1d92c7f7f8c9d8e4887248309ed,/cpfs/user/zhuzihou/assets/dedup_workspaces/test0_transitive_apply_parallel/dataset/GRScenes_assets/door/f121b1d92c7f7f8c9d8e4887248309ed/usd/f121b1d92c7f7f8c9d8e4887248309ed.usd
door,f19b6d19e28b903e4653a546ab10ce5c,suspicious,object,1178772626593393082468659900175517483008.000000,401.774667,2933914764941155211614107994211483648.000000,true,true,,0.024879,0.057114,197,blank;ok;ok;blank,/cpfs/user/zhuzihou/assets/dedup_workspaces/test0_transitive_apply_parallel/dataset/GRScenes_assets/door/f19b6d19e28b903e4653a546ab10ce5c,/cpfs/user/zhuzihou/assets/dedup_workspaces/test0_transitive_apply_parallel/dataset/GRScenes_assets/door/f19b6d19e28b903e4653a546ab10ce5c/usd/f19b6d19e28b903e4653a546ab10ce5c.usd
door,f2c0a59a214519ea5b503db2bbc6e3ff,suspicious,object,1178772626593393082468659900175517483008.000000,291.301038,4046578867960737803285089630023581696.000000,true,true,,0.011646,0.016068,108,blank;blank;blank;ok,/cpfs/user/zhuzihou/assets/dedup_workspaces/test0_transitive_apply_parallel/dataset/GRScenes_assets/door/f2c0a59a214519ea5b503db2bbc6e3ff,/cpfs/user/zhuzihou/assets/dedup_workspaces/test0_transitive_apply_parallel/dataset/GRScenes_assets/door/f2c0a59a214519ea5b503db2bbc6e3ff/usd/f2c0a59a214519ea5b503db2bbc6e3ff.usd
door,f44c8a887a0ac753af77fb4b6302c6c2,suspicious,object,1178772626593393082468659900175517483008.000000,388.323110,3035545902604961655299225545923887104.000000,true,true,,0.073154,0.080078,164,blank;blank;ok;blank,/cpfs/user/zhuzihou/assets/dedup_workspaces/test0_transitive_apply_parallel/dataset/GRScenes_assets/door/f44c8a887a0ac753af77fb4b6302c6c2,/cpfs/user/zhuzihou/assets/dedup_workspaces/test0_transitive_apply_parallel/dataset/GRScenes_assets/door/f44c8a887a0ac753af77fb4b6302c6c2/usd/f44c8a887a0ac753af77fb4b6302c6c2.usd
door,f74d2763c278e90fdc80943313f2baef,suspicious,object,1178772626593393082468659900175517483008.000000,257.913962,4570410295569177089111984929392033792.000000,true,true,,0.015453,0.017078,121,ok;blank;blank;blank,/cpfs/user/zhuzihou/assets/dedup_workspaces/test0_transitive_apply_parallel/dataset/GRScenes_assets/door/f74d2763c278e90fdc80943313f2baef,/cpfs/user/zhuzihou/assets/dedup_workspaces/test0_transitive_apply_parallel/dataset/GRScenes_assets/door/f74d2763c278e90fdc80943313f2baef/usd/f74d2763c278e90fdc80943313f2baef.usd
door,f801fd8210b6526fe4de8b6a58dc6a91,suspicious,object,1178772626593393082468659900175517483008.000000,288.781349,4081886282079206931284720586248421376.000000,true,true,,0.012455,0.027546,87,blank;ok;blank;blank,/cpfs/user/zhuzihou/assets/dedup_workspaces/test0_transitive_apply_parallel/dataset/GRScenes_assets/door/f801fd8210b6526fe4de8b6a58dc6a91,/cpfs/user/zhuzihou/assets/dedup_workspaces/test0_transitive_apply_parallel/dataset/GRScenes_assets/door/f801fd8210b6526fe4de8b6a58dc6a91/usd/f801fd8210b6526fe4de8b6a58dc6a91.usd
door,f8ba0976e3387c7e8332ce461e44b50e,suspicious,object,1178772626593393082468659900175517483008.000000,286.235692,4118188814412045164693745815844290560.000000,true,true,,0.017796,0.030075,146,blank;blank;blank;ok,/cpfs/user/zhuzihou/assets/dedup_workspaces/test0_transitive_apply_parallel/dataset/GRScenes_assets/door/f8ba0976e3387c7e8332ce461e44b50e,/cpfs/user/zhuzihou/assets/dedup_workspaces/test0_transitive_apply_parallel/dataset/GRScenes_assets/door/f8ba0976e3387c7e8332ce461e44b50e/usd/f8ba0976e3387c7e8332ce461e44b50e.usd
door,fa08a6644d80eeb0f65bc13cd12310ba,suspicious,object,1178772626593393082468659900175517483008.000000,295.804983,3984965416685819239285454983095386112.000000,true,true,,0.021690,0.023430,110,ok;ok;ok;tiny,/cpfs/user/zhuzihou/assets/dedup_workspaces/test0_transitive_apply_parallel/dataset/GRScenes_assets/door/fa08a6644d80eeb0f65bc13cd12310ba,/cpfs/user/zhuzihou/assets/dedup_workspaces/test0_transitive_apply_parallel/dataset/GRScenes_assets/door/fa08a6644d80eeb0f65bc13cd12310ba/usd/fa08a6644d80eeb0f65bc13cd12310ba.usd
door,fa9aff7979cc1504395544b645b80f05,suspicious,object,1178772626593393082468659900175517483008.000000,286.394796,4115900990609531724055063961654001664.000000,true,true,,0.072536,0.080063,198,blank;ok;ok;blank,/cpfs/user/zhuzihou/assets/dedup_workspaces/test0_transitive_apply_parallel/dataset/GRScenes_assets/door/fa9aff7979cc1504395544b645b80f05,/cpfs/user/zhuzihou/assets/dedup_workspaces/test0_transitive_apply_parallel/dataset/GRScenes_assets/door/fa9aff7979cc1504395544b645b80f05/usd/fa9aff7979cc1504395544b645b80f05.usd
door,fae0fbacfc3a40eaa06b5b4fc85b17e8,suspicious,object,1178772626593393082468659900175517483008.000000,271.213162,4346295802069066982636048001343160320.000000,true,true,,0.025536,0.079605,188,ok;blank;blank;blank,/cpfs/user/zhuzihou/assets/dedup_workspaces/test0_transitive_apply_parallel/dataset/GRScenes_assets/door/fae0fbacfc3a40eaa06b5b4fc85b17e8,/cpfs/user/zhuzihou/assets/dedup_workspaces/test0_transitive_apply_parallel/dataset/GRScenes_assets/door/fae0fbacfc3a40eaa06b5b4fc85b17e8/usd/fae0fbacfc3a40eaa06b5b4fc85b17e8.usd
door,fca2d6cabe2b3e1e8fa73a99416cdc3f,suspicious,object,1178772626593393082468659900175517483008.000000,267.298185,4409953728121521666928835697718591488.000000,true,true,,0.017281,0.017830,123,tiny;tiny;ok;tiny,/cpfs/user/zhuzihou/assets/dedup_workspaces/test0_transitive_apply_parallel/dataset/GRScenes_assets/door/fca2d6cabe2b3e1e8fa73a99416cdc3f,/cpfs/user/zhuzihou/assets/dedup_workspaces/test0_transitive_apply_parallel/dataset/GRScenes_assets/door/fca2d6cabe2b3e1e8fa73a99416cdc3f/usd/fca2d6cabe2b3e1e8fa73a99416cdc3f.usd
door,ff304656bc3734b7b1d4c766bfdf7363,suspicious,object,1178772626593393082468659900175517483008.000000,245.824913,4795171532135885445654426033609244672.000000,true,true,,0.013046,0.042801,132,ok;blank;blank;blank,/cpfs/user/zhuzihou/assets/dedup_workspaces/test0_transitive_apply_parallel/dataset/GRScenes_assets/door/ff304656bc3734b7b1d4c766bfdf7363,/cpfs/user/zhuzihou/assets/dedup_workspaces/test0_transitive_apply_parallel/dataset/GRScenes_assets/door/ff304656bc3734b7b1d4c766bfdf7363/usd/ff304656bc3734b7b1d4c766bfdf7363.usd
door,ff9ae9c6631091993e013e0989b26055,suspicious,object,1178772626593393082468659900175517483008.000000,237.432120,4964672116968184706623866618974830592.000000,true,true,,0.005367,0.014133,95,tiny;tiny;ok;tiny,/cpfs/user/zhuzihou/assets/dedup_workspaces/test0_transitive_apply_parallel/dataset/GRScenes_assets/door/ff9ae9c6631091993e013e0989b26055,/cpfs/user/zhuzihou/assets/dedup_workspaces/test0_transitive_apply_parallel/dataset/GRScenes_assets/door/ff9ae9c6631091993e013e0989b26055/usd/ff9ae9c6631091993e013e0989b26055.usd
electric_cooker,0fde6f03f044c733aff89e8cdedac4f3,tiny,object,457.126051,46.292444,9.874744,true,true,,0.002701,0.003311,31,tiny;tiny;tiny;tiny,/cpfs/user/zhuzihou/assets/dedup_workspaces/test0_transitive_apply_parallel/dataset/GRScenes_assets/electric_cooker/0fde6f03f044c733aff89e8cdedac4f3,/cpfs/user/zhuzihou/assets/dedup_workspaces/test0_transitive_apply_parallel/dataset/GRScenes_assets/electric_cooker/0fde6f03f044c733aff89e8cdedac4f3/usd/0fde6f03f044c733aff89e8cdedac4f3.usd
electric_cooker,124d5fee27bcbf7536e325ea64691248,tiny,object,427.267298,47.193857,9.053452,true,true,,0.004463,0.004807,42,tiny;tiny;tiny;tiny,/cpfs/user/zhuzihou/assets/dedup_workspaces/test0_transitive_apply_parallel/dataset/GRScenes_assets/electric_cooker/124d5fee27bcbf7536e325ea64691248,/cpfs/user/zhuzihou/assets/dedup_workspaces/test0_transitive_apply_parallel/dataset/GRScenes_assets/electric_cooker/124d5fee27bcbf7536e325ea64691248/usd/124d5fee27bcbf7536e325ea64691248.usd
electric_cooker,1795056b86d878a51e73b658c7dc711b,tiny,object,642.323811,53.401017,12.028307,true,true,,0.002125,0.002670,28,tiny;tiny;tiny;tiny,/cpfs/user/zhuzihou/assets/dedup_workspaces/test0_transitive_apply_parallel/dataset/GRScenes_assets/electric_cooker/1795056b86d878a51e73b658c7dc711b,/cpfs/user/zhuzihou/assets/dedup_workspaces/test0_transitive_apply_parallel/dataset/GRScenes_assets/electric_cooker/1795056b86d878a51e73b658c7dc711b/usd/1795056b86d878a51e73b658c7dc711b.usd
electric_cooker,1dcd8e6a937b8cae32fc8c0cc1a30bf5,blank,object,22427.754118,60.674133,369.642762,true,true,,0.000015,0.000015,2,blank;blank;blank;blank,/cpfs/user/zhuzihou/assets/dedup_workspaces/test0_transitive_apply_parallel/dataset/GRScenes_assets/electric_cooker/1dcd8e6a937b8cae32fc8c0cc1a30bf5,/cpfs/user/zhuzihou/assets/dedup_workspaces/test0_transitive_apply_parallel/dataset/GRScenes_assets/electric_cooker/1dcd8e6a937b8cae32fc8c0cc1a30bf5/usd/1dcd8e6a937b8cae32fc8c0cc1a30bf5.usd
electric_cooker,2186c413309e0e3c8a9c59c3667b44c0,tiny,object,500.858050,50.080619,10.001035,true,true,,0.003101,0.003761,34,tiny;tiny;tiny;tiny,/cpfs/user/zhuzihou/assets/dedup_workspaces/test0_transitive_apply_parallel/dataset/GRScenes_assets/electric_cooker/2186c413309e0e3c8a9c59c3667b44c0,/cpfs/user/zhuzihou/assets/dedup_workspaces/test0_transitive_apply_parallel/dataset/GRScenes_assets/electric_cooker/2186c413309e0e3c8a9c59c3667b44c0/usd/2186c413309e0e3c8a9c59c3667b44c0.usd
electric_cooker,2865106d888e5fb31432f4d68e036071,blank,object,224501.284652,58.034306,3868.423697,true,true,,0.000000,0.000000,0,blank;blank;blank;blank,/cpfs/user/zhuzihou/assets/dedup_workspaces/test0_transitive_apply_parallel/dataset/GRScenes_assets/electric_cooker/2865106d888e5fb31432f4d68e036071,/cpfs/user/zhuzihou/assets/dedup_workspaces/test0_transitive_apply_parallel/dataset/GRScenes_assets/electric_cooker/2865106d888e5fb31432f4d68e036071/usd/2865106d888e5fb31432f4d68e036071.usd
electric_cooker,2cae0e008b06a7b917c078d54a8244f1,tiny,object,594.422592,61.093769,9.729676,true,true,,0.003357,0.003662,34,tiny;tiny;tiny;tiny,/cpfs/user/zhuzihou/assets/dedup_workspaces/test0_transitive_apply_parallel/dataset/GRScenes_assets/electric_cooker/2cae0e008b06a7b917c078d54a8244f1,/cpfs/user/zhuzihou/assets/dedup_workspaces/test0_transitive_apply_parallel/dataset/GRScenes_assets/electric_cooker/2cae0e008b06a7b917c078d54a8244f1/usd/2cae0e008b06a7b917c078d54a8244f1.usd
electric_cooker,4117c91296f2e2ebcf73e541868a3e5a,tiny,object,426.680445,57.732583,7.390635,true,true,,0.005733,0.006546,44,tiny;tiny;tiny;tiny,/cpfs/user/zhuzihou/assets/dedup_workspaces/test0_transitive_apply_parallel/dataset/GRScenes_assets/electric_cooker/4117c91296f2e2ebcf73e541868a3e5a,/cpfs/user/zhuzihou/assets/dedup_workspaces/test0_transitive_apply_parallel/dataset/GRScenes_assets/electric_cooker/4117c91296f2e2ebcf73e541868a3e5a/usd/4117c91296f2e2ebcf73e541868a3e5a.usd
electric_cooker,441837a19229a98d827c1df74b3f0207,blank,object,9976.174203,63.652400,156.728955,true,true,,0.000031,0.000046,4,blank;blank;blank;blank,/cpfs/user/zhuzihou/assets/dedup_workspaces/test0_transitive_apply_parallel/dataset/GRScenes_assets/electric_cooker/441837a19229a98d827c1df74b3f0207,/cpfs/user/zhuzihou/assets/dedup_workspaces/test0_transitive_apply_parallel/dataset/GRScenes_assets/electric_cooker/441837a19229a98d827c1df74b3f0207/usd/441837a19229a98d827c1df74b3f0207.usd
electric_cooker,5fd27ac0bfb04a6bd7d434d795b93b6b,tiny,object,628.502349,53.430552,11.762977,true,true,,0.002041,0.002457,28,tiny;tiny;tiny;tiny,/cpfs/user/zhuzihou/assets/dedup_workspaces/test0_transitive_apply_parallel/dataset/GRScenes_assets/electric_cooker/5fd27ac0bfb04a6bd7d434d795b93b6b,/cpfs/user/zhuzihou/assets/dedup_workspaces/test0_transitive_apply_parallel/dataset/GRScenes_assets/electric_cooker/5fd27ac0bfb04a6bd7d434d795b93b6b/usd/5fd27ac0bfb04a6bd7d434d795b93b6b.usd
electric_cooker,7d40ec8d4113e37667fb16489275b306,tiny,object,717.540317,65.040440,11.032218,true,true,,0.002792,0.003429,31,tiny;tiny;tiny;tiny,/cpfs/user/zhuzihou/assets/dedup_workspaces/test0_transitive_apply_parallel/dataset/GRScenes_assets/electric_cooker/7d40ec8d4113e37667fb16489275b306,/cpfs/user/zhuzihou/assets/dedup_workspaces/test0_transitive_apply_parallel/dataset/GRScenes_assets/electric_cooker/7d40ec8d4113e37667fb16489275b306/usd/7d40ec8d4113e37667fb16489275b306.usd
electric_cooker,7e3a193ebd67608819a5b8a554f4301e,blank,object,9976.174112,49.764447,200.467900,true,true,,0.000023,0.000023,3,blank;blank;blank;blank,/cpfs/user/zhuzihou/assets/dedup_workspaces/test0_transitive_apply_parallel/dataset/GRScenes_assets/electric_cooker/7e3a193ebd67608819a5b8a554f4301e,/cpfs/user/zhuzihou/assets/dedup_workspaces/test0_transitive_apply_parallel/dataset/GRScenes_assets/electric_cooker/7e3a193ebd67608819a5b8a554f4301e/usd/7e3a193ebd67608819a5b8a554f4301e.usd
electric_cooker,886e942845cbadde4dff565815693f0d,blank,object,224277.541183,60.674758,3696.389573,true,true,,0.000000,0.000000,0,blank;blank;blank;blank,/cpfs/user/zhuzihou/assets/dedup_workspaces/test0_transitive_apply_parallel/dataset/GRScenes_assets/electric_cooker/886e942845cbadde4dff565815693f0d,/cpfs/user/zhuzihou/assets/dedup_workspaces/test0_transitive_apply_parallel/dataset/GRScenes_assets/electric_cooker/886e942845cbadde4dff565815693f0d/usd/886e942845cbadde4dff565815693f0d.usd
electric_cooker,91e1b27eb16b3bfd29087ee24d3a1bb1,blank,object,224277.541183,60.674758,3696.389573,true,true,,0.000000,0.000000,0,blank;blank;blank;blank,/cpfs/user/zhuzihou/assets/dedup_workspaces/test0_transitive_apply_parallel/dataset/GRScenes_assets/electric_cooker/91e1b27eb16b3bfd29087ee24d3a1bb1,/cpfs/user/zhuzihou/assets/dedup_workspaces/test0_transitive_apply_parallel/dataset/GRScenes_assets/electric_cooker/91e1b27eb16b3bfd29087ee24d3a1bb1/usd/91e1b27eb16b3bfd29087ee24d3a1bb1.usd
electric_cooker,a3024d64c7757538417b7415a1c3f736,blank,object,99761.742033,63.652399,1567.289596,true,true,,0.000000,0.000000,0,blank;blank;blank;blank,/cpfs/user/zhuzihou/assets/dedup_workspaces/test0_transitive_apply_parallel/dataset/GRScenes_assets/electric_cooker/a3024d64c7757538417b7415a1c3f736,/cpfs/user/zhuzihou/assets/dedup_workspaces/test0_transitive_apply_parallel/dataset/GRScenes_assets/electric_cooker/a3024d64c7757538417b7415a1c3f736/usd/a3024d64c7757538417b7415a1c3f736.usd
electric_cooker,c1ba505c1eda67a852f47b43e1687814,tiny,object,432.211585,44.150785,9.789443,true,true,,0.003178,0.003777,33,tiny;tiny;tiny;tiny,/cpfs/user/zhuzihou/assets/dedup_workspaces/test0_transitive_apply_parallel/dataset/GRScenes_assets/electric_cooker/c1ba505c1eda67a852f47b43e1687814,/cpfs/user/zhuzihou/assets/dedup_workspaces/test0_transitive_apply_parallel/dataset/GRScenes_assets/electric_cooker/c1ba505c1eda67a852f47b43e1687814/usd/c1ba505c1eda67a852f47b43e1687814.usd
electric_cooker,dd82fa19f27b439973af6c2ca774cc1a,tiny,object,559.539566,56.728481,9.863468,true,true,,0.002857,0.003525,36,tiny;tiny;tiny;tiny,/cpfs/user/zhuzihou/assets/dedup_workspaces/test0_transitive_apply_parallel/dataset/GRScenes_assets/electric_cooker/dd82fa19f27b439973af6c2ca774cc1a,/cpfs/user/zhuzihou/assets/dedup_workspaces/test0_transitive_apply_parallel/dataset/GRScenes_assets/electric_cooker/dd82fa19f27b439973af6c2ca774cc1a/usd/dd82fa19f27b439973af6c2ca774cc1a.usd
faucet,00abf96711c771f0ef294fca39a92ca2,blank,object,442.907915,44.290790,10.000000,true,true,,0.000950,0.003296,36,blank;blank;blank;blank,/cpfs/user/zhuzihou/assets/dedup_workspaces/test0_transitive_apply_parallel/dataset/GRScenes_assets/faucet/00abf96711c771f0ef294fca39a92ca2,/cpfs/user/zhuzihou/assets/dedup_workspaces/test0_transitive_apply_parallel/dataset/GRScenes_assets/faucet/00abf96711c771f0ef294fca39a92ca2/usd/00abf96711c771f0ef294fca39a92ca2.usd
faucet,015a3ae5a854e3013c18c65bb8f2210a,tiny,object,257.550984,30.814398,8.358138,true,true,,0.002525,0.005707,44,tiny;tiny;tiny;tiny,/cpfs/user/zhuzihou/assets/dedup_workspaces/test0_transitive_apply_parallel/dataset/GRScenes_assets/faucet/015a3ae5a854e3013c18c65bb8f2210a,/cpfs/user/zhuzihou/assets/dedup_workspaces/test0_transitive_apply_parallel/dataset/GRScenes_assets/faucet/015a3ae5a854e3013c18c65bb8f2210a/usd/015a3ae5a854e3013c18c65bb8f2210a.usd
faucet,02bb71e6e8c5651001634d70e220557b,blank,object,390.796636,36.565175,10.687673,true,true,,0.000927,0.002403,30,blank;blank;blank;blank,/cpfs/user/zhuzihou/assets/dedup_workspaces/test0_transitive_apply_parallel/dataset/GRScenes_assets/faucet/02bb71e6e8c5651001634d70e220557b,/cpfs/user/zhuzihou/assets/dedup_workspaces/test0_transitive_apply_parallel/dataset/GRScenes_assets/faucet/02bb71e6e8c5651001634d70e220557b/usd/02bb71e6e8c5651001634d70e220557b.usd
faucet,09b7ff3b78797b3b682929d4c2256977,tiny,object,168.082463,19.442002,8.645327,true,true,,0.002884,0.005356,48,tiny;tiny;tiny;tiny,/cpfs/user/zhuzihou/assets/dedup_workspaces/test0_transitive_apply_parallel/dataset/GRScenes_assets/faucet/09b7ff3b78797b3b682929d4c2256977,/cpfs/user/zhuzihou/assets/dedup_workspaces/test0_transitive_apply_parallel/dataset/GRScenes_assets/faucet/09b7ff3b78797b3b682929d4c2256977/usd/09b7ff3b78797b3b682929d4c2256977.usd
faucet,0b220f2218911d07612024e533172eb8,tiny,object,379.203577,37.920357,10.000000,true,true,,0.001167,0.002937,35,tiny;tiny;blank;blank,/cpfs/user/zhuzihou/assets/dedup_workspaces/test0_transitive_apply_parallel/dataset/GRScenes_assets/faucet/0b220f2218911d07612024e533172eb8,/cpfs/user/zhuzihou/assets/dedup_workspaces/test0_transitive_apply_parallel/dataset/GRScenes_assets/faucet/0b220f2218911d07612024e533172eb8/usd/0b220f2218911d07612024e533172eb8.usd
faucet,0c07cb57b5ae2cb9df5b889885dbf6b6,tiny,object,338.661563,33.900519,9.989864,true,true,,0.001545,0.003159,36,tiny;tiny;tiny;tiny,/cpfs/user/zhuzihou/assets/dedup_workspaces/test0_transitive_apply_parallel/dataset/GRScenes_assets/faucet/0c07cb57b5ae2cb9df5b889885dbf6b6,/cpfs/user/zhuzihou/assets/dedup_workspaces/test0_transitive_apply_parallel/dataset/GRScenes_assets/faucet/0c07cb57b5ae2cb9df5b889885dbf6b6/usd/0c07cb57b5ae2cb9df5b889885dbf6b6.usd
faucet,114fd6fadcbfb1d4b6eb683d55a24844,tiny,object,281.541118,30.846830,9.127068,true,true,,0.001629,0.004139,36,tiny;tiny;tiny;tiny,/cpfs/user/zhuzihou/assets/dedup_workspaces/test0_transitive_apply_parallel/dataset/GRScenes_assets/faucet/114fd6fadcbfb1d4b6eb683d55a24844,/cpfs/user/zhuzihou/assets/dedup_workspaces/test0_transitive_apply_parallel/dataset/GRScenes_assets/faucet/114fd6fadcbfb1d4b6eb683d55a24844/usd/114fd6fadcbfb1d4b6eb683d55a24844.usd
faucet,11737ed8868bcc22ffde0806daaea074,tiny,object,201.827363,22.470781,8.981769,true,true,,0.002808,0.005493,40,tiny;tiny;tiny;tiny,/cpfs/user/zhuzihou/assets/dedup_workspaces/test0_transitive_apply_parallel/dataset/GRScenes_assets/faucet/11737ed8868bcc22ffde0806daaea074,/cpfs/user/zhuzihou/assets/dedup_workspaces/test0_transitive_apply_parallel/dataset/GRScenes_assets/faucet/11737ed8868bcc22ffde0806daaea074/usd/11737ed8868bcc22ffde0806daaea074.usd
faucet,11a45dbb942a6614ba89f65af7836270,tiny,object,244.147794,24.414780,10.000000,true,true,,0.002579,0.004658,37,tiny;tiny;tiny;tiny,/cpfs/user/zhuzihou/assets/dedup_workspaces/test0_transitive_apply_parallel/dataset/GRScenes_assets/faucet/11a45dbb942a6614ba89f65af7836270,/cpfs/user/zhuzihou/assets/dedup_workspaces/test0_transitive_apply_parallel/dataset/GRScenes_assets/faucet/11a45dbb942a6614ba89f65af7836270/usd/11a45dbb942a6614ba89f65af7836270.usd
faucet,13d96fea497b16ee6db1ebc6e2002a0a,tiny,object,207.725877,25.614520,8.109692,true,true,,0.002434,0.004868,44,tiny;tiny;tiny;tiny,/cpfs/user/zhuzihou/assets/dedup_workspaces/test0_transitive_apply_parallel/dataset/GRScenes_assets/faucet/13d96fea497b16ee6db1ebc6e2002a0a,/cpfs/user/zhuzihou/assets/dedup_workspaces/test0_transitive_apply_parallel/dataset/GRScenes_assets/faucet/13d96fea497b16ee6db1ebc6e2002a0a/usd/13d96fea497b16ee6db1ebc6e2002a0a.usd
faucet,16c00a71016c7056ff3dce1c4b41a0df,tiny,object,219.471518,24.798451,8.850211,true,true,,0.002205,0.004532,44,tiny;tiny;tiny;tiny,/cpfs/user/zhuzihou/assets/dedup_workspaces/test0_transitive_apply_parallel/dataset/GRScenes_assets/faucet/16c00a71016c7056ff3dce1c4b41a0df,/cpfs/user/zhuzihou/assets/dedup_workspaces/test0_transitive_apply_parallel/dataset/GRScenes_assets/faucet/16c00a71016c7056ff3dce1c4b41a0df/usd/16c00a71016c7056ff3dce1c4b41a0df.usd
faucet,1a20d75ce975af3ca2ec5924c4846a3e,tiny,object,176.402557,19.549767,9.023256,true,true,,0.002697,0.004349,38,tiny;tiny;tiny;tiny,/cpfs/user/zhuzihou/assets/dedup_workspaces/test0_transitive_apply_parallel/dataset/GRScenes_assets/faucet/1a20d75ce975af3ca2ec5924c4846a3e,/cpfs/user/zhuzihou/assets/dedup_workspaces/test0_transitive_apply_parallel/dataset/GRScenes_assets/faucet/1a20d75ce975af3ca2ec5924c4846a3e/usd/1a20d75ce975af3ca2ec5924c4846a3e.usd
faucet,1a923df783cdb250b983deeb7e50dc18,tiny,object,220.911206,26.528729,8.327244,true,true,,0.003159,0.005035,44,tiny;tiny;tiny;tiny,/cpfs/user/zhuzihou/assets/dedup_workspaces/test0_transitive_apply_parallel/dataset/GRScenes_assets/faucet/1a923df783cdb250b983deeb7e50dc18,/cpfs/user/zhuzihou/assets/dedup_workspaces/test0_transitive_apply_parallel/dataset/GRScenes_assets/faucet/1a923df783cdb250b983deeb7e50dc18/usd/1a923df783cdb250b983deeb7e50dc18.usd
faucet,202bed519b3ab44e8b9e22a6384965b9,tiny,object,190.982747,25.236848,7.567615,true,true,,0.002190,0.006317,46,tiny;tiny;tiny;tiny,/cpfs/user/zhuzihou/assets/dedup_workspaces/test0_transitive_apply_parallel/dataset/GRScenes_assets/faucet/202bed519b3ab44e8b9e22a6384965b9,/cpfs/user/zhuzihou/assets/dedup_workspaces/test0_transitive_apply_parallel/dataset/GRScenes_assets/faucet/202bed519b3ab44e8b9e22a6384965b9/usd/202bed519b3ab44e8b9e22a6384965b9.usd
faucet,2215df2046793546d0fbe064a8d22d7b,tiny,object,277.943139,30.145468,9.220064,true,true,,0.002010,0.003693,44,tiny;tiny;tiny;tiny,/cpfs/user/zhuzihou/assets/dedup_workspaces/test0_transitive_apply_parallel/dataset/GRScenes_assets/faucet/2215df2046793546d0fbe064a8d22d7b,/cpfs/user/zhuzihou/assets/dedup_workspaces/test0_transitive_apply_parallel/dataset/GRScenes_assets/faucet/2215df2046793546d0fbe064a8d22d7b/usd/2215df2046793546d0fbe064a8d22d7b.usd
faucet,2481cce969a1a5bb8109de1dfd7d6b59,blank,object,578.371223,40.136428,14.410132,true,true,,0.000542,0.001755,23,blank;blank;blank;blank,/cpfs/user/zhuzihou/assets/dedup_workspaces/test0_transitive_apply_parallel/dataset/GRScenes_assets/faucet/2481cce969a1a5bb8109de1dfd7d6b59,/cpfs/user/zhuzihou/assets/dedup_workspaces/test0_transitive_apply_parallel/dataset/GRScenes_assets/faucet/2481cce969a1a5bb8109de1dfd7d6b59/usd/2481cce969a1a5bb8109de1dfd7d6b59.usd
faucet,2547e3fbd1650b7863fbb19428ee8b3d,tiny,object,228.050651,23.906276,9.539363,true,true,,0.002110,0.003571,36,tiny;tiny;tiny;tiny,/cpfs/user/zhuzihou/assets/dedup_workspaces/test0_transitive_apply_parallel/dataset/GRScenes_assets/faucet/2547e3fbd1650b7863fbb19428ee8b3d,/cpfs/user/zhuzihou/assets/dedup_workspaces/test0_transitive_apply_parallel/dataset/GRScenes_assets/faucet/2547e3fbd1650b7863fbb19428ee8b3d/usd/2547e3fbd1650b7863fbb19428ee8b3d.usd
faucet,2a82923251beeaa5478799917fdfa989,tiny,object,329.134870,32.913487,10.000000,true,true,,0.001755,0.003387,37,tiny;tiny;tiny;tiny,/cpfs/user/zhuzihou/assets/dedup_workspaces/test0_transitive_apply_parallel/dataset/GRScenes_assets/faucet/2a82923251beeaa5478799917fdfa989,/cpfs/user/zhuzihou/assets/dedup_workspaces/test0_transitive_apply_parallel/dataset/GRScenes_assets/faucet/2a82923251beeaa5478799917fdfa989/usd/2a82923251beeaa5478799917fdfa989.usd
faucet,34a981e1f402551d45528db4d4487036,tiny,object,253.791071,28.795668,8.813516,true,true,,0.002571,0.005493,44,tiny;tiny;tiny;tiny,/cpfs/user/zhuzihou/assets/dedup_workspaces/test0_transitive_apply_parallel/dataset/GRScenes_assets/faucet/34a981e1f402551d45528db4d4487036,/cpfs/user/zhuzihou/assets/dedup_workspaces/test0_transitive_apply_parallel/dataset/GRScenes_assets/faucet/34a981e1f402551d45528db4d4487036/usd/34a981e1f402551d45528db4d4487036.usd
faucet,350e6ea1267aa72739efe50457e8d793,blank,object,411.445217,41.144521,10.000000,true,true,,0.000896,0.001945,34,blank;blank;blank;blank,/cpfs/user/zhuzihou/assets/dedup_workspaces/test0_transitive_apply_parallel/dataset/GRScenes_assets/faucet/350e6ea1267aa72739efe50457e8d793,/cpfs/user/zhuzihou/assets/dedup_workspaces/test0_transitive_apply_parallel/dataset/GRScenes_assets/faucet/350e6ea1267aa72739efe50457e8d793/usd/350e6ea1267aa72739efe50457e8d793.usd
faucet,370af00896dcb4b0edf24b84583029d5,blank,object,413.341277,41.334128,10.000000,true,true,,0.000961,0.002464,34,blank;blank;blank;blank,/cpfs/user/zhuzihou/assets/dedup_workspaces/test0_transitive_apply_parallel/dataset/GRScenes_assets/faucet/370af00896dcb4b0edf24b84583029d5,/cpfs/user/zhuzihou/assets/dedup_workspaces/test0_transitive_apply_parallel/dataset/GRScenes_assets/faucet/370af00896dcb4b0edf24b84583029d5/usd/370af00896dcb4b0edf24b84583029d5.usd
faucet,37538d3bb04de1612db324b9e41502c7,tiny,object,228.050651,23.906276,9.539363,true,true,,0.002117,0.003571,36,tiny;tiny;tiny;tiny,/cpfs/user/zhuzihou/assets/dedup_workspaces/test0_transitive_apply_parallel/dataset/GRScenes_assets/faucet/37538d3bb04de1612db324b9e41502c7,/cpfs/user/zhuzihou/assets/dedup_workspaces/test0_transitive_apply_parallel/dataset/GRScenes_assets/faucet/37538d3bb04de1612db324b9e41502c7/usd/37538d3bb04de1612db324b9e41502c7.usd
faucet,43b4ef5fc73673ce1065bc37aa5e7f7d,tiny,object,406.101214,40.122968,10.121415,true,true,,0.001377,0.002983,34,blank;blank;tiny;blank,/cpfs/user/zhuzihou/assets/dedup_workspaces/test0_transitive_apply_parallel/dataset/GRScenes_assets/faucet/43b4ef5fc73673ce1065bc37aa5e7f7d,/cpfs/user/zhuzihou/assets/dedup_workspaces/test0_transitive_apply_parallel/dataset/GRScenes_assets/faucet/43b4ef5fc73673ce1065bc37aa5e7f7d/usd/43b4ef5fc73673ce1065bc37aa5e7f7d.usd
faucet,45f98235acba8ab17478735933e098cb,tiny,object,190.711672,23.238881,8.206577,true,true,,0.002735,0.005707,46,tiny;tiny;tiny;tiny,/cpfs/user/zhuzihou/assets/dedup_workspaces/test0_transitive_apply_parallel/dataset/GRScenes_assets/faucet/45f98235acba8ab17478735933e098cb,/cpfs/user/zhuzihou/assets/dedup_workspaces/test0_transitive_apply_parallel/dataset/GRScenes_assets/faucet/45f98235acba8ab17478735933e098cb/usd/45f98235acba8ab17478735933e098cb.usd
faucet,56e10750a75646b4be84ea3e9c44ff84,tiny,object,248.896262,27.383599,9.089246,true,true,,0.001621,0.003670,37,tiny;tiny;tiny;tiny,/cpfs/user/zhuzihou/assets/dedup_workspaces/test0_transitive_apply_parallel/dataset/GRScenes_assets/faucet/56e10750a75646b4be84ea3e9c44ff84,/cpfs/user/zhuzihou/assets/dedup_workspaces/test0_transitive_apply_parallel/dataset/GRScenes_assets/faucet/56e10750a75646b4be84ea3e9c44ff84/usd/56e10750a75646b4be84ea3e9c44ff84.usd
faucet,65e21f1411f82699c74515ec8e0b13ba,tiny,object,218.427881,24.187367,9.030660,true,true,,0.002514,0.004539,41,tiny;tiny;tiny;tiny,/cpfs/user/zhuzihou/assets/dedup_workspaces/test0_transitive_apply_parallel/dataset/GRScenes_assets/faucet/65e21f1411f82699c74515ec8e0b13ba,/cpfs/user/zhuzihou/assets/dedup_workspaces/test0_transitive_apply_parallel/dataset/GRScenes_assets/faucet/65e21f1411f82699c74515ec8e0b13ba/usd/65e21f1411f82699c74515ec8e0b13ba.usd
faucet,68853617b0b82985698118b4b7936c2e,blank,object,584.031226,58.403128,9.999999,true,true,,0.000919,0.002270,35,blank;blank;blank;blank,/cpfs/user/zhuzihou/assets/dedup_workspaces/test0_transitive_apply_parallel/dataset/GRScenes_assets/faucet/68853617b0b82985698118b4b7936c2e,/cpfs/user/zhuzihou/assets/dedup_workspaces/test0_transitive_apply_parallel/dataset/GRScenes_assets/faucet/68853617b0b82985698118b4b7936c2e/usd/68853617b0b82985698118b4b7936c2e.usd
faucet,6eb93d7e49f416b00d25e0f5e614709c,tiny,object,302.760995,41.533500,7.289561,true,true,,0.001801,0.006546,52,tiny;blank;tiny;tiny,/cpfs/user/zhuzihou/assets/dedup_workspaces/test0_transitive_apply_parallel/dataset/GRScenes_assets/faucet/6eb93d7e49f416b00d25e0f5e614709c,/cpfs/user/zhuzihou/assets/dedup_workspaces/test0_transitive_apply_parallel/dataset/GRScenes_assets/faucet/6eb93d7e49f416b00d25e0f5e614709c/usd/6eb93d7e49f416b00d25e0f5e614709c.usd
faucet,7361e0b9a90fe6e2aede0b14109e1a56,tiny,object,584.031226,58.403128,9.999999,true,true,,0.001972,0.003597,59,tiny;blank;tiny;tiny,/cpfs/user/zhuzihou/assets/dedup_workspaces/test0_transitive_apply_parallel/dataset/GRScenes_assets/faucet/7361e0b9a90fe6e2aede0b14109e1a56,/cpfs/user/zhuzihou/assets/dedup_workspaces/test0_transitive_apply_parallel/dataset/GRScenes_assets/faucet/7361e0b9a90fe6e2aede0b14109e1a56/usd/7361e0b9a90fe6e2aede0b14109e1a56.usd
faucet,76b4caccc8848b10b42233b573740933,tiny,object,405.773073,40.577308,10.000000,true,true,,0.001411,0.003605,37,tiny;tiny;tiny;blank,/cpfs/user/zhuzihou/assets/dedup_workspaces/test0_transitive_apply_parallel/dataset/GRScenes_assets/faucet/76b4caccc8848b10b42233b573740933,/cpfs/user/zhuzihou/assets/dedup_workspaces/test0_transitive_apply_parallel/dataset/GRScenes_assets/faucet/76b4caccc8848b10b42233b573740933/usd/76b4caccc8848b10b42233b573740933.usd
faucet,819dedfb27592364d6ad4f2800278205,tiny,object,402.641291,40.264278,9.999963,true,true,,0.001060,0.003159,36,blank;tiny;blank;blank,/cpfs/user/zhuzihou/assets/dedup_workspaces/test0_transitive_apply_parallel/dataset/GRScenes_assets/faucet/819dedfb27592364d6ad4f2800278205,/cpfs/user/zhuzihou/assets/dedup_workspaces/test0_transitive_apply_parallel/dataset/GRScenes_assets/faucet/819dedfb27592364d6ad4f2800278205/usd/819dedfb27592364d6ad4f2800278205.usd
faucet,8368245cbaf256dd8e4f4f3fff8f3771,tiny,object,228.050651,23.906276,9.539363,true,true,,0.002110,0.003571,36,tiny;tiny;tiny;tiny,/cpfs/user/zhuzihou/assets/dedup_workspaces/test0_transitive_apply_parallel/dataset/GRScenes_assets/faucet/8368245cbaf256dd8e4f4f3fff8f3771,/cpfs/user/zhuzihou/assets/dedup_workspaces/test0_transitive_apply_parallel/dataset/GRScenes_assets/faucet/8368245cbaf256dd8e4f4f3fff8f3771/usd/8368245cbaf256dd8e4f4f3fff8f3771.usd
faucet,90d96d9445fc71a4f0e74f0e705283a2,blank,object,460.828205,44.520581,10.350903,true,true,,0.000935,0.003113,34,blank;blank;blank;blank,/cpfs/user/zhuzihou/assets/dedup_workspaces/test0_transitive_apply_parallel/dataset/GRScenes_assets/faucet/90d96d9445fc71a4f0e74f0e705283a2,/cpfs/user/zhuzihou/assets/dedup_workspaces/test0_transitive_apply_parallel/dataset/GRScenes_assets/faucet/90d96d9445fc71a4f0e74f0e705283a2/usd/90d96d9445fc71a4f0e74f0e705283a2.usd
faucet,99b632f3c82035b7927de5951a193195,tiny,object,564.269087,62.186863,9.073767,true,true,,0.001469,0.003204,42,tiny;blank;tiny;tiny,/cpfs/user/zhuzihou/assets/dedup_workspaces/test0_transitive_apply_parallel/dataset/GRScenes_assets/faucet/99b632f3c82035b7927de5951a193195,/cpfs/user/zhuzihou/assets/dedup_workspaces/test0_transitive_apply_parallel/dataset/GRScenes_assets/faucet/99b632f3c82035b7927de5951a193195/usd/99b632f3c82035b7927de5951a193195.usd
faucet,a82c085137addf3af312ead136df26ee,tiny,object,228.050651,23.906276,9.539363,true,true,,0.001942,0.004028,40,tiny;tiny;tiny;tiny,/cpfs/user/zhuzihou/assets/dedup_workspaces/test0_transitive_apply_parallel/dataset/GRScenes_assets/faucet/a82c085137addf3af312ead136df26ee,/cpfs/user/zhuzihou/assets/dedup_workspaces/test0_transitive_apply_parallel/dataset/GRScenes_assets/faucet/a82c085137addf3af312ead136df26ee/usd/a82c085137addf3af312ead136df26ee.usd
faucet,aaf96f79bf3dbdf8c602e831c01395e7,tiny,object,453.230290,45.266858,10.012409,true,true,,0.001141,0.003571,36,blank;blank;tiny;blank,/cpfs/user/zhuzihou/assets/dedup_workspaces/test0_transitive_apply_parallel/dataset/GRScenes_assets/faucet/aaf96f79bf3dbdf8c602e831c01395e7,/cpfs/user/zhuzihou/assets/dedup_workspaces/test0_transitive_apply_parallel/dataset/GRScenes_assets/faucet/aaf96f79bf3dbdf8c602e831c01395e7/usd/aaf96f79bf3dbdf8c602e831c01395e7.usd
faucet,b4427f625d1077f4dc2c7ed8e9436a59,tiny,object,228.050651,23.906276,9.539363,true,true,,0.002033,0.004150,39,tiny;tiny;tiny;tiny,/cpfs/user/zhuzihou/assets/dedup_workspaces/test0_transitive_apply_parallel/dataset/GRScenes_assets/faucet/b4427f625d1077f4dc2c7ed8e9436a59,/cpfs/user/zhuzihou/assets/dedup_workspaces/test0_transitive_apply_parallel/dataset/GRScenes_assets/faucet/b4427f625d1077f4dc2c7ed8e9436a59/usd/b4427f625d1077f4dc2c7ed8e9436a59.usd
faucet,c8ed74f23aa628266ae2c83bfd5d4cfb,blank,object,249.753554,22.471927,11.114025,true,true,,0.000904,0.002289,33,blank;blank;blank;blank,/cpfs/user/zhuzihou/assets/dedup_workspaces/test0_transitive_apply_parallel/dataset/GRScenes_assets/faucet/c8ed74f23aa628266ae2c83bfd5d4cfb,/cpfs/user/zhuzihou/assets/dedup_workspaces/test0_transitive_apply_parallel/dataset/GRScenes_assets/faucet/c8ed74f23aa628266ae2c83bfd5d4cfb/usd/c8ed74f23aa628266ae2c83bfd5d4cfb.usd
faucet,cb85000d5d42eff89aae604867caa682,tiny,object,228.050651,23.906276,9.539363,true,true,,0.002117,0.003571,36,tiny;tiny;tiny;tiny,/cpfs/user/zhuzihou/assets/dedup_workspaces/test0_transitive_apply_parallel/dataset/GRScenes_assets/faucet/cb85000d5d42eff89aae604867caa682,/cpfs/user/zhuzihou/assets/dedup_workspaces/test0_transitive_apply_parallel/dataset/GRScenes_assets/faucet/cb85000d5d42eff89aae604867caa682/usd/cb85000d5d42eff89aae604867caa682.usd
faucet,dbc7d672fc499e4a7655c9eab3274959,tiny,object,289.136654,28.913666,10.000000,true,true,,0.001701,0.004280,42,tiny;tiny;tiny;blank,/cpfs/user/zhuzihou/assets/dedup_workspaces/test0_transitive_apply_parallel/dataset/GRScenes_assets/faucet/dbc7d672fc499e4a7655c9eab3274959,/cpfs/user/zhuzihou/assets/dedup_workspaces/test0_transitive_apply_parallel/dataset/GRScenes_assets/faucet/dbc7d672fc499e4a7655c9eab3274959/usd/dbc7d672fc499e4a7655c9eab3274959.usd
faucet,e43c5c0e19d6c42559426a3d65682d35,tiny,object,125.678404,13.174716,9.539363,true,true,,0.002117,0.003571,36,tiny;tiny;tiny;tiny,/cpfs/user/zhuzihou/assets/dedup_workspaces/test0_transitive_apply_parallel/dataset/GRScenes_assets/faucet/e43c5c0e19d6c42559426a3d65682d35,/cpfs/user/zhuzihou/assets/dedup_workspaces/test0_transitive_apply_parallel/dataset/GRScenes_assets/faucet/e43c5c0e19d6c42559426a3d65682d35/usd/e43c5c0e19d6c42559426a3d65682d35.usd
hearth,038f678fdb644211b41e0d65441458c6,tiny,object,901.238701,90.330032,9.977177,true,true,,0.002300,0.003204,46,blank;tiny;blank;tiny,/cpfs/user/zhuzihou/assets/dedup_workspaces/test0_transitive_apply_parallel/dataset/GRScenes_assets/hearth/038f678fdb644211b41e0d65441458c6,/cpfs/user/zhuzihou/assets/dedup_workspaces/test0_transitive_apply_parallel/dataset/GRScenes_assets/hearth/038f678fdb644211b41e0d65441458c6/usd/038f678fdb644211b41e0d65441458c6.usd
hearth,065efbdc4876d67212e355add7a05b89,tiny,object,906.058315,90.753257,9.983755,true,true,,0.002811,0.002937,46,blank;tiny;blank;tiny,/cpfs/user/zhuzihou/assets/dedup_workspaces/test0_transitive_apply_parallel/dataset/GRScenes_assets/hearth/065efbdc4876d67212e355add7a05b89,/cpfs/user/zhuzihou/assets/dedup_workspaces/test0_transitive_apply_parallel/dataset/GRScenes_assets/hearth/065efbdc4876d67212e355add7a05b89/usd/065efbdc4876d67212e355add7a05b89.usd
hearth,08b351901e18d4360bd6934df8ef8098,tiny,object,919.085221,90.810705,10.120891,true,true,,0.002567,0.002827,42,blank;blank;blank;tiny,/cpfs/user/zhuzihou/assets/dedup_workspaces/test0_transitive_apply_parallel/dataset/GRScenes_assets/hearth/08b351901e18d4360bd6934df8ef8098,/cpfs/user/zhuzihou/assets/dedup_workspaces/test0_transitive_apply_parallel/dataset/GRScenes_assets/hearth/08b351901e18d4360bd6934df8ef8098/usd/08b351901e18d4360bd6934df8ef8098.usd
hearth,0d9b1a8025491dbfeedefa4697fefed9,tiny,object,1000.506679,100.463169,9.958940,true,true,,0.002872,0.003471,46,blank;tiny;blank;tiny,/cpfs/user/zhuzihou/assets/dedup_workspaces/test0_transitive_apply_parallel/dataset/GRScenes_assets/hearth/0d9b1a8025491dbfeedefa4697fefed9,/cpfs/user/zhuzihou/assets/dedup_workspaces/test0_transitive_apply_parallel/dataset/GRScenes_assets/hearth/0d9b1a8025491dbfeedefa4697fefed9/usd/0d9b1a8025491dbfeedefa4697fefed9.usd
hearth,104b0133fc47e97c98f3a64c89421333,tiny,object,787.356414,78.801753,9.991610,true,true,,0.002861,0.003204,43,blank;tiny;blank;tiny,/cpfs/user/zhuzihou/assets/dedup_workspaces/test0_transitive_apply_parallel/dataset/GRScenes_assets/hearth/104b0133fc47e97c98f3a64c89421333,/cpfs/user/zhuzihou/assets/dedup_workspaces/test0_transitive_apply_parallel/dataset/GRScenes_assets/hearth/104b0133fc47e97c98f3a64c89421333/usd/104b0133fc47e97c98f3a64c89421333.usd
hearth,1633b79646bd05eb003949b7f84e7205,blank,object,68973.901890,80.763572,854.022427,true,true,,0.000004,0.000004,1,blank;blank;blank;blank,/cpfs/user/zhuzihou/assets/dedup_workspaces/test0_transitive_apply_parallel/dataset/GRScenes_assets/hearth/1633b79646bd05eb003949b7f84e7205,/cpfs/user/zhuzihou/assets/dedup_workspaces/test0_transitive_apply_parallel/dataset/GRScenes_assets/hearth/1633b79646bd05eb003949b7f84e7205/usd/1633b79646bd05eb003949b7f84e7205.usd
hearth,1b050db0f30be6b5fb4041f3e3caff57,tiny,object,1126.559294,103.791148,10.854098,true,true,,0.002209,0.002464,40,blank;tiny;blank;tiny,/cpfs/user/zhuzihou/assets/dedup_workspaces/test0_transitive_apply_parallel/dataset/GRScenes_assets/hearth/1b050db0f30be6b5fb4041f3e3caff57,/cpfs/user/zhuzihou/assets/dedup_workspaces/test0_transitive_apply_parallel/dataset/GRScenes_assets/hearth/1b050db0f30be6b5fb4041f3e3caff57/usd/1b050db0f30be6b5fb4041f3e3caff57.usd
hearth,1fda80ff4e7e1fa9ad145f425a9a754f,tiny,object,880.237274,86.876823,10.132015,true,true,,0.002708,0.002956,44,blank;blank;blank;tiny,/cpfs/user/zhuzihou/assets/dedup_workspaces/test0_transitive_apply_parallel/dataset/GRScenes_assets/hearth/1fda80ff4e7e1fa9ad145f425a9a754f,/cpfs/user/zhuzihou/assets/dedup_workspaces/test0_transitive_apply_parallel/dataset/GRScenes_assets/hearth/1fda80ff4e7e1fa9ad145f425a9a754f/usd/1fda80ff4e7e1fa9ad145f425a9a754f.usd
hearth,22cee8dc3d2c8429fdc54fbc053733b2,tiny,object,975.835013,94.610456,10.314241,true,true,,0.002586,0.002747,43,blank;tiny;blank;tiny,/cpfs/user/zhuzihou/assets/dedup_workspaces/test0_transitive_apply_parallel/dataset/GRScenes_assets/hearth/22cee8dc3d2c8429fdc54fbc053733b2,/cpfs/user/zhuzihou/assets/dedup_workspaces/test0_transitive_apply_parallel/dataset/GRScenes_assets/hearth/22cee8dc3d2c8429fdc54fbc053733b2/usd/22cee8dc3d2c8429fdc54fbc053733b2.usd
hearth,246832570de6209a06d533cedf0c4bdd,blank,object,20741.487627,70.193591,295.489764,true,true,,0.000023,0.000023,3,blank;blank;blank;blank,/cpfs/user/zhuzihou/assets/dedup_workspaces/test0_transitive_apply_parallel/dataset/GRScenes_assets/hearth/246832570de6209a06d533cedf0c4bdd,/cpfs/user/zhuzihou/assets/dedup_workspaces/test0_transitive_apply_parallel/dataset/GRScenes_assets/hearth/246832570de6209a06d533cedf0c4bdd/usd/246832570de6209a06d533cedf0c4bdd.usd
hearth,27553f10dee570727879d9b291578a40,tiny,object,915.250636,90.180709,10.149073,true,true,,0.002457,0.002686,44,blank;tiny;blank;tiny,/cpfs/user/zhuzihou/assets/dedup_workspaces/test0_transitive_apply_parallel/dataset/GRScenes_assets/hearth/27553f10dee570727879d9b291578a40,/cpfs/user/zhuzihou/assets/dedup_workspaces/test0_transitive_apply_parallel/dataset/GRScenes_assets/hearth/27553f10dee570727879d9b291578a40/usd/27553f10dee570727879d9b291578a40.usd
hearth,2941aebf1bfb124d514f6dd8b0e0884e,tiny,object,875.475133,87.700085,9.982603,true,true,,0.002567,0.003044,42,blank;tiny;blank;tiny,/cpfs/user/zhuzihou/assets/dedup_workspaces/test0_transitive_apply_parallel/dataset/GRScenes_assets/hearth/2941aebf1bfb124d514f6dd8b0e0884e,/cpfs/user/zhuzihou/assets/dedup_workspaces/test0_transitive_apply_parallel/dataset/GRScenes_assets/hearth/2941aebf1bfb124d514f6dd8b0e0884e/usd/2941aebf1bfb124d514f6dd8b0e0884e.usd
hearth,2ff3c0d846b1bd74dd968df50fab87b0,tiny,object,809.588447,81.127778,9.979177,true,true,,0.003284,0.003365,43,blank;tiny;blank;tiny,/cpfs/user/zhuzihou/assets/dedup_workspaces/test0_transitive_apply_parallel/dataset/GRScenes_assets/hearth/2ff3c0d846b1bd74dd968df50fab87b0,/cpfs/user/zhuzihou/assets/dedup_workspaces/test0_transitive_apply_parallel/dataset/GRScenes_assets/hearth/2ff3c0d846b1bd74dd968df50fab87b0/usd/2ff3c0d846b1bd74dd968df50fab87b0.usd
hearth,309f2acfa060f1acaac4cf898e08b4cc,blank,object,68974.133439,94.840610,727.263703,true,true,,0.000008,0.000008,2,blank;blank;blank;blank,/cpfs/user/zhuzihou/assets/dedup_workspaces/test0_transitive_apply_parallel/dataset/GRScenes_assets/hearth/309f2acfa060f1acaac4cf898e08b4cc,/cpfs/user/zhuzihou/assets/dedup_workspaces/test0_transitive_apply_parallel/dataset/GRScenes_assets/hearth/309f2acfa060f1acaac4cf898e08b4cc/usd/309f2acfa060f1acaac4cf898e08b4cc.usd
hearth,3beca4e4c42be3281d98c42f2cc41bb8,tiny,object,691.573865,68.103003,10.154822,true,true,,0.002716,0.002930,44,blank;tiny;blank;tiny,/cpfs/user/zhuzihou/assets/dedup_workspaces/test0_transitive_apply_parallel/dataset/GRScenes_assets/hearth/3beca4e4c42be3281d98c42f2cc41bb8,/cpfs/user/zhuzihou/assets/dedup_workspaces/test0_transitive_apply_parallel/dataset/GRScenes_assets/hearth/3beca4e4c42be3281d98c42f2cc41bb8/usd/3beca4e4c42be3281d98c42f2cc41bb8.usd
hearth,51d4ef6103be186cb7aac083c554979d,blank,object,6897.405660,79.841206,86.389046,true,true,,0.000076,0.000107,7,blank;blank;blank;blank,/cpfs/user/zhuzihou/assets/dedup_workspaces/test0_transitive_apply_parallel/dataset/GRScenes_assets/hearth/51d4ef6103be186cb7aac083c554979d,/cpfs/user/zhuzihou/assets/dedup_workspaces/test0_transitive_apply_parallel/dataset/GRScenes_assets/hearth/51d4ef6103be186cb7aac083c554979d/usd/51d4ef6103be186cb7aac083c554979d.usd
hearth,83d37bcc0a0e77be5b6b358e9067735f,tiny,object,879.546964,85.690685,10.264207,true,true,,0.002552,0.002747,43,blank;tiny;blank;tiny,/cpfs/user/zhuzihou/assets/dedup_workspaces/test0_transitive_apply_parallel/dataset/GRScenes_assets/hearth/83d37bcc0a0e77be5b6b358e9067735f,/cpfs/user/zhuzihou/assets/dedup_workspaces/test0_transitive_apply_parallel/dataset/GRScenes_assets/hearth/83d37bcc0a0e77be5b6b358e9067735f/usd/83d37bcc0a0e77be5b6b358e9067735f.usd
hearth,88fef2a8057bf5e5b4ce1ddb61342a28,tiny,object,1280.935946,88.541904,14.467003,true,true,,0.001472,0.001678,31,blank;tiny;blank;tiny,/cpfs/user/zhuzihou/assets/dedup_workspaces/test0_transitive_apply_parallel/dataset/GRScenes_assets/hearth/88fef2a8057bf5e5b4ce1ddb61342a28,/cpfs/user/zhuzihou/assets/dedup_workspaces/test0_transitive_apply_parallel/dataset/GRScenes_assets/hearth/88fef2a8057bf5e5b4ce1ddb61342a28/usd/88fef2a8057bf5e5b4ce1ddb61342a28.usd
hearth,8deea56141ea3bc7f823838ba15df7fa,blank,object,7525.926596,88.123291,85.402242,true,true,,0.000080,0.000095,6,blank;blank;blank;blank,/cpfs/user/zhuzihou/assets/dedup_workspaces/test0_transitive_apply_parallel/dataset/GRScenes_assets/hearth/8deea56141ea3bc7f823838ba15df7fa,/cpfs/user/zhuzihou/assets/dedup_workspaces/test0_transitive_apply_parallel/dataset/GRScenes_assets/hearth/8deea56141ea3bc7f823838ba15df7fa/usd/8deea56141ea3bc7f823838ba15df7fa.usd
hearth,a471d89f9d818e1f130be2e20fd13830,blank,object,44244.697067,62.218343,711.119828,true,true,,0.000008,0.000008,2,blank;blank;blank;blank,/cpfs/user/zhuzihou/assets/dedup_workspaces/test0_transitive_apply_parallel/dataset/GRScenes_assets/hearth/a471d89f9d818e1f130be2e20fd13830,/cpfs/user/zhuzihou/assets/dedup_workspaces/test0_transitive_apply_parallel/dataset/GRScenes_assets/hearth/a471d89f9d818e1f130be2e20fd13830/usd/a471d89f9d818e1f130be2e20fd13830.usd
hearth,a69eedbba366c73e8ba386c1e0a6794f,tiny,object,1489.130385,103.701655,14.359755,true,true,,0.001476,0.001495,28,blank;tiny;blank;tiny,/cpfs/user/zhuzihou/assets/dedup_workspaces/test0_transitive_apply_parallel/dataset/GRScenes_assets/hearth/a69eedbba366c73e8ba386c1e0a6794f,/cpfs/user/zhuzihou/assets/dedup_workspaces/test0_transitive_apply_parallel/dataset/GRScenes_assets/hearth/a69eedbba366c73e8ba386c1e0a6794f/usd/a69eedbba366c73e8ba386c1e0a6794f.usd
hearth,ceb710afa666450438403fce2f778c8d,tiny,object,1020.742556,102.380638,9.970074,true,true,,0.002922,0.003204,42,blank;tiny;blank;tiny,/cpfs/user/zhuzihou/assets/dedup_workspaces/test0_transitive_apply_parallel/dataset/GRScenes_assets/hearth/ceb710afa666450438403fce2f778c8d,/cpfs/user/zhuzihou/assets/dedup_workspaces/test0_transitive_apply_parallel/dataset/GRScenes_assets/hearth/ceb710afa666450438403fce2f778c8d/usd/ceb710afa666450438403fce2f778c8d.usd
hearth,cf638dcebd6b1feb2c022e9f3cdc60c3,blank,object,68974.056605,79.841202,863.890512,true,true,,0.000004,0.000004,1,blank;blank;blank;blank,/cpfs/user/zhuzihou/assets/dedup_workspaces/test0_transitive_apply_parallel/dataset/GRScenes_assets/hearth/cf638dcebd6b1feb2c022e9f3cdc60c3,/cpfs/user/zhuzihou/assets/dedup_workspaces/test0_transitive_apply_parallel/dataset/GRScenes_assets/hearth/cf638dcebd6b1feb2c022e9f3cdc60c3/usd/cf638dcebd6b1feb2c022e9f3cdc60c3.usd
hearth,d165a9da01dfe560f411fb1ca95e46cb,blank,object,2074.148763,70.193586,29.548979,true,true,,0.000385,0.000427,15,blank;blank;blank;blank,/cpfs/user/zhuzihou/assets/dedup_workspaces/test0_transitive_apply_parallel/dataset/GRScenes_assets/hearth/d165a9da01dfe560f411fb1ca95e46cb,/cpfs/user/zhuzihou/assets/dedup_workspaces/test0_transitive_apply_parallel/dataset/GRScenes_assets/hearth/d165a9da01dfe560f411fb1ca95e46cb/usd/d165a9da01dfe560f411fb1ca95e46cb.usd
hearth,deec748b6250cded6cd568e63dacea1c,blank,object,6897.407922,96.993605,71.111986,true,true,,0.000114,0.000114,7,blank;blank;blank;blank,/cpfs/user/zhuzihou/assets/dedup_workspaces/test0_transitive_apply_parallel/dataset/GRScenes_assets/hearth/deec748b6250cded6cd568e63dacea1c,/cpfs/user/zhuzihou/assets/dedup_workspaces/test0_transitive_apply_parallel/dataset/GRScenes_assets/hearth/deec748b6250cded6cd568e63dacea1c/usd/deec748b6250cded6cd568e63dacea1c.usd
hearth,e3acd760638a3d92d2b88a9f7ece96d3,tiny,object,1082.613932,108.384801,9.988614,true,true,,0.003124,0.003525,46,blank;tiny;blank;tiny,/cpfs/user/zhuzihou/assets/dedup_workspaces/test0_transitive_apply_parallel/dataset/GRScenes_assets/hearth/e3acd760638a3d92d2b88a9f7ece96d3,/cpfs/user/zhuzihou/assets/dedup_workspaces/test0_transitive_apply_parallel/dataset/GRScenes_assets/hearth/e3acd760638a3d92d2b88a9f7ece96d3/usd/e3acd760638a3d92d2b88a9f7ece96d3.usd
microwave,0a75472d927832f61bc099d823c4f512,tiny,object,1164.589832,70.406052,16.541047,true,true,,0.001842,0.001884,26,tiny;tiny;tiny;tiny,/cpfs/user/zhuzihou/assets/dedup_workspaces/test0_transitive_apply_parallel/dataset/GRScenes_assets/microwave/0a75472d927832f61bc099d823c4f512,/cpfs/user/zhuzihou/assets/dedup_workspaces/test0_transitive_apply_parallel/dataset/GRScenes_assets/microwave/0a75472d927832f61bc099d823c4f512/usd/0a75472d927832f61bc099d823c4f512.usd
microwave,1178e22aab119ac98b545cfa74c916ab,tiny,object,879.289578,70.393177,12.491119,true,true,,0.002438,0.002670,35,tiny;tiny;tiny;tiny,/cpfs/user/zhuzihou/assets/dedup_workspaces/test0_transitive_apply_parallel/dataset/GRScenes_assets/microwave/1178e22aab119ac98b545cfa74c916ab,/cpfs/user/zhuzihou/assets/dedup_workspaces/test0_transitive_apply_parallel/dataset/GRScenes_assets/microwave/1178e22aab119ac98b545cfa74c916ab/usd/1178e22aab119ac98b545cfa74c916ab.usd
microwave,174d4c97b7c8f6e0909457bb53a65e6f,tiny,object,1068.685572,65.591292,16.293101,true,true,,0.001884,0.002003,32,blank;tiny;tiny;tiny,/cpfs/user/zhuzihou/assets/dedup_workspaces/test0_transitive_apply_parallel/dataset/GRScenes_assets/microwave/174d4c97b7c8f6e0909457bb53a65e6f,/cpfs/user/zhuzihou/assets/dedup_workspaces/test0_transitive_apply_parallel/dataset/GRScenes_assets/microwave/174d4c97b7c8f6e0909457bb53a65e6f/usd/174d4c97b7c8f6e0909457bb53a65e6f.usd
microwave,1fdd1dc45ef9d85e9cf869917be4aa45,tiny,object,795.344653,72.111704,11.029342,true,true,,0.003384,0.003777,38,tiny;tiny;tiny;tiny,/cpfs/user/zhuzihou/assets/dedup_workspaces/test0_transitive_apply_parallel/dataset/GRScenes_assets/microwave/1fdd1dc45ef9d85e9cf869917be4aa45,/cpfs/user/zhuzihou/assets/dedup_workspaces/test0_transitive_apply_parallel/dataset/GRScenes_assets/microwave/1fdd1dc45ef9d85e9cf869917be4aa45/usd/1fdd1dc45ef9d85e9cf869917be4aa45.usd
microwave,279072cfda6a28c6bfc3fe98ba52a7f6,tiny,object,689.451124,68.945116,9.999999,true,true,,0.003418,0.003433,39,tiny;tiny;tiny;tiny,/cpfs/user/zhuzihou/assets/dedup_workspaces/test0_transitive_apply_parallel/dataset/GRScenes_assets/microwave/279072cfda6a28c6bfc3fe98ba52a7f6,/cpfs/user/zhuzihou/assets/dedup_workspaces/test0_transitive_apply_parallel/dataset/GRScenes_assets/microwave/279072cfda6a28c6bfc3fe98ba52a7f6/usd/279072cfda6a28c6bfc3fe98ba52a7f6.usd
microwave,2c92647ef999eaf6d2ce4f9a661d0ce9,tiny,object,837.075291,87.148335,9.605178,true,true,,0.004551,0.004639,41,tiny;tiny;tiny;tiny,/cpfs/user/zhuzihou/assets/dedup_workspaces/test0_transitive_apply_parallel/dataset/GRScenes_assets/microwave/2c92647ef999eaf6d2ce4f9a661d0ce9,/cpfs/user/zhuzihou/assets/dedup_workspaces/test0_transitive_apply_parallel/dataset/GRScenes_assets/microwave/2c92647ef999eaf6d2ce4f9a661d0ce9/usd/2c92647ef999eaf6d2ce4f9a661d0ce9.usd
microwave,37169fc696520870ba808cb0167e06f7,blank,object,3909.952486,78.164064,50.022380,true,true,,0.000214,0.000244,9,blank;blank;blank;blank,/cpfs/user/zhuzihou/assets/dedup_workspaces/test0_transitive_apply_parallel/dataset/GRScenes_assets/microwave/37169fc696520870ba808cb0167e06f7,/cpfs/user/zhuzihou/assets/dedup_workspaces/test0_transitive_apply_parallel/dataset/GRScenes_assets/microwave/37169fc696520870ba808cb0167e06f7/usd/37169fc696520870ba808cb0167e06f7.usd
microwave,3a5b6deca994b343d553382d066d0c44,tiny,object,1052.427186,105.688311,9.957839,true,true,,0.003418,0.004578,40,tiny;tiny;tiny;tiny,/cpfs/user/zhuzihou/assets/dedup_workspaces/test0_transitive_apply_parallel/dataset/GRScenes_assets/microwave/3a5b6deca994b343d553382d066d0c44,/cpfs/user/zhuzihou/assets/dedup_workspaces/test0_transitive_apply_parallel/dataset/GRScenes_assets/microwave/3a5b6deca994b343d553382d066d0c44/usd/3a5b6deca994b343d553382d066d0c44.usd
microwave,3d2e2c819b57625aa7851fb04263c036,tiny,object,537.191765,42.487481,12.643531,true,true,,0.002911,0.003273,35,tiny;tiny;tiny;tiny,/cpfs/user/zhuzihou/assets/dedup_workspaces/test0_transitive_apply_parallel/dataset/GRScenes_assets/microwave/3d2e2c819b57625aa7851fb04263c036,/cpfs/user/zhuzihou/assets/dedup_workspaces/test0_transitive_apply_parallel/dataset/GRScenes_assets/microwave/3d2e2c819b57625aa7851fb04263c036/usd/3d2e2c819b57625aa7851fb04263c036.usd
microwave,46fc0bbd1605578fd8b3097884a27ff2,tiny,object,1511.013608,104.460524,14.464925,true,true,,0.001785,0.001907,26,tiny;tiny;tiny;tiny,/cpfs/user/zhuzihou/assets/dedup_workspaces/test0_transitive_apply_parallel/dataset/GRScenes_assets/microwave/46fc0bbd1605578fd8b3097884a27ff2,/cpfs/user/zhuzihou/assets/dedup_workspaces/test0_transitive_apply_parallel/dataset/GRScenes_assets/microwave/46fc0bbd1605578fd8b3097884a27ff2/usd/46fc0bbd1605578fd8b3097884a27ff2.usd
microwave,521eec8e71fe9c5a07caab2989682d80,tiny,object,708.356301,65.695798,10.782368,true,true,,0.002769,0.002983,37,tiny;tiny;tiny;tiny,/cpfs/user/zhuzihou/assets/dedup_workspaces/test0_transitive_apply_parallel/dataset/GRScenes_assets/microwave/521eec8e71fe9c5a07caab2989682d80,/cpfs/user/zhuzihou/assets/dedup_workspaces/test0_transitive_apply_parallel/dataset/GRScenes_assets/microwave/521eec8e71fe9c5a07caab2989682d80/usd/521eec8e71fe9c5a07caab2989682d80.usd
microwave,5a8c9857444f7ba9fb25011f7fa7bdce,tiny,object,691.606579,67.710142,10.214224,true,true,,0.003155,0.003529,37,tiny;tiny;tiny;tiny,/cpfs/user/zhuzihou/assets/dedup_workspaces/test0_transitive_apply_parallel/dataset/GRScenes_assets/microwave/5a8c9857444f7ba9fb25011f7fa7bdce,/cpfs/user/zhuzihou/assets/dedup_workspaces/test0_transitive_apply_parallel/dataset/GRScenes_assets/microwave/5a8c9857444f7ba9fb25011f7fa7bdce/usd/5a8c9857444f7ba9fb25011f7fa7bdce.usd
microwave,5e0ff93660d9da42374f0740a81b0144,tiny,object,1036.737518,104.132818,9.955915,true,true,,0.003357,0.004646,42,tiny;tiny;tiny;tiny,/cpfs/user/zhuzihou/assets/dedup_workspaces/test0_transitive_apply_parallel/dataset/GRScenes_assets/microwave/5e0ff93660d9da42374f0740a81b0144,/cpfs/user/zhuzihou/assets/dedup_workspaces/test0_transitive_apply_parallel/dataset/GRScenes_assets/microwave/5e0ff93660d9da42374f0740a81b0144/usd/5e0ff93660d9da42374f0740a81b0144.usd
microwave,6b809ea8a5a2a0763720d40f472355fc,blank,object,3909.952486,78.164066,50.022378,true,true,,0.000217,0.000244,9,blank;blank;blank;blank,/cpfs/user/zhuzihou/assets/dedup_workspaces/test0_transitive_apply_parallel/dataset/GRScenes_assets/microwave/6b809ea8a5a2a0763720d40f472355fc,/cpfs/user/zhuzihou/assets/dedup_workspaces/test0_transitive_apply_parallel/dataset/GRScenes_assets/microwave/6b809ea8a5a2a0763720d40f472355fc/usd/6b809ea8a5a2a0763720d40f472355fc.usd
microwave,a9a3073fb7b154b3d5bba4d139029fe7,tiny,object,1014.693042,101.922157,9.955569,true,true,,0.003258,0.004536,41,tiny;tiny;tiny;tiny,/cpfs/user/zhuzihou/assets/dedup_workspaces/test0_transitive_apply_parallel/dataset/GRScenes_assets/microwave/a9a3073fb7b154b3d5bba4d139029fe7,/cpfs/user/zhuzihou/assets/dedup_workspaces/test0_transitive_apply_parallel/dataset/GRScenes_assets/microwave/a9a3073fb7b154b3d5bba4d139029fe7/usd/a9a3073fb7b154b3d5bba4d139029fe7.usd
microwave,ab97c97f33b1f5a2ea0ac5abfbbb015f,tiny,object,679.715251,67.994850,9.996570,true,true,,0.003304,0.003372,39,tiny;tiny;tiny;tiny,/cpfs/user/zhuzihou/assets/dedup_workspaces/test0_transitive_apply_parallel/dataset/GRScenes_assets/microwave/ab97c97f33b1f5a2ea0ac5abfbbb015f,/cpfs/user/zhuzihou/assets/dedup_workspaces/test0_transitive_apply_parallel/dataset/GRScenes_assets/microwave/ab97c97f33b1f5a2ea0ac5abfbbb015f/usd/ab97c97f33b1f5a2ea0ac5abfbbb015f.usd
microwave,bc374483e5caffb5253e0c7f7017b095,tiny,object,753.525321,59.794255,12.601969,true,true,,0.002785,0.003147,37,tiny;tiny;tiny;tiny,/cpfs/user/zhuzihou/assets/dedup_workspaces/test0_transitive_apply_parallel/dataset/GRScenes_assets/microwave/bc374483e5caffb5253e0c7f7017b095,/cpfs/user/zhuzihou/assets/dedup_workspaces/test0_transitive_apply_parallel/dataset/GRScenes_assets/microwave/bc374483e5caffb5253e0c7f7017b095/usd/bc374483e5caffb5253e0c7f7017b095.usd
microwave,d712d4d6e82c250736a4362826b610d0,tiny,object,931.829156,73.943142,12.601969,true,true,,0.002880,0.003021,35,tiny;tiny;tiny;tiny,/cpfs/user/zhuzihou/assets/dedup_workspaces/test0_transitive_apply_parallel/dataset/GRScenes_assets/microwave/d712d4d6e82c250736a4362826b610d0,/cpfs/user/zhuzihou/assets/dedup_workspaces/test0_transitive_apply_parallel/dataset/GRScenes_assets/microwave/d712d4d6e82c250736a4362826b610d0/usd/d712d4d6e82c250736a4362826b610d0.usd
microwave,e5d4571502fbb836e68a2068a917bf9d,tiny,object,734.361075,71.895925,10.214224,true,true,,0.003418,0.003632,36,tiny;tiny;tiny;tiny,/cpfs/user/zhuzihou/assets/dedup_workspaces/test0_transitive_apply_parallel/dataset/GRScenes_assets/microwave/e5d4571502fbb836e68a2068a917bf9d,/cpfs/user/zhuzihou/assets/dedup_workspaces/test0_transitive_apply_parallel/dataset/GRScenes_assets/microwave/e5d4571502fbb836e68a2068a917bf9d/usd/e5d4571502fbb836e68a2068a917bf9d.usd
microwave,f4e870a6475e1cc8ab7721106fca4c8b,tiny,object,1083.710853,85.995366,12.601968,true,true,,0.003002,0.003273,35,tiny;tiny;tiny;tiny,/cpfs/user/zhuzihou/assets/dedup_workspaces/test0_transitive_apply_parallel/dataset/GRScenes_assets/microwave/f4e870a6475e1cc8ab7721106fca4c8b,/cpfs/user/zhuzihou/assets/dedup_workspaces/test0_transitive_apply_parallel/dataset/GRScenes_assets/microwave/f4e870a6475e1cc8ab7721106fca4c8b/usd/f4e870a6475e1cc8ab7721106fca4c8b.usd
microwave,f79a476c791e395889118e7a6904a28c,tiny,object,691.606579,67.710144,10.214224,true,true,,0.003479,0.003632,35,tiny;tiny;tiny;tiny,/cpfs/user/zhuzihou/assets/dedup_workspaces/test0_transitive_apply_parallel/dataset/GRScenes_assets/microwave/f79a476c791e395889118e7a6904a28c,/cpfs/user/zhuzihou/assets/dedup_workspaces/test0_transitive_apply_parallel/dataset/GRScenes_assets/microwave/f79a476c791e395889118e7a6904a28c/usd/f79a476c791e395889118e7a6904a28c.usd
night_stand,00ba99004a84538c11fb752ff9741215,tiny,object,990.101654,80.576703,12.287691,true,true,,0.003288,0.003708,36,tiny;tiny;tiny;tiny,/cpfs/user/zhuzihou/assets/dedup_workspaces/test0_transitive_apply_parallel/dataset/GRScenes_assets/night_stand/00ba99004a84538c11fb752ff9741215,/cpfs/user/zhuzihou/assets/dedup_workspaces/test0_transitive_apply_parallel/dataset/GRScenes_assets/night_stand/00ba99004a84538c11fb752ff9741215/usd/00ba99004a84538c11fb752ff9741215.usd
night_stand,01a613e2da499a9610911018aac0c69b,tiny,object,669.829642,85.118983,7.869333,true,true,,0.005138,0.005379,47,tiny;tiny;tiny;tiny,/cpfs/user/zhuzihou/assets/dedup_workspaces/test0_transitive_apply_parallel/dataset/GRScenes_assets/night_stand/01a613e2da499a9610911018aac0c69b,/cpfs/user/zhuzihou/assets/dedup_workspaces/test0_transitive_apply_parallel/dataset/GRScenes_assets/night_stand/01a613e2da499a9610911018aac0c69b/usd/01a613e2da499a9610911018aac0c69b.usd
night_stand,022a43a26c350667919faa77b0b03bc7,tiny,object,696.080562,88.127310,7.898580,true,true,,0.008030,0.008446,56,tiny;tiny;tiny;tiny,/cpfs/user/zhuzihou/assets/dedup_workspaces/test0_transitive_apply_parallel/dataset/GRScenes_assets/night_stand/022a43a26c350667919faa77b0b03bc7,/cpfs/user/zhuzihou/assets/dedup_workspaces/test0_transitive_apply_parallel/dataset/GRScenes_assets/night_stand/022a43a26c350667919faa77b0b03bc7/usd/022a43a26c350667919faa77b0b03bc7.usd
night_stand,08cf5e2713b27626e8f5f04c00eba056,tiny,object,734.439233,88.605743,8.288845,true,true,,0.006687,0.006924,55,tiny;tiny;tiny;tiny,/cpfs/user/zhuzihou/assets/dedup_workspaces/test0_transitive_apply_parallel/dataset/GRScenes_assets/night_stand/08cf5e2713b27626e8f5f04c00eba056,/cpfs/user/zhuzihou/assets/dedup_workspaces/test0_transitive_apply_parallel/dataset/GRScenes_assets/night_stand/08cf5e2713b27626e8f5f04c00eba056/usd/08cf5e2713b27626e8f5f04c00eba056.usd
night_stand,104f3a2cde543fc911db7a8d751f4005,tiny,object,669.829642,85.118983,7.869333,true,true,,0.005135,0.005379,47,tiny;tiny;tiny;tiny,/cpfs/user/zhuzihou/assets/dedup_workspaces/test0_transitive_apply_parallel/dataset/GRScenes_assets/night_stand/104f3a2cde543fc911db7a8d751f4005,/cpfs/user/zhuzihou/assets/dedup_workspaces/test0_transitive_apply_parallel/dataset/GRScenes_assets/night_stand/104f3a2cde543fc911db7a8d751f4005/usd/104f3a2cde543fc911db7a8d751f4005.usd
night_stand,15d7186ae42c48d37124d5ca6f5e077c,tiny,object,755.352270,91.975301,8.212556,true,true,,0.004860,0.005577,45,tiny;tiny;tiny;tiny,/cpfs/user/zhuzihou/assets/dedup_workspaces/test0_transitive_apply_parallel/dataset/GRScenes_assets/night_stand/15d7186ae42c48d37124d5ca6f5e077c,/cpfs/user/zhuzihou/assets/dedup_workspaces/test0_transitive_apply_parallel/dataset/GRScenes_assets/night_stand/15d7186ae42c48d37124d5ca6f5e077c/usd/15d7186ae42c48d37124d5ca6f5e077c.usd
night_stand,18af8fa1953ac5de94fa7dd18c70bbb0,tiny,object,671.367412,87.029629,7.714240,true,true,,0.008846,0.009228,59,tiny;tiny;tiny;tiny,/cpfs/user/zhuzihou/assets/dedup_workspaces/test0_transitive_apply_parallel/dataset/GRScenes_assets/night_stand/18af8fa1953ac5de94fa7dd18c70bbb0,/cpfs/user/zhuzihou/assets/dedup_workspaces/test0_transitive_apply_parallel/dataset/GRScenes_assets/night_stand/18af8fa1953ac5de94fa7dd18c70bbb0/usd/18af8fa1953ac5de94fa7dd18c70bbb0.usd
night_stand,1cc49bc9d06e2357b052f1d989676bae,tiny,object,669.829642,85.118988,7.869333,true,true,,0.005817,0.006104,46,tiny;tiny;tiny;tiny,/cpfs/user/zhuzihou/assets/dedup_workspaces/test0_transitive_apply_parallel/dataset/GRScenes_assets/night_stand/1cc49bc9d06e2357b052f1d989676bae,/cpfs/user/zhuzihou/assets/dedup_workspaces/test0_transitive_apply_parallel/dataset/GRScenes_assets/night_stand/1cc49bc9d06e2357b052f1d989676bae/usd/1cc49bc9d06e2357b052f1d989676bae.usd
night_stand,1ce5d254ecbcb6805120575d3dc02ff3,tiny,object,621.247641,70.035842,8.870424,true,true,,0.005234,0.006088,48,tiny;tiny;tiny;tiny,/cpfs/user/zhuzihou/assets/dedup_workspaces/test0_transitive_apply_parallel/dataset/GRScenes_assets/night_stand/1ce5d254ecbcb6805120575d3dc02ff3,/cpfs/user/zhuzihou/assets/dedup_workspaces/test0_transitive_apply_parallel/dataset/GRScenes_assets/night_stand/1ce5d254ecbcb6805120575d3dc02ff3/usd/1ce5d254ecbcb6805120575d3dc02ff3.usd
night_stand,220b937a2afc52c6c42977a02f9a443a,tiny,object,602.597754,73.106711,8.242715,true,true,,0.004986,0.005474,42,tiny;tiny;tiny;tiny,/cpfs/user/zhuzihou/assets/dedup_workspaces/test0_transitive_apply_parallel/dataset/GRScenes_assets/night_stand/220b937a2afc52c6c42977a02f9a443a,/cpfs/user/zhuzihou/assets/dedup_workspaces/test0_transitive_apply_parallel/dataset/GRScenes_assets/night_stand/220b937a2afc52c6c42977a02f9a443a/usd/220b937a2afc52c6c42977a02f9a443a.usd
night_stand,25f3417f99e91aba7ea17fa5cb9f961e,tiny,object,678.897072,80.924601,8.389255,true,true,,0.007046,0.007416,54,tiny;tiny;tiny;tiny,/cpfs/user/zhuzihou/assets/dedup_workspaces/test0_transitive_apply_parallel/dataset/GRScenes_assets/night_stand/25f3417f99e91aba7ea17fa5cb9f961e,/cpfs/user/zhuzihou/assets/dedup_workspaces/test0_transitive_apply_parallel/dataset/GRScenes_assets/night_stand/25f3417f99e91aba7ea17fa5cb9f961e/usd/25f3417f99e91aba7ea17fa5cb9f961e.usd
night_stand,292b1fde656c22795be764d96d190a1b,tiny,object,696.080562,88.127310,7.898580,true,true,,0.008575,0.008789,53,tiny;tiny;tiny;tiny,/cpfs/user/zhuzihou/assets/dedup_workspaces/test0_transitive_apply_parallel/dataset/GRScenes_assets/night_stand/292b1fde656c22795be764d96d190a1b,/cpfs/user/zhuzihou/assets/dedup_workspaces/test0_transitive_apply_parallel/dataset/GRScenes_assets/night_stand/292b1fde656c22795be764d96d190a1b/usd/292b1fde656c22795be764d96d190a1b.usd
night_stand,2962ab3bfb22a0a8e586577b30536414,tiny,object,711.951367,96.392324,7.385976,true,true,,0.009319,0.009861,61,tiny;tiny;tiny;tiny,/cpfs/user/zhuzihou/assets/dedup_workspaces/test0_transitive_apply_parallel/dataset/GRScenes_assets/night_stand/2962ab3bfb22a0a8e586577b30536414,/cpfs/user/zhuzihou/assets/dedup_workspaces/test0_transitive_apply_parallel/dataset/GRScenes_assets/night_stand/2962ab3bfb22a0a8e586577b30536414/usd/2962ab3bfb22a0a8e586577b30536414.usd
night_stand,2ebc98ff8b6550529d313d1edeb77cad,tiny,object,771.012306,84.292270,9.146892,true,true,,0.004826,0.005608,45,tiny;tiny;tiny;tiny,/cpfs/user/zhuzihou/assets/dedup_workspaces/test0_transitive_apply_parallel/dataset/GRScenes_assets/night_stand/2ebc98ff8b6550529d313d1edeb77cad,/cpfs/user/zhuzihou/assets/dedup_workspaces/test0_transitive_apply_parallel/dataset/GRScenes_assets/night_stand/2ebc98ff8b6550529d313d1edeb77cad/usd/2ebc98ff8b6550529d313d1edeb77cad.usd
night_stand,3e556f315b1a2c167ca41e3236a2e7e2,tiny,object,623.008145,75.860441,8.212556,true,true,,0.004826,0.005577,45,tiny;tiny;tiny;tiny,/cpfs/user/zhuzihou/assets/dedup_workspaces/test0_transitive_apply_parallel/dataset/GRScenes_assets/night_stand/3e556f315b1a2c167ca41e3236a2e7e2,/cpfs/user/zhuzihou/assets/dedup_workspaces/test0_transitive_apply_parallel/dataset/GRScenes_assets/night_stand/3e556f315b1a2c167ca41e3236a2e7e2/usd/3e556f315b1a2c167ca41e3236a2e7e2.usd
night_stand,455aaad5fb2743c30c163a129047a258,tiny,object,602.597754,73.106711,8.242715,true,true,,0.004986,0.005474,42,tiny;tiny;tiny;tiny,/cpfs/user/zhuzihou/assets/dedup_workspaces/test0_transitive_apply_parallel/dataset/GRScenes_assets/night_stand/455aaad5fb2743c30c163a129047a258,/cpfs/user/zhuzihou/assets/dedup_workspaces/test0_transitive_apply_parallel/dataset/GRScenes_assets/night_stand/455aaad5fb2743c30c163a129047a258/usd/455aaad5fb2743c30c163a129047a258.usd
night_stand,4747437e414b11c276bab5161ed8d727,tiny,object,801.759060,99.838491,8.030561,true,true,,0.005367,0.005539,49,tiny;tiny;tiny;tiny,/cpfs/user/zhuzihou/assets/dedup_workspaces/test0_transitive_apply_parallel/dataset/GRScenes_assets/night_stand/4747437e414b11c276bab5161ed8d727,/cpfs/user/zhuzihou/assets/dedup_workspaces/test0_transitive_apply_parallel/dataset/GRScenes_assets/night_stand/4747437e414b11c276bab5161ed8d727/usd/4747437e414b11c276bab5161ed8d727.usd
night_stand,575078010adac7f14318eac278ce24d5,tiny,object,696.080562,88.127317,7.898579,true,true,,0.008575,0.008789,54,tiny;tiny;tiny;tiny,/cpfs/user/zhuzihou/assets/dedup_workspaces/test0_transitive_apply_parallel/dataset/GRScenes_assets/night_stand/575078010adac7f14318eac278ce24d5,/cpfs/user/zhuzihou/assets/dedup_workspaces/test0_transitive_apply_parallel/dataset/GRScenes_assets/night_stand/575078010adac7f14318eac278ce24d5/usd/575078010adac7f14318eac278ce24d5.usd
night_stand,627f5d31c8996749a1f33bfef27562f3,tiny,object,808.141341,87.456501,9.240495,true,true,,0.004566,0.005447,45,tiny;tiny;tiny;tiny,/cpfs/user/zhuzihou/assets/dedup_workspaces/test0_transitive_apply_parallel/dataset/GRScenes_assets/night_stand/627f5d31c8996749a1f33bfef27562f3,/cpfs/user/zhuzihou/assets/dedup_workspaces/test0_transitive_apply_parallel/dataset/GRScenes_assets/night_stand/627f5d31c8996749a1f33bfef27562f3/usd/627f5d31c8996749a1f33bfef27562f3.usd
night_stand,67f22500cb5703ac241d3a86fd0fc788,tiny,object,836.701299,80.328379,10.416011,true,true,,0.004719,0.004910,39,tiny;tiny;tiny;tiny,/cpfs/user/zhuzihou/assets/dedup_workspaces/test0_transitive_apply_parallel/dataset/GRScenes_assets/night_stand/67f22500cb5703ac241d3a86fd0fc788,/cpfs/user/zhuzihou/assets/dedup_workspaces/test0_transitive_apply_parallel/dataset/GRScenes_assets/night_stand/67f22500cb5703ac241d3a86fd0fc788/usd/67f22500cb5703ac241d3a86fd0fc788.usd
night_stand,8fdaa375a0218fb720bdf1a27defc5e6,tiny,object,836.701299,80.328381,10.416011,true,true,,0.004982,0.005577,43,tiny;tiny;tiny;tiny,/cpfs/user/zhuzihou/assets/dedup_workspaces/test0_transitive_apply_parallel/dataset/GRScenes_assets/night_stand/8fdaa375a0218fb720bdf1a27defc5e6,/cpfs/user/zhuzihou/assets/dedup_workspaces/test0_transitive_apply_parallel/dataset/GRScenes_assets/night_stand/8fdaa375a0218fb720bdf1a27defc5e6/usd/8fdaa375a0218fb720bdf1a27defc5e6.usd
night_stand,97b304b5e974d669ce659fa1e5244544,tiny,object,664.433710,85.940386,7.731333,true,true,,0.008923,0.009453,59,tiny;tiny;tiny;tiny,/cpfs/user/zhuzihou/assets/dedup_workspaces/test0_transitive_apply_parallel/dataset/GRScenes_assets/night_stand/97b304b5e974d669ce659fa1e5244544,/cpfs/user/zhuzihou/assets/dedup_workspaces/test0_transitive_apply_parallel/dataset/GRScenes_assets/night_stand/97b304b5e974d669ce659fa1e5244544/usd/97b304b5e974d669ce659fa1e5244544.usd
night_stand,a2ddef46d56c4678f980fe98f83446a7,tiny,object,696.080562,88.127314,7.898579,true,true,,0.008575,0.008789,54,tiny;tiny;tiny;tiny,/cpfs/user/zhuzihou/assets/dedup_workspaces/test0_transitive_apply_parallel/dataset/GRScenes_assets/night_stand/a2ddef46d56c4678f980fe98f83446a7,/cpfs/user/zhuzihou/assets/dedup_workspaces/test0_transitive_apply_parallel/dataset/GRScenes_assets/night_stand/a2ddef46d56c4678f980fe98f83446a7/usd/a2ddef46d56c4678f980fe98f83446a7.usd
night_stand,c549f68ee47fa75be1a5c60ae7ba9877,tiny,object,808.141341,87.456497,9.240495,true,true,,0.004704,0.005222,40,tiny;tiny;tiny;tiny,/cpfs/user/zhuzihou/assets/dedup_workspaces/test0_transitive_apply_parallel/dataset/GRScenes_assets/night_stand/c549f68ee47fa75be1a5c60ae7ba9877,/cpfs/user/zhuzihou/assets/dedup_workspaces/test0_transitive_apply_parallel/dataset/GRScenes_assets/night_stand/c549f68ee47fa75be1a5c60ae7ba9877/usd/c549f68ee47fa75be1a5c60ae7ba9877.usd
night_stand,cd5b9b5e22e75a0793cef771acea0638,tiny,object,713.880643,79.749703,8.951515,true,true,,0.005531,0.006317,52,tiny;tiny;tiny;tiny,/cpfs/user/zhuzihou/assets/dedup_workspaces/test0_transitive_apply_parallel/dataset/GRScenes_assets/night_stand/cd5b9b5e22e75a0793cef771acea0638,/cpfs/user/zhuzihou/assets/dedup_workspaces/test0_transitive_apply_parallel/dataset/GRScenes_assets/night_stand/cd5b9b5e22e75a0793cef771acea0638/usd/cd5b9b5e22e75a0793cef771acea0638.usd
night_stand,d3e04c10c8772a331dc8862f35432f31,tiny,object,612.955626,79.249510,7.734504,true,true,,0.009216,0.009682,54,tiny;tiny;tiny;tiny,/cpfs/user/zhuzihou/assets/dedup_workspaces/test0_transitive_apply_parallel/dataset/GRScenes_assets/night_stand/d3e04c10c8772a331dc8862f35432f31,/cpfs/user/zhuzihou/assets/dedup_workspaces/test0_transitive_apply_parallel/dataset/GRScenes_assets/night_stand/d3e04c10c8772a331dc8862f35432f31/usd/d3e04c10c8772a331dc8862f35432f31.usd
oven,0a1bf80ef09015401016ad90cb2d2487,tiny,object,796.797649,77.871292,10.232239,true,true,,0.004410,0.004669,40,tiny;tiny;tiny;tiny,/cpfs/user/zhuzihou/assets/dedup_workspaces/test0_transitive_apply_parallel/dataset/GRScenes_assets/oven/0a1bf80ef09015401016ad90cb2d2487,/cpfs/user/zhuzihou/assets/dedup_workspaces/test0_transitive_apply_parallel/dataset/GRScenes_assets/oven/0a1bf80ef09015401016ad90cb2d2487/usd/0a1bf80ef09015401016ad90cb2d2487.usd
oven,0cd771e47802da6eda4f33c3712eec31,tiny,object,1221.261660,66.321416,18.414288,true,true,,0.001503,0.001595,25,blank;tiny;tiny;tiny,/cpfs/user/zhuzihou/assets/dedup_workspaces/test0_transitive_apply_parallel/dataset/GRScenes_assets/oven/0cd771e47802da6eda4f33c3712eec31,/cpfs/user/zhuzihou/assets/dedup_workspaces/test0_transitive_apply_parallel/dataset/GRScenes_assets/oven/0cd771e47802da6eda4f33c3712eec31/usd/0cd771e47802da6eda4f33c3712eec31.usd
oven,0d7f4fa7b1834136f81e2f300b26dbdb,tiny,object,1131.240474,101.822023,11.109978,true,true,,0.003056,0.003174,34,tiny;tiny;tiny;tiny,/cpfs/user/zhuzihou/assets/dedup_workspaces/test0_transitive_apply_parallel/dataset/GRScenes_assets/oven/0d7f4fa7b1834136f81e2f300b26dbdb,/cpfs/user/zhuzihou/assets/dedup_workspaces/test0_transitive_apply_parallel/dataset/GRScenes_assets/oven/0d7f4fa7b1834136f81e2f300b26dbdb/usd/0d7f4fa7b1834136f81e2f300b26dbdb.usd
oven,1034b812399affdb925cd6d99f9eb182,tiny,object,723.130776,69.655953,10.381464,true,true,,0.003265,0.003429,36,tiny;tiny;tiny;tiny,/cpfs/user/zhuzihou/assets/dedup_workspaces/test0_transitive_apply_parallel/dataset/GRScenes_assets/oven/1034b812399affdb925cd6d99f9eb182,/cpfs/user/zhuzihou/assets/dedup_workspaces/test0_transitive_apply_parallel/dataset/GRScenes_assets/oven/1034b812399affdb925cd6d99f9eb182/usd/1034b812399affdb925cd6d99f9eb182.usd
oven,1ca0f9d0421484cb7eb64c8492def362,tiny,object,595.117268,64.712869,9.196274,true,true,,0.003960,0.004730,43,tiny;tiny;tiny;tiny,/cpfs/user/zhuzihou/assets/dedup_workspaces/test0_transitive_apply_parallel/dataset/GRScenes_assets/oven/1ca0f9d0421484cb7eb64c8492def362,/cpfs/user/zhuzihou/assets/dedup_workspaces/test0_transitive_apply_parallel/dataset/GRScenes_assets/oven/1ca0f9d0421484cb7eb64c8492def362/usd/1ca0f9d0421484cb7eb64c8492def362.usd
oven,36b88dc28f1884dec8697ed623fb1e32,tiny,object,3108.584830,80.375392,38.675828,true,true,,0.001011,0.001087,19,blank;blank;blank;tiny,/cpfs/user/zhuzihou/assets/dedup_workspaces/test0_transitive_apply_parallel/dataset/GRScenes_assets/oven/36b88dc28f1884dec8697ed623fb1e32,/cpfs/user/zhuzihou/assets/dedup_workspaces/test0_transitive_apply_parallel/dataset/GRScenes_assets/oven/36b88dc28f1884dec8697ed623fb1e32/usd/36b88dc28f1884dec8697ed623fb1e32.usd
oven,3a1c2d2332ba38d96c8ea690869b3ba5,tiny,object,1154.074612,87.125547,13.246110,true,true,,0.002789,0.002884,29,tiny;tiny;tiny;tiny,/cpfs/user/zhuzihou/assets/dedup_workspaces/test0_transitive_apply_parallel/dataset/GRScenes_assets/oven/3a1c2d2332ba38d96c8ea690869b3ba5,/cpfs/user/zhuzihou/assets/dedup_workspaces/test0_transitive_apply_parallel/dataset/GRScenes_assets/oven/3a1c2d2332ba38d96c8ea690869b3ba5/usd/3a1c2d2332ba38d96c8ea690869b3ba5.usd
oven,3e33c8b47fb8346f72b29ee3ac9a5719,tiny,object,694.490100,71.346880,9.733994,true,true,,0.003204,0.004280,38,tiny;tiny;tiny;tiny,/cpfs/user/zhuzihou/assets/dedup_workspaces/test0_transitive_apply_parallel/dataset/GRScenes_assets/oven/3e33c8b47fb8346f72b29ee3ac9a5719,/cpfs/user/zhuzihou/assets/dedup_workspaces/test0_transitive_apply_parallel/dataset/GRScenes_assets/oven/3e33c8b47fb8346f72b29ee3ac9a5719/usd/3e33c8b47fb8346f72b29ee3ac9a5719.usd
oven,5b1c89a42e86a712ed29b716d18b99a0,tiny,object,1051.125243,105.112521,10.000000,true,true,,0.005173,0.005558,47,tiny;tiny;tiny;tiny,/cpfs/user/zhuzihou/assets/dedup_workspaces/test0_transitive_apply_parallel/dataset/GRScenes_assets/oven/5b1c89a42e86a712ed29b716d18b99a0,/cpfs/user/zhuzihou/assets/dedup_workspaces/test0_transitive_apply_parallel/dataset/GRScenes_assets/oven/5b1c89a42e86a712ed29b716d18b99a0/usd/5b1c89a42e86a712ed29b716d18b99a0.usd
oven,68c60552da2847f069e21445bedc1574,tiny,object,399.922119,40.230437,9.940785,true,true,,0.003620,0.003891,36,tiny;tiny;tiny;tiny,/cpfs/user/zhuzihou/assets/dedup_workspaces/test0_transitive_apply_parallel/dataset/GRScenes_assets/oven/68c60552da2847f069e21445bedc1574,/cpfs/user/zhuzihou/assets/dedup_workspaces/test0_transitive_apply_parallel/dataset/GRScenes_assets/oven/68c60552da2847f069e21445bedc1574/usd/68c60552da2847f069e21445bedc1574.usd
oven,788fc735d70d3612b976c842dfcf4597,tiny,object,1655.889687,104.417036,15.858425,true,true,,0.001766,0.001907,25,tiny;tiny;tiny;tiny,/cpfs/user/zhuzihou/assets/dedup_workspaces/test0_transitive_apply_parallel/dataset/GRScenes_assets/oven/788fc735d70d3612b976c842dfcf4597,/cpfs/user/zhuzihou/assets/dedup_workspaces/test0_transitive_apply_parallel/dataset/GRScenes_assets/oven/788fc735d70d3612b976c842dfcf4597/usd/788fc735d70d3612b976c842dfcf4597.usd
oven,795baecc701e2a500d358f9fdb102590,tiny,object,482.194213,49.537143,9.733993,true,true,,0.004208,0.004410,39,tiny;tiny;tiny;tiny,/cpfs/user/zhuzihou/assets/dedup_workspaces/test0_transitive_apply_parallel/dataset/GRScenes_assets/oven/795baecc701e2a500d358f9fdb102590,/cpfs/user/zhuzihou/assets/dedup_workspaces/test0_transitive_apply_parallel/dataset/GRScenes_assets/oven/795baecc701e2a500d358f9fdb102590/usd/795baecc701e2a500d358f9fdb102590.usd
oven,824ab4a72c24307c3004eb1247423530,tiny,object,798.849522,79.884956,10.000000,true,true,,0.003822,0.004120,40,tiny;tiny;tiny;tiny,/cpfs/user/zhuzihou/assets/dedup_workspaces/test0_transitive_apply_parallel/dataset/GRScenes_assets/oven/824ab4a72c24307c3004eb1247423530,/cpfs/user/zhuzihou/assets/dedup_workspaces/test0_transitive_apply_parallel/dataset/GRScenes_assets/oven/824ab4a72c24307c3004eb1247423530/usd/824ab4a72c24307c3004eb1247423530.usd
oven,a869146e06722a6dde8974ac8db57008,tiny,object,399.922119,40.230437,9.940785,true,true,,0.003616,0.004120,36,tiny;tiny;tiny;tiny,/cpfs/user/zhuzihou/assets/dedup_workspaces/test0_transitive_apply_parallel/dataset/GRScenes_assets/oven/a869146e06722a6dde8974ac8db57008,/cpfs/user/zhuzihou/assets/dedup_workspaces/test0_transitive_apply_parallel/dataset/GRScenes_assets/oven/a869146e06722a6dde8974ac8db57008/usd/a869146e06722a6dde8974ac8db57008.usd
oven,c5b60664efcb2ec7bfe614dbeed8ff65,tiny,object,749.035490,71.336478,10.500035,true,true,,0.004112,0.004349,38,tiny;tiny;tiny;tiny,/cpfs/user/zhuzihou/assets/dedup_workspaces/test0_transitive_apply_parallel/dataset/GRScenes_assets/oven/c5b60664efcb2ec7bfe614dbeed8ff65,/cpfs/user/zhuzihou/assets/dedup_workspaces/test0_transitive_apply_parallel/dataset/GRScenes_assets/oven/c5b60664efcb2ec7bfe614dbeed8ff65/usd/c5b60664efcb2ec7bfe614dbeed8ff65.usd
oven,d243ac02accbd2a3d18b49f55048eec3,tiny,object,482.194213,49.537139,9.733994,true,true,,0.004063,0.004280,38,tiny;tiny;tiny;tiny,/cpfs/user/zhuzihou/assets/dedup_workspaces/test0_transitive_apply_parallel/dataset/GRScenes_assets/oven/d243ac02accbd2a3d18b49f55048eec3,/cpfs/user/zhuzihou/assets/dedup_workspaces/test0_transitive_apply_parallel/dataset/GRScenes_assets/oven/d243ac02accbd2a3d18b49f55048eec3/usd/d243ac02accbd2a3d18b49f55048eec3.usd
oven,dacebc82d4781aface3ee7be4780239f,tiny,object,1655.889687,104.417038,15.858424,true,true,,0.001652,0.001884,26,tiny;tiny;tiny;tiny,/cpfs/user/zhuzihou/assets/dedup_workspaces/test0_transitive_apply_parallel/dataset/GRScenes_assets/oven/dacebc82d4781aface3ee7be4780239f,/cpfs/user/zhuzihou/assets/dedup_workspaces/test0_transitive_apply_parallel/dataset/GRScenes_assets/oven/dacebc82d4781aface3ee7be4780239f/usd/dacebc82d4781aface3ee7be4780239f.usd
oven,def9009200bd6ea5aa7fcfe150a5234d,tiny,object,1124.246765,100.575529,11.178134,true,true,,0.003006,0.003174,33,tiny;tiny;tiny;tiny,/cpfs/user/zhuzihou/assets/dedup_workspaces/test0_transitive_apply_parallel/dataset/GRScenes_assets/oven/def9009200bd6ea5aa7fcfe150a5234d,/cpfs/user/zhuzihou/assets/dedup_workspaces/test0_transitive_apply_parallel/dataset/GRScenes_assets/oven/def9009200bd6ea5aa7fcfe150a5234d/usd/def9009200bd6ea5aa7fcfe150a5234d.usd
oven,e458aa5c5cb800cccf823a16ac8e425a,tiny,object,1161.603866,87.188950,13.322833,true,true,,0.002533,0.002686,32,tiny;tiny;tiny;tiny,/cpfs/user/zhuzihou/assets/dedup_workspaces/test0_transitive_apply_parallel/dataset/GRScenes_assets/oven/e458aa5c5cb800cccf823a16ac8e425a,/cpfs/user/zhuzihou/assets/dedup_workspaces/test0_transitive_apply_parallel/dataset/GRScenes_assets/oven/e458aa5c5cb800cccf823a16ac8e425a/usd/e458aa5c5cb800cccf823a16ac8e425a.usd
pan,01a7be11379ee255f08e612ff79b394d,tiny,object,568.885464,57.347332,9.919999,true,true,,0.001827,0.003296,36,blank;tiny;blank;tiny,/cpfs/user/zhuzihou/assets/dedup_workspaces/test0_transitive_apply_parallel/dataset/GRScenes_assets/pan/01a7be11379ee255f08e612ff79b394d,/cpfs/user/zhuzihou/assets/dedup_workspaces/test0_transitive_apply_parallel/dataset/GRScenes_assets/pan/01a7be11379ee255f08e612ff79b394d/usd/01a7be11379ee255f08e612ff79b394d.usd
pan,02adee1c7cad46ab0aa12aed9d5d5884,tiny,object,378.041960,46.850149,8.069173,true,true,,0.003059,0.006233,43,tiny;tiny;tiny;tiny,/cpfs/user/zhuzihou/assets/dedup_workspaces/test0_transitive_apply_parallel/dataset/GRScenes_assets/pan/02adee1c7cad46ab0aa12aed9d5d5884,/cpfs/user/zhuzihou/assets/dedup_workspaces/test0_transitive_apply_parallel/dataset/GRScenes_assets/pan/02adee1c7cad46ab0aa12aed9d5d5884/usd/02adee1c7cad46ab0aa12aed9d5d5884.usd
pan,0504a5e019533069975cd0dca7e7163b,tiny,object,437.171314,46.036445,9.496201,true,true,,0.002850,0.004280,34,tiny;tiny;tiny;tiny,/cpfs/user/zhuzihou/assets/dedup_workspaces/test0_transitive_apply_parallel/dataset/GRScenes_assets/pan/0504a5e019533069975cd0dca7e7163b,/cpfs/user/zhuzihou/assets/dedup_workspaces/test0_transitive_apply_parallel/dataset/GRScenes_assets/pan/0504a5e019533069975cd0dca7e7163b/usd/0504a5e019533069975cd0dca7e7163b.usd
pan,0600730eb3e5a2ebf62d72e970c686e4,blank,object,38597.352546,68.953101,559.762389,true,true,,0.000008,0.000008,2,blank;blank;blank;blank,/cpfs/user/zhuzihou/assets/dedup_workspaces/test0_transitive_apply_parallel/dataset/GRScenes_assets/pan/0600730eb3e5a2ebf62d72e970c686e4,/cpfs/user/zhuzihou/assets/dedup_workspaces/test0_transitive_apply_parallel/dataset/GRScenes_assets/pan/0600730eb3e5a2ebf62d72e970c686e4/usd/0600730eb3e5a2ebf62d72e970c686e4.usd
pan,08fbe0a1ce8a7326bf1da4cfa0623410,tiny,object,384.334816,53.868601,7.134672,true,true,,0.003365,0.006180,55,tiny;tiny;tiny;tiny,/cpfs/user/zhuzihou/assets/dedup_workspaces/test0_transitive_apply_parallel/dataset/GRScenes_assets/pan/08fbe0a1ce8a7326bf1da4cfa0623410,/cpfs/user/zhuzihou/assets/dedup_workspaces/test0_transitive_apply_parallel/dataset/GRScenes_assets/pan/08fbe0a1ce8a7326bf1da4cfa0623410/usd/08fbe0a1ce8a7326bf1da4cfa0623410.usd
pan,17adf5040334278b70b26ac73bc72282,tiny,object,499.592514,51.375371,9.724358,true,true,,0.002655,0.003914,38,tiny;tiny;tiny;tiny,/cpfs/user/zhuzihou/assets/dedup_workspaces/test0_transitive_apply_parallel/dataset/GRScenes_assets/pan/17adf5040334278b70b26ac73bc72282,/cpfs/user/zhuzihou/assets/dedup_workspaces/test0_transitive_apply_parallel/dataset/GRScenes_assets/pan/17adf5040334278b70b26ac73bc72282/usd/17adf5040334278b70b26ac73bc72282.usd
pan,1b5bb51f3fbc2b0cb57848bd209d696a,tiny,object,606.321235,61.670835,9.831572,true,true,,0.002636,0.003769,38,blank;tiny;blank;tiny,/cpfs/user/zhuzihou/assets/dedup_workspaces/test0_transitive_apply_parallel/dataset/GRScenes_assets/pan/1b5bb51f3fbc2b0cb57848bd209d696a,/cpfs/user/zhuzihou/assets/dedup_workspaces/test0_transitive_apply_parallel/dataset/GRScenes_assets/pan/1b5bb51f3fbc2b0cb57848bd209d696a/usd/1b5bb51f3fbc2b0cb57848bd209d696a.usd
pan,1df8c70e5c72a326ca6f0525593a4f41,blank,object,40636.235695,61.939770,656.060488,true,true,,0.000011,0.000015,2,blank;blank;blank;blank,/cpfs/user/zhuzihou/assets/dedup_workspaces/test0_transitive_apply_parallel/dataset/GRScenes_assets/pan/1df8c70e5c72a326ca6f0525593a4f41,/cpfs/user/zhuzihou/assets/dedup_workspaces/test0_transitive_apply_parallel/dataset/GRScenes_assets/pan/1df8c70e5c72a326ca6f0525593a4f41/usd/1df8c70e5c72a326ca6f0525593a4f41.usd
pan,2101b39b31e177e3271679c905a18f4b,tiny,object,355.987581,53.965048,6.596632,true,true,,0.003700,0.007332,62,tiny;tiny;tiny;tiny,/cpfs/user/zhuzihou/assets/dedup_workspaces/test0_transitive_apply_parallel/dataset/GRScenes_assets/pan/2101b39b31e177e3271679c905a18f4b,/cpfs/user/zhuzihou/assets/dedup_workspaces/test0_transitive_apply_parallel/dataset/GRScenes_assets/pan/2101b39b31e177e3271679c905a18f4b/usd/2101b39b31e177e3271679c905a18f4b.usd
pan,24c1979e44794b7f2b38a2e208075e03,tiny,object,259.115033,39.442250,6.569479,true,true,,0.003910,0.006943,65,tiny;tiny;tiny;tiny,/cpfs/user/zhuzihou/assets/dedup_workspaces/test0_transitive_apply_parallel/dataset/GRScenes_assets/pan/24c1979e44794b7f2b38a2e208075e03,/cpfs/user/zhuzihou/assets/dedup_workspaces/test0_transitive_apply_parallel/dataset/GRScenes_assets/pan/24c1979e44794b7f2b38a2e208075e03/usd/24c1979e44794b7f2b38a2e208075e03.usd
pan,2c92247afa5a777a6c821d6260d0e99a,tiny,object,470.252787,47.834144,9.830902,true,true,,0.002411,0.003204,33,tiny;tiny;tiny;tiny,/cpfs/user/zhuzihou/assets/dedup_workspaces/test0_transitive_apply_parallel/dataset/GRScenes_assets/pan/2c92247afa5a777a6c821d6260d0e99a,/cpfs/user/zhuzihou/assets/dedup_workspaces/test0_transitive_apply_parallel/dataset/GRScenes_assets/pan/2c92247afa5a777a6c821d6260d0e99a/usd/2c92247afa5a777a6c821d6260d0e99a.usd
pan,42851000dabef25dcc9c8084b54bd535,tiny,object,326.837045,32.683704,10.000000,true,true,,0.002346,0.002991,28,tiny;tiny;tiny;tiny,/cpfs/user/zhuzihou/assets/dedup_workspaces/test0_transitive_apply_parallel/dataset/GRScenes_assets/pan/42851000dabef25dcc9c8084b54bd535,/cpfs/user/zhuzihou/assets/dedup_workspaces/test0_transitive_apply_parallel/dataset/GRScenes_assets/pan/42851000dabef25dcc9c8084b54bd535/usd/42851000dabef25dcc9c8084b54bd535.usd
pan,46dfc371c2fd2d123c4fd47880c31be6,tiny,object,387.006398,60.147409,6.434299,true,true,,0.003937,0.008041,62,tiny;tiny;tiny;tiny,/cpfs/user/zhuzihou/assets/dedup_workspaces/test0_transitive_apply_parallel/dataset/GRScenes_assets/pan/46dfc371c2fd2d123c4fd47880c31be6,/cpfs/user/zhuzihou/assets/dedup_workspaces/test0_transitive_apply_parallel/dataset/GRScenes_assets/pan/46dfc371c2fd2d123c4fd47880c31be6/usd/46dfc371c2fd2d123c4fd47880c31be6.usd
pan,4f44e5f209111ade3d47da8d18a5a5f0,tiny,object,497.502729,52.099577,9.549074,true,true,,0.002480,0.004059,38,tiny;tiny;tiny;tiny,/cpfs/user/zhuzihou/assets/dedup_workspaces/test0_transitive_apply_parallel/dataset/GRScenes_assets/pan/4f44e5f209111ade3d47da8d18a5a5f0,/cpfs/user/zhuzihou/assets/dedup_workspaces/test0_transitive_apply_parallel/dataset/GRScenes_assets/pan/4f44e5f209111ade3d47da8d18a5a5f0/usd/4f44e5f209111ade3d47da8d18a5a5f0.usd
pan,51858c505bdb341841548654fd16d1be,tiny,object,383.728062,57.592933,6.662763,true,true,,0.003456,0.006744,52,tiny;tiny;tiny;tiny,/cpfs/user/zhuzihou/assets/dedup_workspaces/test0_transitive_apply_parallel/dataset/GRScenes_assets/pan/51858c505bdb341841548654fd16d1be,/cpfs/user/zhuzihou/assets/dedup_workspaces/test0_transitive_apply_parallel/dataset/GRScenes_assets/pan/51858c505bdb341841548654fd16d1be/usd/51858c505bdb341841548654fd16d1be.usd
pan,536cf7bc12df75800bfba942d19cba0c,tiny,object,270.494385,36.461256,7.418680,true,true,,0.003616,0.006180,54,tiny;tiny;tiny;tiny,/cpfs/user/zhuzihou/assets/dedup_workspaces/test0_transitive_apply_parallel/dataset/GRScenes_assets/pan/536cf7bc12df75800bfba942d19cba0c,/cpfs/user/zhuzihou/assets/dedup_workspaces/test0_transitive_apply_parallel/dataset/GRScenes_assets/pan/536cf7bc12df75800bfba942d19cba0c/usd/536cf7bc12df75800bfba942d19cba0c.usd
pan,588e5f2f4c86d3bccd26d11b7b383adc,tiny,object,405.319115,42.103152,9.626812,true,true,,0.002537,0.003624,38,tiny;tiny;tiny;tiny,/cpfs/user/zhuzihou/assets/dedup_workspaces/test0_transitive_apply_parallel/dataset/GRScenes_assets/pan/588e5f2f4c86d3bccd26d11b7b383adc,/cpfs/user/zhuzihou/assets/dedup_workspaces/test0_transitive_apply_parallel/dataset/GRScenes_assets/pan/588e5f2f4c86d3bccd26d11b7b383adc/usd/588e5f2f4c86d3bccd26d11b7b383adc.usd
pan,633c3ed0863789876816eff1780a7814,tiny,object,497.502729,52.099577,9.549074,true,true,,0.002323,0.003174,34,tiny;tiny;tiny;tiny,/cpfs/user/zhuzihou/assets/dedup_workspaces/test0_transitive_apply_parallel/dataset/GRScenes_assets/pan/633c3ed0863789876816eff1780a7814,/cpfs/user/zhuzihou/assets/dedup_workspaces/test0_transitive_apply_parallel/dataset/GRScenes_assets/pan/633c3ed0863789876816eff1780a7814/usd/633c3ed0863789876816eff1780a7814.usd
pan,69be890f9c2245955b1fbe3672def39d,tiny,object,386.233816,49.319955,7.831187,true,true,,0.003654,0.005676,48,tiny;tiny;tiny;tiny,/cpfs/user/zhuzihou/assets/dedup_workspaces/test0_transitive_apply_parallel/dataset/GRScenes_assets/pan/69be890f9c2245955b1fbe3672def39d,/cpfs/user/zhuzihou/assets/dedup_workspaces/test0_transitive_apply_parallel/dataset/GRScenes_assets/pan/69be890f9c2245955b1fbe3672def39d/usd/69be890f9c2245955b1fbe3672def39d.usd
pan,70dca6ed63d9a4eef4192a43b66661f3,tiny,object,412.104712,42.672823,9.657311,true,true,,0.002750,0.003983,36,tiny;tiny;tiny;tiny,/cpfs/user/zhuzihou/assets/dedup_workspaces/test0_transitive_apply_parallel/dataset/GRScenes_assets/pan/70dca6ed63d9a4eef4192a43b66661f3,/cpfs/user/zhuzihou/assets/dedup_workspaces/test0_transitive_apply_parallel/dataset/GRScenes_assets/pan/70dca6ed63d9a4eef4192a43b66661f3/usd/70dca6ed63d9a4eef4192a43b66661f3.usd
pan,782d910659209cc93a6c6803c68198f5,blank,object,33010.561724,57.210810,576.998681,true,true,,0.000008,0.000008,2,blank;blank;blank;blank,/cpfs/user/zhuzihou/assets/dedup_workspaces/test0_transitive_apply_parallel/dataset/GRScenes_assets/pan/782d910659209cc93a6c6803c68198f5,/cpfs/user/zhuzihou/assets/dedup_workspaces/test0_transitive_apply_parallel/dataset/GRScenes_assets/pan/782d910659209cc93a6c6803c68198f5/usd/782d910659209cc93a6c6803c68198f5.usd
pan,7b267f9ed57505568267dcd2c26935d5,blank,object,1158.679230,38.489205,30.104005,true,true,,0.000435,0.000595,13,blank;blank;blank;blank,/cpfs/user/zhuzihou/assets/dedup_workspaces/test0_transitive_apply_parallel/dataset/GRScenes_assets/pan/7b267f9ed57505568267dcd2c26935d5,/cpfs/user/zhuzihou/assets/dedup_workspaces/test0_transitive_apply_parallel/dataset/GRScenes_assets/pan/7b267f9ed57505568267dcd2c26935d5/usd/7b267f9ed57505568267dcd2c26935d5.usd
pan,7cecdf5dae3e24a2c8de4e7de403c21c,tiny,object,577.039264,52.626309,10.964844,true,true,,0.002136,0.002975,30,tiny;tiny;tiny;tiny,/cpfs/user/zhuzihou/assets/dedup_workspaces/test0_transitive_apply_parallel/dataset/GRScenes_assets/pan/7cecdf5dae3e24a2c8de4e7de403c21c,/cpfs/user/zhuzihou/assets/dedup_workspaces/test0_transitive_apply_parallel/dataset/GRScenes_assets/pan/7cecdf5dae3e24a2c8de4e7de403c21c/usd/7cecdf5dae3e24a2c8de4e7de403c21c.usd
pan,8053bab10943fd5dd541d473c8ca358f,tiny,object,359.958749,50.821974,7.082738,true,true,,0.003624,0.006714,55,tiny;tiny;tiny;tiny,/cpfs/user/zhuzihou/assets/dedup_workspaces/test0_transitive_apply_parallel/dataset/GRScenes_assets/pan/8053bab10943fd5dd541d473c8ca358f,/cpfs/user/zhuzihou/assets/dedup_workspaces/test0_transitive_apply_parallel/dataset/GRScenes_assets/pan/8053bab10943fd5dd541d473c8ca358f/usd/8053bab10943fd5dd541d473c8ca358f.usd
pan,941138c5b86d194075e5f3204519935e,blank,object,385973.525455,68.953102,5597.623794,true,true,,0.000000,0.000000,0,blank;blank;blank;blank,/cpfs/user/zhuzihou/assets/dedup_workspaces/test0_transitive_apply_parallel/dataset/GRScenes_assets/pan/941138c5b86d194075e5f3204519935e,/cpfs/user/zhuzihou/assets/dedup_workspaces/test0_transitive_apply_parallel/dataset/GRScenes_assets/pan/941138c5b86d194075e5f3204519935e/usd/941138c5b86d194075e5f3204519935e.usd
pan,982df693580bfa5b77dc942985264037,tiny,object,441.411674,45.071650,9.793555,true,true,,0.001759,0.003365,42,tiny;tiny;tiny;tiny,/cpfs/user/zhuzihou/assets/dedup_workspaces/test0_transitive_apply_parallel/dataset/GRScenes_assets/pan/982df693580bfa5b77dc942985264037,/cpfs/user/zhuzihou/assets/dedup_workspaces/test0_transitive_apply_parallel/dataset/GRScenes_assets/pan/982df693580bfa5b77dc942985264037/usd/982df693580bfa5b77dc942985264037.usd
pan,a462ba216638bafe02b2bde856092e91,tiny,object,424.960404,45.113209,9.419866,true,true,,0.002644,0.003525,36,tiny;tiny;tiny;tiny,/cpfs/user/zhuzihou/assets/dedup_workspaces/test0_transitive_apply_parallel/dataset/GRScenes_assets/pan/a462ba216638bafe02b2bde856092e91,/cpfs/user/zhuzihou/assets/dedup_workspaces/test0_transitive_apply_parallel/dataset/GRScenes_assets/pan/a462ba216638bafe02b2bde856092e91/usd/a462ba216638bafe02b2bde856092e91.usd
pan,a8b062bcbfbc45897b78bd5294f14927,tiny,object,480.280241,65.222357,7.363736,true,true,,0.002281,0.004562,52,tiny;tiny;tiny;tiny,/cpfs/user/zhuzihou/assets/dedup_workspaces/test0_transitive_apply_parallel/dataset/GRScenes_assets/pan/a8b062bcbfbc45897b78bd5294f14927,/cpfs/user/zhuzihou/assets/dedup_workspaces/test0_transitive_apply_parallel/dataset/GRScenes_assets/pan/a8b062bcbfbc45897b78bd5294f14927/usd/a8b062bcbfbc45897b78bd5294f14927.usd
pan,ab5f4997174647abd68087d5d3c0feaf,tiny,object,508.160525,50.379279,10.086697,true,true,,0.002323,0.003624,38,tiny;tiny;tiny;tiny,/cpfs/user/zhuzihou/assets/dedup_workspaces/test0_transitive_apply_parallel/dataset/GRScenes_assets/pan/ab5f4997174647abd68087d5d3c0feaf,/cpfs/user/zhuzihou/assets/dedup_workspaces/test0_transitive_apply_parallel/dataset/GRScenes_assets/pan/ab5f4997174647abd68087d5d3c0feaf/usd/ab5f4997174647abd68087d5d3c0feaf.usd
pan,c8466c115a56dbae6aa1eb7c27cd6c14,tiny,object,383.223363,38.982016,9.830773,true,true,,0.003254,0.004410,34,tiny;tiny;tiny;tiny,/cpfs/user/zhuzihou/assets/dedup_workspaces/test0_transitive_apply_parallel/dataset/GRScenes_assets/pan/c8466c115a56dbae6aa1eb7c27cd6c14,/cpfs/user/zhuzihou/assets/dedup_workspaces/test0_transitive_apply_parallel/dataset/GRScenes_assets/pan/c8466c115a56dbae6aa1eb7c27cd6c14/usd/c8466c115a56dbae6aa1eb7c27cd6c14.usd
pan,f912f4249406a76d437b8478c6328c6d,tiny,object,402.124133,50.678643,7.934785,true,true,,0.003716,0.005379,47,tiny;tiny;tiny;tiny,/cpfs/user/zhuzihou/assets/dedup_workspaces/test0_transitive_apply_parallel/dataset/GRScenes_assets/pan/f912f4249406a76d437b8478c6328c6d,/cpfs/user/zhuzihou/assets/dedup_workspaces/test0_transitive_apply_parallel/dataset/GRScenes_assets/pan/f912f4249406a76d437b8478c6328c6d/usd/f912f4249406a76d437b8478c6328c6d.usd
pot,065418fe117a9b85c05d24f7522879a0,tiny,object,359.095443,37.461618,9.585690,true,true,,0.002617,0.003242,41,tiny;tiny;tiny;tiny,/cpfs/user/zhuzihou/assets/dedup_workspaces/test0_transitive_apply_parallel/dataset/GRScenes_assets/pot/065418fe117a9b85c05d24f7522879a0,/cpfs/user/zhuzihou/assets/dedup_workspaces/test0_transitive_apply_parallel/dataset/GRScenes_assets/pot/065418fe117a9b85c05d24f7522879a0/usd/065418fe117a9b85c05d24f7522879a0.usd
pot,0d160f49a6135d142403d9e154b9ff53,tiny,object,392.269278,44.417554,8.831402,true,true,,0.002789,0.003952,37,tiny;tiny;tiny;tiny,/cpfs/user/zhuzihou/assets/dedup_workspaces/test0_transitive_apply_parallel/dataset/GRScenes_assets/pot/0d160f49a6135d142403d9e154b9ff53,/cpfs/user/zhuzihou/assets/dedup_workspaces/test0_transitive_apply_parallel/dataset/GRScenes_assets/pot/0d160f49a6135d142403d9e154b9ff53/usd/0d160f49a6135d142403d9e154b9ff53.usd
pot,0d3bd8a37afa12a2ef55568f76b9c18b,tiny,object,554.981275,47.358678,11.718682,true,true,,0.001842,0.002670,28,tiny;tiny;tiny;tiny,/cpfs/user/zhuzihou/assets/dedup_workspaces/test0_transitive_apply_parallel/dataset/GRScenes_assets/pot/0d3bd8a37afa12a2ef55568f76b9c18b,/cpfs/user/zhuzihou/assets/dedup_workspaces/test0_transitive_apply_parallel/dataset/GRScenes_assets/pot/0d3bd8a37afa12a2ef55568f76b9c18b/usd/0d3bd8a37afa12a2ef55568f76b9c18b.usd
pot,0d63fa6fde7dcd50bc7b58e47bf34008,tiny,object,280.690452,30.930476,9.074883,true,true,,0.003395,0.004005,44,tiny;tiny;tiny;tiny,/cpfs/user/zhuzihou/assets/dedup_workspaces/test0_transitive_apply_parallel/dataset/GRScenes_assets/pot/0d63fa6fde7dcd50bc7b58e47bf34008,/cpfs/user/zhuzihou/assets/dedup_workspaces/test0_transitive_apply_parallel/dataset/GRScenes_assets/pot/0d63fa6fde7dcd50bc7b58e47bf34008/usd/0d63fa6fde7dcd50bc7b58e47bf34008.usd
pot,12197fb6f16d4f25220dde2e1e61f643,tiny,object,372.322416,37.765624,9.858765,true,true,,0.002987,0.003708,38,tiny;tiny;tiny;tiny,/cpfs/user/zhuzihou/assets/dedup_workspaces/test0_transitive_apply_parallel/dataset/GRScenes_assets/pot/12197fb6f16d4f25220dde2e1e61f643,/cpfs/user/zhuzihou/assets/dedup_workspaces/test0_transitive_apply_parallel/dataset/GRScenes_assets/pot/12197fb6f16d4f25220dde2e1e61f643/usd/12197fb6f16d4f25220dde2e1e61f643.usd
pot,144f01bafe7d6e8a990df518fa6374a8,tiny,object,356.635919,34.433288,10.357301,true,true,,0.002895,0.003418,36,tiny;tiny;tiny;tiny,/cpfs/user/zhuzihou/assets/dedup_workspaces/test0_transitive_apply_parallel/dataset/GRScenes_assets/pot/144f01bafe7d6e8a990df518fa6374a8,/cpfs/user/zhuzihou/assets/dedup_workspaces/test0_transitive_apply_parallel/dataset/GRScenes_assets/pot/144f01bafe7d6e8a990df518fa6374a8/usd/144f01bafe7d6e8a990df518fa6374a8.usd
pot,1720827a02cc68eb54fdddf5bac62de0,tiny,object,359.095443,37.461618,9.585690,true,true,,0.002808,0.003597,41,tiny;tiny;tiny;tiny,/cpfs/user/zhuzihou/assets/dedup_workspaces/test0_transitive_apply_parallel/dataset/GRScenes_assets/pot/1720827a02cc68eb54fdddf5bac62de0,/cpfs/user/zhuzihou/assets/dedup_workspaces/test0_transitive_apply_parallel/dataset/GRScenes_assets/pot/1720827a02cc68eb54fdddf5bac62de0/usd/1720827a02cc68eb54fdddf5bac62de0.usd
pot,19affbd5debe126672c47f59b04d61cc,tiny,object,507.715490,50.771550,10.000000,true,true,,0.003883,0.005127,42,tiny;tiny;tiny;tiny,/cpfs/user/zhuzihou/assets/dedup_workspaces/test0_transitive_apply_parallel/dataset/GRScenes_assets/pot/19affbd5debe126672c47f59b04d61cc,/cpfs/user/zhuzihou/assets/dedup_workspaces/test0_transitive_apply_parallel/dataset/GRScenes_assets/pot/19affbd5debe126672c47f59b04d61cc/usd/19affbd5debe126672c47f59b04d61cc.usd
pot,24021dff06e132b2525be10041cdcd76,tiny,object,327.580463,35.581678,9.206437,true,true,,0.003445,0.004120,45,tiny;tiny;tiny;tiny,/cpfs/user/zhuzihou/assets/dedup_workspaces/test0_transitive_apply_parallel/dataset/GRScenes_assets/pot/24021dff06e132b2525be10041cdcd76,/cpfs/user/zhuzihou/assets/dedup_workspaces/test0_transitive_apply_parallel/dataset/GRScenes_assets/pot/24021dff06e132b2525be10041cdcd76/usd/24021dff06e132b2525be10041cdcd76.usd
pot,36e054f9683e3337463b9b0872be9fe6,tiny,object,392.487785,44.377318,8.844333,true,true,,0.003269,0.003910,41,tiny;tiny;tiny;tiny,/cpfs/user/zhuzihou/assets/dedup_workspaces/test0_transitive_apply_parallel/dataset/GRScenes_assets/pot/36e054f9683e3337463b9b0872be9fe6,/cpfs/user/zhuzihou/assets/dedup_workspaces/test0_transitive_apply_parallel/dataset/GRScenes_assets/pot/36e054f9683e3337463b9b0872be9fe6/usd/36e054f9683e3337463b9b0872be9fe6.usd
pot,3b2aa07f73af94ebfbc6c24ea0bbaf71,tiny,object,425.982546,44.993491,9.467648,true,true,,0.002537,0.003479,38,tiny;tiny;tiny;tiny,/cpfs/user/zhuzihou/assets/dedup_workspaces/test0_transitive_apply_parallel/dataset/GRScenes_assets/pot/3b2aa07f73af94ebfbc6c24ea0bbaf71,/cpfs/user/zhuzihou/assets/dedup_workspaces/test0_transitive_apply_parallel/dataset/GRScenes_assets/pot/3b2aa07f73af94ebfbc6c24ea0bbaf71/usd/3b2aa07f73af94ebfbc6c24ea0bbaf71.usd
pot,470af759a7acbaf3d5d7538cf30b9f3f,tiny,object,571.327400,58.252894,9.807708,true,true,,0.002045,0.002930,40,tiny;tiny;tiny;tiny,/cpfs/user/zhuzihou/assets/dedup_workspaces/test0_transitive_apply_parallel/dataset/GRScenes_assets/pot/470af759a7acbaf3d5d7538cf30b9f3f,/cpfs/user/zhuzihou/assets/dedup_workspaces/test0_transitive_apply_parallel/dataset/GRScenes_assets/pot/470af759a7acbaf3d5d7538cf30b9f3f/usd/470af759a7acbaf3d5d7538cf30b9f3f.usd
pot,512d4823fea39fb02ab7941eee13200a,tiny,object,296.609674,36.309200,8.168995,true,true,,0.003910,0.005943,41,tiny;tiny;tiny;tiny,/cpfs/user/zhuzihou/assets/dedup_workspaces/test0_transitive_apply_parallel/dataset/GRScenes_assets/pot/512d4823fea39fb02ab7941eee13200a,/cpfs/user/zhuzihou/assets/dedup_workspaces/test0_transitive_apply_parallel/dataset/GRScenes_assets/pot/512d4823fea39fb02ab7941eee13200a/usd/512d4823fea39fb02ab7941eee13200a.usd
pot,63f2efcb3e4e3379c64a0d1097714f10,tiny,object,392.269278,44.417554,8.831402,true,true,,0.002785,0.004059,38,tiny;tiny;tiny;tiny,/cpfs/user/zhuzihou/assets/dedup_workspaces/test0_transitive_apply_parallel/dataset/GRScenes_assets/pot/63f2efcb3e4e3379c64a0d1097714f10,/cpfs/user/zhuzihou/assets/dedup_workspaces/test0_transitive_apply_parallel/dataset/GRScenes_assets/pot/63f2efcb3e4e3379c64a0d1097714f10/usd/63f2efcb3e4e3379c64a0d1097714f10.usd
pot,645d1960c97852d43249aca5c6fac26b,tiny,object,229.280976,28.247837,8.116762,true,true,,0.002884,0.005219,48,tiny;tiny;tiny;tiny,/cpfs/user/zhuzihou/assets/dedup_workspaces/test0_transitive_apply_parallel/dataset/GRScenes_assets/pot/645d1960c97852d43249aca5c6fac26b,/cpfs/user/zhuzihou/assets/dedup_workspaces/test0_transitive_apply_parallel/dataset/GRScenes_assets/pot/645d1960c97852d43249aca5c6fac26b/usd/645d1960c97852d43249aca5c6fac26b.usd
pot,6b0886c5b36473155a953fcde9589d6e,tiny,object,311.183825,33.847069,9.193819,true,true,,0.002541,0.003540,36,tiny;tiny;tiny;tiny,/cpfs/user/zhuzihou/assets/dedup_workspaces/test0_transitive_apply_parallel/dataset/GRScenes_assets/pot/6b0886c5b36473155a953fcde9589d6e,/cpfs/user/zhuzihou/assets/dedup_workspaces/test0_transitive_apply_parallel/dataset/GRScenes_assets/pot/6b0886c5b36473155a953fcde9589d6e/usd/6b0886c5b36473155a953fcde9589d6e.usd
pot,7c2923181cf055b2be4e9746b9304325,tiny,object,253.900058,29.635439,8.567447,true,true,,0.002880,0.003113,38,tiny;tiny;tiny;tiny,/cpfs/user/zhuzihou/assets/dedup_workspaces/test0_transitive_apply_parallel/dataset/GRScenes_assets/pot/7c2923181cf055b2be4e9746b9304325,/cpfs/user/zhuzihou/assets/dedup_workspaces/test0_transitive_apply_parallel/dataset/GRScenes_assets/pot/7c2923181cf055b2be4e9746b9304325/usd/7c2923181cf055b2be4e9746b9304325.usd
pot,87454ec9882fd75b0364829e9111fb7e,tiny,object,382.495247,51.146221,7.478465,true,true,,0.003647,0.005203,44,tiny;tiny;tiny;tiny,/cpfs/user/zhuzihou/assets/dedup_workspaces/test0_transitive_apply_parallel/dataset/GRScenes_assets/pot/87454ec9882fd75b0364829e9111fb7e,/cpfs/user/zhuzihou/assets/dedup_workspaces/test0_transitive_apply_parallel/dataset/GRScenes_assets/pot/87454ec9882fd75b0364829e9111fb7e/usd/87454ec9882fd75b0364829e9111fb7e.usd
pot,99a231b33513c64cdb5cd3cf60e2b4fa,blank,object,3676.578782,30.599577,120.151296,true,true,,0.000046,0.000046,4,blank;blank;blank;blank,/cpfs/user/zhuzihou/assets/dedup_workspaces/test0_transitive_apply_parallel/dataset/GRScenes_assets/pot/99a231b33513c64cdb5cd3cf60e2b4fa,/cpfs/user/zhuzihou/assets/dedup_workspaces/test0_transitive_apply_parallel/dataset/GRScenes_assets/pot/99a231b33513c64cdb5cd3cf60e2b4fa/usd/99a231b33513c64cdb5cd3cf60e2b4fa.usd
pot,9b514fdd6e0809a0fe7749374cf66fa4,tiny,object,382.495247,51.146221,7.478465,true,true,,0.003647,0.005203,44,tiny;tiny;tiny;tiny,/cpfs/user/zhuzihou/assets/dedup_workspaces/test0_transitive_apply_parallel/dataset/GRScenes_assets/pot/9b514fdd6e0809a0fe7749374cf66fa4,/cpfs/user/zhuzihou/assets/dedup_workspaces/test0_transitive_apply_parallel/dataset/GRScenes_assets/pot/9b514fdd6e0809a0fe7749374cf66fa4/usd/9b514fdd6e0809a0fe7749374cf66fa4.usd
pot,c64d23ace876a0fb4a8975a98cea0d2c,tiny,object,367.657878,30.599577,12.015129,true,true,,0.002068,0.002369,33,tiny;tiny;tiny;tiny,/cpfs/user/zhuzihou/assets/dedup_workspaces/test0_transitive_apply_parallel/dataset/GRScenes_assets/pot/c64d23ace876a0fb4a8975a98cea0d2c,/cpfs/user/zhuzihou/assets/dedup_workspaces/test0_transitive_apply_parallel/dataset/GRScenes_assets/pot/c64d23ace876a0fb4a8975a98cea0d2c/usd/c64d23ace876a0fb4a8975a98cea0d2c.usd
pot,f9c22ac52578097c61fdc256cbe8a3be,tiny,object,404.862353,37.385958,10.829263,true,true,,0.002178,0.002827,39,tiny;tiny;tiny;tiny,/cpfs/user/zhuzihou/assets/dedup_workspaces/test0_transitive_apply_parallel/dataset/GRScenes_assets/pot/f9c22ac52578097c61fdc256cbe8a3be,/cpfs/user/zhuzihou/assets/dedup_workspaces/test0_transitive_apply_parallel/dataset/GRScenes_assets/pot/f9c22ac52578097c61fdc256cbe8a3be/usd/f9c22ac52578097c61fdc256cbe8a3be.usd
refrigerator,04b384cf8c8cb3a1e69fe32e321efd00,tiny,object,3099.368403,205.177407,15.105798,true,true,,0.001423,0.001442,27,tiny;blank;tiny;blank,/cpfs/user/zhuzihou/assets/dedup_workspaces/test0_transitive_apply_parallel/dataset/GRScenes_assets/refrigerator/04b384cf8c8cb3a1e69fe32e321efd00,/cpfs/user/zhuzihou/assets/dedup_workspaces/test0_transitive_apply_parallel/dataset/GRScenes_assets/refrigerator/04b384cf8c8cb3a1e69fe32e321efd00/usd/04b384cf8c8cb3a1e69fe32e321efd00.usd
refrigerator,05510af5fc6e4be8347f75672c2ab074,tiny,object,3000.950797,210.435681,14.260656,true,true,,0.001678,0.001709,28,tiny;tiny;tiny;tiny,/cpfs/user/zhuzihou/assets/dedup_workspaces/test0_transitive_apply_parallel/dataset/GRScenes_assets/refrigerator/05510af5fc6e4be8347f75672c2ab074,/cpfs/user/zhuzihou/assets/dedup_workspaces/test0_transitive_apply_parallel/dataset/GRScenes_assets/refrigerator/05510af5fc6e4be8347f75672c2ab074/usd/05510af5fc6e4be8347f75672c2ab074.usd
refrigerator,06769d75eb1df5724705ccf745aa9d26,tiny,object,3026.279767,204.594370,14.791608,true,true,,0.001495,0.001545,27,tiny;tiny;tiny;blank,/cpfs/user/zhuzihou/assets/dedup_workspaces/test0_transitive_apply_parallel/dataset/GRScenes_assets/refrigerator/06769d75eb1df5724705ccf745aa9d26,/cpfs/user/zhuzihou/assets/dedup_workspaces/test0_transitive_apply_parallel/dataset/GRScenes_assets/refrigerator/06769d75eb1df5724705ccf745aa9d26/usd/06769d75eb1df5724705ccf745aa9d26.usd
refrigerator,06b56069550db369c6fb5974f2a3450c,tiny,object,2948.230372,209.917202,14.044730,true,true,,0.001701,0.001816,28,tiny;tiny;tiny;tiny,/cpfs/user/zhuzihou/assets/dedup_workspaces/test0_transitive_apply_parallel/dataset/GRScenes_assets/refrigerator/06b56069550db369c6fb5974f2a3450c,/cpfs/user/zhuzihou/assets/dedup_workspaces/test0_transitive_apply_parallel/dataset/GRScenes_assets/refrigerator/06b56069550db369c6fb5974f2a3450c/usd/06b56069550db369c6fb5974f2a3450c.usd
refrigerator,07e0ddb233eee0d2e3eae00b7e28afa8,tiny,object,3328.585732,239.938728,13.872649,true,true,,0.001759,0.001816,28,tiny;tiny;tiny;tiny,/cpfs/user/zhuzihou/assets/dedup_workspaces/test0_transitive_apply_parallel/dataset/GRScenes_assets/refrigerator/07e0ddb233eee0d2e3eae00b7e28afa8,/cpfs/user/zhuzihou/assets/dedup_workspaces/test0_transitive_apply_parallel/dataset/GRScenes_assets/refrigerator/07e0ddb233eee0d2e3eae00b7e28afa8/usd/07e0ddb233eee0d2e3eae00b7e28afa8.usd
refrigerator,08930f6f9f1382cab324863f74c9fc03,tiny,object,2977.991989,209.673168,14.203019,true,true,,0.001675,0.001709,29,tiny;tiny;tiny;blank,/cpfs/user/zhuzihou/assets/dedup_workspaces/test0_transitive_apply_parallel/dataset/GRScenes_assets/refrigerator/08930f6f9f1382cab324863f74c9fc03,/cpfs/user/zhuzihou/assets/dedup_workspaces/test0_transitive_apply_parallel/dataset/GRScenes_assets/refrigerator/08930f6f9f1382cab324863f74c9fc03/usd/08930f6f9f1382cab324863f74c9fc03.usd
refrigerator,0b2a6b79045da9b5519da9b54219c220,tiny,object,2978.074923,209.673173,14.203414,true,true,,0.001671,0.001709,28,tiny;tiny;tiny;tiny,/cpfs/user/zhuzihou/assets/dedup_workspaces/test0_transitive_apply_parallel/dataset/GRScenes_assets/refrigerator/0b2a6b79045da9b5519da9b54219c220,/cpfs/user/zhuzihou/assets/dedup_workspaces/test0_transitive_apply_parallel/dataset/GRScenes_assets/refrigerator/0b2a6b79045da9b5519da9b54219c220/usd/0b2a6b79045da9b5519da9b54219c220.usd
refrigerator,151c2176ae5c336231b8a2637636f2c3,tiny,object,2950.390527,211.132286,13.974132,true,true,,0.001804,0.001816,29,tiny;tiny;tiny;tiny,/cpfs/user/zhuzihou/assets/dedup_workspaces/test0_transitive_apply_parallel/dataset/GRScenes_assets/refrigerator/151c2176ae5c336231b8a2637636f2c3,/cpfs/user/zhuzihou/assets/dedup_workspaces/test0_transitive_apply_parallel/dataset/GRScenes_assets/refrigerator/151c2176ae5c336231b8a2637636f2c3/usd/151c2176ae5c336231b8a2637636f2c3.usd
refrigerator,1e9336b9c1347729185ab2cecb7df697,tiny,object,1661.526764,217.011171,7.656411,true,true,,0.006584,0.006741,57,tiny;tiny;tiny;tiny,/cpfs/user/zhuzihou/assets/dedup_workspaces/test0_transitive_apply_parallel/dataset/GRScenes_assets/refrigerator/1e9336b9c1347729185ab2cecb7df697,/cpfs/user/zhuzihou/assets/dedup_workspaces/test0_transitive_apply_parallel/dataset/GRScenes_assets/refrigerator/1e9336b9c1347729185ab2cecb7df697/usd/1e9336b9c1347729185ab2cecb7df697.usd
refrigerator,22a233b9a7fd7f2042ac18c2e1f384c1,tiny,object,3119.739642,204.246562,15.274380,true,true,,0.001377,0.001442,27,tiny;blank;tiny;blank,/cpfs/user/zhuzihou/assets/dedup_workspaces/test0_transitive_apply_parallel/dataset/GRScenes_assets/refrigerator/22a233b9a7fd7f2042ac18c2e1f384c1,/cpfs/user/zhuzihou/assets/dedup_workspaces/test0_transitive_apply_parallel/dataset/GRScenes_assets/refrigerator/22a233b9a7fd7f2042ac18c2e1f384c1/usd/22a233b9a7fd7f2042ac18c2e1f384c1.usd
refrigerator,25f044c31869cf459590a0880455eb46,tiny,object,2832.030393,209.570925,13.513470,true,true,,0.001671,0.001709,28,tiny;tiny;tiny;tiny,/cpfs/user/zhuzihou/assets/dedup_workspaces/test0_transitive_apply_parallel/dataset/GRScenes_assets/refrigerator/25f044c31869cf459590a0880455eb46,/cpfs/user/zhuzihou/assets/dedup_workspaces/test0_transitive_apply_parallel/dataset/GRScenes_assets/refrigerator/25f044c31869cf459590a0880455eb46/usd/25f044c31869cf459590a0880455eb46.usd
refrigerator,308eb232cc546e40e156c2b3a2c734d6,tiny,object,2656.066110,211.992283,12.529070,true,true,,0.002369,0.002392,33,tiny;tiny;tiny;tiny,/cpfs/user/zhuzihou/assets/dedup_workspaces/test0_transitive_apply_parallel/dataset/GRScenes_assets/refrigerator/308eb232cc546e40e156c2b3a2c734d6,/cpfs/user/zhuzihou/assets/dedup_workspaces/test0_transitive_apply_parallel/dataset/GRScenes_assets/refrigerator/308eb232cc546e40e156c2b3a2c734d6/usd/308eb232cc546e40e156c2b3a2c734d6.usd
refrigerator,447aaab578555ba97e353ab806e436d3,blank,object,16615.267639,217.011168,76.564113,true,true,,0.000122,0.000134,7,blank;blank;blank;blank,/cpfs/user/zhuzihou/assets/dedup_workspaces/test0_transitive_apply_parallel/dataset/GRScenes_assets/refrigerator/447aaab578555ba97e353ab806e436d3,/cpfs/user/zhuzihou/assets/dedup_workspaces/test0_transitive_apply_parallel/dataset/GRScenes_assets/refrigerator/447aaab578555ba97e353ab806e436d3/usd/447aaab578555ba97e353ab806e436d3.usd
refrigerator,565f44683f4694b1e0a6c47119a99714,blank,object,126254.643136,208.647332,605.110268,true,true,,0.000015,0.000015,2,blank;blank;blank;blank,/cpfs/user/zhuzihou/assets/dedup_workspaces/test0_transitive_apply_parallel/dataset/GRScenes_assets/refrigerator/565f44683f4694b1e0a6c47119a99714,/cpfs/user/zhuzihou/assets/dedup_workspaces/test0_transitive_apply_parallel/dataset/GRScenes_assets/refrigerator/565f44683f4694b1e0a6c47119a99714/usd/565f44683f4694b1e0a6c47119a99714.usd
refrigerator,6c1fcff05c96fd98c6fe1ad2404171c3,tiny,object,3042.950360,205.247390,14.825769,true,true,,0.001369,0.001389,28,tiny;blank;tiny;blank,/cpfs/user/zhuzihou/assets/dedup_workspaces/test0_transitive_apply_parallel/dataset/GRScenes_assets/refrigerator/6c1fcff05c96fd98c6fe1ad2404171c3,/cpfs/user/zhuzihou/assets/dedup_workspaces/test0_transitive_apply_parallel/dataset/GRScenes_assets/refrigerator/6c1fcff05c96fd98c6fe1ad2404171c3/usd/6c1fcff05c96fd98c6fe1ad2404171c3.usd
refrigerator,86f66d39624f5fc276c8f31e0934cc1f,tiny,object,3120.612320,204.249397,15.278441,true,true,,0.001461,0.001495,28,tiny;blank;tiny;blank,/cpfs/user/zhuzihou/assets/dedup_workspaces/test0_transitive_apply_parallel/dataset/GRScenes_assets/refrigerator/86f66d39624f5fc276c8f31e0934cc1f,/cpfs/user/zhuzihou/assets/dedup_workspaces/test0_transitive_apply_parallel/dataset/GRScenes_assets/refrigerator/86f66d39624f5fc276c8f31e0934cc1f/usd/86f66d39624f5fc276c8f31e0934cc1f.usd
refrigerator,90861a441586bcf9d698e5a4215a63cb,tiny,object,3246.320621,233.524347,13.901423,true,true,,0.002304,0.002319,32,tiny;tiny;tiny;tiny,/cpfs/user/zhuzihou/assets/dedup_workspaces/test0_transitive_apply_parallel/dataset/GRScenes_assets/refrigerator/90861a441586bcf9d698e5a4215a63cb,/cpfs/user/zhuzihou/assets/dedup_workspaces/test0_transitive_apply_parallel/dataset/GRScenes_assets/refrigerator/90861a441586bcf9d698e5a4215a63cb/usd/90861a441586bcf9d698e5a4215a63cb.usd
refrigerator,9df008cb2e501f29fe9ce1920aa8b2d6,tiny,object,3060.772927,217.005768,14.104569,true,true,,0.002178,0.002197,32,tiny;tiny;tiny;tiny,/cpfs/user/zhuzihou/assets/dedup_workspaces/test0_transitive_apply_parallel/dataset/GRScenes_assets/refrigerator/9df008cb2e501f29fe9ce1920aa8b2d6,/cpfs/user/zhuzihou/assets/dedup_workspaces/test0_transitive_apply_parallel/dataset/GRScenes_assets/refrigerator/9df008cb2e501f29fe9ce1920aa8b2d6/usd/9df008cb2e501f29fe9ce1920aa8b2d6.usd
refrigerator,ad9b97c82833f4e38588b5a2108e4fa5,tiny,object,3099.368403,205.177406,15.105798,true,true,,0.001373,0.001389,28,tiny;blank;tiny;blank,/cpfs/user/zhuzihou/assets/dedup_workspaces/test0_transitive_apply_parallel/dataset/GRScenes_assets/refrigerator/ad9b97c82833f4e38588b5a2108e4fa5,/cpfs/user/zhuzihou/assets/dedup_workspaces/test0_transitive_apply_parallel/dataset/GRScenes_assets/refrigerator/ad9b97c82833f4e38588b5a2108e4fa5/usd/ad9b97c82833f4e38588b5a2108e4fa5.usd
refrigerator,b40856029554f6e152f24a267738f99f,tiny,object,2552.902403,211.220445,12.086436,true,true,,0.002560,0.002594,34,tiny;tiny;tiny;tiny,/cpfs/user/zhuzihou/assets/dedup_workspaces/test0_transitive_apply_parallel/dataset/GRScenes_assets/refrigerator/b40856029554f6e152f24a267738f99f,/cpfs/user/zhuzihou/assets/dedup_workspaces/test0_transitive_apply_parallel/dataset/GRScenes_assets/refrigerator/b40856029554f6e152f24a267738f99f/usd/b40856029554f6e152f24a267738f99f.usd
refrigerator,b9e7d1972d56597682fcfc0316532107,tiny,object,3042.950360,205.247393,14.825769,true,true,,0.001450,0.001495,28,tiny;tiny;tiny;blank,/cpfs/user/zhuzihou/assets/dedup_workspaces/test0_transitive_apply_parallel/dataset/GRScenes_assets/refrigerator/b9e7d1972d56597682fcfc0316532107,/cpfs/user/zhuzihou/assets/dedup_workspaces/test0_transitive_apply_parallel/dataset/GRScenes_assets/refrigerator/b9e7d1972d56597682fcfc0316532107/usd/b9e7d1972d56597682fcfc0316532107.usd
refrigerator,e8658d5caa24aec09ed3152dc8d7c024,tiny,object,3233.326893,228.145142,14.172236,true,true,,0.001572,0.001602,28,tiny;tiny;tiny;tiny,/cpfs/user/zhuzihou/assets/dedup_workspaces/test0_transitive_apply_parallel/dataset/GRScenes_assets/refrigerator/e8658d5caa24aec09ed3152dc8d7c024,/cpfs/user/zhuzihou/assets/dedup_workspaces/test0_transitive_apply_parallel/dataset/GRScenes_assets/refrigerator/e8658d5caa24aec09ed3152dc8d7c024/usd/e8658d5caa24aec09ed3152dc8d7c024.usd
shoe_cabinet,23be66adbf270b72167eaca29756defd,tiny,object,3208.861566,138.170015,23.224008,true,true,,0.001114,0.001438,29,tiny;blank;blank;tiny,/cpfs/user/zhuzihou/assets/dedup_workspaces/test0_transitive_apply_parallel/dataset/GRScenes_assets/shoe_cabinet/23be66adbf270b72167eaca29756defd,/cpfs/user/zhuzihou/assets/dedup_workspaces/test0_transitive_apply_parallel/dataset/GRScenes_assets/shoe_cabinet/23be66adbf270b72167eaca29756defd/usd/23be66adbf270b72167eaca29756defd.usd
shoe_cabinet,42b7aa3bc4f99022603f6c942700d00b,tiny,object,1947.446856,243.405344,8.000839,true,true,,0.006130,0.006725,55,tiny;tiny;tiny;tiny,/cpfs/user/zhuzihou/assets/dedup_workspaces/test0_transitive_apply_parallel/dataset/GRScenes_assets/shoe_cabinet/42b7aa3bc4f99022603f6c942700d00b,/cpfs/user/zhuzihou/assets/dedup_workspaces/test0_transitive_apply_parallel/dataset/GRScenes_assets/shoe_cabinet/42b7aa3bc4f99022603f6c942700d00b/usd/42b7aa3bc4f99022603f6c942700d00b.usd
shoe_cabinet,942768bea270c44bc9fa77c9f478bf8a,tiny,object,2830.837653,137.783806,20.545503,true,true,,0.001228,0.001404,34,tiny;blank;tiny;tiny,/cpfs/user/zhuzihou/assets/dedup_workspaces/test0_transitive_apply_parallel/dataset/GRScenes_assets/shoe_cabinet/942768bea270c44bc9fa77c9f478bf8a,/cpfs/user/zhuzihou/assets/dedup_workspaces/test0_transitive_apply_parallel/dataset/GRScenes_assets/shoe_cabinet/942768bea270c44bc9fa77c9f478bf8a/usd/942768bea270c44bc9fa77c9f478bf8a.usd
shoe_cabinet,f1d5dad50e8f8e5994d2916e67082fca,tiny,object,2701.953814,136.211030,19.836527,true,true,,0.002254,0.002323,29,tiny;blank;tiny;tiny,/cpfs/user/zhuzihou/assets/dedup_workspaces/test0_transitive_apply_parallel/dataset/GRScenes_assets/shoe_cabinet/f1d5dad50e8f8e5994d2916e67082fca,/cpfs/user/zhuzihou/assets/dedup_workspaces/test0_transitive_apply_parallel/dataset/GRScenes_assets/shoe_cabinet/f1d5dad50e8f8e5994d2916e67082fca/usd/f1d5dad50e8f8e5994d2916e67082fca.usd
shopping_trolley,25f5a27da438a4e8de271cbb5445e802,tiny,object,1423.848041,145.061112,9.815505,true,true,,0.003494,0.004673,35,tiny;tiny;tiny;tiny,/cpfs/user/zhuzihou/assets/dedup_workspaces/test0_transitive_apply_parallel/dataset/GRScenes_assets/shopping_trolley/25f5a27da438a4e8de271cbb5445e802,/cpfs/user/zhuzihou/assets/dedup_workspaces/test0_transitive_apply_parallel/dataset/GRScenes_assets/shopping_trolley/25f5a27da438a4e8de271cbb5445e802/usd/25f5a27da438a4e8de271cbb5445e802.usd
shopping_trolley,3f7c75f97f9bd2e2a298993e30798801,tiny,object,1383.963357,122.457723,11.301560,true,true,,0.002266,0.003906,32,tiny;tiny;tiny;tiny,/cpfs/user/zhuzihou/assets/dedup_workspaces/test0_transitive_apply_parallel/dataset/GRScenes_assets/shopping_trolley/3f7c75f97f9bd2e2a298993e30798801,/cpfs/user/zhuzihou/assets/dedup_workspaces/test0_transitive_apply_parallel/dataset/GRScenes_assets/shopping_trolley/3f7c75f97f9bd2e2a298993e30798801/usd/3f7c75f97f9bd2e2a298993e30798801.usd
shopping_trolley,4ea353ac0805bd95d48f3b01b057d978,blank,object,10723.403202,145.026810,73.940833,true,true,,0.000092,0.000137,6,blank;blank;blank;blank,/cpfs/user/zhuzihou/assets/dedup_workspaces/test0_transitive_apply_parallel/dataset/GRScenes_assets/shopping_trolley/4ea353ac0805bd95d48f3b01b057d978,/cpfs/user/zhuzihou/assets/dedup_workspaces/test0_transitive_apply_parallel/dataset/GRScenes_assets/shopping_trolley/4ea353ac0805bd95d48f3b01b057d978/usd/4ea353ac0805bd95d48f3b01b057d978.usd
shopping_trolley,758fff2ec1a69423f94cd307c0acb98b,tiny,object,2457.425931,147.526637,16.657507,true,true,,0.001137,0.001846,22,tiny;tiny;tiny;tiny,/cpfs/user/zhuzihou/assets/dedup_workspaces/test0_transitive_apply_parallel/dataset/GRScenes_assets/shopping_trolley/758fff2ec1a69423f94cd307c0acb98b,/cpfs/user/zhuzihou/assets/dedup_workspaces/test0_transitive_apply_parallel/dataset/GRScenes_assets/shopping_trolley/758fff2ec1a69423f94cd307c0acb98b/usd/758fff2ec1a69423f94cd307c0acb98b.usd
shopping_trolley,7f71ad0c39f46be20a2508cd3f37964b,tiny,object,1022.480383,123.049081,8.309533,true,true,,0.003895,0.005653,40,tiny;tiny;tiny;tiny,/cpfs/user/zhuzihou/assets/dedup_workspaces/test0_transitive_apply_parallel/dataset/GRScenes_assets/shopping_trolley/7f71ad0c39f46be20a2508cd3f37964b,/cpfs/user/zhuzihou/assets/dedup_workspaces/test0_transitive_apply_parallel/dataset/GRScenes_assets/shopping_trolley/7f71ad0c39f46be20a2508cd3f37964b/usd/7f71ad0c39f46be20a2508cd3f37964b.usd
shopping_trolley,8148f9aa7c0d4743df0b1bfd90950ac7,blank,object,3937.887295,127.304986,30.932703,true,true,,0.000408,0.000549,14,blank;blank;blank;blank,/cpfs/user/zhuzihou/assets/dedup_workspaces/test0_transitive_apply_parallel/dataset/GRScenes_assets/shopping_trolley/8148f9aa7c0d4743df0b1bfd90950ac7,/cpfs/user/zhuzihou/assets/dedup_workspaces/test0_transitive_apply_parallel/dataset/GRScenes_assets/shopping_trolley/8148f9aa7c0d4743df0b1bfd90950ac7/usd/8148f9aa7c0d4743df0b1bfd90950ac7.usd
shopping_trolley,9928f9fd1347ae043928c76298272029,blank,object,67042.505314,125.652498,533.554895,true,true,,0.000008,0.000015,2,blank;blank;blank;blank,/cpfs/user/zhuzihou/assets/dedup_workspaces/test0_transitive_apply_parallel/dataset/GRScenes_assets/shopping_trolley/9928f9fd1347ae043928c76298272029,/cpfs/user/zhuzihou/assets/dedup_workspaces/test0_transitive_apply_parallel/dataset/GRScenes_assets/shopping_trolley/9928f9fd1347ae043928c76298272029/usd/9928f9fd1347ae043928c76298272029.usd
shopping_trolley,cc34ab3f6a9f63d4ec40c289619ac143,blank,object,3177.976529,127.411950,24.942531,true,true,,0.000584,0.000748,14,blank;blank;blank;blank,/cpfs/user/zhuzihou/assets/dedup_workspaces/test0_transitive_apply_parallel/dataset/GRScenes_assets/shopping_trolley/cc34ab3f6a9f63d4ec40c289619ac143,/cpfs/user/zhuzihou/assets/dedup_workspaces/test0_transitive_apply_parallel/dataset/GRScenes_assets/shopping_trolley/cc34ab3f6a9f63d4ec40c289619ac143/usd/cc34ab3f6a9f63d4ec40c289619ac143.usd
sideboard_cabinet,38b2b5be21a09470c257584a8647e6ec,tiny,object,1672.687590,145.257870,11.515298,true,true,,0.002300,0.002769,39,tiny;tiny;tiny;tiny,/cpfs/user/zhuzihou/assets/dedup_workspaces/test0_transitive_apply_parallel/dataset/GRScenes_assets/sideboard_cabinet/38b2b5be21a09470c257584a8647e6ec,/cpfs/user/zhuzihou/assets/dedup_workspaces/test0_transitive_apply_parallel/dataset/GRScenes_assets/sideboard_cabinet/38b2b5be21a09470c257584a8647e6ec/usd/38b2b5be21a09470c257584a8647e6ec.usd
sideboard_cabinet,d6728db97f2c384b92dba7b60aee64a7,tiny,object,2487.416875,182.628875,13.620064,true,true,,0.002079,0.002365,31,tiny;tiny;tiny;tiny,/cpfs/user/zhuzihou/assets/dedup_workspaces/test0_transitive_apply_parallel/dataset/GRScenes_assets/sideboard_cabinet/d6728db97f2c384b92dba7b60aee64a7,/cpfs/user/zhuzihou/assets/dedup_workspaces/test0_transitive_apply_parallel/dataset/GRScenes_assets/sideboard_cabinet/d6728db97f2c384b92dba7b60aee64a7/usd/d6728db97f2c384b92dba7b60aee64a7.usd
sideboard_cabinet,fa553ffb9ff7649601cb6d9ae3358e84,tiny,object,1582.460499,139.813334,11.318380,true,true,,0.002518,0.003075,40,tiny;tiny;tiny;tiny,/cpfs/user/zhuzihou/assets/dedup_workspaces/test0_transitive_apply_parallel/dataset/GRScenes_assets/sideboard_cabinet/fa553ffb9ff7649601cb6d9ae3358e84,/cpfs/user/zhuzihou/assets/dedup_workspaces/test0_transitive_apply_parallel/dataset/GRScenes_assets/sideboard_cabinet/fa553ffb9ff7649601cb6d9ae3358e84/usd/fa553ffb9ff7649601cb6d9ae3358e84.usd
table,0c87b4c58b75813d75e60ad12142630d,tiny,object,1238.072666,123.807269,10.000000,true,true,,0.002319,0.004375,43,tiny;tiny;tiny;tiny,/cpfs/user/zhuzihou/assets/dedup_workspaces/test0_transitive_apply_parallel/dataset/GRScenes_assets/table/0c87b4c58b75813d75e60ad12142630d,/cpfs/user/zhuzihou/assets/dedup_workspaces/test0_transitive_apply_parallel/dataset/GRScenes_assets/table/0c87b4c58b75813d75e60ad12142630d/usd/0c87b4c58b75813d75e60ad12142630d.usd
table,1403efa38cfa05eb8d510f0ed4ad8c34,tiny,object,1166.366452,184.016568,6.338377,true,true,,0.005928,0.010681,57,tiny;tiny;tiny;tiny,/cpfs/user/zhuzihou/assets/dedup_workspaces/test0_transitive_apply_parallel/dataset/GRScenes_assets/table/1403efa38cfa05eb8d510f0ed4ad8c34,/cpfs/user/zhuzihou/assets/dedup_workspaces/test0_transitive_apply_parallel/dataset/GRScenes_assets/table/1403efa38cfa05eb8d510f0ed4ad8c34/usd/1403efa38cfa05eb8d510f0ed4ad8c34.usd
table,25f615fb59269f93ab247362cba81baa,tiny,object,2401.263853,161.756171,14.844960,true,true,,0.001213,0.001389,28,blank;tiny;blank;tiny,/cpfs/user/zhuzihou/assets/dedup_workspaces/test0_transitive_apply_parallel/dataset/GRScenes_assets/table/25f615fb59269f93ab247362cba81baa,/cpfs/user/zhuzihou/assets/dedup_workspaces/test0_transitive_apply_parallel/dataset/GRScenes_assets/table/25f615fb59269f93ab247362cba81baa/usd/25f615fb59269f93ab247362cba81baa.usd
table,390fcf29a834b5cddfd73fe21c9afad6,tiny,object,1672.859901,153.923436,10.868130,true,true,,0.002293,0.002853,34,tiny;tiny;tiny;tiny,/cpfs/user/zhuzihou/assets/dedup_workspaces/test0_transitive_apply_parallel/dataset/GRScenes_assets/table/390fcf29a834b5cddfd73fe21c9afad6,/cpfs/user/zhuzihou/assets/dedup_workspaces/test0_transitive_apply_parallel/dataset/GRScenes_assets/table/390fcf29a834b5cddfd73fe21c9afad6/usd/390fcf29a834b5cddfd73fe21c9afad6.usd
table,4415bdb1e19966bec29564bc70148bd4,tiny,object,1356.550961,110.610939,12.264166,true,true,,0.001804,0.002380,35,tiny;tiny;tiny;tiny,/cpfs/user/zhuzihou/assets/dedup_workspaces/test0_transitive_apply_parallel/dataset/GRScenes_assets/table/4415bdb1e19966bec29564bc70148bd4,/cpfs/user/zhuzihou/assets/dedup_workspaces/test0_transitive_apply_parallel/dataset/GRScenes_assets/table/4415bdb1e19966bec29564bc70148bd4/usd/4415bdb1e19966bec29564bc70148bd4.usd
table,65b0a4800f9c0e8a2deb6d44a8028908,tiny,object,1399.858813,175.949396,7.956031,true,true,,0.002918,0.006668,47,tiny;tiny;tiny;tiny,/cpfs/user/zhuzihou/assets/dedup_workspaces/test0_transitive_apply_parallel/dataset/GRScenes_assets/table/65b0a4800f9c0e8a2deb6d44a8028908,/cpfs/user/zhuzihou/assets/dedup_workspaces/test0_transitive_apply_parallel/dataset/GRScenes_assets/table/65b0a4800f9c0e8a2deb6d44a8028908/usd/65b0a4800f9c0e8a2deb6d44a8028908.usd
table,668540f0e14465ed75b85cebab4b9474,tiny,object,2624.479265,265.199419,9.896248,true,true,,0.003166,0.004166,42,tiny;tiny;tiny;tiny,/cpfs/user/zhuzihou/assets/dedup_workspaces/test0_transitive_apply_parallel/dataset/GRScenes_assets/table/668540f0e14465ed75b85cebab4b9474,/cpfs/user/zhuzihou/assets/dedup_workspaces/test0_transitive_apply_parallel/dataset/GRScenes_assets/table/668540f0e14465ed75b85cebab4b9474/usd/668540f0e14465ed75b85cebab4b9474.usd
table,6912dca7f1f8d625297785265432bcac,tiny,object,1152.076445,181.762045,6.338377,true,true,,0.005852,0.010468,57,tiny;tiny;tiny;tiny,/cpfs/user/zhuzihou/assets/dedup_workspaces/test0_transitive_apply_parallel/dataset/GRScenes_assets/table/6912dca7f1f8d625297785265432bcac,/cpfs/user/zhuzihou/assets/dedup_workspaces/test0_transitive_apply_parallel/dataset/GRScenes_assets/table/6912dca7f1f8d625297785265432bcac/usd/6912dca7f1f8d625297785265432bcac.usd
table,76c7a7e7c945a8bfea9c257cc2011559,suspicious,object,1178772626593393082468659900175517483008.000000,427.365671,2758229557020536756548867197799235584.000000,true,true,,0.020462,0.070496,140,blank;blank;blank;ok,/cpfs/user/zhuzihou/assets/dedup_workspaces/test0_transitive_apply_parallel/dataset/GRScenes_assets/table/76c7a7e7c945a8bfea9c257cc2011559,/cpfs/user/zhuzihou/assets/dedup_workspaces/test0_transitive_apply_parallel/dataset/GRScenes_assets/table/76c7a7e7c945a8bfea9c257cc2011559/usd/76c7a7e7c945a8bfea9c257cc2011559.usd
table,7ca82b7b807640c5b79ba4c5a1ea00fd,tiny,object,1787.798635,203.036589,8.805303,true,true,,0.002506,0.004944,42,tiny;tiny;tiny;tiny,/cpfs/user/zhuzihou/assets/dedup_workspaces/test0_transitive_apply_parallel/dataset/GRScenes_assets/table/7ca82b7b807640c5b79ba4c5a1ea00fd,/cpfs/user/zhuzihou/assets/dedup_workspaces/test0_transitive_apply_parallel/dataset/GRScenes_assets/table/7ca82b7b807640c5b79ba4c5a1ea00fd/usd/7ca82b7b807640c5b79ba4c5a1ea00fd.usd
table,7e1185cf9a0c715766e46b9c612f37d0,tiny,object,2312.382056,231.240138,9.999916,true,true,,0.002544,0.003189,44,tiny;tiny;tiny;tiny,/cpfs/user/zhuzihou/assets/dedup_workspaces/test0_transitive_apply_parallel/dataset/GRScenes_assets/table/7e1185cf9a0c715766e46b9c612f37d0,/cpfs/user/zhuzihou/assets/dedup_workspaces/test0_transitive_apply_parallel/dataset/GRScenes_assets/table/7e1185cf9a0c715766e46b9c612f37d0/usd/7e1185cf9a0c715766e46b9c612f37d0.usd
table,8009b36381395a23aaaac36bcf840b18,tiny,object,2263.722224,209.515848,10.804539,true,true,,0.002266,0.002983,35,tiny;tiny;tiny;tiny,/cpfs/user/zhuzihou/assets/dedup_workspaces/test0_transitive_apply_parallel/dataset/GRScenes_assets/table/8009b36381395a23aaaac36bcf840b18,/cpfs/user/zhuzihou/assets/dedup_workspaces/test0_transitive_apply_parallel/dataset/GRScenes_assets/table/8009b36381395a23aaaac36bcf840b18/usd/8009b36381395a23aaaac36bcf840b18.usd
table,82f9e091919de55f335b65fa8e3fdba2,tiny,object,1766.904130,208.105429,8.490428,true,true,,0.003178,0.005341,40,tiny;tiny;tiny;tiny,/cpfs/user/zhuzihou/assets/dedup_workspaces/test0_transitive_apply_parallel/dataset/GRScenes_assets/table/82f9e091919de55f335b65fa8e3fdba2,/cpfs/user/zhuzihou/assets/dedup_workspaces/test0_transitive_apply_parallel/dataset/GRScenes_assets/table/82f9e091919de55f335b65fa8e3fdba2/usd/82f9e091919de55f335b65fa8e3fdba2.usd
table,84bf967f65d9f03bbee641c52dd5d669,tiny,object,2060.118398,196.998309,10.457544,true,true,,0.002193,0.002823,37,tiny;tiny;tiny;tiny,/cpfs/user/zhuzihou/assets/dedup_workspaces/test0_transitive_apply_parallel/dataset/GRScenes_assets/table/84bf967f65d9f03bbee641c52dd5d669,/cpfs/user/zhuzihou/assets/dedup_workspaces/test0_transitive_apply_parallel/dataset/GRScenes_assets/table/84bf967f65d9f03bbee641c52dd5d669/usd/84bf967f65d9f03bbee641c52dd5d669.usd
table,96592c7cd20be5595ca07dc0aceff374,tiny,object,1656.335116,167.968844,9.860966,true,true,,0.002789,0.003693,44,tiny;tiny;tiny;tiny,/cpfs/user/zhuzihou/assets/dedup_workspaces/test0_transitive_apply_parallel/dataset/GRScenes_assets/table/96592c7cd20be5595ca07dc0aceff374,/cpfs/user/zhuzihou/assets/dedup_workspaces/test0_transitive_apply_parallel/dataset/GRScenes_assets/table/96592c7cd20be5595ca07dc0aceff374/usd/96592c7cd20be5595ca07dc0aceff374.usd
table,a07731e5982cb1822339ad38471bbbb4,tiny,object,1243.269483,144.328704,8.614153,true,true,,0.003220,0.004784,38,tiny;tiny;tiny;tiny,/cpfs/user/zhuzihou/assets/dedup_workspaces/test0_transitive_apply_parallel/dataset/GRScenes_assets/table/a07731e5982cb1822339ad38471bbbb4,/cpfs/user/zhuzihou/assets/dedup_workspaces/test0_transitive_apply_parallel/dataset/GRScenes_assets/table/a07731e5982cb1822339ad38471bbbb4/usd/a07731e5982cb1822339ad38471bbbb4.usd
table,b39c9e00440b6b8530f4836ce2020e75,tiny,object,1885.304066,191.188571,9.860966,true,true,,0.002789,0.003693,44,tiny;tiny;tiny;tiny,/cpfs/user/zhuzihou/assets/dedup_workspaces/test0_transitive_apply_parallel/dataset/GRScenes_assets/table/b39c9e00440b6b8530f4836ce2020e75,/cpfs/user/zhuzihou/assets/dedup_workspaces/test0_transitive_apply_parallel/dataset/GRScenes_assets/table/b39c9e00440b6b8530f4836ce2020e75/usd/b39c9e00440b6b8530f4836ce2020e75.usd
table,c49e044ab12da5fbcde90c5d1e64a1b4,tiny,object,1410.270191,161.298305,8.743242,true,true,,0.002590,0.005081,42,tiny;tiny;tiny;tiny,/cpfs/user/zhuzihou/assets/dedup_workspaces/test0_transitive_apply_parallel/dataset/GRScenes_assets/table/c49e044ab12da5fbcde90c5d1e64a1b4,/cpfs/user/zhuzihou/assets/dedup_workspaces/test0_transitive_apply_parallel/dataset/GRScenes_assets/table/c49e044ab12da5fbcde90c5d1e64a1b4/usd/c49e044ab12da5fbcde90c5d1e64a1b4.usd
table,cceaa217b9b3ab0ae78391293b54191b,tiny,object,2060.118398,196.998309,10.457544,true,true,,0.002193,0.002823,37,tiny;tiny;tiny;tiny,/cpfs/user/zhuzihou/assets/dedup_workspaces/test0_transitive_apply_parallel/dataset/GRScenes_assets/table/cceaa217b9b3ab0ae78391293b54191b,/cpfs/user/zhuzihou/assets/dedup_workspaces/test0_transitive_apply_parallel/dataset/GRScenes_assets/table/cceaa217b9b3ab0ae78391293b54191b/usd/cceaa217b9b3ab0ae78391293b54191b.usd
table,d903f86de1d0e60504f48d44671ac6d3,tiny,object,1609.205031,164.851332,9.761553,true,true,,0.001919,0.004658,37,tiny;tiny;tiny;tiny,/cpfs/user/zhuzihou/assets/dedup_workspaces/test0_transitive_apply_parallel/dataset/GRScenes_assets/table/d903f86de1d0e60504f48d44671ac6d3,/cpfs/user/zhuzihou/assets/dedup_workspaces/test0_transitive_apply_parallel/dataset/GRScenes_assets/table/d903f86de1d0e60504f48d44671ac6d3/usd/d903f86de1d0e60504f48d44671ac6d3.usd
table,dac3bc9d8b9e51d26925034571918ba2,blank,object,2954.620676,167.765320,17.611630,true,true,,0.000980,0.001602,21,blank;blank;blank;blank,/cpfs/user/zhuzihou/assets/dedup_workspaces/test0_transitive_apply_parallel/dataset/GRScenes_assets/table/dac3bc9d8b9e51d26925034571918ba2,/cpfs/user/zhuzihou/assets/dedup_workspaces/test0_transitive_apply_parallel/dataset/GRScenes_assets/table/dac3bc9d8b9e51d26925034571918ba2/usd/dac3bc9d8b9e51d26925034571918ba2.usd
table,e902245756b0e9b80b0e4b2d53ebec02,blank,object,2954.620676,167.765311,17.611631,true,true,,0.000984,0.001762,23,blank;blank;blank;blank,/cpfs/user/zhuzihou/assets/dedup_workspaces/test0_transitive_apply_parallel/dataset/GRScenes_assets/table/e902245756b0e9b80b0e4b2d53ebec02,/cpfs/user/zhuzihou/assets/dedup_workspaces/test0_transitive_apply_parallel/dataset/GRScenes_assets/table/e902245756b0e9b80b0e4b2d53ebec02/usd/e902245756b0e9b80b0e4b2d53ebec02.usd
tea_table,09733501d6dcfc455ac60f8b4c0dfefa,tiny,object,1951.659391,151.562823,12.876900,true,true,,0.001778,0.001984,35,tiny;tiny;blank;tiny,/cpfs/user/zhuzihou/assets/dedup_workspaces/test0_transitive_apply_parallel/dataset/GRScenes_assets/tea_table/09733501d6dcfc455ac60f8b4c0dfefa,/cpfs/user/zhuzihou/assets/dedup_workspaces/test0_transitive_apply_parallel/dataset/GRScenes_assets/tea_table/09733501d6dcfc455ac60f8b4c0dfefa/usd/09733501d6dcfc455ac60f8b4c0dfefa.usd
tea_table,343e03cb6e918585c4aaaf61933fb37e,tiny,object,2088.667035,154.480576,13.520580,true,true,,0.002018,0.002060,35,tiny;tiny;blank;tiny,/cpfs/user/zhuzihou/assets/dedup_workspaces/test0_transitive_apply_parallel/dataset/GRScenes_assets/tea_table/343e03cb6e918585c4aaaf61933fb37e,/cpfs/user/zhuzihou/assets/dedup_workspaces/test0_transitive_apply_parallel/dataset/GRScenes_assets/tea_table/343e03cb6e918585c4aaaf61933fb37e/usd/343e03cb6e918585c4aaaf61933fb37e.usd
tea_table,7007b72f36ddb2ddfde08ad3525c91ce,tiny,object,1616.988729,166.355187,9.720098,true,true,,0.004211,0.004848,54,tiny;tiny;tiny;tiny,/cpfs/user/zhuzihou/assets/dedup_workspaces/test0_transitive_apply_parallel/dataset/GRScenes_assets/tea_table/7007b72f36ddb2ddfde08ad3525c91ce,/cpfs/user/zhuzihou/assets/dedup_workspaces/test0_transitive_apply_parallel/dataset/GRScenes_assets/tea_table/7007b72f36ddb2ddfde08ad3525c91ce/usd/7007b72f36ddb2ddfde08ad3525c91ce.usd
tea_table,f4de9a6d742353b99b946c03a0b8e6d1,tiny,object,1748.661061,127.519949,13.712843,true,true,,0.001770,0.001923,32,tiny;tiny;blank;tiny,/cpfs/user/zhuzihou/assets/dedup_workspaces/test0_transitive_apply_parallel/dataset/GRScenes_assets/tea_table/f4de9a6d742353b99b946c03a0b8e6d1,/cpfs/user/zhuzihou/assets/dedup_workspaces/test0_transitive_apply_parallel/dataset/GRScenes_assets/tea_table/f4de9a6d742353b99b946c03a0b8e6d1/usd/f4de9a6d742353b99b946c03a0b8e6d1.usd
toilet,0031a3efa8794a990fa65c5efc317ded,tiny,object,1257.369834,110.896369,11.338242,true,true,,0.002678,0.003296,43,tiny;tiny;tiny;tiny,/cpfs/user/zhuzihou/assets/dedup_workspaces/test0_transitive_apply_parallel/dataset/GRScenes_assets/toilet/0031a3efa8794a990fa65c5efc317ded,/cpfs/user/zhuzihou/assets/dedup_workspaces/test0_transitive_apply_parallel/dataset/GRScenes_assets/toilet/0031a3efa8794a990fa65c5efc317ded/usd/0031a3efa8794a990fa65c5efc317ded.usd
toilet,017aa196ba9b59e3462fa1251719991f,blank,object,3659.871947,121.110118,30.219374,true,true,,0.000980,0.001522,21,blank;blank;blank;blank,/cpfs/user/zhuzihou/assets/dedup_workspaces/test0_transitive_apply_parallel/dataset/GRScenes_assets/toilet/017aa196ba9b59e3462fa1251719991f,/cpfs/user/zhuzihou/assets/dedup_workspaces/test0_transitive_apply_parallel/dataset/GRScenes_assets/toilet/017aa196ba9b59e3462fa1251719991f/usd/017aa196ba9b59e3462fa1251719991f.usd
toilet,0c4822995992b779c278319fd363a033,tiny,object,1051.153821,110.716885,9.494070,true,true,,0.003132,0.004120,36,tiny;tiny;tiny;tiny,/cpfs/user/zhuzihou/assets/dedup_workspaces/test0_transitive_apply_parallel/dataset/GRScenes_assets/toilet/0c4822995992b779c278319fd363a033,/cpfs/user/zhuzihou/assets/dedup_workspaces/test0_transitive_apply_parallel/dataset/GRScenes_assets/toilet/0c4822995992b779c278319fd363a033/usd/0c4822995992b779c278319fd363a033.usd
toilet,139ff73bbc02e4e412ebd6c690854922,blank,object,36475.571717,118.173621,308.660861,true,true,,0.000034,0.000034,3,blank;blank;blank;blank,/cpfs/user/zhuzihou/assets/dedup_workspaces/test0_transitive_apply_parallel/dataset/GRScenes_assets/toilet/139ff73bbc02e4e412ebd6c690854922,/cpfs/user/zhuzihou/assets/dedup_workspaces/test0_transitive_apply_parallel/dataset/GRScenes_assets/toilet/139ff73bbc02e4e412ebd6c690854922/usd/139ff73bbc02e4e412ebd6c690854922.usd
toilet,18b15b3b837482a981cb4541c9b81d7f,tiny,object,807.115641,84.126596,9.594060,true,true,,0.003620,0.004120,40,tiny;tiny;tiny;tiny,/cpfs/user/zhuzihou/assets/dedup_workspaces/test0_transitive_apply_parallel/dataset/GRScenes_assets/toilet/18b15b3b837482a981cb4541c9b81d7f,/cpfs/user/zhuzihou/assets/dedup_workspaces/test0_transitive_apply_parallel/dataset/GRScenes_assets/toilet/18b15b3b837482a981cb4541c9b81d7f/usd/18b15b3b837482a981cb4541c9b81d7f.usd
toilet,2a3e894797346768f9af0fe7eb9ba4e7,blank,object,2266.504821,96.262565,23.545028,true,true,,0.000755,0.000916,16,blank;blank;blank;blank,/cpfs/user/zhuzihou/assets/dedup_workspaces/test0_transitive_apply_parallel/dataset/GRScenes_assets/toilet/2a3e894797346768f9af0fe7eb9ba4e7,/cpfs/user/zhuzihou/assets/dedup_workspaces/test0_transitive_apply_parallel/dataset/GRScenes_assets/toilet/2a3e894797346768f9af0fe7eb9ba4e7/usd/2a3e894797346768f9af0fe7eb9ba4e7.usd
toilet,7bf9414f7782a6090b3f533a30862d3c,blank,object,3647.557172,118.173620,30.866086,true,true,,0.000980,0.001442,21,blank;blank;blank;blank,/cpfs/user/zhuzihou/assets/dedup_workspaces/test0_transitive_apply_parallel/dataset/GRScenes_assets/toilet/7bf9414f7782a6090b3f533a30862d3c,/cpfs/user/zhuzihou/assets/dedup_workspaces/test0_transitive_apply_parallel/dataset/GRScenes_assets/toilet/7bf9414f7782a6090b3f533a30862d3c/usd/7bf9414f7782a6090b3f533a30862d3c.usd
toilet,8c3a05816fdf0c9d1441609baef0acec,blank,object,36598.719466,121.110117,302.193743,true,true,,0.000027,0.000031,4,blank;blank;blank;blank,/cpfs/user/zhuzihou/assets/dedup_workspaces/test0_transitive_apply_parallel/dataset/GRScenes_assets/toilet/8c3a05816fdf0c9d1441609baef0acec,/cpfs/user/zhuzihou/assets/dedup_workspaces/test0_transitive_apply_parallel/dataset/GRScenes_assets/toilet/8c3a05816fdf0c9d1441609baef0acec/usd/8c3a05816fdf0c9d1441609baef0acec.usd
toilet,95f5e911bb3e659c908e1be586b9cd49,blank,object,36598.719466,121.110117,302.193743,true,true,,0.000027,0.000031,4,blank;blank;blank;blank,/cpfs/user/zhuzihou/assets/dedup_workspaces/test0_transitive_apply_parallel/dataset/GRScenes_assets/toilet/95f5e911bb3e659c908e1be586b9cd49,/cpfs/user/zhuzihou/assets/dedup_workspaces/test0_transitive_apply_parallel/dataset/GRScenes_assets/toilet/95f5e911bb3e659c908e1be586b9cd49/usd/95f5e911bb3e659c908e1be586b9cd49.usd
toilet,98b937a281f1a4a1dfc9ed821aa80882,tiny,object,1040.063425,113.328118,9.177453,true,true,,0.003048,0.004910,39,tiny;tiny;tiny;tiny,/cpfs/user/zhuzihou/assets/dedup_workspaces/test0_transitive_apply_parallel/dataset/GRScenes_assets/toilet/98b937a281f1a4a1dfc9ed821aa80882,/cpfs/user/zhuzihou/assets/dedup_workspaces/test0_transitive_apply_parallel/dataset/GRScenes_assets/toilet/98b937a281f1a4a1dfc9ed821aa80882/usd/98b937a281f1a4a1dfc9ed821aa80882.usd
trash_can,023c28ec6d0295ed03c25ab17ba0acec,tiny,object,934.711472,136.633277,6.841024,true,true,,0.006550,0.008392,51,tiny;tiny;tiny;tiny,/cpfs/user/zhuzihou/assets/dedup_workspaces/test0_transitive_apply_parallel/dataset/GRScenes_assets/trash_can/023c28ec6d0295ed03c25ab17ba0acec,/cpfs/user/zhuzihou/assets/dedup_workspaces/test0_transitive_apply_parallel/dataset/GRScenes_assets/trash_can/023c28ec6d0295ed03c25ab17ba0acec/usd/023c28ec6d0295ed03c25ab17ba0acec.usd
trash_can,0300e2035133712822b40dccd1515b56,tiny,object,508.901019,46.127699,11.032439,true,true,,0.002831,0.003357,40,tiny;tiny;tiny;tiny,/cpfs/user/zhuzihou/assets/dedup_workspaces/test0_transitive_apply_parallel/dataset/GRScenes_assets/trash_can/0300e2035133712822b40dccd1515b56,/cpfs/user/zhuzihou/assets/dedup_workspaces/test0_transitive_apply_parallel/dataset/GRScenes_assets/trash_can/0300e2035133712822b40dccd1515b56/usd/0300e2035133712822b40dccd1515b56.usd
trash_can,03425f62b0b5632d0cc2f8a9374171ef,tiny,object,333.863781,39.885038,8.370652,true,true,,0.003956,0.004211,46,tiny;tiny;tiny;tiny,/cpfs/user/zhuzihou/assets/dedup_workspaces/test0_transitive_apply_parallel/dataset/GRScenes_assets/trash_can/03425f62b0b5632d0cc2f8a9374171ef,/cpfs/user/zhuzihou/assets/dedup_workspaces/test0_transitive_apply_parallel/dataset/GRScenes_assets/trash_can/03425f62b0b5632d0cc2f8a9374171ef/usd/03425f62b0b5632d0cc2f8a9374171ef.usd
trash_can,03426cac34de581cca2e63a4c9d6279e,tiny,object,453.745834,45.102763,10.060267,true,true,,0.003765,0.004093,43,tiny;tiny;tiny;tiny,/cpfs/user/zhuzihou/assets/dedup_workspaces/test0_transitive_apply_parallel/dataset/GRScenes_assets/trash_can/03426cac34de581cca2e63a4c9d6279e,/cpfs/user/zhuzihou/assets/dedup_workspaces/test0_transitive_apply_parallel/dataset/GRScenes_assets/trash_can/03426cac34de581cca2e63a4c9d6279e/usd/03426cac34de581cca2e63a4c9d6279e.usd
trash_can,06884ade718a5b3285bc9a11a28e5fc9,tiny,object,567.601023,54.162944,10.479508,true,true,,0.003014,0.003090,35,tiny;tiny;tiny;tiny,/cpfs/user/zhuzihou/assets/dedup_workspaces/test0_transitive_apply_parallel/dataset/GRScenes_assets/trash_can/06884ade718a5b3285bc9a11a28e5fc9,/cpfs/user/zhuzihou/assets/dedup_workspaces/test0_transitive_apply_parallel/dataset/GRScenes_assets/trash_can/06884ade718a5b3285bc9a11a28e5fc9/usd/06884ade718a5b3285bc9a11a28e5fc9.usd
trash_can,06d73a7f6244f89f469d54e2e6d08ade,tiny,object,451.992512,45.435590,9.947984,true,true,,0.005032,0.005608,49,tiny;tiny;tiny;tiny,/cpfs/user/zhuzihou/assets/dedup_workspaces/test0_transitive_apply_parallel/dataset/GRScenes_assets/trash_can/06d73a7f6244f89f469d54e2e6d08ade,/cpfs/user/zhuzihou/assets/dedup_workspaces/test0_transitive_apply_parallel/dataset/GRScenes_assets/trash_can/06d73a7f6244f89f469d54e2e6d08ade/usd/06d73a7f6244f89f469d54e2e6d08ade.usd
trash_can,07edd8b36379035b1bedb18b163ba5ec,blank,object,523.391649,52.339159,10.000001,true,true,,0.000000,0.000000,0,blank;blank;blank;blank,/cpfs/user/zhuzihou/assets/dedup_workspaces/test0_transitive_apply_parallel/dataset/GRScenes_assets/trash_can/07edd8b36379035b1bedb18b163ba5ec,/cpfs/user/zhuzihou/assets/dedup_workspaces/test0_transitive_apply_parallel/dataset/GRScenes_assets/trash_can/07edd8b36379035b1bedb18b163ba5ec/usd/07edd8b36379035b1bedb18b163ba5ec.usd
trash_can,0e8727ec0acc355006a2e41cf2a8e519,tiny,object,524.210725,58.400929,8.976068,true,true,,0.004326,0.004807,38,tiny;tiny;tiny;tiny,/cpfs/user/zhuzihou/assets/dedup_workspaces/test0_transitive_apply_parallel/dataset/GRScenes_assets/trash_can/0e8727ec0acc355006a2e41cf2a8e519,/cpfs/user/zhuzihou/assets/dedup_workspaces/test0_transitive_apply_parallel/dataset/GRScenes_assets/trash_can/0e8727ec0acc355006a2e41cf2a8e519/usd/0e8727ec0acc355006a2e41cf2a8e519.usd
trash_can,14591f6f8191e19c59ee618a2a6e54a3,tiny,object,383.391744,49.460616,7.751455,true,true,,0.005489,0.006096,47,tiny;tiny;tiny;tiny,/cpfs/user/zhuzihou/assets/dedup_workspaces/test0_transitive_apply_parallel/dataset/GRScenes_assets/trash_can/14591f6f8191e19c59ee618a2a6e54a3,/cpfs/user/zhuzihou/assets/dedup_workspaces/test0_transitive_apply_parallel/dataset/GRScenes_assets/trash_can/14591f6f8191e19c59ee618a2a6e54a3/usd/14591f6f8191e19c59ee618a2a6e54a3.usd
trash_can,1da5d925d3140348759490d249793004,tiny,object,575.947010,52.043844,11.066573,true,true,,0.001846,0.002197,32,tiny;tiny;tiny;tiny,/cpfs/user/zhuzihou/assets/dedup_workspaces/test0_transitive_apply_parallel/dataset/GRScenes_assets/trash_can/1da5d925d3140348759490d249793004,/cpfs/user/zhuzihou/assets/dedup_workspaces/test0_transitive_apply_parallel/dataset/GRScenes_assets/trash_can/1da5d925d3140348759490d249793004/usd/1da5d925d3140348759490d249793004.usd
trash_can,2c8b3e4959b7acc7051aa02bcffd68e0,tiny,object,595.338230,56.551143,10.527431,true,true,,0.003929,0.004093,37,tiny;tiny;tiny;tiny,/cpfs/user/zhuzihou/assets/dedup_workspaces/test0_transitive_apply_parallel/dataset/GRScenes_assets/trash_can/2c8b3e4959b7acc7051aa02bcffd68e0,/cpfs/user/zhuzihou/assets/dedup_workspaces/test0_transitive_apply_parallel/dataset/GRScenes_assets/trash_can/2c8b3e4959b7acc7051aa02bcffd68e0/usd/2c8b3e4959b7acc7051aa02bcffd68e0.usd
trash_can,34d6b2d1f5e85db34fb83ead20bb4af9,tiny,object,538.604229,62.116560,8.670864,true,true,,0.004330,0.005127,42,tiny;tiny;tiny;tiny,/cpfs/user/zhuzihou/assets/dedup_workspaces/test0_transitive_apply_parallel/dataset/GRScenes_assets/trash_can/34d6b2d1f5e85db34fb83ead20bb4af9,/cpfs/user/zhuzihou/assets/dedup_workspaces/test0_transitive_apply_parallel/dataset/GRScenes_assets/trash_can/34d6b2d1f5e85db34fb83ead20bb4af9/usd/34d6b2d1f5e85db34fb83ead20bb4af9.usd
trash_can,36f2780502894806fa18cdf8431f3d3f,tiny,object,794.250538,80.715243,9.840155,true,true,,0.003349,0.003529,37,tiny;tiny;tiny;tiny,/cpfs/user/zhuzihou/assets/dedup_workspaces/test0_transitive_apply_parallel/dataset/GRScenes_assets/trash_can/36f2780502894806fa18cdf8431f3d3f,/cpfs/user/zhuzihou/assets/dedup_workspaces/test0_transitive_apply_parallel/dataset/GRScenes_assets/trash_can/36f2780502894806fa18cdf8431f3d3f/usd/36f2780502894806fa18cdf8431f3d3f.usd
trash_can,40942dd78bb7ac8d7934916d36f0a59b,tiny,object,1094.384772,97.360496,11.240542,true,true,,0.001423,0.001831,30,tiny;tiny;tiny;tiny,/cpfs/user/zhuzihou/assets/dedup_workspaces/test0_transitive_apply_parallel/dataset/GRScenes_assets/trash_can/40942dd78bb7ac8d7934916d36f0a59b,/cpfs/user/zhuzihou/assets/dedup_workspaces/test0_transitive_apply_parallel/dataset/GRScenes_assets/trash_can/40942dd78bb7ac8d7934916d36f0a59b/usd/40942dd78bb7ac8d7934916d36f0a59b.usd
trash_can,41f94cb8bce75cfe74c43fadd21eb953,tiny,object,589.439908,56.326561,10.464688,true,true,,0.002468,0.003159,36,tiny;tiny;tiny;tiny,/cpfs/user/zhuzihou/assets/dedup_workspaces/test0_transitive_apply_parallel/dataset/GRScenes_assets/trash_can/41f94cb8bce75cfe74c43fadd21eb953,/cpfs/user/zhuzihou/assets/dedup_workspaces/test0_transitive_apply_parallel/dataset/GRScenes_assets/trash_can/41f94cb8bce75cfe74c43fadd21eb953/usd/41f94cb8bce75cfe74c43fadd21eb953.usd
trash_can,48f1e9a38bb4a8ff02787f9a5c5c6381,blank,object,1094.384772,49.484361,22.115771,true,true,,0.000427,0.000549,16,blank;blank;blank;blank,/cpfs/user/zhuzihou/assets/dedup_workspaces/test0_transitive_apply_parallel/dataset/GRScenes_assets/trash_can/48f1e9a38bb4a8ff02787f9a5c5c6381,/cpfs/user/zhuzihou/assets/dedup_workspaces/test0_transitive_apply_parallel/dataset/GRScenes_assets/trash_can/48f1e9a38bb4a8ff02787f9a5c5c6381/usd/48f1e9a38bb4a8ff02787f9a5c5c6381.usd
trash_can,5e3e8b0103d3dce11b32e0dc1a53b7bb,tiny,object,609.512975,60.951303,9.999999,true,true,,0.001640,0.002213,29,tiny;tiny;tiny;tiny,/cpfs/user/zhuzihou/assets/dedup_workspaces/test0_transitive_apply_parallel/dataset/GRScenes_assets/trash_can/5e3e8b0103d3dce11b32e0dc1a53b7bb,/cpfs/user/zhuzihou/assets/dedup_workspaces/test0_transitive_apply_parallel/dataset/GRScenes_assets/trash_can/5e3e8b0103d3dce11b32e0dc1a53b7bb/usd/5e3e8b0103d3dce11b32e0dc1a53b7bb.usd
trash_can,75b01fea380427c3d0ddaca6e9927501,tiny,object,369.655003,35.119957,10.525497,true,true,,0.004086,0.004234,40,tiny;tiny;tiny;tiny,/cpfs/user/zhuzihou/assets/dedup_workspaces/test0_transitive_apply_parallel/dataset/GRScenes_assets/trash_can/75b01fea380427c3d0ddaca6e9927501,/cpfs/user/zhuzihou/assets/dedup_workspaces/test0_transitive_apply_parallel/dataset/GRScenes_assets/trash_can/75b01fea380427c3d0ddaca6e9927501/usd/75b01fea380427c3d0ddaca6e9927501.usd
trash_can,834432aa765db4ba3d592f83df3f96a6,tiny,object,237.190262,26.994364,8.786659,true,true,,0.004436,0.004593,43,tiny;tiny;tiny;tiny,/cpfs/user/zhuzihou/assets/dedup_workspaces/test0_transitive_apply_parallel/dataset/GRScenes_assets/trash_can/834432aa765db4ba3d592f83df3f96a6,/cpfs/user/zhuzihou/assets/dedup_workspaces/test0_transitive_apply_parallel/dataset/GRScenes_assets/trash_can/834432aa765db4ba3d592f83df3f96a6/usd/834432aa765db4ba3d592f83df3f96a6.usd
trash_can,8ecd6a994dc068fad7c17c369b11d863,blank,object,21779.583977,54.873290,396.906836,true,true,,0.000019,0.000023,3,blank;blank;blank;blank,/cpfs/user/zhuzihou/assets/dedup_workspaces/test0_transitive_apply_parallel/dataset/GRScenes_assets/trash_can/8ecd6a994dc068fad7c17c369b11d863,/cpfs/user/zhuzihou/assets/dedup_workspaces/test0_transitive_apply_parallel/dataset/GRScenes_assets/trash_can/8ecd6a994dc068fad7c17c369b11d863/usd/8ecd6a994dc068fad7c17c369b11d863.usd
trash_can,98cd37bbc4ea7f3784a58bef8ffef0d3,tiny,object,449.621249,51.580199,8.716935,true,true,,0.003246,0.003983,36,tiny;tiny;tiny;tiny,/cpfs/user/zhuzihou/assets/dedup_workspaces/test0_transitive_apply_parallel/dataset/GRScenes_assets/trash_can/98cd37bbc4ea7f3784a58bef8ffef0d3,/cpfs/user/zhuzihou/assets/dedup_workspaces/test0_transitive_apply_parallel/dataset/GRScenes_assets/trash_can/98cd37bbc4ea7f3784a58bef8ffef0d3/usd/98cd37bbc4ea7f3784a58bef8ffef0d3.usd
trash_can,c836eda9b40da79124bf52a50d443278,tiny,object,451.992512,45.435592,9.947983,true,true,,0.005234,0.005379,47,tiny;tiny;tiny;tiny,/cpfs/user/zhuzihou/assets/dedup_workspaces/test0_transitive_apply_parallel/dataset/GRScenes_assets/trash_can/c836eda9b40da79124bf52a50d443278,/cpfs/user/zhuzihou/assets/dedup_workspaces/test0_transitive_apply_parallel/dataset/GRScenes_assets/trash_can/c836eda9b40da79124bf52a50d443278/usd/c836eda9b40da79124bf52a50d443278.usd
tv_stand,2ab4ed147c12b153396d3c11af70e5aa,tiny,object,2426.936155,217.596744,11.153366,true,true,,0.001804,0.001804,43,blank;tiny;blank;tiny,/cpfs/user/zhuzihou/assets/dedup_workspaces/test0_transitive_apply_parallel/dataset/GRScenes_assets/tv_stand/2ab4ed147c12b153396d3c11af70e5aa,/cpfs/user/zhuzihou/assets/dedup_workspaces/test0_transitive_apply_parallel/dataset/GRScenes_assets/tv_stand/2ab4ed147c12b153396d3c11af70e5aa/usd/2ab4ed147c12b153396d3c11af70e5aa.usd
tv_stand,528ed85d66b52d45c761c910603cebc0,tiny,object,3079.728583,348.888832,8.827249,true,true,,0.001625,0.001755,47,tiny;tiny;tiny;tiny,/cpfs/user/zhuzihou/assets/dedup_workspaces/test0_transitive_apply_parallel/dataset/GRScenes_assets/tv_stand/528ed85d66b52d45c761c910603cebc0,/cpfs/user/zhuzihou/assets/dedup_workspaces/test0_transitive_apply_parallel/dataset/GRScenes_assets/tv_stand/528ed85d66b52d45c761c910603cebc0/usd/528ed85d66b52d45c761c910603cebc0.usd
tv_stand,c3ab573645a80dda22e0be5c6482d148,tiny,object,3079.728583,348.888831,8.827249,true,true,,0.001617,0.001755,47,tiny;tiny;tiny;tiny,/cpfs/user/zhuzihou/assets/dedup_workspaces/test0_transitive_apply_parallel/dataset/GRScenes_assets/tv_stand/c3ab573645a80dda22e0be5c6482d148,/cpfs/user/zhuzihou/assets/dedup_workspaces/test0_transitive_apply_parallel/dataset/GRScenes_assets/tv_stand/c3ab573645a80dda22e0be5c6482d148/usd/c3ab573645a80dda22e0be5c6482d148.usd
washing_machine,067b4a9fe9011537a5262060b546019e,tiny,object,1299.935689,117.704563,11.044055,true,true,,0.003563,0.003761,40,tiny;tiny;tiny;tiny,/cpfs/user/zhuzihou/assets/dedup_workspaces/test0_transitive_apply_parallel/dataset/GRScenes_assets/washing_machine/067b4a9fe9011537a5262060b546019e,/cpfs/user/zhuzihou/assets/dedup_workspaces/test0_transitive_apply_parallel/dataset/GRScenes_assets/washing_machine/067b4a9fe9011537a5262060b546019e/usd/067b4a9fe9011537a5262060b546019e.usd
washing_machine,08b612e5603c86667ff359f5f30efbb9,tiny,object,1332.726679,120.143268,11.092812,true,true,,0.003788,0.004021,34,tiny;tiny;tiny;tiny,/cpfs/user/zhuzihou/assets/dedup_workspaces/test0_transitive_apply_parallel/dataset/GRScenes_assets/washing_machine/08b612e5603c86667ff359f5f30efbb9,/cpfs/user/zhuzihou/assets/dedup_workspaces/test0_transitive_apply_parallel/dataset/GRScenes_assets/washing_machine/08b612e5603c86667ff359f5f30efbb9/usd/08b612e5603c86667ff359f5f30efbb9.usd
washing_machine,0d79aa18759d20e2a6761cd9ec7e78c1,tiny,object,1279.415236,115.367892,11.089873,true,true,,0.003563,0.003777,40,tiny;tiny;tiny;tiny,/cpfs/user/zhuzihou/assets/dedup_workspaces/test0_transitive_apply_parallel/dataset/GRScenes_assets/washing_machine/0d79aa18759d20e2a6761cd9ec7e78c1,/cpfs/user/zhuzihou/assets/dedup_workspaces/test0_transitive_apply_parallel/dataset/GRScenes_assets/washing_machine/0d79aa18759d20e2a6761cd9ec7e78c1/usd/0d79aa18759d20e2a6761cd9ec7e78c1.usd
washing_machine,0de6b5dd1b0c1f27923c98d0fc1bfcd4,tiny,object,1395.424147,121.958958,11.441752,true,true,,0.003548,0.003777,36,tiny;tiny;tiny;tiny,/cpfs/user/zhuzihou/assets/dedup_workspaces/test0_transitive_apply_parallel/dataset/GRScenes_assets/washing_machine/0de6b5dd1b0c1f27923c98d0fc1bfcd4,/cpfs/user/zhuzihou/assets/dedup_workspaces/test0_transitive_apply_parallel/dataset/GRScenes_assets/washing_machine/0de6b5dd1b0c1f27923c98d0fc1bfcd4/usd/0de6b5dd1b0c1f27923c98d0fc1bfcd4.usd
washing_machine,161bba2c1928f3d77d576e96908607d9,tiny,object,2168.290693,120.560443,17.985092,true,true,,0.001915,0.002014,24,blank;tiny;tiny;tiny,/cpfs/user/zhuzihou/assets/dedup_workspaces/test0_transitive_apply_parallel/dataset/GRScenes_assets/washing_machine/161bba2c1928f3d77d576e96908607d9,/cpfs/user/zhuzihou/assets/dedup_workspaces/test0_transitive_apply_parallel/dataset/GRScenes_assets/washing_machine/161bba2c1928f3d77d576e96908607d9/usd/161bba2c1928f3d77d576e96908607d9.usd
washing_machine,1761ac0270b98dbed5b70b2b1f8f0244,tiny,object,1368.972412,115.787043,11.823192,true,true,,0.002708,0.002975,36,tiny;tiny;tiny;tiny,/cpfs/user/zhuzihou/assets/dedup_workspaces/test0_transitive_apply_parallel/dataset/GRScenes_assets/washing_machine/1761ac0270b98dbed5b70b2b1f8f0244,/cpfs/user/zhuzihou/assets/dedup_workspaces/test0_transitive_apply_parallel/dataset/GRScenes_assets/washing_machine/1761ac0270b98dbed5b70b2b1f8f0244/usd/1761ac0270b98dbed5b70b2b1f8f0244.usd
washing_machine,189a3d50970f4cc5217fde216fb3d58f,tiny,object,1616.564483,119.539350,13.523283,true,true,,0.002163,0.002289,29,tiny;tiny;tiny;tiny,/cpfs/user/zhuzihou/assets/dedup_workspaces/test0_transitive_apply_parallel/dataset/GRScenes_assets/washing_machine/189a3d50970f4cc5217fde216fb3d58f,/cpfs/user/zhuzihou/assets/dedup_workspaces/test0_transitive_apply_parallel/dataset/GRScenes_assets/washing_machine/189a3d50970f4cc5217fde216fb3d58f/usd/189a3d50970f4cc5217fde216fb3d58f.usd
washing_machine,1d30ef98bc5f6e74a3328cae784ada5e,tiny,object,1616.577063,119.540859,13.523218,true,true,,0.002144,0.002289,29,tiny;tiny;tiny;tiny,/cpfs/user/zhuzihou/assets/dedup_workspaces/test0_transitive_apply_parallel/dataset/GRScenes_assets/washing_machine/1d30ef98bc5f6e74a3328cae784ada5e,/cpfs/user/zhuzihou/assets/dedup_workspaces/test0_transitive_apply_parallel/dataset/GRScenes_assets/washing_machine/1d30ef98bc5f6e74a3328cae784ada5e/usd/1d30ef98bc5f6e74a3328cae784ada5e.usd
washing_machine,1eac6682f9b030a52d01ecef67d4719f,tiny,object,1781.350114,132.262498,13.468293,true,true,,0.002110,0.002197,29,tiny;tiny;tiny;tiny,/cpfs/user/zhuzihou/assets/dedup_workspaces/test0_transitive_apply_parallel/dataset/GRScenes_assets/washing_machine/1eac6682f9b030a52d01ecef67d4719f,/cpfs/user/zhuzihou/assets/dedup_workspaces/test0_transitive_apply_parallel/dataset/GRScenes_assets/washing_machine/1eac6682f9b030a52d01ecef67d4719f/usd/1eac6682f9b030a52d01ecef67d4719f.usd
washing_machine,1edf3ce8b980a5bf449ce9c321afb95c,tiny,object,1229.681788,113.062224,10.876151,true,true,,0.004074,0.004280,37,tiny;tiny;tiny;tiny,/cpfs/user/zhuzihou/assets/dedup_workspaces/test0_transitive_apply_parallel/dataset/GRScenes_assets/washing_machine/1edf3ce8b980a5bf449ce9c321afb95c,/cpfs/user/zhuzihou/assets/dedup_workspaces/test0_transitive_apply_parallel/dataset/GRScenes_assets/washing_machine/1edf3ce8b980a5bf449ce9c321afb95c/usd/1edf3ce8b980a5bf449ce9c321afb95c.usd
washing_machine,2803be44430b12e21b95208bee7aed27,tiny,object,1653.071016,123.431368,13.392633,true,true,,0.001938,0.002193,30,tiny;tiny;tiny;tiny,/cpfs/user/zhuzihou/assets/dedup_workspaces/test0_transitive_apply_parallel/dataset/GRScenes_assets/washing_machine/2803be44430b12e21b95208bee7aed27,/cpfs/user/zhuzihou/assets/dedup_workspaces/test0_transitive_apply_parallel/dataset/GRScenes_assets/washing_machine/2803be44430b12e21b95208bee7aed27/usd/2803be44430b12e21b95208bee7aed27.usd
washing_machine,283d251105d9dac9ecd7ce8eb5ba7630,tiny,object,1264.412447,116.941597,10.812341,true,true,,0.004116,0.004257,37,tiny;tiny;tiny;tiny,/cpfs/user/zhuzihou/assets/dedup_workspaces/test0_transitive_apply_parallel/dataset/GRScenes_assets/washing_machine/283d251105d9dac9ecd7ce8eb5ba7630,/cpfs/user/zhuzihou/assets/dedup_workspaces/test0_transitive_apply_parallel/dataset/GRScenes_assets/washing_machine/283d251105d9dac9ecd7ce8eb5ba7630/usd/283d251105d9dac9ecd7ce8eb5ba7630.usd
washing_machine,37e0ceb2c380959760b3053b72446f60,tiny,object,1281.363269,108.674295,11.790859,true,true,,0.002773,0.002983,34,tiny;tiny;tiny;tiny,/cpfs/user/zhuzihou/assets/dedup_workspaces/test0_transitive_apply_parallel/dataset/GRScenes_assets/washing_machine/37e0ceb2c380959760b3053b72446f60,/cpfs/user/zhuzihou/assets/dedup_workspaces/test0_transitive_apply_parallel/dataset/GRScenes_assets/washing_machine/37e0ceb2c380959760b3053b72446f60/usd/37e0ceb2c380959760b3053b72446f60.usd
washing_machine,3d56401501962463b17aaf65012624bc,tiny,object,1020.896871,106.096304,9.622360,true,true,,0.006237,0.006676,50,tiny;tiny;tiny;tiny,/cpfs/user/zhuzihou/assets/dedup_workspaces/test0_transitive_apply_parallel/dataset/GRScenes_assets/washing_machine/3d56401501962463b17aaf65012624bc,/cpfs/user/zhuzihou/assets/dedup_workspaces/test0_transitive_apply_parallel/dataset/GRScenes_assets/washing_machine/3d56401501962463b17aaf65012624bc/usd/3d56401501962463b17aaf65012624bc.usd
washing_machine,5523c12e8e7a8b3e92cb9d6c768dfb01,tiny,object,1667.856811,116.787821,14.281085,true,true,,0.002323,0.002544,30,tiny;tiny;tiny;tiny,/cpfs/user/zhuzihou/assets/dedup_workspaces/test0_transitive_apply_parallel/dataset/GRScenes_assets/washing_machine/5523c12e8e7a8b3e92cb9d6c768dfb01,/cpfs/user/zhuzihou/assets/dedup_workspaces/test0_transitive_apply_parallel/dataset/GRScenes_assets/washing_machine/5523c12e8e7a8b3e92cb9d6c768dfb01/usd/5523c12e8e7a8b3e92cb9d6c768dfb01.usd
washing_machine,56b7b1f35e16029c9c903824db575697,tiny,object,1264.412447,116.941597,10.812341,true,true,,0.004116,0.004257,37,tiny;tiny;tiny;tiny,/cpfs/user/zhuzihou/assets/dedup_workspaces/test0_transitive_apply_parallel/dataset/GRScenes_assets/washing_machine/56b7b1f35e16029c9c903824db575697,/cpfs/user/zhuzihou/assets/dedup_workspaces/test0_transitive_apply_parallel/dataset/GRScenes_assets/washing_machine/56b7b1f35e16029c9c903824db575697/usd/56b7b1f35e16029c9c903824db575697.usd
washing_machine,5afff24d4ccf2ab5504924a0e0dbc850,tiny,object,2291.425940,121.902270,18.797238,true,true,,0.001778,0.001930,23,blank;tiny;tiny;tiny,/cpfs/user/zhuzihou/assets/dedup_workspaces/test0_transitive_apply_parallel/dataset/GRScenes_assets/washing_machine/5afff24d4ccf2ab5504924a0e0dbc850,/cpfs/user/zhuzihou/assets/dedup_workspaces/test0_transitive_apply_parallel/dataset/GRScenes_assets/washing_machine/5afff24d4ccf2ab5504924a0e0dbc850/usd/5afff24d4ccf2ab5504924a0e0dbc850.usd
washing_machine,6ea89674ddb82568c2ce2db38c4284ea,tiny,object,1450.436202,131.108682,11.062854,true,true,,0.003597,0.003761,40,tiny;tiny;tiny;tiny,/cpfs/user/zhuzihou/assets/dedup_workspaces/test0_transitive_apply_parallel/dataset/GRScenes_assets/washing_machine/6ea89674ddb82568c2ce2db38c4284ea,/cpfs/user/zhuzihou/assets/dedup_workspaces/test0_transitive_apply_parallel/dataset/GRScenes_assets/washing_machine/6ea89674ddb82568c2ce2db38c4284ea/usd/6ea89674ddb82568c2ce2db38c4284ea.usd
washing_machine,83d895ab617f4612370d9af3ca8922d3,tiny,object,2168.290693,120.560443,17.985092,true,true,,0.001842,0.002106,24,blank;tiny;tiny;tiny,/cpfs/user/zhuzihou/assets/dedup_workspaces/test0_transitive_apply_parallel/dataset/GRScenes_assets/washing_machine/83d895ab617f4612370d9af3ca8922d3,/cpfs/user/zhuzihou/assets/dedup_workspaces/test0_transitive_apply_parallel/dataset/GRScenes_assets/washing_machine/83d895ab617f4612370d9af3ca8922d3/usd/83d895ab617f4612370d9af3ca8922d3.usd
washing_machine,aa33462b6b4a2023abcda1f3dc60133b,tiny,object,1965.867623,122.005168,16.112987,true,true,,0.001945,0.002098,26,tiny;tiny;tiny;tiny,/cpfs/user/zhuzihou/assets/dedup_workspaces/test0_transitive_apply_parallel/dataset/GRScenes_assets/washing_machine/aa33462b6b4a2023abcda1f3dc60133b,/cpfs/user/zhuzihou/assets/dedup_workspaces/test0_transitive_apply_parallel/dataset/GRScenes_assets/washing_machine/aa33462b6b4a2023abcda1f3dc60133b/usd/aa33462b6b4a2023abcda1f3dc60133b.usd
washing_machine,b6fea2336ef09f12fb8feb2344712fe1,tiny,object,1264.412447,116.941599,10.812341,true,true,,0.004162,0.004395,37,tiny;tiny;tiny;tiny,/cpfs/user/zhuzihou/assets/dedup_workspaces/test0_transitive_apply_parallel/dataset/GRScenes_assets/washing_machine/b6fea2336ef09f12fb8feb2344712fe1,/cpfs/user/zhuzihou/assets/dedup_workspaces/test0_transitive_apply_parallel/dataset/GRScenes_assets/washing_machine/b6fea2336ef09f12fb8feb2344712fe1/usd/b6fea2336ef09f12fb8feb2344712fe1.usd
washing_machine,b96b96cc07c0f1ebe6b97f1ae068ff59,tiny,object,1204.987230,120.498728,10.000000,true,true,,0.003319,0.003548,36,tiny;tiny;tiny;tiny,/cpfs/user/zhuzihou/assets/dedup_workspaces/test0_transitive_apply_parallel/dataset/GRScenes_assets/washing_machine/b96b96cc07c0f1ebe6b97f1ae068ff59,/cpfs/user/zhuzihou/assets/dedup_workspaces/test0_transitive_apply_parallel/dataset/GRScenes_assets/washing_machine/b96b96cc07c0f1ebe6b97f1ae068ff59/usd/b96b96cc07c0f1ebe6b97f1ae068ff59.usd
washing_machine,bd2ef34741e9a4a9af869d84f3150836,tiny,object,1264.412447,116.941599,10.812341,true,true,,0.004162,0.004395,37,tiny;tiny;tiny;tiny,/cpfs/user/zhuzihou/assets/dedup_workspaces/test0_transitive_apply_parallel/dataset/GRScenes_assets/washing_machine/bd2ef34741e9a4a9af869d84f3150836,/cpfs/user/zhuzihou/assets/dedup_workspaces/test0_transitive_apply_parallel/dataset/GRScenes_assets/washing_machine/bd2ef34741e9a4a9af869d84f3150836/usd/bd2ef34741e9a4a9af869d84f3150836.usd
washing_machine,cb1dcb566e25614ad3a81a9294ec62ab,tiny,object,1562.252587,121.996719,12.805693,true,true,,0.002125,0.002472,31,tiny;tiny;tiny;tiny,/cpfs/user/zhuzihou/assets/dedup_workspaces/test0_transitive_apply_parallel/dataset/GRScenes_assets/washing_machine/cb1dcb566e25614ad3a81a9294ec62ab,/cpfs/user/zhuzihou/assets/dedup_workspaces/test0_transitive_apply_parallel/dataset/GRScenes_assets/washing_machine/cb1dcb566e25614ad3a81a9294ec62ab/usd/cb1dcb566e25614ad3a81a9294ec62ab.usd
washing_machine,e9e1998ed6490d3058c65cd0fb67988e,tiny,object,1264.412447,116.941597,10.812341,true,true,,0.004044,0.004395,36,tiny;tiny;tiny;tiny,/cpfs/user/zhuzihou/assets/dedup_workspaces/test0_transitive_apply_parallel/dataset/GRScenes_assets/washing_machine/e9e1998ed6490d3058c65cd0fb67988e,/cpfs/user/zhuzihou/assets/dedup_workspaces/test0_transitive_apply_parallel/dataset/GRScenes_assets/washing_machine/e9e1998ed6490d3058c65cd0fb67988e/usd/e9e1998ed6490d3058c65cd0fb67988e.usd
washing_machine,eeb2ff805a0ba9e9fa36960c5d8291ce,tiny,object,1566.630313,115.416866,13.573669,true,true,,0.002159,0.002193,29,tiny;tiny;tiny;tiny,/cpfs/user/zhuzihou/assets/dedup_workspaces/test0_transitive_apply_parallel/dataset/GRScenes_assets/washing_machine/eeb2ff805a0ba9e9fa36960c5d8291ce,/cpfs/user/zhuzihou/assets/dedup_workspaces/test0_transitive_apply_parallel/dataset/GRScenes_assets/washing_machine/eeb2ff805a0ba9e9fa36960c5d8291ce/usd/eeb2ff805a0ba9e9fa36960c5d8291ce.usd
washing_machine,f914c9475ecb9caab339e08e710a6cca,tiny,object,1264.412447,116.941597,10.812341,true,true,,0.004116,0.004257,37,tiny;tiny;tiny;tiny,/cpfs/user/zhuzihou/assets/dedup_workspaces/test0_transitive_apply_parallel/dataset/GRScenes_assets/washing_machine/f914c9475ecb9caab339e08e710a6cca,/cpfs/user/zhuzihou/assets/dedup_workspaces/test0_transitive_apply_parallel/dataset/GRScenes_assets/washing_machine/f914c9475ecb9caab339e08e710a6cca/usd/f914c9475ecb9caab339e08e710a6cca.usd
