category,uid,previous_class,new_class,best_fg_ratio,best_bbox_area_ratio,best_max_dim,view_classes,diag_ratio,usd_path
cabinet,0103f6d34c5852236100733a4a9a8a2f,suspicious,ok,0.398281,0.531250,512,ok;ok;ok;ok,9719364255951204899451301456433381376.000000,/cpfs/user/zhuzihou/assets/dedup_workspaces/test0_transitive_apply_parallel/dataset/GRScenes_assets/cabinet/0103f6d34c5852236100733a4a9a8a2f/usd/0103f6d34c5852236100733a4a9a8a2f.usd
cabinet,017e70823d03e5a8cda2c082e6440449,suspicious,ok,0.187450,0.218964,506,ok;ok;ok;ok,4768637819199796469880959410112561152.000000,/cpfs/user/zhuzihou/assets/dedup_workspaces/test0_transitive_apply_parallel/dataset/GRScenes_assets/cabinet/017e70823d03e5a8cda2c082e6440449/usd/017e70823d03e5a8cda2c082e6440449.usd
cabinet,01832f2d9a433adec46c23492a04a66c,suspicious,ok,0.298054,0.328064,500,ok;ok;ok;ok,4524512078312764904015408219222441984.000000,/cpfs/user/zhuzihou/assets/dedup_workspaces/test0_transitive_apply_parallel/dataset/GRScenes_assets/cabinet/01832f2d9a433adec46c23492a04a66c/usd/01832f2d9a433adec46c23492a04a66c.usd
cabinet,01ba00f2f4072e5e3f71cadea43edf49,suspicious,ok,0.252453,0.308594,512,ok;ok;ok;ok,4525562448586086622259441293972209664.000000,/cpfs/user/zhuzihou/assets/dedup_workspaces/test0_transitive_apply_parallel/dataset/GRScenes_assets/cabinet/01ba00f2f4072e5e3f71cadea43edf49/usd/01ba00f2f4072e5e3f71cadea43edf49.usd
cabinet,01fd983213e1647c02edfce9a6ea098d,suspicious,ok,0.393108,0.460777,470,ok;ok;ok;ok,3771030071610963881612141592596971520.000000,/cpfs/user/zhuzihou/assets/dedup_workspaces/test0_transitive_apply_parallel/dataset/GRScenes_assets/cabinet/01fd983213e1647c02edfce9a6ea098d/usd/01fd983213e1647c02edfce9a6ea098d.usd
cabinet,030552c05f71248d0ec542c121a3586f,suspicious,ok,0.405758,0.552750,486,ok;ok;ok;ok,3241073122626176908288475845231640576.000000,/cpfs/user/zhuzihou/assets/dedup_workspaces/test0_transitive_apply_parallel/dataset/GRScenes_assets/cabinet/030552c05f71248d0ec542c121a3586f/usd/030552c05f71248d0ec542c121a3586f.usd
cabinet,03084f37e155430e2768d4a8f71c41d6,suspicious,ok,0.366936,0.482025,512,ok;ok;ok;ok,5860982363046311583206768603073347584.000000,/cpfs/user/zhuzihou/assets/dedup_workspaces/test0_transitive_apply_parallel/dataset/GRScenes_assets/cabinet/03084f37e155430e2768d4a8f71c41d6/usd/03084f37e155430e2768d4a8f71c41d6.usd
cabinet,030f6923af651a0593b1556295d36e0b,suspicious,ok,0.430145,0.501961,482,ok;ok;ok;ok,7336836588759701419016388410666385408.000000,/cpfs/user/zhuzihou/assets/dedup_workspaces/test0_transitive_apply_parallel/dataset/GRScenes_assets/cabinet/030f6923af651a0593b1556295d36e0b/usd/030f6923af651a0593b1556295d36e0b.usd
cabinet,0351e38501c4134575e6dda441b434d9,suspicious,ok,0.255497,0.298004,512,ok;ok;ok;ok,6201919256004915273176016880228368384.000000,/cpfs/user/zhuzihou/assets/dedup_workspaces/test0_transitive_apply_parallel/dataset/GRScenes_assets/cabinet/0351e38501c4134575e6dda441b434d9/usd/0351e38501c4134575e6dda441b434d9.usd
cabinet,039c6bdd9fc8b57652b7a96f885dc484,suspicious,ok,0.285042,0.369232,472,ok;ok;ok;ok,3165288796806767524384003040538001408.000000,/cpfs/user/zhuzihou/assets/dedup_workspaces/test0_transitive_apply_parallel/dataset/GRScenes_assets/cabinet/039c6bdd9fc8b57652b7a96f885dc484/usd/039c6bdd9fc8b57652b7a96f885dc484.usd
cabinet,03d89ac3714f5dbdef54fa3d7f8b2702,suspicious,ok,0.033573,0.033920,468,ok;ok;ok;ok,5607080008514814775736781332444872704.000000,/cpfs/user/zhuzihou/assets/dedup_workspaces/test0_transitive_apply_parallel/dataset/GRScenes_assets/cabinet/03d89ac3714f5dbdef54fa3d7f8b2702/usd/03d89ac3714f5dbdef54fa3d7f8b2702.usd
cabinet,042a2ad4549c90e90a91f9bc50f7b9b6,suspicious,ok,0.272121,0.358887,512,ok;ok;ok;ok,5505331459428152967919815687801929728.000000,/cpfs/user/zhuzihou/assets/dedup_workspaces/test0_transitive_apply_parallel/dataset/GRScenes_assets/cabinet/042a2ad4549c90e90a91f9bc50f7b9b6/usd/042a2ad4549c90e90a91f9bc50f7b9b6.usd
cabinet,04341ec1ca6bf336f49cad66cae7a722,suspicious,ok,0.382053,0.466766,460,ok;ok;ok;ok,1788521664243157928013778297403998208.000000,/cpfs/user/zhuzihou/assets/dedup_workspaces/test0_transitive_apply_parallel/dataset/GRScenes_assets/cabinet/04341ec1ca6bf336f49cad66cae7a722/usd/04341ec1ca6bf336f49cad66cae7a722.usd
cabinet,0488118f0fd22625619c210a71c8d81e,suspicious,ok,0.270191,0.302124,480,ok;ok;ok;ok,14809367182663031529116544695604871168.000000,/cpfs/user/zhuzihou/assets/dedup_workspaces/test0_transitive_apply_parallel/dataset/GRScenes_assets/cabinet/0488118f0fd22625619c210a71c8d81e/usd/0488118f0fd22625619c210a71c8d81e.usd
cabinet,0493d2c7a758de44c6b45d4c14801a74,suspicious,ok,0.492630,0.600586,480,ok;ok;ok;ok,9276812585385663179006358501978013696.000000,/cpfs/user/zhuzihou/assets/dedup_workspaces/test0_transitive_apply_parallel/dataset/GRScenes_assets/cabinet/0493d2c7a758de44c6b45d4c14801a74/usd/0493d2c7a758de44c6b45d4c14801a74.usd
cabinet,051784651ce9ea0494f32068cb8a1210,suspicious,ok,0.219578,0.463562,434,ok;ok;ok;ok,3298095285115683051128642849027915776.000000,/cpfs/user/zhuzihou/assets/dedup_workspaces/test0_transitive_apply_parallel/dataset/GRScenes_assets/cabinet/051784651ce9ea0494f32068cb8a1210/usd/051784651ce9ea0494f32068cb8a1210.usd
cabinet,0592e41b66a549d83a509305325d6d91,suspicious,ok,0.448174,0.582268,460,ok;ok;ok;ok,8808456425076273384244827736837718016.000000,/cpfs/user/zhuzihou/assets/dedup_workspaces/test0_transitive_apply_parallel/dataset/GRScenes_assets/cabinet/0592e41b66a549d83a509305325d6d91/usd/0592e41b66a549d83a509305325d6d91.usd
cabinet,05b603614a4ff2f04bfa544a2d85a0bd,tiny,ok,0.111412,0.142136,424,ok;ok;ok;ok,12490962689454163525922493642454335488.000000,/cpfs/user/zhuzihou/assets/dedup_workspaces/test0_transitive_apply_parallel/dataset/GRScenes_assets/cabinet/05b603614a4ff2f04bfa544a2d85a0bd/usd/05b603614a4ff2f04bfa544a2d85a0bd.usd
cabinet,0643684aed91df5d35c78c3e8ab9268c,suspicious,ok,0.287224,0.316406,512,ok;ok;ok;ok,4411899819833587157833245220552048640.000000,/cpfs/user/zhuzihou/assets/dedup_workspaces/test0_transitive_apply_parallel/dataset/GRScenes_assets/cabinet/0643684aed91df5d35c78c3e8ab9268c/usd/0643684aed91df5d35c78c3e8ab9268c.usd
cabinet,06ba887f18c9cd0fdc34bd23e2c31de2,tiny,ok,0.208607,0.286804,504,ok;ok;ok;ok,6290528836023835781301761439109742592.000000,/cpfs/user/zhuzihou/assets/dedup_workspaces/test0_transitive_apply_parallel/dataset/GRScenes_assets/cabinet/06ba887f18c9cd0fdc34bd23e2c31de2/usd/06ba887f18c9cd0fdc34bd23e2c31de2.usd
cabinet,075d44942a37753c8caec2586734e2fe,suspicious,ok,0.319744,0.382202,512,ok;ok;ok;ok,6210325896238913382978077364504756224.000000,/cpfs/user/zhuzihou/assets/dedup_workspaces/test0_transitive_apply_parallel/dataset/GRScenes_assets/cabinet/075d44942a37753c8caec2586734e2fe/usd/075d44942a37753c8caec2586734e2fe.usd
cabinet,077086869ae8fb2c4e6974fe7f94d684,suspicious,ok,0.034161,0.046677,470,ok;ok;ok;ok,5606404961366517325529923140150362112.000000,/cpfs/user/zhuzihou/assets/dedup_workspaces/test0_transitive_apply_parallel/dataset/GRScenes_assets/cabinet/077086869ae8fb2c4e6974fe7f94d684/usd/077086869ae8fb2c4e6974fe7f94d684.usd
cabinet,081bebfaa51513fd3fa62d629c6aa1df,suspicious,ok,0.408794,0.471039,490,ok;ok;ok;ok,3884438482515450460755549363808239616.000000,/cpfs/user/zhuzihou/assets/dedup_workspaces/test0_transitive_apply_parallel/dataset/GRScenes_assets/cabinet/081bebfaa51513fd3fa62d629c6aa1df/usd/081bebfaa51513fd3fa62d629c6aa1df.usd
cabinet,08376cadeb427ee8d2e0773ed890c542,suspicious,ok,0.362984,0.459290,459,ok;ok;ok;ok,2474872403007075542675988256053526528.000000,/cpfs/user/zhuzihou/assets/dedup_workspaces/test0_transitive_apply_parallel/dataset/GRScenes_assets/cabinet/08376cadeb427ee8d2e0773ed890c542/usd/08376cadeb427ee8d2e0773ed890c542.usd
cabinet,0945b6d77dba9b992541a10795e91c5b,suspicious,ok,0.390217,0.452133,476,ok;ok;ok;ok,3434695865112260712221607145167126528.000000,/cpfs/user/zhuzihou/assets/dedup_workspaces/test0_transitive_apply_parallel/dataset/GRScenes_assets/cabinet/0945b6d77dba9b992541a10795e91c5b/usd/0945b6d77dba9b992541a10795e91c5b.usd
cabinet,095fa0e7cdf34defcd98b99ed9639a52,suspicious,ok,0.438049,0.591282,427,ok;ok;ok;ok,8448241073445507227113656368358227968.000000,/cpfs/user/zhuzihou/assets/dedup_workspaces/test0_transitive_apply_parallel/dataset/GRScenes_assets/cabinet/095fa0e7cdf34defcd98b99ed9639a52/usd/095fa0e7cdf34defcd98b99ed9639a52.usd
cabinet,0968a1c333825e9d2f912db1d353b0e8,blank,ok,0.035431,0.035782,469,ok;ok;ok;ok,18996456596593245205123840454927843328.000000,/cpfs/user/zhuzihou/assets/dedup_workspaces/test0_transitive_apply_parallel/dataset/GRScenes_assets/cabinet/0968a1c333825e9d2f912db1d353b0e8/usd/0968a1c333825e9d2f912db1d353b0e8.usd
cabinet,0a1853ab45a22f77e53edd7d8a0589fb,suspicious,ok,0.231163,0.316402,506,ok;ok;ok;ok,4524424069751490935775035729154932736.000000,/cpfs/user/zhuzihou/assets/dedup_workspaces/test0_transitive_apply_parallel/dataset/GRScenes_assets/cabinet/0a1853ab45a22f77e53edd7d8a0589fb/usd/0a1853ab45a22f77e53edd7d8a0589fb.usd
cabinet,0ac1552e77a5063fc5cbe6d3d95398a2,suspicious,ok,0.404922,0.492256,457,ok;ok;ok;ok,29598834112890126396777586295887101952.000000,/cpfs/user/zhuzihou/assets/dedup_workspaces/test0_transitive_apply_parallel/dataset/GRScenes_assets/cabinet/0ac1552e77a5063fc5cbe6d3d95398a2/usd/0ac1552e77a5063fc5cbe6d3d95398a2.usd
cabinet,0b558ffc6d640331607c4eeca7e99fb6,tiny,ok,0.368851,0.458069,460,ok;ok;ok;ok,11429599220255751212088244779423367168.000000,/cpfs/user/zhuzihou/assets/dedup_workspaces/test0_transitive_apply_parallel/dataset/GRScenes_assets/cabinet/0b558ffc6d640331607c4eeca7e99fb6/usd/0b558ffc6d640331607c4eeca7e99fb6.usd
cabinet,0bddb3eab9f10dc1718a6ffd43d4949d,suspicious,ok,0.249817,0.336365,510,ok;ok;ok;ok,4736255018073519804879396267456724992.000000,/cpfs/user/zhuzihou/assets/dedup_workspaces/test0_transitive_apply_parallel/dataset/GRScenes_assets/cabinet/0bddb3eab9f10dc1718a6ffd43d4949d/usd/0bddb3eab9f10dc1718a6ffd43d4949d.usd
cabinet,0bf8fcbd2bbc7755e5793bcd46d60521,suspicious,ok,0.108658,0.138702,423,ok;ok;ok;ok,3110012612940179100285402273986641920.000000,/cpfs/user/zhuzihou/assets/dedup_workspaces/test0_transitive_apply_parallel/dataset/GRScenes_assets/cabinet/0bf8fcbd2bbc7755e5793bcd46d60521/usd/0bf8fcbd2bbc7755e5793bcd46d60521.usd
cabinet,0ce144f7d988cb8b375fd331caead792,suspicious,suspicious,0.061371,0.119125,289,ok;ok;blank;ok,4773992892198291300709242582020915200.000000,/cpfs/user/zhuzihou/assets/dedup_workspaces/test0_transitive_apply_parallel/dataset/GRScenes_assets/cabinet/0ce144f7d988cb8b375fd331caead792/usd/0ce144f7d988cb8b375fd331caead792.usd
cabinet,0dd113faaefaf20150c364db6c094d46,tiny,ok,0.367619,0.458069,460,ok;ok;ok;ok,11429599744946045067412245968167370752.000000,/cpfs/user/zhuzihou/assets/dedup_workspaces/test0_transitive_apply_parallel/dataset/GRScenes_assets/cabinet/0dd113faaefaf20150c364db6c094d46/usd/0dd113faaefaf20150c364db6c094d46.usd
cabinet,0eded1eb6381909c5b6c33c970edc544,suspicious,ok,0.034012,0.046677,470,ok;ok;ok;ok,5606404964849782066959402146224668672.000000,/cpfs/user/zhuzihou/assets/dedup_workspaces/test0_transitive_apply_parallel/dataset/GRScenes_assets/cabinet/0eded1eb6381909c5b6c33c970edc544/usd/0eded1eb6381909c5b6c33c970edc544.usd
cabinet,10b0842e6d25cc47fa85fa1928e1544f,suspicious,ok,0.278877,0.303646,507,ok;ok;ok;ok,4610979011356971423657034795735580672.000000,/cpfs/user/zhuzihou/assets/dedup_workspaces/test0_transitive_apply_parallel/dataset/GRScenes_assets/cabinet/10b0842e6d25cc47fa85fa1928e1544f/usd/10b0842e6d25cc47fa85fa1928e1544f.usd
cabinet,11413ddf3ff0d34acc6a3d6c5e9651e8,suspicious,ok,0.406322,0.545906,432,ok;ok;ok;ok,6258275985585672023313189286898040832.000000,/cpfs/user/zhuzihou/assets/dedup_workspaces/test0_transitive_apply_parallel/dataset/GRScenes_assets/cabinet/11413ddf3ff0d34acc6a3d6c5e9651e8/usd/11413ddf3ff0d34acc6a3d6c5e9651e8.usd
cabinet,117a44467a223320cb538da11ca5f956,suspicious,ok,0.260704,0.333572,512,ok;ok;ok;ok,6136445061656301711893940415145967616.000000,/cpfs/user/zhuzihou/assets/dedup_workspaces/test0_transitive_apply_parallel/dataset/GRScenes_assets/cabinet/117a44467a223320cb538da11ca5f956/usd/117a44467a223320cb538da11ca5f956.usd
cabinet,11b5e6aba98c3d732b8731c0e9fa46fb,suspicious,ok,0.377552,0.430870,502,ok;ok;ok;ok,3915411048722406004259047980318851072.000000,/cpfs/user/zhuzihou/assets/dedup_workspaces/test0_transitive_apply_parallel/dataset/GRScenes_assets/cabinet/11b5e6aba98c3d732b8731c0e9fa46fb/usd/11b5e6aba98c3d732b8731c0e9fa46fb.usd
cabinet,123f6a89cd741c984dc5030f1c7ca2a3,tiny,ok,0.312298,0.407867,512,ok;ok;ok;ok,13937248535068965826015833749563899904.000000,/cpfs/user/zhuzihou/assets/dedup_workspaces/test0_transitive_apply_parallel/dataset/GRScenes_assets/cabinet/123f6a89cd741c984dc5030f1c7ca2a3/usd/123f6a89cd741c984dc5030f1c7ca2a3.usd
cabinet,131d3cd0588c4c99b6d6106dfee89487,suspicious,ok,0.456146,0.592415,429,ok;ok;ok;ok,7228056637327755264191054988196184064.000000,/cpfs/user/zhuzihou/assets/dedup_workspaces/test0_transitive_apply_parallel/dataset/GRScenes_assets/cabinet/131d3cd0588c4c99b6d6106dfee89487/usd/131d3cd0588c4c99b6d6106dfee89487.usd
cabinet,1347473d7fe8c041e902558d24c9e375,blank,ok,0.225166,0.250969,510,ok;ok;ok;ok,26119470683570991895410636815406727168.000000,/cpfs/user/zhuzihou/assets/dedup_workspaces/test0_transitive_apply_parallel/dataset/GRScenes_assets/cabinet/1347473d7fe8c041e902558d24c9e375/usd/1347473d7fe8c041e902558d24c9e375.usd
cabinet,14518ee7c3327fa90efa28661c63e3dc,suspicious,ok,0.233002,0.295326,448,ok;ok;ok;ok,12453890581578087543252203901644963840.000000,/cpfs/user/zhuzihou/assets/dedup_workspaces/test0_transitive_apply_parallel/dataset/GRScenes_assets/cabinet/14518ee7c3327fa90efa28661c63e3dc/usd/14518ee7c3327fa90efa28661c63e3dc.usd
cabinet,14e7884719a9d4827da27b4ccb0a7757,suspicious,ok,0.044765,0.055893,411,ok;ok;ok;ok,6657056660531879209215351145692659712.000000,/cpfs/user/zhuzihou/assets/dedup_workspaces/test0_transitive_apply_parallel/dataset/GRScenes_assets/cabinet/14e7884719a9d4827da27b4ccb0a7757/usd/14e7884719a9d4827da27b4ccb0a7757.usd
cabinet,14fc91229d96aeb044730f86ebdb94de,suspicious,ok,0.395378,0.487671,488,ok;ok;ok;ok,5873279716245601927826359350682714112.000000,/cpfs/user/zhuzihou/assets/dedup_workspaces/test0_transitive_apply_parallel/dataset/GRScenes_assets/cabinet/14fc91229d96aeb044730f86ebdb94de/usd/14fc91229d96aeb044730f86ebdb94de.usd
cabinet,152f5172416f7db261631d902d48e910,tiny,ok,0.359436,0.450249,457,ok;ok;ok;ok,11177503596073727514144803421820026880.000000,/cpfs/user/zhuzihou/assets/dedup_workspaces/test0_transitive_apply_parallel/dataset/GRScenes_assets/cabinet/152f5172416f7db261631d902d48e910/usd/152f5172416f7db261631d902d48e910.usd
cabinet,1586f1a148fd395ce32ad3108e2273b2,suspicious,ok,0.309437,0.393677,450,ok;ok;ok;ok,8887999657466381497752017125941182464.000000,/cpfs/user/zhuzihou/assets/dedup_workspaces/test0_transitive_apply_parallel/dataset/GRScenes_assets/cabinet/1586f1a148fd395ce32ad3108e2273b2/usd/1586f1a148fd395ce32ad3108e2273b2.usd
cabinet,160a2eb015ae72b52caeded2f95030d1,suspicious,ok,0.292854,0.384781,512,ok;ok;ok;ok,5955022634894330414737499589061902336.000000,/cpfs/user/zhuzihou/assets/dedup_workspaces/test0_transitive_apply_parallel/dataset/GRScenes_assets/cabinet/160a2eb015ae72b52caeded2f95030d1/usd/160a2eb015ae72b52caeded2f95030d1.usd
cabinet,160f2fbfc15a1d46b19b74c02873b4d3,suspicious,ok,0.488308,0.580078,512,ok;ok;ok;ok,13425307631361666168161686244376444928.000000,/cpfs/user/zhuzihou/assets/dedup_workspaces/test0_transitive_apply_parallel/dataset/GRScenes_assets/cabinet/160f2fbfc15a1d46b19b74c02873b4d3/usd/160f2fbfc15a1d46b19b74c02873b4d3.usd
cabinet,16391d5213c13e557047bdab8d6afed1,suspicious,ok,0.276863,0.364395,512,ok;ok;ok;ok,4718062905797326680977457779627261952.000000,/cpfs/user/zhuzihou/assets/dedup_workspaces/test0_transitive_apply_parallel/dataset/GRScenes_assets/cabinet/16391d5213c13e557047bdab8d6afed1/usd/16391d5213c13e557047bdab8d6afed1.usd
cabinet,166e0fec2ee305c966e65ac3221874d7,suspicious,ok,0.288788,0.315250,509,ok;ok;ok;ok,4789713357031943492118617130998431744.000000,/cpfs/user/zhuzihou/assets/dedup_workspaces/test0_transitive_apply_parallel/dataset/GRScenes_assets/cabinet/166e0fec2ee305c966e65ac3221874d7/usd/166e0fec2ee305c966e65ac3221874d7.usd
cabinet,169bf30fc2a0d45dcbf7f955e12563fc,suspicious,ok,0.188194,0.285187,463,ok;ok;ok;ok,4017917003857839125554785610171940864.000000,/cpfs/user/zhuzihou/assets/dedup_workspaces/test0_transitive_apply_parallel/dataset/GRScenes_assets/cabinet/169bf30fc2a0d45dcbf7f955e12563fc/usd/169bf30fc2a0d45dcbf7f955e12563fc.usd
cabinet,17a0b05aede4f155e56e474196680a03,suspicious,ok,0.283970,0.371727,512,ok;ok;ok;ok,4143239316345667882281433788605005824.000000,/cpfs/user/zhuzihou/assets/dedup_workspaces/test0_transitive_apply_parallel/dataset/GRScenes_assets/cabinet/17a0b05aede4f155e56e474196680a03/usd/17a0b05aede4f155e56e474196680a03.usd
cabinet,18a12c0ee00d99b21fb86d59284461b2,suspicious,ok,0.395355,0.592609,421,ok;ok;ok;ok,9099171216802539174814877254284214272.000000,/cpfs/user/zhuzihou/assets/dedup_workspaces/test0_transitive_apply_parallel/dataset/GRScenes_assets/cabinet/18a12c0ee00d99b21fb86d59284461b2/usd/18a12c0ee00d99b21fb86d59284461b2.usd
cabinet,19a0992e5f07a176608d27d168eccaea,suspicious,ok,0.098026,0.101685,476,ok;ok;ok;ok,4863608523737760466734128193882554368.000000,/cpfs/user/zhuzihou/assets/dedup_workspaces/test0_transitive_apply_parallel/dataset/GRScenes_assets/cabinet/19a0992e5f07a176608d27d168eccaea/usd/19a0992e5f07a176608d27d168eccaea.usd
cabinet,1a00a7d55a56e5b61bd30043f31e03f6,suspicious,ok,0.287224,0.316406,512,ok;ok;ok;ok,4411899559300795941925060653348814848.000000,/cpfs/user/zhuzihou/assets/dedup_workspaces/test0_transitive_apply_parallel/dataset/GRScenes_assets/cabinet/1a00a7d55a56e5b61bd30043f31e03f6/usd/1a00a7d55a56e5b61bd30043f31e03f6.usd
cabinet,1a72c83e94ab34c47b8fe176c16a2b47,suspicious,ok,0.075649,0.077423,472,ok;ok;ok;ok,3909306467985315026558640047691661312.000000,/cpfs/user/zhuzihou/assets/dedup_workspaces/test0_transitive_apply_parallel/dataset/GRScenes_assets/cabinet/1a72c83e94ab34c47b8fe176c16a2b47/usd/1a72c83e94ab34c47b8fe176c16a2b47.usd
cabinet,1a90eabdd92d987169fdd8e83b63c939,blank,ok,0.450645,0.511719,512,ok;ok;ok;ok,13749482928041033838775876367643836416.000000,/cpfs/user/zhuzihou/assets/dedup_workspaces/test0_transitive_apply_parallel/dataset/GRScenes_assets/cabinet/1a90eabdd92d987169fdd8e83b63c939/usd/1a90eabdd92d987169fdd8e83b63c939.usd
cabinet,1a9d9270b5f3b2cb7c0af2013c7a5a6f,suspicious,ok,0.385830,0.454895,464,ok;ok;ok;ok,7723430291717725896257999207340703744.000000,/cpfs/user/zhuzihou/assets/dedup_workspaces/test0_transitive_apply_parallel/dataset/GRScenes_assets/cabinet/1a9d9270b5f3b2cb7c0af2013c7a5a6f/usd/1a9d9270b5f3b2cb7c0af2013c7a5a6f.usd
cabinet,1bf4d52959975733228f51d9c881abe6,suspicious,ok,0.412743,0.507095,455,ok;ok;ok;ok,10642866723870240886227098651034910720.000000,/cpfs/user/zhuzihou/assets/dedup_workspaces/test0_transitive_apply_parallel/dataset/GRScenes_assets/cabinet/1bf4d52959975733228f51d9c881abe6/usd/1bf4d52959975733228f51d9c881abe6.usd
cabinet,1dddcf9abba73c8116d2604166e0e52c,suspicious,ok,0.459320,0.521484,512,ok;ok;ok;ok,16468901157126428579949984443472543744.000000,/cpfs/user/zhuzihou/assets/dedup_workspaces/test0_transitive_apply_parallel/dataset/GRScenes_assets/cabinet/1dddcf9abba73c8116d2604166e0e52c/usd/1dddcf9abba73c8116d2604166e0e52c.usd
cabinet,1de4e06006d91c1cdd4cb03a8a22c7d9,suspicious,ok,0.431923,0.506607,476,ok;ok;ok;ok,7055112354656408112594661881315065856.000000,/cpfs/user/zhuzihou/assets/dedup_workspaces/test0_transitive_apply_parallel/dataset/GRScenes_assets/cabinet/1de4e06006d91c1cdd4cb03a8a22c7d9/usd/1de4e06006d91c1cdd4cb03a8a22c7d9.usd
cabinet,1e179880868e9ad45a8432316b3d1f12,suspicious,ok,0.340324,0.406570,512,ok;ok;ok;ok,4514812580211662215333220469530689536.000000,/cpfs/user/zhuzihou/assets/dedup_workspaces/test0_transitive_apply_parallel/dataset/GRScenes_assets/cabinet/1e179880868e9ad45a8432316b3d1f12/usd/1e179880868e9ad45a8432316b3d1f12.usd
cabinet,1e4fec39fe2640c5567413a407c0550a,tiny,ok,0.050781,0.052414,474,ok;ok;ok;ok,8403301208649506821777956330782326784.000000,/cpfs/user/zhuzihou/assets/dedup_workspaces/test0_transitive_apply_parallel/dataset/GRScenes_assets/cabinet/1e4fec39fe2640c5567413a407c0550a/usd/1e4fec39fe2640c5567413a407c0550a.usd
cabinet,1e50729bc3526e17d279351055fd5193,suspicious,ok,0.302986,0.393997,512,ok;ok;ok;ok,5949908043908722203468990282649829376.000000,/cpfs/user/zhuzihou/assets/dedup_workspaces/test0_transitive_apply_parallel/dataset/GRScenes_assets/cabinet/1e50729bc3526e17d279351055fd5193/usd/1e50729bc3526e17d279351055fd5193.usd
cabinet,1e9e9ccb294489e66d2960b079618d94,suspicious,ok,0.453568,0.524109,512,ok;ok;ok;ok,7575311474822680921530243679386599424.000000,/cpfs/user/zhuzihou/assets/dedup_workspaces/test0_transitive_apply_parallel/dataset/GRScenes_assets/cabinet/1e9e9ccb294489e66d2960b079618d94/usd/1e9e9ccb294489e66d2960b079618d94.usd
cabinet,1f920706d855b66a9423f8bf95c65ebd,tiny,ok,0.422085,0.523529,451,ok;ok;ok;ok,6887668745353006324872559017920036864.000000,/cpfs/user/zhuzihou/assets/dedup_workspaces/test0_transitive_apply_parallel/dataset/GRScenes_assets/cabinet/1f920706d855b66a9423f8bf95c65ebd/usd/1f920706d855b66a9423f8bf95c65ebd.usd
cabinet,1fd1fd43bb8f29af0268cb66d37ae6cf,suspicious,ok,0.173679,0.191872,498,ok;ok;ok;ok,6390443873009265549025520626985598976.000000,/cpfs/user/zhuzihou/assets/dedup_workspaces/test0_transitive_apply_parallel/dataset/GRScenes_assets/cabinet/1fd1fd43bb8f29af0268cb66d37ae6cf/usd/1fd1fd43bb8f29af0268cb66d37ae6cf.usd
cabinet,200f8e39b78d2b70bd787a2f60eb35c3,suspicious,ok,0.375122,0.424896,504,ok;ok;ok;ok,3955230448206219014911358964663844864.000000,/cpfs/user/zhuzihou/assets/dedup_workspaces/test0_transitive_apply_parallel/dataset/GRScenes_assets/cabinet/200f8e39b78d2b70bd787a2f60eb35c3/usd/200f8e39b78d2b70bd787a2f60eb35c3.usd
cabinet,212387986faeaa2c056fecc1b3f44d1a,suspicious,ok,0.045662,0.046616,470,ok;ok;ok;ok,4904587340441291921004316474350764032.000000,/cpfs/user/zhuzihou/assets/dedup_workspaces/test0_transitive_apply_parallel/dataset/GRScenes_assets/cabinet/212387986faeaa2c056fecc1b3f44d1a/usd/212387986faeaa2c056fecc1b3f44d1a.usd
cabinet,2196f19ac1e72d48431a59f45cfb75f3,suspicious,ok,0.449020,0.552521,446,ok;ok;ok;ok,8930094496906816236894780188772007936.000000,/cpfs/user/zhuzihou/assets/dedup_workspaces/test0_transitive_apply_parallel/dataset/GRScenes_assets/cabinet/2196f19ac1e72d48431a59f45cfb75f3/usd/2196f19ac1e72d48431a59f45cfb75f3.usd
cabinet,221e842ce1e790bddf5af9d9e29dbeec,tiny,ok,0.050846,0.052414,474,ok;ok;ok;ok,8403301208649506821777956330782326784.000000,/cpfs/user/zhuzihou/assets/dedup_workspaces/test0_transitive_apply_parallel/dataset/GRScenes_assets/cabinet/221e842ce1e790bddf5af9d9e29dbeec/usd/221e842ce1e790bddf5af9d9e29dbeec.usd
cabinet,22e1e92f675031cc79684884ef254639,suspicious,ok,0.425453,0.528221,498,ok;ok;ok;ok,8194169940064360691105652131302998016.000000,/cpfs/user/zhuzihou/assets/dedup_workspaces/test0_transitive_apply_parallel/dataset/GRScenes_assets/cabinet/22e1e92f675031cc79684884ef254639/usd/22e1e92f675031cc79684884ef254639.usd
cabinet,22e8e82b7e70b24982f17347b49f9cdb,suspicious,suspicious,0.128258,0.145844,279,ok;ok;blank;tiny,3415265693831991845826175132091023360.000000,/cpfs/user/zhuzihou/assets/dedup_workspaces/test0_transitive_apply_parallel/dataset/GRScenes_assets/cabinet/22e8e82b7e70b24982f17347b49f9cdb/usd/22e8e82b7e70b24982f17347b49f9cdb.usd
cabinet,237bf5be60663216718b4d694b4ac420,suspicious,ok,0.353432,0.450668,458,ok;ok;ok;ok,2447533827387608474944177170049662976.000000,/cpfs/user/zhuzihou/assets/dedup_workspaces/test0_transitive_apply_parallel/dataset/GRScenes_assets/cabinet/237bf5be60663216718b4d694b4ac420/usd/237bf5be60663216718b4d694b4ac420.usd
cabinet,2472e33d59d08a637587e587834bac6c,suspicious,ok,0.345184,0.435150,452,ok;ok;ok;ok,8632212769438215684686889220877320192.000000,/cpfs/user/zhuzihou/assets/dedup_workspaces/test0_transitive_apply_parallel/dataset/GRScenes_assets/cabinet/2472e33d59d08a637587e587834bac6c/usd/2472e33d59d08a637587e587834bac6c.usd
cabinet,2487083f4ccda6ff849d1468701fa937,suspicious,ok,0.356064,0.453392,506,ok;ok;ok;ok,3754772626006528348279331063053942784.000000,/cpfs/user/zhuzihou/assets/dedup_workspaces/test0_transitive_apply_parallel/dataset/GRScenes_assets/cabinet/2487083f4ccda6ff849d1468701fa937/usd/2487083f4ccda6ff849d1468701fa937.usd
cabinet,251d45d5d54a909a70f0f45c717edcb0,suspicious,ok,0.419182,0.527863,512,ok;ok;ok;ok,6522004954572833078530591396225613824.000000,/cpfs/user/zhuzihou/assets/dedup_workspaces/test0_transitive_apply_parallel/dataset/GRScenes_assets/cabinet/251d45d5d54a909a70f0f45c717edcb0/usd/251d45d5d54a909a70f0f45c717edcb0.usd
cabinet,2566ab236012fd953fe054de18c8c654,suspicious,ok,0.160164,0.258484,484,ok;ok;ok;ok,3654271990335324457939713726540152832.000000,/cpfs/user/zhuzihou/assets/dedup_workspaces/test0_transitive_apply_parallel/dataset/GRScenes_assets/cabinet/2566ab236012fd953fe054de18c8c654/usd/2566ab236012fd953fe054de18c8c654.usd
cabinet,257501c2862257c4408829fe22dea0ad,suspicious,ok,0.402641,0.470444,478,ok;ok;ok;ok,11277454678355935842323788200541159424.000000,/cpfs/user/zhuzihou/assets/dedup_workspaces/test0_transitive_apply_parallel/dataset/GRScenes_assets/cabinet/257501c2862257c4408829fe22dea0ad/usd/257501c2862257c4408829fe22dea0ad.usd
cabinet,2593ac033ab8f6ace2e9feb514547c8b,suspicious,ok,0.439625,0.535789,486,ok;ok;ok;ok,3355586333166755504851294860030771200.000000,/cpfs/user/zhuzihou/assets/dedup_workspaces/test0_transitive_apply_parallel/dataset/GRScenes_assets/cabinet/2593ac033ab8f6ace2e9feb514547c8b/usd/2593ac033ab8f6ace2e9feb514547c8b.usd
cabinet,263a344015e9b70b206311f5e0c024cd,suspicious,ok,0.438919,0.567272,403,ok;ok;ok;ok,10223464727734267759580006432752271360.000000,/cpfs/user/zhuzihou/assets/dedup_workspaces/test0_transitive_apply_parallel/dataset/GRScenes_assets/cabinet/263a344015e9b70b206311f5e0c024cd/usd/263a344015e9b70b206311f5e0c024cd.usd
cabinet,26472e992b3d85baf9c32eaeef532c19,suspicious,ok,0.438049,0.539589,444,ok;ok;ok;ok,7876448347062949033891315397435588608.000000,/cpfs/user/zhuzihou/assets/dedup_workspaces/test0_transitive_apply_parallel/dataset/GRScenes_assets/cabinet/26472e992b3d85baf9c32eaeef532c19/usd/26472e992b3d85baf9c32eaeef532c19.usd
cabinet,2719fec6af858bf8e5794a56847b5094,suspicious,ok,0.446976,0.571980,496,ok;ok;ok;ok,6755307317808418210880525551867527168.000000,/cpfs/user/zhuzihou/assets/dedup_workspaces/test0_transitive_apply_parallel/dataset/GRScenes_assets/cabinet/2719fec6af858bf8e5794a56847b5094/usd/2719fec6af858bf8e5794a56847b5094.usd
cabinet,2828fa602db9d25cf2c790c2020bf1c5,suspicious,ok,0.217239,0.233627,502,ok;ok;ok;ok,4734767411434025413255481916441755648.000000,/cpfs/user/zhuzihou/assets/dedup_workspaces/test0_transitive_apply_parallel/dataset/GRScenes_assets/cabinet/2828fa602db9d25cf2c790c2020bf1c5/usd/2828fa602db9d25cf2c790c2020bf1c5.usd
cabinet,2849d17097a00fe41dbfb48a6b51a44b,suspicious,ok,0.477348,0.599648,426,ok;ok;ok;ok,7795248609941223024669520129423310848.000000,/cpfs/user/zhuzihou/assets/dedup_workspaces/test0_transitive_apply_parallel/dataset/GRScenes_assets/cabinet/2849d17097a00fe41dbfb48a6b51a44b/usd/2849d17097a00fe41dbfb48a6b51a44b.usd
cabinet,289f7cf757bb40632e27cf560ded05a6,suspicious,ok,0.314125,0.396606,458,ok;ok;ok;ok,4634559250586907230591490633894985728.000000,/cpfs/user/zhuzihou/assets/dedup_workspaces/test0_transitive_apply_parallel/dataset/GRScenes_assets/cabinet/289f7cf757bb40632e27cf560ded05a6/usd/289f7cf757bb40632e27cf560ded05a6.usd
cabinet,2927ae60154884b092d0ba1002b7baff,suspicious,ok,0.303799,0.362015,512,ok;ok;ok;ok,4341613868194805439149381449414606848.000000,/cpfs/user/zhuzihou/assets/dedup_workspaces/test0_transitive_apply_parallel/dataset/GRScenes_assets/cabinet/2927ae60154884b092d0ba1002b7baff/usd/2927ae60154884b092d0ba1002b7baff.usd
cabinet,29660d9a74210a101ab805e3da1d8be6,suspicious,ok,0.441036,0.597237,422,ok;ok;ok;ok,8612733400218489937935521475205267456.000000,/cpfs/user/zhuzihou/assets/dedup_workspaces/test0_transitive_apply_parallel/dataset/GRScenes_assets/cabinet/29660d9a74210a101ab805e3da1d8be6/usd/29660d9a74210a101ab805e3da1d8be6.usd
cabinet,29e2d73ff42f1c1f80314ec09b3e0ded,suspicious,ok,0.297840,0.377579,432,ok;ok;ok;ok,4732666462439623749256975839848824832.000000,/cpfs/user/zhuzihou/assets/dedup_workspaces/test0_transitive_apply_parallel/dataset/GRScenes_assets/cabinet/29e2d73ff42f1c1f80314ec09b3e0ded/usd/29e2d73ff42f1c1f80314ec09b3e0ded.usd
cabinet,2a3b8659899989ef9540cf5d04015ed1,suspicious,ok,0.165283,0.173569,500,ok;ok;ok;ok,4813869157633145102422268804643946496.000000,/cpfs/user/zhuzihou/assets/dedup_workspaces/test0_transitive_apply_parallel/dataset/GRScenes_assets/cabinet/2a3b8659899989ef9540cf5d04015ed1/usd/2a3b8659899989ef9540cf5d04015ed1.usd
cabinet,2c225336785b874223a736f99441e547,suspicious,ok,0.391781,0.450478,490,ok;ok;ok;ok,4110990532196482805474355243149950976.000000,/cpfs/user/zhuzihou/assets/dedup_workspaces/test0_transitive_apply_parallel/dataset/GRScenes_assets/cabinet/2c225336785b874223a736f99441e547/usd/2c225336785b874223a736f99441e547.usd
cabinet,2cd8381a656b7ee08b00f85e5d427cd2,suspicious,ok,0.246761,0.318329,512,ok;ok;ok;ok,4442983225298655778653770282224844800.000000,/cpfs/user/zhuzihou/assets/dedup_workspaces/test0_transitive_apply_parallel/dataset/GRScenes_assets/cabinet/2cd8381a656b7ee08b00f85e5d427cd2/usd/2cd8381a656b7ee08b00f85e5d427cd2.usd
cabinet,2d7a430d61d143c157c48cd1bb9906eb,tiny,ok,0.256466,0.344353,510,ok;ok;ok;ok,4086243009970062613218574550656090112.000000,/cpfs/user/zhuzihou/assets/dedup_workspaces/test0_transitive_apply_parallel/dataset/GRScenes_assets/cabinet/2d7a430d61d143c157c48cd1bb9906eb/usd/2d7a430d61d143c157c48cd1bb9906eb.usd
cabinet,2e03c4ba65695c067c157c8fc83a88a6,suspicious,ok,0.289642,0.326393,478,ok;ok;ok;ok,17397457461556843866900229723456012288.000000,/cpfs/user/zhuzihou/assets/dedup_workspaces/test0_transitive_apply_parallel/dataset/GRScenes_assets/cabinet/2e03c4ba65695c067c157c8fc83a88a6/usd/2e03c4ba65695c067c157c8fc83a88a6.usd
cabinet,2ed9edd34221c034f3835f97b1781350,tiny,ok,0.090611,0.099289,482,ok;ok;ok;ok,3323881620609433952580425015011311616.000000,/cpfs/user/zhuzihou/assets/dedup_workspaces/test0_transitive_apply_parallel/dataset/GRScenes_assets/cabinet/2ed9edd34221c034f3835f97b1781350/usd/2ed9edd34221c034f3835f97b1781350.usd
cabinet,2f879eed3493f998cab1131945feee62,tiny,ok,0.319046,0.399361,459,ok;ok;ok;ok,11416342522019361574763358428434792448.000000,/cpfs/user/zhuzihou/assets/dedup_workspaces/test0_transitive_apply_parallel/dataset/GRScenes_assets/cabinet/2f879eed3493f998cab1131945feee62/usd/2f879eed3493f998cab1131945feee62.usd
cabinet,306a16dccd08838e615c565e1c9ee0e6,tiny,ok,0.101669,0.107086,484,ok;ok;ok;ok,12995126338317849359796015927549493248.000000,/cpfs/user/zhuzihou/assets/dedup_workspaces/test0_transitive_apply_parallel/dataset/GRScenes_assets/cabinet/306a16dccd08838e615c565e1c9ee0e6/usd/306a16dccd08838e615c565e1c9ee0e6.usd
cabinet,30faadee3b47e93a7a3a091393e7d9d8,suspicious,ok,0.403332,0.538662,394,ok;ok;ok;ok,9818439525985810914885213590124494848.000000,/cpfs/user/zhuzihou/assets/dedup_workspaces/test0_transitive_apply_parallel/dataset/GRScenes_assets/cabinet/30faadee3b47e93a7a3a091393e7d9d8/usd/30faadee3b47e93a7a3a091393e7d9d8.usd
cabinet,31cf276d9ec090be5280262246ff552d,suspicious,ok,0.122726,0.148293,494,ok;ok;ok;ok,4653978704480553856701211496243265536.000000,/cpfs/user/zhuzihou/assets/dedup_workspaces/test0_transitive_apply_parallel/dataset/GRScenes_assets/cabinet/31cf276d9ec090be5280262246ff552d/usd/31cf276d9ec090be5280262246ff552d.usd
cabinet,3205cac2de0b8b9389da658f0fb44db6,suspicious,ok,0.205727,0.263214,512,ok;ok;ok;ok,4531671989101200542350503438230487040.000000,/cpfs/user/zhuzihou/assets/dedup_workspaces/test0_transitive_apply_parallel/dataset/GRScenes_assets/cabinet/3205cac2de0b8b9389da658f0fb44db6/usd/3205cac2de0b8b9389da658f0fb44db6.usd
cabinet,320d837652cbcd6a13d8e95775c92cb0,suspicious,ok,0.255573,0.395714,512,ok;ok;ok;ok,5685419063534482566470553709553123328.000000,/cpfs/user/zhuzihou/assets/dedup_workspaces/test0_transitive_apply_parallel/dataset/GRScenes_assets/cabinet/320d837652cbcd6a13d8e95775c92cb0/usd/320d837652cbcd6a13d8e95775c92cb0.usd
cabinet,330653788da4c1735a7b1116d0b38273,suspicious,ok,0.179508,0.191116,501,ok;ok;ok;ok,4602686050301103431320707911661912064.000000,/cpfs/user/zhuzihou/assets/dedup_workspaces/test0_transitive_apply_parallel/dataset/GRScenes_assets/cabinet/330653788da4c1735a7b1116d0b38273/usd/330653788da4c1735a7b1116d0b38273.usd
cabinet,333ebfad53461e55892c39e3c95a5d92,suspicious,ok,0.385487,0.605736,474,ok;ok;ok;ok,4699538955941630745137063698878169088.000000,/cpfs/user/zhuzihou/assets/dedup_workspaces/test0_transitive_apply_parallel/dataset/GRScenes_assets/cabinet/333ebfad53461e55892c39e3c95a5d92/usd/333ebfad53461e55892c39e3c95a5d92.usd
cabinet,3399337a68a2bb41b4f4ebc20590fd94,blank,blank,0.000000,0.000000,0,blank;blank;blank;blank,14451303053171810958611181726924275712.000000,/cpfs/user/zhuzihou/assets/dedup_workspaces/test0_transitive_apply_parallel/dataset/GRScenes_assets/cabinet/3399337a68a2bb41b4f4ebc20590fd94/usd/3399337a68a2bb41b4f4ebc20590fd94.usd
cabinet,34347451d4ef792f7cd8bf986d2572e6,blank,ok,0.254795,0.322266,453,ok;ok;ok;ok,20458645450571314701222738989988970496.000000,/cpfs/user/zhuzihou/assets/dedup_workspaces/test0_transitive_apply_parallel/dataset/GRScenes_assets/cabinet/34347451d4ef792f7cd8bf986d2572e6/usd/34347451d4ef792f7cd8bf986d2572e6.usd
cabinet,345d7853eaf791f7194fcc9ba63bda58,suspicious,suspicious,0.028664,0.074074,266,ok;ok;blank;blank,1914449150995681318843357930989813760.000000,/cpfs/user/zhuzihou/assets/dedup_workspaces/test0_transitive_apply_parallel/dataset/GRScenes_assets/cabinet/345d7853eaf791f7194fcc9ba63bda58/usd/345d7853eaf791f7194fcc9ba63bda58.usd
cabinet,358ca6d421fd6822922f594204dade8e,suspicious,ok,0.287868,0.313934,510,ok;ok;ok;ok,4598015938686484160751867325069656064.000000,/cpfs/user/zhuzihou/assets/dedup_workspaces/test0_transitive_apply_parallel/dataset/GRScenes_assets/cabinet/358ca6d421fd6822922f594204dade8e/usd/358ca6d421fd6822922f594204dade8e.usd
cabinet,3590b3ac91a1a2a050aa77e3aa79e1f5,suspicious,ok,0.284988,0.374222,512,ok;ok;ok;ok,4139204447925044414381619750767689728.000000,/cpfs/user/zhuzihou/assets/dedup_workspaces/test0_transitive_apply_parallel/dataset/GRScenes_assets/cabinet/3590b3ac91a1a2a050aa77e3aa79e1f5/usd/3590b3ac91a1a2a050aa77e3aa79e1f5.usd
cabinet,365155e8781d53f97be5426f5518638e,blank,ok,0.177540,0.225830,437,ok;ok;ok;ok,18024724958380583903627732604680142848.000000,/cpfs/user/zhuzihou/assets/dedup_workspaces/test0_transitive_apply_parallel/dataset/GRScenes_assets/cabinet/365155e8781d53f97be5426f5518638e/usd/365155e8781d53f97be5426f5518638e.usd
cabinet,366ae4d8f4f6b070335be67b5ca08981,suspicious,ok,0.335949,0.374908,504,ok;ok;ok;ok,8834519869640131721635005309168648192.000000,/cpfs/user/zhuzihou/assets/dedup_workspaces/test0_transitive_apply_parallel/dataset/GRScenes_assets/cabinet/366ae4d8f4f6b070335be67b5ca08981/usd/366ae4d8f4f6b070335be67b5ca08981.usd
cabinet,36784bfb585bdb14174f19549409978f,tiny,ok,0.267525,0.291016,512,ok;ok;ok;ok,8932643181404186642804316230314360832.000000,/cpfs/user/zhuzihou/assets/dedup_workspaces/test0_transitive_apply_parallel/dataset/GRScenes_assets/cabinet/36784bfb585bdb14174f19549409978f/usd/36784bfb585bdb14174f19549409978f.usd
cabinet,3739961fe049430a06d1633ae74f2200,suspicious,suspicious,0.119160,0.155518,301,blank;tiny;ok;ok,2243941374936985122379291455857360896.000000,/cpfs/user/zhuzihou/assets/dedup_workspaces/test0_transitive_apply_parallel/dataset/GRScenes_assets/cabinet/3739961fe049430a06d1633ae74f2200/usd/3739961fe049430a06d1633ae74f2200.usd
cabinet,37cfc6e575f3358b95af84d6bd8a0c49,suspicious,ok,0.201416,0.316494,509,ok;ok;ok;ok,4441332622936132504503557849924763648.000000,/cpfs/user/zhuzihou/assets/dedup_workspaces/test0_transitive_apply_parallel/dataset/GRScenes_assets/cabinet/37cfc6e575f3358b95af84d6bd8a0c49/usd/37cfc6e575f3358b95af84d6bd8a0c49.usd
cabinet,37d2d404897fa2ae3492c3ca5bb403c6,suspicious,ok,0.498596,0.598755,480,ok;ok;ok;ok,11865702657821306437129825475031465984.000000,/cpfs/user/zhuzihou/assets/dedup_workspaces/test0_transitive_apply_parallel/dataset/GRScenes_assets/cabinet/37d2d404897fa2ae3492c3ca5bb403c6/usd/37d2d404897fa2ae3492c3ca5bb403c6.usd
cabinet,3802c64f1d64d6b6e70831b2be69a863,suspicious,ok,0.381420,0.481743,494,ok;ok;ok;ok,3118260559518779004957640051486883840.000000,/cpfs/user/zhuzihou/assets/dedup_workspaces/test0_transitive_apply_parallel/dataset/GRScenes_assets/cabinet/3802c64f1d64d6b6e70831b2be69a863/usd/3802c64f1d64d6b6e70831b2be69a863.usd
cabinet,39f140c49c1d7f5d53d1c1375f84b6f1,suspicious,ok,0.354603,0.407272,492,ok;ok;ok;ok,4191900731784020819873225415547944960.000000,/cpfs/user/zhuzihou/assets/dedup_workspaces/test0_transitive_apply_parallel/dataset/GRScenes_assets/cabinet/39f140c49c1d7f5d53d1c1375f84b6f1/usd/39f140c49c1d7f5d53d1c1375f84b6f1.usd
cabinet,3a0d2a8e5ae7e4ad9623d478712760ac,tiny,ok,0.071274,0.099785,479,ok;ok;ok;ok,6646756492906211085257084339612549120.000000,/cpfs/user/zhuzihou/assets/dedup_workspaces/test0_transitive_apply_parallel/dataset/GRScenes_assets/cabinet/3a0d2a8e5ae7e4ad9623d478712760ac/usd/3a0d2a8e5ae7e4ad9623d478712760ac.usd
cabinet,3ba8d167d2fa00b09d0420f05b9798d4,suspicious,ok,0.450085,0.554352,510,ok;ok;ok;ok,7090029013522898086108193522660147200.000000,/cpfs/user/zhuzihou/assets/dedup_workspaces/test0_transitive_apply_parallel/dataset/GRScenes_assets/cabinet/3ba8d167d2fa00b09d0420f05b9798d4/usd/3ba8d167d2fa00b09d0420f05b9798d4.usd
cabinet,3c94d0de0b7c394efebe230badc88d39,suspicious,ok,0.356064,0.453186,500,ok;ok;ok;ok,9004324087249516790674949228361416704.000000,/cpfs/user/zhuzihou/assets/dedup_workspaces/test0_transitive_apply_parallel/dataset/GRScenes_assets/cabinet/3c94d0de0b7c394efebe230badc88d39/usd/3c94d0de0b7c394efebe230badc88d39.usd
cabinet,3d04a7ca1204a5a32263418847780fe0,suspicious,ok,0.328850,0.365761,504,ok;ok;ok;ok,4102163794063159217649584928049856512.000000,/cpfs/user/zhuzihou/assets/dedup_workspaces/test0_transitive_apply_parallel/dataset/GRScenes_assets/cabinet/3d04a7ca1204a5a32263418847780fe0/usd/3d04a7ca1204a5a32263418847780fe0.usd
cabinet,3d949263ad639a1094ddef51244d9919,suspicious,ok,0.295109,0.392094,512,ok;ok;ok;ok,5697530260049522162232231141643911168.000000,/cpfs/user/zhuzihou/assets/dedup_workspaces/test0_transitive_apply_parallel/dataset/GRScenes_assets/cabinet/3d949263ad639a1094ddef51244d9919/usd/3d949263ad639a1094ddef51244d9919.usd
cabinet,3df3a72f92c2bf76681d516fb4bf12e0,suspicious,ok,0.301361,0.328125,512,ok;ok;ok;ok,4391517229842334786331179049595961344.000000,/cpfs/user/zhuzihou/assets/dedup_workspaces/test0_transitive_apply_parallel/dataset/GRScenes_assets/cabinet/3df3a72f92c2bf76681d516fb4bf12e0/usd/3df3a72f92c2bf76681d516fb4bf12e0.usd
cabinet,3ebe92095d03caa7e448548eb425f1b5,suspicious,ok,0.437614,0.540943,436,ok;ok;ok;ok,9798630929777313410870518401153892352.000000,/cpfs/user/zhuzihou/assets/dedup_workspaces/test0_transitive_apply_parallel/dataset/GRScenes_assets/cabinet/3ebe92095d03caa7e448548eb425f1b5/usd/3ebe92095d03caa7e448548eb425f1b5.usd
cabinet,3ed4d0d3a5b72765f72a6b841f91b788,suspicious,ok,0.254452,0.325333,445,ok;ok;ok;ok,4726971830244894784243043461287116800.000000,/cpfs/user/zhuzihou/assets/dedup_workspaces/test0_transitive_apply_parallel/dataset/GRScenes_assets/cabinet/3ed4d0d3a5b72765f72a6b841f91b788/usd/3ed4d0d3a5b72765f72a6b841f91b788.usd
cabinet,3f0fc581fa26e88fc4246c8829416a20,suspicious,ok,0.339607,0.375000,512,ok;ok;ok;ok,4555559928345284384287039103478792192.000000,/cpfs/user/zhuzihou/assets/dedup_workspaces/test0_transitive_apply_parallel/dataset/GRScenes_assets/cabinet/3f0fc581fa26e88fc4246c8829416a20/usd/3f0fc581fa26e88fc4246c8829416a20.usd
cabinet,3fde18efccfa4108399e82a8e6e01808,suspicious,ok,0.123882,0.150894,494,ok;ok;ok;ok,4652455929696307172780849923060924416.000000,/cpfs/user/zhuzihou/assets/dedup_workspaces/test0_transitive_apply_parallel/dataset/GRScenes_assets/cabinet/3fde18efccfa4108399e82a8e6e01808/usd/3fde18efccfa4108399e82a8e6e01808.usd
cabinet,400d3b28ac9004dbb1f1f1a1b24a1d6a,suspicious,ok,0.459599,0.562363,479,ok;ok;ok;ok,7195899529135952618191538919720353792.000000,/cpfs/user/zhuzihou/assets/dedup_workspaces/test0_transitive_apply_parallel/dataset/GRScenes_assets/cabinet/400d3b28ac9004dbb1f1f1a1b24a1d6a/usd/400d3b28ac9004dbb1f1f1a1b24a1d6a.usd
cabinet,4024e7c184bfb63c07b5a83a4890a3db,suspicious,ok,0.350971,0.403275,494,ok;ok;ok;ok,4251261488399940317825433765171691520.000000,/cpfs/user/zhuzihou/assets/dedup_workspaces/test0_transitive_apply_parallel/dataset/GRScenes_assets/cabinet/4024e7c184bfb63c07b5a83a4890a3db/usd/4024e7c184bfb63c07b5a83a4890a3db.usd
cabinet,412b7eea49bbaed63c5229c120138440,suspicious,ok,0.433174,0.496033,512,ok;ok;ok;ok,8134249120620176644156068403888521216.000000,/cpfs/user/zhuzihou/assets/dedup_workspaces/test0_transitive_apply_parallel/dataset/GRScenes_assets/cabinet/412b7eea49bbaed63c5229c120138440/usd/412b7eea49bbaed63c5229c120138440.usd
cabinet,42099dca9f26baff5818bafdf6143072,suspicious,ok,0.294071,0.376831,512,ok;ok;ok;ok,5984298901959336370590494552448040960.000000,/cpfs/user/zhuzihou/assets/dedup_workspaces/test0_transitive_apply_parallel/dataset/GRScenes_assets/cabinet/42099dca9f26baff5818bafdf6143072/usd/42099dca9f26baff5818bafdf6143072.usd
cabinet,442535610c5f7cdf826acdc6765e9fd3,suspicious,ok,0.164925,0.211624,434,ok;ok;ok;ok,6246903287073471270734641073966022656.000000,/cpfs/user/zhuzihou/assets/dedup_workspaces/test0_transitive_apply_parallel/dataset/GRScenes_assets/cabinet/442535610c5f7cdf826acdc6765e9fd3/usd/442535610c5f7cdf826acdc6765e9fd3.usd
cabinet,4441e4614b32447ba28d5d9bc67f0390,blank,ok,0.193295,0.217438,500,ok;ok;ok;ok,22839474325560143689272347861574483968.000000,/cpfs/user/zhuzihou/assets/dedup_workspaces/test0_transitive_apply_parallel/dataset/GRScenes_assets/cabinet/4441e4614b32447ba28d5d9bc67f0390/usd/4441e4614b32447ba28d5d9bc67f0390.usd
cabinet,4495369058344367373718d9a27f5d4b,suspicious,ok,0.235367,0.252777,502,ok;ok;ok;ok,4510448036549809124432244853669101568.000000,/cpfs/user/zhuzihou/assets/dedup_workspaces/test0_transitive_apply_parallel/dataset/GRScenes_assets/cabinet/4495369058344367373718d9a27f5d4b/usd/4495369058344367373718d9a27f5d4b.usd
cabinet,44bb282febf69ed6b92b6a239d306d69,blank,ok,0.295654,0.389061,512,ok;ok;ok;ok,4654964213940521633621906831284633600.000000,/cpfs/user/zhuzihou/assets/dedup_workspaces/test0_transitive_apply_parallel/dataset/GRScenes_assets/cabinet/44bb282febf69ed6b92b6a239d306d69/usd/44bb282febf69ed6b92b6a239d306d69.usd
cabinet,46f0865f80677d8cfa43d88816727556,blank,ok,0.176975,0.430019,512,ok;ok;ok;ok,29597136396046230984488558305675837440.000000,/cpfs/user/zhuzihou/assets/dedup_workspaces/test0_transitive_apply_parallel/dataset/GRScenes_assets/cabinet/46f0865f80677d8cfa43d88816727556/usd/46f0865f80677d8cfa43d88816727556.usd
cabinet,473705d38572b15b7f0f5ea83cfe94c0,suspicious,ok,0.416901,0.508308,455,ok;ok;ok;ok,3068275511348053852159258809440665600.000000,/cpfs/user/zhuzihou/assets/dedup_workspaces/test0_transitive_apply_parallel/dataset/GRScenes_assets/cabinet/473705d38572b15b7f0f5ea83cfe94c0/usd/473705d38572b15b7f0f5ea83cfe94c0.usd
cabinet,475808e6907722a0034197b378d841b8,suspicious,ok,0.309635,0.341797,512,ok;ok;ok;ok,6418802908992475405836225033799729152.000000,/cpfs/user/zhuzihou/assets/dedup_workspaces/test0_transitive_apply_parallel/dataset/GRScenes_assets/cabinet/475808e6907722a0034197b378d841b8/usd/475808e6907722a0034197b378d841b8.usd
cabinet,475d109c4664221d89fe6b4dfbf522e9,suspicious,ok,0.276867,0.370605,507,ok;ok;ok;ok,2924940198260965303192238263959027712.000000,/cpfs/user/zhuzihou/assets/dedup_workspaces/test0_transitive_apply_parallel/dataset/GRScenes_assets/cabinet/475d109c4664221d89fe6b4dfbf522e9/usd/475d109c4664221d89fe6b4dfbf522e9.usd
cabinet,47941c7024fa028b002292df4e0231d4,suspicious,ok,0.432354,0.544815,444,ok;ok;ok;ok,8271031162504172309286249476447535104.000000,/cpfs/user/zhuzihou/assets/dedup_workspaces/test0_transitive_apply_parallel/dataset/GRScenes_assets/cabinet/47941c7024fa028b002292df4e0231d4/usd/47941c7024fa028b002292df4e0231d4.usd
cabinet,4866619352707772cd8a6b51d67b0505,tiny,ok,0.165024,0.229538,498,ok;ok;ok;ok,6462238822923830702172193739811848192.000000,/cpfs/user/zhuzihou/assets/dedup_workspaces/test0_transitive_apply_parallel/dataset/GRScenes_assets/cabinet/4866619352707772cd8a6b51d67b0505/usd/4866619352707772cd8a6b51d67b0505.usd
cabinet,4897357b4acc5df302ae8dcdf3fb12bd,suspicious,ok,0.495232,0.603485,452,ok;ok;ok;ok,8626573092351986796585874013634428928.000000,/cpfs/user/zhuzihou/assets/dedup_workspaces/test0_transitive_apply_parallel/dataset/GRScenes_assets/cabinet/4897357b4acc5df302ae8dcdf3fb12bd/usd/4897357b4acc5df302ae8dcdf3fb12bd.usd
cabinet,48f2a02ecd8c2ca0da7cf03310a7fe76,suspicious,ok,0.371773,0.450104,458,ok;ok;ok;ok,13533922555198435398391439705052807168.000000,/cpfs/user/zhuzihou/assets/dedup_workspaces/test0_transitive_apply_parallel/dataset/GRScenes_assets/cabinet/48f2a02ecd8c2ca0da7cf03310a7fe76/usd/48f2a02ecd8c2ca0da7cf03310a7fe76.usd
cabinet,4932633b756863150ebe85421dc429f8,blank,ok,0.363144,0.452850,486,ok;ok;ok;ok,16735019852763756516695528521898917888.000000,/cpfs/user/zhuzihou/assets/dedup_workspaces/test0_transitive_apply_parallel/dataset/GRScenes_assets/cabinet/4932633b756863150ebe85421dc429f8/usd/4932633b756863150ebe85421dc429f8.usd
cabinet,4a160695503292c2a05b2c733abe7249,blank,ok,0.111462,0.120163,490,ok;ok;ok;ok,20094810407700937871319892815182299136.000000,/cpfs/user/zhuzihou/assets/dedup_workspaces/test0_transitive_apply_parallel/dataset/GRScenes_assets/cabinet/4a160695503292c2a05b2c733abe7249/usd/4a160695503292c2a05b2c733abe7249.usd
cabinet,4a232b97e377ca7c898f8ea2ac4a444f,suspicious,ok,0.396172,0.467606,454,ok;ok;ok;ok,3771749049632560441356499828474904576.000000,/cpfs/user/zhuzihou/assets/dedup_workspaces/test0_transitive_apply_parallel/dataset/GRScenes_assets/cabinet/4a232b97e377ca7c898f8ea2ac4a444f/usd/4a232b97e377ca7c898f8ea2ac4a444f.usd
cabinet,4a6a9fddaab9c36253eeba9676ff21a1,suspicious,ok,0.417908,0.559513,393,ok;ok;ok;ok,10371989814648127817537885747818790912.000000,/cpfs/user/zhuzihou/assets/dedup_workspaces/test0_transitive_apply_parallel/dataset/GRScenes_assets/cabinet/4a6a9fddaab9c36253eeba9676ff21a1/usd/4a6a9fddaab9c36253eeba9676ff21a1.usd
cabinet,4b2ac11138608cc2dbf5b8922905c4ea,suspicious,ok,0.504852,0.610542,485,ok;ok;ok;ok,10715988064392676571732982916517462016.000000,/cpfs/user/zhuzihou/assets/dedup_workspaces/test0_transitive_apply_parallel/dataset/GRScenes_assets/cabinet/4b2ac11138608cc2dbf5b8922905c4ea/usd/4b2ac11138608cc2dbf5b8922905c4ea.usd
cabinet,4b2ade4221cfba0b32f70ef5686852fb,tiny,ok,0.450680,0.542587,447,ok;ok;ok;ok,15537531284886653323968820177862131712.000000,/cpfs/user/zhuzihou/assets/dedup_workspaces/test0_transitive_apply_parallel/dataset/GRScenes_assets/cabinet/4b2ade4221cfba0b32f70ef5686852fb/usd/4b2ade4221cfba0b32f70ef5686852fb.usd
cabinet,4b7b6a6d27f5e3f48f4462424ec81c06,blank,ok,0.314663,0.398781,452,ok;ok;ok;ok,14208048432295638278363298705214275584.000000,/cpfs/user/zhuzihou/assets/dedup_workspaces/test0_transitive_apply_parallel/dataset/GRScenes_assets/cabinet/4b7b6a6d27f5e3f48f4462424ec81c06/usd/4b7b6a6d27f5e3f48f4462424ec81c06.usd
cabinet,4b91c6faae84a7e098e62adc21b3bbfc,suspicious,ok,0.249928,0.277161,478,ok;ok;ok;ok,4526935759982904420949086411404869632.000000,/cpfs/user/zhuzihou/assets/dedup_workspaces/test0_transitive_apply_parallel/dataset/GRScenes_assets/cabinet/4b91c6faae84a7e098e62adc21b3bbfc/usd/4b91c6faae84a7e098e62adc21b3bbfc.usd
cabinet,4baf693fedb8de30793030ccf3f5f3c6,suspicious,ok,0.294182,0.565918,488,ok;ok;ok;ok,4063218319333423996888388790355230720.000000,/cpfs/user/zhuzihou/assets/dedup_workspaces/test0_transitive_apply_parallel/dataset/GRScenes_assets/cabinet/4baf693fedb8de30793030ccf3f5f3c6/usd/4baf693fedb8de30793030ccf3f5f3c6.usd
cabinet,4bcad78496f5cbb5c608b3d922c765c2,suspicious,ok,0.395557,0.470718,452,ok;ok;ok;ok,7746092184840468939799794705183539200.000000,/cpfs/user/zhuzihou/assets/dedup_workspaces/test0_transitive_apply_parallel/dataset/GRScenes_assets/cabinet/4bcad78496f5cbb5c608b3d922c765c2/usd/4bcad78496f5cbb5c608b3d922c765c2.usd
cabinet,4c482f4c32887985a807ee43ba1c3484,tiny,ok,0.376549,0.480118,439,ok;ok;ok;ok,6735843480161784921789717169989222400.000000,/cpfs/user/zhuzihou/assets/dedup_workspaces/test0_transitive_apply_parallel/dataset/GRScenes_assets/cabinet/4c482f4c32887985a807ee43ba1c3484/usd/4c482f4c32887985a807ee43ba1c3484.usd
cabinet,4d1f3994d2f1a7c18c8a397a7d032a07,suspicious,ok,0.360771,0.442352,452,ok;ok;ok;ok,3185872035604752173964048541115482112.000000,/cpfs/user/zhuzihou/assets/dedup_workspaces/test0_transitive_apply_parallel/dataset/GRScenes_assets/cabinet/4d1f3994d2f1a7c18c8a397a7d032a07/usd/4d1f3994d2f1a7c18c8a397a7d032a07.usd
cabinet,4d9a7c8e3b34305522b39b42809c8287,suspicious,ok,0.301857,0.498093,433,ok;ok;ok;ok,5992395831324485313394286535993458688.000000,/cpfs/user/zhuzihou/assets/dedup_workspaces/test0_transitive_apply_parallel/dataset/GRScenes_assets/cabinet/4d9a7c8e3b34305522b39b42809c8287/usd/4d9a7c8e3b34305522b39b42809c8287.usd
cabinet,4e0ee4a85af95cb231da939fe9cbf70d,suspicious,ok,0.033417,0.044632,471,ok;ok;ok;ok,5689797312942756893833819965355982848.000000,/cpfs/user/zhuzihou/assets/dedup_workspaces/test0_transitive_apply_parallel/dataset/GRScenes_assets/cabinet/4e0ee4a85af95cb231da939fe9cbf70d/usd/4e0ee4a85af95cb231da939fe9cbf70d.usd
cabinet,4f0a16cb0f8384b8723364b11db11747,suspicious,ok,0.206989,0.294708,512,ok;ok;ok;ok,3333239380215265812340795240785903616.000000,/cpfs/user/zhuzihou/assets/dedup_workspaces/test0_transitive_apply_parallel/dataset/GRScenes_assets/cabinet/4f0a16cb0f8384b8723364b11db11747/usd/4f0a16cb0f8384b8723364b11db11747.usd
cabinet,4f37dfb50ae24931a809bf64aead3ce9,suspicious,ok,0.344677,0.444740,512,ok;ok;ok;ok,4012884355677683158302457748424491008.000000,/cpfs/user/zhuzihou/assets/dedup_workspaces/test0_transitive_apply_parallel/dataset/GRScenes_assets/cabinet/4f37dfb50ae24931a809bf64aead3ce9/usd/4f37dfb50ae24931a809bf64aead3ce9.usd
cabinet,4fd1506876449e5242502efdb37a0d66,suspicious,ok,0.298325,0.331169,512,ok;ok;ok;ok,5483511394804151807115354328530944000.000000,/cpfs/user/zhuzihou/assets/dedup_workspaces/test0_transitive_apply_parallel/dataset/GRScenes_assets/cabinet/4fd1506876449e5242502efdb37a0d66/usd/4fd1506876449e5242502efdb37a0d66.usd
cabinet,504840c5e814aa270b04c7914d050bc5,suspicious,ok,0.409367,0.544312,434,ok;ok;ok;ok,6847140700104835235310899056426876928.000000,/cpfs/user/zhuzihou/assets/dedup_workspaces/test0_transitive_apply_parallel/dataset/GRScenes_assets/cabinet/504840c5e814aa270b04c7914d050bc5/usd/504840c5e814aa270b04c7914d050bc5.usd
cabinet,505cfa85131abc2522360b5ba42304d9,suspicious,ok,0.278454,0.352646,454,ok;ok;ok;ok,20244697684904807503778272626889195520.000000,/cpfs/user/zhuzihou/assets/dedup_workspaces/test0_transitive_apply_parallel/dataset/GRScenes_assets/cabinet/505cfa85131abc2522360b5ba42304d9/usd/505cfa85131abc2522360b5ba42304d9.usd
cabinet,5226fa2e145147b4d07698e027ef1541,suspicious,ok,0.493496,0.601562,502,ok;ok;ok;ok,3329859588644889013458528242174525440.000000,/cpfs/user/zhuzihou/assets/dedup_workspaces/test0_transitive_apply_parallel/dataset/GRScenes_assets/cabinet/5226fa2e145147b4d07698e027ef1541/usd/5226fa2e145147b4d07698e027ef1541.usd
cabinet,5261894c525133cf0a31c4044c63d67b,tiny,ok,0.420662,0.523739,512,ok;ok;ok;ok,8751348735376240387599334724541087744.000000,/cpfs/user/zhuzihou/assets/dedup_workspaces/test0_transitive_apply_parallel/dataset/GRScenes_assets/cabinet/5261894c525133cf0a31c4044c63d67b/usd/5261894c525133cf0a31c4044c63d67b.usd
cabinet,528ed313e395177b2bed648fc4657055,suspicious,ok,0.284153,0.364014,432,ok;ok;ok;ok,11485430003991898151795712437017116672.000000,/cpfs/user/zhuzihou/assets/dedup_workspaces/test0_transitive_apply_parallel/dataset/GRScenes_assets/cabinet/528ed313e395177b2bed648fc4657055/usd/528ed313e395177b2bed648fc4657055.usd
cabinet,534a9bbdb6670a97405b09fafff81129,suspicious,ok,0.327358,0.407822,512,ok;ok;ok;ok,4256051505815181896317611232802635776.000000,/cpfs/user/zhuzihou/assets/dedup_workspaces/test0_transitive_apply_parallel/dataset/GRScenes_assets/cabinet/534a9bbdb6670a97405b09fafff81129/usd/534a9bbdb6670a97405b09fafff81129.usd
cabinet,53791282280375ba4b8663bf7433243b,suspicious,ok,0.305141,0.455750,436,ok;ok;ok;ok,3372402755537867331377577713911988224.000000,/cpfs/user/zhuzihou/assets/dedup_workspaces/test0_transitive_apply_parallel/dataset/GRScenes_assets/cabinet/53791282280375ba4b8663bf7433243b/usd/53791282280375ba4b8663bf7433243b.usd
cabinet,54ac01bb53e43f49502a2c240e28ac8c,suspicious,ok,0.402077,0.468315,474,ok;ok;ok;ok,2309828262250272172376503367235534848.000000,/cpfs/user/zhuzihou/assets/dedup_workspaces/test0_transitive_apply_parallel/dataset/GRScenes_assets/cabinet/54ac01bb53e43f49502a2c240e28ac8c/usd/54ac01bb53e43f49502a2c240e28ac8c.usd
cabinet,54d5b226a7385dabc88c8dd39e29696f,suspicious,ok,0.318199,0.401825,451,ok;ok;ok;ok,4654963806319265436675206081920630784.000000,/cpfs/user/zhuzihou/assets/dedup_workspaces/test0_transitive_apply_parallel/dataset/GRScenes_assets/cabinet/54d5b226a7385dabc88c8dd39e29696f/usd/54d5b226a7385dabc88c8dd39e29696f.usd
cabinet,5585aa3b21fa5afc2545bb7e25f01650,suspicious,ok,0.264610,0.295975,476,ok;ok;ok;ok,3963390035731457881594633448580972544.000000,/cpfs/user/zhuzihou/assets/dedup_workspaces/test0_transitive_apply_parallel/dataset/GRScenes_assets/cabinet/5585aa3b21fa5afc2545bb7e25f01650/usd/5585aa3b21fa5afc2545bb7e25f01650.usd
cabinet,55ccb1b966250ec841b7fc34cef92972,suspicious,ok,0.514923,0.621765,488,ok;ok;ok;ok,11181469122014828321653999207528267776.000000,/cpfs/user/zhuzihou/assets/dedup_workspaces/test0_transitive_apply_parallel/dataset/GRScenes_assets/cabinet/55ccb1b966250ec841b7fc34cef92972/usd/55ccb1b966250ec841b7fc34cef92972.usd
cabinet,55f8352bfc7ed1f9c2b9ef5704918e6f,suspicious,ok,0.321026,0.464363,470,ok;ok;ok;ok,3923073517187122562293150342981877760.000000,/cpfs/user/zhuzihou/assets/dedup_workspaces/test0_transitive_apply_parallel/dataset/GRScenes_assets/cabinet/55f8352bfc7ed1f9c2b9ef5704918e6f/usd/55f8352bfc7ed1f9c2b9ef5704918e6f.usd
cabinet,56628556fc5a8afb0b466f78ac870866,suspicious,suspicious,0.092735,0.106575,232,blank;ok;ok;ok,3678508552469737080771690065135927296.000000,/cpfs/user/zhuzihou/assets/dedup_workspaces/test0_transitive_apply_parallel/dataset/GRScenes_assets/cabinet/56628556fc5a8afb0b466f78ac870866/usd/56628556fc5a8afb0b466f78ac870866.usd
cabinet,567e26ca1d6473f014ec9b6fb138f377,suspicious,ok,0.369274,0.457581,458,ok;ok;ok;ok,2489238345142203889748420328096268288.000000,/cpfs/user/zhuzihou/assets/dedup_workspaces/test0_transitive_apply_parallel/dataset/GRScenes_assets/cabinet/567e26ca1d6473f014ec9b6fb138f377/usd/567e26ca1d6473f014ec9b6fb138f377.usd
cabinet,5691884c9bfdff084834b5cc0990a68f,tiny,ok,0.287090,0.380821,512,ok;ok;ok;ok,20289827601267906715038042944589266944.000000,/cpfs/user/zhuzihou/assets/dedup_workspaces/test0_transitive_apply_parallel/dataset/GRScenes_assets/cabinet/5691884c9bfdff084834b5cc0990a68f/usd/5691884c9bfdff084834b5cc0990a68f.usd
cabinet,56d0852ef03a517db748dde9649810c9,suspicious,ok,0.147511,0.339897,512,ok;ok;ok;ok,4373795302940570706568721629559390208.000000,/cpfs/user/zhuzihou/assets/dedup_workspaces/test0_transitive_apply_parallel/dataset/GRScenes_assets/cabinet/56d0852ef03a517db748dde9649810c9/usd/56d0852ef03a517db748dde9649810c9.usd
cabinet,579a0f1032f32deb1e3cfd24e9e43d30,blank,ok,0.455494,0.569801,433,ok;ok;ok;ok,6585810021366615481282941677788463104.000000,/cpfs/user/zhuzihou/assets/dedup_workspaces/test0_transitive_apply_parallel/dataset/GRScenes_assets/cabinet/579a0f1032f32deb1e3cfd24e9e43d30/usd/579a0f1032f32deb1e3cfd24e9e43d30.usd
cabinet,57b0dba4d264067180fca6f4feaff795,suspicious,ok,0.496975,0.588722,506,ok;ok;ok;ok,8613104569016496105278638353916362752.000000,/cpfs/user/zhuzihou/assets/dedup_workspaces/test0_transitive_apply_parallel/dataset/GRScenes_assets/cabinet/57b0dba4d264067180fca6f4feaff795/usd/57b0dba4d264067180fca6f4feaff795.usd
cabinet,57e5db8e4888970ec6832d8ace2419d7,suspicious,suspicious,0.086746,0.174316,408,tiny;ok;ok;ok,1854595097661817796834945373250256896.000000,/cpfs/user/zhuzihou/assets/dedup_workspaces/test0_transitive_apply_parallel/dataset/GRScenes_assets/cabinet/57e5db8e4888970ec6832d8ace2419d7/usd/57e5db8e4888970ec6832d8ace2419d7.usd
cabinet,58cb16021d7fbfe0f97c5fb02b43b192,tiny,ok,0.202663,0.214478,502,ok;ok;ok;ok,5449460551202407164558358351819309056.000000,/cpfs/user/zhuzihou/assets/dedup_workspaces/test0_transitive_apply_parallel/dataset/GRScenes_assets/cabinet/58cb16021d7fbfe0f97c5fb02b43b192/usd/58cb16021d7fbfe0f97c5fb02b43b192.usd
cabinet,59d6ea5ff2e0102cf8b08f8e44f1412c,suspicious,ok,0.158970,0.436058,448,ok;ok;ok;ok,4047550740102900004898620366982742016.000000,/cpfs/user/zhuzihou/assets/dedup_workspaces/test0_transitive_apply_parallel/dataset/GRScenes_assets/cabinet/59d6ea5ff2e0102cf8b08f8e44f1412c/usd/59d6ea5ff2e0102cf8b08f8e44f1412c.usd
cabinet,59dd6cb8b6cd93601912229ed973367d,suspicious,ok,0.264954,0.292992,502,ok;ok;ok;ok,4652358044041124260935158682649362432.000000,/cpfs/user/zhuzihou/assets/dedup_workspaces/test0_transitive_apply_parallel/dataset/GRScenes_assets/cabinet/59dd6cb8b6cd93601912229ed973367d/usd/59dd6cb8b6cd93601912229ed973367d.usd
cabinet,5a0764215610d91789f54f117d22ef18,suspicious,ok,0.461060,0.541992,512,ok;ok;ok;ok,6259629450867864657220051011842867200.000000,/cpfs/user/zhuzihou/assets/dedup_workspaces/test0_transitive_apply_parallel/dataset/GRScenes_assets/cabinet/5a0764215610d91789f54f117d22ef18/usd/5a0764215610d91789f54f117d22ef18.usd
cabinet,5a186509438e39649d808e0849ea2e49,suspicious,ok,0.353836,0.458542,512,ok;ok;ok;ok,4869655778386238362473477258092740608.000000,/cpfs/user/zhuzihou/assets/dedup_workspaces/test0_transitive_apply_parallel/dataset/GRScenes_assets/cabinet/5a186509438e39649d808e0849ea2e49/usd/5a186509438e39649d808e0849ea2e49.usd
cabinet,5a29d4f37a670a6198ece9558aafd78f,suspicious,ok,0.033142,0.044769,466,ok;ok;ok;ok,5689798643937622742337295375656812544.000000,/cpfs/user/zhuzihou/assets/dedup_workspaces/test0_transitive_apply_parallel/dataset/GRScenes_assets/cabinet/5a29d4f37a670a6198ece9558aafd78f/usd/5a29d4f37a670a6198ece9558aafd78f.usd
cabinet,5a87c6c309a250f88795dc6ea75ae8be,suspicious,ok,0.031128,0.043945,468,ok;ok;ok;ok,4906784027677675633586113561862602752.000000,/cpfs/user/zhuzihou/assets/dedup_workspaces/test0_transitive_apply_parallel/dataset/GRScenes_assets/cabinet/5a87c6c309a250f88795dc6ea75ae8be/usd/5a87c6c309a250f88795dc6ea75ae8be.usd
cabinet,5aad2242f0d294f33aea6fdba208b85b,suspicious,ok,0.381702,0.491623,456,ok;ok;ok;ok,9103739398017950988032097049525616640.000000,/cpfs/user/zhuzihou/assets/dedup_workspaces/test0_transitive_apply_parallel/dataset/GRScenes_assets/cabinet/5aad2242f0d294f33aea6fdba208b85b/usd/5aad2242f0d294f33aea6fdba208b85b.usd
cabinet,5aff015d97098ec6b289923aa005a595,suspicious,ok,0.427879,0.528145,451,ok;ok;ok;ok,3271178631687215426354471983514648576.000000,/cpfs/user/zhuzihou/assets/dedup_workspaces/test0_transitive_apply_parallel/dataset/GRScenes_assets/cabinet/5aff015d97098ec6b289923aa005a595/usd/5aff015d97098ec6b289923aa005a595.usd
cabinet,5b05fdc79acafd158597bdb0e25c67e9,tiny,ok,0.458122,0.521484,512,ok;ok;ok;ok,13624266799296571321424162941998989312.000000,/cpfs/user/zhuzihou/assets/dedup_workspaces/test0_transitive_apply_parallel/dataset/GRScenes_assets/cabinet/5b05fdc79acafd158597bdb0e25c67e9/usd/5b05fdc79acafd158597bdb0e25c67e9.usd
cabinet,5b668bfa31751340cdd13549ab988c14,suspicious,ok,0.090366,0.116020,419,ok;ok;ok;ok,12995126338317849359796015927549493248.000000,/cpfs/user/zhuzihou/assets/dedup_workspaces/test0_transitive_apply_parallel/dataset/GRScenes_assets/cabinet/5b668bfa31751340cdd13549ab988c14/usd/5b668bfa31751340cdd13549ab988c14.usd
cabinet,5bd2535a54f45492ecc138b6ceed77fc,suspicious,suspicious,0.026817,0.112534,310,ok;ok;ok;blank,3392320337140089177708112483939516416.000000,/cpfs/user/zhuzihou/assets/dedup_workspaces/test0_transitive_apply_parallel/dataset/GRScenes_assets/cabinet/5bd2535a54f45492ecc138b6ceed77fc/usd/5bd2535a54f45492ecc138b6ceed77fc.usd
cabinet,5beeaa7bfe13ad1b18b3e90600a3e58e,tiny,ok,0.055603,0.078369,476,ok;ok;ok;ok,5340546222185502879722313592491474944.000000,/cpfs/user/zhuzihou/assets/dedup_workspaces/test0_transitive_apply_parallel/dataset/GRScenes_assets/cabinet/5beeaa7bfe13ad1b18b3e90600a3e58e/usd/5beeaa7bfe13ad1b18b3e90600a3e58e.usd
cabinet,5bfb56f8578690d51bf69021d0c3ace4,suspicious,ok,0.397381,0.457954,490,ok;ok;ok;ok,3772654118288379611911084022295429120.000000,/cpfs/user/zhuzihou/assets/dedup_workspaces/test0_transitive_apply_parallel/dataset/GRScenes_assets/cabinet/5bfb56f8578690d51bf69021d0c3ace4/usd/5bfb56f8578690d51bf69021d0c3ace4.usd
cabinet,5d7599186cef978f2d0e0236a3e5bce9,suspicious,ok,0.511860,0.616669,484,ok;ok;ok;ok,9730367749915356222781089333511192576.000000,/cpfs/user/zhuzihou/assets/dedup_workspaces/test0_transitive_apply_parallel/dataset/GRScenes_assets/cabinet/5d7599186cef978f2d0e0236a3e5bce9/usd/5d7599186cef978f2d0e0236a3e5bce9.usd
cabinet,5fd99ac39eb2967bf2766e3ec9e29e9b,suspicious,ok,0.307728,0.489693,503,ok;ok;ok;ok,3819852190512062564151838184004648960.000000,/cpfs/user/zhuzihou/assets/dedup_workspaces/test0_transitive_apply_parallel/dataset/GRScenes_assets/cabinet/5fd99ac39eb2967bf2766e3ec9e29e9b/usd/5fd99ac39eb2967bf2766e3ec9e29e9b.usd
cabinet,60b2842374ee76f18f48403ddc3ba70d,suspicious,ok,0.371944,0.467873,502,ok;ok;ok;ok,10642868524294371899576610091603853312.000000,/cpfs/user/zhuzihou/assets/dedup_workspaces/test0_transitive_apply_parallel/dataset/GRScenes_assets/cabinet/60b2842374ee76f18f48403ddc3ba70d/usd/60b2842374ee76f18f48403ddc3ba70d.usd
cabinet,614eb436a380818707a3d8012c6d3d5a,tiny,ok,0.269497,0.317612,512,ok;ok;ok;ok,4103306955419445626281440145437622272.000000,/cpfs/user/zhuzihou/assets/dedup_workspaces/test0_transitive_apply_parallel/dataset/GRScenes_assets/cabinet/614eb436a380818707a3d8012c6d3d5a/usd/614eb436a380818707a3d8012c6d3d5a.usd
cabinet,61516ba20540ed3b62531c02a289dc73,suspicious,ok,0.444134,0.597767,449,ok;ok;ok;ok,8966383289528602822171373487001698304.000000,/cpfs/user/zhuzihou/assets/dedup_workspaces/test0_transitive_apply_parallel/dataset/GRScenes_assets/cabinet/61516ba20540ed3b62531c02a289dc73/usd/61516ba20540ed3b62531c02a289dc73.usd
cabinet,618dc0c77616f7fbb2b9f863a221cef2,suspicious,ok,0.306816,0.341415,500,ok;ok;ok;ok,4490635474912129806560650762611851264.000000,/cpfs/user/zhuzihou/assets/dedup_workspaces/test0_transitive_apply_parallel/dataset/GRScenes_assets/cabinet/618dc0c77616f7fbb2b9f863a221cef2/usd/618dc0c77616f7fbb2b9f863a221cef2.usd
cabinet,623a9600388283ee06d02fe866cd276d,suspicious,suspicious,0.093475,0.108009,257,ok;ok;blank;ok,1481026805838563362407175293404971008.000000,/cpfs/user/zhuzihou/assets/dedup_workspaces/test0_transitive_apply_parallel/dataset/GRScenes_assets/cabinet/623a9600388283ee06d02fe866cd276d/usd/623a9600388283ee06d02fe866cd276d.usd
cabinet,62bffd6985a3ab1cf529b645123b7646,suspicious,ok,0.433361,0.494141,512,ok;ok;ok;ok,8044080530093572137878496485606162432.000000,/cpfs/user/zhuzihou/assets/dedup_workspaces/test0_transitive_apply_parallel/dataset/GRScenes_assets/cabinet/62bffd6985a3ab1cf529b645123b7646/usd/62bffd6985a3ab1cf529b645123b7646.usd
cabinet,631fd5d1e8e0354a6b37fa1ffefbd74c,suspicious,ok,0.470787,0.555038,500,ok;ok;ok;ok,9484515148373167805325124308217888768.000000,/cpfs/user/zhuzihou/assets/dedup_workspaces/test0_transitive_apply_parallel/dataset/GRScenes_assets/cabinet/631fd5d1e8e0354a6b37fa1ffefbd74c/usd/631fd5d1e8e0354a6b37fa1ffefbd74c.usd
cabinet,635fce7b8dbd0365bdcbec6806d809d7,suspicious,ok,0.154175,0.161476,498,ok;ok;ok;ok,4826878929902771009312325670755368960.000000,/cpfs/user/zhuzihou/assets/dedup_workspaces/test0_transitive_apply_parallel/dataset/GRScenes_assets/cabinet/635fce7b8dbd0365bdcbec6806d809d7/usd/635fce7b8dbd0365bdcbec6806d809d7.usd
cabinet,6436f1de9dff5cc3059618c5e8c8006e,suspicious,ok,0.239899,0.265503,480,ok;ok;ok;ok,4561580825197196785622548524711280640.000000,/cpfs/user/zhuzihou/assets/dedup_workspaces/test0_transitive_apply_parallel/dataset/GRScenes_assets/cabinet/6436f1de9dff5cc3059618c5e8c8006e/usd/6436f1de9dff5cc3059618c5e8c8006e.usd
cabinet,64490f7dd140deadf3a492d5c901f6c3,suspicious,ok,0.232174,0.281250,512,ok;ok;ok;ok,4425944985267496554120148045837369344.000000,/cpfs/user/zhuzihou/assets/dedup_workspaces/test0_transitive_apply_parallel/dataset/GRScenes_assets/cabinet/64490f7dd140deadf3a492d5c901f6c3/usd/64490f7dd140deadf3a492d5c901f6c3.usd
cabinet,6514aef8d75e21ea6464032dbbb48f94,suspicious,ok,0.076469,0.409943,502,ok;ok;ok;ok,2794807161083944343083241521104814080.000000,/cpfs/user/zhuzihou/assets/dedup_workspaces/test0_transitive_apply_parallel/dataset/GRScenes_assets/cabinet/6514aef8d75e21ea6464032dbbb48f94/usd/6514aef8d75e21ea6464032dbbb48f94.usd
cabinet,6528d79555b34c8bd89dd76b217115e6,suspicious,ok,0.229084,0.304451,512,ok;ok;ok;ok,4840632396910740876010448661168259072.000000,/cpfs/user/zhuzihou/assets/dedup_workspaces/test0_transitive_apply_parallel/dataset/GRScenes_assets/cabinet/6528d79555b34c8bd89dd76b217115e6/usd/6528d79555b34c8bd89dd76b217115e6.usd
cabinet,65928b8f780509e43c74f50d08bf0a93,suspicious,ok,0.231789,0.303558,512,ok;ok;ok;ok,4471258227973677057646102516770799616.000000,/cpfs/user/zhuzihou/assets/dedup_workspaces/test0_transitive_apply_parallel/dataset/GRScenes_assets/cabinet/65928b8f780509e43c74f50d08bf0a93/usd/65928b8f780509e43c74f50d08bf0a93.usd
cabinet,65e550a2a69622c20d3e5253ebe10ec7,tiny,ok,0.400318,0.494324,456,ok;ok;ok;ok,10684977259476180281305978557131915264.000000,/cpfs/user/zhuzihou/assets/dedup_workspaces/test0_transitive_apply_parallel/dataset/GRScenes_assets/cabinet/65e550a2a69622c20d3e5253ebe10ec7/usd/65e550a2a69622c20d3e5253ebe10ec7.usd
cabinet,66493d4959f19f44c94791afb92d7adb,suspicious,ok,0.314888,0.348244,510,ok;ok;ok;ok,6380043754266724774779319947299389440.000000,/cpfs/user/zhuzihou/assets/dedup_workspaces/test0_transitive_apply_parallel/dataset/GRScenes_assets/cabinet/66493d4959f19f44c94791afb92d7adb/usd/66493d4959f19f44c94791afb92d7adb.usd
cabinet,672f2e651bbf1bcf74e0f26ab289fada,suspicious,ok,0.367111,0.445381,459,ok;ok;ok;ok,3434846830577915862741857555246481408.000000,/cpfs/user/zhuzihou/assets/dedup_workspaces/test0_transitive_apply_parallel/dataset/GRScenes_assets/cabinet/672f2e651bbf1bcf74e0f26ab289fada/usd/672f2e651bbf1bcf74e0f26ab289fada.usd
cabinet,678e756ff9efa3f4bf99e3525559d1fa,suspicious,ok,0.438938,0.521030,463,ok;ok;ok;ok,8779128049972476171186973187285975040.000000,/cpfs/user/zhuzihou/assets/dedup_workspaces/test0_transitive_apply_parallel/dataset/GRScenes_assets/cabinet/678e756ff9efa3f4bf99e3525559d1fa/usd/678e756ff9efa3f4bf99e3525559d1fa.usd
cabinet,67d20448c41ade1c198d0182db94725f,suspicious,ok,0.160980,0.428753,450,ok;ok;ok;ok,2654651127971115175581051660256935936.000000,/cpfs/user/zhuzihou/assets/dedup_workspaces/test0_transitive_apply_parallel/dataset/GRScenes_assets/cabinet/67d20448c41ade1c198d0182db94725f/usd/67d20448c41ade1c198d0182db94725f.usd
cabinet,68007680b83db0c9fbc59f2431607d9f,tiny,ok,0.045479,0.045822,470,ok;ok;ok;ok,4708794654381760338760015062864232448.000000,/cpfs/user/zhuzihou/assets/dedup_workspaces/test0_transitive_apply_parallel/dataset/GRScenes_assets/cabinet/68007680b83db0c9fbc59f2431607d9f/usd/68007680b83db0c9fbc59f2431607d9f.usd
cabinet,6807cab3d4d27fe6b716f3f48a689c61,suspicious,ok,0.374897,0.477791,512,ok;ok;ok;ok,5550839263083775527900496742460686336.000000,/cpfs/user/zhuzihou/assets/dedup_workspaces/test0_transitive_apply_parallel/dataset/GRScenes_assets/cabinet/6807cab3d4d27fe6b716f3f48a689c61/usd/6807cab3d4d27fe6b716f3f48a689c61.usd
cabinet,6893d1e273e5a806ec9fc9a9ba09c8ed,suspicious,ok,0.331848,0.384430,456,ok;ok;ok;ok,7355701700128169351565931774836998144.000000,/cpfs/user/zhuzihou/assets/dedup_workspaces/test0_transitive_apply_parallel/dataset/GRScenes_assets/cabinet/6893d1e273e5a806ec9fc9a9ba09c8ed/usd/6893d1e273e5a806ec9fc9a9ba09c8ed.usd
cabinet,69019bd1afc30c258c97ccbd280bd571,suspicious,ok,0.432724,0.508423,476,ok;ok;ok;ok,7226788313280620572552235960219205632.000000,/cpfs/user/zhuzihou/assets/dedup_workspaces/test0_transitive_apply_parallel/dataset/GRScenes_assets/cabinet/69019bd1afc30c258c97ccbd280bd571/usd/69019bd1afc30c258c97ccbd280bd571.usd
cabinet,693149dec0ced97d580f381f0d4803e5,suspicious,ok,0.313171,0.520111,437,ok;ok;ok;ok,6019820387063389677614724009085108224.000000,/cpfs/user/zhuzihou/assets/dedup_workspaces/test0_transitive_apply_parallel/dataset/GRScenes_assets/cabinet/693149dec0ced97d580f381f0d4803e5/usd/693149dec0ced97d580f381f0d4803e5.usd
cabinet,694006d900b103e5702ed21518275c95,suspicious,ok,0.201530,0.255318,510,ok;ok;ok;ok,4730251537733709229702329202617876480.000000,/cpfs/user/zhuzihou/assets/dedup_workspaces/test0_transitive_apply_parallel/dataset/GRScenes_assets/cabinet/694006d900b103e5702ed21518275c95/usd/694006d900b103e5702ed21518275c95.usd
cabinet,6962f8c8f7d29d48c4adeaad8166e191,suspicious,ok,0.238918,0.255859,512,ok;ok;ok;ok,4343495463593516074725306089223487488.000000,/cpfs/user/zhuzihou/assets/dedup_workspaces/test0_transitive_apply_parallel/dataset/GRScenes_assets/cabinet/6962f8c8f7d29d48c4adeaad8166e191/usd/6962f8c8f7d29d48c4adeaad8166e191.usd
cabinet,69992fa6f3ae177833293fa7365b41ef,suspicious,ok,0.467876,0.553978,506,ok;ok;ok;ok,8403391202556612910437467279576793088.000000,/cpfs/user/zhuzihou/assets/dedup_workspaces/test0_transitive_apply_parallel/dataset/GRScenes_assets/cabinet/69992fa6f3ae177833293fa7365b41ef/usd/69992fa6f3ae177833293fa7365b41ef.usd
cabinet,69fbe67a2455a855d1e878f3a4174a83,suspicious,ok,0.380173,0.474110,484,ok;ok;ok;ok,3200822525943128096946550098035212288.000000,/cpfs/user/zhuzihou/assets/dedup_workspaces/test0_transitive_apply_parallel/dataset/GRScenes_assets/cabinet/69fbe67a2455a855d1e878f3a4174a83/usd/69fbe67a2455a855d1e878f3a4174a83.usd
cabinet,6aaee5c6bd9209c8c77d49245a02d153,suspicious,ok,0.275631,0.301117,506,ok;ok;ok;ok,4257179773581122860506057793993703424.000000,/cpfs/user/zhuzihou/assets/dedup_workspaces/test0_transitive_apply_parallel/dataset/GRScenes_assets/cabinet/6aaee5c6bd9209c8c77d49245a02d153/usd/6aaee5c6bd9209c8c77d49245a02d153.usd
cabinet,6c618663fbbda397ddf427bbec0ae949,suspicious,ok,0.392159,0.494209,512,ok;ok;ok;ok,3871679483199454689757789366907830272.000000,/cpfs/user/zhuzihou/assets/dedup_workspaces/test0_transitive_apply_parallel/dataset/GRScenes_assets/cabinet/6c618663fbbda397ddf427bbec0ae949/usd/6c618663fbbda397ddf427bbec0ae949.usd
cabinet,6d64241c516f8e7d7d17804a99fd11e0,suspicious,ok,0.293427,0.333481,470,ok;ok;ok;ok,4232356434033731067803701237470199808.000000,/cpfs/user/zhuzihou/assets/dedup_workspaces/test0_transitive_apply_parallel/dataset/GRScenes_assets/cabinet/6d64241c516f8e7d7d17804a99fd11e0/usd/6d64241c516f8e7d7d17804a99fd11e0.usd
cabinet,6ee9b04253e7a388f9905a35122e1462,suspicious,ok,0.038731,0.039192,467,ok;ok;ok;ok,5689797310224094051420627368065105920.000000,/cpfs/user/zhuzihou/assets/dedup_workspaces/test0_transitive_apply_parallel/dataset/GRScenes_assets/cabinet/6ee9b04253e7a388f9905a35122e1462/usd/6ee9b04253e7a388f9905a35122e1462.usd
cabinet,6f4c6344b7021b156b21b3e4a3dd481d,suspicious,ok,0.357944,0.483185,504,ok;ok;ok;ok,3068746693743782052985670457886769152.000000,/cpfs/user/zhuzihou/assets/dedup_workspaces/test0_transitive_apply_parallel/dataset/GRScenes_assets/cabinet/6f4c6344b7021b156b21b3e4a3dd481d/usd/6f4c6344b7021b156b21b3e4a3dd481d.usd
cabinet,6f78968046117882ea1189c9a7d5e417,suspicious,ok,0.465225,0.542175,512,ok;ok;ok;ok,9030970646530560637650392078373355520.000000,/cpfs/user/zhuzihou/assets/dedup_workspaces/test0_transitive_apply_parallel/dataset/GRScenes_assets/cabinet/6f78968046117882ea1189c9a7d5e417/usd/6f78968046117882ea1189c9a7d5e417.usd
cabinet,6f7c358f1479f18c65d32903d6bef778,suspicious,ok,0.052048,0.067642,412,ok;ok;ok;ok,4356584316731981419697150243068968960.000000,/cpfs/user/zhuzihou/assets/dedup_workspaces/test0_transitive_apply_parallel/dataset/GRScenes_assets/cabinet/6f7c358f1479f18c65d32903d6bef778/usd/6f7c358f1479f18c65d32903d6bef778.usd
cabinet,700e95ffc7f2d37ded3ec521836dd262,suspicious,ok,0.474491,0.588318,432,ok;ok;ok;ok,10397237858796126483063645944336613376.000000,/cpfs/user/zhuzihou/assets/dedup_workspaces/test0_transitive_apply_parallel/dataset/GRScenes_assets/cabinet/700e95ffc7f2d37ded3ec521836dd262/usd/700e95ffc7f2d37ded3ec521836dd262.usd
cabinet,70c4f47067d56fdf6daa8d8d40992d61,tiny,ok,0.476341,0.553711,504,ok;ok;ok;ok,9894343094025759539116173496028233728.000000,/cpfs/user/zhuzihou/assets/dedup_workspaces/test0_transitive_apply_parallel/dataset/GRScenes_assets/cabinet/70c4f47067d56fdf6daa8d8d40992d61/usd/70c4f47067d56fdf6daa8d8d40992d61.usd
cabinet,71d744218980f92027ad956f72cafbff,tiny,ok,0.092319,0.095428,472,ok;ok;ok;ok,13954623068740000997917242408365457408.000000,/cpfs/user/zhuzihou/assets/dedup_workspaces/test0_transitive_apply_parallel/dataset/GRScenes_assets/cabinet/71d744218980f92027ad956f72cafbff/usd/71d744218980f92027ad956f72cafbff.usd
cabinet,725bf9e9ef5f68afaca346cce768198e,suspicious,ok,0.293221,0.474892,512,ok;ok;ok;ok,3384999818536483561837131341190135808.000000,/cpfs/user/zhuzihou/assets/dedup_workspaces/test0_transitive_apply_parallel/dataset/GRScenes_assets/cabinet/725bf9e9ef5f68afaca346cce768198e/usd/725bf9e9ef5f68afaca346cce768198e.usd
cabinet,72c6bb3de9a62e85fa40e3791a4dd959,blank,ok,0.034378,0.375652,404,ok;ok;ok;ok,4087104045102658864487925747780943872.000000,/cpfs/user/zhuzihou/assets/dedup_workspaces/test0_transitive_apply_parallel/dataset/GRScenes_assets/cabinet/72c6bb3de9a62e85fa40e3791a4dd959/usd/72c6bb3de9a62e85fa40e3791a4dd959.usd
cabinet,7301cb96f84bc6a3efee5d87530b6323,suspicious,ok,0.037773,0.330070,422,ok;ok;ok;ok,3240784390801273554913926104471306240.000000,/cpfs/user/zhuzihou/assets/dedup_workspaces/test0_transitive_apply_parallel/dataset/GRScenes_assets/cabinet/7301cb96f84bc6a3efee5d87530b6323/usd/7301cb96f84bc6a3efee5d87530b6323.usd
cabinet,73d6d4861e02702d7e54e1af9e57eff0,suspicious,ok,0.276863,0.364395,512,ok;ok;ok;ok,4718063570110779686560325210912849920.000000,/cpfs/user/zhuzihou/assets/dedup_workspaces/test0_transitive_apply_parallel/dataset/GRScenes_assets/cabinet/73d6d4861e02702d7e54e1af9e57eff0/usd/73d6d4861e02702d7e54e1af9e57eff0.usd
cabinet,73fa878b678c535f59ce06b33cde9c8a,suspicious,ok,0.172031,0.180473,498,ok;ok;ok;ok,4808313745308011831352407727227797504.000000,/cpfs/user/zhuzihou/assets/dedup_workspaces/test0_transitive_apply_parallel/dataset/GRScenes_assets/cabinet/73fa878b678c535f59ce06b33cde9c8a/usd/73fa878b678c535f59ce06b33cde9c8a.usd
cabinet,74c84af7af82f0b63b0d2345a7e886cd,blank,ok,0.451611,0.544151,446,ok;ok;ok;ok,15659764211733032683587345463749115904.000000,/cpfs/user/zhuzihou/assets/dedup_workspaces/test0_transitive_apply_parallel/dataset/GRScenes_assets/cabinet/74c84af7af82f0b63b0d2345a7e886cd/usd/74c84af7af82f0b63b0d2345a7e886cd.usd
cabinet,758cd0357e8177269de19c66d93f1c5f,suspicious,suspicious,0.077797,0.104164,258,blank;ok;ok;ok,1694264018878319777480845176917196800.000000,/cpfs/user/zhuzihou/assets/dedup_workspaces/test0_transitive_apply_parallel/dataset/GRScenes_assets/cabinet/758cd0357e8177269de19c66d93f1c5f/usd/758cd0357e8177269de19c66d93f1c5f.usd
cabinet,766656036dc90d06f126e4b9ab9933af,suspicious,ok,0.044785,0.046616,470,ok;ok;ok;ok,5605068727285100661084613088028655616.000000,/cpfs/user/zhuzihou/assets/dedup_workspaces/test0_transitive_apply_parallel/dataset/GRScenes_assets/cabinet/766656036dc90d06f126e4b9ab9933af/usd/766656036dc90d06f126e4b9ab9933af.usd
cabinet,768bd182289fc63f9e0887e4f56d6d27,suspicious,ok,0.342136,0.376953,512,ok;ok;ok;ok,4544678674625839757430444366988574720.000000,/cpfs/user/zhuzihou/assets/dedup_workspaces/test0_transitive_apply_parallel/dataset/GRScenes_assets/cabinet/768bd182289fc63f9e0887e4f56d6d27/usd/768bd182289fc63f9e0887e4f56d6d27.usd
cabinet,77d0281fa21a82ad092dd4db5aa83ce3,blank,ok,0.117199,0.123993,478,ok;ok;ok;ok,6641974321266847578738574682841153536.000000,/cpfs/user/zhuzihou/assets/dedup_workspaces/test0_transitive_apply_parallel/dataset/GRScenes_assets/cabinet/77d0281fa21a82ad092dd4db5aa83ce3/usd/77d0281fa21a82ad092dd4db5aa83ce3.usd
cabinet,7975c48d19bc144eef7dff7eceb7ea5a,suspicious,ok,0.265903,0.289162,502,ok;ok;ok;ok,4627087094425245754919850636237340672.000000,/cpfs/user/zhuzihou/assets/dedup_workspaces/test0_transitive_apply_parallel/dataset/GRScenes_assets/cabinet/7975c48d19bc144eef7dff7eceb7ea5a/usd/7975c48d19bc144eef7dff7eceb7ea5a.usd
cabinet,7ae998050abde8d09baea53dc21597d8,suspicious,suspicious,0.063721,0.104141,210,blank;ok;ok;ok,2909550921829607076715258663156056064.000000,/cpfs/user/zhuzihou/assets/dedup_workspaces/test0_transitive_apply_parallel/dataset/GRScenes_assets/cabinet/7ae998050abde8d09baea53dc21597d8/usd/7ae998050abde8d09baea53dc21597d8.usd
cabinet,7c3bcb9e9a74c3c896e9cf1f0c744a6c,suspicious,ok,0.208088,0.227997,482,ok;ok;ok;ok,4659327975737491963154338883078979584.000000,/cpfs/user/zhuzihou/assets/dedup_workspaces/test0_transitive_apply_parallel/dataset/GRScenes_assets/cabinet/7c3bcb9e9a74c3c896e9cf1f0c744a6c/usd/7c3bcb9e9a74c3c896e9cf1f0c744a6c.usd
cabinet,7dd098c2806e4493a0f87c21889e97b0,suspicious,ok,0.318203,0.401825,451,ok;ok;ok;ok,4654964213940521633621906831284633600.000000,/cpfs/user/zhuzihou/assets/dedup_workspaces/test0_transitive_apply_parallel/dataset/GRScenes_assets/cabinet/7dd098c2806e4493a0f87c21889e97b0/usd/7dd098c2806e4493a0f87c21889e97b0.usd
cabinet,7df076c941abb618ed74808ae425310d,suspicious,ok,0.291115,0.371132,512,ok;ok;ok;ok,5984299543972944888153532944514809856.000000,/cpfs/user/zhuzihou/assets/dedup_workspaces/test0_transitive_apply_parallel/dataset/GRScenes_assets/cabinet/7df076c941abb618ed74808ae425310d/usd/7df076c941abb618ed74808ae425310d.usd
cabinet,7e3440ea65c04b8e8f76eee95ea1a443,suspicious,ok,0.161697,0.172119,480,ok;ok;ok;ok,4975474742321041127107284432561635328.000000,/cpfs/user/zhuzihou/assets/dedup_workspaces/test0_transitive_apply_parallel/dataset/GRScenes_assets/cabinet/7e3440ea65c04b8e8f76eee95ea1a443/usd/7e3440ea65c04b8e8f76eee95ea1a443.usd
cabinet,7fa6a7786f0d218d75d67a880de6c357,suspicious,ok,0.348003,0.435677,477,ok;ok;ok;ok,3824835384240633398770366072878006272.000000,/cpfs/user/zhuzihou/assets/dedup_workspaces/test0_transitive_apply_parallel/dataset/GRScenes_assets/cabinet/7fa6a7786f0d218d75d67a880de6c357/usd/7fa6a7786f0d218d75d67a880de6c357.usd
cabinet,7fd206d39fc21f9936c6f092b9095599,suspicious,ok,0.321075,0.432186,486,ok;ok;ok;ok,3497548374987087441278625129835790336.000000,/cpfs/user/zhuzihou/assets/dedup_workspaces/test0_transitive_apply_parallel/dataset/GRScenes_assets/cabinet/7fd206d39fc21f9936c6f092b9095599/usd/7fd206d39fc21f9936c6f092b9095599.usd
cabinet,80a5764eb9cfe7826affa60737878d6e,tiny,ok,0.404942,0.508804,444,ok;ok;ok;ok,8202106915498871887818082794719936512.000000,/cpfs/user/zhuzihou/assets/dedup_workspaces/test0_transitive_apply_parallel/dataset/GRScenes_assets/cabinet/80a5764eb9cfe7826affa60737878d6e/usd/80a5764eb9cfe7826affa60737878d6e.usd
cabinet,80bc78ed21c9a0c1a9aa181f00fab08a,suspicious,ok,0.117420,0.163422,489,ok;ok;ok;ok,4836079321079889928872012474744832000.000000,/cpfs/user/zhuzihou/assets/dedup_workspaces/test0_transitive_apply_parallel/dataset/GRScenes_assets/cabinet/80bc78ed21c9a0c1a9aa181f00fab08a/usd/80bc78ed21c9a0c1a9aa181f00fab08a.usd
cabinet,817253355ee392e57cf6451d4264cc73,suspicious,ok,0.191017,0.249329,506,ok;ok;ok;ok,3733231973527364860945944226696265728.000000,/cpfs/user/zhuzihou/assets/dedup_workspaces/test0_transitive_apply_parallel/dataset/GRScenes_assets/cabinet/817253355ee392e57cf6451d4264cc73/usd/817253355ee392e57cf6451d4264cc73.usd
cabinet,81d4e1ff7e2e5cf8c4a2fd447f09557f,suspicious,ok,0.490227,0.611389,432,ok;ok;ok;ok,8857105009829744193925148647314423808.000000,/cpfs/user/zhuzihou/assets/dedup_workspaces/test0_transitive_apply_parallel/dataset/GRScenes_assets/cabinet/81d4e1ff7e2e5cf8c4a2fd447f09557f/usd/81d4e1ff7e2e5cf8c4a2fd447f09557f.usd
cabinet,826ef6ee8b8bb775823cfd98661c6f2d,suspicious,ok,0.419579,0.486328,512,ok;ok;ok;ok,8108090834425539472679835912326086656.000000,/cpfs/user/zhuzihou/assets/dedup_workspaces/test0_transitive_apply_parallel/dataset/GRScenes_assets/cabinet/826ef6ee8b8bb775823cfd98661c6f2d/usd/826ef6ee8b8bb775823cfd98661c6f2d.usd
cabinet,82736ce41ca20592f5fea36b03dfead4,suspicious,ok,0.379391,0.463860,449,ok;ok;ok;ok,7443751939004256180333366163602931712.000000,/cpfs/user/zhuzihou/assets/dedup_workspaces/test0_transitive_apply_parallel/dataset/GRScenes_assets/cabinet/82736ce41ca20592f5fea36b03dfead4/usd/82736ce41ca20592f5fea36b03dfead4.usd
cabinet,829cf62965859c85cdc49844f33aef85,suspicious,ok,0.325550,0.388039,512,ok;ok;ok;ok,4470720973371633961472968151109992448.000000,/cpfs/user/zhuzihou/assets/dedup_workspaces/test0_transitive_apply_parallel/dataset/GRScenes_assets/cabinet/829cf62965859c85cdc49844f33aef85/usd/829cf62965859c85cdc49844f33aef85.usd
cabinet,82a65693dc7bcd3e01bfaa54bada787b,suspicious,ok,0.316502,0.442829,510,ok;ok;ok;ok,6402594407489891973775106378758619136.000000,/cpfs/user/zhuzihou/assets/dedup_workspaces/test0_transitive_apply_parallel/dataset/GRScenes_assets/cabinet/82a65693dc7bcd3e01bfaa54bada787b/usd/82a65693dc7bcd3e01bfaa54bada787b.usd
cabinet,8497c055c06b2e6020bb1cd9502f18e2,suspicious,ok,0.101612,0.107132,476,ok;ok;ok;ok,4858319319765795662351462507434999808.000000,/cpfs/user/zhuzihou/assets/dedup_workspaces/test0_transitive_apply_parallel/dataset/GRScenes_assets/cabinet/8497c055c06b2e6020bb1cd9502f18e2/usd/8497c055c06b2e6020bb1cd9502f18e2.usd
cabinet,849d0d871a52881a0e83e51d698743b0,suspicious,ok,0.096836,0.122986,421,ok;ok;ok;ok,4836779912941845375632168101250859008.000000,/cpfs/user/zhuzihou/assets/dedup_workspaces/test0_transitive_apply_parallel/dataset/GRScenes_assets/cabinet/849d0d871a52881a0e83e51d698743b0/usd/849d0d871a52881a0e83e51d698743b0.usd
cabinet,85300dfb5cab403b5d2ee606ccbe8544,suspicious,ok,0.188789,0.451523,484,ok;ok;ok;ok,5337365437519804243821425175153344512.000000,/cpfs/user/zhuzihou/assets/dedup_workspaces/test0_transitive_apply_parallel/dataset/GRScenes_assets/cabinet/85300dfb5cab403b5d2ee606ccbe8544/usd/85300dfb5cab403b5d2ee606ccbe8544.usd
cabinet,8534a4452085d9d13faaa7af8fc6fbdf,tiny,ok,0.089901,0.124512,484,ok;ok;ok;ok,10177394693755973908469123097663897600.000000,/cpfs/user/zhuzihou/assets/dedup_workspaces/test0_transitive_apply_parallel/dataset/GRScenes_assets/cabinet/8534a4452085d9d13faaa7af8fc6fbdf/usd/8534a4452085d9d13faaa7af8fc6fbdf.usd
cabinet,8664cc78d89b6aa92d22b60807db586d,suspicious,ok,0.472351,0.574722,465,ok;ok;ok;ok,9057917240540823466312774362901512192.000000,/cpfs/user/zhuzihou/assets/dedup_workspaces/test0_transitive_apply_parallel/dataset/GRScenes_assets/cabinet/8664cc78d89b6aa92d22b60807db586d/usd/8664cc78d89b6aa92d22b60807db586d.usd
cabinet,867255229649003632933710e70f7111,suspicious,ok,0.363892,0.455482,494,ok;ok;ok;ok,8521288100487634924013330807872552960.000000,/cpfs/user/zhuzihou/assets/dedup_workspaces/test0_transitive_apply_parallel/dataset/GRScenes_assets/cabinet/867255229649003632933710e70f7111/usd/867255229649003632933710e70f7111.usd
cabinet,86881ab9cdad05c8d18e916861cb884d,suspicious,ok,0.286507,0.316589,494,ok;ok;ok;ok,2643157149159463263189793986836430848.000000,/cpfs/user/zhuzihou/assets/dedup_workspaces/test0_transitive_apply_parallel/dataset/GRScenes_assets/cabinet/86881ab9cdad05c8d18e916861cb884d/usd/86881ab9cdad05c8d18e916861cb884d.usd
cabinet,882ea418286271c3a9bb71e587fa99ee,suspicious,ok,0.405865,0.507568,511,ok;ok;ok;ok,6878330237318081900332640307085574144.000000,/cpfs/user/zhuzihou/assets/dedup_workspaces/test0_transitive_apply_parallel/dataset/GRScenes_assets/cabinet/882ea418286271c3a9bb71e587fa99ee/usd/882ea418286271c3a9bb71e587fa99ee.usd
cabinet,887514304d474af8f36436f4eec83ed0,suspicious,ok,0.415718,0.512054,508,ok;ok;ok;ok,9103244136778588530388636895677513728.000000,/cpfs/user/zhuzihou/assets/dedup_workspaces/test0_transitive_apply_parallel/dataset/GRScenes_assets/cabinet/887514304d474af8f36436f4eec83ed0/usd/887514304d474af8f36436f4eec83ed0.usd
cabinet,88bb09c6bf53f7b7cccba1eb5a9ce740,suspicious,ok,0.445332,0.557770,440,ok;ok;ok;ok,9420996724075405225891489359515877376.000000,/cpfs/user/zhuzihou/assets/dedup_workspaces/test0_transitive_apply_parallel/dataset/GRScenes_assets/cabinet/88bb09c6bf53f7b7cccba1eb5a9ce740/usd/88bb09c6bf53f7b7cccba1eb5a9ce740.usd
cabinet,8930f9ed0c0eed79aac523b4fc8ee706,suspicious,ok,0.484180,0.603954,407,ok;ok;ok;ok,11245442614836270507047671216344137728.000000,/cpfs/user/zhuzihou/assets/dedup_workspaces/test0_transitive_apply_parallel/dataset/GRScenes_assets/cabinet/8930f9ed0c0eed79aac523b4fc8ee706/usd/8930f9ed0c0eed79aac523b4fc8ee706.usd
cabinet,8a98511c3ae088e615b8a0e736c1e446,suspicious,ok,0.243511,0.262642,510,ok;ok;ok;ok,4698310168948054072551161668388782080.000000,/cpfs/user/zhuzihou/assets/dedup_workspaces/test0_transitive_apply_parallel/dataset/GRScenes_assets/cabinet/8a98511c3ae088e615b8a0e736c1e446/usd/8a98511c3ae088e615b8a0e736c1e446.usd
cabinet,8ba1e86a4173bffdb423583fd9523791,suspicious,ok,0.304970,0.406525,512,ok;ok;ok;ok,4143441439157223759222414099540344832.000000,/cpfs/user/zhuzihou/assets/dedup_workspaces/test0_transitive_apply_parallel/dataset/GRScenes_assets/cabinet/8ba1e86a4173bffdb423583fd9523791/usd/8ba1e86a4173bffdb423583fd9523791.usd
cabinet,8cd6c599d457afb959710fe52f6a50fb,suspicious,ok,0.304913,0.399170,512,ok;ok;ok;ok,4827428314708981258484016685256802304.000000,/cpfs/user/zhuzihou/assets/dedup_workspaces/test0_transitive_apply_parallel/dataset/GRScenes_assets/cabinet/8cd6c599d457afb959710fe52f6a50fb/usd/8cd6c599d457afb959710fe52f6a50fb.usd
cabinet,8d9bf097e3916e58f3ded896d38cad70,suspicious,ok,0.180550,0.372208,512,ok;ok;ok;ok,4600372900148936133001923725986103296.000000,/cpfs/user/zhuzihou/assets/dedup_workspaces/test0_transitive_apply_parallel/dataset/GRScenes_assets/cabinet/8d9bf097e3916e58f3ded896d38cad70/usd/8d9bf097e3916e58f3ded896d38cad70.usd
cabinet,8dd7c68bf6d5d7d4d72d5f604c987997,suspicious,ok,0.407211,0.502541,449,ok;ok;ok;ok,7089930520926692199326567395881910272.000000,/cpfs/user/zhuzihou/assets/dedup_workspaces/test0_transitive_apply_parallel/dataset/GRScenes_assets/cabinet/8dd7c68bf6d5d7d4d72d5f604c987997/usd/8dd7c68bf6d5d7d4d72d5f604c987997.usd
cabinet,8f9b8decb902019cfee17b8813d2ac0a,suspicious,ok,0.260483,0.347900,512,ok;ok;ok;ok,18055929328596122542024728820439842816.000000,/cpfs/user/zhuzihou/assets/dedup_workspaces/test0_transitive_apply_parallel/dataset/GRScenes_assets/cabinet/8f9b8decb902019cfee17b8813d2ac0a/usd/8f9b8decb902019cfee17b8813d2ac0a.usd
cabinet,8fa68650bc1788d9bba464d3c7e60bce,suspicious,ok,0.410484,0.514404,494,ok;ok;ok;ok,8757749105449999022303399470799257600.000000,/cpfs/user/zhuzihou/assets/dedup_workspaces/test0_transitive_apply_parallel/dataset/GRScenes_assets/cabinet/8fa68650bc1788d9bba464d3c7e60bce/usd/8fa68650bc1788d9bba464d3c7e60bce.usd
cabinet,900ee8fbd2567d272076f45067dbec83,suspicious,ok,0.427227,0.587791,421,ok;ok;ok;ok,8363985720554871870055236936688205824.000000,/cpfs/user/zhuzihou/assets/dedup_workspaces/test0_transitive_apply_parallel/dataset/GRScenes_assets/cabinet/900ee8fbd2567d272076f45067dbec83/usd/900ee8fbd2567d272076f45067dbec83.usd
cabinet,9011eef1954f72bed942e6bc9ec9f13f,suspicious,ok,0.217579,0.292557,498,ok;ok;ok;ok,4187337200339412806997089641429991424.000000,/cpfs/user/zhuzihou/assets/dedup_workspaces/test0_transitive_apply_parallel/dataset/GRScenes_assets/cabinet/9011eef1954f72bed942e6bc9ec9f13f/usd/9011eef1954f72bed942e6bc9ec9f13f.usd
cabinet,90a9f663e8862a93aa6f846ac9040917,suspicious,ok,0.342934,0.386925,490,ok;ok;ok;ok,4137473566602546889037069188866244608.000000,/cpfs/user/zhuzihou/assets/dedup_workspaces/test0_transitive_apply_parallel/dataset/GRScenes_assets/cabinet/90a9f663e8862a93aa6f846ac9040917/usd/90a9f663e8862a93aa6f846ac9040917.usd
cabinet,90bd496368cdde6e487d5a690f6e5e53,suspicious,ok,0.394756,0.486946,457,ok;ok;ok;ok,8560336480634702548867517206084190208.000000,/cpfs/user/zhuzihou/assets/dedup_workspaces/test0_transitive_apply_parallel/dataset/GRScenes_assets/cabinet/90bd496368cdde6e487d5a690f6e5e53/usd/90bd496368cdde6e487d5a690f6e5e53.usd
cabinet,91159c28a1f44f95e535f4b8eba7b9cc,suspicious,ok,0.461803,0.606895,422,ok;ok;ok;ok,7529053495893918448877806954800480256.000000,/cpfs/user/zhuzihou/assets/dedup_workspaces/test0_transitive_apply_parallel/dataset/GRScenes_assets/cabinet/91159c28a1f44f95e535f4b8eba7b9cc/usd/91159c28a1f44f95e535f4b8eba7b9cc.usd
cabinet,9194933067d539c87cb9d38c749e5b72,suspicious,ok,0.284519,0.387440,512,ok;ok;ok;ok,5228190575714580042046433022519017472.000000,/cpfs/user/zhuzihou/assets/dedup_workspaces/test0_transitive_apply_parallel/dataset/GRScenes_assets/cabinet/9194933067d539c87cb9d38c749e5b72/usd/9194933067d539c87cb9d38c749e5b72.usd
cabinet,93fecccd09996fba0e5de1088dc1fbb6,suspicious,ok,0.319294,0.352135,510,ok;ok;ok;ok,4324773819857228117026836969062137856.000000,/cpfs/user/zhuzihou/assets/dedup_workspaces/test0_transitive_apply_parallel/dataset/GRScenes_assets/cabinet/93fecccd09996fba0e5de1088dc1fbb6/usd/93fecccd09996fba0e5de1088dc1fbb6.usd
cabinet,942c942dc312d15b8a1caafbb116c627,suspicious,ok,0.117321,0.149780,424,ok;ok;ok;ok,1700493613956982416396162053892472832.000000,/cpfs/user/zhuzihou/assets/dedup_workspaces/test0_transitive_apply_parallel/dataset/GRScenes_assets/cabinet/942c942dc312d15b8a1caafbb116c627/usd/942c942dc312d15b8a1caafbb116c627.usd
cabinet,9576f0512649fa5bd60f104fe698eb61,suspicious,ok,0.193123,0.223534,508,ok;ok;ok;ok,4763490480467294332611645850435715072.000000,/cpfs/user/zhuzihou/assets/dedup_workspaces/test0_transitive_apply_parallel/dataset/GRScenes_assets/cabinet/9576f0512649fa5bd60f104fe698eb61/usd/9576f0512649fa5bd60f104fe698eb61.usd
cabinet,959ca935e4b5488b86cdf2d9651195fa,suspicious,ok,0.354584,0.394531,512,ok;ok;ok;ok,4235563076769376685689039936269844480.000000,/cpfs/user/zhuzihou/assets/dedup_workspaces/test0_transitive_apply_parallel/dataset/GRScenes_assets/cabinet/959ca935e4b5488b86cdf2d9651195fa/usd/959ca935e4b5488b86cdf2d9651195fa.usd
cabinet,972ae276ed48f8306f8a4ef2bcadaee8,suspicious,ok,0.381805,0.485458,512,ok;ok;ok;ok,9506465662142449765623827678156029952.000000,/cpfs/user/zhuzihou/assets/dedup_workspaces/test0_transitive_apply_parallel/dataset/GRScenes_assets/cabinet/972ae276ed48f8306f8a4ef2bcadaee8/usd/972ae276ed48f8306f8a4ef2bcadaee8.usd
cabinet,97e4e6fdba132273eb1553b855eac208,tiny,ok,0.225552,0.240295,508,ok;ok;ok;ok,8080209649055044309276639121396203520.000000,/cpfs/user/zhuzihou/assets/dedup_workspaces/test0_transitive_apply_parallel/dataset/GRScenes_assets/cabinet/97e4e6fdba132273eb1553b855eac208/usd/97e4e6fdba132273eb1553b855eac208.usd
cabinet,9848d2dcbb92abf6f0f1ea396f50ef27,suspicious,ok,0.466908,0.569458,480,ok;ok;ok;ok,8448240991338433086206427636841840640.000000,/cpfs/user/zhuzihou/assets/dedup_workspaces/test0_transitive_apply_parallel/dataset/GRScenes_assets/cabinet/9848d2dcbb92abf6f0f1ea396f50ef27/usd/9848d2dcbb92abf6f0f1ea396f50ef27.usd
cabinet,98ed5ebf9a72b42a09a1dd23017ffd61,blank,ok,0.463497,0.569504,502,ok;ok;ok;ok,10601258044940507473106411827421511680.000000,/cpfs/user/zhuzihou/assets/dedup_workspaces/test0_transitive_apply_parallel/dataset/GRScenes_assets/cabinet/98ed5ebf9a72b42a09a1dd23017ffd61/usd/98ed5ebf9a72b42a09a1dd23017ffd61.usd
cabinet,99c96ba270909e1bb217beeac2253c4e,suspicious,ok,0.239273,0.307121,443,ok;ok;ok;ok,4168107002239828430259823620992794624.000000,/cpfs/user/zhuzihou/assets/dedup_workspaces/test0_transitive_apply_parallel/dataset/GRScenes_assets/cabinet/99c96ba270909e1bb217beeac2253c4e/usd/99c96ba270909e1bb217beeac2253c4e.usd
cabinet,9a2349223513f02d2bc0f52f0d12c1c9,suspicious,ok,0.390667,0.490250,448,ok;ok;ok;ok,7362411073101684635827831004184182784.000000,/cpfs/user/zhuzihou/assets/dedup_workspaces/test0_transitive_apply_parallel/dataset/GRScenes_assets/cabinet/9a2349223513f02d2bc0f52f0d12c1c9/usd/9a2349223513f02d2bc0f52f0d12c1c9.usd
cabinet,9a353a5b701d12e61c6a1a8a720790ae,suspicious,ok,0.399315,0.491707,457,ok;ok;ok;ok,7809654021594343406694273556984889344.000000,/cpfs/user/zhuzihou/assets/dedup_workspaces/test0_transitive_apply_parallel/dataset/GRScenes_assets/cabinet/9a353a5b701d12e61c6a1a8a720790ae/usd/9a353a5b701d12e61c6a1a8a720790ae.usd
cabinet,9ca88573bad3496ee48a3045245d193b,suspicious,ok,0.431847,0.507671,477,ok;ok;ok;ok,7055625031835549322575850250822483968.000000,/cpfs/user/zhuzihou/assets/dedup_workspaces/test0_transitive_apply_parallel/dataset/GRScenes_assets/cabinet/9ca88573bad3496ee48a3045245d193b/usd/9ca88573bad3496ee48a3045245d193b.usd
cabinet,9cbd2f08a6d994a11621b492564278c6,suspicious,ok,0.414520,0.516357,447,ok;ok;ok;ok,7101757683314031246475442432134610944.000000,/cpfs/user/zhuzihou/assets/dedup_workspaces/test0_transitive_apply_parallel/dataset/GRScenes_assets/cabinet/9cbd2f08a6d994a11621b492564278c6/usd/9cbd2f08a6d994a11621b492564278c6.usd
cabinet,9d13522457431bd69b4e9ce148db2a2f,suspicious,ok,0.303783,0.382187,457,ok;ok;ok;ok,2172749484326160537678984180741963776.000000,/cpfs/user/zhuzihou/assets/dedup_workspaces/test0_transitive_apply_parallel/dataset/GRScenes_assets/cabinet/9d13522457431bd69b4e9ce148db2a2f/usd/9d13522457431bd69b4e9ce148db2a2f.usd
cabinet,9d431d78f32a69204b68971612447878,suspicious,ok,0.487698,0.584686,476,ok;ok;ok;ok,10504959380882398270562964189187407872.000000,/cpfs/user/zhuzihou/assets/dedup_workspaces/test0_transitive_apply_parallel/dataset/GRScenes_assets/cabinet/9d431d78f32a69204b68971612447878/usd/9d431d78f32a69204b68971612447878.usd
cabinet,9d4f1b6f3201ec34a50beeedc1e2fd4b,tiny,ok,0.074688,0.076904,480,ok;ok;ok;ok,13020250766048293768954577763751165952.000000,/cpfs/user/zhuzihou/assets/dedup_workspaces/test0_transitive_apply_parallel/dataset/GRScenes_assets/cabinet/9d4f1b6f3201ec34a50beeedc1e2fd4b/usd/9d4f1b6f3201ec34a50beeedc1e2fd4b.usd
cabinet,9d69a2d8beecea044158c94e886ce2cf,suspicious,ok,0.179375,0.237579,508,ok;ok;ok;ok,3719222761977073237221559181999341568.000000,/cpfs/user/zhuzihou/assets/dedup_workspaces/test0_transitive_apply_parallel/dataset/GRScenes_assets/cabinet/9d69a2d8beecea044158c94e886ce2cf/usd/9d69a2d8beecea044158c94e886ce2cf.usd
cabinet,9d7a33fc87f1d1f35b9b6c27aa9f0f3c,tiny,ok,0.171173,0.233078,502,ok;ok;ok;ok,5439735645707862153388527420618833920.000000,/cpfs/user/zhuzihou/assets/dedup_workspaces/test0_transitive_apply_parallel/dataset/GRScenes_assets/cabinet/9d7a33fc87f1d1f35b9b6c27aa9f0f3c/usd/9d7a33fc87f1d1f35b9b6c27aa9f0f3c.usd
cabinet,9e5b7ce12a0e87590980a9c4b458114a,suspicious,ok,0.225746,0.260201,512,ok;ok;ok;ok,4709603940274290913870130897290788864.000000,/cpfs/user/zhuzihou/assets/dedup_workspaces/test0_transitive_apply_parallel/dataset/GRScenes_assets/cabinet/9e5b7ce12a0e87590980a9c4b458114a/usd/9e5b7ce12a0e87590980a9c4b458114a.usd
cabinet,9f1b5dc7fd2b4e06bdd4b88755159feb,suspicious,ok,0.388580,0.548973,443,ok;ok;ok;ok,2764445431992908759083167082593910784.000000,/cpfs/user/zhuzihou/assets/dedup_workspaces/test0_transitive_apply_parallel/dataset/GRScenes_assets/cabinet/9f1b5dc7fd2b4e06bdd4b88755159feb/usd/9f1b5dc7fd2b4e06bdd4b88755159feb.usd
cabinet,9f57b314a4bab67ba630b2883a49307a,suspicious,ok,0.055958,0.078369,476,ok;ok;ok;ok,5340546222185502879722313592491474944.000000,/cpfs/user/zhuzihou/assets/dedup_workspaces/test0_transitive_apply_parallel/dataset/GRScenes_assets/cabinet/9f57b314a4bab67ba630b2883a49307a/usd/9f57b314a4bab67ba630b2883a49307a.usd
cabinet,9fa177a9c7451aa66bb5cb4a67c78b24,suspicious,ok,0.401058,0.514618,462,ok;ok;ok;ok,8682252887567777392270187684750688256.000000,/cpfs/user/zhuzihou/assets/dedup_workspaces/test0_transitive_apply_parallel/dataset/GRScenes_assets/cabinet/9fa177a9c7451aa66bb5cb4a67c78b24/usd/9fa177a9c7451aa66bb5cb4a67c78b24.usd
cabinet,9faa4ba52c95140899782f9b9266a228,suspicious,ok,0.327271,0.380951,456,ok;ok;ok;ok,4042383280470597870536208490084433920.000000,/cpfs/user/zhuzihou/assets/dedup_workspaces/test0_transitive_apply_parallel/dataset/GRScenes_assets/cabinet/9faa4ba52c95140899782f9b9266a228/usd/9faa4ba52c95140899782f9b9266a228.usd
cabinet,9fb3b80407e5ca74c4873eaeb8efb3a8,suspicious,ok,0.041679,0.047256,468,ok;ok;ok;ok,5605068692245271223270124517647712256.000000,/cpfs/user/zhuzihou/assets/dedup_workspaces/test0_transitive_apply_parallel/dataset/GRScenes_assets/cabinet/9fb3b80407e5ca74c4873eaeb8efb3a8/usd/9fb3b80407e5ca74c4873eaeb8efb3a8.usd
cabinet,a0557ed6069e023d09f7d07fd0ee2d8c,blank,ok,0.425735,0.527893,448,ok;ok;ok;ok,13684653763065714500500761934609514496.000000,/cpfs/user/zhuzihou/assets/dedup_workspaces/test0_transitive_apply_parallel/dataset/GRScenes_assets/cabinet/a0557ed6069e023d09f7d07fd0ee2d8c/usd/a0557ed6069e023d09f7d07fd0ee2d8c.usd
cabinet,a12e07fb44e79f848da4829aad56d73e,suspicious,ok,0.405273,0.587799,429,ok;ok;ok;ok,10883029605371399893448844780983287808.000000,/cpfs/user/zhuzihou/assets/dedup_workspaces/test0_transitive_apply_parallel/dataset/GRScenes_assets/cabinet/a12e07fb44e79f848da4829aad56d73e/usd/a12e07fb44e79f848da4829aad56d73e.usd
cabinet,a371797efe4514540f6c27f10922f60b,suspicious,ok,0.088177,0.114452,418,ok;ok;ok;ok,13954623291473693484803170446115602432.000000,/cpfs/user/zhuzihou/assets/dedup_workspaces/test0_transitive_apply_parallel/dataset/GRScenes_assets/cabinet/a371797efe4514540f6c27f10922f60b/usd/a371797efe4514540f6c27f10922f60b.usd
cabinet,a45579641a4383449d065e3ec4b3250d,suspicious,ok,0.423622,0.512634,454,ok;ok;ok;ok,3605356921051944644739028362192748544.000000,/cpfs/user/zhuzihou/assets/dedup_workspaces/test0_transitive_apply_parallel/dataset/GRScenes_assets/cabinet/a45579641a4383449d065e3ec4b3250d/usd/a45579641a4383449d065e3ec4b3250d.usd
cabinet,a47e962b60da7bece253cf45e250af60,tiny,ok,0.370708,0.481613,512,ok;ok;ok;ok,4159467052483651050010326877526294528.000000,/cpfs/user/zhuzihou/assets/dedup_workspaces/test0_transitive_apply_parallel/dataset/GRScenes_assets/cabinet/a47e962b60da7bece253cf45e250af60/usd/a47e962b60da7bece253cf45e250af60.usd
cabinet,a5b00b1c4cbab349101a247e117ed0cd,suspicious,ok,0.416283,0.504501,456,ok;ok;ok;ok,9711098886556361142847856965935169536.000000,/cpfs/user/zhuzihou/assets/dedup_workspaces/test0_transitive_apply_parallel/dataset/GRScenes_assets/cabinet/a5b00b1c4cbab349101a247e117ed0cd/usd/a5b00b1c4cbab349101a247e117ed0cd.usd
cabinet,a6b242a035b2075cd37333c58a58d892,suspicious,ok,0.496933,0.591522,497,ok;ok;ok;ok,10571272117242346083382950037037252608.000000,/cpfs/user/zhuzihou/assets/dedup_workspaces/test0_transitive_apply_parallel/dataset/GRScenes_assets/cabinet/a6b242a035b2075cd37333c58a58d892/usd/a6b242a035b2075cd37333c58a58d892.usd
cabinet,a734aea30ea56a868d3c1ff2aa97c005,suspicious,ok,0.402664,0.496902,455,ok;ok;ok;ok,3002035890545513520785163056429662208.000000,/cpfs/user/zhuzihou/assets/dedup_workspaces/test0_transitive_apply_parallel/dataset/GRScenes_assets/cabinet/a734aea30ea56a868d3c1ff2aa97c005/usd/a734aea30ea56a868d3c1ff2aa97c005.usd
cabinet,a754fb0df6038962e430a3053f507df3,suspicious,ok,0.403858,0.492691,458,ok;ok;ok;ok,2764397847092268643671419484758867968.000000,/cpfs/user/zhuzihou/assets/dedup_workspaces/test0_transitive_apply_parallel/dataset/GRScenes_assets/cabinet/a754fb0df6038962e430a3053f507df3/usd/a754fb0df6038962e430a3053f507df3.usd
cabinet,a793215c9f45e36867e3965173dcbb61,suspicious,ok,0.243916,0.312805,500,ok;ok;ok;ok,5002800923041846008593502537468870656.000000,/cpfs/user/zhuzihou/assets/dedup_workspaces/test0_transitive_apply_parallel/dataset/GRScenes_assets/cabinet/a793215c9f45e36867e3965173dcbb61/usd/a793215c9f45e36867e3965173dcbb61.usd
cabinet,a7a048bbee88c0ad08269060448bac50,suspicious,ok,0.420353,0.491295,486,ok;ok;ok;ok,3782085680775385858743192479112101888.000000,/cpfs/user/zhuzihou/assets/dedup_workspaces/test0_transitive_apply_parallel/dataset/GRScenes_assets/cabinet/a7a048bbee88c0ad08269060448bac50/usd/a7a048bbee88c0ad08269060448bac50.usd
cabinet,a8f9344714cbaceb84a45050c95be753,suspicious,suspicious,0.056278,0.090546,216,blank;ok;ok;ok,4902565519397313273709761165613072384.000000,/cpfs/user/zhuzihou/assets/dedup_workspaces/test0_transitive_apply_parallel/dataset/GRScenes_assets/cabinet/a8f9344714cbaceb84a45050c95be753/usd/a8f9344714cbaceb84a45050c95be753.usd
cabinet,a9d451823167d25e235a54db4524c9f7,suspicious,ok,0.213646,0.424782,461,ok;ok;ok;ok,2147792037544655871106452676621107200.000000,/cpfs/user/zhuzihou/assets/dedup_workspaces/test0_transitive_apply_parallel/dataset/GRScenes_assets/cabinet/a9d451823167d25e235a54db4524c9f7/usd/a9d451823167d25e235a54db4524c9f7.usd
cabinet,aa4a2271947063d2ff6e91dffeefcf81,blank,ok,0.138306,0.144608,486,ok;ok;ok;ok,5526414152089597534027964267676827648.000000,/cpfs/user/zhuzihou/assets/dedup_workspaces/test0_transitive_apply_parallel/dataset/GRScenes_assets/cabinet/aa4a2271947063d2ff6e91dffeefcf81/usd/aa4a2271947063d2ff6e91dffeefcf81.usd
cabinet,aa67db584489840130a24309e6f5d733,suspicious,ok,0.339378,0.448502,512,ok;ok;ok;ok,3668391534719332811130320427962859520.000000,/cpfs/user/zhuzihou/assets/dedup_workspaces/test0_transitive_apply_parallel/dataset/GRScenes_assets/cabinet/aa67db584489840130a24309e6f5d733/usd/aa67db584489840130a24309e6f5d733.usd
cabinet,aaa40eb91a388ee493e483797a6364bf,suspicious,ok,0.330578,0.429039,512,ok;ok;ok;ok,5266439832151659580015030431133990912.000000,/cpfs/user/zhuzihou/assets/dedup_workspaces/test0_transitive_apply_parallel/dataset/GRScenes_assets/cabinet/aaa40eb91a388ee493e483797a6364bf/usd/aaa40eb91a388ee493e483797a6364bf.usd
cabinet,aac0c5c9d050c4951534e08b459c7d09,suspicious,ok,0.387428,0.451355,464,ok;ok;ok;ok,3766957292179778082874021242086621184.000000,/cpfs/user/zhuzihou/assets/dedup_workspaces/test0_transitive_apply_parallel/dataset/GRScenes_assets/cabinet/aac0c5c9d050c4951534e08b459c7d09/usd/aac0c5c9d050c4951534e08b459c7d09.usd
cabinet,abc8a42845e34b47597d2a30fb49a0a3,suspicious,ok,0.441368,0.546844,447,ok;ok;ok;ok,6098121338009408831253449282607382528.000000,/cpfs/user/zhuzihou/assets/dedup_workspaces/test0_transitive_apply_parallel/dataset/GRScenes_assets/cabinet/abc8a42845e34b47597d2a30fb49a0a3/usd/abc8a42845e34b47597d2a30fb49a0a3.usd
cabinet,abd3bc4faf43927164dc0723fd61da06,tiny,ok,0.330311,0.403557,512,ok;ok;ok;ok,7260619757390808947894863682034728960.000000,/cpfs/user/zhuzihou/assets/dedup_workspaces/test0_transitive_apply_parallel/dataset/GRScenes_assets/cabinet/abd3bc4faf43927164dc0723fd61da06/usd/abd3bc4faf43927164dc0723fd61da06.usd
cabinet,ac444f37540d9fb5e301c8914c1d8888,suspicious,ok,0.470177,0.551414,494,ok;ok;ok;ok,9390294312132424020660183799357767680.000000,/cpfs/user/zhuzihou/assets/dedup_workspaces/test0_transitive_apply_parallel/dataset/GRScenes_assets/cabinet/ac444f37540d9fb5e301c8914c1d8888/usd/ac444f37540d9fb5e301c8914c1d8888.usd
cabinet,add913715e2cf1e79e85c68a9d2a1927,suspicious,ok,0.335094,0.389328,486,ok;ok;ok;ok,14888835247128072042188153570092646400.000000,/cpfs/user/zhuzihou/assets/dedup_workspaces/test0_transitive_apply_parallel/dataset/GRScenes_assets/cabinet/add913715e2cf1e79e85c68a9d2a1927/usd/add913715e2cf1e79e85c68a9d2a1927.usd
cabinet,aec5ad6ea954e798907812392fffc180,suspicious,ok,0.288456,0.320435,500,ok;ok;ok;ok,5506186156055595548801903619108503552.000000,/cpfs/user/zhuzihou/assets/dedup_workspaces/test0_transitive_apply_parallel/dataset/GRScenes_assets/cabinet/aec5ad6ea954e798907812392fffc180/usd/aec5ad6ea954e798907812392fffc180.usd
cabinet,affb5e1b5b14570602e61c459d6bc7c5,tiny,ok,0.438698,0.545055,441,ok;ok;ok;ok,9103380473989017405714498698040311808.000000,/cpfs/user/zhuzihou/assets/dedup_workspaces/test0_transitive_apply_parallel/dataset/GRScenes_assets/cabinet/affb5e1b5b14570602e61c459d6bc7c5/usd/affb5e1b5b14570602e61c459d6bc7c5.usd
cabinet,b051236a40b01709b12b75697cdafa58,suspicious,suspicious,0.098473,0.110470,242,blank;ok;ok;blank,3201284537840645243015494911687393280.000000,/cpfs/user/zhuzihou/assets/dedup_workspaces/test0_transitive_apply_parallel/dataset/GRScenes_assets/cabinet/b051236a40b01709b12b75697cdafa58/usd/b051236a40b01709b12b75697cdafa58.usd
cabinet,b167828cbdec5ad36d70d57a297ecf44,suspicious,ok,0.456223,0.598145,400,ok;ok;ok;ok,10101200702839574711691490551094312960.000000,/cpfs/user/zhuzihou/assets/dedup_workspaces/test0_transitive_apply_parallel/dataset/GRScenes_assets/cabinet/b167828cbdec5ad36d70d57a297ecf44/usd/b167828cbdec5ad36d70d57a297ecf44.usd
cabinet,b177c40f21ee250c430f97cecc2bb396,suspicious,ok,0.433788,0.521667,462,ok;ok;ok;ok,3237265158077344980356312553580658688.000000,/cpfs/user/zhuzihou/assets/dedup_workspaces/test0_transitive_apply_parallel/dataset/GRScenes_assets/cabinet/b177c40f21ee250c430f97cecc2bb396/usd/b177c40f21ee250c430f97cecc2bb396.usd
cabinet,b21321e1a2848a1a23a0152c137319cd,blank,ok,0.186020,0.253113,504,ok;ok;ok;ok,31472089552143015938317947165504176128.000000,/cpfs/user/zhuzihou/assets/dedup_workspaces/test0_transitive_apply_parallel/dataset/GRScenes_assets/cabinet/b21321e1a2848a1a23a0152c137319cd/usd/b21321e1a2848a1a23a0152c137319cd.usd
cabinet,b2c045d54227b760dc900ec0c8146148,suspicious,ok,0.044819,0.055893,411,ok;ok;ok;ok,6657057119006612994759256020596293632.000000,/cpfs/user/zhuzihou/assets/dedup_workspaces/test0_transitive_apply_parallel/dataset/GRScenes_assets/cabinet/b2c045d54227b760dc900ec0c8146148/usd/b2c045d54227b760dc900ec0c8146148.usd
cabinet,b2df04178ae53c4307c24b1bf274c8cf,suspicious,ok,0.306370,0.386086,512,ok;ok;ok;ok,4137962530718385651398162989637959680.000000,/cpfs/user/zhuzihou/assets/dedup_workspaces/test0_transitive_apply_parallel/dataset/GRScenes_assets/cabinet/b2df04178ae53c4307c24b1bf274c8cf/usd/b2df04178ae53c4307c24b1bf274c8cf.usd
cabinet,b42c7faab4a78e021d7e3cc6c5a81734,suspicious,ok,0.431625,0.508408,466,ok;ok;ok;ok,3446232121172965427846067736987828224.000000,/cpfs/user/zhuzihou/assets/dedup_workspaces/test0_transitive_apply_parallel/dataset/GRScenes_assets/cabinet/b42c7faab4a78e021d7e3cc6c5a81734/usd/b42c7faab4a78e021d7e3cc6c5a81734.usd
cabinet,b6d88a2e8f94f6d1a1916fc1b083f269,suspicious,ok,0.409176,0.469116,504,ok;ok;ok;ok,4142061940168714882554742063002288128.000000,/cpfs/user/zhuzihou/assets/dedup_workspaces/test0_transitive_apply_parallel/dataset/GRScenes_assets/cabinet/b6d88a2e8f94f6d1a1916fc1b083f269/usd/b6d88a2e8f94f6d1a1916fc1b083f269.usd
cabinet,b7753a03a8a0b555c4fe691b4e97e681,suspicious,ok,0.044765,0.055893,411,ok;ok;ok;ok,6657056165140631017281870648727044096.000000,/cpfs/user/zhuzihou/assets/dedup_workspaces/test0_transitive_apply_parallel/dataset/GRScenes_assets/cabinet/b7753a03a8a0b555c4fe691b4e97e681/usd/b7753a03a8a0b555c4fe691b4e97e681.usd
cabinet,b79aea153ed0e7608e98f1174321cb5b,suspicious,ok,0.377579,0.430870,502,ok;ok;ok;ok,3915411048722406004259047980318851072.000000,/cpfs/user/zhuzihou/assets/dedup_workspaces/test0_transitive_apply_parallel/dataset/GRScenes_assets/cabinet/b79aea153ed0e7608e98f1174321cb5b/usd/b79aea153ed0e7608e98f1174321cb5b.usd
cabinet,b98ecd271c33b455b28189e72a981600,suspicious,ok,0.321484,0.408203,512,ok;ok;ok;ok,4081055725778563658607948210171281408.000000,/cpfs/user/zhuzihou/assets/dedup_workspaces/test0_transitive_apply_parallel/dataset/GRScenes_assets/cabinet/b98ecd271c33b455b28189e72a981600/usd/b98ecd271c33b455b28189e72a981600.usd
cabinet,b99d258732159888586c2f51a5497167,suspicious,ok,0.402378,0.494843,457,ok;ok;ok;ok,2569326597985477919024835086937751552.000000,/cpfs/user/zhuzihou/assets/dedup_workspaces/test0_transitive_apply_parallel/dataset/GRScenes_assets/cabinet/b99d258732159888586c2f51a5497167/usd/b99d258732159888586c2f51a5497167.usd
cabinet,b9de2d5b50dbb2dd091f0fbfc3ed9500,suspicious,ok,0.114769,0.120346,478,ok;ok;ok;ok,4844460084735355232703651622663749632.000000,/cpfs/user/zhuzihou/assets/dedup_workspaces/test0_transitive_apply_parallel/dataset/GRScenes_assets/cabinet/b9de2d5b50dbb2dd091f0fbfc3ed9500/usd/b9de2d5b50dbb2dd091f0fbfc3ed9500.usd
cabinet,ba215c775d9633bb01b431571603a57f,suspicious,ok,0.199589,0.255249,439,ok;ok;ok;ok,4704394708658598176673871739876278272.000000,/cpfs/user/zhuzihou/assets/dedup_workspaces/test0_transitive_apply_parallel/dataset/GRScenes_assets/cabinet/ba215c775d9633bb01b431571603a57f/usd/ba215c775d9633bb01b431571603a57f.usd
cabinet,ba56c3e6a715bc302fdebd862ecfb21e,suspicious,ok,0.391586,0.484886,451,ok;ok;ok;ok,3973111414866812046265240671261556736.000000,/cpfs/user/zhuzihou/assets/dedup_workspaces/test0_transitive_apply_parallel/dataset/GRScenes_assets/cabinet/ba56c3e6a715bc302fdebd862ecfb21e/usd/ba56c3e6a715bc302fdebd862ecfb21e.usd
cabinet,baf56f14fe94ce6e51fc2fcd73877608,tiny,ok,0.183613,0.197147,483,ok;ok;ok;ok,10033128389211957122026077386839162880.000000,/cpfs/user/zhuzihou/assets/dedup_workspaces/test0_transitive_apply_parallel/dataset/GRScenes_assets/cabinet/baf56f14fe94ce6e51fc2fcd73877608/usd/baf56f14fe94ce6e51fc2fcd73877608.usd
cabinet,bb8788bb75e34058841836fc14a60c22,suspicious,ok,0.279114,0.303646,507,ok;ok;ok;ok,4610979011356971423657034795735580672.000000,/cpfs/user/zhuzihou/assets/dedup_workspaces/test0_transitive_apply_parallel/dataset/GRScenes_assets/cabinet/bb8788bb75e34058841836fc14a60c22/usd/bb8788bb75e34058841836fc14a60c22.usd
cabinet,bb9e1bce727fb787d4d2547978a22f3d,suspicious,ok,0.374950,0.479126,512,ok;ok;ok;ok,3904072599606565261708412842271571968.000000,/cpfs/user/zhuzihou/assets/dedup_workspaces/test0_transitive_apply_parallel/dataset/GRScenes_assets/cabinet/bb9e1bce727fb787d4d2547978a22f3d/usd/bb9e1bce727fb787d4d2547978a22f3d.usd
cabinet,bc535844bf4e712f401dd5d458b08b6d,suspicious,ok,0.476601,0.591919,419,ok;ok;ok;ok,8059809747593865021593675191161978880.000000,/cpfs/user/zhuzihou/assets/dedup_workspaces/test0_transitive_apply_parallel/dataset/GRScenes_assets/cabinet/bc535844bf4e712f401dd5d458b08b6d/usd/bc535844bf4e712f401dd5d458b08b6d.usd
cabinet,bd0a5a4855f3f5693eb405f1723a2fc7,suspicious,ok,0.377029,0.471077,478,ok;ok;ok;ok,2990536257445389093861924315397619712.000000,/cpfs/user/zhuzihou/assets/dedup_workspaces/test0_transitive_apply_parallel/dataset/GRScenes_assets/cabinet/bd0a5a4855f3f5693eb405f1723a2fc7/usd/bd0a5a4855f3f5693eb405f1723a2fc7.usd
cabinet,bd222255965857d4d7fe7a529d4eb93a,suspicious,ok,0.489628,0.579071,506,ok;ok;ok;ok,9677688146956212345340504833309802496.000000,/cpfs/user/zhuzihou/assets/dedup_workspaces/test0_transitive_apply_parallel/dataset/GRScenes_assets/cabinet/bd222255965857d4d7fe7a529d4eb93a/usd/bd222255965857d4d7fe7a529d4eb93a.usd
cabinet,be2234dbba941a17522a2cf48d88d268,suspicious,ok,0.413948,0.609810,498,ok;ok;ok;ok,9465076439176193995450218649852313600.000000,/cpfs/user/zhuzihou/assets/dedup_workspaces/test0_transitive_apply_parallel/dataset/GRScenes_assets/cabinet/be2234dbba941a17522a2cf48d88d268/usd/be2234dbba941a17522a2cf48d88d268.usd
cabinet,c2baafe7faae17a654ae50ac0794baa7,tiny,ok,0.031849,0.034607,468,ok;ok;ok;ok,4711614923081719544376767296370114560.000000,/cpfs/user/zhuzihou/assets/dedup_workspaces/test0_transitive_apply_parallel/dataset/GRScenes_assets/cabinet/c2baafe7faae17a654ae50ac0794baa7/usd/c2baafe7faae17a654ae50ac0794baa7.usd
cabinet,c32ceb8e0963306845e5ca8a739d9d0c,suspicious,ok,0.310402,0.400730,512,ok;ok;ok;ok,3810923715947148165502384734577098752.000000,/cpfs/user/zhuzihou/assets/dedup_workspaces/test0_transitive_apply_parallel/dataset/GRScenes_assets/cabinet/c32ceb8e0963306845e5ca8a739d9d0c/usd/c32ceb8e0963306845e5ca8a739d9d0c.usd
cabinet,c374d6871c66a3e3addaf9ca544316fd,suspicious,ok,0.388302,0.483215,494,ok;ok;ok;ok,3458759966390671776066005176011456512.000000,/cpfs/user/zhuzihou/assets/dedup_workspaces/test0_transitive_apply_parallel/dataset/GRScenes_assets/cabinet/c374d6871c66a3e3addaf9ca544316fd/usd/c374d6871c66a3e3addaf9ca544316fd.usd
cabinet,c3d775aaa4117e7169a87f1ba6ad6eec,suspicious,ok,0.038727,0.039192,467,ok;ok;ok;ok,5689798632966016466424728300610912256.000000,/cpfs/user/zhuzihou/assets/dedup_workspaces/test0_transitive_apply_parallel/dataset/GRScenes_assets/cabinet/c3d775aaa4117e7169a87f1ba6ad6eec/usd/c3d775aaa4117e7169a87f1ba6ad6eec.usd
cabinet,c43392a9e2dd7be34b1a6a7cdc7747fb,suspicious,ok,0.033581,0.033920,468,ok;ok;ok;ok,5607079996373181993520603067729313792.000000,/cpfs/user/zhuzihou/assets/dedup_workspaces/test0_transitive_apply_parallel/dataset/GRScenes_assets/cabinet/c43392a9e2dd7be34b1a6a7cdc7747fb/usd/c43392a9e2dd7be34b1a6a7cdc7747fb.usd
cabinet,c4c751bead45675090d7b4adda928f55,suspicious,ok,0.416157,0.565338,399,ok;ok;ok;ok,10571272414065527300816472576354156544.000000,/cpfs/user/zhuzihou/assets/dedup_workspaces/test0_transitive_apply_parallel/dataset/GRScenes_assets/cabinet/c4c751bead45675090d7b4adda928f55/usd/c4c751bead45675090d7b4adda928f55.usd
cabinet,c4ea5b9a659e221f4f93fcea6b548a5b,suspicious,ok,0.332603,0.431435,512,ok;ok;ok;ok,8312640620056251096176763892467236864.000000,/cpfs/user/zhuzihou/assets/dedup_workspaces/test0_transitive_apply_parallel/dataset/GRScenes_assets/cabinet/c4ea5b9a659e221f4f93fcea6b548a5b/usd/c4ea5b9a659e221f4f93fcea6b548a5b.usd
cabinet,c519f1a811a84b231232c3808588b911,suspicious,ok,0.315796,0.363167,512,ok;ok;ok;ok,13548215497614576502637401590347071488.000000,/cpfs/user/zhuzihou/assets/dedup_workspaces/test0_transitive_apply_parallel/dataset/GRScenes_assets/cabinet/c519f1a811a84b231232c3808588b911/usd/c519f1a811a84b231232c3808588b911.usd
cabinet,c565c84bc38df671c1800c35c818d8b3,suspicious,ok,0.353676,0.470306,488,ok;ok;ok;ok,3145642564235820131949464178598608896.000000,/cpfs/user/zhuzihou/assets/dedup_workspaces/test0_transitive_apply_parallel/dataset/GRScenes_assets/cabinet/c565c84bc38df671c1800c35c818d8b3/usd/c565c84bc38df671c1800c35c818d8b3.usd
cabinet,c59b74e1cda143c49625c0b06c36e64e,suspicious,ok,0.399334,0.484322,458,ok;ok;ok;ok,3184577706738212403191267705294422016.000000,/cpfs/user/zhuzihou/assets/dedup_workspaces/test0_transitive_apply_parallel/dataset/GRScenes_assets/cabinet/c59b74e1cda143c49625c0b06c36e64e/usd/c59b74e1cda143c49625c0b06c36e64e.usd
cabinet,c6113ae3b3652c485c02a0dca2a4a175,suspicious,ok,0.306431,0.445404,504,ok;ok;ok;ok,8788221133315390842748999550329946112.000000,/cpfs/user/zhuzihou/assets/dedup_workspaces/test0_transitive_apply_parallel/dataset/GRScenes_assets/cabinet/c6113ae3b3652c485c02a0dca2a4a175/usd/c6113ae3b3652c485c02a0dca2a4a175.usd
cabinet,c7c94deabb0a556a6953cfa454e62bca,suspicious,ok,0.052799,0.068146,412,ok;ok;ok;ok,4355591232736576388063539920197648384.000000,/cpfs/user/zhuzihou/assets/dedup_workspaces/test0_transitive_apply_parallel/dataset/GRScenes_assets/cabinet/c7c94deabb0a556a6953cfa454e62bca/usd/c7c94deabb0a556a6953cfa454e62bca.usd
cabinet,c803d393caa7ac5f1ff0fb53e3ff80a8,blank,ok,0.496071,0.590271,509,ok;ok;ok;ok,8497277782122481451537362171000258560.000000,/cpfs/user/zhuzihou/assets/dedup_workspaces/test0_transitive_apply_parallel/dataset/GRScenes_assets/cabinet/c803d393caa7ac5f1ff0fb53e3ff80a8/usd/c803d393caa7ac5f1ff0fb53e3ff80a8.usd
cabinet,c935d086c0db421b10a76997bae4453f,suspicious,ok,0.344112,0.380859,512,ok;ok;ok;ok,4436364339973784448450801357096484864.000000,/cpfs/user/zhuzihou/assets/dedup_workspaces/test0_transitive_apply_parallel/dataset/GRScenes_assets/cabinet/c935d086c0db421b10a76997bae4453f/usd/c935d086c0db421b10a76997bae4453f.usd
cabinet,c95de9eff5043760a8ed53a3a0e6f608,suspicious,ok,0.335007,0.439407,512,ok;ok;ok;ok,6221843218155875535255912553117646848.000000,/cpfs/user/zhuzihou/assets/dedup_workspaces/test0_transitive_apply_parallel/dataset/GRScenes_assets/cabinet/c95de9eff5043760a8ed53a3a0e6f608/usd/c95de9eff5043760a8ed53a3a0e6f608.usd
cabinet,cb561db826a2ed38da0ed8eccc202c47,suspicious,ok,0.503944,0.610004,490,ok;ok;ok;ok,8461165428258579607152725129498198016.000000,/cpfs/user/zhuzihou/assets/dedup_workspaces/test0_transitive_apply_parallel/dataset/GRScenes_assets/cabinet/cb561db826a2ed38da0ed8eccc202c47/usd/cb561db826a2ed38da0ed8eccc202c47.usd
cabinet,cbab51254d16b6acf1685955b2b002d0,suspicious,ok,0.304466,0.427917,457,ok;ok;ok;ok,8511570424060908170502847653115592704.000000,/cpfs/user/zhuzihou/assets/dedup_workspaces/test0_transitive_apply_parallel/dataset/GRScenes_assets/cabinet/cbab51254d16b6acf1685955b2b002d0/usd/cbab51254d16b6acf1685955b2b002d0.usd
cabinet,ccd0c711954dc3dbe2d508f03b451ef4,suspicious,ok,0.281548,0.306908,506,ok;ok;ok;ok,4417143742457039098597962751907201024.000000,/cpfs/user/zhuzihou/assets/dedup_workspaces/test0_transitive_apply_parallel/dataset/GRScenes_assets/cabinet/ccd0c711954dc3dbe2d508f03b451ef4/usd/ccd0c711954dc3dbe2d508f03b451ef4.usd
cabinet,cd669d742c1c364140fc9956e5e6e29d,suspicious,ok,0.170731,0.235794,498,ok;ok;ok;ok,6445766316936668627658273194520870912.000000,/cpfs/user/zhuzihou/assets/dedup_workspaces/test0_transitive_apply_parallel/dataset/GRScenes_assets/cabinet/cd669d742c1c364140fc9956e5e6e29d/usd/cd669d742c1c364140fc9956e5e6e29d.usd
cabinet,cd8e798a564acb1564dc284cbcc5d087,tiny,ok,0.314896,0.348244,510,ok;ok;ok;ok,6380043754266724774779319947299389440.000000,/cpfs/user/zhuzihou/assets/dedup_workspaces/test0_transitive_apply_parallel/dataset/GRScenes_assets/cabinet/cd8e798a564acb1564dc284cbcc5d087/usd/cd8e798a564acb1564dc284cbcc5d087.usd
cabinet,ce6d6990195849f50462f4ff0a2b820b,tiny,ok,0.218491,0.285919,512,ok;ok;ok;ok,4495523668218495291756777085979328512.000000,/cpfs/user/zhuzihou/assets/dedup_workspaces/test0_transitive_apply_parallel/dataset/GRScenes_assets/cabinet/ce6d6990195849f50462f4ff0a2b820b/usd/ce6d6990195849f50462f4ff0a2b820b.usd
cabinet,cebf73466eb691bf9557a0dc4cf35f67,tiny,ok,0.165001,0.226879,498,ok;ok;ok;ok,6537999591015837412492195194543800320.000000,/cpfs/user/zhuzihou/assets/dedup_workspaces/test0_transitive_apply_parallel/dataset/GRScenes_assets/cabinet/cebf73466eb691bf9557a0dc4cf35f67/usd/cebf73466eb691bf9557a0dc4cf35f67.usd
cabinet,cec0a421ba45b978178906a454e11f53,suspicious,ok,0.432056,0.546265,512,ok;ok;ok;ok,6528010373492177451958563150128742400.000000,/cpfs/user/zhuzihou/assets/dedup_workspaces/test0_transitive_apply_parallel/dataset/GRScenes_assets/cabinet/cec0a421ba45b978178906a454e11f53/usd/cec0a421ba45b978178906a454e11f53.usd
cabinet,cec86013d20d97c5cddbc52c0271daa9,suspicious,ok,0.344151,0.436821,512,ok;ok;ok;ok,4174562345494178138597221340601647104.000000,/cpfs/user/zhuzihou/assets/dedup_workspaces/test0_transitive_apply_parallel/dataset/GRScenes_assets/cabinet/cec86013d20d97c5cddbc52c0271daa9/usd/cec86013d20d97c5cddbc52c0271daa9.usd
cabinet,cee3098512f795e9d95ea3d81f7bbc4a,suspicious,ok,0.508297,0.619019,461,ok;ok;ok;ok,9157258692673242625964643581608067072.000000,/cpfs/user/zhuzihou/assets/dedup_workspaces/test0_transitive_apply_parallel/dataset/GRScenes_assets/cabinet/cee3098512f795e9d95ea3d81f7bbc4a/usd/cee3098512f795e9d95ea3d81f7bbc4a.usd
cabinet,cefd05f9afdac3ea57802435e42820d0,tiny,ok,0.348225,0.445747,510,ok;ok;ok;ok,8029126779115958446476183678989893632.000000,/cpfs/user/zhuzihou/assets/dedup_workspaces/test0_transitive_apply_parallel/dataset/GRScenes_assets/cabinet/cefd05f9afdac3ea57802435e42820d0/usd/cefd05f9afdac3ea57802435e42820d0.usd
cabinet,cf7f48de4042e45bc9ae086dc3a21208,suspicious,ok,0.427494,0.532158,446,ok;ok;ok;ok,7814366804130372123654125920880427008.000000,/cpfs/user/zhuzihou/assets/dedup_workspaces/test0_transitive_apply_parallel/dataset/GRScenes_assets/cabinet/cf7f48de4042e45bc9ae086dc3a21208/usd/cf7f48de4042e45bc9ae086dc3a21208.usd
cabinet,cf90253939f8aceae7cde192b36bb535,suspicious,suspicious,0.126331,0.147663,356,blank;ok;ok;ok,2843254830126186735734218164080214016.000000,/cpfs/user/zhuzihou/assets/dedup_workspaces/test0_transitive_apply_parallel/dataset/GRScenes_assets/cabinet/cf90253939f8aceae7cde192b36bb535/usd/cf90253939f8aceae7cde192b36bb535.usd
cabinet,d0ef1eb90058ae933c334290d1ac83fc,blank,ok,0.465782,0.568848,502,ok;ok;ok;ok,11974102755645928385829725704699248640.000000,/cpfs/user/zhuzihou/assets/dedup_workspaces/test0_transitive_apply_parallel/dataset/GRScenes_assets/cabinet/d0ef1eb90058ae933c334290d1ac83fc/usd/d0ef1eb90058ae933c334290d1ac83fc.usd
cabinet,d25b1eaa551dc87164ebc6fecefa5e20,tiny,ok,0.279362,0.302307,510,ok;ok;ok;ok,10765302325290066867382120080455237632.000000,/cpfs/user/zhuzihou/assets/dedup_workspaces/test0_transitive_apply_parallel/dataset/GRScenes_assets/cabinet/d25b1eaa551dc87164ebc6fecefa5e20/usd/d25b1eaa551dc87164ebc6fecefa5e20.usd
cabinet,d3bc8f87f7e6cefe8791c439590e8b46,suspicious,ok,0.322742,0.432484,504,ok;ok;ok;ok,6033283111073711350166372643126640640.000000,/cpfs/user/zhuzihou/assets/dedup_workspaces/test0_transitive_apply_parallel/dataset/GRScenes_assets/cabinet/d3bc8f87f7e6cefe8791c439590e8b46/usd/d3bc8f87f7e6cefe8791c439590e8b46.usd
cabinet,d42176c5fe4029f74677527b7af8e20e,suspicious,ok,0.213799,0.442200,456,ok;ok;ok;ok,3732998422602517414698234603527733248.000000,/cpfs/user/zhuzihou/assets/dedup_workspaces/test0_transitive_apply_parallel/dataset/GRScenes_assets/cabinet/d42176c5fe4029f74677527b7af8e20e/usd/d42176c5fe4029f74677527b7af8e20e.usd
cabinet,d42f2e8221d899971e2effeaf540e2cb,tiny,ok,0.264019,0.285427,509,ok;ok;ok;ok,5083805328911844654727902939704197120.000000,/cpfs/user/zhuzihou/assets/dedup_workspaces/test0_transitive_apply_parallel/dataset/GRScenes_assets/cabinet/d42f2e8221d899971e2effeaf540e2cb/usd/d42f2e8221d899971e2effeaf540e2cb.usd
cabinet,d4c62cb1f5020fbdb15a98dc29e3f004,suspicious,ok,0.371201,0.499168,510,ok;ok;ok;ok,7026969053042902931128345713767874560.000000,/cpfs/user/zhuzihou/assets/dedup_workspaces/test0_transitive_apply_parallel/dataset/GRScenes_assets/cabinet/d4c62cb1f5020fbdb15a98dc29e3f004/usd/d4c62cb1f5020fbdb15a98dc29e3f004.usd
cabinet,d7369035ad50d263c7bb172b208d92c2,blank,ok,0.111332,0.120163,490,ok;ok;ok;ok,20094810407700937871319892815182299136.000000,/cpfs/user/zhuzihou/assets/dedup_workspaces/test0_transitive_apply_parallel/dataset/GRScenes_assets/cabinet/d7369035ad50d263c7bb172b208d92c2/usd/d7369035ad50d263c7bb172b208d92c2.usd
cabinet,d7698ecd95c919e1fc3adb1a72dd7fcc,suspicious,ok,0.223568,0.372009,502,ok;ok;ok;ok,6737906420380689291754980090599964672.000000,/cpfs/user/zhuzihou/assets/dedup_workspaces/test0_transitive_apply_parallel/dataset/GRScenes_assets/cabinet/d7698ecd95c919e1fc3adb1a72dd7fcc/usd/d7698ecd95c919e1fc3adb1a72dd7fcc.usd
cabinet,d8081d8a224daa5d3b0f2d803c29028e,suspicious,ok,0.381035,0.526657,468,ok;ok;ok;ok,6246871960030973083798742931962068992.000000,/cpfs/user/zhuzihou/assets/dedup_workspaces/test0_transitive_apply_parallel/dataset/GRScenes_assets/cabinet/d8081d8a224daa5d3b0f2d803c29028e/usd/d8081d8a224daa5d3b0f2d803c29028e.usd
cabinet,d87f3842bfda3078627155cd8d492330,suspicious,ok,0.337311,0.437050,443,ok;ok;ok;ok,4630468567618995785307132518304055296.000000,/cpfs/user/zhuzihou/assets/dedup_workspaces/test0_transitive_apply_parallel/dataset/GRScenes_assets/cabinet/d87f3842bfda3078627155cd8d492330/usd/d87f3842bfda3078627155cd8d492330.usd
cabinet,da15ecae646653e80b36758c5d46f0da,suspicious,ok,0.289158,0.327698,472,ok;ok;ok;ok,3724607506031890573342327359936659456.000000,/cpfs/user/zhuzihou/assets/dedup_workspaces/test0_transitive_apply_parallel/dataset/GRScenes_assets/cabinet/da15ecae646653e80b36758c5d46f0da/usd/da15ecae646653e80b36758c5d46f0da.usd
cabinet,da36bd2ae3a9bdf958a886ed34e8a088,suspicious,ok,0.269207,0.529289,447,ok;ok;ok;ok,6343999922404219854606429207685758976.000000,/cpfs/user/zhuzihou/assets/dedup_workspaces/test0_transitive_apply_parallel/dataset/GRScenes_assets/cabinet/da36bd2ae3a9bdf958a886ed34e8a088/usd/da36bd2ae3a9bdf958a886ed34e8a088.usd
cabinet,dba56e0165ad4beaf1e22d5eb14ee64d,suspicious,ok,0.393162,0.458984,470,ok;ok;ok;ok,3939529780869881842925567813034704896.000000,/cpfs/user/zhuzihou/assets/dedup_workspaces/test0_transitive_apply_parallel/dataset/GRScenes_assets/cabinet/dba56e0165ad4beaf1e22d5eb14ee64d/usd/dba56e0165ad4beaf1e22d5eb14ee64d.usd
cabinet,dbec0996b6cff910ffcfbdcd779eda2d,suspicious,ok,0.505093,0.627464,434,ok;ok;ok;ok,11031531898933416220063771227953561600.000000,/cpfs/user/zhuzihou/assets/dedup_workspaces/test0_transitive_apply_parallel/dataset/GRScenes_assets/cabinet/dbec0996b6cff910ffcfbdcd779eda2d/usd/dbec0996b6cff910ffcfbdcd779eda2d.usd
cabinet,dc69ec5a1d815db86e23193601e529ee,suspicious,ok,0.401398,0.530598,444,ok;ok;ok;ok,10434031074178963855566383593935601664.000000,/cpfs/user/zhuzihou/assets/dedup_workspaces/test0_transitive_apply_parallel/dataset/GRScenes_assets/cabinet/dc69ec5a1d815db86e23193601e529ee/usd/dc69ec5a1d815db86e23193601e529ee.usd
cabinet,dc806be9b2966a6a2aa7f01b1294b886,suspicious,ok,0.263641,0.349121,512,ok;ok;ok;ok,5447980556651422317349262383038595072.000000,/cpfs/user/zhuzihou/assets/dedup_workspaces/test0_transitive_apply_parallel/dataset/GRScenes_assets/cabinet/dc806be9b2966a6a2aa7f01b1294b886/usd/dc806be9b2966a6a2aa7f01b1294b886.usd
cabinet,dd20d3ca674061250e14bc286a24a591,suspicious,suspicious,0.108067,0.150711,238,blank;blank;ok;ok,3154841387162632725238922255311831040.000000,/cpfs/user/zhuzihou/assets/dedup_workspaces/test0_transitive_apply_parallel/dataset/GRScenes_assets/cabinet/dd20d3ca674061250e14bc286a24a591/usd/dd20d3ca674061250e14bc286a24a591.usd
cabinet,dd99dcc88437c46ff91c42b4bcf8b829,suspicious,ok,0.398743,0.464844,483,ok;ok;ok;ok,3990616817416032921136599901231120384.000000,/cpfs/user/zhuzihou/assets/dedup_workspaces/test0_transitive_apply_parallel/dataset/GRScenes_assets/cabinet/dd99dcc88437c46ff91c42b4bcf8b829/usd/dd99dcc88437c46ff91c42b4bcf8b829.usd
cabinet,ddbc8069711d9fc845959c398d9337dd,suspicious,ok,0.407375,0.465340,502,ok;ok;ok;ok,4146907692838580891265040606985977856.000000,/cpfs/user/zhuzihou/assets/dedup_workspaces/test0_transitive_apply_parallel/dataset/GRScenes_assets/cabinet/ddbc8069711d9fc845959c398d9337dd/usd/ddbc8069711d9fc845959c398d9337dd.usd
cabinet,de8c2d6839aab19829e78df1d7524277,suspicious,ok,0.249378,0.298004,512,ok;ok;ok;ok,6201920010455602311378008420772741120.000000,/cpfs/user/zhuzihou/assets/dedup_workspaces/test0_transitive_apply_parallel/dataset/GRScenes_assets/cabinet/de8c2d6839aab19829e78df1d7524277/usd/de8c2d6839aab19829e78df1d7524277.usd
cabinet,deb8cd7ff9147ab060e90f315686a647,suspicious,ok,0.327496,0.423775,512,ok;ok;ok;ok,4630468567618995785307132518304055296.000000,/cpfs/user/zhuzihou/assets/dedup_workspaces/test0_transitive_apply_parallel/dataset/GRScenes_assets/cabinet/deb8cd7ff9147ab060e90f315686a647/usd/deb8cd7ff9147ab060e90f315686a647.usd
cabinet,def8f92095cc409637c90677fdc879ce,tiny,ok,0.170246,0.180008,502,ok;ok;ok;ok,5014676840881240218210586667887099904.000000,/cpfs/user/zhuzihou/assets/dedup_workspaces/test0_transitive_apply_parallel/dataset/GRScenes_assets/cabinet/def8f92095cc409637c90677fdc879ce/usd/def8f92095cc409637c90677fdc879ce.usd
cabinet,e15f4b04cebaddc657da1bbebf0d5038,suspicious,ok,0.333054,0.365234,512,ok;ok;ok;ok,4575396432064004631869568382419337216.000000,/cpfs/user/zhuzihou/assets/dedup_workspaces/test0_transitive_apply_parallel/dataset/GRScenes_assets/cabinet/e15f4b04cebaddc657da1bbebf0d5038/usd/e15f4b04cebaddc657da1bbebf0d5038.usd
cabinet,e2066750ba0fcffa83eda55473256602,suspicious,ok,0.330120,0.365234,512,ok;ok;ok;ok,4138870149995966352293811009624211456.000000,/cpfs/user/zhuzihou/assets/dedup_workspaces/test0_transitive_apply_parallel/dataset/GRScenes_assets/cabinet/e2066750ba0fcffa83eda55473256602/usd/e2066750ba0fcffa83eda55473256602.usd
cabinet,e21d4bb1dbfcf5807d8aa4418113613c,tiny,ok,0.357216,0.459671,482,ok;ok;ok;ok,13061242455710428953195451894045081600.000000,/cpfs/user/zhuzihou/assets/dedup_workspaces/test0_transitive_apply_parallel/dataset/GRScenes_assets/cabinet/e21d4bb1dbfcf5807d8aa4418113613c/usd/e21d4bb1dbfcf5807d8aa4418113613c.usd
cabinet,e2215f4ea7ad96b95c2ae85b9cf61bef,suspicious,ok,0.389236,0.476913,458,ok;ok;ok;ok,3009849538404745478972542561978155008.000000,/cpfs/user/zhuzihou/assets/dedup_workspaces/test0_transitive_apply_parallel/dataset/GRScenes_assets/cabinet/e2215f4ea7ad96b95c2ae85b9cf61bef/usd/e2215f4ea7ad96b95c2ae85b9cf61bef.usd
cabinet,e29a46128e53d771b18dfbe3046b6247,suspicious,ok,0.342289,0.460999,512,ok;ok;ok;ok,6940297069224316845920010367448121344.000000,/cpfs/user/zhuzihou/assets/dedup_workspaces/test0_transitive_apply_parallel/dataset/GRScenes_assets/cabinet/e29a46128e53d771b18dfbe3046b6247/usd/e29a46128e53d771b18dfbe3046b6247.usd
cabinet,e2b8800c58a36ce26a041ea22343d54a,tiny,ok,0.368465,0.435768,474,ok;ok;ok;ok,17062281033014037112803738982518095872.000000,/cpfs/user/zhuzihou/assets/dedup_workspaces/test0_transitive_apply_parallel/dataset/GRScenes_assets/cabinet/e2b8800c58a36ce26a041ea22343d54a/usd/e2b8800c58a36ce26a041ea22343d54a.usd
cabinet,e2ff023772049113ad2becaf16f9d76e,suspicious,ok,0.408691,0.505783,429,ok;ok;ok;ok,6994580207238080293538780985199427584.000000,/cpfs/user/zhuzihou/assets/dedup_workspaces/test0_transitive_apply_parallel/dataset/GRScenes_assets/cabinet/e2ff023772049113ad2becaf16f9d76e/usd/e2ff023772049113ad2becaf16f9d76e.usd
cabinet,e3227b69e963d8524b2ca42162c53b22,suspicious,ok,0.335087,0.428082,496,ok;ok;ok;ok,3877257517605349533844941707973492736.000000,/cpfs/user/zhuzihou/assets/dedup_workspaces/test0_transitive_apply_parallel/dataset/GRScenes_assets/cabinet/e3227b69e963d8524b2ca42162c53b22/usd/e3227b69e963d8524b2ca42162c53b22.usd
cabinet,e344c0e0d1054db169d2c0ed258df664,suspicious,ok,0.485249,0.577896,484,ok;ok;ok;ok,10104677299132398608639540684008718336.000000,/cpfs/user/zhuzihou/assets/dedup_workspaces/test0_transitive_apply_parallel/dataset/GRScenes_assets/cabinet/e344c0e0d1054db169d2c0ed258df664/usd/e344c0e0d1054db169d2c0ed258df664.usd
cabinet,e363e765f5560aec9ee5fa73ee565eed,suspicious,ok,0.294506,0.386803,428,ok;ok;ok;ok,6228419546999468483884449813491613696.000000,/cpfs/user/zhuzihou/assets/dedup_workspaces/test0_transitive_apply_parallel/dataset/GRScenes_assets/cabinet/e363e765f5560aec9ee5fa73ee565eed/usd/e363e765f5560aec9ee5fa73ee565eed.usd
cabinet,e3a719d21be5b76eedd1e29ca9aa7c06,suspicious,ok,0.434654,0.518143,462,ok;ok;ok;ok,3663077936448945519857496231849754624.000000,/cpfs/user/zhuzihou/assets/dedup_workspaces/test0_transitive_apply_parallel/dataset/GRScenes_assets/cabinet/e3a719d21be5b76eedd1e29ca9aa7c06/usd/e3a719d21be5b76eedd1e29ca9aa7c06.usd
cabinet,e40da5dc3ce0234ecde394b21499832d,suspicious,ok,0.244179,0.456207,453,ok;ok;ok;ok,3232378025351081971733769065227878400.000000,/cpfs/user/zhuzihou/assets/dedup_workspaces/test0_transitive_apply_parallel/dataset/GRScenes_assets/cabinet/e40da5dc3ce0234ecde394b21499832d/usd/e40da5dc3ce0234ecde394b21499832d.usd
cabinet,e4838a619b3db92a09d0b70cb054e537,suspicious,suspicious,0.121574,0.151840,321,blank;ok;ok;ok,3939529743270445359094850241922334720.000000,/cpfs/user/zhuzihou/assets/dedup_workspaces/test0_transitive_apply_parallel/dataset/GRScenes_assets/cabinet/e4838a619b3db92a09d0b70cb054e537/usd/e4838a619b3db92a09d0b70cb054e537.usd
cabinet,e642d4dfb1c10a79760fffd5af95d005,suspicious,ok,0.236317,0.290684,432,ok;ok;ok;ok,5266057610348929277405011202954756096.000000,/cpfs/user/zhuzihou/assets/dedup_workspaces/test0_transitive_apply_parallel/dataset/GRScenes_assets/cabinet/e642d4dfb1c10a79760fffd5af95d005/usd/e642d4dfb1c10a79760fffd5af95d005.usd
cabinet,e65ebd2a789aec63a2f55889c148fba9,suspicious,ok,0.311375,0.465515,464,ok;ok;ok;ok,3419435762308911492934519797883863040.000000,/cpfs/user/zhuzihou/assets/dedup_workspaces/test0_transitive_apply_parallel/dataset/GRScenes_assets/cabinet/e65ebd2a789aec63a2f55889c148fba9/usd/e65ebd2a789aec63a2f55889c148fba9.usd
cabinet,e6705d1edaf4c72d9849e5720e05b98c,suspicious,ok,0.291443,0.372887,432,ok;ok;ok;ok,11777715368781702169453651907382870016.000000,/cpfs/user/zhuzihou/assets/dedup_workspaces/test0_transitive_apply_parallel/dataset/GRScenes_assets/cabinet/e6705d1edaf4c72d9849e5720e05b98c/usd/e6705d1edaf4c72d9849e5720e05b98c.usd
cabinet,e7419f536d31133abf8b371a38a3e4be,suspicious,ok,0.335102,0.440792,512,ok;ok;ok;ok,7086387122510162939359986128829546496.000000,/cpfs/user/zhuzihou/assets/dedup_workspaces/test0_transitive_apply_parallel/dataset/GRScenes_assets/cabinet/e7419f536d31133abf8b371a38a3e4be/usd/e7419f536d31133abf8b371a38a3e4be.usd
cabinet,e820faac0e5a4a862631cf93ce6126f5,suspicious,ok,0.298473,0.390244,510,ok;ok;ok;ok,3826840918473556798814395825706237952.000000,/cpfs/user/zhuzihou/assets/dedup_workspaces/test0_transitive_apply_parallel/dataset/GRScenes_assets/cabinet/e820faac0e5a4a862631cf93ce6126f5/usd/e820faac0e5a4a862631cf93ce6126f5.usd
cabinet,e884b84801a6d5fba3a0319606077179,suspicious,ok,0.081654,0.294777,477,ok;ok;ok;ok,4289942685092251341431433865562423296.000000,/cpfs/user/zhuzihou/assets/dedup_workspaces/test0_transitive_apply_parallel/dataset/GRScenes_assets/cabinet/e884b84801a6d5fba3a0319606077179/usd/e884b84801a6d5fba3a0319606077179.usd
cabinet,e8cfc61faf8eea98f99938986cf4708c,suspicious,ok,0.409054,0.517586,446,ok;ok;ok;ok,7650032490318077490117311016965505024.000000,/cpfs/user/zhuzihou/assets/dedup_workspaces/test0_transitive_apply_parallel/dataset/GRScenes_assets/cabinet/e8cfc61faf8eea98f99938986cf4708c/usd/e8cfc61faf8eea98f99938986cf4708c.usd
cabinet,e920d4d3e8679813cc97a1d8beb19655,suspicious,ok,0.208675,0.225967,502,ok;ok;ok;ok,5671372359465447199428978736661266432.000000,/cpfs/user/zhuzihou/assets/dedup_workspaces/test0_transitive_apply_parallel/dataset/GRScenes_assets/cabinet/e920d4d3e8679813cc97a1d8beb19655/usd/e920d4d3e8679813cc97a1d8beb19655.usd
cabinet,e9a0d1fb1944db825e611a36a9c14d31,suspicious,ok,0.298309,0.324898,512,ok;ok;ok;ok,11563679162597443176049413580073730048.000000,/cpfs/user/zhuzihou/assets/dedup_workspaces/test0_transitive_apply_parallel/dataset/GRScenes_assets/cabinet/e9a0d1fb1944db825e611a36a9c14d31/usd/e9a0d1fb1944db825e611a36a9c14d31.usd
cabinet,e9a4e1fc5ec5eaa27245f6a2b75993ba,tiny,ok,0.463005,0.565247,444,ok;ok;ok;ok,17703632114065258846008455902709940224.000000,/cpfs/user/zhuzihou/assets/dedup_workspaces/test0_transitive_apply_parallel/dataset/GRScenes_assets/cabinet/e9a4e1fc5ec5eaa27245f6a2b75993ba/usd/e9a4e1fc5ec5eaa27245f6a2b75993ba.usd
cabinet,e9bb94d31eac951949f463a3e1f87bc0,suspicious,ok,0.287792,0.313034,512,ok;ok;ok;ok,4599173134447569738365871886448984064.000000,/cpfs/user/zhuzihou/assets/dedup_workspaces/test0_transitive_apply_parallel/dataset/GRScenes_assets/cabinet/e9bb94d31eac951949f463a3e1f87bc0/usd/e9bb94d31eac951949f463a3e1f87bc0.usd
cabinet,eae9f61ba47278ad6ca5c848ede930f7,suspicious,suspicious,0.120258,0.144234,307,blank;tiny;ok;ok,2669351653677714580537054133328281600.000000,/cpfs/user/zhuzihou/assets/dedup_workspaces/test0_transitive_apply_parallel/dataset/GRScenes_assets/cabinet/eae9f61ba47278ad6ca5c848ede930f7/usd/eae9f61ba47278ad6ca5c848ede930f7.usd
cabinet,eb6650a0ee9f6f88650a16d886e588b6,suspicious,ok,0.137550,0.322037,448,ok;ok;ok;ok,870456604376937052441106817818296320.000000,/cpfs/user/zhuzihou/assets/dedup_workspaces/test0_transitive_apply_parallel/dataset/GRScenes_assets/cabinet/eb6650a0ee9f6f88650a16d886e588b6/usd/eb6650a0ee9f6f88650a16d886e588b6.usd
cabinet,ebc2b84a248d43815706c0cc06013d2d,blank,ok,0.481930,0.588776,436,ok;ok;ok;ok,10575897988717116048045823436378865664.000000,/cpfs/user/zhuzihou/assets/dedup_workspaces/test0_transitive_apply_parallel/dataset/GRScenes_assets/cabinet/ebc2b84a248d43815706c0cc06013d2d/usd/ebc2b84a248d43815706c0cc06013d2d.usd
cabinet,ebd64c86dfbad9c07da8252d0b073d96,suspicious,ok,0.042290,0.047256,472,ok;ok;ok;ok,5605068690195480827715726316190826496.000000,/cpfs/user/zhuzihou/assets/dedup_workspaces/test0_transitive_apply_parallel/dataset/GRScenes_assets/cabinet/ebd64c86dfbad9c07da8252d0b073d96/usd/ebd64c86dfbad9c07da8252d0b073d96.usd
cabinet,ec5d34136c3f222a371ecb2de6d7825f,suspicious,ok,0.109657,0.238609,434,ok;ok;ok;ok,3413712184457794572671703826810535936.000000,/cpfs/user/zhuzihou/assets/dedup_workspaces/test0_transitive_apply_parallel/dataset/GRScenes_assets/cabinet/ec5d34136c3f222a371ecb2de6d7825f/usd/ec5d34136c3f222a371ecb2de6d7825f.usd
cabinet,ecd58ee0a25cdc5987d48ace8b282eb0,suspicious,ok,0.309143,0.367188,512,ok;ok;ok;ok,5981312853647837045993488847227322368.000000,/cpfs/user/zhuzihou/assets/dedup_workspaces/test0_transitive_apply_parallel/dataset/GRScenes_assets/cabinet/ecd58ee0a25cdc5987d48ace8b282eb0/usd/ecd58ee0a25cdc5987d48ace8b282eb0.usd
cabinet,ecde1b3c82ae626f94f540321fcb43cd,suspicious,ok,0.224873,0.284843,446,ok;ok;ok;ok,11955599870106309925234552818077007872.000000,/cpfs/user/zhuzihou/assets/dedup_workspaces/test0_transitive_apply_parallel/dataset/GRScenes_assets/cabinet/ecde1b3c82ae626f94f540321fcb43cd/usd/ecde1b3c82ae626f94f540321fcb43cd.usd
cabinet,ed18a7da388671a055943a5858c4c6ca,suspicious,ok,0.424526,0.530640,512,ok;ok;ok;ok,2813609052941238499228461884298493952.000000,/cpfs/user/zhuzihou/assets/dedup_workspaces/test0_transitive_apply_parallel/dataset/GRScenes_assets/cabinet/ed18a7da388671a055943a5858c4c6ca/usd/ed18a7da388671a055943a5858c4c6ca.usd
cabinet,ed1c3af2c56cf5578760c692a39ed85d,suspicious,ok,0.309059,0.403473,512,ok;ok;ok;ok,9544692895087356454950596546370994176.000000,/cpfs/user/zhuzihou/assets/dedup_workspaces/test0_transitive_apply_parallel/dataset/GRScenes_assets/cabinet/ed1c3af2c56cf5578760c692a39ed85d/usd/ed1c3af2c56cf5578760c692a39ed85d.usd
cabinet,edf61045f563d0ab377dfd9b490a1bac,suspicious,ok,0.433048,0.587791,421,ok;ok;ok;ok,8368665296681175705795388975202959360.000000,/cpfs/user/zhuzihou/assets/dedup_workspaces/test0_transitive_apply_parallel/dataset/GRScenes_assets/cabinet/edf61045f563d0ab377dfd9b490a1bac/usd/edf61045f563d0ab377dfd9b490a1bac.usd
cabinet,ee5e3b5379985e5884dca7d4bafcab0f,blank,ok,0.194748,0.217438,500,ok;ok;ok;ok,22839474781645462745955214673131339776.000000,/cpfs/user/zhuzihou/assets/dedup_workspaces/test0_transitive_apply_parallel/dataset/GRScenes_assets/cabinet/ee5e3b5379985e5884dca7d4bafcab0f/usd/ee5e3b5379985e5884dca7d4bafcab0f.usd
cabinet,eeb58819d13c08508db6fffc82554d65,suspicious,ok,0.045860,0.046616,470,ok;ok;ok;ok,5605068727285100661084613088028655616.000000,/cpfs/user/zhuzihou/assets/dedup_workspaces/test0_transitive_apply_parallel/dataset/GRScenes_assets/cabinet/eeb58819d13c08508db6fffc82554d65/usd/eeb58819d13c08508db6fffc82554d65.usd
cabinet,eef055a25182e7ce4dd651be2c5394ea,suspicious,ok,0.267509,0.369568,509,ok;ok;ok;ok,4952668333555795278272472557947977728.000000,/cpfs/user/zhuzihou/assets/dedup_workspaces/test0_transitive_apply_parallel/dataset/GRScenes_assets/cabinet/eef055a25182e7ce4dd651be2c5394ea/usd/eef055a25182e7ce4dd651be2c5394ea.usd
cabinet,eefa2c2d7a7c35a45b983ad8f1a63edd,suspicious,ok,0.464714,0.543018,503,ok;ok;ok;ok,9193874062550620842074424583525498880.000000,/cpfs/user/zhuzihou/assets/dedup_workspaces/test0_transitive_apply_parallel/dataset/GRScenes_assets/cabinet/eefa2c2d7a7c35a45b983ad8f1a63edd/usd/eefa2c2d7a7c35a45b983ad8f1a63edd.usd
cabinet,eff7491003afbbc1f98e2574ee8c5e98,suspicious,ok,0.389072,0.481941,457,ok;ok;ok;ok,8340532795257783145187954650148503552.000000,/cpfs/user/zhuzihou/assets/dedup_workspaces/test0_transitive_apply_parallel/dataset/GRScenes_assets/cabinet/eff7491003afbbc1f98e2574ee8c5e98/usd/eff7491003afbbc1f98e2574ee8c5e98.usd
cabinet,f00855a56cfd1991595e5d70a59c0afe,suspicious,ok,0.331543,0.428581,512,ok;ok;ok;ok,4311651045814043969065587369882681344.000000,/cpfs/user/zhuzihou/assets/dedup_workspaces/test0_transitive_apply_parallel/dataset/GRScenes_assets/cabinet/f00855a56cfd1991595e5d70a59c0afe/usd/f00855a56cfd1991595e5d70a59c0afe.usd
cabinet,f0805d366a08f81e15ddfb2235165638,suspicious,ok,0.342522,0.429016,448,ok;ok;ok;ok,6090260927767360601917889540394057728.000000,/cpfs/user/zhuzihou/assets/dedup_workspaces/test0_transitive_apply_parallel/dataset/GRScenes_assets/cabinet/f0805d366a08f81e15ddfb2235165638/usd/f0805d366a08f81e15ddfb2235165638.usd
cabinet,f24adef3f58278ace48c3194f2cc1303,suspicious,ok,0.102745,0.142242,486,ok;ok;ok;ok,4854757599159291611875490421427666944.000000,/cpfs/user/zhuzihou/assets/dedup_workspaces/test0_transitive_apply_parallel/dataset/GRScenes_assets/cabinet/f24adef3f58278ace48c3194f2cc1303/usd/f24adef3f58278ace48c3194f2cc1303.usd
cabinet,f29d02f6b2b9b50bbc57f60a6fd649d5,suspicious,ok,0.044819,0.055893,411,ok;ok;ok;ok,6657056660936843385770596136170553344.000000,/cpfs/user/zhuzihou/assets/dedup_workspaces/test0_transitive_apply_parallel/dataset/GRScenes_assets/cabinet/f29d02f6b2b9b50bbc57f60a6fd649d5/usd/f29d02f6b2b9b50bbc57f60a6fd649d5.usd
cabinet,f307d93cd235772ea4688ee1f9d51778,tiny,ok,0.148464,0.205765,494,ok;ok;ok;ok,4592932131644057880555055723178885120.000000,/cpfs/user/zhuzihou/assets/dedup_workspaces/test0_transitive_apply_parallel/dataset/GRScenes_assets/cabinet/f307d93cd235772ea4688ee1f9d51778/usd/f307d93cd235772ea4688ee1f9d51778.usd
cabinet,f471513f73ace7981707dea152802450,tiny,ok,0.377747,0.506508,442,ok;ok;ok;ok,10801342584303985661160339293459185664.000000,/cpfs/user/zhuzihou/assets/dedup_workspaces/test0_transitive_apply_parallel/dataset/GRScenes_assets/cabinet/f471513f73ace7981707dea152802450/usd/f471513f73ace7981707dea152802450.usd
cabinet,f4840171aa37c2e23fb88895f4970e4a,suspicious,ok,0.398716,0.513268,415,ok;ok;ok;ok,8361296245998742159426093500982099968.000000,/cpfs/user/zhuzihou/assets/dedup_workspaces/test0_transitive_apply_parallel/dataset/GRScenes_assets/cabinet/f4840171aa37c2e23fb88895f4970e4a/usd/f4840171aa37c2e23fb88895f4970e4a.usd
cabinet,f54498f152adc7faea9a7bee1bb3c0a1,tiny,ok,0.491039,0.576172,512,ok;ok;ok;ok,17976113762405199776827121692399632384.000000,/cpfs/user/zhuzihou/assets/dedup_workspaces/test0_transitive_apply_parallel/dataset/GRScenes_assets/cabinet/f54498f152adc7faea9a7bee1bb3c0a1/usd/f54498f152adc7faea9a7bee1bb3c0a1.usd
cabinet,f607af751f597c1f78f663c648c662f9,tiny,ok,0.205990,0.224319,482,ok;ok;ok;ok,4976593795879913405897808464572317696.000000,/cpfs/user/zhuzihou/assets/dedup_workspaces/test0_transitive_apply_parallel/dataset/GRScenes_assets/cabinet/f607af751f597c1f78f663c648c662f9/usd/f607af751f597c1f78f663c648c662f9.usd
cabinet,f65d06200e45883b51385f5f5aa9574e,suspicious,ok,0.452198,0.590179,466,ok;ok;ok;ok,9991705008944353410558414350905769984.000000,/cpfs/user/zhuzihou/assets/dedup_workspaces/test0_transitive_apply_parallel/dataset/GRScenes_assets/cabinet/f65d06200e45883b51385f5f5aa9574e/usd/f65d06200e45883b51385f5f5aa9574e.usd
cabinet,f69d4e36458be5f1b16ded0dbf52b3f8,suspicious,ok,0.137192,0.177498,424,ok;ok;ok;ok,5758182947592691602832948401388126208.000000,/cpfs/user/zhuzihou/assets/dedup_workspaces/test0_transitive_apply_parallel/dataset/GRScenes_assets/cabinet/f69d4e36458be5f1b16ded0dbf52b3f8/usd/f69d4e36458be5f1b16ded0dbf52b3f8.usd
cabinet,f703f804351f565ce09bd17a41b07632,suspicious,ok,0.076813,0.106750,480,ok;ok;ok;ok,4880786795784112826147137790526095360.000000,/cpfs/user/zhuzihou/assets/dedup_workspaces/test0_transitive_apply_parallel/dataset/GRScenes_assets/cabinet/f703f804351f565ce09bd17a41b07632/usd/f703f804351f565ce09bd17a41b07632.usd
cabinet,f72edcf5eed1da98a84cc045f3a0fe1b,suspicious,ok,0.307194,0.340866,504,ok;ok;ok;ok,4914796008010038727231951796397146112.000000,/cpfs/user/zhuzihou/assets/dedup_workspaces/test0_transitive_apply_parallel/dataset/GRScenes_assets/cabinet/f72edcf5eed1da98a84cc045f3a0fe1b/usd/f72edcf5eed1da98a84cc045f3a0fe1b.usd
cabinet,f73e0fdc412b8f6b6bf2cb3ac479211e,suspicious,ok,0.404583,0.488770,456,ok;ok;ok;ok,3087871151232442342342910736523591680.000000,/cpfs/user/zhuzihou/assets/dedup_workspaces/test0_transitive_apply_parallel/dataset/GRScenes_assets/cabinet/f73e0fdc412b8f6b6bf2cb3ac479211e/usd/f73e0fdc412b8f6b6bf2cb3ac479211e.usd
cabinet,f768c8b9386c290581890bf71e6a1d7d,suspicious,ok,0.045662,0.046616,470,ok;ok;ok;ok,4904587340441291921004316474350764032.000000,/cpfs/user/zhuzihou/assets/dedup_workspaces/test0_transitive_apply_parallel/dataset/GRScenes_assets/cabinet/f768c8b9386c290581890bf71e6a1d7d/usd/f768c8b9386c290581890bf71e6a1d7d.usd
cabinet,f7bd19e3653539abbb44dd4077509c3e,suspicious,ok,0.343426,0.401413,446,ok;ok;ok;ok,3838783143664691646234521203447431168.000000,/cpfs/user/zhuzihou/assets/dedup_workspaces/test0_transitive_apply_parallel/dataset/GRScenes_assets/cabinet/f7bd19e3653539abbb44dd4077509c3e/usd/f7bd19e3653539abbb44dd4077509c3e.usd
cabinet,f82d5f8eb7fda624bfc08f3d328164df,suspicious,ok,0.205574,0.252663,498,ok;ok;ok;ok,4015891039664903432560075957010956288.000000,/cpfs/user/zhuzihou/assets/dedup_workspaces/test0_transitive_apply_parallel/dataset/GRScenes_assets/cabinet/f82d5f8eb7fda624bfc08f3d328164df/usd/f82d5f8eb7fda624bfc08f3d328164df.usd
cabinet,f848e6efef05475e70a23060d4554387,suspicious,ok,0.346760,0.522842,449,ok;ok;ok;ok,3350310437985870837248616471705157632.000000,/cpfs/user/zhuzihou/assets/dedup_workspaces/test0_transitive_apply_parallel/dataset/GRScenes_assets/cabinet/f848e6efef05475e70a23060d4554387/usd/f848e6efef05475e70a23060d4554387.usd
cabinet,f8b30e28c6f8a84032f526b9ed9d72f2,suspicious,ok,0.370255,0.474243,512,ok;ok;ok;ok,3264333361132968325294493311506055168.000000,/cpfs/user/zhuzihou/assets/dedup_workspaces/test0_transitive_apply_parallel/dataset/GRScenes_assets/cabinet/f8b30e28c6f8a84032f526b9ed9d72f2/usd/f8b30e28c6f8a84032f526b9ed9d72f2.usd
cabinet,fa0a46357a52792a180dc1c68c69cdd2,suspicious,ok,0.320042,0.449760,459,ok;ok;ok;ok,2601131115677349177920568073268494336.000000,/cpfs/user/zhuzihou/assets/dedup_workspaces/test0_transitive_apply_parallel/dataset/GRScenes_assets/cabinet/fa0a46357a52792a180dc1c68c69cdd2/usd/fa0a46357a52792a180dc1c68c69cdd2.usd
cabinet,fa430dd6b8e205916bc6b09127057839,suspicious,ok,0.482296,0.615891,446,ok;ok;ok;ok,8913747385544021840140749607490551808.000000,/cpfs/user/zhuzihou/assets/dedup_workspaces/test0_transitive_apply_parallel/dataset/GRScenes_assets/cabinet/fa430dd6b8e205916bc6b09127057839/usd/fa430dd6b8e205916bc6b09127057839.usd
cabinet,fa67e0a29f9740a1b11f290cc2c575fa,suspicious,ok,0.377636,0.481499,512,ok;ok;ok;ok,4123852908619159423405828620714770432.000000,/cpfs/user/zhuzihou/assets/dedup_workspaces/test0_transitive_apply_parallel/dataset/GRScenes_assets/cabinet/fa67e0a29f9740a1b11f290cc2c575fa/usd/fa67e0a29f9740a1b11f290cc2c575fa.usd
cabinet,fb070d852f71ecb3b8351e38ab04b595,suspicious,ok,0.213707,0.231514,510,ok;ok;ok;ok,5671372359465447199428978736661266432.000000,/cpfs/user/zhuzihou/assets/dedup_workspaces/test0_transitive_apply_parallel/dataset/GRScenes_assets/cabinet/fb070d852f71ecb3b8351e38ab04b595/usd/fb070d852f71ecb3b8351e38ab04b595.usd
cabinet,fc5dfa65e71476fa2b37ad889bbe52b5,suspicious,ok,0.333675,0.431938,512,ok;ok;ok;ok,4341508363508159324399830159643901952.000000,/cpfs/user/zhuzihou/assets/dedup_workspaces/test0_transitive_apply_parallel/dataset/GRScenes_assets/cabinet/fc5dfa65e71476fa2b37ad889bbe52b5/usd/fc5dfa65e71476fa2b37ad889bbe52b5.usd
cabinet,fd0a02a7d9f6ceba9af45e731c8231b1,blank,ok,0.135639,0.142822,480,ok;ok;ok;ok,7665542752073197548247274802615681024.000000,/cpfs/user/zhuzihou/assets/dedup_workspaces/test0_transitive_apply_parallel/dataset/GRScenes_assets/cabinet/fd0a02a7d9f6ceba9af45e731c8231b1/usd/fd0a02a7d9f6ceba9af45e731c8231b1.usd
cabinet,fddb158c3b5d10977cc4047930c5881a,suspicious,ok,0.114552,0.120346,478,ok;ok;ok;ok,4844527527328920426485409824043433984.000000,/cpfs/user/zhuzihou/assets/dedup_workspaces/test0_transitive_apply_parallel/dataset/GRScenes_assets/cabinet/fddb158c3b5d10977cc4047930c5881a/usd/fddb158c3b5d10977cc4047930c5881a.usd
cabinet,fe383fbf02546b0518ba35db1701a8c0,suspicious,ok,0.400650,0.541992,445,ok;ok;ok;ok,8218839504097947830310039061495021568.000000,/cpfs/user/zhuzihou/assets/dedup_workspaces/test0_transitive_apply_parallel/dataset/GRScenes_assets/cabinet/fe383fbf02546b0518ba35db1701a8c0/usd/fe383fbf02546b0518ba35db1701a8c0.usd
cabinet,feb829b7221845e81c98fb9b9fc7bbde,suspicious,ok,0.374500,0.457085,512,ok;ok;ok;ok,8146038939198304331954295361310294016.000000,/cpfs/user/zhuzihou/assets/dedup_workspaces/test0_transitive_apply_parallel/dataset/GRScenes_assets/cabinet/feb829b7221845e81c98fb9b9fc7bbde/usd/feb829b7221845e81c98fb9b9fc7bbde.usd
cabinet,fec9c1b32f7a49927df3104e714643c5,tiny,ok,0.303181,0.328461,512,ok;ok;ok;ok,4211183314887899106886977957455200256.000000,/cpfs/user/zhuzihou/assets/dedup_workspaces/test0_transitive_apply_parallel/dataset/GRScenes_assets/cabinet/fec9c1b32f7a49927df3104e714643c5/usd/fec9c1b32f7a49927df3104e714643c5.usd
cabinet,ff8577487ace9743e1d7d06bb270e4c4,suspicious,ok,0.332260,0.430862,512,ok;ok;ok;ok,3886709178284327159829279314200756224.000000,/cpfs/user/zhuzihou/assets/dedup_workspaces/test0_transitive_apply_parallel/dataset/GRScenes_assets/cabinet/ff8577487ace9743e1d7d06bb270e4c4/usd/ff8577487ace9743e1d7d06bb270e4c4.usd
door,00a3b5cc011be5cc8bc71641fa0890d2,suspicious,ok,0.378517,0.456177,456,ok;ok;ok;ok,3432918378673344795299317300382924800.000000,/cpfs/user/zhuzihou/assets/dedup_workspaces/test0_transitive_apply_parallel/dataset/GRScenes_assets/door/00a3b5cc011be5cc8bc71641fa0890d2/usd/00a3b5cc011be5cc8bc71641fa0890d2.usd
door,00b8bba3202be4b0dfdc5b4066d22f37,suspicious,ok,0.280674,0.377426,512,ok;ok;ok;ok,4330189406364398321015339891820593152.000000,/cpfs/user/zhuzihou/assets/dedup_workspaces/test0_transitive_apply_parallel/dataset/GRScenes_assets/door/00b8bba3202be4b0dfdc5b4066d22f37/usd/00b8bba3202be4b0dfdc5b4066d22f37.usd
door,058ee9a6db75c12d0ee1fb9b2fec56da,suspicious,suspicious,0.038948,0.091633,236,ok;ok;ok;blank,2875015914157264154452051732836909056.000000,/cpfs/user/zhuzihou/assets/dedup_workspaces/test0_transitive_apply_parallel/dataset/GRScenes_assets/door/058ee9a6db75c12d0ee1fb9b2fec56da/usd/058ee9a6db75c12d0ee1fb9b2fec56da.usd
door,0822efb1d8134b1d1a6583c92866114f,suspicious,ok,0.332001,0.419495,473,ok;ok;ok;ok,3024368939987199167464677318030524416.000000,/cpfs/user/zhuzihou/assets/dedup_workspaces/test0_transitive_apply_parallel/dataset/GRScenes_assets/door/0822efb1d8134b1d1a6583c92866114f/usd/0822efb1d8134b1d1a6583c92866114f.usd
door,096950d462f90002d961680057896d1f,suspicious,ok,0.384384,0.450974,460,ok;ok;ok;ok,4391837562368119098390622986766909440.000000,/cpfs/user/zhuzihou/assets/dedup_workspaces/test0_transitive_apply_parallel/dataset/GRScenes_assets/door/096950d462f90002d961680057896d1f/usd/096950d462f90002d961680057896d1f.usd
door,0a6c23543ed06d75b861a4adf0db73e3,suspicious,ok,0.301521,0.397224,503,ok;ok;ok;ok,4234582528882732736359931116339068928.000000,/cpfs/user/zhuzihou/assets/dedup_workspaces/test0_transitive_apply_parallel/dataset/GRScenes_assets/door/0a6c23543ed06d75b861a4adf0db73e3/usd/0a6c23543ed06d75b861a4adf0db73e3.usd
door,0e28a2d69edb5df53c0f99a5a3b7165d,suspicious,ok,0.376015,0.452354,456,ok;ok;ok;ok,3701072344363116075946533783445962752.000000,/cpfs/user/zhuzihou/assets/dedup_workspaces/test0_transitive_apply_parallel/dataset/GRScenes_assets/door/0e28a2d69edb5df53c0f99a5a3b7165d/usd/0e28a2d69edb5df53c0f99a5a3b7165d.usd
door,0fa2eaeddf62a9aef081dbc822b32a74,suspicious,ok,0.286850,0.383331,512,ok;ok;ok;ok,4910494862910030336008551353840304128.000000,/cpfs/user/zhuzihou/assets/dedup_workspaces/test0_transitive_apply_parallel/dataset/GRScenes_assets/door/0fa2eaeddf62a9aef081dbc822b32a74/usd/0fa2eaeddf62a9aef081dbc822b32a74.usd
door,112a91d2099739bfb5f56fb00b5fd320,suspicious,ok,0.243824,0.329819,512,ok;ok;ok;ok,4408897192648131370729555580399124480.000000,/cpfs/user/zhuzihou/assets/dedup_workspaces/test0_transitive_apply_parallel/dataset/GRScenes_assets/door/112a91d2099739bfb5f56fb00b5fd320/usd/112a91d2099739bfb5f56fb00b5fd320.usd
door,131957686cee2b4f73f7b58b08388d29,suspicious,ok,0.107796,0.412766,494,ok;ok;ok;ok,2841272895042779061349767066255622144.000000,/cpfs/user/zhuzihou/assets/dedup_workspaces/test0_transitive_apply_parallel/dataset/GRScenes_assets/door/131957686cee2b4f73f7b58b08388d29/usd/131957686cee2b4f73f7b58b08388d29.usd
door,145d74f2fde0d084fe778acbc6b68667,suspicious,ok,0.125965,0.472176,458,ok;ok;ok;ok,3005663222730220815524567680706150400.000000,/cpfs/user/zhuzihou/assets/dedup_workspaces/test0_transitive_apply_parallel/dataset/GRScenes_assets/door/145d74f2fde0d084fe778acbc6b68667/usd/145d74f2fde0d084fe778acbc6b68667.usd
door,17e0ebfcd0c915fcc48872dcd929cc80,suspicious,ok,0.377819,0.447784,452,ok;ok;ok;ok,4188625704754288103330050561846280192.000000,/cpfs/user/zhuzihou/assets/dedup_workspaces/test0_transitive_apply_parallel/dataset/GRScenes_assets/door/17e0ebfcd0c915fcc48872dcd929cc80/usd/17e0ebfcd0c915fcc48872dcd929cc80.usd
door,19b244036b354a2172a6f048dc926c5b,suspicious,ok,0.123436,0.491821,456,ok;ok;ok;ok,3195054215074579182531918100015611904.000000,/cpfs/user/zhuzihou/assets/dedup_workspaces/test0_transitive_apply_parallel/dataset/GRScenes_assets/door/19b244036b354a2172a6f048dc926c5b/usd/19b244036b354a2172a6f048dc926c5b.usd
door,1a58b583496f33ae458cd640c8b6a656,suspicious,ok,0.189949,0.432678,504,ok;ok;ok;ok,4274103829462688476690886819462512640.000000,/cpfs/user/zhuzihou/assets/dedup_workspaces/test0_transitive_apply_parallel/dataset/GRScenes_assets/door/1a58b583496f33ae458cd640c8b6a656/usd/1a58b583496f33ae458cd640c8b6a656.usd
door,1b54aee00220d72ef513c9c0d0afe430,suspicious,ok,0.303638,0.397358,494,ok;ok;ok;ok,3316042471552091556503934842815119360.000000,/cpfs/user/zhuzihou/assets/dedup_workspaces/test0_transitive_apply_parallel/dataset/GRScenes_assets/door/1b54aee00220d72ef513c9c0d0afe430/usd/1b54aee00220d72ef513c9c0d0afe430.usd
door,1b72ef6e7b462537f248fcdc472426c4,suspicious,ok,0.261723,0.290207,494,ok;ok;ok;ok,4534980536731662590027793854539759616.000000,/cpfs/user/zhuzihou/assets/dedup_workspaces/test0_transitive_apply_parallel/dataset/GRScenes_assets/door/1b72ef6e7b462537f248fcdc472426c4/usd/1b72ef6e7b462537f248fcdc472426c4.usd
door,1ba0ffdc348928821647cf6fa5bb6a55,suspicious,ok,0.311745,0.403107,482,ok;ok;ok;ok,4183529497136119700873874076130607104.000000,/cpfs/user/zhuzihou/assets/dedup_workspaces/test0_transitive_apply_parallel/dataset/GRScenes_assets/door/1ba0ffdc348928821647cf6fa5bb6a55/usd/1ba0ffdc348928821647cf6fa5bb6a55.usd
door,1c5b4263820d3264c31c028df1becc3f,suspicious,ok,0.266346,0.360626,512,ok;ok;ok;ok,4478302575744981188479684103062421504.000000,/cpfs/user/zhuzihou/assets/dedup_workspaces/test0_transitive_apply_parallel/dataset/GRScenes_assets/door/1c5b4263820d3264c31c028df1becc3f/usd/1c5b4263820d3264c31c028df1becc3f.usd
door,1d811324255f2c235d9b0596b7b533b6,suspicious,ok,0.173519,0.424896,505,ok;ok;ok;ok,3814246869640022665801044152035573760.000000,/cpfs/user/zhuzihou/assets/dedup_workspaces/test0_transitive_apply_parallel/dataset/GRScenes_assets/door/1d811324255f2c235d9b0596b7b533b6/usd/1d811324255f2c235d9b0596b7b533b6.usd
door,1ede7d354f5561f70a087058c770696c,suspicious,ok,0.311741,0.403107,482,ok;ok;ok;ok,4183529497136119700873874076130607104.000000,/cpfs/user/zhuzihou/assets/dedup_workspaces/test0_transitive_apply_parallel/dataset/GRScenes_assets/door/1ede7d354f5561f70a087058c770696c/usd/1ede7d354f5561f70a087058c770696c.usd
door,1f202d51d9d511d099b264cb7cef3de0,suspicious,ok,0.148815,0.423111,473,ok;ok;ok;ok,3664973090260809064455905432500699136.000000,/cpfs/user/zhuzihou/assets/dedup_workspaces/test0_transitive_apply_parallel/dataset/GRScenes_assets/door/1f202d51d9d511d099b264cb7cef3de0/usd/1f202d51d9d511d099b264cb7cef3de0.usd
door,1f614c5e84cf7ab87a1fc0d1bcf00f40,tiny,ok,0.332428,0.424309,483,ok;ok;ok;ok,3756226346984695114043097106991808512.000000,/cpfs/user/zhuzihou/assets/dedup_workspaces/test0_transitive_apply_parallel/dataset/GRScenes_assets/door/1f614c5e84cf7ab87a1fc0d1bcf00f40/usd/1f614c5e84cf7ab87a1fc0d1bcf00f40.usd
door,210d1c91ceb228446a733a354b6afc39,suspicious,ok,0.272865,0.368103,512,ok;ok;ok;ok,4708824008071842993061606326179725312.000000,/cpfs/user/zhuzihou/assets/dedup_workspaces/test0_transitive_apply_parallel/dataset/GRScenes_assets/door/210d1c91ceb228446a733a354b6afc39/usd/210d1c91ceb228446a733a354b6afc39.usd
door,219ee33de0ea406e6d70642776205562,suspicious,ok,0.165810,0.417267,482,ok;ok;ok;ok,3230306646988466464429248489340272640.000000,/cpfs/user/zhuzihou/assets/dedup_workspaces/test0_transitive_apply_parallel/dataset/GRScenes_assets/door/219ee33de0ea406e6d70642776205562/usd/219ee33de0ea406e6d70642776205562.usd
door,2209ec70e0754b1250fecfbba9833c4f,suspicious,ok,0.286182,0.384537,512,ok;ok;ok;ok,4909263341029614834805809732588142592.000000,/cpfs/user/zhuzihou/assets/dedup_workspaces/test0_transitive_apply_parallel/dataset/GRScenes_assets/door/2209ec70e0754b1250fecfbba9833c4f/usd/2209ec70e0754b1250fecfbba9833c4f.usd
door,225ad0911b83612d6c469f65c77cc68d,suspicious,ok,0.151089,0.460304,452,ok;ok;ok;ok,4177236013397547882425635825197776896.000000,/cpfs/user/zhuzihou/assets/dedup_workspaces/test0_transitive_apply_parallel/dataset/GRScenes_assets/door/225ad0911b83612d6c469f65c77cc68d/usd/225ad0911b83612d6c469f65c77cc68d.usd
door,23a4534b7eedf3073dae419fb9a807a5,suspicious,ok,0.152847,0.410027,484,ok;ok;ok;ok,4181991390100942757680622903691837440.000000,/cpfs/user/zhuzihou/assets/dedup_workspaces/test0_transitive_apply_parallel/dataset/GRScenes_assets/door/23a4534b7eedf3073dae419fb9a807a5/usd/23a4534b7eedf3073dae419fb9a807a5.usd
door,256956b099e136fd6af106a168838caa,suspicious,ok,0.307102,0.400703,489,ok;ok;ok;ok,4240139246231581534910952438587457536.000000,/cpfs/user/zhuzihou/assets/dedup_workspaces/test0_transitive_apply_parallel/dataset/GRScenes_assets/door/256956b099e136fd6af106a168838caa/usd/256956b099e136fd6af106a168838caa.usd
door,2670a056ffa822d14354377eb38ea57f,suspicious,ok,0.292625,0.386208,476,ok;ok;ok;ok,3969085571105074373779693283286450176.000000,/cpfs/user/zhuzihou/assets/dedup_workspaces/test0_transitive_apply_parallel/dataset/GRScenes_assets/door/2670a056ffa822d14354377eb38ea57f/usd/2670a056ffa822d14354377eb38ea57f.usd
door,26f1f0cebe724feba04a98c48976e1d3,suspicious,ok,0.307858,0.394852,474,ok;ok;ok;ok,3617416615453744833066958729485746176.000000,/cpfs/user/zhuzihou/assets/dedup_workspaces/test0_transitive_apply_parallel/dataset/GRScenes_assets/door/26f1f0cebe724feba04a98c48976e1d3/usd/26f1f0cebe724feba04a98c48976e1d3.usd
door,26ff81b77b9c811ef66804f3ba8f43fc,suspicious,ok,0.298504,0.334076,492,ok;ok;ok;ok,4940365771258199722953049676542115840.000000,/cpfs/user/zhuzihou/assets/dedup_workspaces/test0_transitive_apply_parallel/dataset/GRScenes_assets/door/26ff81b77b9c811ef66804f3ba8f43fc/usd/26ff81b77b9c811ef66804f3ba8f43fc.usd
door,2838e4c1d82a7520eb3a9f0336ba3fa6,suspicious,ok,0.241402,0.327690,512,ok;ok;ok;ok,4582595285314792442343511569098342400.000000,/cpfs/user/zhuzihou/assets/dedup_workspaces/test0_transitive_apply_parallel/dataset/GRScenes_assets/door/2838e4c1d82a7520eb3a9f0336ba3fa6/usd/2838e4c1d82a7520eb3a9f0336ba3fa6.usd
door,2887d9eaa37a51070b54e7ae9bd582d4,suspicious,ok,0.310352,0.420410,492,ok;ok;ok;ok,4946758364980399836201913042639781888.000000,/cpfs/user/zhuzihou/assets/dedup_workspaces/test0_transitive_apply_parallel/dataset/GRScenes_assets/door/2887d9eaa37a51070b54e7ae9bd582d4/usd/2887d9eaa37a51070b54e7ae9bd582d4.usd
door,2b0f335f8f68450a845c35a663bcaec2,suspicious,ok,0.366650,0.434647,454,ok;ok;ok;ok,3969059886582580860410819461198643200.000000,/cpfs/user/zhuzihou/assets/dedup_workspaces/test0_transitive_apply_parallel/dataset/GRScenes_assets/door/2b0f335f8f68450a845c35a663bcaec2/usd/2b0f335f8f68450a845c35a663bcaec2.usd
door,2ef8706f62ef9fda7547857a3e07c1b6,suspicious,ok,0.314735,0.353348,498,ok;ok;ok;ok,4921763707044276071689188617524084736.000000,/cpfs/user/zhuzihou/assets/dedup_workspaces/test0_transitive_apply_parallel/dataset/GRScenes_assets/door/2ef8706f62ef9fda7547857a3e07c1b6/usd/2ef8706f62ef9fda7547857a3e07c1b6.usd
door,2fe977536d21375aec9e76a3c9d82d32,suspicious,ok,0.308945,0.396484,478,ok;ok;ok;ok,3697513954156535835138109543232307200.000000,/cpfs/user/zhuzihou/assets/dedup_workspaces/test0_transitive_apply_parallel/dataset/GRScenes_assets/door/2fe977536d21375aec9e76a3c9d82d32/usd/2fe977536d21375aec9e76a3c9d82d32.usd
door,301fc5a5bbb3a65ec04dc378d7932405,suspicious,ok,0.255352,0.361210,501,ok;ok;ok;ok,4684979065762014845272278229479063552.000000,/cpfs/user/zhuzihou/assets/dedup_workspaces/test0_transitive_apply_parallel/dataset/GRScenes_assets/door/301fc5a5bbb3a65ec04dc378d7932405/usd/301fc5a5bbb3a65ec04dc378d7932405.usd
door,335894167f30bc3eaec5e9c690f1af5e,suspicious,ok,0.208229,0.295860,494,ok;ok;ok;ok,4874129011280373300247379353727401984.000000,/cpfs/user/zhuzihou/assets/dedup_workspaces/test0_transitive_apply_parallel/dataset/GRScenes_assets/door/335894167f30bc3eaec5e9c690f1af5e/usd/335894167f30bc3eaec5e9c690f1af5e.usd
door,363281323a527dba77dde702cff35ba4,suspicious,ok,0.270290,0.366348,512,ok;ok;ok;ok,4941351040222726725901197439838191616.000000,/cpfs/user/zhuzihou/assets/dedup_workspaces/test0_transitive_apply_parallel/dataset/GRScenes_assets/door/363281323a527dba77dde702cff35ba4/usd/363281323a527dba77dde702cff35ba4.usd
door,368812ebffe23e3f3de16ae99580327c,suspicious,ok,0.389942,0.461502,460,ok;ok;ok;ok,3739025854873540069416490314758094848.000000,/cpfs/user/zhuzihou/assets/dedup_workspaces/test0_transitive_apply_parallel/dataset/GRScenes_assets/door/368812ebffe23e3f3de16ae99580327c/usd/368812ebffe23e3f3de16ae99580327c.usd
door,3c1275839d3652f8d33a95f713695c3c,suspicious,ok,0.377853,0.456909,458,ok;ok;ok;ok,3393153136480300933184736553578004480.000000,/cpfs/user/zhuzihou/assets/dedup_workspaces/test0_transitive_apply_parallel/dataset/GRScenes_assets/door/3c1275839d3652f8d33a95f713695c3c/usd/3c1275839d3652f8d33a95f713695c3c.usd
door,3c64725c5bb65ddf2a447380c06927df,suspicious,ok,0.314518,0.331543,500,ok;ok;ok;ok,4775549860746922104287848211725418496.000000,/cpfs/user/zhuzihou/assets/dedup_workspaces/test0_transitive_apply_parallel/dataset/GRScenes_assets/door/3c64725c5bb65ddf2a447380c06927df/usd/3c64725c5bb65ddf2a447380c06927df.usd
door,423f96ca9b5a8c745d4b5241394cc529,suspicious,ok,0.302509,0.398636,508,ok;ok;ok;ok,2669450623097987711946743144364638208.000000,/cpfs/user/zhuzihou/assets/dedup_workspaces/test0_transitive_apply_parallel/dataset/GRScenes_assets/door/423f96ca9b5a8c745d4b5241394cc529/usd/423f96ca9b5a8c745d4b5241394cc529.usd
door,4272d6880f06ac27835371374438d904,suspicious,ok,0.297836,0.394043,504,ok;ok;ok;ok,4095267537201563632582226270603968512.000000,/cpfs/user/zhuzihou/assets/dedup_workspaces/test0_transitive_apply_parallel/dataset/GRScenes_assets/door/4272d6880f06ac27835371374438d904/usd/4272d6880f06ac27835371374438d904.usd
door,442c70f66ce94f5bcd3b939e041e39e6,suspicious,ok,0.290981,0.385788,502,ok;ok;ok;ok,2779776503864173057406685149252288512.000000,/cpfs/user/zhuzihou/assets/dedup_workspaces/test0_transitive_apply_parallel/dataset/GRScenes_assets/door/442c70f66ce94f5bcd3b939e041e39e6/usd/442c70f66ce94f5bcd3b939e041e39e6.usd
door,47151d57b3c662ad3dfff8a11eceb59a,suspicious,ok,0.096313,0.343121,481,ok;ok;ok;ok,4120456907837461499854174933057798144.000000,/cpfs/user/zhuzihou/assets/dedup_workspaces/test0_transitive_apply_parallel/dataset/GRScenes_assets/door/47151d57b3c662ad3dfff8a11eceb59a/usd/47151d57b3c662ad3dfff8a11eceb59a.usd
door,47bf3fd236bc0647cba641174608b7a7,suspicious,ok,0.106964,0.426407,460,ok;ok;ok;ok,4678490827875906338438001958187958272.000000,/cpfs/user/zhuzihou/assets/dedup_workspaces/test0_transitive_apply_parallel/dataset/GRScenes_assets/door/47bf3fd236bc0647cba641174608b7a7/usd/47bf3fd236bc0647cba641174608b7a7.usd
door,496c1e35404570c616e61398ae58f7e9,suspicious,ok,0.109894,0.400085,472,ok;ok;ok;ok,4000374687008381340676980923804155904.000000,/cpfs/user/zhuzihou/assets/dedup_workspaces/test0_transitive_apply_parallel/dataset/GRScenes_assets/door/496c1e35404570c616e61398ae58f7e9/usd/496c1e35404570c616e61398ae58f7e9.usd
door,4981ca17c3b1c1e3b842321d388389db,suspicious,ok,0.262688,0.354828,512,ok;ok;ok;ok,3984965434664443977985294049646477312.000000,/cpfs/user/zhuzihou/assets/dedup_workspaces/test0_transitive_apply_parallel/dataset/GRScenes_assets/door/4981ca17c3b1c1e3b842321d388389db/usd/4981ca17c3b1c1e3b842321d388389db.usd
door,4ab04d704a7bc95ea2c5f93ff3032d92,suspicious,ok,0.369946,0.442413,452,ok;ok;ok;ok,3854450671935806514979163978552311808.000000,/cpfs/user/zhuzihou/assets/dedup_workspaces/test0_transitive_apply_parallel/dataset/GRScenes_assets/door/4ab04d704a7bc95ea2c5f93ff3032d92/usd/4ab04d704a7bc95ea2c5f93ff3032d92.usd
door,4c630345d638858e6258da1980c2367c,suspicious,ok,0.391956,0.466171,450,ok;ok;ok;ok,4197904263987793880102218984285274112.000000,/cpfs/user/zhuzihou/assets/dedup_workspaces/test0_transitive_apply_parallel/dataset/GRScenes_assets/door/4c630345d638858e6258da1980c2367c/usd/4c630345d638858e6258da1980c2367c.usd
door,4dce3ae783f11c472b07b10a1c8d6541,suspicious,ok,0.235352,0.323410,512,ok;ok;ok;ok,4972236984141481628818823186934136832.000000,/cpfs/user/zhuzihou/assets/dedup_workspaces/test0_transitive_apply_parallel/dataset/GRScenes_assets/door/4dce3ae783f11c472b07b10a1c8d6541/usd/4dce3ae783f11c472b07b10a1c8d6541.usd
door,4edbccca050de96311b7561cb86b4f14,suspicious,ok,0.227592,0.311989,512,ok;ok;ok;ok,4677478302930525418605760181922955264.000000,/cpfs/user/zhuzihou/assets/dedup_workspaces/test0_transitive_apply_parallel/dataset/GRScenes_assets/door/4edbccca050de96311b7561cb86b4f14/usd/4edbccca050de96311b7561cb86b4f14.usd
door,50a219ca7c9a3382972f6cc533f18648,suspicious,ok,0.253136,0.347778,512,ok;ok;ok;ok,4897590682140784576722895282731220992.000000,/cpfs/user/zhuzihou/assets/dedup_workspaces/test0_transitive_apply_parallel/dataset/GRScenes_assets/door/50a219ca7c9a3382972f6cc533f18648/usd/50a219ca7c9a3382972f6cc533f18648.usd
door,531e4831360924341588c269d286d098,suspicious,ok,0.143684,0.423374,453,ok;ok;ok;ok,4229772334083796224824629805633765376.000000,/cpfs/user/zhuzihou/assets/dedup_workspaces/test0_transitive_apply_parallel/dataset/GRScenes_assets/door/531e4831360924341588c269d286d098/usd/531e4831360924341588c269d286d098.usd
door,5466b4aae1ffdd80c7b8c2171f2f3a5c,suspicious,ok,0.126549,0.419113,454,ok;ok;ok;ok,3895391588337188492246408008581513216.000000,/cpfs/user/zhuzihou/assets/dedup_workspaces/test0_transitive_apply_parallel/dataset/GRScenes_assets/door/5466b4aae1ffdd80c7b8c2171f2f3a5c/usd/5466b4aae1ffdd80c7b8c2171f2f3a5c.usd
door,549f6247f83400b71cf42d7b3072188c,suspicious,ok,0.255283,0.361633,512,ok;ok;ok;ok,4757959124416135469861195266389966848.000000,/cpfs/user/zhuzihou/assets/dedup_workspaces/test0_transitive_apply_parallel/dataset/GRScenes_assets/door/549f6247f83400b71cf42d7b3072188c/usd/549f6247f83400b71cf42d7b3072188c.usd
door,55421f8f6ae7b060eccc3f7859e5332b,suspicious,ok,0.237110,0.327568,512,ok;ok;ok;ok,4534980048153932123358570560331186176.000000,/cpfs/user/zhuzihou/assets/dedup_workspaces/test0_transitive_apply_parallel/dataset/GRScenes_assets/door/55421f8f6ae7b060eccc3f7859e5332b/usd/55421f8f6ae7b060eccc3f7859e5332b.usd
door,55492a43b6f1c5dd9975b97fdd7ab307,suspicious,ok,0.248932,0.335861,512,ok;ok;ok;ok,4310817145692335434254248556403621888.000000,/cpfs/user/zhuzihou/assets/dedup_workspaces/test0_transitive_apply_parallel/dataset/GRScenes_assets/door/55492a43b6f1c5dd9975b97fdd7ab307/usd/55492a43b6f1c5dd9975b97fdd7ab307.usd
door,56b5763f9803fa949217ea29f78210dc,suspicious,ok,0.209454,0.446472,507,ok;ok;ok;ok,4325305773286624912453421288183037952.000000,/cpfs/user/zhuzihou/assets/dedup_workspaces/test0_transitive_apply_parallel/dataset/GRScenes_assets/door/56b5763f9803fa949217ea29f78210dc/usd/56b5763f9803fa949217ea29f78210dc.usd
door,58cac72957361501bdeb51483a8d289c,suspicious,ok,0.086311,0.473282,455,ok;ok;ok;ok,3440586381284653519676442868136804352.000000,/cpfs/user/zhuzihou/assets/dedup_workspaces/test0_transitive_apply_parallel/dataset/GRScenes_assets/door/58cac72957361501bdeb51483a8d289c/usd/58cac72957361501bdeb51483a8d289c.usd
door,59f42b3ab8871994155d1ef72fefcdd8,suspicious,ok,0.278191,0.373314,508,ok;ok;ok;ok,4330189413999650315597261188567662592.000000,/cpfs/user/zhuzihou/assets/dedup_workspaces/test0_transitive_apply_parallel/dataset/GRScenes_assets/door/59f42b3ab8871994155d1ef72fefcdd8/usd/59f42b3ab8871994155d1ef72fefcdd8.usd
door,5bcba605d6b85b53f32ea5cebc5e5dfe,suspicious,ok,0.152489,0.450851,469,ok;ok;ok;ok,4676375919532886266880771762639863808.000000,/cpfs/user/zhuzihou/assets/dedup_workspaces/test0_transitive_apply_parallel/dataset/GRScenes_assets/door/5bcba605d6b85b53f32ea5cebc5e5dfe/usd/5bcba605d6b85b53f32ea5cebc5e5dfe.usd
door,5c4c99780f80b10bbdaf5a2d04fc11d1,suspicious,ok,0.165882,0.424393,492,ok;ok;ok;ok,4094570758240652907967892314476511232.000000,/cpfs/user/zhuzihou/assets/dedup_workspaces/test0_transitive_apply_parallel/dataset/GRScenes_assets/door/5c4c99780f80b10bbdaf5a2d04fc11d1/usd/5c4c99780f80b10bbdaf5a2d04fc11d1.usd
door,5fad2bce2b5b4adc2cabdcd0e54c5672,suspicious,ok,0.078835,0.266968,486,ok;ok;ok;ok,4372647363043217364898916440876253184.000000,/cpfs/user/zhuzihou/assets/dedup_workspaces/test0_transitive_apply_parallel/dataset/GRScenes_assets/door/5fad2bce2b5b4adc2cabdcd0e54c5672/usd/5fad2bce2b5b4adc2cabdcd0e54c5672.usd
door,65467d945d3adac0db42f1b04e820ba7,suspicious,ok,0.227947,0.296082,504,ok;ok;ok;ok,4916612397319553498187738853356339200.000000,/cpfs/user/zhuzihou/assets/dedup_workspaces/test0_transitive_apply_parallel/dataset/GRScenes_assets/door/65467d945d3adac0db42f1b04e820ba7/usd/65467d945d3adac0db42f1b04e820ba7.usd
door,65508d6fbdb9515785834f96088054eb,suspicious,ok,0.372669,0.442886,453,ok;ok;ok;ok,3940101418174165040353184145238654976.000000,/cpfs/user/zhuzihou/assets/dedup_workspaces/test0_transitive_apply_parallel/dataset/GRScenes_assets/door/65508d6fbdb9515785834f96088054eb/usd/65508d6fbdb9515785834f96088054eb.usd
door,6576b116b8e2f8cc772d7e5875cfdf60,suspicious,ok,0.263622,0.291382,496,ok;ok;ok;ok,4532188119288659765135996483274801152.000000,/cpfs/user/zhuzihou/assets/dedup_workspaces/test0_transitive_apply_parallel/dataset/GRScenes_assets/door/6576b116b8e2f8cc772d7e5875cfdf60/usd/6576b116b8e2f8cc772d7e5875cfdf60.usd
door,65a01e404838d3f670d4bab605f2c6d6,suspicious,ok,0.318295,0.410027,484,ok;ok;ok;ok,4181991400124552851623040180669120512.000000,/cpfs/user/zhuzihou/assets/dedup_workspaces/test0_transitive_apply_parallel/dataset/GRScenes_assets/door/65a01e404838d3f670d4bab605f2c6d6/usd/65a01e404838d3f670d4bab605f2c6d6.usd
door,6660951fb2f8767d956758941ae79c42,suspicious,ok,0.150166,0.431641,492,ok;ok;ok;ok,3368744520565159463845184320745504768.000000,/cpfs/user/zhuzihou/assets/dedup_workspaces/test0_transitive_apply_parallel/dataset/GRScenes_assets/door/6660951fb2f8767d956758941ae79c42/usd/6660951fb2f8767d956758941ae79c42.usd
door,6799c2f67fb517b1270f791faa6230d8,suspicious,ok,0.103283,0.475090,459,ok;ok;ok;ok,3499137845851937161250768664888606720.000000,/cpfs/user/zhuzihou/assets/dedup_workspaces/test0_transitive_apply_parallel/dataset/GRScenes_assets/door/6799c2f67fb517b1270f791faa6230d8/usd/6799c2f67fb517b1270f791faa6230d8.usd
door,68c1af59de578c022457fbfee575682b,suspicious,ok,0.237110,0.327568,512,ok;ok;ok;ok,4534980048153932123358570560331186176.000000,/cpfs/user/zhuzihou/assets/dedup_workspaces/test0_transitive_apply_parallel/dataset/GRScenes_assets/door/68c1af59de578c022457fbfee575682b/usd/68c1af59de578c022457fbfee575682b.usd
door,6a3a5c8c482ca566fbcf59b65a15b1d6,suspicious,suspicious,0.051952,0.098579,240,blank;ok;ok;ok,4759364548961002199893723089328930816.000000,/cpfs/user/zhuzihou/assets/dedup_workspaces/test0_transitive_apply_parallel/dataset/GRScenes_assets/door/6a3a5c8c482ca566fbcf59b65a15b1d6/usd/6a3a5c8c482ca566fbcf59b65a15b1d6.usd
door,6a3c62f42b8d762db7e35407d741a339,suspicious,ok,0.118629,0.337418,486,ok;ok;ok;ok,5222481667985357765609116342742417408.000000,/cpfs/user/zhuzihou/assets/dedup_workspaces/test0_transitive_apply_parallel/dataset/GRScenes_assets/door/6a3c62f42b8d762db7e35407d741a339/usd/6a3c62f42b8d762db7e35407d741a339.usd
door,6afa6a3493e29ed1635708a62356a344,tiny,ok,0.337379,0.432587,488,ok;ok;ok;ok,4172501505704976966304639135273451520.000000,/cpfs/user/zhuzihou/assets/dedup_workspaces/test0_transitive_apply_parallel/dataset/GRScenes_assets/door/6afa6a3493e29ed1635708a62356a344/usd/6afa6a3493e29ed1635708a62356a344.usd
door,6b6ecc4a651057a44dd4b51ea0560bf2,suspicious,ok,0.154964,0.316620,500,ok;ok;ok;ok,5162431050018893814721187164857565184.000000,/cpfs/user/zhuzihou/assets/dedup_workspaces/test0_transitive_apply_parallel/dataset/GRScenes_assets/door/6b6ecc4a651057a44dd4b51ea0560bf2/usd/6b6ecc4a651057a44dd4b51ea0560bf2.usd
door,6b7443a693c2f16c7f3d3879c854648c,suspicious,ok,0.165386,0.399170,480,ok;ok;ok;ok,4160399780499976732497846285786677248.000000,/cpfs/user/zhuzihou/assets/dedup_workspaces/test0_transitive_apply_parallel/dataset/GRScenes_assets/door/6b7443a693c2f16c7f3d3879c854648c/usd/6b7443a693c2f16c7f3d3879c854648c.usd
door,6bd5f918180b6daea2ccb7ffab245661,tiny,ok,0.181561,0.376053,512,ok;ok;ok;ok,5048682704733595535496768726174269440.000000,/cpfs/user/zhuzihou/assets/dedup_workspaces/test0_transitive_apply_parallel/dataset/GRScenes_assets/door/6bd5f918180b6daea2ccb7ffab245661/usd/6bd5f918180b6daea2ccb7ffab245661.usd
door,713449e8535c98457cdff2d40abcaf99,suspicious,ok,0.229462,0.249756,496,ok;ok;ok;ok,4297272366185182971649124575756681216.000000,/cpfs/user/zhuzihou/assets/dedup_workspaces/test0_transitive_apply_parallel/dataset/GRScenes_assets/door/713449e8535c98457cdff2d40abcaf99/usd/713449e8535c98457cdff2d40abcaf99.usd
door,71d3e462df0b46dcc63a3c2e99d4f10c,suspicious,ok,0.332760,0.421143,479,ok;ok;ok;ok,3771480683666512305517175078888931328.000000,/cpfs/user/zhuzihou/assets/dedup_workspaces/test0_transitive_apply_parallel/dataset/GRScenes_assets/door/71d3e462df0b46dcc63a3c2e99d4f10c/usd/71d3e462df0b46dcc63a3c2e99d4f10c.usd
door,7228c946c46374b5defce67952a1fd7b,suspicious,ok,0.259197,0.350220,506,ok;ok;ok;ok,4739153956918187081875957748749828096.000000,/cpfs/user/zhuzihou/assets/dedup_workspaces/test0_transitive_apply_parallel/dataset/GRScenes_assets/door/7228c946c46374b5defce67952a1fd7b/usd/7228c946c46374b5defce67952a1fd7b.usd
door,763dec84fbb65dc6e41960df40120b83,suspicious,ok,0.125580,0.394772,485,ok;ok;ok;ok,3092456696353010591408937211265024000.000000,/cpfs/user/zhuzihou/assets/dedup_workspaces/test0_transitive_apply_parallel/dataset/GRScenes_assets/door/763dec84fbb65dc6e41960df40120b83/usd/763dec84fbb65dc6e41960df40120b83.usd
door,76d5cb18a90e106e24cfd1ae349094e6,suspicious,ok,0.284470,0.407684,512,ok;ok;ok;ok,4799721682611362635317125496258428928.000000,/cpfs/user/zhuzihou/assets/dedup_workspaces/test0_transitive_apply_parallel/dataset/GRScenes_assets/door/76d5cb18a90e106e24cfd1ae349094e6/usd/76d5cb18a90e106e24cfd1ae349094e6.usd
door,78ce6e74d43290aedf7acb20cf8f9da6,suspicious,ok,0.137253,0.337784,512,ok;ok;ok;ok,4334581876609123634312295783803650048.000000,/cpfs/user/zhuzihou/assets/dedup_workspaces/test0_transitive_apply_parallel/dataset/GRScenes_assets/door/78ce6e74d43290aedf7acb20cf8f9da6/usd/78ce6e74d43290aedf7acb20cf8f9da6.usd
door,78d773e877a8161bed36f7d342389c63,suspicious,ok,0.253590,0.342941,510,ok;ok;ok;ok,4897590671053353998676605136940302336.000000,/cpfs/user/zhuzihou/assets/dedup_workspaces/test0_transitive_apply_parallel/dataset/GRScenes_assets/door/78d773e877a8161bed36f7d342389c63/usd/78d773e877a8161bed36f7d342389c63.usd
door,7985ec8c1545d56d8727b78f71be9e0c,suspicious,ok,0.332222,0.428268,488,ok;ok;ok;ok,3242449934753253325552385520239116288.000000,/cpfs/user/zhuzihou/assets/dedup_workspaces/test0_transitive_apply_parallel/dataset/GRScenes_assets/door/7985ec8c1545d56d8727b78f71be9e0c/usd/7985ec8c1545d56d8727b78f71be9e0c.usd
door,79902a4d2389d9ae748416de873d068e,suspicious,ok,0.140259,0.386238,473,ok;ok;ok;ok,3158017674087189355452394895646392320.000000,/cpfs/user/zhuzihou/assets/dedup_workspaces/test0_transitive_apply_parallel/dataset/GRScenes_assets/door/79902a4d2389d9ae748416de873d068e/usd/79902a4d2389d9ae748416de873d068e.usd
door,7b00e0ac8a3ee7d3ddb5ee6ed1028c29,suspicious,ok,0.131367,0.443176,453,ok;ok;ok;ok,3496819905547090852840834460817555456.000000,/cpfs/user/zhuzihou/assets/dedup_workspaces/test0_transitive_apply_parallel/dataset/GRScenes_assets/door/7b00e0ac8a3ee7d3ddb5ee6ed1028c29/usd/7b00e0ac8a3ee7d3ddb5ee6ed1028c29.usd
door,7b46af01a13e3ca1723c1574556af337,tiny,ok,0.300491,0.398438,505,ok;ok;ok;ok,4679084460853739653973076238934212608.000000,/cpfs/user/zhuzihou/assets/dedup_workspaces/test0_transitive_apply_parallel/dataset/GRScenes_assets/door/7b46af01a13e3ca1723c1574556af337/usd/7b46af01a13e3ca1723c1574556af337.usd
door,7cbe0a6e731d2f4608b010735ca38c0c,suspicious,ok,0.141514,0.421783,504,ok;ok;ok;ok,3796548805918291926093806890041475072.000000,/cpfs/user/zhuzihou/assets/dedup_workspaces/test0_transitive_apply_parallel/dataset/GRScenes_assets/door/7cbe0a6e731d2f4608b010735ca38c0c/usd/7cbe0a6e731d2f4608b010735ca38c0c.usd
door,7df0c3a4c44800c85a3dd1a935c49dd0,suspicious,ok,0.286850,0.383331,512,ok;ok;ok;ok,4910494664786051754078603038559305728.000000,/cpfs/user/zhuzihou/assets/dedup_workspaces/test0_transitive_apply_parallel/dataset/GRScenes_assets/door/7df0c3a4c44800c85a3dd1a935c49dd0/usd/7df0c3a4c44800c85a3dd1a935c49dd0.usd
door,82de360c606461296ec7491d3111d0a0,suspicious,ok,0.280861,0.374916,512,ok;ok;ok;ok,4921763948100130111212653084774760448.000000,/cpfs/user/zhuzihou/assets/dedup_workspaces/test0_transitive_apply_parallel/dataset/GRScenes_assets/door/82de360c606461296ec7491d3111d0a0/usd/82de360c606461296ec7491d3111d0a0.usd
door,83288fc8cb39af463e2f2868d32c532a,suspicious,ok,0.337242,0.432587,488,ok;ok;ok;ok,4172502008586734849232655227069399040.000000,/cpfs/user/zhuzihou/assets/dedup_workspaces/test0_transitive_apply_parallel/dataset/GRScenes_assets/door/83288fc8cb39af463e2f2868d32c532a/usd/83288fc8cb39af463e2f2868d32c532a.usd
door,861558f327f413d560ca71e599bae64e,suspicious,ok,0.362900,0.436615,456,ok;ok;ok;ok,4258988909855683779128693563324366848.000000,/cpfs/user/zhuzihou/assets/dedup_workspaces/test0_transitive_apply_parallel/dataset/GRScenes_assets/door/861558f327f413d560ca71e599bae64e/usd/861558f327f413d560ca71e599bae64e.usd
door,866ea6060036a50df21fc605b54c2749,suspicious,ok,0.334450,0.380058,486,ok;ok;ok;ok,3645110116820498673413673655799382016.000000,/cpfs/user/zhuzihou/assets/dedup_workspaces/test0_transitive_apply_parallel/dataset/GRScenes_assets/door/866ea6060036a50df21fc605b54c2749/usd/866ea6060036a50df21fc605b54c2749.usd
door,87f30f1e2c0394dd97fc075fcef73c72,suspicious,ok,0.133293,0.422775,503,ok;ok;ok;ok,2677719236299879242216974977601634304.000000,/cpfs/user/zhuzihou/assets/dedup_workspaces/test0_transitive_apply_parallel/dataset/GRScenes_assets/door/87f30f1e2c0394dd97fc075fcef73c72/usd/87f30f1e2c0394dd97fc075fcef73c72.usd
door,88ebdb259abd13b54ef4f193dd7a20c2,suspicious,ok,0.131474,0.330597,512,ok;ok;ok;ok,4893471600801093174826734475653677056.000000,/cpfs/user/zhuzihou/assets/dedup_workspaces/test0_transitive_apply_parallel/dataset/GRScenes_assets/door/88ebdb259abd13b54ef4f193dd7a20c2/usd/88ebdb259abd13b54ef4f193dd7a20c2.usd
door,89e2b58b950bb7bc12658a6ec3df8061,suspicious,ok,0.369686,0.436699,451,ok;ok;ok;ok,4073495296934173169531294178938454016.000000,/cpfs/user/zhuzihou/assets/dedup_workspaces/test0_transitive_apply_parallel/dataset/GRScenes_assets/door/89e2b58b950bb7bc12658a6ec3df8061/usd/89e2b58b950bb7bc12658a6ec3df8061.usd
door,8c361919bc21718d3941d31e8e4c4ee5,suspicious,ok,0.344753,0.431213,458,ok;ok;ok;ok,2754651639228602112603603476802437120.000000,/cpfs/user/zhuzihou/assets/dedup_workspaces/test0_transitive_apply_parallel/dataset/GRScenes_assets/door/8c361919bc21718d3941d31e8e4c4ee5/usd/8c361919bc21718d3941d31e8e4c4ee5.usd
door,8cec38ba15e4d3c3123028f4544b2210,suspicious,ok,0.146381,0.464737,458,ok;ok;ok;ok,4508604012145129663990147373292584960.000000,/cpfs/user/zhuzihou/assets/dedup_workspaces/test0_transitive_apply_parallel/dataset/GRScenes_assets/door/8cec38ba15e4d3c3123028f4544b2210/usd/8cec38ba15e4d3c3123028f4544b2210.usd
door,8e517678b7fe3946723ab0b0904a624c,suspicious,ok,0.141956,0.427338,502,ok;ok;ok;ok,3415804210343287663305850551955095552.000000,/cpfs/user/zhuzihou/assets/dedup_workspaces/test0_transitive_apply_parallel/dataset/GRScenes_assets/door/8e517678b7fe3946723ab0b0904a624c/usd/8e517678b7fe3946723ab0b0904a624c.usd
door,8fdf31944cf32661abcdada514ef885f,suspicious,ok,0.393112,0.467468,451,ok;ok;ok;ok,4172502039984950923601510924187336704.000000,/cpfs/user/zhuzihou/assets/dedup_workspaces/test0_transitive_apply_parallel/dataset/GRScenes_assets/door/8fdf31944cf32661abcdada514ef885f/usd/8fdf31944cf32661abcdada514ef885f.usd
door,95b81276e653a49c5550a1326fb064fc,suspicious,ok,0.294380,0.391693,512,ok;ok;ok;ok,4230018485595788005218785252805181440.000000,/cpfs/user/zhuzihou/assets/dedup_workspaces/test0_transitive_apply_parallel/dataset/GRScenes_assets/door/95b81276e653a49c5550a1326fb064fc/usd/95b81276e653a49c5550a1326fb064fc.usd
door,9737c07304b7548bd223e08f841b2c34,suspicious,ok,0.378578,0.456985,457,ok;ok;ok;ok,3369092565675885826193320011630641152.000000,/cpfs/user/zhuzihou/assets/dedup_workspaces/test0_transitive_apply_parallel/dataset/GRScenes_assets/door/9737c07304b7548bd223e08f841b2c34/usd/9737c07304b7548bd223e08f841b2c34.usd
door,98b4ab82b9be98179d34926fa014fada,suspicious,ok,0.285358,0.431213,510,ok;ok;ok;ok,4588210921610303556371012491338055680.000000,/cpfs/user/zhuzihou/assets/dedup_workspaces/test0_transitive_apply_parallel/dataset/GRScenes_assets/door/98b4ab82b9be98179d34926fa014fada/usd/98b4ab82b9be98179d34926fa014fada.usd
door,991cf6f1dbbcb24e137e4c3eb10c2c78,suspicious,ok,0.391308,0.466164,453,ok;ok;ok;ok,3605927575756584347868686186547511296.000000,/cpfs/user/zhuzihou/assets/dedup_workspaces/test0_transitive_apply_parallel/dataset/GRScenes_assets/door/991cf6f1dbbcb24e137e4c3eb10c2c78/usd/991cf6f1dbbcb24e137e4c3eb10c2c78.usd
door,9d475a41093791e984cb3e1ec02b5b60,suspicious,ok,0.254604,0.343079,508,ok;ok;ok;ok,4589155909393587137766690554365607936.000000,/cpfs/user/zhuzihou/assets/dedup_workspaces/test0_transitive_apply_parallel/dataset/GRScenes_assets/door/9d475a41093791e984cb3e1ec02b5b60/usd/9d475a41093791e984cb3e1ec02b5b60.usd
door,a0c66b9cc4ff38c79f4fb9d7b25105a0,suspicious,ok,0.135750,0.340179,512,ok;ok;ok;ok,4328732621966797976865160346864713728.000000,/cpfs/user/zhuzihou/assets/dedup_workspaces/test0_transitive_apply_parallel/dataset/GRScenes_assets/door/a0c66b9cc4ff38c79f4fb9d7b25105a0/usd/a0c66b9cc4ff38c79f4fb9d7b25105a0.usd
door,a19798bc58e6cd201db3a63aa58fd616,suspicious,ok,0.346714,0.401794,464,ok;ok;ok;ok,4113444211584390403004549241537298432.000000,/cpfs/user/zhuzihou/assets/dedup_workspaces/test0_transitive_apply_parallel/dataset/GRScenes_assets/door/a19798bc58e6cd201db3a63aa58fd616/usd/a19798bc58e6cd201db3a63aa58fd616.usd
door,a4c5d857e6cafa9dfcf32cab1a015dff,suspicious,ok,0.128296,0.411987,504,ok;ok;ok;ok,4796143559212993714483912045062258688.000000,/cpfs/user/zhuzihou/assets/dedup_workspaces/test0_transitive_apply_parallel/dataset/GRScenes_assets/door/a4c5d857e6cafa9dfcf32cab1a015dff/usd/a4c5d857e6cafa9dfcf32cab1a015dff.usd
door,a58442481504bbd4a96e95ac7c69a129,suspicious,ok,0.094307,0.384521,508,ok;ok;ok;ok,3840383079510576913519057908908687360.000000,/cpfs/user/zhuzihou/assets/dedup_workspaces/test0_transitive_apply_parallel/dataset/GRScenes_assets/door/a58442481504bbd4a96e95ac7c69a129/usd/a58442481504bbd4a96e95ac7c69a129.usd
door,a8206555830d974572ac758f3d449b3e,suspicious,ok,0.349018,0.399506,494,ok;ok;ok;ok,4525647759343395694731081676927008768.000000,/cpfs/user/zhuzihou/assets/dedup_workspaces/test0_transitive_apply_parallel/dataset/GRScenes_assets/door/a8206555830d974572ac758f3d449b3e/usd/a8206555830d974572ac758f3d449b3e.usd
door,aa029a85dd34635a3af7cd3ef7e5378d,suspicious,ok,0.244579,0.335388,512,ok;ok;ok;ok,4858171198199734746617652948550811648.000000,/cpfs/user/zhuzihou/assets/dedup_workspaces/test0_transitive_apply_parallel/dataset/GRScenes_assets/door/aa029a85dd34635a3af7cd3ef7e5378d/usd/aa029a85dd34635a3af7cd3ef7e5378d.usd
door,abfc50e7374cb743b2817f4c82deee97,suspicious,ok,0.316048,0.422699,512,ok;ok;ok;ok,4256029872992568092174908499502825472.000000,/cpfs/user/zhuzihou/assets/dedup_workspaces/test0_transitive_apply_parallel/dataset/GRScenes_assets/door/abfc50e7374cb743b2817f4c82deee97/usd/abfc50e7374cb743b2817f4c82deee97.usd
door,ad51fd906b342554ac3c5ff29f203d9b,suspicious,suspicious,0.036999,0.087555,230,ok;blank;ok;ok,3219757049829683532381757202447204352.000000,/cpfs/user/zhuzihou/assets/dedup_workspaces/test0_transitive_apply_parallel/dataset/GRScenes_assets/door/ad51fd906b342554ac3c5ff29f203d9b/usd/ad51fd906b342554ac3c5ff29f203d9b.usd
door,aed618a154b36fe211add5663236a110,suspicious,ok,0.277695,0.317253,498,ok;ok;ok;ok,4905120270970925705822859392054198272.000000,/cpfs/user/zhuzihou/assets/dedup_workspaces/test0_transitive_apply_parallel/dataset/GRScenes_assets/door/aed618a154b36fe211add5663236a110/usd/aed618a154b36fe211add5663236a110.usd
door,b04b3b4394ff733993f21619e0a29a8e,suspicious,ok,0.364922,0.451401,459,ok;ok;ok;ok,2711518156069740830897752904055128064.000000,/cpfs/user/zhuzihou/assets/dedup_workspaces/test0_transitive_apply_parallel/dataset/GRScenes_assets/door/b04b3b4394ff733993f21619e0a29a8e/usd/b04b3b4394ff733993f21619e0a29a8e.usd
door,b16b5205214f15c42aed50b3a329326e,tiny,ok,0.113251,0.482460,458,ok;ok;ok;ok,3717671880927810922725877637214896128.000000,/cpfs/user/zhuzihou/assets/dedup_workspaces/test0_transitive_apply_parallel/dataset/GRScenes_assets/door/b16b5205214f15c42aed50b3a329326e/usd/b16b5205214f15c42aed50b3a329326e.usd
door,b1bebc899534826b488772472258b6c0,suspicious,ok,0.286850,0.383331,512,ok;ok;ok;ok,4910494750215811286531811360303480832.000000,/cpfs/user/zhuzihou/assets/dedup_workspaces/test0_transitive_apply_parallel/dataset/GRScenes_assets/door/b1bebc899534826b488772472258b6c0/usd/b1bebc899534826b488772472258b6c0.usd
door,b4687a944670c0e79d9491a08f7eebf3,suspicious,ok,0.199852,0.421829,512,ok;ok;ok;ok,4514124934602120026547104009188016128.000000,/cpfs/user/zhuzihou/assets/dedup_workspaces/test0_transitive_apply_parallel/dataset/GRScenes_assets/door/b4687a944670c0e79d9491a08f7eebf3/usd/b4687a944670c0e79d9491a08f7eebf3.usd
door,b485442ae320e3f9821ffc9fc6f612e8,suspicious,ok,0.098743,0.336395,511,ok;ok;ok;ok,4481872594907799707410819425008353280.000000,/cpfs/user/zhuzihou/assets/dedup_workspaces/test0_transitive_apply_parallel/dataset/GRScenes_assets/door/b485442ae320e3f9821ffc9fc6f612e8/usd/b485442ae320e3f9821ffc9fc6f612e8.usd
door,b61bff72e74797683da08d1be57fcd98,suspicious,ok,0.099174,0.289135,489,ok;ok;ok;ok,5151996255055006267023972297751920640.000000,/cpfs/user/zhuzihou/assets/dedup_workspaces/test0_transitive_apply_parallel/dataset/GRScenes_assets/door/b61bff72e74797683da08d1be57fcd98/usd/b61bff72e74797683da08d1be57fcd98.usd
door,ba4b0ebcf6bddc5b3df23b65f8de4d39,suspicious,ok,0.294678,0.391678,502,ok;ok;ok;ok,4068142806664412316994421232211329024.000000,/cpfs/user/zhuzihou/assets/dedup_workspaces/test0_transitive_apply_parallel/dataset/GRScenes_assets/door/ba4b0ebcf6bddc5b3df23b65f8de4d39/usd/ba4b0ebcf6bddc5b3df23b65f8de4d39.usd
door,c13fc3c2db21ca9c26a1d910e2d6a405,suspicious,ok,0.109894,0.400085,472,ok;ok;ok;ok,4000374447422301297590795506517278720.000000,/cpfs/user/zhuzihou/assets/dedup_workspaces/test0_transitive_apply_parallel/dataset/GRScenes_assets/door/c13fc3c2db21ca9c26a1d910e2d6a405/usd/c13fc3c2db21ca9c26a1d910e2d6a405.usd
door,c1eff10a921be72fd54fd1cc54c41cff,suspicious,ok,0.326878,0.424843,498,ok;ok;ok;ok,3530863772676376359896589845256994816.000000,/cpfs/user/zhuzihou/assets/dedup_workspaces/test0_transitive_apply_parallel/dataset/GRScenes_assets/door/c1eff10a921be72fd54fd1cc54c41cff/usd/c1eff10a921be72fd54fd1cc54c41cff.usd
door,c2a03c7fade4fd0cb2bad49f1abfd5a3,suspicious,ok,0.120167,0.470772,453,ok;ok;ok;ok,3575471650976153052553679985149214720.000000,/cpfs/user/zhuzihou/assets/dedup_workspaces/test0_transitive_apply_parallel/dataset/GRScenes_assets/door/c2a03c7fade4fd0cb2bad49f1abfd5a3/usd/c2a03c7fade4fd0cb2bad49f1abfd5a3.usd
door,c7d17ba4ef751eed553c6ec8aa84de0d,suspicious,ok,0.121380,0.467468,452,ok;ok;ok;ok,3632989969693501684858461397924708352.000000,/cpfs/user/zhuzihou/assets/dedup_workspaces/test0_transitive_apply_parallel/dataset/GRScenes_assets/door/c7d17ba4ef751eed553c6ec8aa84de0d/usd/c7d17ba4ef751eed553c6ec8aa84de0d.usd
door,caccfcf88c93964e0ef99451f0b7c36a,suspicious,ok,0.278145,0.372528,512,ok;ok;ok;ok,4587348700152392856244608405193359360.000000,/cpfs/user/zhuzihou/assets/dedup_workspaces/test0_transitive_apply_parallel/dataset/GRScenes_assets/door/caccfcf88c93964e0ef99451f0b7c36a/usd/caccfcf88c93964e0ef99451f0b7c36a.usd
door,cae5ec2582a4c3d30e8f40d9d1d7f31d,suspicious,ok,0.132526,0.420570,450,ok;ok;ok;ok,4298116294732524812750214038986686464.000000,/cpfs/user/zhuzihou/assets/dedup_workspaces/test0_transitive_apply_parallel/dataset/GRScenes_assets/door/cae5ec2582a4c3d30e8f40d9d1d7f31d/usd/cae5ec2582a4c3d30e8f40d9d1d7f31d.usd
door,cb17d0bc37963bc149c36459dc42406e,suspicious,ok,0.387424,0.462372,452,ok;ok;ok;ok,3596436139233828492807457114704314368.000000,/cpfs/user/zhuzihou/assets/dedup_workspaces/test0_transitive_apply_parallel/dataset/GRScenes_assets/door/cb17d0bc37963bc149c36459dc42406e/usd/cb17d0bc37963bc149c36459dc42406e.usd
door,cbacdf8e1bc20257bace15f32fe1fc46,suspicious,ok,0.080177,0.396057,496,ok;ok;ok;ok,2862329207031819521568912032751681536.000000,/cpfs/user/zhuzihou/assets/dedup_workspaces/test0_transitive_apply_parallel/dataset/GRScenes_assets/door/cbacdf8e1bc20257bace15f32fe1fc46/usd/cbacdf8e1bc20257bace15f32fe1fc46.usd
door,cd806e20565d6750ab1ce6593b5b97eb,suspicious,ok,0.085258,0.288544,507,ok;ok;ok;ok,4427514372909596034567494171279491072.000000,/cpfs/user/zhuzihou/assets/dedup_workspaces/test0_transitive_apply_parallel/dataset/GRScenes_assets/door/cd806e20565d6750ab1ce6593b5b97eb/usd/cd806e20565d6750ab1ce6593b5b97eb.usd
door,ce910fa4bd67c8a2e663fd1ec3f95b5e,suspicious,ok,0.253574,0.347778,512,ok;ok;ok;ok,4896672090342013139094145000909307904.000000,/cpfs/user/zhuzihou/assets/dedup_workspaces/test0_transitive_apply_parallel/dataset/GRScenes_assets/door/ce910fa4bd67c8a2e663fd1ec3f95b5e/usd/ce910fa4bd67c8a2e663fd1ec3f95b5e.usd
door,cf3d08857d169c7d0f90a02562bdbf3f,suspicious,ok,0.286850,0.383331,512,ok;ok;ok;ok,4910494948339773340179069631826231296.000000,/cpfs/user/zhuzihou/assets/dedup_workspaces/test0_transitive_apply_parallel/dataset/GRScenes_assets/door/cf3d08857d169c7d0f90a02562bdbf3f/usd/cf3d08857d169c7d0f90a02562bdbf3f.usd
door,cf755e66f04c8cc57359b4c445ebeb74,suspicious,ok,0.260956,0.288322,494,ok;ok;ok;ok,4536192744686214840881544936474804224.000000,/cpfs/user/zhuzihou/assets/dedup_workspaces/test0_transitive_apply_parallel/dataset/GRScenes_assets/door/cf755e66f04c8cc57359b4c445ebeb74/usd/cf755e66f04c8cc57359b4c445ebeb74.usd
door,d3a61a241adb21bcad64d88913c249d0,suspicious,ok,0.122597,0.418152,506,ok;ok;ok;ok,3230005444522794365713528319687786496.000000,/cpfs/user/zhuzihou/assets/dedup_workspaces/test0_transitive_apply_parallel/dataset/GRScenes_assets/door/d3a61a241adb21bcad64d88913c249d0/usd/d3a61a241adb21bcad64d88913c249d0.usd
door,d6694d8ab82db9c94861565343a3290d,suspicious,ok,0.237015,0.323410,512,ok;ok;ok;ok,4972720522352843005850239075446947840.000000,/cpfs/user/zhuzihou/assets/dedup_workspaces/test0_transitive_apply_parallel/dataset/GRScenes_assets/door/d6694d8ab82db9c94861565343a3290d/usd/d6694d8ab82db9c94861565343a3290d.usd
door,d7c9fc9c593e628ac7053b01d5c0ecb2,suspicious,ok,0.222454,0.312805,512,ok;ok;ok;ok,3954387375373914410008091077992513536.000000,/cpfs/user/zhuzihou/assets/dedup_workspaces/test0_transitive_apply_parallel/dataset/GRScenes_assets/door/d7c9fc9c593e628ac7053b01d5c0ecb2/usd/d7c9fc9c593e628ac7053b01d5c0ecb2.usd
door,dbeb79ef8a7a558e28f6b6e528e1fb0b,suspicious,ok,0.098125,0.362854,510,ok;ok;ok;ok,4974325311677346579771603337238020096.000000,/cpfs/user/zhuzihou/assets/dedup_workspaces/test0_transitive_apply_parallel/dataset/GRScenes_assets/door/dbeb79ef8a7a558e28f6b6e528e1fb0b/usd/dbeb79ef8a7a558e28f6b6e528e1fb0b.usd
door,de75e5188c60c6eef2440984a28722c2,suspicious,ok,0.155872,0.409424,497,ok;ok;ok;ok,4460685691988484854119982084095213568.000000,/cpfs/user/zhuzihou/assets/dedup_workspaces/test0_transitive_apply_parallel/dataset/GRScenes_assets/door/de75e5188c60c6eef2440984a28722c2/usd/de75e5188c60c6eef2440984a28722c2.usd
door,de84a12efff3ca993727c3d4b1f173c2,suspicious,ok,0.369442,0.453072,459,ok;ok;ok;ok,3393834796605864093361243752744615936.000000,/cpfs/user/zhuzihou/assets/dedup_workspaces/test0_transitive_apply_parallel/dataset/GRScenes_assets/door/de84a12efff3ca993727c3d4b1f173c2/usd/de84a12efff3ca993727c3d4b1f173c2.usd
door,deb8b23a57e4b4736b0205556feafb28,suspicious,ok,0.329685,0.429817,501,ok;ok;ok;ok,3885718990302208803268580000730710016.000000,/cpfs/user/zhuzihou/assets/dedup_workspaces/test0_transitive_apply_parallel/dataset/GRScenes_assets/door/deb8b23a57e4b4736b0205556feafb28/usd/deb8b23a57e4b4736b0205556feafb28.usd
door,e0323472fc3ba395c94c2b7af5302e5e,suspicious,ok,0.171272,0.410576,476,ok;ok;ok;ok,3538004880264031995585972068662902784.000000,/cpfs/user/zhuzihou/assets/dedup_workspaces/test0_transitive_apply_parallel/dataset/GRScenes_assets/door/e0323472fc3ba395c94c2b7af5302e5e/usd/e0323472fc3ba395c94c2b7af5302e5e.usd
door,e121491bec0b83f68962c741d08c0215,suspicious,ok,0.249813,0.336563,512,ok;ok;ok;ok,5351372238487345670240923952449847296.000000,/cpfs/user/zhuzihou/assets/dedup_workspaces/test0_transitive_apply_parallel/dataset/GRScenes_assets/door/e121491bec0b83f68962c741d08c0215/usd/e121491bec0b83f68962c741d08c0215.usd
door,e23c3e854c78ceafc91d27a396daa121,suspicious,ok,0.325943,0.419128,492,ok;ok;ok;ok,4286866126208436601185347249352212480.000000,/cpfs/user/zhuzihou/assets/dedup_workspaces/test0_transitive_apply_parallel/dataset/GRScenes_assets/door/e23c3e854c78ceafc91d27a396daa121/usd/e23c3e854c78ceafc91d27a396daa121.usd
door,e26a77ccda7c88159059fae4023e4da8,suspicious,ok,0.145428,0.365295,512,ok;ok;ok;ok,4989373009138361476319029344509886464.000000,/cpfs/user/zhuzihou/assets/dedup_workspaces/test0_transitive_apply_parallel/dataset/GRScenes_assets/door/e26a77ccda7c88159059fae4023e4da8/usd/e26a77ccda7c88159059fae4023e4da8.usd
door,e38c06df07622811c186160023082843,suspicious,suspicious,0.074371,0.088131,207,ok;ok;blank;ok,3467203817391431284689303701238579200.000000,/cpfs/user/zhuzihou/assets/dedup_workspaces/test0_transitive_apply_parallel/dataset/GRScenes_assets/door/e38c06df07622811c186160023082843/usd/e38c06df07622811c186160023082843.usd
door,e395f15c671937384e8e7da04fe95d9d,suspicious,suspicious,0.060955,0.147800,319,blank;ok;ok;ok,3577205720932025176878796145887805440.000000,/cpfs/user/zhuzihou/assets/dedup_workspaces/test0_transitive_apply_parallel/dataset/GRScenes_assets/door/e395f15c671937384e8e7da04fe95d9d/usd/e395f15c671937384e8e7da04fe95d9d.usd
door,e806b44dc58760f97b59f5414d8e9bd4,suspicious,ok,0.100357,0.417770,500,ok;ok;ok;ok,2876953460339558975327398265553420288.000000,/cpfs/user/zhuzihou/assets/dedup_workspaces/test0_transitive_apply_parallel/dataset/GRScenes_assets/door/e806b44dc58760f97b59f5414d8e9bd4/usd/e806b44dc58760f97b59f5414d8e9bd4.usd
door,e90f1f1ba5b57514a04869d692d703df,suspicious,ok,0.355179,0.414070,458,ok;ok;ok;ok,4300584320190223308024067915205574656.000000,/cpfs/user/zhuzihou/assets/dedup_workspaces/test0_transitive_apply_parallel/dataset/GRScenes_assets/door/e90f1f1ba5b57514a04869d692d703df/usd/e90f1f1ba5b57514a04869d692d703df.usd
door,e9c38467eb4dc1d8f3f9610038379071,suspicious,ok,0.253174,0.347778,512,ok;ok;ok;ok,4897590586780084309003862166860726272.000000,/cpfs/user/zhuzihou/assets/dedup_workspaces/test0_transitive_apply_parallel/dataset/GRScenes_assets/door/e9c38467eb4dc1d8f3f9610038379071/usd/e9c38467eb4dc1d8f3f9610038379071.usd
door,ea8de76d8ae020bdb02e99a3a780b1dd,suspicious,ok,0.143085,0.352394,494,ok;ok;ok;ok,4775824653356394378034288126366580736.000000,/cpfs/user/zhuzihou/assets/dedup_workspaces/test0_transitive_apply_parallel/dataset/GRScenes_assets/door/ea8de76d8ae020bdb02e99a3a780b1dd/usd/ea8de76d8ae020bdb02e99a3a780b1dd.usd
door,ed0f8a9790cc735e26c54a7248a940ca,suspicious,ok,0.296593,0.330631,501,ok;ok;ok;ok,5006383834121584521406712915123240960.000000,/cpfs/user/zhuzihou/assets/dedup_workspaces/test0_transitive_apply_parallel/dataset/GRScenes_assets/door/ed0f8a9790cc735e26c54a7248a940ca/usd/ed0f8a9790cc735e26c54a7248a940ca.usd
door,efea5da75262b0b4fecc3f02fe942d19,suspicious,ok,0.284420,0.383240,512,ok;ok;ok;ok,4923081407954291450597221166613528576.000000,/cpfs/user/zhuzihou/assets/dedup_workspaces/test0_transitive_apply_parallel/dataset/GRScenes_assets/door/efea5da75262b0b4fecc3f02fe942d19/usd/efea5da75262b0b4fecc3f02fe942d19.usd
door,f121b1d92c7f7f8c9d8e4887248309ed,suspicious,ok,0.158684,0.433975,478,ok;ok;ok;ok,4821259403187528075024304138547625984.000000,/cpfs/user/zhuzihou/assets/dedup_workspaces/test0_transitive_apply_parallel/dataset/GRScenes_assets/door/f121b1d92c7f7f8c9d8e4887248309ed/usd/f121b1d92c7f7f8c9d8e4887248309ed.usd
door,f19b6d19e28b903e4653a546ab10ce5c,suspicious,ok,0.125580,0.420090,492,ok;ok;ok;ok,2933914764941155211614107994211483648.000000,/cpfs/user/zhuzihou/assets/dedup_workspaces/test0_transitive_apply_parallel/dataset/GRScenes_assets/door/f19b6d19e28b903e4653a546ab10ce5c/usd/f19b6d19e28b903e4653a546ab10ce5c.usd
door,f2c0a59a214519ea5b503db2bbc6e3ff,suspicious,ok,0.203533,0.424896,474,ok;ok;ok;ok,4046578867960737803285089630023581696.000000,/cpfs/user/zhuzihou/assets/dedup_workspaces/test0_transitive_apply_parallel/dataset/GRScenes_assets/door/f2c0a59a214519ea5b503db2bbc6e3ff/usd/f2c0a59a214519ea5b503db2bbc6e3ff.usd
door,f44c8a887a0ac753af77fb4b6302c6c2,suspicious,ok,0.361504,0.452614,460,ok;ok;ok;ok,3035545902604961655299225545923887104.000000,/cpfs/user/zhuzihou/assets/dedup_workspaces/test0_transitive_apply_parallel/dataset/GRScenes_assets/door/f44c8a887a0ac753af77fb4b6302c6c2/usd/f44c8a887a0ac753af77fb4b6302c6c2.usd
door,f74d2763c278e90fdc80943313f2baef,suspicious,ok,0.330288,0.433060,508,ok;ok;ok;ok,4570410295569177089111984929392033792.000000,/cpfs/user/zhuzihou/assets/dedup_workspaces/test0_transitive_apply_parallel/dataset/GRScenes_assets/door/f74d2763c278e90fdc80943313f2baef/usd/f74d2763c278e90fdc80943313f2baef.usd
door,f801fd8210b6526fe4de8b6a58dc6a91,suspicious,ok,0.155163,0.348267,512,ok;ok;ok;ok,4081886282079206931284720586248421376.000000,/cpfs/user/zhuzihou/assets/dedup_workspaces/test0_transitive_apply_parallel/dataset/GRScenes_assets/door/f801fd8210b6526fe4de8b6a58dc6a91/usd/f801fd8210b6526fe4de8b6a58dc6a91.usd
door,f8ba0976e3387c7e8332ce461e44b50e,suspicious,ok,0.334385,0.384655,469,ok;ok;ok;ok,4118188814412045164693745815844290560.000000,/cpfs/user/zhuzihou/assets/dedup_workspaces/test0_transitive_apply_parallel/dataset/GRScenes_assets/door/f8ba0976e3387c7e8332ce461e44b50e/usd/f8ba0976e3387c7e8332ce461e44b50e.usd
door,fa08a6644d80eeb0f65bc13cd12310ba,suspicious,ok,0.262688,0.354828,512,ok;ok;ok;ok,3984965416685819239285454983095386112.000000,/cpfs/user/zhuzihou/assets/dedup_workspaces/test0_transitive_apply_parallel/dataset/GRScenes_assets/door/fa08a6644d80eeb0f65bc13cd12310ba/usd/fa08a6644d80eeb0f65bc13cd12310ba.usd
door,fa9aff7979cc1504395544b645b80f05,suspicious,ok,0.341480,0.394318,472,ok;ok;ok;ok,4115900990609531724055063961654001664.000000,/cpfs/user/zhuzihou/assets/dedup_workspaces/test0_transitive_apply_parallel/dataset/GRScenes_assets/door/fa9aff7979cc1504395544b645b80f05/usd/fa9aff7979cc1504395544b645b80f05.usd
door,fae0fbacfc3a40eaa06b5b4fc85b17e8,suspicious,ok,0.137440,0.407990,461,ok;ok;ok;ok,4346295802069066982636048001343160320.000000,/cpfs/user/zhuzihou/assets/dedup_workspaces/test0_transitive_apply_parallel/dataset/GRScenes_assets/door/fae0fbacfc3a40eaa06b5b4fc85b17e8/usd/fae0fbacfc3a40eaa06b5b4fc85b17e8.usd
door,fca2d6cabe2b3e1e8fa73a99416cdc3f,suspicious,ok,0.246204,0.333839,512,ok;ok;ok;ok,4409953728121521666928835697718591488.000000,/cpfs/user/zhuzihou/assets/dedup_workspaces/test0_transitive_apply_parallel/dataset/GRScenes_assets/door/fca2d6cabe2b3e1e8fa73a99416cdc3f/usd/fca2d6cabe2b3e1e8fa73a99416cdc3f.usd
door,ff304656bc3734b7b1d4c766bfdf7363,suspicious,ok,0.158417,0.437607,476,ok;ok;ok;ok,4795171532135885445654426033609244672.000000,/cpfs/user/zhuzihou/assets/dedup_workspaces/test0_transitive_apply_parallel/dataset/GRScenes_assets/door/ff304656bc3734b7b1d4c766bfdf7363/usd/ff304656bc3734b7b1d4c766bfdf7363.usd
door,ff9ae9c6631091993e013e0989b26055,suspicious,ok,0.211094,0.391846,512,ok;ok;ok;ok,4964672116968184706623866618974830592.000000,/cpfs/user/zhuzihou/assets/dedup_workspaces/test0_transitive_apply_parallel/dataset/GRScenes_assets/door/ff9ae9c6631091993e013e0989b26055/usd/ff9ae9c6631091993e013e0989b26055.usd
pen,5259a9e94e1c0a24de525763dc3e9c7c,blank,suspicious,0.032990,0.318031,428,ok;ok;ok;tiny,0.997813,/cpfs/user/zhuzihou/assets/dedup_workspaces/test0_transitive_apply_parallel/dataset/GRScenes_assets/pen/5259a9e94e1c0a24de525763dc3e9c7c/usd/5259a9e94e1c0a24de525763dc3e9c7c.usd
table,76c7a7e7c945a8bfea9c257cc2011559,suspicious,ok,0.112644,0.456863,445,ok;ok;ok;ok,2758229557020536756548867197799235584.000000,/cpfs/user/zhuzihou/assets/dedup_workspaces/test0_transitive_apply_parallel/dataset/GRScenes_assets/table/76c7a7e7c945a8bfea9c257cc2011559/usd/76c7a7e7c945a8bfea9c257cc2011559.usd
