category,uid,view,class,fg_ratio,bbox_width,bbox_height,bbox_area_ratio,path
cabinet,0103f6d34c5852236100733a4a9a8a2f,front,ok,0.398281,417,329,0.523350,docs/tmp/final-source-verification-2026-05-09/current_residual_bbox_rerender/cabinet/0103f6d34c5852236100733a4a9a8a2f/front.png
cabinet,0103f6d34c5852236100733a4a9a8a2f,left,ok,0.382568,490,277,0.517769,docs/tmp/final-source-verification-2026-05-09/current_residual_bbox_rerender/cabinet/0103f6d34c5852236100733a4a9a8a2f/left.png
cabinet,0103f6d34c5852236100733a4a9a8a2f,back,ok,0.398281,417,329,0.523350,docs/tmp/final-source-verification-2026-05-09/current_residual_bbox_rerender/cabinet/0103f6d34c5852236100733a4a9a8a2f/back.png
cabinet,0103f6d34c5852236100733a4a9a8a2f,right,ok,0.392456,512,272,0.531250,docs/tmp/final-source-verification-2026-05-09/current_residual_bbox_rerender/cabinet/0103f6d34c5852236100733a4a9a8a2f/right.png
cabinet,017e70823d03e5a8cda2c082e6440449,front,ok,0.187450,506,103,0.198814,docs/tmp/final-source-verification-2026-05-09/current_residual_bbox_rerender/cabinet/017e70823d03e5a8cda2c082e6440449/front.png
cabinet,017e70823d03e5a8cda2c082e6440449,left,ok,0.164074,164,350,0.218964,docs/tmp/final-source-verification-2026-05-09/current_residual_bbox_rerender/cabinet/017e70823d03e5a8cda2c082e6440449/left.png
cabinet,017e70823d03e5a8cda2c082e6440449,back,ok,0.187450,506,103,0.198814,docs/tmp/final-source-verification-2026-05-09/current_residual_bbox_rerender/cabinet/017e70823d03e5a8cda2c082e6440449/back.png
cabinet,017e70823d03e5a8cda2c082e6440449,right,ok,0.164074,164,350,0.218964,docs/tmp/final-source-verification-2026-05-09/current_residual_bbox_rerender/cabinet/017e70823d03e5a8cda2c082e6440449/right.png
cabinet,01832f2d9a433adec46c23492a04a66c,front,ok,0.298054,500,172,0.328064,docs/tmp/final-source-verification-2026-05-09/current_residual_bbox_rerender/cabinet/01832f2d9a433adec46c23492a04a66c/front.png
cabinet,01832f2d9a433adec46c23492a04a66c,left,ok,0.123573,104,407,0.161469,docs/tmp/final-source-verification-2026-05-09/current_residual_bbox_rerender/cabinet/01832f2d9a433adec46c23492a04a66c/left.png
cabinet,01832f2d9a433adec46c23492a04a66c,back,ok,0.298054,500,172,0.328064,docs/tmp/final-source-verification-2026-05-09/current_residual_bbox_rerender/cabinet/01832f2d9a433adec46c23492a04a66c/back.png
cabinet,01832f2d9a433adec46c23492a04a66c,right,ok,0.123589,104,407,0.161469,docs/tmp/final-source-verification-2026-05-09/current_residual_bbox_rerender/cabinet/01832f2d9a433adec46c23492a04a66c/right.png
cabinet,01ba00f2f4072e5e3f71cadea43edf49,front,ok,0.229736,236,334,0.300690,docs/tmp/final-source-verification-2026-05-09/current_residual_bbox_rerender/cabinet/01ba00f2f4072e5e3f71cadea43edf49/front.png
cabinet,01ba00f2f4072e5e3f71cadea43edf49,left,ok,0.251247,512,158,0.308594,docs/tmp/final-source-verification-2026-05-09/current_residual_bbox_rerender/cabinet/01ba00f2f4072e5e3f71cadea43edf49/left.png
cabinet,01ba00f2f4072e5e3f71cadea43edf49,back,ok,0.231468,242,334,0.308334,docs/tmp/final-source-verification-2026-05-09/current_residual_bbox_rerender/cabinet/01ba00f2f4072e5e3f71cadea43edf49/back.png
cabinet,01ba00f2f4072e5e3f71cadea43edf49,right,ok,0.252453,512,142,0.277344,docs/tmp/final-source-verification-2026-05-09/current_residual_bbox_rerender/cabinet/01ba00f2f4072e5e3f71cadea43edf49/right.png
cabinet,01fd983213e1647c02edfce9a6ea098d,front,ok,0.381355,466,257,0.456856,docs/tmp/final-source-verification-2026-05-09/current_residual_bbox_rerender/cabinet/01fd983213e1647c02edfce9a6ea098d/front.png
cabinet,01fd983213e1647c02edfce9a6ea098d,left,ok,0.134975,107,443,0.180820,docs/tmp/final-source-verification-2026-05-09/current_residual_bbox_rerender/cabinet/01fd983213e1647c02edfce9a6ea098d/left.png
cabinet,01fd983213e1647c02edfce9a6ea098d,back,ok,0.393108,470,257,0.460777,docs/tmp/final-source-verification-2026-05-09/current_residual_bbox_rerender/cabinet/01fd983213e1647c02edfce9a6ea098d/back.png
cabinet,01fd983213e1647c02edfce9a6ea098d,right,ok,0.074383,103,443,0.174061,docs/tmp/final-source-verification-2026-05-09/current_residual_bbox_rerender/cabinet/01fd983213e1647c02edfce9a6ea098d/right.png
cabinet,030552c05f71248d0ec542c121a3586f,front,ok,0.397137,486,248,0.459778,docs/tmp/final-source-verification-2026-05-09/current_residual_bbox_rerender/cabinet/030552c05f71248d0ec542c121a3586f/front.png
cabinet,030552c05f71248d0ec542c121a3586f,left,ok,0.375084,414,350,0.552750,docs/tmp/final-source-verification-2026-05-09/current_residual_bbox_rerender/cabinet/030552c05f71248d0ec542c121a3586f/left.png
cabinet,030552c05f71248d0ec542c121a3586f,back,ok,0.405758,388,333,0.492874,docs/tmp/final-source-verification-2026-05-09/current_residual_bbox_rerender/cabinet/030552c05f71248d0ec542c121a3586f/back.png
cabinet,030552c05f71248d0ec542c121a3586f,right,ok,0.374210,414,349,0.551170,docs/tmp/final-source-verification-2026-05-09/current_residual_bbox_rerender/cabinet/030552c05f71248d0ec542c121a3586f/right.png
cabinet,03084f37e155430e2768d4a8f71c41d6,front,ok,0.366936,360,351,0.482025,docs/tmp/final-source-verification-2026-05-09/current_residual_bbox_rerender/cabinet/03084f37e155430e2768d4a8f71c41d6/front.png
cabinet,03084f37e155430e2768d4a8f71c41d6,left,ok,0.333580,512,237,0.462891,docs/tmp/final-source-verification-2026-05-09/current_residual_bbox_rerender/cabinet/03084f37e155430e2768d4a8f71c41d6/left.png
cabinet,03084f37e155430e2768d4a8f71c41d6,back,ok,0.334572,360,351,0.482025,docs/tmp/final-source-verification-2026-05-09/current_residual_bbox_rerender/cabinet/03084f37e155430e2768d4a8f71c41d6/back.png
cabinet,03084f37e155430e2768d4a8f71c41d6,right,ok,0.354183,506,242,0.467117,docs/tmp/final-source-verification-2026-05-09/current_residual_bbox_rerender/cabinet/03084f37e155430e2768d4a8f71c41d6/right.png
cabinet,030f6923af651a0593b1556295d36e0b,front,ok,0.430145,480,274,0.501709,docs/tmp/final-source-verification-2026-05-09/current_residual_bbox_rerender/cabinet/030f6923af651a0593b1556295d36e0b/front.png
cabinet,030f6923af651a0593b1556295d36e0b,left,ok,0.218529,176,439,0.294739,docs/tmp/final-source-verification-2026-05-09/current_residual_bbox_rerender/cabinet/030f6923af651a0593b1556295d36e0b/left.png
cabinet,030f6923af651a0593b1556295d36e0b,back,ok,0.423302,482,273,0.501961,docs/tmp/final-source-verification-2026-05-09/current_residual_bbox_rerender/cabinet/030f6923af651a0593b1556295d36e0b/back.png
cabinet,030f6923af651a0593b1556295d36e0b,right,ok,0.227119,176,439,0.294739,docs/tmp/final-source-verification-2026-05-09/current_residual_bbox_rerender/cabinet/030f6923af651a0593b1556295d36e0b/right.png
cabinet,0351e38501c4134575e6dda441b434d9,front,ok,0.225819,217,360,0.298004,docs/tmp/final-source-verification-2026-05-09/current_residual_bbox_rerender/cabinet/0351e38501c4134575e6dda441b434d9/front.png
cabinet,0351e38501c4134575e6dda441b434d9,left,ok,0.255497,512,140,0.273438,docs/tmp/final-source-verification-2026-05-09/current_residual_bbox_rerender/cabinet/0351e38501c4134575e6dda441b434d9/left.png
cabinet,0351e38501c4134575e6dda441b434d9,back,ok,0.225857,217,360,0.298004,docs/tmp/final-source-verification-2026-05-09/current_residual_bbox_rerender/cabinet/0351e38501c4134575e6dda441b434d9/back.png
cabinet,0351e38501c4134575e6dda441b434d9,right,ok,0.255497,512,140,0.273438,docs/tmp/final-source-verification-2026-05-09/current_residual_bbox_rerender/cabinet/0351e38501c4134575e6dda441b434d9/right.png
cabinet,039c6bdd9fc8b57652b7a96f885dc484,front,ok,0.285042,444,218,0.369232,docs/tmp/final-source-verification-2026-05-09/current_residual_bbox_rerender/cabinet/039c6bdd9fc8b57652b7a96f885dc484/front.png
cabinet,039c6bdd9fc8b57652b7a96f885dc484,left,ok,0.275230,472,194,0.349304,docs/tmp/final-source-verification-2026-05-09/current_residual_bbox_rerender/cabinet/039c6bdd9fc8b57652b7a96f885dc484/left.png
cabinet,039c6bdd9fc8b57652b7a96f885dc484,back,ok,0.285042,444,218,0.369232,docs/tmp/final-source-verification-2026-05-09/current_residual_bbox_rerender/cabinet/039c6bdd9fc8b57652b7a96f885dc484/back.png
cabinet,039c6bdd9fc8b57652b7a96f885dc484,right,ok,0.275230,472,194,0.349304,docs/tmp/final-source-verification-2026-05-09/current_residual_bbox_rerender/cabinet/039c6bdd9fc8b57652b7a96f885dc484/right.png
cabinet,03d89ac3714f5dbdef54fa3d7f8b2702,front,ok,0.033241,463,19,0.033558,docs/tmp/final-source-verification-2026-05-09/current_residual_bbox_rerender/cabinet/03d89ac3714f5dbdef54fa3d7f8b2702/front.png
cabinet,03d89ac3714f5dbdef54fa3d7f8b2702,left,ok,0.015049,16,332,0.020264,docs/tmp/final-source-verification-2026-05-09/current_residual_bbox_rerender/cabinet/03d89ac3714f5dbdef54fa3d7f8b2702/left.png
cabinet,03d89ac3714f5dbdef54fa3d7f8b2702,back,ok,0.033573,468,19,0.033920,docs/tmp/final-source-verification-2026-05-09/current_residual_bbox_rerender/cabinet/03d89ac3714f5dbdef54fa3d7f8b2702/back.png
cabinet,03d89ac3714f5dbdef54fa3d7f8b2702,right,ok,0.014645,16,332,0.020264,docs/tmp/final-source-verification-2026-05-09/current_residual_bbox_rerender/cabinet/03d89ac3714f5dbdef54fa3d7f8b2702/right.png
cabinet,042a2ad4549c90e90a91f9bc50f7b9b6,front,ok,0.267162,512,149,0.291016,docs/tmp/final-source-verification-2026-05-09/current_residual_bbox_rerender/cabinet/042a2ad4549c90e90a91f9bc50f7b9b6/front.png
cabinet,042a2ad4549c90e90a91f9bc50f7b9b6,left,ok,0.272102,280,336,0.358887,docs/tmp/final-source-verification-2026-05-09/current_residual_bbox_rerender/cabinet/042a2ad4549c90e90a91f9bc50f7b9b6/left.png
cabinet,042a2ad4549c90e90a91f9bc50f7b9b6,back,ok,0.267162,512,149,0.291016,docs/tmp/final-source-verification-2026-05-09/current_residual_bbox_rerender/cabinet/042a2ad4549c90e90a91f9bc50f7b9b6/back.png
cabinet,042a2ad4549c90e90a91f9bc50f7b9b6,right,ok,0.272121,280,336,0.358887,docs/tmp/final-source-verification-2026-05-09/current_residual_bbox_rerender/cabinet/042a2ad4549c90e90a91f9bc50f7b9b6/right.png
cabinet,04341ec1ca6bf336f49cad66cae7a722,front,ok,0.380806,378,322,0.464310,docs/tmp/final-source-verification-2026-05-09/current_residual_bbox_rerender/cabinet/04341ec1ca6bf336f49cad66cae7a722/front.png
cabinet,04341ec1ca6bf336f49cad66cae7a722,left,ok,0.066963,50,460,0.087738,docs/tmp/final-source-verification-2026-05-09/current_residual_bbox_rerender/cabinet/04341ec1ca6bf336f49cad66cae7a722/left.png
cabinet,04341ec1ca6bf336f49cad66cae7a722,back,ok,0.382053,380,322,0.466766,docs/tmp/final-source-verification-2026-05-09/current_residual_bbox_rerender/cabinet/04341ec1ca6bf336f49cad66cae7a722/back.png
cabinet,04341ec1ca6bf336f49cad66cae7a722,right,ok,0.065224,48,460,0.084229,docs/tmp/final-source-verification-2026-05-09/current_residual_bbox_rerender/cabinet/04341ec1ca6bf336f49cad66cae7a722/right.png
cabinet,0488118f0fd22625619c210a71c8d81e,front,ok,0.024529,20,414,0.031586,docs/tmp/final-source-verification-2026-05-09/current_residual_bbox_rerender/cabinet/0488118f0fd22625619c210a71c8d81e/front.png
cabinet,0488118f0fd22625619c210a71c8d81e,left,ok,0.269951,480,165,0.302124,docs/tmp/final-source-verification-2026-05-09/current_residual_bbox_rerender/cabinet/0488118f0fd22625619c210a71c8d81e/left.png
cabinet,0488118f0fd22625619c210a71c8d81e,back,ok,0.024525,20,414,0.031586,docs/tmp/final-source-verification-2026-05-09/current_residual_bbox_rerender/cabinet/0488118f0fd22625619c210a71c8d81e/back.png
cabinet,0488118f0fd22625619c210a71c8d81e,right,ok,0.270191,480,165,0.302124,docs/tmp/final-source-verification-2026-05-09/current_residual_bbox_rerender/cabinet/0488118f0fd22625619c210a71c8d81e/right.png
cabinet,0493d2c7a758de44c6b45d4c14801a74,front,ok,0.482048,480,328,0.600586,docs/tmp/final-source-verification-2026-05-09/current_residual_bbox_rerender/cabinet/0493d2c7a758de44c6b45d4c14801a74/front.png
cabinet,0493d2c7a758de44c6b45d4c14801a74,left,ok,0.492630,474,332,0.600311,docs/tmp/final-source-verification-2026-05-09/current_residual_bbox_rerender/cabinet/0493d2c7a758de44c6b45d4c14801a74/left.png
cabinet,0493d2c7a758de44c6b45d4c14801a74,back,ok,0.482075,480,328,0.600586,docs/tmp/final-source-verification-2026-05-09/current_residual_bbox_rerender/cabinet/0493d2c7a758de44c6b45d4c14801a74/back.png
cabinet,0493d2c7a758de44c6b45d4c14801a74,right,ok,0.468739,474,328,0.593079,docs/tmp/final-source-verification-2026-05-09/current_residual_bbox_rerender/cabinet/0493d2c7a758de44c6b45d4c14801a74/right.png
cabinet,051784651ce9ea0494f32068cb8a1210,front,ok,0.189266,212,289,0.233719,docs/tmp/final-source-verification-2026-05-09/current_residual_bbox_rerender/cabinet/051784651ce9ea0494f32068cb8a1210/front.png
cabinet,051784651ce9ea0494f32068cb8a1210,left,ok,0.217598,426,271,0.440392,docs/tmp/final-source-verification-2026-05-09/current_residual_bbox_rerender/cabinet/051784651ce9ea0494f32068cb8a1210/left.png
cabinet,051784651ce9ea0494f32068cb8a1210,back,ok,0.181427,157,431,0.258129,docs/tmp/final-source-verification-2026-05-09/current_residual_bbox_rerender/cabinet/051784651ce9ea0494f32068cb8a1210/back.png
cabinet,051784651ce9ea0494f32068cb8a1210,right,ok,0.219578,434,280,0.463562,docs/tmp/final-source-verification-2026-05-09/current_residual_bbox_rerender/cabinet/051784651ce9ea0494f32068cb8a1210/right.png
cabinet,0592e41b66a549d83a509305325d6d91,front,ok,0.439732,457,334,0.582268,docs/tmp/final-source-verification-2026-05-09/current_residual_bbox_rerender/cabinet/0592e41b66a549d83a509305325d6d91/front.png
cabinet,0592e41b66a549d83a509305325d6d91,left,ok,0.420918,426,334,0.542770,docs/tmp/final-source-verification-2026-05-09/current_residual_bbox_rerender/cabinet/0592e41b66a549d83a509305325d6d91/left.png
cabinet,0592e41b66a549d83a509305325d6d91,back,ok,0.426224,435,334,0.554237,docs/tmp/final-source-verification-2026-05-09/current_residual_bbox_rerender/cabinet/0592e41b66a549d83a509305325d6d91/back.png
cabinet,0592e41b66a549d83a509305325d6d91,right,ok,0.448174,460,331,0.580826,docs/tmp/final-source-verification-2026-05-09/current_residual_bbox_rerender/cabinet/0592e41b66a549d83a509305325d6d91/right.png
cabinet,05b603614a4ff2f04bfa544a2d85a0bd,front,ok,0.019096,15,423,0.024204,docs/tmp/final-source-verification-2026-05-09/current_residual_bbox_rerender/cabinet/05b603614a4ff2f04bfa544a2d85a0bd/front.png
cabinet,05b603614a4ff2f04bfa544a2d85a0bd,left,ok,0.111412,92,405,0.142136,docs/tmp/final-source-verification-2026-05-09/current_residual_bbox_rerender/cabinet/05b603614a4ff2f04bfa544a2d85a0bd/left.png
cabinet,05b603614a4ff2f04bfa544a2d85a0bd,back,ok,0.017342,14,424,0.022644,docs/tmp/final-source-verification-2026-05-09/current_residual_bbox_rerender/cabinet/05b603614a4ff2f04bfa544a2d85a0bd/back.png
cabinet,05b603614a4ff2f04bfa544a2d85a0bd,right,ok,0.111408,92,405,0.142136,docs/tmp/final-source-verification-2026-05-09/current_residual_bbox_rerender/cabinet/05b603614a4ff2f04bfa544a2d85a0bd/right.png
cabinet,0643684aed91df5d35c78c3e8ab9268c,front,ok,0.287224,512,162,0.316406,docs/tmp/final-source-verification-2026-05-09/current_residual_bbox_rerender/cabinet/0643684aed91df5d35c78c3e8ab9268c/front.png
cabinet,0643684aed91df5d35c78c3e8ab9268c,left,ok,0.223152,201,379,0.290600,docs/tmp/final-source-verification-2026-05-09/current_residual_bbox_rerender/cabinet/0643684aed91df5d35c78c3e8ab9268c/left.png
cabinet,0643684aed91df5d35c78c3e8ab9268c,back,ok,0.286972,512,159,0.310547,docs/tmp/final-source-verification-2026-05-09/current_residual_bbox_rerender/cabinet/0643684aed91df5d35c78c3e8ab9268c/back.png
cabinet,0643684aed91df5d35c78c3e8ab9268c,right,ok,0.222393,202,376,0.289734,docs/tmp/final-source-verification-2026-05-09/current_residual_bbox_rerender/cabinet/0643684aed91df5d35c78c3e8ab9268c/right.png
cabinet,06ba887f18c9cd0fdc34bd23e2c31de2,front,ok,0.208565,254,296,0.286804,docs/tmp/final-source-verification-2026-05-09/current_residual_bbox_rerender/cabinet/06ba887f18c9cd0fdc34bd23e2c31de2/front.png
cabinet,06ba887f18c9cd0fdc34bd23e2c31de2,left,ok,0.161606,504,96,0.184570,docs/tmp/final-source-verification-2026-05-09/current_residual_bbox_rerender/cabinet/06ba887f18c9cd0fdc34bd23e2c31de2/left.png
cabinet,06ba887f18c9cd0fdc34bd23e2c31de2,back,ok,0.208607,254,296,0.286804,docs/tmp/final-source-verification-2026-05-09/current_residual_bbox_rerender/cabinet/06ba887f18c9cd0fdc34bd23e2c31de2/back.png
cabinet,06ba887f18c9cd0fdc34bd23e2c31de2,right,ok,0.161606,504,96,0.184570,docs/tmp/final-source-verification-2026-05-09/current_residual_bbox_rerender/cabinet/06ba887f18c9cd0fdc34bd23e2c31de2/right.png
cabinet,075d44942a37753c8caec2586734e2fe,front,ok,0.294945,298,326,0.370590,docs/tmp/final-source-verification-2026-05-09/current_residual_bbox_rerender/cabinet/075d44942a37753c8caec2586734e2fe/front.png
cabinet,075d44942a37753c8caec2586734e2fe,left,ok,0.294064,496,202,0.382202,docs/tmp/final-source-verification-2026-05-09/current_residual_bbox_rerender/cabinet/075d44942a37753c8caec2586734e2fe/left.png
cabinet,075d44942a37753c8caec2586734e2fe,back,ok,0.295292,298,326,0.370590,docs/tmp/final-source-verification-2026-05-09/current_residual_bbox_rerender/cabinet/075d44942a37753c8caec2586734e2fe/back.png
cabinet,075d44942a37753c8caec2586734e2fe,right,ok,0.319744,512,184,0.359375,docs/tmp/final-source-verification-2026-05-09/current_residual_bbox_rerender/cabinet/075d44942a37753c8caec2586734e2fe/right.png
cabinet,077086869ae8fb2c4e6974fe7f94d684,front,ok,0.033890,470,20,0.035858,docs/tmp/final-source-verification-2026-05-09/current_residual_bbox_rerender/cabinet/077086869ae8fb2c4e6974fe7f94d684/front.png
cabinet,077086869ae8fb2c4e6974fe7f94d684,left,ok,0.034161,38,322,0.046677,docs/tmp/final-source-verification-2026-05-09/current_residual_bbox_rerender/cabinet/077086869ae8fb2c4e6974fe7f94d684/left.png
cabinet,077086869ae8fb2c4e6974fe7f94d684,back,ok,0.033966,470,20,0.035858,docs/tmp/final-source-verification-2026-05-09/current_residual_bbox_rerender/cabinet/077086869ae8fb2c4e6974fe7f94d684/back.png
cabinet,077086869ae8fb2c4e6974fe7f94d684,right,ok,0.034153,38,322,0.046677,docs/tmp/final-source-verification-2026-05-09/current_residual_bbox_rerender/cabinet/077086869ae8fb2c4e6974fe7f94d684/right.png
cabinet,081bebfaa51513fd3fa62d629c6aa1df,front,ok,0.408794,490,252,0.471039,docs/tmp/final-source-verification-2026-05-09/current_residual_bbox_rerender/cabinet/081bebfaa51513fd3fa62d629c6aa1df/front.png
cabinet,081bebfaa51513fd3fa62d629c6aa1df,left,ok,0.208508,164,434,0.271515,docs/tmp/final-source-verification-2026-05-09/current_residual_bbox_rerender/cabinet/081bebfaa51513fd3fa62d629c6aa1df/left.png
cabinet,081bebfaa51513fd3fa62d629c6aa1df,back,ok,0.408779,490,252,0.471039,docs/tmp/final-source-verification-2026-05-09/current_residual_bbox_rerender/cabinet/081bebfaa51513fd3fa62d629c6aa1df/back.png
cabinet,081bebfaa51513fd3fa62d629c6aa1df,right,ok,0.209389,164,434,0.271515,docs/tmp/final-source-verification-2026-05-09/current_residual_bbox_rerender/cabinet/081bebfaa51513fd3fa62d629c6aa1df/right.png
cabinet,08376cadeb427ee8d2e0773ed890c542,front,ok,0.361580,352,342,0.459229,docs/tmp/final-source-verification-2026-05-09/current_residual_bbox_rerender/cabinet/08376cadeb427ee8d2e0773ed890c542/front.png
cabinet,08376cadeb427ee8d2e0773ed890c542,left,ok,0.084991,66,459,0.115562,docs/tmp/final-source-verification-2026-05-09/current_residual_bbox_rerender/cabinet/08376cadeb427ee8d2e0773ed890c542/left.png
cabinet,08376cadeb427ee8d2e0773ed890c542,back,ok,0.362984,350,344,0.459290,docs/tmp/final-source-verification-2026-05-09/current_residual_bbox_rerender/cabinet/08376cadeb427ee8d2e0773ed890c542/back.png
cabinet,08376cadeb427ee8d2e0773ed890c542,right,ok,0.063148,49,459,0.085796,docs/tmp/final-source-verification-2026-05-09/current_residual_bbox_rerender/cabinet/08376cadeb427ee8d2e0773ed890c542/right.png
cabinet,0945b6d77dba9b992541a10795e91c5b,front,ok,0.390217,476,249,0.452133,docs/tmp/final-source-verification-2026-05-09/current_residual_bbox_rerender/cabinet/0945b6d77dba9b992541a10795e91c5b/front.png
cabinet,0945b6d77dba9b992541a10795e91c5b,left,ok,0.142063,110,439,0.184212,docs/tmp/final-source-verification-2026-05-09/current_residual_bbox_rerender/cabinet/0945b6d77dba9b992541a10795e91c5b/left.png
cabinet,0945b6d77dba9b992541a10795e91c5b,back,ok,0.388485,475,249,0.451183,docs/tmp/final-source-verification-2026-05-09/current_residual_bbox_rerender/cabinet/0945b6d77dba9b992541a10795e91c5b/back.png
cabinet,0945b6d77dba9b992541a10795e91c5b,right,ok,0.144878,112,439,0.187561,docs/tmp/final-source-verification-2026-05-09/current_residual_bbox_rerender/cabinet/0945b6d77dba9b992541a10795e91c5b/right.png
cabinet,095fa0e7cdf34defcd98b99ed9639a52,front,ok,0.422249,412,361,0.567368,docs/tmp/final-source-verification-2026-05-09/current_residual_bbox_rerender/cabinet/095fa0e7cdf34defcd98b99ed9639a52/front.png
cabinet,095fa0e7cdf34defcd98b99ed9639a52,left,ok,0.357380,303,402,0.464653,docs/tmp/final-source-verification-2026-05-09/current_residual_bbox_rerender/cabinet/095fa0e7cdf34defcd98b99ed9639a52/left.png
cabinet,095fa0e7cdf34defcd98b99ed9639a52,back,ok,0.438049,427,363,0.591282,docs/tmp/final-source-verification-2026-05-09/current_residual_bbox_rerender/cabinet/095fa0e7cdf34defcd98b99ed9639a52/back.png
cabinet,095fa0e7cdf34defcd98b99ed9639a52,right,ok,0.415615,352,396,0.531738,docs/tmp/final-source-verification-2026-05-09/current_residual_bbox_rerender/cabinet/095fa0e7cdf34defcd98b99ed9639a52/right.png
cabinet,0968a1c333825e9d2f912db1d353b0e8,front,ok,0.035431,469,20,0.035782,docs/tmp/final-source-verification-2026-05-09/current_residual_bbox_rerender/cabinet/0968a1c333825e9d2f912db1d353b0e8/front.png
cabinet,0968a1c333825e9d2f912db1d353b0e8,left,ok,0.022427,24,328,0.030029,docs/tmp/final-source-verification-2026-05-09/current_residual_bbox_rerender/cabinet/0968a1c333825e9d2f912db1d353b0e8/left.png
cabinet,0968a1c333825e9d2f912db1d353b0e8,back,ok,0.035431,469,20,0.035782,docs/tmp/final-source-verification-2026-05-09/current_residual_bbox_rerender/cabinet/0968a1c333825e9d2f912db1d353b0e8/back.png
cabinet,0968a1c333825e9d2f912db1d353b0e8,right,ok,0.022427,24,328,0.030029,docs/tmp/final-source-verification-2026-05-09/current_residual_bbox_rerender/cabinet/0968a1c333825e9d2f912db1d353b0e8/right.png
cabinet,0a1853ab45a22f77e53edd7d8a0589fb,front,ok,0.182327,506,109,0.210396,docs/tmp/final-source-verification-2026-05-09/current_residual_bbox_rerender/cabinet/0a1853ab45a22f77e53edd7d8a0589fb/front.png
cabinet,0a1853ab45a22f77e53edd7d8a0589fb,left,ok,0.231163,289,287,0.316402,docs/tmp/final-source-verification-2026-05-09/current_residual_bbox_rerender/cabinet/0a1853ab45a22f77e53edd7d8a0589fb/left.png
cabinet,0a1853ab45a22f77e53edd7d8a0589fb,back,ok,0.182289,505,109,0.209980,docs/tmp/final-source-verification-2026-05-09/current_residual_bbox_rerender/cabinet/0a1853ab45a22f77e53edd7d8a0589fb/back.png
cabinet,0a1853ab45a22f77e53edd7d8a0589fb,right,ok,0.231148,289,287,0.316402,docs/tmp/final-source-verification-2026-05-09/current_residual_bbox_rerender/cabinet/0a1853ab45a22f77e53edd7d8a0589fb/right.png
cabinet,0ac1552e77a5063fc5cbe6d3d95398a2,front,ok,0.404915,402,321,0.492256,docs/tmp/final-source-verification-2026-05-09/current_residual_bbox_rerender/cabinet/0ac1552e77a5063fc5cbe6d3d95398a2/front.png
cabinet,0ac1552e77a5063fc5cbe6d3d95398a2,left,ok,0.121437,90,457,0.156898,docs/tmp/final-source-verification-2026-05-09/current_residual_bbox_rerender/cabinet/0ac1552e77a5063fc5cbe6d3d95398a2/left.png
cabinet,0ac1552e77a5063fc5cbe6d3d95398a2,back,ok,0.404922,402,321,0.492256,docs/tmp/final-source-verification-2026-05-09/current_residual_bbox_rerender/cabinet/0ac1552e77a5063fc5cbe6d3d95398a2/back.png
cabinet,0ac1552e77a5063fc5cbe6d3d95398a2,right,ok,0.121445,90,457,0.156898,docs/tmp/final-source-verification-2026-05-09/current_residual_bbox_rerender/cabinet/0ac1552e77a5063fc5cbe6d3d95398a2/right.png
cabinet,0b558ffc6d640331607c4eeca7e99fb6,front,ok,0.368851,380,316,0.458069,docs/tmp/final-source-verification-2026-05-09/current_residual_bbox_rerender/cabinet/0b558ffc6d640331607c4eeca7e99fb6/front.png
cabinet,0b558ffc6d640331607c4eeca7e99fb6,left,ok,0.025967,30,460,0.052643,docs/tmp/final-source-verification-2026-05-09/current_residual_bbox_rerender/cabinet/0b558ffc6d640331607c4eeca7e99fb6/left.png
cabinet,0b558ffc6d640331607c4eeca7e99fb6,back,ok,0.361351,380,316,0.458069,docs/tmp/final-source-verification-2026-05-09/current_residual_bbox_rerender/cabinet/0b558ffc6d640331607c4eeca7e99fb6/back.png
cabinet,0b558ffc6d640331607c4eeca7e99fb6,right,ok,0.025959,30,460,0.052643,docs/tmp/final-source-verification-2026-05-09/current_residual_bbox_rerender/cabinet/0b558ffc6d640331607c4eeca7e99fb6/right.png
cabinet,0bddb3eab9f10dc1718a6ffd43d4949d,front,ok,0.249817,264,334,0.336365,docs/tmp/final-source-verification-2026-05-09/current_residual_bbox_rerender/cabinet/0bddb3eab9f10dc1718a6ffd43d4949d/front.png
cabinet,0bddb3eab9f10dc1718a6ffd43d4949d,left,ok,0.243114,500,154,0.293732,docs/tmp/final-source-verification-2026-05-09/current_residual_bbox_rerender/cabinet/0bddb3eab9f10dc1718a6ffd43d4949d/left.png
cabinet,0bddb3eab9f10dc1718a6ffd43d4949d,back,ok,0.220394,264,300,0.302124,docs/tmp/final-source-verification-2026-05-09/current_residual_bbox_rerender/cabinet/0bddb3eab9f10dc1718a6ffd43d4949d/back.png
cabinet,0bddb3eab9f10dc1718a6ffd43d4949d,right,ok,0.235931,510,163,0.317116,docs/tmp/final-source-verification-2026-05-09/current_residual_bbox_rerender/cabinet/0bddb3eab9f10dc1718a6ffd43d4949d/right.png
cabinet,0bf8fcbd2bbc7755e5793bcd46d60521,front,ok,0.013828,10,423,0.016136,docs/tmp/final-source-verification-2026-05-09/current_residual_bbox_rerender/cabinet/0bf8fcbd2bbc7755e5793bcd46d60521/front.png
cabinet,0bf8fcbd2bbc7755e5793bcd46d60521,left,ok,0.108658,90,404,0.138702,docs/tmp/final-source-verification-2026-05-09/current_residual_bbox_rerender/cabinet/0bf8fcbd2bbc7755e5793bcd46d60521/left.png
cabinet,0bf8fcbd2bbc7755e5793bcd46d60521,back,ok,0.013828,10,423,0.016136,docs/tmp/final-source-verification-2026-05-09/current_residual_bbox_rerender/cabinet/0bf8fcbd2bbc7755e5793bcd46d60521/back.png
cabinet,0bf8fcbd2bbc7755e5793bcd46d60521,right,ok,0.108658,90,404,0.138702,docs/tmp/final-source-verification-2026-05-09/current_residual_bbox_rerender/cabinet/0bf8fcbd2bbc7755e5793bcd46d60521/right.png
cabinet,0ce144f7d988cb8b375fd331caead792,front,ok,0.046947,289,45,0.049610,docs/tmp/final-source-verification-2026-05-09/current_residual_bbox_rerender/cabinet/0ce144f7d988cb8b375fd331caead792/front.png
cabinet,0ce144f7d988cb8b375fd331caead792,left,ok,0.061371,148,211,0.119125,docs/tmp/final-source-verification-2026-05-09/current_residual_bbox_rerender/cabinet/0ce144f7d988cb8b375fd331caead792/left.png
cabinet,0ce144f7d988cb8b375fd331caead792,back,blank,0.000000,0,0,0.000000,docs/tmp/final-source-verification-2026-05-09/current_residual_bbox_rerender/cabinet/0ce144f7d988cb8b375fd331caead792/back.png
cabinet,0ce144f7d988cb8b375fd331caead792,right,ok,0.054710,146,153,0.085213,docs/tmp/final-source-verification-2026-05-09/current_residual_bbox_rerender/cabinet/0ce144f7d988cb8b375fd331caead792/right.png
cabinet,0dd113faaefaf20150c364db6c094d46,front,ok,0.367619,380,316,0.458069,docs/tmp/final-source-verification-2026-05-09/current_residual_bbox_rerender/cabinet/0dd113faaefaf20150c364db6c094d46/front.png
cabinet,0dd113faaefaf20150c364db6c094d46,left,ok,0.025959,30,460,0.052643,docs/tmp/final-source-verification-2026-05-09/current_residual_bbox_rerender/cabinet/0dd113faaefaf20150c364db6c094d46/left.png
cabinet,0dd113faaefaf20150c364db6c094d46,back,ok,0.361092,380,316,0.458069,docs/tmp/final-source-verification-2026-05-09/current_residual_bbox_rerender/cabinet/0dd113faaefaf20150c364db6c094d46/back.png
cabinet,0dd113faaefaf20150c364db6c094d46,right,ok,0.025967,30,460,0.052643,docs/tmp/final-source-verification-2026-05-09/current_residual_bbox_rerender/cabinet/0dd113faaefaf20150c364db6c094d46/right.png
cabinet,0eded1eb6381909c5b6c33c970edc544,front,ok,0.034012,470,20,0.035858,docs/tmp/final-source-verification-2026-05-09/current_residual_bbox_rerender/cabinet/0eded1eb6381909c5b6c33c970edc544/front.png
cabinet,0eded1eb6381909c5b6c33c970edc544,left,ok,0.033920,38,322,0.046677,docs/tmp/final-source-verification-2026-05-09/current_residual_bbox_rerender/cabinet/0eded1eb6381909c5b6c33c970edc544/left.png
cabinet,0eded1eb6381909c5b6c33c970edc544,back,ok,0.034008,470,20,0.035858,docs/tmp/final-source-verification-2026-05-09/current_residual_bbox_rerender/cabinet/0eded1eb6381909c5b6c33c970edc544/back.png
cabinet,0eded1eb6381909c5b6c33c970edc544,right,ok,0.033920,38,322,0.046677,docs/tmp/final-source-verification-2026-05-09/current_residual_bbox_rerender/cabinet/0eded1eb6381909c5b6c33c970edc544/right.png
cabinet,10b0842e6d25cc47fa85fa1928e1544f,front,ok,0.274712,507,157,0.303646,docs/tmp/final-source-verification-2026-05-09/current_residual_bbox_rerender/cabinet/10b0842e6d25cc47fa85fa1928e1544f/front.png
cabinet,10b0842e6d25cc47fa85fa1928e1544f,left,ok,0.146740,127,398,0.192818,docs/tmp/final-source-verification-2026-05-09/current_residual_bbox_rerender/cabinet/10b0842e6d25cc47fa85fa1928e1544f/left.png
cabinet,10b0842e6d25cc47fa85fa1928e1544f,back,ok,0.278877,506,157,0.303047,docs/tmp/final-source-verification-2026-05-09/current_residual_bbox_rerender/cabinet/10b0842e6d25cc47fa85fa1928e1544f/back.png
cabinet,10b0842e6d25cc47fa85fa1928e1544f,right,ok,0.135464,126,398,0.191299,docs/tmp/final-source-verification-2026-05-09/current_residual_bbox_rerender/cabinet/10b0842e6d25cc47fa85fa1928e1544f/right.png
cabinet,11413ddf3ff0d34acc6a3d6c5e9651e8,front,ok,0.406322,366,391,0.545906,docs/tmp/final-source-verification-2026-05-09/current_residual_bbox_rerender/cabinet/11413ddf3ff0d34acc6a3d6c5e9651e8/front.png
cabinet,11413ddf3ff0d34acc6a3d6c5e9651e8,left,ok,0.316303,252,432,0.415283,docs/tmp/final-source-verification-2026-05-09/current_residual_bbox_rerender/cabinet/11413ddf3ff0d34acc6a3d6c5e9651e8/left.png
cabinet,11413ddf3ff0d34acc6a3d6c5e9651e8,back,ok,0.396683,340,391,0.507126,docs/tmp/final-source-verification-2026-05-09/current_residual_bbox_rerender/cabinet/11413ddf3ff0d34acc6a3d6c5e9651e8/back.png
cabinet,11413ddf3ff0d34acc6a3d6c5e9651e8,right,ok,0.339157,269,429,0.440220,docs/tmp/final-source-verification-2026-05-09/current_residual_bbox_rerender/cabinet/11413ddf3ff0d34acc6a3d6c5e9651e8/right.png
cabinet,117a44467a223320cb538da11ca5f956,front,ok,0.260654,512,144,0.281250,docs/tmp/final-source-verification-2026-05-09/current_residual_bbox_rerender/cabinet/117a44467a223320cb538da11ca5f956/front.png
cabinet,117a44467a223320cb538da11ca5f956,left,ok,0.248032,252,347,0.333572,docs/tmp/final-source-verification-2026-05-09/current_residual_bbox_rerender/cabinet/117a44467a223320cb538da11ca5f956/left.png
cabinet,117a44467a223320cb538da11ca5f956,back,ok,0.260704,512,144,0.281250,docs/tmp/final-source-verification-2026-05-09/current_residual_bbox_rerender/cabinet/117a44467a223320cb538da11ca5f956/back.png
cabinet,117a44467a223320cb538da11ca5f956,right,ok,0.252651,252,347,0.333572,docs/tmp/final-source-verification-2026-05-09/current_residual_bbox_rerender/cabinet/117a44467a223320cb538da11ca5f956/right.png
cabinet,11b5e6aba98c3d732b8731c0e9fa46fb,front,ok,0.377552,502,225,0.430870,docs/tmp/final-source-verification-2026-05-09/current_residual_bbox_rerender/cabinet/11b5e6aba98c3d732b8731c0e9fa46fb/front.png
cabinet,11b5e6aba98c3d732b8731c0e9fa46fb,left,ok,0.191067,156,423,0.251724,docs/tmp/final-source-verification-2026-05-09/current_residual_bbox_rerender/cabinet/11b5e6aba98c3d732b8731c0e9fa46fb/left.png
cabinet,11b5e6aba98c3d732b8731c0e9fa46fb,back,ok,0.375462,498,224,0.425537,docs/tmp/final-source-verification-2026-05-09/current_residual_bbox_rerender/cabinet/11b5e6aba98c3d732b8731c0e9fa46fb/back.png
cabinet,11b5e6aba98c3d732b8731c0e9fa46fb,right,ok,0.193642,156,423,0.251724,docs/tmp/final-source-verification-2026-05-09/current_residual_bbox_rerender/cabinet/11b5e6aba98c3d732b8731c0e9fa46fb/right.png
cabinet,123f6a89cd741c984dc5030f1c7ca2a3,front,ok,0.312271,324,330,0.407867,docs/tmp/final-source-verification-2026-05-09/current_residual_bbox_rerender/cabinet/123f6a89cd741c984dc5030f1c7ca2a3/front.png
cabinet,123f6a89cd741c984dc5030f1c7ca2a3,left,ok,0.302872,512,171,0.333984,docs/tmp/final-source-verification-2026-05-09/current_residual_bbox_rerender/cabinet/123f6a89cd741c984dc5030f1c7ca2a3/left.png
cabinet,123f6a89cd741c984dc5030f1c7ca2a3,back,ok,0.312298,324,330,0.407867,docs/tmp/final-source-verification-2026-05-09/current_residual_bbox_rerender/cabinet/123f6a89cd741c984dc5030f1c7ca2a3/back.png
cabinet,123f6a89cd741c984dc5030f1c7ca2a3,right,ok,0.302876,512,171,0.333984,docs/tmp/final-source-verification-2026-05-09/current_residual_bbox_rerender/cabinet/123f6a89cd741c984dc5030f1c7ca2a3/right.png
cabinet,131d3cd0588c4c99b6d6106dfee89487,front,ok,0.447098,410,365,0.570869,docs/tmp/final-source-verification-2026-05-09/current_residual_bbox_rerender/cabinet/131d3cd0588c4c99b6d6106dfee89487/front.png
cabinet,131d3cd0588c4c99b6d6106dfee89487,left,ok,0.366379,302,420,0.483856,docs/tmp/final-source-verification-2026-05-09/current_residual_bbox_rerender/cabinet/131d3cd0588c4c99b6d6106dfee89487/left.png
cabinet,131d3cd0588c4c99b6d6106dfee89487,back,ok,0.456146,429,362,0.592415,docs/tmp/final-source-verification-2026-05-09/current_residual_bbox_rerender/cabinet/131d3cd0588c4c99b6d6106dfee89487/back.png
cabinet,131d3cd0588c4c99b6d6106dfee89487,right,ok,0.397381,325,420,0.520706,docs/tmp/final-source-verification-2026-05-09/current_residual_bbox_rerender/cabinet/131d3cd0588c4c99b6d6106dfee89487/right.png
cabinet,1347473d7fe8c041e902558d24c9e375,front,ok,0.135311,146,386,0.214981,docs/tmp/final-source-verification-2026-05-09/current_residual_bbox_rerender/cabinet/1347473d7fe8c041e902558d24c9e375/front.png
cabinet,1347473d7fe8c041e902558d24c9e375,left,ok,0.225166,510,129,0.250969,docs/tmp/final-source-verification-2026-05-09/current_residual_bbox_rerender/cabinet/1347473d7fe8c041e902558d24c9e375/left.png
cabinet,1347473d7fe8c041e902558d24c9e375,back,ok,0.136784,146,386,0.214981,docs/tmp/final-source-verification-2026-05-09/current_residual_bbox_rerender/cabinet/1347473d7fe8c041e902558d24c9e375/back.png
cabinet,1347473d7fe8c041e902558d24c9e375,right,ok,0.223545,510,129,0.250969,docs/tmp/final-source-verification-2026-05-09/current_residual_bbox_rerender/cabinet/1347473d7fe8c041e902558d24c9e375/right.png
cabinet,14518ee7c3327fa90efa28661c63e3dc,front,ok,0.021729,16,448,0.027344,docs/tmp/final-source-verification-2026-05-09/current_residual_bbox_rerender/cabinet/14518ee7c3327fa90efa28661c63e3dc/front.png
cabinet,14518ee7c3327fa90efa28661c63e3dc,left,ok,0.233002,198,391,0.295326,docs/tmp/final-source-verification-2026-05-09/current_residual_bbox_rerender/cabinet/14518ee7c3327fa90efa28661c63e3dc/left.png
cabinet,14518ee7c3327fa90efa28661c63e3dc,back,ok,0.021759,16,448,0.027344,docs/tmp/final-source-verification-2026-05-09/current_residual_bbox_rerender/cabinet/14518ee7c3327fa90efa28661c63e3dc/back.png
cabinet,14518ee7c3327fa90efa28661c63e3dc,right,ok,0.233002,198,391,0.295326,docs/tmp/final-source-verification-2026-05-09/current_residual_bbox_rerender/cabinet/14518ee7c3327fa90efa28661c63e3dc/right.png
cabinet,14e7884719a9d4827da27b4ccb0a7757,front,ok,0.024117,20,411,0.031357,docs/tmp/final-source-verification-2026-05-09/current_residual_bbox_rerender/cabinet/14e7884719a9d4827da27b4ccb0a7757/front.png
cabinet,14e7884719a9d4827da27b4ccb0a7757,left,ok,0.044765,36,407,0.055893,docs/tmp/final-source-verification-2026-05-09/current_residual_bbox_rerender/cabinet/14e7884719a9d4827da27b4ccb0a7757/left.png
cabinet,14e7884719a9d4827da27b4ccb0a7757,back,ok,0.025063,20,411,0.031357,docs/tmp/final-source-verification-2026-05-09/current_residual_bbox_rerender/cabinet/14e7884719a9d4827da27b4ccb0a7757/back.png
cabinet,14e7884719a9d4827da27b4ccb0a7757,right,ok,0.044319,36,407,0.055893,docs/tmp/final-source-verification-2026-05-09/current_residual_bbox_rerender/cabinet/14e7884719a9d4827da27b4ccb0a7757/right.png
cabinet,14fc91229d96aeb044730f86ebdb94de,front,ok,0.395378,470,272,0.487671,docs/tmp/final-source-verification-2026-05-09/current_residual_bbox_rerender/cabinet/14fc91229d96aeb044730f86ebdb94de/front.png
cabinet,14fc91229d96aeb044730f86ebdb94de,left,ok,0.394180,487,258,0.479301,docs/tmp/final-source-verification-2026-05-09/current_residual_bbox_rerender/cabinet/14fc91229d96aeb044730f86ebdb94de/left.png
cabinet,14fc91229d96aeb044730f86ebdb94de,back,ok,0.395092,469,272,0.486633,docs/tmp/final-source-verification-2026-05-09/current_residual_bbox_rerender/cabinet/14fc91229d96aeb044730f86ebdb94de/back.png
cabinet,14fc91229d96aeb044730f86ebdb94de,right,ok,0.392212,488,258,0.480286,docs/tmp/final-source-verification-2026-05-09/current_residual_bbox_rerender/cabinet/14fc91229d96aeb044730f86ebdb94de/right.png
cabinet,152f5172416f7db261631d902d48e910,front,ok,0.117538,88,457,0.153412,docs/tmp/final-source-verification-2026-05-09/current_residual_bbox_rerender/cabinet/152f5172416f7db261631d902d48e910/front.png
cabinet,152f5172416f7db261631d902d48e910,left,ok,0.359436,319,370,0.450249,docs/tmp/final-source-verification-2026-05-09/current_residual_bbox_rerender/cabinet/152f5172416f7db261631d902d48e910/left.png
cabinet,152f5172416f7db261631d902d48e910,back,ok,0.084866,88,457,0.153412,docs/tmp/final-source-verification-2026-05-09/current_residual_bbox_rerender/cabinet/152f5172416f7db261631d902d48e910/back.png
cabinet,152f5172416f7db261631d902d48e910,right,ok,0.332500,319,361,0.439297,docs/tmp/final-source-verification-2026-05-09/current_residual_bbox_rerender/cabinet/152f5172416f7db261631d902d48e910/right.png
cabinet,1586f1a148fd395ce32ad3108e2273b2,front,ok,0.158829,120,450,0.205994,docs/tmp/final-source-verification-2026-05-09/current_residual_bbox_rerender/cabinet/1586f1a148fd395ce32ad3108e2273b2/front.png
cabinet,1586f1a148fd395ce32ad3108e2273b2,left,ok,0.309437,258,400,0.393677,docs/tmp/final-source-verification-2026-05-09/current_residual_bbox_rerender/cabinet/1586f1a148fd395ce32ad3108e2273b2/left.png
cabinet,1586f1a148fd395ce32ad3108e2273b2,back,ok,0.157120,120,450,0.205994,docs/tmp/final-source-verification-2026-05-09/current_residual_bbox_rerender/cabinet/1586f1a148fd395ce32ad3108e2273b2/back.png
cabinet,1586f1a148fd395ce32ad3108e2273b2,right,ok,0.309437,258,400,0.393677,docs/tmp/final-source-verification-2026-05-09/current_residual_bbox_rerender/cabinet/1586f1a148fd395ce32ad3108e2273b2/right.png
cabinet,160a2eb015ae72b52caeded2f95030d1,front,ok,0.275066,512,163,0.318359,docs/tmp/final-source-verification-2026-05-09/current_residual_bbox_rerender/cabinet/160a2eb015ae72b52caeded2f95030d1/front.png
cabinet,160a2eb015ae72b52caeded2f95030d1,left,ok,0.247517,302,334,0.384781,docs/tmp/final-source-verification-2026-05-09/current_residual_bbox_rerender/cabinet/160a2eb015ae72b52caeded2f95030d1/left.png
cabinet,160a2eb015ae72b52caeded2f95030d1,back,ok,0.275158,512,163,0.318359,docs/tmp/final-source-verification-2026-05-09/current_residual_bbox_rerender/cabinet/160a2eb015ae72b52caeded2f95030d1/back.png
cabinet,160a2eb015ae72b52caeded2f95030d1,right,ok,0.292854,303,331,0.382587,docs/tmp/final-source-verification-2026-05-09/current_residual_bbox_rerender/cabinet/160a2eb015ae72b52caeded2f95030d1/right.png
cabinet,160f2fbfc15a1d46b19b74c02873b4d3,front,ok,0.488285,512,297,0.580078,docs/tmp/final-source-verification-2026-05-09/current_residual_bbox_rerender/cabinet/160f2fbfc15a1d46b19b74c02873b4d3/front.png
cabinet,160f2fbfc15a1d46b19b74c02873b4d3,left,ok,0.453220,412,360,0.565796,docs/tmp/final-source-verification-2026-05-09/current_residual_bbox_rerender/cabinet/160f2fbfc15a1d46b19b74c02873b4d3/left.png
cabinet,160f2fbfc15a1d46b19b74c02873b4d3,back,ok,0.488308,512,297,0.580078,docs/tmp/final-source-verification-2026-05-09/current_residual_bbox_rerender/cabinet/160f2fbfc15a1d46b19b74c02873b4d3/back.png
cabinet,160f2fbfc15a1d46b19b74c02873b4d3,right,ok,0.460342,412,367,0.576797,docs/tmp/final-source-verification-2026-05-09/current_residual_bbox_rerender/cabinet/160f2fbfc15a1d46b19b74c02873b4d3/right.png
cabinet,16391d5213c13e557047bdab8d6afed1,front,ok,0.269127,512,150,0.292969,docs/tmp/final-source-verification-2026-05-09/current_residual_bbox_rerender/cabinet/16391d5213c13e557047bdab8d6afed1/front.png
cabinet,16391d5213c13e557047bdab8d6afed1,left,ok,0.274158,286,334,0.364395,docs/tmp/final-source-verification-2026-05-09/current_residual_bbox_rerender/cabinet/16391d5213c13e557047bdab8d6afed1/left.png
cabinet,16391d5213c13e557047bdab8d6afed1,back,ok,0.269112,512,150,0.292969,docs/tmp/final-source-verification-2026-05-09/current_residual_bbox_rerender/cabinet/16391d5213c13e557047bdab8d6afed1/back.png
cabinet,16391d5213c13e557047bdab8d6afed1,right,ok,0.276863,286,334,0.364395,docs/tmp/final-source-verification-2026-05-09/current_residual_bbox_rerender/cabinet/16391d5213c13e557047bdab8d6afed1/right.png
cabinet,166e0fec2ee305c966e65ac3221874d7,front,ok,0.286755,509,162,0.314552,docs/tmp/final-source-verification-2026-05-09/current_residual_bbox_rerender/cabinet/166e0fec2ee305c966e65ac3221874d7/front.png
cabinet,166e0fec2ee305c966e65ac3221874d7,left,ok,0.156845,137,398,0.208000,docs/tmp/final-source-verification-2026-05-09/current_residual_bbox_rerender/cabinet/166e0fec2ee305c966e65ac3221874d7/left.png
cabinet,166e0fec2ee305c966e65ac3221874d7,back,ok,0.288788,507,163,0.315250,docs/tmp/final-source-verification-2026-05-09/current_residual_bbox_rerender/cabinet/166e0fec2ee305c966e65ac3221874d7/back.png
cabinet,166e0fec2ee305c966e65ac3221874d7,right,ok,0.161140,138,398,0.209518,docs/tmp/final-source-verification-2026-05-09/current_residual_bbox_rerender/cabinet/166e0fec2ee305c966e65ac3221874d7/right.png
cabinet,169bf30fc2a0d45dcbf7f955e12563fc,front,ok,0.140537,210,356,0.285187,docs/tmp/final-source-verification-2026-05-09/current_residual_bbox_rerender/cabinet/169bf30fc2a0d45dcbf7f955e12563fc/front.png
cabinet,169bf30fc2a0d45dcbf7f955e12563fc,left,ok,0.188194,461,152,0.267303,docs/tmp/final-source-verification-2026-05-09/current_residual_bbox_rerender/cabinet/169bf30fc2a0d45dcbf7f955e12563fc/left.png
cabinet,169bf30fc2a0d45dcbf7f955e12563fc,back,ok,0.160881,217,293,0.242542,docs/tmp/final-source-verification-2026-05-09/current_residual_bbox_rerender/cabinet/169bf30fc2a0d45dcbf7f955e12563fc/back.png
cabinet,169bf30fc2a0d45dcbf7f955e12563fc,right,ok,0.186024,463,153,0.270229,docs/tmp/final-source-verification-2026-05-09/current_residual_bbox_rerender/cabinet/169bf30fc2a0d45dcbf7f955e12563fc/right.png
cabinet,17a0b05aede4f155e56e474196680a03,front,ok,0.269535,512,153,0.298828,docs/tmp/final-source-verification-2026-05-09/current_residual_bbox_rerender/cabinet/17a0b05aede4f155e56e474196680a03/front.png
cabinet,17a0b05aede4f155e56e474196680a03,left,ok,0.283970,298,327,0.371727,docs/tmp/final-source-verification-2026-05-09/current_residual_bbox_rerender/cabinet/17a0b05aede4f155e56e474196680a03/left.png
cabinet,17a0b05aede4f155e56e474196680a03,back,ok,0.269516,512,153,0.298828,docs/tmp/final-source-verification-2026-05-09/current_residual_bbox_rerender/cabinet/17a0b05aede4f155e56e474196680a03/back.png
cabinet,17a0b05aede4f155e56e474196680a03,right,ok,0.283348,298,325,0.369453,docs/tmp/final-source-verification-2026-05-09/current_residual_bbox_rerender/cabinet/17a0b05aede4f155e56e474196680a03/right.png
cabinet,18a12c0ee00d99b21fb86d59284461b2,front,ok,0.367527,384,366,0.536133,docs/tmp/final-source-verification-2026-05-09/current_residual_bbox_rerender/cabinet/18a12c0ee00d99b21fb86d59284461b2/front.png
cabinet,18a12c0ee00d99b21fb86d59284461b2,left,ok,0.302681,290,414,0.457993,docs/tmp/final-source-verification-2026-05-09/current_residual_bbox_rerender/cabinet/18a12c0ee00d99b21fb86d59284461b2/left.png
cabinet,18a12c0ee00d99b21fb86d59284461b2,back,ok,0.395355,421,369,0.592609,docs/tmp/final-source-verification-2026-05-09/current_residual_bbox_rerender/cabinet/18a12c0ee00d99b21fb86d59284461b2/back.png
cabinet,18a12c0ee00d99b21fb86d59284461b2,right,ok,0.391907,318,411,0.498573,docs/tmp/final-source-verification-2026-05-09/current_residual_bbox_rerender/cabinet/18a12c0ee00d99b21fb86d59284461b2/right.png
cabinet,19a0992e5f07a176608d27d168eccaea,front,ok,0.098026,476,56,0.101685,docs/tmp/final-source-verification-2026-05-09/current_residual_bbox_rerender/cabinet/19a0992e5f07a176608d27d168eccaea/front.png
cabinet,19a0992e5f07a176608d27d168eccaea,left,ok,0.009678,10,362,0.013809,docs/tmp/final-source-verification-2026-05-09/current_residual_bbox_rerender/cabinet/19a0992e5f07a176608d27d168eccaea/left.png
cabinet,19a0992e5f07a176608d27d168eccaea,back,ok,0.097878,476,56,0.101685,docs/tmp/final-source-verification-2026-05-09/current_residual_bbox_rerender/cabinet/19a0992e5f07a176608d27d168eccaea/back.png
cabinet,19a0992e5f07a176608d27d168eccaea,right,ok,0.009682,10,362,0.013809,docs/tmp/final-source-verification-2026-05-09/current_residual_bbox_rerender/cabinet/19a0992e5f07a176608d27d168eccaea/right.png
cabinet,1a00a7d55a56e5b61bd30043f31e03f6,front,ok,0.287224,512,162,0.316406,docs/tmp/final-source-verification-2026-05-09/current_residual_bbox_rerender/cabinet/1a00a7d55a56e5b61bd30043f31e03f6/front.png
cabinet,1a00a7d55a56e5b61bd30043f31e03f6,left,ok,0.223152,201,379,0.290600,docs/tmp/final-source-verification-2026-05-09/current_residual_bbox_rerender/cabinet/1a00a7d55a56e5b61bd30043f31e03f6/left.png
cabinet,1a00a7d55a56e5b61bd30043f31e03f6,back,ok,0.286972,512,159,0.310547,docs/tmp/final-source-verification-2026-05-09/current_residual_bbox_rerender/cabinet/1a00a7d55a56e5b61bd30043f31e03f6/back.png
cabinet,1a00a7d55a56e5b61bd30043f31e03f6,right,ok,0.222389,202,376,0.289734,docs/tmp/final-source-verification-2026-05-09/current_residual_bbox_rerender/cabinet/1a00a7d55a56e5b61bd30043f31e03f6/right.png
cabinet,1a72c83e94ab34c47b8fe176c16a2b47,front,ok,0.014011,14,351,0.018745,docs/tmp/final-source-verification-2026-05-09/current_residual_bbox_rerender/cabinet/1a72c83e94ab34c47b8fe176c16a2b47/front.png
cabinet,1a72c83e94ab34c47b8fe176c16a2b47,left,ok,0.075649,472,43,0.077423,docs/tmp/final-source-verification-2026-05-09/current_residual_bbox_rerender/cabinet/1a72c83e94ab34c47b8fe176c16a2b47/left.png
cabinet,1a72c83e94ab34c47b8fe176c16a2b47,back,ok,0.014000,14,350,0.018692,docs/tmp/final-source-verification-2026-05-09/current_residual_bbox_rerender/cabinet/1a72c83e94ab34c47b8fe176c16a2b47/back.png
cabinet,1a72c83e94ab34c47b8fe176c16a2b47,right,ok,0.075645,472,43,0.077423,docs/tmp/final-source-verification-2026-05-09/current_residual_bbox_rerender/cabinet/1a72c83e94ab34c47b8fe176c16a2b47/right.png
cabinet,1a90eabdd92d987169fdd8e83b63c939,front,ok,0.288258,512,186,0.363281,docs/tmp/final-source-verification-2026-05-09/current_residual_bbox_rerender/cabinet/1a90eabdd92d987169fdd8e83b63c939/front.png
cabinet,1a90eabdd92d987169fdd8e83b63c939,left,ok,0.373177,342,388,0.506195,docs/tmp/final-source-verification-2026-05-09/current_residual_bbox_rerender/cabinet/1a90eabdd92d987169fdd8e83b63c939/left.png
cabinet,1a90eabdd92d987169fdd8e83b63c939,back,ok,0.450645,512,262,0.511719,docs/tmp/final-source-verification-2026-05-09/current_residual_bbox_rerender/cabinet/1a90eabdd92d987169fdd8e83b63c939/back.png
cabinet,1a90eabdd92d987169fdd8e83b63c939,right,ok,0.374043,342,388,0.506195,docs/tmp/final-source-verification-2026-05-09/current_residual_bbox_rerender/cabinet/1a90eabdd92d987169fdd8e83b63c939/right.png
cabinet,1a9d9270b5f3b2cb7c0af2013c7a5a6f,front,ok,0.385830,464,257,0.454895,docs/tmp/final-source-verification-2026-05-09/current_residual_bbox_rerender/cabinet/1a9d9270b5f3b2cb7c0af2013c7a5a6f/front.png
cabinet,1a9d9270b5f3b2cb7c0af2013c7a5a6f,left,ok,0.079384,97,443,0.163921,docs/tmp/final-source-verification-2026-05-09/current_residual_bbox_rerender/cabinet/1a9d9270b5f3b2cb7c0af2013c7a5a6f/left.png
cabinet,1a9d9270b5f3b2cb7c0af2013c7a5a6f,back,ok,0.325775,462,257,0.452934,docs/tmp/final-source-verification-2026-05-09/current_residual_bbox_rerender/cabinet/1a9d9270b5f3b2cb7c0af2013c7a5a6f/back.png
cabinet,1a9d9270b5f3b2cb7c0af2013c7a5a6f,right,ok,0.130497,105,443,0.177441,docs/tmp/final-source-verification-2026-05-09/current_residual_bbox_rerender/cabinet/1a9d9270b5f3b2cb7c0af2013c7a5a6f/right.png
cabinet,1bf4d52959975733228f51d9c881abe6,front,ok,0.412743,398,334,0.507095,docs/tmp/final-source-verification-2026-05-09/current_residual_bbox_rerender/cabinet/1bf4d52959975733228f51d9c881abe6/front.png
cabinet,1bf4d52959975733228f51d9c881abe6,left,ok,0.158779,122,455,0.211754,docs/tmp/final-source-verification-2026-05-09/current_residual_bbox_rerender/cabinet/1bf4d52959975733228f51d9c881abe6/left.png
cabinet,1bf4d52959975733228f51d9c881abe6,back,ok,0.403221,396,329,0.496994,docs/tmp/final-source-verification-2026-05-09/current_residual_bbox_rerender/cabinet/1bf4d52959975733228f51d9c881abe6/back.png
cabinet,1bf4d52959975733228f51d9c881abe6,right,ok,0.158348,122,455,0.211754,docs/tmp/final-source-verification-2026-05-09/current_residual_bbox_rerender/cabinet/1bf4d52959975733228f51d9c881abe6/right.png
cabinet,1dddcf9abba73c8116d2604166e0e52c,front,ok,0.401577,344,390,0.511780,docs/tmp/final-source-verification-2026-05-09/current_residual_bbox_rerender/cabinet/1dddcf9abba73c8116d2604166e0e52c/front.png
cabinet,1dddcf9abba73c8116d2604166e0e52c,left,ok,0.459320,512,267,0.521484,docs/tmp/final-source-verification-2026-05-09/current_residual_bbox_rerender/cabinet/1dddcf9abba73c8116d2604166e0e52c/left.png
cabinet,1dddcf9abba73c8116d2604166e0e52c,back,ok,0.399826,344,390,0.511780,docs/tmp/final-source-verification-2026-05-09/current_residual_bbox_rerender/cabinet/1dddcf9abba73c8116d2604166e0e52c/back.png
cabinet,1dddcf9abba73c8116d2604166e0e52c,right,ok,0.459320,512,267,0.521484,docs/tmp/final-source-verification-2026-05-09/current_residual_bbox_rerender/cabinet/1dddcf9abba73c8116d2604166e0e52c/right.png
cabinet,1de4e06006d91c1cdd4cb03a8a22c7d9,front,ok,0.430523,476,278,0.504791,docs/tmp/final-source-verification-2026-05-09/current_residual_bbox_rerender/cabinet/1de4e06006d91c1cdd4cb03a8a22c7d9/front.png
cabinet,1de4e06006d91c1cdd4cb03a8a22c7d9,left,ok,0.223557,172,441,0.289352,docs/tmp/final-source-verification-2026-05-09/current_residual_bbox_rerender/cabinet/1de4e06006d91c1cdd4cb03a8a22c7d9/left.png
cabinet,1de4e06006d91c1cdd4cb03a8a22c7d9,back,ok,0.431923,476,279,0.506607,docs/tmp/final-source-verification-2026-05-09/current_residual_bbox_rerender/cabinet/1de4e06006d91c1cdd4cb03a8a22c7d9/back.png
cabinet,1de4e06006d91c1cdd4cb03a8a22c7d9,right,ok,0.223557,172,441,0.289352,docs/tmp/final-source-verification-2026-05-09/current_residual_bbox_rerender/cabinet/1de4e06006d91c1cdd4cb03a8a22c7d9/right.png
cabinet,1e179880868e9ad45a8432316b3d1f12,front,ok,0.339165,512,191,0.373047,docs/tmp/final-source-verification-2026-05-09/current_residual_bbox_rerender/cabinet/1e179880868e9ad45a8432316b3d1f12/front.png
cabinet,1e179880868e9ad45a8432316b3d1f12,left,ok,0.230423,289,364,0.401291,docs/tmp/final-source-verification-2026-05-09/current_residual_bbox_rerender/cabinet/1e179880868e9ad45a8432316b3d1f12/left.png
cabinet,1e179880868e9ad45a8432316b3d1f12,back,ok,0.340324,512,191,0.373047,docs/tmp/final-source-verification-2026-05-09/current_residual_bbox_rerender/cabinet/1e179880868e9ad45a8432316b3d1f12/back.png
cabinet,1e179880868e9ad45a8432316b3d1f12,right,ok,0.312473,292,365,0.406570,docs/tmp/final-source-verification-2026-05-09/current_residual_bbox_rerender/cabinet/1e179880868e9ad45a8432316b3d1f12/right.png
cabinet,1e4fec39fe2640c5567413a407c0550a,front,ok,0.050781,458,30,0.052414,docs/tmp/final-source-verification-2026-05-09/current_residual_bbox_rerender/cabinet/1e4fec39fe2640c5567413a407c0550a/front.png
cabinet,1e4fec39fe2640c5567413a407c0550a,left,ok,0.029160,33,333,0.041920,docs/tmp/final-source-verification-2026-05-09/current_residual_bbox_rerender/cabinet/1e4fec39fe2640c5567413a407c0550a/left.png
cabinet,1e4fec39fe2640c5567413a407c0550a,back,ok,0.044304,474,25,0.045204,docs/tmp/final-source-verification-2026-05-09/current_residual_bbox_rerender/cabinet/1e4fec39fe2640c5567413a407c0550a/back.png
cabinet,1e4fec39fe2640c5567413a407c0550a,right,ok,0.029182,33,333,0.041920,docs/tmp/final-source-verification-2026-05-09/current_residual_bbox_rerender/cabinet/1e4fec39fe2640c5567413a407c0550a/right.png
cabinet,1e50729bc3526e17d279351055fd5193,front,ok,0.301693,302,342,0.393997,docs/tmp/final-source-verification-2026-05-09/current_residual_bbox_rerender/cabinet/1e50729bc3526e17d279351055fd5193/front.png
cabinet,1e50729bc3526e17d279351055fd5193,left,ok,0.302986,512,169,0.330078,docs/tmp/final-source-verification-2026-05-09/current_residual_bbox_rerender/cabinet/1e50729bc3526e17d279351055fd5193/left.png
cabinet,1e50729bc3526e17d279351055fd5193,back,ok,0.301735,302,342,0.393997,docs/tmp/final-source-verification-2026-05-09/current_residual_bbox_rerender/cabinet/1e50729bc3526e17d279351055fd5193/back.png
cabinet,1e50729bc3526e17d279351055fd5193,right,ok,0.302654,512,169,0.330078,docs/tmp/final-source-verification-2026-05-09/current_residual_bbox_rerender/cabinet/1e50729bc3526e17d279351055fd5193/right.png
cabinet,1e9e9ccb294489e66d2960b079618d94,front,ok,0.320118,290,412,0.455780,docs/tmp/final-source-verification-2026-05-09/current_residual_bbox_rerender/cabinet/1e9e9ccb294489e66d2960b079618d94/front.png
cabinet,1e9e9ccb294489e66d2960b079618d94,left,ok,0.453568,496,277,0.524109,docs/tmp/final-source-verification-2026-05-09/current_residual_bbox_rerender/cabinet/1e9e9ccb294489e66d2960b079618d94/left.png
cabinet,1e9e9ccb294489e66d2960b079618d94,back,ok,0.320198,290,412,0.455780,docs/tmp/final-source-verification-2026-05-09/current_residual_bbox_rerender/cabinet/1e9e9ccb294489e66d2960b079618d94/back.png
cabinet,1e9e9ccb294489e66d2960b079618d94,right,ok,0.388344,512,244,0.476562,docs/tmp/final-source-verification-2026-05-09/current_residual_bbox_rerender/cabinet/1e9e9ccb294489e66d2960b079618d94/right.png
cabinet,1f920706d855b66a9423f8bf95c65ebd,front,ok,0.422085,376,365,0.523529,docs/tmp/final-source-verification-2026-05-09/current_residual_bbox_rerender/cabinet/1f920706d855b66a9423f8bf95c65ebd/front.png
cabinet,1f920706d855b66a9423f8bf95c65ebd,left,ok,0.231277,175,451,0.301075,docs/tmp/final-source-verification-2026-05-09/current_residual_bbox_rerender/cabinet/1f920706d855b66a9423f8bf95c65ebd/left.png
cabinet,1f920706d855b66a9423f8bf95c65ebd,back,ok,0.421799,376,365,0.523529,docs/tmp/final-source-verification-2026-05-09/current_residual_bbox_rerender/cabinet/1f920706d855b66a9423f8bf95c65ebd/back.png
cabinet,1f920706d855b66a9423f8bf95c65ebd,right,ok,0.232311,175,451,0.301075,docs/tmp/final-source-verification-2026-05-09/current_residual_bbox_rerender/cabinet/1f920706d855b66a9423f8bf95c65ebd/right.png
cabinet,1fd1fd43bb8f29af0268cb66d37ae6cf,front,ok,0.094597,92,374,0.131256,docs/tmp/final-source-verification-2026-05-09/current_residual_bbox_rerender/cabinet/1fd1fd43bb8f29af0268cb66d37ae6cf/front.png
cabinet,1fd1fd43bb8f29af0268cb66d37ae6cf,left,ok,0.173679,498,101,0.191872,docs/tmp/final-source-verification-2026-05-09/current_residual_bbox_rerender/cabinet/1fd1fd43bb8f29af0268cb66d37ae6cf/left.png
cabinet,1fd1fd43bb8f29af0268cb66d37ae6cf,back,ok,0.094631,92,374,0.131256,docs/tmp/final-source-verification-2026-05-09/current_residual_bbox_rerender/cabinet/1fd1fd43bb8f29af0268cb66d37ae6cf/back.png
cabinet,1fd1fd43bb8f29af0268cb66d37ae6cf,right,ok,0.139091,498,101,0.191872,docs/tmp/final-source-verification-2026-05-09/current_residual_bbox_rerender/cabinet/1fd1fd43bb8f29af0268cb66d37ae6cf/right.png
cabinet,200f8e39b78d2b70bd787a2f60eb35c3,front,ok,0.375023,504,220,0.422974,docs/tmp/final-source-verification-2026-05-09/current_residual_bbox_rerender/cabinet/200f8e39b78d2b70bd787a2f60eb35c3/front.png
cabinet,200f8e39b78d2b70bd787a2f60eb35c3,left,ok,0.204468,166,420,0.265961,docs/tmp/final-source-verification-2026-05-09/current_residual_bbox_rerender/cabinet/200f8e39b78d2b70bd787a2f60eb35c3/left.png
cabinet,200f8e39b78d2b70bd787a2f60eb35c3,back,ok,0.375122,504,221,0.424896,docs/tmp/final-source-verification-2026-05-09/current_residual_bbox_rerender/cabinet/200f8e39b78d2b70bd787a2f60eb35c3/back.png
cabinet,200f8e39b78d2b70bd787a2f60eb35c3,right,ok,0.205204,166,420,0.265961,docs/tmp/final-source-verification-2026-05-09/current_residual_bbox_rerender/cabinet/200f8e39b78d2b70bd787a2f60eb35c3/right.png
cabinet,212387986faeaa2c056fecc1b3f44d1a,front,ok,0.041424,460,24,0.042114,docs/tmp/final-source-verification-2026-05-09/current_residual_bbox_rerender/cabinet/212387986faeaa2c056fecc1b3f44d1a/front.png
cabinet,212387986faeaa2c056fecc1b3f44d1a,left,ok,0.018467,20,333,0.025406,docs/tmp/final-source-verification-2026-05-09/current_residual_bbox_rerender/cabinet/212387986faeaa2c056fecc1b3f44d1a/left.png
cabinet,212387986faeaa2c056fecc1b3f44d1a,back,ok,0.045662,470,26,0.046616,docs/tmp/final-source-verification-2026-05-09/current_residual_bbox_rerender/cabinet/212387986faeaa2c056fecc1b3f44d1a/back.png
cabinet,212387986faeaa2c056fecc1b3f44d1a,right,ok,0.018421,20,333,0.025406,docs/tmp/final-source-verification-2026-05-09/current_residual_bbox_rerender/cabinet/212387986faeaa2c056fecc1b3f44d1a/right.png
cabinet,2196f19ac1e72d48431a59f45cfb75f3,front,ok,0.446716,406,355,0.549812,docs/tmp/final-source-verification-2026-05-09/current_residual_bbox_rerender/cabinet/2196f19ac1e72d48431a59f45cfb75f3/front.png
cabinet,2196f19ac1e72d48431a59f45cfb75f3,left,ok,0.271679,207,446,0.352180,docs/tmp/final-source-verification-2026-05-09/current_residual_bbox_rerender/cabinet/2196f19ac1e72d48431a59f45cfb75f3/left.png
cabinet,2196f19ac1e72d48431a59f45cfb75f3,back,ok,0.449020,408,355,0.552521,docs/tmp/final-source-verification-2026-05-09/current_residual_bbox_rerender/cabinet/2196f19ac1e72d48431a59f45cfb75f3/back.png
cabinet,2196f19ac1e72d48431a59f45cfb75f3,right,ok,0.274830,210,446,0.357285,docs/tmp/final-source-verification-2026-05-09/current_residual_bbox_rerender/cabinet/2196f19ac1e72d48431a59f45cfb75f3/right.png
cabinet,221e842ce1e790bddf5af9d9e29dbeec,front,ok,0.044006,474,25,0.045204,docs/tmp/final-source-verification-2026-05-09/current_residual_bbox_rerender/cabinet/221e842ce1e790bddf5af9d9e29dbeec/front.png
cabinet,221e842ce1e790bddf5af9d9e29dbeec,left,ok,0.029255,33,333,0.041920,docs/tmp/final-source-verification-2026-05-09/current_residual_bbox_rerender/cabinet/221e842ce1e790bddf5af9d9e29dbeec/left.png
cabinet,221e842ce1e790bddf5af9d9e29dbeec,back,ok,0.050846,458,30,0.052414,docs/tmp/final-source-verification-2026-05-09/current_residual_bbox_rerender/cabinet/221e842ce1e790bddf5af9d9e29dbeec/back.png
cabinet,221e842ce1e790bddf5af9d9e29dbeec,right,ok,0.029282,33,333,0.041920,docs/tmp/final-source-verification-2026-05-09/current_residual_bbox_rerender/cabinet/221e842ce1e790bddf5af9d9e29dbeec/right.png
cabinet,22e1e92f675031cc79684884ef254639,front,ok,0.397625,498,272,0.516724,docs/tmp/final-source-verification-2026-05-09/current_residual_bbox_rerender/cabinet/22e1e92f675031cc79684884ef254639/front.png
cabinet,22e1e92f675031cc79684884ef254639,left,ok,0.404881,454,305,0.528221,docs/tmp/final-source-verification-2026-05-09/current_residual_bbox_rerender/cabinet/22e1e92f675031cc79684884ef254639/left.png
cabinet,22e1e92f675031cc79684884ef254639,back,ok,0.397652,498,272,0.516724,docs/tmp/final-source-verification-2026-05-09/current_residual_bbox_rerender/cabinet/22e1e92f675031cc79684884ef254639/back.png
cabinet,22e1e92f675031cc79684884ef254639,right,ok,0.425453,454,305,0.528221,docs/tmp/final-source-verification-2026-05-09/current_residual_bbox_rerender/cabinet/22e1e92f675031cc79684884ef254639/right.png
cabinet,22e8e82b7e70b24982f17347b49f9cdb,front,ok,0.128258,216,177,0.145844,docs/tmp/final-source-verification-2026-05-09/current_residual_bbox_rerender/cabinet/22e8e82b7e70b24982f17347b49f9cdb/front.png
cabinet,22e8e82b7e70b24982f17347b49f9cdb,left,ok,0.089901,127,279,0.135166,docs/tmp/final-source-verification-2026-05-09/current_residual_bbox_rerender/cabinet/22e8e82b7e70b24982f17347b49f9cdb/left.png
cabinet,22e8e82b7e70b24982f17347b49f9cdb,back,blank,0.000000,0,0,0.000000,docs/tmp/final-source-verification-2026-05-09/current_residual_bbox_rerender/cabinet/22e8e82b7e70b24982f17347b49f9cdb/back.png
cabinet,22e8e82b7e70b24982f17347b49f9cdb,right,tiny,0.004848,37,77,0.010868,docs/tmp/final-source-verification-2026-05-09/current_residual_bbox_rerender/cabinet/22e8e82b7e70b24982f17347b49f9cdb/right.png
cabinet,237bf5be60663216718b4d694b4ac420,front,ok,0.330700,328,358,0.447937,docs/tmp/final-source-verification-2026-05-09/current_residual_bbox_rerender/cabinet/237bf5be60663216718b4d694b4ac420/front.png
cabinet,237bf5be60663216718b4d694b4ac420,left,ok,0.087055,65,458,0.113564,docs/tmp/final-source-verification-2026-05-09/current_residual_bbox_rerender/cabinet/237bf5be60663216718b4d694b4ac420/left.png
cabinet,237bf5be60663216718b4d694b4ac420,back,ok,0.353432,330,358,0.450668,docs/tmp/final-source-verification-2026-05-09/current_residual_bbox_rerender/cabinet/237bf5be60663216718b4d694b4ac420/back.png
cabinet,237bf5be60663216718b4d694b4ac420,right,ok,0.087029,65,458,0.113564,docs/tmp/final-source-verification-2026-05-09/current_residual_bbox_rerender/cabinet/237bf5be60663216718b4d694b4ac420/right.png
cabinet,2472e33d59d08a637587e587834bac6c,front,ok,0.156139,118,452,0.203461,docs/tmp/final-source-verification-2026-05-09/current_residual_bbox_rerender/cabinet/2472e33d59d08a637587e587834bac6c/front.png
cabinet,2472e33d59d08a637587e587834bac6c,left,ok,0.345184,294,388,0.435150,docs/tmp/final-source-verification-2026-05-09/current_residual_bbox_rerender/cabinet/2472e33d59d08a637587e587834bac6c/left.png
cabinet,2472e33d59d08a637587e587834bac6c,back,ok,0.153217,118,452,0.203461,docs/tmp/final-source-verification-2026-05-09/current_residual_bbox_rerender/cabinet/2472e33d59d08a637587e587834bac6c/back.png
cabinet,2472e33d59d08a637587e587834bac6c,right,ok,0.345184,294,388,0.435150,docs/tmp/final-source-verification-2026-05-09/current_residual_bbox_rerender/cabinet/2472e33d59d08a637587e587834bac6c/right.png
cabinet,2487083f4ccda6ff849d1468701fa937,front,ok,0.339314,506,211,0.407280,docs/tmp/final-source-verification-2026-05-09/current_residual_bbox_rerender/cabinet/2487083f4ccda6ff849d1468701fa937/front.png
cabinet,2487083f4ccda6ff849d1468701fa937,left,ok,0.356064,426,279,0.453392,docs/tmp/final-source-verification-2026-05-09/current_residual_bbox_rerender/cabinet/2487083f4ccda6ff849d1468701fa937/left.png
cabinet,2487083f4ccda6ff849d1468701fa937,back,ok,0.339310,506,211,0.407280,docs/tmp/final-source-verification-2026-05-09/current_residual_bbox_rerender/cabinet/2487083f4ccda6ff849d1468701fa937/back.png
cabinet,2487083f4ccda6ff849d1468701fa937,right,ok,0.356064,426,279,0.453392,docs/tmp/final-source-verification-2026-05-09/current_residual_bbox_rerender/cabinet/2487083f4ccda6ff849d1468701fa937/right.png
cabinet,251d45d5d54a909a70f0f45c717edcb0,front,ok,0.401367,387,353,0.521130,docs/tmp/final-source-verification-2026-05-09/current_residual_bbox_rerender/cabinet/251d45d5d54a909a70f0f45c717edcb0/front.png
cabinet,251d45d5d54a909a70f0f45c717edcb0,left,ok,0.402809,501,262,0.500725,docs/tmp/final-source-verification-2026-05-09/current_residual_bbox_rerender/cabinet/251d45d5d54a909a70f0f45c717edcb0/left.png
cabinet,251d45d5d54a909a70f0f45c717edcb0,back,ok,0.393829,392,353,0.527863,docs/tmp/final-source-verification-2026-05-09/current_residual_bbox_rerender/cabinet/251d45d5d54a909a70f0f45c717edcb0/back.png
cabinet,251d45d5d54a909a70f0f45c717edcb0,right,ok,0.419182,512,252,0.492188,docs/tmp/final-source-verification-2026-05-09/current_residual_bbox_rerender/cabinet/251d45d5d54a909a70f0f45c717edcb0/right.png
cabinet,2566ab236012fd953fe054de18c8c654,front,ok,0.085793,154,367,0.215599,docs/tmp/final-source-verification-2026-05-09/current_residual_bbox_rerender/cabinet/2566ab236012fd953fe054de18c8c654/front.png
cabinet,2566ab236012fd953fe054de18c8c654,left,ok,0.128620,450,106,0.181961,docs/tmp/final-source-verification-2026-05-09/current_residual_bbox_rerender/cabinet/2566ab236012fd953fe054de18c8c654/left.png
cabinet,2566ab236012fd953fe054de18c8c654,back,ok,0.160164,192,291,0.213135,docs/tmp/final-source-verification-2026-05-09/current_residual_bbox_rerender/cabinet/2566ab236012fd953fe054de18c8c654/back.png
cabinet,2566ab236012fd953fe054de18c8c654,right,ok,0.135803,484,140,0.258484,docs/tmp/final-source-verification-2026-05-09/current_residual_bbox_rerender/cabinet/2566ab236012fd953fe054de18c8c654/right.png
cabinet,257501c2862257c4408829fe22dea0ad,front,ok,0.402641,476,258,0.468475,docs/tmp/final-source-verification-2026-05-09/current_residual_bbox_rerender/cabinet/257501c2862257c4408829fe22dea0ad/front.png
cabinet,257501c2862257c4408829fe22dea0ad,left,ok,0.170666,134,440,0.224915,docs/tmp/final-source-verification-2026-05-09/current_residual_bbox_rerender/cabinet/257501c2862257c4408829fe22dea0ad/left.png
cabinet,257501c2862257c4408829fe22dea0ad,back,ok,0.386662,478,258,0.470444,docs/tmp/final-source-verification-2026-05-09/current_residual_bbox_rerender/cabinet/257501c2862257c4408829fe22dea0ad/back.png
cabinet,257501c2862257c4408829fe22dea0ad,right,ok,0.140491,134,440,0.224915,docs/tmp/final-source-verification-2026-05-09/current_residual_bbox_rerender/cabinet/257501c2862257c4408829fe22dea0ad/right.png
cabinet,2593ac033ab8f6ace2e9feb514547c8b,front,ok,0.430977,486,289,0.535789,docs/tmp/final-source-verification-2026-05-09/current_residual_bbox_rerender/cabinet/2593ac033ab8f6ace2e9feb514547c8b/front.png
cabinet,2593ac033ab8f6ace2e9feb514547c8b,left,ok,0.433849,446,307,0.522316,docs/tmp/final-source-verification-2026-05-09/current_residual_bbox_rerender/cabinet/2593ac033ab8f6ace2e9feb514547c8b/left.png
cabinet,2593ac033ab8f6ace2e9feb514547c8b,back,ok,0.439625,466,301,0.535072,docs/tmp/final-source-verification-2026-05-09/current_residual_bbox_rerender/cabinet/2593ac033ab8f6ace2e9feb514547c8b/back.png
cabinet,2593ac033ab8f6ace2e9feb514547c8b,right,ok,0.430462,455,307,0.532856,docs/tmp/final-source-verification-2026-05-09/current_residual_bbox_rerender/cabinet/2593ac033ab8f6ace2e9feb514547c8b/right.png
cabinet,263a344015e9b70b206311f5e0c024cd,front,ok,0.417480,369,403,0.567272,docs/tmp/final-source-verification-2026-05-09/current_residual_bbox_rerender/cabinet/263a344015e9b70b206311f5e0c024cd/front.png
cabinet,263a344015e9b70b206311f5e0c024cd,left,ok,0.391911,369,388,0.546158,docs/tmp/final-source-verification-2026-05-09/current_residual_bbox_rerender/cabinet/263a344015e9b70b206311f5e0c024cd/left.png
cabinet,263a344015e9b70b206311f5e0c024cd,back,ok,0.417603,355,395,0.534916,docs/tmp/final-source-verification-2026-05-09/current_residual_bbox_rerender/cabinet/263a344015e9b70b206311f5e0c024cd/back.png
cabinet,263a344015e9b70b206311f5e0c024cd,right,ok,0.438919,378,384,0.553711,docs/tmp/final-source-verification-2026-05-09/current_residual_bbox_rerender/cabinet/263a344015e9b70b206311f5e0c024cd/right.png
cabinet,26472e992b3d85baf9c32eaeef532c19,front,ok,0.412052,378,348,0.501801,docs/tmp/final-source-verification-2026-05-09/current_residual_bbox_rerender/cabinet/26472e992b3d85baf9c32eaeef532c19/front.png
cabinet,26472e992b3d85baf9c32eaeef532c19,left,ok,0.279224,215,444,0.364151,docs/tmp/final-source-verification-2026-05-09/current_residual_bbox_rerender/cabinet/26472e992b3d85baf9c32eaeef532c19/left.png
cabinet,26472e992b3d85baf9c32eaeef532c19,back,ok,0.438049,410,345,0.539589,docs/tmp/final-source-verification-2026-05-09/current_residual_bbox_rerender/cabinet/26472e992b3d85baf9c32eaeef532c19/back.png
cabinet,26472e992b3d85baf9c32eaeef532c19,right,ok,0.244572,195,444,0.330276,docs/tmp/final-source-verification-2026-05-09/current_residual_bbox_rerender/cabinet/26472e992b3d85baf9c32eaeef532c19/right.png
cabinet,2719fec6af858bf8e5794a56847b5094,front,ok,0.392525,470,311,0.557594,docs/tmp/final-source-verification-2026-05-09/current_residual_bbox_rerender/cabinet/2719fec6af858bf8e5794a56847b5094/front.png
cabinet,2719fec6af858bf8e5794a56847b5094,left,ok,0.446976,489,299,0.557751,docs/tmp/final-source-verification-2026-05-09/current_residual_bbox_rerender/cabinet/2719fec6af858bf8e5794a56847b5094/left.png
cabinet,2719fec6af858bf8e5794a56847b5094,back,ok,0.394688,473,317,0.571980,docs/tmp/final-source-verification-2026-05-09/current_residual_bbox_rerender/cabinet/2719fec6af858bf8e5794a56847b5094/back.png
cabinet,2719fec6af858bf8e5794a56847b5094,right,ok,0.389061,496,250,0.473022,docs/tmp/final-source-verification-2026-05-09/current_residual_bbox_rerender/cabinet/2719fec6af858bf8e5794a56847b5094/right.png
cabinet,2828fa602db9d25cf2c790c2020bf1c5,front,ok,0.217239,502,122,0.233627,docs/tmp/final-source-verification-2026-05-09/current_residual_bbox_rerender/cabinet/2828fa602db9d25cf2c790c2020bf1c5/front.png
cabinet,2828fa602db9d25cf2c790c2020bf1c5,left,ok,0.108883,98,387,0.144676,docs/tmp/final-source-verification-2026-05-09/current_residual_bbox_rerender/cabinet/2828fa602db9d25cf2c790c2020bf1c5/left.png
cabinet,2828fa602db9d25cf2c790c2020bf1c5,back,ok,0.217224,502,122,0.233627,docs/tmp/final-source-verification-2026-05-09/current_residual_bbox_rerender/cabinet/2828fa602db9d25cf2c790c2020bf1c5/back.png
cabinet,2828fa602db9d25cf2c790c2020bf1c5,right,ok,0.109337,98,387,0.144676,docs/tmp/final-source-verification-2026-05-09/current_residual_bbox_rerender/cabinet/2828fa602db9d25cf2c790c2020bf1c5/right.png
cabinet,2849d17097a00fe41dbfb48a6b51a44b,front,ok,0.477348,426,369,0.599648,docs/tmp/final-source-verification-2026-05-09/current_residual_bbox_rerender/cabinet/2849d17097a00fe41dbfb48a6b51a44b/front.png
cabinet,2849d17097a00fe41dbfb48a6b51a44b,left,ok,0.386616,316,417,0.502670,docs/tmp/final-source-verification-2026-05-09/current_residual_bbox_rerender/cabinet/2849d17097a00fe41dbfb48a6b51a44b/left.png
cabinet,2849d17097a00fe41dbfb48a6b51a44b,back,ok,0.462646,409,365,0.569477,docs/tmp/final-source-verification-2026-05-09/current_residual_bbox_rerender/cabinet/2849d17097a00fe41dbfb48a6b51a44b/back.png
cabinet,2849d17097a00fe41dbfb48a6b51a44b,right,ok,0.400192,319,417,0.507442,docs/tmp/final-source-verification-2026-05-09/current_residual_bbox_rerender/cabinet/2849d17097a00fe41dbfb48a6b51a44b/right.png
cabinet,289f7cf757bb40632e27cf560ded05a6,front,ok,0.314125,288,361,0.396606,docs/tmp/final-source-verification-2026-05-09/current_residual_bbox_rerender/cabinet/289f7cf757bb40632e27cf560ded05a6/front.png
cabinet,289f7cf757bb40632e27cf560ded05a6,left,ok,0.008926,12,458,0.020966,docs/tmp/final-source-verification-2026-05-09/current_residual_bbox_rerender/cabinet/289f7cf757bb40632e27cf560ded05a6/left.png
cabinet,289f7cf757bb40632e27cf560ded05a6,back,ok,0.305210,288,361,0.396606,docs/tmp/final-source-verification-2026-05-09/current_residual_bbox_rerender/cabinet/289f7cf757bb40632e27cf560ded05a6/back.png
cabinet,289f7cf757bb40632e27cf560ded05a6,right,ok,0.008942,12,458,0.020966,docs/tmp/final-source-verification-2026-05-09/current_residual_bbox_rerender/cabinet/289f7cf757bb40632e27cf560ded05a6/right.png
cabinet,2927ae60154884b092d0ba1002b7baff,front,ok,0.246571,512,139,0.271484,docs/tmp/final-source-verification-2026-05-09/current_residual_bbox_rerender/cabinet/2927ae60154884b092d0ba1002b7baff/front.png
cabinet,2927ae60154884b092d0ba1002b7baff,left,ok,0.240829,262,341,0.340813,docs/tmp/final-source-verification-2026-05-09/current_residual_bbox_rerender/cabinet/2927ae60154884b092d0ba1002b7baff/left.png
cabinet,2927ae60154884b092d0ba1002b7baff,back,ok,0.303799,512,171,0.333984,docs/tmp/final-source-verification-2026-05-09/current_residual_bbox_rerender/cabinet/2927ae60154884b092d0ba1002b7baff/back.png
cabinet,2927ae60154884b092d0ba1002b7baff,right,ok,0.266079,260,365,0.362015,docs/tmp/final-source-verification-2026-05-09/current_residual_bbox_rerender/cabinet/2927ae60154884b092d0ba1002b7baff/right.png
cabinet,29660d9a74210a101ab805e3da1d8be6,front,ok,0.423023,401,364,0.556808,docs/tmp/final-source-verification-2026-05-09/current_residual_bbox_rerender/cabinet/29660d9a74210a101ab805e3da1d8be6/front.png
cabinet,29660d9a74210a101ab805e3da1d8be6,left,ok,0.379833,329,394,0.494484,docs/tmp/final-source-verification-2026-05-09/current_residual_bbox_rerender/cabinet/29660d9a74210a101ab805e3da1d8be6/left.png
cabinet,29660d9a74210a101ab805e3da1d8be6,back,ok,0.441036,422,371,0.597237,docs/tmp/final-source-verification-2026-05-09/current_residual_bbox_rerender/cabinet/29660d9a74210a101ab805e3da1d8be6/back.png
cabinet,29660d9a74210a101ab805e3da1d8be6,right,ok,0.428005,363,396,0.548355,docs/tmp/final-source-verification-2026-05-09/current_residual_bbox_rerender/cabinet/29660d9a74210a101ab805e3da1d8be6/right.png
cabinet,29e2d73ff42f1c1f80314ec09b3e0ded,front,ok,0.240410,186,432,0.306519,docs/tmp/final-source-verification-2026-05-09/current_residual_bbox_rerender/cabinet/29e2d73ff42f1c1f80314ec09b3e0ded/front.png
cabinet,29e2d73ff42f1c1f80314ec09b3e0ded,left,ok,0.187553,237,414,0.374290,docs/tmp/final-source-verification-2026-05-09/current_residual_bbox_rerender/cabinet/29e2d73ff42f1c1f80314ec09b3e0ded/left.png
cabinet,29e2d73ff42f1c1f80314ec09b3e0ded,back,ok,0.297840,245,404,0.377579,docs/tmp/final-source-verification-2026-05-09/current_residual_bbox_rerender/cabinet/29e2d73ff42f1c1f80314ec09b3e0ded/back.png
cabinet,29e2d73ff42f1c1f80314ec09b3e0ded,right,ok,0.190929,226,414,0.356918,docs/tmp/final-source-verification-2026-05-09/current_residual_bbox_rerender/cabinet/29e2d73ff42f1c1f80314ec09b3e0ded/right.png
cabinet,2a3b8659899989ef9540cf5d04015ed1,front,ok,0.165276,500,91,0.173569,docs/tmp/final-source-verification-2026-05-09/current_residual_bbox_rerender/cabinet/2a3b8659899989ef9540cf5d04015ed1/front.png
cabinet,2a3b8659899989ef9540cf5d04015ed1,left,ok,0.120773,118,357,0.160698,docs/tmp/final-source-verification-2026-05-09/current_residual_bbox_rerender/cabinet/2a3b8659899989ef9540cf5d04015ed1/left.png
cabinet,2a3b8659899989ef9540cf5d04015ed1,back,ok,0.165283,500,91,0.173569,docs/tmp/final-source-verification-2026-05-09/current_residual_bbox_rerender/cabinet/2a3b8659899989ef9540cf5d04015ed1/back.png
cabinet,2a3b8659899989ef9540cf5d04015ed1,right,ok,0.120781,118,357,0.160698,docs/tmp/final-source-verification-2026-05-09/current_residual_bbox_rerender/cabinet/2a3b8659899989ef9540cf5d04015ed1/right.png
cabinet,2c225336785b874223a736f99441e547,front,ok,0.391781,490,241,0.450478,docs/tmp/final-source-verification-2026-05-09/current_residual_bbox_rerender/cabinet/2c225336785b874223a736f99441e547/front.png
cabinet,2c225336785b874223a736f99441e547,left,ok,0.177811,140,432,0.230713,docs/tmp/final-source-verification-2026-05-09/current_residual_bbox_rerender/cabinet/2c225336785b874223a736f99441e547/left.png
cabinet,2c225336785b874223a736f99441e547,back,ok,0.385410,490,241,0.450478,docs/tmp/final-source-verification-2026-05-09/current_residual_bbox_rerender/cabinet/2c225336785b874223a736f99441e547/back.png
cabinet,2c225336785b874223a736f99441e547,right,ok,0.176281,140,432,0.230713,docs/tmp/final-source-verification-2026-05-09/current_residual_bbox_rerender/cabinet/2c225336785b874223a736f99441e547/right.png
cabinet,2cd8381a656b7ee08b00f85e5d427cd2,front,ok,0.246624,512,137,0.267578,docs/tmp/final-source-verification-2026-05-09/current_residual_bbox_rerender/cabinet/2cd8381a656b7ee08b00f85e5d427cd2/front.png
cabinet,2cd8381a656b7ee08b00f85e5d427cd2,left,ok,0.238388,242,342,0.315720,docs/tmp/final-source-verification-2026-05-09/current_residual_bbox_rerender/cabinet/2cd8381a656b7ee08b00f85e5d427cd2/left.png
cabinet,2cd8381a656b7ee08b00f85e5d427cd2,back,ok,0.246761,512,137,0.267578,docs/tmp/final-source-verification-2026-05-09/current_residual_bbox_rerender/cabinet/2cd8381a656b7ee08b00f85e5d427cd2/back.png
cabinet,2cd8381a656b7ee08b00f85e5d427cd2,right,ok,0.239365,244,342,0.318329,docs/tmp/final-source-verification-2026-05-09/current_residual_bbox_rerender/cabinet/2cd8381a656b7ee08b00f85e5d427cd2/right.png
cabinet,2d7a430d61d143c157c48cd1bb9906eb,front,ok,0.253048,498,179,0.340050,docs/tmp/final-source-verification-2026-05-09/current_residual_bbox_rerender/cabinet/2d7a430d61d143c157c48cd1bb9906eb/front.png
cabinet,2d7a430d61d143c157c48cd1bb9906eb,left,ok,0.181412,167,400,0.254822,docs/tmp/final-source-verification-2026-05-09/current_residual_bbox_rerender/cabinet/2d7a430d61d143c157c48cd1bb9906eb/left.png
cabinet,2d7a430d61d143c157c48cd1bb9906eb,back,ok,0.256466,510,177,0.344353,docs/tmp/final-source-verification-2026-05-09/current_residual_bbox_rerender/cabinet/2d7a430d61d143c157c48cd1bb9906eb/back.png
cabinet,2d7a430d61d143c157c48cd1bb9906eb,right,ok,0.184563,164,400,0.250244,docs/tmp/final-source-verification-2026-05-09/current_residual_bbox_rerender/cabinet/2d7a430d61d143c157c48cd1bb9906eb/right.png
cabinet,2e03c4ba65695c067c157c8fc83a88a6,front,ok,0.030869,26,420,0.041656,docs/tmp/final-source-verification-2026-05-09/current_residual_bbox_rerender/cabinet/2e03c4ba65695c067c157c8fc83a88a6/front.png
cabinet,2e03c4ba65695c067c157c8fc83a88a6,left,ok,0.289642,478,179,0.326393,docs/tmp/final-source-verification-2026-05-09/current_residual_bbox_rerender/cabinet/2e03c4ba65695c067c157c8fc83a88a6/left.png
cabinet,2e03c4ba65695c067c157c8fc83a88a6,back,ok,0.030857,26,420,0.041656,docs/tmp/final-source-verification-2026-05-09/current_residual_bbox_rerender/cabinet/2e03c4ba65695c067c157c8fc83a88a6/back.png
cabinet,2e03c4ba65695c067c157c8fc83a88a6,right,ok,0.289471,478,179,0.326393,docs/tmp/final-source-verification-2026-05-09/current_residual_bbox_rerender/cabinet/2e03c4ba65695c067c157c8fc83a88a6/right.png
cabinet,2ed9edd34221c034f3835f97b1781350,front,ok,0.042599,42,352,0.056396,docs/tmp/final-source-verification-2026-05-09/current_residual_bbox_rerender/cabinet/2ed9edd34221c034f3835f97b1781350/front.png
cabinet,2ed9edd34221c034f3835f97b1781350,left,ok,0.066887,482,52,0.095612,docs/tmp/final-source-verification-2026-05-09/current_residual_bbox_rerender/cabinet/2ed9edd34221c034f3835f97b1781350/left.png
cabinet,2ed9edd34221c034f3835f97b1781350,back,ok,0.041210,42,352,0.056396,docs/tmp/final-source-verification-2026-05-09/current_residual_bbox_rerender/cabinet/2ed9edd34221c034f3835f97b1781350/back.png
cabinet,2ed9edd34221c034f3835f97b1781350,right,ok,0.090611,482,54,0.099289,docs/tmp/final-source-verification-2026-05-09/current_residual_bbox_rerender/cabinet/2ed9edd34221c034f3835f97b1781350/right.png
cabinet,2f879eed3493f998cab1131945feee62,front,ok,0.022072,16,459,0.028015,docs/tmp/final-source-verification-2026-05-09/current_residual_bbox_rerender/cabinet/2f879eed3493f998cab1131945feee62/front.png
cabinet,2f879eed3493f998cab1131945feee62,left,ok,0.319046,290,361,0.399361,docs/tmp/final-source-verification-2026-05-09/current_residual_bbox_rerender/cabinet/2f879eed3493f998cab1131945feee62/left.png
cabinet,2f879eed3493f998cab1131945feee62,back,ok,0.022087,16,459,0.028015,docs/tmp/final-source-verification-2026-05-09/current_residual_bbox_rerender/cabinet/2f879eed3493f998cab1131945feee62/back.png
cabinet,2f879eed3493f998cab1131945feee62,right,ok,0.319046,290,361,0.399361,docs/tmp/final-source-verification-2026-05-09/current_residual_bbox_rerender/cabinet/2f879eed3493f998cab1131945feee62/right.png
cabinet,306a16dccd08838e615c565e1c9ee0e6,front,ok,0.042435,48,353,0.064636,docs/tmp/final-source-verification-2026-05-09/current_residual_bbox_rerender/cabinet/306a16dccd08838e615c565e1c9ee0e6/front.png
cabinet,306a16dccd08838e615c565e1c9ee0e6,left,ok,0.087421,460,52,0.091248,docs/tmp/final-source-verification-2026-05-09/current_residual_bbox_rerender/cabinet/306a16dccd08838e615c565e1c9ee0e6/left.png
cabinet,306a16dccd08838e615c565e1c9ee0e6,back,ok,0.042511,48,353,0.064636,docs/tmp/final-source-verification-2026-05-09/current_residual_bbox_rerender/cabinet/306a16dccd08838e615c565e1c9ee0e6/back.png
cabinet,306a16dccd08838e615c565e1c9ee0e6,right,ok,0.101669,484,58,0.107086,docs/tmp/final-source-verification-2026-05-09/current_residual_bbox_rerender/cabinet/306a16dccd08838e615c565e1c9ee0e6/right.png
cabinet,30faadee3b47e93a7a3a091393e7d9d8,front,ok,0.399178,341,385,0.500813,docs/tmp/final-source-verification-2026-05-09/current_residual_bbox_rerender/cabinet/30faadee3b47e93a7a3a091393e7d9d8/front.png
cabinet,30faadee3b47e93a7a3a091393e7d9d8,left,ok,0.385368,363,389,0.538662,docs/tmp/final-source-verification-2026-05-09/current_residual_bbox_rerender/cabinet/30faadee3b47e93a7a3a091393e7d9d8/left.png
cabinet,30faadee3b47e93a7a3a091393e7d9d8,back,ok,0.403332,355,394,0.533562,docs/tmp/final-source-verification-2026-05-09/current_residual_bbox_rerender/cabinet/30faadee3b47e93a7a3a091393e7d9d8/back.png
cabinet,30faadee3b47e93a7a3a091393e7d9d8,right,ok,0.385723,343,367,0.480198,docs/tmp/final-source-verification-2026-05-09/current_residual_bbox_rerender/cabinet/30faadee3b47e93a7a3a091393e7d9d8/right.png
cabinet,31cf276d9ec090be5280262246ff552d,front,ok,0.122726,494,68,0.128143,docs/tmp/final-source-verification-2026-05-09/current_residual_bbox_rerender/cabinet/31cf276d9ec090be5280262246ff552d/front.png
cabinet,31cf276d9ec090be5280262246ff552d,left,ok,0.108028,114,341,0.148293,docs/tmp/final-source-verification-2026-05-09/current_residual_bbox_rerender/cabinet/31cf276d9ec090be5280262246ff552d/left.png
cabinet,31cf276d9ec090be5280262246ff552d,back,ok,0.122715,494,68,0.128143,docs/tmp/final-source-verification-2026-05-09/current_residual_bbox_rerender/cabinet/31cf276d9ec090be5280262246ff552d/back.png
cabinet,31cf276d9ec090be5280262246ff552d,right,ok,0.108364,114,341,0.148293,docs/tmp/final-source-verification-2026-05-09/current_residual_bbox_rerender/cabinet/31cf276d9ec090be5280262246ff552d/right.png
cabinet,3205cac2de0b8b9389da658f0fb44db6,front,ok,0.205727,512,114,0.222656,docs/tmp/final-source-verification-2026-05-09/current_residual_bbox_rerender/cabinet/3205cac2de0b8b9389da658f0fb44db6/front.png
cabinet,3205cac2de0b8b9389da658f0fb44db6,left,ok,0.196579,200,345,0.263214,docs/tmp/final-source-verification-2026-05-09/current_residual_bbox_rerender/cabinet/3205cac2de0b8b9389da658f0fb44db6/left.png
cabinet,3205cac2de0b8b9389da658f0fb44db6,back,ok,0.205715,512,114,0.222656,docs/tmp/final-source-verification-2026-05-09/current_residual_bbox_rerender/cabinet/3205cac2de0b8b9389da658f0fb44db6/back.png
cabinet,3205cac2de0b8b9389da658f0fb44db6,right,ok,0.196598,200,345,0.263214,docs/tmp/final-source-verification-2026-05-09/current_residual_bbox_rerender/cabinet/3205cac2de0b8b9389da658f0fb44db6/right.png
cabinet,320d837652cbcd6a13d8e95775c92cb0,front,ok,0.180187,305,339,0.394421,docs/tmp/final-source-verification-2026-05-09/current_residual_bbox_rerender/cabinet/320d837652cbcd6a13d8e95775c92cb0/front.png
cabinet,320d837652cbcd6a13d8e95775c92cb0,left,ok,0.193485,512,168,0.328125,docs/tmp/final-source-verification-2026-05-09/current_residual_bbox_rerender/cabinet/320d837652cbcd6a13d8e95775c92cb0/left.png
cabinet,320d837652cbcd6a13d8e95775c92cb0,back,ok,0.255573,306,339,0.395714,docs/tmp/final-source-verification-2026-05-09/current_residual_bbox_rerender/cabinet/320d837652cbcd6a13d8e95775c92cb0/back.png
cabinet,320d837652cbcd6a13d8e95775c92cb0,right,ok,0.218391,512,168,0.328125,docs/tmp/final-source-verification-2026-05-09/current_residual_bbox_rerender/cabinet/320d837652cbcd6a13d8e95775c92cb0/right.png
cabinet,330653788da4c1735a7b1116d0b38273,front,ok,0.179508,501,100,0.191116,docs/tmp/final-source-verification-2026-05-09/current_residual_bbox_rerender/cabinet/330653788da4c1735a7b1116d0b38273/front.png
cabinet,330653788da4c1735a7b1116d0b38273,left,ok,0.131760,130,358,0.177536,docs/tmp/final-source-verification-2026-05-09/current_residual_bbox_rerender/cabinet/330653788da4c1735a7b1116d0b38273/left.png
cabinet,330653788da4c1735a7b1116d0b38273,back,ok,0.177769,501,100,0.191116,docs/tmp/final-source-verification-2026-05-09/current_residual_bbox_rerender/cabinet/330653788da4c1735a7b1116d0b38273/back.png
cabinet,330653788da4c1735a7b1116d0b38273,right,ok,0.132080,130,358,0.177536,docs/tmp/final-source-verification-2026-05-09/current_residual_bbox_rerender/cabinet/330653788da4c1735a7b1116d0b38273/right.png
cabinet,333ebfad53461e55892c39e3c95a5d92,front,ok,0.385487,322,419,0.514671,docs/tmp/final-source-verification-2026-05-09/current_residual_bbox_rerender/cabinet/333ebfad53461e55892c39e3c95a5d92/front.png
cabinet,333ebfad53461e55892c39e3c95a5d92,left,ok,0.330494,474,335,0.605736,docs/tmp/final-source-verification-2026-05-09/current_residual_bbox_rerender/cabinet/333ebfad53461e55892c39e3c95a5d92/left.png
cabinet,333ebfad53461e55892c39e3c95a5d92,back,ok,0.195759,258,261,0.256874,docs/tmp/final-source-verification-2026-05-09/current_residual_bbox_rerender/cabinet/333ebfad53461e55892c39e3c95a5d92/back.png
cabinet,333ebfad53461e55892c39e3c95a5d92,right,ok,0.295738,437,335,0.558453,docs/tmp/final-source-verification-2026-05-09/current_residual_bbox_rerender/cabinet/333ebfad53461e55892c39e3c95a5d92/right.png
cabinet,3399337a68a2bb41b4f4ebc20590fd94,front,blank,0.000000,0,0,0.000000,docs/tmp/final-source-verification-2026-05-09/current_residual_bbox_rerender/cabinet/3399337a68a2bb41b4f4ebc20590fd94/front.png
cabinet,3399337a68a2bb41b4f4ebc20590fd94,left,blank,0.000000,0,0,0.000000,docs/tmp/final-source-verification-2026-05-09/current_residual_bbox_rerender/cabinet/3399337a68a2bb41b4f4ebc20590fd94/left.png
cabinet,3399337a68a2bb41b4f4ebc20590fd94,back,blank,0.000000,0,0,0.000000,docs/tmp/final-source-verification-2026-05-09/current_residual_bbox_rerender/cabinet/3399337a68a2bb41b4f4ebc20590fd94/back.png
cabinet,3399337a68a2bb41b4f4ebc20590fd94,right,blank,0.000000,0,0,0.000000,docs/tmp/final-source-verification-2026-05-09/current_residual_bbox_rerender/cabinet/3399337a68a2bb41b4f4ebc20590fd94/right.png
cabinet,34347451d4ef792f7cd8bf986d2572e6,front,ok,0.015556,12,453,0.020737,docs/tmp/final-source-verification-2026-05-09/current_residual_bbox_rerender/cabinet/34347451d4ef792f7cd8bf986d2572e6/front.png
cabinet,34347451d4ef792f7cd8bf986d2572e6,left,ok,0.254791,220,384,0.322266,docs/tmp/final-source-verification-2026-05-09/current_residual_bbox_rerender/cabinet/34347451d4ef792f7cd8bf986d2572e6/left.png
cabinet,34347451d4ef792f7cd8bf986d2572e6,back,ok,0.015556,12,453,0.020737,docs/tmp/final-source-verification-2026-05-09/current_residual_bbox_rerender/cabinet/34347451d4ef792f7cd8bf986d2572e6/back.png
cabinet,34347451d4ef792f7cd8bf986d2572e6,right,ok,0.254795,220,384,0.322266,docs/tmp/final-source-verification-2026-05-09/current_residual_bbox_rerender/cabinet/34347451d4ef792f7cd8bf986d2572e6/right.png
cabinet,345d7853eaf791f7194fcc9ba63bda58,front,ok,0.028664,73,266,0.074074,docs/tmp/final-source-verification-2026-05-09/current_residual_bbox_rerender/cabinet/345d7853eaf791f7194fcc9ba63bda58/front.png
cabinet,345d7853eaf791f7194fcc9ba63bda58,left,ok,0.019176,54,185,0.038109,docs/tmp/final-source-verification-2026-05-09/current_residual_bbox_rerender/cabinet/345d7853eaf791f7194fcc9ba63bda58/left.png
cabinet,345d7853eaf791f7194fcc9ba63bda58,back,blank,0.000000,0,0,0.000000,docs/tmp/final-source-verification-2026-05-09/current_residual_bbox_rerender/cabinet/345d7853eaf791f7194fcc9ba63bda58/back.png
cabinet,345d7853eaf791f7194fcc9ba63bda58,right,blank,0.000000,0,0,0.000000,docs/tmp/final-source-verification-2026-05-09/current_residual_bbox_rerender/cabinet/345d7853eaf791f7194fcc9ba63bda58/right.png
cabinet,358ca6d421fd6822922f594204dade8e,front,ok,0.287868,508,162,0.313934,docs/tmp/final-source-verification-2026-05-09/current_residual_bbox_rerender/cabinet/358ca6d421fd6822922f594204dade8e/front.png
cabinet,358ca6d421fd6822922f594204dade8e,left,ok,0.161404,141,397,0.213535,docs/tmp/final-source-verification-2026-05-09/current_residual_bbox_rerender/cabinet/358ca6d421fd6822922f594204dade8e/left.png
cabinet,358ca6d421fd6822922f594204dade8e,back,ok,0.285866,510,161,0.313225,docs/tmp/final-source-verification-2026-05-09/current_residual_bbox_rerender/cabinet/358ca6d421fd6822922f594204dade8e/back.png
cabinet,358ca6d421fd6822922f594204dade8e,right,ok,0.165577,144,397,0.218079,docs/tmp/final-source-verification-2026-05-09/current_residual_bbox_rerender/cabinet/358ca6d421fd6822922f594204dade8e/right.png
cabinet,3590b3ac91a1a2a050aa77e3aa79e1f5,front,ok,0.271599,512,154,0.300781,docs/tmp/final-source-verification-2026-05-09/current_residual_bbox_rerender/cabinet/3590b3ac91a1a2a050aa77e3aa79e1f5/front.png
cabinet,3590b3ac91a1a2a050aa77e3aa79e1f5,left,ok,0.284988,300,327,0.374222,docs/tmp/final-source-verification-2026-05-09/current_residual_bbox_rerender/cabinet/3590b3ac91a1a2a050aa77e3aa79e1f5/left.png
cabinet,3590b3ac91a1a2a050aa77e3aa79e1f5,back,ok,0.271645,512,154,0.300781,docs/tmp/final-source-verification-2026-05-09/current_residual_bbox_rerender/cabinet/3590b3ac91a1a2a050aa77e3aa79e1f5/back.png
cabinet,3590b3ac91a1a2a050aa77e3aa79e1f5,right,ok,0.284599,301,325,0.373173,docs/tmp/final-source-verification-2026-05-09/current_residual_bbox_rerender/cabinet/3590b3ac91a1a2a050aa77e3aa79e1f5/right.png
cabinet,365155e8781d53f97be5426f5518638e,front,ok,0.012878,10,437,0.016670,docs/tmp/final-source-verification-2026-05-09/current_residual_bbox_rerender/cabinet/365155e8781d53f97be5426f5518638e/front.png
cabinet,365155e8781d53f97be5426f5518638e,left,ok,0.177536,148,400,0.225830,docs/tmp/final-source-verification-2026-05-09/current_residual_bbox_rerender/cabinet/365155e8781d53f97be5426f5518638e/left.png
cabinet,365155e8781d53f97be5426f5518638e,back,ok,0.012890,10,437,0.016670,docs/tmp/final-source-verification-2026-05-09/current_residual_bbox_rerender/cabinet/365155e8781d53f97be5426f5518638e/back.png
cabinet,365155e8781d53f97be5426f5518638e,right,ok,0.177540,148,400,0.225830,docs/tmp/final-source-verification-2026-05-09/current_residual_bbox_rerender/cabinet/365155e8781d53f97be5426f5518638e/right.png
cabinet,366ae4d8f4f6b070335be67b5ca08981,front,ok,0.163754,136,413,0.214264,docs/tmp/final-source-verification-2026-05-09/current_residual_bbox_rerender/cabinet/366ae4d8f4f6b070335be67b5ca08981/front.png
cabinet,366ae4d8f4f6b070335be67b5ca08981,left,ok,0.335789,504,195,0.374908,docs/tmp/final-source-verification-2026-05-09/current_residual_bbox_rerender/cabinet/366ae4d8f4f6b070335be67b5ca08981/left.png
cabinet,366ae4d8f4f6b070335be67b5ca08981,back,ok,0.163784,136,413,0.214264,docs/tmp/final-source-verification-2026-05-09/current_residual_bbox_rerender/cabinet/366ae4d8f4f6b070335be67b5ca08981/back.png
cabinet,366ae4d8f4f6b070335be67b5ca08981,right,ok,0.335949,504,195,0.374908,docs/tmp/final-source-verification-2026-05-09/current_residual_bbox_rerender/cabinet/366ae4d8f4f6b070335be67b5ca08981/right.png
cabinet,36784bfb585bdb14174f19549409978f,front,ok,0.267525,512,149,0.291016,docs/tmp/final-source-verification-2026-05-09/current_residual_bbox_rerender/cabinet/36784bfb585bdb14174f19549409978f/front.png
cabinet,36784bfb585bdb14174f19549409978f,left,ok,0.174198,156,388,0.230896,docs/tmp/final-source-verification-2026-05-09/current_residual_bbox_rerender/cabinet/36784bfb585bdb14174f19549409978f/left.png
cabinet,36784bfb585bdb14174f19549409978f,back,ok,0.267521,512,149,0.291016,docs/tmp/final-source-verification-2026-05-09/current_residual_bbox_rerender/cabinet/36784bfb585bdb14174f19549409978f/back.png
cabinet,36784bfb585bdb14174f19549409978f,right,ok,0.175091,156,388,0.230896,docs/tmp/final-source-verification-2026-05-09/current_residual_bbox_rerender/cabinet/36784bfb585bdb14174f19549409978f/right.png
cabinet,3739961fe049430a06d1633ae74f2200,front,blank,0.000225,8,13,0.000397,docs/tmp/final-source-verification-2026-05-09/current_residual_bbox_rerender/cabinet/3739961fe049430a06d1633ae74f2200/front.png
cabinet,3739961fe049430a06d1633ae74f2200,left,tiny,0.001362,20,34,0.002594,docs/tmp/final-source-verification-2026-05-09/current_residual_bbox_rerender/cabinet/3739961fe049430a06d1633ae74f2200/left.png
cabinet,3739961fe049430a06d1633ae74f2200,back,ok,0.119160,182,224,0.155518,docs/tmp/final-source-verification-2026-05-09/current_residual_bbox_rerender/cabinet/3739961fe049430a06d1633ae74f2200/back.png
cabinet,3739961fe049430a06d1633ae74f2200,right,ok,0.064709,117,301,0.134342,docs/tmp/final-source-verification-2026-05-09/current_residual_bbox_rerender/cabinet/3739961fe049430a06d1633ae74f2200/right.png
cabinet,37cfc6e575f3358b95af84d6bd8a0c49,front,ok,0.132782,216,363,0.299103,docs/tmp/final-source-verification-2026-05-09/current_residual_bbox_rerender/cabinet/37cfc6e575f3358b95af84d6bd8a0c49/front.png
cabinet,37cfc6e575f3358b95af84d6bd8a0c49,left,ok,0.175953,457,139,0.242321,docs/tmp/final-source-verification-2026-05-09/current_residual_bbox_rerender/cabinet/37cfc6e575f3358b95af84d6bd8a0c49/left.png
cabinet,37cfc6e575f3358b95af84d6bd8a0c49,back,ok,0.201416,241,328,0.301544,docs/tmp/final-source-verification-2026-05-09/current_residual_bbox_rerender/cabinet/37cfc6e575f3358b95af84d6bd8a0c49/back.png
cabinet,37cfc6e575f3358b95af84d6bd8a0c49,right,ok,0.201008,509,163,0.316494,docs/tmp/final-source-verification-2026-05-09/current_residual_bbox_rerender/cabinet/37cfc6e575f3358b95af84d6bd8a0c49/right.png
cabinet,37d2d404897fa2ae3492c3ca5bb403c6,front,ok,0.498596,480,327,0.598755,docs/tmp/final-source-verification-2026-05-09/current_residual_bbox_rerender/cabinet/37d2d404897fa2ae3492c3ca5bb403c6/front.png
cabinet,37d2d404897fa2ae3492c3ca5bb403c6,left,ok,0.396648,316,420,0.506287,docs/tmp/final-source-verification-2026-05-09/current_residual_bbox_rerender/cabinet/37d2d404897fa2ae3492c3ca5bb403c6/left.png
cabinet,37d2d404897fa2ae3492c3ca5bb403c6,back,ok,0.497166,478,327,0.596260,docs/tmp/final-source-verification-2026-05-09/current_residual_bbox_rerender/cabinet/37d2d404897fa2ae3492c3ca5bb403c6/back.png
cabinet,37d2d404897fa2ae3492c3ca5bb403c6,right,ok,0.398701,318,420,0.509491,docs/tmp/final-source-verification-2026-05-09/current_residual_bbox_rerender/cabinet/37d2d404897fa2ae3492c3ca5bb403c6/right.png
cabinet,3802c64f1d64d6b6e70831b2be69a863,front,ok,0.378933,462,271,0.477608,docs/tmp/final-source-verification-2026-05-09/current_residual_bbox_rerender/cabinet/3802c64f1d64d6b6e70831b2be69a863/front.png
cabinet,3802c64f1d64d6b6e70831b2be69a863,left,ok,0.371819,483,247,0.455097,docs/tmp/final-source-verification-2026-05-09/current_residual_bbox_rerender/cabinet/3802c64f1d64d6b6e70831b2be69a863/left.png
cabinet,3802c64f1d64d6b6e70831b2be69a863,back,ok,0.381420,466,271,0.481743,docs/tmp/final-source-verification-2026-05-09/current_residual_bbox_rerender/cabinet/3802c64f1d64d6b6e70831b2be69a863/back.png
cabinet,3802c64f1d64d6b6e70831b2be69a863,right,ok,0.377651,494,247,0.465462,docs/tmp/final-source-verification-2026-05-09/current_residual_bbox_rerender/cabinet/3802c64f1d64d6b6e70831b2be69a863/right.png
cabinet,39f140c49c1d7f5d53d1c1375f84b6f1,front,ok,0.354603,492,217,0.407272,docs/tmp/final-source-verification-2026-05-09/current_residual_bbox_rerender/cabinet/39f140c49c1d7f5d53d1c1375f84b6f1/front.png
cabinet,39f140c49c1d7f5d53d1c1375f84b6f1,left,ok,0.132565,110,425,0.178337,docs/tmp/final-source-verification-2026-05-09/current_residual_bbox_rerender/cabinet/39f140c49c1d7f5d53d1c1375f84b6f1/left.png
cabinet,39f140c49c1d7f5d53d1c1375f84b6f1,back,ok,0.342255,489,217,0.404789,docs/tmp/final-source-verification-2026-05-09/current_residual_bbox_rerender/cabinet/39f140c49c1d7f5d53d1c1375f84b6f1/back.png
cabinet,39f140c49c1d7f5d53d1c1375f84b6f1,right,ok,0.141441,114,425,0.184822,docs/tmp/final-source-verification-2026-05-09/current_residual_bbox_rerender/cabinet/39f140c49c1d7f5d53d1c1375f84b6f1/right.png
cabinet,3a0d2a8e5ae7e4ad9623d478712760ac,front,ok,0.071259,82,319,0.099785,docs/tmp/final-source-verification-2026-05-09/current_residual_bbox_rerender/cabinet/3a0d2a8e5ae7e4ad9623d478712760ac/front.png
cabinet,3a0d2a8e5ae7e4ad9623d478712760ac,left,ok,0.058167,479,33,0.060299,docs/tmp/final-source-verification-2026-05-09/current_residual_bbox_rerender/cabinet/3a0d2a8e5ae7e4ad9623d478712760ac/left.png
cabinet,3a0d2a8e5ae7e4ad9623d478712760ac,back,ok,0.071274,82,319,0.099785,docs/tmp/final-source-verification-2026-05-09/current_residual_bbox_rerender/cabinet/3a0d2a8e5ae7e4ad9623d478712760ac/back.png
cabinet,3a0d2a8e5ae7e4ad9623d478712760ac,right,ok,0.058167,479,33,0.060299,docs/tmp/final-source-verification-2026-05-09/current_residual_bbox_rerender/cabinet/3a0d2a8e5ae7e4ad9623d478712760ac/right.png
cabinet,3ba8d167d2fa00b09d0420f05b9798d4,front,ok,0.410564,420,346,0.554352,docs/tmp/final-source-verification-2026-05-09/current_residual_bbox_rerender/cabinet/3ba8d167d2fa00b09d0420f05b9798d4/front.png
cabinet,3ba8d167d2fa00b09d0420f05b9798d4,left,ok,0.407330,480,268,0.490723,docs/tmp/final-source-verification-2026-05-09/current_residual_bbox_rerender/cabinet/3ba8d167d2fa00b09d0420f05b9798d4/left.png
cabinet,3ba8d167d2fa00b09d0420f05b9798d4,back,ok,0.410324,417,346,0.550392,docs/tmp/final-source-verification-2026-05-09/current_residual_bbox_rerender/cabinet/3ba8d167d2fa00b09d0420f05b9798d4/back.png
cabinet,3ba8d167d2fa00b09d0420f05b9798d4,right,ok,0.450085,510,272,0.529175,docs/tmp/final-source-verification-2026-05-09/current_residual_bbox_rerender/cabinet/3ba8d167d2fa00b09d0420f05b9798d4/right.png
cabinet,3c94d0de0b7c394efebe230badc88d39,front,ok,0.356052,440,270,0.453186,docs/tmp/final-source-verification-2026-05-09/current_residual_bbox_rerender/cabinet/3c94d0de0b7c394efebe230badc88d39/front.png
cabinet,3c94d0de0b7c394efebe230badc88d39,left,ok,0.336128,500,213,0.406265,docs/tmp/final-source-verification-2026-05-09/current_residual_bbox_rerender/cabinet/3c94d0de0b7c394efebe230badc88d39/left.png
cabinet,3c94d0de0b7c394efebe230badc88d39,back,ok,0.356064,440,270,0.453186,docs/tmp/final-source-verification-2026-05-09/current_residual_bbox_rerender/cabinet/3c94d0de0b7c394efebe230badc88d39/back.png
cabinet,3c94d0de0b7c394efebe230badc88d39,right,ok,0.346558,500,219,0.417709,docs/tmp/final-source-verification-2026-05-09/current_residual_bbox_rerender/cabinet/3c94d0de0b7c394efebe230badc88d39/right.png
cabinet,3d04a7ca1204a5a32263418847780fe0,front,ok,0.270370,504,190,0.365295,docs/tmp/final-source-verification-2026-05-09/current_residual_bbox_rerender/cabinet/3d04a7ca1204a5a32263418847780fe0/front.png
cabinet,3d04a7ca1204a5a32263418847780fe0,left,ok,0.147015,129,411,0.202251,docs/tmp/final-source-verification-2026-05-09/current_residual_bbox_rerender/cabinet/3d04a7ca1204a5a32263418847780fe0/left.png
cabinet,3d04a7ca1204a5a32263418847780fe0,back,ok,0.328850,502,191,0.365761,docs/tmp/final-source-verification-2026-05-09/current_residual_bbox_rerender/cabinet/3d04a7ca1204a5a32263418847780fe0/back.png
cabinet,3d04a7ca1204a5a32263418847780fe0,right,ok,0.097393,131,411,0.205387,docs/tmp/final-source-verification-2026-05-09/current_residual_bbox_rerender/cabinet/3d04a7ca1204a5a32263418847780fe0/right.png
cabinet,3d949263ad639a1094ddef51244d9919,front,ok,0.295109,305,337,0.392094,docs/tmp/final-source-verification-2026-05-09/current_residual_bbox_rerender/cabinet/3d949263ad639a1094ddef51244d9919/front.png
cabinet,3d949263ad639a1094ddef51244d9919,left,ok,0.286110,512,175,0.341797,docs/tmp/final-source-verification-2026-05-09/current_residual_bbox_rerender/cabinet/3d949263ad639a1094ddef51244d9919/left.png
cabinet,3d949263ad639a1094ddef51244d9919,back,ok,0.288944,305,337,0.392094,docs/tmp/final-source-verification-2026-05-09/current_residual_bbox_rerender/cabinet/3d949263ad639a1094ddef51244d9919/back.png
cabinet,3d949263ad639a1094ddef51244d9919,right,ok,0.286076,512,176,0.343750,docs/tmp/final-source-verification-2026-05-09/current_residual_bbox_rerender/cabinet/3d949263ad639a1094ddef51244d9919/right.png
cabinet,3df3a72f92c2bf76681d516fb4bf12e0,front,ok,0.298077,511,168,0.327484,docs/tmp/final-source-verification-2026-05-09/current_residual_bbox_rerender/cabinet/3df3a72f92c2bf76681d516fb4bf12e0/front.png
cabinet,3df3a72f92c2bf76681d516fb4bf12e0,left,ok,0.232742,210,382,0.306015,docs/tmp/final-source-verification-2026-05-09/current_residual_bbox_rerender/cabinet/3df3a72f92c2bf76681d516fb4bf12e0/left.png
cabinet,3df3a72f92c2bf76681d516fb4bf12e0,back,ok,0.301361,512,168,0.328125,docs/tmp/final-source-verification-2026-05-09/current_residual_bbox_rerender/cabinet/3df3a72f92c2bf76681d516fb4bf12e0/back.png
cabinet,3df3a72f92c2bf76681d516fb4bf12e0,right,ok,0.217083,187,382,0.272499,docs/tmp/final-source-verification-2026-05-09/current_residual_bbox_rerender/cabinet/3df3a72f92c2bf76681d516fb4bf12e0/right.png
cabinet,3ebe92095d03caa7e448548eb425f1b5,front,ok,0.395859,385,365,0.536060,docs/tmp/final-source-verification-2026-05-09/current_residual_bbox_rerender/cabinet/3ebe92095d03caa7e448548eb425f1b5/front.png
cabinet,3ebe92095d03caa7e448548eb425f1b5,left,ok,0.277340,237,436,0.394180,docs/tmp/final-source-verification-2026-05-09/current_residual_bbox_rerender/cabinet/3ebe92095d03caa7e448548eb425f1b5/left.png
cabinet,3ebe92095d03caa7e448548eb425f1b5,back,ok,0.437614,395,359,0.540943,docs/tmp/final-source-verification-2026-05-09/current_residual_bbox_rerender/cabinet/3ebe92095d03caa7e448548eb425f1b5/back.png
cabinet,3ebe92095d03caa7e448548eb425f1b5,right,ok,0.291431,244,436,0.405823,docs/tmp/final-source-verification-2026-05-09/current_residual_bbox_rerender/cabinet/3ebe92095d03caa7e448548eb425f1b5/right.png
cabinet,3ed4d0d3a5b72765f72a6b841f91b788,front,ok,0.238811,194,412,0.304901,docs/tmp/final-source-verification-2026-05-09/current_residual_bbox_rerender/cabinet/3ed4d0d3a5b72765f72a6b841f91b788/front.png
cabinet,3ed4d0d3a5b72765f72a6b841f91b788,left,ok,0.147709,113,445,0.191822,docs/tmp/final-source-verification-2026-05-09/current_residual_bbox_rerender/cabinet/3ed4d0d3a5b72765f72a6b841f91b788/left.png
cabinet,3ed4d0d3a5b72765f72a6b841f91b788,back,ok,0.254452,207,412,0.325333,docs/tmp/final-source-verification-2026-05-09/current_residual_bbox_rerender/cabinet/3ed4d0d3a5b72765f72a6b841f91b788/back.png
cabinet,3ed4d0d3a5b72765f72a6b841f91b788,right,ok,0.144745,112,445,0.190125,docs/tmp/final-source-verification-2026-05-09/current_residual_bbox_rerender/cabinet/3ed4d0d3a5b72765f72a6b841f91b788/right.png
cabinet,3f0fc581fa26e88fc4246c8829416a20,front,ok,0.339607,512,192,0.375000,docs/tmp/final-source-verification-2026-05-09/current_residual_bbox_rerender/cabinet/3f0fc581fa26e88fc4246c8829416a20/front.png
cabinet,3f0fc581fa26e88fc4246c8829416a20,left,ok,0.211010,178,406,0.275681,docs/tmp/final-source-verification-2026-05-09/current_residual_bbox_rerender/cabinet/3f0fc581fa26e88fc4246c8829416a20/left.png
cabinet,3f0fc581fa26e88fc4246c8829416a20,back,ok,0.339287,512,192,0.375000,docs/tmp/final-source-verification-2026-05-09/current_residual_bbox_rerender/cabinet/3f0fc581fa26e88fc4246c8829416a20/back.png
cabinet,3f0fc581fa26e88fc4246c8829416a20,right,ok,0.211002,178,406,0.275681,docs/tmp/final-source-verification-2026-05-09/current_residual_bbox_rerender/cabinet/3f0fc581fa26e88fc4246c8829416a20/right.png
cabinet,3fde18efccfa4108399e82a8e6e01808,front,ok,0.123882,494,69,0.130028,docs/tmp/final-source-verification-2026-05-09/current_residual_bbox_rerender/cabinet/3fde18efccfa4108399e82a8e6e01808/front.png
cabinet,3fde18efccfa4108399e82a8e6e01808,left,ok,0.109650,116,341,0.150894,docs/tmp/final-source-verification-2026-05-09/current_residual_bbox_rerender/cabinet/3fde18efccfa4108399e82a8e6e01808/left.png
cabinet,3fde18efccfa4108399e82a8e6e01808,back,ok,0.123878,494,69,0.130028,docs/tmp/final-source-verification-2026-05-09/current_residual_bbox_rerender/cabinet/3fde18efccfa4108399e82a8e6e01808/back.png
cabinet,3fde18efccfa4108399e82a8e6e01808,right,ok,0.110008,116,341,0.150894,docs/tmp/final-source-verification-2026-05-09/current_residual_bbox_rerender/cabinet/3fde18efccfa4108399e82a8e6e01808/right.png
cabinet,400d3b28ac9004dbb1f1f1a1b24a1d6a,front,ok,0.458668,479,301,0.549999,docs/tmp/final-source-verification-2026-05-09/current_residual_bbox_rerender/cabinet/400d3b28ac9004dbb1f1f1a1b24a1d6a/front.png
cabinet,400d3b28ac9004dbb1f1f1a1b24a1d6a,left,ok,0.459599,455,324,0.562363,docs/tmp/final-source-verification-2026-05-09/current_residual_bbox_rerender/cabinet/400d3b28ac9004dbb1f1f1a1b24a1d6a/left.png
cabinet,400d3b28ac9004dbb1f1f1a1b24a1d6a,back,ok,0.441036,471,298,0.535423,docs/tmp/final-source-verification-2026-05-09/current_residual_bbox_rerender/cabinet/400d3b28ac9004dbb1f1f1a1b24a1d6a/back.png
cabinet,400d3b28ac9004dbb1f1f1a1b24a1d6a,right,ok,0.420322,436,316,0.525574,docs/tmp/final-source-verification-2026-05-09/current_residual_bbox_rerender/cabinet/400d3b28ac9004dbb1f1f1a1b24a1d6a/right.png
cabinet,4024e7c184bfb63c07b5a83a4890a3db,front,ok,0.350971,494,214,0.403275,docs/tmp/final-source-verification-2026-05-09/current_residual_bbox_rerender/cabinet/4024e7c184bfb63c07b5a83a4890a3db/front.png
cabinet,4024e7c184bfb63c07b5a83a4890a3db,left,ok,0.142841,116,423,0.187180,docs/tmp/final-source-verification-2026-05-09/current_residual_bbox_rerender/cabinet/4024e7c184bfb63c07b5a83a4890a3db/left.png
cabinet,4024e7c184bfb63c07b5a83a4890a3db,back,ok,0.343716,494,214,0.403275,docs/tmp/final-source-verification-2026-05-09/current_residual_bbox_rerender/cabinet/4024e7c184bfb63c07b5a83a4890a3db/back.png
cabinet,4024e7c184bfb63c07b5a83a4890a3db,right,ok,0.135456,116,421,0.186295,docs/tmp/final-source-verification-2026-05-09/current_residual_bbox_rerender/cabinet/4024e7c184bfb63c07b5a83a4890a3db/right.png
cabinet,412b7eea49bbaed63c5229c120138440,front,ok,0.384575,343,378,0.494591,docs/tmp/final-source-verification-2026-05-09/current_residual_bbox_rerender/cabinet/412b7eea49bbaed63c5229c120138440/front.png
cabinet,412b7eea49bbaed63c5229c120138440,left,ok,0.428822,512,246,0.480469,docs/tmp/final-source-verification-2026-05-09/current_residual_bbox_rerender/cabinet/412b7eea49bbaed63c5229c120138440/left.png
cabinet,412b7eea49bbaed63c5229c120138440,back,ok,0.386238,344,378,0.496033,docs/tmp/final-source-verification-2026-05-09/current_residual_bbox_rerender/cabinet/412b7eea49bbaed63c5229c120138440/back.png
cabinet,412b7eea49bbaed63c5229c120138440,right,ok,0.433174,512,248,0.484375,docs/tmp/final-source-verification-2026-05-09/current_residual_bbox_rerender/cabinet/412b7eea49bbaed63c5229c120138440/right.png
cabinet,42099dca9f26baff5818bafdf6143072,front,ok,0.288757,288,343,0.376831,docs/tmp/final-source-verification-2026-05-09/current_residual_bbox_rerender/cabinet/42099dca9f26baff5818bafdf6143072/front.png
cabinet,42099dca9f26baff5818bafdf6143072,left,ok,0.294071,512,163,0.318359,docs/tmp/final-source-verification-2026-05-09/current_residual_bbox_rerender/cabinet/42099dca9f26baff5818bafdf6143072/left.png
cabinet,42099dca9f26baff5818bafdf6143072,back,ok,0.288822,288,343,0.376831,docs/tmp/final-source-verification-2026-05-09/current_residual_bbox_rerender/cabinet/42099dca9f26baff5818bafdf6143072/back.png
cabinet,42099dca9f26baff5818bafdf6143072,right,ok,0.294064,512,163,0.318359,docs/tmp/final-source-verification-2026-05-09/current_residual_bbox_rerender/cabinet/42099dca9f26baff5818bafdf6143072/right.png
cabinet,442535610c5f7cdf826acdc6765e9fd3,front,ok,0.164425,138,402,0.211624,docs/tmp/final-source-verification-2026-05-09/current_residual_bbox_rerender/cabinet/442535610c5f7cdf826acdc6765e9fd3/front.png
cabinet,442535610c5f7cdf826acdc6765e9fd3,left,ok,0.011463,8,434,0.013245,docs/tmp/final-source-verification-2026-05-09/current_residual_bbox_rerender/cabinet/442535610c5f7cdf826acdc6765e9fd3/left.png
cabinet,442535610c5f7cdf826acdc6765e9fd3,back,ok,0.164925,138,402,0.211624,docs/tmp/final-source-verification-2026-05-09/current_residual_bbox_rerender/cabinet/442535610c5f7cdf826acdc6765e9fd3/back.png
cabinet,442535610c5f7cdf826acdc6765e9fd3,right,ok,0.011463,8,434,0.013245,docs/tmp/final-source-verification-2026-05-09/current_residual_bbox_rerender/cabinet/442535610c5f7cdf826acdc6765e9fd3/right.png
cabinet,4441e4614b32447ba28d5d9bc67f0390,front,ok,0.081882,91,381,0.132259,docs/tmp/final-source-verification-2026-05-09/current_residual_bbox_rerender/cabinet/4441e4614b32447ba28d5d9bc67f0390/front.png
cabinet,4441e4614b32447ba28d5d9bc67f0390,left,ok,0.164223,454,104,0.180115,docs/tmp/final-source-verification-2026-05-09/current_residual_bbox_rerender/cabinet/4441e4614b32447ba28d5d9bc67f0390/left.png
cabinet,4441e4614b32447ba28d5d9bc67f0390,back,ok,0.082451,91,381,0.132259,docs/tmp/final-source-verification-2026-05-09/current_residual_bbox_rerender/cabinet/4441e4614b32447ba28d5d9bc67f0390/back.png
cabinet,4441e4614b32447ba28d5d9bc67f0390,right,ok,0.193295,500,114,0.217438,docs/tmp/final-source-verification-2026-05-09/current_residual_bbox_rerender/cabinet/4441e4614b32447ba28d5d9bc67f0390/right.png
cabinet,4495369058344367373718d9a27f5d4b,front,ok,0.235367,502,132,0.252777,docs/tmp/final-source-verification-2026-05-09/current_residual_bbox_rerender/cabinet/4495369058344367373718d9a27f5d4b/front.png
cabinet,4495369058344367373718d9a27f5d4b,left,ok,0.113510,100,391,0.149155,docs/tmp/final-source-verification-2026-05-09/current_residual_bbox_rerender/cabinet/4495369058344367373718d9a27f5d4b/left.png
cabinet,4495369058344367373718d9a27f5d4b,back,ok,0.235264,502,132,0.252777,docs/tmp/final-source-verification-2026-05-09/current_residual_bbox_rerender/cabinet/4495369058344367373718d9a27f5d4b/back.png
cabinet,4495369058344367373718d9a27f5d4b,right,ok,0.113972,100,391,0.149155,docs/tmp/final-source-verification-2026-05-09/current_residual_bbox_rerender/cabinet/4495369058344367373718d9a27f5d4b/right.png
cabinet,44bb282febf69ed6b92b6a239d306d69,front,ok,0.295628,310,329,0.389061,docs/tmp/final-source-verification-2026-05-09/current_residual_bbox_rerender/cabinet/44bb282febf69ed6b92b6a239d306d69/front.png
cabinet,44bb282febf69ed6b92b6a239d306d69,left,ok,0.283546,512,160,0.312500,docs/tmp/final-source-verification-2026-05-09/current_residual_bbox_rerender/cabinet/44bb282febf69ed6b92b6a239d306d69/left.png
cabinet,44bb282febf69ed6b92b6a239d306d69,back,ok,0.295654,310,329,0.389061,docs/tmp/final-source-verification-2026-05-09/current_residual_bbox_rerender/cabinet/44bb282febf69ed6b92b6a239d306d69/back.png
cabinet,44bb282febf69ed6b92b6a239d306d69,right,ok,0.283546,512,160,0.312500,docs/tmp/final-source-verification-2026-05-09/current_residual_bbox_rerender/cabinet/44bb282febf69ed6b92b6a239d306d69/right.png
cabinet,46f0865f80677d8cfa43d88816727556,front,ok,0.176975,512,182,0.355469,docs/tmp/final-source-verification-2026-05-09/current_residual_bbox_rerender/cabinet/46f0865f80677d8cfa43d88816727556/front.png
cabinet,46f0865f80677d8cfa43d88816727556,left,ok,0.159477,349,323,0.430019,docs/tmp/final-source-verification-2026-05-09/current_residual_bbox_rerender/cabinet/46f0865f80677d8cfa43d88816727556/left.png
cabinet,46f0865f80677d8cfa43d88816727556,back,ok,0.119808,439,182,0.304787,docs/tmp/final-source-verification-2026-05-09/current_residual_bbox_rerender/cabinet/46f0865f80677d8cfa43d88816727556/back.png
cabinet,46f0865f80677d8cfa43d88816727556,right,ok,0.090714,256,323,0.315430,docs/tmp/final-source-verification-2026-05-09/current_residual_bbox_rerender/cabinet/46f0865f80677d8cfa43d88816727556/right.png
cabinet,473705d38572b15b7f0f5ea83cfe94c0,front,ok,0.416901,410,325,0.508308,docs/tmp/final-source-verification-2026-05-09/current_residual_bbox_rerender/cabinet/473705d38572b15b7f0f5ea83cfe94c0/front.png
cabinet,473705d38572b15b7f0f5ea83cfe94c0,left,ok,0.154682,118,455,0.204811,docs/tmp/final-source-verification-2026-05-09/current_residual_bbox_rerender/cabinet/473705d38572b15b7f0f5ea83cfe94c0/left.png
cabinet,473705d38572b15b7f0f5ea83cfe94c0,back,ok,0.411369,407,325,0.504589,docs/tmp/final-source-verification-2026-05-09/current_residual_bbox_rerender/cabinet/473705d38572b15b7f0f5ea83cfe94c0/back.png
cabinet,473705d38572b15b7f0f5ea83cfe94c0,right,ok,0.158310,119,455,0.206547,docs/tmp/final-source-verification-2026-05-09/current_residual_bbox_rerender/cabinet/473705d38572b15b7f0f5ea83cfe94c0/right.png
cabinet,475808e6907722a0034197b378d841b8,front,ok,0.309635,512,175,0.341797,docs/tmp/final-source-verification-2026-05-09/current_residual_bbox_rerender/cabinet/475808e6907722a0034197b378d841b8/front.png
cabinet,475808e6907722a0034197b378d841b8,left,ok,0.193859,168,399,0.255707,docs/tmp/final-source-verification-2026-05-09/current_residual_bbox_rerender/cabinet/475808e6907722a0034197b378d841b8/left.png
cabinet,475808e6907722a0034197b378d841b8,back,ok,0.305737,512,175,0.341797,docs/tmp/final-source-verification-2026-05-09/current_residual_bbox_rerender/cabinet/475808e6907722a0034197b378d841b8/back.png
cabinet,475808e6907722a0034197b378d841b8,right,ok,0.193714,168,399,0.255707,docs/tmp/final-source-verification-2026-05-09/current_residual_bbox_rerender/cabinet/475808e6907722a0034197b378d841b8/right.png
cabinet,475d109c4664221d89fe6b4dfbf522e9,front,ok,0.276863,352,276,0.370605,docs/tmp/final-source-verification-2026-05-09/current_residual_bbox_rerender/cabinet/475d109c4664221d89fe6b4dfbf522e9/front.png
cabinet,475d109c4664221d89fe6b4dfbf522e9,left,ok,0.237606,507,145,0.280437,docs/tmp/final-source-verification-2026-05-09/current_residual_bbox_rerender/cabinet/475d109c4664221d89fe6b4dfbf522e9/left.png
cabinet,475d109c4664221d89fe6b4dfbf522e9,back,ok,0.276867,352,276,0.370605,docs/tmp/final-source-verification-2026-05-09/current_residual_bbox_rerender/cabinet/475d109c4664221d89fe6b4dfbf522e9/back.png
cabinet,475d109c4664221d89fe6b4dfbf522e9,right,ok,0.237606,507,145,0.280437,docs/tmp/final-source-verification-2026-05-09/current_residual_bbox_rerender/cabinet/475d109c4664221d89fe6b4dfbf522e9/right.png
cabinet,47941c7024fa028b002292df4e0231d4,front,ok,0.432354,380,370,0.536346,docs/tmp/final-source-verification-2026-05-09/current_residual_bbox_rerender/cabinet/47941c7024fa028b002292df4e0231d4/front.png
cabinet,47941c7024fa028b002292df4e0231d4,left,ok,0.280842,217,444,0.367538,docs/tmp/final-source-verification-2026-05-09/current_residual_bbox_rerender/cabinet/47941c7024fa028b002292df4e0231d4/left.png
cabinet,47941c7024fa028b002292df4e0231d4,back,ok,0.393642,386,370,0.544815,docs/tmp/final-source-verification-2026-05-09/current_residual_bbox_rerender/cabinet/47941c7024fa028b002292df4e0231d4/back.png
cabinet,47941c7024fa028b002292df4e0231d4,right,ok,0.252064,209,444,0.353989,docs/tmp/final-source-verification-2026-05-09/current_residual_bbox_rerender/cabinet/47941c7024fa028b002292df4e0231d4/right.png
cabinet,4866619352707772cd8a6b51d67b0505,front,ok,0.164993,196,307,0.229538,docs/tmp/final-source-verification-2026-05-09/current_residual_bbox_rerender/cabinet/4866619352707772cd8a6b51d67b0505/front.png
cabinet,4866619352707772cd8a6b51d67b0505,left,ok,0.126385,498,73,0.138680,docs/tmp/final-source-verification-2026-05-09/current_residual_bbox_rerender/cabinet/4866619352707772cd8a6b51d67b0505/left.png
cabinet,4866619352707772cd8a6b51d67b0505,back,ok,0.165024,196,307,0.229538,docs/tmp/final-source-verification-2026-05-09/current_residual_bbox_rerender/cabinet/4866619352707772cd8a6b51d67b0505/back.png
cabinet,4866619352707772cd8a6b51d67b0505,right,ok,0.126385,498,73,0.138680,docs/tmp/final-source-verification-2026-05-09/current_residual_bbox_rerender/cabinet/4866619352707772cd8a6b51d67b0505/right.png
cabinet,4897357b4acc5df302ae8dcdf3fb12bd,front,ok,0.485630,445,347,0.589046,docs/tmp/final-source-verification-2026-05-09/current_residual_bbox_rerender/cabinet/4897357b4acc5df302ae8dcdf3fb12bd/front.png
cabinet,4897357b4acc5df302ae8dcdf3fb12bd,left,ok,0.391708,311,423,0.501835,docs/tmp/final-source-verification-2026-05-09/current_residual_bbox_rerender/cabinet/4897357b4acc5df302ae8dcdf3fb12bd/left.png
cabinet,4897357b4acc5df302ae8dcdf3fb12bd,back,ok,0.495232,452,350,0.603485,docs/tmp/final-source-verification-2026-05-09/current_residual_bbox_rerender/cabinet/4897357b4acc5df302ae8dcdf3fb12bd/back.png
cabinet,4897357b4acc5df302ae8dcdf3fb12bd,right,ok,0.392448,311,423,0.501835,docs/tmp/final-source-verification-2026-05-09/current_residual_bbox_rerender/cabinet/4897357b4acc5df302ae8dcdf3fb12bd/right.png
cabinet,48f2a02ecd8c2ca0da7cf03310a7fe76,front,ok,0.027386,20,458,0.034943,docs/tmp/final-source-verification-2026-05-09/current_residual_bbox_rerender/cabinet/48f2a02ecd8c2ca0da7cf03310a7fe76/front.png
cabinet,48f2a02ecd8c2ca0da7cf03310a7fe76,left,ok,0.371773,392,301,0.450104,docs/tmp/final-source-verification-2026-05-09/current_residual_bbox_rerender/cabinet/48f2a02ecd8c2ca0da7cf03310a7fe76/left.png
cabinet,48f2a02ecd8c2ca0da7cf03310a7fe76,back,ok,0.027405,20,458,0.034943,docs/tmp/final-source-verification-2026-05-09/current_residual_bbox_rerender/cabinet/48f2a02ecd8c2ca0da7cf03310a7fe76/back.png
cabinet,48f2a02ecd8c2ca0da7cf03310a7fe76,right,ok,0.371773,392,301,0.450104,docs/tmp/final-source-verification-2026-05-09/current_residual_bbox_rerender/cabinet/48f2a02ecd8c2ca0da7cf03310a7fe76/right.png
cabinet,4932633b756863150ebe85421dc429f8,front,ok,0.355480,486,228,0.422699,docs/tmp/final-source-verification-2026-05-09/current_residual_bbox_rerender/cabinet/4932633b756863150ebe85421dc429f8/front.png
cabinet,4932633b756863150ebe85421dc429f8,left,ok,0.363144,418,284,0.452850,docs/tmp/final-source-verification-2026-05-09/current_residual_bbox_rerender/cabinet/4932633b756863150ebe85421dc429f8/left.png
cabinet,4932633b756863150ebe85421dc429f8,back,ok,0.355560,486,228,0.422699,docs/tmp/final-source-verification-2026-05-09/current_residual_bbox_rerender/cabinet/4932633b756863150ebe85421dc429f8/back.png
cabinet,4932633b756863150ebe85421dc429f8,right,ok,0.363052,418,284,0.452850,docs/tmp/final-source-verification-2026-05-09/current_residual_bbox_rerender/cabinet/4932633b756863150ebe85421dc429f8/right.png
cabinet,4a160695503292c2a05b2c733abe7249,front,ok,0.065159,75,352,0.100708,docs/tmp/final-source-verification-2026-05-09/current_residual_bbox_rerender/cabinet/4a160695503292c2a05b2c733abe7249/front.png
cabinet,4a160695503292c2a05b2c733abe7249,left,ok,0.111462,450,70,0.120163,docs/tmp/final-source-verification-2026-05-09/current_residual_bbox_rerender/cabinet/4a160695503292c2a05b2c733abe7249/left.png
cabinet,4a160695503292c2a05b2c733abe7249,back,ok,0.065159,75,351,0.100422,docs/tmp/final-source-verification-2026-05-09/current_residual_bbox_rerender/cabinet/4a160695503292c2a05b2c733abe7249/back.png
cabinet,4a160695503292c2a05b2c733abe7249,right,ok,0.105061,490,59,0.110283,docs/tmp/final-source-verification-2026-05-09/current_residual_bbox_rerender/cabinet/4a160695503292c2a05b2c733abe7249/right.png
cabinet,4a232b97e377ca7c898f8ea2ac4a444f,front,ok,0.396172,454,270,0.467606,docs/tmp/final-source-verification-2026-05-09/current_residual_bbox_rerender/cabinet/4a232b97e377ca7c898f8ea2ac4a444f/front.png
cabinet,4a232b97e377ca7c898f8ea2ac4a444f,left,ok,0.116123,88,449,0.150726,docs/tmp/final-source-verification-2026-05-09/current_residual_bbox_rerender/cabinet/4a232b97e377ca7c898f8ea2ac4a444f/left.png
cabinet,4a232b97e377ca7c898f8ea2ac4a444f,back,ok,0.394310,453,270,0.466576,docs/tmp/final-source-verification-2026-05-09/current_residual_bbox_rerender/cabinet/4a232b97e377ca7c898f8ea2ac4a444f/back.png
cabinet,4a232b97e377ca7c898f8ea2ac4a444f,right,ok,0.113487,86,449,0.147301,docs/tmp/final-source-verification-2026-05-09/current_residual_bbox_rerender/cabinet/4a232b97e377ca7c898f8ea2ac4a444f/right.png
cabinet,4a6a9fddaab9c36253eeba9676ff21a1,front,ok,0.410320,371,393,0.556194,docs/tmp/final-source-verification-2026-05-09/current_residual_bbox_rerender/cabinet/4a6a9fddaab9c36253eeba9676ff21a1/front.png
cabinet,4a6a9fddaab9c36253eeba9676ff21a1,left,ok,0.402695,379,387,0.559513,docs/tmp/final-source-verification-2026-05-09/current_residual_bbox_rerender/cabinet/4a6a9fddaab9c36253eeba9676ff21a1/left.png
cabinet,4a6a9fddaab9c36253eeba9676ff21a1,back,ok,0.412514,356,384,0.521484,docs/tmp/final-source-verification-2026-05-09/current_residual_bbox_rerender/cabinet/4a6a9fddaab9c36253eeba9676ff21a1/back.png
cabinet,4a6a9fddaab9c36253eeba9676ff21a1,right,ok,0.417908,370,369,0.520821,docs/tmp/final-source-verification-2026-05-09/current_residual_bbox_rerender/cabinet/4a6a9fddaab9c36253eeba9676ff21a1/right.png
cabinet,4b2ac11138608cc2dbf5b8922905c4ea,front,ok,0.477512,441,360,0.605621,docs/tmp/final-source-verification-2026-05-09/current_residual_bbox_rerender/cabinet/4b2ac11138608cc2dbf5b8922905c4ea/front.png
cabinet,4b2ac11138608cc2dbf5b8922905c4ea,left,ok,0.504852,485,330,0.610542,docs/tmp/final-source-verification-2026-05-09/current_residual_bbox_rerender/cabinet/4b2ac11138608cc2dbf5b8922905c4ea/left.png
cabinet,4b2ac11138608cc2dbf5b8922905c4ea,back,ok,0.477737,441,360,0.605621,docs/tmp/final-source-verification-2026-05-09/current_residual_bbox_rerender/cabinet/4b2ac11138608cc2dbf5b8922905c4ea/back.png
cabinet,4b2ac11138608cc2dbf5b8922905c4ea,right,ok,0.476505,484,326,0.601898,docs/tmp/final-source-verification-2026-05-09/current_residual_bbox_rerender/cabinet/4b2ac11138608cc2dbf5b8922905c4ea/right.png
cabinet,4b2ade4221cfba0b32f70ef5686852fb,front,ok,0.246532,188,446,0.319855,docs/tmp/final-source-verification-2026-05-09/current_residual_bbox_rerender/cabinet/4b2ade4221cfba0b32f70ef5686852fb/front.png
cabinet,4b2ade4221cfba0b32f70ef5686852fb,left,ok,0.450642,439,324,0.542587,docs/tmp/final-source-verification-2026-05-09/current_residual_bbox_rerender/cabinet/4b2ade4221cfba0b32f70ef5686852fb/left.png
cabinet,4b2ade4221cfba0b32f70ef5686852fb,back,ok,0.243084,184,447,0.313751,docs/tmp/final-source-verification-2026-05-09/current_residual_bbox_rerender/cabinet/4b2ade4221cfba0b32f70ef5686852fb/back.png
cabinet,4b2ade4221cfba0b32f70ef5686852fb,right,ok,0.450680,439,324,0.542587,docs/tmp/final-source-verification-2026-05-09/current_residual_bbox_rerender/cabinet/4b2ade4221cfba0b32f70ef5686852fb/right.png
cabinet,4b7b6a6d27f5e3f48f4462424ec81c06,front,ok,0.126099,94,452,0.162079,docs/tmp/final-source-verification-2026-05-09/current_residual_bbox_rerender/cabinet/4b7b6a6d27f5e3f48f4462424ec81c06/front.png
cabinet,4b7b6a6d27f5e3f48f4462424ec81c06,left,ok,0.314663,266,393,0.398781,docs/tmp/final-source-verification-2026-05-09/current_residual_bbox_rerender/cabinet/4b7b6a6d27f5e3f48f4462424ec81c06/left.png
cabinet,4b7b6a6d27f5e3f48f4462424ec81c06,back,ok,0.129330,98,451,0.168602,docs/tmp/final-source-verification-2026-05-09/current_residual_bbox_rerender/cabinet/4b7b6a6d27f5e3f48f4462424ec81c06/back.png
cabinet,4b7b6a6d27f5e3f48f4462424ec81c06,right,ok,0.314663,266,393,0.398781,docs/tmp/final-source-verification-2026-05-09/current_residual_bbox_rerender/cabinet/4b7b6a6d27f5e3f48f4462424ec81c06/right.png
cabinet,4b91c6faae84a7e098e62adc21b3bbfc,front,ok,0.249535,478,152,0.277161,docs/tmp/final-source-verification-2026-05-09/current_residual_bbox_rerender/cabinet/4b91c6faae84a7e098e62adc21b3bbfc/front.png
cabinet,4b91c6faae84a7e098e62adc21b3bbfc,left,ok,0.010605,8,410,0.012512,docs/tmp/final-source-verification-2026-05-09/current_residual_bbox_rerender/cabinet/4b91c6faae84a7e098e62adc21b3bbfc/left.png
cabinet,4b91c6faae84a7e098e62adc21b3bbfc,back,ok,0.249928,478,152,0.277161,docs/tmp/final-source-verification-2026-05-09/current_residual_bbox_rerender/cabinet/4b91c6faae84a7e098e62adc21b3bbfc/back.png
cabinet,4b91c6faae84a7e098e62adc21b3bbfc,right,ok,0.010601,8,410,0.012512,docs/tmp/final-source-verification-2026-05-09/current_residual_bbox_rerender/cabinet/4b91c6faae84a7e098e62adc21b3bbfc/right.png
cabinet,4baf693fedb8de30793030ccf3f5f3c6,front,ok,0.168442,236,288,0.259277,docs/tmp/final-source-verification-2026-05-09/current_residual_bbox_rerender/cabinet/4baf693fedb8de30793030ccf3f5f3c6/front.png
cabinet,4baf693fedb8de30793030ccf3f5f3c6,left,ok,0.273003,414,304,0.480103,docs/tmp/final-source-verification-2026-05-09/current_residual_bbox_rerender/cabinet/4baf693fedb8de30793030ccf3f5f3c6/left.png
cabinet,4baf693fedb8de30793030ccf3f5f3c6,back,ok,0.290371,239,422,0.384743,docs/tmp/final-source-verification-2026-05-09/current_residual_bbox_rerender/cabinet/4baf693fedb8de30793030ccf3f5f3c6/back.png
cabinet,4baf693fedb8de30793030ccf3f5f3c6,right,ok,0.294182,488,304,0.565918,docs/tmp/final-source-verification-2026-05-09/current_residual_bbox_rerender/cabinet/4baf693fedb8de30793030ccf3f5f3c6/right.png
cabinet,4bcad78496f5cbb5c608b3d922c765c2,front,ok,0.395557,452,273,0.470718,docs/tmp/final-source-verification-2026-05-09/current_residual_bbox_rerender/cabinet/4bcad78496f5cbb5c608b3d922c765c2/front.png
cabinet,4bcad78496f5cbb5c608b3d922c765c2,left,ok,0.120247,92,450,0.157928,docs/tmp/final-source-verification-2026-05-09/current_residual_bbox_rerender/cabinet/4bcad78496f5cbb5c608b3d922c765c2/left.png
cabinet,4bcad78496f5cbb5c608b3d922c765c2,back,ok,0.382843,452,273,0.470718,docs/tmp/final-source-verification-2026-05-09/current_residual_bbox_rerender/cabinet/4bcad78496f5cbb5c608b3d922c765c2/back.png
cabinet,4bcad78496f5cbb5c608b3d922c765c2,right,ok,0.119984,92,450,0.157928,docs/tmp/final-source-verification-2026-05-09/current_residual_bbox_rerender/cabinet/4bcad78496f5cbb5c608b3d922c765c2/right.png
cabinet,4c482f4c32887985a807ee43ba1c3484,front,ok,0.376549,310,406,0.480118,docs/tmp/final-source-verification-2026-05-09/current_residual_bbox_rerender/cabinet/4c482f4c32887985a807ee43ba1c3484/front.png
cabinet,4c482f4c32887985a807ee43ba1c3484,left,ok,0.247753,228,439,0.381821,docs/tmp/final-source-verification-2026-05-09/current_residual_bbox_rerender/cabinet/4c482f4c32887985a807ee43ba1c3484/left.png
cabinet,4c482f4c32887985a807ee43ba1c3484,back,ok,0.336945,310,406,0.480118,docs/tmp/final-source-verification-2026-05-09/current_residual_bbox_rerender/cabinet/4c482f4c32887985a807ee43ba1c3484/back.png
cabinet,4c482f4c32887985a807ee43ba1c3484,right,ok,0.296379,228,439,0.381821,docs/tmp/final-source-verification-2026-05-09/current_residual_bbox_rerender/cabinet/4c482f4c32887985a807ee43ba1c3484/right.png
cabinet,4d1f3994d2f1a7c18c8a397a7d032a07,front,ok,0.354610,446,260,0.442352,docs/tmp/final-source-verification-2026-05-09/current_residual_bbox_rerender/cabinet/4d1f3994d2f1a7c18c8a397a7d032a07/front.png
cabinet,4d1f3994d2f1a7c18c8a397a7d032a07,left,ok,0.056793,60,452,0.103455,docs/tmp/final-source-verification-2026-05-09/current_residual_bbox_rerender/cabinet/4d1f3994d2f1a7c18c8a397a7d032a07/left.png
cabinet,4d1f3994d2f1a7c18c8a397a7d032a07,back,ok,0.360771,414,273,0.431145,docs/tmp/final-source-verification-2026-05-09/current_residual_bbox_rerender/cabinet/4d1f3994d2f1a7c18c8a397a7d032a07/back.png
cabinet,4d1f3994d2f1a7c18c8a397a7d032a07,right,ok,0.056713,60,452,0.103455,docs/tmp/final-source-verification-2026-05-09/current_residual_bbox_rerender/cabinet/4d1f3994d2f1a7c18c8a397a7d032a07/right.png
cabinet,4d9a7c8e3b34305522b39b42809c8287,front,ok,0.288395,324,403,0.498093,docs/tmp/final-source-verification-2026-05-09/current_residual_bbox_rerender/cabinet/4d9a7c8e3b34305522b39b42809c8287/front.png
cabinet,4d9a7c8e3b34305522b39b42809c8287,left,ok,0.263004,220,433,0.363388,docs/tmp/final-source-verification-2026-05-09/current_residual_bbox_rerender/cabinet/4d9a7c8e3b34305522b39b42809c8287/left.png
cabinet,4d9a7c8e3b34305522b39b42809c8287,back,ok,0.294521,299,403,0.459660,docs/tmp/final-source-verification-2026-05-09/current_residual_bbox_rerender/cabinet/4d9a7c8e3b34305522b39b42809c8287/back.png
cabinet,4d9a7c8e3b34305522b39b42809c8287,right,ok,0.301857,244,423,0.393723,docs/tmp/final-source-verification-2026-05-09/current_residual_bbox_rerender/cabinet/4d9a7c8e3b34305522b39b42809c8287/right.png
cabinet,4e0ee4a85af95cb231da939fe9cbf70d,front,ok,0.029953,471,17,0.030544,docs/tmp/final-source-verification-2026-05-09/current_residual_bbox_rerender/cabinet/4e0ee4a85af95cb231da939fe9cbf70d/front.png
cabinet,4e0ee4a85af95cb231da939fe9cbf70d,left,ok,0.032421,36,325,0.044632,docs/tmp/final-source-verification-2026-05-09/current_residual_bbox_rerender/cabinet/4e0ee4a85af95cb231da939fe9cbf70d/left.png
cabinet,4e0ee4a85af95cb231da939fe9cbf70d,back,ok,0.033417,468,19,0.033920,docs/tmp/final-source-verification-2026-05-09/current_residual_bbox_rerender/cabinet/4e0ee4a85af95cb231da939fe9cbf70d/back.png
cabinet,4e0ee4a85af95cb231da939fe9cbf70d,right,ok,0.031559,36,316,0.043396,docs/tmp/final-source-verification-2026-05-09/current_residual_bbox_rerender/cabinet/4e0ee4a85af95cb231da939fe9cbf70d/right.png
cabinet,4f0a16cb0f8384b8723364b11db11747,front,ok,0.167259,232,306,0.270813,docs/tmp/final-source-verification-2026-05-09/current_residual_bbox_rerender/cabinet/4f0a16cb0f8384b8723364b11db11747/front.png
cabinet,4f0a16cb0f8384b8723364b11db11747,left,ok,0.186012,508,119,0.230606,docs/tmp/final-source-verification-2026-05-09/current_residual_bbox_rerender/cabinet/4f0a16cb0f8384b8723364b11db11747/left.png
cabinet,4f0a16cb0f8384b8723364b11db11747,back,ok,0.206989,232,333,0.294708,docs/tmp/final-source-verification-2026-05-09/current_residual_bbox_rerender/cabinet/4f0a16cb0f8384b8723364b11db11747/back.png
cabinet,4f0a16cb0f8384b8723364b11db11747,right,ok,0.163933,512,104,0.203125,docs/tmp/final-source-verification-2026-05-09/current_residual_bbox_rerender/cabinet/4f0a16cb0f8384b8723364b11db11747/right.png
cabinet,4f37dfb50ae24931a809bf64aead3ce9,front,ok,0.309109,512,192,0.375000,docs/tmp/final-source-verification-2026-05-09/current_residual_bbox_rerender/cabinet/4f37dfb50ae24931a809bf64aead3ce9/front.png
cabinet,4f37dfb50ae24931a809bf64aead3ce9,left,ok,0.344677,381,306,0.444740,docs/tmp/final-source-verification-2026-05-09/current_residual_bbox_rerender/cabinet/4f37dfb50ae24931a809bf64aead3ce9/left.png
cabinet,4f37dfb50ae24931a809bf64aead3ce9,back,ok,0.309124,512,192,0.375000,docs/tmp/final-source-verification-2026-05-09/current_residual_bbox_rerender/cabinet/4f37dfb50ae24931a809bf64aead3ce9/back.png
cabinet,4f37dfb50ae24931a809bf64aead3ce9,right,ok,0.318527,381,306,0.444740,docs/tmp/final-source-verification-2026-05-09/current_residual_bbox_rerender/cabinet/4f37dfb50ae24931a809bf64aead3ce9/right.png
cabinet,4fd1506876449e5242502efdb37a0d66,front,ok,0.298325,512,164,0.320312,docs/tmp/final-source-verification-2026-05-09/current_residual_bbox_rerender/cabinet/4fd1506876449e5242502efdb37a0d66/front.png
cabinet,4fd1506876449e5242502efdb37a0d66,left,ok,0.251434,234,369,0.329384,docs/tmp/final-source-verification-2026-05-09/current_residual_bbox_rerender/cabinet/4fd1506876449e5242502efdb37a0d66/left.png
cabinet,4fd1506876449e5242502efdb37a0d66,back,ok,0.298325,512,164,0.320312,docs/tmp/final-source-verification-2026-05-09/current_residual_bbox_rerender/cabinet/4fd1506876449e5242502efdb37a0d66/back.png
cabinet,4fd1506876449e5242502efdb37a0d66,right,ok,0.253201,234,371,0.331169,docs/tmp/final-source-verification-2026-05-09/current_residual_bbox_rerender/cabinet/4fd1506876449e5242502efdb37a0d66/right.png
cabinet,504840c5e814aa270b04c7914d050bc5,front,ok,0.409367,364,392,0.544312,docs/tmp/final-source-verification-2026-05-09/current_residual_bbox_rerender/cabinet/504840c5e814aa270b04c7914d050bc5/front.png
cabinet,504840c5e814aa270b04c7914d050bc5,left,ok,0.319870,259,434,0.428795,docs/tmp/final-source-verification-2026-05-09/current_residual_bbox_rerender/cabinet/504840c5e814aa270b04c7914d050bc5/left.png
cabinet,504840c5e814aa270b04c7914d050bc5,back,ok,0.381756,322,392,0.481506,docs/tmp/final-source-verification-2026-05-09/current_residual_bbox_rerender/cabinet/504840c5e814aa270b04c7914d050bc5/back.png
cabinet,504840c5e814aa270b04c7914d050bc5,right,ok,0.338551,269,434,0.445351,docs/tmp/final-source-verification-2026-05-09/current_residual_bbox_rerender/cabinet/504840c5e814aa270b04c7914d050bc5/right.png
cabinet,505cfa85131abc2522360b5ba42304d9,front,ok,0.035114,26,454,0.045029,docs/tmp/final-source-verification-2026-05-09/current_residual_bbox_rerender/cabinet/505cfa85131abc2522360b5ba42304d9/front.png
cabinet,505cfa85131abc2522360b5ba42304d9,left,ok,0.278446,242,382,0.352646,docs/tmp/final-source-verification-2026-05-09/current_residual_bbox_rerender/cabinet/505cfa85131abc2522360b5ba42304d9/left.png
cabinet,505cfa85131abc2522360b5ba42304d9,back,ok,0.035156,26,454,0.045029,docs/tmp/final-source-verification-2026-05-09/current_residual_bbox_rerender/cabinet/505cfa85131abc2522360b5ba42304d9/back.png
cabinet,505cfa85131abc2522360b5ba42304d9,right,ok,0.278454,242,382,0.352646,docs/tmp/final-source-verification-2026-05-09/current_residual_bbox_rerender/cabinet/505cfa85131abc2522360b5ba42304d9/right.png
cabinet,5226fa2e145147b4d07698e027ef1541,front,ok,0.493496,502,311,0.595558,docs/tmp/final-source-verification-2026-05-09/current_residual_bbox_rerender/cabinet/5226fa2e145147b4d07698e027ef1541/front.png
cabinet,5226fa2e145147b4d07698e027ef1541,left,ok,0.365849,448,352,0.601562,docs/tmp/final-source-verification-2026-05-09/current_residual_bbox_rerender/cabinet/5226fa2e145147b4d07698e027ef1541/left.png
cabinet,5226fa2e145147b4d07698e027ef1541,back,ok,0.318676,502,199,0.381081,docs/tmp/final-source-verification-2026-05-09/current_residual_bbox_rerender/cabinet/5226fa2e145147b4d07698e027ef1541/back.png
cabinet,5226fa2e145147b4d07698e027ef1541,right,ok,0.368389,448,351,0.599854,docs/tmp/final-source-verification-2026-05-09/current_residual_bbox_rerender/cabinet/5226fa2e145147b4d07698e027ef1541/right.png
cabinet,5261894c525133cf0a31c4044c63d67b,front,ok,0.413162,405,338,0.522194,docs/tmp/final-source-verification-2026-05-09/current_residual_bbox_rerender/cabinet/5261894c525133cf0a31c4044c63d67b/front.png
cabinet,5261894c525133cf0a31c4044c63d67b,left,ok,0.420662,512,245,0.478516,docs/tmp/final-source-verification-2026-05-09/current_residual_bbox_rerender/cabinet/5261894c525133cf0a31c4044c63d67b/left.png
cabinet,5261894c525133cf0a31c4044c63d67b,back,ok,0.414646,405,339,0.523739,docs/tmp/final-source-verification-2026-05-09/current_residual_bbox_rerender/cabinet/5261894c525133cf0a31c4044c63d67b/back.png
cabinet,5261894c525133cf0a31c4044c63d67b,right,ok,0.417301,512,245,0.478516,docs/tmp/final-source-verification-2026-05-09/current_residual_bbox_rerender/cabinet/5261894c525133cf0a31c4044c63d67b/right.png
cabinet,528ed313e395177b2bed648fc4657055,front,ok,0.262630,204,432,0.336182,docs/tmp/final-source-verification-2026-05-09/current_residual_bbox_rerender/cabinet/528ed313e395177b2bed648fc4657055/front.png
cabinet,528ed313e395177b2bed648fc4657055,left,ok,0.284142,224,426,0.364014,docs/tmp/final-source-verification-2026-05-09/current_residual_bbox_rerender/cabinet/528ed313e395177b2bed648fc4657055/left.png
cabinet,528ed313e395177b2bed648fc4657055,back,ok,0.265076,206,432,0.339478,docs/tmp/final-source-verification-2026-05-09/current_residual_bbox_rerender/cabinet/528ed313e395177b2bed648fc4657055/back.png
cabinet,528ed313e395177b2bed648fc4657055,right,ok,0.284153,224,426,0.364014,docs/tmp/final-source-verification-2026-05-09/current_residual_bbox_rerender/cabinet/528ed313e395177b2bed648fc4657055/right.png
cabinet,534a9bbdb6670a97405b09fafff81129,front,ok,0.327358,512,182,0.355469,docs/tmp/final-source-verification-2026-05-09/current_residual_bbox_rerender/cabinet/534a9bbdb6670a97405b09fafff81129/front.png
cabinet,534a9bbdb6670a97405b09fafff81129,left,ok,0.313202,302,354,0.407822,docs/tmp/final-source-verification-2026-05-09/current_residual_bbox_rerender/cabinet/534a9bbdb6670a97405b09fafff81129/left.png
cabinet,534a9bbdb6670a97405b09fafff81129,back,ok,0.323849,512,182,0.355469,docs/tmp/final-source-verification-2026-05-09/current_residual_bbox_rerender/cabinet/534a9bbdb6670a97405b09fafff81129/back.png
cabinet,534a9bbdb6670a97405b09fafff81129,right,ok,0.297764,302,354,0.407822,docs/tmp/final-source-verification-2026-05-09/current_residual_bbox_rerender/cabinet/534a9bbdb6670a97405b09fafff81129/right.png
cabinet,53791282280375ba4b8663bf7433243b,front,ok,0.305141,393,304,0.455750,docs/tmp/final-source-verification-2026-05-09/current_residual_bbox_rerender/cabinet/53791282280375ba4b8663bf7433243b/front.png
cabinet,53791282280375ba4b8663bf7433243b,left,ok,0.146542,116,436,0.192932,docs/tmp/final-source-verification-2026-05-09/current_residual_bbox_rerender/cabinet/53791282280375ba4b8663bf7433243b/left.png
cabinet,53791282280375ba4b8663bf7433243b,back,ok,0.304527,395,292,0.439987,docs/tmp/final-source-verification-2026-05-09/current_residual_bbox_rerender/cabinet/53791282280375ba4b8663bf7433243b/back.png
cabinet,53791282280375ba4b8663bf7433243b,right,ok,0.148750,118,407,0.183205,docs/tmp/final-source-verification-2026-05-09/current_residual_bbox_rerender/cabinet/53791282280375ba4b8663bf7433243b/right.png
cabinet,54ac01bb53e43f49502a2c240e28ac8c,front,ok,0.402077,474,259,0.468315,docs/tmp/final-source-verification-2026-05-09/current_residual_bbox_rerender/cabinet/54ac01bb53e43f49502a2c240e28ac8c/front.png
cabinet,54ac01bb53e43f49502a2c240e28ac8c,left,ok,0.165825,128,441,0.215332,docs/tmp/final-source-verification-2026-05-09/current_residual_bbox_rerender/cabinet/54ac01bb53e43f49502a2c240e28ac8c/left.png
cabinet,54ac01bb53e43f49502a2c240e28ac8c,back,ok,0.402077,474,259,0.468315,docs/tmp/final-source-verification-2026-05-09/current_residual_bbox_rerender/cabinet/54ac01bb53e43f49502a2c240e28ac8c/back.png
cabinet,54ac01bb53e43f49502a2c240e28ac8c,right,ok,0.163525,126,441,0.211967,docs/tmp/final-source-verification-2026-05-09/current_residual_bbox_rerender/cabinet/54ac01bb53e43f49502a2c240e28ac8c/right.png
cabinet,54d5b226a7385dabc88c8dd39e29696f,front,ok,0.318169,266,396,0.401825,docs/tmp/final-source-verification-2026-05-09/current_residual_bbox_rerender/cabinet/54d5b226a7385dabc88c8dd39e29696f/front.png
cabinet,54d5b226a7385dabc88c8dd39e29696f,left,ok,0.147594,112,451,0.192688,docs/tmp/final-source-verification-2026-05-09/current_residual_bbox_rerender/cabinet/54d5b226a7385dabc88c8dd39e29696f/left.png
cabinet,54d5b226a7385dabc88c8dd39e29696f,back,ok,0.318199,266,396,0.401825,docs/tmp/final-source-verification-2026-05-09/current_residual_bbox_rerender/cabinet/54d5b226a7385dabc88c8dd39e29696f/back.png
cabinet,54d5b226a7385dabc88c8dd39e29696f,right,ok,0.147594,112,451,0.192688,docs/tmp/final-source-verification-2026-05-09/current_residual_bbox_rerender/cabinet/54d5b226a7385dabc88c8dd39e29696f/right.png
cabinet,5585aa3b21fa5afc2545bb7e25f01650,front,ok,0.264610,476,163,0.295975,docs/tmp/final-source-verification-2026-05-09/current_residual_bbox_rerender/cabinet/5585aa3b21fa5afc2545bb7e25f01650/front.png
cabinet,5585aa3b21fa5afc2545bb7e25f01650,left,ok,0.008842,8,415,0.012665,docs/tmp/final-source-verification-2026-05-09/current_residual_bbox_rerender/cabinet/5585aa3b21fa5afc2545bb7e25f01650/left.png
cabinet,5585aa3b21fa5afc2545bb7e25f01650,back,ok,0.264332,476,163,0.295975,docs/tmp/final-source-verification-2026-05-09/current_residual_bbox_rerender/cabinet/5585aa3b21fa5afc2545bb7e25f01650/back.png
cabinet,5585aa3b21fa5afc2545bb7e25f01650,right,ok,0.008846,8,415,0.012665,docs/tmp/final-source-verification-2026-05-09/current_residual_bbox_rerender/cabinet/5585aa3b21fa5afc2545bb7e25f01650/right.png
cabinet,55ccb1b966250ec841b7fc34cef92972,front,ok,0.474155,400,390,0.595093,docs/tmp/final-source-verification-2026-05-09/current_residual_bbox_rerender/cabinet/55ccb1b966250ec841b7fc34cef92972/front.png
cabinet,55ccb1b966250ec841b7fc34cef92972,left,ok,0.480995,484,334,0.616669,docs/tmp/final-source-verification-2026-05-09/current_residual_bbox_rerender/cabinet/55ccb1b966250ec841b7fc34cef92972/left.png
cabinet,55ccb1b966250ec841b7fc34cef92972,back,ok,0.474461,400,390,0.595093,docs/tmp/final-source-verification-2026-05-09/current_residual_bbox_rerender/cabinet/55ccb1b966250ec841b7fc34cef92972/back.png
cabinet,55ccb1b966250ec841b7fc34cef92972,right,ok,0.514923,488,334,0.621765,docs/tmp/final-source-verification-2026-05-09/current_residual_bbox_rerender/cabinet/55ccb1b966250ec841b7fc34cef92972/right.png
cabinet,55f8352bfc7ed1f9c2b9ef5704918e6f,front,ok,0.319534,470,258,0.462570,docs/tmp/final-source-verification-2026-05-09/current_residual_bbox_rerender/cabinet/55f8352bfc7ed1f9c2b9ef5704918e6f/front.png
cabinet,55f8352bfc7ed1f9c2b9ef5704918e6f,left,ok,0.138313,112,443,0.189270,docs/tmp/final-source-verification-2026-05-09/current_residual_bbox_rerender/cabinet/55f8352bfc7ed1f9c2b9ef5704918e6f/left.png
cabinet,55f8352bfc7ed1f9c2b9ef5704918e6f,back,ok,0.321026,470,259,0.464363,docs/tmp/final-source-verification-2026-05-09/current_residual_bbox_rerender/cabinet/55f8352bfc7ed1f9c2b9ef5704918e6f/back.png
cabinet,55f8352bfc7ed1f9c2b9ef5704918e6f,right,ok,0.142536,112,443,0.189270,docs/tmp/final-source-verification-2026-05-09/current_residual_bbox_rerender/cabinet/55f8352bfc7ed1f9c2b9ef5704918e6f/right.png
cabinet,56628556fc5a8afb0b466f78ac870866,front,blank,0.000000,0,0,0.000000,docs/tmp/final-source-verification-2026-05-09/current_residual_bbox_rerender/cabinet/56628556fc5a8afb0b466f78ac870866/front.png
cabinet,56628556fc5a8afb0b466f78ac870866,left,ok,0.079819,122,229,0.106575,docs/tmp/final-source-verification-2026-05-09/current_residual_bbox_rerender/cabinet/56628556fc5a8afb0b466f78ac870866/left.png
cabinet,56628556fc5a8afb0b466f78ac870866,back,ok,0.092735,232,114,0.100891,docs/tmp/final-source-verification-2026-05-09/current_residual_bbox_rerender/cabinet/56628556fc5a8afb0b466f78ac870866/back.png
cabinet,56628556fc5a8afb0b466f78ac870866,right,ok,0.040188,78,193,0.057426,docs/tmp/final-source-verification-2026-05-09/current_residual_bbox_rerender/cabinet/56628556fc5a8afb0b466f78ac870866/right.png
cabinet,567e26ca1d6473f014ec9b6fb138f377,front,ok,0.366489,336,357,0.457581,docs/tmp/final-source-verification-2026-05-09/current_residual_bbox_rerender/cabinet/567e26ca1d6473f014ec9b6fb138f377/front.png
cabinet,567e26ca1d6473f014ec9b6fb138f377,left,ok,0.100784,75,458,0.131035,docs/tmp/final-source-verification-2026-05-09/current_residual_bbox_rerender/cabinet/567e26ca1d6473f014ec9b6fb138f377/left.png
cabinet,567e26ca1d6473f014ec9b6fb138f377,back,ok,0.369274,336,357,0.457581,docs/tmp/final-source-verification-2026-05-09/current_residual_bbox_rerender/cabinet/567e26ca1d6473f014ec9b6fb138f377/back.png
cabinet,567e26ca1d6473f014ec9b6fb138f377,right,ok,0.102459,76,458,0.132782,docs/tmp/final-source-verification-2026-05-09/current_residual_bbox_rerender/cabinet/567e26ca1d6473f014ec9b6fb138f377/right.png
cabinet,5691884c9bfdff084834b5cc0990a68f,front,ok,0.287086,335,298,0.380821,docs/tmp/final-source-verification-2026-05-09/current_residual_bbox_rerender/cabinet/5691884c9bfdff084834b5cc0990a68f/front.png
cabinet,5691884c9bfdff084834b5cc0990a68f,left,ok,0.254696,512,150,0.292969,docs/tmp/final-source-verification-2026-05-09/current_residual_bbox_rerender/cabinet/5691884c9bfdff084834b5cc0990a68f/left.png
cabinet,5691884c9bfdff084834b5cc0990a68f,back,ok,0.287090,335,298,0.380821,docs/tmp/final-source-verification-2026-05-09/current_residual_bbox_rerender/cabinet/5691884c9bfdff084834b5cc0990a68f/back.png
cabinet,5691884c9bfdff084834b5cc0990a68f,right,ok,0.254700,512,150,0.292969,docs/tmp/final-source-verification-2026-05-09/current_residual_bbox_rerender/cabinet/5691884c9bfdff084834b5cc0990a68f/right.png
cabinet,56d0852ef03a517db748dde9649810c9,front,ok,0.147511,512,153,0.298828,docs/tmp/final-source-verification-2026-05-09/current_residual_bbox_rerender/cabinet/56d0852ef03a517db748dde9649810c9/front.png
cabinet,56d0852ef03a517db748dde9649810c9,left,ok,0.123531,298,299,0.339897,docs/tmp/final-source-verification-2026-05-09/current_residual_bbox_rerender/cabinet/56d0852ef03a517db748dde9649810c9/left.png
cabinet,56d0852ef03a517db748dde9649810c9,back,ok,0.091690,384,153,0.224121,docs/tmp/final-source-verification-2026-05-09/current_residual_bbox_rerender/cabinet/56d0852ef03a517db748dde9649810c9/back.png
cabinet,56d0852ef03a517db748dde9649810c9,right,ok,0.102871,262,299,0.298836,docs/tmp/final-source-verification-2026-05-09/current_residual_bbox_rerender/cabinet/56d0852ef03a517db748dde9649810c9/right.png
cabinet,579a0f1032f32deb1e3cfd24e9e43d30,front,ok,0.455494,390,383,0.569801,docs/tmp/final-source-verification-2026-05-09/current_residual_bbox_rerender/cabinet/579a0f1032f32deb1e3cfd24e9e43d30/front.png
cabinet,579a0f1032f32deb1e3cfd24e9e43d30,left,ok,0.345428,268,433,0.442673,docs/tmp/final-source-verification-2026-05-09/current_residual_bbox_rerender/cabinet/579a0f1032f32deb1e3cfd24e9e43d30/left.png
cabinet,579a0f1032f32deb1e3cfd24e9e43d30,back,ok,0.426544,382,383,0.558113,docs/tmp/final-source-verification-2026-05-09/current_residual_bbox_rerender/cabinet/579a0f1032f32deb1e3cfd24e9e43d30/back.png
cabinet,579a0f1032f32deb1e3cfd24e9e43d30,right,ok,0.352253,276,433,0.455887,docs/tmp/final-source-verification-2026-05-09/current_residual_bbox_rerender/cabinet/579a0f1032f32deb1e3cfd24e9e43d30/right.png
cabinet,57b0dba4d264067180fca6f4feaff795,front,ok,0.464584,408,374,0.582092,docs/tmp/final-source-verification-2026-05-09/current_residual_bbox_rerender/cabinet/57b0dba4d264067180fca6f4feaff795/front.png
cabinet,57b0dba4d264067180fca6f4feaff795,left,ok,0.496975,506,305,0.588722,docs/tmp/final-source-verification-2026-05-09/current_residual_bbox_rerender/cabinet/57b0dba4d264067180fca6f4feaff795/left.png
cabinet,57b0dba4d264067180fca6f4feaff795,back,ok,0.464714,408,374,0.582092,docs/tmp/final-source-verification-2026-05-09/current_residual_bbox_rerender/cabinet/57b0dba4d264067180fca6f4feaff795/back.png
cabinet,57b0dba4d264067180fca6f4feaff795,right,ok,0.493572,502,307,0.587898,docs/tmp/final-source-verification-2026-05-09/current_residual_bbox_rerender/cabinet/57b0dba4d264067180fca6f4feaff795/right.png
cabinet,57e5db8e4888970ec6832d8ace2419d7,front,tiny,0.006153,32,75,0.009155,docs/tmp/final-source-verification-2026-05-09/current_residual_bbox_rerender/cabinet/57e5db8e4888970ec6832d8ace2419d7/front.png
cabinet,57e5db8e4888970ec6832d8ace2419d7,left,ok,0.086746,408,112,0.174316,docs/tmp/final-source-verification-2026-05-09/current_residual_bbox_rerender/cabinet/57e5db8e4888970ec6832d8ace2419d7/left.png
cabinet,57e5db8e4888970ec6832d8ace2419d7,back,ok,0.006130,30,260,0.029755,docs/tmp/final-source-verification-2026-05-09/current_residual_bbox_rerender/cabinet/57e5db8e4888970ec6832d8ace2419d7/back.png
cabinet,57e5db8e4888970ec6832d8ace2419d7,right,ok,0.046597,114,210,0.091324,docs/tmp/final-source-verification-2026-05-09/current_residual_bbox_rerender/cabinet/57e5db8e4888970ec6832d8ace2419d7/right.png
cabinet,58cb16021d7fbfe0f97c5fb02b43b192,front,ok,0.202663,502,112,0.214478,docs/tmp/final-source-verification-2026-05-09/current_residual_bbox_rerender/cabinet/58cb16021d7fbfe0f97c5fb02b43b192/front.png
cabinet,58cb16021d7fbfe0f97c5fb02b43b192,left,ok,0.123272,114,375,0.163078,docs/tmp/final-source-verification-2026-05-09/current_residual_bbox_rerender/cabinet/58cb16021d7fbfe0f97c5fb02b43b192/left.png
cabinet,58cb16021d7fbfe0f97c5fb02b43b192,back,ok,0.202663,502,112,0.214478,docs/tmp/final-source-verification-2026-05-09/current_residual_bbox_rerender/cabinet/58cb16021d7fbfe0f97c5fb02b43b192/back.png
cabinet,58cb16021d7fbfe0f97c5fb02b43b192,right,ok,0.123268,114,375,0.163078,docs/tmp/final-source-verification-2026-05-09/current_residual_bbox_rerender/cabinet/58cb16021d7fbfe0f97c5fb02b43b192/right.png
cabinet,59d6ea5ff2e0102cf8b08f8e44f1412c,front,ok,0.070541,159,366,0.221992,docs/tmp/final-source-verification-2026-05-09/current_residual_bbox_rerender/cabinet/59d6ea5ff2e0102cf8b08f8e44f1412c/front.png
cabinet,59d6ea5ff2e0102cf8b08f8e44f1412c,left,ok,0.149593,321,336,0.411438,docs/tmp/final-source-verification-2026-05-09/current_residual_bbox_rerender/cabinet/59d6ea5ff2e0102cf8b08f8e44f1412c/left.png
cabinet,59d6ea5ff2e0102cf8b08f8e44f1412c,back,ok,0.041992,103,448,0.176025,docs/tmp/final-source-verification-2026-05-09/current_residual_bbox_rerender/cabinet/59d6ea5ff2e0102cf8b08f8e44f1412c/back.png
cabinet,59d6ea5ff2e0102cf8b08f8e44f1412c,right,ok,0.158970,355,322,0.436058,docs/tmp/final-source-verification-2026-05-09/current_residual_bbox_rerender/cabinet/59d6ea5ff2e0102cf8b08f8e44f1412c/right.png
cabinet,59dd6cb8b6cd93601912229ed973367d,front,ok,0.259056,502,153,0.292992,docs/tmp/final-source-verification-2026-05-09/current_residual_bbox_rerender/cabinet/59dd6cb8b6cd93601912229ed973367d/front.png
cabinet,59dd6cb8b6cd93601912229ed973367d,left,ok,0.106884,99,400,0.151062,docs/tmp/final-source-verification-2026-05-09/current_residual_bbox_rerender/cabinet/59dd6cb8b6cd93601912229ed973367d/left.png
cabinet,59dd6cb8b6cd93601912229ed973367d,back,ok,0.264954,498,153,0.290657,docs/tmp/final-source-verification-2026-05-09/current_residual_bbox_rerender/cabinet/59dd6cb8b6cd93601912229ed973367d/back.png
cabinet,59dd6cb8b6cd93601912229ed973367d,right,ok,0.111221,95,400,0.144958,docs/tmp/final-source-verification-2026-05-09/current_residual_bbox_rerender/cabinet/59dd6cb8b6cd93601912229ed973367d/right.png
cabinet,5a0764215610d91789f54f117d22ef18,front,ok,0.461029,512,269,0.525391,docs/tmp/final-source-verification-2026-05-09/current_residual_bbox_rerender/cabinet/5a0764215610d91789f54f117d22ef18/front.png
cabinet,5a0764215610d91789f54f117d22ef18,left,ok,0.429268,384,370,0.541992,docs/tmp/final-source-verification-2026-05-09/current_residual_bbox_rerender/cabinet/5a0764215610d91789f54f117d22ef18/left.png
cabinet,5a0764215610d91789f54f117d22ef18,back,ok,0.461060,512,269,0.525391,docs/tmp/final-source-verification-2026-05-09/current_residual_bbox_rerender/cabinet/5a0764215610d91789f54f117d22ef18/back.png
cabinet,5a0764215610d91789f54f117d22ef18,right,ok,0.429268,384,370,0.541992,docs/tmp/final-source-verification-2026-05-09/current_residual_bbox_rerender/cabinet/5a0764215610d91789f54f117d22ef18/right.png
cabinet,5a186509438e39649d808e0849ea2e49,front,ok,0.353165,378,316,0.455658,docs/tmp/final-source-verification-2026-05-09/current_residual_bbox_rerender/cabinet/5a186509438e39649d808e0849ea2e49/front.png
cabinet,5a186509438e39649d808e0849ea2e49,left,ok,0.340851,512,198,0.386719,docs/tmp/final-source-verification-2026-05-09/current_residual_bbox_rerender/cabinet/5a186509438e39649d808e0849ea2e49/left.png
cabinet,5a186509438e39649d808e0849ea2e49,back,ok,0.353836,378,318,0.458542,docs/tmp/final-source-verification-2026-05-09/current_residual_bbox_rerender/cabinet/5a186509438e39649d808e0849ea2e49/back.png
cabinet,5a186509438e39649d808e0849ea2e49,right,ok,0.346565,512,201,0.392578,docs/tmp/final-source-verification-2026-05-09/current_residual_bbox_rerender/cabinet/5a186509438e39649d808e0849ea2e49/right.png
cabinet,5a29d4f37a670a6198ece9558aafd78f,front,ok,0.033142,466,19,0.033775,docs/tmp/final-source-verification-2026-05-09/current_residual_bbox_rerender/cabinet/5a29d4f37a670a6198ece9558aafd78f/front.png
cabinet,5a29d4f37a670a6198ece9558aafd78f,left,ok,0.032372,36,322,0.044220,docs/tmp/final-source-verification-2026-05-09/current_residual_bbox_rerender/cabinet/5a29d4f37a670a6198ece9558aafd78f/left.png
cabinet,5a29d4f37a670a6198ece9558aafd78f,back,ok,0.029678,465,17,0.030155,docs/tmp/final-source-verification-2026-05-09/current_residual_bbox_rerender/cabinet/5a29d4f37a670a6198ece9558aafd78f/back.png
cabinet,5a29d4f37a670a6198ece9558aafd78f,right,ok,0.032082,36,326,0.044769,docs/tmp/final-source-verification-2026-05-09/current_residual_bbox_rerender/cabinet/5a29d4f37a670a6198ece9558aafd78f/right.png
cabinet,5a87c6c309a250f88795dc6ea75ae8be,front,ok,0.028233,468,16,0.028564,docs/tmp/final-source-verification-2026-05-09/current_residual_bbox_rerender/cabinet/5a87c6c309a250f88795dc6ea75ae8be/front.png
cabinet,5a87c6c309a250f88795dc6ea75ae8be,left,ok,0.031128,36,320,0.043945,docs/tmp/final-source-verification-2026-05-09/current_residual_bbox_rerender/cabinet/5a87c6c309a250f88795dc6ea75ae8be/left.png
cabinet,5a87c6c309a250f88795dc6ea75ae8be,back,ok,0.028233,468,16,0.028564,docs/tmp/final-source-verification-2026-05-09/current_residual_bbox_rerender/cabinet/5a87c6c309a250f88795dc6ea75ae8be/back.png
cabinet,5a87c6c309a250f88795dc6ea75ae8be,right,ok,0.031128,36,320,0.043945,docs/tmp/final-source-verification-2026-05-09/current_residual_bbox_rerender/cabinet/5a87c6c309a250f88795dc6ea75ae8be/right.png
cabinet,5aad2242f0d294f33aea6fdba208b85b,front,ok,0.363251,387,319,0.470936,docs/tmp/final-source-verification-2026-05-09/current_residual_bbox_rerender/cabinet/5aad2242f0d294f33aea6fdba208b85b/front.png
cabinet,5aad2242f0d294f33aea6fdba208b85b,left,ok,0.102596,90,456,0.156555,docs/tmp/final-source-verification-2026-05-09/current_residual_bbox_rerender/cabinet/5aad2242f0d294f33aea6fdba208b85b/left.png
cabinet,5aad2242f0d294f33aea6fdba208b85b,back,ok,0.381702,404,319,0.491623,docs/tmp/final-source-verification-2026-05-09/current_residual_bbox_rerender/cabinet/5aad2242f0d294f33aea6fdba208b85b/back.png
cabinet,5aad2242f0d294f33aea6fdba208b85b,right,ok,0.069931,68,456,0.118286,docs/tmp/final-source-verification-2026-05-09/current_residual_bbox_rerender/cabinet/5aad2242f0d294f33aea6fdba208b85b/right.png
cabinet,5aff015d97098ec6b289923aa005a595,front,ok,0.427834,426,325,0.528145,docs/tmp/final-source-verification-2026-05-09/current_residual_bbox_rerender/cabinet/5aff015d97098ec6b289923aa005a595/front.png
cabinet,5aff015d97098ec6b289923aa005a595,left,ok,0.190937,146,451,0.251183,docs/tmp/final-source-verification-2026-05-09/current_residual_bbox_rerender/cabinet/5aff015d97098ec6b289923aa005a595/left.png
cabinet,5aff015d97098ec6b289923aa005a595,back,ok,0.427879,419,323,0.516270,docs/tmp/final-source-verification-2026-05-09/current_residual_bbox_rerender/cabinet/5aff015d97098ec6b289923aa005a595/back.png
cabinet,5aff015d97098ec6b289923aa005a595,right,ok,0.193771,148,451,0.254623,docs/tmp/final-source-verification-2026-05-09/current_residual_bbox_rerender/cabinet/5aff015d97098ec6b289923aa005a595/right.png
cabinet,5b05fdc79acafd158597bdb0e25c67e9,front,ok,0.452164,512,267,0.521484,docs/tmp/final-source-verification-2026-05-09/current_residual_bbox_rerender/cabinet/5b05fdc79acafd158597bdb0e25c67e9/front.png
cabinet,5b05fdc79acafd158597bdb0e25c67e9,left,ok,0.399696,347,384,0.508301,docs/tmp/final-source-verification-2026-05-09/current_residual_bbox_rerender/cabinet/5b05fdc79acafd158597bdb0e25c67e9/left.png
cabinet,5b05fdc79acafd158597bdb0e25c67e9,back,ok,0.458122,512,266,0.519531,docs/tmp/final-source-verification-2026-05-09/current_residual_bbox_rerender/cabinet/5b05fdc79acafd158597bdb0e25c67e9/back.png
cabinet,5b05fdc79acafd158597bdb0e25c67e9,right,ok,0.406742,354,384,0.518555,docs/tmp/final-source-verification-2026-05-09/current_residual_bbox_rerender/cabinet/5b05fdc79acafd158597bdb0e25c67e9/right.png
cabinet,5b668bfa31751340cdd13549ab988c14,front,ok,0.045826,39,419,0.062336,docs/tmp/final-source-verification-2026-05-09/current_residual_bbox_rerender/cabinet/5b668bfa31751340cdd13549ab988c14/front.png
cabinet,5b668bfa31751340cdd13549ab988c14,left,ok,0.086914,71,397,0.107525,docs/tmp/final-source-verification-2026-05-09/current_residual_bbox_rerender/cabinet/5b668bfa31751340cdd13549ab988c14/left.png
cabinet,5b668bfa31751340cdd13549ab988c14,back,ok,0.048668,41,419,0.065533,docs/tmp/final-source-verification-2026-05-09/current_residual_bbox_rerender/cabinet/5b668bfa31751340cdd13549ab988c14/back.png
cabinet,5b668bfa31751340cdd13549ab988c14,right,ok,0.090366,74,411,0.116020,docs/tmp/final-source-verification-2026-05-09/current_residual_bbox_rerender/cabinet/5b668bfa31751340cdd13549ab988c14/right.png
cabinet,5bd2535a54f45492ecc138b6ceed77fc,front,ok,0.017277,98,213,0.079628,docs/tmp/final-source-verification-2026-05-09/current_residual_bbox_rerender/cabinet/5bd2535a54f45492ecc138b6ceed77fc/front.png
cabinet,5bd2535a54f45492ecc138b6ceed77fc,left,ok,0.026817,310,23,0.027199,docs/tmp/final-source-verification-2026-05-09/current_residual_bbox_rerender/cabinet/5bd2535a54f45492ecc138b6ceed77fc/left.png
cabinet,5bd2535a54f45492ecc138b6ceed77fc,back,ok,0.020027,118,250,0.112534,docs/tmp/final-source-verification-2026-05-09/current_residual_bbox_rerender/cabinet/5bd2535a54f45492ecc138b6ceed77fc/back.png
cabinet,5bd2535a54f45492ecc138b6ceed77fc,right,blank,0.000000,0,0,0.000000,docs/tmp/final-source-verification-2026-05-09/current_residual_bbox_rerender/cabinet/5bd2535a54f45492ecc138b6ceed77fc/right.png
cabinet,5beeaa7bfe13ad1b18b3e90600a3e58e,front,ok,0.049461,476,28,0.050842,docs/tmp/final-source-verification-2026-05-09/current_residual_bbox_rerender/cabinet/5beeaa7bfe13ad1b18b3e90600a3e58e/front.png
cabinet,5beeaa7bfe13ad1b18b3e90600a3e58e,left,ok,0.055603,64,321,0.078369,docs/tmp/final-source-verification-2026-05-09/current_residual_bbox_rerender/cabinet/5beeaa7bfe13ad1b18b3e90600a3e58e/left.png
cabinet,5beeaa7bfe13ad1b18b3e90600a3e58e,back,ok,0.049461,476,28,0.050842,docs/tmp/final-source-verification-2026-05-09/current_residual_bbox_rerender/cabinet/5beeaa7bfe13ad1b18b3e90600a3e58e/back.png
cabinet,5beeaa7bfe13ad1b18b3e90600a3e58e,right,ok,0.055595,64,321,0.078369,docs/tmp/final-source-verification-2026-05-09/current_residual_bbox_rerender/cabinet/5beeaa7bfe13ad1b18b3e90600a3e58e/right.png
cabinet,5bfb56f8578690d51bf69021d0c3ace4,front,ok,0.397381,490,245,0.457954,docs/tmp/final-source-verification-2026-05-09/current_residual_bbox_rerender/cabinet/5bfb56f8578690d51bf69021d0c3ace4/front.png
cabinet,5bfb56f8578690d51bf69021d0c3ace4,left,ok,0.185333,146,433,0.241158,docs/tmp/final-source-verification-2026-05-09/current_residual_bbox_rerender/cabinet/5bfb56f8578690d51bf69021d0c3ace4/left.png
cabinet,5bfb56f8578690d51bf69021d0c3ace4,back,ok,0.397381,490,245,0.457954,docs/tmp/final-source-verification-2026-05-09/current_residual_bbox_rerender/cabinet/5bfb56f8578690d51bf69021d0c3ace4/back.png
cabinet,5bfb56f8578690d51bf69021d0c3ace4,right,ok,0.186172,146,433,0.241158,docs/tmp/final-source-verification-2026-05-09/current_residual_bbox_rerender/cabinet/5bfb56f8578690d51bf69021d0c3ace4/right.png
cabinet,5d7599186cef978f2d0e0236a3e5bce9,front,ok,0.494846,472,331,0.595978,docs/tmp/final-source-verification-2026-05-09/current_residual_bbox_rerender/cabinet/5d7599186cef978f2d0e0236a3e5bce9/front.png
cabinet,5d7599186cef978f2d0e0236a3e5bce9,left,ok,0.457142,384,394,0.577148,docs/tmp/final-source-verification-2026-05-09/current_residual_bbox_rerender/cabinet/5d7599186cef978f2d0e0236a3e5bce9/left.png
cabinet,5d7599186cef978f2d0e0236a3e5bce9,back,ok,0.511860,484,334,0.616669,docs/tmp/final-source-verification-2026-05-09/current_residual_bbox_rerender/cabinet/5d7599186cef978f2d0e0236a3e5bce9/back.png
cabinet,5d7599186cef978f2d0e0236a3e5bce9,right,ok,0.444473,369,393,0.553196,docs/tmp/final-source-verification-2026-05-09/current_residual_bbox_rerender/cabinet/5d7599186cef978f2d0e0236a3e5bce9/right.png
cabinet,5fd99ac39eb2967bf2766e3ec9e29e9b,front,ok,0.307728,503,219,0.420216,docs/tmp/final-source-verification-2026-05-09/current_residual_bbox_rerender/cabinet/5fd99ac39eb2967bf2766e3ec9e29e9b/front.png
cabinet,5fd99ac39eb2967bf2766e3ec9e29e9b,left,ok,0.210506,289,328,0.361603,docs/tmp/final-source-verification-2026-05-09/current_residual_bbox_rerender/cabinet/5fd99ac39eb2967bf2766e3ec9e29e9b/left.png
cabinet,5fd99ac39eb2967bf2766e3ec9e29e9b,back,ok,0.232613,455,221,0.383587,docs/tmp/final-source-verification-2026-05-09/current_residual_bbox_rerender/cabinet/5fd99ac39eb2967bf2766e3ec9e29e9b/back.png
cabinet,5fd99ac39eb2967bf2766e3ec9e29e9b,right,ok,0.302567,389,330,0.489693,docs/tmp/final-source-verification-2026-05-09/current_residual_bbox_rerender/cabinet/5fd99ac39eb2967bf2766e3ec9e29e9b/right.png
cabinet,60b2842374ee76f18f48403ddc3ba70d,front,ok,0.361340,446,268,0.455963,docs/tmp/final-source-verification-2026-05-09/current_residual_bbox_rerender/cabinet/60b2842374ee76f18f48403ddc3ba70d/front.png
cabinet,60b2842374ee76f18f48403ddc3ba70d,left,ok,0.358349,502,228,0.436615,docs/tmp/final-source-verification-2026-05-09/current_residual_bbox_rerender/cabinet/60b2842374ee76f18f48403ddc3ba70d/left.png
cabinet,60b2842374ee76f18f48403ddc3ba70d,back,ok,0.371944,446,275,0.467873,docs/tmp/final-source-verification-2026-05-09/current_residual_bbox_rerender/cabinet/60b2842374ee76f18f48403ddc3ba70d/back.png
cabinet,60b2842374ee76f18f48403ddc3ba70d,right,ok,0.358185,502,228,0.436615,docs/tmp/final-source-verification-2026-05-09/current_residual_bbox_rerender/cabinet/60b2842374ee76f18f48403ddc3ba70d/right.png
cabinet,614eb436a380818707a3d8012c6d3d5a,front,ok,0.266121,501,150,0.286674,docs/tmp/final-source-verification-2026-05-09/current_residual_bbox_rerender/cabinet/614eb436a380818707a3d8012c6d3d5a/front.png
cabinet,614eb436a380818707a3d8012c6d3d5a,left,ok,0.237587,226,360,0.310364,docs/tmp/final-source-verification-2026-05-09/current_residual_bbox_rerender/cabinet/614eb436a380818707a3d8012c6d3d5a/left.png
cabinet,614eb436a380818707a3d8012c6d3d5a,back,ok,0.269497,512,150,0.292969,docs/tmp/final-source-verification-2026-05-09/current_residual_bbox_rerender/cabinet/614eb436a380818707a3d8012c6d3d5a/back.png
cabinet,614eb436a380818707a3d8012c6d3d5a,right,ok,0.240028,230,362,0.317612,docs/tmp/final-source-verification-2026-05-09/current_residual_bbox_rerender/cabinet/614eb436a380818707a3d8012c6d3d5a/right.png
cabinet,61516ba20540ed3b62531c02a289dc73,front,ok,0.427780,432,347,0.571838,docs/tmp/final-source-verification-2026-05-09/current_residual_bbox_rerender/cabinet/61516ba20540ed3b62531c02a289dc73/front.png
cabinet,61516ba20540ed3b62531c02a289dc73,left,ok,0.366211,320,391,0.477295,docs/tmp/final-source-verification-2026-05-09/current_residual_bbox_rerender/cabinet/61516ba20540ed3b62531c02a289dc73/left.png
cabinet,61516ba20540ed3b62531c02a289dc73,back,ok,0.444134,449,349,0.597767,docs/tmp/final-source-verification-2026-05-09/current_residual_bbox_rerender/cabinet/61516ba20540ed3b62531c02a289dc73/back.png
cabinet,61516ba20540ed3b62531c02a289dc73,right,ok,0.429451,372,385,0.546341,docs/tmp/final-source-verification-2026-05-09/current_residual_bbox_rerender/cabinet/61516ba20540ed3b62531c02a289dc73/right.png
cabinet,618dc0c77616f7fbb2b9f863a221cef2,front,ok,0.306793,500,179,0.341415,docs/tmp/final-source-verification-2026-05-09/current_residual_bbox_rerender/cabinet/618dc0c77616f7fbb2b9f863a221cef2/front.png
cabinet,618dc0c77616f7fbb2b9f863a221cef2,left,ok,0.124123,104,410,0.162659,docs/tmp/final-source-verification-2026-05-09/current_residual_bbox_rerender/cabinet/618dc0c77616f7fbb2b9f863a221cef2/left.png
cabinet,618dc0c77616f7fbb2b9f863a221cef2,back,ok,0.306816,500,179,0.341415,docs/tmp/final-source-verification-2026-05-09/current_residual_bbox_rerender/cabinet/618dc0c77616f7fbb2b9f863a221cef2/back.png
cabinet,618dc0c77616f7fbb2b9f863a221cef2,right,ok,0.124130,104,410,0.162659,docs/tmp/final-source-verification-2026-05-09/current_residual_bbox_rerender/cabinet/618dc0c77616f7fbb2b9f863a221cef2/right.png
cabinet,623a9600388283ee06d02fe866cd276d,front,ok,0.093475,117,242,0.108009,docs/tmp/final-source-verification-2026-05-09/current_residual_bbox_rerender/cabinet/623a9600388283ee06d02fe866cd276d/front.png
cabinet,623a9600388283ee06d02fe866cd276d,left,ok,0.013229,39,174,0.025887,docs/tmp/final-source-verification-2026-05-09/current_residual_bbox_rerender/cabinet/623a9600388283ee06d02fe866cd276d/left.png
cabinet,623a9600388283ee06d02fe866cd276d,back,blank,0.000000,0,0,0.000000,docs/tmp/final-source-verification-2026-05-09/current_residual_bbox_rerender/cabinet/623a9600388283ee06d02fe866cd276d/back.png
cabinet,623a9600388283ee06d02fe866cd276d,right,ok,0.031048,58,257,0.056862,docs/tmp/final-source-verification-2026-05-09/current_residual_bbox_rerender/cabinet/623a9600388283ee06d02fe866cd276d/right.png
cabinet,62bffd6985a3ab1cf529b645123b7646,front,ok,0.366497,334,386,0.491806,docs/tmp/final-source-verification-2026-05-09/current_residual_bbox_rerender/cabinet/62bffd6985a3ab1cf529b645123b7646/front.png
cabinet,62bffd6985a3ab1cf529b645123b7646,left,ok,0.433361,512,249,0.486328,docs/tmp/final-source-verification-2026-05-09/current_residual_bbox_rerender/cabinet/62bffd6985a3ab1cf529b645123b7646/left.png
cabinet,62bffd6985a3ab1cf529b645123b7646,back,ok,0.367870,334,386,0.491806,docs/tmp/final-source-verification-2026-05-09/current_residual_bbox_rerender/cabinet/62bffd6985a3ab1cf529b645123b7646/back.png
cabinet,62bffd6985a3ab1cf529b645123b7646,right,ok,0.403973,512,253,0.494141,docs/tmp/final-source-verification-2026-05-09/current_residual_bbox_rerender/cabinet/62bffd6985a3ab1cf529b645123b7646/right.png
cabinet,631fd5d1e8e0354a6b37fa1ffefbd74c,front,ok,0.420540,363,382,0.528969,docs/tmp/final-source-verification-2026-05-09/current_residual_bbox_rerender/cabinet/631fd5d1e8e0354a6b37fa1ffefbd74c/front.png
cabinet,631fd5d1e8e0354a6b37fa1ffefbd74c,left,ok,0.438202,496,291,0.550598,docs/tmp/final-source-verification-2026-05-09/current_residual_bbox_rerender/cabinet/631fd5d1e8e0354a6b37fa1ffefbd74c/left.png
cabinet,631fd5d1e8e0354a6b37fa1ffefbd74c,back,ok,0.420639,363,382,0.528969,docs/tmp/final-source-verification-2026-05-09/current_residual_bbox_rerender/cabinet/631fd5d1e8e0354a6b37fa1ffefbd74c/back.png
cabinet,631fd5d1e8e0354a6b37fa1ffefbd74c,right,ok,0.470787,500,291,0.555038,docs/tmp/final-source-verification-2026-05-09/current_residual_bbox_rerender/cabinet/631fd5d1e8e0354a6b37fa1ffefbd74c/right.png
cabinet,635fce7b8dbd0365bdcbec6806d809d7,front,ok,0.154175,498,85,0.161476,docs/tmp/final-source-verification-2026-05-09/current_residual_bbox_rerender/cabinet/635fce7b8dbd0365bdcbec6806d809d7/front.png
cabinet,635fce7b8dbd0365bdcbec6806d809d7,left,ok,0.110882,110,356,0.149384,docs/tmp/final-source-verification-2026-05-09/current_residual_bbox_rerender/cabinet/635fce7b8dbd0365bdcbec6806d809d7/left.png
cabinet,635fce7b8dbd0365bdcbec6806d809d7,back,ok,0.154175,498,85,0.161476,docs/tmp/final-source-verification-2026-05-09/current_residual_bbox_rerender/cabinet/635fce7b8dbd0365bdcbec6806d809d7/back.png
cabinet,635fce7b8dbd0365bdcbec6806d809d7,right,ok,0.110886,110,356,0.149384,docs/tmp/final-source-verification-2026-05-09/current_residual_bbox_rerender/cabinet/635fce7b8dbd0365bdcbec6806d809d7/right.png
cabinet,6436f1de9dff5cc3059618c5e8c8006e,front,ok,0.239891,480,145,0.265503,docs/tmp/final-source-verification-2026-05-09/current_residual_bbox_rerender/cabinet/6436f1de9dff5cc3059618c5e8c8006e/front.png
cabinet,6436f1de9dff5cc3059618c5e8c8006e,left,ok,0.009823,8,408,0.012451,docs/tmp/final-source-verification-2026-05-09/current_residual_bbox_rerender/cabinet/6436f1de9dff5cc3059618c5e8c8006e/left.png
cabinet,6436f1de9dff5cc3059618c5e8c8006e,back,ok,0.239899,480,145,0.265503,docs/tmp/final-source-verification-2026-05-09/current_residual_bbox_rerender/cabinet/6436f1de9dff5cc3059618c5e8c8006e/back.png
cabinet,6436f1de9dff5cc3059618c5e8c8006e,right,ok,0.009823,8,408,0.012451,docs/tmp/final-source-verification-2026-05-09/current_residual_bbox_rerender/cabinet/6436f1de9dff5cc3059618c5e8c8006e/right.png
cabinet,64490f7dd140deadf3a492d5c901f6c3,front,ok,0.212605,217,339,0.280621,docs/tmp/final-source-verification-2026-05-09/current_residual_bbox_rerender/cabinet/64490f7dd140deadf3a492d5c901f6c3/front.png
cabinet,64490f7dd140deadf3a492d5c901f6c3,left,ok,0.232174,512,144,0.281250,docs/tmp/final-source-verification-2026-05-09/current_residual_bbox_rerender/cabinet/64490f7dd140deadf3a492d5c901f6c3/left.png
cabinet,64490f7dd140deadf3a492d5c901f6c3,back,ok,0.212616,217,339,0.280621,docs/tmp/final-source-verification-2026-05-09/current_residual_bbox_rerender/cabinet/64490f7dd140deadf3a492d5c901f6c3/back.png
cabinet,64490f7dd140deadf3a492d5c901f6c3,right,ok,0.227806,512,129,0.251953,docs/tmp/final-source-verification-2026-05-09/current_residual_bbox_rerender/cabinet/64490f7dd140deadf3a492d5c901f6c3/right.png
cabinet,6514aef8d75e21ea6464032dbbb48f94,front,ok,0.073574,404,266,0.409943,docs/tmp/final-source-verification-2026-05-09/current_residual_bbox_rerender/cabinet/6514aef8d75e21ea6464032dbbb48f94/front.png
cabinet,6514aef8d75e21ea6464032dbbb48f94,left,ok,0.053192,502,181,0.346611,docs/tmp/final-source-verification-2026-05-09/current_residual_bbox_rerender/cabinet/6514aef8d75e21ea6464032dbbb48f94/left.png
cabinet,6514aef8d75e21ea6464032dbbb48f94,back,ok,0.073555,404,266,0.409943,docs/tmp/final-source-verification-2026-05-09/current_residual_bbox_rerender/cabinet/6514aef8d75e21ea6464032dbbb48f94/back.png
cabinet,6514aef8d75e21ea6464032dbbb48f94,right,ok,0.076469,502,181,0.346611,docs/tmp/final-source-verification-2026-05-09/current_residual_bbox_rerender/cabinet/6514aef8d75e21ea6464032dbbb48f94/right.png
cabinet,6528d79555b34c8bd89dd76b217115e6,front,ok,0.229084,230,347,0.304451,docs/tmp/final-source-verification-2026-05-09/current_residual_bbox_rerender/cabinet/6528d79555b34c8bd89dd76b217115e6/front.png
cabinet,6528d79555b34c8bd89dd76b217115e6,left,ok,0.215794,512,132,0.257812,docs/tmp/final-source-verification-2026-05-09/current_residual_bbox_rerender/cabinet/6528d79555b34c8bd89dd76b217115e6/left.png
cabinet,6528d79555b34c8bd89dd76b217115e6,back,ok,0.228916,230,345,0.302696,docs/tmp/final-source-verification-2026-05-09/current_residual_bbox_rerender/cabinet/6528d79555b34c8bd89dd76b217115e6/back.png
cabinet,6528d79555b34c8bd89dd76b217115e6,right,ok,0.217915,512,135,0.263672,docs/tmp/final-source-verification-2026-05-09/current_residual_bbox_rerender/cabinet/6528d79555b34c8bd89dd76b217115e6/right.png
cabinet,65928b8f780509e43c74f50d08bf0a93,front,ok,0.231789,512,128,0.250000,docs/tmp/final-source-verification-2026-05-09/current_residual_bbox_rerender/cabinet/65928b8f780509e43c74f50d08bf0a93/front.png
cabinet,65928b8f780509e43c74f50d08bf0a93,left,ok,0.228161,232,343,0.303558,docs/tmp/final-source-verification-2026-05-09/current_residual_bbox_rerender/cabinet/65928b8f780509e43c74f50d08bf0a93/left.png
cabinet,65928b8f780509e43c74f50d08bf0a93,back,ok,0.231789,512,128,0.250000,docs/tmp/final-source-verification-2026-05-09/current_residual_bbox_rerender/cabinet/65928b8f780509e43c74f50d08bf0a93/back.png
cabinet,65928b8f780509e43c74f50d08bf0a93,right,ok,0.227810,232,343,0.303558,docs/tmp/final-source-verification-2026-05-09/current_residual_bbox_rerender/cabinet/65928b8f780509e43c74f50d08bf0a93/right.png
cabinet,65e550a2a69622c20d3e5253ebe10ec7,front,ok,0.400318,364,356,0.494324,docs/tmp/final-source-verification-2026-05-09/current_residual_bbox_rerender/cabinet/65e550a2a69622c20d3e5253ebe10ec7/front.png
cabinet,65e550a2a69622c20d3e5253ebe10ec7,left,ok,0.158859,119,456,0.207001,docs/tmp/final-source-verification-2026-05-09/current_residual_bbox_rerender/cabinet/65e550a2a69622c20d3e5253ebe10ec7/left.png
cabinet,65e550a2a69622c20d3e5253ebe10ec7,back,ok,0.395584,362,354,0.488846,docs/tmp/final-source-verification-2026-05-09/current_residual_bbox_rerender/cabinet/65e550a2a69622c20d3e5253ebe10ec7/back.png
cabinet,65e550a2a69622c20d3e5253ebe10ec7,right,ok,0.158859,119,456,0.207001,docs/tmp/final-source-verification-2026-05-09/current_residual_bbox_rerender/cabinet/65e550a2a69622c20d3e5253ebe10ec7/right.png
cabinet,66493d4959f19f44c94791afb92d7adb,front,ok,0.308346,495,179,0.338001,docs/tmp/final-source-verification-2026-05-09/current_residual_bbox_rerender/cabinet/66493d4959f19f44c94791afb92d7adb/front.png
cabinet,66493d4959f19f44c94791afb92d7adb,left,ok,0.180252,154,403,0.236748,docs/tmp/final-source-verification-2026-05-09/current_residual_bbox_rerender/cabinet/66493d4959f19f44c94791afb92d7adb/left.png
cabinet,66493d4959f19f44c94791afb92d7adb,back,ok,0.314888,510,179,0.348244,docs/tmp/final-source-verification-2026-05-09/current_residual_bbox_rerender/cabinet/66493d4959f19f44c94791afb92d7adb/back.png
cabinet,66493d4959f19f44c94791afb92d7adb,right,ok,0.178268,151,403,0.232136,docs/tmp/final-source-verification-2026-05-09/current_residual_bbox_rerender/cabinet/66493d4959f19f44c94791afb92d7adb/right.png
cabinet,672f2e651bbf1bcf74e0f26ab289fada,front,ok,0.358105,380,305,0.442123,docs/tmp/final-source-verification-2026-05-09/current_residual_bbox_rerender/cabinet/672f2e651bbf1bcf74e0f26ab289fada/front.png
cabinet,672f2e651bbf1bcf74e0f26ab289fada,left,ok,0.033478,38,459,0.066536,docs/tmp/final-source-verification-2026-05-09/current_residual_bbox_rerender/cabinet/672f2e651bbf1bcf74e0f26ab289fada/left.png
cabinet,672f2e651bbf1bcf74e0f26ab289fada,back,ok,0.367111,366,319,0.445381,docs/tmp/final-source-verification-2026-05-09/current_residual_bbox_rerender/cabinet/672f2e651bbf1bcf74e0f26ab289fada/back.png
cabinet,672f2e651bbf1bcf74e0f26ab289fada,right,ok,0.033516,38,459,0.066536,docs/tmp/final-source-verification-2026-05-09/current_residual_bbox_rerender/cabinet/672f2e651bbf1bcf74e0f26ab289fada/right.png
cabinet,678e756ff9efa3f4bf99e3525559d1fa,front,ok,0.438938,463,295,0.521030,docs/tmp/final-source-verification-2026-05-09/current_residual_bbox_rerender/cabinet/678e756ff9efa3f4bf99e3525559d1fa/front.png
cabinet,678e756ff9efa3f4bf99e3525559d1fa,left,ok,0.220070,168,444,0.284546,docs/tmp/final-source-verification-2026-05-09/current_residual_bbox_rerender/cabinet/678e756ff9efa3f4bf99e3525559d1fa/left.png
cabinet,678e756ff9efa3f4bf99e3525559d1fa,back,ok,0.438419,462,295,0.519905,docs/tmp/final-source-verification-2026-05-09/current_residual_bbox_rerender/cabinet/678e756ff9efa3f4bf99e3525559d1fa/back.png
cabinet,678e756ff9efa3f4bf99e3525559d1fa,right,ok,0.220005,168,444,0.284546,docs/tmp/final-source-verification-2026-05-09/current_residual_bbox_rerender/cabinet/678e756ff9efa3f4bf99e3525559d1fa/right.png
cabinet,67d20448c41ade1c198d0182db94725f,front,ok,0.160980,118,450,0.202560,docs/tmp/final-source-verification-2026-05-09/current_residual_bbox_rerender/cabinet/67d20448c41ade1c198d0182db94725f/front.png
cabinet,67d20448c41ade1c198d0182db94725f,left,ok,0.139343,297,360,0.407867,docs/tmp/final-source-verification-2026-05-09/current_residual_bbox_rerender/cabinet/67d20448c41ade1c198d0182db94725f/left.png
cabinet,67d20448c41ade1c198d0182db94725f,back,ok,0.138462,168,269,0.172394,docs/tmp/final-source-verification-2026-05-09/current_residual_bbox_rerender/cabinet/67d20448c41ade1c198d0182db94725f/back.png
cabinet,67d20448c41ade1c198d0182db94725f,right,ok,0.143841,295,381,0.428753,docs/tmp/final-source-verification-2026-05-09/current_residual_bbox_rerender/cabinet/67d20448c41ade1c198d0182db94725f/right.png
cabinet,68007680b83db0c9fbc59f2431607d9f,front,ok,0.045479,462,26,0.045822,docs/tmp/final-source-verification-2026-05-09/current_residual_bbox_rerender/cabinet/68007680b83db0c9fbc59f2431607d9f/front.png
cabinet,68007680b83db0c9fbc59f2431607d9f,left,ok,0.024624,27,331,0.034092,docs/tmp/final-source-verification-2026-05-09/current_residual_bbox_rerender/cabinet/68007680b83db0c9fbc59f2431607d9f/left.png
cabinet,68007680b83db0c9fbc59f2431607d9f,back,ok,0.033764,470,19,0.034065,docs/tmp/final-source-verification-2026-05-09/current_residual_bbox_rerender/cabinet/68007680b83db0c9fbc59f2431607d9f/back.png
cabinet,68007680b83db0c9fbc59f2431607d9f,right,ok,0.024639,27,331,0.034092,docs/tmp/final-source-verification-2026-05-09/current_residual_bbox_rerender/cabinet/68007680b83db0c9fbc59f2431607d9f/right.png
cabinet,6807cab3d4d27fe6b716f3f48a689c61,front,ok,0.372879,375,334,0.477791,docs/tmp/final-source-verification-2026-05-09/current_residual_bbox_rerender/cabinet/6807cab3d4d27fe6b716f3f48a689c61/front.png
cabinet,6807cab3d4d27fe6b716f3f48a689c61,left,ok,0.374897,512,215,0.419922,docs/tmp/final-source-verification-2026-05-09/current_residual_bbox_rerender/cabinet/6807cab3d4d27fe6b716f3f48a689c61/left.png
cabinet,6807cab3d4d27fe6b716f3f48a689c61,back,ok,0.372883,375,334,0.477791,docs/tmp/final-source-verification-2026-05-09/current_residual_bbox_rerender/cabinet/6807cab3d4d27fe6b716f3f48a689c61/back.png
cabinet,6807cab3d4d27fe6b716f3f48a689c61,right,ok,0.370914,512,212,0.414062,docs/tmp/final-source-verification-2026-05-09/current_residual_bbox_rerender/cabinet/6807cab3d4d27fe6b716f3f48a689c61/right.png
cabinet,6893d1e273e5a806ec9fc9a9ba09c8ed,front,ok,0.331848,456,221,0.384430,docs/tmp/final-source-verification-2026-05-09/current_residual_bbox_rerender/cabinet/6893d1e273e5a806ec9fc9a9ba09c8ed/front.png
cabinet,6893d1e273e5a806ec9fc9a9ba09c8ed,left,ok,0.015804,12,439,0.020096,docs/tmp/final-source-verification-2026-05-09/current_residual_bbox_rerender/cabinet/6893d1e273e5a806ec9fc9a9ba09c8ed/left.png
cabinet,6893d1e273e5a806ec9fc9a9ba09c8ed,back,ok,0.331192,456,221,0.384430,docs/tmp/final-source-verification-2026-05-09/current_residual_bbox_rerender/cabinet/6893d1e273e5a806ec9fc9a9ba09c8ed/back.png
cabinet,6893d1e273e5a806ec9fc9a9ba09c8ed,right,ok,0.015808,12,439,0.020096,docs/tmp/final-source-verification-2026-05-09/current_residual_bbox_rerender/cabinet/6893d1e273e5a806ec9fc9a9ba09c8ed/right.png
cabinet,69019bd1afc30c258c97ccbd280bd571,front,ok,0.432724,476,280,0.508423,docs/tmp/final-source-verification-2026-05-09/current_residual_bbox_rerender/cabinet/69019bd1afc30c258c97ccbd280bd571/front.png
cabinet,69019bd1afc30c258c97ccbd280bd571,left,ok,0.209717,174,441,0.292717,docs/tmp/final-source-verification-2026-05-09/current_residual_bbox_rerender/cabinet/69019bd1afc30c258c97ccbd280bd571/left.png
cabinet,69019bd1afc30c258c97ccbd280bd571,back,ok,0.426342,476,279,0.506607,docs/tmp/final-source-verification-2026-05-09/current_residual_bbox_rerender/cabinet/69019bd1afc30c258c97ccbd280bd571/back.png
cabinet,69019bd1afc30c258c97ccbd280bd571,right,ok,0.224674,174,441,0.292717,docs/tmp/final-source-verification-2026-05-09/current_residual_bbox_rerender/cabinet/69019bd1afc30c258c97ccbd280bd571/right.png
cabinet,693149dec0ced97d580f381f0d4803e5,front,ok,0.298244,309,304,0.358337,docs/tmp/final-source-verification-2026-05-09/current_residual_bbox_rerender/cabinet/693149dec0ced97d580f381f0d4803e5/front.png
cabinet,693149dec0ced97d580f381f0d4803e5,left,ok,0.313171,437,312,0.520111,docs/tmp/final-source-verification-2026-05-09/current_residual_bbox_rerender/cabinet/693149dec0ced97d580f381f0d4803e5/left.png
cabinet,693149dec0ced97d580f381f0d4803e5,back,ok,0.298145,246,407,0.381935,docs/tmp/final-source-verification-2026-05-09/current_residual_bbox_rerender/cabinet/693149dec0ced97d580f381f0d4803e5/back.png
cabinet,693149dec0ced97d580f381f0d4803e5,right,ok,0.277477,423,312,0.503448,docs/tmp/final-source-verification-2026-05-09/current_residual_bbox_rerender/cabinet/693149dec0ced97d580f381f0d4803e5/right.png
cabinet,694006d900b103e5702ed21518275c95,front,ok,0.191406,194,345,0.255318,docs/tmp/final-source-verification-2026-05-09/current_residual_bbox_rerender/cabinet/694006d900b103e5702ed21518275c95/front.png
cabinet,694006d900b103e5702ed21518275c95,left,ok,0.201530,510,111,0.215950,docs/tmp/final-source-verification-2026-05-09/current_residual_bbox_rerender/cabinet/694006d900b103e5702ed21518275c95/left.png
cabinet,694006d900b103e5702ed21518275c95,back,ok,0.191452,194,345,0.255318,docs/tmp/final-source-verification-2026-05-09/current_residual_bbox_rerender/cabinet/694006d900b103e5702ed21518275c95/back.png
cabinet,694006d900b103e5702ed21518275c95,right,ok,0.201530,510,111,0.215950,docs/tmp/final-source-verification-2026-05-09/current_residual_bbox_rerender/cabinet/694006d900b103e5702ed21518275c95/right.png
cabinet,6962f8c8f7d29d48c4adeaad8166e191,front,ok,0.238918,512,131,0.255859,docs/tmp/final-source-verification-2026-05-09/current_residual_bbox_rerender/cabinet/6962f8c8f7d29d48c4adeaad8166e191/front.png
cabinet,6962f8c8f7d29d48c4adeaad8166e191,left,ok,0.182262,170,371,0.240593,docs/tmp/final-source-verification-2026-05-09/current_residual_bbox_rerender/cabinet/6962f8c8f7d29d48c4adeaad8166e191/left.png
cabinet,6962f8c8f7d29d48c4adeaad8166e191,back,ok,0.238914,512,131,0.255859,docs/tmp/final-source-verification-2026-05-09/current_residual_bbox_rerender/cabinet/6962f8c8f7d29d48c4adeaad8166e191/back.png
cabinet,6962f8c8f7d29d48c4adeaad8166e191,right,ok,0.182621,170,371,0.240593,docs/tmp/final-source-verification-2026-05-09/current_residual_bbox_rerender/cabinet/6962f8c8f7d29d48c4adeaad8166e191/right.png
cabinet,69992fa6f3ae177833293fa7365b41ef,front,ok,0.412548,354,386,0.521255,docs/tmp/final-source-verification-2026-05-09/current_residual_bbox_rerender/cabinet/69992fa6f3ae177833293fa7365b41ef/front.png
cabinet,69992fa6f3ae177833293fa7365b41ef,left,ok,0.263149,506,287,0.553978,docs/tmp/final-source-verification-2026-05-09/current_residual_bbox_rerender/cabinet/69992fa6f3ae177833293fa7365b41ef/left.png
cabinet,69992fa6f3ae177833293fa7365b41ef,back,ok,0.371426,354,386,0.521255,docs/tmp/final-source-verification-2026-05-09/current_residual_bbox_rerender/cabinet/69992fa6f3ae177833293fa7365b41ef/back.png
cabinet,69992fa6f3ae177833293fa7365b41ef,right,ok,0.467876,490,288,0.538330,docs/tmp/final-source-verification-2026-05-09/current_residual_bbox_rerender/cabinet/69992fa6f3ae177833293fa7365b41ef/right.png
cabinet,69fbe67a2455a855d1e878f3a4174a83,front,ok,0.374496,469,265,0.474110,docs/tmp/final-source-verification-2026-05-09/current_residual_bbox_rerender/cabinet/69fbe67a2455a855d1e878f3a4174a83/front.png
cabinet,69fbe67a2455a855d1e878f3a4174a83,left,ok,0.379204,484,252,0.465271,docs/tmp/final-source-verification-2026-05-09/current_residual_bbox_rerender/cabinet/69fbe67a2455a855d1e878f3a4174a83/left.png
cabinet,69fbe67a2455a855d1e878f3a4174a83,back,ok,0.378586,469,265,0.474110,docs/tmp/final-source-verification-2026-05-09/current_residual_bbox_rerender/cabinet/69fbe67a2455a855d1e878f3a4174a83/back.png
cabinet,69fbe67a2455a855d1e878f3a4174a83,right,ok,0.380173,484,252,0.465271,docs/tmp/final-source-verification-2026-05-09/current_residual_bbox_rerender/cabinet/69fbe67a2455a855d1e878f3a4174a83/right.png
cabinet,6aaee5c6bd9209c8c77d49245a02d153,front,ok,0.275009,503,156,0.299332,docs/tmp/final-source-verification-2026-05-09/current_residual_bbox_rerender/cabinet/6aaee5c6bd9209c8c77d49245a02d153/front.png
cabinet,6aaee5c6bd9209c8c77d49245a02d153,left,ok,0.133648,115,398,0.174599,docs/tmp/final-source-verification-2026-05-09/current_residual_bbox_rerender/cabinet/6aaee5c6bd9209c8c77d49245a02d153/left.png
cabinet,6aaee5c6bd9209c8c77d49245a02d153,back,ok,0.275631,506,156,0.301117,docs/tmp/final-source-verification-2026-05-09/current_residual_bbox_rerender/cabinet/6aaee5c6bd9209c8c77d49245a02d153/back.png
cabinet,6aaee5c6bd9209c8c77d49245a02d153,right,ok,0.136307,118,398,0.179153,docs/tmp/final-source-verification-2026-05-09/current_residual_bbox_rerender/cabinet/6aaee5c6bd9209c8c77d49245a02d153/right.png
cabinet,6c618663fbbda397ddf427bbec0ae949,front,ok,0.379986,512,231,0.451172,docs/tmp/final-source-verification-2026-05-09/current_residual_bbox_rerender/cabinet/6c618663fbbda397ddf427bbec0ae949/front.png
cabinet,6c618663fbbda397ddf427bbec0ae949,left,ok,0.361904,420,291,0.466232,docs/tmp/final-source-verification-2026-05-09/current_residual_bbox_rerender/cabinet/6c618663fbbda397ddf427bbec0ae949/left.png
cabinet,6c618663fbbda397ddf427bbec0ae949,back,ok,0.380096,512,231,0.451172,docs/tmp/final-source-verification-2026-05-09/current_residual_bbox_rerender/cabinet/6c618663fbbda397ddf427bbec0ae949/back.png
cabinet,6c618663fbbda397ddf427bbec0ae949,right,ok,0.392159,422,307,0.494209,docs/tmp/final-source-verification-2026-05-09/current_residual_bbox_rerender/cabinet/6c618663fbbda397ddf427bbec0ae949/right.png
cabinet,6d64241c516f8e7d7d17804a99fd11e0,front,ok,0.293404,470,186,0.333481,docs/tmp/final-source-verification-2026-05-09/current_residual_bbox_rerender/cabinet/6d64241c516f8e7d7d17804a99fd11e0/front.png
cabinet,6d64241c516f8e7d7d17804a99fd11e0,left,ok,0.009789,8,425,0.012970,docs/tmp/final-source-verification-2026-05-09/current_residual_bbox_rerender/cabinet/6d64241c516f8e7d7d17804a99fd11e0/left.png
cabinet,6d64241c516f8e7d7d17804a99fd11e0,back,ok,0.293427,470,186,0.333481,docs/tmp/final-source-verification-2026-05-09/current_residual_bbox_rerender/cabinet/6d64241c516f8e7d7d17804a99fd11e0/back.png
cabinet,6d64241c516f8e7d7d17804a99fd11e0,right,ok,0.009789,8,425,0.012970,docs/tmp/final-source-verification-2026-05-09/current_residual_bbox_rerender/cabinet/6d64241c516f8e7d7d17804a99fd11e0/right.png
cabinet,6ee9b04253e7a388f9905a35122e1462,front,ok,0.038731,467,22,0.039192,docs/tmp/final-source-verification-2026-05-09/current_residual_bbox_rerender/cabinet/6ee9b04253e7a388f9905a35122e1462/front.png
cabinet,6ee9b04253e7a388f9905a35122e1462,left,ok,0.018501,20,332,0.025330,docs/tmp/final-source-verification-2026-05-09/current_residual_bbox_rerender/cabinet/6ee9b04253e7a388f9905a35122e1462/left.png
cabinet,6ee9b04253e7a388f9905a35122e1462,back,ok,0.034843,462,20,0.035248,docs/tmp/final-source-verification-2026-05-09/current_residual_bbox_rerender/cabinet/6ee9b04253e7a388f9905a35122e1462/back.png
cabinet,6ee9b04253e7a388f9905a35122e1462,right,ok,0.017914,20,333,0.025406,docs/tmp/final-source-verification-2026-05-09/current_residual_bbox_rerender/cabinet/6ee9b04253e7a388f9905a35122e1462/right.png
cabinet,6f4c6344b7021b156b21b3e4a3dd481d,front,ok,0.257317,393,284,0.425766,docs/tmp/final-source-verification-2026-05-09/current_residual_bbox_rerender/cabinet/6f4c6344b7021b156b21b3e4a3dd481d/front.png
cabinet,6f4c6344b7021b156b21b3e4a3dd481d,left,ok,0.329617,504,237,0.455658,docs/tmp/final-source-verification-2026-05-09/current_residual_bbox_rerender/cabinet/6f4c6344b7021b156b21b3e4a3dd481d/left.png
cabinet,6f4c6344b7021b156b21b3e4a3dd481d,back,ok,0.357944,446,284,0.483185,docs/tmp/final-source-verification-2026-05-09/current_residual_bbox_rerender/cabinet/6f4c6344b7021b156b21b3e4a3dd481d/back.png
cabinet,6f4c6344b7021b156b21b3e4a3dd481d,right,ok,0.287525,416,235,0.372925,docs/tmp/final-source-verification-2026-05-09/current_residual_bbox_rerender/cabinet/6f4c6344b7021b156b21b3e4a3dd481d/right.png
cabinet,6f78968046117882ea1189c9a7d5e417,front,ok,0.427002,378,376,0.542175,docs/tmp/final-source-verification-2026-05-09/current_residual_bbox_rerender/cabinet/6f78968046117882ea1189c9a7d5e417/front.png
cabinet,6f78968046117882ea1189c9a7d5e417,left,ok,0.465073,512,272,0.531250,docs/tmp/final-source-verification-2026-05-09/current_residual_bbox_rerender/cabinet/6f78968046117882ea1189c9a7d5e417/left.png
cabinet,6f78968046117882ea1189c9a7d5e417,back,ok,0.426983,378,376,0.542175,docs/tmp/final-source-verification-2026-05-09/current_residual_bbox_rerender/cabinet/6f78968046117882ea1189c9a7d5e417/back.png
cabinet,6f78968046117882ea1189c9a7d5e417,right,ok,0.465225,512,272,0.531250,docs/tmp/final-source-verification-2026-05-09/current_residual_bbox_rerender/cabinet/6f78968046117882ea1189c9a7d5e417/right.png
cabinet,6f7c358f1479f18c65d32903d6bef778,front,ok,0.006271,4,412,0.006287,docs/tmp/final-source-verification-2026-05-09/current_residual_bbox_rerender/cabinet/6f7c358f1479f18c65d32903d6bef778/front.png
cabinet,6f7c358f1479f18c65d32903d6bef778,left,ok,0.052048,44,403,0.067642,docs/tmp/final-source-verification-2026-05-09/current_residual_bbox_rerender/cabinet/6f7c358f1479f18c65d32903d6bef778/left.png
cabinet,6f7c358f1479f18c65d32903d6bef778,back,ok,0.006271,4,412,0.006287,docs/tmp/final-source-verification-2026-05-09/current_residual_bbox_rerender/cabinet/6f7c358f1479f18c65d32903d6bef778/back.png
cabinet,6f7c358f1479f18c65d32903d6bef778,right,ok,0.051971,42,403,0.064568,docs/tmp/final-source-verification-2026-05-09/current_residual_bbox_rerender/cabinet/6f7c358f1479f18c65d32903d6bef778/right.png
cabinet,700e95ffc7f2d37ded3ec521836dd262,front,ok,0.469383,422,354,0.569870,docs/tmp/final-source-verification-2026-05-09/current_residual_bbox_rerender/cabinet/700e95ffc7f2d37ded3ec521836dd262/front.png
cabinet,700e95ffc7f2d37ded3ec521836dd262,left,ok,0.354752,277,432,0.456482,docs/tmp/final-source-verification-2026-05-09/current_residual_bbox_rerender/cabinet/700e95ffc7f2d37ded3ec521836dd262/left.png
cabinet,700e95ffc7f2d37ded3ec521836dd262,back,ok,0.474491,432,357,0.588318,docs/tmp/final-source-verification-2026-05-09/current_residual_bbox_rerender/cabinet/700e95ffc7f2d37ded3ec521836dd262/back.png
cabinet,700e95ffc7f2d37ded3ec521836dd262,right,ok,0.347416,275,432,0.453186,docs/tmp/final-source-verification-2026-05-09/current_residual_bbox_rerender/cabinet/700e95ffc7f2d37ded3ec521836dd262/right.png
cabinet,70c4f47067d56fdf6daa8d8d40992d61,front,ok,0.373451,303,412,0.476212,docs/tmp/final-source-verification-2026-05-09/current_residual_bbox_rerender/cabinet/70c4f47067d56fdf6daa8d8d40992d61/front.png
cabinet,70c4f47067d56fdf6daa8d8d40992d61,left,ok,0.476341,500,290,0.553131,docs/tmp/final-source-verification-2026-05-09/current_residual_bbox_rerender/cabinet/70c4f47067d56fdf6daa8d8d40992d61/left.png
cabinet,70c4f47067d56fdf6daa8d8d40992d61,back,ok,0.373501,303,413,0.477367,docs/tmp/final-source-verification-2026-05-09/current_residual_bbox_rerender/cabinet/70c4f47067d56fdf6daa8d8d40992d61/back.png
cabinet,70c4f47067d56fdf6daa8d8d40992d61,right,ok,0.473064,504,288,0.553711,docs/tmp/final-source-verification-2026-05-09/current_residual_bbox_rerender/cabinet/70c4f47067d56fdf6daa8d8d40992d61/right.png
cabinet,71d744218980f92027ad956f72cafbff,front,ok,0.038860,45,351,0.060253,docs/tmp/final-source-verification-2026-05-09/current_residual_bbox_rerender/cabinet/71d744218980f92027ad956f72cafbff/front.png
cabinet,71d744218980f92027ad956f72cafbff,left,ok,0.078819,454,47,0.081398,docs/tmp/final-source-verification-2026-05-09/current_residual_bbox_rerender/cabinet/71d744218980f92027ad956f72cafbff/left.png
cabinet,71d744218980f92027ad956f72cafbff,back,ok,0.038944,45,351,0.060253,docs/tmp/final-source-verification-2026-05-09/current_residual_bbox_rerender/cabinet/71d744218980f92027ad956f72cafbff/back.png
cabinet,71d744218980f92027ad956f72cafbff,right,ok,0.092319,472,53,0.095428,docs/tmp/final-source-verification-2026-05-09/current_residual_bbox_rerender/cabinet/71d744218980f92027ad956f72cafbff/right.png
cabinet,725bf9e9ef5f68afaca346cce768198e,front,ok,0.246017,512,219,0.427734,docs/tmp/final-source-verification-2026-05-09/current_residual_bbox_rerender/cabinet/725bf9e9ef5f68afaca346cce768198e/front.png
cabinet,725bf9e9ef5f68afaca346cce768198e,left,ok,0.293221,422,295,0.474892,docs/tmp/final-source-verification-2026-05-09/current_residual_bbox_rerender/cabinet/725bf9e9ef5f68afaca346cce768198e/left.png
cabinet,725bf9e9ef5f68afaca346cce768198e,back,ok,0.246037,512,219,0.427734,docs/tmp/final-source-verification-2026-05-09/current_residual_bbox_rerender/cabinet/725bf9e9ef5f68afaca346cce768198e/back.png
cabinet,725bf9e9ef5f68afaca346cce768198e,right,ok,0.210835,422,295,0.474892,docs/tmp/final-source-verification-2026-05-09/current_residual_bbox_rerender/cabinet/725bf9e9ef5f68afaca346cce768198e/right.png
cabinet,72c6bb3de9a62e85fa40e3791a4dd959,front,ok,0.023922,24,404,0.036987,docs/tmp/final-source-verification-2026-05-09/current_residual_bbox_rerender/cabinet/72c6bb3de9a62e85fa40e3791a4dd959/front.png
cabinet,72c6bb3de9a62e85fa40e3791a4dd959,left,ok,0.034378,325,303,0.375652,docs/tmp/final-source-verification-2026-05-09/current_residual_bbox_rerender/cabinet/72c6bb3de9a62e85fa40e3791a4dd959/left.png
cabinet,72c6bb3de9a62e85fa40e3791a4dd959,back,ok,0.027519,22,395,0.033150,docs/tmp/final-source-verification-2026-05-09/current_residual_bbox_rerender/cabinet/72c6bb3de9a62e85fa40e3791a4dd959/back.png
cabinet,72c6bb3de9a62e85fa40e3791a4dd959,right,ok,0.034370,325,303,0.375652,docs/tmp/final-source-verification-2026-05-09/current_residual_bbox_rerender/cabinet/72c6bb3de9a62e85fa40e3791a4dd959/right.png
cabinet,7301cb96f84bc6a3efee5d87530b6323,front,ok,0.020939,18,422,0.028976,docs/tmp/final-source-verification-2026-05-09/current_residual_bbox_rerender/cabinet/7301cb96f84bc6a3efee5d87530b6323/front.png
cabinet,7301cb96f84bc6a3efee5d87530b6323,left,ok,0.037773,414,209,0.330070,docs/tmp/final-source-verification-2026-05-09/current_residual_bbox_rerender/cabinet/7301cb96f84bc6a3efee5d87530b6323/left.png
cabinet,7301cb96f84bc6a3efee5d87530b6323,back,ok,0.021782,26,290,0.028763,docs/tmp/final-source-verification-2026-05-09/current_residual_bbox_rerender/cabinet/7301cb96f84bc6a3efee5d87530b6323/back.png
cabinet,7301cb96f84bc6a3efee5d87530b6323,right,ok,0.025707,409,203,0.316723,docs/tmp/final-source-verification-2026-05-09/current_residual_bbox_rerender/cabinet/7301cb96f84bc6a3efee5d87530b6323/right.png
cabinet,73d6d4861e02702d7e54e1af9e57eff0,front,ok,0.269127,512,150,0.292969,docs/tmp/final-source-verification-2026-05-09/current_residual_bbox_rerender/cabinet/73d6d4861e02702d7e54e1af9e57eff0/front.png
cabinet,73d6d4861e02702d7e54e1af9e57eff0,left,ok,0.274158,286,334,0.364395,docs/tmp/final-source-verification-2026-05-09/current_residual_bbox_rerender/cabinet/73d6d4861e02702d7e54e1af9e57eff0/left.png
cabinet,73d6d4861e02702d7e54e1af9e57eff0,back,ok,0.269112,512,150,0.292969,docs/tmp/final-source-verification-2026-05-09/current_residual_bbox_rerender/cabinet/73d6d4861e02702d7e54e1af9e57eff0/back.png
cabinet,73d6d4861e02702d7e54e1af9e57eff0,right,ok,0.276863,286,334,0.364395,docs/tmp/final-source-verification-2026-05-09/current_residual_bbox_rerender/cabinet/73d6d4861e02702d7e54e1af9e57eff0/right.png
cabinet,73fa878b678c535f59ce06b33cde9c8a,front,ok,0.172031,498,95,0.180473,docs/tmp/final-source-verification-2026-05-09/current_residual_bbox_rerender/cabinet/73fa878b678c535f59ce06b33cde9c8a/front.png
cabinet,73fa878b678c535f59ce06b33cde9c8a,left,ok,0.108162,104,367,0.145599,docs/tmp/final-source-verification-2026-05-09/current_residual_bbox_rerender/cabinet/73fa878b678c535f59ce06b33cde9c8a/left.png
cabinet,73fa878b678c535f59ce06b33cde9c8a,back,ok,0.172031,498,95,0.180473,docs/tmp/final-source-verification-2026-05-09/current_residual_bbox_rerender/cabinet/73fa878b678c535f59ce06b33cde9c8a/back.png
cabinet,73fa878b678c535f59ce06b33cde9c8a,right,ok,0.108170,104,367,0.145599,docs/tmp/final-source-verification-2026-05-09/current_residual_bbox_rerender/cabinet/73fa878b678c535f59ce06b33cde9c8a/right.png
cabinet,74c84af7af82f0b63b0d2345a7e886cd,front,ok,0.248638,190,446,0.323257,docs/tmp/final-source-verification-2026-05-09/current_residual_bbox_rerender/cabinet/74c84af7af82f0b63b0d2345a7e886cd/front.png
cabinet,74c84af7af82f0b63b0d2345a7e886cd,left,ok,0.451553,443,322,0.544151,docs/tmp/final-source-verification-2026-05-09/current_residual_bbox_rerender/cabinet/74c84af7af82f0b63b0d2345a7e886cd/left.png
cabinet,74c84af7af82f0b63b0d2345a7e886cd,back,ok,0.245129,186,446,0.316452,docs/tmp/final-source-verification-2026-05-09/current_residual_bbox_rerender/cabinet/74c84af7af82f0b63b0d2345a7e886cd/back.png
cabinet,74c84af7af82f0b63b0d2345a7e886cd,right,ok,0.451611,443,322,0.544151,docs/tmp/final-source-verification-2026-05-09/current_residual_bbox_rerender/cabinet/74c84af7af82f0b63b0d2345a7e886cd/right.png
cabinet,758cd0357e8177269de19c66d93f1c5f,front,blank,0.000000,0,0,0.000000,docs/tmp/final-source-verification-2026-05-09/current_residual_bbox_rerender/cabinet/758cd0357e8177269de19c66d93f1c5f/front.png
cabinet,758cd0357e8177269de19c66d93f1c5f,left,ok,0.034996,62,258,0.061020,docs/tmp/final-source-verification-2026-05-09/current_residual_bbox_rerender/cabinet/758cd0357e8177269de19c66d93f1c5f/left.png
cabinet,758cd0357e8177269de19c66d93f1c5f,back,ok,0.077797,111,246,0.104164,docs/tmp/final-source-verification-2026-05-09/current_residual_bbox_rerender/cabinet/758cd0357e8177269de19c66d93f1c5f/back.png
cabinet,758cd0357e8177269de19c66d93f1c5f,right,ok,0.057552,94,241,0.086418,docs/tmp/final-source-verification-2026-05-09/current_residual_bbox_rerender/cabinet/758cd0357e8177269de19c66d93f1c5f/right.png
cabinet,766656036dc90d06f126e4b9ab9933af,front,ok,0.044785,470,26,0.046616,docs/tmp/final-source-verification-2026-05-09/current_residual_bbox_rerender/cabinet/766656036dc90d06f126e4b9ab9933af/front.png
cabinet,766656036dc90d06f126e4b9ab9933af,left,ok,0.019859,22,334,0.028030,docs/tmp/final-source-verification-2026-05-09/current_residual_bbox_rerender/cabinet/766656036dc90d06f126e4b9ab9933af/left.png
cabinet,766656036dc90d06f126e4b9ab9933af,back,ok,0.041840,465,24,0.042572,docs/tmp/final-source-verification-2026-05-09/current_residual_bbox_rerender/cabinet/766656036dc90d06f126e4b9ab9933af/back.png
cabinet,766656036dc90d06f126e4b9ab9933af,right,ok,0.019127,21,333,0.026676,docs/tmp/final-source-verification-2026-05-09/current_residual_bbox_rerender/cabinet/766656036dc90d06f126e4b9ab9933af/right.png
cabinet,768bd182289fc63f9e0887e4f56d6d27,front,ok,0.342136,512,193,0.376953,docs/tmp/final-source-verification-2026-05-09/current_residual_bbox_rerender/cabinet/768bd182289fc63f9e0887e4f56d6d27/front.png
cabinet,768bd182289fc63f9e0887e4f56d6d27,left,ok,0.210224,177,405,0.273457,docs/tmp/final-source-verification-2026-05-09/current_residual_bbox_rerender/cabinet/768bd182289fc63f9e0887e4f56d6d27/left.png
cabinet,768bd182289fc63f9e0887e4f56d6d27,back,ok,0.334988,508,191,0.370132,docs/tmp/final-source-verification-2026-05-09/current_residual_bbox_rerender/cabinet/768bd182289fc63f9e0887e4f56d6d27/back.png
cabinet,768bd182289fc63f9e0887e4f56d6d27,right,ok,0.210182,177,405,0.273457,docs/tmp/final-source-verification-2026-05-09/current_residual_bbox_rerender/cabinet/768bd182289fc63f9e0887e4f56d6d27/right.png
cabinet,77d0281fa21a82ad092dd4db5aa83ce3,front,ok,0.011314,10,371,0.014153,docs/tmp/final-source-verification-2026-05-09/current_residual_bbox_rerender/cabinet/77d0281fa21a82ad092dd4db5aa83ce3/front.png
cabinet,77d0281fa21a82ad092dd4db5aa83ce3,left,ok,0.117199,478,68,0.123993,docs/tmp/final-source-verification-2026-05-09/current_residual_bbox_rerender/cabinet/77d0281fa21a82ad092dd4db5aa83ce3/left.png
cabinet,77d0281fa21a82ad092dd4db5aa83ce3,back,ok,0.011314,10,371,0.014153,docs/tmp/final-source-verification-2026-05-09/current_residual_bbox_rerender/cabinet/77d0281fa21a82ad092dd4db5aa83ce3/back.png
cabinet,77d0281fa21a82ad092dd4db5aa83ce3,right,ok,0.117199,478,68,0.123993,docs/tmp/final-source-verification-2026-05-09/current_residual_bbox_rerender/cabinet/77d0281fa21a82ad092dd4db5aa83ce3/right.png
cabinet,7975c48d19bc144eef7dff7eceb7ea5a,front,ok,0.265900,502,151,0.289162,docs/tmp/final-source-verification-2026-05-09/current_residual_bbox_rerender/cabinet/7975c48d19bc144eef7dff7eceb7ea5a/front.png
cabinet,7975c48d19bc144eef7dff7eceb7ea5a,left,ok,0.121162,104,398,0.157898,docs/tmp/final-source-verification-2026-05-09/current_residual_bbox_rerender/cabinet/7975c48d19bc144eef7dff7eceb7ea5a/left.png
cabinet,7975c48d19bc144eef7dff7eceb7ea5a,back,ok,0.265903,502,151,0.289162,docs/tmp/final-source-verification-2026-05-09/current_residual_bbox_rerender/cabinet/7975c48d19bc144eef7dff7eceb7ea5a/back.png
cabinet,7975c48d19bc144eef7dff7eceb7ea5a,right,ok,0.121166,104,398,0.157898,docs/tmp/final-source-verification-2026-05-09/current_residual_bbox_rerender/cabinet/7975c48d19bc144eef7dff7eceb7ea5a/right.png
cabinet,7ae998050abde8d09baea53dc21597d8,front,blank,0.000042,2,7,0.000053,docs/tmp/final-source-verification-2026-05-09/current_residual_bbox_rerender/cabinet/7ae998050abde8d09baea53dc21597d8/front.png
cabinet,7ae998050abde8d09baea53dc21597d8,left,ok,0.060822,177,142,0.095879,docs/tmp/final-source-verification-2026-05-09/current_residual_bbox_rerender/cabinet/7ae998050abde8d09baea53dc21597d8/left.png
cabinet,7ae998050abde8d09baea53dc21597d8,back,ok,0.063721,210,130,0.104141,docs/tmp/final-source-verification-2026-05-09/current_residual_bbox_rerender/cabinet/7ae998050abde8d09baea53dc21597d8/back.png
cabinet,7ae998050abde8d09baea53dc21597d8,right,ok,0.012573,46,123,0.021584,docs/tmp/final-source-verification-2026-05-09/current_residual_bbox_rerender/cabinet/7ae998050abde8d09baea53dc21597d8/right.png
cabinet,7c3bcb9e9a74c3c896e9cf1f0c744a6c,front,ok,0.207634,482,124,0.227997,docs/tmp/final-source-verification-2026-05-09/current_residual_bbox_rerender/cabinet/7c3bcb9e9a74c3c896e9cf1f0c744a6c/front.png
cabinet,7c3bcb9e9a74c3c896e9cf1f0c744a6c,left,ok,0.011147,10,399,0.015221,docs/tmp/final-source-verification-2026-05-09/current_residual_bbox_rerender/cabinet/7c3bcb9e9a74c3c896e9cf1f0c744a6c/left.png
cabinet,7c3bcb9e9a74c3c896e9cf1f0c744a6c,back,ok,0.208088,482,124,0.227997,docs/tmp/final-source-verification-2026-05-09/current_residual_bbox_rerender/cabinet/7c3bcb9e9a74c3c896e9cf1f0c744a6c/back.png
cabinet,7c3bcb9e9a74c3c896e9cf1f0c744a6c,right,ok,0.011147,10,399,0.015221,docs/tmp/final-source-verification-2026-05-09/current_residual_bbox_rerender/cabinet/7c3bcb9e9a74c3c896e9cf1f0c744a6c/right.png
cabinet,7dd098c2806e4493a0f87c21889e97b0,front,ok,0.318169,266,396,0.401825,docs/tmp/final-source-verification-2026-05-09/current_residual_bbox_rerender/cabinet/7dd098c2806e4493a0f87c21889e97b0/front.png
cabinet,7dd098c2806e4493a0f87c21889e97b0,left,ok,0.147594,112,451,0.192688,docs/tmp/final-source-verification-2026-05-09/current_residual_bbox_rerender/cabinet/7dd098c2806e4493a0f87c21889e97b0/left.png
cabinet,7dd098c2806e4493a0f87c21889e97b0,back,ok,0.318203,266,396,0.401825,docs/tmp/final-source-verification-2026-05-09/current_residual_bbox_rerender/cabinet/7dd098c2806e4493a0f87c21889e97b0/back.png
cabinet,7dd098c2806e4493a0f87c21889e97b0,right,ok,0.147594,112,451,0.192688,docs/tmp/final-source-verification-2026-05-09/current_residual_bbox_rerender/cabinet/7dd098c2806e4493a0f87c21889e97b0/right.png
cabinet,7df076c941abb618ed74808ae425310d,front,ok,0.283947,282,345,0.371132,docs/tmp/final-source-verification-2026-05-09/current_residual_bbox_rerender/cabinet/7df076c941abb618ed74808ae425310d/front.png
cabinet,7df076c941abb618ed74808ae425310d,left,ok,0.290947,512,163,0.318359,docs/tmp/final-source-verification-2026-05-09/current_residual_bbox_rerender/cabinet/7df076c941abb618ed74808ae425310d/left.png
cabinet,7df076c941abb618ed74808ae425310d,back,ok,0.283970,282,345,0.371132,docs/tmp/final-source-verification-2026-05-09/current_residual_bbox_rerender/cabinet/7df076c941abb618ed74808ae425310d/back.png
cabinet,7df076c941abb618ed74808ae425310d,right,ok,0.291115,512,166,0.324219,docs/tmp/final-source-verification-2026-05-09/current_residual_bbox_rerender/cabinet/7df076c941abb618ed74808ae425310d/right.png
cabinet,7e3440ea65c04b8e8f76eee95ea1a443,front,ok,0.161697,480,94,0.172119,docs/tmp/final-source-verification-2026-05-09/current_residual_bbox_rerender/cabinet/7e3440ea65c04b8e8f76eee95ea1a443/front.png
cabinet,7e3440ea65c04b8e8f76eee95ea1a443,left,ok,0.009651,8,387,0.011810,docs/tmp/final-source-verification-2026-05-09/current_residual_bbox_rerender/cabinet/7e3440ea65c04b8e8f76eee95ea1a443/left.png
cabinet,7e3440ea65c04b8e8f76eee95ea1a443,back,ok,0.161697,480,94,0.172119,docs/tmp/final-source-verification-2026-05-09/current_residual_bbox_rerender/cabinet/7e3440ea65c04b8e8f76eee95ea1a443/back.png
cabinet,7e3440ea65c04b8e8f76eee95ea1a443,right,ok,0.009651,8,387,0.011810,docs/tmp/final-source-verification-2026-05-09/current_residual_bbox_rerender/cabinet/7e3440ea65c04b8e8f76eee95ea1a443/right.png
cabinet,7fa6a7786f0d218d75d67a880de6c357,front,ok,0.346973,477,236,0.429428,docs/tmp/final-source-verification-2026-05-09/current_residual_bbox_rerender/cabinet/7fa6a7786f0d218d75d67a880de6c357/front.png
cabinet,7fa6a7786f0d218d75d67a880de6c357,left,ok,0.341934,470,243,0.435677,docs/tmp/final-source-verification-2026-05-09/current_residual_bbox_rerender/cabinet/7fa6a7786f0d218d75d67a880de6c357/left.png
cabinet,7fa6a7786f0d218d75d67a880de6c357,back,ok,0.346985,477,236,0.429428,docs/tmp/final-source-verification-2026-05-09/current_residual_bbox_rerender/cabinet/7fa6a7786f0d218d75d67a880de6c357/back.png
cabinet,7fa6a7786f0d218d75d67a880de6c357,right,ok,0.348003,470,243,0.435677,docs/tmp/final-source-verification-2026-05-09/current_residual_bbox_rerender/cabinet/7fa6a7786f0d218d75d67a880de6c357/right.png
cabinet,7fd206d39fc21f9936c6f092b9095599,front,ok,0.306786,446,223,0.379402,docs/tmp/final-source-verification-2026-05-09/current_residual_bbox_rerender/cabinet/7fd206d39fc21f9936c6f092b9095599/front.png
cabinet,7fd206d39fc21f9936c6f092b9095599,left,ok,0.286469,440,249,0.417938,docs/tmp/final-source-verification-2026-05-09/current_residual_bbox_rerender/cabinet/7fd206d39fc21f9936c6f092b9095599/left.png
cabinet,7fd206d39fc21f9936c6f092b9095599,back,ok,0.255344,486,188,0.348541,docs/tmp/final-source-verification-2026-05-09/current_residual_bbox_rerender/cabinet/7fd206d39fc21f9936c6f092b9095599/back.png
cabinet,7fd206d39fc21f9936c6f092b9095599,right,ok,0.321075,455,249,0.432186,docs/tmp/final-source-verification-2026-05-09/current_residual_bbox_rerender/cabinet/7fd206d39fc21f9936c6f092b9095599/right.png
cabinet,80a5764eb9cfe7826affa60737878d6e,front,ok,0.404942,342,390,0.508804,docs/tmp/final-source-verification-2026-05-09/current_residual_bbox_rerender/cabinet/80a5764eb9cfe7826affa60737878d6e/front.png
cabinet,80a5764eb9cfe7826affa60737878d6e,left,ok,0.263355,200,444,0.338745,docs/tmp/final-source-verification-2026-05-09/current_residual_bbox_rerender/cabinet/80a5764eb9cfe7826affa60737878d6e/left.png
cabinet,80a5764eb9cfe7826affa60737878d6e,back,ok,0.399364,339,390,0.504341,docs/tmp/final-source-verification-2026-05-09/current_residual_bbox_rerender/cabinet/80a5764eb9cfe7826affa60737878d6e/back.png
cabinet,80a5764eb9cfe7826affa60737878d6e,right,ok,0.275070,210,444,0.355682,docs/tmp/final-source-verification-2026-05-09/current_residual_bbox_rerender/cabinet/80a5764eb9cfe7826affa60737878d6e/right.png
cabinet,80bc78ed21c9a0c1a9aa181f00fab08a,front,ok,0.089268,489,51,0.095135,docs/tmp/final-source-verification-2026-05-09/current_residual_bbox_rerender/cabinet/80bc78ed21c9a0c1a9aa181f00fab08a/front.png
cabinet,80bc78ed21c9a0c1a9aa181f00fab08a,left,ok,0.117409,136,315,0.163422,docs/tmp/final-source-verification-2026-05-09/current_residual_bbox_rerender/cabinet/80bc78ed21c9a0c1a9aa181f00fab08a/left.png
cabinet,80bc78ed21c9a0c1a9aa181f00fab08a,back,ok,0.089268,489,51,0.095135,docs/tmp/final-source-verification-2026-05-09/current_residual_bbox_rerender/cabinet/80bc78ed21c9a0c1a9aa181f00fab08a/back.png
cabinet,80bc78ed21c9a0c1a9aa181f00fab08a,right,ok,0.117420,136,315,0.163422,docs/tmp/final-source-verification-2026-05-09/current_residual_bbox_rerender/cabinet/80bc78ed21c9a0c1a9aa181f00fab08a/right.png
cabinet,817253355ee392e57cf6451d4264cc73,front,ok,0.181900,190,344,0.249329,docs/tmp/final-source-verification-2026-05-09/current_residual_bbox_rerender/cabinet/817253355ee392e57cf6451d4264cc73/front.png
cabinet,817253355ee392e57cf6451d4264cc73,left,ok,0.191017,506,106,0.204605,docs/tmp/final-source-verification-2026-05-09/current_residual_bbox_rerender/cabinet/817253355ee392e57cf6451d4264cc73/left.png
cabinet,817253355ee392e57cf6451d4264cc73,back,ok,0.182983,190,344,0.249329,docs/tmp/final-source-verification-2026-05-09/current_residual_bbox_rerender/cabinet/817253355ee392e57cf6451d4264cc73/back.png
cabinet,817253355ee392e57cf6451d4264cc73,right,ok,0.184441,506,110,0.212326,docs/tmp/final-source-verification-2026-05-09/current_residual_bbox_rerender/cabinet/817253355ee392e57cf6451d4264cc73/right.png
cabinet,81d4e1ff7e2e5cf8c4a2fd447f09557f,front,ok,0.490227,432,371,0.611389,docs/tmp/final-source-verification-2026-05-09/current_residual_bbox_rerender/cabinet/81d4e1ff7e2e5cf8c4a2fd447f09557f/front.png
cabinet,81d4e1ff7e2e5cf8c4a2fd447f09557f,left,ok,0.427036,347,411,0.544041,docs/tmp/final-source-verification-2026-05-09/current_residual_bbox_rerender/cabinet/81d4e1ff7e2e5cf8c4a2fd447f09557f/left.png
cabinet,81d4e1ff7e2e5cf8c4a2fd447f09557f,back,ok,0.451759,397,366,0.554283,docs/tmp/final-source-verification-2026-05-09/current_residual_bbox_rerender/cabinet/81d4e1ff7e2e5cf8c4a2fd447f09557f/back.png
cabinet,81d4e1ff7e2e5cf8c4a2fd447f09557f,right,ok,0.421028,339,411,0.531498,docs/tmp/final-source-verification-2026-05-09/current_residual_bbox_rerender/cabinet/81d4e1ff7e2e5cf8c4a2fd447f09557f/right.png
cabinet,826ef6ee8b8bb775823cfd98661c6f2d,front,ok,0.364559,317,384,0.464355,docs/tmp/final-source-verification-2026-05-09/current_residual_bbox_rerender/cabinet/826ef6ee8b8bb775823cfd98661c6f2d/front.png
cabinet,826ef6ee8b8bb775823cfd98661c6f2d,left,ok,0.395054,512,249,0.486328,docs/tmp/final-source-verification-2026-05-09/current_residual_bbox_rerender/cabinet/826ef6ee8b8bb775823cfd98661c6f2d/left.png
cabinet,826ef6ee8b8bb775823cfd98661c6f2d,back,ok,0.365238,318,384,0.465820,docs/tmp/final-source-verification-2026-05-09/current_residual_bbox_rerender/cabinet/826ef6ee8b8bb775823cfd98661c6f2d/back.png
cabinet,826ef6ee8b8bb775823cfd98661c6f2d,right,ok,0.419579,512,249,0.486328,docs/tmp/final-source-verification-2026-05-09/current_residual_bbox_rerender/cabinet/826ef6ee8b8bb775823cfd98661c6f2d/right.png
cabinet,82736ce41ca20592f5fea36b03dfead4,front,ok,0.342197,301,373,0.428288,docs/tmp/final-source-verification-2026-05-09/current_residual_bbox_rerender/cabinet/82736ce41ca20592f5fea36b03dfead4/front.png
cabinet,82736ce41ca20592f5fea36b03dfead4,left,ok,0.219891,171,449,0.292889,docs/tmp/final-source-verification-2026-05-09/current_residual_bbox_rerender/cabinet/82736ce41ca20592f5fea36b03dfead4/left.png
cabinet,82736ce41ca20592f5fea36b03dfead4,back,ok,0.379391,326,373,0.463860,docs/tmp/final-source-verification-2026-05-09/current_residual_bbox_rerender/cabinet/82736ce41ca20592f5fea36b03dfead4/back.png
cabinet,82736ce41ca20592f5fea36b03dfead4,right,ok,0.220276,178,444,0.301483,docs/tmp/final-source-verification-2026-05-09/current_residual_bbox_rerender/cabinet/82736ce41ca20592f5fea36b03dfead4/right.png
cabinet,829cf62965859c85cdc49844f33aef85,front,ok,0.322842,512,181,0.353516,docs/tmp/final-source-verification-2026-05-09/current_residual_bbox_rerender/cabinet/829cf62965859c85cdc49844f33aef85/front.png
cabinet,829cf62965859c85cdc49844f33aef85,left,ok,0.296810,281,362,0.388039,docs/tmp/final-source-verification-2026-05-09/current_residual_bbox_rerender/cabinet/829cf62965859c85cdc49844f33aef85/left.png
cabinet,829cf62965859c85cdc49844f33aef85,back,ok,0.325550,512,181,0.353516,docs/tmp/final-source-verification-2026-05-09/current_residual_bbox_rerender/cabinet/829cf62965859c85cdc49844f33aef85/back.png
cabinet,829cf62965859c85cdc49844f33aef85,right,ok,0.298164,281,362,0.388039,docs/tmp/final-source-verification-2026-05-09/current_residual_bbox_rerender/cabinet/829cf62965859c85cdc49844f33aef85/right.png
cabinet,82a65693dc7bcd3e01bfaa54bada787b,front,ok,0.264748,294,327,0.366737,docs/tmp/final-source-verification-2026-05-09/current_residual_bbox_rerender/cabinet/82a65693dc7bcd3e01bfaa54bada787b/front.png
cabinet,82a65693dc7bcd3e01bfaa54bada787b,left,ok,0.281422,480,206,0.377197,docs/tmp/final-source-verification-2026-05-09/current_residual_bbox_rerender/cabinet/82a65693dc7bcd3e01bfaa54bada787b/left.png
cabinet,82a65693dc7bcd3e01bfaa54bada787b,back,ok,0.316502,355,327,0.442829,docs/tmp/final-source-verification-2026-05-09/current_residual_bbox_rerender/cabinet/82a65693dc7bcd3e01bfaa54bada787b/back.png
cabinet,82a65693dc7bcd3e01bfaa54bada787b,right,ok,0.291626,510,210,0.408554,docs/tmp/final-source-verification-2026-05-09/current_residual_bbox_rerender/cabinet/82a65693dc7bcd3e01bfaa54bada787b/right.png
cabinet,8497c055c06b2e6020bb1cd9502f18e2,front,ok,0.101612,476,59,0.107132,docs/tmp/final-source-verification-2026-05-09/current_residual_bbox_rerender/cabinet/8497c055c06b2e6020bb1cd9502f18e2/front.png
cabinet,8497c055c06b2e6020bb1cd9502f18e2,left,ok,0.008621,8,364,0.011108,docs/tmp/final-source-verification-2026-05-09/current_residual_bbox_rerender/cabinet/8497c055c06b2e6020bb1cd9502f18e2/left.png
cabinet,8497c055c06b2e6020bb1cd9502f18e2,back,ok,0.101612,476,59,0.107132,docs/tmp/final-source-verification-2026-05-09/current_residual_bbox_rerender/cabinet/8497c055c06b2e6020bb1cd9502f18e2/back.png
cabinet,8497c055c06b2e6020bb1cd9502f18e2,right,ok,0.008621,8,364,0.011108,docs/tmp/final-source-verification-2026-05-09/current_residual_bbox_rerender/cabinet/8497c055c06b2e6020bb1cd9502f18e2/right.png
cabinet,849d0d871a52881a0e83e51d698743b0,front,ok,0.008690,6,421,0.009636,docs/tmp/final-source-verification-2026-05-09/current_residual_bbox_rerender/cabinet/849d0d871a52881a0e83e51d698743b0/front.png
cabinet,849d0d871a52881a0e83e51d698743b0,left,ok,0.096836,80,403,0.122986,docs/tmp/final-source-verification-2026-05-09/current_residual_bbox_rerender/cabinet/849d0d871a52881a0e83e51d698743b0/left.png
cabinet,849d0d871a52881a0e83e51d698743b0,back,ok,0.008690,6,421,0.009636,docs/tmp/final-source-verification-2026-05-09/current_residual_bbox_rerender/cabinet/849d0d871a52881a0e83e51d698743b0/back.png
cabinet,849d0d871a52881a0e83e51d698743b0,right,ok,0.096836,80,403,0.122986,docs/tmp/final-source-verification-2026-05-09/current_residual_bbox_rerender/cabinet/849d0d871a52881a0e83e51d698743b0/right.png
cabinet,85300dfb5cab403b5d2ee606ccbe8544,front,ok,0.185883,466,254,0.451523,docs/tmp/final-source-verification-2026-05-09/current_residual_bbox_rerender/cabinet/85300dfb5cab403b5d2ee606ccbe8544/front.png
cabinet,85300dfb5cab403b5d2ee606ccbe8544,left,ok,0.188789,484,238,0.439423,docs/tmp/final-source-verification-2026-05-09/current_residual_bbox_rerender/cabinet/85300dfb5cab403b5d2ee606ccbe8544/left.png
cabinet,85300dfb5cab403b5d2ee606ccbe8544,back,ok,0.185913,466,254,0.451523,docs/tmp/final-source-verification-2026-05-09/current_residual_bbox_rerender/cabinet/85300dfb5cab403b5d2ee606ccbe8544/back.png
cabinet,85300dfb5cab403b5d2ee606ccbe8544,right,ok,0.188789,484,238,0.439423,docs/tmp/final-source-verification-2026-05-09/current_residual_bbox_rerender/cabinet/85300dfb5cab403b5d2ee606ccbe8544/right.png
cabinet,8534a4452085d9d13faaa7af8fc6fbdf,front,ok,0.073235,484,42,0.077545,docs/tmp/final-source-verification-2026-05-09/current_residual_bbox_rerender/cabinet/8534a4452085d9d13faaa7af8fc6fbdf/front.png
cabinet,8534a4452085d9d13faaa7af8fc6fbdf,left,ok,0.089901,102,320,0.124512,docs/tmp/final-source-verification-2026-05-09/current_residual_bbox_rerender/cabinet/8534a4452085d9d13faaa7af8fc6fbdf/left.png
cabinet,8534a4452085d9d13faaa7af8fc6fbdf,back,ok,0.073872,484,42,0.077545,docs/tmp/final-source-verification-2026-05-09/current_residual_bbox_rerender/cabinet/8534a4452085d9d13faaa7af8fc6fbdf/back.png
cabinet,8534a4452085d9d13faaa7af8fc6fbdf,right,ok,0.089802,102,320,0.124512,docs/tmp/final-source-verification-2026-05-09/current_residual_bbox_rerender/cabinet/8534a4452085d9d13faaa7af8fc6fbdf/right.png
cabinet,8664cc78d89b6aa92d22b60807db586d,front,ok,0.438320,465,324,0.574722,docs/tmp/final-source-verification-2026-05-09/current_residual_bbox_rerender/cabinet/8664cc78d89b6aa92d22b60807db586d/front.png
cabinet,8664cc78d89b6aa92d22b60807db586d,left,ok,0.408550,424,314,0.507874,docs/tmp/final-source-verification-2026-05-09/current_residual_bbox_rerender/cabinet/8664cc78d89b6aa92d22b60807db586d/left.png
cabinet,8664cc78d89b6aa92d22b60807db586d,back,ok,0.437767,462,324,0.571014,docs/tmp/final-source-verification-2026-05-09/current_residual_bbox_rerender/cabinet/8664cc78d89b6aa92d22b60807db586d/back.png
cabinet,8664cc78d89b6aa92d22b60807db586d,right,ok,0.472351,464,322,0.569946,docs/tmp/final-source-verification-2026-05-09/current_residual_bbox_rerender/cabinet/8664cc78d89b6aa92d22b60807db586d/right.png
cabinet,867255229649003632933710e70f7111,front,ok,0.363869,454,263,0.455482,docs/tmp/final-source-verification-2026-05-09/current_residual_bbox_rerender/cabinet/867255229649003632933710e70f7111/front.png
cabinet,867255229649003632933710e70f7111,left,ok,0.355881,494,230,0.433426,docs/tmp/final-source-verification-2026-05-09/current_residual_bbox_rerender/cabinet/867255229649003632933710e70f7111/left.png
cabinet,867255229649003632933710e70f7111,back,ok,0.363892,454,263,0.455482,docs/tmp/final-source-verification-2026-05-09/current_residual_bbox_rerender/cabinet/867255229649003632933710e70f7111/back.png
cabinet,867255229649003632933710e70f7111,right,ok,0.355881,494,230,0.433426,docs/tmp/final-source-verification-2026-05-09/current_residual_bbox_rerender/cabinet/867255229649003632933710e70f7111/right.png
cabinet,86881ab9cdad05c8d18e916861cb884d,front,ok,0.286507,494,168,0.316589,docs/tmp/final-source-verification-2026-05-09/current_residual_bbox_rerender/cabinet/86881ab9cdad05c8d18e916861cb884d/front.png
cabinet,86881ab9cdad05c8d18e916861cb884d,left,ok,0.087402,74,409,0.115456,docs/tmp/final-source-verification-2026-05-09/current_residual_bbox_rerender/cabinet/86881ab9cdad05c8d18e916861cb884d/left.png
cabinet,86881ab9cdad05c8d18e916861cb884d,back,ok,0.285450,492,168,0.315308,docs/tmp/final-source-verification-2026-05-09/current_residual_bbox_rerender/cabinet/86881ab9cdad05c8d18e916861cb884d/back.png
cabinet,86881ab9cdad05c8d18e916861cb884d,right,ok,0.086082,72,409,0.112335,docs/tmp/final-source-verification-2026-05-09/current_residual_bbox_rerender/cabinet/86881ab9cdad05c8d18e916861cb884d/right.png
cabinet,882ea418286271c3a9bb71e587fa99ee,front,ok,0.405865,432,308,0.507568,docs/tmp/final-source-verification-2026-05-09/current_residual_bbox_rerender/cabinet/882ea418286271c3a9bb71e587fa99ee/front.png
cabinet,882ea418286271c3a9bb71e587fa99ee,left,ok,0.401520,511,244,0.475632,docs/tmp/final-source-verification-2026-05-09/current_residual_bbox_rerender/cabinet/882ea418286271c3a9bb71e587fa99ee/left.png
cabinet,882ea418286271c3a9bb71e587fa99ee,back,ok,0.405819,430,308,0.505219,docs/tmp/final-source-verification-2026-05-09/current_residual_bbox_rerender/cabinet/882ea418286271c3a9bb71e587fa99ee/back.png
cabinet,882ea418286271c3a9bb71e587fa99ee,right,ok,0.403866,511,247,0.481480,docs/tmp/final-source-verification-2026-05-09/current_residual_bbox_rerender/cabinet/882ea418286271c3a9bb71e587fa99ee/right.png
cabinet,887514304d474af8f36436f4eec83ed0,front,ok,0.410263,408,329,0.512054,docs/tmp/final-source-verification-2026-05-09/current_residual_bbox_rerender/cabinet/887514304d474af8f36436f4eec83ed0/front.png
cabinet,887514304d474af8f36436f4eec83ed0,left,ok,0.415401,508,250,0.484467,docs/tmp/final-source-verification-2026-05-09/current_residual_bbox_rerender/cabinet/887514304d474af8f36436f4eec83ed0/left.png
cabinet,887514304d474af8f36436f4eec83ed0,back,ok,0.410168,408,329,0.512054,docs/tmp/final-source-verification-2026-05-09/current_residual_bbox_rerender/cabinet/887514304d474af8f36436f4eec83ed0/back.png
cabinet,887514304d474af8f36436f4eec83ed0,right,ok,0.415718,508,256,0.496094,docs/tmp/final-source-verification-2026-05-09/current_residual_bbox_rerender/cabinet/887514304d474af8f36436f4eec83ed0/right.png
cabinet,88bb09c6bf53f7b7cccba1eb5a9ce740,front,ok,0.397518,392,373,0.557770,docs/tmp/final-source-verification-2026-05-09/current_residual_bbox_rerender/cabinet/88bb09c6bf53f7b7cccba1eb5a9ce740/front.png
cabinet,88bb09c6bf53f7b7cccba1eb5a9ce740,left,ok,0.321018,247,440,0.414581,docs/tmp/final-source-verification-2026-05-09/current_residual_bbox_rerender/cabinet/88bb09c6bf53f7b7cccba1eb5a9ce740/left.png
cabinet,88bb09c6bf53f7b7cccba1eb5a9ce740,back,ok,0.445332,387,374,0.552132,docs/tmp/final-source-verification-2026-05-09/current_residual_bbox_rerender/cabinet/88bb09c6bf53f7b7cccba1eb5a9ce740/back.png
cabinet,88bb09c6bf53f7b7cccba1eb5a9ce740,right,ok,0.279171,236,439,0.395218,docs/tmp/final-source-verification-2026-05-09/current_residual_bbox_rerender/cabinet/88bb09c6bf53f7b7cccba1eb5a9ce740/right.png
cabinet,8930f9ed0c0eed79aac523b4fc8ee706,front,ok,0.484180,407,389,0.603954,docs/tmp/final-source-verification-2026-05-09/current_residual_bbox_rerender/cabinet/8930f9ed0c0eed79aac523b4fc8ee706/front.png
cabinet,8930f9ed0c0eed79aac523b4fc8ee706,left,ok,0.477699,403,388,0.596481,docs/tmp/final-source-verification-2026-05-09/current_residual_bbox_rerender/cabinet/8930f9ed0c0eed79aac523b4fc8ee706/left.png
cabinet,8930f9ed0c0eed79aac523b4fc8ee706,back,ok,0.471466,400,385,0.587463,docs/tmp/final-source-verification-2026-05-09/current_residual_bbox_rerender/cabinet/8930f9ed0c0eed79aac523b4fc8ee706/back.png
cabinet,8930f9ed0c0eed79aac523b4fc8ee706,right,ok,0.478832,406,385,0.596275,docs/tmp/final-source-verification-2026-05-09/current_residual_bbox_rerender/cabinet/8930f9ed0c0eed79aac523b4fc8ee706/right.png
cabinet,8a98511c3ae088e615b8a0e736c1e446,front,ok,0.243229,510,135,0.262642,docs/tmp/final-source-verification-2026-05-09/current_residual_bbox_rerender/cabinet/8a98511c3ae088e615b8a0e736c1e446/front.png
cabinet,8a98511c3ae088e615b8a0e736c1e446,left,ok,0.154968,141,383,0.206005,docs/tmp/final-source-verification-2026-05-09/current_residual_bbox_rerender/cabinet/8a98511c3ae088e615b8a0e736c1e446/left.png
cabinet,8a98511c3ae088e615b8a0e736c1e446,back,ok,0.243511,507,135,0.261097,docs/tmp/final-source-verification-2026-05-09/current_residual_bbox_rerender/cabinet/8a98511c3ae088e615b8a0e736c1e446/back.png
cabinet,8a98511c3ae088e615b8a0e736c1e446,right,ok,0.158386,143,383,0.208927,docs/tmp/final-source-verification-2026-05-09/current_residual_bbox_rerender/cabinet/8a98511c3ae088e615b8a0e736c1e446/right.png
cabinet,8ba1e86a4173bffdb423583fd9523791,front,ok,0.281910,487,170,0.315819,docs/tmp/final-source-verification-2026-05-09/current_residual_bbox_rerender/cabinet/8ba1e86a4173bffdb423583fd9523791/front.png
cabinet,8ba1e86a4173bffdb423583fd9523791,left,ok,0.290730,332,306,0.387543,docs/tmp/final-source-verification-2026-05-09/current_residual_bbox_rerender/cabinet/8ba1e86a4173bffdb423583fd9523791/left.png
cabinet,8ba1e86a4173bffdb423583fd9523791,back,ok,0.277340,512,160,0.312500,docs/tmp/final-source-verification-2026-05-09/current_residual_bbox_rerender/cabinet/8ba1e86a4173bffdb423583fd9523791/back.png
cabinet,8ba1e86a4173bffdb423583fd9523791,right,ok,0.304970,346,308,0.406525,docs/tmp/final-source-verification-2026-05-09/current_residual_bbox_rerender/cabinet/8ba1e86a4173bffdb423583fd9523791/right.png
cabinet,8cd6c599d457afb959710fe52f6a50fb,front,ok,0.304893,320,327,0.399170,docs/tmp/final-source-verification-2026-05-09/current_residual_bbox_rerender/cabinet/8cd6c599d457afb959710fe52f6a50fb/front.png
cabinet,8cd6c599d457afb959710fe52f6a50fb,left,ok,0.292854,512,166,0.324219,docs/tmp/final-source-verification-2026-05-09/current_residual_bbox_rerender/cabinet/8cd6c599d457afb959710fe52f6a50fb/left.png
cabinet,8cd6c599d457afb959710fe52f6a50fb,back,ok,0.304913,320,327,0.399170,docs/tmp/final-source-verification-2026-05-09/current_residual_bbox_rerender/cabinet/8cd6c599d457afb959710fe52f6a50fb/back.png
cabinet,8cd6c599d457afb959710fe52f6a50fb,right,ok,0.292854,512,166,0.324219,docs/tmp/final-source-verification-2026-05-09/current_residual_bbox_rerender/cabinet/8cd6c599d457afb959710fe52f6a50fb/right.png
cabinet,8d9bf097e3916e58f3ded896d38cad70,front,ok,0.148285,282,346,0.372208,docs/tmp/final-source-verification-2026-05-09/current_residual_bbox_rerender/cabinet/8d9bf097e3916e58f3ded896d38cad70/front.png
cabinet,8d9bf097e3916e58f3ded896d38cad70,left,ok,0.149368,512,161,0.314453,docs/tmp/final-source-verification-2026-05-09/current_residual_bbox_rerender/cabinet/8d9bf097e3916e58f3ded896d38cad70/left.png
cabinet,8d9bf097e3916e58f3ded896d38cad70,back,ok,0.148308,282,346,0.372208,docs/tmp/final-source-verification-2026-05-09/current_residual_bbox_rerender/cabinet/8d9bf097e3916e58f3ded896d38cad70/back.png
cabinet,8d9bf097e3916e58f3ded896d38cad70,right,ok,0.180550,512,161,0.314453,docs/tmp/final-source-verification-2026-05-09/current_residual_bbox_rerender/cabinet/8d9bf097e3916e58f3ded896d38cad70/right.png
cabinet,8dd7c68bf6d5d7d4d72d5f604c987997,front,ok,0.393322,352,351,0.471313,docs/tmp/final-source-verification-2026-05-09/current_residual_bbox_rerender/cabinet/8dd7c68bf6d5d7d4d72d5f604c987997/front.png
cabinet,8dd7c68bf6d5d7d4d72d5f604c987997,left,ok,0.155354,142,449,0.243217,docs/tmp/final-source-verification-2026-05-09/current_residual_bbox_rerender/cabinet/8dd7c68bf6d5d7d4d72d5f604c987997/left.png
cabinet,8dd7c68bf6d5d7d4d72d5f604c987997,back,ok,0.407211,398,331,0.502541,docs/tmp/final-source-verification-2026-05-09/current_residual_bbox_rerender/cabinet/8dd7c68bf6d5d7d4d72d5f604c987997/back.png
cabinet,8dd7c68bf6d5d7d4d72d5f604c987997,right,ok,0.164078,151,449,0.258633,docs/tmp/final-source-verification-2026-05-09/current_residual_bbox_rerender/cabinet/8dd7c68bf6d5d7d4d72d5f604c987997/right.png
cabinet,8f9b8decb902019cfee17b8813d2ac0a,front,ok,0.260483,300,304,0.347900,docs/tmp/final-source-verification-2026-05-09/current_residual_bbox_rerender/cabinet/8f9b8decb902019cfee17b8813d2ac0a/front.png
cabinet,8f9b8decb902019cfee17b8813d2ac0a,left,ok,0.226513,512,131,0.255859,docs/tmp/final-source-verification-2026-05-09/current_residual_bbox_rerender/cabinet/8f9b8decb902019cfee17b8813d2ac0a/left.png
cabinet,8f9b8decb902019cfee17b8813d2ac0a,back,ok,0.260483,300,304,0.347900,docs/tmp/final-source-verification-2026-05-09/current_residual_bbox_rerender/cabinet/8f9b8decb902019cfee17b8813d2ac0a/back.png
cabinet,8f9b8decb902019cfee17b8813d2ac0a,right,ok,0.226509,512,131,0.255859,docs/tmp/final-source-verification-2026-05-09/current_residual_bbox_rerender/cabinet/8f9b8decb902019cfee17b8813d2ac0a/right.png
cabinet,8fa68650bc1788d9bba464d3c7e60bce,front,ok,0.408371,494,259,0.488075,docs/tmp/final-source-verification-2026-05-09/current_residual_bbox_rerender/cabinet/8fa68650bc1788d9bba464d3c7e60bce/front.png
cabinet,8fa68650bc1788d9bba464d3c7e60bce,left,ok,0.410366,448,297,0.507568,docs/tmp/final-source-verification-2026-05-09/current_residual_bbox_rerender/cabinet/8fa68650bc1788d9bba464d3c7e60bce/left.png
cabinet,8fa68650bc1788d9bba464d3c7e60bce,back,ok,0.408379,494,259,0.488075,docs/tmp/final-source-verification-2026-05-09/current_residual_bbox_rerender/cabinet/8fa68650bc1788d9bba464d3c7e60bce/back.png
cabinet,8fa68650bc1788d9bba464d3c7e60bce,right,ok,0.410484,448,301,0.514404,docs/tmp/final-source-verification-2026-05-09/current_residual_bbox_rerender/cabinet/8fa68650bc1788d9bba464d3c7e60bce/right.png
cabinet,900ee8fbd2567d272076f45067dbec83,front,ok,0.427227,421,366,0.587791,docs/tmp/final-source-verification-2026-05-09/current_residual_bbox_rerender/cabinet/900ee8fbd2567d272076f45067dbec83/front.png
cabinet,900ee8fbd2567d272076f45067dbec83,left,ok,0.352093,301,402,0.461586,docs/tmp/final-source-verification-2026-05-09/current_residual_bbox_rerender/cabinet/900ee8fbd2567d272076f45067dbec83/left.png
cabinet,900ee8fbd2567d272076f45067dbec83,back,ok,0.416626,407,364,0.565140,docs/tmp/final-source-verification-2026-05-09/current_residual_bbox_rerender/cabinet/900ee8fbd2567d272076f45067dbec83/back.png
cabinet,900ee8fbd2567d272076f45067dbec83,right,ok,0.390438,348,397,0.527023,docs/tmp/final-source-verification-2026-05-09/current_residual_bbox_rerender/cabinet/900ee8fbd2567d272076f45067dbec83/right.png
cabinet,9011eef1954f72bed942e6bc9ec9f13f,front,ok,0.198349,210,339,0.271568,docs/tmp/final-source-verification-2026-05-09/current_residual_bbox_rerender/cabinet/9011eef1954f72bed942e6bc9ec9f13f/front.png
cabinet,9011eef1954f72bed942e6bc9ec9f13f,left,ok,0.217491,498,154,0.292557,docs/tmp/final-source-verification-2026-05-09/current_residual_bbox_rerender/cabinet/9011eef1954f72bed942e6bc9ec9f13f/left.png
cabinet,9011eef1954f72bed942e6bc9ec9f13f,back,ok,0.197029,188,373,0.267502,docs/tmp/final-source-verification-2026-05-09/current_residual_bbox_rerender/cabinet/9011eef1954f72bed942e6bc9ec9f13f/back.png
cabinet,9011eef1954f72bed942e6bc9ec9f13f,right,ok,0.217579,498,154,0.292557,docs/tmp/final-source-verification-2026-05-09/current_residual_bbox_rerender/cabinet/9011eef1954f72bed942e6bc9ec9f13f/right.png
cabinet,90a9f663e8862a93aa6f846ac9040917,front,ok,0.342934,490,207,0.386925,docs/tmp/final-source-verification-2026-05-09/current_residual_bbox_rerender/cabinet/90a9f663e8862a93aa6f846ac9040917/front.png
cabinet,90a9f663e8862a93aa6f846ac9040917,left,ok,0.119537,96,423,0.154907,docs/tmp/final-source-verification-2026-05-09/current_residual_bbox_rerender/cabinet/90a9f663e8862a93aa6f846ac9040917/left.png
cabinet,90a9f663e8862a93aa6f846ac9040917,back,ok,0.342930,490,207,0.386925,docs/tmp/final-source-verification-2026-05-09/current_residual_bbox_rerender/cabinet/90a9f663e8862a93aa6f846ac9040917/back.png
cabinet,90a9f663e8862a93aa6f846ac9040917,right,ok,0.120369,96,423,0.154907,docs/tmp/final-source-verification-2026-05-09/current_residual_bbox_rerender/cabinet/90a9f663e8862a93aa6f846ac9040917/right.png
cabinet,90bd496368cdde6e487d5a690f6e5e53,front,ok,0.390079,366,346,0.483078,docs/tmp/final-source-verification-2026-05-09/current_residual_bbox_rerender/cabinet/90bd496368cdde6e487d5a690f6e5e53/front.png
cabinet,90bd496368cdde6e487d5a690f6e5e53,left,ok,0.118286,89,457,0.155155,docs/tmp/final-source-verification-2026-05-09/current_residual_bbox_rerender/cabinet/90bd496368cdde6e487d5a690f6e5e53/left.png
cabinet,90bd496368cdde6e487d5a690f6e5e53,back,ok,0.394756,370,345,0.486946,docs/tmp/final-source-verification-2026-05-09/current_residual_bbox_rerender/cabinet/90bd496368cdde6e487d5a690f6e5e53/back.png
cabinet,90bd496368cdde6e487d5a690f6e5e53,right,ok,0.130081,98,457,0.170845,docs/tmp/final-source-verification-2026-05-09/current_residual_bbox_rerender/cabinet/90bd496368cdde6e487d5a690f6e5e53/right.png
cabinet,91159c28a1f44f95e535f4b8eba7b9cc,front,ok,0.461803,422,377,0.606895,docs/tmp/final-source-verification-2026-05-09/current_residual_bbox_rerender/cabinet/91159c28a1f44f95e535f4b8eba7b9cc/front.png
cabinet,91159c28a1f44f95e535f4b8eba7b9cc,left,ok,0.347408,320,416,0.507812,docs/tmp/final-source-verification-2026-05-09/current_residual_bbox_rerender/cabinet/91159c28a1f44f95e535f4b8eba7b9cc/left.png
cabinet,91159c28a1f44f95e535f4b8eba7b9cc,back,ok,0.416328,410,375,0.586510,docs/tmp/final-source-verification-2026-05-09/current_residual_bbox_rerender/cabinet/91159c28a1f44f95e535f4b8eba7b9cc/back.png
cabinet,91159c28a1f44f95e535f4b8eba7b9cc,right,ok,0.400074,346,391,0.516075,docs/tmp/final-source-verification-2026-05-09/current_residual_bbox_rerender/cabinet/91159c28a1f44f95e535f4b8eba7b9cc/right.png
cabinet,9194933067d539c87cb9d38c749e5b72,front,ok,0.284519,305,333,0.387440,docs/tmp/final-source-verification-2026-05-09/current_residual_bbox_rerender/cabinet/9194933067d539c87cb9d38c749e5b72/front.png
cabinet,9194933067d539c87cb9d38c749e5b72,left,ok,0.272999,496,169,0.319763,docs/tmp/final-source-verification-2026-05-09/current_residual_bbox_rerender/cabinet/9194933067d539c87cb9d38c749e5b72/left.png
cabinet,9194933067d539c87cb9d38c749e5b72,back,ok,0.264305,272,345,0.357971,docs/tmp/final-source-verification-2026-05-09/current_residual_bbox_rerender/cabinet/9194933067d539c87cb9d38c749e5b72/back.png
cabinet,9194933067d539c87cb9d38c749e5b72,right,ok,0.245956,512,170,0.332031,docs/tmp/final-source-verification-2026-05-09/current_residual_bbox_rerender/cabinet/9194933067d539c87cb9d38c749e5b72/right.png
cabinet,93fecccd09996fba0e5de1088dc1fbb6,front,ok,0.315628,506,180,0.347443,docs/tmp/final-source-verification-2026-05-09/current_residual_bbox_rerender/cabinet/93fecccd09996fba0e5de1088dc1fbb6/front.png
cabinet,93fecccd09996fba0e5de1088dc1fbb6,left,ok,0.176723,149,405,0.230198,docs/tmp/final-source-verification-2026-05-09/current_residual_bbox_rerender/cabinet/93fecccd09996fba0e5de1088dc1fbb6/left.png
cabinet,93fecccd09996fba0e5de1088dc1fbb6,back,ok,0.319294,510,181,0.352135,docs/tmp/final-source-verification-2026-05-09/current_residual_bbox_rerender/cabinet/93fecccd09996fba0e5de1088dc1fbb6/back.png
cabinet,93fecccd09996fba0e5de1088dc1fbb6,right,ok,0.178638,151,405,0.233288,docs/tmp/final-source-verification-2026-05-09/current_residual_bbox_rerender/cabinet/93fecccd09996fba0e5de1088dc1fbb6/right.png
cabinet,942c942dc312d15b8a1caafbb116c627,front,ok,0.117302,96,409,0.149780,docs/tmp/final-source-verification-2026-05-09/current_residual_bbox_rerender/cabinet/942c942dc312d15b8a1caafbb116c627/front.png
cabinet,942c942dc312d15b8a1caafbb116c627,left,ok,0.046349,36,424,0.058228,docs/tmp/final-source-verification-2026-05-09/current_residual_bbox_rerender/cabinet/942c942dc312d15b8a1caafbb116c627/left.png
cabinet,942c942dc312d15b8a1caafbb116c627,back,ok,0.117321,96,409,0.149780,docs/tmp/final-source-verification-2026-05-09/current_residual_bbox_rerender/cabinet/942c942dc312d15b8a1caafbb116c627/back.png
cabinet,942c942dc312d15b8a1caafbb116c627,right,ok,0.046349,36,424,0.058228,docs/tmp/final-source-verification-2026-05-09/current_residual_bbox_rerender/cabinet/942c942dc312d15b8a1caafbb116c627/right.png
cabinet,9576f0512649fa5bd60f104fe698eb61,front,ok,0.193123,508,106,0.205414,docs/tmp/final-source-verification-2026-05-09/current_residual_bbox_rerender/cabinet/9576f0512649fa5bd60f104fe698eb61/front.png
cabinet,9576f0512649fa5bd60f104fe698eb61,left,ok,0.166912,166,353,0.223534,docs/tmp/final-source-verification-2026-05-09/current_residual_bbox_rerender/cabinet/9576f0512649fa5bd60f104fe698eb61/left.png
cabinet,9576f0512649fa5bd60f104fe698eb61,back,ok,0.193123,508,106,0.205414,docs/tmp/final-source-verification-2026-05-09/current_residual_bbox_rerender/cabinet/9576f0512649fa5bd60f104fe698eb61/back.png
cabinet,9576f0512649fa5bd60f104fe698eb61,right,ok,0.166912,166,353,0.223534,docs/tmp/final-source-verification-2026-05-09/current_residual_bbox_rerender/cabinet/9576f0512649fa5bd60f104fe698eb61/right.png
cabinet,959ca935e4b5488b86cdf2d9651195fa,front,ok,0.354584,512,202,0.394531,docs/tmp/final-source-verification-2026-05-09/current_residual_bbox_rerender/cabinet/959ca935e4b5488b86cdf2d9651195fa/front.png
cabinet,959ca935e4b5488b86cdf2d9651195fa,left,ok,0.227036,190,408,0.295715,docs/tmp/final-source-verification-2026-05-09/current_residual_bbox_rerender/cabinet/959ca935e4b5488b86cdf2d9651195fa/left.png
cabinet,959ca935e4b5488b86cdf2d9651195fa,back,ok,0.350330,505,202,0.389137,docs/tmp/final-source-verification-2026-05-09/current_residual_bbox_rerender/cabinet/959ca935e4b5488b86cdf2d9651195fa/back.png
cabinet,959ca935e4b5488b86cdf2d9651195fa,right,ok,0.222454,188,408,0.292603,docs/tmp/final-source-verification-2026-05-09/current_residual_bbox_rerender/cabinet/959ca935e4b5488b86cdf2d9651195fa/right.png
cabinet,972ae276ed48f8306f8a4ef2bcadaee8,front,ok,0.381790,420,303,0.485458,docs/tmp/final-source-verification-2026-05-09/current_residual_bbox_rerender/cabinet/972ae276ed48f8306f8a4ef2bcadaee8/front.png
cabinet,972ae276ed48f8306f8a4ef2bcadaee8,left,ok,0.372650,512,223,0.435547,docs/tmp/final-source-verification-2026-05-09/current_residual_bbox_rerender/cabinet/972ae276ed48f8306f8a4ef2bcadaee8/left.png
cabinet,972ae276ed48f8306f8a4ef2bcadaee8,back,ok,0.381805,420,303,0.485458,docs/tmp/final-source-verification-2026-05-09/current_residual_bbox_rerender/cabinet/972ae276ed48f8306f8a4ef2bcadaee8/back.png
cabinet,972ae276ed48f8306f8a4ef2bcadaee8,right,ok,0.372639,512,223,0.435547,docs/tmp/final-source-verification-2026-05-09/current_residual_bbox_rerender/cabinet/972ae276ed48f8306f8a4ef2bcadaee8/right.png
cabinet,97e4e6fdba132273eb1553b855eac208,front,ok,0.225552,508,124,0.240295,docs/tmp/final-source-verification-2026-05-09/current_residual_bbox_rerender/cabinet/97e4e6fdba132273eb1553b855eac208/front.png
cabinet,97e4e6fdba132273eb1553b855eac208,left,ok,0.157032,146,375,0.208855,docs/tmp/final-source-verification-2026-05-09/current_residual_bbox_rerender/cabinet/97e4e6fdba132273eb1553b855eac208/left.png
cabinet,97e4e6fdba132273eb1553b855eac208,back,ok,0.225552,508,124,0.240295,docs/tmp/final-source-verification-2026-05-09/current_residual_bbox_rerender/cabinet/97e4e6fdba132273eb1553b855eac208/back.png
cabinet,97e4e6fdba132273eb1553b855eac208,right,ok,0.157028,146,375,0.208855,docs/tmp/final-source-verification-2026-05-09/current_residual_bbox_rerender/cabinet/97e4e6fdba132273eb1553b855eac208/right.png
cabinet,9848d2dcbb92abf6f0f1ea396f50ef27,front,ok,0.427715,435,343,0.569172,docs/tmp/final-source-verification-2026-05-09/current_residual_bbox_rerender/cabinet/9848d2dcbb92abf6f0f1ea396f50ef27/front.png
cabinet,9848d2dcbb92abf6f0f1ea396f50ef27,left,ok,0.410496,424,321,0.519196,docs/tmp/final-source-verification-2026-05-09/current_residual_bbox_rerender/cabinet/9848d2dcbb92abf6f0f1ea396f50ef27/left.png
cabinet,9848d2dcbb92abf6f0f1ea396f50ef27,back,ok,0.419334,433,343,0.566555,docs/tmp/final-source-verification-2026-05-09/current_residual_bbox_rerender/cabinet/9848d2dcbb92abf6f0f1ea396f50ef27/back.png
cabinet,9848d2dcbb92abf6f0f1ea396f50ef27,right,ok,0.466908,480,311,0.569458,docs/tmp/final-source-verification-2026-05-09/current_residual_bbox_rerender/cabinet/9848d2dcbb92abf6f0f1ea396f50ef27/right.png
cabinet,98ed5ebf9a72b42a09a1dd23017ffd61,front,ok,0.461639,468,319,0.569504,docs/tmp/final-source-verification-2026-05-09/current_residual_bbox_rerender/cabinet/98ed5ebf9a72b42a09a1dd23017ffd61/front.png
cabinet,98ed5ebf9a72b42a09a1dd23017ffd61,left,ok,0.463497,502,292,0.559174,docs/tmp/final-source-verification-2026-05-09/current_residual_bbox_rerender/cabinet/98ed5ebf9a72b42a09a1dd23017ffd61/left.png
cabinet,98ed5ebf9a72b42a09a1dd23017ffd61,back,ok,0.461723,468,319,0.569504,docs/tmp/final-source-verification-2026-05-09/current_residual_bbox_rerender/cabinet/98ed5ebf9a72b42a09a1dd23017ffd61/back.png
cabinet,98ed5ebf9a72b42a09a1dd23017ffd61,right,ok,0.457874,502,288,0.551514,docs/tmp/final-source-verification-2026-05-09/current_residual_bbox_rerender/cabinet/98ed5ebf9a72b42a09a1dd23017ffd61/right.png
cabinet,99c96ba270909e1bb217beeac2253c4e,front,ok,0.239273,194,415,0.307121,docs/tmp/final-source-verification-2026-05-09/current_residual_bbox_rerender/cabinet/99c96ba270909e1bb217beeac2253c4e/front.png
cabinet,99c96ba270909e1bb217beeac2253c4e,left,ok,0.142086,107,443,0.180820,docs/tmp/final-source-verification-2026-05-09/current_residual_bbox_rerender/cabinet/99c96ba270909e1bb217beeac2253c4e/left.png
cabinet,99c96ba270909e1bb217beeac2253c4e,back,ok,0.223560,182,415,0.288124,docs/tmp/final-source-verification-2026-05-09/current_residual_bbox_rerender/cabinet/99c96ba270909e1bb217beeac2253c4e/back.png
cabinet,99c96ba270909e1bb217beeac2253c4e,right,ok,0.137062,107,443,0.180820,docs/tmp/final-source-verification-2026-05-09/current_residual_bbox_rerender/cabinet/99c96ba270909e1bb217beeac2253c4e/right.png
cabinet,9a2349223513f02d2bc0f52f0d12c1c9,front,ok,0.390667,361,356,0.490250,docs/tmp/final-source-verification-2026-05-09/current_residual_bbox_rerender/cabinet/9a2349223513f02d2bc0f52f0d12c1c9/front.png
cabinet,9a2349223513f02d2bc0f52f0d12c1c9,left,ok,0.237167,188,448,0.321289,docs/tmp/final-source-verification-2026-05-09/current_residual_bbox_rerender/cabinet/9a2349223513f02d2bc0f52f0d12c1c9/left.png
cabinet,9a2349223513f02d2bc0f52f0d12c1c9,back,ok,0.364559,316,377,0.454453,docs/tmp/final-source-verification-2026-05-09/current_residual_bbox_rerender/cabinet/9a2349223513f02d2bc0f52f0d12c1c9/back.png
cabinet,9a2349223513f02d2bc0f52f0d12c1c9,right,ok,0.222794,181,448,0.309326,docs/tmp/final-source-verification-2026-05-09/current_residual_bbox_rerender/cabinet/9a2349223513f02d2bc0f52f0d12c1c9/right.png
cabinet,9a353a5b701d12e61c6a1a8a720790ae,front,ok,0.397858,376,340,0.487671,docs/tmp/final-source-verification-2026-05-09/current_residual_bbox_rerender/cabinet/9a353a5b701d12e61c6a1a8a720790ae/front.png
cabinet,9a353a5b701d12e61c6a1a8a720790ae,left,ok,0.131683,98,457,0.170845,docs/tmp/final-source-verification-2026-05-09/current_residual_bbox_rerender/cabinet/9a353a5b701d12e61c6a1a8a720790ae/left.png
cabinet,9a353a5b701d12e61c6a1a8a720790ae,back,ok,0.399315,378,341,0.491707,docs/tmp/final-source-verification-2026-05-09/current_residual_bbox_rerender/cabinet/9a353a5b701d12e61c6a1a8a720790ae/back.png
cabinet,9a353a5b701d12e61c6a1a8a720790ae,right,ok,0.131680,98,457,0.170845,docs/tmp/final-source-verification-2026-05-09/current_residual_bbox_rerender/cabinet/9a353a5b701d12e61c6a1a8a720790ae/right.png
cabinet,9ca88573bad3496ee48a3045245d193b,front,ok,0.430790,476,279,0.506607,docs/tmp/final-source-verification-2026-05-09/current_residual_bbox_rerender/cabinet/9ca88573bad3496ee48a3045245d193b/front.png
cabinet,9ca88573bad3496ee48a3045245d193b,left,ok,0.223721,172,441,0.289352,docs/tmp/final-source-verification-2026-05-09/current_residual_bbox_rerender/cabinet/9ca88573bad3496ee48a3045245d193b/left.png
cabinet,9ca88573bad3496ee48a3045245d193b,back,ok,0.431847,477,279,0.507671,docs/tmp/final-source-verification-2026-05-09/current_residual_bbox_rerender/cabinet/9ca88573bad3496ee48a3045245d193b/back.png
cabinet,9ca88573bad3496ee48a3045245d193b,right,ok,0.223701,172,441,0.289352,docs/tmp/final-source-verification-2026-05-09/current_residual_bbox_rerender/cabinet/9ca88573bad3496ee48a3045245d193b/right.png
cabinet,9cbd2f08a6d994a11621b492564278c6,front,ok,0.406425,354,374,0.505051,docs/tmp/final-source-verification-2026-05-09/current_residual_bbox_rerender/cabinet/9cbd2f08a6d994a11621b492564278c6/front.png
cabinet,9cbd2f08a6d994a11621b492564278c6,left,ok,0.237793,178,447,0.303520,docs/tmp/final-source-verification-2026-05-09/current_residual_bbox_rerender/cabinet/9cbd2f08a6d994a11621b492564278c6/left.png
cabinet,9cbd2f08a6d994a11621b492564278c6,back,ok,0.414520,360,376,0.516357,docs/tmp/final-source-verification-2026-05-09/current_residual_bbox_rerender/cabinet/9cbd2f08a6d994a11621b492564278c6/back.png
cabinet,9cbd2f08a6d994a11621b492564278c6,right,ok,0.244759,186,447,0.317162,docs/tmp/final-source-verification-2026-05-09/current_residual_bbox_rerender/cabinet/9cbd2f08a6d994a11621b492564278c6/right.png
cabinet,9d13522457431bd69b4e9ce148db2a2f,front,ok,0.148815,276,363,0.382187,docs/tmp/final-source-verification-2026-05-09/current_residual_bbox_rerender/cabinet/9d13522457431bd69b4e9ce148db2a2f/front.png
cabinet,9d13522457431bd69b4e9ce148db2a2f,left,ok,0.006973,4,457,0.006973,docs/tmp/final-source-verification-2026-05-09/current_residual_bbox_rerender/cabinet/9d13522457431bd69b4e9ce148db2a2f/left.png
cabinet,9d13522457431bd69b4e9ce148db2a2f,back,ok,0.303783,276,363,0.382187,docs/tmp/final-source-verification-2026-05-09/current_residual_bbox_rerender/cabinet/9d13522457431bd69b4e9ce148db2a2f/back.png
cabinet,9d13522457431bd69b4e9ce148db2a2f,right,ok,0.006832,4,457,0.006973,docs/tmp/final-source-verification-2026-05-09/current_residual_bbox_rerender/cabinet/9d13522457431bd69b4e9ce148db2a2f/right.png
cabinet,9d431d78f32a69204b68971612447878,front,ok,0.451698,392,376,0.562256,docs/tmp/final-source-verification-2026-05-09/current_residual_bbox_rerender/cabinet/9d431d78f32a69204b68971612447878/front.png
cabinet,9d431d78f32a69204b68971612447878,left,ok,0.455059,474,322,0.582230,docs/tmp/final-source-verification-2026-05-09/current_residual_bbox_rerender/cabinet/9d431d78f32a69204b68971612447878/left.png
cabinet,9d431d78f32a69204b68971612447878,back,ok,0.451595,392,376,0.562256,docs/tmp/final-source-verification-2026-05-09/current_residual_bbox_rerender/cabinet/9d431d78f32a69204b68971612447878/back.png
cabinet,9d431d78f32a69204b68971612447878,right,ok,0.487698,476,322,0.584686,docs/tmp/final-source-verification-2026-05-09/current_residual_bbox_rerender/cabinet/9d431d78f32a69204b68971612447878/right.png
cabinet,9d4f1b6f3201ec34a50beeedc1e2fd4b,front,ok,0.032036,34,350,0.045395,docs/tmp/final-source-verification-2026-05-09/current_residual_bbox_rerender/cabinet/9d4f1b6f3201ec34a50beeedc1e2fd4b/front.png
cabinet,9d4f1b6f3201ec34a50beeedc1e2fd4b,left,ok,0.071808,462,42,0.074020,docs/tmp/final-source-verification-2026-05-09/current_residual_bbox_rerender/cabinet/9d4f1b6f3201ec34a50beeedc1e2fd4b/left.png
cabinet,9d4f1b6f3201ec34a50beeedc1e2fd4b,back,ok,0.032032,34,350,0.045395,docs/tmp/final-source-verification-2026-05-09/current_residual_bbox_rerender/cabinet/9d4f1b6f3201ec34a50beeedc1e2fd4b/back.png
cabinet,9d4f1b6f3201ec34a50beeedc1e2fd4b,right,ok,0.074688,480,42,0.076904,docs/tmp/final-source-verification-2026-05-09/current_residual_bbox_rerender/cabinet/9d4f1b6f3201ec34a50beeedc1e2fd4b/right.png
cabinet,9d69a2d8beecea044158c94e886ce2cf,front,ok,0.173298,180,346,0.237579,docs/tmp/final-source-verification-2026-05-09/current_residual_bbox_rerender/cabinet/9d69a2d8beecea044158c94e886ce2cf/front.png
cabinet,9d69a2d8beecea044158c94e886ce2cf,left,ok,0.178318,508,105,0.203476,docs/tmp/final-source-verification-2026-05-09/current_residual_bbox_rerender/cabinet/9d69a2d8beecea044158c94e886ce2cf/left.png
cabinet,9d69a2d8beecea044158c94e886ce2cf,back,ok,0.172867,180,346,0.237579,docs/tmp/final-source-verification-2026-05-09/current_residual_bbox_rerender/cabinet/9d69a2d8beecea044158c94e886ce2cf/back.png
cabinet,9d69a2d8beecea044158c94e886ce2cf,right,ok,0.179375,508,106,0.205414,docs/tmp/final-source-verification-2026-05-09/current_residual_bbox_rerender/cabinet/9d69a2d8beecea044158c94e886ce2cf/right.png
cabinet,9d7a33fc87f1d1f35b9b6c27aa9f0f3c,front,ok,0.155182,502,87,0.166603,docs/tmp/final-source-verification-2026-05-09/current_residual_bbox_rerender/cabinet/9d7a33fc87f1d1f35b9b6c27aa9f0f3c/front.png
cabinet,9d7a33fc87f1d1f35b9b6c27aa9f0f3c,left,ok,0.171165,188,325,0.233078,docs/tmp/final-source-verification-2026-05-09/current_residual_bbox_rerender/cabinet/9d7a33fc87f1d1f35b9b6c27aa9f0f3c/left.png
cabinet,9d7a33fc87f1d1f35b9b6c27aa9f0f3c,back,ok,0.155182,502,87,0.166603,docs/tmp/final-source-verification-2026-05-09/current_residual_bbox_rerender/cabinet/9d7a33fc87f1d1f35b9b6c27aa9f0f3c/back.png
cabinet,9d7a33fc87f1d1f35b9b6c27aa9f0f3c,right,ok,0.171173,188,325,0.233078,docs/tmp/final-source-verification-2026-05-09/current_residual_bbox_rerender/cabinet/9d7a33fc87f1d1f35b9b6c27aa9f0f3c/right.png
cabinet,9e5b7ce12a0e87590980a9c4b458114a,front,ok,0.225590,512,124,0.242188,docs/tmp/final-source-verification-2026-05-09/current_residual_bbox_rerender/cabinet/9e5b7ce12a0e87590980a9c4b458114a/front.png
cabinet,9e5b7ce12a0e87590980a9c4b458114a,left,ok,0.194492,189,359,0.258831,docs/tmp/final-source-verification-2026-05-09/current_residual_bbox_rerender/cabinet/9e5b7ce12a0e87590980a9c4b458114a/left.png
cabinet,9e5b7ce12a0e87590980a9c4b458114a,back,ok,0.225746,511,124,0.241714,docs/tmp/final-source-verification-2026-05-09/current_residual_bbox_rerender/cabinet/9e5b7ce12a0e87590980a9c4b458114a/back.png
cabinet,9e5b7ce12a0e87590980a9c4b458114a,right,ok,0.196381,190,359,0.260201,docs/tmp/final-source-verification-2026-05-09/current_residual_bbox_rerender/cabinet/9e5b7ce12a0e87590980a9c4b458114a/right.png
cabinet,9f1b5dc7fd2b4e06bdd4b88755159feb,front,ok,0.371433,331,364,0.459610,docs/tmp/final-source-verification-2026-05-09/current_residual_bbox_rerender/cabinet/9f1b5dc7fd2b4e06bdd4b88755159feb/front.png
cabinet,9f1b5dc7fd2b4e06bdd4b88755159feb,left,ok,0.341549,410,351,0.548973,docs/tmp/final-source-verification-2026-05-09/current_residual_bbox_rerender/cabinet/9f1b5dc7fd2b4e06bdd4b88755159feb/left.png
cabinet,9f1b5dc7fd2b4e06bdd4b88755159feb,back,ok,0.388580,443,270,0.456276,docs/tmp/final-source-verification-2026-05-09/current_residual_bbox_rerender/cabinet/9f1b5dc7fd2b4e06bdd4b88755159feb/back.png
cabinet,9f1b5dc7fd2b4e06bdd4b88755159feb,right,ok,0.331085,406,351,0.543617,docs/tmp/final-source-verification-2026-05-09/current_residual_bbox_rerender/cabinet/9f1b5dc7fd2b4e06bdd4b88755159feb/right.png
cabinet,9f57b314a4bab67ba630b2883a49307a,front,ok,0.049244,476,28,0.050842,docs/tmp/final-source-verification-2026-05-09/current_residual_bbox_rerender/cabinet/9f57b314a4bab67ba630b2883a49307a/front.png
cabinet,9f57b314a4bab67ba630b2883a49307a,left,ok,0.055950,64,321,0.078369,docs/tmp/final-source-verification-2026-05-09/current_residual_bbox_rerender/cabinet/9f57b314a4bab67ba630b2883a49307a/left.png
cabinet,9f57b314a4bab67ba630b2883a49307a,back,ok,0.049252,476,28,0.050842,docs/tmp/final-source-verification-2026-05-09/current_residual_bbox_rerender/cabinet/9f57b314a4bab67ba630b2883a49307a/back.png
cabinet,9f57b314a4bab67ba630b2883a49307a,right,ok,0.055958,64,321,0.078369,docs/tmp/final-source-verification-2026-05-09/current_residual_bbox_rerender/cabinet/9f57b314a4bab67ba630b2883a49307a/right.png
cabinet,9fa177a9c7451aa66bb5cb4a67c78b24,front,ok,0.366936,373,350,0.498009,docs/tmp/final-source-verification-2026-05-09/current_residual_bbox_rerender/cabinet/9fa177a9c7451aa66bb5cb4a67c78b24/front.png
cabinet,9fa177a9c7451aa66bb5cb4a67c78b24,left,ok,0.346527,440,251,0.421295,docs/tmp/final-source-verification-2026-05-09/current_residual_bbox_rerender/cabinet/9fa177a9c7451aa66bb5cb4a67c78b24/left.png
cabinet,9fa177a9c7451aa66bb5cb4a67c78b24,back,ok,0.367172,373,350,0.498009,docs/tmp/final-source-verification-2026-05-09/current_residual_bbox_rerender/cabinet/9fa177a9c7451aa66bb5cb4a67c78b24/back.png
cabinet,9fa177a9c7451aa66bb5cb4a67c78b24,right,ok,0.401058,462,292,0.514618,docs/tmp/final-source-verification-2026-05-09/current_residual_bbox_rerender/cabinet/9fa177a9c7451aa66bb5cb4a67c78b24/right.png
cabinet,9faa4ba52c95140899782f9b9266a228,front,ok,0.327126,456,219,0.380951,docs/tmp/final-source-verification-2026-05-09/current_residual_bbox_rerender/cabinet/9faa4ba52c95140899782f9b9266a228/front.png
cabinet,9faa4ba52c95140899782f9b9266a228,left,ok,0.011395,8,438,0.013367,docs/tmp/final-source-verification-2026-05-09/current_residual_bbox_rerender/cabinet/9faa4ba52c95140899782f9b9266a228/left.png
cabinet,9faa4ba52c95140899782f9b9266a228,back,ok,0.327271,456,218,0.379211,docs/tmp/final-source-verification-2026-05-09/current_residual_bbox_rerender/cabinet/9faa4ba52c95140899782f9b9266a228/back.png
cabinet,9faa4ba52c95140899782f9b9266a228,right,ok,0.011414,8,438,0.013367,docs/tmp/final-source-verification-2026-05-09/current_residual_bbox_rerender/cabinet/9faa4ba52c95140899782f9b9266a228/right.png
cabinet,9fb3b80407e5ca74c4873eaeb8efb3a8,front,ok,0.041679,467,24,0.042755,docs/tmp/final-source-verification-2026-05-09/current_residual_bbox_rerender/cabinet/9fb3b80407e5ca74c4873eaeb8efb3a8/front.png
cabinet,9fb3b80407e5ca74c4873eaeb8efb3a8,left,ok,0.034657,38,322,0.046677,docs/tmp/final-source-verification-2026-05-09/current_residual_bbox_rerender/cabinet/9fb3b80407e5ca74c4873eaeb8efb3a8/left.png
cabinet,9fb3b80407e5ca74c4873eaeb8efb3a8,back,ok,0.034962,468,20,0.035706,docs/tmp/final-source-verification-2026-05-09/current_residual_bbox_rerender/cabinet/9fb3b80407e5ca74c4873eaeb8efb3a8/back.png
cabinet,9fb3b80407e5ca74c4873eaeb8efb3a8,right,ok,0.034679,38,326,0.047256,docs/tmp/final-source-verification-2026-05-09/current_residual_bbox_rerender/cabinet/9fb3b80407e5ca74c4873eaeb8efb3a8/right.png
cabinet,a0557ed6069e023d09f7d07fd0ee2d8c,front,ok,0.257771,195,448,0.333252,docs/tmp/final-source-verification-2026-05-09/current_residual_bbox_rerender/cabinet/a0557ed6069e023d09f7d07fd0ee2d8c/front.png
cabinet,a0557ed6069e023d09f7d07fd0ee2d8c,left,ok,0.425106,372,372,0.527893,docs/tmp/final-source-verification-2026-05-09/current_residual_bbox_rerender/cabinet/a0557ed6069e023d09f7d07fd0ee2d8c/left.png
cabinet,a0557ed6069e023d09f7d07fd0ee2d8c,back,ok,0.259365,196,448,0.334961,docs/tmp/final-source-verification-2026-05-09/current_residual_bbox_rerender/cabinet/a0557ed6069e023d09f7d07fd0ee2d8c/back.png
cabinet,a0557ed6069e023d09f7d07fd0ee2d8c,right,ok,0.425735,372,372,0.527893,docs/tmp/final-source-verification-2026-05-09/current_residual_bbox_rerender/cabinet/a0557ed6069e023d09f7d07fd0ee2d8c/right.png
cabinet,a12e07fb44e79f848da4829aad56d73e,front,ok,0.371895,407,374,0.580666,docs/tmp/final-source-verification-2026-05-09/current_residual_bbox_rerender/cabinet/a12e07fb44e79f848da4829aad56d73e/front.png
cabinet,a12e07fb44e79f848da4829aad56d73e,left,ok,0.363564,284,429,0.464767,docs/tmp/final-source-verification-2026-05-09/current_residual_bbox_rerender/cabinet/a12e07fb44e79f848da4829aad56d73e/left.png
cabinet,a12e07fb44e79f848da4829aad56d73e,back,ok,0.405273,412,374,0.587799,docs/tmp/final-source-verification-2026-05-09/current_residual_bbox_rerender/cabinet/a12e07fb44e79f848da4829aad56d73e/back.png
cabinet,a12e07fb44e79f848da4829aad56d73e,right,ok,0.369228,300,429,0.490952,docs/tmp/final-source-verification-2026-05-09/current_residual_bbox_rerender/cabinet/a12e07fb44e79f848da4829aad56d73e/right.png
cabinet,a371797efe4514540f6c27f10922f60b,front,ok,0.048088,40,418,0.063782,docs/tmp/final-source-verification-2026-05-09/current_residual_bbox_rerender/cabinet/a371797efe4514540f6c27f10922f60b/front.png
cabinet,a371797efe4514540f6c27f10922f60b,left,ok,0.085117,70,397,0.106010,docs/tmp/final-source-verification-2026-05-09/current_residual_bbox_rerender/cabinet/a371797efe4514540f6c27f10922f60b/left.png
cabinet,a371797efe4514540f6c27f10922f60b,back,ok,0.045097,38,416,0.060303,docs/tmp/final-source-verification-2026-05-09/current_residual_bbox_rerender/cabinet/a371797efe4514540f6c27f10922f60b/back.png
cabinet,a371797efe4514540f6c27f10922f60b,right,ok,0.088177,73,411,0.114452,docs/tmp/final-source-verification-2026-05-09/current_residual_bbox_rerender/cabinet/a371797efe4514540f6c27f10922f60b/right.png
cabinet,a45579641a4383449d065e3ec4b3250d,front,ok,0.423462,454,296,0.512634,docs/tmp/final-source-verification-2026-05-09/current_residual_bbox_rerender/cabinet/a45579641a4383449d065e3ec4b3250d/front.png
cabinet,a45579641a4383449d065e3ec4b3250d,left,ok,0.182835,141,448,0.240967,docs/tmp/final-source-verification-2026-05-09/current_residual_bbox_rerender/cabinet/a45579641a4383449d065e3ec4b3250d/left.png
cabinet,a45579641a4383449d065e3ec4b3250d,back,ok,0.423622,449,294,0.503563,docs/tmp/final-source-verification-2026-05-09/current_residual_bbox_rerender/cabinet/a45579641a4383449d065e3ec4b3250d/back.png
cabinet,a45579641a4383449d065e3ec4b3250d,right,ok,0.186317,144,448,0.246094,docs/tmp/final-source-verification-2026-05-09/current_residual_bbox_rerender/cabinet/a45579641a4383449d065e3ec4b3250d/right.png
cabinet,a47e962b60da7bece253cf45e250af60,front,ok,0.366516,512,212,0.414062,docs/tmp/final-source-verification-2026-05-09/current_residual_bbox_rerender/cabinet/a47e962b60da7bece253cf45e250af60/front.png
cabinet,a47e962b60da7bece253cf45e250af60,left,ok,0.369282,378,330,0.475845,docs/tmp/final-source-verification-2026-05-09/current_residual_bbox_rerender/cabinet/a47e962b60da7bece253cf45e250af60/left.png
cabinet,a47e962b60da7bece253cf45e250af60,back,ok,0.370708,512,213,0.416016,docs/tmp/final-source-verification-2026-05-09/current_residual_bbox_rerender/cabinet/a47e962b60da7bece253cf45e250af60/back.png
cabinet,a47e962b60da7bece253cf45e250af60,right,ok,0.367607,378,334,0.481613,docs/tmp/final-source-verification-2026-05-09/current_residual_bbox_rerender/cabinet/a47e962b60da7bece253cf45e250af60/right.png
cabinet,a5b00b1c4cbab349101a247e117ed0cd,front,ok,0.415546,410,322,0.503616,docs/tmp/final-source-verification-2026-05-09/current_residual_bbox_rerender/cabinet/a5b00b1c4cbab349101a247e117ed0cd/front.png
cabinet,a5b00b1c4cbab349101a247e117ed0cd,left,ok,0.150711,113,456,0.196564,docs/tmp/final-source-verification-2026-05-09/current_residual_bbox_rerender/cabinet/a5b00b1c4cbab349101a247e117ed0cd/left.png
cabinet,a5b00b1c4cbab349101a247e117ed0cd,back,ok,0.416283,412,321,0.504501,docs/tmp/final-source-verification-2026-05-09/current_residual_bbox_rerender/cabinet/a5b00b1c4cbab349101a247e117ed0cd/back.png
cabinet,a5b00b1c4cbab349101a247e117ed0cd,right,ok,0.150578,113,456,0.196564,docs/tmp/final-source-verification-2026-05-09/current_residual_bbox_rerender/cabinet/a5b00b1c4cbab349101a247e117ed0cd/right.png
cabinet,a6b242a035b2075cd37333c58a58d892,front,ok,0.399078,362,381,0.526131,docs/tmp/final-source-verification-2026-05-09/current_residual_bbox_rerender/cabinet/a6b242a035b2075cd37333c58a58d892/front.png
cabinet,a6b242a035b2075cd37333c58a58d892,left,ok,0.496933,497,312,0.591522,docs/tmp/final-source-verification-2026-05-09/current_residual_bbox_rerender/cabinet/a6b242a035b2075cd37333c58a58d892/left.png
cabinet,a6b242a035b2075cd37333c58a58d892,back,ok,0.404541,362,381,0.526131,docs/tmp/final-source-verification-2026-05-09/current_residual_bbox_rerender/cabinet/a6b242a035b2075cd37333c58a58d892/back.png
cabinet,a6b242a035b2075cd37333c58a58d892,right,ok,0.404793,470,299,0.536079,docs/tmp/final-source-verification-2026-05-09/current_residual_bbox_rerender/cabinet/a6b242a035b2075cd37333c58a58d892/right.png
cabinet,a734aea30ea56a868d3c1ff2aa97c005,front,ok,0.400547,382,335,0.488167,docs/tmp/final-source-verification-2026-05-09/current_residual_bbox_rerender/cabinet/a734aea30ea56a868d3c1ff2aa97c005/front.png
cabinet,a734aea30ea56a868d3c1ff2aa97c005,left,ok,0.162518,127,455,0.220432,docs/tmp/final-source-verification-2026-05-09/current_residual_bbox_rerender/cabinet/a734aea30ea56a868d3c1ff2aa97c005/left.png
cabinet,a734aea30ea56a868d3c1ff2aa97c005,back,ok,0.402664,390,334,0.496902,docs/tmp/final-source-verification-2026-05-09/current_residual_bbox_rerender/cabinet/a734aea30ea56a868d3c1ff2aa97c005/back.png
cabinet,a734aea30ea56a868d3c1ff2aa97c005,right,ok,0.163853,126,451,0.216774,docs/tmp/final-source-verification-2026-05-09/current_residual_bbox_rerender/cabinet/a734aea30ea56a868d3c1ff2aa97c005/right.png
cabinet,a754fb0df6038962e430a3053f507df3,front,ok,0.403858,458,282,0.492691,docs/tmp/final-source-verification-2026-05-09/current_residual_bbox_rerender/cabinet/a754fb0df6038962e430a3053f507df3/front.png
cabinet,a754fb0df6038962e430a3053f507df3,left,ok,0.224503,258,424,0.417297,docs/tmp/final-source-verification-2026-05-09/current_residual_bbox_rerender/cabinet/a754fb0df6038962e430a3053f507df3/left.png
cabinet,a754fb0df6038962e430a3053f507df3,back,ok,0.360382,316,346,0.417084,docs/tmp/final-source-verification-2026-05-09/current_residual_bbox_rerender/cabinet/a754fb0df6038962e430a3053f507df3/back.png
cabinet,a754fb0df6038962e430a3053f507df3,right,ok,0.211926,254,424,0.410828,docs/tmp/final-source-verification-2026-05-09/current_residual_bbox_rerender/cabinet/a754fb0df6038962e430a3053f507df3/right.png
cabinet,a793215c9f45e36867e3965173dcbb61,front,ok,0.239922,242,338,0.312027,docs/tmp/final-source-verification-2026-05-09/current_residual_bbox_rerender/cabinet/a793215c9f45e36867e3965173dcbb61/front.png
cabinet,a793215c9f45e36867e3965173dcbb61,left,ok,0.243237,490,148,0.276642,docs/tmp/final-source-verification-2026-05-09/current_residual_bbox_rerender/cabinet/a793215c9f45e36867e3965173dcbb61/left.png
cabinet,a793215c9f45e36867e3965173dcbb61,back,ok,0.238808,242,338,0.312027,docs/tmp/final-source-verification-2026-05-09/current_residual_bbox_rerender/cabinet/a793215c9f45e36867e3965173dcbb61/back.png
cabinet,a793215c9f45e36867e3965173dcbb61,right,ok,0.243916,500,164,0.312805,docs/tmp/final-source-verification-2026-05-09/current_residual_bbox_rerender/cabinet/a793215c9f45e36867e3965173dcbb61/right.png
cabinet,a7a048bbee88c0ad08269060448bac50,front,ok,0.372639,481,249,0.456882,docs/tmp/final-source-verification-2026-05-09/current_residual_bbox_rerender/cabinet/a7a048bbee88c0ad08269060448bac50/front.png
cabinet,a7a048bbee88c0ad08269060448bac50,left,ok,0.210224,166,437,0.276726,docs/tmp/final-source-verification-2026-05-09/current_residual_bbox_rerender/cabinet/a7a048bbee88c0ad08269060448bac50/left.png
cabinet,a7a048bbee88c0ad08269060448bac50,back,ok,0.420353,486,265,0.491295,docs/tmp/final-source-verification-2026-05-09/current_residual_bbox_rerender/cabinet/a7a048bbee88c0ad08269060448bac50/back.png
cabinet,a7a048bbee88c0ad08269060448bac50,right,ok,0.215382,169,437,0.281727,docs/tmp/final-source-verification-2026-05-09/current_residual_bbox_rerender/cabinet/a7a048bbee88c0ad08269060448bac50/right.png
cabinet,a8f9344714cbaceb84a45050c95be753,front,blank,0.000000,0,0,0.000000,docs/tmp/final-source-verification-2026-05-09/current_residual_bbox_rerender/cabinet/a8f9344714cbaceb84a45050c95be753/front.png
cabinet,a8f9344714cbaceb84a45050c95be753,left,ok,0.030922,115,74,0.032463,docs/tmp/final-source-verification-2026-05-09/current_residual_bbox_rerender/cabinet/a8f9344714cbaceb84a45050c95be753/left.png
cabinet,a8f9344714cbaceb84a45050c95be753,back,ok,0.056278,216,70,0.057678,docs/tmp/final-source-verification-2026-05-09/current_residual_bbox_rerender/cabinet/a8f9344714cbaceb84a45050c95be753/back.png
cabinet,a8f9344714cbaceb84a45050c95be753,right,ok,0.055325,138,172,0.090546,docs/tmp/final-source-verification-2026-05-09/current_residual_bbox_rerender/cabinet/a8f9344714cbaceb84a45050c95be753/right.png
cabinet,a9d451823167d25e235a54db4524c9f7,front,ok,0.155903,294,250,0.280380,docs/tmp/final-source-verification-2026-05-09/current_residual_bbox_rerender/cabinet/a9d451823167d25e235a54db4524c9f7/front.png
cabinet,a9d451823167d25e235a54db4524c9f7,left,ok,0.213646,461,224,0.393921,docs/tmp/final-source-verification-2026-05-09/current_residual_bbox_rerender/cabinet/a9d451823167d25e235a54db4524c9f7/left.png
cabinet,a9d451823167d25e235a54db4524c9f7,back,ok,0.207283,300,367,0.419998,docs/tmp/final-source-verification-2026-05-09/current_residual_bbox_rerender/cabinet/a9d451823167d25e235a54db4524c9f7/back.png
cabinet,a9d451823167d25e235a54db4524c9f7,right,ok,0.152264,402,277,0.424782,docs/tmp/final-source-verification-2026-05-09/current_residual_bbox_rerender/cabinet/a9d451823167d25e235a54db4524c9f7/right.png
cabinet,aa4a2271947063d2ff6e91dffeefcf81,front,ok,0.138306,486,78,0.144608,docs/tmp/final-source-verification-2026-05-09/current_residual_bbox_rerender/cabinet/aa4a2271947063d2ff6e91dffeefcf81/front.png
cabinet,aa4a2271947063d2ff6e91dffeefcf81,left,ok,0.043537,40,371,0.056610,docs/tmp/final-source-verification-2026-05-09/current_residual_bbox_rerender/cabinet/aa4a2271947063d2ff6e91dffeefcf81/left.png
cabinet,aa4a2271947063d2ff6e91dffeefcf81,back,ok,0.138306,486,78,0.144608,docs/tmp/final-source-verification-2026-05-09/current_residual_bbox_rerender/cabinet/aa4a2271947063d2ff6e91dffeefcf81/back.png
cabinet,aa4a2271947063d2ff6e91dffeefcf81,right,ok,0.043537,40,371,0.056610,docs/tmp/final-source-verification-2026-05-09/current_residual_bbox_rerender/cabinet/aa4a2271947063d2ff6e91dffeefcf81/right.png
cabinet,aa67db584489840130a24309e6f5d733,front,ok,0.339371,512,196,0.382812,docs/tmp/final-source-verification-2026-05-09/current_residual_bbox_rerender/cabinet/aa67db584489840130a24309e6f5d733/front.png
cabinet,aa67db584489840130a24309e6f5d733,left,ok,0.326908,364,323,0.448502,docs/tmp/final-source-verification-2026-05-09/current_residual_bbox_rerender/cabinet/aa67db584489840130a24309e6f5d733/left.png
cabinet,aa67db584489840130a24309e6f5d733,back,ok,0.339378,512,196,0.382812,docs/tmp/final-source-verification-2026-05-09/current_residual_bbox_rerender/cabinet/aa67db584489840130a24309e6f5d733/back.png
cabinet,aa67db584489840130a24309e6f5d733,right,ok,0.327251,362,323,0.446037,docs/tmp/final-source-verification-2026-05-09/current_residual_bbox_rerender/cabinet/aa67db584489840130a24309e6f5d733/right.png
cabinet,aaa40eb91a388ee493e483797a6364bf,front,ok,0.330578,345,326,0.429039,docs/tmp/final-source-verification-2026-05-09/current_residual_bbox_rerender/cabinet/aaa40eb91a388ee493e483797a6364bf/front.png
cabinet,aaa40eb91a388ee493e483797a6364bf,left,ok,0.317532,512,182,0.355469,docs/tmp/final-source-verification-2026-05-09/current_residual_bbox_rerender/cabinet/aaa40eb91a388ee493e483797a6364bf/left.png
cabinet,aaa40eb91a388ee493e483797a6364bf,back,ok,0.323406,345,326,0.429039,docs/tmp/final-source-verification-2026-05-09/current_residual_bbox_rerender/cabinet/aaa40eb91a388ee493e483797a6364bf/back.png
cabinet,aaa40eb91a388ee493e483797a6364bf,right,ok,0.290131,512,185,0.361328,docs/tmp/final-source-verification-2026-05-09/current_residual_bbox_rerender/cabinet/aaa40eb91a388ee493e483797a6364bf/right.png
cabinet,aac0c5c9d050c4951534e08b459c7d09,front,ok,0.387074,464,255,0.451355,docs/tmp/final-source-verification-2026-05-09/current_residual_bbox_rerender/cabinet/aac0c5c9d050c4951534e08b459c7d09/front.png
cabinet,aac0c5c9d050c4951534e08b459c7d09,left,ok,0.115215,89,444,0.150742,docs/tmp/final-source-verification-2026-05-09/current_residual_bbox_rerender/cabinet/aac0c5c9d050c4951534e08b459c7d09/left.png
cabinet,aac0c5c9d050c4951534e08b459c7d09,back,ok,0.387428,464,255,0.451355,docs/tmp/final-source-verification-2026-05-09/current_residual_bbox_rerender/cabinet/aac0c5c9d050c4951534e08b459c7d09/back.png
cabinet,aac0c5c9d050c4951534e08b459c7d09,right,ok,0.116135,89,444,0.150742,docs/tmp/final-source-verification-2026-05-09/current_residual_bbox_rerender/cabinet/aac0c5c9d050c4951534e08b459c7d09/right.png
cabinet,abc8a42845e34b47597d2a30fb49a0a3,front,ok,0.441368,396,362,0.546844,docs/tmp/final-source-verification-2026-05-09/current_residual_bbox_rerender/cabinet/abc8a42845e34b47597d2a30fb49a0a3/front.png
cabinet,abc8a42845e34b47597d2a30fb49a0a3,left,ok,0.250698,199,447,0.339329,docs/tmp/final-source-verification-2026-05-09/current_residual_bbox_rerender/cabinet/abc8a42845e34b47597d2a30fb49a0a3/left.png
cabinet,abc8a42845e34b47597d2a30fb49a0a3,back,ok,0.394115,393,362,0.542702,docs/tmp/final-source-verification-2026-05-09/current_residual_bbox_rerender/cabinet/abc8a42845e34b47597d2a30fb49a0a3/back.png
cabinet,abc8a42845e34b47597d2a30fb49a0a3,right,ok,0.272480,208,447,0.354675,docs/tmp/final-source-verification-2026-05-09/current_residual_bbox_rerender/cabinet/abc8a42845e34b47597d2a30fb49a0a3/right.png
cabinet,abd3bc4faf43927164dc0723fd61da06,front,ok,0.309994,296,356,0.401978,docs/tmp/final-source-verification-2026-05-09/current_residual_bbox_rerender/cabinet/abd3bc4faf43927164dc0723fd61da06/front.png
cabinet,abd3bc4faf43927164dc0723fd61da06,left,ok,0.330311,512,187,0.365234,docs/tmp/final-source-verification-2026-05-09/current_residual_bbox_rerender/cabinet/abd3bc4faf43927164dc0723fd61da06/left.png
cabinet,abd3bc4faf43927164dc0723fd61da06,back,ok,0.309944,298,355,0.403557,docs/tmp/final-source-verification-2026-05-09/current_residual_bbox_rerender/cabinet/abd3bc4faf43927164dc0723fd61da06/back.png
cabinet,abd3bc4faf43927164dc0723fd61da06,right,ok,0.327530,512,190,0.371094,docs/tmp/final-source-verification-2026-05-09/current_residual_bbox_rerender/cabinet/abd3bc4faf43927164dc0723fd61da06/right.png
cabinet,ac444f37540d9fb5e301c8914c1d8888,front,ok,0.376366,356,386,0.524200,docs/tmp/final-source-verification-2026-05-09/current_residual_bbox_rerender/cabinet/ac444f37540d9fb5e301c8914c1d8888/front.png
cabinet,ac444f37540d9fb5e301c8914c1d8888,left,ok,0.470177,490,295,0.551414,docs/tmp/final-source-verification-2026-05-09/current_residual_bbox_rerender/cabinet/ac444f37540d9fb5e301c8914c1d8888/left.png
cabinet,ac444f37540d9fb5e301c8914c1d8888,back,ok,0.376514,356,386,0.524200,docs/tmp/final-source-verification-2026-05-09/current_residual_bbox_rerender/cabinet/ac444f37540d9fb5e301c8914c1d8888/back.png
cabinet,ac444f37540d9fb5e301c8914c1d8888,right,ok,0.398022,494,272,0.512573,docs/tmp/final-source-verification-2026-05-09/current_residual_bbox_rerender/cabinet/ac444f37540d9fb5e301c8914c1d8888/right.png
cabinet,add913715e2cf1e79e85c68a9d2a1927,front,ok,0.118759,124,425,0.201035,docs/tmp/final-source-verification-2026-05-09/current_residual_bbox_rerender/cabinet/add913715e2cf1e79e85c68a9d2a1927/front.png
cabinet,add913715e2cf1e79e85c68a9d2a1927,left,ok,0.326328,486,210,0.389328,docs/tmp/final-source-verification-2026-05-09/current_residual_bbox_rerender/cabinet/add913715e2cf1e79e85c68a9d2a1927/left.png
cabinet,add913715e2cf1e79e85c68a9d2a1927,back,ok,0.108982,97,426,0.157631,docs/tmp/final-source-verification-2026-05-09/current_residual_bbox_rerender/cabinet/add913715e2cf1e79e85c68a9d2a1927/back.png
cabinet,add913715e2cf1e79e85c68a9d2a1927,right,ok,0.335094,464,218,0.385864,docs/tmp/final-source-verification-2026-05-09/current_residual_bbox_rerender/cabinet/add913715e2cf1e79e85c68a9d2a1927/right.png
cabinet,aec5ad6ea954e798907812392fffc180,front,ok,0.286312,497,168,0.318512,docs/tmp/final-source-verification-2026-05-09/current_residual_bbox_rerender/cabinet/aec5ad6ea954e798907812392fffc180/front.png
cabinet,aec5ad6ea954e798907812392fffc180,left,ok,0.113983,98,406,0.151779,docs/tmp/final-source-verification-2026-05-09/current_residual_bbox_rerender/cabinet/aec5ad6ea954e798907812392fffc180/left.png
cabinet,aec5ad6ea954e798907812392fffc180,back,ok,0.288456,500,168,0.320435,docs/tmp/final-source-verification-2026-05-09/current_residual_bbox_rerender/cabinet/aec5ad6ea954e798907812392fffc180/back.png
cabinet,aec5ad6ea954e798907812392fffc180,right,ok,0.108147,91,406,0.140938,docs/tmp/final-source-verification-2026-05-09/current_residual_bbox_rerender/cabinet/aec5ad6ea954e798907812392fffc180/right.png
cabinet,affb5e1b5b14570602e61c459d6bc7c5,front,ok,0.434555,374,378,0.539291,docs/tmp/final-source-verification-2026-05-09/current_residual_bbox_rerender/cabinet/affb5e1b5b14570602e61c459d6bc7c5/front.png
cabinet,affb5e1b5b14570602e61c459d6bc7c5,left,ok,0.303303,235,441,0.395336,docs/tmp/final-source-verification-2026-05-09/current_residual_bbox_rerender/cabinet/affb5e1b5b14570602e61c459d6bc7c5/left.png
cabinet,affb5e1b5b14570602e61c459d6bc7c5,back,ok,0.438698,379,377,0.545055,docs/tmp/final-source-verification-2026-05-09/current_residual_bbox_rerender/cabinet/affb5e1b5b14570602e61c459d6bc7c5/back.png
cabinet,affb5e1b5b14570602e61c459d6bc7c5,right,ok,0.309750,237,441,0.398701,docs/tmp/final-source-verification-2026-05-09/current_residual_bbox_rerender/cabinet/affb5e1b5b14570602e61c459d6bc7c5/right.png
cabinet,b051236a40b01709b12b75697cdafa58,front,blank,0.000000,0,0,0.000000,docs/tmp/final-source-verification-2026-05-09/current_residual_bbox_rerender/cabinet/b051236a40b01709b12b75697cdafa58/front.png
cabinet,b051236a40b01709b12b75697cdafa58,left,ok,0.074120,115,242,0.106163,docs/tmp/final-source-verification-2026-05-09/current_residual_bbox_rerender/cabinet/b051236a40b01709b12b75697cdafa58/left.png
cabinet,b051236a40b01709b12b75697cdafa58,back,ok,0.098473,147,197,0.110470,docs/tmp/final-source-verification-2026-05-09/current_residual_bbox_rerender/cabinet/b051236a40b01709b12b75697cdafa58/back.png
cabinet,b051236a40b01709b12b75697cdafa58,right,blank,0.000000,0,0,0.000000,docs/tmp/final-source-verification-2026-05-09/current_residual_bbox_rerender/cabinet/b051236a40b01709b12b75697cdafa58/right.png
cabinet,b167828cbdec5ad36d70d57a297ecf44,front,ok,0.456223,400,392,0.598145,docs/tmp/final-source-verification-2026-05-09/current_residual_bbox_rerender/cabinet/b167828cbdec5ad36d70d57a297ecf44/front.png
cabinet,b167828cbdec5ad36d70d57a297ecf44,left,ok,0.404476,378,395,0.569572,docs/tmp/final-source-verification-2026-05-09/current_residual_bbox_rerender/cabinet/b167828cbdec5ad36d70d57a297ecf44/left.png
cabinet,b167828cbdec5ad36d70d57a297ecf44,back,ok,0.452095,385,383,0.562496,docs/tmp/final-source-verification-2026-05-09/current_residual_bbox_rerender/cabinet/b167828cbdec5ad36d70d57a297ecf44/back.png
cabinet,b167828cbdec5ad36d70d57a297ecf44,right,ok,0.455051,378,395,0.569572,docs/tmp/final-source-verification-2026-05-09/current_residual_bbox_rerender/cabinet/b167828cbdec5ad36d70d57a297ecf44/right.png
cabinet,b177c40f21ee250c430f97cecc2bb396,front,ok,0.433788,458,294,0.513657,docs/tmp/final-source-verification-2026-05-09/current_residual_bbox_rerender/cabinet/b177c40f21ee250c430f97cecc2bb396/front.png
cabinet,b177c40f21ee250c430f97cecc2bb396,left,ok,0.209209,162,445,0.275002,docs/tmp/final-source-verification-2026-05-09/current_residual_bbox_rerender/cabinet/b177c40f21ee250c430f97cecc2bb396/left.png
cabinet,b177c40f21ee250c430f97cecc2bb396,back,ok,0.420506,462,296,0.521667,docs/tmp/final-source-verification-2026-05-09/current_residual_bbox_rerender/cabinet/b177c40f21ee250c430f97cecc2bb396/back.png
cabinet,b177c40f21ee250c430f97cecc2bb396,right,ok,0.211521,163,445,0.276699,docs/tmp/final-source-verification-2026-05-09/current_residual_bbox_rerender/cabinet/b177c40f21ee250c430f97cecc2bb396/right.png
cabinet,b21321e1a2848a1a23a0152c137319cd,front,ok,0.185982,208,319,0.253113,docs/tmp/final-source-verification-2026-05-09/current_residual_bbox_rerender/cabinet/b21321e1a2848a1a23a0152c137319cd/front.png
cabinet,b21321e1a2848a1a23a0152c137319cd,left,ok,0.161064,504,91,0.174957,docs/tmp/final-source-verification-2026-05-09/current_residual_bbox_rerender/cabinet/b21321e1a2848a1a23a0152c137319cd/left.png
cabinet,b21321e1a2848a1a23a0152c137319cd,back,ok,0.186020,208,319,0.253113,docs/tmp/final-source-verification-2026-05-09/current_residual_bbox_rerender/cabinet/b21321e1a2848a1a23a0152c137319cd/back.png
cabinet,b21321e1a2848a1a23a0152c137319cd,right,ok,0.161068,504,91,0.174957,docs/tmp/final-source-verification-2026-05-09/current_residual_bbox_rerender/cabinet/b21321e1a2848a1a23a0152c137319cd/right.png
cabinet,b2c045d54227b760dc900ec0c8146148,front,ok,0.025040,20,411,0.031357,docs/tmp/final-source-verification-2026-05-09/current_residual_bbox_rerender/cabinet/b2c045d54227b760dc900ec0c8146148/front.png
cabinet,b2c045d54227b760dc900ec0c8146148,left,ok,0.044632,36,407,0.055893,docs/tmp/final-source-verification-2026-05-09/current_residual_bbox_rerender/cabinet/b2c045d54227b760dc900ec0c8146148/left.png
cabinet,b2c045d54227b760dc900ec0c8146148,back,ok,0.025059,20,411,0.031357,docs/tmp/final-source-verification-2026-05-09/current_residual_bbox_rerender/cabinet/b2c045d54227b760dc900ec0c8146148/back.png
cabinet,b2c045d54227b760dc900ec0c8146148,right,ok,0.044819,36,407,0.055893,docs/tmp/final-source-verification-2026-05-09/current_residual_bbox_rerender/cabinet/b2c045d54227b760dc900ec0c8146148/right.png
cabinet,b2df04178ae53c4307c24b1bf274c8cf,front,ok,0.306370,512,170,0.332031,docs/tmp/final-source-verification-2026-05-09/current_residual_bbox_rerender/cabinet/b2df04178ae53c4307c24b1bf274c8cf/front.png
cabinet,b2df04178ae53c4307c24b1bf274c8cf,left,ok,0.296547,290,349,0.386086,docs/tmp/final-source-verification-2026-05-09/current_residual_bbox_rerender/cabinet/b2df04178ae53c4307c24b1bf274c8cf/left.png
cabinet,b2df04178ae53c4307c24b1bf274c8cf,back,ok,0.306366,512,170,0.332031,docs/tmp/final-source-verification-2026-05-09/current_residual_bbox_rerender/cabinet/b2df04178ae53c4307c24b1bf274c8cf/back.png
cabinet,b2df04178ae53c4307c24b1bf274c8cf,right,ok,0.296547,290,349,0.386086,docs/tmp/final-source-verification-2026-05-09/current_residual_bbox_rerender/cabinet/b2df04178ae53c4307c24b1bf274c8cf/right.png
cabinet,b42c7faab4a78e021d7e3cc6c5a81734,front,ok,0.431602,466,286,0.508408,docs/tmp/final-source-verification-2026-05-09/current_residual_bbox_rerender/cabinet/b42c7faab4a78e021d7e3cc6c5a81734/front.png
cabinet,b42c7faab4a78e021d7e3cc6c5a81734,left,ok,0.207333,160,444,0.270996,docs/tmp/final-source-verification-2026-05-09/current_residual_bbox_rerender/cabinet/b42c7faab4a78e021d7e3cc6c5a81734/left.png
cabinet,b42c7faab4a78e021d7e3cc6c5a81734,back,ok,0.431625,466,286,0.508408,docs/tmp/final-source-verification-2026-05-09/current_residual_bbox_rerender/cabinet/b42c7faab4a78e021d7e3cc6c5a81734/back.png
cabinet,b42c7faab4a78e021d7e3cc6c5a81734,right,ok,0.208233,160,444,0.270996,docs/tmp/final-source-verification-2026-05-09/current_residual_bbox_rerender/cabinet/b42c7faab4a78e021d7e3cc6c5a81734/right.png
cabinet,b6d88a2e8f94f6d1a1916fc1b083f269,front,ok,0.409176,504,244,0.469116,docs/tmp/final-source-verification-2026-05-09/current_residual_bbox_rerender/cabinet/b6d88a2e8f94f6d1a1916fc1b083f269/front.png
cabinet,b6d88a2e8f94f6d1a1916fc1b083f269,left,ok,0.243938,195,426,0.316887,docs/tmp/final-source-verification-2026-05-09/current_residual_bbox_rerender/cabinet/b6d88a2e8f94f6d1a1916fc1b083f269/left.png
cabinet,b6d88a2e8f94f6d1a1916fc1b083f269,back,ok,0.408298,502,244,0.467255,docs/tmp/final-source-verification-2026-05-09/current_residual_bbox_rerender/cabinet/b6d88a2e8f94f6d1a1916fc1b083f269/back.png
cabinet,b6d88a2e8f94f6d1a1916fc1b083f269,right,ok,0.243767,196,426,0.318512,docs/tmp/final-source-verification-2026-05-09/current_residual_bbox_rerender/cabinet/b6d88a2e8f94f6d1a1916fc1b083f269/right.png
cabinet,b7753a03a8a0b555c4fe691b4e97e681,front,ok,0.024117,20,411,0.031357,docs/tmp/final-source-verification-2026-05-09/current_residual_bbox_rerender/cabinet/b7753a03a8a0b555c4fe691b4e97e681/front.png
cabinet,b7753a03a8a0b555c4fe691b4e97e681,left,ok,0.044765,36,407,0.055893,docs/tmp/final-source-verification-2026-05-09/current_residual_bbox_rerender/cabinet/b7753a03a8a0b555c4fe691b4e97e681/left.png
cabinet,b7753a03a8a0b555c4fe691b4e97e681,back,ok,0.025063,20,411,0.031357,docs/tmp/final-source-verification-2026-05-09/current_residual_bbox_rerender/cabinet/b7753a03a8a0b555c4fe691b4e97e681/back.png
cabinet,b7753a03a8a0b555c4fe691b4e97e681,right,ok,0.044319,36,407,0.055893,docs/tmp/final-source-verification-2026-05-09/current_residual_bbox_rerender/cabinet/b7753a03a8a0b555c4fe691b4e97e681/right.png
cabinet,b79aea153ed0e7608e98f1174321cb5b,front,ok,0.375462,498,224,0.425537,docs/tmp/final-source-verification-2026-05-09/current_residual_bbox_rerender/cabinet/b79aea153ed0e7608e98f1174321cb5b/front.png
cabinet,b79aea153ed0e7608e98f1174321cb5b,left,ok,0.191048,156,423,0.251724,docs/tmp/final-source-verification-2026-05-09/current_residual_bbox_rerender/cabinet/b79aea153ed0e7608e98f1174321cb5b/left.png
cabinet,b79aea153ed0e7608e98f1174321cb5b,back,ok,0.377579,502,225,0.430870,docs/tmp/final-source-verification-2026-05-09/current_residual_bbox_rerender/cabinet/b79aea153ed0e7608e98f1174321cb5b/back.png
cabinet,b79aea153ed0e7608e98f1174321cb5b,right,ok,0.193626,156,423,0.251724,docs/tmp/final-source-verification-2026-05-09/current_residual_bbox_rerender/cabinet/b79aea153ed0e7608e98f1174321cb5b/right.png
cabinet,b98ecd271c33b455b28189e72a981600,front,ok,0.319855,512,184,0.359375,docs/tmp/final-source-verification-2026-05-09/current_residual_bbox_rerender/cabinet/b98ecd271c33b455b28189e72a981600/front.png
cabinet,b98ecd271c33b455b28189e72a981600,left,ok,0.311905,304,352,0.408203,docs/tmp/final-source-verification-2026-05-09/current_residual_bbox_rerender/cabinet/b98ecd271c33b455b28189e72a981600/left.png
cabinet,b98ecd271c33b455b28189e72a981600,back,ok,0.321484,512,184,0.359375,docs/tmp/final-source-verification-2026-05-09/current_residual_bbox_rerender/cabinet/b98ecd271c33b455b28189e72a981600/back.png
cabinet,b98ecd271c33b455b28189e72a981600,right,ok,0.295383,304,350,0.405884,docs/tmp/final-source-verification-2026-05-09/current_residual_bbox_rerender/cabinet/b98ecd271c33b455b28189e72a981600/right.png
cabinet,b99d258732159888586c2f51a5497167,front,ok,0.401142,375,345,0.493526,docs/tmp/final-source-verification-2026-05-09/current_residual_bbox_rerender/cabinet/b99d258732159888586c2f51a5497167/front.png
cabinet,b99d258732159888586c2f51a5497167,left,ok,0.144142,107,457,0.186535,docs/tmp/final-source-verification-2026-05-09/current_residual_bbox_rerender/cabinet/b99d258732159888586c2f51a5497167/left.png
cabinet,b99d258732159888586c2f51a5497167,back,ok,0.402378,376,345,0.494843,docs/tmp/final-source-verification-2026-05-09/current_residual_bbox_rerender/cabinet/b99d258732159888586c2f51a5497167/back.png
cabinet,b99d258732159888586c2f51a5497167,right,ok,0.145763,108,457,0.188278,docs/tmp/final-source-verification-2026-05-09/current_residual_bbox_rerender/cabinet/b99d258732159888586c2f51a5497167/right.png
cabinet,b9de2d5b50dbb2dd091f0fbfc3ed9500,front,ok,0.114506,478,66,0.120346,docs/tmp/final-source-verification-2026-05-09/current_residual_bbox_rerender/cabinet/b9de2d5b50dbb2dd091f0fbfc3ed9500/front.png
cabinet,b9de2d5b50dbb2dd091f0fbfc3ed9500,left,ok,0.009987,10,370,0.014114,docs/tmp/final-source-verification-2026-05-09/current_residual_bbox_rerender/cabinet/b9de2d5b50dbb2dd091f0fbfc3ed9500/left.png
cabinet,b9de2d5b50dbb2dd091f0fbfc3ed9500,back,ok,0.114769,478,66,0.120346,docs/tmp/final-source-verification-2026-05-09/current_residual_bbox_rerender/cabinet/b9de2d5b50dbb2dd091f0fbfc3ed9500/back.png
cabinet,b9de2d5b50dbb2dd091f0fbfc3ed9500,right,ok,0.009979,10,370,0.014114,docs/tmp/final-source-verification-2026-05-09/current_residual_bbox_rerender/cabinet/b9de2d5b50dbb2dd091f0fbfc3ed9500/right.png
cabinet,ba215c775d9633bb01b431571603a57f,front,ok,0.063240,48,439,0.080383,docs/tmp/final-source-verification-2026-05-09/current_residual_bbox_rerender/cabinet/ba215c775d9633bb01b431571603a57f/front.png
cabinet,ba215c775d9633bb01b431571603a57f,left,ok,0.199589,164,408,0.255249,docs/tmp/final-source-verification-2026-05-09/current_residual_bbox_rerender/cabinet/ba215c775d9633bb01b431571603a57f/left.png
cabinet,ba215c775d9633bb01b431571603a57f,back,ok,0.062660,48,439,0.080383,docs/tmp/final-source-verification-2026-05-09/current_residual_bbox_rerender/cabinet/ba215c775d9633bb01b431571603a57f/back.png
cabinet,ba215c775d9633bb01b431571603a57f,right,ok,0.199509,164,408,0.255249,docs/tmp/final-source-verification-2026-05-09/current_residual_bbox_rerender/cabinet/ba215c775d9633bb01b431571603a57f/right.png
cabinet,ba56c3e6a715bc302fdebd862ecfb21e,front,ok,0.391586,444,285,0.482712,docs/tmp/final-source-verification-2026-05-09/current_residual_bbox_rerender/cabinet/ba56c3e6a715bc302fdebd862ecfb21e/front.png
cabinet,ba56c3e6a715bc302fdebd862ecfb21e,left,ok,0.127968,98,451,0.168602,docs/tmp/final-source-verification-2026-05-09/current_residual_bbox_rerender/cabinet/ba56c3e6a715bc302fdebd862ecfb21e/left.png
cabinet,ba56c3e6a715bc302fdebd862ecfb21e,back,ok,0.385582,446,285,0.484886,docs/tmp/final-source-verification-2026-05-09/current_residual_bbox_rerender/cabinet/ba56c3e6a715bc302fdebd862ecfb21e/back.png
cabinet,ba56c3e6a715bc302fdebd862ecfb21e,right,ok,0.087997,98,451,0.168602,docs/tmp/final-source-verification-2026-05-09/current_residual_bbox_rerender/cabinet/ba56c3e6a715bc302fdebd862ecfb21e/right.png
cabinet,baf56f14fe94ce6e51fc2fcd73877608,front,ok,0.183613,483,107,0.197147,docs/tmp/final-source-verification-2026-05-09/current_residual_bbox_rerender/cabinet/baf56f14fe94ce6e51fc2fcd73877608/front.png
cabinet,baf56f14fe94ce6e51fc2fcd73877608,left,ok,0.017231,14,391,0.020882,docs/tmp/final-source-verification-2026-05-09/current_residual_bbox_rerender/cabinet/baf56f14fe94ce6e51fc2fcd73877608/left.png
cabinet,baf56f14fe94ce6e51fc2fcd73877608,back,ok,0.183613,483,107,0.197147,docs/tmp/final-source-verification-2026-05-09/current_residual_bbox_rerender/cabinet/baf56f14fe94ce6e51fc2fcd73877608/back.png
cabinet,baf56f14fe94ce6e51fc2fcd73877608,right,ok,0.017231,14,391,0.020882,docs/tmp/final-source-verification-2026-05-09/current_residual_bbox_rerender/cabinet/baf56f14fe94ce6e51fc2fcd73877608/right.png
cabinet,bb8788bb75e34058841836fc14a60c22,front,ok,0.279114,507,157,0.303646,docs/tmp/final-source-verification-2026-05-09/current_residual_bbox_rerender/cabinet/bb8788bb75e34058841836fc14a60c22/front.png
cabinet,bb8788bb75e34058841836fc14a60c22,left,ok,0.147041,127,398,0.192818,docs/tmp/final-source-verification-2026-05-09/current_residual_bbox_rerender/cabinet/bb8788bb75e34058841836fc14a60c22/left.png
cabinet,bb8788bb75e34058841836fc14a60c22,back,ok,0.278877,506,157,0.303047,docs/tmp/final-source-verification-2026-05-09/current_residual_bbox_rerender/cabinet/bb8788bb75e34058841836fc14a60c22/back.png
cabinet,bb8788bb75e34058841836fc14a60c22,right,ok,0.146965,126,398,0.191299,docs/tmp/final-source-verification-2026-05-09/current_residual_bbox_rerender/cabinet/bb8788bb75e34058841836fc14a60c22/right.png
cabinet,bb9e1bce727fb787d4d2547978a22f3d,front,ok,0.366413,512,215,0.419922,docs/tmp/final-source-verification-2026-05-09/current_residual_bbox_rerender/cabinet/bb9e1bce727fb787d4d2547978a22f3d/front.png
cabinet,bb9e1bce727fb787d4d2547978a22f3d,left,ok,0.374950,399,314,0.477928,docs/tmp/final-source-verification-2026-05-09/current_residual_bbox_rerender/cabinet/bb9e1bce727fb787d4d2547978a22f3d/left.png
cabinet,bb9e1bce727fb787d4d2547978a22f3d,back,ok,0.366264,512,215,0.419922,docs/tmp/final-source-verification-2026-05-09/current_residual_bbox_rerender/cabinet/bb9e1bce727fb787d4d2547978a22f3d/back.png
cabinet,bb9e1bce727fb787d4d2547978a22f3d,right,ok,0.351849,400,314,0.479126,docs/tmp/final-source-verification-2026-05-09/current_residual_bbox_rerender/cabinet/bb9e1bce727fb787d4d2547978a22f3d/right.png
cabinet,bc535844bf4e712f401dd5d458b08b6d,front,ok,0.476601,416,373,0.591919,docs/tmp/final-source-verification-2026-05-09/current_residual_bbox_rerender/cabinet/bc535844bf4e712f401dd5d458b08b6d/front.png
cabinet,bc535844bf4e712f401dd5d458b08b6d,left,ok,0.393242,312,419,0.498688,docs/tmp/final-source-verification-2026-05-09/current_residual_bbox_rerender/cabinet/bc535844bf4e712f401dd5d458b08b6d/left.png
cabinet,bc535844bf4e712f401dd5d458b08b6d,back,ok,0.465900,409,369,0.575718,docs/tmp/final-source-verification-2026-05-09/current_residual_bbox_rerender/cabinet/bc535844bf4e712f401dd5d458b08b6d/back.png
cabinet,bc535844bf4e712f401dd5d458b08b6d,right,ok,0.397778,317,418,0.505470,docs/tmp/final-source-verification-2026-05-09/current_residual_bbox_rerender/cabinet/bc535844bf4e712f401dd5d458b08b6d/right.png
cabinet,bd0a5a4855f3f5693eb405f1723a2fc7,front,ok,0.371117,466,265,0.471077,docs/tmp/final-source-verification-2026-05-09/current_residual_bbox_rerender/cabinet/bd0a5a4855f3f5693eb405f1723a2fc7/front.png
cabinet,bd0a5a4855f3f5693eb405f1723a2fc7,left,ok,0.377029,475,258,0.467491,docs/tmp/final-source-verification-2026-05-09/current_residual_bbox_rerender/cabinet/bd0a5a4855f3f5693eb405f1723a2fc7/left.png
cabinet,bd0a5a4855f3f5693eb405f1723a2fc7,back,ok,0.296177,469,255,0.456219,docs/tmp/final-source-verification-2026-05-09/current_residual_bbox_rerender/cabinet/bd0a5a4855f3f5693eb405f1723a2fc7/back.png
cabinet,bd0a5a4855f3f5693eb405f1723a2fc7,right,ok,0.376976,478,255,0.464973,docs/tmp/final-source-verification-2026-05-09/current_residual_bbox_rerender/cabinet/bd0a5a4855f3f5693eb405f1723a2fc7/right.png
cabinet,bd222255965857d4d7fe7a529d4eb93a,front,ok,0.424896,380,383,0.555191,docs/tmp/final-source-verification-2026-05-09/current_residual_bbox_rerender/cabinet/bd222255965857d4d7fe7a529d4eb93a/front.png
cabinet,bd222255965857d4d7fe7a529d4eb93a,left,ok,0.489628,506,300,0.579071,docs/tmp/final-source-verification-2026-05-09/current_residual_bbox_rerender/cabinet/bd222255965857d4d7fe7a529d4eb93a/left.png
cabinet,bd222255965857d4d7fe7a529d4eb93a,back,ok,0.424973,380,383,0.555191,docs/tmp/final-source-verification-2026-05-09/current_residual_bbox_rerender/cabinet/bd222255965857d4d7fe7a529d4eb93a/back.png
cabinet,bd222255965857d4d7fe7a529d4eb93a,right,ok,0.448982,506,300,0.579071,docs/tmp/final-source-verification-2026-05-09/current_residual_bbox_rerender/cabinet/bd222255965857d4d7fe7a529d4eb93a/right.png
cabinet,be2234dbba941a17522a2cf48d88d268,front,ok,0.387173,498,321,0.609810,docs/tmp/final-source-verification-2026-05-09/current_residual_bbox_rerender/cabinet/be2234dbba941a17522a2cf48d88d268/front.png
cabinet,be2234dbba941a17522a2cf48d88d268,left,ok,0.377941,384,394,0.577148,docs/tmp/final-source-verification-2026-05-09/current_residual_bbox_rerender/cabinet/be2234dbba941a17522a2cf48d88d268/left.png
cabinet,be2234dbba941a17522a2cf48d88d268,back,ok,0.367634,498,321,0.609810,docs/tmp/final-source-verification-2026-05-09/current_residual_bbox_rerender/cabinet/be2234dbba941a17522a2cf48d88d268/back.png
cabinet,be2234dbba941a17522a2cf48d88d268,right,ok,0.413948,384,394,0.577148,docs/tmp/final-source-verification-2026-05-09/current_residual_bbox_rerender/cabinet/be2234dbba941a17522a2cf48d88d268/right.png
cabinet,c2baafe7faae17a654ae50ac0794baa7,front,ok,0.031849,468,18,0.032135,docs/tmp/final-source-verification-2026-05-09/current_residual_bbox_rerender/cabinet/c2baafe7faae17a654ae50ac0794baa7/front.png
cabinet,c2baafe7faae17a654ae50ac0794baa7,left,ok,0.024284,28,324,0.034607,docs/tmp/final-source-verification-2026-05-09/current_residual_bbox_rerender/cabinet/c2baafe7faae17a654ae50ac0794baa7/left.png
cabinet,c2baafe7faae17a654ae50ac0794baa7,back,ok,0.022991,468,13,0.023209,docs/tmp/final-source-verification-2026-05-09/current_residual_bbox_rerender/cabinet/c2baafe7faae17a654ae50ac0794baa7/back.png
cabinet,c2baafe7faae17a654ae50ac0794baa7,right,ok,0.024281,28,324,0.034607,docs/tmp/final-source-verification-2026-05-09/current_residual_bbox_rerender/cabinet/c2baafe7faae17a654ae50ac0794baa7/right.png
cabinet,c32ceb8e0963306845e5ca8a739d9d0c,front,ok,0.307396,512,177,0.345703,docs/tmp/final-source-verification-2026-05-09/current_residual_bbox_rerender/cabinet/c32ceb8e0963306845e5ca8a739d9d0c/front.png
cabinet,c32ceb8e0963306845e5ca8a739d9d0c,left,ok,0.207832,301,349,0.400730,docs/tmp/final-source-verification-2026-05-09/current_residual_bbox_rerender/cabinet/c32ceb8e0963306845e5ca8a739d9d0c/left.png
cabinet,c32ceb8e0963306845e5ca8a739d9d0c,back,ok,0.310402,512,177,0.345703,docs/tmp/final-source-verification-2026-05-09/current_residual_bbox_rerender/cabinet/c32ceb8e0963306845e5ca8a739d9d0c/back.png
cabinet,c32ceb8e0963306845e5ca8a739d9d0c,right,ok,0.263016,302,339,0.390541,docs/tmp/final-source-verification-2026-05-09/current_residual_bbox_rerender/cabinet/c32ceb8e0963306845e5ca8a739d9d0c/right.png
cabinet,c374d6871c66a3e3addaf9ca544316fd,front,ok,0.382614,494,249,0.469231,docs/tmp/final-source-verification-2026-05-09/current_residual_bbox_rerender/cabinet/c374d6871c66a3e3addaf9ca544316fd/front.png
cabinet,c374d6871c66a3e3addaf9ca544316fd,left,ok,0.388302,464,273,0.483215,docs/tmp/final-source-verification-2026-05-09/current_residual_bbox_rerender/cabinet/c374d6871c66a3e3addaf9ca544316fd/left.png
cabinet,c374d6871c66a3e3addaf9ca544316fd,back,ok,0.382793,494,249,0.469231,docs/tmp/final-source-verification-2026-05-09/current_residual_bbox_rerender/cabinet/c374d6871c66a3e3addaf9ca544316fd/back.png
cabinet,c374d6871c66a3e3addaf9ca544316fd,right,ok,0.383274,464,273,0.483215,docs/tmp/final-source-verification-2026-05-09/current_residual_bbox_rerender/cabinet/c374d6871c66a3e3addaf9ca544316fd/right.png
cabinet,c3d775aaa4117e7169a87f1ba6ad6eec,front,ok,0.034859,462,20,0.035248,docs/tmp/final-source-verification-2026-05-09/current_residual_bbox_rerender/cabinet/c3d775aaa4117e7169a87f1ba6ad6eec/front.png
cabinet,c3d775aaa4117e7169a87f1ba6ad6eec,left,ok,0.018532,20,332,0.025330,docs/tmp/final-source-verification-2026-05-09/current_residual_bbox_rerender/cabinet/c3d775aaa4117e7169a87f1ba6ad6eec/left.png
cabinet,c3d775aaa4117e7169a87f1ba6ad6eec,back,ok,0.038727,467,22,0.039192,docs/tmp/final-source-verification-2026-05-09/current_residual_bbox_rerender/cabinet/c3d775aaa4117e7169a87f1ba6ad6eec/back.png
cabinet,c3d775aaa4117e7169a87f1ba6ad6eec,right,ok,0.017914,20,333,0.025406,docs/tmp/final-source-verification-2026-05-09/current_residual_bbox_rerender/cabinet/c3d775aaa4117e7169a87f1ba6ad6eec/right.png
cabinet,c43392a9e2dd7be34b1a6a7cdc7747fb,front,ok,0.033581,468,19,0.033920,docs/tmp/final-source-verification-2026-05-09/current_residual_bbox_rerender/cabinet/c43392a9e2dd7be34b1a6a7cdc7747fb/front.png
cabinet,c43392a9e2dd7be34b1a6a7cdc7747fb,left,ok,0.015007,16,332,0.020264,docs/tmp/final-source-verification-2026-05-09/current_residual_bbox_rerender/cabinet/c43392a9e2dd7be34b1a6a7cdc7747fb/left.png
cabinet,c43392a9e2dd7be34b1a6a7cdc7747fb,back,ok,0.033249,463,19,0.033558,docs/tmp/final-source-verification-2026-05-09/current_residual_bbox_rerender/cabinet/c43392a9e2dd7be34b1a6a7cdc7747fb/back.png
cabinet,c43392a9e2dd7be34b1a6a7cdc7747fb,right,ok,0.014675,16,333,0.020325,docs/tmp/final-source-verification-2026-05-09/current_residual_bbox_rerender/cabinet/c43392a9e2dd7be34b1a6a7cdc7747fb/right.png
cabinet,c4c751bead45675090d7b4adda928f55,front,ok,0.399204,348,399,0.529678,docs/tmp/final-source-verification-2026-05-09/current_residual_bbox_rerender/cabinet/c4c751bead45675090d7b4adda928f55/front.png
cabinet,c4c751bead45675090d7b4adda928f55,left,ok,0.400257,380,390,0.565338,docs/tmp/final-source-verification-2026-05-09/current_residual_bbox_rerender/cabinet/c4c751bead45675090d7b4adda928f55/left.png
cabinet,c4c751bead45675090d7b4adda928f55,back,ok,0.416157,340,393,0.509720,docs/tmp/final-source-verification-2026-05-09/current_residual_bbox_rerender/cabinet/c4c751bead45675090d7b4adda928f55/back.png
cabinet,c4c751bead45675090d7b4adda928f55,right,ok,0.408535,358,377,0.514854,docs/tmp/final-source-verification-2026-05-09/current_residual_bbox_rerender/cabinet/c4c751bead45675090d7b4adda928f55/right.png
cabinet,c4ea5b9a659e221f4f93fcea6b548a5b,front,ok,0.325893,386,288,0.424072,docs/tmp/final-source-verification-2026-05-09/current_residual_bbox_rerender/cabinet/c4ea5b9a659e221f4f93fcea6b548a5b/front.png
cabinet,c4ea5b9a659e221f4f93fcea6b548a5b,left,ok,0.306934,512,185,0.361328,docs/tmp/final-source-verification-2026-05-09/current_residual_bbox_rerender/cabinet/c4ea5b9a659e221f4f93fcea6b548a5b/left.png
cabinet,c4ea5b9a659e221f4f93fcea6b548a5b,back,ok,0.332603,386,293,0.431435,docs/tmp/final-source-verification-2026-05-09/current_residual_bbox_rerender/cabinet/c4ea5b9a659e221f4f93fcea6b548a5b/back.png
cabinet,c4ea5b9a659e221f4f93fcea6b548a5b,right,ok,0.306934,512,185,0.361328,docs/tmp/final-source-verification-2026-05-09/current_residual_bbox_rerender/cabinet/c4ea5b9a659e221f4f93fcea6b548a5b/right.png
cabinet,c519f1a811a84b231232c3808588b911,front,ok,0.284397,512,174,0.339844,docs/tmp/final-source-verification-2026-05-09/current_residual_bbox_rerender/cabinet/c519f1a811a84b231232c3808588b911/front.png
cabinet,c519f1a811a84b231232c3808588b911,left,ok,0.278584,258,369,0.363167,docs/tmp/final-source-verification-2026-05-09/current_residual_bbox_rerender/cabinet/c519f1a811a84b231232c3808588b911/left.png
cabinet,c519f1a811a84b231232c3808588b911,back,ok,0.315796,512,174,0.339844,docs/tmp/final-source-verification-2026-05-09/current_residual_bbox_rerender/cabinet/c519f1a811a84b231232c3808588b911/back.png
cabinet,c519f1a811a84b231232c3808588b911,right,ok,0.278587,258,369,0.363167,docs/tmp/final-source-verification-2026-05-09/current_residual_bbox_rerender/cabinet/c519f1a811a84b231232c3808588b911/right.png
cabinet,c565c84bc38df671c1800c35c818d8b3,front,ok,0.321850,485,248,0.458832,docs/tmp/final-source-verification-2026-05-09/current_residual_bbox_rerender/cabinet/c565c84bc38df671c1800c35c818d8b3/front.png
cabinet,c565c84bc38df671c1800c35c818d8b3,left,ok,0.353676,467,263,0.468525,docs/tmp/final-source-verification-2026-05-09/current_residual_bbox_rerender/cabinet/c565c84bc38df671c1800c35c818d8b3/left.png
cabinet,c565c84bc38df671c1800c35c818d8b3,back,ok,0.343193,488,250,0.465393,docs/tmp/final-source-verification-2026-05-09/current_residual_bbox_rerender/cabinet/c565c84bc38df671c1800c35c818d8b3/back.png
cabinet,c565c84bc38df671c1800c35c818d8b3,right,ok,0.322197,467,264,0.470306,docs/tmp/final-source-verification-2026-05-09/current_residual_bbox_rerender/cabinet/c565c84bc38df671c1800c35c818d8b3/right.png
cabinet,c59b74e1cda143c49625c0b06c36e64e,front,ok,0.396152,397,319,0.483105,docs/tmp/final-source-verification-2026-05-09/current_residual_bbox_rerender/cabinet/c59b74e1cda143c49625c0b06c36e64e/front.png
cabinet,c59b74e1cda143c49625c0b06c36e64e,left,ok,0.102051,77,458,0.134529,docs/tmp/final-source-verification-2026-05-09/current_residual_bbox_rerender/cabinet/c59b74e1cda143c49625c0b06c36e64e/left.png
cabinet,c59b74e1cda143c49625c0b06c36e64e,back,ok,0.399334,398,319,0.484322,docs/tmp/final-source-verification-2026-05-09/current_residual_bbox_rerender/cabinet/c59b74e1cda143c49625c0b06c36e64e/back.png
cabinet,c59b74e1cda143c49625c0b06c36e64e,right,ok,0.103416,78,458,0.136276,docs/tmp/final-source-verification-2026-05-09/current_residual_bbox_rerender/cabinet/c59b74e1cda143c49625c0b06c36e64e/right.png
cabinet,c6113ae3b3652c485c02a0dca2a4a175,front,ok,0.295288,420,278,0.445404,docs/tmp/final-source-verification-2026-05-09/current_residual_bbox_rerender/cabinet/c6113ae3b3652c485c02a0dca2a4a175/front.png
cabinet,c6113ae3b3652c485c02a0dca2a4a175,left,ok,0.253017,500,209,0.398636,docs/tmp/final-source-verification-2026-05-09/current_residual_bbox_rerender/cabinet/c6113ae3b3652c485c02a0dca2a4a175/left.png
cabinet,c6113ae3b3652c485c02a0dca2a4a175,back,ok,0.295296,420,278,0.445404,docs/tmp/final-source-verification-2026-05-09/current_residual_bbox_rerender/cabinet/c6113ae3b3652c485c02a0dca2a4a175/back.png
cabinet,c6113ae3b3652c485c02a0dca2a4a175,right,ok,0.306431,504,203,0.390289,docs/tmp/final-source-verification-2026-05-09/current_residual_bbox_rerender/cabinet/c6113ae3b3652c485c02a0dca2a4a175/right.png
cabinet,c7c94deabb0a556a6953cfa454e62bca,front,ok,0.020329,16,412,0.025146,docs/tmp/final-source-verification-2026-05-09/current_residual_bbox_rerender/cabinet/c7c94deabb0a556a6953cfa454e62bca/front.png
cabinet,c7c94deabb0a556a6953cfa454e62bca,left,ok,0.052441,44,406,0.068146,docs/tmp/final-source-verification-2026-05-09/current_residual_bbox_rerender/cabinet/c7c94deabb0a556a6953cfa454e62bca/left.png
cabinet,c7c94deabb0a556a6953cfa454e62bca,back,ok,0.020340,16,412,0.025146,docs/tmp/final-source-verification-2026-05-09/current_residual_bbox_rerender/cabinet/c7c94deabb0a556a6953cfa454e62bca/back.png
cabinet,c7c94deabb0a556a6953cfa454e62bca,right,ok,0.052799,44,406,0.068146,docs/tmp/final-source-verification-2026-05-09/current_residual_bbox_rerender/cabinet/c7c94deabb0a556a6953cfa454e62bca/right.png
cabinet,c803d393caa7ac5f1ff0fb53e3ff80a8,front,ok,0.461433,404,375,0.577927,docs/tmp/final-source-verification-2026-05-09/current_residual_bbox_rerender/cabinet/c803d393caa7ac5f1ff0fb53e3ff80a8/front.png
cabinet,c803d393caa7ac5f1ff0fb53e3ff80a8,left,ok,0.496071,509,304,0.590271,docs/tmp/final-source-verification-2026-05-09/current_residual_bbox_rerender/cabinet/c803d393caa7ac5f1ff0fb53e3ff80a8/left.png
cabinet,c803d393caa7ac5f1ff0fb53e3ff80a8,back,ok,0.462868,408,375,0.583649,docs/tmp/final-source-verification-2026-05-09/current_residual_bbox_rerender/cabinet/c803d393caa7ac5f1ff0fb53e3ff80a8/back.png
cabinet,c803d393caa7ac5f1ff0fb53e3ff80a8,right,ok,0.493790,507,304,0.587952,docs/tmp/final-source-verification-2026-05-09/current_residual_bbox_rerender/cabinet/c803d393caa7ac5f1ff0fb53e3ff80a8/right.png
cabinet,c935d086c0db421b10a76997bae4453f,front,ok,0.337719,507,194,0.375206,docs/tmp/final-source-verification-2026-05-09/current_residual_bbox_rerender/cabinet/c935d086c0db421b10a76997bae4453f/front.png
cabinet,c935d086c0db421b10a76997bae4453f,left,ok,0.202801,170,407,0.263939,docs/tmp/final-source-verification-2026-05-09/current_residual_bbox_rerender/cabinet/c935d086c0db421b10a76997bae4453f/left.png
cabinet,c935d086c0db421b10a76997bae4453f,back,ok,0.344112,512,195,0.380859,docs/tmp/final-source-verification-2026-05-09/current_residual_bbox_rerender/cabinet/c935d086c0db421b10a76997bae4453f/back.png
cabinet,c935d086c0db421b10a76997bae4453f,right,ok,0.206646,173,407,0.268597,docs/tmp/final-source-verification-2026-05-09/current_residual_bbox_rerender/cabinet/c935d086c0db421b10a76997bae4453f/right.png
cabinet,c95de9eff5043760a8ed53a3a0e6f608,front,ok,0.310020,348,331,0.439407,docs/tmp/final-source-verification-2026-05-09/current_residual_bbox_rerender/cabinet/c95de9eff5043760a8ed53a3a0e6f608/front.png
cabinet,c95de9eff5043760a8ed53a3a0e6f608,left,ok,0.335007,512,192,0.375000,docs/tmp/final-source-verification-2026-05-09/current_residual_bbox_rerender/cabinet/c95de9eff5043760a8ed53a3a0e6f608/left.png
cabinet,c95de9eff5043760a8ed53a3a0e6f608,back,ok,0.322952,348,331,0.439407,docs/tmp/final-source-verification-2026-05-09/current_residual_bbox_rerender/cabinet/c95de9eff5043760a8ed53a3a0e6f608/back.png
cabinet,c95de9eff5043760a8ed53a3a0e6f608,right,ok,0.300323,512,182,0.355469,docs/tmp/final-source-verification-2026-05-09/current_residual_bbox_rerender/cabinet/c95de9eff5043760a8ed53a3a0e6f608/right.png
cabinet,cb561db826a2ed38da0ed8eccc202c47,front,ok,0.467690,453,353,0.610004,docs/tmp/final-source-verification-2026-05-09/current_residual_bbox_rerender/cabinet/cb561db826a2ed38da0ed8eccc202c47/front.png
cabinet,cb561db826a2ed38da0ed8eccc202c47,left,ok,0.503944,490,326,0.609360,docs/tmp/final-source-verification-2026-05-09/current_residual_bbox_rerender/cabinet/cb561db826a2ed38da0ed8eccc202c47/left.png
cabinet,cb561db826a2ed38da0ed8eccc202c47,back,ok,0.467712,453,353,0.610004,docs/tmp/final-source-verification-2026-05-09/current_residual_bbox_rerender/cabinet/cb561db826a2ed38da0ed8eccc202c47/back.png
cabinet,cb561db826a2ed38da0ed8eccc202c47,right,ok,0.484791,490,325,0.607491,docs/tmp/final-source-verification-2026-05-09/current_residual_bbox_rerender/cabinet/cb561db826a2ed38da0ed8eccc202c47/right.png
cabinet,cbab51254d16b6acf1685955b2b002d0,front,ok,0.080929,68,398,0.103241,docs/tmp/final-source-verification-2026-05-09/current_residual_bbox_rerender/cabinet/cbab51254d16b6acf1685955b2b002d0/front.png
cabinet,cbab51254d16b6acf1685955b2b002d0,left,ok,0.304466,304,369,0.427917,docs/tmp/final-source-verification-2026-05-09/current_residual_bbox_rerender/cabinet/cbab51254d16b6acf1685955b2b002d0/left.png
cabinet,cbab51254d16b6acf1685955b2b002d0,back,ok,0.059971,66,457,0.115059,docs/tmp/final-source-verification-2026-05-09/current_residual_bbox_rerender/cabinet/cbab51254d16b6acf1685955b2b002d0/back.png
cabinet,cbab51254d16b6acf1685955b2b002d0,right,ok,0.284767,297,354,0.401070,docs/tmp/final-source-verification-2026-05-09/current_residual_bbox_rerender/cabinet/cbab51254d16b6acf1685955b2b002d0/right.png
cabinet,ccd0c711954dc3dbe2d508f03b451ef4,front,ok,0.268269,506,158,0.304977,docs/tmp/final-source-verification-2026-05-09/current_residual_bbox_rerender/cabinet/ccd0c711954dc3dbe2d508f03b451ef4/front.png
cabinet,ccd0c711954dc3dbe2d508f03b451ef4,left,ok,0.140598,122,399,0.185692,docs/tmp/final-source-verification-2026-05-09/current_residual_bbox_rerender/cabinet/ccd0c711954dc3dbe2d508f03b451ef4/left.png
cabinet,ccd0c711954dc3dbe2d508f03b451ef4,back,ok,0.281548,506,159,0.306908,docs/tmp/final-source-verification-2026-05-09/current_residual_bbox_rerender/cabinet/ccd0c711954dc3dbe2d508f03b451ef4/back.png
cabinet,ccd0c711954dc3dbe2d508f03b451ef4,right,ok,0.141865,122,399,0.185692,docs/tmp/final-source-verification-2026-05-09/current_residual_bbox_rerender/cabinet/ccd0c711954dc3dbe2d508f03b451ef4/right.png
cabinet,cd669d742c1c364140fc9956e5e6e29d,front,ok,0.170704,202,306,0.235794,docs/tmp/final-source-verification-2026-05-09/current_residual_bbox_rerender/cabinet/cd669d742c1c364140fc9956e5e6e29d/front.png
cabinet,cd669d742c1c364140fc9956e5e6e29d,left,ok,0.131413,498,76,0.144379,docs/tmp/final-source-verification-2026-05-09/current_residual_bbox_rerender/cabinet/cd669d742c1c364140fc9956e5e6e29d/left.png
cabinet,cd669d742c1c364140fc9956e5e6e29d,back,ok,0.170731,202,306,0.235794,docs/tmp/final-source-verification-2026-05-09/current_residual_bbox_rerender/cabinet/cd669d742c1c364140fc9956e5e6e29d/back.png
cabinet,cd669d742c1c364140fc9956e5e6e29d,right,ok,0.131413,498,76,0.144379,docs/tmp/final-source-verification-2026-05-09/current_residual_bbox_rerender/cabinet/cd669d742c1c364140fc9956e5e6e29d/right.png
cabinet,cd8e798a564acb1564dc284cbcc5d087,front,ok,0.314896,510,179,0.348244,docs/tmp/final-source-verification-2026-05-09/current_residual_bbox_rerender/cabinet/cd8e798a564acb1564dc284cbcc5d087/front.png
cabinet,cd8e798a564acb1564dc284cbcc5d087,left,ok,0.180252,154,403,0.236748,docs/tmp/final-source-verification-2026-05-09/current_residual_bbox_rerender/cabinet/cd8e798a564acb1564dc284cbcc5d087/left.png
cabinet,cd8e798a564acb1564dc284cbcc5d087,back,ok,0.308342,495,179,0.338001,docs/tmp/final-source-verification-2026-05-09/current_residual_bbox_rerender/cabinet/cd8e798a564acb1564dc284cbcc5d087/back.png
cabinet,cd8e798a564acb1564dc284cbcc5d087,right,ok,0.178249,151,403,0.232136,docs/tmp/final-source-verification-2026-05-09/current_residual_bbox_rerender/cabinet/cd8e798a564acb1564dc284cbcc5d087/right.png
cabinet,ce6d6990195849f50462f4ff0a2b820b,front,ok,0.209133,216,347,0.285919,docs/tmp/final-source-verification-2026-05-09/current_residual_bbox_rerender/cabinet/ce6d6990195849f50462f4ff0a2b820b/front.png
cabinet,ce6d6990195849f50462f4ff0a2b820b,left,ok,0.208324,497,125,0.236988,docs/tmp/final-source-verification-2026-05-09/current_residual_bbox_rerender/cabinet/ce6d6990195849f50462f4ff0a2b820b/left.png
cabinet,ce6d6990195849f50462f4ff0a2b820b,back,ok,0.180351,180,347,0.238266,docs/tmp/final-source-verification-2026-05-09/current_residual_bbox_rerender/cabinet/ce6d6990195849f50462f4ff0a2b820b/back.png
cabinet,ce6d6990195849f50462f4ff0a2b820b,right,ok,0.218491,512,125,0.244141,docs/tmp/final-source-verification-2026-05-09/current_residual_bbox_rerender/cabinet/ce6d6990195849f50462f4ff0a2b820b/right.png
cabinet,cebf73466eb691bf9557a0dc4cf35f67,front,ok,0.153820,498,87,0.165276,docs/tmp/final-source-verification-2026-05-09/current_residual_bbox_rerender/cabinet/cebf73466eb691bf9557a0dc4cf35f67/front.png
cabinet,cebf73466eb691bf9557a0dc4cf35f67,left,ok,0.164997,183,325,0.226879,docs/tmp/final-source-verification-2026-05-09/current_residual_bbox_rerender/cabinet/cebf73466eb691bf9557a0dc4cf35f67/left.png
cabinet,cebf73466eb691bf9557a0dc4cf35f67,back,ok,0.153820,497,87,0.164944,docs/tmp/final-source-verification-2026-05-09/current_residual_bbox_rerender/cabinet/cebf73466eb691bf9557a0dc4cf35f67/back.png
cabinet,cebf73466eb691bf9557a0dc4cf35f67,right,ok,0.165001,183,325,0.226879,docs/tmp/final-source-verification-2026-05-09/current_residual_bbox_rerender/cabinet/cebf73466eb691bf9557a0dc4cf35f67/right.png
cabinet,cec0a421ba45b978178906a454e11f53,front,ok,0.419098,400,358,0.546265,docs/tmp/final-source-verification-2026-05-09/current_residual_bbox_rerender/cabinet/cec0a421ba45b978178906a454e11f53/front.png
cabinet,cec0a421ba45b978178906a454e11f53,left,ok,0.432056,502,259,0.495979,docs/tmp/final-source-verification-2026-05-09/current_residual_bbox_rerender/cabinet/cec0a421ba45b978178906a454e11f53/left.png
cabinet,cec0a421ba45b978178906a454e11f53,back,ok,0.394318,356,358,0.486176,docs/tmp/final-source-verification-2026-05-09/current_residual_bbox_rerender/cabinet/cec0a421ba45b978178906a454e11f53/back.png
cabinet,cec0a421ba45b978178906a454e11f53,right,ok,0.423668,512,263,0.513672,docs/tmp/final-source-verification-2026-05-09/current_residual_bbox_rerender/cabinet/cec0a421ba45b978178906a454e11f53/right.png
cabinet,cec86013d20d97c5cddbc52c0271daa9,front,ok,0.342331,512,194,0.378906,docs/tmp/final-source-verification-2026-05-09/current_residual_bbox_rerender/cabinet/cec86013d20d97c5cddbc52c0271daa9/front.png
cabinet,cec86013d20d97c5cddbc52c0271daa9,left,ok,0.291401,330,345,0.434303,docs/tmp/final-source-verification-2026-05-09/current_residual_bbox_rerender/cabinet/cec86013d20d97c5cddbc52c0271daa9/left.png
cabinet,cec86013d20d97c5cddbc52c0271daa9,back,ok,0.344151,512,194,0.378906,docs/tmp/final-source-verification-2026-05-09/current_residual_bbox_rerender/cabinet/cec86013d20d97c5cddbc52c0271daa9/back.png
cabinet,cec86013d20d97c5cddbc52c0271daa9,right,ok,0.336285,330,347,0.436821,docs/tmp/final-source-verification-2026-05-09/current_residual_bbox_rerender/cabinet/cec86013d20d97c5cddbc52c0271daa9/right.png
cabinet,cee3098512f795e9d95ea3d81f7bbc4a,front,ok,0.492981,450,349,0.599098,docs/tmp/final-source-verification-2026-05-09/current_residual_bbox_rerender/cabinet/cee3098512f795e9d95ea3d81f7bbc4a/front.png
cabinet,cee3098512f795e9d95ea3d81f7bbc4a,left,ok,0.442719,361,406,0.559105,docs/tmp/final-source-verification-2026-05-09/current_residual_bbox_rerender/cabinet/cee3098512f795e9d95ea3d81f7bbc4a/left.png
cabinet,cee3098512f795e9d95ea3d81f7bbc4a,back,ok,0.508297,461,352,0.619019,docs/tmp/final-source-verification-2026-05-09/current_residual_bbox_rerender/cabinet/cee3098512f795e9d95ea3d81f7bbc4a/back.png
cabinet,cee3098512f795e9d95ea3d81f7bbc4a,right,ok,0.431957,349,406,0.540520,docs/tmp/final-source-verification-2026-05-09/current_residual_bbox_rerender/cabinet/cee3098512f795e9d95ea3d81f7bbc4a/right.png
cabinet,cefd05f9afdac3ea57802435e42820d0,front,ok,0.348206,410,285,0.445747,docs/tmp/final-source-verification-2026-05-09/current_residual_bbox_rerender/cabinet/cefd05f9afdac3ea57802435e42820d0/front.png
cabinet,cefd05f9afdac3ea57802435e42820d0,left,ok,0.330360,510,201,0.391045,docs/tmp/final-source-verification-2026-05-09/current_residual_bbox_rerender/cabinet/cefd05f9afdac3ea57802435e42820d0/left.png
cabinet,cefd05f9afdac3ea57802435e42820d0,back,ok,0.348225,410,285,0.445747,docs/tmp/final-source-verification-2026-05-09/current_residual_bbox_rerender/cabinet/cefd05f9afdac3ea57802435e42820d0/back.png
cabinet,cefd05f9afdac3ea57802435e42820d0,right,ok,0.330360,510,201,0.391045,docs/tmp/final-source-verification-2026-05-09/current_residual_bbox_rerender/cabinet/cefd05f9afdac3ea57802435e42820d0/right.png
cabinet,cf7f48de4042e45bc9ae086dc3a21208,front,ok,0.404255,362,365,0.504036,docs/tmp/final-source-verification-2026-05-09/current_residual_bbox_rerender/cabinet/cf7f48de4042e45bc9ae086dc3a21208/front.png
cabinet,cf7f48de4042e45bc9ae086dc3a21208,left,ok,0.250416,194,446,0.330063,docs/tmp/final-source-verification-2026-05-09/current_residual_bbox_rerender/cabinet/cf7f48de4042e45bc9ae086dc3a21208/left.png
cabinet,cf7f48de4042e45bc9ae086dc3a21208,back,ok,0.427494,374,373,0.532158,docs/tmp/final-source-verification-2026-05-09/current_residual_bbox_rerender/cabinet/cf7f48de4042e45bc9ae086dc3a21208/back.png
cabinet,cf7f48de4042e45bc9ae086dc3a21208,right,ok,0.249771,194,446,0.330063,docs/tmp/final-source-verification-2026-05-09/current_residual_bbox_rerender/cabinet/cf7f48de4042e45bc9ae086dc3a21208/right.png
cabinet,cf90253939f8aceae7cde192b36bb535,front,blank,0.000000,0,0,0.000000,docs/tmp/final-source-verification-2026-05-09/current_residual_bbox_rerender/cabinet/cf90253939f8aceae7cde192b36bb535/front.png
cabinet,cf90253939f8aceae7cde192b36bb535,left,ok,0.068745,85,326,0.105705,docs/tmp/final-source-verification-2026-05-09/current_residual_bbox_rerender/cabinet/cf90253939f8aceae7cde192b36bb535/left.png
cabinet,cf90253939f8aceae7cde192b36bb535,back,ok,0.126331,207,187,0.147663,docs/tmp/final-source-verification-2026-05-09/current_residual_bbox_rerender/cabinet/cf90253939f8aceae7cde192b36bb535/back.png
cabinet,cf90253939f8aceae7cde192b36bb535,right,ok,0.094818,101,356,0.137161,docs/tmp/final-source-verification-2026-05-09/current_residual_bbox_rerender/cabinet/cf90253939f8aceae7cde192b36bb535/right.png
cabinet,d0ef1eb90058ae933c334290d1ac83fc,front,ok,0.459583,494,293,0.552147,docs/tmp/final-source-verification-2026-05-09/current_residual_bbox_rerender/cabinet/d0ef1eb90058ae933c334290d1ac83fc/front.png
cabinet,d0ef1eb90058ae933c334290d1ac83fc,left,ok,0.462387,466,320,0.568848,docs/tmp/final-source-verification-2026-05-09/current_residual_bbox_rerender/cabinet/d0ef1eb90058ae933c334290d1ac83fc/left.png
cabinet,d0ef1eb90058ae933c334290d1ac83fc,back,ok,0.465782,502,293,0.561089,docs/tmp/final-source-verification-2026-05-09/current_residual_bbox_rerender/cabinet/d0ef1eb90058ae933c334290d1ac83fc/back.png
cabinet,d0ef1eb90058ae933c334290d1ac83fc,right,ok,0.457008,460,320,0.561523,docs/tmp/final-source-verification-2026-05-09/current_residual_bbox_rerender/cabinet/d0ef1eb90058ae933c334290d1ac83fc/right.png
cabinet,d25b1eaa551dc87164ebc6fecefa5e20,front,ok,0.167553,146,394,0.219437,docs/tmp/final-source-verification-2026-05-09/current_residual_bbox_rerender/cabinet/d25b1eaa551dc87164ebc6fecefa5e20/front.png
cabinet,d25b1eaa551dc87164ebc6fecefa5e20,left,ok,0.279362,508,156,0.302307,docs/tmp/final-source-verification-2026-05-09/current_residual_bbox_rerender/cabinet/d25b1eaa551dc87164ebc6fecefa5e20/left.png
cabinet,d25b1eaa551dc87164ebc6fecefa5e20,back,ok,0.167770,146,394,0.219437,docs/tmp/final-source-verification-2026-05-09/current_residual_bbox_rerender/cabinet/d25b1eaa551dc87164ebc6fecefa5e20/back.png
cabinet,d25b1eaa551dc87164ebc6fecefa5e20,right,ok,0.277912,510,155,0.301552,docs/tmp/final-source-verification-2026-05-09/current_residual_bbox_rerender/cabinet/d25b1eaa551dc87164ebc6fecefa5e20/right.png
cabinet,d3bc8f87f7e6cefe8791c439590e8b46,front,ok,0.312366,323,351,0.432484,docs/tmp/final-source-verification-2026-05-09/current_residual_bbox_rerender/cabinet/d3bc8f87f7e6cefe8791c439590e8b46/front.png
cabinet,d3bc8f87f7e6cefe8791c439590e8b46,left,ok,0.322742,499,201,0.382610,docs/tmp/final-source-verification-2026-05-09/current_residual_bbox_rerender/cabinet/d3bc8f87f7e6cefe8791c439590e8b46/left.png
cabinet,d3bc8f87f7e6cefe8791c439590e8b46,back,ok,0.318272,333,329,0.417927,docs/tmp/final-source-verification-2026-05-09/current_residual_bbox_rerender/cabinet/d3bc8f87f7e6cefe8791c439590e8b46/back.png
cabinet,d3bc8f87f7e6cefe8791c439590e8b46,right,ok,0.292976,504,202,0.388367,docs/tmp/final-source-verification-2026-05-09/current_residual_bbox_rerender/cabinet/d3bc8f87f7e6cefe8791c439590e8b46/right.png
cabinet,d42176c5fe4029f74677527b7af8e20e,front,ok,0.029289,27,414,0.042641,docs/tmp/final-source-verification-2026-05-09/current_residual_bbox_rerender/cabinet/d42176c5fe4029f74677527b7af8e20e/front.png
cabinet,d42176c5fe4029f74677527b7af8e20e,left,ok,0.211681,418,277,0.441689,docs/tmp/final-source-verification-2026-05-09/current_residual_bbox_rerender/cabinet/d42176c5fe4029f74677527b7af8e20e/left.png
cabinet,d42176c5fe4029f74677527b7af8e20e,back,ok,0.042305,32,456,0.055664,docs/tmp/final-source-verification-2026-05-09/current_residual_bbox_rerender/cabinet/d42176c5fe4029f74677527b7af8e20e/back.png
cabinet,d42176c5fe4029f74677527b7af8e20e,right,ok,0.213799,414,280,0.442200,docs/tmp/final-source-verification-2026-05-09/current_residual_bbox_rerender/cabinet/d42176c5fe4029f74677527b7af8e20e/right.png
cabinet,d42f2e8221d899971e2effeaf540e2cb,front,ok,0.263088,509,146,0.283485,docs/tmp/final-source-verification-2026-05-09/current_residual_bbox_rerender/cabinet/d42f2e8221d899971e2effeaf540e2cb/front.png
cabinet,d42f2e8221d899971e2effeaf540e2cb,left,ok,0.164204,145,389,0.215168,docs/tmp/final-source-verification-2026-05-09/current_residual_bbox_rerender/cabinet/d42f2e8221d899971e2effeaf540e2cb/left.png
cabinet,d42f2e8221d899971e2effeaf540e2cb,back,ok,0.264019,509,147,0.285427,docs/tmp/final-source-verification-2026-05-09/current_residual_bbox_rerender/cabinet/d42f2e8221d899971e2effeaf540e2cb/back.png
cabinet,d42f2e8221d899971e2effeaf540e2cb,right,ok,0.164043,145,389,0.215168,docs/tmp/final-source-verification-2026-05-09/current_residual_bbox_rerender/cabinet/d42f2e8221d899971e2effeaf540e2cb/right.png
cabinet,d4c62cb1f5020fbdb15a98dc29e3f004,front,ok,0.338112,386,339,0.499168,docs/tmp/final-source-verification-2026-05-09/current_residual_bbox_rerender/cabinet/d4c62cb1f5020fbdb15a98dc29e3f004/front.png
cabinet,d4c62cb1f5020fbdb15a98dc29e3f004,left,ok,0.335911,496,237,0.448425,docs/tmp/final-source-verification-2026-05-09/current_residual_bbox_rerender/cabinet/d4c62cb1f5020fbdb15a98dc29e3f004/left.png
cabinet,d4c62cb1f5020fbdb15a98dc29e3f004,back,ok,0.317978,328,317,0.396637,docs/tmp/final-source-verification-2026-05-09/current_residual_bbox_rerender/cabinet/d4c62cb1f5020fbdb15a98dc29e3f004/back.png
cabinet,d4c62cb1f5020fbdb15a98dc29e3f004,right,ok,0.371201,510,222,0.431900,docs/tmp/final-source-verification-2026-05-09/current_residual_bbox_rerender/cabinet/d4c62cb1f5020fbdb15a98dc29e3f004/right.png
cabinet,d7369035ad50d263c7bb172b208d92c2,front,ok,0.065090,75,351,0.100422,docs/tmp/final-source-verification-2026-05-09/current_residual_bbox_rerender/cabinet/d7369035ad50d263c7bb172b208d92c2/front.png
cabinet,d7369035ad50d263c7bb172b208d92c2,left,ok,0.105064,490,59,0.110283,docs/tmp/final-source-verification-2026-05-09/current_residual_bbox_rerender/cabinet/d7369035ad50d263c7bb172b208d92c2/left.png
cabinet,d7369035ad50d263c7bb172b208d92c2,back,ok,0.065132,75,352,0.100708,docs/tmp/final-source-verification-2026-05-09/current_residual_bbox_rerender/cabinet/d7369035ad50d263c7bb172b208d92c2/back.png
cabinet,d7369035ad50d263c7bb172b208d92c2,right,ok,0.111332,450,70,0.120163,docs/tmp/final-source-verification-2026-05-09/current_residual_bbox_rerender/cabinet/d7369035ad50d263c7bb172b208d92c2/right.png
cabinet,d7698ecd95c919e1fc3adb1a72dd7fcc,front,ok,0.223545,368,265,0.372009,docs/tmp/final-source-verification-2026-05-09/current_residual_bbox_rerender/cabinet/d7698ecd95c919e1fc3adb1a72dd7fcc/front.png
cabinet,d7698ecd95c919e1fc3adb1a72dd7fcc,left,ok,0.161407,502,149,0.285332,docs/tmp/final-source-verification-2026-05-09/current_residual_bbox_rerender/cabinet/d7698ecd95c919e1fc3adb1a72dd7fcc/left.png
cabinet,d7698ecd95c919e1fc3adb1a72dd7fcc,back,ok,0.223568,368,265,0.372009,docs/tmp/final-source-verification-2026-05-09/current_residual_bbox_rerender/cabinet/d7698ecd95c919e1fc3adb1a72dd7fcc/back.png
cabinet,d7698ecd95c919e1fc3adb1a72dd7fcc,right,ok,0.207561,502,148,0.283417,docs/tmp/final-source-verification-2026-05-09/current_residual_bbox_rerender/cabinet/d7698ecd95c919e1fc3adb1a72dd7fcc/right.png
cabinet,d8081d8a224daa5d3b0f2d803c29028e,front,ok,0.381035,458,295,0.515404,docs/tmp/final-source-verification-2026-05-09/current_residual_bbox_rerender/cabinet/d8081d8a224daa5d3b0f2d803c29028e/front.png
cabinet,d8081d8a224daa5d3b0f2d803c29028e,left,ok,0.204628,160,428,0.261230,docs/tmp/final-source-verification-2026-05-09/current_residual_bbox_rerender/cabinet/d8081d8a224daa5d3b0f2d803c29028e/left.png
cabinet,d8081d8a224daa5d3b0f2d803c29028e,back,ok,0.368637,468,295,0.526657,docs/tmp/final-source-verification-2026-05-09/current_residual_bbox_rerender/cabinet/d8081d8a224daa5d3b0f2d803c29028e/back.png
cabinet,d8081d8a224daa5d3b0f2d803c29028e,right,ok,0.223965,202,423,0.325951,docs/tmp/final-source-verification-2026-05-09/current_residual_bbox_rerender/cabinet/d8081d8a224daa5d3b0f2d803c29028e/right.png
cabinet,d87f3842bfda3078627155cd8d492330,front,ok,0.333096,282,402,0.432449,docs/tmp/final-source-verification-2026-05-09/current_residual_bbox_rerender/cabinet/d87f3842bfda3078627155cd8d492330/front.png
cabinet,d87f3842bfda3078627155cd8d492330,left,ok,0.206303,157,443,0.265316,docs/tmp/final-source-verification-2026-05-09/current_residual_bbox_rerender/cabinet/d87f3842bfda3078627155cd8d492330/left.png
cabinet,d87f3842bfda3078627155cd8d492330,back,ok,0.337311,285,402,0.437050,docs/tmp/final-source-verification-2026-05-09/current_residual_bbox_rerender/cabinet/d87f3842bfda3078627155cd8d492330/back.png
cabinet,d87f3842bfda3078627155cd8d492330,right,ok,0.214119,166,439,0.277992,docs/tmp/final-source-verification-2026-05-09/current_residual_bbox_rerender/cabinet/d87f3842bfda3078627155cd8d492330/right.png
cabinet,da15ecae646653e80b36758c5d46f0da,front,ok,0.289158,472,182,0.327698,docs/tmp/final-source-verification-2026-05-09/current_residual_bbox_rerender/cabinet/da15ecae646653e80b36758c5d46f0da/front.png
cabinet,da15ecae646653e80b36758c5d46f0da,left,ok,0.010349,8,423,0.012909,docs/tmp/final-source-verification-2026-05-09/current_residual_bbox_rerender/cabinet/da15ecae646653e80b36758c5d46f0da/left.png
cabinet,da15ecae646653e80b36758c5d46f0da,back,ok,0.289158,472,182,0.327698,docs/tmp/final-source-verification-2026-05-09/current_residual_bbox_rerender/cabinet/da15ecae646653e80b36758c5d46f0da/back.png
cabinet,da15ecae646653e80b36758c5d46f0da,right,ok,0.010349,8,423,0.012909,docs/tmp/final-source-verification-2026-05-09/current_residual_bbox_rerender/cabinet/da15ecae646653e80b36758c5d46f0da/right.png
cabinet,da36bd2ae3a9bdf958a886ed34e8a088,front,ok,0.126499,370,375,0.529289,docs/tmp/final-source-verification-2026-05-09/current_residual_bbox_rerender/cabinet/da36bd2ae3a9bdf958a886ed34e8a088/front.png
cabinet,da36bd2ae3a9bdf958a886ed34e8a088,left,ok,0.130028,204,288,0.224121,docs/tmp/final-source-verification-2026-05-09/current_residual_bbox_rerender/cabinet/da36bd2ae3a9bdf958a886ed34e8a088/left.png
cabinet,da36bd2ae3a9bdf958a886ed34e8a088,back,ok,0.126511,370,375,0.529289,docs/tmp/final-source-verification-2026-05-09/current_residual_bbox_rerender/cabinet/da36bd2ae3a9bdf958a886ed34e8a088/back.png
cabinet,da36bd2ae3a9bdf958a886ed34e8a088,right,ok,0.269207,204,447,0.347855,docs/tmp/final-source-verification-2026-05-09/current_residual_bbox_rerender/cabinet/da36bd2ae3a9bdf958a886ed34e8a088/right.png
cabinet,dba56e0165ad4beaf1e22d5eb14ee64d,front,ok,0.393162,470,256,0.458984,docs/tmp/final-source-verification-2026-05-09/current_residual_bbox_rerender/cabinet/dba56e0165ad4beaf1e22d5eb14ee64d/front.png
cabinet,dba56e0165ad4beaf1e22d5eb14ee64d,left,ok,0.135891,106,442,0.178726,docs/tmp/final-source-verification-2026-05-09/current_residual_bbox_rerender/cabinet/dba56e0165ad4beaf1e22d5eb14ee64d/left.png
cabinet,dba56e0165ad4beaf1e22d5eb14ee64d,back,ok,0.378475,450,256,0.439453,docs/tmp/final-source-verification-2026-05-09/current_residual_bbox_rerender/cabinet/dba56e0165ad4beaf1e22d5eb14ee64d/back.png
cabinet,dba56e0165ad4beaf1e22d5eb14ee64d,right,ok,0.137501,107,443,0.180820,docs/tmp/final-source-verification-2026-05-09/current_residual_bbox_rerender/cabinet/dba56e0165ad4beaf1e22d5eb14ee64d/right.png
cabinet,dbec0996b6cff910ffcfbdcd779eda2d,front,ok,0.505093,434,379,0.627464,docs/tmp/final-source-verification-2026-05-09/current_residual_bbox_rerender/cabinet/dbec0996b6cff910ffcfbdcd779eda2d/front.png
cabinet,dbec0996b6cff910ffcfbdcd779eda2d,left,ok,0.503258,432,379,0.624573,docs/tmp/final-source-verification-2026-05-09/current_residual_bbox_rerender/cabinet/dbec0996b6cff910ffcfbdcd779eda2d/left.png
cabinet,dbec0996b6cff910ffcfbdcd779eda2d,back,ok,0.502174,430,378,0.620041,docs/tmp/final-source-verification-2026-05-09/current_residual_bbox_rerender/cabinet/dbec0996b6cff910ffcfbdcd779eda2d/back.png
cabinet,dbec0996b6cff910ffcfbdcd779eda2d,right,ok,0.503128,432,379,0.624573,docs/tmp/final-source-verification-2026-05-09/current_residual_bbox_rerender/cabinet/dbec0996b6cff910ffcfbdcd779eda2d/right.png
cabinet,dc69ec5a1d815db86e23193601e529ee,front,ok,0.275730,218,444,0.369232,docs/tmp/final-source-verification-2026-05-09/current_residual_bbox_rerender/cabinet/dc69ec5a1d815db86e23193601e529ee/front.png
cabinet,dc69ec5a1d815db86e23193601e529ee,left,ok,0.401398,367,379,0.530598,docs/tmp/final-source-verification-2026-05-09/current_residual_bbox_rerender/cabinet/dc69ec5a1d815db86e23193601e529ee/left.png
cabinet,dc69ec5a1d815db86e23193601e529ee,back,ok,0.279675,213,444,0.360764,docs/tmp/final-source-verification-2026-05-09/current_residual_bbox_rerender/cabinet/dc69ec5a1d815db86e23193601e529ee/back.png
cabinet,dc69ec5a1d815db86e23193601e529ee,right,ok,0.388630,363,379,0.524815,docs/tmp/final-source-verification-2026-05-09/current_residual_bbox_rerender/cabinet/dc69ec5a1d815db86e23193601e529ee/right.png
cabinet,dc806be9b2966a6a2aa7f01b1294b886,front,ok,0.263641,260,352,0.349121,docs/tmp/final-source-verification-2026-05-09/current_residual_bbox_rerender/cabinet/dc806be9b2966a6a2aa7f01b1294b886/front.png
cabinet,dc806be9b2966a6a2aa7f01b1294b886,left,ok,0.247986,512,154,0.300781,docs/tmp/final-source-verification-2026-05-09/current_residual_bbox_rerender/cabinet/dc806be9b2966a6a2aa7f01b1294b886/left.png
cabinet,dc806be9b2966a6a2aa7f01b1294b886,back,ok,0.263409,260,349,0.346146,docs/tmp/final-source-verification-2026-05-09/current_residual_bbox_rerender/cabinet/dc806be9b2966a6a2aa7f01b1294b886/back.png
cabinet,dc806be9b2966a6a2aa7f01b1294b886,right,ok,0.250473,512,157,0.306641,docs/tmp/final-source-verification-2026-05-09/current_residual_bbox_rerender/cabinet/dc806be9b2966a6a2aa7f01b1294b886/right.png
cabinet,dd20d3ca674061250e14bc286a24a591,front,blank,0.000038,3,5,0.000057,docs/tmp/final-source-verification-2026-05-09/current_residual_bbox_rerender/cabinet/dd20d3ca674061250e14bc286a24a591/front.png
cabinet,dd20d3ca674061250e14bc286a24a591,left,blank,0.000420,11,18,0.000755,docs/tmp/final-source-verification-2026-05-09/current_residual_bbox_rerender/cabinet/dd20d3ca674061250e14bc286a24a591/left.png
cabinet,dd20d3ca674061250e14bc286a24a591,back,ok,0.108067,170,206,0.133591,docs/tmp/final-source-verification-2026-05-09/current_residual_bbox_rerender/cabinet/dd20d3ca674061250e14bc286a24a591/back.png
cabinet,dd20d3ca674061250e14bc286a24a591,right,ok,0.083809,166,238,0.150711,docs/tmp/final-source-verification-2026-05-09/current_residual_bbox_rerender/cabinet/dd20d3ca674061250e14bc286a24a591/right.png
cabinet,dd99dcc88437c46ff91c42b4bcf8b829,front,ok,0.389259,476,256,0.464844,docs/tmp/final-source-verification-2026-05-09/current_residual_bbox_rerender/cabinet/dd99dcc88437c46ff91c42b4bcf8b829/front.png
cabinet,dd99dcc88437c46ff91c42b4bcf8b829,left,ok,0.214542,174,434,0.288071,docs/tmp/final-source-verification-2026-05-09/current_residual_bbox_rerender/cabinet/dd99dcc88437c46ff91c42b4bcf8b829/left.png
cabinet,dd99dcc88437c46ff91c42b4bcf8b829,back,ok,0.398743,483,251,0.462467,docs/tmp/final-source-verification-2026-05-09/current_residual_bbox_rerender/cabinet/dd99dcc88437c46ff91c42b4bcf8b829/back.png
cabinet,dd99dcc88437c46ff91c42b4bcf8b829,right,ok,0.215183,176,427,0.286682,docs/tmp/final-source-verification-2026-05-09/current_residual_bbox_rerender/cabinet/dd99dcc88437c46ff91c42b4bcf8b829/right.png
cabinet,ddbc8069711d9fc845959c398d9337dd,front,ok,0.403503,502,242,0.463425,docs/tmp/final-source-verification-2026-05-09/current_residual_bbox_rerender/cabinet/ddbc8069711d9fc845959c398d9337dd/front.png
cabinet,ddbc8069711d9fc845959c398d9337dd,left,ok,0.237354,189,426,0.307137,docs/tmp/final-source-verification-2026-05-09/current_residual_bbox_rerender/cabinet/ddbc8069711d9fc845959c398d9337dd/left.png
cabinet,ddbc8069711d9fc845959c398d9337dd,back,ok,0.407375,502,243,0.465340,docs/tmp/final-source-verification-2026-05-09/current_residual_bbox_rerender/cabinet/ddbc8069711d9fc845959c398d9337dd/back.png
cabinet,ddbc8069711d9fc845959c398d9337dd,right,ok,0.237343,189,426,0.307137,docs/tmp/final-source-verification-2026-05-09/current_residual_bbox_rerender/cabinet/ddbc8069711d9fc845959c398d9337dd/right.png
cabinet,de8c2d6839aab19829e78df1d7524277,front,ok,0.220600,217,360,0.298004,docs/tmp/final-source-verification-2026-05-09/current_residual_bbox_rerender/cabinet/de8c2d6839aab19829e78df1d7524277/front.png
cabinet,de8c2d6839aab19829e78df1d7524277,left,ok,0.146130,512,140,0.273438,docs/tmp/final-source-verification-2026-05-09/current_residual_bbox_rerender/cabinet/de8c2d6839aab19829e78df1d7524277/left.png
cabinet,de8c2d6839aab19829e78df1d7524277,back,ok,0.220596,217,360,0.298004,docs/tmp/final-source-verification-2026-05-09/current_residual_bbox_rerender/cabinet/de8c2d6839aab19829e78df1d7524277/back.png
cabinet,de8c2d6839aab19829e78df1d7524277,right,ok,0.249378,512,140,0.273438,docs/tmp/final-source-verification-2026-05-09/current_residual_bbox_rerender/cabinet/de8c2d6839aab19829e78df1d7524277/right.png
cabinet,deb8cd7ff9147ab060e90f315686a647,front,ok,0.318409,322,345,0.423775,docs/tmp/final-source-verification-2026-05-09/current_residual_bbox_rerender/cabinet/deb8cd7ff9147ab060e90f315686a647/front.png
cabinet,deb8cd7ff9147ab060e90f315686a647,left,ok,0.327496,510,189,0.367699,docs/tmp/final-source-verification-2026-05-09/current_residual_bbox_rerender/cabinet/deb8cd7ff9147ab060e90f315686a647/left.png
cabinet,deb8cd7ff9147ab060e90f315686a647,back,ok,0.318474,322,345,0.423775,docs/tmp/final-source-verification-2026-05-09/current_residual_bbox_rerender/cabinet/deb8cd7ff9147ab060e90f315686a647/back.png
cabinet,deb8cd7ff9147ab060e90f315686a647,right,ok,0.325283,512,185,0.361328,docs/tmp/final-source-verification-2026-05-09/current_residual_bbox_rerender/cabinet/deb8cd7ff9147ab060e90f315686a647/right.png
cabinet,def8f92095cc409637c90677fdc879ce,front,ok,0.161888,502,94,0.180008,docs/tmp/final-source-verification-2026-05-09/current_residual_bbox_rerender/cabinet/def8f92095cc409637c90677fdc879ce/front.png
cabinet,def8f92095cc409637c90677fdc879ce,left,ok,0.130898,130,356,0.176544,docs/tmp/final-source-verification-2026-05-09/current_residual_bbox_rerender/cabinet/def8f92095cc409637c90677fdc879ce/left.png
cabinet,def8f92095cc409637c90677fdc879ce,back,ok,0.170246,502,94,0.180008,docs/tmp/final-source-verification-2026-05-09/current_residual_bbox_rerender/cabinet/def8f92095cc409637c90677fdc879ce/back.png
cabinet,def8f92095cc409637c90677fdc879ce,right,ok,0.130531,130,356,0.176544,docs/tmp/final-source-verification-2026-05-09/current_residual_bbox_rerender/cabinet/def8f92095cc409637c90677fdc879ce/right.png
cabinet,e15f4b04cebaddc657da1bbebf0d5038,front,ok,0.333054,512,187,0.365234,docs/tmp/final-source-verification-2026-05-09/current_residual_bbox_rerender/cabinet/e15f4b04cebaddc657da1bbebf0d5038/front.png
cabinet,e15f4b04cebaddc657da1bbebf0d5038,left,ok,0.209244,177,403,0.272106,docs/tmp/final-source-verification-2026-05-09/current_residual_bbox_rerender/cabinet/e15f4b04cebaddc657da1bbebf0d5038/left.png
cabinet,e15f4b04cebaddc657da1bbebf0d5038,back,ok,0.327930,510,186,0.361862,docs/tmp/final-source-verification-2026-05-09/current_residual_bbox_rerender/cabinet/e15f4b04cebaddc657da1bbebf0d5038/back.png
cabinet,e15f4b04cebaddc657da1bbebf0d5038,right,ok,0.209217,176,403,0.270569,docs/tmp/final-source-verification-2026-05-09/current_residual_bbox_rerender/cabinet/e15f4b04cebaddc657da1bbebf0d5038/right.png
cabinet,e2066750ba0fcffa83eda55473256602,front,ok,0.330120,512,187,0.365234,docs/tmp/final-source-verification-2026-05-09/current_residual_bbox_rerender/cabinet/e2066750ba0fcffa83eda55473256602/front.png
cabinet,e2066750ba0fcffa83eda55473256602,left,ok,0.204704,176,403,0.270569,docs/tmp/final-source-verification-2026-05-09/current_residual_bbox_rerender/cabinet/e2066750ba0fcffa83eda55473256602/left.png
cabinet,e2066750ba0fcffa83eda55473256602,back,ok,0.328648,512,186,0.363281,docs/tmp/final-source-verification-2026-05-09/current_residual_bbox_rerender/cabinet/e2066750ba0fcffa83eda55473256602/back.png
cabinet,e2066750ba0fcffa83eda55473256602,right,ok,0.207127,176,403,0.270569,docs/tmp/final-source-verification-2026-05-09/current_residual_bbox_rerender/cabinet/e2066750ba0fcffa83eda55473256602/right.png
cabinet,e21d4bb1dbfcf5807d8aa4418113613c,front,ok,0.329288,455,251,0.435658,docs/tmp/final-source-verification-2026-05-09/current_residual_bbox_rerender/cabinet/e21d4bb1dbfcf5807d8aa4418113613c/front.png
cabinet,e21d4bb1dbfcf5807d8aa4418113613c,left,ok,0.127102,132,437,0.220047,docs/tmp/final-source-verification-2026-05-09/current_residual_bbox_rerender/cabinet/e21d4bb1dbfcf5807d8aa4418113613c/left.png
cabinet,e21d4bb1dbfcf5807d8aa4418113613c,back,ok,0.357216,482,250,0.459671,docs/tmp/final-source-verification-2026-05-09/current_residual_bbox_rerender/cabinet/e21d4bb1dbfcf5807d8aa4418113613c/back.png
cabinet,e21d4bb1dbfcf5807d8aa4418113613c,right,ok,0.083271,95,437,0.158367,docs/tmp/final-source-verification-2026-05-09/current_residual_bbox_rerender/cabinet/e21d4bb1dbfcf5807d8aa4418113613c/right.png
cabinet,e2215f4ea7ad96b95c2ae85b9cf61bef,front,ok,0.389236,380,329,0.476913,docs/tmp/final-source-verification-2026-05-09/current_residual_bbox_rerender/cabinet/e2215f4ea7ad96b95c2ae85b9cf61bef/front.png
cabinet,e2215f4ea7ad96b95c2ae85b9cf61bef,left,ok,0.090889,68,458,0.118805,docs/tmp/final-source-verification-2026-05-09/current_residual_bbox_rerender/cabinet/e2215f4ea7ad96b95c2ae85b9cf61bef/left.png
cabinet,e2215f4ea7ad96b95c2ae85b9cf61bef,back,ok,0.387264,378,329,0.474403,docs/tmp/final-source-verification-2026-05-09/current_residual_bbox_rerender/cabinet/e2215f4ea7ad96b95c2ae85b9cf61bef/back.png
cabinet,e2215f4ea7ad96b95c2ae85b9cf61bef,right,ok,0.090252,65,458,0.113564,docs/tmp/final-source-verification-2026-05-09/current_residual_bbox_rerender/cabinet/e2215f4ea7ad96b95c2ae85b9cf61bef/right.png
cabinet,e29a46128e53d771b18dfbe3046b6247,front,ok,0.291759,285,332,0.360947,docs/tmp/final-source-verification-2026-05-09/current_residual_bbox_rerender/cabinet/e29a46128e53d771b18dfbe3046b6247/front.png
cabinet,e29a46128e53d771b18dfbe3046b6247,left,ok,0.299274,489,206,0.384270,docs/tmp/final-source-verification-2026-05-09/current_residual_bbox_rerender/cabinet/e29a46128e53d771b18dfbe3046b6247/left.png
cabinet,e29a46128e53d771b18dfbe3046b6247,back,ok,0.334721,364,332,0.460999,docs/tmp/final-source-verification-2026-05-09/current_residual_bbox_rerender/cabinet/e29a46128e53d771b18dfbe3046b6247/back.png
cabinet,e29a46128e53d771b18dfbe3046b6247,right,ok,0.342289,512,206,0.402344,docs/tmp/final-source-verification-2026-05-09/current_residual_bbox_rerender/cabinet/e29a46128e53d771b18dfbe3046b6247/right.png
cabinet,e2b8800c58a36ce26a041ea22343d54a,front,ok,0.139683,142,437,0.236717,docs/tmp/final-source-verification-2026-05-09/current_residual_bbox_rerender/cabinet/e2b8800c58a36ce26a041ea22343d54a/front.png
cabinet,e2b8800c58a36ce26a041ea22343d54a,left,ok,0.362526,474,241,0.435768,docs/tmp/final-source-verification-2026-05-09/current_residual_bbox_rerender/cabinet/e2b8800c58a36ce26a041ea22343d54a/left.png
cabinet,e2b8800c58a36ce26a041ea22343d54a,back,ok,0.129955,110,437,0.183372,docs/tmp/final-source-verification-2026-05-09/current_residual_bbox_rerender/cabinet/e2b8800c58a36ce26a041ea22343d54a/back.png
cabinet,e2b8800c58a36ce26a041ea22343d54a,right,ok,0.368465,450,251,0.430870,docs/tmp/final-source-verification-2026-05-09/current_residual_bbox_rerender/cabinet/e2b8800c58a36ce26a041ea22343d54a/right.png
cabinet,e2ff023772049113ad2becaf16f9d76e,front,ok,0.408691,348,381,0.505783,docs/tmp/final-source-verification-2026-05-09/current_residual_bbox_rerender/cabinet/e2ff023772049113ad2becaf16f9d76e/front.png
cabinet,e2ff023772049113ad2becaf16f9d76e,left,ok,0.335865,260,425,0.421524,docs/tmp/final-source-verification-2026-05-09/current_residual_bbox_rerender/cabinet/e2ff023772049113ad2becaf16f9d76e/left.png
cabinet,e2ff023772049113ad2becaf16f9d76e,back,ok,0.408680,344,377,0.494720,docs/tmp/final-source-verification-2026-05-09/current_residual_bbox_rerender/cabinet/e2ff023772049113ad2becaf16f9d76e/back.png
cabinet,e2ff023772049113ad2becaf16f9d76e,right,ok,0.344578,264,429,0.432037,docs/tmp/final-source-verification-2026-05-09/current_residual_bbox_rerender/cabinet/e2ff023772049113ad2becaf16f9d76e/right.png
cabinet,e3227b69e963d8524b2ca42162c53b22,front,ok,0.329033,496,203,0.384094,docs/tmp/final-source-verification-2026-05-09/current_residual_bbox_rerender/cabinet/e3227b69e963d8524b2ca42162c53b22/front.png
cabinet,e3227b69e963d8524b2ca42162c53b22,left,ok,0.332996,383,293,0.428082,docs/tmp/final-source-verification-2026-05-09/current_residual_bbox_rerender/cabinet/e3227b69e963d8524b2ca42162c53b22/left.png
cabinet,e3227b69e963d8524b2ca42162c53b22,back,ok,0.329018,496,203,0.384094,docs/tmp/final-source-verification-2026-05-09/current_residual_bbox_rerender/cabinet/e3227b69e963d8524b2ca42162c53b22/back.png
cabinet,e3227b69e963d8524b2ca42162c53b22,right,ok,0.335087,374,296,0.422302,docs/tmp/final-source-verification-2026-05-09/current_residual_bbox_rerender/cabinet/e3227b69e963d8524b2ca42162c53b22/right.png
cabinet,e344c0e0d1054db169d2c0ed258df664,front,ok,0.410877,375,380,0.543594,docs/tmp/final-source-verification-2026-05-09/current_residual_bbox_rerender/cabinet/e344c0e0d1054db169d2c0ed258df664/front.png
cabinet,e344c0e0d1054db169d2c0ed258df664,left,ok,0.485249,484,313,0.577896,docs/tmp/final-source-verification-2026-05-09/current_residual_bbox_rerender/cabinet/e344c0e0d1054db169d2c0ed258df664/left.png
cabinet,e344c0e0d1054db169d2c0ed258df664,back,ok,0.422134,381,380,0.552292,docs/tmp/final-source-verification-2026-05-09/current_residual_bbox_rerender/cabinet/e344c0e0d1054db169d2c0ed258df664/back.png
cabinet,e344c0e0d1054db169d2c0ed258df664,right,ok,0.433086,481,307,0.563305,docs/tmp/final-source-verification-2026-05-09/current_residual_bbox_rerender/cabinet/e344c0e0d1054db169d2c0ed258df664/right.png
cabinet,e363e765f5560aec9ee5fa73ee565eed,front,ok,0.294506,242,416,0.384033,docs/tmp/final-source-verification-2026-05-09/current_residual_bbox_rerender/cabinet/e363e765f5560aec9ee5fa73ee565eed/front.png
cabinet,e363e765f5560aec9ee5fa73ee565eed,left,ok,0.253235,223,428,0.364090,docs/tmp/final-source-verification-2026-05-09/current_residual_bbox_rerender/cabinet/e363e765f5560aec9ee5fa73ee565eed/left.png
cabinet,e363e765f5560aec9ee5fa73ee565eed,back,ok,0.287430,242,419,0.386803,docs/tmp/final-source-verification-2026-05-09/current_residual_bbox_rerender/cabinet/e363e765f5560aec9ee5fa73ee565eed/back.png
cabinet,e363e765f5560aec9ee5fa73ee565eed,right,ok,0.247253,206,416,0.326904,docs/tmp/final-source-verification-2026-05-09/current_residual_bbox_rerender/cabinet/e363e765f5560aec9ee5fa73ee565eed/right.png
cabinet,e3a719d21be5b76eedd1e29ca9aa7c06,front,ok,0.434654,462,294,0.518143,docs/tmp/final-source-verification-2026-05-09/current_residual_bbox_rerender/cabinet/e3a719d21be5b76eedd1e29ca9aa7c06/front.png
cabinet,e3a719d21be5b76eedd1e29ca9aa7c06,left,ok,0.208260,162,446,0.275620,docs/tmp/final-source-verification-2026-05-09/current_residual_bbox_rerender/cabinet/e3a719d21be5b76eedd1e29ca9aa7c06/left.png
cabinet,e3a719d21be5b76eedd1e29ca9aa7c06,back,ok,0.434322,461,294,0.517021,docs/tmp/final-source-verification-2026-05-09/current_residual_bbox_rerender/cabinet/e3a719d21be5b76eedd1e29ca9aa7c06/back.png
cabinet,e3a719d21be5b76eedd1e29ca9aa7c06,right,ok,0.213333,162,446,0.275620,docs/tmp/final-source-verification-2026-05-09/current_residual_bbox_rerender/cabinet/e3a719d21be5b76eedd1e29ca9aa7c06/right.png
cabinet,e40da5dc3ce0234ecde394b21499832d,front,ok,0.201160,230,285,0.250053,docs/tmp/final-source-verification-2026-05-09/current_residual_bbox_rerender/cabinet/e40da5dc3ce0234ecde394b21499832d/front.png
cabinet,e40da5dc3ce0234ecde394b21499832d,left,ok,0.224472,431,268,0.440628,docs/tmp/final-source-verification-2026-05-09/current_residual_bbox_rerender/cabinet/e40da5dc3ce0234ecde394b21499832d/left.png
cabinet,e40da5dc3ce0234ecde394b21499832d,back,ok,0.195114,170,422,0.273666,docs/tmp/final-source-verification-2026-05-09/current_residual_bbox_rerender/cabinet/e40da5dc3ce0234ecde394b21499832d/back.png
cabinet,e40da5dc3ce0234ecde394b21499832d,right,ok,0.244179,453,264,0.456207,docs/tmp/final-source-verification-2026-05-09/current_residual_bbox_rerender/cabinet/e40da5dc3ce0234ecde394b21499832d/right.png
cabinet,e4838a619b3db92a09d0b70cb054e537,front,blank,0.000000,0,0,0.000000,docs/tmp/final-source-verification-2026-05-09/current_residual_bbox_rerender/cabinet/e4838a619b3db92a09d0b70cb054e537/front.png
cabinet,e4838a619b3db92a09d0b70cb054e537,left,ok,0.067314,92,250,0.087738,docs/tmp/final-source-verification-2026-05-09/current_residual_bbox_rerender/cabinet/e4838a619b3db92a09d0b70cb054e537/left.png
cabinet,e4838a619b3db92a09d0b70cb054e537,back,ok,0.121574,240,145,0.132751,docs/tmp/final-source-verification-2026-05-09/current_residual_bbox_rerender/cabinet/e4838a619b3db92a09d0b70cb054e537/back.png
cabinet,e4838a619b3db92a09d0b70cb054e537,right,ok,0.108936,124,321,0.151840,docs/tmp/final-source-verification-2026-05-09/current_residual_bbox_rerender/cabinet/e4838a619b3db92a09d0b70cb054e537/right.png
cabinet,e642d4dfb1c10a79760fffd5af95d005,front,ok,0.236317,234,325,0.290108,docs/tmp/final-source-verification-2026-05-09/current_residual_bbox_rerender/cabinet/e642d4dfb1c10a79760fffd5af95d005/front.png
cabinet,e642d4dfb1c10a79760fffd5af95d005,left,ok,0.076057,151,432,0.248840,docs/tmp/final-source-verification-2026-05-09/current_residual_bbox_rerender/cabinet/e642d4dfb1c10a79760fffd5af95d005/left.png
cabinet,e642d4dfb1c10a79760fffd5af95d005,back,ok,0.233391,181,421,0.290684,docs/tmp/final-source-verification-2026-05-09/current_residual_bbox_rerender/cabinet/e642d4dfb1c10a79760fffd5af95d005/back.png
cabinet,e642d4dfb1c10a79760fffd5af95d005,right,ok,0.076054,151,432,0.248840,docs/tmp/final-source-verification-2026-05-09/current_residual_bbox_rerender/cabinet/e642d4dfb1c10a79760fffd5af95d005/right.png
cabinet,e65ebd2a789aec63a2f55889c148fba9,front,ok,0.210651,396,266,0.401825,docs/tmp/final-source-verification-2026-05-09/current_residual_bbox_rerender/cabinet/e65ebd2a789aec63a2f55889c148fba9/front.png
cabinet,e65ebd2a789aec63a2f55889c148fba9,left,ok,0.247543,376,257,0.368622,docs/tmp/final-source-verification-2026-05-09/current_residual_bbox_rerender/cabinet/e65ebd2a789aec63a2f55889c148fba9/left.png
cabinet,e65ebd2a789aec63a2f55889c148fba9,back,ok,0.293221,436,267,0.444077,docs/tmp/final-source-verification-2026-05-09/current_residual_bbox_rerender/cabinet/e65ebd2a789aec63a2f55889c148fba9/back.png
cabinet,e65ebd2a789aec63a2f55889c148fba9,right,ok,0.311375,464,263,0.465515,docs/tmp/final-source-verification-2026-05-09/current_residual_bbox_rerender/cabinet/e65ebd2a789aec63a2f55889c148fba9/right.png
cabinet,e6705d1edaf4c72d9849e5720e05b98c,front,ok,0.269878,210,432,0.346069,docs/tmp/final-source-verification-2026-05-09/current_residual_bbox_rerender/cabinet/e6705d1edaf4c72d9849e5720e05b98c/front.png
cabinet,e6705d1edaf4c72d9849e5720e05b98c,left,ok,0.291409,230,425,0.372887,docs/tmp/final-source-verification-2026-05-09/current_residual_bbox_rerender/cabinet/e6705d1edaf4c72d9849e5720e05b98c/left.png
cabinet,e6705d1edaf4c72d9849e5720e05b98c,back,ok,0.272675,212,432,0.349365,docs/tmp/final-source-verification-2026-05-09/current_residual_bbox_rerender/cabinet/e6705d1edaf4c72d9849e5720e05b98c/back.png
cabinet,e6705d1edaf4c72d9849e5720e05b98c,right,ok,0.291443,230,425,0.372887,docs/tmp/final-source-verification-2026-05-09/current_residual_bbox_rerender/cabinet/e6705d1edaf4c72d9849e5720e05b98c/right.png
cabinet,e7419f536d31133abf8b371a38a3e4be,front,ok,0.307346,294,347,0.389168,docs/tmp/final-source-verification-2026-05-09/current_residual_bbox_rerender/cabinet/e7419f536d31133abf8b371a38a3e4be/front.png
cabinet,e7419f536d31133abf8b371a38a3e4be,left,ok,0.289150,505,200,0.385284,docs/tmp/final-source-verification-2026-05-09/current_residual_bbox_rerender/cabinet/e7419f536d31133abf8b371a38a3e4be/left.png
cabinet,e7419f536d31133abf8b371a38a3e4be,back,ok,0.335102,333,347,0.440792,docs/tmp/final-source-verification-2026-05-09/current_residual_bbox_rerender/cabinet/e7419f536d31133abf8b371a38a3e4be/back.png
cabinet,e7419f536d31133abf8b371a38a3e4be,right,ok,0.305454,512,203,0.396484,docs/tmp/final-source-verification-2026-05-09/current_residual_bbox_rerender/cabinet/e7419f536d31133abf8b371a38a3e4be/right.png
cabinet,e820faac0e5a4a862631cf93ce6126f5,front,ok,0.298355,510,169,0.328789,docs/tmp/final-source-verification-2026-05-09/current_residual_bbox_rerender/cabinet/e820faac0e5a4a862631cf93ce6126f5/front.png
cabinet,e820faac0e5a4a862631cf93ce6126f5,left,ok,0.298473,300,341,0.390244,docs/tmp/final-source-verification-2026-05-09/current_residual_bbox_rerender/cabinet/e820faac0e5a4a862631cf93ce6126f5/left.png
cabinet,e820faac0e5a4a862631cf93ce6126f5,back,ok,0.298294,510,169,0.328789,docs/tmp/final-source-verification-2026-05-09/current_residual_bbox_rerender/cabinet/e820faac0e5a4a862631cf93ce6126f5/back.png
cabinet,e820faac0e5a4a862631cf93ce6126f5,right,ok,0.297607,294,343,0.384682,docs/tmp/final-source-verification-2026-05-09/current_residual_bbox_rerender/cabinet/e820faac0e5a4a862631cf93ce6126f5/right.png
cabinet,e884b84801a6d5fba3a0319606077179,front,ok,0.081463,476,161,0.292343,docs/tmp/final-source-verification-2026-05-09/current_residual_bbox_rerender/cabinet/e884b84801a6d5fba3a0319606077179/front.png
cabinet,e884b84801a6d5fba3a0319606077179,left,ok,0.011543,9,414,0.014214,docs/tmp/final-source-verification-2026-05-09/current_residual_bbox_rerender/cabinet/e884b84801a6d5fba3a0319606077179/left.png
cabinet,e884b84801a6d5fba3a0319606077179,back,ok,0.081654,477,162,0.294777,docs/tmp/final-source-verification-2026-05-09/current_residual_bbox_rerender/cabinet/e884b84801a6d5fba3a0319606077179/back.png
cabinet,e884b84801a6d5fba3a0319606077179,right,ok,0.011562,9,414,0.014214,docs/tmp/final-source-verification-2026-05-09/current_residual_bbox_rerender/cabinet/e884b84801a6d5fba3a0319606077179/right.png
cabinet,e8cfc61faf8eea98f99938986cf4708c,front,ok,0.375877,358,379,0.517586,docs/tmp/final-source-verification-2026-05-09/current_residual_bbox_rerender/cabinet/e8cfc61faf8eea98f99938986cf4708c/front.png
cabinet,e8cfc61faf8eea98f99938986cf4708c,left,ok,0.265018,202,440,0.339050,docs/tmp/final-source-verification-2026-05-09/current_residual_bbox_rerender/cabinet/e8cfc61faf8eea98f99938986cf4708c/left.png
cabinet,e8cfc61faf8eea98f99938986cf4708c,back,ok,0.409054,352,378,0.507568,docs/tmp/final-source-verification-2026-05-09/current_residual_bbox_rerender/cabinet/e8cfc61faf8eea98f99938986cf4708c/back.png
cabinet,e8cfc61faf8eea98f99938986cf4708c,right,ok,0.216553,194,446,0.330063,docs/tmp/final-source-verification-2026-05-09/current_residual_bbox_rerender/cabinet/e8cfc61faf8eea98f99938986cf4708c/right.png
cabinet,e920d4d3e8679813cc97a1d8beb19655,front,ok,0.208652,502,118,0.225967,docs/tmp/final-source-verification-2026-05-09/current_residual_bbox_rerender/cabinet/e920d4d3e8679813cc97a1d8beb19655/front.png
cabinet,e920d4d3e8679813cc97a1d8beb19655,left,ok,0.164658,158,361,0.217583,docs/tmp/final-source-verification-2026-05-09/current_residual_bbox_rerender/cabinet/e920d4d3e8679813cc97a1d8beb19655/left.png
cabinet,e920d4d3e8679813cc97a1d8beb19655,back,ok,0.208675,502,118,0.225967,docs/tmp/final-source-verification-2026-05-09/current_residual_bbox_rerender/cabinet/e920d4d3e8679813cc97a1d8beb19655/back.png
cabinet,e920d4d3e8679813cc97a1d8beb19655,right,ok,0.164028,158,361,0.217583,docs/tmp/final-source-verification-2026-05-09/current_residual_bbox_rerender/cabinet/e920d4d3e8679813cc97a1d8beb19655/right.png
cabinet,e9a0d1fb1944db825e611a36a9c14d31,front,ok,0.182690,157,397,0.237766,docs/tmp/final-source-verification-2026-05-09/current_residual_bbox_rerender/cabinet/e9a0d1fb1944db825e611a36a9c14d31/front.png
cabinet,e9a0d1fb1944db825e611a36a9c14d31,left,ok,0.298309,510,167,0.324898,docs/tmp/final-source-verification-2026-05-09/current_residual_bbox_rerender/cabinet/e9a0d1fb1944db825e611a36a9c14d31/left.png
cabinet,e9a0d1fb1944db825e611a36a9c14d31,back,ok,0.182724,158,397,0.239281,docs/tmp/final-source-verification-2026-05-09/current_residual_bbox_rerender/cabinet/e9a0d1fb1944db825e611a36a9c14d31/back.png
cabinet,e9a0d1fb1944db825e611a36a9c14d31,right,ok,0.296806,512,166,0.324219,docs/tmp/final-source-verification-2026-05-09/current_residual_bbox_rerender/cabinet/e9a0d1fb1944db825e611a36a9c14d31/right.png
cabinet,e9a4e1fc5ec5eaa27245f6a2b75993ba,front,ok,0.288414,222,444,0.376007,docs/tmp/final-source-verification-2026-05-09/current_residual_bbox_rerender/cabinet/e9a4e1fc5ec5eaa27245f6a2b75993ba/front.png
cabinet,e9a4e1fc5ec5eaa27245f6a2b75993ba,left,ok,0.455261,426,341,0.554146,docs/tmp/final-source-verification-2026-05-09/current_residual_bbox_rerender/cabinet/e9a4e1fc5ec5eaa27245f6a2b75993ba/left.png
cabinet,e9a4e1fc5ec5eaa27245f6a2b75993ba,back,ok,0.288445,222,444,0.376007,docs/tmp/final-source-verification-2026-05-09/current_residual_bbox_rerender/cabinet/e9a4e1fc5ec5eaa27245f6a2b75993ba/back.png
cabinet,e9a4e1fc5ec5eaa27245f6a2b75993ba,right,ok,0.463005,432,343,0.565247,docs/tmp/final-source-verification-2026-05-09/current_residual_bbox_rerender/cabinet/e9a4e1fc5ec5eaa27245f6a2b75993ba/right.png
cabinet,e9bb94d31eac951949f463a3e1f87bc0,front,ok,0.287766,512,158,0.308594,docs/tmp/final-source-verification-2026-05-09/current_residual_bbox_rerender/cabinet/e9bb94d31eac951949f463a3e1f87bc0/front.png
cabinet,e9bb94d31eac951949f463a3e1f87bc0,left,ok,0.237827,220,373,0.313034,docs/tmp/final-source-verification-2026-05-09/current_residual_bbox_rerender/cabinet/e9bb94d31eac951949f463a3e1f87bc0/left.png
cabinet,e9bb94d31eac951949f463a3e1f87bc0,back,ok,0.287792,512,158,0.308594,docs/tmp/final-source-verification-2026-05-09/current_residual_bbox_rerender/cabinet/e9bb94d31eac951949f463a3e1f87bc0/back.png
cabinet,e9bb94d31eac951949f463a3e1f87bc0,right,ok,0.238274,220,373,0.313034,docs/tmp/final-source-verification-2026-05-09/current_residual_bbox_rerender/cabinet/e9bb94d31eac951949f463a3e1f87bc0/right.png
cabinet,eae9f61ba47278ad6ca5c848ede930f7,front,blank,0.000000,0,0,0.000000,docs/tmp/final-source-verification-2026-05-09/current_residual_bbox_rerender/cabinet/eae9f61ba47278ad6ca5c848ede930f7/front.png
cabinet,eae9f61ba47278ad6ca5c848ede930f7,left,tiny,0.005054,28,78,0.008331,docs/tmp/final-source-verification-2026-05-09/current_residual_bbox_rerender/cabinet/eae9f61ba47278ad6ca5c848ede930f7/left.png
cabinet,eae9f61ba47278ad6ca5c848ede930f7,back,ok,0.120258,190,199,0.144234,docs/tmp/final-source-verification-2026-05-09/current_residual_bbox_rerender/cabinet/eae9f61ba47278ad6ca5c848ede930f7/back.png
cabinet,eae9f61ba47278ad6ca5c848ede930f7,right,ok,0.075794,107,307,0.125309,docs/tmp/final-source-verification-2026-05-09/current_residual_bbox_rerender/cabinet/eae9f61ba47278ad6ca5c848ede930f7/right.png
cabinet,eb6650a0ee9f6f88650a16d886e588b6,front,ok,0.131920,202,402,0.309769,docs/tmp/final-source-verification-2026-05-09/current_residual_bbox_rerender/cabinet/eb6650a0ee9f6f88650a16d886e588b6/front.png
cabinet,eb6650a0ee9f6f88650a16d886e588b6,left,ok,0.087803,69,448,0.117920,docs/tmp/final-source-verification-2026-05-09/current_residual_bbox_rerender/cabinet/eb6650a0ee9f6f88650a16d886e588b6/left.png
cabinet,eb6650a0ee9f6f88650a16d886e588b6,back,ok,0.137550,210,402,0.322037,docs/tmp/final-source-verification-2026-05-09/current_residual_bbox_rerender/cabinet/eb6650a0ee9f6f88650a16d886e588b6/back.png
cabinet,eb6650a0ee9f6f88650a16d886e588b6,right,ok,0.067570,60,448,0.102539,docs/tmp/final-source-verification-2026-05-09/current_residual_bbox_rerender/cabinet/eb6650a0ee9f6f88650a16d886e588b6/right.png
cabinet,ebc2b84a248d43815706c0cc06013d2d,front,ok,0.477489,431,354,0.582024,docs/tmp/final-source-verification-2026-05-09/current_residual_bbox_rerender/cabinet/ebc2b84a248d43815706c0cc06013d2d/front.png
cabinet,ebc2b84a248d43815706c0cc06013d2d,left,ok,0.355286,277,432,0.456482,docs/tmp/final-source-verification-2026-05-09/current_residual_bbox_rerender/cabinet/ebc2b84a248d43815706c0cc06013d2d/left.png
cabinet,ebc2b84a248d43815706c0cc06013d2d,back,ok,0.481930,436,354,0.588776,docs/tmp/final-source-verification-2026-05-09/current_residual_bbox_rerender/cabinet/ebc2b84a248d43815706c0cc06013d2d/back.png
cabinet,ebc2b84a248d43815706c0cc06013d2d,right,ok,0.360901,281,432,0.463074,docs/tmp/final-source-verification-2026-05-09/current_residual_bbox_rerender/cabinet/ebc2b84a248d43815706c0cc06013d2d/right.png
cabinet,ebd64c86dfbad9c07da8252d0b073d96,front,ok,0.037067,472,21,0.037811,docs/tmp/final-source-verification-2026-05-09/current_residual_bbox_rerender/cabinet/ebd64c86dfbad9c07da8252d0b073d96/front.png
cabinet,ebd64c86dfbad9c07da8252d0b073d96,left,ok,0.034725,38,326,0.047256,docs/tmp/final-source-verification-2026-05-09/current_residual_bbox_rerender/cabinet/ebd64c86dfbad9c07da8252d0b073d96/left.png
cabinet,ebd64c86dfbad9c07da8252d0b073d96,back,ok,0.042290,472,24,0.043213,docs/tmp/final-source-verification-2026-05-09/current_residual_bbox_rerender/cabinet/ebd64c86dfbad9c07da8252d0b073d96/back.png
cabinet,ebd64c86dfbad9c07da8252d0b073d96,right,ok,0.033600,38,316,0.045807,docs/tmp/final-source-verification-2026-05-09/current_residual_bbox_rerender/cabinet/ebd64c86dfbad9c07da8252d0b073d96/right.png
cabinet,ec5d34136c3f222a371ecb2de6d7825f,front,ok,0.045387,150,417,0.238609,docs/tmp/final-source-verification-2026-05-09/current_residual_bbox_rerender/cabinet/ec5d34136c3f222a371ecb2de6d7825f/front.png
cabinet,ec5d34136c3f222a371ecb2de6d7825f,left,ok,0.089005,86,434,0.142380,docs/tmp/final-source-verification-2026-05-09/current_residual_bbox_rerender/cabinet/ec5d34136c3f222a371ecb2de6d7825f/left.png
cabinet,ec5d34136c3f222a371ecb2de6d7825f,back,ok,0.045353,150,417,0.238609,docs/tmp/final-source-verification-2026-05-09/current_residual_bbox_rerender/cabinet/ec5d34136c3f222a371ecb2de6d7825f/back.png
cabinet,ec5d34136c3f222a371ecb2de6d7825f,right,ok,0.109657,86,434,0.142380,docs/tmp/final-source-verification-2026-05-09/current_residual_bbox_rerender/cabinet/ec5d34136c3f222a371ecb2de6d7825f/right.png
cabinet,ecd58ee0a25cdc5987d48ace8b282eb0,front,ok,0.266132,239,376,0.342804,docs/tmp/final-source-verification-2026-05-09/current_residual_bbox_rerender/cabinet/ecd58ee0a25cdc5987d48ace8b282eb0/front.png
cabinet,ecd58ee0a25cdc5987d48ace8b282eb0,left,ok,0.309143,512,188,0.367188,docs/tmp/final-source-verification-2026-05-09/current_residual_bbox_rerender/cabinet/ecd58ee0a25cdc5987d48ace8b282eb0/left.png
cabinet,ecd58ee0a25cdc5987d48ace8b282eb0,back,ok,0.260246,236,376,0.338501,docs/tmp/final-source-verification-2026-05-09/current_residual_bbox_rerender/cabinet/ecd58ee0a25cdc5987d48ace8b282eb0/back.png
cabinet,ecd58ee0a25cdc5987d48ace8b282eb0,right,ok,0.303616,494,189,0.356163,docs/tmp/final-source-verification-2026-05-09/current_residual_bbox_rerender/cabinet/ecd58ee0a25cdc5987d48ace8b282eb0/right.png
cabinet,ecde1b3c82ae626f94f540321fcb43cd,front,ok,0.020775,16,446,0.027222,docs/tmp/final-source-verification-2026-05-09/current_residual_bbox_rerender/cabinet/ecde1b3c82ae626f94f540321fcb43cd/front.png
cabinet,ecde1b3c82ae626f94f540321fcb43cd,left,ok,0.224869,190,393,0.284843,docs/tmp/final-source-verification-2026-05-09/current_residual_bbox_rerender/cabinet/ecde1b3c82ae626f94f540321fcb43cd/left.png
cabinet,ecde1b3c82ae626f94f540321fcb43cd,back,ok,0.020775,16,446,0.027222,docs/tmp/final-source-verification-2026-05-09/current_residual_bbox_rerender/cabinet/ecde1b3c82ae626f94f540321fcb43cd/back.png
cabinet,ecde1b3c82ae626f94f540321fcb43cd,right,ok,0.224873,190,393,0.284843,docs/tmp/final-source-verification-2026-05-09/current_residual_bbox_rerender/cabinet/ecde1b3c82ae626f94f540321fcb43cd/right.png
cabinet,ed18a7da388671a055943a5858c4c6ca,front,ok,0.424526,432,322,0.530640,docs/tmp/final-source-verification-2026-05-09/current_residual_bbox_rerender/cabinet/ed18a7da388671a055943a5858c4c6ca/front.png
cabinet,ed18a7da388671a055943a5858c4c6ca,left,ok,0.360786,512,256,0.500000,docs/tmp/final-source-verification-2026-05-09/current_residual_bbox_rerender/cabinet/ed18a7da388671a055943a5858c4c6ca/left.png
cabinet,ed18a7da388671a055943a5858c4c6ca,back,ok,0.356850,434,273,0.451973,docs/tmp/final-source-verification-2026-05-09/current_residual_bbox_rerender/cabinet/ed18a7da388671a055943a5858c4c6ca/back.png
cabinet,ed18a7da388671a055943a5858c4c6ca,right,ok,0.362507,512,255,0.498047,docs/tmp/final-source-verification-2026-05-09/current_residual_bbox_rerender/cabinet/ed18a7da388671a055943a5858c4c6ca/right.png
cabinet,ed1c3af2c56cf5578760c692a39ed85d,front,ok,0.306919,512,177,0.345703,docs/tmp/final-source-verification-2026-05-09/current_residual_bbox_rerender/cabinet/ed1c3af2c56cf5578760c692a39ed85d/front.png
cabinet,ed1c3af2c56cf5578760c692a39ed85d,left,ok,0.309059,312,339,0.403473,docs/tmp/final-source-verification-2026-05-09/current_residual_bbox_rerender/cabinet/ed1c3af2c56cf5578760c692a39ed85d/left.png
cabinet,ed1c3af2c56cf5578760c692a39ed85d,back,ok,0.306900,512,177,0.345703,docs/tmp/final-source-verification-2026-05-09/current_residual_bbox_rerender/cabinet/ed1c3af2c56cf5578760c692a39ed85d/back.png
cabinet,ed1c3af2c56cf5578760c692a39ed85d,right,ok,0.306000,314,333,0.398872,docs/tmp/final-source-verification-2026-05-09/current_residual_bbox_rerender/cabinet/ed1c3af2c56cf5578760c692a39ed85d/right.png
cabinet,edf61045f563d0ab377dfd9b490a1bac,front,ok,0.433048,421,366,0.587791,docs/tmp/final-source-verification-2026-05-09/current_residual_bbox_rerender/cabinet/edf61045f563d0ab377dfd9b490a1bac/front.png
cabinet,edf61045f563d0ab377dfd9b490a1bac,left,ok,0.352470,301,402,0.461586,docs/tmp/final-source-verification-2026-05-09/current_residual_bbox_rerender/cabinet/edf61045f563d0ab377dfd9b490a1bac/left.png
cabinet,edf61045f563d0ab377dfd9b490a1bac,back,ok,0.417030,407,364,0.565140,docs/tmp/final-source-verification-2026-05-09/current_residual_bbox_rerender/cabinet/edf61045f563d0ab377dfd9b490a1bac/back.png
cabinet,edf61045f563d0ab377dfd9b490a1bac,right,ok,0.412693,348,398,0.528351,docs/tmp/final-source-verification-2026-05-09/current_residual_bbox_rerender/cabinet/edf61045f563d0ab377dfd9b490a1bac/right.png
cabinet,ee5e3b5379985e5884dca7d4bafcab0f,front,ok,0.081467,91,381,0.132259,docs/tmp/final-source-verification-2026-05-09/current_residual_bbox_rerender/cabinet/ee5e3b5379985e5884dca7d4bafcab0f/front.png
cabinet,ee5e3b5379985e5884dca7d4bafcab0f,left,ok,0.194748,500,114,0.217438,docs/tmp/final-source-verification-2026-05-09/current_residual_bbox_rerender/cabinet/ee5e3b5379985e5884dca7d4bafcab0f/left.png
cabinet,ee5e3b5379985e5884dca7d4bafcab0f,back,ok,0.082466,91,381,0.132259,docs/tmp/final-source-verification-2026-05-09/current_residual_bbox_rerender/cabinet/ee5e3b5379985e5884dca7d4bafcab0f/back.png
cabinet,ee5e3b5379985e5884dca7d4bafcab0f,right,ok,0.161900,454,104,0.180115,docs/tmp/final-source-verification-2026-05-09/current_residual_bbox_rerender/cabinet/ee5e3b5379985e5884dca7d4bafcab0f/right.png
cabinet,eeb58819d13c08508db6fffc82554d65,front,ok,0.039944,465,24,0.042572,docs/tmp/final-source-verification-2026-05-09/current_residual_bbox_rerender/cabinet/eeb58819d13c08508db6fffc82554d65/front.png
cabinet,eeb58819d13c08508db6fffc82554d65,left,ok,0.019855,22,334,0.028030,docs/tmp/final-source-verification-2026-05-09/current_residual_bbox_rerender/cabinet/eeb58819d13c08508db6fffc82554d65/left.png
cabinet,eeb58819d13c08508db6fffc82554d65,back,ok,0.045860,470,26,0.046616,docs/tmp/final-source-verification-2026-05-09/current_residual_bbox_rerender/cabinet/eeb58819d13c08508db6fffc82554d65/back.png
cabinet,eeb58819d13c08508db6fffc82554d65,right,ok,0.019112,21,333,0.026676,docs/tmp/final-source-verification-2026-05-09/current_residual_bbox_rerender/cabinet/eeb58819d13c08508db6fffc82554d65/right.png
cabinet,eef055a25182e7ce4dd651be2c5394ea,front,ok,0.224979,508,144,0.279053,docs/tmp/final-source-verification-2026-05-09/current_residual_bbox_rerender/cabinet/eef055a25182e7ce4dd651be2c5394ea/front.png
cabinet,eef055a25182e7ce4dd651be2c5394ea,left,ok,0.267509,346,280,0.369568,docs/tmp/final-source-verification-2026-05-09/current_residual_bbox_rerender/cabinet/eef055a25182e7ce4dd651be2c5394ea/left.png
cabinet,eef055a25182e7ce4dd651be2c5394ea,back,ok,0.220448,509,144,0.279602,docs/tmp/final-source-verification-2026-05-09/current_residual_bbox_rerender/cabinet/eef055a25182e7ce4dd651be2c5394ea/back.png
cabinet,eef055a25182e7ce4dd651be2c5394ea,right,ok,0.261223,339,283,0.365971,docs/tmp/final-source-verification-2026-05-09/current_residual_bbox_rerender/cabinet/eef055a25182e7ce4dd651be2c5394ea/right.png
cabinet,eefa2c2d7a7c35a45b983ad8f1a63edd,front,ok,0.381714,348,380,0.504456,docs/tmp/final-source-verification-2026-05-09/current_residual_bbox_rerender/cabinet/eefa2c2d7a7c35a45b983ad8f1a63edd/front.png
cabinet,eefa2c2d7a7c35a45b983ad8f1a63edd,left,ok,0.464714,503,283,0.543018,docs/tmp/final-source-verification-2026-05-09/current_residual_bbox_rerender/cabinet/eefa2c2d7a7c35a45b983ad8f1a63edd/left.png
cabinet,eefa2c2d7a7c35a45b983ad8f1a63edd,back,ok,0.374508,343,380,0.497208,docs/tmp/final-source-verification-2026-05-09/current_residual_bbox_rerender/cabinet/eefa2c2d7a7c35a45b983ad8f1a63edd/back.png
cabinet,eefa2c2d7a7c35a45b983ad8f1a63edd,right,ok,0.394588,483,274,0.504845,docs/tmp/final-source-verification-2026-05-09/current_residual_bbox_rerender/cabinet/eefa2c2d7a7c35a45b983ad8f1a63edd/right.png
cabinet,eff7491003afbbc1f98e2574ee8c5e98,front,ok,0.389072,362,349,0.481941,docs/tmp/final-source-verification-2026-05-09/current_residual_bbox_rerender/cabinet/eff7491003afbbc1f98e2574ee8c5e98/front.png
cabinet,eff7491003afbbc1f98e2574ee8c5e98,left,ok,0.117092,86,457,0.149925,docs/tmp/final-source-verification-2026-05-09/current_residual_bbox_rerender/cabinet/eff7491003afbbc1f98e2574ee8c5e98/left.png
cabinet,eff7491003afbbc1f98e2574ee8c5e98,back,ok,0.382938,357,349,0.475285,docs/tmp/final-source-verification-2026-05-09/current_residual_bbox_rerender/cabinet/eff7491003afbbc1f98e2574ee8c5e98/back.png
cabinet,eff7491003afbbc1f98e2574ee8c5e98,right,ok,0.125755,94,457,0.163872,docs/tmp/final-source-verification-2026-05-09/current_residual_bbox_rerender/cabinet/eff7491003afbbc1f98e2574ee8c5e98/right.png
cabinet,f00855a56cfd1991595e5d70a59c0afe,front,ok,0.318340,512,182,0.355469,docs/tmp/final-source-verification-2026-05-09/current_residual_bbox_rerender/cabinet/f00855a56cfd1991595e5d70a59c0afe/front.png
cabinet,f00855a56cfd1991595e5d70a59c0afe,left,ok,0.331543,350,321,0.428581,docs/tmp/final-source-verification-2026-05-09/current_residual_bbox_rerender/cabinet/f00855a56cfd1991595e5d70a59c0afe/left.png
cabinet,f00855a56cfd1991595e5d70a59c0afe,back,ok,0.318329,512,182,0.355469,docs/tmp/final-source-verification-2026-05-09/current_residual_bbox_rerender/cabinet/f00855a56cfd1991595e5d70a59c0afe/back.png
cabinet,f00855a56cfd1991595e5d70a59c0afe,right,ok,0.331543,350,321,0.428581,docs/tmp/final-source-verification-2026-05-09/current_residual_bbox_rerender/cabinet/f00855a56cfd1991595e5d70a59c0afe/right.png
cabinet,f0805d366a08f81e15ddfb2235165638,front,ok,0.322819,284,396,0.429016,docs/tmp/final-source-verification-2026-05-09/current_residual_bbox_rerender/cabinet/f0805d366a08f81e15ddfb2235165638/front.png
cabinet,f0805d366a08f81e15ddfb2235165638,left,ok,0.193130,153,448,0.261475,docs/tmp/final-source-verification-2026-05-09/current_residual_bbox_rerender/cabinet/f0805d366a08f81e15ddfb2235165638/left.png
cabinet,f0805d366a08f81e15ddfb2235165638,back,ok,0.342522,281,399,0.427700,docs/tmp/final-source-verification-2026-05-09/current_residual_bbox_rerender/cabinet/f0805d366a08f81e15ddfb2235165638/back.png
cabinet,f0805d366a08f81e15ddfb2235165638,right,ok,0.198402,149,448,0.254639,docs/tmp/final-source-verification-2026-05-09/current_residual_bbox_rerender/cabinet/f0805d366a08f81e15ddfb2235165638/right.png
cabinet,f24adef3f58278ace48c3194f2cc1303,front,ok,0.079041,486,45,0.083427,docs/tmp/final-source-verification-2026-05-09/current_residual_bbox_rerender/cabinet/f24adef3f58278ace48c3194f2cc1303/front.png
cabinet,f24adef3f58278ace48c3194f2cc1303,left,ok,0.102734,118,316,0.142242,docs/tmp/final-source-verification-2026-05-09/current_residual_bbox_rerender/cabinet/f24adef3f58278ace48c3194f2cc1303/left.png
cabinet,f24adef3f58278ace48c3194f2cc1303,back,ok,0.079041,486,45,0.083427,docs/tmp/final-source-verification-2026-05-09/current_residual_bbox_rerender/cabinet/f24adef3f58278ace48c3194f2cc1303/back.png
cabinet,f24adef3f58278ace48c3194f2cc1303,right,ok,0.102745,118,316,0.142242,docs/tmp/final-source-verification-2026-05-09/current_residual_bbox_rerender/cabinet/f24adef3f58278ace48c3194f2cc1303/right.png
cabinet,f29d02f6b2b9b50bbc57f60a6fd649d5,front,ok,0.025040,20,411,0.031357,docs/tmp/final-source-verification-2026-05-09/current_residual_bbox_rerender/cabinet/f29d02f6b2b9b50bbc57f60a6fd649d5/front.png
cabinet,f29d02f6b2b9b50bbc57f60a6fd649d5,left,ok,0.044632,36,407,0.055893,docs/tmp/final-source-verification-2026-05-09/current_residual_bbox_rerender/cabinet/f29d02f6b2b9b50bbc57f60a6fd649d5/left.png
cabinet,f29d02f6b2b9b50bbc57f60a6fd649d5,back,ok,0.025059,20,411,0.031357,docs/tmp/final-source-verification-2026-05-09/current_residual_bbox_rerender/cabinet/f29d02f6b2b9b50bbc57f60a6fd649d5/back.png
cabinet,f29d02f6b2b9b50bbc57f60a6fd649d5,right,ok,0.044819,36,407,0.055893,docs/tmp/final-source-verification-2026-05-09/current_residual_bbox_rerender/cabinet/f29d02f6b2b9b50bbc57f60a6fd649d5/right.png
cabinet,f307d93cd235772ea4688ee1f9d51778,front,ok,0.100231,494,65,0.122490,docs/tmp/final-source-verification-2026-05-09/current_residual_bbox_rerender/cabinet/f307d93cd235772ea4688ee1f9d51778/front.png
cabinet,f307d93cd235772ea4688ee1f9d51778,left,ok,0.148212,174,310,0.205765,docs/tmp/final-source-verification-2026-05-09/current_residual_bbox_rerender/cabinet/f307d93cd235772ea4688ee1f9d51778/left.png
cabinet,f307d93cd235772ea4688ee1f9d51778,back,ok,0.112335,494,65,0.122490,docs/tmp/final-source-verification-2026-05-09/current_residual_bbox_rerender/cabinet/f307d93cd235772ea4688ee1f9d51778/back.png
cabinet,f307d93cd235772ea4688ee1f9d51778,right,ok,0.148464,174,310,0.205765,docs/tmp/final-source-verification-2026-05-09/current_residual_bbox_rerender/cabinet/f307d93cd235772ea4688ee1f9d51778/right.png
cabinet,f471513f73ace7981707dea152802450,front,ok,0.283001,224,441,0.376831,docs/tmp/final-source-verification-2026-05-09/current_residual_bbox_rerender/cabinet/f471513f73ace7981707dea152802450/front.png
cabinet,f471513f73ace7981707dea152802450,left,ok,0.377747,337,394,0.506508,docs/tmp/final-source-verification-2026-05-09/current_residual_bbox_rerender/cabinet/f471513f73ace7981707dea152802450/left.png
cabinet,f471513f73ace7981707dea152802450,back,ok,0.287663,220,442,0.370941,docs/tmp/final-source-verification-2026-05-09/current_residual_bbox_rerender/cabinet/f471513f73ace7981707dea152802450/back.png
cabinet,f471513f73ace7981707dea152802450,right,ok,0.363243,333,394,0.500496,docs/tmp/final-source-verification-2026-05-09/current_residual_bbox_rerender/cabinet/f471513f73ace7981707dea152802450/right.png
cabinet,f4840171aa37c2e23fb88895f4970e4a,front,ok,0.388783,320,414,0.505371,docs/tmp/final-source-verification-2026-05-09/current_residual_bbox_rerender/cabinet/f4840171aa37c2e23fb88895f4970e4a/front.png
cabinet,f4840171aa37c2e23fb88895f4970e4a,left,ok,0.386726,311,412,0.488785,docs/tmp/final-source-verification-2026-05-09/current_residual_bbox_rerender/cabinet/f4840171aa37c2e23fb88895f4970e4a/left.png
cabinet,f4840171aa37c2e23fb88895f4970e4a,back,ok,0.398037,325,414,0.513268,docs/tmp/final-source-verification-2026-05-09/current_residual_bbox_rerender/cabinet/f4840171aa37c2e23fb88895f4970e4a/back.png
cabinet,f4840171aa37c2e23fb88895f4970e4a,right,ok,0.398716,321,415,0.508175,docs/tmp/final-source-verification-2026-05-09/current_residual_bbox_rerender/cabinet/f4840171aa37c2e23fb88895f4970e4a/right.png
cabinet,f54498f152adc7faea9a7bee1bb3c0a1,front,ok,0.440880,378,387,0.558037,docs/tmp/final-source-verification-2026-05-09/current_residual_bbox_rerender/cabinet/f54498f152adc7faea9a7bee1bb3c0a1/front.png
cabinet,f54498f152adc7faea9a7bee1bb3c0a1,left,ok,0.491039,512,295,0.576172,docs/tmp/final-source-verification-2026-05-09/current_residual_bbox_rerender/cabinet/f54498f152adc7faea9a7bee1bb3c0a1/left.png
cabinet,f54498f152adc7faea9a7bee1bb3c0a1,back,ok,0.437519,378,387,0.558037,docs/tmp/final-source-verification-2026-05-09/current_residual_bbox_rerender/cabinet/f54498f152adc7faea9a7bee1bb3c0a1/back.png
cabinet,f54498f152adc7faea9a7bee1bb3c0a1,right,ok,0.491039,512,295,0.576172,docs/tmp/final-source-verification-2026-05-09/current_residual_bbox_rerender/cabinet/f54498f152adc7faea9a7bee1bb3c0a1/right.png
cabinet,f607af751f597c1f78f663c648c662f9,front,ok,0.205685,482,122,0.224319,docs/tmp/final-source-verification-2026-05-09/current_residual_bbox_rerender/cabinet/f607af751f597c1f78f663c648c662f9/front.png
cabinet,f607af751f597c1f78f663c648c662f9,left,ok,0.010120,8,398,0.012146,docs/tmp/final-source-verification-2026-05-09/current_residual_bbox_rerender/cabinet/f607af751f597c1f78f663c648c662f9/left.png
cabinet,f607af751f597c1f78f663c648c662f9,back,ok,0.205990,482,122,0.224319,docs/tmp/final-source-verification-2026-05-09/current_residual_bbox_rerender/cabinet/f607af751f597c1f78f663c648c662f9/back.png
cabinet,f607af751f597c1f78f663c648c662f9,right,ok,0.010120,8,398,0.012146,docs/tmp/final-source-verification-2026-05-09/current_residual_bbox_rerender/cabinet/f607af751f597c1f78f663c648c662f9/right.png
cabinet,f65d06200e45883b51385f5f5aa9574e,front,ok,0.428436,466,332,0.590179,docs/tmp/final-source-verification-2026-05-09/current_residual_bbox_rerender/cabinet/f65d06200e45883b51385f5f5aa9574e/front.png
cabinet,f65d06200e45883b51385f5f5aa9574e,left,ok,0.339294,266,426,0.432266,docs/tmp/final-source-verification-2026-05-09/current_residual_bbox_rerender/cabinet/f65d06200e45883b51385f5f5aa9574e/left.png
cabinet,f65d06200e45883b51385f5f5aa9574e,back,ok,0.452198,441,322,0.541695,docs/tmp/final-source-verification-2026-05-09/current_residual_bbox_rerender/cabinet/f65d06200e45883b51385f5f5aa9574e/back.png
cabinet,f65d06200e45883b51385f5f5aa9574e,right,ok,0.295143,269,426,0.437141,docs/tmp/final-source-verification-2026-05-09/current_residual_bbox_rerender/cabinet/f65d06200e45883b51385f5f5aa9574e/right.png
cabinet,f69d4e36458be5f1b16ded0dbf52b3f8,front,ok,0.130527,104,424,0.168213,docs/tmp/final-source-verification-2026-05-09/current_residual_bbox_rerender/cabinet/f69d4e36458be5f1b16ded0dbf52b3f8/front.png
cabinet,f69d4e36458be5f1b16ded0dbf52b3f8,left,ok,0.137184,110,423,0.177498,docs/tmp/final-source-verification-2026-05-09/current_residual_bbox_rerender/cabinet/f69d4e36458be5f1b16ded0dbf52b3f8/left.png
cabinet,f69d4e36458be5f1b16ded0dbf52b3f8,back,ok,0.130539,104,424,0.168213,docs/tmp/final-source-verification-2026-05-09/current_residual_bbox_rerender/cabinet/f69d4e36458be5f1b16ded0dbf52b3f8/back.png
cabinet,f69d4e36458be5f1b16ded0dbf52b3f8,right,ok,0.137192,110,423,0.177498,docs/tmp/final-source-verification-2026-05-09/current_residual_bbox_rerender/cabinet/f69d4e36458be5f1b16ded0dbf52b3f8/right.png
cabinet,f703f804351f565ce09bd17a41b07632,front,ok,0.060295,480,35,0.064087,docs/tmp/final-source-verification-2026-05-09/current_residual_bbox_rerender/cabinet/f703f804351f565ce09bd17a41b07632/front.png
cabinet,f703f804351f565ce09bd17a41b07632,left,ok,0.076813,88,318,0.106750,docs/tmp/final-source-verification-2026-05-09/current_residual_bbox_rerender/cabinet/f703f804351f565ce09bd17a41b07632/left.png
cabinet,f703f804351f565ce09bd17a41b07632,back,ok,0.060295,480,35,0.064087,docs/tmp/final-source-verification-2026-05-09/current_residual_bbox_rerender/cabinet/f703f804351f565ce09bd17a41b07632/back.png
cabinet,f703f804351f565ce09bd17a41b07632,right,ok,0.076813,88,318,0.106750,docs/tmp/final-source-verification-2026-05-09/current_residual_bbox_rerender/cabinet/f703f804351f565ce09bd17a41b07632/right.png
cabinet,f72edcf5eed1da98a84cc045f3a0fe1b,front,ok,0.307194,504,177,0.340302,docs/tmp/final-source-verification-2026-05-09/current_residual_bbox_rerender/cabinet/f72edcf5eed1da98a84cc045f3a0fe1b/front.png
cabinet,f72edcf5eed1da98a84cc045f3a0fe1b,left,ok,0.141811,120,408,0.186768,docs/tmp/final-source-verification-2026-05-09/current_residual_bbox_rerender/cabinet/f72edcf5eed1da98a84cc045f3a0fe1b/left.png
cabinet,f72edcf5eed1da98a84cc045f3a0fe1b,back,ok,0.303398,502,178,0.340866,docs/tmp/final-source-verification-2026-05-09/current_residual_bbox_rerender/cabinet/f72edcf5eed1da98a84cc045f3a0fe1b/back.png
cabinet,f72edcf5eed1da98a84cc045f3a0fe1b,right,ok,0.141979,120,408,0.186768,docs/tmp/final-source-verification-2026-05-09/current_residual_bbox_rerender/cabinet/f72edcf5eed1da98a84cc045f3a0fe1b/right.png
cabinet,f73e0fdc412b8f6b6bf2cb3ac479211e,front,ok,0.402615,414,308,0.486420,docs/tmp/final-source-verification-2026-05-09/current_residual_bbox_rerender/cabinet/f73e0fdc412b8f6b6bf2cb3ac479211e/front.png
cabinet,f73e0fdc412b8f6b6bf2cb3ac479211e,left,ok,0.114273,86,456,0.149597,docs/tmp/final-source-verification-2026-05-09/current_residual_bbox_rerender/cabinet/f73e0fdc412b8f6b6bf2cb3ac479211e/left.png
cabinet,f73e0fdc412b8f6b6bf2cb3ac479211e,back,ok,0.404583,416,308,0.488770,docs/tmp/final-source-verification-2026-05-09/current_residual_bbox_rerender/cabinet/f73e0fdc412b8f6b6bf2cb3ac479211e/back.png
cabinet,f73e0fdc412b8f6b6bf2cb3ac479211e,right,ok,0.112041,84,456,0.146118,docs/tmp/final-source-verification-2026-05-09/current_residual_bbox_rerender/cabinet/f73e0fdc412b8f6b6bf2cb3ac479211e/right.png
cabinet,f768c8b9386c290581890bf71e6a1d7d,front,ok,0.045662,470,26,0.046616,docs/tmp/final-source-verification-2026-05-09/current_residual_bbox_rerender/cabinet/f768c8b9386c290581890bf71e6a1d7d/front.png
cabinet,f768c8b9386c290581890bf71e6a1d7d,left,ok,0.018471,20,333,0.025406,docs/tmp/final-source-verification-2026-05-09/current_residual_bbox_rerender/cabinet/f768c8b9386c290581890bf71e6a1d7d/left.png
cabinet,f768c8b9386c290581890bf71e6a1d7d,back,ok,0.041424,460,24,0.042114,docs/tmp/final-source-verification-2026-05-09/current_residual_bbox_rerender/cabinet/f768c8b9386c290581890bf71e6a1d7d/back.png
cabinet,f768c8b9386c290581890bf71e6a1d7d,right,ok,0.018463,20,333,0.025406,docs/tmp/final-source-verification-2026-05-09/current_residual_bbox_rerender/cabinet/f768c8b9386c290581890bf71e6a1d7d/right.png
cabinet,f7bd19e3653539abbb44dd4077509c3e,front,ok,0.343426,444,237,0.401413,docs/tmp/final-source-verification-2026-05-09/current_residual_bbox_rerender/cabinet/f7bd19e3653539abbb44dd4077509c3e/front.png
cabinet,f7bd19e3653539abbb44dd4077509c3e,left,ok,0.009476,7,446,0.011909,docs/tmp/final-source-verification-2026-05-09/current_residual_bbox_rerender/cabinet/f7bd19e3653539abbb44dd4077509c3e/left.png
cabinet,f7bd19e3653539abbb44dd4077509c3e,back,ok,0.343426,444,237,0.401413,docs/tmp/final-source-verification-2026-05-09/current_residual_bbox_rerender/cabinet/f7bd19e3653539abbb44dd4077509c3e/back.png
cabinet,f7bd19e3653539abbb44dd4077509c3e,right,ok,0.009476,7,446,0.011909,docs/tmp/final-source-verification-2026-05-09/current_residual_bbox_rerender/cabinet/f7bd19e3653539abbb44dd4077509c3e/right.png
cabinet,f82d5f8eb7fda624bfc08f3d328164df,front,ok,0.184391,185,342,0.241356,docs/tmp/final-source-verification-2026-05-09/current_residual_bbox_rerender/cabinet/f82d5f8eb7fda624bfc08f3d328164df/front.png
cabinet,f82d5f8eb7fda624bfc08f3d328164df,left,ok,0.193703,490,116,0.216827,docs/tmp/final-source-verification-2026-05-09/current_residual_bbox_rerender/cabinet/f82d5f8eb7fda624bfc08f3d328164df/left.png
cabinet,f82d5f8eb7fda624bfc08f3d328164df,back,ok,0.184547,185,342,0.241356,docs/tmp/final-source-verification-2026-05-09/current_residual_bbox_rerender/cabinet/f82d5f8eb7fda624bfc08f3d328164df/back.png
cabinet,f82d5f8eb7fda624bfc08f3d328164df,right,ok,0.205574,498,133,0.252663,docs/tmp/final-source-verification-2026-05-09/current_residual_bbox_rerender/cabinet/f82d5f8eb7fda624bfc08f3d328164df/right.png
cabinet,f848e6efef05475e70a23060d4554387,front,ok,0.346760,445,308,0.522842,docs/tmp/final-source-verification-2026-05-09/current_residual_bbox_rerender/cabinet/f848e6efef05475e70a23060d4554387/front.png
cabinet,f848e6efef05475e70a23060d4554387,left,ok,0.203152,154,449,0.263771,docs/tmp/final-source-verification-2026-05-09/current_residual_bbox_rerender/cabinet/f848e6efef05475e70a23060d4554387/left.png
cabinet,f848e6efef05475e70a23060d4554387,back,ok,0.345711,445,308,0.522842,docs/tmp/final-source-verification-2026-05-09/current_residual_bbox_rerender/cabinet/f848e6efef05475e70a23060d4554387/back.png
cabinet,f848e6efef05475e70a23060d4554387,right,ok,0.159889,154,336,0.197388,docs/tmp/final-source-verification-2026-05-09/current_residual_bbox_rerender/cabinet/f848e6efef05475e70a23060d4554387/right.png
cabinet,f8b30e28c6f8a84032f526b9ed9d72f2,front,ok,0.370052,420,296,0.474243,docs/tmp/final-source-verification-2026-05-09/current_residual_bbox_rerender/cabinet/f8b30e28c6f8a84032f526b9ed9d72f2/front.png
cabinet,f8b30e28c6f8a84032f526b9ed9d72f2,left,ok,0.357567,512,217,0.423828,docs/tmp/final-source-verification-2026-05-09/current_residual_bbox_rerender/cabinet/f8b30e28c6f8a84032f526b9ed9d72f2/left.png
cabinet,f8b30e28c6f8a84032f526b9ed9d72f2,back,ok,0.370255,420,296,0.474243,docs/tmp/final-source-verification-2026-05-09/current_residual_bbox_rerender/cabinet/f8b30e28c6f8a84032f526b9ed9d72f2/back.png
cabinet,f8b30e28c6f8a84032f526b9ed9d72f2,right,ok,0.356300,512,217,0.423828,docs/tmp/final-source-verification-2026-05-09/current_residual_bbox_rerender/cabinet/f8b30e28c6f8a84032f526b9ed9d72f2/right.png
cabinet,fa0a46357a52792a180dc1c68c69cdd2,front,ok,0.314682,334,353,0.449760,docs/tmp/final-source-verification-2026-05-09/current_residual_bbox_rerender/cabinet/fa0a46357a52792a180dc1c68c69cdd2/front.png
cabinet,fa0a46357a52792a180dc1c68c69cdd2,left,ok,0.078739,58,459,0.101555,docs/tmp/final-source-verification-2026-05-09/current_residual_bbox_rerender/cabinet/fa0a46357a52792a180dc1c68c69cdd2/left.png
cabinet,fa0a46357a52792a180dc1c68c69cdd2,back,ok,0.320042,334,353,0.449760,docs/tmp/final-source-verification-2026-05-09/current_residual_bbox_rerender/cabinet/fa0a46357a52792a180dc1c68c69cdd2/back.png
cabinet,fa0a46357a52792a180dc1c68c69cdd2,right,ok,0.079910,58,459,0.101555,docs/tmp/final-source-verification-2026-05-09/current_residual_bbox_rerender/cabinet/fa0a46357a52792a180dc1c68c69cdd2/right.png
cabinet,fa430dd6b8e205916bc6b09127057839,front,ok,0.482296,446,362,0.615891,docs/tmp/final-source-verification-2026-05-09/current_residual_bbox_rerender/cabinet/fa430dd6b8e205916bc6b09127057839/front.png
cabinet,fa430dd6b8e205916bc6b09127057839,left,ok,0.387024,350,408,0.544739,docs/tmp/final-source-verification-2026-05-09/current_residual_bbox_rerender/cabinet/fa430dd6b8e205916bc6b09127057839/left.png
cabinet,fa430dd6b8e205916bc6b09127057839,back,ok,0.480194,433,356,0.588028,docs/tmp/final-source-verification-2026-05-09/current_residual_bbox_rerender/cabinet/fa430dd6b8e205916bc6b09127057839/back.png
cabinet,fa430dd6b8e205916bc6b09127057839,right,ok,0.431858,351,408,0.546295,docs/tmp/final-source-verification-2026-05-09/current_residual_bbox_rerender/cabinet/fa430dd6b8e205916bc6b09127057839/right.png
cabinet,fa67e0a29f9740a1b11f290cc2c575fa,front,ok,0.373215,512,216,0.421875,docs/tmp/final-source-verification-2026-05-09/current_residual_bbox_rerender/cabinet/fa67e0a29f9740a1b11f290cc2c575fa/front.png
cabinet,fa67e0a29f9740a1b11f290cc2c575fa,left,ok,0.377045,386,327,0.481499,docs/tmp/final-source-verification-2026-05-09/current_residual_bbox_rerender/cabinet/fa67e0a29f9740a1b11f290cc2c575fa/left.png
cabinet,fa67e0a29f9740a1b11f290cc2c575fa,back,ok,0.373032,512,216,0.421875,docs/tmp/final-source-verification-2026-05-09/current_residual_bbox_rerender/cabinet/fa67e0a29f9740a1b11f290cc2c575fa/back.png
cabinet,fa67e0a29f9740a1b11f290cc2c575fa,right,ok,0.377636,386,327,0.481499,docs/tmp/final-source-verification-2026-05-09/current_residual_bbox_rerender/cabinet/fa67e0a29f9740a1b11f290cc2c575fa/right.png
cabinet,fb070d852f71ecb3b8351e38ab04b595,front,ok,0.213707,510,119,0.231514,docs/tmp/final-source-verification-2026-05-09/current_residual_bbox_rerender/cabinet/fb070d852f71ecb3b8351e38ab04b595/front.png
cabinet,fb070d852f71ecb3b8351e38ab04b595,left,ok,0.167286,162,360,0.222473,docs/tmp/final-source-verification-2026-05-09/current_residual_bbox_rerender/cabinet/fb070d852f71ecb3b8351e38ab04b595/left.png
cabinet,fb070d852f71ecb3b8351e38ab04b595,back,ok,0.213707,510,119,0.231514,docs/tmp/final-source-verification-2026-05-09/current_residual_bbox_rerender/cabinet/fb070d852f71ecb3b8351e38ab04b595/back.png
cabinet,fb070d852f71ecb3b8351e38ab04b595,right,ok,0.167301,162,360,0.222473,docs/tmp/final-source-verification-2026-05-09/current_residual_bbox_rerender/cabinet/fb070d852f71ecb3b8351e38ab04b595/right.png
cabinet,fc5dfa65e71476fa2b37ad889bbe52b5,front,ok,0.329216,512,187,0.365234,docs/tmp/final-source-verification-2026-05-09/current_residual_bbox_rerender/cabinet/fc5dfa65e71476fa2b37ad889bbe52b5/front.png
cabinet,fc5dfa65e71476fa2b37ad889bbe52b5,left,ok,0.333675,338,335,0.431938,docs/tmp/final-source-verification-2026-05-09/current_residual_bbox_rerender/cabinet/fc5dfa65e71476fa2b37ad889bbe52b5/left.png
cabinet,fc5dfa65e71476fa2b37ad889bbe52b5,back,ok,0.329212,512,187,0.365234,docs/tmp/final-source-verification-2026-05-09/current_residual_bbox_rerender/cabinet/fc5dfa65e71476fa2b37ad889bbe52b5/back.png
cabinet,fc5dfa65e71476fa2b37ad889bbe52b5,right,ok,0.332031,338,335,0.431938,docs/tmp/final-source-verification-2026-05-09/current_residual_bbox_rerender/cabinet/fc5dfa65e71476fa2b37ad889bbe52b5/right.png
cabinet,fd0a02a7d9f6ceba9af45e731c8231b1,front,ok,0.012901,12,378,0.017303,docs/tmp/final-source-verification-2026-05-09/current_residual_bbox_rerender/cabinet/fd0a02a7d9f6ceba9af45e731c8231b1/front.png
cabinet,fd0a02a7d9f6ceba9af45e731c8231b1,left,ok,0.135639,480,78,0.142822,docs/tmp/final-source-verification-2026-05-09/current_residual_bbox_rerender/cabinet/fd0a02a7d9f6ceba9af45e731c8231b1/left.png
cabinet,fd0a02a7d9f6ceba9af45e731c8231b1,back,ok,0.012901,12,378,0.017303,docs/tmp/final-source-verification-2026-05-09/current_residual_bbox_rerender/cabinet/fd0a02a7d9f6ceba9af45e731c8231b1/back.png
cabinet,fd0a02a7d9f6ceba9af45e731c8231b1,right,ok,0.135639,480,78,0.142822,docs/tmp/final-source-verification-2026-05-09/current_residual_bbox_rerender/cabinet/fd0a02a7d9f6ceba9af45e731c8231b1/right.png
cabinet,fddb158c3b5d10977cc4047930c5881a,front,ok,0.114380,478,66,0.120346,docs/tmp/final-source-verification-2026-05-09/current_residual_bbox_rerender/cabinet/fddb158c3b5d10977cc4047930c5881a/front.png
cabinet,fddb158c3b5d10977cc4047930c5881a,left,ok,0.009987,10,370,0.014114,docs/tmp/final-source-verification-2026-05-09/current_residual_bbox_rerender/cabinet/fddb158c3b5d10977cc4047930c5881a/left.png
cabinet,fddb158c3b5d10977cc4047930c5881a,back,ok,0.114552,478,66,0.120346,docs/tmp/final-source-verification-2026-05-09/current_residual_bbox_rerender/cabinet/fddb158c3b5d10977cc4047930c5881a/back.png
cabinet,fddb158c3b5d10977cc4047930c5881a,right,ok,0.009987,10,370,0.014114,docs/tmp/final-source-verification-2026-05-09/current_residual_bbox_rerender/cabinet/fddb158c3b5d10977cc4047930c5881a/right.png
cabinet,fe383fbf02546b0518ba35db1701a8c0,front,ok,0.400650,384,370,0.541992,docs/tmp/final-source-verification-2026-05-09/current_residual_bbox_rerender/cabinet/fe383fbf02546b0518ba35db1701a8c0/front.png
cabinet,fe383fbf02546b0518ba35db1701a8c0,left,ok,0.256042,218,445,0.370064,docs/tmp/final-source-verification-2026-05-09/current_residual_bbox_rerender/cabinet/fe383fbf02546b0518ba35db1701a8c0/left.png
cabinet,fe383fbf02546b0518ba35db1701a8c0,back,ok,0.324867,340,371,0.481186,docs/tmp/final-source-verification-2026-05-09/current_residual_bbox_rerender/cabinet/fe383fbf02546b0518ba35db1701a8c0/back.png
cabinet,fe383fbf02546b0518ba35db1701a8c0,right,ok,0.244720,207,444,0.350601,docs/tmp/final-source-verification-2026-05-09/current_residual_bbox_rerender/cabinet/fe383fbf02546b0518ba35db1701a8c0/right.png
cabinet,feb829b7221845e81c98fb9b9fc7bbde,front,ok,0.358307,331,362,0.457085,docs/tmp/final-source-verification-2026-05-09/current_residual_bbox_rerender/cabinet/feb829b7221845e81c98fb9b9fc7bbde/front.png
cabinet,feb829b7221845e81c98fb9b9fc7bbde,left,ok,0.367172,512,233,0.455078,docs/tmp/final-source-verification-2026-05-09/current_residual_bbox_rerender/cabinet/feb829b7221845e81c98fb9b9fc7bbde/left.png
cabinet,feb829b7221845e81c98fb9b9fc7bbde,back,ok,0.355858,325,362,0.448799,docs/tmp/final-source-verification-2026-05-09/current_residual_bbox_rerender/cabinet/feb829b7221845e81c98fb9b9fc7bbde/back.png
cabinet,feb829b7221845e81c98fb9b9fc7bbde,right,ok,0.374500,484,239,0.441269,docs/tmp/final-source-verification-2026-05-09/current_residual_bbox_rerender/cabinet/feb829b7221845e81c98fb9b9fc7bbde/right.png
cabinet,fec9c1b32f7a49927df3104e714643c5,front,ok,0.224926,229,376,0.328461,docs/tmp/final-source-verification-2026-05-09/current_residual_bbox_rerender/cabinet/fec9c1b32f7a49927df3104e714643c5/front.png
cabinet,fec9c1b32f7a49927df3104e714643c5,left,ok,0.303181,512,168,0.328125,docs/tmp/final-source-verification-2026-05-09/current_residual_bbox_rerender/cabinet/fec9c1b32f7a49927df3104e714643c5/left.png
cabinet,fec9c1b32f7a49927df3104e714643c5,back,ok,0.224998,229,376,0.328461,docs/tmp/final-source-verification-2026-05-09/current_residual_bbox_rerender/cabinet/fec9c1b32f7a49927df3104e714643c5/back.png
cabinet,fec9c1b32f7a49927df3104e714643c5,right,ok,0.235584,512,165,0.322266,docs/tmp/final-source-verification-2026-05-09/current_residual_bbox_rerender/cabinet/fec9c1b32f7a49927df3104e714643c5/right.png
cabinet,ff8577487ace9743e1d7d06bb270e4c4,front,ok,0.311924,512,184,0.359375,docs/tmp/final-source-verification-2026-05-09/current_residual_bbox_rerender/cabinet/ff8577487ace9743e1d7d06bb270e4c4/front.png
cabinet,ff8577487ace9743e1d7d06bb270e4c4,left,ok,0.330700,374,300,0.428009,docs/tmp/final-source-verification-2026-05-09/current_residual_bbox_rerender/cabinet/ff8577487ace9743e1d7d06bb270e4c4/left.png
cabinet,ff8577487ace9743e1d7d06bb270e4c4,back,ok,0.309952,512,182,0.355469,docs/tmp/final-source-verification-2026-05-09/current_residual_bbox_rerender/cabinet/ff8577487ace9743e1d7d06bb270e4c4/back.png
cabinet,ff8577487ace9743e1d7d06bb270e4c4,right,ok,0.332260,374,302,0.430862,docs/tmp/final-source-verification-2026-05-09/current_residual_bbox_rerender/cabinet/ff8577487ace9743e1d7d06bb270e4c4/right.png
door,00a3b5cc011be5cc8bc71641fa0890d2,front,ok,0.378338,404,296,0.456177,docs/tmp/final-source-verification-2026-05-09/current_residual_bbox_rerender/door/00a3b5cc011be5cc8bc71641fa0890d2/front.png
door,00a3b5cc011be5cc8bc71641fa0890d2,left,ok,0.046562,35,456,0.060883,docs/tmp/final-source-verification-2026-05-09/current_residual_bbox_rerender/door/00a3b5cc011be5cc8bc71641fa0890d2/left.png
door,00a3b5cc011be5cc8bc71641fa0890d2,back,ok,0.378517,404,296,0.456177,docs/tmp/final-source-verification-2026-05-09/current_residual_bbox_rerender/door/00a3b5cc011be5cc8bc71641fa0890d2/back.png
door,00a3b5cc011be5cc8bc71641fa0890d2,right,ok,0.046139,34,456,0.059143,docs/tmp/final-source-verification-2026-05-09/current_residual_bbox_rerender/door/00a3b5cc011be5cc8bc71641fa0890d2/right.png
door,00b8bba3202be4b0dfdc5b4066d22f37,front,ok,0.244236,512,145,0.283203,docs/tmp/final-source-verification-2026-05-09/current_residual_bbox_rerender/door/00b8bba3202be4b0dfdc5b4066d22f37/front.png
door,00b8bba3202be4b0dfdc5b4066d22f37,left,ok,0.278633,340,291,0.377426,docs/tmp/final-source-verification-2026-05-09/current_residual_bbox_rerender/door/00b8bba3202be4b0dfdc5b4066d22f37/left.png
door,00b8bba3202be4b0dfdc5b4066d22f37,back,ok,0.244267,512,145,0.283203,docs/tmp/final-source-verification-2026-05-09/current_residual_bbox_rerender/door/00b8bba3202be4b0dfdc5b4066d22f37/back.png
door,00b8bba3202be4b0dfdc5b4066d22f37,right,ok,0.280674,340,291,0.377426,docs/tmp/final-source-verification-2026-05-09/current_residual_bbox_rerender/door/00b8bba3202be4b0dfdc5b4066d22f37/right.png
door,058ee9a6db75c12d0ee1fb9b2fec56da,front,ok,0.016853,86,140,0.045929,docs/tmp/final-source-verification-2026-05-09/current_residual_bbox_rerender/door/058ee9a6db75c12d0ee1fb9b2fec56da/front.png
door,058ee9a6db75c12d0ee1fb9b2fec56da,left,ok,0.038948,236,101,0.090927,docs/tmp/final-source-verification-2026-05-09/current_residual_bbox_rerender/door/058ee9a6db75c12d0ee1fb9b2fec56da/left.png
door,058ee9a6db75c12d0ee1fb9b2fec56da,back,ok,0.028034,157,153,0.091633,docs/tmp/final-source-verification-2026-05-09/current_residual_bbox_rerender/door/058ee9a6db75c12d0ee1fb9b2fec56da/back.png
door,058ee9a6db75c12d0ee1fb9b2fec56da,right,blank,0.000000,0,0,0.000000,docs/tmp/final-source-verification-2026-05-09/current_residual_bbox_rerender/door/058ee9a6db75c12d0ee1fb9b2fec56da/right.png
door,0822efb1d8134b1d1a6583c92866114f,front,ok,0.331978,464,237,0.419495,docs/tmp/final-source-verification-2026-05-09/current_residual_bbox_rerender/door/0822efb1d8134b1d1a6583c92866114f/front.png
door,0822efb1d8134b1d1a6583c92866114f,left,ok,0.325516,473,228,0.411392,docs/tmp/final-source-verification-2026-05-09/current_residual_bbox_rerender/door/0822efb1d8134b1d1a6583c92866114f/left.png
door,0822efb1d8134b1d1a6583c92866114f,back,ok,0.332001,464,237,0.419495,docs/tmp/final-source-verification-2026-05-09/current_residual_bbox_rerender/door/0822efb1d8134b1d1a6583c92866114f/back.png
door,0822efb1d8134b1d1a6583c92866114f,right,ok,0.327225,473,228,0.411392,docs/tmp/final-source-verification-2026-05-09/current_residual_bbox_rerender/door/0822efb1d8134b1d1a6583c92866114f/right.png
door,096950d462f90002d961680057896d1f,front,ok,0.362961,460,257,0.450974,docs/tmp/final-source-verification-2026-05-09/current_residual_bbox_rerender/door/096950d462f90002d961680057896d1f/front.png
door,096950d462f90002d961680057896d1f,left,ok,0.106831,86,446,0.146317,docs/tmp/final-source-verification-2026-05-09/current_residual_bbox_rerender/door/096950d462f90002d961680057896d1f/left.png
door,096950d462f90002d961680057896d1f,back,ok,0.384384,460,257,0.450974,docs/tmp/final-source-verification-2026-05-09/current_residual_bbox_rerender/door/096950d462f90002d961680057896d1f/back.png
door,096950d462f90002d961680057896d1f,right,ok,0.099422,84,446,0.142914,docs/tmp/final-source-verification-2026-05-09/current_residual_bbox_rerender/door/096950d462f90002d961680057896d1f/right.png
door,0a6c23543ed06d75b861a4adf0db73e3,front,ok,0.265541,503,170,0.326195,docs/tmp/final-source-verification-2026-05-09/current_residual_bbox_rerender/door/0a6c23543ed06d75b861a4adf0db73e3/front.png
door,0a6c23543ed06d75b861a4adf0db73e3,left,ok,0.301521,390,267,0.397224,docs/tmp/final-source-verification-2026-05-09/current_residual_bbox_rerender/door/0a6c23543ed06d75b861a4adf0db73e3/left.png
door,0a6c23543ed06d75b861a4adf0db73e3,back,ok,0.271130,503,170,0.326195,docs/tmp/final-source-verification-2026-05-09/current_residual_bbox_rerender/door/0a6c23543ed06d75b861a4adf0db73e3/back.png
door,0a6c23543ed06d75b861a4adf0db73e3,right,ok,0.296593,390,267,0.397224,docs/tmp/final-source-verification-2026-05-09/current_residual_bbox_rerender/door/0a6c23543ed06d75b861a4adf0db73e3/right.png
door,0e28a2d69edb5df53c0f99a5a3b7165d,front,ok,0.376015,422,281,0.452354,docs/tmp/final-source-verification-2026-05-09/current_residual_bbox_rerender/door/0e28a2d69edb5df53c0f99a5a3b7165d/front.png
door,0e28a2d69edb5df53c0f99a5a3b7165d,left,ok,0.048599,38,456,0.066101,docs/tmp/final-source-verification-2026-05-09/current_residual_bbox_rerender/door/0e28a2d69edb5df53c0f99a5a3b7165d/left.png
door,0e28a2d69edb5df53c0f99a5a3b7165d,back,ok,0.375793,422,281,0.452354,docs/tmp/final-source-verification-2026-05-09/current_residual_bbox_rerender/door/0e28a2d69edb5df53c0f99a5a3b7165d/back.png
door,0e28a2d69edb5df53c0f99a5a3b7165d,right,ok,0.050579,38,456,0.066101,docs/tmp/final-source-verification-2026-05-09/current_residual_bbox_rerender/door/0e28a2d69edb5df53c0f99a5a3b7165d/right.png
door,0fa2eaeddf62a9aef081dbc822b32a74,front,ok,0.267269,512,157,0.306641,docs/tmp/final-source-verification-2026-05-09/current_residual_bbox_rerender/door/0fa2eaeddf62a9aef081dbc822b32a74/front.png
door,0fa2eaeddf62a9aef081dbc822b32a74,left,ok,0.284264,316,318,0.383331,docs/tmp/final-source-verification-2026-05-09/current_residual_bbox_rerender/door/0fa2eaeddf62a9aef081dbc822b32a74/left.png
door,0fa2eaeddf62a9aef081dbc822b32a74,back,ok,0.267250,512,157,0.306641,docs/tmp/final-source-verification-2026-05-09/current_residual_bbox_rerender/door/0fa2eaeddf62a9aef081dbc822b32a74/back.png
door,0fa2eaeddf62a9aef081dbc822b32a74,right,ok,0.286850,316,318,0.383331,docs/tmp/final-source-verification-2026-05-09/current_residual_bbox_rerender/door/0fa2eaeddf62a9aef081dbc822b32a74/right.png
door,112a91d2099739bfb5f56fb00b5fd320,front,ok,0.234756,512,134,0.261719,docs/tmp/final-source-verification-2026-05-09/current_residual_bbox_rerender/door/112a91d2099739bfb5f56fb00b5fd320/front.png
door,112a91d2099739bfb5f56fb00b5fd320,left,ok,0.242928,262,330,0.329819,docs/tmp/final-source-verification-2026-05-09/current_residual_bbox_rerender/door/112a91d2099739bfb5f56fb00b5fd320/left.png
door,112a91d2099739bfb5f56fb00b5fd320,back,ok,0.234791,512,134,0.261719,docs/tmp/final-source-verification-2026-05-09/current_residual_bbox_rerender/door/112a91d2099739bfb5f56fb00b5fd320/back.png
door,112a91d2099739bfb5f56fb00b5fd320,right,ok,0.243824,262,330,0.329819,docs/tmp/final-source-verification-2026-05-09/current_residual_bbox_rerender/door/112a91d2099739bfb5f56fb00b5fd320/right.png
door,131957686cee2b4f73f7b58b08388d29,front,ok,0.100971,426,254,0.412766,docs/tmp/final-source-verification-2026-05-09/current_residual_bbox_rerender/door/131957686cee2b4f73f7b58b08388d29/front.png
door,131957686cee2b4f73f7b58b08388d29,left,ok,0.097122,494,194,0.365585,docs/tmp/final-source-verification-2026-05-09/current_residual_bbox_rerender/door/131957686cee2b4f73f7b58b08388d29/left.png
door,131957686cee2b4f73f7b58b08388d29,back,ok,0.100998,426,254,0.412766,docs/tmp/final-source-verification-2026-05-09/current_residual_bbox_rerender/door/131957686cee2b4f73f7b58b08388d29/back.png
door,131957686cee2b4f73f7b58b08388d29,right,ok,0.107796,494,194,0.365585,docs/tmp/final-source-verification-2026-05-09/current_residual_bbox_rerender/door/131957686cee2b4f73f7b58b08388d29/right.png
door,145d74f2fde0d084fe778acbc6b68667,front,ok,0.112019,398,311,0.472176,docs/tmp/final-source-verification-2026-05-09/current_residual_bbox_rerender/door/145d74f2fde0d084fe778acbc6b68667/front.png
door,145d74f2fde0d084fe778acbc6b68667,left,ok,0.074406,58,458,0.101334,docs/tmp/final-source-verification-2026-05-09/current_residual_bbox_rerender/door/145d74f2fde0d084fe778acbc6b68667/left.png
door,145d74f2fde0d084fe778acbc6b68667,back,ok,0.125965,398,311,0.472176,docs/tmp/final-source-verification-2026-05-09/current_residual_bbox_rerender/door/145d74f2fde0d084fe778acbc6b68667/back.png
door,145d74f2fde0d084fe778acbc6b68667,right,ok,0.068630,58,458,0.101334,docs/tmp/final-source-verification-2026-05-09/current_residual_bbox_rerender/door/145d74f2fde0d084fe778acbc6b68667/right.png
door,17e0ebfcd0c915fcc48872dcd929cc80,front,ok,0.364380,438,268,0.447784,docs/tmp/final-source-verification-2026-05-09/current_residual_bbox_rerender/door/17e0ebfcd0c915fcc48872dcd929cc80/front.png
door,17e0ebfcd0c915fcc48872dcd929cc80,left,ok,0.061623,48,452,0.082764,docs/tmp/final-source-verification-2026-05-09/current_residual_bbox_rerender/door/17e0ebfcd0c915fcc48872dcd929cc80/left.png
door,17e0ebfcd0c915fcc48872dcd929cc80,back,ok,0.377819,438,268,0.447784,docs/tmp/final-source-verification-2026-05-09/current_residual_bbox_rerender/door/17e0ebfcd0c915fcc48872dcd929cc80/back.png
door,17e0ebfcd0c915fcc48872dcd929cc80,right,ok,0.055935,48,452,0.082764,docs/tmp/final-source-verification-2026-05-09/current_residual_bbox_rerender/door/17e0ebfcd0c915fcc48872dcd929cc80/right.png
door,19b244036b354a2172a6f048dc926c5b,front,ok,0.123398,408,316,0.491821,docs/tmp/final-source-verification-2026-05-09/current_residual_bbox_rerender/door/19b244036b354a2172a6f048dc926c5b/front.png
door,19b244036b354a2172a6f048dc926c5b,left,ok,0.113232,92,456,0.160034,docs/tmp/final-source-verification-2026-05-09/current_residual_bbox_rerender/door/19b244036b354a2172a6f048dc926c5b/left.png
door,19b244036b354a2172a6f048dc926c5b,back,ok,0.123436,408,316,0.491821,docs/tmp/final-source-verification-2026-05-09/current_residual_bbox_rerender/door/19b244036b354a2172a6f048dc926c5b/back.png
door,19b244036b354a2172a6f048dc926c5b,right,ok,0.118755,90,456,0.156555,docs/tmp/final-source-verification-2026-05-09/current_residual_bbox_rerender/door/19b244036b354a2172a6f048dc926c5b/right.png
door,1a58b583496f33ae458cd640c8b6a656,front,ok,0.175179,504,198,0.380676,docs/tmp/final-source-verification-2026-05-09/current_residual_bbox_rerender/door/1a58b583496f33ae458cd640c8b6a656/front.png
door,1a58b583496f33ae458cd640c8b6a656,left,ok,0.153797,417,272,0.432678,docs/tmp/final-source-verification-2026-05-09/current_residual_bbox_rerender/door/1a58b583496f33ae458cd640c8b6a656/left.png
door,1a58b583496f33ae458cd640c8b6a656,back,ok,0.189949,504,198,0.380676,docs/tmp/final-source-verification-2026-05-09/current_residual_bbox_rerender/door/1a58b583496f33ae458cd640c8b6a656/back.png
door,1a58b583496f33ae458cd640c8b6a656,right,ok,0.161926,417,272,0.432678,docs/tmp/final-source-verification-2026-05-09/current_residual_bbox_rerender/door/1a58b583496f33ae458cd640c8b6a656/right.png
door,1b54aee00220d72ef513c9c0d0afe430,front,ok,0.299248,414,251,0.396400,docs/tmp/final-source-verification-2026-05-09/current_residual_bbox_rerender/door/1b54aee00220d72ef513c9c0d0afe430/front.png
door,1b54aee00220d72ef513c9c0d0afe430,left,ok,0.279686,494,182,0.342972,docs/tmp/final-source-verification-2026-05-09/current_residual_bbox_rerender/door/1b54aee00220d72ef513c9c0d0afe430/left.png
door,1b54aee00220d72ef513c9c0d0afe430,back,ok,0.303638,415,251,0.397358,docs/tmp/final-source-verification-2026-05-09/current_residual_bbox_rerender/door/1b54aee00220d72ef513c9c0d0afe430/back.png
door,1b54aee00220d72ef513c9c0d0afe430,right,ok,0.276760,494,182,0.342972,docs/tmp/final-source-verification-2026-05-09/current_residual_bbox_rerender/door/1b54aee00220d72ef513c9c0d0afe430/right.png
door,1b72ef6e7b462537f248fcdc472426c4,front,ok,0.255608,486,152,0.281799,docs/tmp/final-source-verification-2026-05-09/current_residual_bbox_rerender/door/1b72ef6e7b462537f248fcdc472426c4/front.png
door,1b72ef6e7b462537f248fcdc472426c4,left,ok,0.061466,56,405,0.086517,docs/tmp/final-source-verification-2026-05-09/current_residual_bbox_rerender/door/1b72ef6e7b462537f248fcdc472426c4/left.png
door,1b72ef6e7b462537f248fcdc472426c4,back,ok,0.261723,494,154,0.290207,docs/tmp/final-source-verification-2026-05-09/current_residual_bbox_rerender/door/1b72ef6e7b462537f248fcdc472426c4/back.png
door,1b72ef6e7b462537f248fcdc472426c4,right,ok,0.065407,56,405,0.086517,docs/tmp/final-source-verification-2026-05-09/current_residual_bbox_rerender/door/1b72ef6e7b462537f248fcdc472426c4/right.png
door,1ba0ffdc348928821647cf6fa5bb6a55,front,ok,0.293343,482,204,0.375092,docs/tmp/final-source-verification-2026-05-09/current_residual_bbox_rerender/door/1ba0ffdc348928821647cf6fa5bb6a55/front.png
door,1ba0ffdc348928821647cf6fa5bb6a55,left,ok,0.311745,444,238,0.403107,docs/tmp/final-source-verification-2026-05-09/current_residual_bbox_rerender/door/1ba0ffdc348928821647cf6fa5bb6a55/left.png
door,1ba0ffdc348928821647cf6fa5bb6a55,back,ok,0.298584,482,204,0.375092,docs/tmp/final-source-verification-2026-05-09/current_residual_bbox_rerender/door/1ba0ffdc348928821647cf6fa5bb6a55/back.png
door,1ba0ffdc348928821647cf6fa5bb6a55,right,ok,0.307903,444,237,0.401413,docs/tmp/final-source-verification-2026-05-09/current_residual_bbox_rerender/door/1ba0ffdc348928821647cf6fa5bb6a55/right.png
door,1c5b4263820d3264c31c028df1becc3f,front,ok,0.233288,512,137,0.267578,docs/tmp/final-source-verification-2026-05-09/current_residual_bbox_rerender/door/1c5b4263820d3264c31c028df1becc3f/front.png
door,1c5b4263820d3264c31c028df1becc3f,left,ok,0.264549,312,302,0.359436,docs/tmp/final-source-verification-2026-05-09/current_residual_bbox_rerender/door/1c5b4263820d3264c31c028df1becc3f/left.png
door,1c5b4263820d3264c31c028df1becc3f,back,ok,0.233765,512,137,0.267578,docs/tmp/final-source-verification-2026-05-09/current_residual_bbox_rerender/door/1c5b4263820d3264c31c028df1becc3f/back.png
door,1c5b4263820d3264c31c028df1becc3f,right,ok,0.266346,312,303,0.360626,docs/tmp/final-source-verification-2026-05-09/current_residual_bbox_rerender/door/1c5b4263820d3264c31c028df1becc3f/right.png
door,1d811324255f2c235d9b0596b7b533b6,front,ok,0.161079,505,190,0.366020,docs/tmp/final-source-verification-2026-05-09/current_residual_bbox_rerender/door/1d811324255f2c235d9b0596b7b533b6/front.png
door,1d811324255f2c235d9b0596b7b533b6,left,ok,0.139080,408,273,0.424896,docs/tmp/final-source-verification-2026-05-09/current_residual_bbox_rerender/door/1d811324255f2c235d9b0596b7b533b6/left.png
door,1d811324255f2c235d9b0596b7b533b6,back,ok,0.173519,504,190,0.365295,docs/tmp/final-source-verification-2026-05-09/current_residual_bbox_rerender/door/1d811324255f2c235d9b0596b7b533b6/back.png
door,1d811324255f2c235d9b0596b7b533b6,right,ok,0.145092,408,272,0.423340,docs/tmp/final-source-verification-2026-05-09/current_residual_bbox_rerender/door/1d811324255f2c235d9b0596b7b533b6/right.png
door,1ede7d354f5561f70a087058c770696c,front,ok,0.293339,482,204,0.375092,docs/tmp/final-source-verification-2026-05-09/current_residual_bbox_rerender/door/1ede7d354f5561f70a087058c770696c/front.png
door,1ede7d354f5561f70a087058c770696c,left,ok,0.311741,444,238,0.403107,docs/tmp/final-source-verification-2026-05-09/current_residual_bbox_rerender/door/1ede7d354f5561f70a087058c770696c/left.png
door,1ede7d354f5561f70a087058c770696c,back,ok,0.298588,482,204,0.375092,docs/tmp/final-source-verification-2026-05-09/current_residual_bbox_rerender/door/1ede7d354f5561f70a087058c770696c/back.png
door,1ede7d354f5561f70a087058c770696c,right,ok,0.307869,444,237,0.401413,docs/tmp/final-source-verification-2026-05-09/current_residual_bbox_rerender/door/1ede7d354f5561f70a087058c770696c/right.png
door,1f202d51d9d511d099b264cb7cef3de0,front,ok,0.147865,473,232,0.418610,docs/tmp/final-source-verification-2026-05-09/current_residual_bbox_rerender/door/1f202d51d9d511d099b264cb7cef3de0/front.png
door,1f202d51d9d511d099b264cb7cef3de0,left,ok,0.134991,468,237,0.423111,docs/tmp/final-source-verification-2026-05-09/current_residual_bbox_rerender/door/1f202d51d9d511d099b264cb7cef3de0/left.png
door,1f202d51d9d511d099b264cb7cef3de0,back,ok,0.147854,472,232,0.417725,docs/tmp/final-source-verification-2026-05-09/current_residual_bbox_rerender/door/1f202d51d9d511d099b264cb7cef3de0/back.png
door,1f202d51d9d511d099b264cb7cef3de0,right,ok,0.148815,468,236,0.421326,docs/tmp/final-source-verification-2026-05-09/current_residual_bbox_rerender/door/1f202d51d9d511d099b264cb7cef3de0/right.png
door,1f614c5e84cf7ab87a1fc0d1bcf00f40,front,ok,0.317394,483,220,0.405350,docs/tmp/final-source-verification-2026-05-09/current_residual_bbox_rerender/door/1f614c5e84cf7ab87a1fc0d1bcf00f40/front.png
door,1f614c5e84cf7ab87a1fc0d1bcf00f40,left,ok,0.332428,454,245,0.424309,docs/tmp/final-source-verification-2026-05-09/current_residual_bbox_rerender/door/1f614c5e84cf7ab87a1fc0d1bcf00f40/left.png
door,1f614c5e84cf7ab87a1fc0d1bcf00f40,back,ok,0.326332,483,220,0.405350,docs/tmp/final-source-verification-2026-05-09/current_residual_bbox_rerender/door/1f614c5e84cf7ab87a1fc0d1bcf00f40/back.png
door,1f614c5e84cf7ab87a1fc0d1bcf00f40,right,ok,0.327644,454,244,0.422577,docs/tmp/final-source-verification-2026-05-09/current_residual_bbox_rerender/door/1f614c5e84cf7ab87a1fc0d1bcf00f40/right.png
door,210d1c91ceb228446a733a354b6afc39,front,ok,0.257111,512,149,0.291016,docs/tmp/final-source-verification-2026-05-09/current_residual_bbox_rerender/door/210d1c91ceb228446a733a354b6afc39/front.png
door,210d1c91ceb228446a733a354b6afc39,left,ok,0.269802,296,326,0.368103,docs/tmp/final-source-verification-2026-05-09/current_residual_bbox_rerender/door/210d1c91ceb228446a733a354b6afc39/left.png
door,210d1c91ceb228446a733a354b6afc39,back,ok,0.257114,512,149,0.291016,docs/tmp/final-source-verification-2026-05-09/current_residual_bbox_rerender/door/210d1c91ceb228446a733a354b6afc39/back.png
door,210d1c91ceb228446a733a354b6afc39,right,ok,0.272865,296,325,0.366974,docs/tmp/final-source-verification-2026-05-09/current_residual_bbox_rerender/door/210d1c91ceb228446a733a354b6afc39/right.png
door,219ee33de0ea406e6d70642776205562,front,ok,0.150364,452,242,0.417267,docs/tmp/final-source-verification-2026-05-09/current_residual_bbox_rerender/door/219ee33de0ea406e6d70642776205562/front.png
door,219ee33de0ea406e6d70642776205562,left,ok,0.132530,482,216,0.397156,docs/tmp/final-source-verification-2026-05-09/current_residual_bbox_rerender/door/219ee33de0ea406e6d70642776205562/left.png
door,219ee33de0ea406e6d70642776205562,back,ok,0.165810,452,242,0.417267,docs/tmp/final-source-verification-2026-05-09/current_residual_bbox_rerender/door/219ee33de0ea406e6d70642776205562/back.png
door,219ee33de0ea406e6d70642776205562,right,ok,0.137619,482,215,0.395317,docs/tmp/final-source-verification-2026-05-09/current_residual_bbox_rerender/door/219ee33de0ea406e6d70642776205562/right.png
door,2209ec70e0754b1250fecfbba9833c4f,front,ok,0.267586,512,158,0.308594,docs/tmp/final-source-verification-2026-05-09/current_residual_bbox_rerender/door/2209ec70e0754b1250fecfbba9833c4f/front.png
door,2209ec70e0754b1250fecfbba9833c4f,left,ok,0.284031,316,319,0.384537,docs/tmp/final-source-verification-2026-05-09/current_residual_bbox_rerender/door/2209ec70e0754b1250fecfbba9833c4f/left.png
door,2209ec70e0754b1250fecfbba9833c4f,back,ok,0.266052,512,157,0.306641,docs/tmp/final-source-verification-2026-05-09/current_residual_bbox_rerender/door/2209ec70e0754b1250fecfbba9833c4f/back.png
door,2209ec70e0754b1250fecfbba9833c4f,right,ok,0.286182,316,319,0.384537,docs/tmp/final-source-verification-2026-05-09/current_residual_bbox_rerender/door/2209ec70e0754b1250fecfbba9833c4f/right.png
door,225ad0911b83612d6c469f65c77cc68d,front,ok,0.126827,442,273,0.460304,docs/tmp/final-source-verification-2026-05-09/current_residual_bbox_rerender/door/225ad0911b83612d6c469f65c77cc68d/front.png
door,225ad0911b83612d6c469f65c77cc68d,left,ok,0.086147,68,452,0.117249,docs/tmp/final-source-verification-2026-05-09/current_residual_bbox_rerender/door/225ad0911b83612d6c469f65c77cc68d/left.png
door,225ad0911b83612d6c469f65c77cc68d,back,ok,0.151089,442,273,0.460304,docs/tmp/final-source-verification-2026-05-09/current_residual_bbox_rerender/door/225ad0911b83612d6c469f65c77cc68d/back.png
door,225ad0911b83612d6c469f65c77cc68d,right,ok,0.079597,68,452,0.117249,docs/tmp/final-source-verification-2026-05-09/current_residual_bbox_rerender/door/225ad0911b83612d6c469f65c77cc68d/right.png
door,23a4534b7eedf3073dae419fb9a807a5,front,ok,0.138508,484,208,0.384033,docs/tmp/final-source-verification-2026-05-09/current_residual_bbox_rerender/door/23a4534b7eedf3073dae419fb9a807a5/front.png
door,23a4534b7eedf3073dae419fb9a807a5,left,ok,0.125195,446,241,0.410027,docs/tmp/final-source-verification-2026-05-09/current_residual_bbox_rerender/door/23a4534b7eedf3073dae419fb9a807a5/left.png
door,23a4534b7eedf3073dae419fb9a807a5,back,ok,0.152847,484,208,0.384033,docs/tmp/final-source-verification-2026-05-09/current_residual_bbox_rerender/door/23a4534b7eedf3073dae419fb9a807a5/back.png
door,23a4534b7eedf3073dae419fb9a807a5,right,ok,0.133575,446,241,0.410027,docs/tmp/final-source-verification-2026-05-09/current_residual_bbox_rerender/door/23a4534b7eedf3073dae419fb9a807a5/right.png
door,256956b099e136fd6af106a168838caa,front,ok,0.282272,489,190,0.354424,docs/tmp/final-source-verification-2026-05-09/current_residual_bbox_rerender/door/256956b099e136fd6af106a168838caa/front.png
door,256956b099e136fd6af106a168838caa,left,ok,0.307102,427,245,0.399075,docs/tmp/final-source-verification-2026-05-09/current_residual_bbox_rerender/door/256956b099e136fd6af106a168838caa/left.png
door,256956b099e136fd6af106a168838caa,back,ok,0.286636,489,190,0.354424,docs/tmp/final-source-verification-2026-05-09/current_residual_bbox_rerender/door/256956b099e136fd6af106a168838caa/back.png
door,256956b099e136fd6af106a168838caa,right,ok,0.302673,427,246,0.400703,docs/tmp/final-source-verification-2026-05-09/current_residual_bbox_rerender/door/256956b099e136fd6af106a168838caa/right.png
door,2670a056ffa822d14354377eb38ea57f,front,ok,0.290028,470,204,0.365753,docs/tmp/final-source-verification-2026-05-09/current_residual_bbox_rerender/door/2670a056ffa822d14354377eb38ea57f/front.png
door,2670a056ffa822d14354377eb38ea57f,left,ok,0.292625,445,227,0.385342,docs/tmp/final-source-verification-2026-05-09/current_residual_bbox_rerender/door/2670a056ffa822d14354377eb38ea57f/left.png
door,2670a056ffa822d14354377eb38ea57f,back,ok,0.276638,476,193,0.350449,docs/tmp/final-source-verification-2026-05-09/current_residual_bbox_rerender/door/2670a056ffa822d14354377eb38ea57f/back.png
door,2670a056ffa822d14354377eb38ea57f,right,ok,0.292618,446,227,0.386208,docs/tmp/final-source-verification-2026-05-09/current_residual_bbox_rerender/door/2670a056ffa822d14354377eb38ea57f/right.png
door,26f1f0cebe724feba04a98c48976e1d3,front,ok,0.299576,474,207,0.374290,docs/tmp/final-source-verification-2026-05-09/current_residual_bbox_rerender/door/26f1f0cebe724feba04a98c48976e1d3/front.png
door,26f1f0cebe724feba04a98c48976e1d3,left,ok,0.307419,452,228,0.393127,docs/tmp/final-source-verification-2026-05-09/current_residual_bbox_rerender/door/26f1f0cebe724feba04a98c48976e1d3/left.png
door,26f1f0cebe724feba04a98c48976e1d3,back,ok,0.299576,474,207,0.374290,docs/tmp/final-source-verification-2026-05-09/current_residual_bbox_rerender/door/26f1f0cebe724feba04a98c48976e1d3/back.png
door,26f1f0cebe724feba04a98c48976e1d3,right,ok,0.307858,452,229,0.394852,docs/tmp/final-source-verification-2026-05-09/current_residual_bbox_rerender/door/26f1f0cebe724feba04a98c48976e1d3/right.png
door,26ff81b77b9c811ef66804f3ba8f43fc,front,ok,0.288963,481,176,0.322937,docs/tmp/final-source-verification-2026-05-09/current_residual_bbox_rerender/door/26ff81b77b9c811ef66804f3ba8f43fc/front.png
door,26ff81b77b9c811ef66804f3ba8f43fc,left,ok,0.072777,68,415,0.107651,docs/tmp/final-source-verification-2026-05-09/current_residual_bbox_rerender/door/26ff81b77b9c811ef66804f3ba8f43fc/left.png
door,26ff81b77b9c811ef66804f3ba8f43fc,back,ok,0.298504,492,178,0.334076,docs/tmp/final-source-verification-2026-05-09/current_residual_bbox_rerender/door/26ff81b77b9c811ef66804f3ba8f43fc/back.png
door,26ff81b77b9c811ef66804f3ba8f43fc,right,ok,0.073334,67,415,0.106068,docs/tmp/final-source-verification-2026-05-09/current_residual_bbox_rerender/door/26ff81b77b9c811ef66804f3ba8f43fc/right.png
door,2838e4c1d82a7520eb3a9f0336ba3fa6,front,ok,0.208939,512,121,0.236328,docs/tmp/final-source-verification-2026-05-09/current_residual_bbox_rerender/door/2838e4c1d82a7520eb3a9f0336ba3fa6/front.png
door,2838e4c1d82a7520eb3a9f0336ba3fa6,left,ok,0.239239,278,309,0.327690,docs/tmp/final-source-verification-2026-05-09/current_residual_bbox_rerender/door/2838e4c1d82a7520eb3a9f0336ba3fa6/left.png
door,2838e4c1d82a7520eb3a9f0336ba3fa6,back,ok,0.209282,512,121,0.236328,docs/tmp/final-source-verification-2026-05-09/current_residual_bbox_rerender/door/2838e4c1d82a7520eb3a9f0336ba3fa6/back.png
door,2838e4c1d82a7520eb3a9f0336ba3fa6,right,ok,0.241402,278,309,0.327690,docs/tmp/final-source-verification-2026-05-09/current_residual_bbox_rerender/door/2838e4c1d82a7520eb3a9f0336ba3fa6/right.png
door,2887d9eaa37a51070b54e7ae9bd582d4,front,ok,0.297779,492,224,0.420410,docs/tmp/final-source-verification-2026-05-09/current_residual_bbox_rerender/door/2887d9eaa37a51070b54e7ae9bd582d4/front.png
door,2887d9eaa37a51070b54e7ae9bd582d4,left,ok,0.109184,119,427,0.193836,docs/tmp/final-source-verification-2026-05-09/current_residual_bbox_rerender/door/2887d9eaa37a51070b54e7ae9bd582d4/left.png
door,2887d9eaa37a51070b54e7ae9bd582d4,back,ok,0.310352,484,222,0.409882,docs/tmp/final-source-verification-2026-05-09/current_residual_bbox_rerender/door/2887d9eaa37a51070b54e7ae9bd582d4/back.png
door,2887d9eaa37a51070b54e7ae9bd582d4,right,ok,0.125988,118,427,0.192207,docs/tmp/final-source-verification-2026-05-09/current_residual_bbox_rerender/door/2887d9eaa37a51070b54e7ae9bd582d4/right.png
door,2b0f335f8f68450a845c35a663bcaec2,front,ok,0.359409,428,264,0.431030,docs/tmp/final-source-verification-2026-05-09/current_residual_bbox_rerender/door/2b0f335f8f68450a845c35a663bcaec2/front.png
door,2b0f335f8f68450a845c35a663bcaec2,left,ok,0.027546,25,454,0.043297,docs/tmp/final-source-verification-2026-05-09/current_residual_bbox_rerender/door/2b0f335f8f68450a845c35a663bcaec2/left.png
door,2b0f335f8f68450a845c35a663bcaec2,back,ok,0.366650,422,270,0.434647,docs/tmp/final-source-verification-2026-05-09/current_residual_bbox_rerender/door/2b0f335f8f68450a845c35a663bcaec2/back.png
door,2b0f335f8f68450a845c35a663bcaec2,right,ok,0.027546,25,454,0.043297,docs/tmp/final-source-verification-2026-05-09/current_residual_bbox_rerender/door/2b0f335f8f68450a845c35a663bcaec2/right.png
door,2ef8706f62ef9fda7547857a3e07c1b6,front,ok,0.303253,486,183,0.339272,docs/tmp/final-source-verification-2026-05-09/current_residual_bbox_rerender/door/2ef8706f62ef9fda7547857a3e07c1b6/front.png
door,2ef8706f62ef9fda7547857a3e07c1b6,left,ok,0.106148,93,414,0.146873,docs/tmp/final-source-verification-2026-05-09/current_residual_bbox_rerender/door/2ef8706f62ef9fda7547857a3e07c1b6/left.png
door,2ef8706f62ef9fda7547857a3e07c1b6,back,ok,0.314735,498,186,0.353348,docs/tmp/final-source-verification-2026-05-09/current_residual_bbox_rerender/door/2ef8706f62ef9fda7547857a3e07c1b6/back.png
door,2ef8706f62ef9fda7547857a3e07c1b6,right,ok,0.104980,91,414,0.143715,docs/tmp/final-source-verification-2026-05-09/current_residual_bbox_rerender/door/2ef8706f62ef9fda7547857a3e07c1b6/right.png
door,2fe977536d21375aec9e76a3c9d82d32,front,ok,0.303722,448,232,0.396484,docs/tmp/final-source-verification-2026-05-09/current_residual_bbox_rerender/door/2fe977536d21375aec9e76a3c9d82d32/front.png
door,2fe977536d21375aec9e76a3c9d82d32,left,ok,0.297287,478,206,0.375626,docs/tmp/final-source-verification-2026-05-09/current_residual_bbox_rerender/door/2fe977536d21375aec9e76a3c9d82d32/left.png
door,2fe977536d21375aec9e76a3c9d82d32,back,ok,0.308945,448,232,0.396484,docs/tmp/final-source-verification-2026-05-09/current_residual_bbox_rerender/door/2fe977536d21375aec9e76a3c9d82d32/back.png
door,2fe977536d21375aec9e76a3c9d82d32,right,ok,0.294540,478,205,0.373802,docs/tmp/final-source-verification-2026-05-09/current_residual_bbox_rerender/door/2fe977536d21375aec9e76a3c9d82d32/right.png
door,301fc5a5bbb3a65ec04dc378d7932405,front,ok,0.230118,501,189,0.361210,docs/tmp/final-source-verification-2026-05-09/current_residual_bbox_rerender/door/301fc5a5bbb3a65ec04dc378d7932405/front.png
door,301fc5a5bbb3a65ec04dc378d7932405,left,ok,0.089413,110,413,0.173302,docs/tmp/final-source-verification-2026-05-09/current_residual_bbox_rerender/door/301fc5a5bbb3a65ec04dc378d7932405/left.png
door,301fc5a5bbb3a65ec04dc378d7932405,back,ok,0.255352,492,187,0.350967,docs/tmp/final-source-verification-2026-05-09/current_residual_bbox_rerender/door/301fc5a5bbb3a65ec04dc378d7932405/back.png
door,301fc5a5bbb3a65ec04dc378d7932405,right,ok,0.117725,109,413,0.171726,docs/tmp/final-source-verification-2026-05-09/current_residual_bbox_rerender/door/301fc5a5bbb3a65ec04dc378d7932405/right.png
door,335894167f30bc3eaec5e9c690f1af5e,front,ok,0.208229,494,157,0.295860,docs/tmp/final-source-verification-2026-05-09/current_residual_bbox_rerender/door/335894167f30bc3eaec5e9c690f1af5e/front.png
door,335894167f30bc3eaec5e9c690f1af5e,left,ok,0.062981,59,406,0.091377,docs/tmp/final-source-verification-2026-05-09/current_residual_bbox_rerender/door/335894167f30bc3eaec5e9c690f1af5e/left.png
door,335894167f30bc3eaec5e9c690f1af5e,back,ok,0.199512,484,155,0.286179,docs/tmp/final-source-verification-2026-05-09/current_residual_bbox_rerender/door/335894167f30bc3eaec5e9c690f1af5e/back.png
door,335894167f30bc3eaec5e9c690f1af5e,right,ok,0.065731,59,406,0.091377,docs/tmp/final-source-verification-2026-05-09/current_residual_bbox_rerender/door/335894167f30bc3eaec5e9c690f1af5e/right.png
door,363281323a527dba77dde702cff35ba4,front,ok,0.237823,512,139,0.271484,docs/tmp/final-source-verification-2026-05-09/current_residual_bbox_rerender/door/363281323a527dba77dde702cff35ba4/front.png
door,363281323a527dba77dde702cff35ba4,left,ok,0.269802,318,302,0.366348,docs/tmp/final-source-verification-2026-05-09/current_residual_bbox_rerender/door/363281323a527dba77dde702cff35ba4/left.png
door,363281323a527dba77dde702cff35ba4,back,ok,0.237968,512,139,0.271484,docs/tmp/final-source-verification-2026-05-09/current_residual_bbox_rerender/door/363281323a527dba77dde702cff35ba4/back.png
door,363281323a527dba77dde702cff35ba4,right,ok,0.270290,318,300,0.363922,docs/tmp/final-source-verification-2026-05-09/current_residual_bbox_rerender/door/363281323a527dba77dde702cff35ba4/right.png
door,368812ebffe23e3f3de16ae99580327c,front,ok,0.389942,460,263,0.461502,docs/tmp/final-source-verification-2026-05-09/current_residual_bbox_rerender/door/368812ebffe23e3f3de16ae99580327c/front.png
door,368812ebffe23e3f3de16ae99580327c,left,ok,0.101479,89,447,0.151760,docs/tmp/final-source-verification-2026-05-09/current_residual_bbox_rerender/door/368812ebffe23e3f3de16ae99580327c/left.png
door,368812ebffe23e3f3de16ae99580327c,back,ok,0.383228,456,261,0.454010,docs/tmp/final-source-verification-2026-05-09/current_residual_bbox_rerender/door/368812ebffe23e3f3de16ae99580327c/back.png
door,368812ebffe23e3f3de16ae99580327c,right,ok,0.112640,89,447,0.151760,docs/tmp/final-source-verification-2026-05-09/current_residual_bbox_rerender/door/368812ebffe23e3f3de16ae99580327c/right.png
door,3c1275839d3652f8d33a95f713695c3c,front,ok,0.377831,394,304,0.456909,docs/tmp/final-source-verification-2026-05-09/current_residual_bbox_rerender/door/3c1275839d3652f8d33a95f713695c3c/front.png
door,3c1275839d3652f8d33a95f713695c3c,left,ok,0.046436,34,458,0.059402,docs/tmp/final-source-verification-2026-05-09/current_residual_bbox_rerender/door/3c1275839d3652f8d33a95f713695c3c/left.png
door,3c1275839d3652f8d33a95f713695c3c,back,ok,0.377853,394,304,0.456909,docs/tmp/final-source-verification-2026-05-09/current_residual_bbox_rerender/door/3c1275839d3652f8d33a95f713695c3c/back.png
door,3c1275839d3652f8d33a95f713695c3c,right,ok,0.046169,34,458,0.059402,docs/tmp/final-source-verification-2026-05-09/current_residual_bbox_rerender/door/3c1275839d3652f8d33a95f713695c3c/right.png
door,3c64725c5bb65ddf2a447380c06927df,front,ok,0.314518,448,194,0.331543,docs/tmp/final-source-verification-2026-05-09/current_residual_bbox_rerender/door/3c64725c5bb65ddf2a447380c06927df/front.png
door,3c64725c5bb65ddf2a447380c06927df,left,ok,0.167080,184,411,0.288483,docs/tmp/final-source-verification-2026-05-09/current_residual_bbox_rerender/door/3c64725c5bb65ddf2a447380c06927df/left.png
door,3c64725c5bb65ddf2a447380c06927df,back,ok,0.249527,500,150,0.286102,docs/tmp/final-source-verification-2026-05-09/current_residual_bbox_rerender/door/3c64725c5bb65ddf2a447380c06927df/back.png
door,3c64725c5bb65ddf2a447380c06927df,right,ok,0.163322,184,411,0.288483,docs/tmp/final-source-verification-2026-05-09/current_residual_bbox_rerender/door/3c64725c5bb65ddf2a447380c06927df/right.png
door,423f96ca9b5a8c745d4b5241394cc529,front,ok,0.296143,380,275,0.398636,docs/tmp/final-source-verification-2026-05-09/current_residual_bbox_rerender/door/423f96ca9b5a8c745d4b5241394cc529/front.png
door,423f96ca9b5a8c745d4b5241394cc529,left,ok,0.270561,508,167,0.323624,docs/tmp/final-source-verification-2026-05-09/current_residual_bbox_rerender/door/423f96ca9b5a8c745d4b5241394cc529/left.png
door,423f96ca9b5a8c745d4b5241394cc529,back,ok,0.302509,380,275,0.398636,docs/tmp/final-source-verification-2026-05-09/current_residual_bbox_rerender/door/423f96ca9b5a8c745d4b5241394cc529/back.png
door,423f96ca9b5a8c745d4b5241394cc529,right,ok,0.266281,508,167,0.323624,docs/tmp/final-source-verification-2026-05-09/current_residual_bbox_rerender/door/423f96ca9b5a8c745d4b5241394cc529/right.png
door,4272d6880f06ac27835371374438d904,front,ok,0.260841,504,166,0.319153,docs/tmp/final-source-verification-2026-05-09/current_residual_bbox_rerender/door/4272d6880f06ac27835371374438d904/front.png
door,4272d6880f06ac27835371374438d904,left,ok,0.297836,384,269,0.394043,docs/tmp/final-source-verification-2026-05-09/current_residual_bbox_rerender/door/4272d6880f06ac27835371374438d904/left.png
door,4272d6880f06ac27835371374438d904,back,ok,0.265331,504,166,0.319153,docs/tmp/final-source-verification-2026-05-09/current_residual_bbox_rerender/door/4272d6880f06ac27835371374438d904/back.png
door,4272d6880f06ac27835371374438d904,right,ok,0.293449,384,269,0.394043,docs/tmp/final-source-verification-2026-05-09/current_residual_bbox_rerender/door/4272d6880f06ac27835371374438d904/right.png
door,442c70f66ce94f5bcd3b939e041e39e6,front,ok,0.290966,386,262,0.385788,docs/tmp/final-source-verification-2026-05-09/current_residual_bbox_rerender/door/442c70f66ce94f5bcd3b939e041e39e6/front.png
door,442c70f66ce94f5bcd3b939e041e39e6,left,ok,0.257404,502,162,0.310226,docs/tmp/final-source-verification-2026-05-09/current_residual_bbox_rerender/door/442c70f66ce94f5bcd3b939e041e39e6/left.png
door,442c70f66ce94f5bcd3b939e041e39e6,back,ok,0.290981,386,262,0.385788,docs/tmp/final-source-verification-2026-05-09/current_residual_bbox_rerender/door/442c70f66ce94f5bcd3b939e041e39e6/back.png
door,442c70f66ce94f5bcd3b939e041e39e6,right,ok,0.257408,502,162,0.310226,docs/tmp/final-source-verification-2026-05-09/current_residual_bbox_rerender/door/442c70f66ce94f5bcd3b939e041e39e6/right.png
door,47151d57b3c662ad3dfff8a11eceb59a,front,ok,0.096291,480,187,0.342407,docs/tmp/final-source-verification-2026-05-09/current_residual_bbox_rerender/door/47151d57b3c662ad3dfff8a11eceb59a/front.png
door,47151d57b3c662ad3dfff8a11eceb59a,left,ok,0.052975,46,421,0.073875,docs/tmp/final-source-verification-2026-05-09/current_residual_bbox_rerender/door/47151d57b3c662ad3dfff8a11eceb59a/left.png
door,47151d57b3c662ad3dfff8a11eceb59a,back,ok,0.096313,481,187,0.343121,docs/tmp/final-source-verification-2026-05-09/current_residual_bbox_rerender/door/47151d57b3c662ad3dfff8a11eceb59a/back.png
door,47151d57b3c662ad3dfff8a11eceb59a,right,ok,0.055611,46,421,0.073875,docs/tmp/final-source-verification-2026-05-09/current_residual_bbox_rerender/door/47151d57b3c662ad3dfff8a11eceb59a/right.png
door,47bf3fd236bc0647cba641174608b7a7,front,ok,0.106815,459,243,0.425480,docs/tmp/final-source-verification-2026-05-09/current_residual_bbox_rerender/door/47bf3fd236bc0647cba641174608b7a7/front.png
door,47bf3fd236bc0647cba641174608b7a7,left,ok,0.065517,58,443,0.098015,docs/tmp/final-source-verification-2026-05-09/current_residual_bbox_rerender/door/47bf3fd236bc0647cba641174608b7a7/left.png
door,47bf3fd236bc0647cba641174608b7a7,back,ok,0.106964,460,243,0.426407,docs/tmp/final-source-verification-2026-05-09/current_residual_bbox_rerender/door/47bf3fd236bc0647cba641174608b7a7/back.png
door,47bf3fd236bc0647cba641174608b7a7,right,ok,0.071564,56,443,0.094635,docs/tmp/final-source-verification-2026-05-09/current_residual_bbox_rerender/door/47bf3fd236bc0647cba641174608b7a7/right.png
door,496c1e35404570c616e61398ae58f7e9,front,ok,0.105644,460,228,0.400085,docs/tmp/final-source-verification-2026-05-09/current_residual_bbox_rerender/door/496c1e35404570c616e61398ae58f7e9/front.png
door,496c1e35404570c616e61398ae58f7e9,left,ok,0.092930,472,218,0.392517,docs/tmp/final-source-verification-2026-05-09/current_residual_bbox_rerender/door/496c1e35404570c616e61398ae58f7e9/left.png
door,496c1e35404570c616e61398ae58f7e9,back,ok,0.105610,460,228,0.400085,docs/tmp/final-source-verification-2026-05-09/current_residual_bbox_rerender/door/496c1e35404570c616e61398ae58f7e9/back.png
door,496c1e35404570c616e61398ae58f7e9,right,ok,0.109894,472,217,0.390717,docs/tmp/final-source-verification-2026-05-09/current_residual_bbox_rerender/door/496c1e35404570c616e61398ae58f7e9/right.png
door,4981ca17c3b1c1e3b842321d388389db,front,ok,0.229263,512,134,0.261719,docs/tmp/final-source-verification-2026-05-09/current_residual_bbox_rerender/door/4981ca17c3b1c1e3b842321d388389db/front.png
door,4981ca17c3b1c1e3b842321d388389db,left,ok,0.259544,308,302,0.354828,docs/tmp/final-source-verification-2026-05-09/current_residual_bbox_rerender/door/4981ca17c3b1c1e3b842321d388389db/left.png
door,4981ca17c3b1c1e3b842321d388389db,back,ok,0.229309,512,134,0.261719,docs/tmp/final-source-verification-2026-05-09/current_residual_bbox_rerender/door/4981ca17c3b1c1e3b842321d388389db/back.png
door,4981ca17c3b1c1e3b842321d388389db,right,ok,0.262688,308,302,0.354828,docs/tmp/final-source-verification-2026-05-09/current_residual_bbox_rerender/door/4981ca17c3b1c1e3b842321d388389db/right.png
door,4ab04d704a7bc95ea2c5f93ff3032d92,front,ok,0.369946,436,266,0.442413,docs/tmp/final-source-verification-2026-05-09/current_residual_bbox_rerender/door/4ab04d704a7bc95ea2c5f93ff3032d92/front.png
door,4ab04d704a7bc95ea2c5f93ff3032d92,left,ok,0.050594,40,452,0.068970,docs/tmp/final-source-verification-2026-05-09/current_residual_bbox_rerender/door/4ab04d704a7bc95ea2c5f93ff3032d92/left.png
door,4ab04d704a7bc95ea2c5f93ff3032d92,back,ok,0.369923,436,266,0.442413,docs/tmp/final-source-verification-2026-05-09/current_residual_bbox_rerender/door/4ab04d704a7bc95ea2c5f93ff3032d92/back.png
door,4ab04d704a7bc95ea2c5f93ff3032d92,right,ok,0.051437,39,452,0.067245,docs/tmp/final-source-verification-2026-05-09/current_residual_bbox_rerender/door/4ab04d704a7bc95ea2c5f93ff3032d92/right.png
door,4c630345d638858e6258da1980c2367c,front,ok,0.370678,446,274,0.466171,docs/tmp/final-source-verification-2026-05-09/current_residual_bbox_rerender/door/4c630345d638858e6258da1980c2367c/front.png
door,4c630345d638858e6258da1980c2367c,left,ok,0.102879,82,450,0.140762,docs/tmp/final-source-verification-2026-05-09/current_residual_bbox_rerender/door/4c630345d638858e6258da1980c2367c/left.png
door,4c630345d638858e6258da1980c2367c,back,ok,0.391956,446,274,0.466171,docs/tmp/final-source-verification-2026-05-09/current_residual_bbox_rerender/door/4c630345d638858e6258da1980c2367c/back.png
door,4c630345d638858e6258da1980c2367c,right,ok,0.095753,80,450,0.137329,docs/tmp/final-source-verification-2026-05-09/current_residual_bbox_rerender/door/4c630345d638858e6258da1980c2367c/right.png
door,4dce3ae783f11c472b07b10a1c8d6541,front,ok,0.206654,512,121,0.236328,docs/tmp/final-source-verification-2026-05-09/current_residual_bbox_rerender/door/4dce3ae783f11c472b07b10a1c8d6541/front.png
door,4dce3ae783f11c472b07b10a1c8d6541,left,ok,0.235352,270,314,0.323410,docs/tmp/final-source-verification-2026-05-09/current_residual_bbox_rerender/door/4dce3ae783f11c472b07b10a1c8d6541/left.png
door,4dce3ae783f11c472b07b10a1c8d6541,back,ok,0.206589,512,121,0.236328,docs/tmp/final-source-verification-2026-05-09/current_residual_bbox_rerender/door/4dce3ae783f11c472b07b10a1c8d6541/back.png
door,4dce3ae783f11c472b07b10a1c8d6541,right,ok,0.233112,270,314,0.323410,docs/tmp/final-source-verification-2026-05-09/current_residual_bbox_rerender/door/4dce3ae783f11c472b07b10a1c8d6541/right.png
door,4edbccca050de96311b7561cb86b4f14,front,ok,0.199890,512,116,0.226562,docs/tmp/final-source-verification-2026-05-09/current_residual_bbox_rerender/door/4edbccca050de96311b7561cb86b4f14/front.png
door,4edbccca050de96311b7561cb86b4f14,left,ok,0.227592,258,317,0.311989,docs/tmp/final-source-verification-2026-05-09/current_residual_bbox_rerender/door/4edbccca050de96311b7561cb86b4f14/left.png
door,4edbccca050de96311b7561cb86b4f14,back,ok,0.199894,512,116,0.226562,docs/tmp/final-source-verification-2026-05-09/current_residual_bbox_rerender/door/4edbccca050de96311b7561cb86b4f14/back.png
door,4edbccca050de96311b7561cb86b4f14,right,ok,0.225773,258,316,0.311005,docs/tmp/final-source-verification-2026-05-09/current_residual_bbox_rerender/door/4edbccca050de96311b7561cb86b4f14/right.png
door,50a219ca7c9a3382972f6cc533f18648,front,ok,0.221390,512,131,0.255859,docs/tmp/final-source-verification-2026-05-09/current_residual_bbox_rerender/door/50a219ca7c9a3382972f6cc533f18648/front.png
door,50a219ca7c9a3382972f6cc533f18648,left,ok,0.253136,296,308,0.347778,docs/tmp/final-source-verification-2026-05-09/current_residual_bbox_rerender/door/50a219ca7c9a3382972f6cc533f18648/left.png
door,50a219ca7c9a3382972f6cc533f18648,back,ok,0.221569,512,131,0.255859,docs/tmp/final-source-verification-2026-05-09/current_residual_bbox_rerender/door/50a219ca7c9a3382972f6cc533f18648/back.png
door,50a219ca7c9a3382972f6cc533f18648,right,ok,0.251022,296,308,0.347778,docs/tmp/final-source-verification-2026-05-09/current_residual_bbox_rerender/door/50a219ca7c9a3382972f6cc533f18648/right.png
door,531e4831360924341588c269d286d098,front,ok,0.143684,453,245,0.423374,docs/tmp/final-source-verification-2026-05-09/current_residual_bbox_rerender/door/531e4831360924341588c269d286d098/front.png
door,531e4831360924341588c269d286d098,left,ok,0.056202,43,445,0.072994,docs/tmp/final-source-verification-2026-05-09/current_residual_bbox_rerender/door/531e4831360924341588c269d286d098/left.png
door,531e4831360924341588c269d286d098,back,ok,0.123146,453,245,0.423374,docs/tmp/final-source-verification-2026-05-09/current_residual_bbox_rerender/door/531e4831360924341588c269d286d098/back.png
door,531e4831360924341588c269d286d098,right,ok,0.055290,43,445,0.072994,docs/tmp/final-source-verification-2026-05-09/current_residual_bbox_rerender/door/531e4831360924341588c269d286d098/right.png
door,5466b4aae1ffdd80c7b8c2171f2f3a5c,front,ok,0.124359,454,242,0.419113,docs/tmp/final-source-verification-2026-05-09/current_residual_bbox_rerender/door/5466b4aae1ffdd80c7b8c2171f2f3a5c/front.png
door,5466b4aae1ffdd80c7b8c2171f2f3a5c,left,ok,0.052017,41,444,0.069443,docs/tmp/final-source-verification-2026-05-09/current_residual_bbox_rerender/door/5466b4aae1ffdd80c7b8c2171f2f3a5c/left.png
door,5466b4aae1ffdd80c7b8c2171f2f3a5c,back,ok,0.126549,454,242,0.419113,docs/tmp/final-source-verification-2026-05-09/current_residual_bbox_rerender/door/5466b4aae1ffdd80c7b8c2171f2f3a5c/back.png
door,5466b4aae1ffdd80c7b8c2171f2f3a5c,right,ok,0.051357,40,444,0.067749,docs/tmp/final-source-verification-2026-05-09/current_residual_bbox_rerender/door/5466b4aae1ffdd80c7b8c2171f2f3a5c/right.png
door,549f6247f83400b71cf42d7b3072188c,front,ok,0.228100,512,144,0.281250,docs/tmp/final-source-verification-2026-05-09/current_residual_bbox_rerender/door/549f6247f83400b71cf42d7b3072188c/front.png
door,549f6247f83400b71cf42d7b3072188c,left,ok,0.255283,300,316,0.361633,docs/tmp/final-source-verification-2026-05-09/current_residual_bbox_rerender/door/549f6247f83400b71cf42d7b3072188c/left.png
door,549f6247f83400b71cf42d7b3072188c,back,ok,0.237560,512,144,0.281250,docs/tmp/final-source-verification-2026-05-09/current_residual_bbox_rerender/door/549f6247f83400b71cf42d7b3072188c/back.png
door,549f6247f83400b71cf42d7b3072188c,right,ok,0.249989,300,316,0.361633,docs/tmp/final-source-verification-2026-05-09/current_residual_bbox_rerender/door/549f6247f83400b71cf42d7b3072188c/right.png
door,55421f8f6ae7b060eccc3f7859e5332b,front,ok,0.204853,512,120,0.234375,docs/tmp/final-source-verification-2026-05-09/current_residual_bbox_rerender/door/55421f8f6ae7b060eccc3f7859e5332b/front.png
door,55421f8f6ae7b060eccc3f7859e5332b,left,ok,0.236832,277,310,0.327568,docs/tmp/final-source-verification-2026-05-09/current_residual_bbox_rerender/door/55421f8f6ae7b060eccc3f7859e5332b/left.png
door,55421f8f6ae7b060eccc3f7859e5332b,back,ok,0.204865,512,120,0.234375,docs/tmp/final-source-verification-2026-05-09/current_residual_bbox_rerender/door/55421f8f6ae7b060eccc3f7859e5332b/back.png
door,55421f8f6ae7b060eccc3f7859e5332b,right,ok,0.237110,277,309,0.326511,docs/tmp/final-source-verification-2026-05-09/current_residual_bbox_rerender/door/55421f8f6ae7b060eccc3f7859e5332b/right.png
door,55492a43b6f1c5dd9975b97fdd7ab307,front,ok,0.227016,512,130,0.253906,docs/tmp/final-source-verification-2026-05-09/current_residual_bbox_rerender/door/55492a43b6f1c5dd9975b97fdd7ab307/front.png
door,55492a43b6f1c5dd9975b97fdd7ab307,left,ok,0.248104,276,319,0.335861,docs/tmp/final-source-verification-2026-05-09/current_residual_bbox_rerender/door/55492a43b6f1c5dd9975b97fdd7ab307/left.png
door,55492a43b6f1c5dd9975b97fdd7ab307,back,ok,0.227005,512,130,0.253906,docs/tmp/final-source-verification-2026-05-09/current_residual_bbox_rerender/door/55492a43b6f1c5dd9975b97fdd7ab307/back.png
door,55492a43b6f1c5dd9975b97fdd7ab307,right,ok,0.248932,276,318,0.334808,docs/tmp/final-source-verification-2026-05-09/current_residual_bbox_rerender/door/55492a43b6f1c5dd9975b97fdd7ab307/right.png
door,56b5763f9803fa949217ea29f78210dc,front,ok,0.198761,507,205,0.396481,docs/tmp/final-source-verification-2026-05-09/current_residual_bbox_rerender/door/56b5763f9803fa949217ea29f78210dc/front.png
door,56b5763f9803fa949217ea29f78210dc,left,ok,0.173485,418,280,0.446472,docs/tmp/final-source-verification-2026-05-09/current_residual_bbox_rerender/door/56b5763f9803fa949217ea29f78210dc/left.png
door,56b5763f9803fa949217ea29f78210dc,back,ok,0.208107,507,206,0.398415,docs/tmp/final-source-verification-2026-05-09/current_residual_bbox_rerender/door/56b5763f9803fa949217ea29f78210dc/back.png
door,56b5763f9803fa949217ea29f78210dc,right,ok,0.209454,417,280,0.445404,docs/tmp/final-source-verification-2026-05-09/current_residual_bbox_rerender/door/56b5763f9803fa949217ea29f78210dc/right.png
door,58cac72957361501bdeb51483a8d289c,front,ok,0.086311,422,294,0.473282,docs/tmp/final-source-verification-2026-05-09/current_residual_bbox_rerender/door/58cac72957361501bdeb51483a8d289c/front.png
door,58cac72957361501bdeb51483a8d289c,left,ok,0.075920,72,455,0.124969,docs/tmp/final-source-verification-2026-05-09/current_residual_bbox_rerender/door/58cac72957361501bdeb51483a8d289c/left.png
door,58cac72957361501bdeb51483a8d289c,back,ok,0.074520,422,294,0.473282,docs/tmp/final-source-verification-2026-05-09/current_residual_bbox_rerender/door/58cac72957361501bdeb51483a8d289c/back.png
door,58cac72957361501bdeb51483a8d289c,right,ok,0.080917,70,455,0.121498,docs/tmp/final-source-verification-2026-05-09/current_residual_bbox_rerender/door/58cac72957361501bdeb51483a8d289c/right.png
door,59f42b3ab8871994155d1ef72fefcdd8,front,ok,0.242775,508,146,0.282928,docs/tmp/final-source-verification-2026-05-09/current_residual_bbox_rerender/door/59f42b3ab8871994155d1ef72fefcdd8/front.png
door,59f42b3ab8871994155d1ef72fefcdd8,left,ok,0.275978,334,292,0.372040,docs/tmp/final-source-verification-2026-05-09/current_residual_bbox_rerender/door/59f42b3ab8871994155d1ef72fefcdd8/left.png
door,59f42b3ab8871994155d1ef72fefcdd8,back,ok,0.242764,508,146,0.282928,docs/tmp/final-source-verification-2026-05-09/current_residual_bbox_rerender/door/59f42b3ab8871994155d1ef72fefcdd8/back.png
door,59f42b3ab8871994155d1ef72fefcdd8,right,ok,0.278191,334,293,0.373314,docs/tmp/final-source-verification-2026-05-09/current_residual_bbox_rerender/door/59f42b3ab8871994155d1ef72fefcdd8/right.png
door,5bcba605d6b85b53f32ea5cebc5e5dfe,front,ok,0.152473,469,252,0.450851,docs/tmp/final-source-verification-2026-05-09/current_residual_bbox_rerender/door/5bcba605d6b85b53f32ea5cebc5e5dfe/front.png
door,5bcba605d6b85b53f32ea5cebc5e5dfe,left,ok,0.119652,100,442,0.168610,docs/tmp/final-source-verification-2026-05-09/current_residual_bbox_rerender/door/5bcba605d6b85b53f32ea5cebc5e5dfe/left.png
door,5bcba605d6b85b53f32ea5cebc5e5dfe,back,ok,0.152489,469,252,0.450851,docs/tmp/final-source-verification-2026-05-09/current_residual_bbox_rerender/door/5bcba605d6b85b53f32ea5cebc5e5dfe/back.png
door,5bcba605d6b85b53f32ea5cebc5e5dfe,right,ok,0.124825,98,442,0.165237,docs/tmp/final-source-verification-2026-05-09/current_residual_bbox_rerender/door/5bcba605d6b85b53f32ea5cebc5e5dfe/right.png
door,5c4c99780f80b10bbdaf5a2d04fc11d1,front,ok,0.156006,492,206,0.386627,docs/tmp/final-source-verification-2026-05-09/current_residual_bbox_rerender/door/5c4c99780f80b10bbdaf5a2d04fc11d1/front.png
door,5c4c99780f80b10bbdaf5a2d04fc11d1,left,ok,0.139282,438,253,0.422722,docs/tmp/final-source-verification-2026-05-09/current_residual_bbox_rerender/door/5c4c99780f80b10bbdaf5a2d04fc11d1/left.png
door,5c4c99780f80b10bbdaf5a2d04fc11d1,back,ok,0.165882,492,206,0.386627,docs/tmp/final-source-verification-2026-05-09/current_residual_bbox_rerender/door/5c4c99780f80b10bbdaf5a2d04fc11d1/back.png
door,5c4c99780f80b10bbdaf5a2d04fc11d1,right,ok,0.146168,438,254,0.424393,docs/tmp/final-source-verification-2026-05-09/current_residual_bbox_rerender/door/5c4c99780f80b10bbdaf5a2d04fc11d1/right.png
door,5fad2bce2b5b4adc2cabdcd0e54c5672,front,ok,0.078819,486,144,0.266968,docs/tmp/final-source-verification-2026-05-09/current_residual_bbox_rerender/door/5fad2bce2b5b4adc2cabdcd0e54c5672/front.png
door,5fad2bce2b5b4adc2cabdcd0e54c5672,left,ok,0.042156,36,404,0.055481,docs/tmp/final-source-verification-2026-05-09/current_residual_bbox_rerender/door/5fad2bce2b5b4adc2cabdcd0e54c5672/left.png
door,5fad2bce2b5b4adc2cabdcd0e54c5672,back,ok,0.078835,486,144,0.266968,docs/tmp/final-source-verification-2026-05-09/current_residual_bbox_rerender/door/5fad2bce2b5b4adc2cabdcd0e54c5672/back.png
door,5fad2bce2b5b4adc2cabdcd0e54c5672,right,ok,0.042732,36,404,0.055481,docs/tmp/final-source-verification-2026-05-09/current_residual_bbox_rerender/door/5fad2bce2b5b4adc2cabdcd0e54c5672/right.png
door,65467d945d3adac0db42f1b04e820ba7,front,ok,0.218727,493,152,0.285858,docs/tmp/final-source-verification-2026-05-09/current_residual_bbox_rerender/door/65467d945d3adac0db42f1b04e820ba7/front.png
door,65467d945d3adac0db42f1b04e820ba7,left,ok,0.101891,93,401,0.142262,docs/tmp/final-source-verification-2026-05-09/current_residual_bbox_rerender/door/65467d945d3adac0db42f1b04e820ba7/left.png
door,65467d945d3adac0db42f1b04e820ba7,back,ok,0.227947,504,154,0.296082,docs/tmp/final-source-verification-2026-05-09/current_residual_bbox_rerender/door/65467d945d3adac0db42f1b04e820ba7/back.png
door,65467d945d3adac0db42f1b04e820ba7,right,ok,0.103474,93,401,0.142262,docs/tmp/final-source-verification-2026-05-09/current_residual_bbox_rerender/door/65467d945d3adac0db42f1b04e820ba7/right.png
door,65508d6fbdb9515785834f96088054eb,front,ok,0.360661,430,270,0.442886,docs/tmp/final-source-verification-2026-05-09/current_residual_bbox_rerender/door/65508d6fbdb9515785834f96088054eb/front.png
door,65508d6fbdb9515785834f96088054eb,left,ok,0.048637,38,453,0.065666,docs/tmp/final-source-verification-2026-05-09/current_residual_bbox_rerender/door/65508d6fbdb9515785834f96088054eb/left.png
door,65508d6fbdb9515785834f96088054eb,back,ok,0.372669,430,270,0.442886,docs/tmp/final-source-verification-2026-05-09/current_residual_bbox_rerender/door/65508d6fbdb9515785834f96088054eb/back.png
door,65508d6fbdb9515785834f96088054eb,right,ok,0.041615,37,453,0.063938,docs/tmp/final-source-verification-2026-05-09/current_residual_bbox_rerender/door/65508d6fbdb9515785834f96088054eb/right.png
door,6576b116b8e2f8cc772d7e5875cfdf60,front,ok,0.263622,496,154,0.291382,docs/tmp/final-source-verification-2026-05-09/current_residual_bbox_rerender/door/6576b116b8e2f8cc772d7e5875cfdf60/front.png
door,6576b116b8e2f8cc772d7e5875cfdf60,left,ok,0.063934,59,405,0.091152,docs/tmp/final-source-verification-2026-05-09/current_residual_bbox_rerender/door/6576b116b8e2f8cc772d7e5875cfdf60/left.png
door,6576b116b8e2f8cc772d7e5875cfdf60,back,ok,0.254879,484,152,0.280640,docs/tmp/final-source-verification-2026-05-09/current_residual_bbox_rerender/door/6576b116b8e2f8cc772d7e5875cfdf60/back.png
door,6576b116b8e2f8cc772d7e5875cfdf60,right,ok,0.065781,58,405,0.089607,docs/tmp/final-source-verification-2026-05-09/current_residual_bbox_rerender/door/6576b116b8e2f8cc772d7e5875cfdf60/right.png
door,65a01e404838d3f670d4bab605f2c6d6,front,ok,0.301414,484,208,0.384033,docs/tmp/final-source-verification-2026-05-09/current_residual_bbox_rerender/door/65a01e404838d3f670d4bab605f2c6d6/front.png
door,65a01e404838d3f670d4bab605f2c6d6,left,ok,0.318295,446,241,0.410027,docs/tmp/final-source-verification-2026-05-09/current_residual_bbox_rerender/door/65a01e404838d3f670d4bab605f2c6d6/left.png
door,65a01e404838d3f670d4bab605f2c6d6,back,ok,0.308720,484,208,0.384033,docs/tmp/final-source-verification-2026-05-09/current_residual_bbox_rerender/door/65a01e404838d3f670d4bab605f2c6d6/back.png
door,65a01e404838d3f670d4bab605f2c6d6,right,ok,0.313980,446,241,0.410027,docs/tmp/final-source-verification-2026-05-09/current_residual_bbox_rerender/door/65a01e404838d3f670d4bab605f2c6d6/right.png
door,6660951fb2f8767d956758941ae79c42,front,ok,0.142349,442,256,0.431641,docs/tmp/final-source-verification-2026-05-09/current_residual_bbox_rerender/door/6660951fb2f8767d956758941ae79c42/front.png
door,6660951fb2f8767d956758941ae79c42,left,ok,0.135067,492,212,0.397888,docs/tmp/final-source-verification-2026-05-09/current_residual_bbox_rerender/door/6660951fb2f8767d956758941ae79c42/left.png
door,6660951fb2f8767d956758941ae79c42,back,ok,0.142372,442,256,0.431641,docs/tmp/final-source-verification-2026-05-09/current_residual_bbox_rerender/door/6660951fb2f8767d956758941ae79c42/back.png
door,6660951fb2f8767d956758941ae79c42,right,ok,0.150166,492,212,0.397888,docs/tmp/final-source-verification-2026-05-09/current_residual_bbox_rerender/door/6660951fb2f8767d956758941ae79c42/right.png
door,6799c2f67fb517b1270f791faa6230d8,front,ok,0.103222,374,333,0.475090,docs/tmp/final-source-verification-2026-05-09/current_residual_bbox_rerender/door/6799c2f67fb517b1270f791faa6230d8/front.png
door,6799c2f67fb517b1270f791faa6230d8,left,ok,0.087547,72,459,0.126068,docs/tmp/final-source-verification-2026-05-09/current_residual_bbox_rerender/door/6799c2f67fb517b1270f791faa6230d8/left.png
door,6799c2f67fb517b1270f791faa6230d8,back,ok,0.103283,374,333,0.475090,docs/tmp/final-source-verification-2026-05-09/current_residual_bbox_rerender/door/6799c2f67fb517b1270f791faa6230d8/back.png
door,6799c2f67fb517b1270f791faa6230d8,right,ok,0.094185,72,459,0.126068,docs/tmp/final-source-verification-2026-05-09/current_residual_bbox_rerender/door/6799c2f67fb517b1270f791faa6230d8/right.png
door,68c1af59de578c022457fbfee575682b,front,ok,0.204853,512,120,0.234375,docs/tmp/final-source-verification-2026-05-09/current_residual_bbox_rerender/door/68c1af59de578c022457fbfee575682b/front.png
door,68c1af59de578c022457fbfee575682b,left,ok,0.236832,277,310,0.327568,docs/tmp/final-source-verification-2026-05-09/current_residual_bbox_rerender/door/68c1af59de578c022457fbfee575682b/left.png
door,68c1af59de578c022457fbfee575682b,back,ok,0.204865,512,120,0.234375,docs/tmp/final-source-verification-2026-05-09/current_residual_bbox_rerender/door/68c1af59de578c022457fbfee575682b/back.png
door,68c1af59de578c022457fbfee575682b,right,ok,0.237110,277,309,0.326511,docs/tmp/final-source-verification-2026-05-09/current_residual_bbox_rerender/door/68c1af59de578c022457fbfee575682b/right.png
door,6a3a5c8c482ca566fbcf59b65a15b1d6,front,blank,0.000000,0,0,0.000000,docs/tmp/final-source-verification-2026-05-09/current_residual_bbox_rerender/door/6a3a5c8c482ca566fbcf59b65a15b1d6/front.png
door,6a3a5c8c482ca566fbcf59b65a15b1d6,left,ok,0.024052,81,135,0.041714,docs/tmp/final-source-verification-2026-05-09/current_residual_bbox_rerender/door/6a3a5c8c482ca566fbcf59b65a15b1d6/left.png
door,6a3a5c8c482ca566fbcf59b65a15b1d6,back,ok,0.051952,240,99,0.090637,docs/tmp/final-source-verification-2026-05-09/current_residual_bbox_rerender/door/6a3a5c8c482ca566fbcf59b65a15b1d6/back.png
door,6a3a5c8c482ca566fbcf59b65a15b1d6,right,ok,0.037640,146,177,0.098579,docs/tmp/final-source-verification-2026-05-09/current_residual_bbox_rerender/door/6a3a5c8c482ca566fbcf59b65a15b1d6/right.png
door,6a3c62f42b8d762db7e35407d741a339,front,ok,0.118603,486,182,0.337418,docs/tmp/final-source-verification-2026-05-09/current_residual_bbox_rerender/door/6a3c62f42b8d762db7e35407d741a339/front.png
door,6a3c62f42b8d762db7e35407d741a339,left,ok,0.069828,64,417,0.101807,docs/tmp/final-source-verification-2026-05-09/current_residual_bbox_rerender/door/6a3c62f42b8d762db7e35407d741a339/left.png
door,6a3c62f42b8d762db7e35407d741a339,back,ok,0.118629,486,182,0.337418,docs/tmp/final-source-verification-2026-05-09/current_residual_bbox_rerender/door/6a3c62f42b8d762db7e35407d741a339/back.png
door,6a3c62f42b8d762db7e35407d741a339,right,ok,0.073479,62,417,0.098625,docs/tmp/final-source-verification-2026-05-09/current_residual_bbox_rerender/door/6a3c62f42b8d762db7e35407d741a339/right.png
door,6afa6a3493e29ed1635708a62356a344,front,ok,0.319202,488,219,0.407684,docs/tmp/final-source-verification-2026-05-09/current_residual_bbox_rerender/door/6afa6a3493e29ed1635708a62356a344/front.png
door,6afa6a3493e29ed1635708a62356a344,left,ok,0.337379,450,252,0.432587,docs/tmp/final-source-verification-2026-05-09/current_residual_bbox_rerender/door/6afa6a3493e29ed1635708a62356a344/left.png
door,6afa6a3493e29ed1635708a62356a344,back,ok,0.329891,488,219,0.407684,docs/tmp/final-source-verification-2026-05-09/current_residual_bbox_rerender/door/6afa6a3493e29ed1635708a62356a344/back.png
door,6afa6a3493e29ed1635708a62356a344,right,ok,0.332241,450,252,0.432587,docs/tmp/final-source-verification-2026-05-09/current_residual_bbox_rerender/door/6afa6a3493e29ed1635708a62356a344/right.png
door,6b6ecc4a651057a44dd4b51ea0560bf2,front,ok,0.154961,499,166,0.315987,docs/tmp/final-source-verification-2026-05-09/current_residual_bbox_rerender/door/6b6ecc4a651057a44dd4b51ea0560bf2/front.png
door,6b6ecc4a651057a44dd4b51ea0560bf2,left,ok,0.117435,106,405,0.163765,docs/tmp/final-source-verification-2026-05-09/current_residual_bbox_rerender/door/6b6ecc4a651057a44dd4b51ea0560bf2/left.png
door,6b6ecc4a651057a44dd4b51ea0560bf2,back,ok,0.154964,500,166,0.316620,docs/tmp/final-source-verification-2026-05-09/current_residual_bbox_rerender/door/6b6ecc4a651057a44dd4b51ea0560bf2/back.png
door,6b6ecc4a651057a44dd4b51ea0560bf2,right,ok,0.118546,102,405,0.157585,docs/tmp/final-source-verification-2026-05-09/current_residual_bbox_rerender/door/6b6ecc4a651057a44dd4b51ea0560bf2/right.png
door,6b7443a693c2f16c7f3d3879c854648c,front,ok,0.137436,480,218,0.399170,docs/tmp/final-source-verification-2026-05-09/current_residual_bbox_rerender/door/6b7443a693c2f16c7f3d3879c854648c/front.png
door,6b7443a693c2f16c7f3d3879c854648c,left,ok,0.098228,80,430,0.131226,docs/tmp/final-source-verification-2026-05-09/current_residual_bbox_rerender/door/6b7443a693c2f16c7f3d3879c854648c/left.png
door,6b7443a693c2f16c7f3d3879c854648c,back,ok,0.165386,480,218,0.399170,docs/tmp/final-source-verification-2026-05-09/current_residual_bbox_rerender/door/6b7443a693c2f16c7f3d3879c854648c/back.png
door,6b7443a693c2f16c7f3d3879c854648c,right,ok,0.092377,80,430,0.131226,docs/tmp/final-source-verification-2026-05-09/current_residual_bbox_rerender/door/6b7443a693c2f16c7f3d3879c854648c/right.png
door,6bd5f918180b6daea2ccb7ffab245661,front,ok,0.181534,512,150,0.292969,docs/tmp/final-source-verification-2026-05-09/current_residual_bbox_rerender/door/6bd5f918180b6daea2ccb7ffab245661/front.png
door,6bd5f918180b6daea2ccb7ffab245661,left,ok,0.128513,310,318,0.376053,docs/tmp/final-source-verification-2026-05-09/current_residual_bbox_rerender/door/6bd5f918180b6daea2ccb7ffab245661/left.png
door,6bd5f918180b6daea2ccb7ffab245661,back,ok,0.181561,512,150,0.292969,docs/tmp/final-source-verification-2026-05-09/current_residual_bbox_rerender/door/6bd5f918180b6daea2ccb7ffab245661/back.png
door,6bd5f918180b6daea2ccb7ffab245661,right,ok,0.139168,310,317,0.374870,docs/tmp/final-source-verification-2026-05-09/current_residual_bbox_rerender/door/6bd5f918180b6daea2ccb7ffab245661/right.png
door,713449e8535c98457cdff2d40abcaf99,front,ok,0.229462,496,132,0.249756,docs/tmp/final-source-verification-2026-05-09/current_residual_bbox_rerender/door/713449e8535c98457cdff2d40abcaf99/front.png
door,713449e8535c98457cdff2d40abcaf99,left,ok,0.063438,59,396,0.089127,docs/tmp/final-source-verification-2026-05-09/current_residual_bbox_rerender/door/713449e8535c98457cdff2d40abcaf99/left.png
door,713449e8535c98457cdff2d40abcaf99,back,ok,0.225029,490,131,0.244865,docs/tmp/final-source-verification-2026-05-09/current_residual_bbox_rerender/door/713449e8535c98457cdff2d40abcaf99/back.png
door,713449e8535c98457cdff2d40abcaf99,right,ok,0.067383,59,396,0.089127,docs/tmp/final-source-verification-2026-05-09/current_residual_bbox_rerender/door/713449e8535c98457cdff2d40abcaf99/right.png
door,71d3e462df0b46dcc63a3c2e99d4f10c,front,ok,0.324120,460,240,0.421143,docs/tmp/final-source-verification-2026-05-09/current_residual_bbox_rerender/door/71d3e462df0b46dcc63a3c2e99d4f10c/front.png
door,71d3e462df0b46dcc63a3c2e99d4f10c,left,ok,0.327442,479,225,0.411129,docs/tmp/final-source-verification-2026-05-09/current_residual_bbox_rerender/door/71d3e462df0b46dcc63a3c2e99d4f10c/left.png
door,71d3e462df0b46dcc63a3c2e99d4f10c,back,ok,0.332760,460,240,0.421143,docs/tmp/final-source-verification-2026-05-09/current_residual_bbox_rerender/door/71d3e462df0b46dcc63a3c2e99d4f10c/back.png
door,71d3e462df0b46dcc63a3c2e99d4f10c,right,ok,0.320282,479,224,0.409302,docs/tmp/final-source-verification-2026-05-09/current_residual_bbox_rerender/door/71d3e462df0b46dcc63a3c2e99d4f10c/right.png
door,7228c946c46374b5defce67952a1fd7b,front,ok,0.224812,506,133,0.256721,docs/tmp/final-source-verification-2026-05-09/current_residual_bbox_rerender/door/7228c946c46374b5defce67952a1fd7b/front.png
door,7228c946c46374b5defce67952a1fd7b,left,ok,0.243500,304,302,0.350220,docs/tmp/final-source-verification-2026-05-09/current_residual_bbox_rerender/door/7228c946c46374b5defce67952a1fd7b/left.png
door,7228c946c46374b5defce67952a1fd7b,back,ok,0.224838,506,133,0.256721,docs/tmp/final-source-verification-2026-05-09/current_residual_bbox_rerender/door/7228c946c46374b5defce67952a1fd7b/back.png
door,7228c946c46374b5defce67952a1fd7b,right,ok,0.259197,304,302,0.350220,docs/tmp/final-source-verification-2026-05-09/current_residual_bbox_rerender/door/7228c946c46374b5defce67952a1fd7b/right.png
door,763dec84fbb65dc6e41960df40120b83,front,ok,0.117306,433,239,0.394772,docs/tmp/final-source-verification-2026-05-09/current_residual_bbox_rerender/door/763dec84fbb65dc6e41960df40120b83/front.png
door,763dec84fbb65dc6e41960df40120b83,left,ok,0.095276,485,194,0.358925,docs/tmp/final-source-verification-2026-05-09/current_residual_bbox_rerender/door/763dec84fbb65dc6e41960df40120b83/left.png
door,763dec84fbb65dc6e41960df40120b83,back,ok,0.125580,433,239,0.394772,docs/tmp/final-source-verification-2026-05-09/current_residual_bbox_rerender/door/763dec84fbb65dc6e41960df40120b83/back.png
door,763dec84fbb65dc6e41960df40120b83,right,ok,0.101776,485,193,0.357075,docs/tmp/final-source-verification-2026-05-09/current_residual_bbox_rerender/door/763dec84fbb65dc6e41960df40120b83/right.png
door,76d5cb18a90e106e24cfd1ae349094e6,front,ok,0.264587,512,167,0.326172,docs/tmp/final-source-verification-2026-05-09/current_residual_bbox_rerender/door/76d5cb18a90e106e24cfd1ae349094e6/front.png
door,76d5cb18a90e106e24cfd1ae349094e6,left,ok,0.276482,366,292,0.407684,docs/tmp/final-source-verification-2026-05-09/current_residual_bbox_rerender/door/76d5cb18a90e106e24cfd1ae349094e6/left.png
door,76d5cb18a90e106e24cfd1ae349094e6,back,ok,0.256332,512,167,0.326172,docs/tmp/final-source-verification-2026-05-09/current_residual_bbox_rerender/door/76d5cb18a90e106e24cfd1ae349094e6/back.png
door,76d5cb18a90e106e24cfd1ae349094e6,right,ok,0.284470,366,291,0.406288,docs/tmp/final-source-verification-2026-05-09/current_residual_bbox_rerender/door/76d5cb18a90e106e24cfd1ae349094e6/right.png
door,78ce6e74d43290aedf7acb20cf8f9da6,front,ok,0.137226,512,128,0.250000,docs/tmp/final-source-verification-2026-05-09/current_residual_bbox_rerender/door/78ce6e74d43290aedf7acb20cf8f9da6/front.png
door,78ce6e74d43290aedf7acb20cf8f9da6,left,ok,0.095619,282,314,0.337784,docs/tmp/final-source-verification-2026-05-09/current_residual_bbox_rerender/door/78ce6e74d43290aedf7acb20cf8f9da6/left.png
door,78ce6e74d43290aedf7acb20cf8f9da6,back,ok,0.137253,512,128,0.250000,docs/tmp/final-source-verification-2026-05-09/current_residual_bbox_rerender/door/78ce6e74d43290aedf7acb20cf8f9da6/back.png
door,78ce6e74d43290aedf7acb20cf8f9da6,right,ok,0.104652,282,314,0.337784,docs/tmp/final-source-verification-2026-05-09/current_residual_bbox_rerender/door/78ce6e74d43290aedf7acb20cf8f9da6/right.png
door,78d773e877a8161bed36f7d342389c63,front,ok,0.223026,510,131,0.254860,docs/tmp/final-source-verification-2026-05-09/current_residual_bbox_rerender/door/78d773e877a8161bed36f7d342389c63/front.png
door,78d773e877a8161bed36f7d342389c63,left,ok,0.236683,290,310,0.342941,docs/tmp/final-source-verification-2026-05-09/current_residual_bbox_rerender/door/78d773e877a8161bed36f7d342389c63/left.png
door,78d773e877a8161bed36f7d342389c63,back,ok,0.223282,510,131,0.254860,docs/tmp/final-source-verification-2026-05-09/current_residual_bbox_rerender/door/78d773e877a8161bed36f7d342389c63/back.png
door,78d773e877a8161bed36f7d342389c63,right,ok,0.253590,290,309,0.341835,docs/tmp/final-source-verification-2026-05-09/current_residual_bbox_rerender/door/78d773e877a8161bed36f7d342389c63/right.png
door,7985ec8c1545d56d8727b78f71be9e0c,front,ok,0.321445,488,214,0.398376,docs/tmp/final-source-verification-2026-05-09/current_residual_bbox_rerender/door/7985ec8c1545d56d8727b78f71be9e0c/front.png
door,7985ec8c1545d56d8727b78f71be9e0c,left,ok,0.331249,442,254,0.428268,docs/tmp/final-source-verification-2026-05-09/current_residual_bbox_rerender/door/7985ec8c1545d56d8727b78f71be9e0c/left.png
door,7985ec8c1545d56d8727b78f71be9e0c,back,ok,0.321491,488,214,0.398376,docs/tmp/final-source-verification-2026-05-09/current_residual_bbox_rerender/door/7985ec8c1545d56d8727b78f71be9e0c/back.png
door,7985ec8c1545d56d8727b78f71be9e0c,right,ok,0.332222,442,254,0.428268,docs/tmp/final-source-verification-2026-05-09/current_residual_bbox_rerender/door/7985ec8c1545d56d8727b78f71be9e0c/right.png
door,79902a4d2389d9ae748416de873d068e,front,ok,0.132092,450,225,0.386238,docs/tmp/final-source-verification-2026-05-09/current_residual_bbox_rerender/door/79902a4d2389d9ae748416de873d068e/front.png
door,79902a4d2389d9ae748416de873d068e,left,ok,0.104496,473,205,0.369892,docs/tmp/final-source-verification-2026-05-09/current_residual_bbox_rerender/door/79902a4d2389d9ae748416de873d068e/left.png
door,79902a4d2389d9ae748416de873d068e,back,ok,0.140259,450,225,0.386238,docs/tmp/final-source-verification-2026-05-09/current_residual_bbox_rerender/door/79902a4d2389d9ae748416de873d068e/back.png
door,79902a4d2389d9ae748416de873d068e,right,ok,0.109970,473,205,0.369892,docs/tmp/final-source-verification-2026-05-09/current_residual_bbox_rerender/door/79902a4d2389d9ae748416de873d068e/right.png
door,7b00e0ac8a3ee7d3ddb5ee6ed1028c29,front,ok,0.118443,424,274,0.443176,docs/tmp/final-source-verification-2026-05-09/current_residual_bbox_rerender/door/7b00e0ac8a3ee7d3ddb5ee6ed1028c29/front.png
door,7b00e0ac8a3ee7d3ddb5ee6ed1028c29,left,ok,0.044125,34,453,0.058754,docs/tmp/final-source-verification-2026-05-09/current_residual_bbox_rerender/door/7b00e0ac8a3ee7d3ddb5ee6ed1028c29/left.png
door,7b00e0ac8a3ee7d3ddb5ee6ed1028c29,back,ok,0.131367,424,274,0.443176,docs/tmp/final-source-verification-2026-05-09/current_residual_bbox_rerender/door/7b00e0ac8a3ee7d3ddb5ee6ed1028c29/back.png
door,7b00e0ac8a3ee7d3ddb5ee6ed1028c29,right,ok,0.037197,33,453,0.057026,docs/tmp/final-source-verification-2026-05-09/current_residual_bbox_rerender/door/7b00e0ac8a3ee7d3ddb5ee6ed1028c29/right.png
door,7b46af01a13e3ca1723c1574556af337,front,ok,0.264526,505,168,0.323639,docs/tmp/final-source-verification-2026-05-09/current_residual_bbox_rerender/door/7b46af01a13e3ca1723c1574556af337/front.png
door,7b46af01a13e3ca1723c1574556af337,left,ok,0.300491,384,272,0.398438,docs/tmp/final-source-verification-2026-05-09/current_residual_bbox_rerender/door/7b46af01a13e3ca1723c1574556af337/left.png
door,7b46af01a13e3ca1723c1574556af337,back,ok,0.269806,505,168,0.323639,docs/tmp/final-source-verification-2026-05-09/current_residual_bbox_rerender/door/7b46af01a13e3ca1723c1574556af337/back.png
door,7b46af01a13e3ca1723c1574556af337,right,ok,0.295609,384,271,0.396973,docs/tmp/final-source-verification-2026-05-09/current_residual_bbox_rerender/door/7b46af01a13e3ca1723c1574556af337/right.png
door,7cbe0a6e731d2f4608b010735ca38c0c,front,ok,0.141495,504,188,0.361450,docs/tmp/final-source-verification-2026-05-09/current_residual_bbox_rerender/door/7cbe0a6e731d2f4608b010735ca38c0c/front.png
door,7cbe0a6e731d2f4608b010735ca38c0c,left,ok,0.116013,408,271,0.421783,docs/tmp/final-source-verification-2026-05-09/current_residual_bbox_rerender/door/7cbe0a6e731d2f4608b010735ca38c0c/left.png
door,7cbe0a6e731d2f4608b010735ca38c0c,back,ok,0.141514,504,188,0.361450,docs/tmp/final-source-verification-2026-05-09/current_residual_bbox_rerender/door/7cbe0a6e731d2f4608b010735ca38c0c/back.png
door,7cbe0a6e731d2f4608b010735ca38c0c,right,ok,0.130272,408,271,0.421783,docs/tmp/final-source-verification-2026-05-09/current_residual_bbox_rerender/door/7cbe0a6e731d2f4608b010735ca38c0c/right.png
door,7df0c3a4c44800c85a3dd1a935c49dd0,front,ok,0.267445,512,157,0.306641,docs/tmp/final-source-verification-2026-05-09/current_residual_bbox_rerender/door/7df0c3a4c44800c85a3dd1a935c49dd0/front.png
door,7df0c3a4c44800c85a3dd1a935c49dd0,left,ok,0.284241,316,318,0.383331,docs/tmp/final-source-verification-2026-05-09/current_residual_bbox_rerender/door/7df0c3a4c44800c85a3dd1a935c49dd0/left.png
door,7df0c3a4c44800c85a3dd1a935c49dd0,back,ok,0.267445,512,157,0.306641,docs/tmp/final-source-verification-2026-05-09/current_residual_bbox_rerender/door/7df0c3a4c44800c85a3dd1a935c49dd0/back.png
door,7df0c3a4c44800c85a3dd1a935c49dd0,right,ok,0.286850,316,318,0.383331,docs/tmp/final-source-verification-2026-05-09/current_residual_bbox_rerender/door/7df0c3a4c44800c85a3dd1a935c49dd0/right.png
door,82de360c606461296ec7491d3111d0a0,front,ok,0.256840,512,151,0.294922,docs/tmp/final-source-verification-2026-05-09/current_residual_bbox_rerender/door/82de360c606461296ec7491d3111d0a0/front.png
door,82de360c606461296ec7491d3111d0a0,left,ok,0.278214,314,313,0.374916,docs/tmp/final-source-verification-2026-05-09/current_residual_bbox_rerender/door/82de360c606461296ec7491d3111d0a0/left.png
door,82de360c606461296ec7491d3111d0a0,back,ok,0.256851,512,151,0.294922,docs/tmp/final-source-verification-2026-05-09/current_residual_bbox_rerender/door/82de360c606461296ec7491d3111d0a0/back.png
door,82de360c606461296ec7491d3111d0a0,right,ok,0.280861,314,313,0.374916,docs/tmp/final-source-verification-2026-05-09/current_residual_bbox_rerender/door/82de360c606461296ec7491d3111d0a0/right.png
door,83288fc8cb39af463e2f2868d32c532a,front,ok,0.319469,488,219,0.407684,docs/tmp/final-source-verification-2026-05-09/current_residual_bbox_rerender/door/83288fc8cb39af463e2f2868d32c532a/front.png
door,83288fc8cb39af463e2f2868d32c532a,left,ok,0.337242,450,252,0.432587,docs/tmp/final-source-verification-2026-05-09/current_residual_bbox_rerender/door/83288fc8cb39af463e2f2868d32c532a/left.png
door,83288fc8cb39af463e2f2868d32c532a,back,ok,0.329891,488,219,0.407684,docs/tmp/final-source-verification-2026-05-09/current_residual_bbox_rerender/door/83288fc8cb39af463e2f2868d32c532a/back.png
door,83288fc8cb39af463e2f2868d32c532a,right,ok,0.332256,450,252,0.432587,docs/tmp/final-source-verification-2026-05-09/current_residual_bbox_rerender/door/83288fc8cb39af463e2f2868d32c532a/right.png
door,861558f327f413d560ca71e599bae64e,front,ok,0.362900,456,251,0.436615,docs/tmp/final-source-verification-2026-05-09/current_residual_bbox_rerender/door/861558f327f413d560ca71e599bae64e/front.png
door,861558f327f413d560ca71e599bae64e,left,ok,0.078148,60,446,0.102081,docs/tmp/final-source-verification-2026-05-09/current_residual_bbox_rerender/door/861558f327f413d560ca71e599bae64e/left.png
door,861558f327f413d560ca71e599bae64e,back,ok,0.361835,456,250,0.434875,docs/tmp/final-source-verification-2026-05-09/current_residual_bbox_rerender/door/861558f327f413d560ca71e599bae64e/back.png
door,861558f327f413d560ca71e599bae64e,right,ok,0.078026,60,446,0.102081,docs/tmp/final-source-verification-2026-05-09/current_residual_bbox_rerender/door/861558f327f413d560ca71e599bae64e/right.png
door,866ea6060036a50df21fc605b54c2749,front,ok,0.334450,486,205,0.380058,docs/tmp/final-source-verification-2026-05-09/current_residual_bbox_rerender/door/866ea6060036a50df21fc605b54c2749/front.png
door,866ea6060036a50df21fc605b54c2749,left,ok,0.086403,70,424,0.113220,docs/tmp/final-source-verification-2026-05-09/current_residual_bbox_rerender/door/866ea6060036a50df21fc605b54c2749/left.png
door,866ea6060036a50df21fc605b54c2749,back,ok,0.324959,478,202,0.368332,docs/tmp/final-source-verification-2026-05-09/current_residual_bbox_rerender/door/866ea6060036a50df21fc605b54c2749/back.png
door,866ea6060036a50df21fc605b54c2749,right,ok,0.086594,70,424,0.113220,docs/tmp/final-source-verification-2026-05-09/current_residual_bbox_rerender/door/866ea6060036a50df21fc605b54c2749/right.png
door,87f30f1e2c0394dd97fc075fcef73c72,front,ok,0.120338,412,269,0.422775,docs/tmp/final-source-verification-2026-05-09/current_residual_bbox_rerender/door/87f30f1e2c0394dd97fc075fcef73c72/front.png
door,87f30f1e2c0394dd97fc075fcef73c72,left,ok,0.123280,503,189,0.362652,docs/tmp/final-source-verification-2026-05-09/current_residual_bbox_rerender/door/87f30f1e2c0394dd97fc075fcef73c72/left.png
door,87f30f1e2c0394dd97fc075fcef73c72,back,ok,0.120403,412,269,0.422775,docs/tmp/final-source-verification-2026-05-09/current_residual_bbox_rerender/door/87f30f1e2c0394dd97fc075fcef73c72/back.png
door,87f30f1e2c0394dd97fc075fcef73c72,right,ok,0.133293,503,189,0.362652,docs/tmp/final-source-verification-2026-05-09/current_residual_bbox_rerender/door/87f30f1e2c0394dd97fc075fcef73c72/right.png
door,88ebdb259abd13b54ef4f193dd7a20c2,front,ok,0.129967,512,124,0.242188,docs/tmp/final-source-verification-2026-05-09/current_residual_bbox_rerender/door/88ebdb259abd13b54ef4f193dd7a20c2/front.png
door,88ebdb259abd13b54ef4f193dd7a20c2,left,ok,0.103477,276,313,0.329544,docs/tmp/final-source-verification-2026-05-09/current_residual_bbox_rerender/door/88ebdb259abd13b54ef4f193dd7a20c2/left.png
door,88ebdb259abd13b54ef4f193dd7a20c2,back,ok,0.131474,512,124,0.242188,docs/tmp/final-source-verification-2026-05-09/current_residual_bbox_rerender/door/88ebdb259abd13b54ef4f193dd7a20c2/back.png
door,88ebdb259abd13b54ef4f193dd7a20c2,right,ok,0.114384,276,314,0.330597,docs/tmp/final-source-verification-2026-05-09/current_residual_bbox_rerender/door/88ebdb259abd13b54ef4f193dd7a20c2/right.png
door,89e2b58b950bb7bc12658a6ec3df8061,front,ok,0.356876,442,259,0.436699,docs/tmp/final-source-verification-2026-05-09/current_residual_bbox_rerender/door/89e2b58b950bb7bc12658a6ec3df8061/front.png
door,89e2b58b950bb7bc12658a6ec3df8061,left,ok,0.053753,42,451,0.072258,docs/tmp/final-source-verification-2026-05-09/current_residual_bbox_rerender/door/89e2b58b950bb7bc12658a6ec3df8061/left.png
door,89e2b58b950bb7bc12658a6ec3df8061,back,ok,0.369686,442,259,0.436699,docs/tmp/final-source-verification-2026-05-09/current_residual_bbox_rerender/door/89e2b58b950bb7bc12658a6ec3df8061/back.png
door,89e2b58b950bb7bc12658a6ec3df8061,right,ok,0.046932,42,451,0.072258,docs/tmp/final-source-verification-2026-05-09/current_residual_bbox_rerender/door/89e2b58b950bb7bc12658a6ec3df8061/right.png
door,8c361919bc21718d3941d31e8e4c4ee5,front,ok,0.331505,314,360,0.431213,docs/tmp/final-source-verification-2026-05-09/current_residual_bbox_rerender/door/8c361919bc21718d3941d31e8e4c4ee5/front.png
door,8c361919bc21718d3941d31e8e4c4ee5,left,ok,0.064514,50,458,0.087357,docs/tmp/final-source-verification-2026-05-09/current_residual_bbox_rerender/door/8c361919bc21718d3941d31e8e4c4ee5/left.png
door,8c361919bc21718d3941d31e8e4c4ee5,back,ok,0.344753,314,360,0.431213,docs/tmp/final-source-verification-2026-05-09/current_residual_bbox_rerender/door/8c361919bc21718d3941d31e8e4c4ee5/back.png
door,8c361919bc21718d3941d31e8e4c4ee5,right,ok,0.059280,50,458,0.087357,docs/tmp/final-source-verification-2026-05-09/current_residual_bbox_rerender/door/8c361919bc21718d3941d31e8e4c4ee5/right.png
door,8cec38ba15e4d3c3123028f4544b2210,front,ok,0.146347,458,266,0.464737,docs/tmp/final-source-verification-2026-05-09/current_residual_bbox_rerender/door/8cec38ba15e4d3c3123028f4544b2210/front.png
door,8cec38ba15e4d3c3123028f4544b2210,left,ok,0.115910,96,448,0.164062,docs/tmp/final-source-verification-2026-05-09/current_residual_bbox_rerender/door/8cec38ba15e4d3c3123028f4544b2210/left.png
door,8cec38ba15e4d3c3123028f4544b2210,back,ok,0.146381,458,266,0.464737,docs/tmp/final-source-verification-2026-05-09/current_residual_bbox_rerender/door/8cec38ba15e4d3c3123028f4544b2210/back.png
door,8cec38ba15e4d3c3123028f4544b2210,right,ok,0.121662,96,448,0.164062,docs/tmp/final-source-verification-2026-05-09/current_residual_bbox_rerender/door/8cec38ba15e4d3c3123028f4544b2210/right.png
door,8e517678b7fe3946723ab0b0904a624c,front,ok,0.130825,418,268,0.427338,docs/tmp/final-source-verification-2026-05-09/current_residual_bbox_rerender/door/8e517678b7fe3946723ab0b0904a624c/front.png
door,8e517678b7fe3946723ab0b0904a624c,left,ok,0.131832,502,195,0.373421,docs/tmp/final-source-verification-2026-05-09/current_residual_bbox_rerender/door/8e517678b7fe3946723ab0b0904a624c/left.png
door,8e517678b7fe3946723ab0b0904a624c,back,ok,0.131065,418,268,0.427338,docs/tmp/final-source-verification-2026-05-09/current_residual_bbox_rerender/door/8e517678b7fe3946723ab0b0904a624c/back.png
door,8e517678b7fe3946723ab0b0904a624c,right,ok,0.141956,502,195,0.373421,docs/tmp/final-source-verification-2026-05-09/current_residual_bbox_rerender/door/8e517678b7fe3946723ab0b0904a624c/right.png
door,8fdf31944cf32661abcdada514ef885f,front,ok,0.372261,444,276,0.467468,docs/tmp/final-source-verification-2026-05-09/current_residual_bbox_rerender/door/8fdf31944cf32661abcdada514ef885f/front.png
door,8fdf31944cf32661abcdada514ef885f,left,ok,0.102348,80,451,0.137634,docs/tmp/final-source-verification-2026-05-09/current_residual_bbox_rerender/door/8fdf31944cf32661abcdada514ef885f/left.png
door,8fdf31944cf32661abcdada514ef885f,back,ok,0.393112,444,276,0.467468,docs/tmp/final-source-verification-2026-05-09/current_residual_bbox_rerender/door/8fdf31944cf32661abcdada514ef885f/back.png
door,8fdf31944cf32661abcdada514ef885f,right,ok,0.095440,80,450,0.137329,docs/tmp/final-source-verification-2026-05-09/current_residual_bbox_rerender/door/8fdf31944cf32661abcdada514ef885f/right.png
door,95b81276e653a49c5550a1326fb064fc,front,ok,0.265522,512,156,0.304688,docs/tmp/final-source-verification-2026-05-09/current_residual_bbox_rerender/door/95b81276e653a49c5550a1326fb064fc/front.png
door,95b81276e653a49c5550a1326fb064fc,left,ok,0.294380,340,302,0.391693,docs/tmp/final-source-verification-2026-05-09/current_residual_bbox_rerender/door/95b81276e653a49c5550a1326fb064fc/left.png
door,95b81276e653a49c5550a1326fb064fc,back,ok,0.265526,512,156,0.304688,docs/tmp/final-source-verification-2026-05-09/current_residual_bbox_rerender/door/95b81276e653a49c5550a1326fb064fc/back.png
door,95b81276e653a49c5550a1326fb064fc,right,ok,0.293182,340,302,0.391693,docs/tmp/final-source-verification-2026-05-09/current_residual_bbox_rerender/door/95b81276e653a49c5550a1326fb064fc/right.png
door,9737c07304b7548bd223e08f841b2c34,front,ok,0.367802,402,298,0.456985,docs/tmp/final-source-verification-2026-05-09/current_residual_bbox_rerender/door/9737c07304b7548bd223e08f841b2c34/front.png
door,9737c07304b7548bd223e08f841b2c34,left,ok,0.045368,35,457,0.061016,docs/tmp/final-source-verification-2026-05-09/current_residual_bbox_rerender/door/9737c07304b7548bd223e08f841b2c34/left.png
door,9737c07304b7548bd223e08f841b2c34,back,ok,0.378578,402,298,0.456985,docs/tmp/final-source-verification-2026-05-09/current_residual_bbox_rerender/door/9737c07304b7548bd223e08f841b2c34/back.png
door,9737c07304b7548bd223e08f841b2c34,right,ok,0.038879,34,457,0.059273,docs/tmp/final-source-verification-2026-05-09/current_residual_bbox_rerender/door/9737c07304b7548bd223e08f841b2c34/right.png
door,98b4ab82b9be98179d34926fa014fada,front,ok,0.266987,510,192,0.373535,docs/tmp/final-source-verification-2026-05-09/current_residual_bbox_rerender/door/98b4ab82b9be98179d34926fa014fada/front.png
door,98b4ab82b9be98179d34926fa014fada,left,ok,0.186378,332,315,0.398941,docs/tmp/final-source-verification-2026-05-09/current_residual_bbox_rerender/door/98b4ab82b9be98179d34926fa014fada/left.png
door,98b4ab82b9be98179d34926fa014fada,back,ok,0.269283,510,191,0.371590,docs/tmp/final-source-verification-2026-05-09/current_residual_bbox_rerender/door/98b4ab82b9be98179d34926fa014fada/back.png
door,98b4ab82b9be98179d34926fa014fada,right,ok,0.285358,360,314,0.431213,docs/tmp/final-source-verification-2026-05-09/current_residual_bbox_rerender/door/98b4ab82b9be98179d34926fa014fada/right.png
door,991cf6f1dbbcb24e137e4c3eb10c2c78,front,ok,0.373123,438,279,0.466164,docs/tmp/final-source-verification-2026-05-09/current_residual_bbox_rerender/door/991cf6f1dbbcb24e137e4c3eb10c2c78/front.png
door,991cf6f1dbbcb24e137e4c3eb10c2c78,left,ok,0.089115,70,453,0.120964,docs/tmp/final-source-verification-2026-05-09/current_residual_bbox_rerender/door/991cf6f1dbbcb24e137e4c3eb10c2c78/left.png
door,991cf6f1dbbcb24e137e4c3eb10c2c78,back,ok,0.391308,438,279,0.466164,docs/tmp/final-source-verification-2026-05-09/current_residual_bbox_rerender/door/991cf6f1dbbcb24e137e4c3eb10c2c78/back.png
door,991cf6f1dbbcb24e137e4c3eb10c2c78,right,ok,0.082760,70,453,0.120964,docs/tmp/final-source-verification-2026-05-09/current_residual_bbox_rerender/door/991cf6f1dbbcb24e137e4c3eb10c2c78/right.png
door,9d475a41093791e984cb3e1ec02b5b60,front,ok,0.221771,508,130,0.251923,docs/tmp/final-source-verification-2026-05-09/current_residual_bbox_rerender/door/9d475a41093791e984cb3e1ec02b5b60/front.png
door,9d475a41093791e984cb3e1ec02b5b60,left,ok,0.252605,292,308,0.343079,docs/tmp/final-source-verification-2026-05-09/current_residual_bbox_rerender/door/9d475a41093791e984cb3e1ec02b5b60/left.png
door,9d475a41093791e984cb3e1ec02b5b60,back,ok,0.221867,508,130,0.251923,docs/tmp/final-source-verification-2026-05-09/current_residual_bbox_rerender/door/9d475a41093791e984cb3e1ec02b5b60/back.png
door,9d475a41093791e984cb3e1ec02b5b60,right,ok,0.254604,292,308,0.343079,docs/tmp/final-source-verification-2026-05-09/current_residual_bbox_rerender/door/9d475a41093791e984cb3e1ec02b5b60/right.png
door,a0c66b9cc4ff38c79f4fb9d7b25105a0,front,ok,0.135700,512,129,0.251953,docs/tmp/final-source-verification-2026-05-09/current_residual_bbox_rerender/door/a0c66b9cc4ff38c79f4fb9d7b25105a0/front.png
door,a0c66b9cc4ff38c79f4fb9d7b25105a0,left,ok,0.095272,284,314,0.340179,docs/tmp/final-source-verification-2026-05-09/current_residual_bbox_rerender/door/a0c66b9cc4ff38c79f4fb9d7b25105a0/left.png
door,a0c66b9cc4ff38c79f4fb9d7b25105a0,back,ok,0.135750,512,129,0.251953,docs/tmp/final-source-verification-2026-05-09/current_residual_bbox_rerender/door/a0c66b9cc4ff38c79f4fb9d7b25105a0/back.png
door,a0c66b9cc4ff38c79f4fb9d7b25105a0,right,ok,0.105106,284,313,0.339096,docs/tmp/final-source-verification-2026-05-09/current_residual_bbox_rerender/door/a0c66b9cc4ff38c79f4fb9d7b25105a0/right.png
door,a19798bc58e6cd201db3a63aa58fd616,front,ok,0.346237,463,227,0.400928,docs/tmp/final-source-verification-2026-05-09/current_residual_bbox_rerender/door/a19798bc58e6cd201db3a63aa58fd616/front.png
door,a19798bc58e6cd201db3a63aa58fd616,left,ok,0.054085,43,438,0.071846,docs/tmp/final-source-verification-2026-05-09/current_residual_bbox_rerender/door/a19798bc58e6cd201db3a63aa58fd616/left.png
door,a19798bc58e6cd201db3a63aa58fd616,back,ok,0.346714,464,227,0.401794,docs/tmp/final-source-verification-2026-05-09/current_residual_bbox_rerender/door/a19798bc58e6cd201db3a63aa58fd616/back.png
door,a19798bc58e6cd201db3a63aa58fd616,right,ok,0.053265,42,438,0.070175,docs/tmp/final-source-verification-2026-05-09/current_residual_bbox_rerender/door/a19798bc58e6cd201db3a63aa58fd616/right.png
door,a4c5d857e6cafa9dfcf32cab1a015dff,front,ok,0.128204,504,180,0.346069,docs/tmp/final-source-verification-2026-05-09/current_residual_bbox_rerender/door/a4c5d857e6cafa9dfcf32cab1a015dff/front.png
door,a4c5d857e6cafa9dfcf32cab1a015dff,left,ok,0.102737,400,270,0.411987,docs/tmp/final-source-verification-2026-05-09/current_residual_bbox_rerender/door/a4c5d857e6cafa9dfcf32cab1a015dff/left.png
door,a4c5d857e6cafa9dfcf32cab1a015dff,back,ok,0.128296,504,180,0.346069,docs/tmp/final-source-verification-2026-05-09/current_residual_bbox_rerender/door/a4c5d857e6cafa9dfcf32cab1a015dff/back.png
door,a4c5d857e6cafa9dfcf32cab1a015dff,right,ok,0.122219,400,269,0.410461,docs/tmp/final-source-verification-2026-05-09/current_residual_bbox_rerender/door/a4c5d857e6cafa9dfcf32cab1a015dff/right.png
door,a58442481504bbd4a96e95ac7c69a129,front,ok,0.094307,508,153,0.296494,docs/tmp/final-source-verification-2026-05-09/current_residual_bbox_rerender/door/a58442481504bbd4a96e95ac7c69a129/front.png
door,a58442481504bbd4a96e95ac7c69a129,left,ok,0.073685,360,280,0.384521,docs/tmp/final-source-verification-2026-05-09/current_residual_bbox_rerender/door/a58442481504bbd4a96e95ac7c69a129/left.png
door,a58442481504bbd4a96e95ac7c69a129,back,ok,0.094303,508,153,0.296494,docs/tmp/final-source-verification-2026-05-09/current_residual_bbox_rerender/door/a58442481504bbd4a96e95ac7c69a129/back.png
door,a58442481504bbd4a96e95ac7c69a129,right,ok,0.085686,360,280,0.384521,docs/tmp/final-source-verification-2026-05-09/current_residual_bbox_rerender/door/a58442481504bbd4a96e95ac7c69a129/right.png
door,a8206555830d974572ac758f3d449b3e,front,ok,0.339699,486,210,0.389328,docs/tmp/final-source-verification-2026-05-09/current_residual_bbox_rerender/door/a8206555830d974572ac758f3d449b3e/front.png
door,a8206555830d974572ac758f3d449b3e,left,ok,0.120640,107,423,0.172657,docs/tmp/final-source-verification-2026-05-09/current_residual_bbox_rerender/door/a8206555830d974572ac758f3d449b3e/left.png
door,a8206555830d974572ac758f3d449b3e,back,ok,0.349018,494,212,0.399506,docs/tmp/final-source-verification-2026-05-09/current_residual_bbox_rerender/door/a8206555830d974572ac758f3d449b3e/back.png
door,a8206555830d974572ac758f3d449b3e,right,ok,0.126587,107,424,0.173065,docs/tmp/final-source-verification-2026-05-09/current_residual_bbox_rerender/door/a8206555830d974572ac758f3d449b3e/right.png
door,aa029a85dd34635a3af7cd3ef7e5378d,front,ok,0.217041,512,127,0.248047,docs/tmp/final-source-verification-2026-05-09/current_residual_bbox_rerender/door/aa029a85dd34635a3af7cd3ef7e5378d/front.png
door,aa029a85dd34635a3af7cd3ef7e5378d,left,ok,0.233139,280,314,0.335388,docs/tmp/final-source-verification-2026-05-09/current_residual_bbox_rerender/door/aa029a85dd34635a3af7cd3ef7e5378d/left.png
door,aa029a85dd34635a3af7cd3ef7e5378d,back,ok,0.217030,512,127,0.248047,docs/tmp/final-source-verification-2026-05-09/current_residual_bbox_rerender/door/aa029a85dd34635a3af7cd3ef7e5378d/back.png
door,aa029a85dd34635a3af7cd3ef7e5378d,right,ok,0.244579,280,312,0.333252,docs/tmp/final-source-verification-2026-05-09/current_residual_bbox_rerender/door/aa029a85dd34635a3af7cd3ef7e5378d/right.png
door,abfc50e7374cb743b2817f4c82deee97,front,ok,0.307842,512,179,0.349609,docs/tmp/final-source-verification-2026-05-09/current_residual_bbox_rerender/door/abfc50e7374cb743b2817f4c82deee97/front.png
door,abfc50e7374cb743b2817f4c82deee97,left,ok,0.315022,342,324,0.422699,docs/tmp/final-source-verification-2026-05-09/current_residual_bbox_rerender/door/abfc50e7374cb743b2817f4c82deee97/left.png
door,abfc50e7374cb743b2817f4c82deee97,back,ok,0.307858,512,179,0.349609,docs/tmp/final-source-verification-2026-05-09/current_residual_bbox_rerender/door/abfc50e7374cb743b2817f4c82deee97/back.png
door,abfc50e7374cb743b2817f4c82deee97,right,ok,0.316048,342,324,0.422699,docs/tmp/final-source-verification-2026-05-09/current_residual_bbox_rerender/door/abfc50e7374cb743b2817f4c82deee97/right.png
door,ad51fd906b342554ac3c5ff29f203d9b,front,ok,0.028675,151,152,0.087555,docs/tmp/final-source-verification-2026-05-09/current_residual_bbox_rerender/door/ad51fd906b342554ac3c5ff29f203d9b/front.png
door,ad51fd906b342554ac3c5ff29f203d9b,left,blank,0.000000,0,0,0.000000,docs/tmp/final-source-verification-2026-05-09/current_residual_bbox_rerender/door/ad51fd906b342554ac3c5ff29f203d9b/left.png
door,ad51fd906b342554ac3c5ff29f203d9b,back,ok,0.018661,67,141,0.036037,docs/tmp/final-source-verification-2026-05-09/current_residual_bbox_rerender/door/ad51fd906b342554ac3c5ff29f203d9b/back.png
door,ad51fd906b342554ac3c5ff29f203d9b,right,ok,0.036999,230,91,0.079842,docs/tmp/final-source-verification-2026-05-09/current_residual_bbox_rerender/door/ad51fd906b342554ac3c5ff29f203d9b/right.png
door,aed618a154b36fe211add5663236a110,front,ok,0.277073,490,165,0.308418,docs/tmp/final-source-verification-2026-05-09/current_residual_bbox_rerender/door/aed618a154b36fe211add5663236a110/front.png
door,aed618a154b36fe211add5663236a110,left,ok,0.086769,79,408,0.122955,docs/tmp/final-source-verification-2026-05-09/current_residual_bbox_rerender/door/aed618a154b36fe211add5663236a110/left.png
door,aed618a154b36fe211add5663236a110,back,ok,0.277695,498,167,0.317253,docs/tmp/final-source-verification-2026-05-09/current_residual_bbox_rerender/door/aed618a154b36fe211add5663236a110/back.png
door,aed618a154b36fe211add5663236a110,right,ok,0.091320,79,408,0.122955,docs/tmp/final-source-verification-2026-05-09/current_residual_bbox_rerender/door/aed618a154b36fe211add5663236a110/right.png
door,b04b3b4394ff733993f21619e0a29a8e,front,ok,0.354282,346,342,0.451401,docs/tmp/final-source-verification-2026-05-09/current_residual_bbox_rerender/door/b04b3b4394ff733993f21619e0a29a8e/front.png
door,b04b3b4394ff733993f21619e0a29a8e,left,ok,0.060257,46,459,0.080544,docs/tmp/final-source-verification-2026-05-09/current_residual_bbox_rerender/door/b04b3b4394ff733993f21619e0a29a8e/left.png
door,b04b3b4394ff733993f21619e0a29a8e,back,ok,0.364922,346,342,0.451401,docs/tmp/final-source-verification-2026-05-09/current_residual_bbox_rerender/door/b04b3b4394ff733993f21619e0a29a8e/back.png
door,b04b3b4394ff733993f21619e0a29a8e,right,ok,0.055111,46,459,0.080544,docs/tmp/final-source-verification-2026-05-09/current_residual_bbox_rerender/door/b04b3b4394ff733993f21619e0a29a8e/right.png
door,b16b5205214f15c42aed50b3a329326e,front,ok,0.113148,394,321,0.482460,docs/tmp/final-source-verification-2026-05-09/current_residual_bbox_rerender/door/b16b5205214f15c42aed50b3a329326e/front.png
door,b16b5205214f15c42aed50b3a329326e,left,ok,0.094135,78,458,0.136276,docs/tmp/final-source-verification-2026-05-09/current_residual_bbox_rerender/door/b16b5205214f15c42aed50b3a329326e/left.png
door,b16b5205214f15c42aed50b3a329326e,back,ok,0.113251,394,321,0.482460,docs/tmp/final-source-verification-2026-05-09/current_residual_bbox_rerender/door/b16b5205214f15c42aed50b3a329326e/back.png
door,b16b5205214f15c42aed50b3a329326e,right,ok,0.100765,76,458,0.132782,docs/tmp/final-source-verification-2026-05-09/current_residual_bbox_rerender/door/b16b5205214f15c42aed50b3a329326e/right.png
door,b1bebc899534826b488772472258b6c0,front,ok,0.267269,512,157,0.306641,docs/tmp/final-source-verification-2026-05-09/current_residual_bbox_rerender/door/b1bebc899534826b488772472258b6c0/front.png
door,b1bebc899534826b488772472258b6c0,left,ok,0.284264,316,318,0.383331,docs/tmp/final-source-verification-2026-05-09/current_residual_bbox_rerender/door/b1bebc899534826b488772472258b6c0/left.png
door,b1bebc899534826b488772472258b6c0,back,ok,0.267250,512,157,0.306641,docs/tmp/final-source-verification-2026-05-09/current_residual_bbox_rerender/door/b1bebc899534826b488772472258b6c0/back.png
door,b1bebc899534826b488772472258b6c0,right,ok,0.286850,316,318,0.383331,docs/tmp/final-source-verification-2026-05-09/current_residual_bbox_rerender/door/b1bebc899534826b488772472258b6c0/right.png
door,b4687a944670c0e79d9491a08f7eebf3,front,ok,0.176395,512,178,0.347656,docs/tmp/final-source-verification-2026-05-09/current_residual_bbox_rerender/door/b4687a944670c0e79d9491a08f7eebf3/front.png
door,b4687a944670c0e79d9491a08f7eebf3,left,ok,0.154694,380,291,0.421829,docs/tmp/final-source-verification-2026-05-09/current_residual_bbox_rerender/door/b4687a944670c0e79d9491a08f7eebf3/left.png
door,b4687a944670c0e79d9491a08f7eebf3,back,ok,0.199852,512,178,0.347656,docs/tmp/final-source-verification-2026-05-09/current_residual_bbox_rerender/door/b4687a944670c0e79d9491a08f7eebf3/back.png
door,b4687a944670c0e79d9491a08f7eebf3,right,ok,0.163086,380,291,0.421829,docs/tmp/final-source-verification-2026-05-09/current_residual_bbox_rerender/door/b4687a944670c0e79d9491a08f7eebf3/right.png
door,b485442ae320e3f9821ffc9fc6f612e8,front,ok,0.091839,511,122,0.237816,docs/tmp/final-source-verification-2026-05-09/current_residual_bbox_rerender/door/b485442ae320e3f9821ffc9fc6f612e8/front.png
door,b485442ae320e3f9821ffc9fc6f612e8,left,ok,0.074284,292,302,0.336395,docs/tmp/final-source-verification-2026-05-09/current_residual_bbox_rerender/door/b485442ae320e3f9821ffc9fc6f612e8/left.png
door,b485442ae320e3f9821ffc9fc6f612e8,back,ok,0.098743,510,124,0.241241,docs/tmp/final-source-verification-2026-05-09/current_residual_bbox_rerender/door/b485442ae320e3f9821ffc9fc6f612e8/back.png
door,b485442ae320e3f9821ffc9fc6f612e8,right,ok,0.079773,292,302,0.336395,docs/tmp/final-source-verification-2026-05-09/current_residual_bbox_rerender/door/b485442ae320e3f9821ffc9fc6f612e8/right.png
door,b61bff72e74797683da08d1be57fcd98,front,ok,0.099174,489,155,0.289135,docs/tmp/final-source-verification-2026-05-09/current_residual_bbox_rerender/door/b61bff72e74797683da08d1be57fcd98/front.png
door,b61bff72e74797683da08d1be57fcd98,left,ok,0.058834,50,407,0.077629,docs/tmp/final-source-verification-2026-05-09/current_residual_bbox_rerender/door/b61bff72e74797683da08d1be57fcd98/left.png
door,b61bff72e74797683da08d1be57fcd98,back,ok,0.099155,488,155,0.288544,docs/tmp/final-source-verification-2026-05-09/current_residual_bbox_rerender/door/b61bff72e74797683da08d1be57fcd98/back.png
door,b61bff72e74797683da08d1be57fcd98,right,ok,0.059334,50,407,0.077629,docs/tmp/final-source-verification-2026-05-09/current_residual_bbox_rerender/door/b61bff72e74797683da08d1be57fcd98/right.png
door,ba4b0ebcf6bddc5b3df23b65f8de4d39,front,ok,0.256790,502,164,0.314056,docs/tmp/final-source-verification-2026-05-09/current_residual_bbox_rerender/door/ba4b0ebcf6bddc5b3df23b65f8de4d39/front.png
door,ba4b0ebcf6bddc5b3df23b65f8de4d39,left,ok,0.294678,386,266,0.391678,docs/tmp/final-source-verification-2026-05-09/current_residual_bbox_rerender/door/ba4b0ebcf6bddc5b3df23b65f8de4d39/left.png
door,ba4b0ebcf6bddc5b3df23b65f8de4d39,back,ok,0.260574,502,164,0.314056,docs/tmp/final-source-verification-2026-05-09/current_residual_bbox_rerender/door/ba4b0ebcf6bddc5b3df23b65f8de4d39/back.png
door,ba4b0ebcf6bddc5b3df23b65f8de4d39,right,ok,0.289913,386,266,0.391678,docs/tmp/final-source-verification-2026-05-09/current_residual_bbox_rerender/door/ba4b0ebcf6bddc5b3df23b65f8de4d39/right.png
door,c13fc3c2db21ca9c26a1d910e2d6a405,front,ok,0.105644,460,228,0.400085,docs/tmp/final-source-verification-2026-05-09/current_residual_bbox_rerender/door/c13fc3c2db21ca9c26a1d910e2d6a405/front.png
door,c13fc3c2db21ca9c26a1d910e2d6a405,left,ok,0.092930,472,218,0.392517,docs/tmp/final-source-verification-2026-05-09/current_residual_bbox_rerender/door/c13fc3c2db21ca9c26a1d910e2d6a405/left.png
door,c13fc3c2db21ca9c26a1d910e2d6a405,back,ok,0.105610,460,228,0.400085,docs/tmp/final-source-verification-2026-05-09/current_residual_bbox_rerender/door/c13fc3c2db21ca9c26a1d910e2d6a405/back.png
door,c13fc3c2db21ca9c26a1d910e2d6a405,right,ok,0.109894,472,217,0.390717,docs/tmp/final-source-verification-2026-05-09/current_residual_bbox_rerender/door/c13fc3c2db21ca9c26a1d910e2d6a405/right.png
door,c1eff10a921be72fd54fd1cc54c41cff,front,ok,0.300758,498,201,0.381844,docs/tmp/final-source-verification-2026-05-09/current_residual_bbox_rerender/door/c1eff10a921be72fd54fd1cc54c41cff/front.png
door,c1eff10a921be72fd54fd1cc54c41cff,left,ok,0.326878,430,259,0.424843,docs/tmp/final-source-verification-2026-05-09/current_residual_bbox_rerender/door/c1eff10a921be72fd54fd1cc54c41cff/left.png
door,c1eff10a921be72fd54fd1cc54c41cff,back,ok,0.300804,497,201,0.381077,docs/tmp/final-source-verification-2026-05-09/current_residual_bbox_rerender/door/c1eff10a921be72fd54fd1cc54c41cff/back.png
door,c1eff10a921be72fd54fd1cc54c41cff,right,ok,0.314716,430,259,0.424843,docs/tmp/final-source-verification-2026-05-09/current_residual_bbox_rerender/door/c1eff10a921be72fd54fd1cc54c41cff/right.png
door,c2a03c7fade4fd0cb2bad49f1abfd5a3,front,ok,0.120167,430,287,0.470772,docs/tmp/final-source-verification-2026-05-09/current_residual_bbox_rerender/door/c2a03c7fade4fd0cb2bad49f1abfd5a3/front.png
door,c2a03c7fade4fd0cb2bad49f1abfd5a3,left,ok,0.093620,84,453,0.145157,docs/tmp/final-source-verification-2026-05-09/current_residual_bbox_rerender/door/c2a03c7fade4fd0cb2bad49f1abfd5a3/left.png
door,c2a03c7fade4fd0cb2bad49f1abfd5a3,back,ok,0.112610,430,287,0.470772,docs/tmp/final-source-verification-2026-05-09/current_residual_bbox_rerender/door/c2a03c7fade4fd0cb2bad49f1abfd5a3/back.png
door,c2a03c7fade4fd0cb2bad49f1abfd5a3,right,ok,0.055630,40,453,0.069122,docs/tmp/final-source-verification-2026-05-09/current_residual_bbox_rerender/door/c2a03c7fade4fd0cb2bad49f1abfd5a3/right.png
door,c7d17ba4ef751eed553c6ec8aa84de0d,front,ok,0.121338,444,276,0.467468,docs/tmp/final-source-verification-2026-05-09/current_residual_bbox_rerender/door/c7d17ba4ef751eed553c6ec8aa84de0d/front.png
door,c7d17ba4ef751eed553c6ec8aa84de0d,left,ok,0.094360,78,452,0.134491,docs/tmp/final-source-verification-2026-05-09/current_residual_bbox_rerender/door/c7d17ba4ef751eed553c6ec8aa84de0d/left.png
door,c7d17ba4ef751eed553c6ec8aa84de0d,back,ok,0.121380,444,276,0.467468,docs/tmp/final-source-verification-2026-05-09/current_residual_bbox_rerender/door/c7d17ba4ef751eed553c6ec8aa84de0d/back.png
door,c7d17ba4ef751eed553c6ec8aa84de0d,right,ok,0.099796,76,452,0.131042,docs/tmp/final-source-verification-2026-05-09/current_residual_bbox_rerender/door/c7d17ba4ef751eed553c6ec8aa84de0d/right.png
door,caccfcf88c93964e0ef99451f0b7c36a,front,ok,0.255074,512,149,0.291016,docs/tmp/final-source-verification-2026-05-09/current_residual_bbox_rerender/door/caccfcf88c93964e0ef99451f0b7c36a/front.png
door,caccfcf88c93964e0ef99451f0b7c36a,left,ok,0.278145,312,313,0.372528,docs/tmp/final-source-verification-2026-05-09/current_residual_bbox_rerender/door/caccfcf88c93964e0ef99451f0b7c36a/left.png
door,caccfcf88c93964e0ef99451f0b7c36a,back,ok,0.255054,512,149,0.291016,docs/tmp/final-source-verification-2026-05-09/current_residual_bbox_rerender/door/caccfcf88c93964e0ef99451f0b7c36a/back.png
door,caccfcf88c93964e0ef99451f0b7c36a,right,ok,0.277287,312,312,0.371338,docs/tmp/final-source-verification-2026-05-09/current_residual_bbox_rerender/door/caccfcf88c93964e0ef99451f0b7c36a/right.png
door,cae5ec2582a4c3d30e8f40d9d1d7f31d,front,ok,0.120884,450,245,0.420570,docs/tmp/final-source-verification-2026-05-09/current_residual_bbox_rerender/door/cae5ec2582a4c3d30e8f40d9d1d7f31d/front.png
door,cae5ec2582a4c3d30e8f40d9d1d7f31d,left,ok,0.052174,41,446,0.069756,docs/tmp/final-source-verification-2026-05-09/current_residual_bbox_rerender/door/cae5ec2582a4c3d30e8f40d9d1d7f31d/left.png
door,cae5ec2582a4c3d30e8f40d9d1d7f31d,back,ok,0.132526,450,245,0.420570,docs/tmp/final-source-verification-2026-05-09/current_residual_bbox_rerender/door/cae5ec2582a4c3d30e8f40d9d1d7f31d/back.png
door,cae5ec2582a4c3d30e8f40d9d1d7f31d,right,ok,0.045021,40,446,0.068054,docs/tmp/final-source-verification-2026-05-09/current_residual_bbox_rerender/door/cae5ec2582a4c3d30e8f40d9d1d7f31d/right.png
door,cb17d0bc37963bc149c36459dc42406e,front,ok,0.371075,436,278,0.462372,docs/tmp/final-source-verification-2026-05-09/current_residual_bbox_rerender/door/cb17d0bc37963bc149c36459dc42406e/front.png
door,cb17d0bc37963bc149c36459dc42406e,left,ok,0.078415,62,452,0.106903,docs/tmp/final-source-verification-2026-05-09/current_residual_bbox_rerender/door/cb17d0bc37963bc149c36459dc42406e/left.png
door,cb17d0bc37963bc149c36459dc42406e,back,ok,0.387424,436,278,0.462372,docs/tmp/final-source-verification-2026-05-09/current_residual_bbox_rerender/door/cb17d0bc37963bc149c36459dc42406e/back.png
door,cb17d0bc37963bc149c36459dc42406e,right,ok,0.072678,62,452,0.106903,docs/tmp/final-source-verification-2026-05-09/current_residual_bbox_rerender/door/cb17d0bc37963bc149c36459dc42406e/right.png
door,cbacdf8e1bc20257bace15f32fe1fc46,front,ok,0.075150,412,252,0.396057,docs/tmp/final-source-verification-2026-05-09/current_residual_bbox_rerender/door/cbacdf8e1bc20257bace15f32fe1fc46/front.png
door,cbacdf8e1bc20257bace15f32fe1fc46,left,ok,0.068436,496,180,0.340576,docs/tmp/final-source-verification-2026-05-09/current_residual_bbox_rerender/door/cbacdf8e1bc20257bace15f32fe1fc46/left.png
door,cbacdf8e1bc20257bace15f32fe1fc46,back,ok,0.074020,412,252,0.396057,docs/tmp/final-source-verification-2026-05-09/current_residual_bbox_rerender/door/cbacdf8e1bc20257bace15f32fe1fc46/back.png
door,cbacdf8e1bc20257bace15f32fe1fc46,right,ok,0.080177,496,181,0.342468,docs/tmp/final-source-verification-2026-05-09/current_residual_bbox_rerender/door/cbacdf8e1bc20257bace15f32fe1fc46/right.png
door,cd806e20565d6750ab1ce6593b5b97eb,front,ok,0.085258,507,101,0.195339,docs/tmp/final-source-verification-2026-05-09/current_residual_bbox_rerender/door/cd806e20565d6750ab1ce6593b5b97eb/front.png
door,cd806e20565d6750ab1ce6593b5b97eb,left,ok,0.061954,244,310,0.288544,docs/tmp/final-source-verification-2026-05-09/current_residual_bbox_rerender/door/cd806e20565d6750ab1ce6593b5b97eb/left.png
door,cd806e20565d6750ab1ce6593b5b97eb,back,ok,0.085251,507,101,0.195339,docs/tmp/final-source-verification-2026-05-09/current_residual_bbox_rerender/door/cd806e20565d6750ab1ce6593b5b97eb/back.png
door,cd806e20565d6750ab1ce6593b5b97eb,right,ok,0.070683,244,309,0.287613,docs/tmp/final-source-verification-2026-05-09/current_residual_bbox_rerender/door/cd806e20565d6750ab1ce6593b5b97eb/right.png
door,ce910fa4bd67c8a2e663fd1ec3f95b5e,front,ok,0.219997,512,130,0.253906,docs/tmp/final-source-verification-2026-05-09/current_residual_bbox_rerender/door/ce910fa4bd67c8a2e663fd1ec3f95b5e/front.png
door,ce910fa4bd67c8a2e663fd1ec3f95b5e,left,ok,0.253574,296,308,0.347778,docs/tmp/final-source-verification-2026-05-09/current_residual_bbox_rerender/door/ce910fa4bd67c8a2e663fd1ec3f95b5e/left.png
door,ce910fa4bd67c8a2e663fd1ec3f95b5e,back,ok,0.219166,512,130,0.253906,docs/tmp/final-source-verification-2026-05-09/current_residual_bbox_rerender/door/ce910fa4bd67c8a2e663fd1ec3f95b5e/back.png
door,ce910fa4bd67c8a2e663fd1ec3f95b5e,right,ok,0.250755,296,308,0.347778,docs/tmp/final-source-verification-2026-05-09/current_residual_bbox_rerender/door/ce910fa4bd67c8a2e663fd1ec3f95b5e/right.png
door,cf3d08857d169c7d0f90a02562bdbf3f,front,ok,0.267269,512,157,0.306641,docs/tmp/final-source-verification-2026-05-09/current_residual_bbox_rerender/door/cf3d08857d169c7d0f90a02562bdbf3f/front.png
door,cf3d08857d169c7d0f90a02562bdbf3f,left,ok,0.284264,316,318,0.383331,docs/tmp/final-source-verification-2026-05-09/current_residual_bbox_rerender/door/cf3d08857d169c7d0f90a02562bdbf3f/left.png
door,cf3d08857d169c7d0f90a02562bdbf3f,back,ok,0.267250,512,157,0.306641,docs/tmp/final-source-verification-2026-05-09/current_residual_bbox_rerender/door/cf3d08857d169c7d0f90a02562bdbf3f/back.png
door,cf3d08857d169c7d0f90a02562bdbf3f,right,ok,0.286850,316,318,0.383331,docs/tmp/final-source-verification-2026-05-09/current_residual_bbox_rerender/door/cf3d08857d169c7d0f90a02562bdbf3f/right.png
door,cf755e66f04c8cc57359b4c445ebeb74,front,ok,0.256115,487,152,0.282379,docs/tmp/final-source-verification-2026-05-09/current_residual_bbox_rerender/door/cf755e66f04c8cc57359b4c445ebeb74/front.png
door,cf755e66f04c8cc57359b4c445ebeb74,left,ok,0.061920,56,405,0.086517,docs/tmp/final-source-verification-2026-05-09/current_residual_bbox_rerender/door/cf755e66f04c8cc57359b4c445ebeb74/left.png
door,cf755e66f04c8cc57359b4c445ebeb74,back,ok,0.260956,494,153,0.288322,docs/tmp/final-source-verification-2026-05-09/current_residual_bbox_rerender/door/cf755e66f04c8cc57359b4c445ebeb74/back.png
door,cf755e66f04c8cc57359b4c445ebeb74,right,ok,0.065796,56,405,0.086517,docs/tmp/final-source-verification-2026-05-09/current_residual_bbox_rerender/door/cf755e66f04c8cc57359b4c445ebeb74/right.png
door,d3a61a241adb21bcad64d88913c249d0,front,ok,0.109711,402,272,0.417114,docs/tmp/final-source-verification-2026-05-09/current_residual_bbox_rerender/door/d3a61a241adb21bcad64d88913c249d0/front.png
door,d3a61a241adb21bcad64d88913c249d0,left,ok,0.118729,506,184,0.355164,docs/tmp/final-source-verification-2026-05-09/current_residual_bbox_rerender/door/d3a61a241adb21bcad64d88913c249d0/left.png
door,d3a61a241adb21bcad64d88913c249d0,back,ok,0.120602,403,272,0.418152,docs/tmp/final-source-verification-2026-05-09/current_residual_bbox_rerender/door/d3a61a241adb21bcad64d88913c249d0/back.png
door,d3a61a241adb21bcad64d88913c249d0,right,ok,0.122597,506,184,0.355164,docs/tmp/final-source-verification-2026-05-09/current_residual_bbox_rerender/door/d3a61a241adb21bcad64d88913c249d0/right.png
door,d6694d8ab82db9c94861565343a3290d,front,ok,0.207352,512,121,0.236328,docs/tmp/final-source-verification-2026-05-09/current_residual_bbox_rerender/door/d6694d8ab82db9c94861565343a3290d/front.png
door,d6694d8ab82db9c94861565343a3290d,left,ok,0.237015,270,314,0.323410,docs/tmp/final-source-verification-2026-05-09/current_residual_bbox_rerender/door/d6694d8ab82db9c94861565343a3290d/left.png
door,d6694d8ab82db9c94861565343a3290d,back,ok,0.207355,512,121,0.236328,docs/tmp/final-source-verification-2026-05-09/current_residual_bbox_rerender/door/d6694d8ab82db9c94861565343a3290d/back.png
door,d6694d8ab82db9c94861565343a3290d,right,ok,0.234657,270,314,0.323410,docs/tmp/final-source-verification-2026-05-09/current_residual_bbox_rerender/door/d6694d8ab82db9c94861565343a3290d/right.png
door,d7c9fc9c593e628ac7053b01d5c0ecb2,front,ok,0.192772,512,123,0.240234,docs/tmp/final-source-verification-2026-05-09/current_residual_bbox_rerender/door/d7c9fc9c593e628ac7053b01d5c0ecb2/front.png
door,d7c9fc9c593e628ac7053b01d5c0ecb2,left,ok,0.125397,250,328,0.312805,docs/tmp/final-source-verification-2026-05-09/current_residual_bbox_rerender/door/d7c9fc9c593e628ac7053b01d5c0ecb2/left.png
door,d7c9fc9c593e628ac7053b01d5c0ecb2,back,ok,0.197529,512,123,0.240234,docs/tmp/final-source-verification-2026-05-09/current_residual_bbox_rerender/door/d7c9fc9c593e628ac7053b01d5c0ecb2/back.png
door,d7c9fc9c593e628ac7053b01d5c0ecb2,right,ok,0.222454,250,328,0.312805,docs/tmp/final-source-verification-2026-05-09/current_residual_bbox_rerender/door/d7c9fc9c593e628ac7053b01d5c0ecb2/right.png
door,dbeb79ef8a7a558e28f6b6e528e1fb0b,front,ok,0.098118,510,138,0.268478,docs/tmp/final-source-verification-2026-05-09/current_residual_bbox_rerender/door/dbeb79ef8a7a558e28f6b6e528e1fb0b/front.png
door,dbeb79ef8a7a558e28f6b6e528e1fb0b,left,ok,0.078716,328,290,0.362854,docs/tmp/final-source-verification-2026-05-09/current_residual_bbox_rerender/door/dbeb79ef8a7a558e28f6b6e528e1fb0b/left.png
door,dbeb79ef8a7a558e28f6b6e528e1fb0b,back,ok,0.098125,510,138,0.268478,docs/tmp/final-source-verification-2026-05-09/current_residual_bbox_rerender/door/dbeb79ef8a7a558e28f6b6e528e1fb0b/back.png
door,dbeb79ef8a7a558e28f6b6e528e1fb0b,right,ok,0.091827,328,290,0.362854,docs/tmp/final-source-verification-2026-05-09/current_residual_bbox_rerender/door/dbeb79ef8a7a558e28f6b6e528e1fb0b/right.png
door,de75e5188c60c6eef2440984a28722c2,front,ok,0.137238,497,186,0.352638,docs/tmp/final-source-verification-2026-05-09/current_residual_bbox_rerender/door/de75e5188c60c6eef2440984a28722c2/front.png
door,de75e5188c60c6eef2440984a28722c2,left,ok,0.126743,416,257,0.407837,docs/tmp/final-source-verification-2026-05-09/current_residual_bbox_rerender/door/de75e5188c60c6eef2440984a28722c2/left.png
door,de75e5188c60c6eef2440984a28722c2,back,ok,0.155872,497,186,0.352638,docs/tmp/final-source-verification-2026-05-09/current_residual_bbox_rerender/door/de75e5188c60c6eef2440984a28722c2/back.png
door,de75e5188c60c6eef2440984a28722c2,right,ok,0.134754,416,258,0.409424,docs/tmp/final-source-verification-2026-05-09/current_residual_bbox_rerender/door/de75e5188c60c6eef2440984a28722c2/right.png
door,de84a12efff3ca993727c3d4b1f173c2,front,ok,0.362228,370,321,0.453072,docs/tmp/final-source-verification-2026-05-09/current_residual_bbox_rerender/door/de84a12efff3ca993727c3d4b1f173c2/front.png
door,de84a12efff3ca993727c3d4b1f173c2,left,ok,0.042080,32,459,0.056030,docs/tmp/final-source-verification-2026-05-09/current_residual_bbox_rerender/door/de84a12efff3ca993727c3d4b1f173c2/left.png
door,de84a12efff3ca993727c3d4b1f173c2,back,ok,0.369442,370,321,0.453072,docs/tmp/final-source-verification-2026-05-09/current_residual_bbox_rerender/door/de84a12efff3ca993727c3d4b1f173c2/back.png
door,de84a12efff3ca993727c3d4b1f173c2,right,ok,0.035160,31,459,0.054279,docs/tmp/final-source-verification-2026-05-09/current_residual_bbox_rerender/door/de84a12efff3ca993727c3d4b1f173c2/right.png
door,deb8b23a57e4b4736b0205556feafb28,front,ok,0.301765,501,198,0.378410,docs/tmp/final-source-verification-2026-05-09/current_residual_bbox_rerender/door/deb8b23a57e4b4736b0205556feafb28/front.png
door,deb8b23a57e4b4736b0205556feafb28,left,ok,0.329685,422,267,0.429817,docs/tmp/final-source-verification-2026-05-09/current_residual_bbox_rerender/door/deb8b23a57e4b4736b0205556feafb28/left.png
door,deb8b23a57e4b4736b0205556feafb28,back,ok,0.311943,501,198,0.378410,docs/tmp/final-source-verification-2026-05-09/current_residual_bbox_rerender/door/deb8b23a57e4b4736b0205556feafb28/back.png
door,deb8b23a57e4b4736b0205556feafb28,right,ok,0.324650,422,266,0.428207,docs/tmp/final-source-verification-2026-05-09/current_residual_bbox_rerender/door/deb8b23a57e4b4736b0205556feafb28/right.png
door,e0323472fc3ba395c94c2b7af5302e5e,front,ok,0.154037,476,219,0.397659,docs/tmp/final-source-verification-2026-05-09/current_residual_bbox_rerender/door/e0323472fc3ba395c94c2b7af5302e5e/front.png
door,e0323472fc3ba395c94c2b7af5302e5e,left,ok,0.132275,458,235,0.410576,docs/tmp/final-source-verification-2026-05-09/current_residual_bbox_rerender/door/e0323472fc3ba395c94c2b7af5302e5e/left.png
door,e0323472fc3ba395c94c2b7af5302e5e,back,ok,0.171272,476,219,0.397659,docs/tmp/final-source-verification-2026-05-09/current_residual_bbox_rerender/door/e0323472fc3ba395c94c2b7af5302e5e/back.png
door,e0323472fc3ba395c94c2b7af5302e5e,right,ok,0.137932,458,235,0.410576,docs/tmp/final-source-verification-2026-05-09/current_residual_bbox_rerender/door/e0323472fc3ba395c94c2b7af5302e5e/right.png
door,e121491bec0b83f68962c741d08c0215,front,ok,0.228256,512,132,0.257812,docs/tmp/final-source-verification-2026-05-09/current_residual_bbox_rerender/door/e121491bec0b83f68962c741d08c0215/front.png
door,e121491bec0b83f68962c741d08c0215,left,ok,0.228661,274,322,0.336563,docs/tmp/final-source-verification-2026-05-09/current_residual_bbox_rerender/door/e121491bec0b83f68962c741d08c0215/left.png
door,e121491bec0b83f68962c741d08c0215,back,ok,0.228214,512,132,0.257812,docs/tmp/final-source-verification-2026-05-09/current_residual_bbox_rerender/door/e121491bec0b83f68962c741d08c0215/back.png
door,e121491bec0b83f68962c741d08c0215,right,ok,0.249813,274,322,0.336563,docs/tmp/final-source-verification-2026-05-09/current_residual_bbox_rerender/door/e121491bec0b83f68962c741d08c0215/right.png
door,e23c3e854c78ceafc91d27a396daa121,front,ok,0.303108,492,204,0.382874,docs/tmp/final-source-verification-2026-05-09/current_residual_bbox_rerender/door/e23c3e854c78ceafc91d27a396daa121/front.png
door,e23c3e854c78ceafc91d27a396daa121,left,ok,0.325943,436,252,0.419128,docs/tmp/final-source-verification-2026-05-09/current_residual_bbox_rerender/door/e23c3e854c78ceafc91d27a396daa121/left.png
door,e23c3e854c78ceafc91d27a396daa121,back,ok,0.310722,492,204,0.382874,docs/tmp/final-source-verification-2026-05-09/current_residual_bbox_rerender/door/e23c3e854c78ceafc91d27a396daa121/back.png
door,e23c3e854c78ceafc91d27a396daa121,right,ok,0.320461,436,252,0.419128,docs/tmp/final-source-verification-2026-05-09/current_residual_bbox_rerender/door/e23c3e854c78ceafc91d27a396daa121/right.png
door,e26a77ccda7c88159059fae4023e4da8,front,ok,0.144703,512,141,0.275391,docs/tmp/final-source-verification-2026-05-09/current_residual_bbox_rerender/door/e26a77ccda7c88159059fae4023e4da8/front.png
door,e26a77ccda7c88159059fae4023e4da8,left,ok,0.112843,315,304,0.365295,docs/tmp/final-source-verification-2026-05-09/current_residual_bbox_rerender/door/e26a77ccda7c88159059fae4023e4da8/left.png
door,e26a77ccda7c88159059fae4023e4da8,back,ok,0.145428,512,141,0.275391,docs/tmp/final-source-verification-2026-05-09/current_residual_bbox_rerender/door/e26a77ccda7c88159059fae4023e4da8/back.png
door,e26a77ccda7c88159059fae4023e4da8,right,ok,0.132507,315,304,0.365295,docs/tmp/final-source-verification-2026-05-09/current_residual_bbox_rerender/door/e26a77ccda7c88159059fae4023e4da8/right.png
door,e38c06df07622811c186160023082843,front,ok,0.072151,207,105,0.082912,docs/tmp/final-source-verification-2026-05-09/current_residual_bbox_rerender/door/e38c06df07622811c186160023082843/front.png
door,e38c06df07622811c186160023082843,left,ok,0.074371,151,153,0.088131,docs/tmp/final-source-verification-2026-05-09/current_residual_bbox_rerender/door/e38c06df07622811c186160023082843/left.png
door,e38c06df07622811c186160023082843,back,blank,0.000000,0,0,0.000000,docs/tmp/final-source-verification-2026-05-09/current_residual_bbox_rerender/door/e38c06df07622811c186160023082843/back.png
door,e38c06df07622811c186160023082843,right,ok,0.053520,110,167,0.070076,docs/tmp/final-source-verification-2026-05-09/current_residual_bbox_rerender/door/e38c06df07622811c186160023082843/right.png
door,e395f15c671937384e8e7da04fe95d9d,front,blank,0.000000,0,0,0.000000,docs/tmp/final-source-verification-2026-05-09/current_residual_bbox_rerender/door/e395f15c671937384e8e7da04fe95d9d/front.png
door,e395f15c671937384e8e7da04fe95d9d,left,ok,0.060955,116,319,0.141159,docs/tmp/final-source-verification-2026-05-09/current_residual_bbox_rerender/door/e395f15c671937384e8e7da04fe95d9d/left.png
door,e395f15c671937384e8e7da04fe95d9d,back,ok,0.048500,205,189,0.147800,docs/tmp/final-source-verification-2026-05-09/current_residual_bbox_rerender/door/e395f15c671937384e8e7da04fe95d9d/back.png
door,e395f15c671937384e8e7da04fe95d9d,right,ok,0.024754,65,228,0.056534,docs/tmp/final-source-verification-2026-05-09/current_residual_bbox_rerender/door/e395f15c671937384e8e7da04fe95d9d/right.png
door,e806b44dc58760f97b59f5414d8e9bd4,front,ok,0.100163,418,262,0.417770,docs/tmp/final-source-verification-2026-05-09/current_residual_bbox_rerender/door/e806b44dc58760f97b59f5414d8e9bd4/front.png
door,e806b44dc58760f97b59f5414d8e9bd4,left,ok,0.069859,500,193,0.368118,docs/tmp/final-source-verification-2026-05-09/current_residual_bbox_rerender/door/e806b44dc58760f97b59f5414d8e9bd4/left.png
door,e806b44dc58760f97b59f5414d8e9bd4,back,ok,0.100182,418,262,0.417770,docs/tmp/final-source-verification-2026-05-09/current_residual_bbox_rerender/door/e806b44dc58760f97b59f5414d8e9bd4/back.png
door,e806b44dc58760f97b59f5414d8e9bd4,right,ok,0.100357,500,193,0.368118,docs/tmp/final-source-verification-2026-05-09/current_residual_bbox_rerender/door/e806b44dc58760f97b59f5414d8e9bd4/right.png
door,e90f1f1ba5b57514a04869d692d703df,front,ok,0.341217,458,237,0.414070,docs/tmp/final-source-verification-2026-05-09/current_residual_bbox_rerender/door/e90f1f1ba5b57514a04869d692d703df/front.png
door,e90f1f1ba5b57514a04869d692d703df,left,ok,0.055851,45,442,0.075874,docs/tmp/final-source-verification-2026-05-09/current_residual_bbox_rerender/door/e90f1f1ba5b57514a04869d692d703df/left.png
door,e90f1f1ba5b57514a04869d692d703df,back,ok,0.355179,458,237,0.414070,docs/tmp/final-source-verification-2026-05-09/current_residual_bbox_rerender/door/e90f1f1ba5b57514a04869d692d703df/back.png
door,e90f1f1ba5b57514a04869d692d703df,right,ok,0.049446,44,442,0.074188,docs/tmp/final-source-verification-2026-05-09/current_residual_bbox_rerender/door/e90f1f1ba5b57514a04869d692d703df/right.png
door,e9c38467eb4dc1d8f3f9610038379071,front,ok,0.221409,512,131,0.255859,docs/tmp/final-source-verification-2026-05-09/current_residual_bbox_rerender/door/e9c38467eb4dc1d8f3f9610038379071/front.png
door,e9c38467eb4dc1d8f3f9610038379071,left,ok,0.253174,296,308,0.347778,docs/tmp/final-source-verification-2026-05-09/current_residual_bbox_rerender/door/e9c38467eb4dc1d8f3f9610038379071/left.png
door,e9c38467eb4dc1d8f3f9610038379071,back,ok,0.221592,512,131,0.255859,docs/tmp/final-source-verification-2026-05-09/current_residual_bbox_rerender/door/e9c38467eb4dc1d8f3f9610038379071/back.png
door,e9c38467eb4dc1d8f3f9610038379071,right,ok,0.251057,296,308,0.347778,docs/tmp/final-source-verification-2026-05-09/current_residual_bbox_rerender/door/e9c38467eb4dc1d8f3f9610038379071/right.png
door,ea8de76d8ae020bdb02e99a3a780b1dd,front,ok,0.136269,494,187,0.352394,docs/tmp/final-source-verification-2026-05-09/current_residual_bbox_rerender/door/ea8de76d8ae020bdb02e99a3a780b1dd/front.png
door,ea8de76d8ae020bdb02e99a3a780b1dd,left,ok,0.108803,92,415,0.145645,docs/tmp/final-source-verification-2026-05-09/current_residual_bbox_rerender/door/ea8de76d8ae020bdb02e99a3a780b1dd/left.png
door,ea8de76d8ae020bdb02e99a3a780b1dd,back,ok,0.143085,494,187,0.352394,docs/tmp/final-source-verification-2026-05-09/current_residual_bbox_rerender/door/ea8de76d8ae020bdb02e99a3a780b1dd/back.png
door,ea8de76d8ae020bdb02e99a3a780b1dd,right,ok,0.099026,90,415,0.142479,docs/tmp/final-source-verification-2026-05-09/current_residual_bbox_rerender/door/ea8de76d8ae020bdb02e99a3a780b1dd/right.png
door,ed0f8a9790cc735e26c54a7248a940ca,front,ok,0.296593,501,173,0.330631,docs/tmp/final-source-verification-2026-05-09/current_residual_bbox_rerender/door/ed0f8a9790cc735e26c54a7248a940ca/front.png
door,ed0f8a9790cc735e26c54a7248a940ca,left,ok,0.105587,94,408,0.146301,docs/tmp/final-source-verification-2026-05-09/current_residual_bbox_rerender/door/ed0f8a9790cc735e26c54a7248a940ca/left.png
door,ed0f8a9790cc735e26c54a7248a940ca,back,ok,0.287178,490,171,0.319633,docs/tmp/final-source-verification-2026-05-09/current_residual_bbox_rerender/door/ed0f8a9790cc735e26c54a7248a940ca/back.png
door,ed0f8a9790cc735e26c54a7248a940ca,right,ok,0.103699,92,408,0.143188,docs/tmp/final-source-verification-2026-05-09/current_residual_bbox_rerender/door/ed0f8a9790cc735e26c54a7248a940ca/right.png
door,efea5da75262b0b4fecc3f02fe942d19,front,ok,0.259968,512,151,0.294922,docs/tmp/final-source-verification-2026-05-09/current_residual_bbox_rerender/door/efea5da75262b0b4fecc3f02fe942d19/front.png
door,efea5da75262b0b4fecc3f02fe942d19,left,ok,0.283913,322,312,0.383240,docs/tmp/final-source-verification-2026-05-09/current_residual_bbox_rerender/door/efea5da75262b0b4fecc3f02fe942d19/left.png
door,efea5da75262b0b4fecc3f02fe942d19,back,ok,0.259975,512,151,0.294922,docs/tmp/final-source-verification-2026-05-09/current_residual_bbox_rerender/door/efea5da75262b0b4fecc3f02fe942d19/back.png
door,efea5da75262b0b4fecc3f02fe942d19,right,ok,0.284420,322,312,0.383240,docs/tmp/final-source-verification-2026-05-09/current_residual_bbox_rerender/door/efea5da75262b0b4fecc3f02fe942d19/right.png
door,f121b1d92c7f7f8c9d8e4887248309ed,front,ok,0.158684,478,238,0.433975,docs/tmp/final-source-verification-2026-05-09/current_residual_bbox_rerender/door/f121b1d92c7f7f8c9d8e4887248309ed/front.png
door,f121b1d92c7f7f8c9d8e4887248309ed,left,ok,0.122295,102,436,0.169647,docs/tmp/final-source-verification-2026-05-09/current_residual_bbox_rerender/door/f121b1d92c7f7f8c9d8e4887248309ed/left.png
door,f121b1d92c7f7f8c9d8e4887248309ed,back,ok,0.158661,478,238,0.433975,docs/tmp/final-source-verification-2026-05-09/current_residual_bbox_rerender/door/f121b1d92c7f7f8c9d8e4887248309ed/back.png
door,f121b1d92c7f7f8c9d8e4887248309ed,right,ok,0.126904,102,436,0.169647,docs/tmp/final-source-verification-2026-05-09/current_residual_bbox_rerender/door/f121b1d92c7f7f8c9d8e4887248309ed/right.png
door,f19b6d19e28b903e4653a546ab10ce5c,front,ok,0.118732,437,252,0.420090,docs/tmp/final-source-verification-2026-05-09/current_residual_bbox_rerender/door/f19b6d19e28b903e4653a546ab10ce5c/front.png
door,f19b6d19e28b903e4653a546ab10ce5c,left,ok,0.115475,492,205,0.384750,docs/tmp/final-source-verification-2026-05-09/current_residual_bbox_rerender/door/f19b6d19e28b903e4653a546ab10ce5c/left.png
door,f19b6d19e28b903e4653a546ab10ce5c,back,ok,0.118763,437,252,0.420090,docs/tmp/final-source-verification-2026-05-09/current_residual_bbox_rerender/door/f19b6d19e28b903e4653a546ab10ce5c/back.png
door,f19b6d19e28b903e4653a546ab10ce5c,right,ok,0.125580,492,204,0.382874,docs/tmp/final-source-verification-2026-05-09/current_residual_bbox_rerender/door/f19b6d19e28b903e4653a546ab10ce5c/right.png
door,f2c0a59a214519ea5b503db2bbc6e3ff,front,ok,0.176674,468,238,0.424896,docs/tmp/final-source-verification-2026-05-09/current_residual_bbox_rerender/door/f2c0a59a214519ea5b503db2bbc6e3ff/front.png
door,f2c0a59a214519ea5b503db2bbc6e3ff,left,ok,0.160931,474,232,0.419495,docs/tmp/final-source-verification-2026-05-09/current_residual_bbox_rerender/door/f2c0a59a214519ea5b503db2bbc6e3ff/left.png
door,f2c0a59a214519ea5b503db2bbc6e3ff,back,ok,0.203533,467,238,0.423988,docs/tmp/final-source-verification-2026-05-09/current_residual_bbox_rerender/door/f2c0a59a214519ea5b503db2bbc6e3ff/back.png
door,f2c0a59a214519ea5b503db2bbc6e3ff,right,ok,0.166126,474,231,0.417686,docs/tmp/final-source-verification-2026-05-09/current_residual_bbox_rerender/door/f2c0a59a214519ea5b503db2bbc6e3ff/right.png
door,f44c8a887a0ac753af77fb4b6302c6c2,front,ok,0.361504,350,339,0.452614,docs/tmp/final-source-verification-2026-05-09/current_residual_bbox_rerender/door/f44c8a887a0ac753af77fb4b6302c6c2/front.png
door,f44c8a887a0ac753af77fb4b6302c6c2,left,ok,0.054935,40,460,0.070190,docs/tmp/final-source-verification-2026-05-09/current_residual_bbox_rerender/door/f44c8a887a0ac753af77fb4b6302c6c2/left.png
door,f44c8a887a0ac753af77fb4b6302c6c2,back,ok,0.338421,350,339,0.452614,docs/tmp/final-source-verification-2026-05-09/current_residual_bbox_rerender/door/f44c8a887a0ac753af77fb4b6302c6c2/back.png
door,f44c8a887a0ac753af77fb4b6302c6c2,right,ok,0.054893,40,460,0.070190,docs/tmp/final-source-verification-2026-05-09/current_residual_bbox_rerender/door/f44c8a887a0ac753af77fb4b6302c6c2/right.png
door,f74d2763c278e90fdc80943313f2baef,front,ok,0.297531,508,192,0.372070,docs/tmp/final-source-verification-2026-05-09/current_residual_bbox_rerender/door/f74d2763c278e90fdc80943313f2baef/front.png
door,f74d2763c278e90fdc80943313f2baef,left,ok,0.330288,404,281,0.433060,docs/tmp/final-source-verification-2026-05-09/current_residual_bbox_rerender/door/f74d2763c278e90fdc80943313f2baef/left.png
door,f74d2763c278e90fdc80943313f2baef,back,ok,0.310768,508,192,0.372070,docs/tmp/final-source-verification-2026-05-09/current_residual_bbox_rerender/door/f74d2763c278e90fdc80943313f2baef/back.png
door,f74d2763c278e90fdc80943313f2baef,right,ok,0.325024,404,280,0.431519,docs/tmp/final-source-verification-2026-05-09/current_residual_bbox_rerender/door/f74d2763c278e90fdc80943313f2baef/right.png
door,f801fd8210b6526fe4de8b6a58dc6a91,front,ok,0.155140,512,135,0.263672,docs/tmp/final-source-verification-2026-05-09/current_residual_bbox_rerender/door/f801fd8210b6526fe4de8b6a58dc6a91/front.png
door,f801fd8210b6526fe4de8b6a58dc6a91,left,ok,0.103333,288,317,0.348267,docs/tmp/final-source-verification-2026-05-09/current_residual_bbox_rerender/door/f801fd8210b6526fe4de8b6a58dc6a91/left.png
door,f801fd8210b6526fe4de8b6a58dc6a91,back,ok,0.155163,512,135,0.263672,docs/tmp/final-source-verification-2026-05-09/current_residual_bbox_rerender/door/f801fd8210b6526fe4de8b6a58dc6a91/back.png
door,f801fd8210b6526fe4de8b6a58dc6a91,right,ok,0.112614,288,317,0.348267,docs/tmp/final-source-verification-2026-05-09/current_residual_bbox_rerender/door/f801fd8210b6526fe4de8b6a58dc6a91/right.png
door,f8ba0976e3387c7e8332ce461e44b50e,front,ok,0.321404,469,215,0.384655,docs/tmp/final-source-verification-2026-05-09/current_residual_bbox_rerender/door/f8ba0976e3387c7e8332ce461e44b50e/front.png
door,f8ba0976e3387c7e8332ce461e44b50e,left,ok,0.052414,43,433,0.071026,docs/tmp/final-source-verification-2026-05-09/current_residual_bbox_rerender/door/f8ba0976e3387c7e8332ce461e44b50e/left.png
door,f8ba0976e3387c7e8332ce461e44b50e,back,ok,0.334385,468,215,0.383835,docs/tmp/final-source-verification-2026-05-09/current_residual_bbox_rerender/door/f8ba0976e3387c7e8332ce461e44b50e/back.png
door,f8ba0976e3387c7e8332ce461e44b50e,right,ok,0.046886,42,433,0.069374,docs/tmp/final-source-verification-2026-05-09/current_residual_bbox_rerender/door/f8ba0976e3387c7e8332ce461e44b50e/right.png
door,fa08a6644d80eeb0f65bc13cd12310ba,front,ok,0.229263,512,134,0.261719,docs/tmp/final-source-verification-2026-05-09/current_residual_bbox_rerender/door/fa08a6644d80eeb0f65bc13cd12310ba/front.png
door,fa08a6644d80eeb0f65bc13cd12310ba,left,ok,0.259544,308,302,0.354828,docs/tmp/final-source-verification-2026-05-09/current_residual_bbox_rerender/door/fa08a6644d80eeb0f65bc13cd12310ba/left.png
door,fa08a6644d80eeb0f65bc13cd12310ba,back,ok,0.229309,512,134,0.261719,docs/tmp/final-source-verification-2026-05-09/current_residual_bbox_rerender/door/fa08a6644d80eeb0f65bc13cd12310ba/back.png
door,fa08a6644d80eeb0f65bc13cd12310ba,right,ok,0.262688,308,302,0.354828,docs/tmp/final-source-verification-2026-05-09/current_residual_bbox_rerender/door/fa08a6644d80eeb0f65bc13cd12310ba/right.png
door,fa9aff7979cc1504395544b645b80f05,front,ok,0.341347,472,219,0.394318,docs/tmp/final-source-verification-2026-05-09/current_residual_bbox_rerender/door/fa9aff7979cc1504395544b645b80f05/front.png
door,fa9aff7979cc1504395544b645b80f05,left,ok,0.067749,54,433,0.089195,docs/tmp/final-source-verification-2026-05-09/current_residual_bbox_rerender/door/fa9aff7979cc1504395544b645b80f05/left.png
door,fa9aff7979cc1504395544b645b80f05,back,ok,0.341480,472,219,0.394318,docs/tmp/final-source-verification-2026-05-09/current_residual_bbox_rerender/door/fa9aff7979cc1504395544b645b80f05/back.png
door,fa9aff7979cc1504395544b645b80f05,right,ok,0.068253,54,433,0.089195,docs/tmp/final-source-verification-2026-05-09/current_residual_bbox_rerender/door/fa9aff7979cc1504395544b645b80f05/right.png
door,fae0fbacfc3a40eaa06b5b4fc85b17e8,front,ok,0.128029,461,232,0.407990,docs/tmp/final-source-verification-2026-05-09/current_residual_bbox_rerender/door/fae0fbacfc3a40eaa06b5b4fc85b17e8/front.png
door,fae0fbacfc3a40eaa06b5b4fc85b17e8,left,ok,0.056141,45,440,0.075531,docs/tmp/final-source-verification-2026-05-09/current_residual_bbox_rerender/door/fae0fbacfc3a40eaa06b5b4fc85b17e8/left.png
door,fae0fbacfc3a40eaa06b5b4fc85b17e8,back,ok,0.137440,461,232,0.407990,docs/tmp/final-source-verification-2026-05-09/current_residual_bbox_rerender/door/fae0fbacfc3a40eaa06b5b4fc85b17e8/back.png
door,fae0fbacfc3a40eaa06b5b4fc85b17e8,right,ok,0.049519,44,440,0.073853,docs/tmp/final-source-verification-2026-05-09/current_residual_bbox_rerender/door/fae0fbacfc3a40eaa06b5b4fc85b17e8/right.png
door,fca2d6cabe2b3e1e8fa73a99416cdc3f,front,ok,0.235695,512,134,0.261719,docs/tmp/final-source-verification-2026-05-09/current_residual_bbox_rerender/door/fca2d6cabe2b3e1e8fa73a99416cdc3f/front.png
door,fca2d6cabe2b3e1e8fa73a99416cdc3f,left,ok,0.245785,266,329,0.333839,docs/tmp/final-source-verification-2026-05-09/current_residual_bbox_rerender/door/fca2d6cabe2b3e1e8fa73a99416cdc3f/left.png
door,fca2d6cabe2b3e1e8fa73a99416cdc3f,back,ok,0.235668,512,134,0.261719,docs/tmp/final-source-verification-2026-05-09/current_residual_bbox_rerender/door/fca2d6cabe2b3e1e8fa73a99416cdc3f/back.png
door,fca2d6cabe2b3e1e8fa73a99416cdc3f,right,ok,0.246204,266,329,0.333839,docs/tmp/final-source-verification-2026-05-09/current_residual_bbox_rerender/door/fca2d6cabe2b3e1e8fa73a99416cdc3f/right.png
door,ff304656bc3734b7b1d4c766bfdf7363,front,ok,0.158340,476,241,0.437607,docs/tmp/final-source-verification-2026-05-09/current_residual_bbox_rerender/door/ff304656bc3734b7b1d4c766bfdf7363/front.png
door,ff304656bc3734b7b1d4c766bfdf7363,left,ok,0.121647,102,437,0.170036,docs/tmp/final-source-verification-2026-05-09/current_residual_bbox_rerender/door/ff304656bc3734b7b1d4c766bfdf7363/left.png
door,ff304656bc3734b7b1d4c766bfdf7363,back,ok,0.158417,476,241,0.437607,docs/tmp/final-source-verification-2026-05-09/current_residual_bbox_rerender/door/ff304656bc3734b7b1d4c766bfdf7363/back.png
door,ff304656bc3734b7b1d4c766bfdf7363,right,ok,0.126564,101,437,0.168369,docs/tmp/final-source-verification-2026-05-09/current_residual_bbox_rerender/door/ff304656bc3734b7b1d4c766bfdf7363/right.png
door,ff9ae9c6631091993e013e0989b26055,front,ok,0.210529,512,159,0.310547,docs/tmp/final-source-verification-2026-05-09/current_residual_bbox_rerender/door/ff9ae9c6631091993e013e0989b26055/front.png
door,ff9ae9c6631091993e013e0989b26055,left,ok,0.154331,320,321,0.391846,docs/tmp/final-source-verification-2026-05-09/current_residual_bbox_rerender/door/ff9ae9c6631091993e013e0989b26055/left.png
door,ff9ae9c6631091993e013e0989b26055,back,ok,0.211094,512,159,0.310547,docs/tmp/final-source-verification-2026-05-09/current_residual_bbox_rerender/door/ff9ae9c6631091993e013e0989b26055/back.png
door,ff9ae9c6631091993e013e0989b26055,right,ok,0.172558,320,320,0.390625,docs/tmp/final-source-verification-2026-05-09/current_residual_bbox_rerender/door/ff9ae9c6631091993e013e0989b26055/right.png
pen,5259a9e94e1c0a24de525763dc3e9c7c,front,ok,0.032990,413,186,0.293037,docs/tmp/final-source-verification-2026-05-09/current_residual_bbox_rerender/pen/5259a9e94e1c0a24de525763dc3e9c7c/front.png
pen,5259a9e94e1c0a24de525763dc3e9c7c,left,ok,0.030926,57,428,0.093063,docs/tmp/final-source-verification-2026-05-09/current_residual_bbox_rerender/pen/5259a9e94e1c0a24de525763dc3e9c7c/left.png
pen,5259a9e94e1c0a24de525763dc3e9c7c,back,ok,0.032875,397,210,0.318031,docs/tmp/final-source-verification-2026-05-09/current_residual_bbox_rerender/pen/5259a9e94e1c0a24de525763dc3e9c7c/back.png
pen,5259a9e94e1c0a24de525763dc3e9c7c,right,tiny,0.007133,63,63,0.015141,docs/tmp/final-source-verification-2026-05-09/current_residual_bbox_rerender/pen/5259a9e94e1c0a24de525763dc3e9c7c/right.png
table,76c7a7e7c945a8bfea9c257cc2011559,front,ok,0.043896,116,445,0.196915,docs/tmp/final-source-verification-2026-05-09/current_residual_bbox_rerender/table/76c7a7e7c945a8bfea9c257cc2011559/front.png
table,76c7a7e7c945a8bfea9c257cc2011559,left,ok,0.095940,379,316,0.456863,docs/tmp/final-source-verification-2026-05-09/current_residual_bbox_rerender/table/76c7a7e7c945a8bfea9c257cc2011559/left.png
table,76c7a7e7c945a8bfea9c257cc2011559,back,ok,0.088696,188,348,0.249573,docs/tmp/final-source-verification-2026-05-09/current_residual_bbox_rerender/table/76c7a7e7c945a8bfea9c257cc2011559/back.png
table,76c7a7e7c945a8bfea9c257cc2011559,right,ok,0.112644,379,316,0.456863,docs/tmp/final-source-verification-2026-05-09/current_residual_bbox_rerender/table/76c7a7e7c945a8bfea9c257cc2011559/right.png
