category,uid,class,best_fg_ratio,best_bbox_area_ratio,best_max_dim,view_classes,asset_dir,usd_path
bottle,00593cd931a79e9f71537be5d2f667d3,ok,0.214485,0.293335,465,ok;ok;ok;ok,/cpfs/user/zhuzihou/assets/dedup_workspaces/test0_transitive_apply_parallel/dataset/GRScenes_assets/bottle/00593cd931a79e9f71537be5d2f667d3,/cpfs/user/zhuzihou/assets/dedup_workspaces/test0_transitive_apply_parallel/dataset/GRScenes_assets/bottle/00593cd931a79e9f71537be5d2f667d3/usd/00593cd931a79e9f71537be5d2f667d3.usd
bottle,00a64fb677b7f0d9d61e067672356ed1,blank,0.000000,0.000000,0,blank;blank;blank;blank,/cpfs/user/zhuzihou/assets/dedup_workspaces/test0_transitive_apply_parallel/dataset/GRScenes_assets/bottle/00a64fb677b7f0d9d61e067672356ed1,/cpfs/user/zhuzihou/assets/dedup_workspaces/test0_transitive_apply_parallel/dataset/GRScenes_assets/bottle/00a64fb677b7f0d9d61e067672356ed1/usd/00a64fb677b7f0d9d61e067672356ed1.usd
bottle,00bc2d5da58690ed3e2a05afa7c9fb8f,ok,0.227909,0.325874,462,ok;ok;ok;ok,/cpfs/user/zhuzihou/assets/dedup_workspaces/test0_transitive_apply_parallel/dataset/GRScenes_assets/bottle/00bc2d5da58690ed3e2a05afa7c9fb8f,/cpfs/user/zhuzihou/assets/dedup_workspaces/test0_transitive_apply_parallel/dataset/GRScenes_assets/bottle/00bc2d5da58690ed3e2a05afa7c9fb8f/usd/00bc2d5da58690ed3e2a05afa7c9fb8f.usd
bottle,00c47f45cd33a2960d332618824d01c6,suspicious,0.015636,0.021790,84,blank;blank;blank;ok,/cpfs/user/zhuzihou/assets/dedup_workspaces/test0_transitive_apply_parallel/dataset/GRScenes_assets/bottle/00c47f45cd33a2960d332618824d01c6,/cpfs/user/zhuzihou/assets/dedup_workspaces/test0_transitive_apply_parallel/dataset/GRScenes_assets/bottle/00c47f45cd33a2960d332618824d01c6/usd/00c47f45cd33a2960d332618824d01c6.usd
bottle,00c71d08bd3bd4fdf66d7abc40b6ea22,ok,0.155846,0.236053,460,ok;ok;ok;ok,/cpfs/user/zhuzihou/assets/dedup_workspaces/test0_transitive_apply_parallel/dataset/GRScenes_assets/bottle/00c71d08bd3bd4fdf66d7abc40b6ea22,/cpfs/user/zhuzihou/assets/dedup_workspaces/test0_transitive_apply_parallel/dataset/GRScenes_assets/bottle/00c71d08bd3bd4fdf66d7abc40b6ea22/usd/00c71d08bd3bd4fdf66d7abc40b6ea22.usd
bottle,013fb794b1f4679e24f57ca687b2a23c,blank,0.000000,0.000000,0,blank;blank;blank;blank,/cpfs/user/zhuzihou/assets/dedup_workspaces/test0_transitive_apply_parallel/dataset/GRScenes_assets/bottle/013fb794b1f4679e24f57ca687b2a23c,/cpfs/user/zhuzihou/assets/dedup_workspaces/test0_transitive_apply_parallel/dataset/GRScenes_assets/bottle/013fb794b1f4679e24f57ca687b2a23c/usd/013fb794b1f4679e24f57ca687b2a23c.usd
bottle,0151b9d122f0f9ec09fbedec8f0f69e9,ok,0.972656,0.972656,512,ok;ok;ok;ok,/cpfs/user/zhuzihou/assets/dedup_workspaces/test0_transitive_apply_parallel/dataset/GRScenes_assets/bottle/0151b9d122f0f9ec09fbedec8f0f69e9,/cpfs/user/zhuzihou/assets/dedup_workspaces/test0_transitive_apply_parallel/dataset/GRScenes_assets/bottle/0151b9d122f0f9ec09fbedec8f0f69e9/usd/0151b9d122f0f9ec09fbedec8f0f69e9.usd
bottle,015d853da4361e2421401262b668ba5f,ok,0.389561,0.425781,512,ok;ok;ok;ok,/cpfs/user/zhuzihou/assets/dedup_workspaces/test0_transitive_apply_parallel/dataset/GRScenes_assets/bottle/015d853da4361e2421401262b668ba5f,/cpfs/user/zhuzihou/assets/dedup_workspaces/test0_transitive_apply_parallel/dataset/GRScenes_assets/bottle/015d853da4361e2421401262b668ba5f/usd/015d853da4361e2421401262b668ba5f.usd
bottle,0177d045454baecd84e25257f9642cc8,blank,0.000000,0.000000,0,blank;blank;blank;blank,/cpfs/user/zhuzihou/assets/dedup_workspaces/test0_transitive_apply_parallel/dataset/GRScenes_assets/bottle/0177d045454baecd84e25257f9642cc8,/cpfs/user/zhuzihou/assets/dedup_workspaces/test0_transitive_apply_parallel/dataset/GRScenes_assets/bottle/0177d045454baecd84e25257f9642cc8/usd/0177d045454baecd84e25257f9642cc8.usd
bottle,019adc7dd73fdd009f4e3ab6804651b1,blank,0.000000,0.000000,0,blank;blank;blank;blank,/cpfs/user/zhuzihou/assets/dedup_workspaces/test0_transitive_apply_parallel/dataset/GRScenes_assets/bottle/019adc7dd73fdd009f4e3ab6804651b1,/cpfs/user/zhuzihou/assets/dedup_workspaces/test0_transitive_apply_parallel/dataset/GRScenes_assets/bottle/019adc7dd73fdd009f4e3ab6804651b1/usd/019adc7dd73fdd009f4e3ab6804651b1.usd
bottle,01d1b94ffd9c81ce23d9ebdf423a6f03,blank,0.000000,0.000000,0,blank;blank;blank;blank,/cpfs/user/zhuzihou/assets/dedup_workspaces/test0_transitive_apply_parallel/dataset/GRScenes_assets/bottle/01d1b94ffd9c81ce23d9ebdf423a6f03,/cpfs/user/zhuzihou/assets/dedup_workspaces/test0_transitive_apply_parallel/dataset/GRScenes_assets/bottle/01d1b94ffd9c81ce23d9ebdf423a6f03/usd/01d1b94ffd9c81ce23d9ebdf423a6f03.usd
bottle,01f27c1a96d01cb2529616358da2c7b8,blank,0.000000,0.000000,0,blank;blank;blank;blank,/cpfs/user/zhuzihou/assets/dedup_workspaces/test0_transitive_apply_parallel/dataset/GRScenes_assets/bottle/01f27c1a96d01cb2529616358da2c7b8,/cpfs/user/zhuzihou/assets/dedup_workspaces/test0_transitive_apply_parallel/dataset/GRScenes_assets/bottle/01f27c1a96d01cb2529616358da2c7b8/usd/01f27c1a96d01cb2529616358da2c7b8.usd
bottle,0204da1ed2492186f295431202072241,ok,0.557388,0.695312,512,ok;ok;ok;ok,/cpfs/user/zhuzihou/assets/dedup_workspaces/test0_transitive_apply_parallel/dataset/GRScenes_assets/bottle/0204da1ed2492186f295431202072241,/cpfs/user/zhuzihou/assets/dedup_workspaces/test0_transitive_apply_parallel/dataset/GRScenes_assets/bottle/0204da1ed2492186f295431202072241/usd/0204da1ed2492186f295431202072241.usd
bottle,0209ccaed35203f51af7df64971c6eaa,suspicious,0.002022,0.002884,28,blank;tiny;blank;blank,/cpfs/user/zhuzihou/assets/dedup_workspaces/test0_transitive_apply_parallel/dataset/GRScenes_assets/bottle/0209ccaed35203f51af7df64971c6eaa,/cpfs/user/zhuzihou/assets/dedup_workspaces/test0_transitive_apply_parallel/dataset/GRScenes_assets/bottle/0209ccaed35203f51af7df64971c6eaa/usd/0209ccaed35203f51af7df64971c6eaa.usd
bottle,021f1b977b02cddfa99b3934bbe0092a,ok,0.189816,0.240967,459,ok;ok;ok;ok,/cpfs/user/zhuzihou/assets/dedup_workspaces/test0_transitive_apply_parallel/dataset/GRScenes_assets/bottle/021f1b977b02cddfa99b3934bbe0092a,/cpfs/user/zhuzihou/assets/dedup_workspaces/test0_transitive_apply_parallel/dataset/GRScenes_assets/bottle/021f1b977b02cddfa99b3934bbe0092a/usd/021f1b977b02cddfa99b3934bbe0092a.usd
bottle,029c39efa0d8e6e396ad4cca56d92ccd,ok,0.203564,0.291824,462,ok;ok;ok;ok,/cpfs/user/zhuzihou/assets/dedup_workspaces/test0_transitive_apply_parallel/dataset/GRScenes_assets/bottle/029c39efa0d8e6e396ad4cca56d92ccd,/cpfs/user/zhuzihou/assets/dedup_workspaces/test0_transitive_apply_parallel/dataset/GRScenes_assets/bottle/029c39efa0d8e6e396ad4cca56d92ccd/usd/029c39efa0d8e6e396ad4cca56d92ccd.usd
bottle,02e6428ed683be4316c08fada1201c47,ok,0.063885,0.076859,295,ok;ok;ok;ok,/cpfs/user/zhuzihou/assets/dedup_workspaces/test0_transitive_apply_parallel/dataset/GRScenes_assets/bottle/02e6428ed683be4316c08fada1201c47,/cpfs/user/zhuzihou/assets/dedup_workspaces/test0_transitive_apply_parallel/dataset/GRScenes_assets/bottle/02e6428ed683be4316c08fada1201c47/usd/02e6428ed683be4316c08fada1201c47.usd
bottle,02f0980a9d72f1f58f4ccbb5fca7b24b,suspicious,0.025463,0.034657,115,ok;ok;blank;blank,/cpfs/user/zhuzihou/assets/dedup_workspaces/test0_transitive_apply_parallel/dataset/GRScenes_assets/bottle/02f0980a9d72f1f58f4ccbb5fca7b24b,/cpfs/user/zhuzihou/assets/dedup_workspaces/test0_transitive_apply_parallel/dataset/GRScenes_assets/bottle/02f0980a9d72f1f58f4ccbb5fca7b24b/usd/02f0980a9d72f1f58f4ccbb5fca7b24b.usd
bottle,03043a8cf7e5ef575be50a42b8521b7c,blank,0.000000,0.000000,0,blank;blank;blank;blank,/cpfs/user/zhuzihou/assets/dedup_workspaces/test0_transitive_apply_parallel/dataset/GRScenes_assets/bottle/03043a8cf7e5ef575be50a42b8521b7c,/cpfs/user/zhuzihou/assets/dedup_workspaces/test0_transitive_apply_parallel/dataset/GRScenes_assets/bottle/03043a8cf7e5ef575be50a42b8521b7c/usd/03043a8cf7e5ef575be50a42b8521b7c.usd
bottle,0309dcb2f1cff82e56b5928b8258b489,ok,0.309887,0.310547,512,ok;ok;ok;ok,/cpfs/user/zhuzihou/assets/dedup_workspaces/test0_transitive_apply_parallel/dataset/GRScenes_assets/bottle/0309dcb2f1cff82e56b5928b8258b489,/cpfs/user/zhuzihou/assets/dedup_workspaces/test0_transitive_apply_parallel/dataset/GRScenes_assets/bottle/0309dcb2f1cff82e56b5928b8258b489/usd/0309dcb2f1cff82e56b5928b8258b489.usd
bottle,0339a33c619fc45c0c171d9ac885e963,blank,0.000000,0.000000,0,blank;blank;blank;blank,/cpfs/user/zhuzihou/assets/dedup_workspaces/test0_transitive_apply_parallel/dataset/GRScenes_assets/bottle/0339a33c619fc45c0c171d9ac885e963,/cpfs/user/zhuzihou/assets/dedup_workspaces/test0_transitive_apply_parallel/dataset/GRScenes_assets/bottle/0339a33c619fc45c0c171d9ac885e963/usd/0339a33c619fc45c0c171d9ac885e963.usd
bottle,0341504615d325859cc11d0ef706c48f,suspicious,0.022568,0.024757,110,blank;blank;ok;blank,/cpfs/user/zhuzihou/assets/dedup_workspaces/test0_transitive_apply_parallel/dataset/GRScenes_assets/bottle/0341504615d325859cc11d0ef706c48f,/cpfs/user/zhuzihou/assets/dedup_workspaces/test0_transitive_apply_parallel/dataset/GRScenes_assets/bottle/0341504615d325859cc11d0ef706c48f/usd/0341504615d325859cc11d0ef706c48f.usd
bottle,0356ec2c0ef1e9c927ffee0c63e2afeb,suspicious,0.017105,0.017918,77,blank;blank;tiny;blank,/cpfs/user/zhuzihou/assets/dedup_workspaces/test0_transitive_apply_parallel/dataset/GRScenes_assets/bottle/0356ec2c0ef1e9c927ffee0c63e2afeb,/cpfs/user/zhuzihou/assets/dedup_workspaces/test0_transitive_apply_parallel/dataset/GRScenes_assets/bottle/0356ec2c0ef1e9c927ffee0c63e2afeb/usd/0356ec2c0ef1e9c927ffee0c63e2afeb.usd
bottle,037516885a561ef351ba52791ae2a8f5,blank,0.000000,0.000000,0,blank;blank;blank;blank,/cpfs/user/zhuzihou/assets/dedup_workspaces/test0_transitive_apply_parallel/dataset/GRScenes_assets/bottle/037516885a561ef351ba52791ae2a8f5,/cpfs/user/zhuzihou/assets/dedup_workspaces/test0_transitive_apply_parallel/dataset/GRScenes_assets/bottle/037516885a561ef351ba52791ae2a8f5/usd/037516885a561ef351ba52791ae2a8f5.usd
bottle,037dac1784b9b49466b937b09bbb0f88,suspicious,0.033302,0.063950,132,ok;blank;blank;ok,/cpfs/user/zhuzihou/assets/dedup_workspaces/test0_transitive_apply_parallel/dataset/GRScenes_assets/bottle/037dac1784b9b49466b937b09bbb0f88,/cpfs/user/zhuzihou/assets/dedup_workspaces/test0_transitive_apply_parallel/dataset/GRScenes_assets/bottle/037dac1784b9b49466b937b09bbb0f88/usd/037dac1784b9b49466b937b09bbb0f88.usd
bottle,0399e554abed47c4d2ebfdaefe4e8c9d,ok,0.152779,0.216461,468,ok;ok;ok;ok,/cpfs/user/zhuzihou/assets/dedup_workspaces/test0_transitive_apply_parallel/dataset/GRScenes_assets/bottle/0399e554abed47c4d2ebfdaefe4e8c9d,/cpfs/user/zhuzihou/assets/dedup_workspaces/test0_transitive_apply_parallel/dataset/GRScenes_assets/bottle/0399e554abed47c4d2ebfdaefe4e8c9d/usd/0399e554abed47c4d2ebfdaefe4e8c9d.usd
bottle,03b79735c14a4f0cbfa26b9b4fcabd14,blank,0.000000,0.000000,0,blank;blank;blank;blank,/cpfs/user/zhuzihou/assets/dedup_workspaces/test0_transitive_apply_parallel/dataset/GRScenes_assets/bottle/03b79735c14a4f0cbfa26b9b4fcabd14,/cpfs/user/zhuzihou/assets/dedup_workspaces/test0_transitive_apply_parallel/dataset/GRScenes_assets/bottle/03b79735c14a4f0cbfa26b9b4fcabd14/usd/03b79735c14a4f0cbfa26b9b4fcabd14.usd
bottle,04194c8895e27440af7cfb84ed0110aa,suspicious,0.007286,0.009956,87,blank;blank;tiny;blank,/cpfs/user/zhuzihou/assets/dedup_workspaces/test0_transitive_apply_parallel/dataset/GRScenes_assets/bottle/04194c8895e27440af7cfb84ed0110aa,/cpfs/user/zhuzihou/assets/dedup_workspaces/test0_transitive_apply_parallel/dataset/GRScenes_assets/bottle/04194c8895e27440af7cfb84ed0110aa/usd/04194c8895e27440af7cfb84ed0110aa.usd
bottle,04228d8b23a2765bd5537cb2fdf6d090,ok,0.330727,0.424393,479,ok;ok;ok;ok,/cpfs/user/zhuzihou/assets/dedup_workspaces/test0_transitive_apply_parallel/dataset/GRScenes_assets/bottle/04228d8b23a2765bd5537cb2fdf6d090,/cpfs/user/zhuzihou/assets/dedup_workspaces/test0_transitive_apply_parallel/dataset/GRScenes_assets/bottle/04228d8b23a2765bd5537cb2fdf6d090/usd/04228d8b23a2765bd5537cb2fdf6d090.usd
bottle,0428a15b820395f7bba31fcc434aec3a,ok,0.072239,0.087776,457,ok;ok;ok;ok,/cpfs/user/zhuzihou/assets/dedup_workspaces/test0_transitive_apply_parallel/dataset/GRScenes_assets/bottle/0428a15b820395f7bba31fcc434aec3a,/cpfs/user/zhuzihou/assets/dedup_workspaces/test0_transitive_apply_parallel/dataset/GRScenes_assets/bottle/0428a15b820395f7bba31fcc434aec3a/usd/0428a15b820395f7bba31fcc434aec3a.usd
bottle,04304efee0b4c6d92955b112f9325ad5,suspicious,0.032413,0.074928,185,ok;blank;blank;ok,/cpfs/user/zhuzihou/assets/dedup_workspaces/test0_transitive_apply_parallel/dataset/GRScenes_assets/bottle/04304efee0b4c6d92955b112f9325ad5,/cpfs/user/zhuzihou/assets/dedup_workspaces/test0_transitive_apply_parallel/dataset/GRScenes_assets/bottle/04304efee0b4c6d92955b112f9325ad5/usd/04304efee0b4c6d92955b112f9325ad5.usd
bottle,044936ea23a3131330f7735cc46e0c45,ok,0.300716,0.388813,512,ok;ok;ok;ok,/cpfs/user/zhuzihou/assets/dedup_workspaces/test0_transitive_apply_parallel/dataset/GRScenes_assets/bottle/044936ea23a3131330f7735cc46e0c45,/cpfs/user/zhuzihou/assets/dedup_workspaces/test0_transitive_apply_parallel/dataset/GRScenes_assets/bottle/044936ea23a3131330f7735cc46e0c45/usd/044936ea23a3131330f7735cc46e0c45.usd
bottle,0462e9b454b32ce7036005d6f9f3201e,suspicious,0.029701,0.036598,123,blank;ok;blank;blank,/cpfs/user/zhuzihou/assets/dedup_workspaces/test0_transitive_apply_parallel/dataset/GRScenes_assets/bottle/0462e9b454b32ce7036005d6f9f3201e,/cpfs/user/zhuzihou/assets/dedup_workspaces/test0_transitive_apply_parallel/dataset/GRScenes_assets/bottle/0462e9b454b32ce7036005d6f9f3201e/usd/0462e9b454b32ce7036005d6f9f3201e.usd
bottle,049389133caf6d1a3bdcd6467389871c,ok,0.459118,0.523186,491,ok;ok;ok;ok,/cpfs/user/zhuzihou/assets/dedup_workspaces/test0_transitive_apply_parallel/dataset/GRScenes_assets/bottle/049389133caf6d1a3bdcd6467389871c,/cpfs/user/zhuzihou/assets/dedup_workspaces/test0_transitive_apply_parallel/dataset/GRScenes_assets/bottle/049389133caf6d1a3bdcd6467389871c/usd/049389133caf6d1a3bdcd6467389871c.usd
bottle,0498dea42b160a172c69aabf75503a8d,blank,0.000000,0.000000,0,blank;blank;blank;blank,/cpfs/user/zhuzihou/assets/dedup_workspaces/test0_transitive_apply_parallel/dataset/GRScenes_assets/bottle/0498dea42b160a172c69aabf75503a8d,/cpfs/user/zhuzihou/assets/dedup_workspaces/test0_transitive_apply_parallel/dataset/GRScenes_assets/bottle/0498dea42b160a172c69aabf75503a8d/usd/0498dea42b160a172c69aabf75503a8d.usd
bottle,049aff9a437373651b79616442f753d8,ok,0.269287,0.338261,477,ok;ok;ok;ok,/cpfs/user/zhuzihou/assets/dedup_workspaces/test0_transitive_apply_parallel/dataset/GRScenes_assets/bottle/049aff9a437373651b79616442f753d8,/cpfs/user/zhuzihou/assets/dedup_workspaces/test0_transitive_apply_parallel/dataset/GRScenes_assets/bottle/049aff9a437373651b79616442f753d8/usd/049aff9a437373651b79616442f753d8.usd
bottle,04a98b437b4441d2480ac8b9327d5b34,blank,0.000000,0.000000,0,blank;blank;blank;blank,/cpfs/user/zhuzihou/assets/dedup_workspaces/test0_transitive_apply_parallel/dataset/GRScenes_assets/bottle/04a98b437b4441d2480ac8b9327d5b34,/cpfs/user/zhuzihou/assets/dedup_workspaces/test0_transitive_apply_parallel/dataset/GRScenes_assets/bottle/04a98b437b4441d2480ac8b9327d5b34/usd/04a98b437b4441d2480ac8b9327d5b34.usd
bottle,04e73f686839e1b3cc45007dd1c38d20,suspicious,0.020287,0.028702,114,tiny;ok;blank;blank,/cpfs/user/zhuzihou/assets/dedup_workspaces/test0_transitive_apply_parallel/dataset/GRScenes_assets/bottle/04e73f686839e1b3cc45007dd1c38d20,/cpfs/user/zhuzihou/assets/dedup_workspaces/test0_transitive_apply_parallel/dataset/GRScenes_assets/bottle/04e73f686839e1b3cc45007dd1c38d20/usd/04e73f686839e1b3cc45007dd1c38d20.usd
bottle,05845c789b8d5abd2580bd8f1c86aca3,suspicious,0.033508,0.040985,136,blank;ok;tiny;blank,/cpfs/user/zhuzihou/assets/dedup_workspaces/test0_transitive_apply_parallel/dataset/GRScenes_assets/bottle/05845c789b8d5abd2580bd8f1c86aca3,/cpfs/user/zhuzihou/assets/dedup_workspaces/test0_transitive_apply_parallel/dataset/GRScenes_assets/bottle/05845c789b8d5abd2580bd8f1c86aca3/usd/05845c789b8d5abd2580bd8f1c86aca3.usd
bottle,058a7f81dfdaf957fba5eda7caa38358,blank,0.000000,0.000000,0,blank;blank;blank;blank,/cpfs/user/zhuzihou/assets/dedup_workspaces/test0_transitive_apply_parallel/dataset/GRScenes_assets/bottle/058a7f81dfdaf957fba5eda7caa38358,/cpfs/user/zhuzihou/assets/dedup_workspaces/test0_transitive_apply_parallel/dataset/GRScenes_assets/bottle/058a7f81dfdaf957fba5eda7caa38358/usd/058a7f81dfdaf957fba5eda7caa38358.usd
bottle,05b2ac9d79338e1744ac82ea0a700195,blank,0.000000,0.000000,0,blank;blank;blank;blank,/cpfs/user/zhuzihou/assets/dedup_workspaces/test0_transitive_apply_parallel/dataset/GRScenes_assets/bottle/05b2ac9d79338e1744ac82ea0a700195,/cpfs/user/zhuzihou/assets/dedup_workspaces/test0_transitive_apply_parallel/dataset/GRScenes_assets/bottle/05b2ac9d79338e1744ac82ea0a700195/usd/05b2ac9d79338e1744ac82ea0a700195.usd
bottle,05b338342eb597089839390f5ee422d1,blank,0.000000,0.000000,0,blank;blank;blank;blank,/cpfs/user/zhuzihou/assets/dedup_workspaces/test0_transitive_apply_parallel/dataset/GRScenes_assets/bottle/05b338342eb597089839390f5ee422d1,/cpfs/user/zhuzihou/assets/dedup_workspaces/test0_transitive_apply_parallel/dataset/GRScenes_assets/bottle/05b338342eb597089839390f5ee422d1/usd/05b338342eb597089839390f5ee422d1.usd
bottle,05ea4a968ee7a33e95c0c1c2cfc0566d,ok,0.244167,0.314941,440,ok;ok;ok;ok,/cpfs/user/zhuzihou/assets/dedup_workspaces/test0_transitive_apply_parallel/dataset/GRScenes_assets/bottle/05ea4a968ee7a33e95c0c1c2cfc0566d,/cpfs/user/zhuzihou/assets/dedup_workspaces/test0_transitive_apply_parallel/dataset/GRScenes_assets/bottle/05ea4a968ee7a33e95c0c1c2cfc0566d/usd/05ea4a968ee7a33e95c0c1c2cfc0566d.usd
bottle,06a8c1b150642fe7a850aabab1360407,suspicious,0.067245,0.068893,215,ok;blank;blank;blank,/cpfs/user/zhuzihou/assets/dedup_workspaces/test0_transitive_apply_parallel/dataset/GRScenes_assets/bottle/06a8c1b150642fe7a850aabab1360407,/cpfs/user/zhuzihou/assets/dedup_workspaces/test0_transitive_apply_parallel/dataset/GRScenes_assets/bottle/06a8c1b150642fe7a850aabab1360407/usd/06a8c1b150642fe7a850aabab1360407.usd
bottle,06b9e445716b524a1b4badd6bf7c0dce,ok,0.107609,0.183533,388,ok;ok;ok;ok,/cpfs/user/zhuzihou/assets/dedup_workspaces/test0_transitive_apply_parallel/dataset/GRScenes_assets/bottle/06b9e445716b524a1b4badd6bf7c0dce,/cpfs/user/zhuzihou/assets/dedup_workspaces/test0_transitive_apply_parallel/dataset/GRScenes_assets/bottle/06b9e445716b524a1b4badd6bf7c0dce/usd/06b9e445716b524a1b4badd6bf7c0dce.usd
bottle,072394c41d664826d195377b0e96a84f,blank,0.000000,0.000000,0,blank;blank;blank;blank,/cpfs/user/zhuzihou/assets/dedup_workspaces/test0_transitive_apply_parallel/dataset/GRScenes_assets/bottle/072394c41d664826d195377b0e96a84f,/cpfs/user/zhuzihou/assets/dedup_workspaces/test0_transitive_apply_parallel/dataset/GRScenes_assets/bottle/072394c41d664826d195377b0e96a84f/usd/072394c41d664826d195377b0e96a84f.usd
bottle,07249a8ffce099b71b995ad9b8e15cd1,blank,0.000000,0.000000,0,blank;blank;blank;blank,/cpfs/user/zhuzihou/assets/dedup_workspaces/test0_transitive_apply_parallel/dataset/GRScenes_assets/bottle/07249a8ffce099b71b995ad9b8e15cd1,/cpfs/user/zhuzihou/assets/dedup_workspaces/test0_transitive_apply_parallel/dataset/GRScenes_assets/bottle/07249a8ffce099b71b995ad9b8e15cd1/usd/07249a8ffce099b71b995ad9b8e15cd1.usd
bottle,072ae53e68151a7a24fa279981447539,ok,0.292179,0.368866,408,ok;ok;ok;ok,/cpfs/user/zhuzihou/assets/dedup_workspaces/test0_transitive_apply_parallel/dataset/GRScenes_assets/bottle/072ae53e68151a7a24fa279981447539,/cpfs/user/zhuzihou/assets/dedup_workspaces/test0_transitive_apply_parallel/dataset/GRScenes_assets/bottle/072ae53e68151a7a24fa279981447539/usd/072ae53e68151a7a24fa279981447539.usd
bottle,073eb262d3d51b6d9ec1169f28e7538e,blank,0.000000,0.000000,0,blank;blank;blank;blank,/cpfs/user/zhuzihou/assets/dedup_workspaces/test0_transitive_apply_parallel/dataset/GRScenes_assets/bottle/073eb262d3d51b6d9ec1169f28e7538e,/cpfs/user/zhuzihou/assets/dedup_workspaces/test0_transitive_apply_parallel/dataset/GRScenes_assets/bottle/073eb262d3d51b6d9ec1169f28e7538e/usd/073eb262d3d51b6d9ec1169f28e7538e.usd
bottle,0750fed0e04fbbdf4eb0599642ec7b0a,blank,0.000000,0.000000,0,blank;blank;blank;blank,/cpfs/user/zhuzihou/assets/dedup_workspaces/test0_transitive_apply_parallel/dataset/GRScenes_assets/bottle/0750fed0e04fbbdf4eb0599642ec7b0a,/cpfs/user/zhuzihou/assets/dedup_workspaces/test0_transitive_apply_parallel/dataset/GRScenes_assets/bottle/0750fed0e04fbbdf4eb0599642ec7b0a/usd/0750fed0e04fbbdf4eb0599642ec7b0a.usd
bottle,075b49ca011f01da81c861a5e237d953,ok,0.127094,0.171875,512,ok;ok;ok;ok,/cpfs/user/zhuzihou/assets/dedup_workspaces/test0_transitive_apply_parallel/dataset/GRScenes_assets/bottle/075b49ca011f01da81c861a5e237d953,/cpfs/user/zhuzihou/assets/dedup_workspaces/test0_transitive_apply_parallel/dataset/GRScenes_assets/bottle/075b49ca011f01da81c861a5e237d953/usd/075b49ca011f01da81c861a5e237d953.usd
bottle,0763828f5dabd43d4e3a35703b82f1c1,blank,0.000000,0.000000,0,blank;blank;blank;blank,/cpfs/user/zhuzihou/assets/dedup_workspaces/test0_transitive_apply_parallel/dataset/GRScenes_assets/bottle/0763828f5dabd43d4e3a35703b82f1c1,/cpfs/user/zhuzihou/assets/dedup_workspaces/test0_transitive_apply_parallel/dataset/GRScenes_assets/bottle/0763828f5dabd43d4e3a35703b82f1c1/usd/0763828f5dabd43d4e3a35703b82f1c1.usd
bottle,0765634cfa63da5ddb8dac0ccfe2f8ba,blank,0.000000,0.000000,0,blank;blank;blank;blank,/cpfs/user/zhuzihou/assets/dedup_workspaces/test0_transitive_apply_parallel/dataset/GRScenes_assets/bottle/0765634cfa63da5ddb8dac0ccfe2f8ba,/cpfs/user/zhuzihou/assets/dedup_workspaces/test0_transitive_apply_parallel/dataset/GRScenes_assets/bottle/0765634cfa63da5ddb8dac0ccfe2f8ba/usd/0765634cfa63da5ddb8dac0ccfe2f8ba.usd
bottle,07681841167c6200176d26d4708d354b,ok,0.167789,0.228271,461,ok;ok;ok;ok,/cpfs/user/zhuzihou/assets/dedup_workspaces/test0_transitive_apply_parallel/dataset/GRScenes_assets/bottle/07681841167c6200176d26d4708d354b,/cpfs/user/zhuzihou/assets/dedup_workspaces/test0_transitive_apply_parallel/dataset/GRScenes_assets/bottle/07681841167c6200176d26d4708d354b/usd/07681841167c6200176d26d4708d354b.usd
bottle,079c605e553dc07a40a19c7c95402aff,blank,0.000000,0.000000,0,blank;blank;blank;blank,/cpfs/user/zhuzihou/assets/dedup_workspaces/test0_transitive_apply_parallel/dataset/GRScenes_assets/bottle/079c605e553dc07a40a19c7c95402aff,/cpfs/user/zhuzihou/assets/dedup_workspaces/test0_transitive_apply_parallel/dataset/GRScenes_assets/bottle/079c605e553dc07a40a19c7c95402aff/usd/079c605e553dc07a40a19c7c95402aff.usd
bottle,08c39f48a87efb271053989885194f88,blank,0.000000,0.000000,0,blank;blank;blank;blank,/cpfs/user/zhuzihou/assets/dedup_workspaces/test0_transitive_apply_parallel/dataset/GRScenes_assets/bottle/08c39f48a87efb271053989885194f88,/cpfs/user/zhuzihou/assets/dedup_workspaces/test0_transitive_apply_parallel/dataset/GRScenes_assets/bottle/08c39f48a87efb271053989885194f88/usd/08c39f48a87efb271053989885194f88.usd
bottle,08c68762bde5ff81eb207926ee44678d,ok,0.330235,0.408203,512,ok;ok;ok;ok,/cpfs/user/zhuzihou/assets/dedup_workspaces/test0_transitive_apply_parallel/dataset/GRScenes_assets/bottle/08c68762bde5ff81eb207926ee44678d,/cpfs/user/zhuzihou/assets/dedup_workspaces/test0_transitive_apply_parallel/dataset/GRScenes_assets/bottle/08c68762bde5ff81eb207926ee44678d/usd/08c68762bde5ff81eb207926ee44678d.usd
bottle,08ea7b94c9ac25768b2ba447079bdee7,suspicious,0.031300,0.038147,200,ok;blank;blank;blank,/cpfs/user/zhuzihou/assets/dedup_workspaces/test0_transitive_apply_parallel/dataset/GRScenes_assets/bottle/08ea7b94c9ac25768b2ba447079bdee7,/cpfs/user/zhuzihou/assets/dedup_workspaces/test0_transitive_apply_parallel/dataset/GRScenes_assets/bottle/08ea7b94c9ac25768b2ba447079bdee7/usd/08ea7b94c9ac25768b2ba447079bdee7.usd
bottle,0920a9d2375b80bd5ba0bb4bb43cda64,ok,0.193127,0.258865,467,ok;ok;ok;ok,/cpfs/user/zhuzihou/assets/dedup_workspaces/test0_transitive_apply_parallel/dataset/GRScenes_assets/bottle/0920a9d2375b80bd5ba0bb4bb43cda64,/cpfs/user/zhuzihou/assets/dedup_workspaces/test0_transitive_apply_parallel/dataset/GRScenes_assets/bottle/0920a9d2375b80bd5ba0bb4bb43cda64/usd/0920a9d2375b80bd5ba0bb4bb43cda64.usd
bottle,0931e8902610d0ab967f07ae1adfc512,ok,0.283264,0.385696,323,ok;ok;ok;ok,/cpfs/user/zhuzihou/assets/dedup_workspaces/test0_transitive_apply_parallel/dataset/GRScenes_assets/bottle/0931e8902610d0ab967f07ae1adfc512,/cpfs/user/zhuzihou/assets/dedup_workspaces/test0_transitive_apply_parallel/dataset/GRScenes_assets/bottle/0931e8902610d0ab967f07ae1adfc512/usd/0931e8902610d0ab967f07ae1adfc512.usd
bottle,09cb30ab7b3a22c47ca404637255c6da,ok,0.382404,0.487061,510,ok;ok;ok;ok,/cpfs/user/zhuzihou/assets/dedup_workspaces/test0_transitive_apply_parallel/dataset/GRScenes_assets/bottle/09cb30ab7b3a22c47ca404637255c6da,/cpfs/user/zhuzihou/assets/dedup_workspaces/test0_transitive_apply_parallel/dataset/GRScenes_assets/bottle/09cb30ab7b3a22c47ca404637255c6da/usd/09cb30ab7b3a22c47ca404637255c6da.usd
bottle,09f92ed8c3ec29e040c019539ddd4453,suspicious,0.015064,0.020508,96,tiny;blank;blank;ok,/cpfs/user/zhuzihou/assets/dedup_workspaces/test0_transitive_apply_parallel/dataset/GRScenes_assets/bottle/09f92ed8c3ec29e040c019539ddd4453,/cpfs/user/zhuzihou/assets/dedup_workspaces/test0_transitive_apply_parallel/dataset/GRScenes_assets/bottle/09f92ed8c3ec29e040c019539ddd4453/usd/09f92ed8c3ec29e040c019539ddd4453.usd
bottle,0a1276eca5b792f6da5f45f67979d651,blank,0.000000,0.000000,0,blank;blank;blank;blank,/cpfs/user/zhuzihou/assets/dedup_workspaces/test0_transitive_apply_parallel/dataset/GRScenes_assets/bottle/0a1276eca5b792f6da5f45f67979d651,/cpfs/user/zhuzihou/assets/dedup_workspaces/test0_transitive_apply_parallel/dataset/GRScenes_assets/bottle/0a1276eca5b792f6da5f45f67979d651/usd/0a1276eca5b792f6da5f45f67979d651.usd
bottle,0a17f2c3bc1ff26a606cae5e450e5168,ok,0.208538,0.359436,453,ok;ok;ok;ok,/cpfs/user/zhuzihou/assets/dedup_workspaces/test0_transitive_apply_parallel/dataset/GRScenes_assets/bottle/0a17f2c3bc1ff26a606cae5e450e5168,/cpfs/user/zhuzihou/assets/dedup_workspaces/test0_transitive_apply_parallel/dataset/GRScenes_assets/bottle/0a17f2c3bc1ff26a606cae5e450e5168/usd/0a17f2c3bc1ff26a606cae5e450e5168.usd
bottle,0a60124c4691bf4e474efd3df1f953c5,blank,0.000000,0.000000,0,blank;blank;blank;blank,/cpfs/user/zhuzihou/assets/dedup_workspaces/test0_transitive_apply_parallel/dataset/GRScenes_assets/bottle/0a60124c4691bf4e474efd3df1f953c5,/cpfs/user/zhuzihou/assets/dedup_workspaces/test0_transitive_apply_parallel/dataset/GRScenes_assets/bottle/0a60124c4691bf4e474efd3df1f953c5/usd/0a60124c4691bf4e474efd3df1f953c5.usd
bottle,0a61cd9607ac624c8d8cbdc7d3d602f9,blank,0.000000,0.000000,0,blank;blank;blank;blank,/cpfs/user/zhuzihou/assets/dedup_workspaces/test0_transitive_apply_parallel/dataset/GRScenes_assets/bottle/0a61cd9607ac624c8d8cbdc7d3d602f9,/cpfs/user/zhuzihou/assets/dedup_workspaces/test0_transitive_apply_parallel/dataset/GRScenes_assets/bottle/0a61cd9607ac624c8d8cbdc7d3d602f9/usd/0a61cd9607ac624c8d8cbdc7d3d602f9.usd
bottle,0a81f2ddf09740936cfb887036bc4507,ok,0.227688,0.488281,512,ok;ok;ok;ok,/cpfs/user/zhuzihou/assets/dedup_workspaces/test0_transitive_apply_parallel/dataset/GRScenes_assets/bottle/0a81f2ddf09740936cfb887036bc4507,/cpfs/user/zhuzihou/assets/dedup_workspaces/test0_transitive_apply_parallel/dataset/GRScenes_assets/bottle/0a81f2ddf09740936cfb887036bc4507/usd/0a81f2ddf09740936cfb887036bc4507.usd
bottle,0aee476bd8fbb3417e13d1d2286d5657,blank,0.000000,0.000000,0,blank;blank;blank;blank,/cpfs/user/zhuzihou/assets/dedup_workspaces/test0_transitive_apply_parallel/dataset/GRScenes_assets/bottle/0aee476bd8fbb3417e13d1d2286d5657,/cpfs/user/zhuzihou/assets/dedup_workspaces/test0_transitive_apply_parallel/dataset/GRScenes_assets/bottle/0aee476bd8fbb3417e13d1d2286d5657/usd/0aee476bd8fbb3417e13d1d2286d5657.usd
bottle,0b2083a9e4764051fdce4a30629e7cb4,blank,0.000000,0.000000,0,blank;blank;blank;blank,/cpfs/user/zhuzihou/assets/dedup_workspaces/test0_transitive_apply_parallel/dataset/GRScenes_assets/bottle/0b2083a9e4764051fdce4a30629e7cb4,/cpfs/user/zhuzihou/assets/dedup_workspaces/test0_transitive_apply_parallel/dataset/GRScenes_assets/bottle/0b2083a9e4764051fdce4a30629e7cb4/usd/0b2083a9e4764051fdce4a30629e7cb4.usd
bottle,0b7ae83a0d057f07d22c51015ff24b93,suspicious,0.012093,0.016373,143,blank;tiny;tiny;blank,/cpfs/user/zhuzihou/assets/dedup_workspaces/test0_transitive_apply_parallel/dataset/GRScenes_assets/bottle/0b7ae83a0d057f07d22c51015ff24b93,/cpfs/user/zhuzihou/assets/dedup_workspaces/test0_transitive_apply_parallel/dataset/GRScenes_assets/bottle/0b7ae83a0d057f07d22c51015ff24b93/usd/0b7ae83a0d057f07d22c51015ff24b93.usd
bottle,0ba621123860758126764d301b88eedb,blank,0.000000,0.000000,0,blank;blank;blank;blank,/cpfs/user/zhuzihou/assets/dedup_workspaces/test0_transitive_apply_parallel/dataset/GRScenes_assets/bottle/0ba621123860758126764d301b88eedb,/cpfs/user/zhuzihou/assets/dedup_workspaces/test0_transitive_apply_parallel/dataset/GRScenes_assets/bottle/0ba621123860758126764d301b88eedb/usd/0ba621123860758126764d301b88eedb.usd
bottle,0c4e9989779f890c3e51bb0c75684b40,suspicious,0.032913,0.043659,109,blank;ok;blank;blank,/cpfs/user/zhuzihou/assets/dedup_workspaces/test0_transitive_apply_parallel/dataset/GRScenes_assets/bottle/0c4e9989779f890c3e51bb0c75684b40,/cpfs/user/zhuzihou/assets/dedup_workspaces/test0_transitive_apply_parallel/dataset/GRScenes_assets/bottle/0c4e9989779f890c3e51bb0c75684b40/usd/0c4e9989779f890c3e51bb0c75684b40.usd
bottle,0c97e9063ce3bed2d2850546d343ceb9,blank,0.000000,0.000000,0,blank;blank;blank;blank,/cpfs/user/zhuzihou/assets/dedup_workspaces/test0_transitive_apply_parallel/dataset/GRScenes_assets/bottle/0c97e9063ce3bed2d2850546d343ceb9,/cpfs/user/zhuzihou/assets/dedup_workspaces/test0_transitive_apply_parallel/dataset/GRScenes_assets/bottle/0c97e9063ce3bed2d2850546d343ceb9/usd/0c97e9063ce3bed2d2850546d343ceb9.usd
bottle,0cc21839dfa4b700497ce735293ddaf9,suspicious,0.012459,0.017548,100,tiny;blank;blank;tiny,/cpfs/user/zhuzihou/assets/dedup_workspaces/test0_transitive_apply_parallel/dataset/GRScenes_assets/bottle/0cc21839dfa4b700497ce735293ddaf9,/cpfs/user/zhuzihou/assets/dedup_workspaces/test0_transitive_apply_parallel/dataset/GRScenes_assets/bottle/0cc21839dfa4b700497ce735293ddaf9/usd/0cc21839dfa4b700497ce735293ddaf9.usd
bottle,0d1a65f865a30dccd20ae0163baba113,blank,0.000000,0.000000,0,blank;blank;blank;blank,/cpfs/user/zhuzihou/assets/dedup_workspaces/test0_transitive_apply_parallel/dataset/GRScenes_assets/bottle/0d1a65f865a30dccd20ae0163baba113,/cpfs/user/zhuzihou/assets/dedup_workspaces/test0_transitive_apply_parallel/dataset/GRScenes_assets/bottle/0d1a65f865a30dccd20ae0163baba113/usd/0d1a65f865a30dccd20ae0163baba113.usd
bottle,0d3abfb4be992a499eb4152a636313c8,ok,0.227451,0.299927,458,ok;ok;ok;ok,/cpfs/user/zhuzihou/assets/dedup_workspaces/test0_transitive_apply_parallel/dataset/GRScenes_assets/bottle/0d3abfb4be992a499eb4152a636313c8,/cpfs/user/zhuzihou/assets/dedup_workspaces/test0_transitive_apply_parallel/dataset/GRScenes_assets/bottle/0d3abfb4be992a499eb4152a636313c8/usd/0d3abfb4be992a499eb4152a636313c8.usd
bottle,0d9536d299e1c7f9f92966225b5bcf7e,ok,0.276550,0.348553,480,ok;ok;ok;ok,/cpfs/user/zhuzihou/assets/dedup_workspaces/test0_transitive_apply_parallel/dataset/GRScenes_assets/bottle/0d9536d299e1c7f9f92966225b5bcf7e,/cpfs/user/zhuzihou/assets/dedup_workspaces/test0_transitive_apply_parallel/dataset/GRScenes_assets/bottle/0d9536d299e1c7f9f92966225b5bcf7e/usd/0d9536d299e1c7f9f92966225b5bcf7e.usd
bottle,0db16ac4cf36ae1cfac2c0ef0a1d3699,suspicious,0.024982,0.025429,101,ok;blank;blank;tiny,/cpfs/user/zhuzihou/assets/dedup_workspaces/test0_transitive_apply_parallel/dataset/GRScenes_assets/bottle/0db16ac4cf36ae1cfac2c0ef0a1d3699,/cpfs/user/zhuzihou/assets/dedup_workspaces/test0_transitive_apply_parallel/dataset/GRScenes_assets/bottle/0db16ac4cf36ae1cfac2c0ef0a1d3699/usd/0db16ac4cf36ae1cfac2c0ef0a1d3699.usd
bottle,0dd38bbed732b2ee6383d72c19c9beb5,ok,0.227737,0.324528,462,ok;ok;ok;ok,/cpfs/user/zhuzihou/assets/dedup_workspaces/test0_transitive_apply_parallel/dataset/GRScenes_assets/bottle/0dd38bbed732b2ee6383d72c19c9beb5,/cpfs/user/zhuzihou/assets/dedup_workspaces/test0_transitive_apply_parallel/dataset/GRScenes_assets/bottle/0dd38bbed732b2ee6383d72c19c9beb5/usd/0dd38bbed732b2ee6383d72c19c9beb5.usd
bottle,0e04babf2311797575ab7bd4578deefd,suspicious,0.031410,0.042156,404,blank;tiny;ok;ok,/cpfs/user/zhuzihou/assets/dedup_workspaces/test0_transitive_apply_parallel/dataset/GRScenes_assets/bottle/0e04babf2311797575ab7bd4578deefd,/cpfs/user/zhuzihou/assets/dedup_workspaces/test0_transitive_apply_parallel/dataset/GRScenes_assets/bottle/0e04babf2311797575ab7bd4578deefd/usd/0e04babf2311797575ab7bd4578deefd.usd
bottle,0e188fa480272e2b5ec74ba0f5e6fae1,suspicious,0.035198,0.040588,140,blank;ok;ok;blank,/cpfs/user/zhuzihou/assets/dedup_workspaces/test0_transitive_apply_parallel/dataset/GRScenes_assets/bottle/0e188fa480272e2b5ec74ba0f5e6fae1,/cpfs/user/zhuzihou/assets/dedup_workspaces/test0_transitive_apply_parallel/dataset/GRScenes_assets/bottle/0e188fa480272e2b5ec74ba0f5e6fae1/usd/0e188fa480272e2b5ec74ba0f5e6fae1.usd
bottle,0e98e028ae847119a085a038cd4dea91,blank,0.000000,0.000000,0,blank;blank;blank;blank,/cpfs/user/zhuzihou/assets/dedup_workspaces/test0_transitive_apply_parallel/dataset/GRScenes_assets/bottle/0e98e028ae847119a085a038cd4dea91,/cpfs/user/zhuzihou/assets/dedup_workspaces/test0_transitive_apply_parallel/dataset/GRScenes_assets/bottle/0e98e028ae847119a085a038cd4dea91/usd/0e98e028ae847119a085a038cd4dea91.usd
bottle,0ec6faf88b2eccd4d14ef82f9764f31d,ok,0.252632,0.342812,429,ok;ok;ok;ok,/cpfs/user/zhuzihou/assets/dedup_workspaces/test0_transitive_apply_parallel/dataset/GRScenes_assets/bottle/0ec6faf88b2eccd4d14ef82f9764f31d,/cpfs/user/zhuzihou/assets/dedup_workspaces/test0_transitive_apply_parallel/dataset/GRScenes_assets/bottle/0ec6faf88b2eccd4d14ef82f9764f31d/usd/0ec6faf88b2eccd4d14ef82f9764f31d.usd
bottle,0ee15fb3f91250556c10d8d22d329237,blank,0.000000,0.000000,0,blank;blank;blank;blank,/cpfs/user/zhuzihou/assets/dedup_workspaces/test0_transitive_apply_parallel/dataset/GRScenes_assets/bottle/0ee15fb3f91250556c10d8d22d329237,/cpfs/user/zhuzihou/assets/dedup_workspaces/test0_transitive_apply_parallel/dataset/GRScenes_assets/bottle/0ee15fb3f91250556c10d8d22d329237/usd/0ee15fb3f91250556c10d8d22d329237.usd
bottle,0ef0ff541cbb58e437914cec5a27cfc6,ok,0.177628,0.255146,462,ok;ok;ok;ok,/cpfs/user/zhuzihou/assets/dedup_workspaces/test0_transitive_apply_parallel/dataset/GRScenes_assets/bottle/0ef0ff541cbb58e437914cec5a27cfc6,/cpfs/user/zhuzihou/assets/dedup_workspaces/test0_transitive_apply_parallel/dataset/GRScenes_assets/bottle/0ef0ff541cbb58e437914cec5a27cfc6/usd/0ef0ff541cbb58e437914cec5a27cfc6.usd
bottle,0eff809f849f85bcfa5c9a39c1a12333,suspicious,0.041634,0.044083,137,ok;ok;blank;blank,/cpfs/user/zhuzihou/assets/dedup_workspaces/test0_transitive_apply_parallel/dataset/GRScenes_assets/bottle/0eff809f849f85bcfa5c9a39c1a12333,/cpfs/user/zhuzihou/assets/dedup_workspaces/test0_transitive_apply_parallel/dataset/GRScenes_assets/bottle/0eff809f849f85bcfa5c9a39c1a12333/usd/0eff809f849f85bcfa5c9a39c1a12333.usd
bottle,0fac8390046584d40a329cd870664a66,ok,0.269958,0.355499,448,ok;ok;ok;ok,/cpfs/user/zhuzihou/assets/dedup_workspaces/test0_transitive_apply_parallel/dataset/GRScenes_assets/bottle/0fac8390046584d40a329cd870664a66,/cpfs/user/zhuzihou/assets/dedup_workspaces/test0_transitive_apply_parallel/dataset/GRScenes_assets/bottle/0fac8390046584d40a329cd870664a66/usd/0fac8390046584d40a329cd870664a66.usd
bottle,0fb70473d8589649196e7c6b18839810,suspicious,0.008926,0.010952,87,tiny;blank;blank;blank,/cpfs/user/zhuzihou/assets/dedup_workspaces/test0_transitive_apply_parallel/dataset/GRScenes_assets/bottle/0fb70473d8589649196e7c6b18839810,/cpfs/user/zhuzihou/assets/dedup_workspaces/test0_transitive_apply_parallel/dataset/GRScenes_assets/bottle/0fb70473d8589649196e7c6b18839810/usd/0fb70473d8589649196e7c6b18839810.usd
bottle,0fe7d3e673c16959ec8a25527057639c,suspicious,0.014496,0.019192,129,tiny;blank;blank;blank,/cpfs/user/zhuzihou/assets/dedup_workspaces/test0_transitive_apply_parallel/dataset/GRScenes_assets/bottle/0fe7d3e673c16959ec8a25527057639c,/cpfs/user/zhuzihou/assets/dedup_workspaces/test0_transitive_apply_parallel/dataset/GRScenes_assets/bottle/0fe7d3e673c16959ec8a25527057639c/usd/0fe7d3e673c16959ec8a25527057639c.usd
bottle,100837f5452ff16fed3c60ebf5878e50,ok,0.212650,0.374802,319,ok;ok;ok;ok,/cpfs/user/zhuzihou/assets/dedup_workspaces/test0_transitive_apply_parallel/dataset/GRScenes_assets/bottle/100837f5452ff16fed3c60ebf5878e50,/cpfs/user/zhuzihou/assets/dedup_workspaces/test0_transitive_apply_parallel/dataset/GRScenes_assets/bottle/100837f5452ff16fed3c60ebf5878e50/usd/100837f5452ff16fed3c60ebf5878e50.usd
bottle,100bbc817f71babbce2ce3914fd34a33,ok,0.414223,0.515121,507,ok;ok;ok;ok,/cpfs/user/zhuzihou/assets/dedup_workspaces/test0_transitive_apply_parallel/dataset/GRScenes_assets/bottle/100bbc817f71babbce2ce3914fd34a33,/cpfs/user/zhuzihou/assets/dedup_workspaces/test0_transitive_apply_parallel/dataset/GRScenes_assets/bottle/100bbc817f71babbce2ce3914fd34a33/usd/100bbc817f71babbce2ce3914fd34a33.usd
bottle,104b97b50bf1113eb53c841b4e075fe2,suspicious,0.065620,0.074387,250,ok;blank;tiny;ok,/cpfs/user/zhuzihou/assets/dedup_workspaces/test0_transitive_apply_parallel/dataset/GRScenes_assets/bottle/104b97b50bf1113eb53c841b4e075fe2,/cpfs/user/zhuzihou/assets/dedup_workspaces/test0_transitive_apply_parallel/dataset/GRScenes_assets/bottle/104b97b50bf1113eb53c841b4e075fe2/usd/104b97b50bf1113eb53c841b4e075fe2.usd
bottle,10748e701e9dc2010f7e23f59d8e7dac,suspicious,0.008259,0.010910,65,blank;tiny;blank;blank,/cpfs/user/zhuzihou/assets/dedup_workspaces/test0_transitive_apply_parallel/dataset/GRScenes_assets/bottle/10748e701e9dc2010f7e23f59d8e7dac,/cpfs/user/zhuzihou/assets/dedup_workspaces/test0_transitive_apply_parallel/dataset/GRScenes_assets/bottle/10748e701e9dc2010f7e23f59d8e7dac/usd/10748e701e9dc2010f7e23f59d8e7dac.usd
bottle,109b1570e4a115f09050b71292fd6064,suspicious,0.040600,0.070518,165,ok;ok;blank;blank,/cpfs/user/zhuzihou/assets/dedup_workspaces/test0_transitive_apply_parallel/dataset/GRScenes_assets/bottle/109b1570e4a115f09050b71292fd6064,/cpfs/user/zhuzihou/assets/dedup_workspaces/test0_transitive_apply_parallel/dataset/GRScenes_assets/bottle/109b1570e4a115f09050b71292fd6064/usd/109b1570e4a115f09050b71292fd6064.usd
bottle,1166b04acdc298b5f120e90e5c9e395a,suspicious,0.024227,0.031322,161,ok;tiny;blank;tiny,/cpfs/user/zhuzihou/assets/dedup_workspaces/test0_transitive_apply_parallel/dataset/GRScenes_assets/bottle/1166b04acdc298b5f120e90e5c9e395a,/cpfs/user/zhuzihou/assets/dedup_workspaces/test0_transitive_apply_parallel/dataset/GRScenes_assets/bottle/1166b04acdc298b5f120e90e5c9e395a/usd/1166b04acdc298b5f120e90e5c9e395a.usd
bottle,119d3ac90630b1328b015d447630f5cb,ok,0.280735,0.324219,512,ok;ok;ok;ok,/cpfs/user/zhuzihou/assets/dedup_workspaces/test0_transitive_apply_parallel/dataset/GRScenes_assets/bottle/119d3ac90630b1328b015d447630f5cb,/cpfs/user/zhuzihou/assets/dedup_workspaces/test0_transitive_apply_parallel/dataset/GRScenes_assets/bottle/119d3ac90630b1328b015d447630f5cb/usd/119d3ac90630b1328b015d447630f5cb.usd
bottle,11cb8d75119acfbcffd7f65e40874011,ok,0.298882,0.416725,433,ok;ok;ok;ok,/cpfs/user/zhuzihou/assets/dedup_workspaces/test0_transitive_apply_parallel/dataset/GRScenes_assets/bottle/11cb8d75119acfbcffd7f65e40874011,/cpfs/user/zhuzihou/assets/dedup_workspaces/test0_transitive_apply_parallel/dataset/GRScenes_assets/bottle/11cb8d75119acfbcffd7f65e40874011/usd/11cb8d75119acfbcffd7f65e40874011.usd
bottle,12099f7a004c3a145b31e7c1376c5583,suspicious,0.068016,0.085182,300,tiny;ok;ok;ok,/cpfs/user/zhuzihou/assets/dedup_workspaces/test0_transitive_apply_parallel/dataset/GRScenes_assets/bottle/12099f7a004c3a145b31e7c1376c5583,/cpfs/user/zhuzihou/assets/dedup_workspaces/test0_transitive_apply_parallel/dataset/GRScenes_assets/bottle/12099f7a004c3a145b31e7c1376c5583/usd/12099f7a004c3a145b31e7c1376c5583.usd
bottle,124089872b449f3e5763a020cca5f354,ok,0.379848,0.437500,512,ok;ok;ok;ok,/cpfs/user/zhuzihou/assets/dedup_workspaces/test0_transitive_apply_parallel/dataset/GRScenes_assets/bottle/124089872b449f3e5763a020cca5f354,/cpfs/user/zhuzihou/assets/dedup_workspaces/test0_transitive_apply_parallel/dataset/GRScenes_assets/bottle/124089872b449f3e5763a020cca5f354/usd/124089872b449f3e5763a020cca5f354.usd
bottle,12812d84b309468bf8ac3aeccd508a8d,blank,0.000000,0.000000,0,blank;blank;blank;blank,/cpfs/user/zhuzihou/assets/dedup_workspaces/test0_transitive_apply_parallel/dataset/GRScenes_assets/bottle/12812d84b309468bf8ac3aeccd508a8d,/cpfs/user/zhuzihou/assets/dedup_workspaces/test0_transitive_apply_parallel/dataset/GRScenes_assets/bottle/12812d84b309468bf8ac3aeccd508a8d/usd/12812d84b309468bf8ac3aeccd508a8d.usd
bottle,12a63fe5dece7f601cc1883ce2883166,ok,0.255135,0.376129,365,ok;ok;ok;ok,/cpfs/user/zhuzihou/assets/dedup_workspaces/test0_transitive_apply_parallel/dataset/GRScenes_assets/bottle/12a63fe5dece7f601cc1883ce2883166,/cpfs/user/zhuzihou/assets/dedup_workspaces/test0_transitive_apply_parallel/dataset/GRScenes_assets/bottle/12a63fe5dece7f601cc1883ce2883166/usd/12a63fe5dece7f601cc1883ce2883166.usd
bottle,12b1d1f84fc82dbc20eedfc54a3e5ce0,suspicious,0.037415,0.053566,119,tiny;ok;blank;blank,/cpfs/user/zhuzihou/assets/dedup_workspaces/test0_transitive_apply_parallel/dataset/GRScenes_assets/bottle/12b1d1f84fc82dbc20eedfc54a3e5ce0,/cpfs/user/zhuzihou/assets/dedup_workspaces/test0_transitive_apply_parallel/dataset/GRScenes_assets/bottle/12b1d1f84fc82dbc20eedfc54a3e5ce0/usd/12b1d1f84fc82dbc20eedfc54a3e5ce0.usd
bottle,12ce3b4db734ec1dbb0d32803717b730,blank,0.000000,0.000000,0,blank;blank;blank;blank,/cpfs/user/zhuzihou/assets/dedup_workspaces/test0_transitive_apply_parallel/dataset/GRScenes_assets/bottle/12ce3b4db734ec1dbb0d32803717b730,/cpfs/user/zhuzihou/assets/dedup_workspaces/test0_transitive_apply_parallel/dataset/GRScenes_assets/bottle/12ce3b4db734ec1dbb0d32803717b730/usd/12ce3b4db734ec1dbb0d32803717b730.usd
bottle,1309fa5ff22ab3820b2f5a1bc711f2b3,ok,0.225082,0.291824,445,ok;ok;ok;ok,/cpfs/user/zhuzihou/assets/dedup_workspaces/test0_transitive_apply_parallel/dataset/GRScenes_assets/bottle/1309fa5ff22ab3820b2f5a1bc711f2b3,/cpfs/user/zhuzihou/assets/dedup_workspaces/test0_transitive_apply_parallel/dataset/GRScenes_assets/bottle/1309fa5ff22ab3820b2f5a1bc711f2b3/usd/1309fa5ff22ab3820b2f5a1bc711f2b3.usd
bottle,131a478232c3e80dd797780b70c7a27a,ok,0.147121,0.259926,490,ok;ok;ok;ok,/cpfs/user/zhuzihou/assets/dedup_workspaces/test0_transitive_apply_parallel/dataset/GRScenes_assets/bottle/131a478232c3e80dd797780b70c7a27a,/cpfs/user/zhuzihou/assets/dedup_workspaces/test0_transitive_apply_parallel/dataset/GRScenes_assets/bottle/131a478232c3e80dd797780b70c7a27a/usd/131a478232c3e80dd797780b70c7a27a.usd
bottle,135c62d3ad8b80f28272b42cf121a4c4,blank,0.000000,0.000000,0,blank;blank;blank;blank,/cpfs/user/zhuzihou/assets/dedup_workspaces/test0_transitive_apply_parallel/dataset/GRScenes_assets/bottle/135c62d3ad8b80f28272b42cf121a4c4,/cpfs/user/zhuzihou/assets/dedup_workspaces/test0_transitive_apply_parallel/dataset/GRScenes_assets/bottle/135c62d3ad8b80f28272b42cf121a4c4/usd/135c62d3ad8b80f28272b42cf121a4c4.usd
bottle,1367a232d69997ba725a4ea5c366ef57,suspicious,0.009106,0.012360,81,blank;tiny;blank;blank,/cpfs/user/zhuzihou/assets/dedup_workspaces/test0_transitive_apply_parallel/dataset/GRScenes_assets/bottle/1367a232d69997ba725a4ea5c366ef57,/cpfs/user/zhuzihou/assets/dedup_workspaces/test0_transitive_apply_parallel/dataset/GRScenes_assets/bottle/1367a232d69997ba725a4ea5c366ef57/usd/1367a232d69997ba725a4ea5c366ef57.usd
bottle,13d4b97a7183f697eaddbbca1225271f,suspicious,0.028740,0.039265,141,ok;blank;blank;blank,/cpfs/user/zhuzihou/assets/dedup_workspaces/test0_transitive_apply_parallel/dataset/GRScenes_assets/bottle/13d4b97a7183f697eaddbbca1225271f,/cpfs/user/zhuzihou/assets/dedup_workspaces/test0_transitive_apply_parallel/dataset/GRScenes_assets/bottle/13d4b97a7183f697eaddbbca1225271f/usd/13d4b97a7183f697eaddbbca1225271f.usd
bottle,13e92a453a3c5b2a2f64dbe1dddef527,suspicious,0.004414,0.006485,50,blank;blank;blank;tiny,/cpfs/user/zhuzihou/assets/dedup_workspaces/test0_transitive_apply_parallel/dataset/GRScenes_assets/bottle/13e92a453a3c5b2a2f64dbe1dddef527,/cpfs/user/zhuzihou/assets/dedup_workspaces/test0_transitive_apply_parallel/dataset/GRScenes_assets/bottle/13e92a453a3c5b2a2f64dbe1dddef527/usd/13e92a453a3c5b2a2f64dbe1dddef527.usd
bottle,1465436036dce99b9abe6e73919acb98,suspicious,0.047718,0.056534,190,ok;ok;blank;blank,/cpfs/user/zhuzihou/assets/dedup_workspaces/test0_transitive_apply_parallel/dataset/GRScenes_assets/bottle/1465436036dce99b9abe6e73919acb98,/cpfs/user/zhuzihou/assets/dedup_workspaces/test0_transitive_apply_parallel/dataset/GRScenes_assets/bottle/1465436036dce99b9abe6e73919acb98/usd/1465436036dce99b9abe6e73919acb98.usd
bottle,14861a9774eca65ab135655f70cf06d9,ok,0.309029,0.454483,370,ok;ok;ok;ok,/cpfs/user/zhuzihou/assets/dedup_workspaces/test0_transitive_apply_parallel/dataset/GRScenes_assets/bottle/14861a9774eca65ab135655f70cf06d9,/cpfs/user/zhuzihou/assets/dedup_workspaces/test0_transitive_apply_parallel/dataset/GRScenes_assets/bottle/14861a9774eca65ab135655f70cf06d9/usd/14861a9774eca65ab135655f70cf06d9.usd
bottle,14918115fb83176bc4fbeafeaaa089e0,ok,0.147102,0.259926,490,ok;ok;ok;ok,/cpfs/user/zhuzihou/assets/dedup_workspaces/test0_transitive_apply_parallel/dataset/GRScenes_assets/bottle/14918115fb83176bc4fbeafeaaa089e0,/cpfs/user/zhuzihou/assets/dedup_workspaces/test0_transitive_apply_parallel/dataset/GRScenes_assets/bottle/14918115fb83176bc4fbeafeaaa089e0/usd/14918115fb83176bc4fbeafeaaa089e0.usd
bottle,14b407edb428c013877b16d11f86e9b5,ok,0.090015,0.270393,427,ok;ok;ok;ok,/cpfs/user/zhuzihou/assets/dedup_workspaces/test0_transitive_apply_parallel/dataset/GRScenes_assets/bottle/14b407edb428c013877b16d11f86e9b5,/cpfs/user/zhuzihou/assets/dedup_workspaces/test0_transitive_apply_parallel/dataset/GRScenes_assets/bottle/14b407edb428c013877b16d11f86e9b5/usd/14b407edb428c013877b16d11f86e9b5.usd
bottle,14db6dba6c2648d663ffca700c88f1bc,suspicious,0.042942,0.067909,258,ok;ok;blank;ok,/cpfs/user/zhuzihou/assets/dedup_workspaces/test0_transitive_apply_parallel/dataset/GRScenes_assets/bottle/14db6dba6c2648d663ffca700c88f1bc,/cpfs/user/zhuzihou/assets/dedup_workspaces/test0_transitive_apply_parallel/dataset/GRScenes_assets/bottle/14db6dba6c2648d663ffca700c88f1bc/usd/14db6dba6c2648d663ffca700c88f1bc.usd
bottle,14e22f109e4e9e0828c23267fd2c9cab,suspicious,0.012966,0.018127,99,tiny;tiny;blank;blank,/cpfs/user/zhuzihou/assets/dedup_workspaces/test0_transitive_apply_parallel/dataset/GRScenes_assets/bottle/14e22f109e4e9e0828c23267fd2c9cab,/cpfs/user/zhuzihou/assets/dedup_workspaces/test0_transitive_apply_parallel/dataset/GRScenes_assets/bottle/14e22f109e4e9e0828c23267fd2c9cab/usd/14e22f109e4e9e0828c23267fd2c9cab.usd
bottle,14e4f070f7fc046970cd1dcb89751019,suspicious,0.041821,0.044960,142,blank;tiny;ok;blank,/cpfs/user/zhuzihou/assets/dedup_workspaces/test0_transitive_apply_parallel/dataset/GRScenes_assets/bottle/14e4f070f7fc046970cd1dcb89751019,/cpfs/user/zhuzihou/assets/dedup_workspaces/test0_transitive_apply_parallel/dataset/GRScenes_assets/bottle/14e4f070f7fc046970cd1dcb89751019/usd/14e4f070f7fc046970cd1dcb89751019.usd
bottle,14f478966db609e0be29a0389aa53995,ok,0.158264,0.190735,250,ok;ok;ok;ok,/cpfs/user/zhuzihou/assets/dedup_workspaces/test0_transitive_apply_parallel/dataset/GRScenes_assets/bottle/14f478966db609e0be29a0389aa53995,/cpfs/user/zhuzihou/assets/dedup_workspaces/test0_transitive_apply_parallel/dataset/GRScenes_assets/bottle/14f478966db609e0be29a0389aa53995/usd/14f478966db609e0be29a0389aa53995.usd
bottle,150f07ef581cdf51107b76424594e60c,suspicious,0.042439,0.049095,165,ok;blank;blank;tiny,/cpfs/user/zhuzihou/assets/dedup_workspaces/test0_transitive_apply_parallel/dataset/GRScenes_assets/bottle/150f07ef581cdf51107b76424594e60c,/cpfs/user/zhuzihou/assets/dedup_workspaces/test0_transitive_apply_parallel/dataset/GRScenes_assets/bottle/150f07ef581cdf51107b76424594e60c/usd/150f07ef581cdf51107b76424594e60c.usd
bottle,1595b1528e180e1f5d1986234e02b4fd,ok,0.219357,0.315094,460,ok;ok;ok;ok,/cpfs/user/zhuzihou/assets/dedup_workspaces/test0_transitive_apply_parallel/dataset/GRScenes_assets/bottle/1595b1528e180e1f5d1986234e02b4fd,/cpfs/user/zhuzihou/assets/dedup_workspaces/test0_transitive_apply_parallel/dataset/GRScenes_assets/bottle/1595b1528e180e1f5d1986234e02b4fd/usd/1595b1528e180e1f5d1986234e02b4fd.usd
bottle,15bde5d6b3cc94cbfab0206a439d47f9,suspicious,0.052261,0.072479,190,ok;ok;blank;blank,/cpfs/user/zhuzihou/assets/dedup_workspaces/test0_transitive_apply_parallel/dataset/GRScenes_assets/bottle/15bde5d6b3cc94cbfab0206a439d47f9,/cpfs/user/zhuzihou/assets/dedup_workspaces/test0_transitive_apply_parallel/dataset/GRScenes_assets/bottle/15bde5d6b3cc94cbfab0206a439d47f9/usd/15bde5d6b3cc94cbfab0206a439d47f9.usd
bottle,15cfcc3dcbbc2a81263f61948a732997,suspicious,0.017895,0.018772,133,tiny;tiny;blank;blank,/cpfs/user/zhuzihou/assets/dedup_workspaces/test0_transitive_apply_parallel/dataset/GRScenes_assets/bottle/15cfcc3dcbbc2a81263f61948a732997,/cpfs/user/zhuzihou/assets/dedup_workspaces/test0_transitive_apply_parallel/dataset/GRScenes_assets/bottle/15cfcc3dcbbc2a81263f61948a732997/usd/15cfcc3dcbbc2a81263f61948a732997.usd
bottle,15df0bb78045a815aa1a4833bf3c7591,ok,0.180653,0.254578,459,ok;ok;ok;ok,/cpfs/user/zhuzihou/assets/dedup_workspaces/test0_transitive_apply_parallel/dataset/GRScenes_assets/bottle/15df0bb78045a815aa1a4833bf3c7591,/cpfs/user/zhuzihou/assets/dedup_workspaces/test0_transitive_apply_parallel/dataset/GRScenes_assets/bottle/15df0bb78045a815aa1a4833bf3c7591/usd/15df0bb78045a815aa1a4833bf3c7591.usd
bottle,15e612a610daa656ce14e5af83c681cc,suspicious,0.017559,0.018398,91,blank;blank;tiny;blank,/cpfs/user/zhuzihou/assets/dedup_workspaces/test0_transitive_apply_parallel/dataset/GRScenes_assets/bottle/15e612a610daa656ce14e5af83c681cc,/cpfs/user/zhuzihou/assets/dedup_workspaces/test0_transitive_apply_parallel/dataset/GRScenes_assets/bottle/15e612a610daa656ce14e5af83c681cc/usd/15e612a610daa656ce14e5af83c681cc.usd
bottle,1662b7447875f1f370d16af77c81aa0c,ok,0.167301,0.240753,464,ok;ok;ok;ok,/cpfs/user/zhuzihou/assets/dedup_workspaces/test0_transitive_apply_parallel/dataset/GRScenes_assets/bottle/1662b7447875f1f370d16af77c81aa0c,/cpfs/user/zhuzihou/assets/dedup_workspaces/test0_transitive_apply_parallel/dataset/GRScenes_assets/bottle/1662b7447875f1f370d16af77c81aa0c/usd/1662b7447875f1f370d16af77c81aa0c.usd
bottle,169a154d41028bbec2e1d1ff5c9e6afc,ok,0.122829,0.202934,397,ok;ok;ok;ok,/cpfs/user/zhuzihou/assets/dedup_workspaces/test0_transitive_apply_parallel/dataset/GRScenes_assets/bottle/169a154d41028bbec2e1d1ff5c9e6afc,/cpfs/user/zhuzihou/assets/dedup_workspaces/test0_transitive_apply_parallel/dataset/GRScenes_assets/bottle/169a154d41028bbec2e1d1ff5c9e6afc/usd/169a154d41028bbec2e1d1ff5c9e6afc.usd
bottle,16a0083bb45fb2a313314f918b545a5c,blank,0.000000,0.000000,0,blank;blank;blank;blank,/cpfs/user/zhuzihou/assets/dedup_workspaces/test0_transitive_apply_parallel/dataset/GRScenes_assets/bottle/16a0083bb45fb2a313314f918b545a5c,/cpfs/user/zhuzihou/assets/dedup_workspaces/test0_transitive_apply_parallel/dataset/GRScenes_assets/bottle/16a0083bb45fb2a313314f918b545a5c/usd/16a0083bb45fb2a313314f918b545a5c.usd
bottle,1731950b624e77c0de6ff70ec9769e6d,ok,0.408092,0.508984,504,ok;ok;ok;ok,/cpfs/user/zhuzihou/assets/dedup_workspaces/test0_transitive_apply_parallel/dataset/GRScenes_assets/bottle/1731950b624e77c0de6ff70ec9769e6d,/cpfs/user/zhuzihou/assets/dedup_workspaces/test0_transitive_apply_parallel/dataset/GRScenes_assets/bottle/1731950b624e77c0de6ff70ec9769e6d/usd/1731950b624e77c0de6ff70ec9769e6d.usd
bottle,173e246d5eb10f81265e2c174de2101d,suspicious,0.006798,0.006977,59,tiny;blank;blank;blank,/cpfs/user/zhuzihou/assets/dedup_workspaces/test0_transitive_apply_parallel/dataset/GRScenes_assets/bottle/173e246d5eb10f81265e2c174de2101d,/cpfs/user/zhuzihou/assets/dedup_workspaces/test0_transitive_apply_parallel/dataset/GRScenes_assets/bottle/173e246d5eb10f81265e2c174de2101d/usd/173e246d5eb10f81265e2c174de2101d.usd
bottle,1770c664506592e5a7c7f6a530b90058,ok,0.071075,0.089203,379,ok;ok;ok;ok,/cpfs/user/zhuzihou/assets/dedup_workspaces/test0_transitive_apply_parallel/dataset/GRScenes_assets/bottle/1770c664506592e5a7c7f6a530b90058,/cpfs/user/zhuzihou/assets/dedup_workspaces/test0_transitive_apply_parallel/dataset/GRScenes_assets/bottle/1770c664506592e5a7c7f6a530b90058/usd/1770c664506592e5a7c7f6a530b90058.usd
bottle,17ac376d5d0707d8a88b478f7feae2e8,blank,0.000000,0.000000,0,blank;blank;blank;blank,/cpfs/user/zhuzihou/assets/dedup_workspaces/test0_transitive_apply_parallel/dataset/GRScenes_assets/bottle/17ac376d5d0707d8a88b478f7feae2e8,/cpfs/user/zhuzihou/assets/dedup_workspaces/test0_transitive_apply_parallel/dataset/GRScenes_assets/bottle/17ac376d5d0707d8a88b478f7feae2e8/usd/17ac376d5d0707d8a88b478f7feae2e8.usd
bottle,17b384651ec739756b7950f5577b614f,ok,0.332676,0.430660,490,ok;ok;ok;ok,/cpfs/user/zhuzihou/assets/dedup_workspaces/test0_transitive_apply_parallel/dataset/GRScenes_assets/bottle/17b384651ec739756b7950f5577b614f,/cpfs/user/zhuzihou/assets/dedup_workspaces/test0_transitive_apply_parallel/dataset/GRScenes_assets/bottle/17b384651ec739756b7950f5577b614f/usd/17b384651ec739756b7950f5577b614f.usd
bottle,17c9ea03c23e4a740c6b08ea744abbf8,ok,0.279793,0.364799,448,ok;ok;ok;ok,/cpfs/user/zhuzihou/assets/dedup_workspaces/test0_transitive_apply_parallel/dataset/GRScenes_assets/bottle/17c9ea03c23e4a740c6b08ea744abbf8,/cpfs/user/zhuzihou/assets/dedup_workspaces/test0_transitive_apply_parallel/dataset/GRScenes_assets/bottle/17c9ea03c23e4a740c6b08ea744abbf8/usd/17c9ea03c23e4a740c6b08ea744abbf8.usd
bottle,18233e300e26431329241446c6384420,suspicious,0.008385,0.009747,73,blank;blank;blank;tiny,/cpfs/user/zhuzihou/assets/dedup_workspaces/test0_transitive_apply_parallel/dataset/GRScenes_assets/bottle/18233e300e26431329241446c6384420,/cpfs/user/zhuzihou/assets/dedup_workspaces/test0_transitive_apply_parallel/dataset/GRScenes_assets/bottle/18233e300e26431329241446c6384420/usd/18233e300e26431329241446c6384420.usd
bottle,18a608fba585621df20c2835d63f1981,suspicious,0.186779,0.195007,251,ok;tiny;ok;ok,/cpfs/user/zhuzihou/assets/dedup_workspaces/test0_transitive_apply_parallel/dataset/GRScenes_assets/bottle/18a608fba585621df20c2835d63f1981,/cpfs/user/zhuzihou/assets/dedup_workspaces/test0_transitive_apply_parallel/dataset/GRScenes_assets/bottle/18a608fba585621df20c2835d63f1981/usd/18a608fba585621df20c2835d63f1981.usd
bottle,18cedb16eca5208db1b8d60f8947e518,ok,0.227802,0.310822,420,ok;ok;ok;ok,/cpfs/user/zhuzihou/assets/dedup_workspaces/test0_transitive_apply_parallel/dataset/GRScenes_assets/bottle/18cedb16eca5208db1b8d60f8947e518,/cpfs/user/zhuzihou/assets/dedup_workspaces/test0_transitive_apply_parallel/dataset/GRScenes_assets/bottle/18cedb16eca5208db1b8d60f8947e518/usd/18cedb16eca5208db1b8d60f8947e518.usd
bottle,1980626cc7c31888edd6eeeabdb4562f,blank,0.000000,0.000000,0,blank;blank;blank;blank,/cpfs/user/zhuzihou/assets/dedup_workspaces/test0_transitive_apply_parallel/dataset/GRScenes_assets/bottle/1980626cc7c31888edd6eeeabdb4562f,/cpfs/user/zhuzihou/assets/dedup_workspaces/test0_transitive_apply_parallel/dataset/GRScenes_assets/bottle/1980626cc7c31888edd6eeeabdb4562f/usd/1980626cc7c31888edd6eeeabdb4562f.usd
bottle,1a25c61ffb503912bbb615c7a72ce4ad,suspicious,0.009354,0.057961,142,ok;ok;blank;blank,/cpfs/user/zhuzihou/assets/dedup_workspaces/test0_transitive_apply_parallel/dataset/GRScenes_assets/bottle/1a25c61ffb503912bbb615c7a72ce4ad,/cpfs/user/zhuzihou/assets/dedup_workspaces/test0_transitive_apply_parallel/dataset/GRScenes_assets/bottle/1a25c61ffb503912bbb615c7a72ce4ad/usd/1a25c61ffb503912bbb615c7a72ce4ad.usd
bottle,1a3575502348211b805e7d75f19a1c65,blank,0.000000,0.000000,0,blank;blank;blank;blank,/cpfs/user/zhuzihou/assets/dedup_workspaces/test0_transitive_apply_parallel/dataset/GRScenes_assets/bottle/1a3575502348211b805e7d75f19a1c65,/cpfs/user/zhuzihou/assets/dedup_workspaces/test0_transitive_apply_parallel/dataset/GRScenes_assets/bottle/1a3575502348211b805e7d75f19a1c65/usd/1a3575502348211b805e7d75f19a1c65.usd
bottle,1a900e94264d9104f45200db6e0b5e5c,suspicious,0.080063,0.102806,175,ok;blank;blank;blank,/cpfs/user/zhuzihou/assets/dedup_workspaces/test0_transitive_apply_parallel/dataset/GRScenes_assets/bottle/1a900e94264d9104f45200db6e0b5e5c,/cpfs/user/zhuzihou/assets/dedup_workspaces/test0_transitive_apply_parallel/dataset/GRScenes_assets/bottle/1a900e94264d9104f45200db6e0b5e5c/usd/1a900e94264d9104f45200db6e0b5e5c.usd
bottle,1ab14bd12b778a9cec663a05b82c0a5e,suspicious,0.008625,0.075642,251,tiny;blank;blank;ok,/cpfs/user/zhuzihou/assets/dedup_workspaces/test0_transitive_apply_parallel/dataset/GRScenes_assets/bottle/1ab14bd12b778a9cec663a05b82c0a5e,/cpfs/user/zhuzihou/assets/dedup_workspaces/test0_transitive_apply_parallel/dataset/GRScenes_assets/bottle/1ab14bd12b778a9cec663a05b82c0a5e/usd/1ab14bd12b778a9cec663a05b82c0a5e.usd
bottle,1b2288e55a02b787656ccf1cecdf2525,suspicious,0.766060,1.000000,512,tiny;blank;ok;blank,/cpfs/user/zhuzihou/assets/dedup_workspaces/test0_transitive_apply_parallel/dataset/GRScenes_assets/bottle/1b2288e55a02b787656ccf1cecdf2525,/cpfs/user/zhuzihou/assets/dedup_workspaces/test0_transitive_apply_parallel/dataset/GRScenes_assets/bottle/1b2288e55a02b787656ccf1cecdf2525/usd/1b2288e55a02b787656ccf1cecdf2525.usd
bottle,1b6c420e84b0742a54b91c2382e664d9,ok,0.270359,0.338261,477,ok;ok;ok;ok,/cpfs/user/zhuzihou/assets/dedup_workspaces/test0_transitive_apply_parallel/dataset/GRScenes_assets/bottle/1b6c420e84b0742a54b91c2382e664d9,/cpfs/user/zhuzihou/assets/dedup_workspaces/test0_transitive_apply_parallel/dataset/GRScenes_assets/bottle/1b6c420e84b0742a54b91c2382e664d9/usd/1b6c420e84b0742a54b91c2382e664d9.usd
bottle,1b700735ceac53273627a619172d9764,ok,0.407581,0.499878,450,ok;ok;ok;ok,/cpfs/user/zhuzihou/assets/dedup_workspaces/test0_transitive_apply_parallel/dataset/GRScenes_assets/bottle/1b700735ceac53273627a619172d9764,/cpfs/user/zhuzihou/assets/dedup_workspaces/test0_transitive_apply_parallel/dataset/GRScenes_assets/bottle/1b700735ceac53273627a619172d9764/usd/1b700735ceac53273627a619172d9764.usd
bottle,1bc35fe1943aeb3530b14c9fee62ca12,ok,0.223682,0.300751,463,ok;ok;ok;ok,/cpfs/user/zhuzihou/assets/dedup_workspaces/test0_transitive_apply_parallel/dataset/GRScenes_assets/bottle/1bc35fe1943aeb3530b14c9fee62ca12,/cpfs/user/zhuzihou/assets/dedup_workspaces/test0_transitive_apply_parallel/dataset/GRScenes_assets/bottle/1bc35fe1943aeb3530b14c9fee62ca12/usd/1bc35fe1943aeb3530b14c9fee62ca12.usd
bottle,1bdeaf22590f2487438265608a6d1f8f,ok,0.072186,0.403976,403,ok;ok;ok;ok,/cpfs/user/zhuzihou/assets/dedup_workspaces/test0_transitive_apply_parallel/dataset/GRScenes_assets/bottle/1bdeaf22590f2487438265608a6d1f8f,/cpfs/user/zhuzihou/assets/dedup_workspaces/test0_transitive_apply_parallel/dataset/GRScenes_assets/bottle/1bdeaf22590f2487438265608a6d1f8f/usd/1bdeaf22590f2487438265608a6d1f8f.usd
bottle,1c6bc36fb5354526ef1384bd843d3948,suspicious,0.017563,0.057869,205,ok;ok;blank;ok,/cpfs/user/zhuzihou/assets/dedup_workspaces/test0_transitive_apply_parallel/dataset/GRScenes_assets/bottle/1c6bc36fb5354526ef1384bd843d3948,/cpfs/user/zhuzihou/assets/dedup_workspaces/test0_transitive_apply_parallel/dataset/GRScenes_assets/bottle/1c6bc36fb5354526ef1384bd843d3948/usd/1c6bc36fb5354526ef1384bd843d3948.usd
bottle,1c8dd3b72ec079906eb56a52e8c5a5e0,ok,0.132023,0.215202,421,ok;ok;ok;ok,/cpfs/user/zhuzihou/assets/dedup_workspaces/test0_transitive_apply_parallel/dataset/GRScenes_assets/bottle/1c8dd3b72ec079906eb56a52e8c5a5e0,/cpfs/user/zhuzihou/assets/dedup_workspaces/test0_transitive_apply_parallel/dataset/GRScenes_assets/bottle/1c8dd3b72ec079906eb56a52e8c5a5e0/usd/1c8dd3b72ec079906eb56a52e8c5a5e0.usd
bottle,1d0b687102526686a279c1f6f649997e,suspicious,0.043320,0.053261,184,ok;blank;blank;ok,/cpfs/user/zhuzihou/assets/dedup_workspaces/test0_transitive_apply_parallel/dataset/GRScenes_assets/bottle/1d0b687102526686a279c1f6f649997e,/cpfs/user/zhuzihou/assets/dedup_workspaces/test0_transitive_apply_parallel/dataset/GRScenes_assets/bottle/1d0b687102526686a279c1f6f649997e/usd/1d0b687102526686a279c1f6f649997e.usd
bottle,1da1bfdd4d5a43c9f5e6e929be8a78f9,suspicious,0.017258,0.019260,99,blank;blank;blank;tiny,/cpfs/user/zhuzihou/assets/dedup_workspaces/test0_transitive_apply_parallel/dataset/GRScenes_assets/bottle/1da1bfdd4d5a43c9f5e6e929be8a78f9,/cpfs/user/zhuzihou/assets/dedup_workspaces/test0_transitive_apply_parallel/dataset/GRScenes_assets/bottle/1da1bfdd4d5a43c9f5e6e929be8a78f9/usd/1da1bfdd4d5a43c9f5e6e929be8a78f9.usd
bottle,1df67a23b5532cecbbca63f0b41e2524,blank,0.000000,0.000000,0,blank;blank;blank;blank,/cpfs/user/zhuzihou/assets/dedup_workspaces/test0_transitive_apply_parallel/dataset/GRScenes_assets/bottle/1df67a23b5532cecbbca63f0b41e2524,/cpfs/user/zhuzihou/assets/dedup_workspaces/test0_transitive_apply_parallel/dataset/GRScenes_assets/bottle/1df67a23b5532cecbbca63f0b41e2524/usd/1df67a23b5532cecbbca63f0b41e2524.usd
bottle,1dfbe3ab6d5af03f677aa7538db98a04,ok,0.432652,0.449219,512,ok;ok;ok;ok,/cpfs/user/zhuzihou/assets/dedup_workspaces/test0_transitive_apply_parallel/dataset/GRScenes_assets/bottle/1dfbe3ab6d5af03f677aa7538db98a04,/cpfs/user/zhuzihou/assets/dedup_workspaces/test0_transitive_apply_parallel/dataset/GRScenes_assets/bottle/1dfbe3ab6d5af03f677aa7538db98a04/usd/1dfbe3ab6d5af03f677aa7538db98a04.usd
bottle,1e162bae7772a09731b82cddc158fd9a,blank,0.000000,0.000000,0,blank;blank;blank;blank,/cpfs/user/zhuzihou/assets/dedup_workspaces/test0_transitive_apply_parallel/dataset/GRScenes_assets/bottle/1e162bae7772a09731b82cddc158fd9a,/cpfs/user/zhuzihou/assets/dedup_workspaces/test0_transitive_apply_parallel/dataset/GRScenes_assets/bottle/1e162bae7772a09731b82cddc158fd9a/usd/1e162bae7772a09731b82cddc158fd9a.usd
bottle,1e450eb4442099fdc2c4ca68df6c3348,ok,0.364941,0.415482,474,ok;ok;ok;ok,/cpfs/user/zhuzihou/assets/dedup_workspaces/test0_transitive_apply_parallel/dataset/GRScenes_assets/bottle/1e450eb4442099fdc2c4ca68df6c3348,/cpfs/user/zhuzihou/assets/dedup_workspaces/test0_transitive_apply_parallel/dataset/GRScenes_assets/bottle/1e450eb4442099fdc2c4ca68df6c3348/usd/1e450eb4442099fdc2c4ca68df6c3348.usd
bottle,1fbb8fc3e3920a9ba65822ed0ecac0eb,suspicious,0.035915,0.044098,136,ok;blank;blank;ok,/cpfs/user/zhuzihou/assets/dedup_workspaces/test0_transitive_apply_parallel/dataset/GRScenes_assets/bottle/1fbb8fc3e3920a9ba65822ed0ecac0eb,/cpfs/user/zhuzihou/assets/dedup_workspaces/test0_transitive_apply_parallel/dataset/GRScenes_assets/bottle/1fbb8fc3e3920a9ba65822ed0ecac0eb/usd/1fbb8fc3e3920a9ba65822ed0ecac0eb.usd
bottle,1fff6c8d418804e082d97d6039a03416,ok,0.221340,0.338211,399,ok;ok;ok;ok,/cpfs/user/zhuzihou/assets/dedup_workspaces/test0_transitive_apply_parallel/dataset/GRScenes_assets/bottle/1fff6c8d418804e082d97d6039a03416,/cpfs/user/zhuzihou/assets/dedup_workspaces/test0_transitive_apply_parallel/dataset/GRScenes_assets/bottle/1fff6c8d418804e082d97d6039a03416/usd/1fff6c8d418804e082d97d6039a03416.usd
bottle,1fffe2d1b85937bd9f26e2adfbb4d172,suspicious,0.018803,0.021423,104,blank;ok;blank;blank,/cpfs/user/zhuzihou/assets/dedup_workspaces/test0_transitive_apply_parallel/dataset/GRScenes_assets/bottle/1fffe2d1b85937bd9f26e2adfbb4d172,/cpfs/user/zhuzihou/assets/dedup_workspaces/test0_transitive_apply_parallel/dataset/GRScenes_assets/bottle/1fffe2d1b85937bd9f26e2adfbb4d172/usd/1fffe2d1b85937bd9f26e2adfbb4d172.usd
bottle,200ef2c167ba5c82287aea27573e190b,blank,0.000000,0.000000,0,blank;blank;blank;blank,/cpfs/user/zhuzihou/assets/dedup_workspaces/test0_transitive_apply_parallel/dataset/GRScenes_assets/bottle/200ef2c167ba5c82287aea27573e190b,/cpfs/user/zhuzihou/assets/dedup_workspaces/test0_transitive_apply_parallel/dataset/GRScenes_assets/bottle/200ef2c167ba5c82287aea27573e190b/usd/200ef2c167ba5c82287aea27573e190b.usd
bottle,202801c6a7c2b9e9d996442ad0ab1cc8,blank,0.000000,0.000000,0,blank;blank;blank;blank,/cpfs/user/zhuzihou/assets/dedup_workspaces/test0_transitive_apply_parallel/dataset/GRScenes_assets/bottle/202801c6a7c2b9e9d996442ad0ab1cc8,/cpfs/user/zhuzihou/assets/dedup_workspaces/test0_transitive_apply_parallel/dataset/GRScenes_assets/bottle/202801c6a7c2b9e9d996442ad0ab1cc8/usd/202801c6a7c2b9e9d996442ad0ab1cc8.usd
bottle,2028bd524c828737c583b6d763f39623,ok,0.260490,0.336647,353,ok;ok;ok;ok,/cpfs/user/zhuzihou/assets/dedup_workspaces/test0_transitive_apply_parallel/dataset/GRScenes_assets/bottle/2028bd524c828737c583b6d763f39623,/cpfs/user/zhuzihou/assets/dedup_workspaces/test0_transitive_apply_parallel/dataset/GRScenes_assets/bottle/2028bd524c828737c583b6d763f39623/usd/2028bd524c828737c583b6d763f39623.usd
bottle,2060d9258dc85f37aec6f543707e473f,blank,0.000000,0.000000,0,blank;blank;blank;blank,/cpfs/user/zhuzihou/assets/dedup_workspaces/test0_transitive_apply_parallel/dataset/GRScenes_assets/bottle/2060d9258dc85f37aec6f543707e473f,/cpfs/user/zhuzihou/assets/dedup_workspaces/test0_transitive_apply_parallel/dataset/GRScenes_assets/bottle/2060d9258dc85f37aec6f543707e473f/usd/2060d9258dc85f37aec6f543707e473f.usd
bottle,20b91b536a335327004e6c2ad1a605eb,suspicious,0.057281,0.062897,229,ok;ok;tiny;blank,/cpfs/user/zhuzihou/assets/dedup_workspaces/test0_transitive_apply_parallel/dataset/GRScenes_assets/bottle/20b91b536a335327004e6c2ad1a605eb,/cpfs/user/zhuzihou/assets/dedup_workspaces/test0_transitive_apply_parallel/dataset/GRScenes_assets/bottle/20b91b536a335327004e6c2ad1a605eb/usd/20b91b536a335327004e6c2ad1a605eb.usd
bottle,21761f59d4beb332512447052b20363f,suspicious,0.040321,0.055695,146,ok;ok;blank;blank,/cpfs/user/zhuzihou/assets/dedup_workspaces/test0_transitive_apply_parallel/dataset/GRScenes_assets/bottle/21761f59d4beb332512447052b20363f,/cpfs/user/zhuzihou/assets/dedup_workspaces/test0_transitive_apply_parallel/dataset/GRScenes_assets/bottle/21761f59d4beb332512447052b20363f/usd/21761f59d4beb332512447052b20363f.usd
bottle,220dd36d97465293be0dc68ccac136af,blank,0.000000,0.000000,0,blank;blank;blank;blank,/cpfs/user/zhuzihou/assets/dedup_workspaces/test0_transitive_apply_parallel/dataset/GRScenes_assets/bottle/220dd36d97465293be0dc68ccac136af,/cpfs/user/zhuzihou/assets/dedup_workspaces/test0_transitive_apply_parallel/dataset/GRScenes_assets/bottle/220dd36d97465293be0dc68ccac136af/usd/220dd36d97465293be0dc68ccac136af.usd
bottle,2255766a0192eb9d275e96fa7ffd8344,ok,0.253670,0.314453,512,ok;ok;ok;ok,/cpfs/user/zhuzihou/assets/dedup_workspaces/test0_transitive_apply_parallel/dataset/GRScenes_assets/bottle/2255766a0192eb9d275e96fa7ffd8344,/cpfs/user/zhuzihou/assets/dedup_workspaces/test0_transitive_apply_parallel/dataset/GRScenes_assets/bottle/2255766a0192eb9d275e96fa7ffd8344/usd/2255766a0192eb9d275e96fa7ffd8344.usd
bottle,229d7ad2f8058f5a47ef25e2b5cb4988,ok,0.269650,0.335300,476,ok;ok;ok;ok,/cpfs/user/zhuzihou/assets/dedup_workspaces/test0_transitive_apply_parallel/dataset/GRScenes_assets/bottle/229d7ad2f8058f5a47ef25e2b5cb4988,/cpfs/user/zhuzihou/assets/dedup_workspaces/test0_transitive_apply_parallel/dataset/GRScenes_assets/bottle/229d7ad2f8058f5a47ef25e2b5cb4988/usd/229d7ad2f8058f5a47ef25e2b5cb4988.usd
bottle,22ee8d235f39e0ef7f76cee8611c1a41,ok,0.203594,0.291824,462,ok;ok;ok;ok,/cpfs/user/zhuzihou/assets/dedup_workspaces/test0_transitive_apply_parallel/dataset/GRScenes_assets/bottle/22ee8d235f39e0ef7f76cee8611c1a41,/cpfs/user/zhuzihou/assets/dedup_workspaces/test0_transitive_apply_parallel/dataset/GRScenes_assets/bottle/22ee8d235f39e0ef7f76cee8611c1a41/usd/22ee8d235f39e0ef7f76cee8611c1a41.usd
bottle,22f0953705f26e5ae14f4bcab180718e,blank,0.000000,0.000000,0,blank;blank;blank;blank,/cpfs/user/zhuzihou/assets/dedup_workspaces/test0_transitive_apply_parallel/dataset/GRScenes_assets/bottle/22f0953705f26e5ae14f4bcab180718e,/cpfs/user/zhuzihou/assets/dedup_workspaces/test0_transitive_apply_parallel/dataset/GRScenes_assets/bottle/22f0953705f26e5ae14f4bcab180718e/usd/22f0953705f26e5ae14f4bcab180718e.usd
bottle,2358f29ab72d60549816f3dab7c2c546,suspicious,0.014675,0.015564,85,tiny;blank;blank;blank,/cpfs/user/zhuzihou/assets/dedup_workspaces/test0_transitive_apply_parallel/dataset/GRScenes_assets/bottle/2358f29ab72d60549816f3dab7c2c546,/cpfs/user/zhuzihou/assets/dedup_workspaces/test0_transitive_apply_parallel/dataset/GRScenes_assets/bottle/2358f29ab72d60549816f3dab7c2c546/usd/2358f29ab72d60549816f3dab7c2c546.usd
bottle,236d128f49781164650811d193a7f584,ok,0.077396,0.433212,419,ok;ok;ok;ok,/cpfs/user/zhuzihou/assets/dedup_workspaces/test0_transitive_apply_parallel/dataset/GRScenes_assets/bottle/236d128f49781164650811d193a7f584,/cpfs/user/zhuzihou/assets/dedup_workspaces/test0_transitive_apply_parallel/dataset/GRScenes_assets/bottle/236d128f49781164650811d193a7f584/usd/236d128f49781164650811d193a7f584.usd
bottle,23c089710b88f54b59889d0c3b57adb7,suspicious,0.029461,0.035366,127,tiny;blank;blank;ok,/cpfs/user/zhuzihou/assets/dedup_workspaces/test0_transitive_apply_parallel/dataset/GRScenes_assets/bottle/23c089710b88f54b59889d0c3b57adb7,/cpfs/user/zhuzihou/assets/dedup_workspaces/test0_transitive_apply_parallel/dataset/GRScenes_assets/bottle/23c089710b88f54b59889d0c3b57adb7/usd/23c089710b88f54b59889d0c3b57adb7.usd
bottle,23f1d3ecc9f811bdcd7b4f9a169f9f9f,suspicious,0.109268,0.130970,247,blank;tiny;ok;ok,/cpfs/user/zhuzihou/assets/dedup_workspaces/test0_transitive_apply_parallel/dataset/GRScenes_assets/bottle/23f1d3ecc9f811bdcd7b4f9a169f9f9f,/cpfs/user/zhuzihou/assets/dedup_workspaces/test0_transitive_apply_parallel/dataset/GRScenes_assets/bottle/23f1d3ecc9f811bdcd7b4f9a169f9f9f/usd/23f1d3ecc9f811bdcd7b4f9a169f9f9f.usd
bottle,2438e617a7f8c23c156e21dfb6628cda,ok,0.115086,0.337418,471,ok;ok;ok;ok,/cpfs/user/zhuzihou/assets/dedup_workspaces/test0_transitive_apply_parallel/dataset/GRScenes_assets/bottle/2438e617a7f8c23c156e21dfb6628cda,/cpfs/user/zhuzihou/assets/dedup_workspaces/test0_transitive_apply_parallel/dataset/GRScenes_assets/bottle/2438e617a7f8c23c156e21dfb6628cda/usd/2438e617a7f8c23c156e21dfb6628cda.usd
bottle,2475b1d276562a0152bb481253b15d9a,ok,0.302738,0.365799,437,ok;ok;ok;ok,/cpfs/user/zhuzihou/assets/dedup_workspaces/test0_transitive_apply_parallel/dataset/GRScenes_assets/bottle/2475b1d276562a0152bb481253b15d9a,/cpfs/user/zhuzihou/assets/dedup_workspaces/test0_transitive_apply_parallel/dataset/GRScenes_assets/bottle/2475b1d276562a0152bb481253b15d9a/usd/2475b1d276562a0152bb481253b15d9a.usd
bottle,247c08618a99186d9022c53c09d031fe,suspicious,0.038754,0.053959,205,blank;blank;ok;blank,/cpfs/user/zhuzihou/assets/dedup_workspaces/test0_transitive_apply_parallel/dataset/GRScenes_assets/bottle/247c08618a99186d9022c53c09d031fe,/cpfs/user/zhuzihou/assets/dedup_workspaces/test0_transitive_apply_parallel/dataset/GRScenes_assets/bottle/247c08618a99186d9022c53c09d031fe/usd/247c08618a99186d9022c53c09d031fe.usd
bottle,249abb9594802e414fb495562c52cdbe,ok,0.144329,0.335693,468,ok;ok;ok;ok,/cpfs/user/zhuzihou/assets/dedup_workspaces/test0_transitive_apply_parallel/dataset/GRScenes_assets/bottle/249abb9594802e414fb495562c52cdbe,/cpfs/user/zhuzihou/assets/dedup_workspaces/test0_transitive_apply_parallel/dataset/GRScenes_assets/bottle/249abb9594802e414fb495562c52cdbe/usd/249abb9594802e414fb495562c52cdbe.usd
bottle,24d6ad5552b78d472b75ec5f240ffebb,suspicious,0.009392,0.013599,115,blank;blank;tiny;blank,/cpfs/user/zhuzihou/assets/dedup_workspaces/test0_transitive_apply_parallel/dataset/GRScenes_assets/bottle/24d6ad5552b78d472b75ec5f240ffebb,/cpfs/user/zhuzihou/assets/dedup_workspaces/test0_transitive_apply_parallel/dataset/GRScenes_assets/bottle/24d6ad5552b78d472b75ec5f240ffebb/usd/24d6ad5552b78d472b75ec5f240ffebb.usd
bottle,2526fa239a28cd579d37dbccebd6dd98,suspicious,0.036739,0.057552,141,blank;blank;ok;ok,/cpfs/user/zhuzihou/assets/dedup_workspaces/test0_transitive_apply_parallel/dataset/GRScenes_assets/bottle/2526fa239a28cd579d37dbccebd6dd98,/cpfs/user/zhuzihou/assets/dedup_workspaces/test0_transitive_apply_parallel/dataset/GRScenes_assets/bottle/2526fa239a28cd579d37dbccebd6dd98/usd/2526fa239a28cd579d37dbccebd6dd98.usd
bottle,253cfa4d4a0c428cb17bc8e6bb3b6c51,blank,0.000000,0.000000,0,blank;blank;blank;blank,/cpfs/user/zhuzihou/assets/dedup_workspaces/test0_transitive_apply_parallel/dataset/GRScenes_assets/bottle/253cfa4d4a0c428cb17bc8e6bb3b6c51,/cpfs/user/zhuzihou/assets/dedup_workspaces/test0_transitive_apply_parallel/dataset/GRScenes_assets/bottle/253cfa4d4a0c428cb17bc8e6bb3b6c51/usd/253cfa4d4a0c428cb17bc8e6bb3b6c51.usd
bottle,25d433d582537df637e73037ed9e8229,blank,0.000000,0.000000,0,blank;blank;blank;blank,/cpfs/user/zhuzihou/assets/dedup_workspaces/test0_transitive_apply_parallel/dataset/GRScenes_assets/bottle/25d433d582537df637e73037ed9e8229,/cpfs/user/zhuzihou/assets/dedup_workspaces/test0_transitive_apply_parallel/dataset/GRScenes_assets/bottle/25d433d582537df637e73037ed9e8229/usd/25d433d582537df637e73037ed9e8229.usd
bottle,2642b274073fd34b27e3f6eb9018c394,ok,0.157524,0.233582,463,ok;ok;ok;ok,/cpfs/user/zhuzihou/assets/dedup_workspaces/test0_transitive_apply_parallel/dataset/GRScenes_assets/bottle/2642b274073fd34b27e3f6eb9018c394,/cpfs/user/zhuzihou/assets/dedup_workspaces/test0_transitive_apply_parallel/dataset/GRScenes_assets/bottle/2642b274073fd34b27e3f6eb9018c394/usd/2642b274073fd34b27e3f6eb9018c394.usd
bottle,2681d2ec5e8974786ee6060eb257c89f,blank,0.000000,0.000000,0,blank;blank;blank;blank,/cpfs/user/zhuzihou/assets/dedup_workspaces/test0_transitive_apply_parallel/dataset/GRScenes_assets/bottle/2681d2ec5e8974786ee6060eb257c89f,/cpfs/user/zhuzihou/assets/dedup_workspaces/test0_transitive_apply_parallel/dataset/GRScenes_assets/bottle/2681d2ec5e8974786ee6060eb257c89f/usd/2681d2ec5e8974786ee6060eb257c89f.usd
bottle,2684c86e2b7d963b834acf4b74c1e3bf,ok,0.483261,0.653057,505,ok;ok;ok;ok,/cpfs/user/zhuzihou/assets/dedup_workspaces/test0_transitive_apply_parallel/dataset/GRScenes_assets/bottle/2684c86e2b7d963b834acf4b74c1e3bf,/cpfs/user/zhuzihou/assets/dedup_workspaces/test0_transitive_apply_parallel/dataset/GRScenes_assets/bottle/2684c86e2b7d963b834acf4b74c1e3bf/usd/2684c86e2b7d963b834acf4b74c1e3bf.usd
bottle,2696c36f847643da4f16023f98ac610e,blank,0.000000,0.000000,0,blank;blank;blank;blank,/cpfs/user/zhuzihou/assets/dedup_workspaces/test0_transitive_apply_parallel/dataset/GRScenes_assets/bottle/2696c36f847643da4f16023f98ac610e,/cpfs/user/zhuzihou/assets/dedup_workspaces/test0_transitive_apply_parallel/dataset/GRScenes_assets/bottle/2696c36f847643da4f16023f98ac610e/usd/2696c36f847643da4f16023f98ac610e.usd
bottle,26c13afa9125afd66e7d324b8891efa2,blank,0.000000,0.000000,0,blank;blank;blank;blank,/cpfs/user/zhuzihou/assets/dedup_workspaces/test0_transitive_apply_parallel/dataset/GRScenes_assets/bottle/26c13afa9125afd66e7d324b8891efa2,/cpfs/user/zhuzihou/assets/dedup_workspaces/test0_transitive_apply_parallel/dataset/GRScenes_assets/bottle/26c13afa9125afd66e7d324b8891efa2/usd/26c13afa9125afd66e7d324b8891efa2.usd
bottle,27ec89ea796499a4251d07c2ba663d28,suspicious,0.015678,0.025124,89,blank;blank;blank;ok,/cpfs/user/zhuzihou/assets/dedup_workspaces/test0_transitive_apply_parallel/dataset/GRScenes_assets/bottle/27ec89ea796499a4251d07c2ba663d28,/cpfs/user/zhuzihou/assets/dedup_workspaces/test0_transitive_apply_parallel/dataset/GRScenes_assets/bottle/27ec89ea796499a4251d07c2ba663d28/usd/27ec89ea796499a4251d07c2ba663d28.usd
bottle,281458e58c8cfd6961ab19097642dab6,blank,0.000000,0.000000,0,blank;blank;blank;blank,/cpfs/user/zhuzihou/assets/dedup_workspaces/test0_transitive_apply_parallel/dataset/GRScenes_assets/bottle/281458e58c8cfd6961ab19097642dab6,/cpfs/user/zhuzihou/assets/dedup_workspaces/test0_transitive_apply_parallel/dataset/GRScenes_assets/bottle/281458e58c8cfd6961ab19097642dab6/usd/281458e58c8cfd6961ab19097642dab6.usd
bottle,2826fb1437b851c48c236121a09eaa52,blank,0.000000,0.000000,0,blank;blank;blank;blank,/cpfs/user/zhuzihou/assets/dedup_workspaces/test0_transitive_apply_parallel/dataset/GRScenes_assets/bottle/2826fb1437b851c48c236121a09eaa52,/cpfs/user/zhuzihou/assets/dedup_workspaces/test0_transitive_apply_parallel/dataset/GRScenes_assets/bottle/2826fb1437b851c48c236121a09eaa52/usd/2826fb1437b851c48c236121a09eaa52.usd
bottle,287d3c276e8fa3e3bf3ccc57a282f325,ok,0.166725,0.239445,464,ok;ok;ok;ok,/cpfs/user/zhuzihou/assets/dedup_workspaces/test0_transitive_apply_parallel/dataset/GRScenes_assets/bottle/287d3c276e8fa3e3bf3ccc57a282f325,/cpfs/user/zhuzihou/assets/dedup_workspaces/test0_transitive_apply_parallel/dataset/GRScenes_assets/bottle/287d3c276e8fa3e3bf3ccc57a282f325/usd/287d3c276e8fa3e3bf3ccc57a282f325.usd
bottle,292f26296e61558c8426c89bd506a82a,suspicious,0.005791,0.009567,66,blank;tiny;blank;blank,/cpfs/user/zhuzihou/assets/dedup_workspaces/test0_transitive_apply_parallel/dataset/GRScenes_assets/bottle/292f26296e61558c8426c89bd506a82a,/cpfs/user/zhuzihou/assets/dedup_workspaces/test0_transitive_apply_parallel/dataset/GRScenes_assets/bottle/292f26296e61558c8426c89bd506a82a/usd/292f26296e61558c8426c89bd506a82a.usd
bottle,2943e83894f5eab8985362fa1bc43307,suspicious,0.021416,0.030899,108,blank;blank;tiny;ok,/cpfs/user/zhuzihou/assets/dedup_workspaces/test0_transitive_apply_parallel/dataset/GRScenes_assets/bottle/2943e83894f5eab8985362fa1bc43307,/cpfs/user/zhuzihou/assets/dedup_workspaces/test0_transitive_apply_parallel/dataset/GRScenes_assets/bottle/2943e83894f5eab8985362fa1bc43307/usd/2943e83894f5eab8985362fa1bc43307.usd
bottle,29de99457dd53223ee4dd8b7b6d56fc1,ok,0.166008,0.238136,464,ok;ok;ok;ok,/cpfs/user/zhuzihou/assets/dedup_workspaces/test0_transitive_apply_parallel/dataset/GRScenes_assets/bottle/29de99457dd53223ee4dd8b7b6d56fc1,/cpfs/user/zhuzihou/assets/dedup_workspaces/test0_transitive_apply_parallel/dataset/GRScenes_assets/bottle/29de99457dd53223ee4dd8b7b6d56fc1/usd/29de99457dd53223ee4dd8b7b6d56fc1.usd
bottle,2a3a2baf6f768f365d867b49f7b4bdef,ok,0.085075,0.211449,260,ok;ok;ok;ok,/cpfs/user/zhuzihou/assets/dedup_workspaces/test0_transitive_apply_parallel/dataset/GRScenes_assets/bottle/2a3a2baf6f768f365d867b49f7b4bdef,/cpfs/user/zhuzihou/assets/dedup_workspaces/test0_transitive_apply_parallel/dataset/GRScenes_assets/bottle/2a3a2baf6f768f365d867b49f7b4bdef/usd/2a3a2baf6f768f365d867b49f7b4bdef.usd
bottle,2aa4a7151b8824ed974af050fc064ff9,blank,0.000000,0.000000,0,blank;blank;blank;blank,/cpfs/user/zhuzihou/assets/dedup_workspaces/test0_transitive_apply_parallel/dataset/GRScenes_assets/bottle/2aa4a7151b8824ed974af050fc064ff9,/cpfs/user/zhuzihou/assets/dedup_workspaces/test0_transitive_apply_parallel/dataset/GRScenes_assets/bottle/2aa4a7151b8824ed974af050fc064ff9/usd/2aa4a7151b8824ed974af050fc064ff9.usd
bottle,2b4dae1e5de9f39994b9bde103e51b08,blank,0.000000,0.000000,0,blank;blank;blank;blank,/cpfs/user/zhuzihou/assets/dedup_workspaces/test0_transitive_apply_parallel/dataset/GRScenes_assets/bottle/2b4dae1e5de9f39994b9bde103e51b08,/cpfs/user/zhuzihou/assets/dedup_workspaces/test0_transitive_apply_parallel/dataset/GRScenes_assets/bottle/2b4dae1e5de9f39994b9bde103e51b08/usd/2b4dae1e5de9f39994b9bde103e51b08.usd
bottle,2b5b133e05aada100b8b98d9592bbf6f,blank,0.000000,0.000000,0,blank;blank;blank;blank,/cpfs/user/zhuzihou/assets/dedup_workspaces/test0_transitive_apply_parallel/dataset/GRScenes_assets/bottle/2b5b133e05aada100b8b98d9592bbf6f,/cpfs/user/zhuzihou/assets/dedup_workspaces/test0_transitive_apply_parallel/dataset/GRScenes_assets/bottle/2b5b133e05aada100b8b98d9592bbf6f/usd/2b5b133e05aada100b8b98d9592bbf6f.usd
bottle,2b7976606a30e3b86659e676dfeafcea,ok,0.152626,0.228516,512,ok;ok;ok;ok,/cpfs/user/zhuzihou/assets/dedup_workspaces/test0_transitive_apply_parallel/dataset/GRScenes_assets/bottle/2b7976606a30e3b86659e676dfeafcea,/cpfs/user/zhuzihou/assets/dedup_workspaces/test0_transitive_apply_parallel/dataset/GRScenes_assets/bottle/2b7976606a30e3b86659e676dfeafcea/usd/2b7976606a30e3b86659e676dfeafcea.usd
bottle,2c5cf005701d34c886fbbcd2cc78141e,ok,0.269344,0.333954,476,ok;ok;ok;ok,/cpfs/user/zhuzihou/assets/dedup_workspaces/test0_transitive_apply_parallel/dataset/GRScenes_assets/bottle/2c5cf005701d34c886fbbcd2cc78141e,/cpfs/user/zhuzihou/assets/dedup_workspaces/test0_transitive_apply_parallel/dataset/GRScenes_assets/bottle/2c5cf005701d34c886fbbcd2cc78141e/usd/2c5cf005701d34c886fbbcd2cc78141e.usd
bottle,2ced14cd976041f62906951d2822cb21,blank,0.000000,0.000000,0,blank;blank;blank;blank,/cpfs/user/zhuzihou/assets/dedup_workspaces/test0_transitive_apply_parallel/dataset/GRScenes_assets/bottle/2ced14cd976041f62906951d2822cb21,/cpfs/user/zhuzihou/assets/dedup_workspaces/test0_transitive_apply_parallel/dataset/GRScenes_assets/bottle/2ced14cd976041f62906951d2822cb21/usd/2ced14cd976041f62906951d2822cb21.usd
bottle,2d830328500665ee4495ba46fb745441,blank,0.000000,0.000000,0,blank;blank;blank;blank,/cpfs/user/zhuzihou/assets/dedup_workspaces/test0_transitive_apply_parallel/dataset/GRScenes_assets/bottle/2d830328500665ee4495ba46fb745441,/cpfs/user/zhuzihou/assets/dedup_workspaces/test0_transitive_apply_parallel/dataset/GRScenes_assets/bottle/2d830328500665ee4495ba46fb745441/usd/2d830328500665ee4495ba46fb745441.usd
bottle,2d84b24ee47c954e1f9fa2ef92ba18b7,ok,0.206219,0.293983,464,ok;ok;ok;ok,/cpfs/user/zhuzihou/assets/dedup_workspaces/test0_transitive_apply_parallel/dataset/GRScenes_assets/bottle/2d84b24ee47c954e1f9fa2ef92ba18b7,/cpfs/user/zhuzihou/assets/dedup_workspaces/test0_transitive_apply_parallel/dataset/GRScenes_assets/bottle/2d84b24ee47c954e1f9fa2ef92ba18b7/usd/2d84b24ee47c954e1f9fa2ef92ba18b7.usd
bottle,2db055aa21d05c5f7d98bf4304a9a198,ok,0.396286,0.513519,474,ok;ok;ok;ok,/cpfs/user/zhuzihou/assets/dedup_workspaces/test0_transitive_apply_parallel/dataset/GRScenes_assets/bottle/2db055aa21d05c5f7d98bf4304a9a198,/cpfs/user/zhuzihou/assets/dedup_workspaces/test0_transitive_apply_parallel/dataset/GRScenes_assets/bottle/2db055aa21d05c5f7d98bf4304a9a198/usd/2db055aa21d05c5f7d98bf4304a9a198.usd
bottle,2dbf39466131f49990665adad8437b83,suspicious,0.047752,0.055756,168,ok;blank;blank;ok,/cpfs/user/zhuzihou/assets/dedup_workspaces/test0_transitive_apply_parallel/dataset/GRScenes_assets/bottle/2dbf39466131f49990665adad8437b83,/cpfs/user/zhuzihou/assets/dedup_workspaces/test0_transitive_apply_parallel/dataset/GRScenes_assets/bottle/2dbf39466131f49990665adad8437b83/usd/2dbf39466131f49990665adad8437b83.usd
bottle,2dc18a26b82d6a0e3f7b759eef026bdc,suspicious,0.006050,0.014191,62,blank;blank;blank;tiny,/cpfs/user/zhuzihou/assets/dedup_workspaces/test0_transitive_apply_parallel/dataset/GRScenes_assets/bottle/2dc18a26b82d6a0e3f7b759eef026bdc,/cpfs/user/zhuzihou/assets/dedup_workspaces/test0_transitive_apply_parallel/dataset/GRScenes_assets/bottle/2dc18a26b82d6a0e3f7b759eef026bdc/usd/2dc18a26b82d6a0e3f7b759eef026bdc.usd
bottle,2e43b7af45010c5babf02d520363d92f,ok,0.195026,0.236328,512,ok;ok;ok;ok,/cpfs/user/zhuzihou/assets/dedup_workspaces/test0_transitive_apply_parallel/dataset/GRScenes_assets/bottle/2e43b7af45010c5babf02d520363d92f,/cpfs/user/zhuzihou/assets/dedup_workspaces/test0_transitive_apply_parallel/dataset/GRScenes_assets/bottle/2e43b7af45010c5babf02d520363d92f/usd/2e43b7af45010c5babf02d520363d92f.usd
bottle,2e544c656f9a010185fdb0530cfc243c,blank,0.000000,0.000000,0,blank;blank;blank;blank,/cpfs/user/zhuzihou/assets/dedup_workspaces/test0_transitive_apply_parallel/dataset/GRScenes_assets/bottle/2e544c656f9a010185fdb0530cfc243c,/cpfs/user/zhuzihou/assets/dedup_workspaces/test0_transitive_apply_parallel/dataset/GRScenes_assets/bottle/2e544c656f9a010185fdb0530cfc243c/usd/2e544c656f9a010185fdb0530cfc243c.usd
bottle,2e5f33c3f6e66c95c95d26e68f58db66,ok,0.290520,0.405350,460,ok;ok;ok;ok,/cpfs/user/zhuzihou/assets/dedup_workspaces/test0_transitive_apply_parallel/dataset/GRScenes_assets/bottle/2e5f33c3f6e66c95c95d26e68f58db66,/cpfs/user/zhuzihou/assets/dedup_workspaces/test0_transitive_apply_parallel/dataset/GRScenes_assets/bottle/2e5f33c3f6e66c95c95d26e68f58db66/usd/2e5f33c3f6e66c95c95d26e68f58db66.usd
bottle,2e66c5fd32855607ae40cda6df763dc9,ok,0.285263,0.341812,429,ok;ok;ok;ok,/cpfs/user/zhuzihou/assets/dedup_workspaces/test0_transitive_apply_parallel/dataset/GRScenes_assets/bottle/2e66c5fd32855607ae40cda6df763dc9,/cpfs/user/zhuzihou/assets/dedup_workspaces/test0_transitive_apply_parallel/dataset/GRScenes_assets/bottle/2e66c5fd32855607ae40cda6df763dc9/usd/2e66c5fd32855607ae40cda6df763dc9.usd
bottle,2eb00f6a83ac54ea54b118485086fdde,ok,0.391979,0.523438,512,ok;ok;ok;ok,/cpfs/user/zhuzihou/assets/dedup_workspaces/test0_transitive_apply_parallel/dataset/GRScenes_assets/bottle/2eb00f6a83ac54ea54b118485086fdde,/cpfs/user/zhuzihou/assets/dedup_workspaces/test0_transitive_apply_parallel/dataset/GRScenes_assets/bottle/2eb00f6a83ac54ea54b118485086fdde/usd/2eb00f6a83ac54ea54b118485086fdde.usd
bottle,2f03f0c6f6cbefcadc1137c1e620d176,blank,0.000000,0.000000,0,blank;blank;blank;blank,/cpfs/user/zhuzihou/assets/dedup_workspaces/test0_transitive_apply_parallel/dataset/GRScenes_assets/bottle/2f03f0c6f6cbefcadc1137c1e620d176,/cpfs/user/zhuzihou/assets/dedup_workspaces/test0_transitive_apply_parallel/dataset/GRScenes_assets/bottle/2f03f0c6f6cbefcadc1137c1e620d176/usd/2f03f0c6f6cbefcadc1137c1e620d176.usd
bottle,30a990ebc15a71d7da8baeac0600664d,blank,0.000000,0.000000,0,blank;blank;blank;blank,/cpfs/user/zhuzihou/assets/dedup_workspaces/test0_transitive_apply_parallel/dataset/GRScenes_assets/bottle/30a990ebc15a71d7da8baeac0600664d,/cpfs/user/zhuzihou/assets/dedup_workspaces/test0_transitive_apply_parallel/dataset/GRScenes_assets/bottle/30a990ebc15a71d7da8baeac0600664d/usd/30a990ebc15a71d7da8baeac0600664d.usd
bottle,30ba96a4f082b37f132e9653fbea9c15,suspicious,0.032845,0.033722,104,blank;blank;ok;blank,/cpfs/user/zhuzihou/assets/dedup_workspaces/test0_transitive_apply_parallel/dataset/GRScenes_assets/bottle/30ba96a4f082b37f132e9653fbea9c15,/cpfs/user/zhuzihou/assets/dedup_workspaces/test0_transitive_apply_parallel/dataset/GRScenes_assets/bottle/30ba96a4f082b37f132e9653fbea9c15/usd/30ba96a4f082b37f132e9653fbea9c15.usd
bottle,312e1f34a6fd0ea7762fed294b7d9d89,blank,0.000000,0.000000,0,blank;blank;blank;blank,/cpfs/user/zhuzihou/assets/dedup_workspaces/test0_transitive_apply_parallel/dataset/GRScenes_assets/bottle/312e1f34a6fd0ea7762fed294b7d9d89,/cpfs/user/zhuzihou/assets/dedup_workspaces/test0_transitive_apply_parallel/dataset/GRScenes_assets/bottle/312e1f34a6fd0ea7762fed294b7d9d89/usd/312e1f34a6fd0ea7762fed294b7d9d89.usd
bottle,314b19ea4876f0e0655e676e243972cf,suspicious,0.033916,0.051865,132,blank;blank;blank;ok,/cpfs/user/zhuzihou/assets/dedup_workspaces/test0_transitive_apply_parallel/dataset/GRScenes_assets/bottle/314b19ea4876f0e0655e676e243972cf,/cpfs/user/zhuzihou/assets/dedup_workspaces/test0_transitive_apply_parallel/dataset/GRScenes_assets/bottle/314b19ea4876f0e0655e676e243972cf/usd/314b19ea4876f0e0655e676e243972cf.usd
bottle,314cceb346b19989f3aebacf8621612b,suspicious,0.039516,0.054749,169,ok;ok;blank;blank,/cpfs/user/zhuzihou/assets/dedup_workspaces/test0_transitive_apply_parallel/dataset/GRScenes_assets/bottle/314cceb346b19989f3aebacf8621612b,/cpfs/user/zhuzihou/assets/dedup_workspaces/test0_transitive_apply_parallel/dataset/GRScenes_assets/bottle/314cceb346b19989f3aebacf8621612b/usd/314cceb346b19989f3aebacf8621612b.usd
bottle,3153d54f07dd4f15504e653769b39337,blank,0.000000,0.000000,0,blank;blank;blank;blank,/cpfs/user/zhuzihou/assets/dedup_workspaces/test0_transitive_apply_parallel/dataset/GRScenes_assets/bottle/3153d54f07dd4f15504e653769b39337,/cpfs/user/zhuzihou/assets/dedup_workspaces/test0_transitive_apply_parallel/dataset/GRScenes_assets/bottle/3153d54f07dd4f15504e653769b39337/usd/3153d54f07dd4f15504e653769b39337.usd
bottle,32196f5b9d15b871e5eea2641a166c1b,ok,0.358963,0.395939,409,ok;ok;ok;ok,/cpfs/user/zhuzihou/assets/dedup_workspaces/test0_transitive_apply_parallel/dataset/GRScenes_assets/bottle/32196f5b9d15b871e5eea2641a166c1b,/cpfs/user/zhuzihou/assets/dedup_workspaces/test0_transitive_apply_parallel/dataset/GRScenes_assets/bottle/32196f5b9d15b871e5eea2641a166c1b/usd/32196f5b9d15b871e5eea2641a166c1b.usd
bottle,325e7623b82bcaa5a6c2d5b5aea8be87,ok,0.519405,0.765625,512,ok;ok;ok;ok,/cpfs/user/zhuzihou/assets/dedup_workspaces/test0_transitive_apply_parallel/dataset/GRScenes_assets/bottle/325e7623b82bcaa5a6c2d5b5aea8be87,/cpfs/user/zhuzihou/assets/dedup_workspaces/test0_transitive_apply_parallel/dataset/GRScenes_assets/bottle/325e7623b82bcaa5a6c2d5b5aea8be87/usd/325e7623b82bcaa5a6c2d5b5aea8be87.usd
bottle,32c94882e701219a85e6d7864f624774,suspicious,0.010609,0.013298,83,blank;blank;blank;tiny,/cpfs/user/zhuzihou/assets/dedup_workspaces/test0_transitive_apply_parallel/dataset/GRScenes_assets/bottle/32c94882e701219a85e6d7864f624774,/cpfs/user/zhuzihou/assets/dedup_workspaces/test0_transitive_apply_parallel/dataset/GRScenes_assets/bottle/32c94882e701219a85e6d7864f624774/usd/32c94882e701219a85e6d7864f624774.usd
bottle,340608e0cad01512a1ab9b9a2a784498,ok,0.193176,0.256947,467,ok;ok;ok;ok,/cpfs/user/zhuzihou/assets/dedup_workspaces/test0_transitive_apply_parallel/dataset/GRScenes_assets/bottle/340608e0cad01512a1ab9b9a2a784498,/cpfs/user/zhuzihou/assets/dedup_workspaces/test0_transitive_apply_parallel/dataset/GRScenes_assets/bottle/340608e0cad01512a1ab9b9a2a784498/usd/340608e0cad01512a1ab9b9a2a784498.usd
bottle,34455a1739a48c3e82f3611bb3a56a42,suspicious,0.010040,0.019215,73,blank;blank;blank;tiny,/cpfs/user/zhuzihou/assets/dedup_workspaces/test0_transitive_apply_parallel/dataset/GRScenes_assets/bottle/34455a1739a48c3e82f3611bb3a56a42,/cpfs/user/zhuzihou/assets/dedup_workspaces/test0_transitive_apply_parallel/dataset/GRScenes_assets/bottle/34455a1739a48c3e82f3611bb3a56a42/usd/34455a1739a48c3e82f3611bb3a56a42.usd
bottle,348083faee227ffaebd97a4a75b56e67,blank,0.000000,0.000000,0,blank;blank;blank;blank,/cpfs/user/zhuzihou/assets/dedup_workspaces/test0_transitive_apply_parallel/dataset/GRScenes_assets/bottle/348083faee227ffaebd97a4a75b56e67,/cpfs/user/zhuzihou/assets/dedup_workspaces/test0_transitive_apply_parallel/dataset/GRScenes_assets/bottle/348083faee227ffaebd97a4a75b56e67/usd/348083faee227ffaebd97a4a75b56e67.usd
bottle,34e9f837f4c5ca694bfdd833948e1015,ok,0.133587,0.162842,346,ok;ok;ok;ok,/cpfs/user/zhuzihou/assets/dedup_workspaces/test0_transitive_apply_parallel/dataset/GRScenes_assets/bottle/34e9f837f4c5ca694bfdd833948e1015,/cpfs/user/zhuzihou/assets/dedup_workspaces/test0_transitive_apply_parallel/dataset/GRScenes_assets/bottle/34e9f837f4c5ca694bfdd833948e1015/usd/34e9f837f4c5ca694bfdd833948e1015.usd
bottle,35be58c92f6af2d53721788c80f7f1d6,blank,0.000000,0.000000,0,blank;blank;blank;blank,/cpfs/user/zhuzihou/assets/dedup_workspaces/test0_transitive_apply_parallel/dataset/GRScenes_assets/bottle/35be58c92f6af2d53721788c80f7f1d6,/cpfs/user/zhuzihou/assets/dedup_workspaces/test0_transitive_apply_parallel/dataset/GRScenes_assets/bottle/35be58c92f6af2d53721788c80f7f1d6/usd/35be58c92f6af2d53721788c80f7f1d6.usd
bottle,35c8cf43dd7c300768b83551a489f57a,suspicious,0.004745,0.006042,48,blank;blank;blank;tiny,/cpfs/user/zhuzihou/assets/dedup_workspaces/test0_transitive_apply_parallel/dataset/GRScenes_assets/bottle/35c8cf43dd7c300768b83551a489f57a,/cpfs/user/zhuzihou/assets/dedup_workspaces/test0_transitive_apply_parallel/dataset/GRScenes_assets/bottle/35c8cf43dd7c300768b83551a489f57a/usd/35c8cf43dd7c300768b83551a489f57a.usd
bottle,36757695b7d5a576f0160e8a71e11f20,blank,0.000000,0.000000,0,blank;blank;blank;blank,/cpfs/user/zhuzihou/assets/dedup_workspaces/test0_transitive_apply_parallel/dataset/GRScenes_assets/bottle/36757695b7d5a576f0160e8a71e11f20,/cpfs/user/zhuzihou/assets/dedup_workspaces/test0_transitive_apply_parallel/dataset/GRScenes_assets/bottle/36757695b7d5a576f0160e8a71e11f20/usd/36757695b7d5a576f0160e8a71e11f20.usd
bottle,36b100a7df24e6acc84b6133784a257a,ok,0.151012,0.152344,512,ok;ok;ok;ok,/cpfs/user/zhuzihou/assets/dedup_workspaces/test0_transitive_apply_parallel/dataset/GRScenes_assets/bottle/36b100a7df24e6acc84b6133784a257a,/cpfs/user/zhuzihou/assets/dedup_workspaces/test0_transitive_apply_parallel/dataset/GRScenes_assets/bottle/36b100a7df24e6acc84b6133784a257a/usd/36b100a7df24e6acc84b6133784a257a.usd
bottle,3805cd7b74c73c5c9fdbabb41a413440,ok,0.210495,0.255360,511,ok;ok;ok;ok,/cpfs/user/zhuzihou/assets/dedup_workspaces/test0_transitive_apply_parallel/dataset/GRScenes_assets/bottle/3805cd7b74c73c5c9fdbabb41a413440,/cpfs/user/zhuzihou/assets/dedup_workspaces/test0_transitive_apply_parallel/dataset/GRScenes_assets/bottle/3805cd7b74c73c5c9fdbabb41a413440/usd/3805cd7b74c73c5c9fdbabb41a413440.usd
bottle,38792068e3c6db28391e085f537729a1,ok,0.170509,0.276581,424,ok;ok;ok;ok,/cpfs/user/zhuzihou/assets/dedup_workspaces/test0_transitive_apply_parallel/dataset/GRScenes_assets/bottle/38792068e3c6db28391e085f537729a1,/cpfs/user/zhuzihou/assets/dedup_workspaces/test0_transitive_apply_parallel/dataset/GRScenes_assets/bottle/38792068e3c6db28391e085f537729a1/usd/38792068e3c6db28391e085f537729a1.usd
bottle,38a83b629e4e445b66bd0d015443bf1b,blank,0.000000,0.000000,0,blank;blank;blank;blank,/cpfs/user/zhuzihou/assets/dedup_workspaces/test0_transitive_apply_parallel/dataset/GRScenes_assets/bottle/38a83b629e4e445b66bd0d015443bf1b,/cpfs/user/zhuzihou/assets/dedup_workspaces/test0_transitive_apply_parallel/dataset/GRScenes_assets/bottle/38a83b629e4e445b66bd0d015443bf1b/usd/38a83b629e4e445b66bd0d015443bf1b.usd
bottle,3958f6635643a60e76276e57e62e9dd0,suspicious,0.017471,0.019131,85,blank;blank;tiny;blank,/cpfs/user/zhuzihou/assets/dedup_workspaces/test0_transitive_apply_parallel/dataset/GRScenes_assets/bottle/3958f6635643a60e76276e57e62e9dd0,/cpfs/user/zhuzihou/assets/dedup_workspaces/test0_transitive_apply_parallel/dataset/GRScenes_assets/bottle/3958f6635643a60e76276e57e62e9dd0/usd/3958f6635643a60e76276e57e62e9dd0.usd
bottle,39e0238ee7ebae768bcd91ceda58c697,suspicious,0.082973,0.095329,255,ok;ok;ok;tiny,/cpfs/user/zhuzihou/assets/dedup_workspaces/test0_transitive_apply_parallel/dataset/GRScenes_assets/bottle/39e0238ee7ebae768bcd91ceda58c697,/cpfs/user/zhuzihou/assets/dedup_workspaces/test0_transitive_apply_parallel/dataset/GRScenes_assets/bottle/39e0238ee7ebae768bcd91ceda58c697/usd/39e0238ee7ebae768bcd91ceda58c697.usd
bottle,3a6493c3609c88c577f13fbec7586b0c,suspicious,0.019135,0.020622,102,blank;blank;ok;tiny,/cpfs/user/zhuzihou/assets/dedup_workspaces/test0_transitive_apply_parallel/dataset/GRScenes_assets/bottle/3a6493c3609c88c577f13fbec7586b0c,/cpfs/user/zhuzihou/assets/dedup_workspaces/test0_transitive_apply_parallel/dataset/GRScenes_assets/bottle/3a6493c3609c88c577f13fbec7586b0c/usd/3a6493c3609c88c577f13fbec7586b0c.usd
bottle,3a6a11e43eac6eadfb7e70b7e5a97761,blank,0.000000,0.000000,0,blank;blank;blank;blank,/cpfs/user/zhuzihou/assets/dedup_workspaces/test0_transitive_apply_parallel/dataset/GRScenes_assets/bottle/3a6a11e43eac6eadfb7e70b7e5a97761,/cpfs/user/zhuzihou/assets/dedup_workspaces/test0_transitive_apply_parallel/dataset/GRScenes_assets/bottle/3a6a11e43eac6eadfb7e70b7e5a97761/usd/3a6a11e43eac6eadfb7e70b7e5a97761.usd
bottle,3b7c8607fc596630da5a83dd27e6b007,suspicious,0.017128,0.022636,129,blank;blank;ok;blank,/cpfs/user/zhuzihou/assets/dedup_workspaces/test0_transitive_apply_parallel/dataset/GRScenes_assets/bottle/3b7c8607fc596630da5a83dd27e6b007,/cpfs/user/zhuzihou/assets/dedup_workspaces/test0_transitive_apply_parallel/dataset/GRScenes_assets/bottle/3b7c8607fc596630da5a83dd27e6b007/usd/3b7c8607fc596630da5a83dd27e6b007.usd
bottle,3b959a988993ed8dadb69a34d65e9705,blank,0.000000,0.000000,0,blank;blank;blank;blank,/cpfs/user/zhuzihou/assets/dedup_workspaces/test0_transitive_apply_parallel/dataset/GRScenes_assets/bottle/3b959a988993ed8dadb69a34d65e9705,/cpfs/user/zhuzihou/assets/dedup_workspaces/test0_transitive_apply_parallel/dataset/GRScenes_assets/bottle/3b959a988993ed8dadb69a34d65e9705/usd/3b959a988993ed8dadb69a34d65e9705.usd
bottle,3ba34d4aa619a1c3049385c1deb45f17,ok,0.030853,0.126755,267,ok;ok;ok;ok,/cpfs/user/zhuzihou/assets/dedup_workspaces/test0_transitive_apply_parallel/dataset/GRScenes_assets/bottle/3ba34d4aa619a1c3049385c1deb45f17,/cpfs/user/zhuzihou/assets/dedup_workspaces/test0_transitive_apply_parallel/dataset/GRScenes_assets/bottle/3ba34d4aa619a1c3049385c1deb45f17/usd/3ba34d4aa619a1c3049385c1deb45f17.usd
bottle,3ba8adccd1e17005362ca084ac7c175b,blank,0.000000,0.000000,0,blank;blank;blank;blank,/cpfs/user/zhuzihou/assets/dedup_workspaces/test0_transitive_apply_parallel/dataset/GRScenes_assets/bottle/3ba8adccd1e17005362ca084ac7c175b,/cpfs/user/zhuzihou/assets/dedup_workspaces/test0_transitive_apply_parallel/dataset/GRScenes_assets/bottle/3ba8adccd1e17005362ca084ac7c175b/usd/3ba8adccd1e17005362ca084ac7c175b.usd
bottle,3bd873d403ae147bd9a95b410fff26eb,suspicious,0.008812,0.010700,85,tiny;blank;blank;blank,/cpfs/user/zhuzihou/assets/dedup_workspaces/test0_transitive_apply_parallel/dataset/GRScenes_assets/bottle/3bd873d403ae147bd9a95b410fff26eb,/cpfs/user/zhuzihou/assets/dedup_workspaces/test0_transitive_apply_parallel/dataset/GRScenes_assets/bottle/3bd873d403ae147bd9a95b410fff26eb/usd/3bd873d403ae147bd9a95b410fff26eb.usd
bottle,3d0ffc9bbb672d494b99a61301133538,ok,0.223103,0.238239,361,ok;ok;ok;ok,/cpfs/user/zhuzihou/assets/dedup_workspaces/test0_transitive_apply_parallel/dataset/GRScenes_assets/bottle/3d0ffc9bbb672d494b99a61301133538,/cpfs/user/zhuzihou/assets/dedup_workspaces/test0_transitive_apply_parallel/dataset/GRScenes_assets/bottle/3d0ffc9bbb672d494b99a61301133538/usd/3d0ffc9bbb672d494b99a61301133538.usd
bottle,3d1ddc98d7c1f1bc9d48344398d5c275,blank,0.000000,0.000000,0,blank;blank;blank;blank,/cpfs/user/zhuzihou/assets/dedup_workspaces/test0_transitive_apply_parallel/dataset/GRScenes_assets/bottle/3d1ddc98d7c1f1bc9d48344398d5c275,/cpfs/user/zhuzihou/assets/dedup_workspaces/test0_transitive_apply_parallel/dataset/GRScenes_assets/bottle/3d1ddc98d7c1f1bc9d48344398d5c275/usd/3d1ddc98d7c1f1bc9d48344398d5c275.usd
bottle,3d32635e9aa71e334edd551b53d24a12,blank,0.000000,0.000000,0,blank;blank;blank;blank,/cpfs/user/zhuzihou/assets/dedup_workspaces/test0_transitive_apply_parallel/dataset/GRScenes_assets/bottle/3d32635e9aa71e334edd551b53d24a12,/cpfs/user/zhuzihou/assets/dedup_workspaces/test0_transitive_apply_parallel/dataset/GRScenes_assets/bottle/3d32635e9aa71e334edd551b53d24a12/usd/3d32635e9aa71e334edd551b53d24a12.usd
bottle,3db17284bd38289c450dcb0f50988d0e,ok,0.123280,0.363602,437,ok;ok;ok;ok,/cpfs/user/zhuzihou/assets/dedup_workspaces/test0_transitive_apply_parallel/dataset/GRScenes_assets/bottle/3db17284bd38289c450dcb0f50988d0e,/cpfs/user/zhuzihou/assets/dedup_workspaces/test0_transitive_apply_parallel/dataset/GRScenes_assets/bottle/3db17284bd38289c450dcb0f50988d0e/usd/3db17284bd38289c450dcb0f50988d0e.usd
bottle,3f4cec6390ad7a59fe796284bbaa088f,ok,0.697575,0.757812,512,ok;ok;ok;ok,/cpfs/user/zhuzihou/assets/dedup_workspaces/test0_transitive_apply_parallel/dataset/GRScenes_assets/bottle/3f4cec6390ad7a59fe796284bbaa088f,/cpfs/user/zhuzihou/assets/dedup_workspaces/test0_transitive_apply_parallel/dataset/GRScenes_assets/bottle/3f4cec6390ad7a59fe796284bbaa088f/usd/3f4cec6390ad7a59fe796284bbaa088f.usd
bottle,3f9fbe896e4e688b62d311b9450be820,ok,0.212990,0.247353,321,ok;ok;ok;ok,/cpfs/user/zhuzihou/assets/dedup_workspaces/test0_transitive_apply_parallel/dataset/GRScenes_assets/bottle/3f9fbe896e4e688b62d311b9450be820,/cpfs/user/zhuzihou/assets/dedup_workspaces/test0_transitive_apply_parallel/dataset/GRScenes_assets/bottle/3f9fbe896e4e688b62d311b9450be820/usd/3f9fbe896e4e688b62d311b9450be820.usd
bottle,3fbea76496bf04349440a969710847fc,blank,0.000000,0.000000,0,blank;blank;blank;blank,/cpfs/user/zhuzihou/assets/dedup_workspaces/test0_transitive_apply_parallel/dataset/GRScenes_assets/bottle/3fbea76496bf04349440a969710847fc,/cpfs/user/zhuzihou/assets/dedup_workspaces/test0_transitive_apply_parallel/dataset/GRScenes_assets/bottle/3fbea76496bf04349440a969710847fc/usd/3fbea76496bf04349440a969710847fc.usd
bottle,404dd2da5b4a286fd6dd602038c69ba3,blank,0.000000,0.000000,0,blank;blank;blank;blank,/cpfs/user/zhuzihou/assets/dedup_workspaces/test0_transitive_apply_parallel/dataset/GRScenes_assets/bottle/404dd2da5b4a286fd6dd602038c69ba3,/cpfs/user/zhuzihou/assets/dedup_workspaces/test0_transitive_apply_parallel/dataset/GRScenes_assets/bottle/404dd2da5b4a286fd6dd602038c69ba3/usd/404dd2da5b4a286fd6dd602038c69ba3.usd
bottle,407af7e4d27767a7c56a6978d27468d1,ok,0.531944,0.609226,455,ok;ok;ok;ok,/cpfs/user/zhuzihou/assets/dedup_workspaces/test0_transitive_apply_parallel/dataset/GRScenes_assets/bottle/407af7e4d27767a7c56a6978d27468d1,/cpfs/user/zhuzihou/assets/dedup_workspaces/test0_transitive_apply_parallel/dataset/GRScenes_assets/bottle/407af7e4d27767a7c56a6978d27468d1/usd/407af7e4d27767a7c56a6978d27468d1.usd
bottle,40f9c8af47b2bfabc0189599fb77f54e,ok,0.292343,0.390263,395,ok;ok;ok;ok,/cpfs/user/zhuzihou/assets/dedup_workspaces/test0_transitive_apply_parallel/dataset/GRScenes_assets/bottle/40f9c8af47b2bfabc0189599fb77f54e,/cpfs/user/zhuzihou/assets/dedup_workspaces/test0_transitive_apply_parallel/dataset/GRScenes_assets/bottle/40f9c8af47b2bfabc0189599fb77f54e/usd/40f9c8af47b2bfabc0189599fb77f54e.usd
bottle,410ff7013c36ab6a93a198e8350b721c,ok,0.408092,0.508984,504,ok;ok;ok;ok,/cpfs/user/zhuzihou/assets/dedup_workspaces/test0_transitive_apply_parallel/dataset/GRScenes_assets/bottle/410ff7013c36ab6a93a198e8350b721c,/cpfs/user/zhuzihou/assets/dedup_workspaces/test0_transitive_apply_parallel/dataset/GRScenes_assets/bottle/410ff7013c36ab6a93a198e8350b721c/usd/410ff7013c36ab6a93a198e8350b721c.usd
bottle,41f5cda91cd46c23292d222e027e3c1a,suspicious,0.010021,0.015015,82,tiny;blank;blank;blank,/cpfs/user/zhuzihou/assets/dedup_workspaces/test0_transitive_apply_parallel/dataset/GRScenes_assets/bottle/41f5cda91cd46c23292d222e027e3c1a,/cpfs/user/zhuzihou/assets/dedup_workspaces/test0_transitive_apply_parallel/dataset/GRScenes_assets/bottle/41f5cda91cd46c23292d222e027e3c1a/usd/41f5cda91cd46c23292d222e027e3c1a.usd
bottle,424710baa0ef1ab3e36a71b27848f314,ok,0.223843,0.300751,463,ok;ok;ok;ok,/cpfs/user/zhuzihou/assets/dedup_workspaces/test0_transitive_apply_parallel/dataset/GRScenes_assets/bottle/424710baa0ef1ab3e36a71b27848f314,/cpfs/user/zhuzihou/assets/dedup_workspaces/test0_transitive_apply_parallel/dataset/GRScenes_assets/bottle/424710baa0ef1ab3e36a71b27848f314/usd/424710baa0ef1ab3e36a71b27848f314.usd
bottle,427c195427a5716df469c9d279488e34,suspicious,0.064289,0.094242,183,ok;ok;blank;blank,/cpfs/user/zhuzihou/assets/dedup_workspaces/test0_transitive_apply_parallel/dataset/GRScenes_assets/bottle/427c195427a5716df469c9d279488e34,/cpfs/user/zhuzihou/assets/dedup_workspaces/test0_transitive_apply_parallel/dataset/GRScenes_assets/bottle/427c195427a5716df469c9d279488e34/usd/427c195427a5716df469c9d279488e34.usd
bottle,428beced80e3dd74a2c1b37e860efef2,suspicious,0.052238,0.070206,253,ok;ok;blank;tiny,/cpfs/user/zhuzihou/assets/dedup_workspaces/test0_transitive_apply_parallel/dataset/GRScenes_assets/bottle/428beced80e3dd74a2c1b37e860efef2,/cpfs/user/zhuzihou/assets/dedup_workspaces/test0_transitive_apply_parallel/dataset/GRScenes_assets/bottle/428beced80e3dd74a2c1b37e860efef2/usd/428beced80e3dd74a2c1b37e860efef2.usd
bottle,42f6cefe823d3ad1464801abab1b628d,blank,0.000000,0.000000,0,blank;blank;blank;blank,/cpfs/user/zhuzihou/assets/dedup_workspaces/test0_transitive_apply_parallel/dataset/GRScenes_assets/bottle/42f6cefe823d3ad1464801abab1b628d,/cpfs/user/zhuzihou/assets/dedup_workspaces/test0_transitive_apply_parallel/dataset/GRScenes_assets/bottle/42f6cefe823d3ad1464801abab1b628d/usd/42f6cefe823d3ad1464801abab1b628d.usd
bottle,43092f7ab1404ed3faf07f8fa3ead722,suspicious,0.498775,0.611328,512,ok;ok;tiny;ok,/cpfs/user/zhuzihou/assets/dedup_workspaces/test0_transitive_apply_parallel/dataset/GRScenes_assets/bottle/43092f7ab1404ed3faf07f8fa3ead722,/cpfs/user/zhuzihou/assets/dedup_workspaces/test0_transitive_apply_parallel/dataset/GRScenes_assets/bottle/43092f7ab1404ed3faf07f8fa3ead722/usd/43092f7ab1404ed3faf07f8fa3ead722.usd
bottle,4389ae6ccb5112bf0e06261023807818,ok,0.417572,0.535156,512,ok;ok;ok;ok,/cpfs/user/zhuzihou/assets/dedup_workspaces/test0_transitive_apply_parallel/dataset/GRScenes_assets/bottle/4389ae6ccb5112bf0e06261023807818,/cpfs/user/zhuzihou/assets/dedup_workspaces/test0_transitive_apply_parallel/dataset/GRScenes_assets/bottle/4389ae6ccb5112bf0e06261023807818/usd/4389ae6ccb5112bf0e06261023807818.usd
bottle,44766ee86b84ecc6d30891965eb98ff0,blank,0.000000,0.000000,0,blank;blank;blank;blank,/cpfs/user/zhuzihou/assets/dedup_workspaces/test0_transitive_apply_parallel/dataset/GRScenes_assets/bottle/44766ee86b84ecc6d30891965eb98ff0,/cpfs/user/zhuzihou/assets/dedup_workspaces/test0_transitive_apply_parallel/dataset/GRScenes_assets/bottle/44766ee86b84ecc6d30891965eb98ff0/usd/44766ee86b84ecc6d30891965eb98ff0.usd
bottle,4484f4573653fb755454ff8c80e36d3d,ok,0.360218,0.408989,501,ok;ok;ok;ok,/cpfs/user/zhuzihou/assets/dedup_workspaces/test0_transitive_apply_parallel/dataset/GRScenes_assets/bottle/4484f4573653fb755454ff8c80e36d3d,/cpfs/user/zhuzihou/assets/dedup_workspaces/test0_transitive_apply_parallel/dataset/GRScenes_assets/bottle/4484f4573653fb755454ff8c80e36d3d/usd/4484f4573653fb755454ff8c80e36d3d.usd
bottle,44de205ee19e2d70c7f1bf0dcdb1a3ec,ok,0.270393,0.339630,477,ok;ok;ok;ok,/cpfs/user/zhuzihou/assets/dedup_workspaces/test0_transitive_apply_parallel/dataset/GRScenes_assets/bottle/44de205ee19e2d70c7f1bf0dcdb1a3ec,/cpfs/user/zhuzihou/assets/dedup_workspaces/test0_transitive_apply_parallel/dataset/GRScenes_assets/bottle/44de205ee19e2d70c7f1bf0dcdb1a3ec/usd/44de205ee19e2d70c7f1bf0dcdb1a3ec.usd
bottle,452f6d5053fc938d42a0bdedd53db7ad,ok,0.330891,0.421829,477,ok;ok;ok;ok,/cpfs/user/zhuzihou/assets/dedup_workspaces/test0_transitive_apply_parallel/dataset/GRScenes_assets/bottle/452f6d5053fc938d42a0bdedd53db7ad,/cpfs/user/zhuzihou/assets/dedup_workspaces/test0_transitive_apply_parallel/dataset/GRScenes_assets/bottle/452f6d5053fc938d42a0bdedd53db7ad/usd/452f6d5053fc938d42a0bdedd53db7ad.usd
bottle,45d9f8cda93693bac75bddce1ec90211,ok,0.478680,0.509766,512,ok;ok;ok;ok,/cpfs/user/zhuzihou/assets/dedup_workspaces/test0_transitive_apply_parallel/dataset/GRScenes_assets/bottle/45d9f8cda93693bac75bddce1ec90211,/cpfs/user/zhuzihou/assets/dedup_workspaces/test0_transitive_apply_parallel/dataset/GRScenes_assets/bottle/45d9f8cda93693bac75bddce1ec90211/usd/45d9f8cda93693bac75bddce1ec90211.usd
bottle,464adcb0b8b972d9cc7424a75b7c3e72,ok,0.155853,0.236053,460,ok;ok;ok;ok,/cpfs/user/zhuzihou/assets/dedup_workspaces/test0_transitive_apply_parallel/dataset/GRScenes_assets/bottle/464adcb0b8b972d9cc7424a75b7c3e72,/cpfs/user/zhuzihou/assets/dedup_workspaces/test0_transitive_apply_parallel/dataset/GRScenes_assets/bottle/464adcb0b8b972d9cc7424a75b7c3e72/usd/464adcb0b8b972d9cc7424a75b7c3e72.usd
bottle,47c4d004531c8fb456cddbf21b4c870d,blank,0.000000,0.000000,0,blank;blank;blank;blank,/cpfs/user/zhuzihou/assets/dedup_workspaces/test0_transitive_apply_parallel/dataset/GRScenes_assets/bottle/47c4d004531c8fb456cddbf21b4c870d,/cpfs/user/zhuzihou/assets/dedup_workspaces/test0_transitive_apply_parallel/dataset/GRScenes_assets/bottle/47c4d004531c8fb456cddbf21b4c870d/usd/47c4d004531c8fb456cddbf21b4c870d.usd
bottle,48429b2b3af3b82a89dae73914b4f3ef,ok,0.878288,1.000000,512,ok;ok;ok;ok,/cpfs/user/zhuzihou/assets/dedup_workspaces/test0_transitive_apply_parallel/dataset/GRScenes_assets/bottle/48429b2b3af3b82a89dae73914b4f3ef,/cpfs/user/zhuzihou/assets/dedup_workspaces/test0_transitive_apply_parallel/dataset/GRScenes_assets/bottle/48429b2b3af3b82a89dae73914b4f3ef/usd/48429b2b3af3b82a89dae73914b4f3ef.usd
bottle,48464689a5a6b97bd8a46302cdd1c687,ok,0.189014,0.232422,512,ok;ok;ok;ok,/cpfs/user/zhuzihou/assets/dedup_workspaces/test0_transitive_apply_parallel/dataset/GRScenes_assets/bottle/48464689a5a6b97bd8a46302cdd1c687,/cpfs/user/zhuzihou/assets/dedup_workspaces/test0_transitive_apply_parallel/dataset/GRScenes_assets/bottle/48464689a5a6b97bd8a46302cdd1c687/usd/48464689a5a6b97bd8a46302cdd1c687.usd
bottle,4864951764f74b53cc1a9f8e4b899776,blank,0.000000,0.000000,0,blank;blank;blank;blank,/cpfs/user/zhuzihou/assets/dedup_workspaces/test0_transitive_apply_parallel/dataset/GRScenes_assets/bottle/4864951764f74b53cc1a9f8e4b899776,/cpfs/user/zhuzihou/assets/dedup_workspaces/test0_transitive_apply_parallel/dataset/GRScenes_assets/bottle/4864951764f74b53cc1a9f8e4b899776/usd/4864951764f74b53cc1a9f8e4b899776.usd
bottle,486ae81ae15ee68f5b7c0c69212bf0de,ok,0.225624,0.266968,288,ok;ok;ok;ok,/cpfs/user/zhuzihou/assets/dedup_workspaces/test0_transitive_apply_parallel/dataset/GRScenes_assets/bottle/486ae81ae15ee68f5b7c0c69212bf0de,/cpfs/user/zhuzihou/assets/dedup_workspaces/test0_transitive_apply_parallel/dataset/GRScenes_assets/bottle/486ae81ae15ee68f5b7c0c69212bf0de/usd/486ae81ae15ee68f5b7c0c69212bf0de.usd
bottle,4881a7438e5fe142e06169e16bd47846,ok,0.421741,0.509766,512,ok;ok;ok;ok,/cpfs/user/zhuzihou/assets/dedup_workspaces/test0_transitive_apply_parallel/dataset/GRScenes_assets/bottle/4881a7438e5fe142e06169e16bd47846,/cpfs/user/zhuzihou/assets/dedup_workspaces/test0_transitive_apply_parallel/dataset/GRScenes_assets/bottle/4881a7438e5fe142e06169e16bd47846/usd/4881a7438e5fe142e06169e16bd47846.usd
bottle,48bc2c704e98aa48f959f8fa8ae550c0,ok,0.171021,0.276581,424,ok;ok;ok;ok,/cpfs/user/zhuzihou/assets/dedup_workspaces/test0_transitive_apply_parallel/dataset/GRScenes_assets/bottle/48bc2c704e98aa48f959f8fa8ae550c0,/cpfs/user/zhuzihou/assets/dedup_workspaces/test0_transitive_apply_parallel/dataset/GRScenes_assets/bottle/48bc2c704e98aa48f959f8fa8ae550c0/usd/48bc2c704e98aa48f959f8fa8ae550c0.usd
bottle,48d781448d209a08b21263b1b45ec901,blank,0.000000,0.000000,0,blank;blank;blank;blank,/cpfs/user/zhuzihou/assets/dedup_workspaces/test0_transitive_apply_parallel/dataset/GRScenes_assets/bottle/48d781448d209a08b21263b1b45ec901,/cpfs/user/zhuzihou/assets/dedup_workspaces/test0_transitive_apply_parallel/dataset/GRScenes_assets/bottle/48d781448d209a08b21263b1b45ec901/usd/48d781448d209a08b21263b1b45ec901.usd
bottle,49514ad36e92ad66895ea6d6d83ef101,suspicious,0.018391,0.021011,102,blank;blank;ok;blank,/cpfs/user/zhuzihou/assets/dedup_workspaces/test0_transitive_apply_parallel/dataset/GRScenes_assets/bottle/49514ad36e92ad66895ea6d6d83ef101,/cpfs/user/zhuzihou/assets/dedup_workspaces/test0_transitive_apply_parallel/dataset/GRScenes_assets/bottle/49514ad36e92ad66895ea6d6d83ef101/usd/49514ad36e92ad66895ea6d6d83ef101.usd
bottle,4aa68d036f1e4d2449bc37e54ce214c7,blank,0.000000,0.000000,0,blank;blank;blank;blank,/cpfs/user/zhuzihou/assets/dedup_workspaces/test0_transitive_apply_parallel/dataset/GRScenes_assets/bottle/4aa68d036f1e4d2449bc37e54ce214c7,/cpfs/user/zhuzihou/assets/dedup_workspaces/test0_transitive_apply_parallel/dataset/GRScenes_assets/bottle/4aa68d036f1e4d2449bc37e54ce214c7/usd/4aa68d036f1e4d2449bc37e54ce214c7.usd
bottle,4b8da75f8ce46fa39b9b6976fe4756f5,suspicious,0.100471,0.109673,230,ok;blank;blank;tiny,/cpfs/user/zhuzihou/assets/dedup_workspaces/test0_transitive_apply_parallel/dataset/GRScenes_assets/bottle/4b8da75f8ce46fa39b9b6976fe4756f5,/cpfs/user/zhuzihou/assets/dedup_workspaces/test0_transitive_apply_parallel/dataset/GRScenes_assets/bottle/4b8da75f8ce46fa39b9b6976fe4756f5/usd/4b8da75f8ce46fa39b9b6976fe4756f5.usd
bottle,4c03774c8d95f7ba0f5146a22a42365d,blank,0.000000,0.000000,0,blank;blank;blank;blank,/cpfs/user/zhuzihou/assets/dedup_workspaces/test0_transitive_apply_parallel/dataset/GRScenes_assets/bottle/4c03774c8d95f7ba0f5146a22a42365d,/cpfs/user/zhuzihou/assets/dedup_workspaces/test0_transitive_apply_parallel/dataset/GRScenes_assets/bottle/4c03774c8d95f7ba0f5146a22a42365d/usd/4c03774c8d95f7ba0f5146a22a42365d.usd
bottle,4c17c4987af529e91fc36a1f56aeb908,blank,0.000000,0.000000,0,blank;blank;blank;blank,/cpfs/user/zhuzihou/assets/dedup_workspaces/test0_transitive_apply_parallel/dataset/GRScenes_assets/bottle/4c17c4987af529e91fc36a1f56aeb908,/cpfs/user/zhuzihou/assets/dedup_workspaces/test0_transitive_apply_parallel/dataset/GRScenes_assets/bottle/4c17c4987af529e91fc36a1f56aeb908/usd/4c17c4987af529e91fc36a1f56aeb908.usd
bottle,4c521e2c5358ad17c5edffdcb4e82d10,ok,0.335049,0.444717,375,ok;ok;ok;ok,/cpfs/user/zhuzihou/assets/dedup_workspaces/test0_transitive_apply_parallel/dataset/GRScenes_assets/bottle/4c521e2c5358ad17c5edffdcb4e82d10,/cpfs/user/zhuzihou/assets/dedup_workspaces/test0_transitive_apply_parallel/dataset/GRScenes_assets/bottle/4c521e2c5358ad17c5edffdcb4e82d10/usd/4c521e2c5358ad17c5edffdcb4e82d10.usd
bottle,4dbceba0a2459faa5a438c10ee95ad70,ok,0.155857,0.236053,460,ok;ok;ok;ok,/cpfs/user/zhuzihou/assets/dedup_workspaces/test0_transitive_apply_parallel/dataset/GRScenes_assets/bottle/4dbceba0a2459faa5a438c10ee95ad70,/cpfs/user/zhuzihou/assets/dedup_workspaces/test0_transitive_apply_parallel/dataset/GRScenes_assets/bottle/4dbceba0a2459faa5a438c10ee95ad70/usd/4dbceba0a2459faa5a438c10ee95ad70.usd
bottle,4e8e59c6b862e5896d666b2ccc8b5c11,blank,0.000000,0.000000,0,blank;blank;blank;blank,/cpfs/user/zhuzihou/assets/dedup_workspaces/test0_transitive_apply_parallel/dataset/GRScenes_assets/bottle/4e8e59c6b862e5896d666b2ccc8b5c11,/cpfs/user/zhuzihou/assets/dedup_workspaces/test0_transitive_apply_parallel/dataset/GRScenes_assets/bottle/4e8e59c6b862e5896d666b2ccc8b5c11/usd/4e8e59c6b862e5896d666b2ccc8b5c11.usd
bottle,4f2775f5bcb1559d0794f09ef6cb8f8a,blank,0.000000,0.000000,0,blank;blank;blank;blank,/cpfs/user/zhuzihou/assets/dedup_workspaces/test0_transitive_apply_parallel/dataset/GRScenes_assets/bottle/4f2775f5bcb1559d0794f09ef6cb8f8a,/cpfs/user/zhuzihou/assets/dedup_workspaces/test0_transitive_apply_parallel/dataset/GRScenes_assets/bottle/4f2775f5bcb1559d0794f09ef6cb8f8a/usd/4f2775f5bcb1559d0794f09ef6cb8f8a.usd
bottle,4f676ea855236b22d221ab89d9ab9db0,suspicious,0.044380,0.054325,148,ok;blank;blank;ok,/cpfs/user/zhuzihou/assets/dedup_workspaces/test0_transitive_apply_parallel/dataset/GRScenes_assets/bottle/4f676ea855236b22d221ab89d9ab9db0,/cpfs/user/zhuzihou/assets/dedup_workspaces/test0_transitive_apply_parallel/dataset/GRScenes_assets/bottle/4f676ea855236b22d221ab89d9ab9db0/usd/4f676ea855236b22d221ab89d9ab9db0.usd
bottle,501a5ac3cbdae92226c51c349e4e6a17,suspicious,0.066792,0.079002,190,blank;blank;ok;blank,/cpfs/user/zhuzihou/assets/dedup_workspaces/test0_transitive_apply_parallel/dataset/GRScenes_assets/bottle/501a5ac3cbdae92226c51c349e4e6a17,/cpfs/user/zhuzihou/assets/dedup_workspaces/test0_transitive_apply_parallel/dataset/GRScenes_assets/bottle/501a5ac3cbdae92226c51c349e4e6a17/usd/501a5ac3cbdae92226c51c349e4e6a17.usd
bottle,502a52a11eed1211b4c53b6e59196836,ok,0.093784,0.127228,379,ok;ok;ok;ok,/cpfs/user/zhuzihou/assets/dedup_workspaces/test0_transitive_apply_parallel/dataset/GRScenes_assets/bottle/502a52a11eed1211b4c53b6e59196836,/cpfs/user/zhuzihou/assets/dedup_workspaces/test0_transitive_apply_parallel/dataset/GRScenes_assets/bottle/502a52a11eed1211b4c53b6e59196836/usd/502a52a11eed1211b4c53b6e59196836.usd
bottle,50a4f6dd1c72ae314f5267101256b2cb,ok,0.165306,0.239445,464,ok;ok;ok;ok,/cpfs/user/zhuzihou/assets/dedup_workspaces/test0_transitive_apply_parallel/dataset/GRScenes_assets/bottle/50a4f6dd1c72ae314f5267101256b2cb,/cpfs/user/zhuzihou/assets/dedup_workspaces/test0_transitive_apply_parallel/dataset/GRScenes_assets/bottle/50a4f6dd1c72ae314f5267101256b2cb/usd/50a4f6dd1c72ae314f5267101256b2cb.usd
bottle,50eea1c2082a3161175671a2d93d159f,ok,0.089325,0.374802,484,ok;ok;ok;ok,/cpfs/user/zhuzihou/assets/dedup_workspaces/test0_transitive_apply_parallel/dataset/GRScenes_assets/bottle/50eea1c2082a3161175671a2d93d159f,/cpfs/user/zhuzihou/assets/dedup_workspaces/test0_transitive_apply_parallel/dataset/GRScenes_assets/bottle/50eea1c2082a3161175671a2d93d159f/usd/50eea1c2082a3161175671a2d93d159f.usd
bottle,5110cf450c58c157ae51820e4f8f5a70,suspicious,0.025402,0.029457,117,blank;blank;ok;blank,/cpfs/user/zhuzihou/assets/dedup_workspaces/test0_transitive_apply_parallel/dataset/GRScenes_assets/bottle/5110cf450c58c157ae51820e4f8f5a70,/cpfs/user/zhuzihou/assets/dedup_workspaces/test0_transitive_apply_parallel/dataset/GRScenes_assets/bottle/5110cf450c58c157ae51820e4f8f5a70/usd/5110cf450c58c157ae51820e4f8f5a70.usd
bottle,512ed749857d54b770c8fb1d95ebe719,suspicious,0.043205,0.044300,159,ok;ok;ok;blank,/cpfs/user/zhuzihou/assets/dedup_workspaces/test0_transitive_apply_parallel/dataset/GRScenes_assets/bottle/512ed749857d54b770c8fb1d95ebe719,/cpfs/user/zhuzihou/assets/dedup_workspaces/test0_transitive_apply_parallel/dataset/GRScenes_assets/bottle/512ed749857d54b770c8fb1d95ebe719/usd/512ed749857d54b770c8fb1d95ebe719.usd
bottle,51657fff4142cac375067af63e5f46a5,suspicious,0.010571,0.017212,94,tiny;blank;blank;tiny,/cpfs/user/zhuzihou/assets/dedup_workspaces/test0_transitive_apply_parallel/dataset/GRScenes_assets/bottle/51657fff4142cac375067af63e5f46a5,/cpfs/user/zhuzihou/assets/dedup_workspaces/test0_transitive_apply_parallel/dataset/GRScenes_assets/bottle/51657fff4142cac375067af63e5f46a5/usd/51657fff4142cac375067af63e5f46a5.usd
bottle,518e658bb8f3077d1f496aa1211850e8,ok,0.189796,0.246429,456,ok;ok;ok;ok,/cpfs/user/zhuzihou/assets/dedup_workspaces/test0_transitive_apply_parallel/dataset/GRScenes_assets/bottle/518e658bb8f3077d1f496aa1211850e8,/cpfs/user/zhuzihou/assets/dedup_workspaces/test0_transitive_apply_parallel/dataset/GRScenes_assets/bottle/518e658bb8f3077d1f496aa1211850e8/usd/518e658bb8f3077d1f496aa1211850e8.usd
bottle,52a8b574134363d8d714f7c0905e5a23,suspicious,0.020130,0.038086,104,tiny;blank;blank;ok,/cpfs/user/zhuzihou/assets/dedup_workspaces/test0_transitive_apply_parallel/dataset/GRScenes_assets/bottle/52a8b574134363d8d714f7c0905e5a23,/cpfs/user/zhuzihou/assets/dedup_workspaces/test0_transitive_apply_parallel/dataset/GRScenes_assets/bottle/52a8b574134363d8d714f7c0905e5a23/usd/52a8b574134363d8d714f7c0905e5a23.usd
bottle,52c90fa4fd41cf4c2747f232d8ca4697,ok,0.157238,0.233582,462,ok;ok;ok;ok,/cpfs/user/zhuzihou/assets/dedup_workspaces/test0_transitive_apply_parallel/dataset/GRScenes_assets/bottle/52c90fa4fd41cf4c2747f232d8ca4697,/cpfs/user/zhuzihou/assets/dedup_workspaces/test0_transitive_apply_parallel/dataset/GRScenes_assets/bottle/52c90fa4fd41cf4c2747f232d8ca4697/usd/52c90fa4fd41cf4c2747f232d8ca4697.usd
bottle,53472c25ffa4dcec668075f60971553c,ok,0.138649,0.272499,417,ok;ok;ok;ok,/cpfs/user/zhuzihou/assets/dedup_workspaces/test0_transitive_apply_parallel/dataset/GRScenes_assets/bottle/53472c25ffa4dcec668075f60971553c,/cpfs/user/zhuzihou/assets/dedup_workspaces/test0_transitive_apply_parallel/dataset/GRScenes_assets/bottle/53472c25ffa4dcec668075f60971553c/usd/53472c25ffa4dcec668075f60971553c.usd
bottle,535eb2876247eb78fe2fc2d73c370277,suspicious,0.050999,0.064915,143,ok;ok;blank;blank,/cpfs/user/zhuzihou/assets/dedup_workspaces/test0_transitive_apply_parallel/dataset/GRScenes_assets/bottle/535eb2876247eb78fe2fc2d73c370277,/cpfs/user/zhuzihou/assets/dedup_workspaces/test0_transitive_apply_parallel/dataset/GRScenes_assets/bottle/535eb2876247eb78fe2fc2d73c370277/usd/535eb2876247eb78fe2fc2d73c370277.usd
bottle,53cbe006f424e841e658180d2f3aef1e,ok,0.328125,0.457664,446,ok;ok;ok;ok,/cpfs/user/zhuzihou/assets/dedup_workspaces/test0_transitive_apply_parallel/dataset/GRScenes_assets/bottle/53cbe006f424e841e658180d2f3aef1e,/cpfs/user/zhuzihou/assets/dedup_workspaces/test0_transitive_apply_parallel/dataset/GRScenes_assets/bottle/53cbe006f424e841e658180d2f3aef1e/usd/53cbe006f424e841e658180d2f3aef1e.usd
bottle,5400f05e475b0a6254f90a92873d50f7,blank,0.000000,0.000000,0,blank;blank;blank;blank,/cpfs/user/zhuzihou/assets/dedup_workspaces/test0_transitive_apply_parallel/dataset/GRScenes_assets/bottle/5400f05e475b0a6254f90a92873d50f7,/cpfs/user/zhuzihou/assets/dedup_workspaces/test0_transitive_apply_parallel/dataset/GRScenes_assets/bottle/5400f05e475b0a6254f90a92873d50f7/usd/5400f05e475b0a6254f90a92873d50f7.usd
bottle,54072cef39d85c24d19c5a9b585307c7,blank,0.000000,0.000000,0,blank;blank;blank;blank,/cpfs/user/zhuzihou/assets/dedup_workspaces/test0_transitive_apply_parallel/dataset/GRScenes_assets/bottle/54072cef39d85c24d19c5a9b585307c7,/cpfs/user/zhuzihou/assets/dedup_workspaces/test0_transitive_apply_parallel/dataset/GRScenes_assets/bottle/54072cef39d85c24d19c5a9b585307c7/usd/54072cef39d85c24d19c5a9b585307c7.usd
bottle,5419a96d92c219c4487669cdc0362fee,ok,0.284023,0.362312,348,ok;ok;ok;ok,/cpfs/user/zhuzihou/assets/dedup_workspaces/test0_transitive_apply_parallel/dataset/GRScenes_assets/bottle/5419a96d92c219c4487669cdc0362fee,/cpfs/user/zhuzihou/assets/dedup_workspaces/test0_transitive_apply_parallel/dataset/GRScenes_assets/bottle/5419a96d92c219c4487669cdc0362fee/usd/5419a96d92c219c4487669cdc0362fee.usd
bottle,5446d9db321a150d3fdd5de0c4ad8391,blank,0.000000,0.000000,0,blank;blank;blank;blank,/cpfs/user/zhuzihou/assets/dedup_workspaces/test0_transitive_apply_parallel/dataset/GRScenes_assets/bottle/5446d9db321a150d3fdd5de0c4ad8391,/cpfs/user/zhuzihou/assets/dedup_workspaces/test0_transitive_apply_parallel/dataset/GRScenes_assets/bottle/5446d9db321a150d3fdd5de0c4ad8391/usd/5446d9db321a150d3fdd5de0c4ad8391.usd
bottle,544fcd703847ce2bce83524adc22f526,suspicious,0.004612,0.018105,226,blank;blank;tiny;blank,/cpfs/user/zhuzihou/assets/dedup_workspaces/test0_transitive_apply_parallel/dataset/GRScenes_assets/bottle/544fcd703847ce2bce83524adc22f526,/cpfs/user/zhuzihou/assets/dedup_workspaces/test0_transitive_apply_parallel/dataset/GRScenes_assets/bottle/544fcd703847ce2bce83524adc22f526/usd/544fcd703847ce2bce83524adc22f526.usd
bottle,5458715af79be5419c5b125c40fbf6b1,ok,0.500568,0.619141,512,ok;ok;ok;ok,/cpfs/user/zhuzihou/assets/dedup_workspaces/test0_transitive_apply_parallel/dataset/GRScenes_assets/bottle/5458715af79be5419c5b125c40fbf6b1,/cpfs/user/zhuzihou/assets/dedup_workspaces/test0_transitive_apply_parallel/dataset/GRScenes_assets/bottle/5458715af79be5419c5b125c40fbf6b1/usd/5458715af79be5419c5b125c40fbf6b1.usd
bottle,5460e234d7ae589d2a4849ec9a8740e6,blank,0.000000,0.000000,0,blank;blank;blank;blank,/cpfs/user/zhuzihou/assets/dedup_workspaces/test0_transitive_apply_parallel/dataset/GRScenes_assets/bottle/5460e234d7ae589d2a4849ec9a8740e6,/cpfs/user/zhuzihou/assets/dedup_workspaces/test0_transitive_apply_parallel/dataset/GRScenes_assets/bottle/5460e234d7ae589d2a4849ec9a8740e6/usd/5460e234d7ae589d2a4849ec9a8740e6.usd
bottle,5498de6c8bbc1a8c11ad8372dad01033,blank,0.000000,0.000000,0,blank;blank;blank;blank,/cpfs/user/zhuzihou/assets/dedup_workspaces/test0_transitive_apply_parallel/dataset/GRScenes_assets/bottle/5498de6c8bbc1a8c11ad8372dad01033,/cpfs/user/zhuzihou/assets/dedup_workspaces/test0_transitive_apply_parallel/dataset/GRScenes_assets/bottle/5498de6c8bbc1a8c11ad8372dad01033/usd/5498de6c8bbc1a8c11ad8372dad01033.usd
bottle,54f1623fb08c8759ec88ee18a8cd3054,ok,0.176353,0.252529,461,ok;ok;ok;ok,/cpfs/user/zhuzihou/assets/dedup_workspaces/test0_transitive_apply_parallel/dataset/GRScenes_assets/bottle/54f1623fb08c8759ec88ee18a8cd3054,/cpfs/user/zhuzihou/assets/dedup_workspaces/test0_transitive_apply_parallel/dataset/GRScenes_assets/bottle/54f1623fb08c8759ec88ee18a8cd3054/usd/54f1623fb08c8759ec88ee18a8cd3054.usd
bottle,5536a817a3aa01a1a24cc84f5a10c5bf,ok,0.408096,0.508984,504,ok;ok;ok;ok,/cpfs/user/zhuzihou/assets/dedup_workspaces/test0_transitive_apply_parallel/dataset/GRScenes_assets/bottle/5536a817a3aa01a1a24cc84f5a10c5bf,/cpfs/user/zhuzihou/assets/dedup_workspaces/test0_transitive_apply_parallel/dataset/GRScenes_assets/bottle/5536a817a3aa01a1a24cc84f5a10c5bf/usd/5536a817a3aa01a1a24cc84f5a10c5bf.usd
bottle,554638dd88a4b6f163a380fcd9bff1ed,ok,0.248795,0.380676,330,ok;ok;ok;ok,/cpfs/user/zhuzihou/assets/dedup_workspaces/test0_transitive_apply_parallel/dataset/GRScenes_assets/bottle/554638dd88a4b6f163a380fcd9bff1ed,/cpfs/user/zhuzihou/assets/dedup_workspaces/test0_transitive_apply_parallel/dataset/GRScenes_assets/bottle/554638dd88a4b6f163a380fcd9bff1ed/usd/554638dd88a4b6f163a380fcd9bff1ed.usd
bottle,55c75d1633a577833010793d58dfee58,ok,0.338951,0.339844,512,ok;ok;ok;ok,/cpfs/user/zhuzihou/assets/dedup_workspaces/test0_transitive_apply_parallel/dataset/GRScenes_assets/bottle/55c75d1633a577833010793d58dfee58,/cpfs/user/zhuzihou/assets/dedup_workspaces/test0_transitive_apply_parallel/dataset/GRScenes_assets/bottle/55c75d1633a577833010793d58dfee58/usd/55c75d1633a577833010793d58dfee58.usd
bottle,55ced24594c88bee9bbc45eb1dea2388,suspicious,0.037273,0.047836,132,blank;blank;ok;blank,/cpfs/user/zhuzihou/assets/dedup_workspaces/test0_transitive_apply_parallel/dataset/GRScenes_assets/bottle/55ced24594c88bee9bbc45eb1dea2388,/cpfs/user/zhuzihou/assets/dedup_workspaces/test0_transitive_apply_parallel/dataset/GRScenes_assets/bottle/55ced24594c88bee9bbc45eb1dea2388/usd/55ced24594c88bee9bbc45eb1dea2388.usd
bottle,561e2f5ddcc33496a9032842ff1d2251,blank,0.000000,0.000000,0,blank;blank;blank;blank,/cpfs/user/zhuzihou/assets/dedup_workspaces/test0_transitive_apply_parallel/dataset/GRScenes_assets/bottle/561e2f5ddcc33496a9032842ff1d2251,/cpfs/user/zhuzihou/assets/dedup_workspaces/test0_transitive_apply_parallel/dataset/GRScenes_assets/bottle/561e2f5ddcc33496a9032842ff1d2251/usd/561e2f5ddcc33496a9032842ff1d2251.usd
bottle,567bbb2c3eb0627d21cc529deca9595a,ok,0.300716,0.388813,512,ok;ok;ok;ok,/cpfs/user/zhuzihou/assets/dedup_workspaces/test0_transitive_apply_parallel/dataset/GRScenes_assets/bottle/567bbb2c3eb0627d21cc529deca9595a,/cpfs/user/zhuzihou/assets/dedup_workspaces/test0_transitive_apply_parallel/dataset/GRScenes_assets/bottle/567bbb2c3eb0627d21cc529deca9595a/usd/567bbb2c3eb0627d21cc529deca9595a.usd
bottle,567c02620505519314378ae81128e6b9,blank,0.000000,0.000000,0,blank;blank;blank;blank,/cpfs/user/zhuzihou/assets/dedup_workspaces/test0_transitive_apply_parallel/dataset/GRScenes_assets/bottle/567c02620505519314378ae81128e6b9,/cpfs/user/zhuzihou/assets/dedup_workspaces/test0_transitive_apply_parallel/dataset/GRScenes_assets/bottle/567c02620505519314378ae81128e6b9/usd/567c02620505519314378ae81128e6b9.usd
bottle,571d76da604a73277545ba9f30669fed,blank,0.000000,0.000000,0,blank;blank;blank;blank,/cpfs/user/zhuzihou/assets/dedup_workspaces/test0_transitive_apply_parallel/dataset/GRScenes_assets/bottle/571d76da604a73277545ba9f30669fed,/cpfs/user/zhuzihou/assets/dedup_workspaces/test0_transitive_apply_parallel/dataset/GRScenes_assets/bottle/571d76da604a73277545ba9f30669fed/usd/571d76da604a73277545ba9f30669fed.usd
bottle,573c96d5c920fec7c1b4f845b81181d9,suspicious,0.023758,0.034512,109,blank;ok;blank;blank,/cpfs/user/zhuzihou/assets/dedup_workspaces/test0_transitive_apply_parallel/dataset/GRScenes_assets/bottle/573c96d5c920fec7c1b4f845b81181d9,/cpfs/user/zhuzihou/assets/dedup_workspaces/test0_transitive_apply_parallel/dataset/GRScenes_assets/bottle/573c96d5c920fec7c1b4f845b81181d9/usd/573c96d5c920fec7c1b4f845b81181d9.usd
bottle,576feb764f2931f4f5a8cadb86b3edf9,ok,0.216499,0.386276,461,ok;ok;ok;ok,/cpfs/user/zhuzihou/assets/dedup_workspaces/test0_transitive_apply_parallel/dataset/GRScenes_assets/bottle/576feb764f2931f4f5a8cadb86b3edf9,/cpfs/user/zhuzihou/assets/dedup_workspaces/test0_transitive_apply_parallel/dataset/GRScenes_assets/bottle/576feb764f2931f4f5a8cadb86b3edf9/usd/576feb764f2931f4f5a8cadb86b3edf9.usd
bottle,57aec662fe627e311102ba13ae35f2ce,ok,0.418781,0.512936,505,ok;ok;ok;ok,/cpfs/user/zhuzihou/assets/dedup_workspaces/test0_transitive_apply_parallel/dataset/GRScenes_assets/bottle/57aec662fe627e311102ba13ae35f2ce,/cpfs/user/zhuzihou/assets/dedup_workspaces/test0_transitive_apply_parallel/dataset/GRScenes_assets/bottle/57aec662fe627e311102ba13ae35f2ce/usd/57aec662fe627e311102ba13ae35f2ce.usd
bottle,585342f0411dd5cb4657535ac169f868,blank,0.000000,0.000000,0,blank;blank;blank;blank,/cpfs/user/zhuzihou/assets/dedup_workspaces/test0_transitive_apply_parallel/dataset/GRScenes_assets/bottle/585342f0411dd5cb4657535ac169f868,/cpfs/user/zhuzihou/assets/dedup_workspaces/test0_transitive_apply_parallel/dataset/GRScenes_assets/bottle/585342f0411dd5cb4657535ac169f868/usd/585342f0411dd5cb4657535ac169f868.usd
bottle,586cc19e9d099cbd7c439498099a1ff3,suspicious,0.047943,0.072792,240,ok;ok;blank;ok,/cpfs/user/zhuzihou/assets/dedup_workspaces/test0_transitive_apply_parallel/dataset/GRScenes_assets/bottle/586cc19e9d099cbd7c439498099a1ff3,/cpfs/user/zhuzihou/assets/dedup_workspaces/test0_transitive_apply_parallel/dataset/GRScenes_assets/bottle/586cc19e9d099cbd7c439498099a1ff3/usd/586cc19e9d099cbd7c439498099a1ff3.usd
bottle,587631defdbc77fbf44479f897bddeb9,suspicious,0.150852,0.192757,326,ok;ok;ok;tiny,/cpfs/user/zhuzihou/assets/dedup_workspaces/test0_transitive_apply_parallel/dataset/GRScenes_assets/bottle/587631defdbc77fbf44479f897bddeb9,/cpfs/user/zhuzihou/assets/dedup_workspaces/test0_transitive_apply_parallel/dataset/GRScenes_assets/bottle/587631defdbc77fbf44479f897bddeb9/usd/587631defdbc77fbf44479f897bddeb9.usd
bottle,58c5f4b01b3961a431a9eb9536c0c0fe,suspicious,0.015640,0.021790,112,blank;blank;blank;ok,/cpfs/user/zhuzihou/assets/dedup_workspaces/test0_transitive_apply_parallel/dataset/GRScenes_assets/bottle/58c5f4b01b3961a431a9eb9536c0c0fe,/cpfs/user/zhuzihou/assets/dedup_workspaces/test0_transitive_apply_parallel/dataset/GRScenes_assets/bottle/58c5f4b01b3961a431a9eb9536c0c0fe/usd/58c5f4b01b3961a431a9eb9536c0c0fe.usd
bottle,58de8af0b326b57abaeb988f263b73cc,blank,0.000000,0.000000,0,blank;blank;blank;blank,/cpfs/user/zhuzihou/assets/dedup_workspaces/test0_transitive_apply_parallel/dataset/GRScenes_assets/bottle/58de8af0b326b57abaeb988f263b73cc,/cpfs/user/zhuzihou/assets/dedup_workspaces/test0_transitive_apply_parallel/dataset/GRScenes_assets/bottle/58de8af0b326b57abaeb988f263b73cc/usd/58de8af0b326b57abaeb988f263b73cc.usd
bottle,592b6fe6b0fa5b54cc7a50ca137d3c12,ok,0.216896,0.303223,414,ok;ok;ok;ok,/cpfs/user/zhuzihou/assets/dedup_workspaces/test0_transitive_apply_parallel/dataset/GRScenes_assets/bottle/592b6fe6b0fa5b54cc7a50ca137d3c12,/cpfs/user/zhuzihou/assets/dedup_workspaces/test0_transitive_apply_parallel/dataset/GRScenes_assets/bottle/592b6fe6b0fa5b54cc7a50ca137d3c12/usd/592b6fe6b0fa5b54cc7a50ca137d3c12.usd
bottle,5a00464e4bd126315eac3320eded0f57,suspicious,0.102127,0.151649,353,tiny;ok;ok;ok,/cpfs/user/zhuzihou/assets/dedup_workspaces/test0_transitive_apply_parallel/dataset/GRScenes_assets/bottle/5a00464e4bd126315eac3320eded0f57,/cpfs/user/zhuzihou/assets/dedup_workspaces/test0_transitive_apply_parallel/dataset/GRScenes_assets/bottle/5a00464e4bd126315eac3320eded0f57/usd/5a00464e4bd126315eac3320eded0f57.usd
bottle,5a64cccf5b254b6e8ba389f237ddc037,blank,0.000000,0.000000,0,blank;blank;blank;blank,/cpfs/user/zhuzihou/assets/dedup_workspaces/test0_transitive_apply_parallel/dataset/GRScenes_assets/bottle/5a64cccf5b254b6e8ba389f237ddc037,/cpfs/user/zhuzihou/assets/dedup_workspaces/test0_transitive_apply_parallel/dataset/GRScenes_assets/bottle/5a64cccf5b254b6e8ba389f237ddc037/usd/5a64cccf5b254b6e8ba389f237ddc037.usd
bottle,5aa0882b2bd655fee0704f563cf3a4f7,ok,0.065792,0.087532,333,ok;ok;ok;ok,/cpfs/user/zhuzihou/assets/dedup_workspaces/test0_transitive_apply_parallel/dataset/GRScenes_assets/bottle/5aa0882b2bd655fee0704f563cf3a4f7,/cpfs/user/zhuzihou/assets/dedup_workspaces/test0_transitive_apply_parallel/dataset/GRScenes_assets/bottle/5aa0882b2bd655fee0704f563cf3a4f7/usd/5aa0882b2bd655fee0704f563cf3a4f7.usd
bottle,5ab086a2ddbf47648c6b3d00df36eaeb,blank,0.000000,0.000000,0,blank;blank;blank;blank,/cpfs/user/zhuzihou/assets/dedup_workspaces/test0_transitive_apply_parallel/dataset/GRScenes_assets/bottle/5ab086a2ddbf47648c6b3d00df36eaeb,/cpfs/user/zhuzihou/assets/dedup_workspaces/test0_transitive_apply_parallel/dataset/GRScenes_assets/bottle/5ab086a2ddbf47648c6b3d00df36eaeb/usd/5ab086a2ddbf47648c6b3d00df36eaeb.usd
bottle,5afba4862b89ce4978bca2fb4d2d0b74,blank,0.000000,0.000000,0,blank;blank;blank;blank,/cpfs/user/zhuzihou/assets/dedup_workspaces/test0_transitive_apply_parallel/dataset/GRScenes_assets/bottle/5afba4862b89ce4978bca2fb4d2d0b74,/cpfs/user/zhuzihou/assets/dedup_workspaces/test0_transitive_apply_parallel/dataset/GRScenes_assets/bottle/5afba4862b89ce4978bca2fb4d2d0b74/usd/5afba4862b89ce4978bca2fb4d2d0b74.usd
bottle,5b19ee1841b31d4a569ef07f6bd95c77,suspicious,0.007309,0.012531,73,blank;blank;tiny;blank,/cpfs/user/zhuzihou/assets/dedup_workspaces/test0_transitive_apply_parallel/dataset/GRScenes_assets/bottle/5b19ee1841b31d4a569ef07f6bd95c77,/cpfs/user/zhuzihou/assets/dedup_workspaces/test0_transitive_apply_parallel/dataset/GRScenes_assets/bottle/5b19ee1841b31d4a569ef07f6bd95c77/usd/5b19ee1841b31d4a569ef07f6bd95c77.usd
bottle,5b6b3e43378339d9d4eabc23ee462459,blank,0.000000,0.000000,0,blank;blank;blank;blank,/cpfs/user/zhuzihou/assets/dedup_workspaces/test0_transitive_apply_parallel/dataset/GRScenes_assets/bottle/5b6b3e43378339d9d4eabc23ee462459,/cpfs/user/zhuzihou/assets/dedup_workspaces/test0_transitive_apply_parallel/dataset/GRScenes_assets/bottle/5b6b3e43378339d9d4eabc23ee462459/usd/5b6b3e43378339d9d4eabc23ee462459.usd
bottle,5bc2d508a07c8de7f019ac52ad11ba49,ok,0.412109,0.412109,512,ok;ok;ok;ok,/cpfs/user/zhuzihou/assets/dedup_workspaces/test0_transitive_apply_parallel/dataset/GRScenes_assets/bottle/5bc2d508a07c8de7f019ac52ad11ba49,/cpfs/user/zhuzihou/assets/dedup_workspaces/test0_transitive_apply_parallel/dataset/GRScenes_assets/bottle/5bc2d508a07c8de7f019ac52ad11ba49/usd/5bc2d508a07c8de7f019ac52ad11ba49.usd
bottle,5bd5c546e9f458e54a192a3195a598dd,suspicious,0.012268,0.015274,143,tiny;tiny;blank;blank,/cpfs/user/zhuzihou/assets/dedup_workspaces/test0_transitive_apply_parallel/dataset/GRScenes_assets/bottle/5bd5c546e9f458e54a192a3195a598dd,/cpfs/user/zhuzihou/assets/dedup_workspaces/test0_transitive_apply_parallel/dataset/GRScenes_assets/bottle/5bd5c546e9f458e54a192a3195a598dd/usd/5bd5c546e9f458e54a192a3195a598dd.usd
bottle,5bf3f3c9c0ad1ea9166a3555ed0383b3,ok,0.270336,0.396484,464,ok;ok;ok;ok,/cpfs/user/zhuzihou/assets/dedup_workspaces/test0_transitive_apply_parallel/dataset/GRScenes_assets/bottle/5bf3f3c9c0ad1ea9166a3555ed0383b3,/cpfs/user/zhuzihou/assets/dedup_workspaces/test0_transitive_apply_parallel/dataset/GRScenes_assets/bottle/5bf3f3c9c0ad1ea9166a3555ed0383b3/usd/5bf3f3c9c0ad1ea9166a3555ed0383b3.usd
bottle,5c042d7c2f32b50b54eac982a13b6909,blank,0.000000,0.000000,0,blank;blank;blank;blank,/cpfs/user/zhuzihou/assets/dedup_workspaces/test0_transitive_apply_parallel/dataset/GRScenes_assets/bottle/5c042d7c2f32b50b54eac982a13b6909,/cpfs/user/zhuzihou/assets/dedup_workspaces/test0_transitive_apply_parallel/dataset/GRScenes_assets/bottle/5c042d7c2f32b50b54eac982a13b6909/usd/5c042d7c2f32b50b54eac982a13b6909.usd
bottle,5d36719f2b37671f108393847d7c7283,suspicious,0.049522,0.056763,160,blank;blank;ok;blank,/cpfs/user/zhuzihou/assets/dedup_workspaces/test0_transitive_apply_parallel/dataset/GRScenes_assets/bottle/5d36719f2b37671f108393847d7c7283,/cpfs/user/zhuzihou/assets/dedup_workspaces/test0_transitive_apply_parallel/dataset/GRScenes_assets/bottle/5d36719f2b37671f108393847d7c7283/usd/5d36719f2b37671f108393847d7c7283.usd
bottle,5d634e770844c77a8d3a9884627a9fca,ok,0.535107,0.603516,512,ok;ok;ok;ok,/cpfs/user/zhuzihou/assets/dedup_workspaces/test0_transitive_apply_parallel/dataset/GRScenes_assets/bottle/5d634e770844c77a8d3a9884627a9fca,/cpfs/user/zhuzihou/assets/dedup_workspaces/test0_transitive_apply_parallel/dataset/GRScenes_assets/bottle/5d634e770844c77a8d3a9884627a9fca/usd/5d634e770844c77a8d3a9884627a9fca.usd
bottle,5e38e16c0b29dabd3846f4d33968079c,ok,0.176655,0.347656,512,ok;ok;ok;ok,/cpfs/user/zhuzihou/assets/dedup_workspaces/test0_transitive_apply_parallel/dataset/GRScenes_assets/bottle/5e38e16c0b29dabd3846f4d33968079c,/cpfs/user/zhuzihou/assets/dedup_workspaces/test0_transitive_apply_parallel/dataset/GRScenes_assets/bottle/5e38e16c0b29dabd3846f4d33968079c/usd/5e38e16c0b29dabd3846f4d33968079c.usd
bottle,5e593217379d3aebd4a2ab729042b2de,ok,0.339855,0.398438,512,ok;ok;ok;ok,/cpfs/user/zhuzihou/assets/dedup_workspaces/test0_transitive_apply_parallel/dataset/GRScenes_assets/bottle/5e593217379d3aebd4a2ab729042b2de,/cpfs/user/zhuzihou/assets/dedup_workspaces/test0_transitive_apply_parallel/dataset/GRScenes_assets/bottle/5e593217379d3aebd4a2ab729042b2de/usd/5e593217379d3aebd4a2ab729042b2de.usd
bottle,5ef0207806eee57b65d79f873bebb5d2,ok,0.166946,0.239445,464,ok;ok;ok;ok,/cpfs/user/zhuzihou/assets/dedup_workspaces/test0_transitive_apply_parallel/dataset/GRScenes_assets/bottle/5ef0207806eee57b65d79f873bebb5d2,/cpfs/user/zhuzihou/assets/dedup_workspaces/test0_transitive_apply_parallel/dataset/GRScenes_assets/bottle/5ef0207806eee57b65d79f873bebb5d2/usd/5ef0207806eee57b65d79f873bebb5d2.usd
bottle,607cbb5efc40919add1cbe1b32ac1679,ok,0.319168,0.374249,493,ok;ok;ok;ok,/cpfs/user/zhuzihou/assets/dedup_workspaces/test0_transitive_apply_parallel/dataset/GRScenes_assets/bottle/607cbb5efc40919add1cbe1b32ac1679,/cpfs/user/zhuzihou/assets/dedup_workspaces/test0_transitive_apply_parallel/dataset/GRScenes_assets/bottle/607cbb5efc40919add1cbe1b32ac1679/usd/607cbb5efc40919add1cbe1b32ac1679.usd
bottle,61b38bd256642779ce1925544319605b,suspicious,0.023518,0.035431,108,blank;blank;tiny;ok,/cpfs/user/zhuzihou/assets/dedup_workspaces/test0_transitive_apply_parallel/dataset/GRScenes_assets/bottle/61b38bd256642779ce1925544319605b,/cpfs/user/zhuzihou/assets/dedup_workspaces/test0_transitive_apply_parallel/dataset/GRScenes_assets/bottle/61b38bd256642779ce1925544319605b/usd/61b38bd256642779ce1925544319605b.usd
bottle,61f388616edbb200e00864fb5b86bf87,blank,0.000000,0.000000,0,blank;blank;blank;blank,/cpfs/user/zhuzihou/assets/dedup_workspaces/test0_transitive_apply_parallel/dataset/GRScenes_assets/bottle/61f388616edbb200e00864fb5b86bf87,/cpfs/user/zhuzihou/assets/dedup_workspaces/test0_transitive_apply_parallel/dataset/GRScenes_assets/bottle/61f388616edbb200e00864fb5b86bf87/usd/61f388616edbb200e00864fb5b86bf87.usd
bottle,61fe65dd207bdfc6a7fd763b250c9d01,suspicious,0.042637,0.044434,128,blank;blank;ok;blank,/cpfs/user/zhuzihou/assets/dedup_workspaces/test0_transitive_apply_parallel/dataset/GRScenes_assets/bottle/61fe65dd207bdfc6a7fd763b250c9d01,/cpfs/user/zhuzihou/assets/dedup_workspaces/test0_transitive_apply_parallel/dataset/GRScenes_assets/bottle/61fe65dd207bdfc6a7fd763b250c9d01/usd/61fe65dd207bdfc6a7fd763b250c9d01.usd
bottle,622cf0ed653a5f83492f8a9c2aa9de06,blank,0.000000,0.000000,0,blank;blank;blank;blank,/cpfs/user/zhuzihou/assets/dedup_workspaces/test0_transitive_apply_parallel/dataset/GRScenes_assets/bottle/622cf0ed653a5f83492f8a9c2aa9de06,/cpfs/user/zhuzihou/assets/dedup_workspaces/test0_transitive_apply_parallel/dataset/GRScenes_assets/bottle/622cf0ed653a5f83492f8a9c2aa9de06/usd/622cf0ed653a5f83492f8a9c2aa9de06.usd
bottle,62305e1d661f08796d691447e5c7dc98,suspicious,0.027351,0.030670,120,blank;tiny;ok;blank,/cpfs/user/zhuzihou/assets/dedup_workspaces/test0_transitive_apply_parallel/dataset/GRScenes_assets/bottle/62305e1d661f08796d691447e5c7dc98,/cpfs/user/zhuzihou/assets/dedup_workspaces/test0_transitive_apply_parallel/dataset/GRScenes_assets/bottle/62305e1d661f08796d691447e5c7dc98/usd/62305e1d661f08796d691447e5c7dc98.usd
bottle,62dc021f98030f9d1cc059cbb246d054,ok,0.508007,0.576172,512,ok;ok;ok;ok,/cpfs/user/zhuzihou/assets/dedup_workspaces/test0_transitive_apply_parallel/dataset/GRScenes_assets/bottle/62dc021f98030f9d1cc059cbb246d054,/cpfs/user/zhuzihou/assets/dedup_workspaces/test0_transitive_apply_parallel/dataset/GRScenes_assets/bottle/62dc021f98030f9d1cc059cbb246d054/usd/62dc021f98030f9d1cc059cbb246d054.usd
bottle,63921f20485e8f374f436b8ee63a3fe5,ok,0.251659,0.342030,453,ok;ok;ok;ok,/cpfs/user/zhuzihou/assets/dedup_workspaces/test0_transitive_apply_parallel/dataset/GRScenes_assets/bottle/63921f20485e8f374f436b8ee63a3fe5,/cpfs/user/zhuzihou/assets/dedup_workspaces/test0_transitive_apply_parallel/dataset/GRScenes_assets/bottle/63921f20485e8f374f436b8ee63a3fe5/usd/63921f20485e8f374f436b8ee63a3fe5.usd
bottle,64306028d4e743ab4d674073f853f419,ok,0.192074,0.258278,467,ok;ok;ok;ok,/cpfs/user/zhuzihou/assets/dedup_workspaces/test0_transitive_apply_parallel/dataset/GRScenes_assets/bottle/64306028d4e743ab4d674073f853f419,/cpfs/user/zhuzihou/assets/dedup_workspaces/test0_transitive_apply_parallel/dataset/GRScenes_assets/bottle/64306028d4e743ab4d674073f853f419/usd/64306028d4e743ab4d674073f853f419.usd
bottle,6498514e7099ae52a90c61ecd03cc231,blank,0.000000,0.000000,0,blank;blank;blank;blank,/cpfs/user/zhuzihou/assets/dedup_workspaces/test0_transitive_apply_parallel/dataset/GRScenes_assets/bottle/6498514e7099ae52a90c61ecd03cc231,/cpfs/user/zhuzihou/assets/dedup_workspaces/test0_transitive_apply_parallel/dataset/GRScenes_assets/bottle/6498514e7099ae52a90c61ecd03cc231/usd/6498514e7099ae52a90c61ecd03cc231.usd
bottle,64c3bb1d7da1a27d0ab8e76eebbb01d8,blank,0.000000,0.000000,0,blank;blank;blank;blank,/cpfs/user/zhuzihou/assets/dedup_workspaces/test0_transitive_apply_parallel/dataset/GRScenes_assets/bottle/64c3bb1d7da1a27d0ab8e76eebbb01d8,/cpfs/user/zhuzihou/assets/dedup_workspaces/test0_transitive_apply_parallel/dataset/GRScenes_assets/bottle/64c3bb1d7da1a27d0ab8e76eebbb01d8/usd/64c3bb1d7da1a27d0ab8e76eebbb01d8.usd
bottle,64e02a3dcd0f0e5dba7e6e799a381be1,blank,0.000000,0.000000,0,blank;blank;blank;blank,/cpfs/user/zhuzihou/assets/dedup_workspaces/test0_transitive_apply_parallel/dataset/GRScenes_assets/bottle/64e02a3dcd0f0e5dba7e6e799a381be1,/cpfs/user/zhuzihou/assets/dedup_workspaces/test0_transitive_apply_parallel/dataset/GRScenes_assets/bottle/64e02a3dcd0f0e5dba7e6e799a381be1/usd/64e02a3dcd0f0e5dba7e6e799a381be1.usd
bottle,64fe6b761d4066429a40695644bbbaaf,suspicious,0.042728,0.055092,166,ok;blank;blank;ok,/cpfs/user/zhuzihou/assets/dedup_workspaces/test0_transitive_apply_parallel/dataset/GRScenes_assets/bottle/64fe6b761d4066429a40695644bbbaaf,/cpfs/user/zhuzihou/assets/dedup_workspaces/test0_transitive_apply_parallel/dataset/GRScenes_assets/bottle/64fe6b761d4066429a40695644bbbaaf/usd/64fe6b761d4066429a40695644bbbaaf.usd
bottle,6500679221119f614fdb31dc5d180c57,ok,0.300694,0.388813,512,ok;ok;ok;ok,/cpfs/user/zhuzihou/assets/dedup_workspaces/test0_transitive_apply_parallel/dataset/GRScenes_assets/bottle/6500679221119f614fdb31dc5d180c57,/cpfs/user/zhuzihou/assets/dedup_workspaces/test0_transitive_apply_parallel/dataset/GRScenes_assets/bottle/6500679221119f614fdb31dc5d180c57/usd/6500679221119f614fdb31dc5d180c57.usd
bottle,654351a0dc2ed1a9ed5b48f0a32b12c0,suspicious,0.014393,0.022240,110,blank;blank;tiny;ok,/cpfs/user/zhuzihou/assets/dedup_workspaces/test0_transitive_apply_parallel/dataset/GRScenes_assets/bottle/654351a0dc2ed1a9ed5b48f0a32b12c0,/cpfs/user/zhuzihou/assets/dedup_workspaces/test0_transitive_apply_parallel/dataset/GRScenes_assets/bottle/654351a0dc2ed1a9ed5b48f0a32b12c0/usd/654351a0dc2ed1a9ed5b48f0a32b12c0.usd
bottle,6623e598bf75125e2b17a402c60795a8,suspicious,0.150589,0.227623,510,tiny;ok;blank;tiny,/cpfs/user/zhuzihou/assets/dedup_workspaces/test0_transitive_apply_parallel/dataset/GRScenes_assets/bottle/6623e598bf75125e2b17a402c60795a8,/cpfs/user/zhuzihou/assets/dedup_workspaces/test0_transitive_apply_parallel/dataset/GRScenes_assets/bottle/6623e598bf75125e2b17a402c60795a8/usd/6623e598bf75125e2b17a402c60795a8.usd
bottle,663e729e0847c4faaa43b59b1fbe97f4,blank,0.000000,0.000000,0,blank;blank;blank;blank,/cpfs/user/zhuzihou/assets/dedup_workspaces/test0_transitive_apply_parallel/dataset/GRScenes_assets/bottle/663e729e0847c4faaa43b59b1fbe97f4,/cpfs/user/zhuzihou/assets/dedup_workspaces/test0_transitive_apply_parallel/dataset/GRScenes_assets/bottle/663e729e0847c4faaa43b59b1fbe97f4/usd/663e729e0847c4faaa43b59b1fbe97f4.usd
bottle,66714245ba1e509df26ca78885128115,blank,0.000000,0.000000,0,blank;blank;blank;blank,/cpfs/user/zhuzihou/assets/dedup_workspaces/test0_transitive_apply_parallel/dataset/GRScenes_assets/bottle/66714245ba1e509df26ca78885128115,/cpfs/user/zhuzihou/assets/dedup_workspaces/test0_transitive_apply_parallel/dataset/GRScenes_assets/bottle/66714245ba1e509df26ca78885128115/usd/66714245ba1e509df26ca78885128115.usd
bottle,6675bc91e79445c0ba6bb494e526d694,suspicious,0.044376,0.057823,143,tiny;ok;blank;blank,/cpfs/user/zhuzihou/assets/dedup_workspaces/test0_transitive_apply_parallel/dataset/GRScenes_assets/bottle/6675bc91e79445c0ba6bb494e526d694,/cpfs/user/zhuzihou/assets/dedup_workspaces/test0_transitive_apply_parallel/dataset/GRScenes_assets/bottle/6675bc91e79445c0ba6bb494e526d694/usd/6675bc91e79445c0ba6bb494e526d694.usd
bottle,66ed7eda557822539ae3010cb4d1db5a,ok,0.601601,0.632812,512,ok;ok;ok;ok,/cpfs/user/zhuzihou/assets/dedup_workspaces/test0_transitive_apply_parallel/dataset/GRScenes_assets/bottle/66ed7eda557822539ae3010cb4d1db5a,/cpfs/user/zhuzihou/assets/dedup_workspaces/test0_transitive_apply_parallel/dataset/GRScenes_assets/bottle/66ed7eda557822539ae3010cb4d1db5a/usd/66ed7eda557822539ae3010cb4d1db5a.usd
bottle,675cff94216ffebed10a5bbe973f37e4,suspicious,0.021889,0.022789,103,blank;blank;ok;blank,/cpfs/user/zhuzihou/assets/dedup_workspaces/test0_transitive_apply_parallel/dataset/GRScenes_assets/bottle/675cff94216ffebed10a5bbe973f37e4,/cpfs/user/zhuzihou/assets/dedup_workspaces/test0_transitive_apply_parallel/dataset/GRScenes_assets/bottle/675cff94216ffebed10a5bbe973f37e4/usd/675cff94216ffebed10a5bbe973f37e4.usd
bottle,67c25d7d62e5eb31ef2e7a9f8a4b9d14,suspicious,0.025700,0.031311,114,blank;blank;blank;ok,/cpfs/user/zhuzihou/assets/dedup_workspaces/test0_transitive_apply_parallel/dataset/GRScenes_assets/bottle/67c25d7d62e5eb31ef2e7a9f8a4b9d14,/cpfs/user/zhuzihou/assets/dedup_workspaces/test0_transitive_apply_parallel/dataset/GRScenes_assets/bottle/67c25d7d62e5eb31ef2e7a9f8a4b9d14/usd/67c25d7d62e5eb31ef2e7a9f8a4b9d14.usd
bottle,68c4ea45f70a0e389aad2c51a9b5a24d,blank,0.000000,0.000000,0,blank;blank;blank;blank,/cpfs/user/zhuzihou/assets/dedup_workspaces/test0_transitive_apply_parallel/dataset/GRScenes_assets/bottle/68c4ea45f70a0e389aad2c51a9b5a24d,/cpfs/user/zhuzihou/assets/dedup_workspaces/test0_transitive_apply_parallel/dataset/GRScenes_assets/bottle/68c4ea45f70a0e389aad2c51a9b5a24d/usd/68c4ea45f70a0e389aad2c51a9b5a24d.usd
bottle,691d1b56190c43c06ca49d7968b46683,blank,0.000000,0.000000,0,blank;blank;blank;blank,/cpfs/user/zhuzihou/assets/dedup_workspaces/test0_transitive_apply_parallel/dataset/GRScenes_assets/bottle/691d1b56190c43c06ca49d7968b46683,/cpfs/user/zhuzihou/assets/dedup_workspaces/test0_transitive_apply_parallel/dataset/GRScenes_assets/bottle/691d1b56190c43c06ca49d7968b46683/usd/691d1b56190c43c06ca49d7968b46683.usd
bottle,6978ac6d93a7bc9deca20e7fdd059ff9,suspicious,0.066563,0.070038,204,blank;ok;ok;ok,/cpfs/user/zhuzihou/assets/dedup_workspaces/test0_transitive_apply_parallel/dataset/GRScenes_assets/bottle/6978ac6d93a7bc9deca20e7fdd059ff9,/cpfs/user/zhuzihou/assets/dedup_workspaces/test0_transitive_apply_parallel/dataset/GRScenes_assets/bottle/6978ac6d93a7bc9deca20e7fdd059ff9/usd/6978ac6d93a7bc9deca20e7fdd059ff9.usd
bottle,69c4937a81b9e8b85485a633143db0db,ok,0.312500,0.312500,512,ok;ok;ok;ok,/cpfs/user/zhuzihou/assets/dedup_workspaces/test0_transitive_apply_parallel/dataset/GRScenes_assets/bottle/69c4937a81b9e8b85485a633143db0db,/cpfs/user/zhuzihou/assets/dedup_workspaces/test0_transitive_apply_parallel/dataset/GRScenes_assets/bottle/69c4937a81b9e8b85485a633143db0db/usd/69c4937a81b9e8b85485a633143db0db.usd
bottle,69da2934c4cc48aafab20384eb4b5b70,ok,0.573902,0.707031,512,ok;ok;ok;ok,/cpfs/user/zhuzihou/assets/dedup_workspaces/test0_transitive_apply_parallel/dataset/GRScenes_assets/bottle/69da2934c4cc48aafab20384eb4b5b70,/cpfs/user/zhuzihou/assets/dedup_workspaces/test0_transitive_apply_parallel/dataset/GRScenes_assets/bottle/69da2934c4cc48aafab20384eb4b5b70/usd/69da2934c4cc48aafab20384eb4b5b70.usd
bottle,69dc07899b89326c30d4bae66f1ab99d,ok,0.374950,0.406952,420,ok;ok;ok;ok,/cpfs/user/zhuzihou/assets/dedup_workspaces/test0_transitive_apply_parallel/dataset/GRScenes_assets/bottle/69dc07899b89326c30d4bae66f1ab99d,/cpfs/user/zhuzihou/assets/dedup_workspaces/test0_transitive_apply_parallel/dataset/GRScenes_assets/bottle/69dc07899b89326c30d4bae66f1ab99d/usd/69dc07899b89326c30d4bae66f1ab99d.usd
bottle,6a8c6385ade889854e6aa62f8425136d,ok,0.241642,0.309814,288,ok;ok;ok;ok,/cpfs/user/zhuzihou/assets/dedup_workspaces/test0_transitive_apply_parallel/dataset/GRScenes_assets/bottle/6a8c6385ade889854e6aa62f8425136d,/cpfs/user/zhuzihou/assets/dedup_workspaces/test0_transitive_apply_parallel/dataset/GRScenes_assets/bottle/6a8c6385ade889854e6aa62f8425136d/usd/6a8c6385ade889854e6aa62f8425136d.usd
bottle,6b10aec896e67c6fc7232679409663ce,blank,0.000000,0.000000,0,blank;blank;blank;blank,/cpfs/user/zhuzihou/assets/dedup_workspaces/test0_transitive_apply_parallel/dataset/GRScenes_assets/bottle/6b10aec896e67c6fc7232679409663ce,/cpfs/user/zhuzihou/assets/dedup_workspaces/test0_transitive_apply_parallel/dataset/GRScenes_assets/bottle/6b10aec896e67c6fc7232679409663ce/usd/6b10aec896e67c6fc7232679409663ce.usd
bottle,6b4ad081aff2726132a705d9a087c582,blank,0.000000,0.000000,0,blank;blank;blank;blank,/cpfs/user/zhuzihou/assets/dedup_workspaces/test0_transitive_apply_parallel/dataset/GRScenes_assets/bottle/6b4ad081aff2726132a705d9a087c582,/cpfs/user/zhuzihou/assets/dedup_workspaces/test0_transitive_apply_parallel/dataset/GRScenes_assets/bottle/6b4ad081aff2726132a705d9a087c582/usd/6b4ad081aff2726132a705d9a087c582.usd
bottle,6cd6d7d42e14de38931c92604efd5aef,suspicious,0.003925,0.005474,41,blank;blank;blank;tiny,/cpfs/user/zhuzihou/assets/dedup_workspaces/test0_transitive_apply_parallel/dataset/GRScenes_assets/bottle/6cd6d7d42e14de38931c92604efd5aef,/cpfs/user/zhuzihou/assets/dedup_workspaces/test0_transitive_apply_parallel/dataset/GRScenes_assets/bottle/6cd6d7d42e14de38931c92604efd5aef/usd/6cd6d7d42e14de38931c92604efd5aef.usd
bottle,6cfea21fbcfc58a9de63a3da1b316fba,ok,0.552734,0.552734,512,ok;ok;ok;ok,/cpfs/user/zhuzihou/assets/dedup_workspaces/test0_transitive_apply_parallel/dataset/GRScenes_assets/bottle/6cfea21fbcfc58a9de63a3da1b316fba,/cpfs/user/zhuzihou/assets/dedup_workspaces/test0_transitive_apply_parallel/dataset/GRScenes_assets/bottle/6cfea21fbcfc58a9de63a3da1b316fba/usd/6cfea21fbcfc58a9de63a3da1b316fba.usd
bottle,6d789fa9638f3187387c726da80c22c8,blank,0.000000,0.000000,0,blank;blank;blank;blank,/cpfs/user/zhuzihou/assets/dedup_workspaces/test0_transitive_apply_parallel/dataset/GRScenes_assets/bottle/6d789fa9638f3187387c726da80c22c8,/cpfs/user/zhuzihou/assets/dedup_workspaces/test0_transitive_apply_parallel/dataset/GRScenes_assets/bottle/6d789fa9638f3187387c726da80c22c8/usd/6d789fa9638f3187387c726da80c22c8.usd
bottle,6ec6fb8444e4322cd3c31cb2fd89876b,suspicious,0.021137,0.085239,205,ok;ok;ok;tiny,/cpfs/user/zhuzihou/assets/dedup_workspaces/test0_transitive_apply_parallel/dataset/GRScenes_assets/bottle/6ec6fb8444e4322cd3c31cb2fd89876b,/cpfs/user/zhuzihou/assets/dedup_workspaces/test0_transitive_apply_parallel/dataset/GRScenes_assets/bottle/6ec6fb8444e4322cd3c31cb2fd89876b/usd/6ec6fb8444e4322cd3c31cb2fd89876b.usd
bottle,6fc0dcf0ed26280156dcb225ed1cd80b,ok,0.397678,0.398438,512,ok;ok;ok;ok,/cpfs/user/zhuzihou/assets/dedup_workspaces/test0_transitive_apply_parallel/dataset/GRScenes_assets/bottle/6fc0dcf0ed26280156dcb225ed1cd80b,/cpfs/user/zhuzihou/assets/dedup_workspaces/test0_transitive_apply_parallel/dataset/GRScenes_assets/bottle/6fc0dcf0ed26280156dcb225ed1cd80b/usd/6fc0dcf0ed26280156dcb225ed1cd80b.usd
bottle,6fd2d41e9f66f2fc0e7a6c05e760575a,suspicious,0.028538,0.036438,199,ok;blank;blank;blank,/cpfs/user/zhuzihou/assets/dedup_workspaces/test0_transitive_apply_parallel/dataset/GRScenes_assets/bottle/6fd2d41e9f66f2fc0e7a6c05e760575a,/cpfs/user/zhuzihou/assets/dedup_workspaces/test0_transitive_apply_parallel/dataset/GRScenes_assets/bottle/6fd2d41e9f66f2fc0e7a6c05e760575a/usd/6fd2d41e9f66f2fc0e7a6c05e760575a.usd
bottle,6fda904c9ea76ea7884ea2987a3254d9,suspicious,0.021790,0.023415,97,blank;tiny;ok;blank,/cpfs/user/zhuzihou/assets/dedup_workspaces/test0_transitive_apply_parallel/dataset/GRScenes_assets/bottle/6fda904c9ea76ea7884ea2987a3254d9,/cpfs/user/zhuzihou/assets/dedup_workspaces/test0_transitive_apply_parallel/dataset/GRScenes_assets/bottle/6fda904c9ea76ea7884ea2987a3254d9/usd/6fda904c9ea76ea7884ea2987a3254d9.usd
bottle,7060a9175b16358a22ff4d94378a2e79,ok,0.138496,0.252525,374,ok;ok;ok;ok,/cpfs/user/zhuzihou/assets/dedup_workspaces/test0_transitive_apply_parallel/dataset/GRScenes_assets/bottle/7060a9175b16358a22ff4d94378a2e79,/cpfs/user/zhuzihou/assets/dedup_workspaces/test0_transitive_apply_parallel/dataset/GRScenes_assets/bottle/7060a9175b16358a22ff4d94378a2e79/usd/7060a9175b16358a22ff4d94378a2e79.usd
bottle,713cc896ddbf8d45fefcefa0ecf731d5,ok,0.209667,0.216797,512,ok;ok;ok;ok,/cpfs/user/zhuzihou/assets/dedup_workspaces/test0_transitive_apply_parallel/dataset/GRScenes_assets/bottle/713cc896ddbf8d45fefcefa0ecf731d5,/cpfs/user/zhuzihou/assets/dedup_workspaces/test0_transitive_apply_parallel/dataset/GRScenes_assets/bottle/713cc896ddbf8d45fefcefa0ecf731d5/usd/713cc896ddbf8d45fefcefa0ecf731d5.usd
bottle,71bec0177c030f563c8a5a0307db801e,blank,0.000000,0.000000,0,blank;blank;blank;blank,/cpfs/user/zhuzihou/assets/dedup_workspaces/test0_transitive_apply_parallel/dataset/GRScenes_assets/bottle/71bec0177c030f563c8a5a0307db801e,/cpfs/user/zhuzihou/assets/dedup_workspaces/test0_transitive_apply_parallel/dataset/GRScenes_assets/bottle/71bec0177c030f563c8a5a0307db801e/usd/71bec0177c030f563c8a5a0307db801e.usd
bottle,7218c60ede56775d76d74bf9a709cd7e,suspicious,0.092094,0.095253,227,ok;tiny;blank;tiny,/cpfs/user/zhuzihou/assets/dedup_workspaces/test0_transitive_apply_parallel/dataset/GRScenes_assets/bottle/7218c60ede56775d76d74bf9a709cd7e,/cpfs/user/zhuzihou/assets/dedup_workspaces/test0_transitive_apply_parallel/dataset/GRScenes_assets/bottle/7218c60ede56775d76d74bf9a709cd7e/usd/7218c60ede56775d76d74bf9a709cd7e.usd
bottle,726ad6a3dc4dba9a1228b1ae3a14194a,ok,0.260391,0.342178,308,ok;ok;ok;ok,/cpfs/user/zhuzihou/assets/dedup_workspaces/test0_transitive_apply_parallel/dataset/GRScenes_assets/bottle/726ad6a3dc4dba9a1228b1ae3a14194a,/cpfs/user/zhuzihou/assets/dedup_workspaces/test0_transitive_apply_parallel/dataset/GRScenes_assets/bottle/726ad6a3dc4dba9a1228b1ae3a14194a/usd/726ad6a3dc4dba9a1228b1ae3a14194a.usd
bottle,727e068eca53ec4fafc9b5981105b7c8,ok,0.155857,0.236053,460,ok;ok;ok;ok,/cpfs/user/zhuzihou/assets/dedup_workspaces/test0_transitive_apply_parallel/dataset/GRScenes_assets/bottle/727e068eca53ec4fafc9b5981105b7c8,/cpfs/user/zhuzihou/assets/dedup_workspaces/test0_transitive_apply_parallel/dataset/GRScenes_assets/bottle/727e068eca53ec4fafc9b5981105b7c8/usd/727e068eca53ec4fafc9b5981105b7c8.usd
bottle,72c03921cae1d7f7319c30e03c8c2f3a,ok,0.262409,0.358887,335,ok;ok;ok;ok,/cpfs/user/zhuzihou/assets/dedup_workspaces/test0_transitive_apply_parallel/dataset/GRScenes_assets/bottle/72c03921cae1d7f7319c30e03c8c2f3a,/cpfs/user/zhuzihou/assets/dedup_workspaces/test0_transitive_apply_parallel/dataset/GRScenes_assets/bottle/72c03921cae1d7f7319c30e03c8c2f3a/usd/72c03921cae1d7f7319c30e03c8c2f3a.usd
bottle,730abfe1d36f2aaecbe9d489cba5036a,ok,0.187881,0.240326,500,ok;ok;ok;ok,/cpfs/user/zhuzihou/assets/dedup_workspaces/test0_transitive_apply_parallel/dataset/GRScenes_assets/bottle/730abfe1d36f2aaecbe9d489cba5036a,/cpfs/user/zhuzihou/assets/dedup_workspaces/test0_transitive_apply_parallel/dataset/GRScenes_assets/bottle/730abfe1d36f2aaecbe9d489cba5036a/usd/730abfe1d36f2aaecbe9d489cba5036a.usd
bottle,73f64d36da65990e88ea21c0ef0685fd,blank,0.000000,0.000000,0,blank;blank;blank;blank,/cpfs/user/zhuzihou/assets/dedup_workspaces/test0_transitive_apply_parallel/dataset/GRScenes_assets/bottle/73f64d36da65990e88ea21c0ef0685fd,/cpfs/user/zhuzihou/assets/dedup_workspaces/test0_transitive_apply_parallel/dataset/GRScenes_assets/bottle/73f64d36da65990e88ea21c0ef0685fd/usd/73f64d36da65990e88ea21c0ef0685fd.usd
bottle,74b27ded7e2ec0e6cd98f45af40efaae,blank,0.000000,0.000000,0,blank;blank;blank;blank,/cpfs/user/zhuzihou/assets/dedup_workspaces/test0_transitive_apply_parallel/dataset/GRScenes_assets/bottle/74b27ded7e2ec0e6cd98f45af40efaae,/cpfs/user/zhuzihou/assets/dedup_workspaces/test0_transitive_apply_parallel/dataset/GRScenes_assets/bottle/74b27ded7e2ec0e6cd98f45af40efaae/usd/74b27ded7e2ec0e6cd98f45af40efaae.usd
bottle,75fdb1399932eb9872e8ed7ab49e68ae,ok,0.342190,0.408203,512,ok;ok;ok;ok,/cpfs/user/zhuzihou/assets/dedup_workspaces/test0_transitive_apply_parallel/dataset/GRScenes_assets/bottle/75fdb1399932eb9872e8ed7ab49e68ae,/cpfs/user/zhuzihou/assets/dedup_workspaces/test0_transitive_apply_parallel/dataset/GRScenes_assets/bottle/75fdb1399932eb9872e8ed7ab49e68ae/usd/75fdb1399932eb9872e8ed7ab49e68ae.usd
bottle,767486c71db337f9aa21baedb9124a92,ok,0.268776,0.332607,476,ok;ok;ok;ok,/cpfs/user/zhuzihou/assets/dedup_workspaces/test0_transitive_apply_parallel/dataset/GRScenes_assets/bottle/767486c71db337f9aa21baedb9124a92,/cpfs/user/zhuzihou/assets/dedup_workspaces/test0_transitive_apply_parallel/dataset/GRScenes_assets/bottle/767486c71db337f9aa21baedb9124a92/usd/767486c71db337f9aa21baedb9124a92.usd
bottle,77060ac6e3c9884852a0d135fb37403b,ok,0.280727,0.429688,512,ok;ok;ok;ok,/cpfs/user/zhuzihou/assets/dedup_workspaces/test0_transitive_apply_parallel/dataset/GRScenes_assets/bottle/77060ac6e3c9884852a0d135fb37403b,/cpfs/user/zhuzihou/assets/dedup_workspaces/test0_transitive_apply_parallel/dataset/GRScenes_assets/bottle/77060ac6e3c9884852a0d135fb37403b/usd/77060ac6e3c9884852a0d135fb37403b.usd
bottle,773d70ba991df126394cf8f60a1bcf60,suspicious,0.056393,0.077576,165,ok;blank;blank;ok,/cpfs/user/zhuzihou/assets/dedup_workspaces/test0_transitive_apply_parallel/dataset/GRScenes_assets/bottle/773d70ba991df126394cf8f60a1bcf60,/cpfs/user/zhuzihou/assets/dedup_workspaces/test0_transitive_apply_parallel/dataset/GRScenes_assets/bottle/773d70ba991df126394cf8f60a1bcf60/usd/773d70ba991df126394cf8f60a1bcf60.usd
bottle,774d8c817601295612b1bb1b9d580b9a,blank,0.000000,0.000000,0,blank;blank;blank;blank,/cpfs/user/zhuzihou/assets/dedup_workspaces/test0_transitive_apply_parallel/dataset/GRScenes_assets/bottle/774d8c817601295612b1bb1b9d580b9a,/cpfs/user/zhuzihou/assets/dedup_workspaces/test0_transitive_apply_parallel/dataset/GRScenes_assets/bottle/774d8c817601295612b1bb1b9d580b9a/usd/774d8c817601295612b1bb1b9d580b9a.usd
bottle,7753141c65881419938605225d3413d9,ok,0.358654,0.405167,501,ok;ok;ok;ok,/cpfs/user/zhuzihou/assets/dedup_workspaces/test0_transitive_apply_parallel/dataset/GRScenes_assets/bottle/7753141c65881419938605225d3413d9,/cpfs/user/zhuzihou/assets/dedup_workspaces/test0_transitive_apply_parallel/dataset/GRScenes_assets/bottle/7753141c65881419938605225d3413d9/usd/7753141c65881419938605225d3413d9.usd
bottle,776d740368102dd24fc9f1c5b9c899cb,blank,0.000000,0.000000,0,blank;blank;blank;blank,/cpfs/user/zhuzihou/assets/dedup_workspaces/test0_transitive_apply_parallel/dataset/GRScenes_assets/bottle/776d740368102dd24fc9f1c5b9c899cb,/cpfs/user/zhuzihou/assets/dedup_workspaces/test0_transitive_apply_parallel/dataset/GRScenes_assets/bottle/776d740368102dd24fc9f1c5b9c899cb/usd/776d740368102dd24fc9f1c5b9c899cb.usd
bottle,778ddfcf98a7a84eed84f89b1c03c4b9,ok,0.157234,0.233582,462,ok;ok;ok;ok,/cpfs/user/zhuzihou/assets/dedup_workspaces/test0_transitive_apply_parallel/dataset/GRScenes_assets/bottle/778ddfcf98a7a84eed84f89b1c03c4b9,/cpfs/user/zhuzihou/assets/dedup_workspaces/test0_transitive_apply_parallel/dataset/GRScenes_assets/bottle/778ddfcf98a7a84eed84f89b1c03c4b9/usd/778ddfcf98a7a84eed84f89b1c03c4b9.usd
bottle,77bad505aa99d1f32a1d79256cb865ce,suspicious,0.002319,0.002594,157,tiny;blank;blank;tiny,/cpfs/user/zhuzihou/assets/dedup_workspaces/test0_transitive_apply_parallel/dataset/GRScenes_assets/bottle/77bad505aa99d1f32a1d79256cb865ce,/cpfs/user/zhuzihou/assets/dedup_workspaces/test0_transitive_apply_parallel/dataset/GRScenes_assets/bottle/77bad505aa99d1f32a1d79256cb865ce/usd/77bad505aa99d1f32a1d79256cb865ce.usd
bottle,785887b2a0298544416f5be6b5624a5c,suspicious,0.021698,0.023407,104,blank;blank;ok;blank,/cpfs/user/zhuzihou/assets/dedup_workspaces/test0_transitive_apply_parallel/dataset/GRScenes_assets/bottle/785887b2a0298544416f5be6b5624a5c,/cpfs/user/zhuzihou/assets/dedup_workspaces/test0_transitive_apply_parallel/dataset/GRScenes_assets/bottle/785887b2a0298544416f5be6b5624a5c/usd/785887b2a0298544416f5be6b5624a5c.usd
bottle,78e22eac651ac424bd3ca72e5f5a6bc4,suspicious,0.036411,0.047619,219,ok;tiny;blank;blank,/cpfs/user/zhuzihou/assets/dedup_workspaces/test0_transitive_apply_parallel/dataset/GRScenes_assets/bottle/78e22eac651ac424bd3ca72e5f5a6bc4,/cpfs/user/zhuzihou/assets/dedup_workspaces/test0_transitive_apply_parallel/dataset/GRScenes_assets/bottle/78e22eac651ac424bd3ca72e5f5a6bc4/usd/78e22eac651ac424bd3ca72e5f5a6bc4.usd
bottle,79090fe893611281c78d1c237c2f5b64,ok,0.164871,0.238136,462,ok;ok;ok;ok,/cpfs/user/zhuzihou/assets/dedup_workspaces/test0_transitive_apply_parallel/dataset/GRScenes_assets/bottle/79090fe893611281c78d1c237c2f5b64,/cpfs/user/zhuzihou/assets/dedup_workspaces/test0_transitive_apply_parallel/dataset/GRScenes_assets/bottle/79090fe893611281c78d1c237c2f5b64/usd/79090fe893611281c78d1c237c2f5b64.usd
bottle,7a234af0035ed9c3e2611b055bac8ed0,suspicious,0.011425,0.097652,161,blank;ok;blank;blank,/cpfs/user/zhuzihou/assets/dedup_workspaces/test0_transitive_apply_parallel/dataset/GRScenes_assets/bottle/7a234af0035ed9c3e2611b055bac8ed0,/cpfs/user/zhuzihou/assets/dedup_workspaces/test0_transitive_apply_parallel/dataset/GRScenes_assets/bottle/7a234af0035ed9c3e2611b055bac8ed0/usd/7a234af0035ed9c3e2611b055bac8ed0.usd
bottle,7abfc8692c6ae021afdc6f2aacf711b9,suspicious,0.035549,0.054993,136,ok;ok;blank;blank,/cpfs/user/zhuzihou/assets/dedup_workspaces/test0_transitive_apply_parallel/dataset/GRScenes_assets/bottle/7abfc8692c6ae021afdc6f2aacf711b9,/cpfs/user/zhuzihou/assets/dedup_workspaces/test0_transitive_apply_parallel/dataset/GRScenes_assets/bottle/7abfc8692c6ae021afdc6f2aacf711b9/usd/7abfc8692c6ae021afdc6f2aacf711b9.usd
bottle,7c3600e246ec48c49c73cf290aee1b34,suspicious,0.020710,0.023346,102,blank;blank;ok;blank,/cpfs/user/zhuzihou/assets/dedup_workspaces/test0_transitive_apply_parallel/dataset/GRScenes_assets/bottle/7c3600e246ec48c49c73cf290aee1b34,/cpfs/user/zhuzihou/assets/dedup_workspaces/test0_transitive_apply_parallel/dataset/GRScenes_assets/bottle/7c3600e246ec48c49c73cf290aee1b34/usd/7c3600e246ec48c49c73cf290aee1b34.usd
bottle,7cc0f788de67ff0bef7765944439425f,suspicious,0.065449,0.107285,214,ok;tiny;tiny;ok,/cpfs/user/zhuzihou/assets/dedup_workspaces/test0_transitive_apply_parallel/dataset/GRScenes_assets/bottle/7cc0f788de67ff0bef7765944439425f,/cpfs/user/zhuzihou/assets/dedup_workspaces/test0_transitive_apply_parallel/dataset/GRScenes_assets/bottle/7cc0f788de67ff0bef7765944439425f/usd/7cc0f788de67ff0bef7765944439425f.usd
bottle,7cc94b3e7bf2a12130a095f08ca0470d,ok,0.282261,0.614243,415,ok;ok;ok;ok,/cpfs/user/zhuzihou/assets/dedup_workspaces/test0_transitive_apply_parallel/dataset/GRScenes_assets/bottle/7cc94b3e7bf2a12130a095f08ca0470d,/cpfs/user/zhuzihou/assets/dedup_workspaces/test0_transitive_apply_parallel/dataset/GRScenes_assets/bottle/7cc94b3e7bf2a12130a095f08ca0470d/usd/7cc94b3e7bf2a12130a095f08ca0470d.usd
bottle,7d2ea59db14774fe0ffc6686b34c1ee5,ok,0.079372,0.115143,206,ok;ok;ok;ok,/cpfs/user/zhuzihou/assets/dedup_workspaces/test0_transitive_apply_parallel/dataset/GRScenes_assets/bottle/7d2ea59db14774fe0ffc6686b34c1ee5,/cpfs/user/zhuzihou/assets/dedup_workspaces/test0_transitive_apply_parallel/dataset/GRScenes_assets/bottle/7d2ea59db14774fe0ffc6686b34c1ee5/usd/7d2ea59db14774fe0ffc6686b34c1ee5.usd
bottle,7e09438c1309881278bc6058c7ac9c3b,suspicious,0.084942,0.091591,245,ok;blank;blank;blank,/cpfs/user/zhuzihou/assets/dedup_workspaces/test0_transitive_apply_parallel/dataset/GRScenes_assets/bottle/7e09438c1309881278bc6058c7ac9c3b,/cpfs/user/zhuzihou/assets/dedup_workspaces/test0_transitive_apply_parallel/dataset/GRScenes_assets/bottle/7e09438c1309881278bc6058c7ac9c3b/usd/7e09438c1309881278bc6058c7ac9c3b.usd
bottle,7e9d731b49eda91aeca0f040a605ed50,suspicious,0.032234,0.037613,152,tiny;ok;blank;blank,/cpfs/user/zhuzihou/assets/dedup_workspaces/test0_transitive_apply_parallel/dataset/GRScenes_assets/bottle/7e9d731b49eda91aeca0f040a605ed50,/cpfs/user/zhuzihou/assets/dedup_workspaces/test0_transitive_apply_parallel/dataset/GRScenes_assets/bottle/7e9d731b49eda91aeca0f040a605ed50/usd/7e9d731b49eda91aeca0f040a605ed50.usd
bottle,7ecf9257d56bb9608ce272d57f129b85,blank,0.000000,0.000000,0,blank;blank;blank;blank,/cpfs/user/zhuzihou/assets/dedup_workspaces/test0_transitive_apply_parallel/dataset/GRScenes_assets/bottle/7ecf9257d56bb9608ce272d57f129b85,/cpfs/user/zhuzihou/assets/dedup_workspaces/test0_transitive_apply_parallel/dataset/GRScenes_assets/bottle/7ecf9257d56bb9608ce272d57f129b85/usd/7ecf9257d56bb9608ce272d57f129b85.usd
bottle,7edbfd1ef4096e773d3afee45adcd314,suspicious,0.020439,0.026543,142,blank;blank;ok;blank,/cpfs/user/zhuzihou/assets/dedup_workspaces/test0_transitive_apply_parallel/dataset/GRScenes_assets/bottle/7edbfd1ef4096e773d3afee45adcd314,/cpfs/user/zhuzihou/assets/dedup_workspaces/test0_transitive_apply_parallel/dataset/GRScenes_assets/bottle/7edbfd1ef4096e773d3afee45adcd314/usd/7edbfd1ef4096e773d3afee45adcd314.usd
bottle,7f79e2039c92fdb7aad5403257421ad3,suspicious,0.074848,0.108643,178,ok;ok;blank;blank,/cpfs/user/zhuzihou/assets/dedup_workspaces/test0_transitive_apply_parallel/dataset/GRScenes_assets/bottle/7f79e2039c92fdb7aad5403257421ad3,/cpfs/user/zhuzihou/assets/dedup_workspaces/test0_transitive_apply_parallel/dataset/GRScenes_assets/bottle/7f79e2039c92fdb7aad5403257421ad3/usd/7f79e2039c92fdb7aad5403257421ad3.usd
bottle,7f7e15a537f2f1ccee9a602473a8b1dc,suspicious,0.013210,0.016975,89,blank;tiny;blank;blank,/cpfs/user/zhuzihou/assets/dedup_workspaces/test0_transitive_apply_parallel/dataset/GRScenes_assets/bottle/7f7e15a537f2f1ccee9a602473a8b1dc,/cpfs/user/zhuzihou/assets/dedup_workspaces/test0_transitive_apply_parallel/dataset/GRScenes_assets/bottle/7f7e15a537f2f1ccee9a602473a8b1dc/usd/7f7e15a537f2f1ccee9a602473a8b1dc.usd
bottle,7f977058cb3ada07f38d65cbe951f8f1,ok,0.127987,0.400517,431,ok;ok;ok;ok,/cpfs/user/zhuzihou/assets/dedup_workspaces/test0_transitive_apply_parallel/dataset/GRScenes_assets/bottle/7f977058cb3ada07f38d65cbe951f8f1,/cpfs/user/zhuzihou/assets/dedup_workspaces/test0_transitive_apply_parallel/dataset/GRScenes_assets/bottle/7f977058cb3ada07f38d65cbe951f8f1/usd/7f977058cb3ada07f38d65cbe951f8f1.usd
bottle,7fad482f299a4cba8bba988cb5f287b5,blank,0.000000,0.000000,0,blank;blank;blank;blank,/cpfs/user/zhuzihou/assets/dedup_workspaces/test0_transitive_apply_parallel/dataset/GRScenes_assets/bottle/7fad482f299a4cba8bba988cb5f287b5,/cpfs/user/zhuzihou/assets/dedup_workspaces/test0_transitive_apply_parallel/dataset/GRScenes_assets/bottle/7fad482f299a4cba8bba988cb5f287b5/usd/7fad482f299a4cba8bba988cb5f287b5.usd
bottle,807ec6e7f62f7bbfde2f54424337baca,ok,0.483269,0.630669,482,ok;ok;ok;ok,/cpfs/user/zhuzihou/assets/dedup_workspaces/test0_transitive_apply_parallel/dataset/GRScenes_assets/bottle/807ec6e7f62f7bbfde2f54424337baca,/cpfs/user/zhuzihou/assets/dedup_workspaces/test0_transitive_apply_parallel/dataset/GRScenes_assets/bottle/807ec6e7f62f7bbfde2f54424337baca/usd/807ec6e7f62f7bbfde2f54424337baca.usd
bottle,81195e8cf08f6209b45b6fc77f81b540,blank,0.000000,0.000000,0,blank;blank;blank;blank,/cpfs/user/zhuzihou/assets/dedup_workspaces/test0_transitive_apply_parallel/dataset/GRScenes_assets/bottle/81195e8cf08f6209b45b6fc77f81b540,/cpfs/user/zhuzihou/assets/dedup_workspaces/test0_transitive_apply_parallel/dataset/GRScenes_assets/bottle/81195e8cf08f6209b45b6fc77f81b540/usd/81195e8cf08f6209b45b6fc77f81b540.usd
bottle,81c807f06b272d333edbee3ce30e8f7e,blank,0.000000,0.000000,0,blank;blank;blank;blank,/cpfs/user/zhuzihou/assets/dedup_workspaces/test0_transitive_apply_parallel/dataset/GRScenes_assets/bottle/81c807f06b272d333edbee3ce30e8f7e,/cpfs/user/zhuzihou/assets/dedup_workspaces/test0_transitive_apply_parallel/dataset/GRScenes_assets/bottle/81c807f06b272d333edbee3ce30e8f7e/usd/81c807f06b272d333edbee3ce30e8f7e.usd
bottle,81d1e0ef44b63f5138b63e5da3fa3752,ok,0.101509,0.462524,421,ok;ok;ok;ok,/cpfs/user/zhuzihou/assets/dedup_workspaces/test0_transitive_apply_parallel/dataset/GRScenes_assets/bottle/81d1e0ef44b63f5138b63e5da3fa3752,/cpfs/user/zhuzihou/assets/dedup_workspaces/test0_transitive_apply_parallel/dataset/GRScenes_assets/bottle/81d1e0ef44b63f5138b63e5da3fa3752/usd/81d1e0ef44b63f5138b63e5da3fa3752.usd
bottle,82afaacc024b5f766bb195e168a1a2a5,blank,0.000000,0.000000,0,blank;blank;blank;blank,/cpfs/user/zhuzihou/assets/dedup_workspaces/test0_transitive_apply_parallel/dataset/GRScenes_assets/bottle/82afaacc024b5f766bb195e168a1a2a5,/cpfs/user/zhuzihou/assets/dedup_workspaces/test0_transitive_apply_parallel/dataset/GRScenes_assets/bottle/82afaacc024b5f766bb195e168a1a2a5/usd/82afaacc024b5f766bb195e168a1a2a5.usd
bottle,83715899ff7d0d660428eab19c6a3725,ok,0.141495,0.349045,443,ok;ok;ok;ok,/cpfs/user/zhuzihou/assets/dedup_workspaces/test0_transitive_apply_parallel/dataset/GRScenes_assets/bottle/83715899ff7d0d660428eab19c6a3725,/cpfs/user/zhuzihou/assets/dedup_workspaces/test0_transitive_apply_parallel/dataset/GRScenes_assets/bottle/83715899ff7d0d660428eab19c6a3725/usd/83715899ff7d0d660428eab19c6a3725.usd
bottle,83918d920c4a373017754370dd3bfc72,blank,0.000000,0.000000,0,blank;blank;blank;blank,/cpfs/user/zhuzihou/assets/dedup_workspaces/test0_transitive_apply_parallel/dataset/GRScenes_assets/bottle/83918d920c4a373017754370dd3bfc72,/cpfs/user/zhuzihou/assets/dedup_workspaces/test0_transitive_apply_parallel/dataset/GRScenes_assets/bottle/83918d920c4a373017754370dd3bfc72/usd/83918d920c4a373017754370dd3bfc72.usd
bottle,8566a9d26a3363dd202468339b9af145,suspicious,0.013550,0.017700,80,blank;blank;blank;tiny,/cpfs/user/zhuzihou/assets/dedup_workspaces/test0_transitive_apply_parallel/dataset/GRScenes_assets/bottle/8566a9d26a3363dd202468339b9af145,/cpfs/user/zhuzihou/assets/dedup_workspaces/test0_transitive_apply_parallel/dataset/GRScenes_assets/bottle/8566a9d26a3363dd202468339b9af145/usd/8566a9d26a3363dd202468339b9af145.usd
bottle,85d0b308aa0855813b883b59ba5fa3ae,blank,0.000000,0.000000,0,blank;blank;blank;blank,/cpfs/user/zhuzihou/assets/dedup_workspaces/test0_transitive_apply_parallel/dataset/GRScenes_assets/bottle/85d0b308aa0855813b883b59ba5fa3ae,/cpfs/user/zhuzihou/assets/dedup_workspaces/test0_transitive_apply_parallel/dataset/GRScenes_assets/bottle/85d0b308aa0855813b883b59ba5fa3ae/usd/85d0b308aa0855813b883b59ba5fa3ae.usd
bottle,86a057d8bc011da0977ffb4ea89d700d,ok,0.408092,0.508984,504,ok;ok;ok;ok,/cpfs/user/zhuzihou/assets/dedup_workspaces/test0_transitive_apply_parallel/dataset/GRScenes_assets/bottle/86a057d8bc011da0977ffb4ea89d700d,/cpfs/user/zhuzihou/assets/dedup_workspaces/test0_transitive_apply_parallel/dataset/GRScenes_assets/bottle/86a057d8bc011da0977ffb4ea89d700d/usd/86a057d8bc011da0977ffb4ea89d700d.usd
bottle,8706a0faaed0dbfdea138d3f173c0de7,ok,0.216606,0.302010,399,ok;ok;ok;ok,/cpfs/user/zhuzihou/assets/dedup_workspaces/test0_transitive_apply_parallel/dataset/GRScenes_assets/bottle/8706a0faaed0dbfdea138d3f173c0de7,/cpfs/user/zhuzihou/assets/dedup_workspaces/test0_transitive_apply_parallel/dataset/GRScenes_assets/bottle/8706a0faaed0dbfdea138d3f173c0de7/usd/8706a0faaed0dbfdea138d3f173c0de7.usd
bottle,875ce51c8389598f89663b35ecafbc7e,ok,0.191113,0.375000,512,ok;ok;ok;ok,/cpfs/user/zhuzihou/assets/dedup_workspaces/test0_transitive_apply_parallel/dataset/GRScenes_assets/bottle/875ce51c8389598f89663b35ecafbc7e,/cpfs/user/zhuzihou/assets/dedup_workspaces/test0_transitive_apply_parallel/dataset/GRScenes_assets/bottle/875ce51c8389598f89663b35ecafbc7e/usd/875ce51c8389598f89663b35ecafbc7e.usd
bottle,88478a8b801fbc4888651207dac2377a,blank,0.000000,0.000000,0,blank;blank;blank;blank,/cpfs/user/zhuzihou/assets/dedup_workspaces/test0_transitive_apply_parallel/dataset/GRScenes_assets/bottle/88478a8b801fbc4888651207dac2377a,/cpfs/user/zhuzihou/assets/dedup_workspaces/test0_transitive_apply_parallel/dataset/GRScenes_assets/bottle/88478a8b801fbc4888651207dac2377a/usd/88478a8b801fbc4888651207dac2377a.usd
bottle,88bee572759884db904983599d2a0e28,suspicious,0.010750,0.012497,145,blank;tiny;tiny;blank,/cpfs/user/zhuzihou/assets/dedup_workspaces/test0_transitive_apply_parallel/dataset/GRScenes_assets/bottle/88bee572759884db904983599d2a0e28,/cpfs/user/zhuzihou/assets/dedup_workspaces/test0_transitive_apply_parallel/dataset/GRScenes_assets/bottle/88bee572759884db904983599d2a0e28/usd/88bee572759884db904983599d2a0e28.usd
bottle,88dfa136bd784ede1deb6e9c8da8006b,blank,0.000000,0.000000,0,blank;blank;blank;blank,/cpfs/user/zhuzihou/assets/dedup_workspaces/test0_transitive_apply_parallel/dataset/GRScenes_assets/bottle/88dfa136bd784ede1deb6e9c8da8006b,/cpfs/user/zhuzihou/assets/dedup_workspaces/test0_transitive_apply_parallel/dataset/GRScenes_assets/bottle/88dfa136bd784ede1deb6e9c8da8006b/usd/88dfa136bd784ede1deb6e9c8da8006b.usd
bottle,891087fc10744cae4285c7a86c5f7504,blank,0.000000,0.000000,0,blank;blank;blank;blank,/cpfs/user/zhuzihou/assets/dedup_workspaces/test0_transitive_apply_parallel/dataset/GRScenes_assets/bottle/891087fc10744cae4285c7a86c5f7504,/cpfs/user/zhuzihou/assets/dedup_workspaces/test0_transitive_apply_parallel/dataset/GRScenes_assets/bottle/891087fc10744cae4285c7a86c5f7504/usd/891087fc10744cae4285c7a86c5f7504.usd
bottle,894d65c090af5e97c6e5d3f6a39b3aa8,blank,0.000000,0.000000,0,blank;blank;blank;blank,/cpfs/user/zhuzihou/assets/dedup_workspaces/test0_transitive_apply_parallel/dataset/GRScenes_assets/bottle/894d65c090af5e97c6e5d3f6a39b3aa8,/cpfs/user/zhuzihou/assets/dedup_workspaces/test0_transitive_apply_parallel/dataset/GRScenes_assets/bottle/894d65c090af5e97c6e5d3f6a39b3aa8/usd/894d65c090af5e97c6e5d3f6a39b3aa8.usd
bottle,8a835d563485c9f78329de93296e758d,blank,0.000000,0.000000,0,blank;blank;blank;blank,/cpfs/user/zhuzihou/assets/dedup_workspaces/test0_transitive_apply_parallel/dataset/GRScenes_assets/bottle/8a835d563485c9f78329de93296e758d,/cpfs/user/zhuzihou/assets/dedup_workspaces/test0_transitive_apply_parallel/dataset/GRScenes_assets/bottle/8a835d563485c9f78329de93296e758d/usd/8a835d563485c9f78329de93296e758d.usd
bottle,8b8630e94813d4ff869d37050399eaab,blank,0.000000,0.000000,0,blank;blank;blank;blank,/cpfs/user/zhuzihou/assets/dedup_workspaces/test0_transitive_apply_parallel/dataset/GRScenes_assets/bottle/8b8630e94813d4ff869d37050399eaab,/cpfs/user/zhuzihou/assets/dedup_workspaces/test0_transitive_apply_parallel/dataset/GRScenes_assets/bottle/8b8630e94813d4ff869d37050399eaab/usd/8b8630e94813d4ff869d37050399eaab.usd
bottle,8ba475db393edfe80a5c805da4115ccb,ok,0.300716,0.388813,512,ok;ok;ok;ok,/cpfs/user/zhuzihou/assets/dedup_workspaces/test0_transitive_apply_parallel/dataset/GRScenes_assets/bottle/8ba475db393edfe80a5c805da4115ccb,/cpfs/user/zhuzihou/assets/dedup_workspaces/test0_transitive_apply_parallel/dataset/GRScenes_assets/bottle/8ba475db393edfe80a5c805da4115ccb/usd/8ba475db393edfe80a5c805da4115ccb.usd
bottle,8c9d7cc17a58559145e8855d1cb6d826,blank,0.000000,0.000000,0,blank;blank;blank;blank,/cpfs/user/zhuzihou/assets/dedup_workspaces/test0_transitive_apply_parallel/dataset/GRScenes_assets/bottle/8c9d7cc17a58559145e8855d1cb6d826,/cpfs/user/zhuzihou/assets/dedup_workspaces/test0_transitive_apply_parallel/dataset/GRScenes_assets/bottle/8c9d7cc17a58559145e8855d1cb6d826/usd/8c9d7cc17a58559145e8855d1cb6d826.usd
bottle,8c9f1373365fd08fc382bd35e303eb24,suspicious,0.009159,0.013363,113,blank;blank;tiny;blank,/cpfs/user/zhuzihou/assets/dedup_workspaces/test0_transitive_apply_parallel/dataset/GRScenes_assets/bottle/8c9f1373365fd08fc382bd35e303eb24,/cpfs/user/zhuzihou/assets/dedup_workspaces/test0_transitive_apply_parallel/dataset/GRScenes_assets/bottle/8c9f1373365fd08fc382bd35e303eb24/usd/8c9f1373365fd08fc382bd35e303eb24.usd
bottle,8d138856b588f8a3e608ce2ac31b5b91,ok,0.084431,0.245613,319,ok;ok;ok;ok,/cpfs/user/zhuzihou/assets/dedup_workspaces/test0_transitive_apply_parallel/dataset/GRScenes_assets/bottle/8d138856b588f8a3e608ce2ac31b5b91,/cpfs/user/zhuzihou/assets/dedup_workspaces/test0_transitive_apply_parallel/dataset/GRScenes_assets/bottle/8d138856b588f8a3e608ce2ac31b5b91/usd/8d138856b588f8a3e608ce2ac31b5b91.usd
bottle,8d659ee7fdc33781fc16f49a50a5d254,ok,0.216969,0.303223,414,ok;ok;ok;ok,/cpfs/user/zhuzihou/assets/dedup_workspaces/test0_transitive_apply_parallel/dataset/GRScenes_assets/bottle/8d659ee7fdc33781fc16f49a50a5d254,/cpfs/user/zhuzihou/assets/dedup_workspaces/test0_transitive_apply_parallel/dataset/GRScenes_assets/bottle/8d659ee7fdc33781fc16f49a50a5d254/usd/8d659ee7fdc33781fc16f49a50a5d254.usd
bottle,8dc909eaa1958860eef35b231e96afce,blank,0.000000,0.000000,0,blank;blank;blank;blank,/cpfs/user/zhuzihou/assets/dedup_workspaces/test0_transitive_apply_parallel/dataset/GRScenes_assets/bottle/8dc909eaa1958860eef35b231e96afce,/cpfs/user/zhuzihou/assets/dedup_workspaces/test0_transitive_apply_parallel/dataset/GRScenes_assets/bottle/8dc909eaa1958860eef35b231e96afce/usd/8dc909eaa1958860eef35b231e96afce.usd
bottle,8f10bae85dabd98c5b8b000bf0ee37eb,blank,0.000000,0.000000,0,blank;blank;blank;blank,/cpfs/user/zhuzihou/assets/dedup_workspaces/test0_transitive_apply_parallel/dataset/GRScenes_assets/bottle/8f10bae85dabd98c5b8b000bf0ee37eb,/cpfs/user/zhuzihou/assets/dedup_workspaces/test0_transitive_apply_parallel/dataset/GRScenes_assets/bottle/8f10bae85dabd98c5b8b000bf0ee37eb/usd/8f10bae85dabd98c5b8b000bf0ee37eb.usd
bottle,8f36c20040977d84b62faff7bca4f8ec,suspicious,0.019566,0.022751,146,tiny;blank;blank;ok,/cpfs/user/zhuzihou/assets/dedup_workspaces/test0_transitive_apply_parallel/dataset/GRScenes_assets/bottle/8f36c20040977d84b62faff7bca4f8ec,/cpfs/user/zhuzihou/assets/dedup_workspaces/test0_transitive_apply_parallel/dataset/GRScenes_assets/bottle/8f36c20040977d84b62faff7bca4f8ec/usd/8f36c20040977d84b62faff7bca4f8ec.usd
bottle,8fbfa478dccc29fb2516486970d5cf70,ok,0.492733,0.546875,512,ok;ok;ok;ok,/cpfs/user/zhuzihou/assets/dedup_workspaces/test0_transitive_apply_parallel/dataset/GRScenes_assets/bottle/8fbfa478dccc29fb2516486970d5cf70,/cpfs/user/zhuzihou/assets/dedup_workspaces/test0_transitive_apply_parallel/dataset/GRScenes_assets/bottle/8fbfa478dccc29fb2516486970d5cf70/usd/8fbfa478dccc29fb2516486970d5cf70.usd
bottle,9023e208647c36691e95a646679d6cb3,blank,0.000000,0.000000,0,blank;blank;blank;blank,/cpfs/user/zhuzihou/assets/dedup_workspaces/test0_transitive_apply_parallel/dataset/GRScenes_assets/bottle/9023e208647c36691e95a646679d6cb3,/cpfs/user/zhuzihou/assets/dedup_workspaces/test0_transitive_apply_parallel/dataset/GRScenes_assets/bottle/9023e208647c36691e95a646679d6cb3/usd/9023e208647c36691e95a646679d6cb3.usd
bottle,90fce87b7726cca3b341cfb754ed6a2a,blank,0.000000,0.000000,0,blank;blank;blank;blank,/cpfs/user/zhuzihou/assets/dedup_workspaces/test0_transitive_apply_parallel/dataset/GRScenes_assets/bottle/90fce87b7726cca3b341cfb754ed6a2a,/cpfs/user/zhuzihou/assets/dedup_workspaces/test0_transitive_apply_parallel/dataset/GRScenes_assets/bottle/90fce87b7726cca3b341cfb754ed6a2a/usd/90fce87b7726cca3b341cfb754ed6a2a.usd
bottle,917ec5514e0a34518bf9fdc228fd73df,ok,0.167046,0.239445,464,ok;ok;ok;ok,/cpfs/user/zhuzihou/assets/dedup_workspaces/test0_transitive_apply_parallel/dataset/GRScenes_assets/bottle/917ec5514e0a34518bf9fdc228fd73df,/cpfs/user/zhuzihou/assets/dedup_workspaces/test0_transitive_apply_parallel/dataset/GRScenes_assets/bottle/917ec5514e0a34518bf9fdc228fd73df/usd/917ec5514e0a34518bf9fdc228fd73df.usd
bottle,91897868dcb5298d5bcdb49ea6771cde,blank,0.000000,0.000000,0,blank;blank;blank;blank,/cpfs/user/zhuzihou/assets/dedup_workspaces/test0_transitive_apply_parallel/dataset/GRScenes_assets/bottle/91897868dcb5298d5bcdb49ea6771cde,/cpfs/user/zhuzihou/assets/dedup_workspaces/test0_transitive_apply_parallel/dataset/GRScenes_assets/bottle/91897868dcb5298d5bcdb49ea6771cde/usd/91897868dcb5298d5bcdb49ea6771cde.usd
bottle,92ad6f87cd84f28a246fa6aa5dbc6f89,ok,0.222786,0.328766,378,ok;ok;ok;ok,/cpfs/user/zhuzihou/assets/dedup_workspaces/test0_transitive_apply_parallel/dataset/GRScenes_assets/bottle/92ad6f87cd84f28a246fa6aa5dbc6f89,/cpfs/user/zhuzihou/assets/dedup_workspaces/test0_transitive_apply_parallel/dataset/GRScenes_assets/bottle/92ad6f87cd84f28a246fa6aa5dbc6f89/usd/92ad6f87cd84f28a246fa6aa5dbc6f89.usd
bottle,92c5eda0540949675728142a13845350,ok,0.276279,0.397236,414,ok;ok;ok;ok,/cpfs/user/zhuzihou/assets/dedup_workspaces/test0_transitive_apply_parallel/dataset/GRScenes_assets/bottle/92c5eda0540949675728142a13845350,/cpfs/user/zhuzihou/assets/dedup_workspaces/test0_transitive_apply_parallel/dataset/GRScenes_assets/bottle/92c5eda0540949675728142a13845350/usd/92c5eda0540949675728142a13845350.usd
bottle,931ec3ae96cada271676a881a12d9576,blank,0.000000,0.000000,0,blank;blank;blank;blank,/cpfs/user/zhuzihou/assets/dedup_workspaces/test0_transitive_apply_parallel/dataset/GRScenes_assets/bottle/931ec3ae96cada271676a881a12d9576,/cpfs/user/zhuzihou/assets/dedup_workspaces/test0_transitive_apply_parallel/dataset/GRScenes_assets/bottle/931ec3ae96cada271676a881a12d9576/usd/931ec3ae96cada271676a881a12d9576.usd
bottle,93424075eeb95807f57a442fab368aca,ok,0.349972,0.455078,512,ok;ok;ok;ok,/cpfs/user/zhuzihou/assets/dedup_workspaces/test0_transitive_apply_parallel/dataset/GRScenes_assets/bottle/93424075eeb95807f57a442fab368aca,/cpfs/user/zhuzihou/assets/dedup_workspaces/test0_transitive_apply_parallel/dataset/GRScenes_assets/bottle/93424075eeb95807f57a442fab368aca/usd/93424075eeb95807f57a442fab368aca.usd
bottle,956420a8f750335ac042fec62cc7d9b0,blank,0.000000,0.000000,0,blank;blank;blank;blank,/cpfs/user/zhuzihou/assets/dedup_workspaces/test0_transitive_apply_parallel/dataset/GRScenes_assets/bottle/956420a8f750335ac042fec62cc7d9b0,/cpfs/user/zhuzihou/assets/dedup_workspaces/test0_transitive_apply_parallel/dataset/GRScenes_assets/bottle/956420a8f750335ac042fec62cc7d9b0/usd/956420a8f750335ac042fec62cc7d9b0.usd
bottle,95927b7ba4a77085b8a44e6c3a5f6e8b,suspicious,0.067272,0.068893,215,blank;blank;ok;blank,/cpfs/user/zhuzihou/assets/dedup_workspaces/test0_transitive_apply_parallel/dataset/GRScenes_assets/bottle/95927b7ba4a77085b8a44e6c3a5f6e8b,/cpfs/user/zhuzihou/assets/dedup_workspaces/test0_transitive_apply_parallel/dataset/GRScenes_assets/bottle/95927b7ba4a77085b8a44e6c3a5f6e8b/usd/95927b7ba4a77085b8a44e6c3a5f6e8b.usd
bottle,95f22106216d08017c25bc92f2b4dce0,blank,0.000000,0.000000,0,blank;blank;blank;blank,/cpfs/user/zhuzihou/assets/dedup_workspaces/test0_transitive_apply_parallel/dataset/GRScenes_assets/bottle/95f22106216d08017c25bc92f2b4dce0,/cpfs/user/zhuzihou/assets/dedup_workspaces/test0_transitive_apply_parallel/dataset/GRScenes_assets/bottle/95f22106216d08017c25bc92f2b4dce0/usd/95f22106216d08017c25bc92f2b4dce0.usd
bottle,963e975d1caf234833286d3d609c62af,blank,0.000000,0.000000,0,blank;blank;blank;blank,/cpfs/user/zhuzihou/assets/dedup_workspaces/test0_transitive_apply_parallel/dataset/GRScenes_assets/bottle/963e975d1caf234833286d3d609c62af,/cpfs/user/zhuzihou/assets/dedup_workspaces/test0_transitive_apply_parallel/dataset/GRScenes_assets/bottle/963e975d1caf234833286d3d609c62af/usd/963e975d1caf234833286d3d609c62af.usd
bottle,969d57b01f071d79d89e6b1ddbe4cc57,blank,0.000000,0.000000,0,blank;blank;blank;blank,/cpfs/user/zhuzihou/assets/dedup_workspaces/test0_transitive_apply_parallel/dataset/GRScenes_assets/bottle/969d57b01f071d79d89e6b1ddbe4cc57,/cpfs/user/zhuzihou/assets/dedup_workspaces/test0_transitive_apply_parallel/dataset/GRScenes_assets/bottle/969d57b01f071d79d89e6b1ddbe4cc57/usd/969d57b01f071d79d89e6b1ddbe4cc57.usd
bottle,97272695f6fa19b0654114ac7418916b,ok,0.269749,0.339630,477,ok;ok;ok;ok,/cpfs/user/zhuzihou/assets/dedup_workspaces/test0_transitive_apply_parallel/dataset/GRScenes_assets/bottle/97272695f6fa19b0654114ac7418916b,/cpfs/user/zhuzihou/assets/dedup_workspaces/test0_transitive_apply_parallel/dataset/GRScenes_assets/bottle/97272695f6fa19b0654114ac7418916b/usd/97272695f6fa19b0654114ac7418916b.usd
bottle,975cb143de993461d1da16c318ad2630,suspicious,0.003448,0.004807,42,blank;blank;blank;tiny,/cpfs/user/zhuzihou/assets/dedup_workspaces/test0_transitive_apply_parallel/dataset/GRScenes_assets/bottle/975cb143de993461d1da16c318ad2630,/cpfs/user/zhuzihou/assets/dedup_workspaces/test0_transitive_apply_parallel/dataset/GRScenes_assets/bottle/975cb143de993461d1da16c318ad2630/usd/975cb143de993461d1da16c318ad2630.usd
bottle,98a8279ab86614f2a651a80ee60c4b93,ok,0.285034,0.404160,328,ok;ok;ok;ok,/cpfs/user/zhuzihou/assets/dedup_workspaces/test0_transitive_apply_parallel/dataset/GRScenes_assets/bottle/98a8279ab86614f2a651a80ee60c4b93,/cpfs/user/zhuzihou/assets/dedup_workspaces/test0_transitive_apply_parallel/dataset/GRScenes_assets/bottle/98a8279ab86614f2a651a80ee60c4b93/usd/98a8279ab86614f2a651a80ee60c4b93.usd
bottle,98fc1cf4a6a0525ebabffe523beb18b3,ok,0.288002,0.347656,512,ok;ok;ok;ok,/cpfs/user/zhuzihou/assets/dedup_workspaces/test0_transitive_apply_parallel/dataset/GRScenes_assets/bottle/98fc1cf4a6a0525ebabffe523beb18b3,/cpfs/user/zhuzihou/assets/dedup_workspaces/test0_transitive_apply_parallel/dataset/GRScenes_assets/bottle/98fc1cf4a6a0525ebabffe523beb18b3/usd/98fc1cf4a6a0525ebabffe523beb18b3.usd
bottle,9970d97265b4bf33bf395c62002df1fc,blank,0.000000,0.000000,0,blank;blank;blank;blank,/cpfs/user/zhuzihou/assets/dedup_workspaces/test0_transitive_apply_parallel/dataset/GRScenes_assets/bottle/9970d97265b4bf33bf395c62002df1fc,/cpfs/user/zhuzihou/assets/dedup_workspaces/test0_transitive_apply_parallel/dataset/GRScenes_assets/bottle/9970d97265b4bf33bf395c62002df1fc/usd/9970d97265b4bf33bf395c62002df1fc.usd
bottle,9985daffc88c7a2631ab55429b68b8cf,ok,0.433678,0.470703,512,ok;ok;ok;ok,/cpfs/user/zhuzihou/assets/dedup_workspaces/test0_transitive_apply_parallel/dataset/GRScenes_assets/bottle/9985daffc88c7a2631ab55429b68b8cf,/cpfs/user/zhuzihou/assets/dedup_workspaces/test0_transitive_apply_parallel/dataset/GRScenes_assets/bottle/9985daffc88c7a2631ab55429b68b8cf/usd/9985daffc88c7a2631ab55429b68b8cf.usd
bottle,99a655969a205e4db8c61f4345d00bdc,blank,0.000000,0.000000,0,blank;blank;blank;blank,/cpfs/user/zhuzihou/assets/dedup_workspaces/test0_transitive_apply_parallel/dataset/GRScenes_assets/bottle/99a655969a205e4db8c61f4345d00bdc,/cpfs/user/zhuzihou/assets/dedup_workspaces/test0_transitive_apply_parallel/dataset/GRScenes_assets/bottle/99a655969a205e4db8c61f4345d00bdc/usd/99a655969a205e4db8c61f4345d00bdc.usd
bottle,9b9260755b3fb7c3d6f8c4642a3fb1c3,blank,0.000000,0.000000,0,blank;blank;blank;blank,/cpfs/user/zhuzihou/assets/dedup_workspaces/test0_transitive_apply_parallel/dataset/GRScenes_assets/bottle/9b9260755b3fb7c3d6f8c4642a3fb1c3,/cpfs/user/zhuzihou/assets/dedup_workspaces/test0_transitive_apply_parallel/dataset/GRScenes_assets/bottle/9b9260755b3fb7c3d6f8c4642a3fb1c3/usd/9b9260755b3fb7c3d6f8c4642a3fb1c3.usd
bottle,9bfa0bc6db0af285dc94db3f174b1421,blank,0.000000,0.000000,0,blank;blank;blank;blank,/cpfs/user/zhuzihou/assets/dedup_workspaces/test0_transitive_apply_parallel/dataset/GRScenes_assets/bottle/9bfa0bc6db0af285dc94db3f174b1421,/cpfs/user/zhuzihou/assets/dedup_workspaces/test0_transitive_apply_parallel/dataset/GRScenes_assets/bottle/9bfa0bc6db0af285dc94db3f174b1421/usd/9bfa0bc6db0af285dc94db3f174b1421.usd
bottle,9bfafc13bf42dfe6b17c2d00e2d70e79,suspicious,0.019760,0.021431,106,blank;blank;ok;blank,/cpfs/user/zhuzihou/assets/dedup_workspaces/test0_transitive_apply_parallel/dataset/GRScenes_assets/bottle/9bfafc13bf42dfe6b17c2d00e2d70e79,/cpfs/user/zhuzihou/assets/dedup_workspaces/test0_transitive_apply_parallel/dataset/GRScenes_assets/bottle/9bfafc13bf42dfe6b17c2d00e2d70e79/usd/9bfafc13bf42dfe6b17c2d00e2d70e79.usd
bottle,9cbb7de5b3e1652210cfbdb7fa926a78,blank,0.000000,0.000000,0,blank;blank;blank;blank,/cpfs/user/zhuzihou/assets/dedup_workspaces/test0_transitive_apply_parallel/dataset/GRScenes_assets/bottle/9cbb7de5b3e1652210cfbdb7fa926a78,/cpfs/user/zhuzihou/assets/dedup_workspaces/test0_transitive_apply_parallel/dataset/GRScenes_assets/bottle/9cbb7de5b3e1652210cfbdb7fa926a78/usd/9cbb7de5b3e1652210cfbdb7fa926a78.usd
bottle,9d25aee32059997be5646d8a55d52755,ok,0.222847,0.320618,476,ok;ok;ok;ok,/cpfs/user/zhuzihou/assets/dedup_workspaces/test0_transitive_apply_parallel/dataset/GRScenes_assets/bottle/9d25aee32059997be5646d8a55d52755,/cpfs/user/zhuzihou/assets/dedup_workspaces/test0_transitive_apply_parallel/dataset/GRScenes_assets/bottle/9d25aee32059997be5646d8a55d52755/usd/9d25aee32059997be5646d8a55d52755.usd
bottle,9d601eca7d523b71b36533ce84e6e63d,suspicious,0.004555,0.012566,61,tiny;blank;blank;blank,/cpfs/user/zhuzihou/assets/dedup_workspaces/test0_transitive_apply_parallel/dataset/GRScenes_assets/bottle/9d601eca7d523b71b36533ce84e6e63d,/cpfs/user/zhuzihou/assets/dedup_workspaces/test0_transitive_apply_parallel/dataset/GRScenes_assets/bottle/9d601eca7d523b71b36533ce84e6e63d/usd/9d601eca7d523b71b36533ce84e6e63d.usd
bottle,9d9f9d728ca856cc0625463e9977d4b2,suspicious,0.765514,1.000000,512,tiny;blank;ok;blank,/cpfs/user/zhuzihou/assets/dedup_workspaces/test0_transitive_apply_parallel/dataset/GRScenes_assets/bottle/9d9f9d728ca856cc0625463e9977d4b2,/cpfs/user/zhuzihou/assets/dedup_workspaces/test0_transitive_apply_parallel/dataset/GRScenes_assets/bottle/9d9f9d728ca856cc0625463e9977d4b2/usd/9d9f9d728ca856cc0625463e9977d4b2.usd
bottle,9dc69db891d9e901666af03f3281d9c0,ok,0.268776,0.332607,476,ok;ok;ok;ok,/cpfs/user/zhuzihou/assets/dedup_workspaces/test0_transitive_apply_parallel/dataset/GRScenes_assets/bottle/9dc69db891d9e901666af03f3281d9c0,/cpfs/user/zhuzihou/assets/dedup_workspaces/test0_transitive_apply_parallel/dataset/GRScenes_assets/bottle/9dc69db891d9e901666af03f3281d9c0/usd/9dc69db891d9e901666af03f3281d9c0.usd
bottle,9dcce03c5f0009f6210ee05ebab06cdc,blank,0.000000,0.000000,0,blank;blank;blank;blank,/cpfs/user/zhuzihou/assets/dedup_workspaces/test0_transitive_apply_parallel/dataset/GRScenes_assets/bottle/9dcce03c5f0009f6210ee05ebab06cdc,/cpfs/user/zhuzihou/assets/dedup_workspaces/test0_transitive_apply_parallel/dataset/GRScenes_assets/bottle/9dcce03c5f0009f6210ee05ebab06cdc/usd/9dcce03c5f0009f6210ee05ebab06cdc.usd
bottle,9e19dd321aa3a981a3f3d1e849328b57,blank,0.000000,0.000000,0,blank;blank;blank;blank,/cpfs/user/zhuzihou/assets/dedup_workspaces/test0_transitive_apply_parallel/dataset/GRScenes_assets/bottle/9e19dd321aa3a981a3f3d1e849328b57,/cpfs/user/zhuzihou/assets/dedup_workspaces/test0_transitive_apply_parallel/dataset/GRScenes_assets/bottle/9e19dd321aa3a981a3f3d1e849328b57/usd/9e19dd321aa3a981a3f3d1e849328b57.usd
bottle,9f135d1317cb12d9b6d26d7322e0a536,suspicious,0.043728,0.048603,143,ok;ok;blank;blank,/cpfs/user/zhuzihou/assets/dedup_workspaces/test0_transitive_apply_parallel/dataset/GRScenes_assets/bottle/9f135d1317cb12d9b6d26d7322e0a536,/cpfs/user/zhuzihou/assets/dedup_workspaces/test0_transitive_apply_parallel/dataset/GRScenes_assets/bottle/9f135d1317cb12d9b6d26d7322e0a536/usd/9f135d1317cb12d9b6d26d7322e0a536.usd
bottle,9fbe7005179043cc01a3994afe3f6bea,blank,0.000000,0.000000,0,blank;blank;blank;blank,/cpfs/user/zhuzihou/assets/dedup_workspaces/test0_transitive_apply_parallel/dataset/GRScenes_assets/bottle/9fbe7005179043cc01a3994afe3f6bea,/cpfs/user/zhuzihou/assets/dedup_workspaces/test0_transitive_apply_parallel/dataset/GRScenes_assets/bottle/9fbe7005179043cc01a3994afe3f6bea/usd/9fbe7005179043cc01a3994afe3f6bea.usd
bottle,a038f66aab0ebe51b4c2e1e4010552bc,suspicious,0.029087,0.035088,126,blank;blank;tiny;ok,/cpfs/user/zhuzihou/assets/dedup_workspaces/test0_transitive_apply_parallel/dataset/GRScenes_assets/bottle/a038f66aab0ebe51b4c2e1e4010552bc,/cpfs/user/zhuzihou/assets/dedup_workspaces/test0_transitive_apply_parallel/dataset/GRScenes_assets/bottle/a038f66aab0ebe51b4c2e1e4010552bc/usd/a038f66aab0ebe51b4c2e1e4010552bc.usd
bottle,a114f383a721d9dc64076dc64a1aee5e,ok,0.269749,0.339630,477,ok;ok;ok;ok,/cpfs/user/zhuzihou/assets/dedup_workspaces/test0_transitive_apply_parallel/dataset/GRScenes_assets/bottle/a114f383a721d9dc64076dc64a1aee5e,/cpfs/user/zhuzihou/assets/dedup_workspaces/test0_transitive_apply_parallel/dataset/GRScenes_assets/bottle/a114f383a721d9dc64076dc64a1aee5e/usd/a114f383a721d9dc64076dc64a1aee5e.usd
bottle,a1d07ea9f81bfaefbd07acff198d96c8,suspicious,0.011257,0.031898,113,ok;blank;blank;ok,/cpfs/user/zhuzihou/assets/dedup_workspaces/test0_transitive_apply_parallel/dataset/GRScenes_assets/bottle/a1d07ea9f81bfaefbd07acff198d96c8,/cpfs/user/zhuzihou/assets/dedup_workspaces/test0_transitive_apply_parallel/dataset/GRScenes_assets/bottle/a1d07ea9f81bfaefbd07acff198d96c8/usd/a1d07ea9f81bfaefbd07acff198d96c8.usd
bottle,a1da3822b6a63d98e3e6963b1e584b45,blank,0.000000,0.000000,0,blank;blank;blank;blank,/cpfs/user/zhuzihou/assets/dedup_workspaces/test0_transitive_apply_parallel/dataset/GRScenes_assets/bottle/a1da3822b6a63d98e3e6963b1e584b45,/cpfs/user/zhuzihou/assets/dedup_workspaces/test0_transitive_apply_parallel/dataset/GRScenes_assets/bottle/a1da3822b6a63d98e3e6963b1e584b45/usd/a1da3822b6a63d98e3e6963b1e584b45.usd
bottle,a293762bf3ed6231309f30d2ffaa357a,suspicious,0.012524,0.012798,61,tiny;blank;blank;blank,/cpfs/user/zhuzihou/assets/dedup_workspaces/test0_transitive_apply_parallel/dataset/GRScenes_assets/bottle/a293762bf3ed6231309f30d2ffaa357a,/cpfs/user/zhuzihou/assets/dedup_workspaces/test0_transitive_apply_parallel/dataset/GRScenes_assets/bottle/a293762bf3ed6231309f30d2ffaa357a/usd/a293762bf3ed6231309f30d2ffaa357a.usd
bottle,a2f041322a1b012cbd3585533cf7f333,suspicious,0.012241,0.018288,102,tiny;blank;blank;blank,/cpfs/user/zhuzihou/assets/dedup_workspaces/test0_transitive_apply_parallel/dataset/GRScenes_assets/bottle/a2f041322a1b012cbd3585533cf7f333,/cpfs/user/zhuzihou/assets/dedup_workspaces/test0_transitive_apply_parallel/dataset/GRScenes_assets/bottle/a2f041322a1b012cbd3585533cf7f333/usd/a2f041322a1b012cbd3585533cf7f333.usd
bottle,a2ff06b037a299f22d7523c540770261,blank,0.000000,0.000000,0,blank;blank;blank;blank,/cpfs/user/zhuzihou/assets/dedup_workspaces/test0_transitive_apply_parallel/dataset/GRScenes_assets/bottle/a2ff06b037a299f22d7523c540770261,/cpfs/user/zhuzihou/assets/dedup_workspaces/test0_transitive_apply_parallel/dataset/GRScenes_assets/bottle/a2ff06b037a299f22d7523c540770261/usd/a2ff06b037a299f22d7523c540770261.usd
bottle,a352e1fcae7c13a293c58a1c9494d083,blank,0.000000,0.000000,0,blank;blank;blank;blank,/cpfs/user/zhuzihou/assets/dedup_workspaces/test0_transitive_apply_parallel/dataset/GRScenes_assets/bottle/a352e1fcae7c13a293c58a1c9494d083,/cpfs/user/zhuzihou/assets/dedup_workspaces/test0_transitive_apply_parallel/dataset/GRScenes_assets/bottle/a352e1fcae7c13a293c58a1c9494d083/usd/a352e1fcae7c13a293c58a1c9494d083.usd
bottle,a39577f3cab8f003c17f2eab8a074dd2,suspicious,0.054253,0.056934,199,blank;blank;ok;blank,/cpfs/user/zhuzihou/assets/dedup_workspaces/test0_transitive_apply_parallel/dataset/GRScenes_assets/bottle/a39577f3cab8f003c17f2eab8a074dd2,/cpfs/user/zhuzihou/assets/dedup_workspaces/test0_transitive_apply_parallel/dataset/GRScenes_assets/bottle/a39577f3cab8f003c17f2eab8a074dd2/usd/a39577f3cab8f003c17f2eab8a074dd2.usd
bottle,a3a2649d6863cb50794e39553ab4116e,ok,0.345963,0.444153,455,ok;ok;ok;ok,/cpfs/user/zhuzihou/assets/dedup_workspaces/test0_transitive_apply_parallel/dataset/GRScenes_assets/bottle/a3a2649d6863cb50794e39553ab4116e,/cpfs/user/zhuzihou/assets/dedup_workspaces/test0_transitive_apply_parallel/dataset/GRScenes_assets/bottle/a3a2649d6863cb50794e39553ab4116e/usd/a3a2649d6863cb50794e39553ab4116e.usd
bottle,a4384eac9e3ef5eeb92e3c3c1b62a1aa,blank,0.000000,0.000000,0,blank;blank;blank;blank,/cpfs/user/zhuzihou/assets/dedup_workspaces/test0_transitive_apply_parallel/dataset/GRScenes_assets/bottle/a4384eac9e3ef5eeb92e3c3c1b62a1aa,/cpfs/user/zhuzihou/assets/dedup_workspaces/test0_transitive_apply_parallel/dataset/GRScenes_assets/bottle/a4384eac9e3ef5eeb92e3c3c1b62a1aa/usd/a4384eac9e3ef5eeb92e3c3c1b62a1aa.usd
bottle,a4987a34b428a4c10b270139391f6238,ok,0.385517,0.458851,495,ok;ok;ok;ok,/cpfs/user/zhuzihou/assets/dedup_workspaces/test0_transitive_apply_parallel/dataset/GRScenes_assets/bottle/a4987a34b428a4c10b270139391f6238,/cpfs/user/zhuzihou/assets/dedup_workspaces/test0_transitive_apply_parallel/dataset/GRScenes_assets/bottle/a4987a34b428a4c10b270139391f6238/usd/a4987a34b428a4c10b270139391f6238.usd
bottle,a4ba5603d0828dca9b02307e2ae66d3a,blank,0.000000,0.000000,0,blank;blank;blank;blank,/cpfs/user/zhuzihou/assets/dedup_workspaces/test0_transitive_apply_parallel/dataset/GRScenes_assets/bottle/a4ba5603d0828dca9b02307e2ae66d3a,/cpfs/user/zhuzihou/assets/dedup_workspaces/test0_transitive_apply_parallel/dataset/GRScenes_assets/bottle/a4ba5603d0828dca9b02307e2ae66d3a/usd/a4ba5603d0828dca9b02307e2ae66d3a.usd
bottle,a514b01c7947a59a74cc9bd2af17bf9d,ok,0.268776,0.332607,476,ok;ok;ok;ok,/cpfs/user/zhuzihou/assets/dedup_workspaces/test0_transitive_apply_parallel/dataset/GRScenes_assets/bottle/a514b01c7947a59a74cc9bd2af17bf9d,/cpfs/user/zhuzihou/assets/dedup_workspaces/test0_transitive_apply_parallel/dataset/GRScenes_assets/bottle/a514b01c7947a59a74cc9bd2af17bf9d/usd/a514b01c7947a59a74cc9bd2af17bf9d.usd
bottle,a548c41d13b45e87309b09596bba0b9c,suspicious,0.089630,0.121544,179,ok;ok;blank;ok,/cpfs/user/zhuzihou/assets/dedup_workspaces/test0_transitive_apply_parallel/dataset/GRScenes_assets/bottle/a548c41d13b45e87309b09596bba0b9c,/cpfs/user/zhuzihou/assets/dedup_workspaces/test0_transitive_apply_parallel/dataset/GRScenes_assets/bottle/a548c41d13b45e87309b09596bba0b9c/usd/a548c41d13b45e87309b09596bba0b9c.usd
bottle,a627b24b71e87ebea3a54133082c5f07,blank,0.000000,0.000000,0,blank;blank;blank;blank,/cpfs/user/zhuzihou/assets/dedup_workspaces/test0_transitive_apply_parallel/dataset/GRScenes_assets/bottle/a627b24b71e87ebea3a54133082c5f07,/cpfs/user/zhuzihou/assets/dedup_workspaces/test0_transitive_apply_parallel/dataset/GRScenes_assets/bottle/a627b24b71e87ebea3a54133082c5f07/usd/a627b24b71e87ebea3a54133082c5f07.usd
bottle,a72ccb25e8db7a44777906df309b9aa0,ok,0.068829,0.520691,449,ok;ok;ok;ok,/cpfs/user/zhuzihou/assets/dedup_workspaces/test0_transitive_apply_parallel/dataset/GRScenes_assets/bottle/a72ccb25e8db7a44777906df309b9aa0,/cpfs/user/zhuzihou/assets/dedup_workspaces/test0_transitive_apply_parallel/dataset/GRScenes_assets/bottle/a72ccb25e8db7a44777906df309b9aa0/usd/a72ccb25e8db7a44777906df309b9aa0.usd
bottle,a7e6fd842ef51a79ace74e20e7693d80,ok,0.161995,0.240879,423,ok;ok;ok;ok,/cpfs/user/zhuzihou/assets/dedup_workspaces/test0_transitive_apply_parallel/dataset/GRScenes_assets/bottle/a7e6fd842ef51a79ace74e20e7693d80,/cpfs/user/zhuzihou/assets/dedup_workspaces/test0_transitive_apply_parallel/dataset/GRScenes_assets/bottle/a7e6fd842ef51a79ace74e20e7693d80/usd/a7e6fd842ef51a79ace74e20e7693d80.usd
bottle,a92fc69364fb21e28356f5cc538d760f,ok,0.199631,0.283653,459,ok;ok;ok;ok,/cpfs/user/zhuzihou/assets/dedup_workspaces/test0_transitive_apply_parallel/dataset/GRScenes_assets/bottle/a92fc69364fb21e28356f5cc538d760f,/cpfs/user/zhuzihou/assets/dedup_workspaces/test0_transitive_apply_parallel/dataset/GRScenes_assets/bottle/a92fc69364fb21e28356f5cc538d760f/usd/a92fc69364fb21e28356f5cc538d760f.usd
bottle,a9e5cc0c823d49a4464af1cba8ccc83b,blank,0.000000,0.000000,0,blank;blank;blank;blank,/cpfs/user/zhuzihou/assets/dedup_workspaces/test0_transitive_apply_parallel/dataset/GRScenes_assets/bottle/a9e5cc0c823d49a4464af1cba8ccc83b,/cpfs/user/zhuzihou/assets/dedup_workspaces/test0_transitive_apply_parallel/dataset/GRScenes_assets/bottle/a9e5cc0c823d49a4464af1cba8ccc83b/usd/a9e5cc0c823d49a4464af1cba8ccc83b.usd
bottle,aab77c3ce0425e1f3d784b98fc837ee4,suspicious,0.023922,0.024948,109,ok;blank;blank;blank,/cpfs/user/zhuzihou/assets/dedup_workspaces/test0_transitive_apply_parallel/dataset/GRScenes_assets/bottle/aab77c3ce0425e1f3d784b98fc837ee4,/cpfs/user/zhuzihou/assets/dedup_workspaces/test0_transitive_apply_parallel/dataset/GRScenes_assets/bottle/aab77c3ce0425e1f3d784b98fc837ee4/usd/aab77c3ce0425e1f3d784b98fc837ee4.usd
bottle,aab8c1901434b1386710340c0ebb8116,blank,0.000000,0.000000,0,blank;blank;blank;blank,/cpfs/user/zhuzihou/assets/dedup_workspaces/test0_transitive_apply_parallel/dataset/GRScenes_assets/bottle/aab8c1901434b1386710340c0ebb8116,/cpfs/user/zhuzihou/assets/dedup_workspaces/test0_transitive_apply_parallel/dataset/GRScenes_assets/bottle/aab8c1901434b1386710340c0ebb8116/usd/aab8c1901434b1386710340c0ebb8116.usd
bottle,aae58e9a74a59c9a025ff83c03305c52,ok,0.248150,0.280289,468,ok;ok;ok;ok,/cpfs/user/zhuzihou/assets/dedup_workspaces/test0_transitive_apply_parallel/dataset/GRScenes_assets/bottle/aae58e9a74a59c9a025ff83c03305c52,/cpfs/user/zhuzihou/assets/dedup_workspaces/test0_transitive_apply_parallel/dataset/GRScenes_assets/bottle/aae58e9a74a59c9a025ff83c03305c52/usd/aae58e9a74a59c9a025ff83c03305c52.usd
bottle,ab6b80621b58e2479870d9451b0206fc,ok,0.438683,0.490234,512,ok;ok;ok;ok,/cpfs/user/zhuzihou/assets/dedup_workspaces/test0_transitive_apply_parallel/dataset/GRScenes_assets/bottle/ab6b80621b58e2479870d9451b0206fc,/cpfs/user/zhuzihou/assets/dedup_workspaces/test0_transitive_apply_parallel/dataset/GRScenes_assets/bottle/ab6b80621b58e2479870d9451b0206fc/usd/ab6b80621b58e2479870d9451b0206fc.usd
bottle,aba7553eed6ab7e03e3fd156594e9f9a,suspicious,0.017723,0.023304,149,blank;blank;ok;blank,/cpfs/user/zhuzihou/assets/dedup_workspaces/test0_transitive_apply_parallel/dataset/GRScenes_assets/bottle/aba7553eed6ab7e03e3fd156594e9f9a,/cpfs/user/zhuzihou/assets/dedup_workspaces/test0_transitive_apply_parallel/dataset/GRScenes_assets/bottle/aba7553eed6ab7e03e3fd156594e9f9a/usd/aba7553eed6ab7e03e3fd156594e9f9a.usd
bottle,ad36903fdcb09c68cc74b5067a3cb2fd,ok,0.316738,0.365234,512,ok;ok;ok;ok,/cpfs/user/zhuzihou/assets/dedup_workspaces/test0_transitive_apply_parallel/dataset/GRScenes_assets/bottle/ad36903fdcb09c68cc74b5067a3cb2fd,/cpfs/user/zhuzihou/assets/dedup_workspaces/test0_transitive_apply_parallel/dataset/GRScenes_assets/bottle/ad36903fdcb09c68cc74b5067a3cb2fd/usd/ad36903fdcb09c68cc74b5067a3cb2fd.usd
bottle,ad84934ce7809f3e4b8e7b75842d4d3f,suspicious,0.022072,0.039871,134,ok;blank;blank;ok,/cpfs/user/zhuzihou/assets/dedup_workspaces/test0_transitive_apply_parallel/dataset/GRScenes_assets/bottle/ad84934ce7809f3e4b8e7b75842d4d3f,/cpfs/user/zhuzihou/assets/dedup_workspaces/test0_transitive_apply_parallel/dataset/GRScenes_assets/bottle/ad84934ce7809f3e4b8e7b75842d4d3f/usd/ad84934ce7809f3e4b8e7b75842d4d3f.usd
bottle,adb9f34583e22c9e567c5d1b07d835b5,ok,0.223694,0.300751,463,ok;ok;ok;ok,/cpfs/user/zhuzihou/assets/dedup_workspaces/test0_transitive_apply_parallel/dataset/GRScenes_assets/bottle/adb9f34583e22c9e567c5d1b07d835b5,/cpfs/user/zhuzihou/assets/dedup_workspaces/test0_transitive_apply_parallel/dataset/GRScenes_assets/bottle/adb9f34583e22c9e567c5d1b07d835b5/usd/adb9f34583e22c9e567c5d1b07d835b5.usd
bottle,adc2f8ec0c7a9a46f839a1d1c4bba73c,blank,0.000000,0.000000,0,blank;blank;blank;blank,/cpfs/user/zhuzihou/assets/dedup_workspaces/test0_transitive_apply_parallel/dataset/GRScenes_assets/bottle/adc2f8ec0c7a9a46f839a1d1c4bba73c,/cpfs/user/zhuzihou/assets/dedup_workspaces/test0_transitive_apply_parallel/dataset/GRScenes_assets/bottle/adc2f8ec0c7a9a46f839a1d1c4bba73c/usd/adc2f8ec0c7a9a46f839a1d1c4bba73c.usd
bottle,ae07f9cbcd9a2c3171395f4e8a418415,ok,0.205605,0.345898,325,ok;ok;ok;ok,/cpfs/user/zhuzihou/assets/dedup_workspaces/test0_transitive_apply_parallel/dataset/GRScenes_assets/bottle/ae07f9cbcd9a2c3171395f4e8a418415,/cpfs/user/zhuzihou/assets/dedup_workspaces/test0_transitive_apply_parallel/dataset/GRScenes_assets/bottle/ae07f9cbcd9a2c3171395f4e8a418415/usd/ae07f9cbcd9a2c3171395f4e8a418415.usd
bottle,ae9b5acac10e7fc7c6cd8bc631ebbe3c,suspicious,0.021717,0.028324,165,blank;tiny;ok;tiny,/cpfs/user/zhuzihou/assets/dedup_workspaces/test0_transitive_apply_parallel/dataset/GRScenes_assets/bottle/ae9b5acac10e7fc7c6cd8bc631ebbe3c,/cpfs/user/zhuzihou/assets/dedup_workspaces/test0_transitive_apply_parallel/dataset/GRScenes_assets/bottle/ae9b5acac10e7fc7c6cd8bc631ebbe3c/usd/ae9b5acac10e7fc7c6cd8bc631ebbe3c.usd
bottle,aecd28c63733453f912997af3312aad8,blank,0.000000,0.000000,0,blank;blank;blank;blank,/cpfs/user/zhuzihou/assets/dedup_workspaces/test0_transitive_apply_parallel/dataset/GRScenes_assets/bottle/aecd28c63733453f912997af3312aad8,/cpfs/user/zhuzihou/assets/dedup_workspaces/test0_transitive_apply_parallel/dataset/GRScenes_assets/bottle/aecd28c63733453f912997af3312aad8/usd/aecd28c63733453f912997af3312aad8.usd
bottle,af6b80064345fae079b4a30d0d9aabcb,blank,0.000000,0.000000,0,blank;blank;blank;blank,/cpfs/user/zhuzihou/assets/dedup_workspaces/test0_transitive_apply_parallel/dataset/GRScenes_assets/bottle/af6b80064345fae079b4a30d0d9aabcb,/cpfs/user/zhuzihou/assets/dedup_workspaces/test0_transitive_apply_parallel/dataset/GRScenes_assets/bottle/af6b80064345fae079b4a30d0d9aabcb/usd/af6b80064345fae079b4a30d0d9aabcb.usd
bottle,afb689a00ba6040f0db8592679bfe8ae,blank,0.000000,0.000000,0,blank;blank;blank;blank,/cpfs/user/zhuzihou/assets/dedup_workspaces/test0_transitive_apply_parallel/dataset/GRScenes_assets/bottle/afb689a00ba6040f0db8592679bfe8ae,/cpfs/user/zhuzihou/assets/dedup_workspaces/test0_transitive_apply_parallel/dataset/GRScenes_assets/bottle/afb689a00ba6040f0db8592679bfe8ae/usd/afb689a00ba6040f0db8592679bfe8ae.usd
bottle,aff77ffc15f24ad66f2bfab57ef966f8,suspicious,0.070759,0.100891,232,ok;ok;blank;ok,/cpfs/user/zhuzihou/assets/dedup_workspaces/test0_transitive_apply_parallel/dataset/GRScenes_assets/bottle/aff77ffc15f24ad66f2bfab57ef966f8,/cpfs/user/zhuzihou/assets/dedup_workspaces/test0_transitive_apply_parallel/dataset/GRScenes_assets/bottle/aff77ffc15f24ad66f2bfab57ef966f8/usd/aff77ffc15f24ad66f2bfab57ef966f8.usd
bottle,b0f1b334b822bf3a61a24f5e793927bc,ok,0.473145,0.546875,512,ok;ok;ok;ok,/cpfs/user/zhuzihou/assets/dedup_workspaces/test0_transitive_apply_parallel/dataset/GRScenes_assets/bottle/b0f1b334b822bf3a61a24f5e793927bc,/cpfs/user/zhuzihou/assets/dedup_workspaces/test0_transitive_apply_parallel/dataset/GRScenes_assets/bottle/b0f1b334b822bf3a61a24f5e793927bc/usd/b0f1b334b822bf3a61a24f5e793927bc.usd
bottle,b145c36ed8dad286d5de91ff678a717d,ok,0.609756,0.687500,512,ok;ok;ok;ok,/cpfs/user/zhuzihou/assets/dedup_workspaces/test0_transitive_apply_parallel/dataset/GRScenes_assets/bottle/b145c36ed8dad286d5de91ff678a717d,/cpfs/user/zhuzihou/assets/dedup_workspaces/test0_transitive_apply_parallel/dataset/GRScenes_assets/bottle/b145c36ed8dad286d5de91ff678a717d/usd/b145c36ed8dad286d5de91ff678a717d.usd
bottle,b191b648cc342ab6283c83e67b4f65a6,ok,0.147739,0.181297,424,ok;ok;ok;ok,/cpfs/user/zhuzihou/assets/dedup_workspaces/test0_transitive_apply_parallel/dataset/GRScenes_assets/bottle/b191b648cc342ab6283c83e67b4f65a6,/cpfs/user/zhuzihou/assets/dedup_workspaces/test0_transitive_apply_parallel/dataset/GRScenes_assets/bottle/b191b648cc342ab6283c83e67b4f65a6/usd/b191b648cc342ab6283c83e67b4f65a6.usd
bottle,b1a8b6c94f0d0c8f90caae8077ed0467,suspicious,0.031403,0.033993,133,blank;tiny;ok;blank,/cpfs/user/zhuzihou/assets/dedup_workspaces/test0_transitive_apply_parallel/dataset/GRScenes_assets/bottle/b1a8b6c94f0d0c8f90caae8077ed0467,/cpfs/user/zhuzihou/assets/dedup_workspaces/test0_transitive_apply_parallel/dataset/GRScenes_assets/bottle/b1a8b6c94f0d0c8f90caae8077ed0467/usd/b1a8b6c94f0d0c8f90caae8077ed0467.usd
bottle,b1c8ddd914cab96e012ac88de8d104df,blank,0.000000,0.000000,0,blank;blank;blank;blank,/cpfs/user/zhuzihou/assets/dedup_workspaces/test0_transitive_apply_parallel/dataset/GRScenes_assets/bottle/b1c8ddd914cab96e012ac88de8d104df,/cpfs/user/zhuzihou/assets/dedup_workspaces/test0_transitive_apply_parallel/dataset/GRScenes_assets/bottle/b1c8ddd914cab96e012ac88de8d104df/usd/b1c8ddd914cab96e012ac88de8d104df.usd
bottle,b1e43d1291312df0aee19f73e59a1581,blank,0.000000,0.000000,0,blank;blank;blank;blank,/cpfs/user/zhuzihou/assets/dedup_workspaces/test0_transitive_apply_parallel/dataset/GRScenes_assets/bottle/b1e43d1291312df0aee19f73e59a1581,/cpfs/user/zhuzihou/assets/dedup_workspaces/test0_transitive_apply_parallel/dataset/GRScenes_assets/bottle/b1e43d1291312df0aee19f73e59a1581/usd/b1e43d1291312df0aee19f73e59a1581.usd
bottle,b21a67cd9257f1facf8a05a4c9cf06af,blank,0.000000,0.000000,0,blank;blank;blank;blank,/cpfs/user/zhuzihou/assets/dedup_workspaces/test0_transitive_apply_parallel/dataset/GRScenes_assets/bottle/b21a67cd9257f1facf8a05a4c9cf06af,/cpfs/user/zhuzihou/assets/dedup_workspaces/test0_transitive_apply_parallel/dataset/GRScenes_assets/bottle/b21a67cd9257f1facf8a05a4c9cf06af/usd/b21a67cd9257f1facf8a05a4c9cf06af.usd
bottle,b269a440408215efe97fedaca2f7cd43,ok,0.096134,0.347366,314,ok;ok;ok;ok,/cpfs/user/zhuzihou/assets/dedup_workspaces/test0_transitive_apply_parallel/dataset/GRScenes_assets/bottle/b269a440408215efe97fedaca2f7cd43,/cpfs/user/zhuzihou/assets/dedup_workspaces/test0_transitive_apply_parallel/dataset/GRScenes_assets/bottle/b269a440408215efe97fedaca2f7cd43/usd/b269a440408215efe97fedaca2f7cd43.usd
bottle,b31f65a4beacaa18376d5917f4e260c8,suspicious,0.017315,0.018600,92,blank;blank;tiny;blank,/cpfs/user/zhuzihou/assets/dedup_workspaces/test0_transitive_apply_parallel/dataset/GRScenes_assets/bottle/b31f65a4beacaa18376d5917f4e260c8,/cpfs/user/zhuzihou/assets/dedup_workspaces/test0_transitive_apply_parallel/dataset/GRScenes_assets/bottle/b31f65a4beacaa18376d5917f4e260c8/usd/b31f65a4beacaa18376d5917f4e260c8.usd
bottle,b37af42c2d5acb6ca5004b2ec7e0f425,blank,0.000000,0.000000,0,blank;blank;blank;blank,/cpfs/user/zhuzihou/assets/dedup_workspaces/test0_transitive_apply_parallel/dataset/GRScenes_assets/bottle/b37af42c2d5acb6ca5004b2ec7e0f425,/cpfs/user/zhuzihou/assets/dedup_workspaces/test0_transitive_apply_parallel/dataset/GRScenes_assets/bottle/b37af42c2d5acb6ca5004b2ec7e0f425/usd/b37af42c2d5acb6ca5004b2ec7e0f425.usd
bottle,b3efeaab026847d8e7f22fd6a751c665,ok,0.390911,0.560577,468,ok;ok;ok;ok,/cpfs/user/zhuzihou/assets/dedup_workspaces/test0_transitive_apply_parallel/dataset/GRScenes_assets/bottle/b3efeaab026847d8e7f22fd6a751c665,/cpfs/user/zhuzihou/assets/dedup_workspaces/test0_transitive_apply_parallel/dataset/GRScenes_assets/bottle/b3efeaab026847d8e7f22fd6a751c665/usd/b3efeaab026847d8e7f22fd6a751c665.usd
bottle,b4119dec26e6d215f5be00801f9accd1,ok,0.112999,0.299980,287,ok;ok;ok;ok,/cpfs/user/zhuzihou/assets/dedup_workspaces/test0_transitive_apply_parallel/dataset/GRScenes_assets/bottle/b4119dec26e6d215f5be00801f9accd1,/cpfs/user/zhuzihou/assets/dedup_workspaces/test0_transitive_apply_parallel/dataset/GRScenes_assets/bottle/b4119dec26e6d215f5be00801f9accd1/usd/b4119dec26e6d215f5be00801f9accd1.usd
bottle,b4b71579a2300e8f5a0e8d8c78b7fa97,ok,0.283543,0.352394,470,ok;ok;ok;ok,/cpfs/user/zhuzihou/assets/dedup_workspaces/test0_transitive_apply_parallel/dataset/GRScenes_assets/bottle/b4b71579a2300e8f5a0e8d8c78b7fa97,/cpfs/user/zhuzihou/assets/dedup_workspaces/test0_transitive_apply_parallel/dataset/GRScenes_assets/bottle/b4b71579a2300e8f5a0e8d8c78b7fa97/usd/b4b71579a2300e8f5a0e8d8c78b7fa97.usd
bottle,b4ca316a4545714e621e06aebab8650c,blank,0.000000,0.000000,0,blank;blank;blank;blank,/cpfs/user/zhuzihou/assets/dedup_workspaces/test0_transitive_apply_parallel/dataset/GRScenes_assets/bottle/b4ca316a4545714e621e06aebab8650c,/cpfs/user/zhuzihou/assets/dedup_workspaces/test0_transitive_apply_parallel/dataset/GRScenes_assets/bottle/b4ca316a4545714e621e06aebab8650c/usd/b4ca316a4545714e621e06aebab8650c.usd
bottle,b4ff34f920d1c9ae4480128111073c31,ok,0.269749,0.339630,477,ok;ok;ok;ok,/cpfs/user/zhuzihou/assets/dedup_workspaces/test0_transitive_apply_parallel/dataset/GRScenes_assets/bottle/b4ff34f920d1c9ae4480128111073c31,/cpfs/user/zhuzihou/assets/dedup_workspaces/test0_transitive_apply_parallel/dataset/GRScenes_assets/bottle/b4ff34f920d1c9ae4480128111073c31/usd/b4ff34f920d1c9ae4480128111073c31.usd
bottle,b54b879ae1c9dc690072de5c76643e80,ok,0.368099,0.504059,436,ok;ok;ok;ok,/cpfs/user/zhuzihou/assets/dedup_workspaces/test0_transitive_apply_parallel/dataset/GRScenes_assets/bottle/b54b879ae1c9dc690072de5c76643e80,/cpfs/user/zhuzihou/assets/dedup_workspaces/test0_transitive_apply_parallel/dataset/GRScenes_assets/bottle/b54b879ae1c9dc690072de5c76643e80/usd/b54b879ae1c9dc690072de5c76643e80.usd
bottle,b577bf4424dc13d7190fe663c4bbb88f,ok,0.164921,0.238136,462,ok;ok;ok;ok,/cpfs/user/zhuzihou/assets/dedup_workspaces/test0_transitive_apply_parallel/dataset/GRScenes_assets/bottle/b577bf4424dc13d7190fe663c4bbb88f,/cpfs/user/zhuzihou/assets/dedup_workspaces/test0_transitive_apply_parallel/dataset/GRScenes_assets/bottle/b577bf4424dc13d7190fe663c4bbb88f/usd/b577bf4424dc13d7190fe663c4bbb88f.usd
bottle,b628cbb4bd1d38c5becef4bb2f9ca798,suspicious,0.025928,0.038273,127,ok;blank;blank;blank,/cpfs/user/zhuzihou/assets/dedup_workspaces/test0_transitive_apply_parallel/dataset/GRScenes_assets/bottle/b628cbb4bd1d38c5becef4bb2f9ca798,/cpfs/user/zhuzihou/assets/dedup_workspaces/test0_transitive_apply_parallel/dataset/GRScenes_assets/bottle/b628cbb4bd1d38c5becef4bb2f9ca798/usd/b628cbb4bd1d38c5becef4bb2f9ca798.usd
bottle,b6baebf367ab8452864ca90d79682503,blank,0.000000,0.000000,0,blank;blank;blank;blank,/cpfs/user/zhuzihou/assets/dedup_workspaces/test0_transitive_apply_parallel/dataset/GRScenes_assets/bottle/b6baebf367ab8452864ca90d79682503,/cpfs/user/zhuzihou/assets/dedup_workspaces/test0_transitive_apply_parallel/dataset/GRScenes_assets/bottle/b6baebf367ab8452864ca90d79682503/usd/b6baebf367ab8452864ca90d79682503.usd
bottle,b744a18cb3cf9126e5b712e2b996e75f,blank,0.000000,0.000000,0,blank;blank;blank;blank,/cpfs/user/zhuzihou/assets/dedup_workspaces/test0_transitive_apply_parallel/dataset/GRScenes_assets/bottle/b744a18cb3cf9126e5b712e2b996e75f,/cpfs/user/zhuzihou/assets/dedup_workspaces/test0_transitive_apply_parallel/dataset/GRScenes_assets/bottle/b744a18cb3cf9126e5b712e2b996e75f/usd/b744a18cb3cf9126e5b712e2b996e75f.usd
bottle,b7dec2f2a0e828df3daa7978c3772ac9,suspicious,0.072163,0.076939,243,ok;blank;blank;blank,/cpfs/user/zhuzihou/assets/dedup_workspaces/test0_transitive_apply_parallel/dataset/GRScenes_assets/bottle/b7dec2f2a0e828df3daa7978c3772ac9,/cpfs/user/zhuzihou/assets/dedup_workspaces/test0_transitive_apply_parallel/dataset/GRScenes_assets/bottle/b7dec2f2a0e828df3daa7978c3772ac9/usd/b7dec2f2a0e828df3daa7978c3772ac9.usd
bottle,b8d646074dce8facb8f799c536576d14,blank,0.000000,0.000000,0,blank;blank;blank;blank,/cpfs/user/zhuzihou/assets/dedup_workspaces/test0_transitive_apply_parallel/dataset/GRScenes_assets/bottle/b8d646074dce8facb8f799c536576d14,/cpfs/user/zhuzihou/assets/dedup_workspaces/test0_transitive_apply_parallel/dataset/GRScenes_assets/bottle/b8d646074dce8facb8f799c536576d14/usd/b8d646074dce8facb8f799c536576d14.usd
bottle,b914c236abc97068ad639647fd7d42a0,suspicious,0.016747,0.028881,113,tiny;blank;blank;ok,/cpfs/user/zhuzihou/assets/dedup_workspaces/test0_transitive_apply_parallel/dataset/GRScenes_assets/bottle/b914c236abc97068ad639647fd7d42a0,/cpfs/user/zhuzihou/assets/dedup_workspaces/test0_transitive_apply_parallel/dataset/GRScenes_assets/bottle/b914c236abc97068ad639647fd7d42a0/usd/b914c236abc97068ad639647fd7d42a0.usd
bottle,b9d176a61564300791d57edd64070b94,blank,0.000000,0.000000,0,blank;blank;blank;blank,/cpfs/user/zhuzihou/assets/dedup_workspaces/test0_transitive_apply_parallel/dataset/GRScenes_assets/bottle/b9d176a61564300791d57edd64070b94,/cpfs/user/zhuzihou/assets/dedup_workspaces/test0_transitive_apply_parallel/dataset/GRScenes_assets/bottle/b9d176a61564300791d57edd64070b94/usd/b9d176a61564300791d57edd64070b94.usd
bottle,ba2ef0335510cac794c6f75e4bb9c13f,ok,0.247139,0.291016,512,ok;ok;ok;ok,/cpfs/user/zhuzihou/assets/dedup_workspaces/test0_transitive_apply_parallel/dataset/GRScenes_assets/bottle/ba2ef0335510cac794c6f75e4bb9c13f,/cpfs/user/zhuzihou/assets/dedup_workspaces/test0_transitive_apply_parallel/dataset/GRScenes_assets/bottle/ba2ef0335510cac794c6f75e4bb9c13f/usd/ba2ef0335510cac794c6f75e4bb9c13f.usd
bottle,bacf5679ceedaeedc69485738fdf0aa5,suspicious,0.013699,0.023266,107,tiny;blank;blank;ok,/cpfs/user/zhuzihou/assets/dedup_workspaces/test0_transitive_apply_parallel/dataset/GRScenes_assets/bottle/bacf5679ceedaeedc69485738fdf0aa5,/cpfs/user/zhuzihou/assets/dedup_workspaces/test0_transitive_apply_parallel/dataset/GRScenes_assets/bottle/bacf5679ceedaeedc69485738fdf0aa5/usd/bacf5679ceedaeedc69485738fdf0aa5.usd
bottle,bad2ba50096284fc3134c8179e44d43b,suspicious,0.062000,0.080421,254,ok;tiny;blank;tiny,/cpfs/user/zhuzihou/assets/dedup_workspaces/test0_transitive_apply_parallel/dataset/GRScenes_assets/bottle/bad2ba50096284fc3134c8179e44d43b,/cpfs/user/zhuzihou/assets/dedup_workspaces/test0_transitive_apply_parallel/dataset/GRScenes_assets/bottle/bad2ba50096284fc3134c8179e44d43b/usd/bad2ba50096284fc3134c8179e44d43b.usd
bottle,bad3b8bbd4d94ff40bb19aaa1eb6ce9b,ok,0.388470,0.479561,487,ok;ok;ok;ok,/cpfs/user/zhuzihou/assets/dedup_workspaces/test0_transitive_apply_parallel/dataset/GRScenes_assets/bottle/bad3b8bbd4d94ff40bb19aaa1eb6ce9b,/cpfs/user/zhuzihou/assets/dedup_workspaces/test0_transitive_apply_parallel/dataset/GRScenes_assets/bottle/bad3b8bbd4d94ff40bb19aaa1eb6ce9b/usd/bad3b8bbd4d94ff40bb19aaa1eb6ce9b.usd
bottle,bb4f9d2e087ed857e2ce0e61d40030fa,ok,0.519272,0.614944,512,ok;ok;ok;ok,/cpfs/user/zhuzihou/assets/dedup_workspaces/test0_transitive_apply_parallel/dataset/GRScenes_assets/bottle/bb4f9d2e087ed857e2ce0e61d40030fa,/cpfs/user/zhuzihou/assets/dedup_workspaces/test0_transitive_apply_parallel/dataset/GRScenes_assets/bottle/bb4f9d2e087ed857e2ce0e61d40030fa/usd/bb4f9d2e087ed857e2ce0e61d40030fa.usd
bottle,bbe22c098a9a6d0b39e9bd5b8eac0fbc,blank,0.000000,0.000000,0,blank;blank;blank;blank,/cpfs/user/zhuzihou/assets/dedup_workspaces/test0_transitive_apply_parallel/dataset/GRScenes_assets/bottle/bbe22c098a9a6d0b39e9bd5b8eac0fbc,/cpfs/user/zhuzihou/assets/dedup_workspaces/test0_transitive_apply_parallel/dataset/GRScenes_assets/bottle/bbe22c098a9a6d0b39e9bd5b8eac0fbc/usd/bbe22c098a9a6d0b39e9bd5b8eac0fbc.usd
bottle,bceb42d8afdcc1c8102b083299e1592c,blank,0.000000,0.000000,0,blank;blank;blank;blank,/cpfs/user/zhuzihou/assets/dedup_workspaces/test0_transitive_apply_parallel/dataset/GRScenes_assets/bottle/bceb42d8afdcc1c8102b083299e1592c,/cpfs/user/zhuzihou/assets/dedup_workspaces/test0_transitive_apply_parallel/dataset/GRScenes_assets/bottle/bceb42d8afdcc1c8102b083299e1592c/usd/bceb42d8afdcc1c8102b083299e1592c.usd
bottle,bcf3a0c22e35c9ee7f94454d3174fd70,blank,0.000000,0.000000,0,blank;blank;blank;blank,/cpfs/user/zhuzihou/assets/dedup_workspaces/test0_transitive_apply_parallel/dataset/GRScenes_assets/bottle/bcf3a0c22e35c9ee7f94454d3174fd70,/cpfs/user/zhuzihou/assets/dedup_workspaces/test0_transitive_apply_parallel/dataset/GRScenes_assets/bottle/bcf3a0c22e35c9ee7f94454d3174fd70/usd/bcf3a0c22e35c9ee7f94454d3174fd70.usd
bottle,bd31a9c17a64cb525c89c74eecf122c6,blank,0.000000,0.000000,0,blank;blank;blank;blank,/cpfs/user/zhuzihou/assets/dedup_workspaces/test0_transitive_apply_parallel/dataset/GRScenes_assets/bottle/bd31a9c17a64cb525c89c74eecf122c6,/cpfs/user/zhuzihou/assets/dedup_workspaces/test0_transitive_apply_parallel/dataset/GRScenes_assets/bottle/bd31a9c17a64cb525c89c74eecf122c6/usd/bd31a9c17a64cb525c89c74eecf122c6.usd
bottle,bd6026e60d5c1e4a09aaffb6b3d9871f,blank,0.000000,0.000000,0,blank;blank;blank;blank,/cpfs/user/zhuzihou/assets/dedup_workspaces/test0_transitive_apply_parallel/dataset/GRScenes_assets/bottle/bd6026e60d5c1e4a09aaffb6b3d9871f,/cpfs/user/zhuzihou/assets/dedup_workspaces/test0_transitive_apply_parallel/dataset/GRScenes_assets/bottle/bd6026e60d5c1e4a09aaffb6b3d9871f/usd/bd6026e60d5c1e4a09aaffb6b3d9871f.usd
bottle,bd8437af8e6374a514840ca534325a15,blank,0.000000,0.000000,0,blank;blank;blank;blank,/cpfs/user/zhuzihou/assets/dedup_workspaces/test0_transitive_apply_parallel/dataset/GRScenes_assets/bottle/bd8437af8e6374a514840ca534325a15,/cpfs/user/zhuzihou/assets/dedup_workspaces/test0_transitive_apply_parallel/dataset/GRScenes_assets/bottle/bd8437af8e6374a514840ca534325a15/usd/bd8437af8e6374a514840ca534325a15.usd
bottle,bdce727f850b5e4166be039cba8c12f0,ok,0.116997,0.309334,401,ok;ok;ok;ok,/cpfs/user/zhuzihou/assets/dedup_workspaces/test0_transitive_apply_parallel/dataset/GRScenes_assets/bottle/bdce727f850b5e4166be039cba8c12f0,/cpfs/user/zhuzihou/assets/dedup_workspaces/test0_transitive_apply_parallel/dataset/GRScenes_assets/bottle/bdce727f850b5e4166be039cba8c12f0/usd/bdce727f850b5e4166be039cba8c12f0.usd
bottle,bdf8fe560556eb3e627990d0bae61765,ok,0.045109,0.248863,262,ok;ok;ok;ok,/cpfs/user/zhuzihou/assets/dedup_workspaces/test0_transitive_apply_parallel/dataset/GRScenes_assets/bottle/bdf8fe560556eb3e627990d0bae61765,/cpfs/user/zhuzihou/assets/dedup_workspaces/test0_transitive_apply_parallel/dataset/GRScenes_assets/bottle/bdf8fe560556eb3e627990d0bae61765/usd/bdf8fe560556eb3e627990d0bae61765.usd
bottle,be1f342248eb26139e8f939747d786e9,blank,0.000000,0.000000,0,blank;blank;blank;blank,/cpfs/user/zhuzihou/assets/dedup_workspaces/test0_transitive_apply_parallel/dataset/GRScenes_assets/bottle/be1f342248eb26139e8f939747d786e9,/cpfs/user/zhuzihou/assets/dedup_workspaces/test0_transitive_apply_parallel/dataset/GRScenes_assets/bottle/be1f342248eb26139e8f939747d786e9/usd/be1f342248eb26139e8f939747d786e9.usd
bottle,be87b38c13af25dec037464c72f33d0e,suspicious,0.006527,0.008961,81,blank;blank;tiny;blank,/cpfs/user/zhuzihou/assets/dedup_workspaces/test0_transitive_apply_parallel/dataset/GRScenes_assets/bottle/be87b38c13af25dec037464c72f33d0e,/cpfs/user/zhuzihou/assets/dedup_workspaces/test0_transitive_apply_parallel/dataset/GRScenes_assets/bottle/be87b38c13af25dec037464c72f33d0e/usd/be87b38c13af25dec037464c72f33d0e.usd
bottle,bf4d93798ee8524754b51caaf3d405fc,blank,0.000000,0.000000,0,blank;blank;blank;blank,/cpfs/user/zhuzihou/assets/dedup_workspaces/test0_transitive_apply_parallel/dataset/GRScenes_assets/bottle/bf4d93798ee8524754b51caaf3d405fc,/cpfs/user/zhuzihou/assets/dedup_workspaces/test0_transitive_apply_parallel/dataset/GRScenes_assets/bottle/bf4d93798ee8524754b51caaf3d405fc/usd/bf4d93798ee8524754b51caaf3d405fc.usd
bottle,bf64d7703e5e0c14c2474279ecd58650,blank,0.000000,0.000000,0,blank;blank;blank;blank,/cpfs/user/zhuzihou/assets/dedup_workspaces/test0_transitive_apply_parallel/dataset/GRScenes_assets/bottle/bf64d7703e5e0c14c2474279ecd58650,/cpfs/user/zhuzihou/assets/dedup_workspaces/test0_transitive_apply_parallel/dataset/GRScenes_assets/bottle/bf64d7703e5e0c14c2474279ecd58650/usd/bf64d7703e5e0c14c2474279ecd58650.usd
bottle,bfc4c3f5732d2a7286dd4944087bfc18,suspicious,0.003193,0.004395,36,blank;blank;blank;tiny,/cpfs/user/zhuzihou/assets/dedup_workspaces/test0_transitive_apply_parallel/dataset/GRScenes_assets/bottle/bfc4c3f5732d2a7286dd4944087bfc18,/cpfs/user/zhuzihou/assets/dedup_workspaces/test0_transitive_apply_parallel/dataset/GRScenes_assets/bottle/bfc4c3f5732d2a7286dd4944087bfc18/usd/bfc4c3f5732d2a7286dd4944087bfc18.usd
bottle,bfc98107109d3f000c42eab680625a0f,blank,0.000000,0.000000,0,blank;blank;blank;blank,/cpfs/user/zhuzihou/assets/dedup_workspaces/test0_transitive_apply_parallel/dataset/GRScenes_assets/bottle/bfc98107109d3f000c42eab680625a0f,/cpfs/user/zhuzihou/assets/dedup_workspaces/test0_transitive_apply_parallel/dataset/GRScenes_assets/bottle/bfc98107109d3f000c42eab680625a0f/usd/bfc98107109d3f000c42eab680625a0f.usd
bottle,c03ea1d24baed867ed749b71b0676831,blank,0.000000,0.000000,0,blank;blank;blank;blank,/cpfs/user/zhuzihou/assets/dedup_workspaces/test0_transitive_apply_parallel/dataset/GRScenes_assets/bottle/c03ea1d24baed867ed749b71b0676831,/cpfs/user/zhuzihou/assets/dedup_workspaces/test0_transitive_apply_parallel/dataset/GRScenes_assets/bottle/c03ea1d24baed867ed749b71b0676831/usd/c03ea1d24baed867ed749b71b0676831.usd
bottle,c09c35df76c0d53b78fcb26e733d3e26,ok,0.122936,0.175186,258,ok;ok;ok;ok,/cpfs/user/zhuzihou/assets/dedup_workspaces/test0_transitive_apply_parallel/dataset/GRScenes_assets/bottle/c09c35df76c0d53b78fcb26e733d3e26,/cpfs/user/zhuzihou/assets/dedup_workspaces/test0_transitive_apply_parallel/dataset/GRScenes_assets/bottle/c09c35df76c0d53b78fcb26e733d3e26/usd/c09c35df76c0d53b78fcb26e733d3e26.usd
bottle,c0c1c1a1e982fdf971ecf39495ece31c,ok,0.275787,0.416016,512,ok;ok;ok;ok,/cpfs/user/zhuzihou/assets/dedup_workspaces/test0_transitive_apply_parallel/dataset/GRScenes_assets/bottle/c0c1c1a1e982fdf971ecf39495ece31c,/cpfs/user/zhuzihou/assets/dedup_workspaces/test0_transitive_apply_parallel/dataset/GRScenes_assets/bottle/c0c1c1a1e982fdf971ecf39495ece31c/usd/c0c1c1a1e982fdf971ecf39495ece31c.usd
bottle,c0c9b329e8d7d329e4b2b99471cd7611,suspicious,0.010372,0.010700,55,tiny;blank;blank;blank,/cpfs/user/zhuzihou/assets/dedup_workspaces/test0_transitive_apply_parallel/dataset/GRScenes_assets/bottle/c0c9b329e8d7d329e4b2b99471cd7611,/cpfs/user/zhuzihou/assets/dedup_workspaces/test0_transitive_apply_parallel/dataset/GRScenes_assets/bottle/c0c9b329e8d7d329e4b2b99471cd7611/usd/c0c9b329e8d7d329e4b2b99471cd7611.usd
bottle,c0e874933133c185862601411bec2b2a,blank,0.000000,0.000000,0,blank;blank;blank;blank,/cpfs/user/zhuzihou/assets/dedup_workspaces/test0_transitive_apply_parallel/dataset/GRScenes_assets/bottle/c0e874933133c185862601411bec2b2a,/cpfs/user/zhuzihou/assets/dedup_workspaces/test0_transitive_apply_parallel/dataset/GRScenes_assets/bottle/c0e874933133c185862601411bec2b2a/usd/c0e874933133c185862601411bec2b2a.usd
bottle,c0e88e3e4545b01e2618658e40e23de8,blank,0.000000,0.000000,0,blank;blank;blank;blank,/cpfs/user/zhuzihou/assets/dedup_workspaces/test0_transitive_apply_parallel/dataset/GRScenes_assets/bottle/c0e88e3e4545b01e2618658e40e23de8,/cpfs/user/zhuzihou/assets/dedup_workspaces/test0_transitive_apply_parallel/dataset/GRScenes_assets/bottle/c0e88e3e4545b01e2618658e40e23de8/usd/c0e88e3e4545b01e2618658e40e23de8.usd
bottle,c16e4587895e9309abdb55344317e7cb,suspicious,0.046356,0.048500,163,blank;tiny;ok;tiny,/cpfs/user/zhuzihou/assets/dedup_workspaces/test0_transitive_apply_parallel/dataset/GRScenes_assets/bottle/c16e4587895e9309abdb55344317e7cb,/cpfs/user/zhuzihou/assets/dedup_workspaces/test0_transitive_apply_parallel/dataset/GRScenes_assets/bottle/c16e4587895e9309abdb55344317e7cb/usd/c16e4587895e9309abdb55344317e7cb.usd
bottle,c17e8e721428a8e6a1beaf0e393d1d5a,ok,0.430336,0.462891,512,ok;ok;ok;ok,/cpfs/user/zhuzihou/assets/dedup_workspaces/test0_transitive_apply_parallel/dataset/GRScenes_assets/bottle/c17e8e721428a8e6a1beaf0e393d1d5a,/cpfs/user/zhuzihou/assets/dedup_workspaces/test0_transitive_apply_parallel/dataset/GRScenes_assets/bottle/c17e8e721428a8e6a1beaf0e393d1d5a/usd/c17e8e721428a8e6a1beaf0e393d1d5a.usd
bottle,c18e685df3b71a2ce1a659d22480c833,blank,0.000000,0.000000,0,blank;blank;blank;blank,/cpfs/user/zhuzihou/assets/dedup_workspaces/test0_transitive_apply_parallel/dataset/GRScenes_assets/bottle/c18e685df3b71a2ce1a659d22480c833,/cpfs/user/zhuzihou/assets/dedup_workspaces/test0_transitive_apply_parallel/dataset/GRScenes_assets/bottle/c18e685df3b71a2ce1a659d22480c833/usd/c18e685df3b71a2ce1a659d22480c833.usd
bottle,c3222139b8ea7b735405efbe72bf3aa0,ok,0.114658,0.253658,465,ok;ok;ok;ok,/cpfs/user/zhuzihou/assets/dedup_workspaces/test0_transitive_apply_parallel/dataset/GRScenes_assets/bottle/c3222139b8ea7b735405efbe72bf3aa0,/cpfs/user/zhuzihou/assets/dedup_workspaces/test0_transitive_apply_parallel/dataset/GRScenes_assets/bottle/c3222139b8ea7b735405efbe72bf3aa0/usd/c3222139b8ea7b735405efbe72bf3aa0.usd
bottle,c35134437c042a0244a00cfa4c369b3e,ok,0.036037,0.160034,304,ok;ok;ok;ok,/cpfs/user/zhuzihou/assets/dedup_workspaces/test0_transitive_apply_parallel/dataset/GRScenes_assets/bottle/c35134437c042a0244a00cfa4c369b3e,/cpfs/user/zhuzihou/assets/dedup_workspaces/test0_transitive_apply_parallel/dataset/GRScenes_assets/bottle/c35134437c042a0244a00cfa4c369b3e/usd/c35134437c042a0244a00cfa4c369b3e.usd
bottle,c3c0f2d0cd948b17a9bb1a583bb7c19d,suspicious,0.018013,0.032730,156,ok;blank;blank;blank,/cpfs/user/zhuzihou/assets/dedup_workspaces/test0_transitive_apply_parallel/dataset/GRScenes_assets/bottle/c3c0f2d0cd948b17a9bb1a583bb7c19d,/cpfs/user/zhuzihou/assets/dedup_workspaces/test0_transitive_apply_parallel/dataset/GRScenes_assets/bottle/c3c0f2d0cd948b17a9bb1a583bb7c19d/usd/c3c0f2d0cd948b17a9bb1a583bb7c19d.usd
bottle,c3f7405a144ff3d62b0a30a6dbfe8017,suspicious,1.000000,1.000000,512,ok;blank;ok;ok,/cpfs/user/zhuzihou/assets/dedup_workspaces/test0_transitive_apply_parallel/dataset/GRScenes_assets/bottle/c3f7405a144ff3d62b0a30a6dbfe8017,/cpfs/user/zhuzihou/assets/dedup_workspaces/test0_transitive_apply_parallel/dataset/GRScenes_assets/bottle/c3f7405a144ff3d62b0a30a6dbfe8017/usd/c3f7405a144ff3d62b0a30a6dbfe8017.usd
bottle,c4bcfa7fadaee2dc9b569d9b32f97638,suspicious,0.062134,0.099495,183,ok;blank;ok;ok,/cpfs/user/zhuzihou/assets/dedup_workspaces/test0_transitive_apply_parallel/dataset/GRScenes_assets/bottle/c4bcfa7fadaee2dc9b569d9b32f97638,/cpfs/user/zhuzihou/assets/dedup_workspaces/test0_transitive_apply_parallel/dataset/GRScenes_assets/bottle/c4bcfa7fadaee2dc9b569d9b32f97638/usd/c4bcfa7fadaee2dc9b569d9b32f97638.usd
bottle,c4ef85002fb438f7008af66749f19d96,ok,0.332890,0.425720,451,ok;ok;ok;ok,/cpfs/user/zhuzihou/assets/dedup_workspaces/test0_transitive_apply_parallel/dataset/GRScenes_assets/bottle/c4ef85002fb438f7008af66749f19d96,/cpfs/user/zhuzihou/assets/dedup_workspaces/test0_transitive_apply_parallel/dataset/GRScenes_assets/bottle/c4ef85002fb438f7008af66749f19d96/usd/c4ef85002fb438f7008af66749f19d96.usd
bottle,c5445b963e72e5ab6fc5f55fb5e345b7,blank,0.000000,0.000000,0,blank;blank;blank;blank,/cpfs/user/zhuzihou/assets/dedup_workspaces/test0_transitive_apply_parallel/dataset/GRScenes_assets/bottle/c5445b963e72e5ab6fc5f55fb5e345b7,/cpfs/user/zhuzihou/assets/dedup_workspaces/test0_transitive_apply_parallel/dataset/GRScenes_assets/bottle/c5445b963e72e5ab6fc5f55fb5e345b7/usd/c5445b963e72e5ab6fc5f55fb5e345b7.usd
bottle,c5796d09f865675ab57dfe4cbc62d67f,ok,0.248779,0.317402,512,ok;ok;ok;ok,/cpfs/user/zhuzihou/assets/dedup_workspaces/test0_transitive_apply_parallel/dataset/GRScenes_assets/bottle/c5796d09f865675ab57dfe4cbc62d67f,/cpfs/user/zhuzihou/assets/dedup_workspaces/test0_transitive_apply_parallel/dataset/GRScenes_assets/bottle/c5796d09f865675ab57dfe4cbc62d67f/usd/c5796d09f865675ab57dfe4cbc62d67f.usd
bottle,c5c0147917c628ed31d56955fd5c479a,suspicious,0.050495,0.077438,218,blank;ok;ok;ok,/cpfs/user/zhuzihou/assets/dedup_workspaces/test0_transitive_apply_parallel/dataset/GRScenes_assets/bottle/c5c0147917c628ed31d56955fd5c479a,/cpfs/user/zhuzihou/assets/dedup_workspaces/test0_transitive_apply_parallel/dataset/GRScenes_assets/bottle/c5c0147917c628ed31d56955fd5c479a/usd/c5c0147917c628ed31d56955fd5c479a.usd
bottle,c651a5519a4ece91374e2c6c3275c4ef,blank,0.000000,0.000000,0,blank;blank;blank;blank,/cpfs/user/zhuzihou/assets/dedup_workspaces/test0_transitive_apply_parallel/dataset/GRScenes_assets/bottle/c651a5519a4ece91374e2c6c3275c4ef,/cpfs/user/zhuzihou/assets/dedup_workspaces/test0_transitive_apply_parallel/dataset/GRScenes_assets/bottle/c651a5519a4ece91374e2c6c3275c4ef/usd/c651a5519a4ece91374e2c6c3275c4ef.usd
bottle,c683383711755be544a9ff5d94a103ca,blank,0.000000,0.000000,0,blank;blank;blank;blank,/cpfs/user/zhuzihou/assets/dedup_workspaces/test0_transitive_apply_parallel/dataset/GRScenes_assets/bottle/c683383711755be544a9ff5d94a103ca,/cpfs/user/zhuzihou/assets/dedup_workspaces/test0_transitive_apply_parallel/dataset/GRScenes_assets/bottle/c683383711755be544a9ff5d94a103ca/usd/c683383711755be544a9ff5d94a103ca.usd
bottle,c82e9fa29d8cd93dcbd771bdebd0c214,suspicious,0.031471,0.032135,108,blank;blank;ok;blank,/cpfs/user/zhuzihou/assets/dedup_workspaces/test0_transitive_apply_parallel/dataset/GRScenes_assets/bottle/c82e9fa29d8cd93dcbd771bdebd0c214,/cpfs/user/zhuzihou/assets/dedup_workspaces/test0_transitive_apply_parallel/dataset/GRScenes_assets/bottle/c82e9fa29d8cd93dcbd771bdebd0c214/usd/c82e9fa29d8cd93dcbd771bdebd0c214.usd
bottle,c84246080694fb98f3621377b00e6a3e,suspicious,0.113281,0.113281,512,ok;blank;blank;blank,/cpfs/user/zhuzihou/assets/dedup_workspaces/test0_transitive_apply_parallel/dataset/GRScenes_assets/bottle/c84246080694fb98f3621377b00e6a3e,/cpfs/user/zhuzihou/assets/dedup_workspaces/test0_transitive_apply_parallel/dataset/GRScenes_assets/bottle/c84246080694fb98f3621377b00e6a3e/usd/c84246080694fb98f3621377b00e6a3e.usd
bottle,c8800eedd514edac83280dacf43c123d,blank,0.000000,0.000000,0,blank;blank;blank;blank,/cpfs/user/zhuzihou/assets/dedup_workspaces/test0_transitive_apply_parallel/dataset/GRScenes_assets/bottle/c8800eedd514edac83280dacf43c123d,/cpfs/user/zhuzihou/assets/dedup_workspaces/test0_transitive_apply_parallel/dataset/GRScenes_assets/bottle/c8800eedd514edac83280dacf43c123d/usd/c8800eedd514edac83280dacf43c123d.usd
bottle,c97e09a3e14ba515423dbf27873826a2,blank,0.000000,0.000000,0,blank;blank;blank;blank,/cpfs/user/zhuzihou/assets/dedup_workspaces/test0_transitive_apply_parallel/dataset/GRScenes_assets/bottle/c97e09a3e14ba515423dbf27873826a2,/cpfs/user/zhuzihou/assets/dedup_workspaces/test0_transitive_apply_parallel/dataset/GRScenes_assets/bottle/c97e09a3e14ba515423dbf27873826a2/usd/c97e09a3e14ba515423dbf27873826a2.usd
bottle,ca7e4326831ab649de2ff83fc0496e4a,suspicious,0.980122,1.000000,512,ok;blank;blank;blank,/cpfs/user/zhuzihou/assets/dedup_workspaces/test0_transitive_apply_parallel/dataset/GRScenes_assets/bottle/ca7e4326831ab649de2ff83fc0496e4a,/cpfs/user/zhuzihou/assets/dedup_workspaces/test0_transitive_apply_parallel/dataset/GRScenes_assets/bottle/ca7e4326831ab649de2ff83fc0496e4a/usd/ca7e4326831ab649de2ff83fc0496e4a.usd
bottle,ca96bcffa2d17d43871b00acaccf08f7,blank,0.000000,0.000000,0,blank;blank;blank;blank,/cpfs/user/zhuzihou/assets/dedup_workspaces/test0_transitive_apply_parallel/dataset/GRScenes_assets/bottle/ca96bcffa2d17d43871b00acaccf08f7,/cpfs/user/zhuzihou/assets/dedup_workspaces/test0_transitive_apply_parallel/dataset/GRScenes_assets/bottle/ca96bcffa2d17d43871b00acaccf08f7/usd/ca96bcffa2d17d43871b00acaccf08f7.usd
bottle,cb643953e0d9b750cbe5d68a8aea7e1d,ok,0.399956,0.440918,448,ok;ok;ok;ok,/cpfs/user/zhuzihou/assets/dedup_workspaces/test0_transitive_apply_parallel/dataset/GRScenes_assets/bottle/cb643953e0d9b750cbe5d68a8aea7e1d,/cpfs/user/zhuzihou/assets/dedup_workspaces/test0_transitive_apply_parallel/dataset/GRScenes_assets/bottle/cb643953e0d9b750cbe5d68a8aea7e1d/usd/cb643953e0d9b750cbe5d68a8aea7e1d.usd
bottle,cb6cdb2173a2a8e5613f3d524a34fdbf,ok,0.254410,0.308228,400,ok;ok;ok;ok,/cpfs/user/zhuzihou/assets/dedup_workspaces/test0_transitive_apply_parallel/dataset/GRScenes_assets/bottle/cb6cdb2173a2a8e5613f3d524a34fdbf,/cpfs/user/zhuzihou/assets/dedup_workspaces/test0_transitive_apply_parallel/dataset/GRScenes_assets/bottle/cb6cdb2173a2a8e5613f3d524a34fdbf/usd/cb6cdb2173a2a8e5613f3d524a34fdbf.usd
bottle,cb7ac70cb2ac3f2a024a90955e3364f7,ok,0.282310,0.338211,403,ok;ok;ok;ok,/cpfs/user/zhuzihou/assets/dedup_workspaces/test0_transitive_apply_parallel/dataset/GRScenes_assets/bottle/cb7ac70cb2ac3f2a024a90955e3364f7,/cpfs/user/zhuzihou/assets/dedup_workspaces/test0_transitive_apply_parallel/dataset/GRScenes_assets/bottle/cb7ac70cb2ac3f2a024a90955e3364f7/usd/cb7ac70cb2ac3f2a024a90955e3364f7.usd
bottle,cb9c543d0d7c93d3aa175931990ac795,ok,0.167099,0.239445,464,ok;ok;ok;ok,/cpfs/user/zhuzihou/assets/dedup_workspaces/test0_transitive_apply_parallel/dataset/GRScenes_assets/bottle/cb9c543d0d7c93d3aa175931990ac795,/cpfs/user/zhuzihou/assets/dedup_workspaces/test0_transitive_apply_parallel/dataset/GRScenes_assets/bottle/cb9c543d0d7c93d3aa175931990ac795/usd/cb9c543d0d7c93d3aa175931990ac795.usd
bottle,cc61f2c7f10a103d9c38bb7e15b17281,blank,0.000000,0.000000,0,blank;blank;blank;blank,/cpfs/user/zhuzihou/assets/dedup_workspaces/test0_transitive_apply_parallel/dataset/GRScenes_assets/bottle/cc61f2c7f10a103d9c38bb7e15b17281,/cpfs/user/zhuzihou/assets/dedup_workspaces/test0_transitive_apply_parallel/dataset/GRScenes_assets/bottle/cc61f2c7f10a103d9c38bb7e15b17281/usd/cc61f2c7f10a103d9c38bb7e15b17281.usd
bottle,ccde1256047469b6c75112cfa53a77ed,blank,0.000000,0.000000,0,blank;blank;blank;blank,/cpfs/user/zhuzihou/assets/dedup_workspaces/test0_transitive_apply_parallel/dataset/GRScenes_assets/bottle/ccde1256047469b6c75112cfa53a77ed,/cpfs/user/zhuzihou/assets/dedup_workspaces/test0_transitive_apply_parallel/dataset/GRScenes_assets/bottle/ccde1256047469b6c75112cfa53a77ed/usd/ccde1256047469b6c75112cfa53a77ed.usd
bottle,ce0a9885741c30e23771234fbbc5a4eb,suspicious,0.037201,0.057487,137,ok;blank;blank;ok,/cpfs/user/zhuzihou/assets/dedup_workspaces/test0_transitive_apply_parallel/dataset/GRScenes_assets/bottle/ce0a9885741c30e23771234fbbc5a4eb,/cpfs/user/zhuzihou/assets/dedup_workspaces/test0_transitive_apply_parallel/dataset/GRScenes_assets/bottle/ce0a9885741c30e23771234fbbc5a4eb/usd/ce0a9885741c30e23771234fbbc5a4eb.usd
bottle,cfc73303cb09bbad6bf5ca773b28fe81,ok,0.429443,0.451172,512,ok;ok;ok;ok,/cpfs/user/zhuzihou/assets/dedup_workspaces/test0_transitive_apply_parallel/dataset/GRScenes_assets/bottle/cfc73303cb09bbad6bf5ca773b28fe81,/cpfs/user/zhuzihou/assets/dedup_workspaces/test0_transitive_apply_parallel/dataset/GRScenes_assets/bottle/cfc73303cb09bbad6bf5ca773b28fe81/usd/cfc73303cb09bbad6bf5ca773b28fe81.usd
bottle,d0cf26c421988b52a7a84b7b2b016109,blank,0.000000,0.000000,0,blank;blank;blank;blank,/cpfs/user/zhuzihou/assets/dedup_workspaces/test0_transitive_apply_parallel/dataset/GRScenes_assets/bottle/d0cf26c421988b52a7a84b7b2b016109,/cpfs/user/zhuzihou/assets/dedup_workspaces/test0_transitive_apply_parallel/dataset/GRScenes_assets/bottle/d0cf26c421988b52a7a84b7b2b016109/usd/d0cf26c421988b52a7a84b7b2b016109.usd
bottle,d134221fe4ef7b6f17a7ddea2d2487cc,blank,0.000000,0.000000,0,blank;blank;blank;blank,/cpfs/user/zhuzihou/assets/dedup_workspaces/test0_transitive_apply_parallel/dataset/GRScenes_assets/bottle/d134221fe4ef7b6f17a7ddea2d2487cc,/cpfs/user/zhuzihou/assets/dedup_workspaces/test0_transitive_apply_parallel/dataset/GRScenes_assets/bottle/d134221fe4ef7b6f17a7ddea2d2487cc/usd/d134221fe4ef7b6f17a7ddea2d2487cc.usd
bottle,d219c9f70686d52a3a990fb579c19a5e,ok,0.157631,0.206493,259,ok;ok;ok;ok,/cpfs/user/zhuzihou/assets/dedup_workspaces/test0_transitive_apply_parallel/dataset/GRScenes_assets/bottle/d219c9f70686d52a3a990fb579c19a5e,/cpfs/user/zhuzihou/assets/dedup_workspaces/test0_transitive_apply_parallel/dataset/GRScenes_assets/bottle/d219c9f70686d52a3a990fb579c19a5e/usd/d219c9f70686d52a3a990fb579c19a5e.usd
bottle,d25313f7e3618f25b4b1c6ff1f71035b,blank,0.000000,0.000000,0,blank;blank;blank;blank,/cpfs/user/zhuzihou/assets/dedup_workspaces/test0_transitive_apply_parallel/dataset/GRScenes_assets/bottle/d25313f7e3618f25b4b1c6ff1f71035b,/cpfs/user/zhuzihou/assets/dedup_workspaces/test0_transitive_apply_parallel/dataset/GRScenes_assets/bottle/d25313f7e3618f25b4b1c6ff1f71035b/usd/d25313f7e3618f25b4b1c6ff1f71035b.usd
bottle,d256eeff97b0fb0bad877dc52fe5affa,blank,0.000000,0.000000,0,blank;blank;blank;blank,/cpfs/user/zhuzihou/assets/dedup_workspaces/test0_transitive_apply_parallel/dataset/GRScenes_assets/bottle/d256eeff97b0fb0bad877dc52fe5affa,/cpfs/user/zhuzihou/assets/dedup_workspaces/test0_transitive_apply_parallel/dataset/GRScenes_assets/bottle/d256eeff97b0fb0bad877dc52fe5affa/usd/d256eeff97b0fb0bad877dc52fe5affa.usd
bottle,d2dc8040713b7cfd8ebedf56fb7790f4,ok,0.221272,0.302971,427,ok;ok;ok;ok,/cpfs/user/zhuzihou/assets/dedup_workspaces/test0_transitive_apply_parallel/dataset/GRScenes_assets/bottle/d2dc8040713b7cfd8ebedf56fb7790f4,/cpfs/user/zhuzihou/assets/dedup_workspaces/test0_transitive_apply_parallel/dataset/GRScenes_assets/bottle/d2dc8040713b7cfd8ebedf56fb7790f4/usd/d2dc8040713b7cfd8ebedf56fb7790f4.usd
bottle,d330dfbe2acf53ebab487d4f1b6191c2,suspicious,0.039726,0.041477,131,blank;blank;ok;blank,/cpfs/user/zhuzihou/assets/dedup_workspaces/test0_transitive_apply_parallel/dataset/GRScenes_assets/bottle/d330dfbe2acf53ebab487d4f1b6191c2,/cpfs/user/zhuzihou/assets/dedup_workspaces/test0_transitive_apply_parallel/dataset/GRScenes_assets/bottle/d330dfbe2acf53ebab487d4f1b6191c2/usd/d330dfbe2acf53ebab487d4f1b6191c2.usd
bottle,d3f1ca8477a8b0a6836bb152eb6676df,suspicious,0.042175,0.056305,180,ok;ok;blank;blank,/cpfs/user/zhuzihou/assets/dedup_workspaces/test0_transitive_apply_parallel/dataset/GRScenes_assets/bottle/d3f1ca8477a8b0a6836bb152eb6676df,/cpfs/user/zhuzihou/assets/dedup_workspaces/test0_transitive_apply_parallel/dataset/GRScenes_assets/bottle/d3f1ca8477a8b0a6836bb152eb6676df/usd/d3f1ca8477a8b0a6836bb152eb6676df.usd
bottle,d41c8f550579fb6d7a3dbd2c5f813b56,ok,0.506481,0.606339,503,ok;ok;ok;ok,/cpfs/user/zhuzihou/assets/dedup_workspaces/test0_transitive_apply_parallel/dataset/GRScenes_assets/bottle/d41c8f550579fb6d7a3dbd2c5f813b56,/cpfs/user/zhuzihou/assets/dedup_workspaces/test0_transitive_apply_parallel/dataset/GRScenes_assets/bottle/d41c8f550579fb6d7a3dbd2c5f813b56/usd/d41c8f550579fb6d7a3dbd2c5f813b56.usd
bottle,d468256500405fe18cfe64b269e640c8,blank,0.000000,0.000000,0,blank;blank;blank;blank,/cpfs/user/zhuzihou/assets/dedup_workspaces/test0_transitive_apply_parallel/dataset/GRScenes_assets/bottle/d468256500405fe18cfe64b269e640c8,/cpfs/user/zhuzihou/assets/dedup_workspaces/test0_transitive_apply_parallel/dataset/GRScenes_assets/bottle/d468256500405fe18cfe64b269e640c8/usd/d468256500405fe18cfe64b269e640c8.usd
bottle,d4932680b8dbc2f1f89cef5791e5b180,blank,0.000000,0.000000,0,blank;blank;blank;blank,/cpfs/user/zhuzihou/assets/dedup_workspaces/test0_transitive_apply_parallel/dataset/GRScenes_assets/bottle/d4932680b8dbc2f1f89cef5791e5b180,/cpfs/user/zhuzihou/assets/dedup_workspaces/test0_transitive_apply_parallel/dataset/GRScenes_assets/bottle/d4932680b8dbc2f1f89cef5791e5b180/usd/d4932680b8dbc2f1f89cef5791e5b180.usd
bottle,d4a386fe2d9618c2551eb97bb4ffd04d,ok,0.129425,0.174309,341,ok;ok;ok;ok,/cpfs/user/zhuzihou/assets/dedup_workspaces/test0_transitive_apply_parallel/dataset/GRScenes_assets/bottle/d4a386fe2d9618c2551eb97bb4ffd04d,/cpfs/user/zhuzihou/assets/dedup_workspaces/test0_transitive_apply_parallel/dataset/GRScenes_assets/bottle/d4a386fe2d9618c2551eb97bb4ffd04d/usd/d4a386fe2d9618c2551eb97bb4ffd04d.usd
bottle,d4f4f5453d334d0c50eb573b4ef6d922,suspicious,0.031593,0.037071,153,blank;ok;tiny;blank,/cpfs/user/zhuzihou/assets/dedup_workspaces/test0_transitive_apply_parallel/dataset/GRScenes_assets/bottle/d4f4f5453d334d0c50eb573b4ef6d922,/cpfs/user/zhuzihou/assets/dedup_workspaces/test0_transitive_apply_parallel/dataset/GRScenes_assets/bottle/d4f4f5453d334d0c50eb573b4ef6d922/usd/d4f4f5453d334d0c50eb573b4ef6d922.usd
bottle,d5a26d0ca554cd959dfaeaeee2b8eaf0,ok,0.165672,0.238136,464,ok;ok;ok;ok,/cpfs/user/zhuzihou/assets/dedup_workspaces/test0_transitive_apply_parallel/dataset/GRScenes_assets/bottle/d5a26d0ca554cd959dfaeaeee2b8eaf0,/cpfs/user/zhuzihou/assets/dedup_workspaces/test0_transitive_apply_parallel/dataset/GRScenes_assets/bottle/d5a26d0ca554cd959dfaeaeee2b8eaf0/usd/d5a26d0ca554cd959dfaeaeee2b8eaf0.usd
bottle,d5f434043c97e9600dcc2a5018079feb,blank,0.000000,0.000000,0,blank;blank;blank;blank,/cpfs/user/zhuzihou/assets/dedup_workspaces/test0_transitive_apply_parallel/dataset/GRScenes_assets/bottle/d5f434043c97e9600dcc2a5018079feb,/cpfs/user/zhuzihou/assets/dedup_workspaces/test0_transitive_apply_parallel/dataset/GRScenes_assets/bottle/d5f434043c97e9600dcc2a5018079feb/usd/d5f434043c97e9600dcc2a5018079feb.usd
bottle,d6a8000783a575dd11fb5978f05a8692,suspicious,0.030193,0.053146,172,ok;tiny;blank;ok,/cpfs/user/zhuzihou/assets/dedup_workspaces/test0_transitive_apply_parallel/dataset/GRScenes_assets/bottle/d6a8000783a575dd11fb5978f05a8692,/cpfs/user/zhuzihou/assets/dedup_workspaces/test0_transitive_apply_parallel/dataset/GRScenes_assets/bottle/d6a8000783a575dd11fb5978f05a8692/usd/d6a8000783a575dd11fb5978f05a8692.usd
bottle,d74714a3e84300fe34e98a2b0c0810e8,blank,0.000000,0.000000,0,blank;blank;blank;blank,/cpfs/user/zhuzihou/assets/dedup_workspaces/test0_transitive_apply_parallel/dataset/GRScenes_assets/bottle/d74714a3e84300fe34e98a2b0c0810e8,/cpfs/user/zhuzihou/assets/dedup_workspaces/test0_transitive_apply_parallel/dataset/GRScenes_assets/bottle/d74714a3e84300fe34e98a2b0c0810e8/usd/d74714a3e84300fe34e98a2b0c0810e8.usd
bottle,d7c38a192f7c69e65cf20e2201326adf,blank,0.000000,0.000000,0,blank;blank;blank;blank,/cpfs/user/zhuzihou/assets/dedup_workspaces/test0_transitive_apply_parallel/dataset/GRScenes_assets/bottle/d7c38a192f7c69e65cf20e2201326adf,/cpfs/user/zhuzihou/assets/dedup_workspaces/test0_transitive_apply_parallel/dataset/GRScenes_assets/bottle/d7c38a192f7c69e65cf20e2201326adf/usd/d7c38a192f7c69e65cf20e2201326adf.usd
bottle,d889e6c5c4ca976d37edfe6886d40a8d,blank,0.000000,0.000000,0,blank;blank;blank;blank,/cpfs/user/zhuzihou/assets/dedup_workspaces/test0_transitive_apply_parallel/dataset/GRScenes_assets/bottle/d889e6c5c4ca976d37edfe6886d40a8d,/cpfs/user/zhuzihou/assets/dedup_workspaces/test0_transitive_apply_parallel/dataset/GRScenes_assets/bottle/d889e6c5c4ca976d37edfe6886d40a8d/usd/d889e6c5c4ca976d37edfe6886d40a8d.usd
bottle,d8f1f2293af605927706dd78c82743d5,ok,0.257000,0.323196,464,ok;ok;ok;ok,/cpfs/user/zhuzihou/assets/dedup_workspaces/test0_transitive_apply_parallel/dataset/GRScenes_assets/bottle/d8f1f2293af605927706dd78c82743d5,/cpfs/user/zhuzihou/assets/dedup_workspaces/test0_transitive_apply_parallel/dataset/GRScenes_assets/bottle/d8f1f2293af605927706dd78c82743d5/usd/d8f1f2293af605927706dd78c82743d5.usd
bottle,d904af9c6b375ea82e6f8c0af228349f,blank,0.000000,0.000000,0,blank;blank;blank;blank,/cpfs/user/zhuzihou/assets/dedup_workspaces/test0_transitive_apply_parallel/dataset/GRScenes_assets/bottle/d904af9c6b375ea82e6f8c0af228349f,/cpfs/user/zhuzihou/assets/dedup_workspaces/test0_transitive_apply_parallel/dataset/GRScenes_assets/bottle/d904af9c6b375ea82e6f8c0af228349f/usd/d904af9c6b375ea82e6f8c0af228349f.usd
bottle,d99a9b6552b9f9a58cbc2b94ae03dc0a,suspicious,0.041843,0.073635,228,blank;ok;ok;tiny,/cpfs/user/zhuzihou/assets/dedup_workspaces/test0_transitive_apply_parallel/dataset/GRScenes_assets/bottle/d99a9b6552b9f9a58cbc2b94ae03dc0a,/cpfs/user/zhuzihou/assets/dedup_workspaces/test0_transitive_apply_parallel/dataset/GRScenes_assets/bottle/d99a9b6552b9f9a58cbc2b94ae03dc0a/usd/d99a9b6552b9f9a58cbc2b94ae03dc0a.usd
bottle,da5b1c080e6e21e6f77cb308b0d36da6,suspicious,0.009361,0.017288,103,blank;tiny;blank;blank,/cpfs/user/zhuzihou/assets/dedup_workspaces/test0_transitive_apply_parallel/dataset/GRScenes_assets/bottle/da5b1c080e6e21e6f77cb308b0d36da6,/cpfs/user/zhuzihou/assets/dedup_workspaces/test0_transitive_apply_parallel/dataset/GRScenes_assets/bottle/da5b1c080e6e21e6f77cb308b0d36da6/usd/da5b1c080e6e21e6f77cb308b0d36da6.usd
bottle,da92d67d1d8aae8836eb3c5162754e70,ok,0.166847,0.239445,464,ok;ok;ok;ok,/cpfs/user/zhuzihou/assets/dedup_workspaces/test0_transitive_apply_parallel/dataset/GRScenes_assets/bottle/da92d67d1d8aae8836eb3c5162754e70,/cpfs/user/zhuzihou/assets/dedup_workspaces/test0_transitive_apply_parallel/dataset/GRScenes_assets/bottle/da92d67d1d8aae8836eb3c5162754e70/usd/da92d67d1d8aae8836eb3c5162754e70.usd
bottle,dab623dfa0536aec9d44526d325b22a0,ok,0.226578,0.297455,446,ok;ok;ok;ok,/cpfs/user/zhuzihou/assets/dedup_workspaces/test0_transitive_apply_parallel/dataset/GRScenes_assets/bottle/dab623dfa0536aec9d44526d325b22a0,/cpfs/user/zhuzihou/assets/dedup_workspaces/test0_transitive_apply_parallel/dataset/GRScenes_assets/bottle/dab623dfa0536aec9d44526d325b22a0/usd/dab623dfa0536aec9d44526d325b22a0.usd
bottle,dac9caa96b5a6e0f788dc569248d71ca,blank,0.000000,0.000000,0,blank;blank;blank;blank,/cpfs/user/zhuzihou/assets/dedup_workspaces/test0_transitive_apply_parallel/dataset/GRScenes_assets/bottle/dac9caa96b5a6e0f788dc569248d71ca,/cpfs/user/zhuzihou/assets/dedup_workspaces/test0_transitive_apply_parallel/dataset/GRScenes_assets/bottle/dac9caa96b5a6e0f788dc569248d71ca/usd/dac9caa96b5a6e0f788dc569248d71ca.usd
bottle,dae2f8cd974d6c0e6ea3c21f98b2d5a8,blank,0.000000,0.000000,0,blank;blank;blank;blank,/cpfs/user/zhuzihou/assets/dedup_workspaces/test0_transitive_apply_parallel/dataset/GRScenes_assets/bottle/dae2f8cd974d6c0e6ea3c21f98b2d5a8,/cpfs/user/zhuzihou/assets/dedup_workspaces/test0_transitive_apply_parallel/dataset/GRScenes_assets/bottle/dae2f8cd974d6c0e6ea3c21f98b2d5a8/usd/dae2f8cd974d6c0e6ea3c21f98b2d5a8.usd
bottle,db852149d5aac86e0e19539b0c6ae9ab,blank,0.000000,0.000000,0,blank;blank;blank;blank,/cpfs/user/zhuzihou/assets/dedup_workspaces/test0_transitive_apply_parallel/dataset/GRScenes_assets/bottle/db852149d5aac86e0e19539b0c6ae9ab,/cpfs/user/zhuzihou/assets/dedup_workspaces/test0_transitive_apply_parallel/dataset/GRScenes_assets/bottle/db852149d5aac86e0e19539b0c6ae9ab/usd/db852149d5aac86e0e19539b0c6ae9ab.usd
bottle,dbb2282859f1742a6df79502e7dc896b,blank,0.000000,0.000000,0,blank;blank;blank;blank,/cpfs/user/zhuzihou/assets/dedup_workspaces/test0_transitive_apply_parallel/dataset/GRScenes_assets/bottle/dbb2282859f1742a6df79502e7dc896b,/cpfs/user/zhuzihou/assets/dedup_workspaces/test0_transitive_apply_parallel/dataset/GRScenes_assets/bottle/dbb2282859f1742a6df79502e7dc896b/usd/dbb2282859f1742a6df79502e7dc896b.usd
bottle,dc1baa4aad9dd1d5ae4da305b0f603c6,ok,0.176426,0.252529,461,ok;ok;ok;ok,/cpfs/user/zhuzihou/assets/dedup_workspaces/test0_transitive_apply_parallel/dataset/GRScenes_assets/bottle/dc1baa4aad9dd1d5ae4da305b0f603c6,/cpfs/user/zhuzihou/assets/dedup_workspaces/test0_transitive_apply_parallel/dataset/GRScenes_assets/bottle/dc1baa4aad9dd1d5ae4da305b0f603c6/usd/dc1baa4aad9dd1d5ae4da305b0f603c6.usd
bottle,dcb751189607d64ded8c5e4563551211,ok,0.220798,0.322456,395,ok;ok;ok;ok,/cpfs/user/zhuzihou/assets/dedup_workspaces/test0_transitive_apply_parallel/dataset/GRScenes_assets/bottle/dcb751189607d64ded8c5e4563551211,/cpfs/user/zhuzihou/assets/dedup_workspaces/test0_transitive_apply_parallel/dataset/GRScenes_assets/bottle/dcb751189607d64ded8c5e4563551211/usd/dcb751189607d64ded8c5e4563551211.usd
bottle,dd0fe753df975bbced9ef28fc08ac92d,blank,0.000000,0.000000,0,blank;blank;blank;blank,/cpfs/user/zhuzihou/assets/dedup_workspaces/test0_transitive_apply_parallel/dataset/GRScenes_assets/bottle/dd0fe753df975bbced9ef28fc08ac92d,/cpfs/user/zhuzihou/assets/dedup_workspaces/test0_transitive_apply_parallel/dataset/GRScenes_assets/bottle/dd0fe753df975bbced9ef28fc08ac92d/usd/dd0fe753df975bbced9ef28fc08ac92d.usd
bottle,dd1758f4b5a988f5af35a15cd4b92ae8,ok,0.149578,0.420410,375,ok;ok;ok;ok,/cpfs/user/zhuzihou/assets/dedup_workspaces/test0_transitive_apply_parallel/dataset/GRScenes_assets/bottle/dd1758f4b5a988f5af35a15cd4b92ae8,/cpfs/user/zhuzihou/assets/dedup_workspaces/test0_transitive_apply_parallel/dataset/GRScenes_assets/bottle/dd1758f4b5a988f5af35a15cd4b92ae8/usd/dd1758f4b5a988f5af35a15cd4b92ae8.usd
bottle,ddfe2466bfffa61177046e85e1220664,ok,0.408096,0.508984,504,ok;ok;ok;ok,/cpfs/user/zhuzihou/assets/dedup_workspaces/test0_transitive_apply_parallel/dataset/GRScenes_assets/bottle/ddfe2466bfffa61177046e85e1220664,/cpfs/user/zhuzihou/assets/dedup_workspaces/test0_transitive_apply_parallel/dataset/GRScenes_assets/bottle/ddfe2466bfffa61177046e85e1220664/usd/ddfe2466bfffa61177046e85e1220664.usd
bottle,de1c7c7c1c1c21d8d27f63277fd15139,suspicious,0.018822,0.019611,97,tiny;blank;blank;tiny,/cpfs/user/zhuzihou/assets/dedup_workspaces/test0_transitive_apply_parallel/dataset/GRScenes_assets/bottle/de1c7c7c1c1c21d8d27f63277fd15139,/cpfs/user/zhuzihou/assets/dedup_workspaces/test0_transitive_apply_parallel/dataset/GRScenes_assets/bottle/de1c7c7c1c1c21d8d27f63277fd15139/usd/de1c7c7c1c1c21d8d27f63277fd15139.usd
bottle,de87fe3e3e61d6c60f92c82405ee7dd1,suspicious,0.027637,0.036621,192,ok;blank;blank;blank,/cpfs/user/zhuzihou/assets/dedup_workspaces/test0_transitive_apply_parallel/dataset/GRScenes_assets/bottle/de87fe3e3e61d6c60f92c82405ee7dd1,/cpfs/user/zhuzihou/assets/dedup_workspaces/test0_transitive_apply_parallel/dataset/GRScenes_assets/bottle/de87fe3e3e61d6c60f92c82405ee7dd1/usd/de87fe3e3e61d6c60f92c82405ee7dd1.usd
bottle,df5ccec979155e4a3a80a9c61a225d6d,blank,0.000000,0.000000,0,blank;blank;blank;blank,/cpfs/user/zhuzihou/assets/dedup_workspaces/test0_transitive_apply_parallel/dataset/GRScenes_assets/bottle/df5ccec979155e4a3a80a9c61a225d6d,/cpfs/user/zhuzihou/assets/dedup_workspaces/test0_transitive_apply_parallel/dataset/GRScenes_assets/bottle/df5ccec979155e4a3a80a9c61a225d6d/usd/df5ccec979155e4a3a80a9c61a225d6d.usd
bottle,e02c6caf2c863f7defc24bcf03b0d0a4,ok,0.340591,0.380859,512,ok;ok;ok;ok,/cpfs/user/zhuzihou/assets/dedup_workspaces/test0_transitive_apply_parallel/dataset/GRScenes_assets/bottle/e02c6caf2c863f7defc24bcf03b0d0a4,/cpfs/user/zhuzihou/assets/dedup_workspaces/test0_transitive_apply_parallel/dataset/GRScenes_assets/bottle/e02c6caf2c863f7defc24bcf03b0d0a4/usd/e02c6caf2c863f7defc24bcf03b0d0a4.usd
bottle,e16a1a51e4bb97aa7c2a8974ed149cbf,suspicious,0.026230,0.029259,118,blank;blank;ok;blank,/cpfs/user/zhuzihou/assets/dedup_workspaces/test0_transitive_apply_parallel/dataset/GRScenes_assets/bottle/e16a1a51e4bb97aa7c2a8974ed149cbf,/cpfs/user/zhuzihou/assets/dedup_workspaces/test0_transitive_apply_parallel/dataset/GRScenes_assets/bottle/e16a1a51e4bb97aa7c2a8974ed149cbf/usd/e16a1a51e4bb97aa7c2a8974ed149cbf.usd
bottle,e1770a44a30659a57584180a8e173a8f,blank,0.000000,0.000000,0,blank;blank;blank;blank,/cpfs/user/zhuzihou/assets/dedup_workspaces/test0_transitive_apply_parallel/dataset/GRScenes_assets/bottle/e1770a44a30659a57584180a8e173a8f,/cpfs/user/zhuzihou/assets/dedup_workspaces/test0_transitive_apply_parallel/dataset/GRScenes_assets/bottle/e1770a44a30659a57584180a8e173a8f/usd/e1770a44a30659a57584180a8e173a8f.usd
bottle,e1f5bb665b77bef97c2e32fe57737c74,ok,0.392563,0.392578,512,ok;ok;ok;ok,/cpfs/user/zhuzihou/assets/dedup_workspaces/test0_transitive_apply_parallel/dataset/GRScenes_assets/bottle/e1f5bb665b77bef97c2e32fe57737c74,/cpfs/user/zhuzihou/assets/dedup_workspaces/test0_transitive_apply_parallel/dataset/GRScenes_assets/bottle/e1f5bb665b77bef97c2e32fe57737c74/usd/e1f5bb665b77bef97c2e32fe57737c74.usd
bottle,e239759931145a4ddcc2eecd874327bc,blank,0.000000,0.000000,0,blank;blank;blank;blank,/cpfs/user/zhuzihou/assets/dedup_workspaces/test0_transitive_apply_parallel/dataset/GRScenes_assets/bottle/e239759931145a4ddcc2eecd874327bc,/cpfs/user/zhuzihou/assets/dedup_workspaces/test0_transitive_apply_parallel/dataset/GRScenes_assets/bottle/e239759931145a4ddcc2eecd874327bc/usd/e239759931145a4ddcc2eecd874327bc.usd
bottle,e277e5886369658e44d8ce9145511800,suspicious,0.002026,0.002056,77,tiny;blank;blank;blank,/cpfs/user/zhuzihou/assets/dedup_workspaces/test0_transitive_apply_parallel/dataset/GRScenes_assets/bottle/e277e5886369658e44d8ce9145511800,/cpfs/user/zhuzihou/assets/dedup_workspaces/test0_transitive_apply_parallel/dataset/GRScenes_assets/bottle/e277e5886369658e44d8ce9145511800/usd/e277e5886369658e44d8ce9145511800.usd
bottle,e299628dcb3aaf61476d683e14240ed9,blank,0.000000,0.000000,0,blank;blank;blank;blank,/cpfs/user/zhuzihou/assets/dedup_workspaces/test0_transitive_apply_parallel/dataset/GRScenes_assets/bottle/e299628dcb3aaf61476d683e14240ed9,/cpfs/user/zhuzihou/assets/dedup_workspaces/test0_transitive_apply_parallel/dataset/GRScenes_assets/bottle/e299628dcb3aaf61476d683e14240ed9/usd/e299628dcb3aaf61476d683e14240ed9.usd
bottle,e2d98dded6c731e7de40453ecad6e71d,blank,0.000000,0.000000,0,blank;blank;blank;blank,/cpfs/user/zhuzihou/assets/dedup_workspaces/test0_transitive_apply_parallel/dataset/GRScenes_assets/bottle/e2d98dded6c731e7de40453ecad6e71d,/cpfs/user/zhuzihou/assets/dedup_workspaces/test0_transitive_apply_parallel/dataset/GRScenes_assets/bottle/e2d98dded6c731e7de40453ecad6e71d/usd/e2d98dded6c731e7de40453ecad6e71d.usd
bottle,e321f3afcd30c15558ba6c6dfbbc04b3,blank,0.000000,0.000000,0,blank;blank;blank;blank,/cpfs/user/zhuzihou/assets/dedup_workspaces/test0_transitive_apply_parallel/dataset/GRScenes_assets/bottle/e321f3afcd30c15558ba6c6dfbbc04b3,/cpfs/user/zhuzihou/assets/dedup_workspaces/test0_transitive_apply_parallel/dataset/GRScenes_assets/bottle/e321f3afcd30c15558ba6c6dfbbc04b3/usd/e321f3afcd30c15558ba6c6dfbbc04b3.usd
bottle,e3e4ee35b16c6d328d82bdcd8fae4e0a,blank,0.000000,0.000000,0,blank;blank;blank;blank,/cpfs/user/zhuzihou/assets/dedup_workspaces/test0_transitive_apply_parallel/dataset/GRScenes_assets/bottle/e3e4ee35b16c6d328d82bdcd8fae4e0a,/cpfs/user/zhuzihou/assets/dedup_workspaces/test0_transitive_apply_parallel/dataset/GRScenes_assets/bottle/e3e4ee35b16c6d328d82bdcd8fae4e0a/usd/e3e4ee35b16c6d328d82bdcd8fae4e0a.usd
bottle,e43c96e7cd6eb98ba591f9691b953f69,blank,0.000000,0.000000,0,blank;blank;blank;blank,/cpfs/user/zhuzihou/assets/dedup_workspaces/test0_transitive_apply_parallel/dataset/GRScenes_assets/bottle/e43c96e7cd6eb98ba591f9691b953f69,/cpfs/user/zhuzihou/assets/dedup_workspaces/test0_transitive_apply_parallel/dataset/GRScenes_assets/bottle/e43c96e7cd6eb98ba591f9691b953f69/usd/e43c96e7cd6eb98ba591f9691b953f69.usd
bottle,e55e03acba65a6a4b1de82c867460c51,ok,0.285862,0.362549,443,ok;ok;ok;ok,/cpfs/user/zhuzihou/assets/dedup_workspaces/test0_transitive_apply_parallel/dataset/GRScenes_assets/bottle/e55e03acba65a6a4b1de82c867460c51,/cpfs/user/zhuzihou/assets/dedup_workspaces/test0_transitive_apply_parallel/dataset/GRScenes_assets/bottle/e55e03acba65a6a4b1de82c867460c51/usd/e55e03acba65a6a4b1de82c867460c51.usd
bottle,e5a0bb8df520835a3ff940ce7cc06f55,ok,0.432835,0.603554,512,ok;ok;ok;ok,/cpfs/user/zhuzihou/assets/dedup_workspaces/test0_transitive_apply_parallel/dataset/GRScenes_assets/bottle/e5a0bb8df520835a3ff940ce7cc06f55,/cpfs/user/zhuzihou/assets/dedup_workspaces/test0_transitive_apply_parallel/dataset/GRScenes_assets/bottle/e5a0bb8df520835a3ff940ce7cc06f55/usd/e5a0bb8df520835a3ff940ce7cc06f55.usd
bottle,e5d2e9c0245d89f205e920580dcaa521,ok,0.287766,0.393600,335,ok;ok;ok;ok,/cpfs/user/zhuzihou/assets/dedup_workspaces/test0_transitive_apply_parallel/dataset/GRScenes_assets/bottle/e5d2e9c0245d89f205e920580dcaa521,/cpfs/user/zhuzihou/assets/dedup_workspaces/test0_transitive_apply_parallel/dataset/GRScenes_assets/bottle/e5d2e9c0245d89f205e920580dcaa521/usd/e5d2e9c0245d89f205e920580dcaa521.usd
bottle,e65cc65df7d7534c6095f1900404006d,ok,0.421200,0.468750,512,ok;ok;ok;ok,/cpfs/user/zhuzihou/assets/dedup_workspaces/test0_transitive_apply_parallel/dataset/GRScenes_assets/bottle/e65cc65df7d7534c6095f1900404006d,/cpfs/user/zhuzihou/assets/dedup_workspaces/test0_transitive_apply_parallel/dataset/GRScenes_assets/bottle/e65cc65df7d7534c6095f1900404006d/usd/e65cc65df7d7534c6095f1900404006d.usd
bottle,e6d1ed51920234065b177e93209d9515,blank,0.000000,0.000000,0,blank;blank;blank;blank,/cpfs/user/zhuzihou/assets/dedup_workspaces/test0_transitive_apply_parallel/dataset/GRScenes_assets/bottle/e6d1ed51920234065b177e93209d9515,/cpfs/user/zhuzihou/assets/dedup_workspaces/test0_transitive_apply_parallel/dataset/GRScenes_assets/bottle/e6d1ed51920234065b177e93209d9515/usd/e6d1ed51920234065b177e93209d9515.usd
bottle,e710c0ceb48df47a45de627fbd17e4d6,ok,0.251831,0.403175,462,ok;ok;ok;ok,/cpfs/user/zhuzihou/assets/dedup_workspaces/test0_transitive_apply_parallel/dataset/GRScenes_assets/bottle/e710c0ceb48df47a45de627fbd17e4d6,/cpfs/user/zhuzihou/assets/dedup_workspaces/test0_transitive_apply_parallel/dataset/GRScenes_assets/bottle/e710c0ceb48df47a45de627fbd17e4d6/usd/e710c0ceb48df47a45de627fbd17e4d6.usd
bottle,e736af92dde964da6195e1501bc990d6,blank,0.000000,0.000000,0,blank;blank;blank;blank,/cpfs/user/zhuzihou/assets/dedup_workspaces/test0_transitive_apply_parallel/dataset/GRScenes_assets/bottle/e736af92dde964da6195e1501bc990d6,/cpfs/user/zhuzihou/assets/dedup_workspaces/test0_transitive_apply_parallel/dataset/GRScenes_assets/bottle/e736af92dde964da6195e1501bc990d6/usd/e736af92dde964da6195e1501bc990d6.usd
bottle,e889a54b7e64556961b6c978ce61d1c3,ok,0.371567,0.606678,443,ok;ok;ok;ok,/cpfs/user/zhuzihou/assets/dedup_workspaces/test0_transitive_apply_parallel/dataset/GRScenes_assets/bottle/e889a54b7e64556961b6c978ce61d1c3,/cpfs/user/zhuzihou/assets/dedup_workspaces/test0_transitive_apply_parallel/dataset/GRScenes_assets/bottle/e889a54b7e64556961b6c978ce61d1c3/usd/e889a54b7e64556961b6c978ce61d1c3.usd
bottle,e89a2a217e997a8bd7a7980a5772d5c9,blank,0.000000,0.000000,0,blank;blank;blank;blank,/cpfs/user/zhuzihou/assets/dedup_workspaces/test0_transitive_apply_parallel/dataset/GRScenes_assets/bottle/e89a2a217e997a8bd7a7980a5772d5c9,/cpfs/user/zhuzihou/assets/dedup_workspaces/test0_transitive_apply_parallel/dataset/GRScenes_assets/bottle/e89a2a217e997a8bd7a7980a5772d5c9/usd/e89a2a217e997a8bd7a7980a5772d5c9.usd
bottle,e903b243d6d67fb2cf4d3da9a9e159ec,blank,0.000000,0.000000,0,blank;blank;blank;blank,/cpfs/user/zhuzihou/assets/dedup_workspaces/test0_transitive_apply_parallel/dataset/GRScenes_assets/bottle/e903b243d6d67fb2cf4d3da9a9e159ec,/cpfs/user/zhuzihou/assets/dedup_workspaces/test0_transitive_apply_parallel/dataset/GRScenes_assets/bottle/e903b243d6d67fb2cf4d3da9a9e159ec/usd/e903b243d6d67fb2cf4d3da9a9e159ec.usd
bottle,e9201e219d1075a33da904dc9ca66963,blank,0.000000,0.000000,0,blank;blank;blank;blank,/cpfs/user/zhuzihou/assets/dedup_workspaces/test0_transitive_apply_parallel/dataset/GRScenes_assets/bottle/e9201e219d1075a33da904dc9ca66963,/cpfs/user/zhuzihou/assets/dedup_workspaces/test0_transitive_apply_parallel/dataset/GRScenes_assets/bottle/e9201e219d1075a33da904dc9ca66963/usd/e9201e219d1075a33da904dc9ca66963.usd
bottle,e99bd408265b9d8a8a7c112cfac1c1db,blank,0.000000,0.000000,0,blank;blank;blank;blank,/cpfs/user/zhuzihou/assets/dedup_workspaces/test0_transitive_apply_parallel/dataset/GRScenes_assets/bottle/e99bd408265b9d8a8a7c112cfac1c1db,/cpfs/user/zhuzihou/assets/dedup_workspaces/test0_transitive_apply_parallel/dataset/GRScenes_assets/bottle/e99bd408265b9d8a8a7c112cfac1c1db/usd/e99bd408265b9d8a8a7c112cfac1c1db.usd
bottle,e9a435c4bcbc21518461d7a43176a321,blank,0.000000,0.000000,0,blank;blank;blank;blank,/cpfs/user/zhuzihou/assets/dedup_workspaces/test0_transitive_apply_parallel/dataset/GRScenes_assets/bottle/e9a435c4bcbc21518461d7a43176a321,/cpfs/user/zhuzihou/assets/dedup_workspaces/test0_transitive_apply_parallel/dataset/GRScenes_assets/bottle/e9a435c4bcbc21518461d7a43176a321/usd/e9a435c4bcbc21518461d7a43176a321.usd
bottle,e9f17763dcaf764f5cdc3639cb6da6b0,ok,0.340179,0.435471,451,ok;ok;ok;ok,/cpfs/user/zhuzihou/assets/dedup_workspaces/test0_transitive_apply_parallel/dataset/GRScenes_assets/bottle/e9f17763dcaf764f5cdc3639cb6da6b0,/cpfs/user/zhuzihou/assets/dedup_workspaces/test0_transitive_apply_parallel/dataset/GRScenes_assets/bottle/e9f17763dcaf764f5cdc3639cb6da6b0/usd/e9f17763dcaf764f5cdc3639cb6da6b0.usd
bottle,ea283fef478caf18a6343c2b7ce63b79,ok,0.352646,0.575581,479,ok;ok;ok;ok,/cpfs/user/zhuzihou/assets/dedup_workspaces/test0_transitive_apply_parallel/dataset/GRScenes_assets/bottle/ea283fef478caf18a6343c2b7ce63b79,/cpfs/user/zhuzihou/assets/dedup_workspaces/test0_transitive_apply_parallel/dataset/GRScenes_assets/bottle/ea283fef478caf18a6343c2b7ce63b79/usd/ea283fef478caf18a6343c2b7ce63b79.usd
bottle,ead348f4bcd51a3f91e1b26284283808,blank,0.000000,0.000000,0,blank;blank;blank;blank,/cpfs/user/zhuzihou/assets/dedup_workspaces/test0_transitive_apply_parallel/dataset/GRScenes_assets/bottle/ead348f4bcd51a3f91e1b26284283808,/cpfs/user/zhuzihou/assets/dedup_workspaces/test0_transitive_apply_parallel/dataset/GRScenes_assets/bottle/ead348f4bcd51a3f91e1b26284283808/usd/ead348f4bcd51a3f91e1b26284283808.usd
bottle,eb32d76b08e12b2fc8bf12309e1c13af,ok,0.408092,0.508984,504,ok;ok;ok;ok,/cpfs/user/zhuzihou/assets/dedup_workspaces/test0_transitive_apply_parallel/dataset/GRScenes_assets/bottle/eb32d76b08e12b2fc8bf12309e1c13af,/cpfs/user/zhuzihou/assets/dedup_workspaces/test0_transitive_apply_parallel/dataset/GRScenes_assets/bottle/eb32d76b08e12b2fc8bf12309e1c13af/usd/eb32d76b08e12b2fc8bf12309e1c13af.usd
bottle,eb5761b3dfc7a869bcf8db9fd1da01c1,ok,0.216019,0.274498,512,ok;ok;ok;ok,/cpfs/user/zhuzihou/assets/dedup_workspaces/test0_transitive_apply_parallel/dataset/GRScenes_assets/bottle/eb5761b3dfc7a869bcf8db9fd1da01c1,/cpfs/user/zhuzihou/assets/dedup_workspaces/test0_transitive_apply_parallel/dataset/GRScenes_assets/bottle/eb5761b3dfc7a869bcf8db9fd1da01c1/usd/eb5761b3dfc7a869bcf8db9fd1da01c1.usd
bottle,ebc3aa2788399d6937596e91823af4f9,ok,0.605797,0.730591,504,ok;ok;ok;ok,/cpfs/user/zhuzihou/assets/dedup_workspaces/test0_transitive_apply_parallel/dataset/GRScenes_assets/bottle/ebc3aa2788399d6937596e91823af4f9,/cpfs/user/zhuzihou/assets/dedup_workspaces/test0_transitive_apply_parallel/dataset/GRScenes_assets/bottle/ebc3aa2788399d6937596e91823af4f9/usd/ebc3aa2788399d6937596e91823af4f9.usd
bottle,ebf4e7e766cc132abed4f9639305538e,blank,0.000000,0.000000,0,blank;blank;blank;blank,/cpfs/user/zhuzihou/assets/dedup_workspaces/test0_transitive_apply_parallel/dataset/GRScenes_assets/bottle/ebf4e7e766cc132abed4f9639305538e,/cpfs/user/zhuzihou/assets/dedup_workspaces/test0_transitive_apply_parallel/dataset/GRScenes_assets/bottle/ebf4e7e766cc132abed4f9639305538e/usd/ebf4e7e766cc132abed4f9639305538e.usd
bottle,ec0ba492cd0f556e77988505d6edb9a1,ok,0.503288,1.000000,512,ok;ok;ok;ok,/cpfs/user/zhuzihou/assets/dedup_workspaces/test0_transitive_apply_parallel/dataset/GRScenes_assets/bottle/ec0ba492cd0f556e77988505d6edb9a1,/cpfs/user/zhuzihou/assets/dedup_workspaces/test0_transitive_apply_parallel/dataset/GRScenes_assets/bottle/ec0ba492cd0f556e77988505d6edb9a1/usd/ec0ba492cd0f556e77988505d6edb9a1.usd
bottle,ec7ecdec0482aed17337dadd9a647a45,blank,0.000000,0.000000,0,blank;blank;blank;blank,/cpfs/user/zhuzihou/assets/dedup_workspaces/test0_transitive_apply_parallel/dataset/GRScenes_assets/bottle/ec7ecdec0482aed17337dadd9a647a45,/cpfs/user/zhuzihou/assets/dedup_workspaces/test0_transitive_apply_parallel/dataset/GRScenes_assets/bottle/ec7ecdec0482aed17337dadd9a647a45/usd/ec7ecdec0482aed17337dadd9a647a45.usd
bottle,ec8e9425f55616bcb0bdaee0efd6a2b9,blank,0.000805,0.001282,21,blank;blank;blank;blank,/cpfs/user/zhuzihou/assets/dedup_workspaces/test0_transitive_apply_parallel/dataset/GRScenes_assets/bottle/ec8e9425f55616bcb0bdaee0efd6a2b9,/cpfs/user/zhuzihou/assets/dedup_workspaces/test0_transitive_apply_parallel/dataset/GRScenes_assets/bottle/ec8e9425f55616bcb0bdaee0efd6a2b9/usd/ec8e9425f55616bcb0bdaee0efd6a2b9.usd
bottle,ed3c3839b43a96c1975bcb51a72e65e6,blank,0.000000,0.000000,0,blank;blank;blank;blank,/cpfs/user/zhuzihou/assets/dedup_workspaces/test0_transitive_apply_parallel/dataset/GRScenes_assets/bottle/ed3c3839b43a96c1975bcb51a72e65e6,/cpfs/user/zhuzihou/assets/dedup_workspaces/test0_transitive_apply_parallel/dataset/GRScenes_assets/bottle/ed3c3839b43a96c1975bcb51a72e65e6/usd/ed3c3839b43a96c1975bcb51a72e65e6.usd
bottle,ed712daa33f31b661115a627855bef43,blank,0.000000,0.000000,0,blank;blank;blank;blank,/cpfs/user/zhuzihou/assets/dedup_workspaces/test0_transitive_apply_parallel/dataset/GRScenes_assets/bottle/ed712daa33f31b661115a627855bef43,/cpfs/user/zhuzihou/assets/dedup_workspaces/test0_transitive_apply_parallel/dataset/GRScenes_assets/bottle/ed712daa33f31b661115a627855bef43/usd/ed712daa33f31b661115a627855bef43.usd
bottle,ee23cc99515238c65eb5ea1193012e45,ok,0.321079,0.326172,512,ok;ok;ok;ok,/cpfs/user/zhuzihou/assets/dedup_workspaces/test0_transitive_apply_parallel/dataset/GRScenes_assets/bottle/ee23cc99515238c65eb5ea1193012e45,/cpfs/user/zhuzihou/assets/dedup_workspaces/test0_transitive_apply_parallel/dataset/GRScenes_assets/bottle/ee23cc99515238c65eb5ea1193012e45/usd/ee23cc99515238c65eb5ea1193012e45.usd
bottle,ef71215ed8e5248ce79eef46011851bf,suspicious,0.094463,0.097813,231,blank;tiny;ok;tiny,/cpfs/user/zhuzihou/assets/dedup_workspaces/test0_transitive_apply_parallel/dataset/GRScenes_assets/bottle/ef71215ed8e5248ce79eef46011851bf,/cpfs/user/zhuzihou/assets/dedup_workspaces/test0_transitive_apply_parallel/dataset/GRScenes_assets/bottle/ef71215ed8e5248ce79eef46011851bf/usd/ef71215ed8e5248ce79eef46011851bf.usd
bottle,f07a8f617a825d4c45b0fa367633c38f,ok,0.351562,0.370148,512,ok;ok;ok;ok,/cpfs/user/zhuzihou/assets/dedup_workspaces/test0_transitive_apply_parallel/dataset/GRScenes_assets/bottle/f07a8f617a825d4c45b0fa367633c38f,/cpfs/user/zhuzihou/assets/dedup_workspaces/test0_transitive_apply_parallel/dataset/GRScenes_assets/bottle/f07a8f617a825d4c45b0fa367633c38f/usd/f07a8f617a825d4c45b0fa367633c38f.usd
bottle,f16797f459ae033ce0fa7eff23c7b995,blank,0.000000,0.000000,0,blank;blank;blank;blank,/cpfs/user/zhuzihou/assets/dedup_workspaces/test0_transitive_apply_parallel/dataset/GRScenes_assets/bottle/f16797f459ae033ce0fa7eff23c7b995,/cpfs/user/zhuzihou/assets/dedup_workspaces/test0_transitive_apply_parallel/dataset/GRScenes_assets/bottle/f16797f459ae033ce0fa7eff23c7b995/usd/f16797f459ae033ce0fa7eff23c7b995.usd
bottle,f16c6d46d8ed014d4e425b5913ceeb1e,ok,0.227737,0.324528,462,ok;ok;ok;ok,/cpfs/user/zhuzihou/assets/dedup_workspaces/test0_transitive_apply_parallel/dataset/GRScenes_assets/bottle/f16c6d46d8ed014d4e425b5913ceeb1e,/cpfs/user/zhuzihou/assets/dedup_workspaces/test0_transitive_apply_parallel/dataset/GRScenes_assets/bottle/f16c6d46d8ed014d4e425b5913ceeb1e/usd/f16c6d46d8ed014d4e425b5913ceeb1e.usd
bottle,f27134d3c81c82df2d0ec7dfd6379e25,ok,0.040596,0.152046,219,ok;ok;ok;ok,/cpfs/user/zhuzihou/assets/dedup_workspaces/test0_transitive_apply_parallel/dataset/GRScenes_assets/bottle/f27134d3c81c82df2d0ec7dfd6379e25,/cpfs/user/zhuzihou/assets/dedup_workspaces/test0_transitive_apply_parallel/dataset/GRScenes_assets/bottle/f27134d3c81c82df2d0ec7dfd6379e25/usd/f27134d3c81c82df2d0ec7dfd6379e25.usd
bottle,f31ff429bde3ae20855c5072515821ae,ok,0.119602,0.132431,331,ok;ok;ok;ok,/cpfs/user/zhuzihou/assets/dedup_workspaces/test0_transitive_apply_parallel/dataset/GRScenes_assets/bottle/f31ff429bde3ae20855c5072515821ae,/cpfs/user/zhuzihou/assets/dedup_workspaces/test0_transitive_apply_parallel/dataset/GRScenes_assets/bottle/f31ff429bde3ae20855c5072515821ae/usd/f31ff429bde3ae20855c5072515821ae.usd
bottle,f32b18de0c4eb49b3279e0872b5f26ac,ok,0.219223,0.315304,482,ok;ok;ok;ok,/cpfs/user/zhuzihou/assets/dedup_workspaces/test0_transitive_apply_parallel/dataset/GRScenes_assets/bottle/f32b18de0c4eb49b3279e0872b5f26ac,/cpfs/user/zhuzihou/assets/dedup_workspaces/test0_transitive_apply_parallel/dataset/GRScenes_assets/bottle/f32b18de0c4eb49b3279e0872b5f26ac/usd/f32b18de0c4eb49b3279e0872b5f26ac.usd
bottle,f3e1253ef297c9d03bc15c7308fc3e43,blank,0.000000,0.000000,0,blank;blank;blank;blank,/cpfs/user/zhuzihou/assets/dedup_workspaces/test0_transitive_apply_parallel/dataset/GRScenes_assets/bottle/f3e1253ef297c9d03bc15c7308fc3e43,/cpfs/user/zhuzihou/assets/dedup_workspaces/test0_transitive_apply_parallel/dataset/GRScenes_assets/bottle/f3e1253ef297c9d03bc15c7308fc3e43/usd/f3e1253ef297c9d03bc15c7308fc3e43.usd
bottle,f551b2f7e9c46e0707b1e619c70dddb4,ok,0.293659,0.364418,410,ok;ok;ok;ok,/cpfs/user/zhuzihou/assets/dedup_workspaces/test0_transitive_apply_parallel/dataset/GRScenes_assets/bottle/f551b2f7e9c46e0707b1e619c70dddb4,/cpfs/user/zhuzihou/assets/dedup_workspaces/test0_transitive_apply_parallel/dataset/GRScenes_assets/bottle/f551b2f7e9c46e0707b1e619c70dddb4/usd/f551b2f7e9c46e0707b1e619c70dddb4.usd
bottle,f56013b96d2fe8322bcb47ef7f2c2208,suspicious,0.036438,0.056442,137,blank;ok;ok;blank,/cpfs/user/zhuzihou/assets/dedup_workspaces/test0_transitive_apply_parallel/dataset/GRScenes_assets/bottle/f56013b96d2fe8322bcb47ef7f2c2208,/cpfs/user/zhuzihou/assets/dedup_workspaces/test0_transitive_apply_parallel/dataset/GRScenes_assets/bottle/f56013b96d2fe8322bcb47ef7f2c2208/usd/f56013b96d2fe8322bcb47ef7f2c2208.usd
bottle,f5b2c91ba3be70433e6458df7b1fe513,blank,0.000000,0.000000,0,blank;blank;blank;blank,/cpfs/user/zhuzihou/assets/dedup_workspaces/test0_transitive_apply_parallel/dataset/GRScenes_assets/bottle/f5b2c91ba3be70433e6458df7b1fe513,/cpfs/user/zhuzihou/assets/dedup_workspaces/test0_transitive_apply_parallel/dataset/GRScenes_assets/bottle/f5b2c91ba3be70433e6458df7b1fe513/usd/f5b2c91ba3be70433e6458df7b1fe513.usd
bottle,f5b4c7a9efbe87ed7f4c08dab82fa992,blank,0.000000,0.000000,0,blank;blank;blank;blank,/cpfs/user/zhuzihou/assets/dedup_workspaces/test0_transitive_apply_parallel/dataset/GRScenes_assets/bottle/f5b4c7a9efbe87ed7f4c08dab82fa992,/cpfs/user/zhuzihou/assets/dedup_workspaces/test0_transitive_apply_parallel/dataset/GRScenes_assets/bottle/f5b4c7a9efbe87ed7f4c08dab82fa992/usd/f5b4c7a9efbe87ed7f4c08dab82fa992.usd
bottle,f6ce756d51afc11a19aba92359300cf0,suspicious,0.026756,0.033379,175,ok;blank;blank;blank,/cpfs/user/zhuzihou/assets/dedup_workspaces/test0_transitive_apply_parallel/dataset/GRScenes_assets/bottle/f6ce756d51afc11a19aba92359300cf0,/cpfs/user/zhuzihou/assets/dedup_workspaces/test0_transitive_apply_parallel/dataset/GRScenes_assets/bottle/f6ce756d51afc11a19aba92359300cf0/usd/f6ce756d51afc11a19aba92359300cf0.usd
bottle,f908f470ca25944b9da7ae75e43a8c7c,suspicious,0.041233,0.052551,164,blank;blank;ok;ok,/cpfs/user/zhuzihou/assets/dedup_workspaces/test0_transitive_apply_parallel/dataset/GRScenes_assets/bottle/f908f470ca25944b9da7ae75e43a8c7c,/cpfs/user/zhuzihou/assets/dedup_workspaces/test0_transitive_apply_parallel/dataset/GRScenes_assets/bottle/f908f470ca25944b9da7ae75e43a8c7c/usd/f908f470ca25944b9da7ae75e43a8c7c.usd
bottle,f9996c45c70e945ebfdb4c96be57aa55,suspicious,0.035374,0.043774,135,blank;blank;ok;ok,/cpfs/user/zhuzihou/assets/dedup_workspaces/test0_transitive_apply_parallel/dataset/GRScenes_assets/bottle/f9996c45c70e945ebfdb4c96be57aa55,/cpfs/user/zhuzihou/assets/dedup_workspaces/test0_transitive_apply_parallel/dataset/GRScenes_assets/bottle/f9996c45c70e945ebfdb4c96be57aa55/usd/f9996c45c70e945ebfdb4c96be57aa55.usd
bottle,f9ec1bf415d8e66d65aede21acea2ff0,ok,0.712181,0.791016,512,ok;ok;ok;ok,/cpfs/user/zhuzihou/assets/dedup_workspaces/test0_transitive_apply_parallel/dataset/GRScenes_assets/bottle/f9ec1bf415d8e66d65aede21acea2ff0,/cpfs/user/zhuzihou/assets/dedup_workspaces/test0_transitive_apply_parallel/dataset/GRScenes_assets/bottle/f9ec1bf415d8e66d65aede21acea2ff0/usd/f9ec1bf415d8e66d65aede21acea2ff0.usd
bottle,fcc544a492adb11cf62a77b51f9b6702,blank,0.000000,0.000000,0,blank;blank;blank;blank,/cpfs/user/zhuzihou/assets/dedup_workspaces/test0_transitive_apply_parallel/dataset/GRScenes_assets/bottle/fcc544a492adb11cf62a77b51f9b6702,/cpfs/user/zhuzihou/assets/dedup_workspaces/test0_transitive_apply_parallel/dataset/GRScenes_assets/bottle/fcc544a492adb11cf62a77b51f9b6702/usd/fcc544a492adb11cf62a77b51f9b6702.usd
bottle,fd2b8d3bfa680e2236a6083dab3201cc,blank,0.000000,0.000000,0,blank;blank;blank;blank,/cpfs/user/zhuzihou/assets/dedup_workspaces/test0_transitive_apply_parallel/dataset/GRScenes_assets/bottle/fd2b8d3bfa680e2236a6083dab3201cc,/cpfs/user/zhuzihou/assets/dedup_workspaces/test0_transitive_apply_parallel/dataset/GRScenes_assets/bottle/fd2b8d3bfa680e2236a6083dab3201cc/usd/fd2b8d3bfa680e2236a6083dab3201cc.usd
bottle,fd3c6106324c8d02ef91f5072a6eb7bc,suspicious,0.053070,0.065430,256,blank;ok;ok;ok,/cpfs/user/zhuzihou/assets/dedup_workspaces/test0_transitive_apply_parallel/dataset/GRScenes_assets/bottle/fd3c6106324c8d02ef91f5072a6eb7bc,/cpfs/user/zhuzihou/assets/dedup_workspaces/test0_transitive_apply_parallel/dataset/GRScenes_assets/bottle/fd3c6106324c8d02ef91f5072a6eb7bc/usd/fd3c6106324c8d02ef91f5072a6eb7bc.usd
bottle,fdda2680399e658668c928d69fe16781,ok,0.268776,0.332607,476,ok;ok;ok;ok,/cpfs/user/zhuzihou/assets/dedup_workspaces/test0_transitive_apply_parallel/dataset/GRScenes_assets/bottle/fdda2680399e658668c928d69fe16781,/cpfs/user/zhuzihou/assets/dedup_workspaces/test0_transitive_apply_parallel/dataset/GRScenes_assets/bottle/fdda2680399e658668c928d69fe16781/usd/fdda2680399e658668c928d69fe16781.usd
bottle,fe9848ae188f3f65c4a935dae29e7072,suspicious,0.009033,0.013245,112,blank;blank;tiny;blank,/cpfs/user/zhuzihou/assets/dedup_workspaces/test0_transitive_apply_parallel/dataset/GRScenes_assets/bottle/fe9848ae188f3f65c4a935dae29e7072,/cpfs/user/zhuzihou/assets/dedup_workspaces/test0_transitive_apply_parallel/dataset/GRScenes_assets/bottle/fe9848ae188f3f65c4a935dae29e7072/usd/fe9848ae188f3f65c4a935dae29e7072.usd
